# Isolated limited-dissolve candidate. Native UV atlas unchanged.
mtllib pz_barbecue_full_jorge.mtl
o pz_barbecue_full_jorge_|_door_handle
usemtl metal
v 0.0700000 -0.2483432 0.5643432
vt 0.061961859 0.769056439
vn 1.0000000 0.0000000 0.0000000
v 0.0700000 -0.2596569 0.5643432
vt 0.061961859 0.764682651
vn 1.0000000 0.0000000 0.0000000
v 0.0700000 -0.2540000 0.5620000
vt 0.062690824 0.766869545
vn 1.0000000 0.0000000 0.0000000
f 1/1/1 2/2/2 3/3/3
v 0.0700000 -0.2460000 0.5700000
vt 0.196795404 0.973639369
vn 1.0000000 0.0000000 0.0000000
v 0.0700000 -0.2596569 0.5643432
vt 0.196795404 0.968087733
vn 1.0000000 0.0000000 0.0000000
v 0.0700000 -0.2483432 0.5643432
vt 0.198231161 0.971437871
vn 1.0000000 0.0000000 0.0000000
f 4/4/4 5/5/5 6/6/6
v 0.0700000 -0.2460000 0.5700000
vt 0.966103017 0.468644023
vn 1.0000000 0.0000000 0.0000000
v 0.0700000 -0.2620000 0.5700000
vt 0.964258850 0.463111579
vn 1.0000000 0.0000000 0.0000000
v 0.0700000 -0.2596569 0.5643432
vt 0.966564000 0.463111579
vn 1.0000000 0.0000000 0.0000000
f 7/7/7 8/8/8 9/9/9
v 0.0700000 -0.2483432 0.5756568
vt 0.225978717 0.968792439
vn 1.0000000 0.0000000 0.0000000
v 0.0700000 -0.2620000 0.5700000
vt 0.224520788 0.973895192
vn 1.0000000 0.0000000 0.0000000
v 0.0700000 -0.2460000 0.5700000
vt 0.224520788 0.968063474
vn 1.0000000 0.0000000 0.0000000
f 10/10/10 11/11/11 12/12/12
v 0.0700000 -0.2483432 0.5756568
vt 0.973166227 0.093307368
vn 1.0000000 0.0000000 0.0000000
v 0.0700000 -0.2596568 0.5756568
vt 0.973166227 0.088933587
vn 1.0000000 0.0000000 0.0000000
v 0.0700000 -0.2620000 0.5700000
vt 0.975353122 0.088204622
vn 1.0000000 0.0000000 0.0000000
f 13/13/13 14/14/14 15/15/15
v 0.0700000 -0.2540000 0.5780000
vt 0.063419856 0.782906771
vn 1.0000000 0.0000000 0.0000000
v 0.0700000 -0.2596568 0.5756568
vt 0.062690891 0.785093665
vn 1.0000000 0.0000000 0.0000000
v 0.0700000 -0.2483432 0.5756568
vt 0.062690891 0.781448841
vn 1.0000000 0.0000000 0.0000000
f 16/16/16 17/17/17 18/18/18
v -0.0700000 -0.2596569 0.5643432
vt 0.062690824 0.797486007
vn -1.0000000 0.0000000 0.0000000
v -0.0700000 -0.2483432 0.5643432
vt 0.062690824 0.801130831
vn -1.0000000 0.0000000 0.0000000
v -0.0700000 -0.2540000 0.5620000
vt 0.063419789 0.798943937
vn -1.0000000 0.0000000 0.0000000
f 19/19/19 20/20/20 21/21/21
v -0.0700000 -0.2620000 0.5700000
vt 0.145777866 0.973735094
vn -1.0000000 0.0000000 0.0000000
v -0.0700000 -0.2483432 0.5643432
vt 0.145777866 0.968183458
vn -1.0000000 0.0000000 0.0000000
v -0.0700000 -0.2596569 0.5643432
vt 0.144054949 0.972203612
vn -1.0000000 0.0000000 0.0000000
f 22/22/22 23/23/23 24/24/24
v -0.0700000 -0.2620000 0.5700000
vt 0.868824303 0.968869150
vn -1.0000000 0.0000000 0.0000000
v -0.0700000 -0.2460000 0.5700000
vt 0.870668411 0.963336706
vn -1.0000000 0.0000000 0.0000000
v -0.0700000 -0.2483432 0.5643432
vt 0.868363261 0.963336706
vn -1.0000000 0.0000000 0.0000000
f 25/25/25 26/26/26 27/27/27
v -0.0700000 -0.2596568 0.5756568
vt 0.160393238 0.973443091
vn -1.0000000 0.0000000 0.0000000
v -0.0700000 -0.2460000 0.5700000
vt 0.160393238 0.968553066
vn -1.0000000 0.0000000 0.0000000
v -0.0700000 -0.2620000 0.5700000
vt 0.157785222 0.973769128
vn -1.0000000 0.0000000 0.0000000
f 28/28/28 29/29/29 30/30/30
v -0.0700000 -0.2596568 0.5756568
vt 0.375745177 0.972787976
vn -1.0000000 0.0000000 0.0000000
v -0.0700000 -0.2483432 0.5756568
vt 0.377128303 0.976937294
vn -1.0000000 0.0000000 0.0000000
v -0.0700000 -0.2460000 0.5700000
vt 0.379433483 0.976937294
vn -1.0000000 0.0000000 0.0000000
f 31/31/31 32/32/32 33/33/33
v -0.0700000 -0.2540000 0.5780000
vt 0.062690891 0.814252198
vn -1.0000000 0.0000000 0.0000000
v -0.0700000 -0.2483432 0.5756568
vt 0.061961930 0.812065303
vn -1.0000000 0.0000000 0.0000000
v -0.0700000 -0.2596568 0.5756568
vt 0.061961930 0.815710127
vn -1.0000000 0.0000000 0.0000000
f 34/34/34 35/35/35 36/36/36
v -0.0700000 -0.2460000 0.5700000
vt 0.518999457 0.979496241
vn 0.0000000 0.9238751 0.3826944
v -0.0700000 -0.2483432 0.5756568
vt 0.522774160 0.979496241
vn 0.0000000 0.9238751 0.3826944
v 0.0700000 -0.2483432 0.5756568
vt 0.522774160 0.949298322
vn 0.0000000 0.9238751 0.3826944
f 37/37/37 38/38/38 39/39/39
v -0.0700000 -0.2460000 0.5700000
vt 0.518999457 0.979496241
vn 0.0000000 0.9238751 0.3826944
v 0.0700000 -0.2483432 0.5756568
vt 0.522774160 0.949298322
vn 0.0000000 0.9238751 0.3826944
v 0.0700000 -0.2460000 0.5700000
vt 0.518999457 0.949298322
vn 0.0000000 0.9238751 0.3826944
f 40/40/40 41/41/41 42/42/42
v -0.0700000 -0.2620000 0.5700000
vt 0.503900886 0.979496241
vn 0.0000000 -0.9238811 -0.3826798
v -0.0700000 -0.2596569 0.5643432
vt 0.507675529 0.979496241
vn 0.0000000 -0.9238811 -0.3826798
v 0.0700000 -0.2596569 0.5643432
vt 0.507675529 0.949298322
vn 0.0000000 -0.9238811 -0.3826798
f 43/43/43 44/44/44 45/45/45
v -0.0700000 -0.2620000 0.5700000
vt 0.503900886 0.979496241
vn 0.0000000 -0.9238811 -0.3826798
v 0.0700000 -0.2596569 0.5643432
vt 0.507675529 0.949298322
vn 0.0000000 -0.9238811 -0.3826798
v 0.0700000 -0.2620000 0.5700000
vt 0.503900886 0.949298322
vn 0.0000000 -0.9238811 -0.3826798
f 46/46/46 47/47/47 48/48/48
v -0.0700000 -0.2596569 0.5643432
vt 0.507675529 0.979496241
vn 0.0000000 -0.3826937 -0.9238753
v -0.0700000 -0.2540000 0.5620000
vt 0.511450171 0.979496241
vn 0.0000000 -0.3826937 -0.9238753
v 0.0700000 -0.2540000 0.5620000
vt 0.511450171 0.949298322
vn 0.0000000 -0.3826937 -0.9238753
f 49/49/49 50/50/50 51/51/51
v -0.0700000 -0.2596569 0.5643432
vt 0.507675529 0.979496241
vn 0.0000000 -0.3826937 -0.9238753
v 0.0700000 -0.2540000 0.5620000
vt 0.511450171 0.949298322
vn 0.0000000 -0.3826937 -0.9238753
v 0.0700000 -0.2596569 0.5643432
vt 0.507675529 0.949298322
vn 0.0000000 -0.3826937 -0.9238753
f 52/52/52 53/53/53 54/54/54
v -0.0700000 -0.2483432 0.5643432
vt 0.515224814 0.979496241
vn 0.0000000 0.9238751 -0.3826944
v -0.0700000 -0.2460000 0.5700000
vt 0.518999457 0.979496241
vn 0.0000000 0.9238751 -0.3826944
v 0.0700000 -0.2460000 0.5700000
vt 0.518999457 0.949298322
vn 0.0000000 0.9238751 -0.3826944
f 55/55/55 56/56/56 57/57/57
v -0.0700000 -0.2483432 0.5643432
vt 0.515224814 0.979496241
vn 0.0000000 0.9238751 -0.3826944
v 0.0700000 -0.2460000 0.5700000
vt 0.518999457 0.949298322
vn 0.0000000 0.9238751 -0.3826944
v 0.0700000 -0.2483432 0.5643432
vt 0.515224814 0.949298322
vn 0.0000000 0.9238751 -0.3826944
f 58/58/58 59/59/59 60/60/60
v -0.0700000 -0.2483432 0.5756568
vt 0.492576927 0.979496241
vn 0.0000000 0.3826988 0.9238732
v -0.0700000 -0.2540000 0.5780000
vt 0.496351570 0.979496241
vn 0.0000000 0.3826988 0.9238732
v 0.0700000 -0.2540000 0.5780000
vt 0.496351570 0.949298322
vn 0.0000000 0.3826988 0.9238732
f 61/61/61 62/62/62 63/63/63
v -0.0700000 -0.2483432 0.5756568
vt 0.492576927 0.979496241
vn 0.0000000 0.3826988 0.9238732
v 0.0700000 -0.2540000 0.5780000
vt 0.496351570 0.949298322
vn 0.0000000 0.3826988 0.9238732
v 0.0700000 -0.2483432 0.5756568
vt 0.492576927 0.949298322
vn 0.0000000 0.3826988 0.9238732
f 64/64/64 65/65/65 66/66/66
v -0.0700000 -0.2596568 0.5756568
vt 0.500126243 0.979496241
vn 0.0000000 -0.9238742 0.3826964
v -0.0700000 -0.2620000 0.5700000
vt 0.503900886 0.979496241
vn 0.0000000 -0.9238742 0.3826964
v 0.0700000 -0.2620000 0.5700000
vt 0.503900886 0.949298322
vn 0.0000000 -0.9238742 0.3826964
f 67/67/67 68/68/68 69/69/69
v -0.0700000 -0.2596568 0.5756568
vt 0.500126243 0.979496241
vn 0.0000000 -0.9238742 0.3826964
v 0.0700000 -0.2620000 0.5700000
vt 0.503900886 0.949298322
vn 0.0000000 -0.9238742 0.3826964
v 0.0700000 -0.2596568 0.5756568
vt 0.500126243 0.949298322
vn 0.0000000 -0.9238742 0.3826964
f 70/70/70 71/71/71 72/72/72
v 0.0700000 -0.2540000 0.5780000
vt 0.496351570 0.949298322
vn 0.0000000 -0.3827006 0.9238725
v -0.0700000 -0.2540000 0.5780000
vt 0.496351570 0.979496241
vn 0.0000000 -0.3827006 0.9238725
v -0.0700000 -0.2596568 0.5756568
vt 0.500126243 0.979496241
vn 0.0000000 -0.3827006 0.9238725
f 73/73/73 74/74/74 75/75/75
v 0.0700000 -0.2540000 0.5780000
vt 0.496351570 0.949298322
vn 0.0000000 -0.3827006 0.9238725
v -0.0700000 -0.2596568 0.5756568
vt 0.500126243 0.979496241
vn 0.0000000 -0.3827006 0.9238725
v 0.0700000 -0.2596568 0.5756568
vt 0.500126243 0.949298322
vn 0.0000000 -0.3827006 0.9238725
f 76/76/76 77/77/77 78/78/78
v -0.0700000 -0.2540000 0.5620000
vt 0.511450171 0.979496241
vn 0.0000000 0.3826988 -0.9238732
v -0.0700000 -0.2483432 0.5643432
vt 0.515224814 0.979496241
vn 0.0000000 0.3826988 -0.9238732
v 0.0700000 -0.2483432 0.5643432
vt 0.515224814 0.949298322
vn 0.0000000 0.3826988 -0.9238732
f 79/79/79 80/80/80 81/81/81
v -0.0700000 -0.2540000 0.5620000
vt 0.511450171 0.979496241
vn 0.0000000 0.3826988 -0.9238732
v 0.0700000 -0.2483432 0.5643432
vt 0.515224814 0.949298322
vn 0.0000000 0.3826988 -0.9238732
v 0.0700000 -0.2540000 0.5620000
vt 0.511450171 0.949298322
vn 0.0000000 0.3826988 -0.9238732
f 82/82/82 83/83/83 84/84/84
o pz_barbecue_full_jorge_|_EDITABLE_bent_side_table_support
usemtl metal
v -0.4663640 0.1763640 0.7400000
vt 0.973530710 0.589731395
vn 0.0000000 0.0000000 1.0000000
v -0.4536361 0.1763640 0.7400000
vt 0.973530710 0.584993124
vn 0.0000000 0.0000000 1.0000000
v -0.4600000 0.1790000 0.7400000
vt 0.974624157 0.587544501
vn 0.0000000 0.0000000 1.0000000
f 85/85/85 86/86/86 87/87/87
v -0.4690000 0.1700000 0.7400000
vt 0.103533961 0.965671718
vn 0.0000000 0.0000000 1.0000000
v -0.4536361 0.1763640 0.7400000
vt 0.103533961 0.971704960
vn 0.0000000 0.0000000 1.0000000
v -0.4663640 0.1763640 0.7400000
vt 0.101530217 0.967411220
vn 0.0000000 0.0000000 1.0000000
f 88/88/88 89/89/89 90/90/90
v -0.4690000 0.1700000 0.7400000
vt 0.867831051 0.914484620
vn 0.0000000 0.0000000 1.0000000
v -0.4510000 0.1700000 0.7400000
vt 0.867831051 0.907923937
vn 0.0000000 0.0000000 1.0000000
v -0.4536361 0.1763640 0.7400000
vt 0.870382428 0.908652902
vn 0.0000000 0.0000000 1.0000000
f 91/91/91 92/92/92 93/93/93
v -0.4663640 0.1636360 0.7400000
vt 0.870397627 0.945322335
vn 0.0000000 0.0000000 1.0000000
v -0.4510000 0.1700000 0.7400000
vt 0.870397627 0.951210678
vn 0.0000000 0.0000000 1.0000000
v -0.4690000 0.1700000 0.7400000
vt 0.867961109 0.945119262
vn 0.0000000 0.0000000 1.0000000
f 94/94/94 95/95/95 96/96/96
v -0.4663640 0.1636360 0.7400000
vt 0.115905233 0.973166227
vn 0.0000000 0.0000000 1.0000000
v -0.4536361 0.1636360 0.7400000
vt 0.115905233 0.968792439
vn 0.0000000 0.0000000 1.0000000
v -0.4510000 0.1700000 0.7400000
vt 0.118092127 0.967698991
vn 0.0000000 0.0000000 1.0000000
f 97/97/97 98/98/98 99/99/99
v -0.4600000 0.1610000 0.7400000
vt 0.974624157 0.637478590
vn 0.0000000 0.0000000 1.0000000
v -0.4536361 0.1636360 0.7400000
vt 0.973530710 0.639665484
vn 0.0000000 0.0000000 1.0000000
v -0.4663640 0.1636360 0.7400000
vt 0.973530710 0.635291696
vn 0.0000000 0.0000000 1.0000000
f 100/100/100 101/101/101 102/102/102
v -0.2782967 0.1763640 0.6938682
vt 0.973895192 0.606497645
vn 0.9635206 0.0000000 0.2676346
v -0.2782967 0.1636360 0.6938682
vt 0.973895192 0.601759374
vn 0.9635206 0.0000000 0.2676346
v -0.2775912 0.1700000 0.6913283
vt 0.974988639 0.604310751
vn 0.9635206 0.0000000 0.2676346
f 103/103/103 104/104/104 105/105/105
v -0.2800000 0.1790000 0.7000000
vt 0.936884880 0.466906726
vn 0.9635170 0.0000000 0.2676473
v -0.2782967 0.1636360 0.6938682
vt 0.936884880 0.460678458
vn 0.9635170 0.0000000 0.2676473
v -0.2782967 0.1763640 0.6938682
vt 0.938548625 0.465115011
vn 0.9635170 0.0000000 0.2676473
f 106/106/106 107/107/107 108/108/108
v -0.2800000 0.1790000 0.7000000
vt 0.362201691 0.922461271
vn 0.9635170 0.0000000 0.2676473
v -0.2800000 0.1610000 0.7000000
vt 0.359572053 0.916450620
vn 0.9635170 0.0000000 0.2676473
v -0.2782967 0.1636360 0.6938682
vt 0.362201691 0.916095853
vn 0.9635170 0.0000000 0.2676473
f 109/109/109 110/110/110 111/111/111
v -0.2817033 0.1763640 0.7061318
vt 0.359467447 0.939611733
vn 0.9635177 0.0000000 0.2676448
v -0.2800000 0.1610000 0.7000000
vt 0.359658867 0.933581531
vn 0.9635177 0.0000000 0.2676448
v -0.2800000 0.1790000 0.7000000
vt 0.362243265 0.939611733
vn 0.9635177 0.0000000 0.2676448
f 112/112/112 113/113/113 114/114/114
v -0.2817033 0.1763640 0.7061318
vt 0.130119935 0.973166227
vn 0.9635177 0.0000000 0.2676449
v -0.2817033 0.1636360 0.7061318
vt 0.130119935 0.968427956
vn 0.9635177 0.0000000 0.2676449
v -0.2800000 0.1610000 0.7000000
vt 0.132306829 0.967698991
vn 0.9635177 0.0000000 0.2676449
f 115/115/115 116/116/116 117/117/117
v -0.2824088 0.1700000 0.7086716
vt 0.062690891 0.716571093
vn 0.9635173 0.0000000 0.2676462
v -0.2817033 0.1636360 0.7061318
vt 0.061961927 0.719122469
vn 0.9635173 0.0000000 0.2676462
v -0.2817033 0.1763640 0.7061318
vt 0.061961927 0.714384198
vn 0.9635173 0.0000000 0.2676462
f 118/118/118 119/119/119 120/120/120
v -0.3176235 0.1700000 0.6945540
vt 0.727446854 0.245511159
vn -0.3440944 0.3806853 0.8582994
v -0.2824088 0.1700000 0.7086716
vt 0.727446854 0.249360994
vn -0.3440944 0.3806853 0.8582994
v -0.2817033 0.1763640 0.7061318
vt 0.733220339 0.249360994
vn -0.3440944 0.3806853 0.8582994
f 121/121/121 122/122/122 123/123/123
v -0.3176235 0.1700000 0.6945540
vt 0.727446854 0.245511159
vn -0.3441305 0.3818870 0.8577508
v -0.2817033 0.1763640 0.7061318
vt 0.733220339 0.249360994
vn -0.3441305 0.3818870 0.8577508
v -0.3164749 0.1763640 0.6921814
vt 0.733220339 0.245511159
vn -0.3441305 0.3818870 0.8577508
f 124/124/124 125/125/125 126/126/126
v -0.3109286 0.1763640 0.6807255
vt 0.744767368 0.245511159
vn 0.3454707 0.3806411 -0.8577660
v -0.2782967 0.1763640 0.6938682
vt 0.744767368 0.249360994
vn 0.3454707 0.3806411 -0.8577660
v -0.2775912 0.1700000 0.6913283
vt 0.750540853 0.249360994
vn 0.3454707 0.3806411 -0.8577660
f 127/127/127 128/128/128 129/129/129
v -0.3109286 0.1763640 0.6807255
vt 0.744767368 0.245511159
vn 0.3455281 0.3819499 -0.8571609
v -0.2775912 0.1700000 0.6913283
vt 0.750540853 0.249360994
vn 0.3455281 0.3819499 -0.8571609
v -0.3097799 0.1700000 0.6783528
vt 0.750540853 0.245511159
vn 0.3455281 0.3819499 -0.8571609
f 130/130/130 131/131/131 132/132/132
v -0.3097799 0.1700000 0.6783528
vt 0.750540853 0.245511159
vn 0.3457316 -0.3806300 -0.8576657
v -0.2775912 0.1700000 0.6913283
vt 0.750540853 0.249360994
vn 0.3457316 -0.3806300 -0.8576657
v -0.2782967 0.1636360 0.6938682
vt 0.756314337 0.249360994
vn 0.3457316 -0.3806300 -0.8576657
f 133/133/133 134/134/134 135/135/135
v -0.3097799 0.1700000 0.6783528
vt 0.750540853 0.245511159
vn 0.3452748 -0.3819294 -0.8572720
v -0.2782967 0.1636360 0.6938682
vt 0.756314337 0.249360994
vn 0.3452748 -0.3819294 -0.8572720
v -0.3109286 0.1636360 0.6807254
vt 0.756314337 0.245511159
vn 0.3452748 -0.3819294 -0.8572720
f 136/136/136 137/137/137 138/138/138
v -0.3097799 0.1700000 0.6783528
vt 0.750540853 0.245511159
vn 0.4639494 -0.3817663 -0.7993782
v -0.3109286 0.1636360 0.6807254
vt 0.756314337 0.245511159
vn 0.4639494 -0.3817663 -0.7993782
v -0.3717143 0.1636360 0.6454461
vt 0.756314337 0.237814337
vn 0.4639494 -0.3817663 -0.7993782
f 139/139/139 140/140/140 141/141/141
v -0.3097799 0.1700000 0.6783528
vt 0.750540853 0.245511159
vn 0.4639082 -0.3821231 -0.7992316
v -0.3717143 0.1636360 0.6454461
vt 0.756314337 0.237814337
vn 0.4639082 -0.3821231 -0.7992316
v -0.3705280 0.1700000 0.6430920
vt 0.750540853 0.237814337
vn 0.4639082 -0.3821231 -0.7992316
f 142/142/142 143/143/143 144/144/144
v -0.4642478 0.1636360 0.6885586
vt 0.721673369 0.214719579
vn 0.9173260 -0.3779037 -0.1253074
v -0.4660727 0.1636360 0.6751991
vt 0.721673369 0.218567982
vn 0.9173260 -0.3779037 -0.1253074
v -0.4634383 0.1700000 0.6752919
vt 0.727446854 0.218567982
vn 0.9173260 -0.3779037 -0.1253074
f 145/145/145 146/146/146 147/147/147
v -0.4642478 0.1636360 0.6885586
vt 0.721673369 0.214719579
vn 0.9152745 -0.3821336 -0.1274616
v -0.4634383 0.1700000 0.6752919
vt 0.727446854 0.218567982
vn 0.9152745 -0.3821336 -0.1274616
v -0.4616622 0.1700000 0.6880457
vt 0.727446854 0.214719579
vn 0.9152745 -0.3821336 -0.1274616
f 148/148/148 149/149/149 150/150/150
v -0.3176235 0.1700000 0.6945540
vt 0.727446854 0.245511159
vn -0.4637991 0.3817572 0.7994698
v -0.3164749 0.1763640 0.6921814
vt 0.733220339 0.245511159
vn -0.4637991 0.3817572 0.7994698
v -0.3774421 0.1763640 0.6568123
vt 0.733220339 0.237814337
vn -0.4637991 0.3817572 0.7994698
f 151/151/151 152/152/152 153/153/153
v -0.3176235 0.1700000 0.6945540
vt 0.727446854 0.245511159
vn -0.4636951 0.3821055 0.7993637
v -0.3774421 0.1763640 0.6568123
vt 0.733220339 0.237814337
vn -0.4636951 0.3821055 0.7993637
v -0.3786283 0.1700000 0.6591663
vt 0.727446854 0.237814337
vn -0.4636951 0.3821055 0.7993637
f 154/154/154 155/155/155 156/156/156
v -0.4642478 0.1636360 0.6885586
vt 0.721673369 0.214719579
vn 0.8943385 -0.3821095 -0.2327037
v -0.4616622 0.1700000 0.6880457
vt 0.727446854 0.214719579
vn 0.8943385 -0.3821095 -0.2327037
v -0.4530879 0.1700000 0.7209989
vt 0.727446854 0.207021326
vn 0.8943385 -0.3821095 -0.2327037
f 157/157/157 158/158/158 159/159/159
v -0.4642478 0.1636360 0.6885586
vt 0.721673369 0.214719579
vn 0.8944547 -0.3817727 -0.2328097
v -0.4530879 0.1700000 0.7209989
vt 0.727446854 0.207021326
vn 0.8944547 -0.3817727 -0.2328097
v -0.4556814 0.1636360 0.7214706
vt 0.721673369 0.207021326
vn 0.8944547 -0.3817727 -0.2328097
f 160/160/160 161/161/161 162/162/162
v -0.4530879 0.1700000 0.7209989
vt 0.727446854 0.207021326
vn 0.8943385 0.3821095 -0.2327037
v -0.4616622 0.1700000 0.6880457
vt 0.727446854 0.214719579
vn 0.8943385 0.3821095 -0.2327037
v -0.4642478 0.1763640 0.6885586
vt 0.733220339 0.214719579
vn 0.8943385 0.3821095 -0.2327037
f 163/163/163 164/164/164 165/165/165
v -0.4530879 0.1700000 0.7209989
vt 0.727446854 0.207021326
vn 0.8944547 0.3817727 -0.2328098
v -0.4642478 0.1763640 0.6885586
vt 0.733220339 0.214719579
vn 0.8944547 0.3817727 -0.2328098
v -0.4556814 0.1763640 0.7214706
vt 0.733220339 0.207021326
vn 0.8944547 0.3817727 -0.2328098
f 166/166/166 167/167/167 168/168/168
v -0.3109286 0.1763640 0.6807255
vt 0.744767368 0.245511159
vn 0.4639798 0.3817781 -0.7993549
v -0.3097799 0.1700000 0.6783528
vt 0.750540853 0.245511159
vn 0.4639798 0.3817781 -0.7993549
v -0.3705280 0.1700000 0.6430920
vt 0.750540853 0.237814337
vn 0.4639798 0.3817781 -0.7993549
f 169/169/169 170/170/170 171/171/171
v -0.3109286 0.1763640 0.6807255
vt 0.744767368 0.245511159
vn 0.4638764 0.3821239 -0.7992496
v -0.3705280 0.1700000 0.6430920
vt 0.750540853 0.237814337
vn 0.4638764 0.3821239 -0.7992496
v -0.3717143 0.1763640 0.6454461
vt 0.744767368 0.237814337
vn 0.4638764 0.3821239 -0.7992496
f 172/172/172 173/173/173 174/174/174
v -0.4707974 0.1700000 0.7242202
vt 0.750540853 0.207021326
vn -0.8942048 -0.3821168 0.2332054
v -0.4793181 0.1700000 0.6915483
vt 0.750540853 0.214719579
vn -0.8942048 -0.3821168 0.2332054
v -0.4767324 0.1636360 0.6910353
vt 0.756314337 0.214719579
vn -0.8942048 -0.3821168 0.2332054
f 175/175/175 176/176/176 177/177/177
v -0.4707974 0.1700000 0.7242202
vt 0.750540853 0.207021326
vn -0.8943658 -0.3817632 0.2331664
v -0.4767324 0.1636360 0.6910353
vt 0.756314337 0.214719579
vn -0.8943658 -0.3817632 0.2331664
v -0.4682039 0.1636360 0.7237484
vt 0.756314337 0.207021326
vn -0.8943658 -0.3817632 0.2331664
f 178/178/178 179/179/179 180/180/180
v -0.4052449 0.1700000 0.6477606
vt 0.727446854 0.233964488
vn -0.3639989 0.3820448 0.8494390
v -0.3786283 0.1700000 0.6591663
vt 0.727446854 0.237814337
vn -0.3639989 0.3820448 0.8494390
v -0.3774421 0.1763640 0.6568123
vt 0.733220339 0.237814337
vn -0.3639989 0.3820448 0.8494390
f 181/181/181 182/182/182 183/183/183
v -0.4052449 0.1700000 0.6477606
vt 0.727446854 0.233964488
vn -0.3637076 0.3780668 0.8513414
v -0.3774421 0.1763640 0.6568123
vt 0.733220339 0.237814337
vn -0.3637076 0.3780668 0.8513414
v -0.4046292 0.1763640 0.6451975
vt 0.733220339 0.233964488
vn -0.3637076 0.3780668 0.8513414
f 184/184/184 185/185/185 186/186/186
v -0.4046292 0.1636360 0.6451975
vt 0.721673369 0.233964488
vn -0.3630692 -0.3820224 0.8498469
v -0.3774421 0.1636360 0.6568123
vt 0.721673369 0.237814337
vn -0.3630692 -0.3820224 0.8498469
v -0.3786283 0.1700000 0.6591663
vt 0.727446854 0.237814337
vn -0.3630692 -0.3820224 0.8498469
f 187/187/187 188/188/188 189/189/189
v -0.4046292 0.1636360 0.6451975
vt 0.721673369 0.233964488
vn -0.3646524 -0.3780063 0.8509641
v -0.3786283 0.1700000 0.6591663
vt 0.727446854 0.237814337
vn -0.3646524 -0.3780063 0.8509641
v -0.4052449 0.1700000 0.6477606
vt 0.727446854 0.233964488
vn -0.3646524 -0.3780063 0.8509641
f 190/190/190 191/191/191 192/192/192
v -0.4600000 0.1790000 0.7400000
vt 0.738993824 0.203172907
vn 0.0000000 1.0000000 0.0000000
v -0.4619426 0.1790000 0.7226095
vt 0.738993883 0.207021326
vn 0.0000000 1.0000000 0.0000000
v -0.4704901 0.1790000 0.6897970
vt 0.738993883 0.214719579
vn 0.0000000 1.0000000 0.0000000
f 193/193/193 194/194/194 195/195/195
v -0.4704901 0.1790000 0.6897970
vt 0.738993883 0.214719579
vn -0.3839046 0.9220009 0.0503154
v -0.4724327 0.1790000 0.6749750
vt 0.738993883 0.218567982
vn -0.3839046 0.9220009 0.0503154
v -0.4787928 0.1763640 0.6747510
vt 0.744767368 0.218567982
vn -0.3839046 0.9220009 0.0503154
f 196/196/196 197/197/197 198/198/198
v -0.4787928 0.1763640 0.6747510
vt 0.744767368 0.218567982
vn 0.0000000 1.0000000 0.0000000
v -0.4767324 0.1763640 0.6910353
vt 0.744767368 0.214719579
vn 0.0000000 1.0000000 0.0000000
v -0.4682039 0.1763640 0.7237484
vt 0.744767368 0.207021326
vn 0.0000000 1.0000000 0.0000000
f 199/199/199 200/200/200 201/201/201
v -0.4682039 0.1763640 0.7237484
vt 0.744767368 0.207021326
vn -0.3823186 0.9230163 0.0432837
v -0.4663640 0.1763640 0.7400000
vt 0.744767368 0.203172907
vn -0.3823186 0.9230163 0.0432837
v -0.4600000 0.1790000 0.7400000
vt 0.738993824 0.203172907
vn -0.3823186 0.9230163 0.0432837
f 202/202/202 203/203/203 204/204/204
v -0.4600000 0.1790000 0.7400000
vt 0.738993824 0.203172907
vn -0.4529715 0.8864865 0.0946499
v -0.4704901 0.1790000 0.6897970
vt 0.738993883 0.214719579
vn -0.4529715 0.8864865 0.0946499
v -0.4787928 0.1763640 0.6747510
vt 0.744767368 0.218567982
vn -0.4529715 0.8864865 0.0946499
f 205/205/205 206/206/206 207/207/207
v -0.4787928 0.1763640 0.6747510
vt 0.744767368 0.218567982
vn -0.4871019 0.8669777 0.1052681
v -0.4682039 0.1763640 0.7237484
vt 0.744767368 0.207021326
vn -0.4871019 0.8669777 0.1052681
v -0.4600000 0.1790000 0.7400000
vt 0.738993824 0.203172907
vn -0.4871019 0.8669777 0.1052681
f 208/208/208 209/209/209 210/210/210
v -0.4016565 0.1636360 0.6328216
vt 0.756314337 0.233964488
vn 0.0000000 -1.0000000 0.0000000
v -0.3717143 0.1636360 0.6454461
vt 0.756314337 0.237814337
vn 0.0000000 -1.0000000 0.0000000
v -0.3109286 0.1636360 0.6807254
vt 0.756314337 0.245511159
vn 0.0000000 -1.0000000 0.0000000
f 211/211/211 212/212/212 213/213/213
v -0.3109286 0.1636360 0.6807254
vt 0.756314337 0.245511159
vn 0.1437352 -0.9230276 -0.3568756
v -0.2782967 0.1636360 0.6938682
vt 0.756314337 0.249360994
vn 0.1437352 -0.9230276 -0.3568756
v -0.2800000 0.1610000 0.7000000
vt 0.762087882 0.249360994
vn 0.1437352 -0.9230276 -0.3568756
f 214/214/214 215/215/215 216/216/216
v -0.2800000 0.1610000 0.7000000
vt 0.762087882 0.249360994
vn 0.0000000 -1.0000000 0.0000000
v -0.3137017 0.1610000 0.6864534
vt 0.762087882 0.245511159
vn 0.0000000 -1.0000000 0.0000000
v -0.3745782 0.1610000 0.6511292
vt 0.762087882 0.237814337
vn 0.0000000 -1.0000000 0.0000000
f 217/217/217 218/218/218 219/219/219
v -0.3745782 0.1610000 0.6511292
vt 0.762087882 0.237814337
vn 0.1512335 -0.9219976 -0.3564391
v -0.4031429 0.1610000 0.6390095
vt 0.762087882 0.233964488
vn 0.1512335 -0.9219976 -0.3564391
v -0.4016565 0.1636360 0.6328216
vt 0.756314337 0.233964488
vn 0.1512335 -0.9219976 -0.3564391
f 220/220/220 221/221/221 222/222/222
v -0.4016565 0.1636360 0.6328216
vt 0.756314337 0.233964488
vn 0.3321755 -0.7027502 -0.6291276
v -0.3109286 0.1636360 0.6807254
vt 0.756314337 0.245511159
vn 0.3321755 -0.7027502 -0.6291276
v -0.2800000 0.1610000 0.7000000
vt 0.762087882 0.249360994
vn 0.3321755 -0.7027502 -0.6291276
f 223/223/223 224/224/224 225/225/225
v -0.2800000 0.1610000 0.7000000
vt 0.762087882 0.249360994
vn 0.2600805 -0.8240274 -0.5033260
v -0.3745782 0.1610000 0.6511292
vt 0.762087882 0.237814337
vn 0.2600805 -0.8240274 -0.5033260
v -0.4016565 0.1636360 0.6328216
vt 0.756314337 0.233964488
vn 0.2600805 -0.8240274 -0.5033260
f 226/226/226 227/227/227 228/228/228
v -0.4793181 0.1700000 0.6915483
vt 0.750540853 0.214719579
vn -0.9184574 -0.3785269 0.1146885
v -0.4814272 0.1700000 0.6746582
vt 0.750540853 0.218567982
vn -0.9184574 -0.3785269 0.1146885
v -0.4787928 0.1636360 0.6747510
vt 0.756314337 0.218567982
vn -0.9184574 -0.3785269 0.1146885
f 229/229/229 230/230/230 231/231/231
v -0.4793181 0.1700000 0.6915483
vt 0.750540853 0.214719579
vn -0.9168979 -0.3818897 0.1160113
v -0.4787928 0.1636360 0.6747510
vt 0.756314337 0.218567982
vn -0.9168979 -0.3818897 0.1160113
v -0.4767324 0.1636360 0.6910353
vt 0.756314337 0.214719579
vn -0.9168979 -0.3818897 0.1160113
f 232/232/232 233/233/233 234/234/234
v -0.4767324 0.1763640 0.6910353
vt 0.744767368 0.214719579
vn -0.9183039 0.3784415 0.1161892
v -0.4787928 0.1763640 0.6747510
vt 0.744767368 0.218567982
vn -0.9183039 0.3784415 0.1161892
v -0.4814272 0.1700000 0.6746582
vt 0.750540853 0.218567982
vn -0.9183039 0.3784415 0.1161892
f 235/235/235 236/236/236 237/237/237
v -0.4767324 0.1763640 0.6910353
vt 0.744767368 0.214719579
vn -0.9171011 0.3818519 0.1145191
v -0.4814272 0.1700000 0.6746582
vt 0.750540853 0.218567982
vn -0.9171011 0.3818519 0.1145191
v -0.4793181 0.1700000 0.6915483
vt 0.750540853 0.214719579
vn -0.9171011 0.3818519 0.1145191
f 238/238/238 239/239/239 240/240/240
v -0.4682039 0.1636360 0.7237484
vt 0.756314337 0.207021326
vn 0.0000000 -1.0000000 0.0000000
v -0.4767324 0.1636360 0.6910353
vt 0.756314337 0.214719579
vn 0.0000000 -1.0000000 0.0000000
v -0.4787928 0.1636360 0.6747510
vt 0.756314337 0.218567982
vn 0.0000000 -1.0000000 0.0000000
f 241/241/241 242/242/242 243/243/243
v -0.4787928 0.1636360 0.6747510
vt 0.756314337 0.218567982
vn -0.3839046 -0.9220009 0.0503154
v -0.4724327 0.1610000 0.6749750
vt 0.762087882 0.218567982
vn -0.3839046 -0.9220009 0.0503154
v -0.4704901 0.1610000 0.6897970
vt 0.762087882 0.214719579
vn -0.3839046 -0.9220009 0.0503154
f 244/244/244 245/245/245 246/246/246
v -0.4704901 0.1610000 0.6897970
vt 0.762087882 0.214719579
vn 0.0000000 -1.0000000 0.0000000
v -0.4619426 0.1610000 0.7226095
vt 0.762087882 0.207021326
vn 0.0000000 -1.0000000 0.0000000
v -0.4600000 0.1610000 0.7400000
vt 0.762087882 0.203172907
vn 0.0000000 -1.0000000 0.0000000
f 247/247/247 248/248/248 249/249/249
v -0.4600000 0.1610000 0.7400000
vt 0.762087882 0.203172907
vn -0.3823186 -0.9230163 0.0432837
v -0.4663640 0.1636360 0.7400000
vt 0.756314337 0.203172907
vn -0.3823186 -0.9230163 0.0432837
v -0.4682039 0.1636360 0.7237484
vt 0.756314337 0.207021326
vn -0.3823186 -0.9230163 0.0432837
f 250/250/250 251/251/251 252/252/252
v -0.4682039 0.1636360 0.7237484
vt 0.756314337 0.207021326
vn -0.4603609 -0.8821394 0.0994891
v -0.4787928 0.1636360 0.6747510
vt 0.756314337 0.218567982
vn -0.4603609 -0.8821394 0.0994891
v -0.4704901 0.1610000 0.6897970
vt 0.762087882 0.214719579
vn -0.4603609 -0.8821394 0.0994891
f 253/253/253 254/254/254 255/255/255
v -0.4682039 0.1636360 0.7237484
vt 0.756314337 0.207021326
vn -0.4783302 -0.8724738 0.0999487
v -0.4704901 0.1610000 0.6897970
vt 0.762087882 0.214719579
vn -0.4783302 -0.8724738 0.0999487
v -0.4600000 0.1610000 0.7400000
vt 0.762087882 0.203172907
vn -0.4783302 -0.8724738 0.0999487
f 256/256/256 257/257/257 258/258/258
v -0.4297936 0.1700000 0.6458816
vt 0.727446854 0.230116084
vn -0.0706409 0.3785303 0.9228894
v -0.4052449 0.1700000 0.6477606
vt 0.727446854 0.233964488
vn -0.0706409 0.3785303 0.9228894
v -0.4046292 0.1763640 0.6451975
vt 0.733220339 0.233964488
vn -0.0706409 0.3785303 0.9228894
f 259/259/259 260/260/260 261/261/261
v -0.4297936 0.1700000 0.6458816
vt 0.727446854 0.230116084
vn -0.0689867 0.3722757 0.9255548
v -0.4046292 0.1763640 0.6451975
vt 0.733220339 0.233964488
vn -0.0689867 0.3722757 0.9255548
v -0.4302598 0.1763640 0.6432871
vt 0.733220339 0.230116084
vn -0.0689867 0.3722757 0.9255548
f 262/262/262 263/263/263 264/264/264
v -0.4724327 0.1610000 0.6749750
vt 0.762087882 0.218567982
vn 0.3850225 -0.9195759 0.0783440
v -0.4697131 0.1610000 0.6616094
vt 0.762087882 0.222417831
vn 0.3850225 -0.9195759 0.0783440
v -0.4639791 0.1636360 0.6643701
vt 0.767861366 0.222417831
vn 0.3850225 -0.9195759 0.0783440
f 265/265/265 266/266/266 267/267/267
v -0.4724327 0.1610000 0.6749750
vt 0.762087882 0.218567982
vn 0.3796413 -0.9222176 0.0733977
v -0.4639791 0.1636360 0.6643701
vt 0.767861366 0.222417831
vn 0.3796413 -0.9222176 0.0733977
v -0.4660727 0.1636360 0.6751991
vt 0.767861366 0.218567982
vn 0.3796413 -0.9222176 0.0733977
f 268/268/268 269/269/269 270/270/270
v -0.4302598 0.1636360 0.6432871
vt 0.721673369 0.230116084
vn -0.0688016 -0.3784256 0.9230712
v -0.4046292 0.1636360 0.6451975
vt 0.721673369 0.233964488
vn -0.0688016 -0.3784256 0.9230712
v -0.4052449 0.1700000 0.6477606
vt 0.727446854 0.233964488
vn -0.0688016 -0.3784256 0.9230712
f 271/271/271 272/272/272 273/273/273
v -0.4302598 0.1636360 0.6432871
vt 0.721673369 0.230116084
vn -0.0708393 -0.3721101 0.9254815
v -0.4052449 0.1700000 0.6477606
vt 0.727446854 0.233964488
vn -0.0708393 -0.3721101 0.9254815
v -0.4297936 0.1700000 0.6458816
vt 0.727446854 0.230116084
vn -0.0708393 -0.3721101 0.9254815
f 274/274/274 275/275/275 276/276/276
v -0.4313852 0.1610000 0.6370234
vt 0.762087882 0.230116084
vn -0.0271611 -0.9220011 0.3862333
v -0.4031429 0.1610000 0.6390095
vt 0.762087882 0.233964488
vn -0.0271611 -0.9220011 0.3862333
v -0.4046292 0.1636360 0.6451975
vt 0.767861366 0.233964488
vn -0.0271611 -0.9220011 0.3862333
f 277/277/277 278/278/278 279/279/279
v -0.4313852 0.1610000 0.6370234
vt 0.762087882 0.230116084
vn -0.0292312 -0.9194247 0.3921784
v -0.4046292 0.1636360 0.6451975
vt 0.767861366 0.233964488
vn -0.0292312 -0.9194247 0.3921784
v -0.4302598 0.1636360 0.6432871
vt 0.767861366 0.230116084
vn -0.0292312 -0.9194247 0.3921784
f 280/280/280 281/281/281 282/282/282
v -0.4325106 0.1636360 0.6307598
vt 0.756314337 0.230116084
vn 0.0258299 -0.9219161 -0.3865277
v -0.4016565 0.1636360 0.6328216
vt 0.756314337 0.233964488
vn 0.0258299 -0.9219161 -0.3865277
v -0.4031429 0.1610000 0.6390095
vt 0.762087882 0.233964488
vn 0.0258299 -0.9219161 -0.3865277
f 283/283/283 284/284/284 285/285/285
v -0.4325106 0.1636360 0.6307598
vt 0.756314337 0.230116084
vn 0.0275631 -0.9195740 -0.3919491
v -0.4031429 0.1610000 0.6390095
vt 0.762087882 0.233964488
vn 0.0275631 -0.9195740 -0.3919491
v -0.4313852 0.1610000 0.6370234
vt 0.762087882 0.230116084
vn 0.0275631 -0.9195740 -0.3919491
f 286/286/286 287/287/287 288/288/288
v -0.4329767 0.1700000 0.6281653
vt 0.750540853 0.230116084
vn 0.0605485 -0.3779552 -0.9238420
v -0.4010408 0.1700000 0.6302584
vt 0.750540853 0.233964488
vn 0.0605485 -0.3779552 -0.9238420
v -0.4016565 0.1636360 0.6328216
vt 0.756314337 0.233964488
vn 0.0605485 -0.3779552 -0.9238420
f 289/289/289 290/290/290 291/291/291
v -0.4329767 0.1700000 0.6281653
vt 0.750540853 0.230116084
vn 0.0618676 -0.3729009 -0.9258063
v -0.4016565 0.1636360 0.6328216
vt 0.756314337 0.233964488
vn 0.0618676 -0.3729009 -0.9258063
v -0.4325106 0.1636360 0.6307598
vt 0.756314337 0.230116084
vn 0.0618676 -0.3729009 -0.9258063
f 292/292/292 293/293/293 294/294/294
v -0.4313852 0.1790000 0.6370234
vt 0.738993883 0.230116084
vn 0.0271618 0.9219973 -0.3862424
v -0.4031429 0.1790000 0.6390095
vt 0.738993883 0.233964488
vn 0.0271618 0.9219973 -0.3862424
v -0.4016565 0.1763640 0.6328216
vt 0.744767368 0.233964488
vn 0.0271618 0.9219973 -0.3862424
f 295/295/295 296/296/296 297/297/297
v -0.4313852 0.1790000 0.6370234
vt 0.738993883 0.230116084
vn 0.0261791 0.9196981 -0.3917527
v -0.4016565 0.1763640 0.6328216
vt 0.744767368 0.233964488
vn 0.0261791 0.9196981 -0.3917527
v -0.4325106 0.1763640 0.6307598
vt 0.744767368 0.230116084
vn 0.0261791 0.9196981 -0.3917527
f 298/298/298 299/299/299 300/300/300
v -0.4787928 0.1636360 0.6747510
vt 0.756314337 0.218567982
vn -0.3839597 -0.9198093 -0.0807832
v -0.4754470 0.1636360 0.6588486
vt 0.756314337 0.222417831
vn -0.3839597 -0.9198093 -0.0807832
v -0.4697131 0.1610000 0.6616094
vt 0.762087882 0.222417831
vn -0.3839597 -0.9198093 -0.0807832
f 301/301/301 302/302/302 303/303/303
v -0.4787928 0.1636360 0.6747510
vt 0.756314337 0.218567982
vn -0.3794134 -0.9220006 -0.0772026
v -0.4697131 0.1610000 0.6616094
vt 0.762087882 0.222417831
vn -0.3794134 -0.9220006 -0.0772026
v -0.4724327 0.1610000 0.6749750
vt 0.762087882 0.218567982
vn -0.3794134 -0.9220006 -0.0772026
f 304/304/304 305/305/305 306/306/306
v -0.4561490 0.1763640 0.6550665
vt 0.733220339 0.226266235
vn 0.1627631 0.9195318 0.3577281
v -0.4302598 0.1763640 0.6432871
vt 0.733220339 0.230116084
vn 0.1627631 0.9195318 0.3577281
v -0.4313852 0.1790000 0.6370234
vt 0.738993883 0.230116084
vn 0.1627631 0.9195318 0.3577281
f 307/307/307 308/308/308 309/309/309
v -0.4561490 0.1763640 0.6550665
vt 0.733220339 0.226266235
vn 0.1614922 0.9203843 0.3561082
v -0.4313852 0.1790000 0.6370234
vt 0.738993883 0.230116084
vn 0.1614922 0.9203843 0.3561082
v -0.4600000 0.1790000 0.6500000
vt 0.738993883 0.226266235
vn 0.1614922 0.9203843 0.3561082
f 310/310/310 311/311/311 312/312/312
v -0.4639791 0.1763640 0.6643701
vt 0.733220339 0.222417831
vn 0.2989970 0.9204769 0.2516407
v -0.4561490 0.1763640 0.6550665
vt 0.733220339 0.226266235
vn 0.2989970 0.9204769 0.2516407
v -0.4600000 0.1790000 0.6500000
vt 0.738993883 0.226266235
vn 0.2989970 0.9204769 0.2516407
f 313/313/313 314/314/314 315/315/315
v -0.4639791 0.1763640 0.6643701
vt 0.733220339 0.222417831
vn 0.3013519 0.9195753 0.2521274
v -0.4600000 0.1790000 0.6500000
vt 0.738993883 0.226266235
vn 0.3013519 0.9195753 0.2521274
v -0.4697131 0.1790000 0.6616094
vt 0.738993883 0.222417831
vn 0.3013519 0.9195753 0.2521274
f 316/316/316 317/317/317 318/318/318
v -0.4561490 0.1636360 0.6550665
vt 0.721673369 0.226266235
vn 0.3843310 -0.3725208 0.8446999
v -0.4302598 0.1636360 0.6432871
vt 0.721673369 0.230116084
vn 0.3843310 -0.3725208 0.8446999
v -0.4297936 0.1700000 0.6458816
vt 0.727446854 0.230116084
vn 0.3843310 -0.3725208 0.8446999
f 319/319/319 320/320/320 321/321/321
v -0.4561490 0.1636360 0.6550665
vt 0.721673369 0.226266235
vn 0.3844873 -0.3745956 0.8437107
v -0.4297936 0.1700000 0.6458816
vt 0.727446854 0.230116084
vn 0.3844873 -0.3745956 0.8437107
v -0.4545539 0.1700000 0.6571651
vt 0.727446854 0.226266235
vn 0.3844873 -0.3745956 0.8437107
f 322/322/322 323/323/323 324/324/324
v -0.4545539 0.1700000 0.6571651
vt 0.727446854 0.226266235
vn 0.3848419 0.3724722 0.8444888
v -0.4297936 0.1700000 0.6458816
vt 0.727446854 0.230116084
vn 0.3848419 0.3724722 0.8444888
v -0.4302598 0.1763640 0.6432871
vt 0.733220339 0.230116084
vn 0.3848419 0.3724722 0.8444888
f 325/325/325 326/326/326 327/327/327
v -0.4545539 0.1700000 0.6571651
vt 0.727446854 0.226266235
vn 0.3839923 0.3745522 0.8439553
v -0.4302598 0.1763640 0.6432871
vt 0.733220339 0.230116084
vn 0.3839923 0.3745522 0.8439553
v -0.4561490 0.1763640 0.6550665
vt 0.733220339 0.226266235
vn 0.3839923 0.3745522 0.8439553
f 328/328/328 329/329/329 330/330/330
v -0.4697131 0.1790000 0.6616094
vt 0.738993883 0.222417831
vn -0.2998975 0.9203833 -0.2509105
v -0.4600000 0.1790000 0.6500000
vt 0.738993883 0.226266235
vn -0.2998975 0.9203833 -0.2509105
v -0.4638510 0.1763640 0.6449335
vt 0.744767368 0.226266235
vn -0.2998975 0.9203833 -0.2509105
f 331/331/331 332/332/332 333/333/333
v -0.4697131 0.1790000 0.6616094
vt 0.738993883 0.222417831
vn -0.3017176 0.9196454 -0.2514337
v -0.4638510 0.1763640 0.6449335
vt 0.744767368 0.226266235
vn -0.3017176 0.9196454 -0.2514337
v -0.4754470 0.1763640 0.6588486
vt 0.744767368 0.222417831
vn -0.3017176 0.9196454 -0.2514337
f 334/334/334 335/335/335 336/336/336
v -0.4654461 0.1700000 0.6428348
vt 0.750540853 0.226266235
vn -0.3820547 -0.3727301 -0.8456398
v -0.4329767 0.1700000 0.6281653
vt 0.750540853 0.230116084
vn -0.3820547 -0.3727301 -0.8456398
v -0.4325106 0.1636360 0.6307598
vt 0.756314337 0.230116084
vn -0.3820547 -0.3727301 -0.8456398
f 337/337/337 338/338/338 339/339/339
v -0.4654461 0.1700000 0.6428348
vt 0.750540853 0.226266235
vn -0.3820993 -0.3743992 -0.8448819
v -0.4325106 0.1636360 0.6307598
vt 0.756314337 0.230116084
vn -0.3820993 -0.3743992 -0.8448819
v -0.4638510 0.1636360 0.6449335
vt 0.756314337 0.226266235
vn -0.3820993 -0.3743992 -0.8448819
f 340/340/340 341/341/341 342/342/342
v -0.4638510 0.1636360 0.6449335
vt 0.756314337 0.226266235
vn -0.1618733 -0.9196113 -0.3579275
v -0.4325106 0.1636360 0.6307598
vt 0.756314337 0.230116084
vn -0.1618733 -0.9196113 -0.3579275
v -0.4313852 0.1610000 0.6370234
vt 0.762087882 0.230116084
vn -0.1618733 -0.9196113 -0.3579275
f 343/343/343 344/344/344 345/345/345
v -0.4638510 0.1636360 0.6449335
vt 0.756314337 0.226266235
vn -0.1614934 -0.9203830 -0.3561109
v -0.4313852 0.1610000 0.6370234
vt 0.762087882 0.230116084
vn -0.1614934 -0.9203830 -0.3561109
v -0.4600000 0.1610000 0.6500000
vt 0.762087882 0.226266235
vn -0.1614934 -0.9203830 -0.3561109
f 346/346/346 347/347/347 348/348/348
v -0.4754470 0.1636360 0.6588486
vt 0.756314337 0.222417831
vn -0.3005005 -0.9203204 -0.2504195
v -0.4638510 0.1636360 0.6449335
vt 0.756314337 0.226266235
vn -0.3005005 -0.9203204 -0.2504195
v -0.4600000 0.1610000 0.6500000
vt 0.762087882 0.226266235
vn -0.3005005 -0.9203204 -0.2504195
f 349/349/349 350/350/350 351/351/351
v -0.4754470 0.1636360 0.6588486
vt 0.756314337 0.222417831
vn -0.3013516 -0.9195756 -0.2521271
v -0.4600000 0.1610000 0.6500000
vt 0.762087882 0.226266235
vn -0.3013516 -0.9195756 -0.2521271
v -0.4697131 0.1610000 0.6616094
vt 0.762087882 0.222417831
vn -0.3013516 -0.9195756 -0.2521271
f 352/352/352 353/353/353 354/354/354
v -0.4616040 0.1700000 0.6655136
vt 0.727446854 0.222417831
vn 0.7083269 0.3747930 0.5981666
v -0.4545539 0.1700000 0.6571651
vt 0.727446854 0.226266235
vn 0.7083269 0.3747930 0.5981666
v -0.4561490 0.1763640 0.6550665
vt 0.733220339 0.226266235
vn 0.7083269 0.3747930 0.5981666
f 355/355/355 356/356/356 357/357/357
v -0.4616040 0.1700000 0.6655136
vt 0.727446854 0.222417831
vn 0.7100704 0.3723792 0.5976067
v -0.4561490 0.1763640 0.6550665
vt 0.733220339 0.226266235
vn 0.7100704 0.3723792 0.5976067
v -0.4639791 0.1763640 0.6643701
vt 0.733220339 0.222417831
vn 0.7100704 0.3723792 0.5976067
f 358/358/358 359/359/359 360/360/360
v -0.4016565 0.1763640 0.6328216
vt 0.744767368 0.233964488
vn 0.3590533 0.3819445 -0.8515862
v -0.3717143 0.1763640 0.6454461
vt 0.744767368 0.237814337
vn 0.3590533 0.3819445 -0.8515862
v -0.3705280 0.1700000 0.6430920
vt 0.750540853 0.237814337
vn 0.3590533 0.3819445 -0.8515862
f 361/361/361 362/362/362 363/363/363
v -0.4016565 0.1763640 0.6328216
vt 0.744767368 0.233964488
vn 0.3588743 0.3783853 -0.8532490
v -0.3705280 0.1700000 0.6430920
vt 0.750540853 0.237814337
vn 0.3588743 0.3783853 -0.8532490
v -0.4010408 0.1700000 0.6302584
vt 0.750540853 0.233964488
vn 0.3588743 0.3783853 -0.8532490
f 364/364/364 365/365/365 366/366/366
v -0.4639791 0.1636360 0.6643701
vt 0.721673369 0.222417831
vn 0.7093640 -0.3746722 0.5970121
v -0.4561490 0.1636360 0.6550665
vt 0.721673369 0.226266235
vn 0.7093640 -0.3746722 0.5970121
v -0.4545539 0.1700000 0.6571651
vt 0.727446854 0.226266235
vn 0.7093640 -0.3746722 0.5970121
f 367/367/367 368/368/368 369/369/369
v -0.4639791 0.1636360 0.6643701
vt 0.721673369 0.222417831
vn 0.7091119 -0.3722412 0.5988296
v -0.4545539 0.1700000 0.6571651
vt 0.727446854 0.226266235
vn 0.7091119 -0.3722412 0.5988296
v -0.4616040 0.1700000 0.6655136
vt 0.727446854 0.222417831
vn 0.7091119 -0.3722412 0.5988296
f 370/370/370 371/371/371 372/372/372
v -0.4697131 0.1610000 0.6616094
vt 0.762087882 0.222417831
vn 0.2998959 -0.9203842 0.2509092
v -0.4600000 0.1610000 0.6500000
vt 0.762087882 0.226266235
vn 0.2998959 -0.9203842 0.2509092
v -0.4561490 0.1636360 0.6550665
vt 0.767861366 0.226266235
vn 0.2998959 -0.9203842 0.2509092
f 373/373/373 374/374/374 375/375/375
v -0.4697131 0.1610000 0.6616094
vt 0.762087882 0.222417831
vn 0.3008052 -0.9194700 0.2531624
v -0.4561490 0.1636360 0.6550665
vt 0.767861366 0.226266235
vn 0.3008052 -0.9194700 0.2531624
v -0.4639791 0.1636360 0.6643701
vt 0.767861366 0.222417831
vn 0.3008052 -0.9194700 0.2531624
f 376/376/376 377/377/377 378/378/378
v -0.4600000 0.1610000 0.6500000
vt 0.762087882 0.226266235
vn 0.1622751 -0.9195766 0.3578347
v -0.4313852 0.1610000 0.6370234
vt 0.762087882 0.230116084
vn 0.1622751 -0.9195766 0.3578347
v -0.4302598 0.1636360 0.6432871
vt 0.767861366 0.230116084
vn 0.1622751 -0.9195766 0.3578347
f 379/379/379 380/380/380 381/381/381
v -0.4600000 0.1610000 0.6500000
vt 0.762087882 0.226266235
vn 0.1618959 -0.9204240 0.3558221
v -0.4302598 0.1636360 0.6432871
vt 0.767861366 0.230116084
vn 0.1618959 -0.9204240 0.3558221
v -0.4561490 0.1636360 0.6550665
vt 0.767861366 0.226266235
vn 0.1618959 -0.9204240 0.3558221
f 382/382/382 383/383/383 384/384/384
v -0.4778221 0.1700000 0.6577051
vt 0.750540853 0.222417831
vn -0.7127607 -0.3742781 -0.5932016
v -0.4654461 0.1700000 0.6428348
vt 0.750540853 0.226266235
vn -0.7127607 -0.3742781 -0.5932016
v -0.4638510 0.1636360 0.6449335
vt 0.756314337 0.226266235
vn -0.7127607 -0.3742781 -0.5932016
f 385/385/385 386/386/386 387/387/387
v -0.4778221 0.1700000 0.6577051
vt 0.750540853 0.222417831
vn -0.7128465 -0.3727752 -0.5940443
v -0.4638510 0.1636360 0.6449335
vt 0.756314337 0.226266235
vn -0.7128465 -0.3727752 -0.5940443
v -0.4754470 0.1636360 0.6588486
vt 0.756314337 0.222417831
vn -0.7128465 -0.3727752 -0.5940443
f 388/388/388 389/389/389 390/390/390
v -0.4638510 0.1763640 0.6449335
vt 0.744767368 0.226266235
vn -0.3823814 0.3726993 -0.8455057
v -0.4325106 0.1763640 0.6307598
vt 0.744767368 0.230116084
vn -0.3823814 0.3726993 -0.8455057
v -0.4329767 0.1700000 0.6281653
vt 0.750540853 0.230116084
vn -0.3823814 0.3726993 -0.8455057
f 391/391/391 392/392/392 393/393/393
v -0.4638510 0.1763640 0.6449335
vt 0.744767368 0.226266235
vn -0.3817826 0.3743711 -0.8450376
v -0.4329767 0.1700000 0.6281653
vt 0.750540853 0.230116084
vn -0.3817826 0.3743711 -0.8450376
v -0.4654461 0.1700000 0.6428348
vt 0.750540853 0.226266235
vn -0.3817826 0.3743711 -0.8450376
f 394/394/394 395/395/395 396/396/396
v -0.4600000 0.1790000 0.6500000
vt 0.738993883 0.226266235
vn -0.1622772 0.9195744 -0.3578394
v -0.4313852 0.1790000 0.6370234
vt 0.738993883 0.230116084
vn -0.1622772 0.9195744 -0.3578394
v -0.4325106 0.1763640 0.6307598
vt 0.744767368 0.230116084
vn -0.1622772 0.9195744 -0.3578394
f 397/397/397 398/398/398 399/399/399
v -0.4600000 0.1790000 0.6500000
vt 0.738993883 0.226266235
vn -0.1611590 0.9203500 -0.3563479
v -0.4325106 0.1763640 0.6307598
vt 0.744767368 0.230116084
vn -0.1611590 0.9203500 -0.3563479
v -0.4638510 0.1763640 0.6449335
vt 0.744767368 0.226266235
vn -0.1611590 0.9203500 -0.3563479
f 400/400/400 401/401/401 402/402/402
v -0.4660727 0.1763640 0.6751991
vt 0.733220339 0.218567982
vn 0.3865920 0.9192172 0.0747415
v -0.4639791 0.1763640 0.6643701
vt 0.733220339 0.222417831
vn 0.3865920 0.9192172 0.0747415
v -0.4697131 0.1790000 0.6616094
vt 0.738993883 0.222417831
vn 0.3865920 0.9192172 0.0747415
f 403/403/403 404/404/404 405/405/405
v -0.4660727 0.1763640 0.6751991
vt 0.733220339 0.218567982
vn 0.3794167 0.9219993 0.0772033
v -0.4697131 0.1790000 0.6616094
vt 0.738993883 0.222417831
vn 0.3794167 0.9219993 0.0772033
v -0.4724327 0.1790000 0.6749750
vt 0.738993883 0.218567982
vn 0.3794167 0.9219993 0.0772033
f 406/406/406 407/407/407 408/408/408
v -0.4634383 0.1700000 0.6752919
vt 0.727446854 0.218567982
vn 0.9125790 0.3713402 0.1711896
v -0.4616040 0.1700000 0.6655136
vt 0.727446854 0.222417831
vn 0.9125790 0.3713402 0.1711896
v -0.4639791 0.1763640 0.6643701
vt 0.733220339 0.222417831
vn 0.9125790 0.3713402 0.1711896
f 409/409/409 410/410/410 411/411/411
v -0.4634383 0.1700000 0.6752919
vt 0.727446854 0.218567982
vn 0.9086861 0.3787163 0.1756803
v -0.4639791 0.1763640 0.6643701
vt 0.733220339 0.222417831
vn 0.9086861 0.3787163 0.1756803
v -0.4660727 0.1763640 0.6751991
vt 0.733220339 0.218567982
vn 0.9086861 0.3787163 0.1756803
f 412/412/412 413/413/413 414/414/414
v -0.4682039 0.1763640 0.7237484
vt 0.744767368 0.207021326
vn -0.8942239 0.3821183 0.2331294
v -0.4767324 0.1763640 0.6910353
vt 0.744767368 0.214719579
vn -0.8942239 0.3821183 0.2331294
v -0.4793181 0.1700000 0.6915483
vt 0.750540853 0.214719579
vn -0.8942239 0.3821183 0.2331294
f 415/415/415 416/416/416 417/417/417
v -0.4682039 0.1763640 0.7237484
vt 0.744767368 0.207021326
vn -0.8943470 0.3817611 0.2332425
v -0.4793181 0.1700000 0.6915483
vt 0.750540853 0.214719579
vn -0.8943470 0.3817611 0.2332425
v -0.4707974 0.1700000 0.7242202
vt 0.750540853 0.207021326
vn -0.8943470 0.3817611 0.2332425
f 418/418/418 419/419/419 420/420/420
v -0.4660727 0.1636360 0.6751991
vt 0.721673369 0.218567982
vn 0.9114299 -0.3718136 0.1762108
v -0.4639791 0.1636360 0.6643701
vt 0.721673369 0.222417831
vn 0.9114299 -0.3718136 0.1762108
v -0.4616040 0.1700000 0.6655136
vt 0.727446854 0.222417831
vn 0.9114299 -0.3718136 0.1762108
f 421/421/421 422/422/422 423/423/423
v -0.4660727 0.1636360 0.6751991
vt 0.721673369 0.218567982
vn 0.9095346 -0.3789938 0.1706185
v -0.4616040 0.1700000 0.6655136
vt 0.727446854 0.222417831
vn 0.9095346 -0.3789938 0.1706185
v -0.4634383 0.1700000 0.6752919
vt 0.727446854 0.218567982
vn 0.9095346 -0.3789938 0.1706185
f 424/424/424 425/425/425 426/426/426
v -0.4302598 0.1763640 0.6432871
vt 0.733220339 0.230116084
vn -0.0287625 0.9220966 0.3858894
v -0.4046292 0.1763640 0.6451975
vt 0.733220339 0.233964488
vn -0.0287625 0.9220966 0.3858894
v -0.4031429 0.1790000 0.6390095
vt 0.738993883 0.233964488
vn -0.0287625 0.9220966 0.3858894
f 427/427/427 428/428/428 429/429/429
v -0.4302598 0.1763640 0.6432871
vt 0.733220339 0.230116084
vn -0.0275626 0.9195767 0.3919426
v -0.4031429 0.1790000 0.6390095
vt 0.738993883 0.233964488
vn -0.0275626 0.9195767 0.3919426
v -0.4313852 0.1790000 0.6370234
vt 0.738993883 0.230116084
vn -0.0275626 0.9195767 0.3919426
f 430/430/430 431/431/431 432/432/432
v -0.4325106 0.1763640 0.6307598
vt 0.744767368 0.230116084
vn 0.0617291 0.3780262 -0.9237347
v -0.4016565 0.1763640 0.6328216
vt 0.744767368 0.233964488
vn 0.0617291 0.3780262 -0.9237347
v -0.4010408 0.1700000 0.6302584
vt 0.750540853 0.233964488
vn 0.0617291 0.3780262 -0.9237347
f 433/433/433 434/434/434 435/435/435
v -0.4325106 0.1763640 0.6307598
vt 0.744767368 0.230116084
vn 0.0606797 0.3730032 -0.9258438
v -0.4010408 0.1700000 0.6302584
vt 0.750540853 0.233964488
vn 0.0606797 0.3730032 -0.9258438
v -0.4329767 0.1700000 0.6281653
vt 0.750540853 0.230116084
vn 0.0606797 0.3730032 -0.9258438
f 436/436/436 437/437/437 438/438/438
v -0.4616622 0.1700000 0.6880457
vt 0.727446854 0.214719579
vn 0.9170552 0.3777566 -0.1277096
v -0.4634383 0.1700000 0.6752919
vt 0.727446854 0.218567982
vn 0.9170552 0.3777566 -0.1277096
v -0.4660727 0.1763640 0.6751991
vt 0.733220339 0.218567982
vn 0.9170552 0.3777566 -0.1277096
f 439/439/439 440/440/440 441/441/441
v -0.4616622 0.1700000 0.6880457
vt 0.727446854 0.214719579
vn 0.9156246 0.3820835 -0.1250750
v -0.4660727 0.1763640 0.6751991
vt 0.733220339 0.218567982
vn 0.9156246 0.3820835 -0.1250750
v -0.4642478 0.1763640 0.6885586
vt 0.733220339 0.214719579
vn 0.9156246 0.3820835 -0.1250750
f 442/442/442 443/443/443 444/444/444
v -0.4724327 0.1790000 0.6749750
vt 0.738993883 0.218567982
vn -0.3850259 0.9195744 -0.0783447
v -0.4697131 0.1790000 0.6616094
vt 0.738993883 0.222417831
vn -0.3850259 0.9195744 -0.0783447
v -0.4754470 0.1763640 0.6588486
vt 0.744767368 0.222417831
vn -0.3850259 0.9195744 -0.0783447
f 445/445/445 446/446/446 447/447/447
v -0.4724327 0.1790000 0.6749750
vt 0.738993883 0.218567982
vn -0.3792573 0.9218442 -0.0797939
v -0.4754470 0.1763640 0.6588486
vt 0.744767368 0.222417831
vn -0.3792573 0.9218442 -0.0797939
v -0.4787928 0.1763640 0.6747510
vt 0.744767368 0.218567982
vn -0.3792573 0.9218442 -0.0797939
f 448/448/448 449/449/449 450/450/450
v -0.4536361 0.1763640 0.7400000
vt 0.733220339 0.203172907
vn 0.0000000 1.0000000 0.0000000
v -0.4556814 0.1763640 0.7214706
vt 0.733220339 0.207021326
vn 0.0000000 1.0000000 0.0000000
v -0.4642478 0.1763640 0.6885586
vt 0.733220339 0.214719579
vn 0.0000000 1.0000000 0.0000000
f 451/451/451 452/452/452 453/453/453
v -0.4642478 0.1763640 0.6885586
vt 0.733220339 0.214719579
vn 0.3839321 0.9218708 -0.0524454
v -0.4660727 0.1763640 0.6751991
vt 0.733220339 0.218567982
vn 0.3839321 0.9218708 -0.0524454
v -0.4724327 0.1790000 0.6749750
vt 0.738993883 0.218567982
vn 0.3839321 0.9218708 -0.0524454
f 454/454/454 455/455/455 456/456/456
v -0.4724327 0.1790000 0.6749750
vt 0.738993883 0.218567982
vn 0.0000000 1.0000000 0.0000000
v -0.4704901 0.1790000 0.6897970
vt 0.738993883 0.214719579
vn 0.0000000 1.0000000 0.0000000
v -0.4619426 0.1790000 0.7226095
vt 0.738993883 0.207021326
vn 0.0000000 1.0000000 0.0000000
f 457/457/457 458/458/458 459/459/459
v -0.4619426 0.1790000 0.7226095
vt 0.738993883 0.207021326
vn 0.3823327 0.9230373 -0.0427085
v -0.4600000 0.1790000 0.7400000
vt 0.738993824 0.203172907
vn 0.3823327 0.9230373 -0.0427085
v -0.4536361 0.1763640 0.7400000
vt 0.733220339 0.203172907
vn 0.3823327 0.9230373 -0.0427085
f 460/460/460 461/461/461 462/462/462
v -0.4536361 0.1763640 0.7400000
vt 0.733220339 0.203172907
vn 0.4380053 0.8944202 -0.0903547
v -0.4642478 0.1763640 0.6885586
vt 0.733220339 0.214719579
vn 0.4380053 0.8944202 -0.0903547
v -0.4724327 0.1790000 0.6749750
vt 0.738993883 0.218567982
vn 0.4380053 0.8944202 -0.0903547
f 463/463/463 464/464/464 465/465/465
v -0.4724327 0.1790000 0.6749750
vt 0.738993883 0.218567982
vn 0.5042551 0.8563851 -0.1110472
v -0.4619426 0.1790000 0.7226095
vt 0.738993883 0.207021326
vn 0.5042551 0.8563851 -0.1110472
v -0.4536361 0.1763640 0.7400000
vt 0.733220339 0.203172907
vn 0.5042551 0.8563851 -0.1110472
f 466/466/466 467/467/467 468/468/468
v -0.4787928 0.1763640 0.6747510
vt 0.744767368 0.218567982
vn -0.9078928 0.3731537 -0.1910162
v -0.4754470 0.1763640 0.6588486
vt 0.744767368 0.222417831
vn -0.9078928 0.3731537 -0.1910162
v -0.4778221 0.1700000 0.6577051
vt 0.750540853 0.222417831
vn -0.9078928 0.3731537 -0.1910162
f 469/469/469 470/470/470 471/471/471
v -0.4787928 0.1763640 0.6747510
vt 0.744767368 0.218567982
vn -0.9056708 0.3777148 -0.1925925
v -0.4778221 0.1700000 0.6577051
vt 0.750540853 0.222417831
vn -0.9056708 0.3777148 -0.1925925
v -0.4814272 0.1700000 0.6746582
vt 0.750540853 0.218567982
vn -0.9056708 0.3777148 -0.1925925
f 472/472/472 473/473/473 474/474/474
v -0.3137017 0.1610000 0.6864534
vt 0.762087882 0.245511159
vn -0.1434776 -0.9230394 0.3569487
v -0.2800000 0.1610000 0.7000000
vt 0.762087882 0.249360994
vn -0.1434776 -0.9230394 0.3569487
v -0.2817033 0.1636360 0.7061318
vt 0.767861366 0.249360994
vn -0.1434776 -0.9230394 0.3569487
f 475/475/475 476/476/476 477/477/477
v -0.2817033 0.1636360 0.7061318
vt 0.767861366 0.249360994
vn 0.0000000 -1.0000000 0.0000000
v -0.3164749 0.1636360 0.6921813
vt 0.767861366 0.245511159
vn 0.0000000 -1.0000000 0.0000000
v -0.3774421 0.1636360 0.6568123
vt 0.767861366 0.237814337
vn 0.0000000 -1.0000000 0.0000000
f 478/478/478 479/479/479 480/480/480
v -0.3774421 0.1636360 0.6568123
vt 0.767861366 0.237814337
vn -0.1521676 -0.9219428 0.3561833
v -0.4046292 0.1636360 0.6451975
vt 0.767861366 0.233964488
vn -0.1521676 -0.9219428 0.3561833
v -0.4031429 0.1610000 0.6390095
vt 0.762087882 0.233964488
vn -0.1521676 -0.9219428 0.3561833
f 481/481/481 482/482/482 483/483/483
v -0.4031429 0.1610000 0.6390095
vt 0.762087882 0.233964488
vn 0.0000000 -1.0000000 0.0000000
v -0.3745782 0.1610000 0.6511292
vt 0.762087882 0.237814337
vn 0.0000000 -1.0000000 0.0000000
v -0.3137017 0.1610000 0.6864534
vt 0.762087882 0.245511159
vn 0.0000000 -1.0000000 0.0000000
f 484/484/484 485/485/485 486/486/486
v -0.3137017 0.1610000 0.6864534
vt 0.762087882 0.245511159
vn -0.3115491 -0.7329264 0.6047778
v -0.2817033 0.1636360 0.7061318
vt 0.767861366 0.249360994
vn -0.3115491 -0.7329264 0.6047778
v -0.3774421 0.1636360 0.6568123
vt 0.767861366 0.237814337
vn -0.3115491 -0.7329264 0.6047778
f 487/487/487 488/488/488 489/489/489
v -0.3137017 0.1610000 0.6864534
vt 0.762087882 0.245511159
vn -0.2726967 -0.8132347 0.5140874
v -0.3774421 0.1636360 0.6568123
vt 0.767861366 0.237814337
vn -0.2726967 -0.8132347 0.5140874
v -0.4031429 0.1610000 0.6390095
vt 0.762087882 0.233964488
vn -0.2726967 -0.8132347 0.5140874
f 490/490/490 491/491/491 492/492/492
v -0.3745782 0.1790000 0.6511292
vt 0.738993883 0.237814337
vn 0.0000000 1.0000000 0.0000000
v -0.3137017 0.1790000 0.6864534
vt 0.738993883 0.245511159
vn 0.0000000 1.0000000 0.0000000
v -0.2800000 0.1790000 0.7000000
vt 0.738993883 0.249360994
vn 0.0000000 1.0000000 0.0000000
f 493/493/493 494/494/494 495/495/495
v -0.2800000 0.1790000 0.7000000
vt 0.738993883 0.249360994
vn 0.1437340 0.9230278 -0.3568760
v -0.2782967 0.1763640 0.6938682
vt 0.744767368 0.249360994
vn 0.1437340 0.9230278 -0.3568760
v -0.3109286 0.1763640 0.6807255
vt 0.744767368 0.245511159
vn 0.1437340 0.9230278 -0.3568760
f 496/496/496 497/497/497 498/498/498
v -0.3109286 0.1763640 0.6807255
vt 0.744767368 0.245511159
vn 0.0000000 1.0000000 0.0000000
v -0.3717143 0.1763640 0.6454461
vt 0.744767368 0.237814337
vn 0.0000000 1.0000000 0.0000000
v -0.4016565 0.1763640 0.6328216
vt 0.744767368 0.233964488
vn 0.0000000 1.0000000 0.0000000
f 499/499/499 500/500/500 501/501/501
v -0.4016565 0.1763640 0.6328216
vt 0.744767368 0.233964488
vn 0.1512335 0.9219976 -0.3564391
v -0.4031429 0.1790000 0.6390095
vt 0.738993883 0.233964488
vn 0.1512335 0.9219976 -0.3564391
v -0.3745782 0.1790000 0.6511292
vt 0.738993883 0.237814337
vn 0.1512335 0.9219976 -0.3564391
f 502/502/502 503/503/503 504/504/504
v -0.3745782 0.1790000 0.6511292
vt 0.738993883 0.237814337
vn 0.3072942 0.7429035 -0.5946972
v -0.2800000 0.1790000 0.7000000
vt 0.738993883 0.249360994
vn 0.3072942 0.7429035 -0.5946972
v -0.3109286 0.1763640 0.6807255
vt 0.744767368 0.245511159
vn 0.3072942 0.7429035 -0.5946972
f 505/505/505 506/506/506 507/507/507
v -0.3109286 0.1763640 0.6807255
vt 0.744767368 0.245511159
vn 0.2785346 0.8025760 -0.5275323
v -0.4016565 0.1763640 0.6328216
vt 0.744767368 0.233964488
vn 0.2785346 0.8025760 -0.5275323
v -0.3745782 0.1790000 0.6511292
vt 0.738993883 0.237814337
vn 0.2785346 0.8025760 -0.5275323
f 508/508/508 509/509/509 510/510/510
v -0.4010408 0.1700000 0.6302584
vt 0.750540853 0.233964488
vn 0.3583103 -0.3819250 -0.8519078
v -0.3705280 0.1700000 0.6430920
vt 0.750540853 0.237814337
vn 0.3583103 -0.3819250 -0.8519078
v -0.3717143 0.1636360 0.6454461
vt 0.756314337 0.237814337
vn 0.3583103 -0.3819250 -0.8519078
f 511/511/511 512/512/512 513/513/513
v -0.4010408 0.1700000 0.6302584
vt 0.750540853 0.233964488
vn 0.3596291 -0.3783385 -0.8529518
v -0.3717143 0.1636360 0.6454461
vt 0.756314337 0.237814337
vn 0.3596291 -0.3783385 -0.8529518
v -0.4016565 0.1636360 0.6328216
vt 0.756314337 0.233964488
vn 0.3596291 -0.3783385 -0.8529518
f 514/514/514 515/515/515 516/516/516
v -0.3774421 0.1763640 0.6568123
vt 0.733220339 0.237814337
vn 0.0000000 1.0000000 0.0000000
v -0.3164749 0.1763640 0.6921814
vt 0.733220339 0.245511159
vn 0.0000000 1.0000000 0.0000000
v -0.2817033 0.1763640 0.7061318
vt 0.733220339 0.249360994
vn 0.0000000 1.0000000 0.0000000
f 517/517/517 518/518/518 519/519/519
v -0.2817033 0.1763640 0.7061318
vt 0.733220339 0.249360994
vn -0.1434776 0.9230394 0.3569487
v -0.2800000 0.1790000 0.7000000
vt 0.738993883 0.249360994
vn -0.1434776 0.9230394 0.3569487
v -0.3137017 0.1790000 0.6864534
vt 0.738993883 0.245511159
vn -0.1434776 0.9230394 0.3569487
f 520/520/520 521/521/521 522/522/522
v -0.3137017 0.1790000 0.6864534
vt 0.738993883 0.245511159
vn 0.0000000 1.0000000 0.0000000
v -0.3745782 0.1790000 0.6511292
vt 0.738993883 0.237814337
vn 0.0000000 1.0000000 0.0000000
v -0.4031429 0.1790000 0.6390095
vt 0.738993883 0.233964488
vn 0.0000000 1.0000000 0.0000000
f 523/523/523 524/524/524 525/525/525
v -0.4031429 0.1790000 0.6390095
vt 0.738993883 0.233964488
vn -0.1521676 0.9219428 0.3561833
v -0.4046292 0.1763640 0.6451975
vt 0.733220339 0.233964488
vn -0.1521676 0.9219428 0.3561833
v -0.3774421 0.1763640 0.6568123
vt 0.733220339 0.237814337
vn -0.1521676 0.9219428 0.3561833
f 526/526/526 527/527/527 528/528/528
v -0.3774421 0.1763640 0.6568123
vt 0.733220339 0.237814337
vn -0.3115491 0.7329264 0.6047778
v -0.2817033 0.1763640 0.7061318
vt 0.733220339 0.249360994
vn -0.3115491 0.7329264 0.6047778
v -0.3137017 0.1790000 0.6864534
vt 0.738993883 0.245511159
vn -0.3115491 0.7329264 0.6047778
f 529/529/529 530/530/530 531/531/531
v -0.3137017 0.1790000 0.6864534
vt 0.738993883 0.245511159
vn -0.2726967 0.8132347 0.5140874
v -0.4031429 0.1790000 0.6390095
vt 0.738993883 0.233964488
vn -0.2726967 0.8132347 0.5140874
v -0.3774421 0.1763640 0.6568123
vt 0.733220339 0.237814337
vn -0.2726967 0.8132347 0.5140874
f 532/532/532 533/533/533 534/534/534
v -0.4814272 0.1700000 0.6746582
vt 0.750540853 0.218567982
vn -0.9074111 -0.3733236 -0.1929626
v -0.4778221 0.1700000 0.6577051
vt 0.750540853 0.222417831
vn -0.9074111 -0.3733236 -0.1929626
v -0.4754470 0.1636360 0.6588486
vt 0.756314337 0.222417831
vn -0.9074111 -0.3733236 -0.1929626
f 535/535/535 536/536/536 537/537/537
v -0.4814272 0.1700000 0.6746582
vt 0.750540853 0.218567982
vn -0.9060358 -0.3778372 -0.1906255
v -0.4754470 0.1636360 0.6588486
vt 0.756314337 0.222417831
vn -0.9060358 -0.3778372 -0.1906255
v -0.4787928 0.1636360 0.6747510
vt 0.756314337 0.218567982
vn -0.9060358 -0.3778372 -0.1906255
f 538/538/538 539/539/539 540/540/540
v -0.3774421 0.1636360 0.6568123
vt 0.721673369 0.237814337
vn -0.4637953 -0.3817699 0.7994658
v -0.3164749 0.1636360 0.6921813
vt 0.721673369 0.245511159
vn -0.4637953 -0.3817699 0.7994658
v -0.3176235 0.1700000 0.6945540
vt 0.727446854 0.245511159
vn -0.4637953 -0.3817699 0.7994658
f 541/541/541 542/542/542 543/543/543
v -0.3774421 0.1636360 0.6568123
vt 0.721673369 0.237814337
vn -0.4636951 -0.3821055 0.7993637
v -0.3176235 0.1700000 0.6945540
vt 0.727446854 0.245511159
vn -0.4636951 -0.3821055 0.7993637
v -0.3786283 0.1700000 0.6591663
vt 0.727446854 0.237814337
vn -0.4636951 -0.3821055 0.7993637
f 544/544/544 545/545/545 546/546/546
v -0.4536361 0.1636360 0.7400000
vt 0.721673369 0.203172907
vn 0.9186306 -0.3818848 -0.1013998
v -0.4556814 0.1636360 0.7214706
vt 0.721673369 0.207021326
vn 0.9186306 -0.3818848 -0.1013998
v -0.4530879 0.1700000 0.7209989
vt 0.727446854 0.207021326
vn 0.9186306 -0.3818848 -0.1013998
f 547/547/547 548/548/548 549/549/549
v -0.4536361 0.1636360 0.7400000
vt 0.721673369 0.203172907
vn 0.9191529 -0.3807327 -0.1009988
v -0.4530879 0.1700000 0.7209989
vt 0.727446854 0.207021326
vn 0.9191529 -0.3807327 -0.1009988
v -0.4510000 0.1700000 0.7400000
vt 0.727446854 0.203172907
vn 0.9191529 -0.3807327 -0.1009988
f 550/550/550 551/551/551 552/552/552
v -0.4510000 0.1700000 0.7400000
vt 0.727446854 0.203172907
vn 0.9186851 0.3818734 -0.1009474
v -0.4530879 0.1700000 0.7209989
vt 0.727446854 0.207021326
vn 0.9186851 0.3818734 -0.1009474
v -0.4556814 0.1763640 0.7214706
vt 0.733220339 0.207021326
vn 0.9186851 0.3818734 -0.1009474
f 553/553/553 554/554/554 555/555/555
v -0.4510000 0.1700000 0.7400000
vt 0.727446854 0.203172907
vn 0.9191102 0.3807149 -0.1014527
v -0.4556814 0.1763640 0.7214706
vt 0.733220339 0.207021326
vn 0.9191102 0.3807149 -0.1014527
v -0.4536361 0.1763640 0.7400000
vt 0.733220339 0.203172907
vn 0.9191102 0.3807149 -0.1014527
f 556/556/556 557/557/557 558/558/558
v -0.3164749 0.1636360 0.6921813
vt 0.721673369 0.245511159
vn -0.3443190 -0.3806759 0.8582134
v -0.2817033 0.1636360 0.7061318
vt 0.721673369 0.249360994
vn -0.3443190 -0.3806759 0.8582134
v -0.2824088 0.1700000 0.7086716
vt 0.727446854 0.249360994
vn -0.3443190 -0.3806759 0.8582134
f 559/559/559 560/560/560 561/561/561
v -0.3164749 0.1636360 0.6921813
vt 0.721673369 0.245511159
vn -0.3439087 -0.3818949 0.8578362
v -0.2824088 0.1700000 0.7086716
vt 0.727446854 0.249360994
vn -0.3439087 -0.3818949 0.8578362
v -0.3176235 0.1700000 0.6945540
vt 0.727446854 0.245511159
vn -0.3439087 -0.3818949 0.8578362
f 562/562/562 563/563/563 564/564/564
v -0.4690000 0.1700000 0.7400000
vt 0.750540853 0.203172907
vn -0.9182413 -0.3819603 0.1045912
v -0.4707974 0.1700000 0.7242202
vt 0.750540853 0.207021326
vn -0.9182413 -0.3819603 0.1045912
v -0.4682039 0.1636360 0.7237484
vt 0.756314337 0.207021326
vn -0.9182413 -0.3819603 0.1045912
f 565/565/565 566/566/566 567/567/567
v -0.4690000 0.1700000 0.7400000
vt 0.750540853 0.203172907
vn -0.9188690 -0.3806021 0.1040285
v -0.4682039 0.1636360 0.7237484
vt 0.756314337 0.207021326
vn -0.9188690 -0.3806021 0.1040285
v -0.4663640 0.1636360 0.7400000
vt 0.756314337 0.203172907
vn -0.9188690 -0.3806021 0.1040285
f 568/568/568 569/569/569 570/570/570
v -0.4754470 0.1763640 0.6588486
vt 0.744767368 0.222417831
vn -0.7123668 0.3743255 -0.5936446
v -0.4638510 0.1763640 0.6449335
vt 0.744767368 0.226266235
vn -0.7123668 0.3743255 -0.5936446
v -0.4654461 0.1700000 0.6428348
vt 0.750540853 0.226266235
vn -0.7123668 0.3743255 -0.5936446
f 571/571/571 572/572/572 573/573/573
v -0.4754470 0.1763640 0.6588486
vt 0.744767368 0.222417831
vn -0.7132100 0.3728265 -0.5935755
v -0.4654461 0.1700000 0.6428348
vt 0.750540853 0.226266235
vn -0.7132100 0.3728265 -0.5935755
v -0.4778221 0.1700000 0.6577051
vt 0.750540853 0.222417831
vn -0.7132100 0.3728265 -0.5935755
f 574/574/574 575/575/575 576/576/576
v -0.4663640 0.1763640 0.7400000
vt 0.744767368 0.203172907
vn -0.9183184 0.3819454 0.1039662
v -0.4682039 0.1763640 0.7237484
vt 0.744767368 0.207021326
vn -0.9183184 0.3819454 0.1039662
v -0.4707974 0.1700000 0.7242202
vt 0.750540853 0.207021326
vn -0.9183184 0.3819454 0.1039662
f 577/577/577 578/578/578 579/579/579
v -0.4663640 0.1763640 0.7400000
vt 0.744767368 0.203172907
vn -0.9188082 0.3805770 0.1046557
v -0.4707974 0.1700000 0.7242202
vt 0.750540853 0.207021326
vn -0.9188082 0.3805770 0.1046557
v -0.4690000 0.1700000 0.7400000
vt 0.750540853 0.203172907
vn -0.9188082 0.3805770 0.1046557
f 580/580/580 581/581/581 582/582/582
v -0.4619426 0.1610000 0.7226095
vt 0.762087882 0.207021326
vn 0.0000000 -1.0000000 0.0000000
v -0.4704901 0.1610000 0.6897970
vt 0.762087882 0.214719579
vn 0.0000000 -1.0000000 0.0000000
v -0.4724327 0.1610000 0.6749750
vt 0.762087882 0.218567982
vn 0.0000000 -1.0000000 0.0000000
f 583/583/583 584/584/584 585/585/585
v -0.4724327 0.1610000 0.6749750
vt 0.762087882 0.218567982
vn 0.3839321 -0.9218708 -0.0524454
v -0.4660727 0.1636360 0.6751991
vt 0.767861366 0.218567982
vn 0.3839321 -0.9218708 -0.0524454
v -0.4642478 0.1636360 0.6885586
vt 0.767861366 0.214719579
vn 0.3839321 -0.9218708 -0.0524454
f 586/586/586 587/587/587 588/588/588
v -0.4642478 0.1636360 0.6885586
vt 0.767861366 0.214719579
vn 0.0000000 -1.0000000 0.0000000
v -0.4556814 0.1636360 0.7214706
vt 0.767861366 0.207021326
vn 0.0000000 -1.0000000 0.0000000
v -0.4536361 0.1636360 0.7400000
vt 0.767861366 0.203172907
vn 0.0000000 -1.0000000 0.0000000
f 589/589/589 590/590/590 591/591/591
v -0.4536361 0.1636360 0.7400000
vt 0.767861366 0.203172907
vn 0.3823327 -0.9230373 -0.0427085
v -0.4600000 0.1610000 0.7400000
vt 0.762087882 0.203172907
vn 0.3823327 -0.9230373 -0.0427085
v -0.4619426 0.1610000 0.7226095
vt 0.762087882 0.207021326
vn 0.3823327 -0.9230373 -0.0427085
f 592/592/592 593/593/593 594/594/594
v -0.4619426 0.1610000 0.7226095
vt 0.762087882 0.207021326
vn 0.4503636 -0.8873197 -0.0991792
v -0.4724327 0.1610000 0.6749750
vt 0.762087882 0.218567982
vn 0.4503636 -0.8873197 -0.0991792
v -0.4642478 0.1636360 0.6885586
vt 0.767861366 0.214719579
vn 0.4503636 -0.8873197 -0.0991792
f 595/595/595 596/596/596 597/597/597
v -0.4619426 0.1610000 0.7226095
vt 0.762087882 0.207021326
vn 0.4852130 -0.8686482 -0.1000930
v -0.4642478 0.1636360 0.6885586
vt 0.767861366 0.214719579
vn 0.4852130 -0.8686482 -0.1000930
v -0.4536361 0.1636360 0.7400000
vt 0.767861366 0.203172907
vn 0.4852130 -0.8686482 -0.1000930
f 598/598/598 599/599/599 600/600/600
o pz_barbecue_full_jorge_|_EDITABLE_bent_side_table_support.001
usemtl metal
v 0.4536361 0.1763640 0.7400000
vt 0.061961927 0.735524118
vn 0.0000000 0.0000000 1.0000000
v 0.4663640 0.1763640 0.7400000
vt 0.061961927 0.731150329
vn 0.0000000 0.0000000 1.0000000
v 0.4600000 0.1790000 0.7400000
vt 0.062690891 0.733337224
vn 0.0000000 0.0000000 1.0000000
f 601/601/601 602/602/602 603/603/603
v 0.4510000 0.1700000 0.7400000
vt 0.952026248 0.461433917
vn 0.0000000 0.0000000 1.0000000
v 0.4663640 0.1763640 0.7400000
vt 0.949839354 0.467265636
vn 0.0000000 0.0000000 1.0000000
v 0.4536361 0.1763640 0.7400000
vt 0.949839354 0.462891847
vn 0.0000000 0.0000000 1.0000000
f 604/604/604 605/605/605 606/606/606
v 0.4510000 0.1700000 0.7400000
vt 0.360727549 0.951559722
vn 0.0000000 0.0000000 1.0000000
v 0.4690000 0.1700000 0.7400000
vt 0.363031179 0.957702637
vn 0.0000000 0.0000000 1.0000000
v 0.4663640 0.1763640 0.7400000
vt 0.360727549 0.957787991
vn 0.0000000 0.0000000 1.0000000
f 607/607/607 608/608/608 609/609/609
v 0.4536361 0.1636360 0.7400000
vt 0.871111274 0.927241564
vn 0.0000000 0.0000000 1.0000000
v 0.4690000 0.1700000 0.7400000
vt 0.868924439 0.933073282
vn 0.0000000 0.0000000 1.0000000
v 0.4510000 0.1700000 0.7400000
vt 0.868924439 0.926512599
vn 0.0000000 0.0000000 1.0000000
f 610/610/610 611/611/611 612/612/612
v 0.4536361 0.1636360 0.7400000
vt 0.183008656 0.967599630
vn 0.0000000 0.0000000 1.0000000
v 0.4663640 0.1636360 0.7400000
vt 0.184800357 0.972377479
vn 0.0000000 0.0000000 1.0000000
v 0.4690000 0.1700000 0.7400000
vt 0.183008656 0.973827899
vn 0.0000000 0.0000000 1.0000000
f 613/613/613 614/614/614 615/615/615
v 0.4600000 0.1610000 0.7400000
vt 0.974624157 0.190259501
vn 0.0000000 0.0000000 1.0000000
v 0.4663640 0.1636360 0.7400000
vt 0.973166227 0.193175361
vn 0.0000000 0.0000000 1.0000000
v 0.4536361 0.1636360 0.7400000
vt 0.973166227 0.188072622
vn 0.0000000 0.0000000 1.0000000
f 616/616/616 617/617/617 618/618/618
v 0.2782967 0.1636360 0.6938682
vt 0.062690824 0.747916520
vn -0.9635206 0.0000000 0.2676346
v 0.2782967 0.1763640 0.6938682
vt 0.062690824 0.752290308
vn -0.9635206 0.0000000 0.2676346
v 0.2775912 0.1700000 0.6913283
vt 0.063419789 0.750103414
vn -0.9635206 0.0000000 0.2676346
f 619/619/619 620/620/620 621/621/621
v 0.2800000 0.1610000 0.7000000
vt 0.212358296 0.974169195
vn -0.9635170 0.0000000 0.2676473
v 0.2782967 0.1763640 0.6938682
vt 0.212358296 0.967940927
vn -0.9635170 0.0000000 0.2676473
v 0.2782967 0.1636360 0.6938682
vt 0.210566610 0.972718775
vn -0.9635170 0.0000000 0.2676473
f 622/622/622 623/623/623 624/624/624
v 0.2800000 0.1610000 0.7000000
vt 0.959835649 0.093679957
vn -0.9635170 0.0000000 0.2676473
v 0.2800000 0.1790000 0.7000000
vt 0.962139249 0.087537013
vn -0.9635170 0.0000000 0.2676473
v 0.2782967 0.1763640 0.6938682
vt 0.959835649 0.087451689
vn -0.9635170 0.0000000 0.2676473
f 625/625/625 626/626/626 627/627/627
v 0.2817033 0.1636360 0.7061318
vt 0.961200714 0.193844140
vn -0.9635177 0.0000000 0.2676448
v 0.2800000 0.1790000 0.7000000
vt 0.961200714 0.187615871
vn -0.9635177 0.0000000 0.2676448
v 0.2800000 0.1610000 0.7000000
vt 0.958897114 0.193758816
vn -0.9635177 0.0000000 0.2676448
f 628/628/628 629/629/629 630/630/630
v 0.2817033 0.1636360 0.7061318
vt 0.360759586 0.975458026
vn -0.9635177 0.0000000 0.2676449
v 0.2817033 0.1763640 0.7061318
vt 0.362482488 0.971437871
vn -0.9635177 0.0000000 0.2676449
v 0.2800000 0.1790000 0.7000000
vt 0.360759586 0.969906390
vn -0.9635177 0.0000000 0.2676449
f 631/631/631 632/632/632 633/633/633
v 0.2824088 0.1700000 0.7086716
vt 0.975353122 0.621076822
vn -0.9635173 0.0000000 0.2676462
v 0.2817033 0.1763640 0.7061318
vt 0.973895192 0.618889928
vn -0.9635173 0.0000000 0.2676462
v 0.2817033 0.1636360 0.7061318
vt 0.973895192 0.623263717
vn -0.9635173 0.0000000 0.2676462
f 634/634/634 635/635/635 636/636/636
v 0.3164749 0.1763640 0.6921814
vt 0.780030131 0.245514005
vn 0.3443164 0.3806760 0.8582144
v 0.2817033 0.1763640 0.7061318
vt 0.780030131 0.249362424
vn 0.3443164 0.3806760 0.8582144
v 0.2824088 0.1700000 0.7086716
vt 0.785803616 0.249362424
vn 0.3443164 0.3806760 0.8582144
f 637/637/637 638/638/638 639/639/639
v 0.3164749 0.1763640 0.6921814
vt 0.780030131 0.245514005
vn 0.3439108 0.3818813 0.8578416
v 0.2824088 0.1700000 0.7086716
vt 0.785803616 0.249362424
vn 0.3439108 0.3818813 0.8578416
v 0.3176235 0.1700000 0.6945540
vt 0.785803616 0.245514005
vn 0.3439108 0.3818813 0.8578416
f 640/640/640 641/641/641 642/642/642
v 0.3176235 0.1700000 0.6945540
vt 0.785803616 0.245514005
vn 0.3440944 -0.3806853 0.8582994
v 0.2824088 0.1700000 0.7086716
vt 0.785803616 0.249362424
vn 0.3440944 -0.3806853 0.8582994
v 0.2817033 0.1636360 0.7061318
vt 0.791577101 0.249362424
vn 0.3440944 -0.3806853 0.8582994
f 643/643/643 644/644/644 645/645/645
v 0.3176235 0.1700000 0.6945540
vt 0.785803616 0.245514005
vn 0.3441305 -0.3818870 0.8577508
v 0.2817033 0.1636360 0.7061318
vt 0.791577101 0.249362424
vn 0.3441305 -0.3818870 0.8577508
v 0.3164749 0.1636360 0.6921814
vt 0.791577101 0.245514005
vn 0.3441305 -0.3818870 0.8577508
f 646/646/646 647/647/647 648/648/648
v 0.3097799 0.1700000 0.6783528
vt 0.808897614 0.245514005
vn -0.3457316 0.3806300 -0.8576657
v 0.2775912 0.1700000 0.6913283
vt 0.808897614 0.249362424
vn -0.3457316 0.3806300 -0.8576657
v 0.2782967 0.1763640 0.6938682
vt 0.814671099 0.249362424
vn -0.3457316 0.3806300 -0.8576657
f 649/649/649 650/650/650 651/651/651
v 0.3097799 0.1700000 0.6783528
vt 0.808897614 0.245514005
vn -0.3452748 0.3819294 -0.8572720
v 0.2782967 0.1763640 0.6938682
vt 0.814671099 0.249362424
vn -0.3452748 0.3819294 -0.8572720
v 0.3109286 0.1763640 0.6807254
vt 0.814671099 0.245514005
vn -0.3452748 0.3819294 -0.8572720
f 652/652/652 653/653/653 654/654/654
v 0.3774421 0.1763640 0.6568123
vt 0.780030131 0.237815753
vn 0.4637991 0.3817572 0.7994698
v 0.3164749 0.1763640 0.6921814
vt 0.780030131 0.245514005
vn 0.4637991 0.3817572 0.7994698
v 0.3176235 0.1700000 0.6945540
vt 0.785803616 0.245514005
vn 0.4637991 0.3817572 0.7994698
f 655/655/655 656/656/656 657/657/657
v 0.3774421 0.1763640 0.6568123
vt 0.780030131 0.237815753
vn 0.4636951 0.3821055 0.7993637
v 0.3176235 0.1700000 0.6945540
vt 0.785803616 0.245514005
vn 0.4636951 0.3821055 0.7993637
v 0.3786283 0.1700000 0.6591663
vt 0.785803616 0.237815753
vn 0.4636951 0.3821055 0.7993637
f 658/658/658 659/659/659 660/660/660
v 0.4619426 0.1790000 0.7226095
vt 0.820444643 0.207024172
vn 0.0000000 1.0000000 0.0000000
v 0.4704901 0.1790000 0.6897970
vt 0.820444643 0.214722425
vn 0.0000000 1.0000000 0.0000000
v 0.4724327 0.1790000 0.6749750
vt 0.820444643 0.218570828
vn 0.0000000 1.0000000 0.0000000
f 661/661/661 662/662/662 663/663/663
v 0.4724327 0.1790000 0.6749750
vt 0.820444643 0.218570828
vn -0.3839321 0.9218708 -0.0524454
v 0.4660727 0.1763640 0.6751991
vt 0.826218128 0.218570828
vn -0.3839321 0.9218708 -0.0524454
v 0.4642478 0.1763640 0.6885586
vt 0.826218128 0.214722425
vn -0.3839321 0.9218708 -0.0524454
f 664/664/664 665/665/665 666/666/666
v 0.4642478 0.1763640 0.6885586
vt 0.826218128 0.214722425
vn 0.0000000 1.0000000 0.0000000
v 0.4556814 0.1763640 0.7214706
vt 0.826218128 0.207024172
vn 0.0000000 1.0000000 0.0000000
v 0.4536361 0.1763640 0.7400000
vt 0.826218128 0.203174323
vn 0.0000000 1.0000000 0.0000000
f 667/667/667 668/668/668 669/669/669
v 0.4536361 0.1763640 0.7400000
vt 0.826218128 0.203174323
vn -0.3823327 0.9230373 -0.0427085
v 0.4600000 0.1790000 0.7400000
vt 0.820444643 0.203174323
vn -0.3823327 0.9230373 -0.0427085
v 0.4619426 0.1790000 0.7226095
vt 0.820444643 0.207024172
vn -0.3823327 0.9230373 -0.0427085
f 670/670/670 671/671/671 672/672/672
v 0.4619426 0.1790000 0.7226095
vt 0.820444643 0.207024172
vn -0.4503636 0.8873197 -0.0991792
v 0.4724327 0.1790000 0.6749750
vt 0.820444643 0.218570828
vn -0.4503636 0.8873197 -0.0991792
v 0.4642478 0.1763640 0.6885586
vt 0.826218128 0.214722425
vn -0.4503636 0.8873197 -0.0991792
f 673/673/673 674/674/674 675/675/675
v 0.4619426 0.1790000 0.7226095
vt 0.820444643 0.207024172
vn -0.4852130 0.8686482 -0.1000930
v 0.4642478 0.1763640 0.6885586
vt 0.826218128 0.214722425
vn -0.4852130 0.8686482 -0.1000930
v 0.4536361 0.1763640 0.7400000
vt 0.826218128 0.203174323
vn -0.4852130 0.8686482 -0.1000930
f 676/676/676 677/677/677 678/678/678
v 0.3097799 0.1700000 0.6783528
vt 0.808897614 0.245514005
vn -0.4639494 0.3817663 -0.7993782
v 0.3109286 0.1763640 0.6807254
vt 0.814671099 0.245514005
vn -0.4639494 0.3817663 -0.7993782
v 0.3717143 0.1763640 0.6454461
vt 0.814671099 0.237815753
vn -0.4639494 0.3817663 -0.7993782
f 679/679/679 680/680/680 681/681/681
v 0.3097799 0.1700000 0.6783528
vt 0.808897614 0.245514005
vn -0.4639082 0.3821231 -0.7992316
v 0.3717143 0.1763640 0.6454461
vt 0.814671099 0.237815753
vn -0.4639082 0.3821231 -0.7992316
v 0.3705280 0.1700000 0.6430920
vt 0.808897614 0.237815753
vn -0.4639082 0.3821231 -0.7992316
f 682/682/682 683/683/683 684/684/684
v 0.4530879 0.1700000 0.7209989
vt 0.785803616 0.207024172
vn -0.8943385 -0.3821095 -0.2327037
v 0.4616622 0.1700000 0.6880457
vt 0.785803616 0.214722425
vn -0.8943385 -0.3821095 -0.2327037
v 0.4642478 0.1636360 0.6885586
vt 0.791577101 0.214722425
vn -0.8943385 -0.3821095 -0.2327037
f 685/685/685 686/686/686 687/687/687
v 0.4530879 0.1700000 0.7209989
vt 0.785803616 0.207024172
vn -0.8944547 -0.3817727 -0.2328098
v 0.4642478 0.1636360 0.6885586
vt 0.791577101 0.214722425
vn -0.8944547 -0.3817727 -0.2328098
v 0.4556814 0.1636360 0.7214706
vt 0.791577101 0.207024172
vn -0.8944547 -0.3817727 -0.2328098
f 688/688/688 689/689/689 690/690/690
v 0.3109286 0.1636360 0.6807254
vt 0.803124130 0.245514005
vn -0.4639825 -0.3817653 -0.7993596
v 0.3097799 0.1700000 0.6783528
vt 0.808897614 0.245514005
vn -0.4639825 -0.3817653 -0.7993596
v 0.3705280 0.1700000 0.6430920
vt 0.808897614 0.237815753
vn -0.4639825 -0.3817653 -0.7993596
f 691/691/691 692/692/692 693/693/693
v 0.3109286 0.1636360 0.6807254
vt 0.803124130 0.245514005
vn -0.4638752 -0.3821239 -0.7992503
v 0.3705280 0.1700000 0.6430920
vt 0.808897614 0.237815753
vn -0.4638752 -0.3821239 -0.7992503
v 0.3717143 0.1636360 0.6454461
vt 0.803124130 0.237815753
vn -0.4638752 -0.3821239 -0.7992503
f 694/694/694 695/695/695 696/696/696
v 0.4707974 0.1700000 0.7242202
vt 0.808897614 0.207024172
vn 0.8942048 0.3821168 0.2332054
v 0.4793181 0.1700000 0.6915483
vt 0.808897614 0.214722425
vn 0.8942048 0.3821168 0.2332054
v 0.4767324 0.1763640 0.6910353
vt 0.814671099 0.214722425
vn 0.8942048 0.3821168 0.2332054
f 697/697/697 698/698/698 699/699/699
v 0.4707974 0.1700000 0.7242202
vt 0.808897614 0.207024172
vn 0.8943658 0.3817632 0.2331664
v 0.4767324 0.1763640 0.6910353
vt 0.814671099 0.214722425
vn 0.8943658 0.3817632 0.2331664
v 0.4682039 0.1763640 0.7237484
vt 0.814671099 0.207024172
vn 0.8943658 0.3817632 0.2331664
f 700/700/700 701/701/701 702/702/702
v 0.4052449 0.1700000 0.6477606
vt 0.785803616 0.233967334
vn 0.3639989 -0.3820448 0.8494390
v 0.3786283 0.1700000 0.6591663
vt 0.785803616 0.237815753
vn 0.3639989 -0.3820448 0.8494390
v 0.3774421 0.1636360 0.6568123
vt 0.791577101 0.237815753
vn 0.3639989 -0.3820448 0.8494390
f 703/703/703 704/704/704 705/705/705
v 0.4052449 0.1700000 0.6477606
vt 0.785803616 0.233967334
vn 0.3637076 -0.3780668 0.8513414
v 0.3774421 0.1636360 0.6568123
vt 0.791577101 0.237815753
vn 0.3637076 -0.3780668 0.8513414
v 0.4046292 0.1636360 0.6451975
vt 0.791577101 0.233967334
vn 0.3637076 -0.3780668 0.8513414
f 706/706/706 707/707/707 708/708/708
v 0.4046292 0.1763640 0.6451975
vt 0.780030131 0.233967334
vn 0.3630692 0.3820224 0.8498469
v 0.3774421 0.1763640 0.6568123
vt 0.780030131 0.237815753
vn 0.3630692 0.3820224 0.8498469
v 0.3786283 0.1700000 0.6591663
vt 0.785803616 0.237815753
vn 0.3630692 0.3820224 0.8498469
f 709/709/709 710/710/710 711/711/711
v 0.4046292 0.1763640 0.6451975
vt 0.780030131 0.233967334
vn 0.3646524 0.3780063 0.8509641
v 0.3786283 0.1700000 0.6591663
vt 0.785803616 0.237815753
vn 0.3646524 0.3780063 0.8509641
v 0.4052449 0.1700000 0.6477606
vt 0.785803616 0.233967334
vn 0.3646524 0.3780063 0.8509641
f 712/712/712 713/713/713 714/714/714
v 0.4600000 0.1610000 0.7400000
vt 0.797350585 0.203174323
vn 0.0000000 -1.0000000 0.0000000
v 0.4619426 0.1610000 0.7226095
vt 0.797350585 0.207024172
vn 0.0000000 -1.0000000 0.0000000
v 0.4704901 0.1610000 0.6897970
vt 0.797350585 0.214722425
vn 0.0000000 -1.0000000 0.0000000
f 715/715/715 716/716/716 717/717/717
v 0.4704901 0.1610000 0.6897970
vt 0.797350585 0.214722425
vn 0.3839046 -0.9220009 0.0503154
v 0.4724327 0.1610000 0.6749750
vt 0.797350585 0.218570828
vn 0.3839046 -0.9220009 0.0503154
v 0.4787928 0.1636360 0.6747510
vt 0.803124130 0.218570828
vn 0.3839046 -0.9220009 0.0503154
f 718/718/718 719/719/719 720/720/720
v 0.4787928 0.1636360 0.6747510
vt 0.803124130 0.218570828
vn 0.0000000 -1.0000000 0.0000000
v 0.4767324 0.1636360 0.6910353
vt 0.803124130 0.214722425
vn 0.0000000 -1.0000000 0.0000000
v 0.4682039 0.1636360 0.7237484
vt 0.803124130 0.207024172
vn 0.0000000 -1.0000000 0.0000000
f 721/721/721 722/722/722 723/723/723
v 0.4682039 0.1636360 0.7237484
vt 0.803124130 0.207024172
vn 0.3823186 -0.9230163 0.0432837
v 0.4663640 0.1636360 0.7400000
vt 0.803124130 0.203174323
vn 0.3823186 -0.9230163 0.0432837
v 0.4600000 0.1610000 0.7400000
vt 0.797350585 0.203174323
vn 0.3823186 -0.9230163 0.0432837
f 724/724/724 725/725/725 726/726/726
v 0.4600000 0.1610000 0.7400000
vt 0.797350585 0.203174323
vn 0.4529715 -0.8864865 0.0946499
v 0.4704901 0.1610000 0.6897970
vt 0.797350585 0.214722425
vn 0.4529715 -0.8864865 0.0946499
v 0.4787928 0.1636360 0.6747510
vt 0.803124130 0.218570828
vn 0.4529715 -0.8864865 0.0946499
f 727/727/727 728/728/728 729/729/729
v 0.4787928 0.1636360 0.6747510
vt 0.803124130 0.218570828
vn 0.4871019 -0.8669777 0.1052681
v 0.4682039 0.1636360 0.7237484
vt 0.803124130 0.207024172
vn 0.4871019 -0.8669777 0.1052681
v 0.4600000 0.1610000 0.7400000
vt 0.797350585 0.203174323
vn 0.4871019 -0.8669777 0.1052681
f 730/730/730 731/731/731 732/732/732
v 0.4016565 0.1763640 0.6328216
vt 0.814671099 0.233967334
vn 0.0000000 1.0000000 0.0000000
v 0.3717143 0.1763640 0.6454461
vt 0.814671099 0.237815753
vn 0.0000000 1.0000000 0.0000000
v 0.3109286 0.1763640 0.6807254
vt 0.814671099 0.245514005
vn 0.0000000 1.0000000 0.0000000
f 733/733/733 734/734/734 735/735/735
v 0.3109286 0.1763640 0.6807254
vt 0.814671099 0.245514005
vn -0.1437352 0.9230276 -0.3568756
v 0.2782967 0.1763640 0.6938682
vt 0.814671099 0.249362424
vn -0.1437352 0.9230276 -0.3568756
v 0.2800000 0.1790000 0.7000000
vt 0.820444643 0.249362424
vn -0.1437352 0.9230276 -0.3568756
f 736/736/736 737/737/737 738/738/738
v 0.2800000 0.1790000 0.7000000
vt 0.820444643 0.249362424
vn 0.0000000 1.0000000 0.0000000
v 0.3137017 0.1790000 0.6864534
vt 0.820444643 0.245514005
vn 0.0000000 1.0000000 0.0000000
v 0.3745782 0.1790000 0.6511292
vt 0.820444643 0.237815753
vn 0.0000000 1.0000000 0.0000000
f 739/739/739 740/740/740 741/741/741
v 0.3745782 0.1790000 0.6511292
vt 0.820444643 0.237815753
vn -0.1512335 0.9219976 -0.3564391
v 0.4031429 0.1790000 0.6390095
vt 0.820444643 0.233967334
vn -0.1512335 0.9219976 -0.3564391
v 0.4016565 0.1763640 0.6328216
vt 0.814671099 0.233967334
vn -0.1512335 0.9219976 -0.3564391
f 742/742/742 743/743/743 744/744/744
v 0.4016565 0.1763640 0.6328216
vt 0.814671099 0.233967334
vn -0.3321755 0.7027502 -0.6291276
v 0.3109286 0.1763640 0.6807254
vt 0.814671099 0.245514005
vn -0.3321755 0.7027502 -0.6291276
v 0.2800000 0.1790000 0.7000000
vt 0.820444643 0.249362424
vn -0.3321755 0.7027502 -0.6291276
f 745/745/745 746/746/746 747/747/747
v 0.2800000 0.1790000 0.7000000
vt 0.820444643 0.249362424
vn -0.2600805 0.8240274 -0.5033260
v 0.3745782 0.1790000 0.6511292
vt 0.820444643 0.237815753
vn -0.2600805 0.8240274 -0.5033260
v 0.4016565 0.1763640 0.6328216
vt 0.814671099 0.233967334
vn -0.2600805 0.8240274 -0.5033260
f 748/748/748 749/749/749 750/750/750
v 0.4793181 0.1700000 0.6915483
vt 0.808897614 0.214722425
vn 0.9184574 0.3785269 0.1146885
v 0.4814272 0.1700000 0.6746582
vt 0.808897614 0.218570828
vn 0.9184574 0.3785269 0.1146885
v 0.4787928 0.1763640 0.6747510
vt 0.814671099 0.218570828
vn 0.9184574 0.3785269 0.1146885
f 751/751/751 752/752/752 753/753/753
v 0.4793181 0.1700000 0.6915483
vt 0.808897614 0.214722425
vn 0.9168979 0.3818897 0.1160113
v 0.4787928 0.1763640 0.6747510
vt 0.814671099 0.218570828
vn 0.9168979 0.3818897 0.1160113
v 0.4767324 0.1763640 0.6910353
vt 0.814671099 0.214722425
vn 0.9168979 0.3818897 0.1160113
f 754/754/754 755/755/755 756/756/756
v 0.4767324 0.1636360 0.6910353
vt 0.803124130 0.214722425
vn 0.9183039 -0.3784415 0.1161892
v 0.4787928 0.1636360 0.6747510
vt 0.803124130 0.218570828
vn 0.9183039 -0.3784415 0.1161892
v 0.4814272 0.1700000 0.6746582
vt 0.808897614 0.218570828
vn 0.9183039 -0.3784415 0.1161892
f 757/757/757 758/758/758 759/759/759
v 0.4767324 0.1636360 0.6910353
vt 0.803124130 0.214722425
vn 0.9171011 -0.3818519 0.1145191
v 0.4814272 0.1700000 0.6746582
vt 0.808897614 0.218570828
vn 0.9171011 -0.3818519 0.1145191
v 0.4793181 0.1700000 0.6915483
vt 0.808897614 0.214722425
vn 0.9171011 -0.3818519 0.1145191
f 760/760/760 761/761/761 762/762/762
v 0.4682039 0.1763640 0.7237484
vt 0.814671099 0.207024172
vn 0.0000000 1.0000000 0.0000000
v 0.4767324 0.1763640 0.6910353
vt 0.814671099 0.214722425
vn 0.0000000 1.0000000 0.0000000
v 0.4787928 0.1763640 0.6747510
vt 0.814671099 0.218570828
vn 0.0000000 1.0000000 0.0000000
f 763/763/763 764/764/764 765/765/765
v 0.4787928 0.1763640 0.6747510
vt 0.814671099 0.218570828
vn 0.3839046 0.9220009 0.0503154
v 0.4724327 0.1790000 0.6749750
vt 0.820444643 0.218570828
vn 0.3839046 0.9220009 0.0503154
v 0.4704901 0.1790000 0.6897970
vt 0.820444643 0.214722425
vn 0.3839046 0.9220009 0.0503154
f 766/766/766 767/767/767 768/768/768
v 0.4704901 0.1790000 0.6897970
vt 0.820444643 0.214722425
vn 0.0000000 1.0000000 0.0000000
v 0.4619426 0.1790000 0.7226095
vt 0.820444643 0.207024172
vn 0.0000000 1.0000000 0.0000000
v 0.4600000 0.1790000 0.7400000
vt 0.820444643 0.203174323
vn 0.0000000 1.0000000 0.0000000
f 769/769/769 770/770/770 771/771/771
v 0.4600000 0.1790000 0.7400000
vt 0.820444643 0.203174323
vn 0.3823186 0.9230163 0.0432837
v 0.4663640 0.1763640 0.7400000
vt 0.814671099 0.203174323
vn 0.3823186 0.9230163 0.0432837
v 0.4682039 0.1763640 0.7237484
vt 0.814671099 0.207024172
vn 0.3823186 0.9230163 0.0432837
f 772/772/772 773/773/773 774/774/774
v 0.4682039 0.1763640 0.7237484
vt 0.814671099 0.207024172
vn 0.4603609 0.8821394 0.0994891
v 0.4787928 0.1763640 0.6747510
vt 0.814671099 0.218570828
vn 0.4603609 0.8821394 0.0994891
v 0.4704901 0.1790000 0.6897970
vt 0.820444643 0.214722425
vn 0.4603609 0.8821394 0.0994891
f 775/775/775 776/776/776 777/777/777
v 0.4682039 0.1763640 0.7237484
vt 0.814671099 0.207024172
vn 0.4783302 0.8724738 0.0999487
v 0.4704901 0.1790000 0.6897970
vt 0.820444643 0.214722425
vn 0.4783302 0.8724738 0.0999487
v 0.4600000 0.1790000 0.7400000
vt 0.820444643 0.203174323
vn 0.4783302 0.8724738 0.0999487
f 778/778/778 779/779/779 780/780/780
v 0.4297936 0.1700000 0.6458816
vt 0.785803616 0.230117500
vn 0.0706409 -0.3785303 0.9228894
v 0.4052449 0.1700000 0.6477606
vt 0.785803616 0.233967334
vn 0.0706409 -0.3785303 0.9228894
v 0.4046292 0.1636360 0.6451975
vt 0.791577101 0.233967334
vn 0.0706409 -0.3785303 0.9228894
f 781/781/781 782/782/782 783/783/783
v 0.4297936 0.1700000 0.6458816
vt 0.785803616 0.230117500
vn 0.0689867 -0.3722757 0.9255548
v 0.4046292 0.1636360 0.6451975
vt 0.791577101 0.233967334
vn 0.0689867 -0.3722757 0.9255548
v 0.4302598 0.1636360 0.6432871
vt 0.791577101 0.230117500
vn 0.0689867 -0.3722757 0.9255548
f 784/784/784 785/785/785 786/786/786
v 0.4724327 0.1790000 0.6749750
vt 0.820444643 0.218570828
vn -0.3850225 0.9195759 0.0783440
v 0.4697131 0.1790000 0.6616094
vt 0.820444643 0.222419247
vn -0.3850225 0.9195759 0.0783440
v 0.4639791 0.1763640 0.6643701
vt 0.826218128 0.222419247
vn -0.3850225 0.9195759 0.0783440
f 787/787/787 788/788/788 789/789/789
v 0.4724327 0.1790000 0.6749750
vt 0.820444643 0.218570828
vn -0.3796413 0.9222176 0.0733977
v 0.4639791 0.1763640 0.6643701
vt 0.826218128 0.222419247
vn -0.3796413 0.9222176 0.0733977
v 0.4660727 0.1763640 0.6751991
vt 0.826218128 0.218570828
vn -0.3796413 0.9222176 0.0733977
f 790/790/790 791/791/791 792/792/792
v 0.4302598 0.1763640 0.6432871
vt 0.780030131 0.230117500
vn 0.0688016 0.3784256 0.9230712
v 0.4046292 0.1763640 0.6451975
vt 0.780030131 0.233967334
vn 0.0688016 0.3784256 0.9230712
v 0.4052449 0.1700000 0.6477606
vt 0.785803616 0.233967334
vn 0.0688016 0.3784256 0.9230712
f 793/793/793 794/794/794 795/795/795
v 0.4302598 0.1763640 0.6432871
vt 0.780030131 0.230117500
vn 0.0708393 0.3721101 0.9254815
v 0.4052449 0.1700000 0.6477606
vt 0.785803616 0.233967334
vn 0.0708393 0.3721101 0.9254815
v 0.4297936 0.1700000 0.6458816
vt 0.785803616 0.230117500
vn 0.0708393 0.3721101 0.9254815
f 796/796/796 797/797/797 798/798/798
v 0.4313852 0.1790000 0.6370234
vt 0.820444643 0.230117500
vn 0.0271611 0.9220011 0.3862333
v 0.4031429 0.1790000 0.6390095
vt 0.820444643 0.233967334
vn 0.0271611 0.9220011 0.3862333
v 0.4046292 0.1763640 0.6451975
vt 0.826218128 0.233967334
vn 0.0271611 0.9220011 0.3862333
f 799/799/799 800/800/800 801/801/801
v 0.4313852 0.1790000 0.6370234
vt 0.820444643 0.230117500
vn 0.0292312 0.9194247 0.3921784
v 0.4046292 0.1763640 0.6451975
vt 0.826218128 0.233967334
vn 0.0292312 0.9194247 0.3921784
v 0.4302598 0.1763640 0.6432871
vt 0.826218128 0.230117500
vn 0.0292312 0.9194247 0.3921784
f 802/802/802 803/803/803 804/804/804
v 0.4325106 0.1763640 0.6307598
vt 0.814671099 0.230117500
vn -0.0258299 0.9219161 -0.3865277
v 0.4016565 0.1763640 0.6328216
vt 0.814671099 0.233967334
vn -0.0258299 0.9219161 -0.3865277
v 0.4031429 0.1790000 0.6390095
vt 0.820444643 0.233967334
vn -0.0258299 0.9219161 -0.3865277
f 805/805/805 806/806/806 807/807/807
v 0.4325106 0.1763640 0.6307598
vt 0.814671099 0.230117500
vn -0.0275631 0.9195740 -0.3919491
v 0.4031429 0.1790000 0.6390095
vt 0.820444643 0.233967334
vn -0.0275631 0.9195740 -0.3919491
v 0.4313852 0.1790000 0.6370234
vt 0.820444643 0.230117500
vn -0.0275631 0.9195740 -0.3919491
f 808/808/808 809/809/809 810/810/810
v 0.4329767 0.1700000 0.6281653
vt 0.808897614 0.230117500
vn -0.0605485 0.3779552 -0.9238420
v 0.4010408 0.1700000 0.6302584
vt 0.808897614 0.233967334
vn -0.0605485 0.3779552 -0.9238420
v 0.4016565 0.1763640 0.6328216
vt 0.814671099 0.233967334
vn -0.0605485 0.3779552 -0.9238420
f 811/811/811 812/812/812 813/813/813
v 0.4329767 0.1700000 0.6281653
vt 0.808897614 0.230117500
vn -0.0618676 0.3729009 -0.9258063
v 0.4016565 0.1763640 0.6328216
vt 0.814671099 0.233967334
vn -0.0618676 0.3729009 -0.9258063
v 0.4325106 0.1763640 0.6307598
vt 0.814671099 0.230117500
vn -0.0618676 0.3729009 -0.9258063
f 814/814/814 815/815/815 816/816/816
v 0.4313852 0.1610000 0.6370234
vt 0.797350585 0.230117500
vn -0.0271618 -0.9219973 -0.3862424
v 0.4031429 0.1610000 0.6390095
vt 0.797350585 0.233967334
vn -0.0271618 -0.9219973 -0.3862424
v 0.4016565 0.1636360 0.6328216
vt 0.803124130 0.233967334
vn -0.0271618 -0.9219973 -0.3862424
f 817/817/817 818/818/818 819/819/819
v 0.4313852 0.1610000 0.6370234
vt 0.797350585 0.230117500
vn -0.0261791 -0.9196981 -0.3917527
v 0.4016565 0.1636360 0.6328216
vt 0.803124130 0.233967334
vn -0.0261791 -0.9196981 -0.3917527
v 0.4325106 0.1636360 0.6307598
vt 0.803124130 0.230117500
vn -0.0261791 -0.9196981 -0.3917527
f 820/820/820 821/821/821 822/822/822
v 0.4787928 0.1763640 0.6747510
vt 0.814671099 0.218570828
vn 0.3839597 0.9198093 -0.0807832
v 0.4754470 0.1763640 0.6588486
vt 0.814671099 0.222419247
vn 0.3839597 0.9198093 -0.0807832
v 0.4697131 0.1790000 0.6616094
vt 0.820444643 0.222419247
vn 0.3839597 0.9198093 -0.0807832
f 823/823/823 824/824/824 825/825/825
v 0.4787928 0.1763640 0.6747510
vt 0.814671099 0.218570828
vn 0.3794134 0.9220006 -0.0772026
v 0.4697131 0.1790000 0.6616094
vt 0.820444643 0.222419247
vn 0.3794134 0.9220006 -0.0772026
v 0.4724327 0.1790000 0.6749750
vt 0.820444643 0.218570828
vn 0.3794134 0.9220006 -0.0772026
f 826/826/826 827/827/827 828/828/828
v 0.4561490 0.1636360 0.6550665
vt 0.791577101 0.226269081
vn -0.1627631 -0.9195318 0.3577281
v 0.4302598 0.1636360 0.6432871
vt 0.791577101 0.230117500
vn -0.1627631 -0.9195318 0.3577281
v 0.4313852 0.1610000 0.6370234
vt 0.797350585 0.230117500
vn -0.1627631 -0.9195318 0.3577281
f 829/829/829 830/830/830 831/831/831
v 0.4561490 0.1636360 0.6550665
vt 0.791577101 0.226269081
vn -0.1614922 -0.9203843 0.3561082
v 0.4313852 0.1610000 0.6370234
vt 0.797350585 0.230117500
vn -0.1614922 -0.9203843 0.3561082
v 0.4600000 0.1610000 0.6500000
vt 0.797350585 0.226269081
vn -0.1614922 -0.9203843 0.3561082
f 832/832/832 833/833/833 834/834/834
v 0.4639791 0.1636360 0.6643701
vt 0.791577101 0.222419247
vn -0.2989970 -0.9204769 0.2516407
v 0.4561490 0.1636360 0.6550665
vt 0.791577101 0.226269081
vn -0.2989970 -0.9204769 0.2516407
v 0.4600000 0.1610000 0.6500000
vt 0.797350585 0.226269081
vn -0.2989970 -0.9204769 0.2516407
f 835/835/835 836/836/836 837/837/837
v 0.4639791 0.1636360 0.6643701
vt 0.791577101 0.222419247
vn -0.3013519 -0.9195753 0.2521274
v 0.4600000 0.1610000 0.6500000
vt 0.797350585 0.226269081
vn -0.3013519 -0.9195753 0.2521274
v 0.4697131 0.1610000 0.6616094
vt 0.797350585 0.222419247
vn -0.3013519 -0.9195753 0.2521274
f 838/838/838 839/839/839 840/840/840
v 0.4561490 0.1763640 0.6550665
vt 0.780030131 0.226269081
vn -0.3843310 0.3725208 0.8446999
v 0.4302598 0.1763640 0.6432871
vt 0.780030131 0.230117500
vn -0.3843310 0.3725208 0.8446999
v 0.4297936 0.1700000 0.6458816
vt 0.785803616 0.230117500
vn -0.3843310 0.3725208 0.8446999
f 841/841/841 842/842/842 843/843/843
v 0.4561490 0.1763640 0.6550665
vt 0.780030131 0.226269081
vn -0.3844873 0.3745956 0.8437107
v 0.4297936 0.1700000 0.6458816
vt 0.785803616 0.230117500
vn -0.3844873 0.3745956 0.8437107
v 0.4545539 0.1700000 0.6571651
vt 0.785803616 0.226269081
vn -0.3844873 0.3745956 0.8437107
f 844/844/844 845/845/845 846/846/846
v 0.4545539 0.1700000 0.6571651
vt 0.785803616 0.226269081
vn -0.3848419 -0.3724722 0.8444888
v 0.4297936 0.1700000 0.6458816
vt 0.785803616 0.230117500
vn -0.3848419 -0.3724722 0.8444888
v 0.4302598 0.1636360 0.6432871
vt 0.791577101 0.230117500
vn -0.3848419 -0.3724722 0.8444888
f 847/847/847 848/848/848 849/849/849
v 0.4545539 0.1700000 0.6571651
vt 0.785803616 0.226269081
vn -0.3839923 -0.3745522 0.8439553
v 0.4302598 0.1636360 0.6432871
vt 0.791577101 0.230117500
vn -0.3839923 -0.3745522 0.8439553
v 0.4561490 0.1636360 0.6550665
vt 0.791577101 0.226269081
vn -0.3839923 -0.3745522 0.8439553
f 850/850/850 851/851/851 852/852/852
v 0.4697131 0.1610000 0.6616094
vt 0.797350585 0.222419247
vn 0.2998975 -0.9203833 -0.2509105
v 0.4600000 0.1610000 0.6500000
vt 0.797350585 0.226269081
vn 0.2998975 -0.9203833 -0.2509105
v 0.4638510 0.1636360 0.6449335
vt 0.803124130 0.226269081
vn 0.2998975 -0.9203833 -0.2509105
f 853/853/853 854/854/854 855/855/855
v 0.4697131 0.1610000 0.6616094
vt 0.797350585 0.222419247
vn 0.3017176 -0.9196454 -0.2514337
v 0.4638510 0.1636360 0.6449335
vt 0.803124130 0.226269081
vn 0.3017176 -0.9196454 -0.2514337
v 0.4754470 0.1636360 0.6588486
vt 0.803124130 0.222419247
vn 0.3017176 -0.9196454 -0.2514337
f 856/856/856 857/857/857 858/858/858
v 0.4654461 0.1700000 0.6428348
vt 0.808897614 0.226269081
vn 0.3820547 0.3727301 -0.8456398
v 0.4329767 0.1700000 0.6281653
vt 0.808897614 0.230117500
vn 0.3820547 0.3727301 -0.8456398
v 0.4325106 0.1763640 0.6307598
vt 0.814671099 0.230117500
vn 0.3820547 0.3727301 -0.8456398
f 859/859/859 860/860/860 861/861/861
v 0.4654461 0.1700000 0.6428348
vt 0.808897614 0.226269081
vn 0.3820993 0.3743992 -0.8448819
v 0.4325106 0.1763640 0.6307598
vt 0.814671099 0.230117500
vn 0.3820993 0.3743992 -0.8448819
v 0.4638510 0.1763640 0.6449335
vt 0.814671099 0.226269081
vn 0.3820993 0.3743992 -0.8448819
f 862/862/862 863/863/863 864/864/864
v 0.4638510 0.1763640 0.6449335
vt 0.814671099 0.226269081
vn 0.1618733 0.9196113 -0.3579275
v 0.4325106 0.1763640 0.6307598
vt 0.814671099 0.230117500
vn 0.1618733 0.9196113 -0.3579275
v 0.4313852 0.1790000 0.6370234
vt 0.820444643 0.230117500
vn 0.1618733 0.9196113 -0.3579275
f 865/865/865 866/866/866 867/867/867
v 0.4638510 0.1763640 0.6449335
vt 0.814671099 0.226269081
vn 0.1614934 0.9203830 -0.3561109
v 0.4313852 0.1790000 0.6370234
vt 0.820444643 0.230117500
vn 0.1614934 0.9203830 -0.3561109
v 0.4600000 0.1790000 0.6500000
vt 0.820444643 0.226269081
vn 0.1614934 0.9203830 -0.3561109
f 868/868/868 869/869/869 870/870/870
v 0.4754470 0.1763640 0.6588486
vt 0.814671099 0.222419247
vn 0.3005005 0.9203204 -0.2504195
v 0.4638510 0.1763640 0.6449335
vt 0.814671099 0.226269081
vn 0.3005005 0.9203204 -0.2504195
v 0.4600000 0.1790000 0.6500000
vt 0.820444643 0.226269081
vn 0.3005005 0.9203204 -0.2504195
f 871/871/871 872/872/872 873/873/873
v 0.4754470 0.1763640 0.6588486
vt 0.814671099 0.222419247
vn 0.3013516 0.9195756 -0.2521271
v 0.4600000 0.1790000 0.6500000
vt 0.820444643 0.226269081
vn 0.3013516 0.9195756 -0.2521271
v 0.4697131 0.1790000 0.6616094
vt 0.820444643 0.222419247
vn 0.3013516 0.9195756 -0.2521271
f 874/874/874 875/875/875 876/876/876
v 0.4616040 0.1700000 0.6655136
vt 0.785803616 0.222419247
vn -0.7083269 -0.3747930 0.5981666
v 0.4545539 0.1700000 0.6571651
vt 0.785803616 0.226269081
vn -0.7083269 -0.3747930 0.5981666
v 0.4561490 0.1636360 0.6550665
vt 0.791577101 0.226269081
vn -0.7083269 -0.3747930 0.5981666
f 877/877/877 878/878/878 879/879/879
v 0.4616040 0.1700000 0.6655136
vt 0.785803616 0.222419247
vn -0.7100704 -0.3723792 0.5976067
v 0.4561490 0.1636360 0.6550665
vt 0.791577101 0.226269081
vn -0.7100704 -0.3723792 0.5976067
v 0.4639791 0.1636360 0.6643701
vt 0.791577101 0.222419247
vn -0.7100704 -0.3723792 0.5976067
f 880/880/880 881/881/881 882/882/882
v 0.4016565 0.1636360 0.6328216
vt 0.803124130 0.233967334
vn -0.3590533 -0.3819445 -0.8515862
v 0.3717143 0.1636360 0.6454461
vt 0.803124130 0.237815753
vn -0.3590533 -0.3819445 -0.8515862
v 0.3705280 0.1700000 0.6430920
vt 0.808897614 0.237815753
vn -0.3590533 -0.3819445 -0.8515862
f 883/883/883 884/884/884 885/885/885
v 0.4016565 0.1636360 0.6328216
vt 0.803124130 0.233967334
vn -0.3588743 -0.3783853 -0.8532490
v 0.3705280 0.1700000 0.6430920
vt 0.808897614 0.237815753
vn -0.3588743 -0.3783853 -0.8532490
v 0.4010408 0.1700000 0.6302584
vt 0.808897614 0.233967334
vn -0.3588743 -0.3783853 -0.8532490
f 886/886/886 887/887/887 888/888/888
v 0.4639791 0.1763640 0.6643701
vt 0.780030131 0.222419247
vn -0.7093640 0.3746722 0.5970121
v 0.4561490 0.1763640 0.6550665
vt 0.780030131 0.226269081
vn -0.7093640 0.3746722 0.5970121
v 0.4545539 0.1700000 0.6571651
vt 0.785803616 0.226269081
vn -0.7093640 0.3746722 0.5970121
f 889/889/889 890/890/890 891/891/891
v 0.4639791 0.1763640 0.6643701
vt 0.780030131 0.222419247
vn -0.7091119 0.3722412 0.5988296
v 0.4545539 0.1700000 0.6571651
vt 0.785803616 0.226269081
vn -0.7091119 0.3722412 0.5988296
v 0.4616040 0.1700000 0.6655136
vt 0.785803616 0.222419247
vn -0.7091119 0.3722412 0.5988296
f 892/892/892 893/893/893 894/894/894
v 0.4697131 0.1790000 0.6616094
vt 0.820444643 0.222419247
vn -0.2998959 0.9203842 0.2509092
v 0.4600000 0.1790000 0.6500000
vt 0.820444643 0.226269081
vn -0.2998959 0.9203842 0.2509092
v 0.4561490 0.1763640 0.6550665
vt 0.826218128 0.226269081
vn -0.2998959 0.9203842 0.2509092
f 895/895/895 896/896/896 897/897/897
v 0.4697131 0.1790000 0.6616094
vt 0.820444643 0.222419247
vn -0.3008052 0.9194700 0.2531624
v 0.4561490 0.1763640 0.6550665
vt 0.826218128 0.226269081
vn -0.3008052 0.9194700 0.2531624
v 0.4639791 0.1763640 0.6643701
vt 0.826218128 0.222419247
vn -0.3008052 0.9194700 0.2531624
f 898/898/898 899/899/899 900/900/900
v 0.4600000 0.1790000 0.6500000
vt 0.820444643 0.226269081
vn -0.1622751 0.9195766 0.3578347
v 0.4313852 0.1790000 0.6370234
vt 0.820444643 0.230117500
vn -0.1622751 0.9195766 0.3578347
v 0.4302598 0.1763640 0.6432871
vt 0.826218128 0.230117500
vn -0.1622751 0.9195766 0.3578347
f 901/901/901 902/902/902 903/903/903
v 0.4600000 0.1790000 0.6500000
vt 0.820444643 0.226269081
vn -0.1618959 0.9204240 0.3558221
v 0.4302598 0.1763640 0.6432871
vt 0.826218128 0.230117500
vn -0.1618959 0.9204240 0.3558221
v 0.4561490 0.1763640 0.6550665
vt 0.826218128 0.226269081
vn -0.1618959 0.9204240 0.3558221
f 904/904/904 905/905/905 906/906/906
v 0.4778221 0.1700000 0.6577051
vt 0.808897614 0.222419247
vn 0.7127607 0.3742781 -0.5932016
v 0.4654461 0.1700000 0.6428348
vt 0.808897614 0.226269081
vn 0.7127607 0.3742781 -0.5932016
v 0.4638510 0.1763640 0.6449335
vt 0.814671099 0.226269081
vn 0.7127607 0.3742781 -0.5932016
f 907/907/907 908/908/908 909/909/909
v 0.4778221 0.1700000 0.6577051
vt 0.808897614 0.222419247
vn 0.7128465 0.3727752 -0.5940443
v 0.4638510 0.1763640 0.6449335
vt 0.814671099 0.226269081
vn 0.7128465 0.3727752 -0.5940443
v 0.4754470 0.1763640 0.6588486
vt 0.814671099 0.222419247
vn 0.7128465 0.3727752 -0.5940443
f 910/910/910 911/911/911 912/912/912
v 0.4638510 0.1636360 0.6449335
vt 0.803124130 0.226269081
vn 0.3823814 -0.3726993 -0.8455057
v 0.4325106 0.1636360 0.6307598
vt 0.803124130 0.230117500
vn 0.3823814 -0.3726993 -0.8455057
v 0.4329767 0.1700000 0.6281653
vt 0.808897614 0.230117500
vn 0.3823814 -0.3726993 -0.8455057
f 913/913/913 914/914/914 915/915/915
v 0.4638510 0.1636360 0.6449335
vt 0.803124130 0.226269081
vn 0.3817826 -0.3743711 -0.8450376
v 0.4329767 0.1700000 0.6281653
vt 0.808897614 0.230117500
vn 0.3817826 -0.3743711 -0.8450376
v 0.4654461 0.1700000 0.6428348
vt 0.808897614 0.226269081
vn 0.3817826 -0.3743711 -0.8450376
f 916/916/916 917/917/917 918/918/918
v 0.4600000 0.1610000 0.6500000
vt 0.797350585 0.226269081
vn 0.1622772 -0.9195744 -0.3578394
v 0.4313852 0.1610000 0.6370234
vt 0.797350585 0.230117500
vn 0.1622772 -0.9195744 -0.3578394
v 0.4325106 0.1636360 0.6307598
vt 0.803124130 0.230117500
vn 0.1622772 -0.9195744 -0.3578394
f 919/919/919 920/920/920 921/921/921
v 0.4600000 0.1610000 0.6500000
vt 0.797350585 0.226269081
vn 0.1611590 -0.9203500 -0.3563479
v 0.4325106 0.1636360 0.6307598
vt 0.803124130 0.230117500
vn 0.1611590 -0.9203500 -0.3563479
v 0.4638510 0.1636360 0.6449335
vt 0.803124130 0.226269081
vn 0.1611590 -0.9203500 -0.3563479
f 922/922/922 923/923/923 924/924/924
v 0.4660727 0.1636360 0.6751991
vt 0.791577101 0.218570828
vn -0.3865920 -0.9192172 0.0747415
v 0.4639791 0.1636360 0.6643701
vt 0.791577101 0.222419247
vn -0.3865920 -0.9192172 0.0747415
v 0.4697131 0.1610000 0.6616094
vt 0.797350585 0.222419247
vn -0.3865920 -0.9192172 0.0747415
f 925/925/925 926/926/926 927/927/927
v 0.4660727 0.1636360 0.6751991
vt 0.791577101 0.218570828
vn -0.3794167 -0.9219993 0.0772033
v 0.4697131 0.1610000 0.6616094
vt 0.797350585 0.222419247
vn -0.3794167 -0.9219993 0.0772033
v 0.4724327 0.1610000 0.6749750
vt 0.797350585 0.218570828
vn -0.3794167 -0.9219993 0.0772033
f 928/928/928 929/929/929 930/930/930
v 0.4634383 0.1700000 0.6752919
vt 0.785803616 0.218570828
vn -0.9125790 -0.3713402 0.1711896
v 0.4616040 0.1700000 0.6655136
vt 0.785803616 0.222419247
vn -0.9125790 -0.3713402 0.1711896
v 0.4639791 0.1636360 0.6643701
vt 0.791577101 0.222419247
vn -0.9125790 -0.3713402 0.1711896
f 931/931/931 932/932/932 933/933/933
v 0.4634383 0.1700000 0.6752919
vt 0.785803616 0.218570828
vn -0.9086861 -0.3787163 0.1756803
v 0.4639791 0.1636360 0.6643701
vt 0.791577101 0.222419247
vn -0.9086861 -0.3787163 0.1756803
v 0.4660727 0.1636360 0.6751991
vt 0.791577101 0.218570828
vn -0.9086861 -0.3787163 0.1756803
f 934/934/934 935/935/935 936/936/936
v 0.4682039 0.1636360 0.7237484
vt 0.803124130 0.207024172
vn 0.8942239 -0.3821183 0.2331294
v 0.4767324 0.1636360 0.6910353
vt 0.803124130 0.214722425
vn 0.8942239 -0.3821183 0.2331294
v 0.4793181 0.1700000 0.6915483
vt 0.808897614 0.214722425
vn 0.8942239 -0.3821183 0.2331294
f 937/937/937 938/938/938 939/939/939
v 0.4682039 0.1636360 0.7237484
vt 0.803124130 0.207024172
vn 0.8943470 -0.3817611 0.2332425
v 0.4793181 0.1700000 0.6915483
vt 0.808897614 0.214722425
vn 0.8943470 -0.3817611 0.2332425
v 0.4707974 0.1700000 0.7242202
vt 0.808897614 0.207024172
vn 0.8943470 -0.3817611 0.2332425
f 940/940/940 941/941/941 942/942/942
v 0.4660727 0.1763640 0.6751991
vt 0.780030131 0.218570828
vn -0.9114299 0.3718136 0.1762108
v 0.4639791 0.1763640 0.6643701
vt 0.780030131 0.222419247
vn -0.9114299 0.3718136 0.1762108
v 0.4616040 0.1700000 0.6655136
vt 0.785803616 0.222419247
vn -0.9114299 0.3718136 0.1762108
f 943/943/943 944/944/944 945/945/945
v 0.4660727 0.1763640 0.6751991
vt 0.780030131 0.218570828
vn -0.9095346 0.3789938 0.1706185
v 0.4616040 0.1700000 0.6655136
vt 0.785803616 0.222419247
vn -0.9095346 0.3789938 0.1706185
v 0.4634383 0.1700000 0.6752919
vt 0.785803616 0.218570828
vn -0.9095346 0.3789938 0.1706185
f 946/946/946 947/947/947 948/948/948
v 0.4302598 0.1636360 0.6432871
vt 0.791577101 0.230117500
vn 0.0287625 -0.9220966 0.3858894
v 0.4046292 0.1636360 0.6451975
vt 0.791577101 0.233967334
vn 0.0287625 -0.9220966 0.3858894
v 0.4031429 0.1610000 0.6390095
vt 0.797350585 0.233967334
vn 0.0287625 -0.9220966 0.3858894
f 949/949/949 950/950/950 951/951/951
v 0.4302598 0.1636360 0.6432871
vt 0.791577101 0.230117500
vn 0.0275626 -0.9195767 0.3919426
v 0.4031429 0.1610000 0.6390095
vt 0.797350585 0.233967334
vn 0.0275626 -0.9195767 0.3919426
v 0.4313852 0.1610000 0.6370234
vt 0.797350585 0.230117500
vn 0.0275626 -0.9195767 0.3919426
f 952/952/952 953/953/953 954/954/954
v 0.4325106 0.1636360 0.6307598
vt 0.803124130 0.230117500
vn -0.0617291 -0.3780262 -0.9237347
v 0.4016565 0.1636360 0.6328216
vt 0.803124130 0.233967334
vn -0.0617291 -0.3780262 -0.9237347
v 0.4010408 0.1700000 0.6302584
vt 0.808897614 0.233967334
vn -0.0617291 -0.3780262 -0.9237347
f 955/955/955 956/956/956 957/957/957
v 0.4325106 0.1636360 0.6307598
vt 0.803124130 0.230117500
vn -0.0606797 -0.3730032 -0.9258438
v 0.4010408 0.1700000 0.6302584
vt 0.808897614 0.233967334
vn -0.0606797 -0.3730032 -0.9258438
v 0.4329767 0.1700000 0.6281653
vt 0.808897614 0.230117500
vn -0.0606797 -0.3730032 -0.9258438
f 958/958/958 959/959/959 960/960/960
v 0.4616622 0.1700000 0.6880457
vt 0.785803616 0.214722425
vn -0.9170552 -0.3777566 -0.1277096
v 0.4634383 0.1700000 0.6752919
vt 0.785803616 0.218570828
vn -0.9170552 -0.3777566 -0.1277096
v 0.4660727 0.1636360 0.6751991
vt 0.791577101 0.218570828
vn -0.9170552 -0.3777566 -0.1277096
f 961/961/961 962/962/962 963/963/963
v 0.4616622 0.1700000 0.6880457
vt 0.785803616 0.214722425
vn -0.9156246 -0.3820835 -0.1250750
v 0.4660727 0.1636360 0.6751991
vt 0.791577101 0.218570828
vn -0.9156246 -0.3820835 -0.1250750
v 0.4642478 0.1636360 0.6885586
vt 0.791577101 0.214722425
vn -0.9156246 -0.3820835 -0.1250750
f 964/964/964 965/965/965 966/966/966
v 0.4724327 0.1610000 0.6749750
vt 0.797350585 0.218570828
vn 0.3850259 -0.9195744 -0.0783447
v 0.4697131 0.1610000 0.6616094
vt 0.797350585 0.222419247
vn 0.3850259 -0.9195744 -0.0783447
v 0.4754470 0.1636360 0.6588486
vt 0.803124130 0.222419247
vn 0.3850259 -0.9195744 -0.0783447
f 967/967/967 968/968/968 969/969/969
v 0.4724327 0.1610000 0.6749750
vt 0.797350585 0.218570828
vn 0.3792573 -0.9218442 -0.0797939
v 0.4754470 0.1636360 0.6588486
vt 0.803124130 0.222419247
vn 0.3792573 -0.9218442 -0.0797939
v 0.4787928 0.1636360 0.6747510
vt 0.803124130 0.218570828
vn 0.3792573 -0.9218442 -0.0797939
f 970/970/970 971/971/971 972/972/972
v 0.4536361 0.1636360 0.7400000
vt 0.791577101 0.203174323
vn 0.0000000 -1.0000000 0.0000000
v 0.4556814 0.1636360 0.7214706
vt 0.791577101 0.207024172
vn 0.0000000 -1.0000000 0.0000000
v 0.4642478 0.1636360 0.6885586
vt 0.791577101 0.214722425
vn 0.0000000 -1.0000000 0.0000000
f 973/973/973 974/974/974 975/975/975
v 0.4642478 0.1636360 0.6885586
vt 0.791577101 0.214722425
vn -0.3839321 -0.9218708 -0.0524454
v 0.4660727 0.1636360 0.6751991
vt 0.791577101 0.218570828
vn -0.3839321 -0.9218708 -0.0524454
v 0.4724327 0.1610000 0.6749750
vt 0.797350585 0.218570828
vn -0.3839321 -0.9218708 -0.0524454
f 976/976/976 977/977/977 978/978/978
v 0.4724327 0.1610000 0.6749750
vt 0.797350585 0.218570828
vn 0.0000000 -1.0000000 0.0000000
v 0.4704901 0.1610000 0.6897970
vt 0.797350585 0.214722425
vn 0.0000000 -1.0000000 0.0000000
v 0.4619426 0.1610000 0.7226095
vt 0.797350585 0.207024172
vn 0.0000000 -1.0000000 0.0000000
f 979/979/979 980/980/980 981/981/981
v 0.4619426 0.1610000 0.7226095
vt 0.797350585 0.207024172
vn -0.3823327 -0.9230373 -0.0427085
v 0.4600000 0.1610000 0.7400000
vt 0.797350585 0.203174323
vn -0.3823327 -0.9230373 -0.0427085
v 0.4536361 0.1636360 0.7400000
vt 0.791577101 0.203174323
vn -0.3823327 -0.9230373 -0.0427085
f 982/982/982 983/983/983 984/984/984
v 0.4536361 0.1636360 0.7400000
vt 0.791577101 0.203174323
vn -0.4380053 -0.8944202 -0.0903547
v 0.4642478 0.1636360 0.6885586
vt 0.791577101 0.214722425
vn -0.4380053 -0.8944202 -0.0903547
v 0.4724327 0.1610000 0.6749750
vt 0.797350585 0.218570828
vn -0.4380053 -0.8944202 -0.0903547
f 985/985/985 986/986/986 987/987/987
v 0.4724327 0.1610000 0.6749750
vt 0.797350585 0.218570828
vn -0.5042551 -0.8563851 -0.1110472
v 0.4619426 0.1610000 0.7226095
vt 0.797350585 0.207024172
vn -0.5042551 -0.8563851 -0.1110472
v 0.4536361 0.1636360 0.7400000
vt 0.791577101 0.203174323
vn -0.5042551 -0.8563851 -0.1110472
f 988/988/988 989/989/989 990/990/990
v 0.4787928 0.1636360 0.6747510
vt 0.803124130 0.218570828
vn 0.9078928 -0.3731537 -0.1910162
v 0.4754470 0.1636360 0.6588486
vt 0.803124130 0.222419247
vn 0.9078928 -0.3731537 -0.1910162
v 0.4778221 0.1700000 0.6577051
vt 0.808897614 0.222419247
vn 0.9078928 -0.3731537 -0.1910162
f 991/991/991 992/992/992 993/993/993
v 0.4787928 0.1636360 0.6747510
vt 0.803124130 0.218570828
vn 0.9056708 -0.3777148 -0.1925925
v 0.4778221 0.1700000 0.6577051
vt 0.808897614 0.222419247
vn 0.9056708 -0.3777148 -0.1925925
v 0.4814272 0.1700000 0.6746582
vt 0.808897614 0.218570828
vn 0.9056708 -0.3777148 -0.1925925
f 994/994/994 995/995/995 996/996/996
v 0.3137017 0.1790000 0.6864534
vt 0.820444643 0.245514005
vn 0.1434776 0.9230394 0.3569487
v 0.2800000 0.1790000 0.7000000
vt 0.820444643 0.249362424
vn 0.1434776 0.9230394 0.3569487
v 0.2817033 0.1763640 0.7061318
vt 0.826218128 0.249362424
vn 0.1434776 0.9230394 0.3569487
f 997/997/997 998/998/998 999/999/999
v 0.2817033 0.1763640 0.7061318
vt 0.826218128 0.249362424
vn 0.0000000 1.0000000 0.0000000
v 0.3164749 0.1763640 0.6921814
vt 0.826218128 0.245514005
vn 0.0000000 1.0000000 0.0000000
v 0.3774421 0.1763640 0.6568123
vt 0.826218128 0.237815753
vn 0.0000000 1.0000000 0.0000000
f 1000/1000/1000 1001/1001/1001 1002/1002/1002
v 0.3774421 0.1763640 0.6568123
vt 0.826218128 0.237815753
vn 0.1521676 0.9219428 0.3561833
v 0.4046292 0.1763640 0.6451975
vt 0.826218128 0.233967334
vn 0.1521676 0.9219428 0.3561833
v 0.4031429 0.1790000 0.6390095
vt 0.820444643 0.233967334
vn 0.1521676 0.9219428 0.3561833
f 1003/1003/1003 1004/1004/1004 1005/1005/1005
v 0.4031429 0.1790000 0.6390095
vt 0.820444643 0.233967334
vn 0.0000000 1.0000000 0.0000000
v 0.3745782 0.1790000 0.6511292
vt 0.820444643 0.237815753
vn 0.0000000 1.0000000 0.0000000
v 0.3137017 0.1790000 0.6864534
vt 0.820444643 0.245514005
vn 0.0000000 1.0000000 0.0000000
f 1006/1006/1006 1007/1007/1007 1008/1008/1008
v 0.3137017 0.1790000 0.6864534
vt 0.820444643 0.245514005
vn 0.3115491 0.7329264 0.6047778
v 0.2817033 0.1763640 0.7061318
vt 0.826218128 0.249362424
vn 0.3115491 0.7329264 0.6047778
v 0.3774421 0.1763640 0.6568123
vt 0.826218128 0.237815753
vn 0.3115491 0.7329264 0.6047778
f 1009/1009/1009 1010/1010/1010 1011/1011/1011
v 0.3137017 0.1790000 0.6864534
vt 0.820444643 0.245514005
vn 0.2726967 0.8132347 0.5140874
v 0.3774421 0.1763640 0.6568123
vt 0.826218128 0.237815753
vn 0.2726967 0.8132347 0.5140874
v 0.4031429 0.1790000 0.6390095
vt 0.820444643 0.233967334
vn 0.2726967 0.8132347 0.5140874
f 1012/1012/1012 1013/1013/1013 1014/1014/1014
v 0.3745782 0.1610000 0.6511292
vt 0.797350585 0.237815753
vn 0.0000000 -1.0000000 0.0000000
v 0.3137017 0.1610000 0.6864534
vt 0.797350585 0.245514005
vn 0.0000000 -1.0000000 0.0000000
v 0.2800000 0.1610000 0.7000000
vt 0.797350585 0.249362424
vn 0.0000000 -1.0000000 0.0000000
f 1015/1015/1015 1016/1016/1016 1017/1017/1017
v 0.2800000 0.1610000 0.7000000
vt 0.797350585 0.249362424
vn -0.1437352 -0.9230276 -0.3568756
v 0.2782967 0.1636360 0.6938682
vt 0.803124130 0.249362424
vn -0.1437352 -0.9230276 -0.3568756
v 0.3109286 0.1636360 0.6807254
vt 0.803124130 0.245514005
vn -0.1437352 -0.9230276 -0.3568756
f 1018/1018/1018 1019/1019/1019 1020/1020/1020
v 0.3109286 0.1636360 0.6807254
vt 0.803124130 0.245514005
vn 0.0000000 -1.0000000 0.0000000
v 0.3717143 0.1636360 0.6454461
vt 0.803124130 0.237815753
vn 0.0000000 -1.0000000 0.0000000
v 0.4016565 0.1636360 0.6328216
vt 0.803124130 0.233967334
vn 0.0000000 -1.0000000 0.0000000
f 1021/1021/1021 1022/1022/1022 1023/1023/1023
v 0.4016565 0.1636360 0.6328216
vt 0.803124130 0.233967334
vn -0.1512335 -0.9219976 -0.3564391
v 0.4031429 0.1610000 0.6390095
vt 0.797350585 0.233967334
vn -0.1512335 -0.9219976 -0.3564391
v 0.3745782 0.1610000 0.6511292
vt 0.797350585 0.237815753
vn -0.1512335 -0.9219976 -0.3564391
f 1024/1024/1024 1025/1025/1025 1026/1026/1026
v 0.3745782 0.1610000 0.6511292
vt 0.797350585 0.237815753
vn -0.3072880 -0.7429155 -0.5946853
v 0.2800000 0.1610000 0.7000000
vt 0.797350585 0.249362424
vn -0.3072880 -0.7429155 -0.5946853
v 0.3109286 0.1636360 0.6807254
vt 0.803124130 0.245514005
vn -0.3072880 -0.7429155 -0.5946853
f 1027/1027/1027 1028/1028/1028 1029/1029/1029
v 0.3109286 0.1636360 0.6807254
vt 0.803124130 0.245514005
vn -0.2785323 -0.8025787 -0.5275294
v 0.4016565 0.1636360 0.6328216
vt 0.803124130 0.233967334
vn -0.2785323 -0.8025787 -0.5275294
v 0.3745782 0.1610000 0.6511292
vt 0.797350585 0.237815753
vn -0.2785323 -0.8025787 -0.5275294
f 1030/1030/1030 1031/1031/1031 1032/1032/1032
v 0.4010408 0.1700000 0.6302584
vt 0.808897614 0.233967334
vn -0.3583103 0.3819250 -0.8519078
v 0.3705280 0.1700000 0.6430920
vt 0.808897614 0.237815753
vn -0.3583103 0.3819250 -0.8519078
v 0.3717143 0.1763640 0.6454461
vt 0.814671099 0.237815753
vn -0.3583103 0.3819250 -0.8519078
f 1033/1033/1033 1034/1034/1034 1035/1035/1035
v 0.4010408 0.1700000 0.6302584
vt 0.808897614 0.233967334
vn -0.3596291 0.3783385 -0.8529518
v 0.3717143 0.1763640 0.6454461
vt 0.814671099 0.237815753
vn -0.3596291 0.3783385 -0.8529518
v 0.4016565 0.1763640 0.6328216
vt 0.814671099 0.233967334
vn -0.3596291 0.3783385 -0.8529518
f 1036/1036/1036 1037/1037/1037 1038/1038/1038
v 0.3774421 0.1636360 0.6568123
vt 0.791577101 0.237815753
vn 0.0000000 -1.0000000 0.0000000
v 0.3164749 0.1636360 0.6921814
vt 0.791577101 0.245514005
vn 0.0000000 -1.0000000 0.0000000
v 0.2817033 0.1636360 0.7061318
vt 0.791577101 0.249362424
vn 0.0000000 -1.0000000 0.0000000
f 1039/1039/1039 1040/1040/1040 1041/1041/1041
v 0.2817033 0.1636360 0.7061318
vt 0.791577101 0.249362424
vn 0.1434776 -0.9230394 0.3569487
v 0.2800000 0.1610000 0.7000000
vt 0.797350585 0.249362424
vn 0.1434776 -0.9230394 0.3569487
v 0.3137017 0.1610000 0.6864534
vt 0.797350585 0.245514005
vn 0.1434776 -0.9230394 0.3569487
f 1042/1042/1042 1043/1043/1043 1044/1044/1044
v 0.3137017 0.1610000 0.6864534
vt 0.797350585 0.245514005
vn 0.0000000 -1.0000000 0.0000000
v 0.3745782 0.1610000 0.6511292
vt 0.797350585 0.237815753
vn 0.0000000 -1.0000000 0.0000000
v 0.4031429 0.1610000 0.6390095
vt 0.797350585 0.233967334
vn 0.0000000 -1.0000000 0.0000000
f 1045/1045/1045 1046/1046/1046 1047/1047/1047
v 0.4031429 0.1610000 0.6390095
vt 0.797350585 0.233967334
vn 0.1521676 -0.9219428 0.3561833
v 0.4046292 0.1636360 0.6451975
vt 0.791577101 0.233967334
vn 0.1521676 -0.9219428 0.3561833
v 0.3774421 0.1636360 0.6568123
vt 0.791577101 0.237815753
vn 0.1521676 -0.9219428 0.3561833
f 1048/1048/1048 1049/1049/1049 1050/1050/1050
v 0.3774421 0.1636360 0.6568123
vt 0.791577101 0.237815753
vn 0.3115491 -0.7329264 0.6047778
v 0.2817033 0.1636360 0.7061318
vt 0.791577101 0.249362424
vn 0.3115491 -0.7329264 0.6047778
v 0.3137017 0.1610000 0.6864534
vt 0.797350585 0.245514005
vn 0.3115491 -0.7329264 0.6047778
f 1051/1051/1051 1052/1052/1052 1053/1053/1053
v 0.3137017 0.1610000 0.6864534
vt 0.797350585 0.245514005
vn 0.2726967 -0.8132347 0.5140874
v 0.4031429 0.1610000 0.6390095
vt 0.797350585 0.233967334
vn 0.2726967 -0.8132347 0.5140874
v 0.3774421 0.1636360 0.6568123
vt 0.791577101 0.237815753
vn 0.2726967 -0.8132347 0.5140874
f 1054/1054/1054 1055/1055/1055 1056/1056/1056
v 0.4814272 0.1700000 0.6746582
vt 0.808897614 0.218570828
vn 0.9074111 0.3733236 -0.1929626
v 0.4778221 0.1700000 0.6577051
vt 0.808897614 0.222419247
vn 0.9074111 0.3733236 -0.1929626
v 0.4754470 0.1763640 0.6588486
vt 0.814671099 0.222419247
vn 0.9074111 0.3733236 -0.1929626
f 1057/1057/1057 1058/1058/1058 1059/1059/1059
v 0.4814272 0.1700000 0.6746582
vt 0.808897614 0.218570828
vn 0.9060358 0.3778372 -0.1906255
v 0.4754470 0.1763640 0.6588486
vt 0.814671099 0.222419247
vn 0.9060358 0.3778372 -0.1906255
v 0.4787928 0.1763640 0.6747510
vt 0.814671099 0.218570828
vn 0.9060358 0.3778372 -0.1906255
f 1060/1060/1060 1061/1061/1061 1062/1062/1062
v 0.3176235 0.1700000 0.6945540
vt 0.785803616 0.245514005
vn 0.4637991 -0.3817572 0.7994698
v 0.3164749 0.1636360 0.6921814
vt 0.791577101 0.245514005
vn 0.4637991 -0.3817572 0.7994698
v 0.3774421 0.1636360 0.6568123
vt 0.791577101 0.237815753
vn 0.4637991 -0.3817572 0.7994698
f 1063/1063/1063 1064/1064/1064 1065/1065/1065
v 0.3176235 0.1700000 0.6945540
vt 0.785803616 0.245514005
vn 0.4636951 -0.3821055 0.7993637
v 0.3774421 0.1636360 0.6568123
vt 0.791577101 0.237815753
vn 0.4636951 -0.3821055 0.7993637
v 0.3786283 0.1700000 0.6591663
vt 0.785803616 0.237815753
vn 0.4636951 -0.3821055 0.7993637
f 1066/1066/1066 1067/1067/1067 1068/1068/1068
v 0.4642478 0.1763640 0.6885586
vt 0.780030131 0.214722425
vn -0.9173260 0.3779037 -0.1253074
v 0.4660727 0.1763640 0.6751991
vt 0.780030131 0.218570828
vn -0.9173260 0.3779037 -0.1253074
v 0.4634383 0.1700000 0.6752919
vt 0.785803616 0.218570828
vn -0.9173260 0.3779037 -0.1253074
f 1069/1069/1069 1070/1070/1070 1071/1071/1071
v 0.4642478 0.1763640 0.6885586
vt 0.780030131 0.214722425
vn -0.9152745 0.3821336 -0.1274616
v 0.4634383 0.1700000 0.6752919
vt 0.785803616 0.218570828
vn -0.9152745 0.3821336 -0.1274616
v 0.4616622 0.1700000 0.6880457
vt 0.785803616 0.214722425
vn -0.9152745 0.3821336 -0.1274616
f 1072/1072/1072 1073/1073/1073 1074/1074/1074
v 0.4642478 0.1763640 0.6885586
vt 0.780030131 0.214722425
vn -0.8943385 0.3821095 -0.2327037
v 0.4616622 0.1700000 0.6880457
vt 0.785803616 0.214722425
vn -0.8943385 0.3821095 -0.2327037
v 0.4530879 0.1700000 0.7209989
vt 0.785803616 0.207024172
vn -0.8943385 0.3821095 -0.2327037
f 1075/1075/1075 1076/1076/1076 1077/1077/1077
v 0.4642478 0.1763640 0.6885586
vt 0.780030131 0.214722425
vn -0.8944547 0.3817727 -0.2328097
v 0.4530879 0.1700000 0.7209989
vt 0.785803616 0.207024172
vn -0.8944547 0.3817727 -0.2328097
v 0.4556814 0.1763640 0.7214706
vt 0.780030131 0.207024172
vn -0.8944547 0.3817727 -0.2328097
f 1078/1078/1078 1079/1079/1079 1080/1080/1080
v 0.4536361 0.1763640 0.7400000
vt 0.780030131 0.203174323
vn -0.9186306 0.3818848 -0.1013998
v 0.4556814 0.1763640 0.7214706
vt 0.780030131 0.207024172
vn -0.9186306 0.3818848 -0.1013998
v 0.4530879 0.1700000 0.7209989
vt 0.785803616 0.207024172
vn -0.9186306 0.3818848 -0.1013998
f 1081/1081/1081 1082/1082/1082 1083/1083/1083
v 0.4536361 0.1763640 0.7400000
vt 0.780030131 0.203174323
vn -0.9191529 0.3807327 -0.1009988
v 0.4530879 0.1700000 0.7209989
vt 0.785803616 0.207024172
vn -0.9191529 0.3807327 -0.1009988
v 0.4510000 0.1700000 0.7400000
vt 0.785803616 0.203174323
vn -0.9191529 0.3807327 -0.1009988
f 1084/1084/1084 1085/1085/1085 1086/1086/1086
v 0.3109286 0.1636360 0.6807254
vt 0.803124130 0.245514005
vn -0.3454733 -0.3806410 -0.8577649
v 0.2782967 0.1636360 0.6938682
vt 0.803124130 0.249362424
vn -0.3454733 -0.3806410 -0.8577649
v 0.2775912 0.1700000 0.6913283
vt 0.808897614 0.249362424
vn -0.3454733 -0.3806410 -0.8577649
f 1087/1087/1087 1088/1088/1088 1089/1089/1089
v 0.3109286 0.1636360 0.6807254
vt 0.803124130 0.245514005
vn -0.3455302 -0.3819362 -0.8571662
v 0.2775912 0.1700000 0.6913283
vt 0.808897614 0.249362424
vn -0.3455302 -0.3819362 -0.8571662
v 0.3097799 0.1700000 0.6783528
vt 0.808897614 0.245514005
vn -0.3455302 -0.3819362 -0.8571662
f 1090/1090/1090 1091/1091/1091 1092/1092/1092
v 0.4510000 0.1700000 0.7400000
vt 0.785803616 0.203174323
vn -0.9186851 -0.3818734 -0.1009474
v 0.4530879 0.1700000 0.7209989
vt 0.785803616 0.207024172
vn -0.9186851 -0.3818734 -0.1009474
v 0.4556814 0.1636360 0.7214706
vt 0.791577101 0.207024172
vn -0.9186851 -0.3818734 -0.1009474
f 1093/1093/1093 1094/1094/1094 1095/1095/1095
v 0.4510000 0.1700000 0.7400000
vt 0.785803616 0.203174323
vn -0.9191102 -0.3807149 -0.1014527
v 0.4556814 0.1636360 0.7214706
vt 0.791577101 0.207024172
vn -0.9191102 -0.3807149 -0.1014527
v 0.4536361 0.1636360 0.7400000
vt 0.791577101 0.203174323
vn -0.9191102 -0.3807149 -0.1014527
f 1096/1096/1096 1097/1097/1097 1098/1098/1098
v 0.4690000 0.1700000 0.7400000
vt 0.808897614 0.203174323
vn 0.9182413 0.3819603 0.1045912
v 0.4707974 0.1700000 0.7242202
vt 0.808897614 0.207024172
vn 0.9182413 0.3819603 0.1045912
v 0.4682039 0.1763640 0.7237484
vt 0.814671099 0.207024172
vn 0.9182413 0.3819603 0.1045912
f 1099/1099/1099 1100/1100/1100 1101/1101/1101
v 0.4690000 0.1700000 0.7400000
vt 0.808897614 0.203174323
vn 0.9188690 0.3806021 0.1040285
v 0.4682039 0.1763640 0.7237484
vt 0.814671099 0.207024172
vn 0.9188690 0.3806021 0.1040285
v 0.4663640 0.1763640 0.7400000
vt 0.814671099 0.203174323
vn 0.9188690 0.3806021 0.1040285
f 1102/1102/1102 1103/1103/1103 1104/1104/1104
v 0.4754470 0.1636360 0.6588486
vt 0.803124130 0.222419247
vn 0.7123668 -0.3743255 -0.5936446
v 0.4638510 0.1636360 0.6449335
vt 0.803124130 0.226269081
vn 0.7123668 -0.3743255 -0.5936446
v 0.4654461 0.1700000 0.6428348
vt 0.808897614 0.226269081
vn 0.7123668 -0.3743255 -0.5936446
f 1105/1105/1105 1106/1106/1106 1107/1107/1107
v 0.4754470 0.1636360 0.6588486
vt 0.803124130 0.222419247
vn 0.7132100 -0.3728265 -0.5935755
v 0.4654461 0.1700000 0.6428348
vt 0.808897614 0.226269081
vn 0.7132100 -0.3728265 -0.5935755
v 0.4778221 0.1700000 0.6577051
vt 0.808897614 0.222419247
vn 0.7132100 -0.3728265 -0.5935755
f 1108/1108/1108 1109/1109/1109 1110/1110/1110
v 0.4663640 0.1636360 0.7400000
vt 0.803124130 0.203174323
vn 0.9183184 -0.3819454 0.1039662
v 0.4682039 0.1636360 0.7237484
vt 0.803124130 0.207024172
vn 0.9183184 -0.3819454 0.1039662
v 0.4707974 0.1700000 0.7242202
vt 0.808897614 0.207024172
vn 0.9183184 -0.3819454 0.1039662
f 1111/1111/1111 1112/1112/1112 1113/1113/1113
v 0.4663640 0.1636360 0.7400000
vt 0.803124130 0.203174323
vn 0.9188082 -0.3805770 0.1046557
v 0.4707974 0.1700000 0.7242202
vt 0.808897614 0.207024172
vn 0.9188082 -0.3805770 0.1046557
v 0.4690000 0.1700000 0.7400000
vt 0.808897614 0.203174323
vn 0.9188082 -0.3805770 0.1046557
f 1114/1114/1114 1115/1115/1115 1116/1116/1116
o pz_barbecue_full_jorge_|_EDITABLE_curved_hood_handle
usemtl body
v 0.1893934 -0.2550000 0.9123934
vt 0.100596920 0.892980278
vn 0.0000000 1.0000000 0.0000000
v 0.2106066 -0.2550000 0.9123934
vt 0.100596920 0.900634348
vn 0.0000000 1.0000000 0.0000000
v 0.2000000 -0.2550000 0.9080000
vt 0.102054849 0.896989524
vn 0.0000000 1.0000000 0.0000000
f 1117/1117/1117 1118/1118/1118 1119/1119/1119
v 0.1850000 -0.2550000 0.9230000
vt 0.103447519 0.819226503
vn 0.0000000 1.0000000 0.0000000
v 0.2106066 -0.2550000 0.9123934
vt 0.103447519 0.809271395
vn 0.0000000 1.0000000 0.0000000
v 0.1893934 -0.2550000 0.9123934
vt 0.100364909 0.816277325
vn 0.0000000 1.0000000 0.0000000
f 1120/1120/1120 1121/1121/1121 1122/1122/1122
v 0.1850000 -0.2550000 0.9230000
vt 0.359442860 0.883645356
vn 0.0000000 1.0000000 0.0000000
v 0.2150000 -0.2550000 0.9230000
vt 0.363967568 0.873691022
vn 0.0000000 1.0000000 0.0000000
v 0.2106066 -0.2550000 0.9123934
vt 0.359563529 0.873691022
vn 0.0000000 1.0000000 0.0000000
f 1123/1123/1123 1124/1124/1124 1125/1125/1125
v 0.1893934 -0.2550000 0.9336066
vt 0.734430730 0.468723476
vn 0.0000000 1.0000000 0.0000000
v 0.2150000 -0.2550000 0.9230000
vt 0.730421424 0.459246963
vn 0.0000000 1.0000000 0.0000000
v 0.1850000 -0.2550000 0.9230000
vt 0.730421424 0.470545888
vn 0.0000000 1.0000000 0.0000000
f 1126/1126/1126 1127/1127/1127 1128/1128/1128
v 0.1893934 -0.2550000 0.9336066
vt 0.100095861 0.797062039
vn 0.0000000 1.0000000 0.0000000
v 0.2106066 -0.2550000 0.9336066
vt 0.103220232 0.789677143
vn 0.0000000 1.0000000 0.0000000
v 0.2150000 -0.2550000 0.9230000
vt 0.100095861 0.786772311
vn 0.0000000 1.0000000 0.0000000
f 1129/1129/1129 1130/1130/1130 1131/1131/1131
v 0.2000000 -0.2550000 0.9380000
vt 0.102054924 0.856532097
vn 0.0000000 1.0000000 0.0000000
v 0.2106066 -0.2550000 0.9336066
vt 0.100232512 0.852887273
vn 0.0000000 1.0000000 0.0000000
v 0.1893934 -0.2550000 0.9336066
vt 0.100232512 0.860541344
vn 0.0000000 1.0000000 0.0000000
f 1132/1132/1132 1133/1133/1133 1134/1134/1134
v -0.2106066 -0.2550000 0.9123934
vt 0.100596920 0.872933745
vn 0.0000000 1.0000000 0.0000000
v -0.1893934 -0.2550000 0.9123934
vt 0.100596920 0.880587876
vn 0.0000000 1.0000000 0.0000000
v -0.2000000 -0.2550000 0.9080000
vt 0.102419332 0.876943052
vn 0.0000000 1.0000000 0.0000000
f 1135/1135/1135 1136/1136/1136 1137/1137/1137
v -0.2150000 -0.2550000 0.9230000
vt 0.103714406 0.841245115
vn 0.0000000 1.0000000 0.0000000
v -0.1893934 -0.2550000 0.9123934
vt 0.103714406 0.831290007
vn 0.0000000 1.0000000 0.0000000
v -0.2106066 -0.2550000 0.9123934
vt 0.100631803 0.838295937
vn 0.0000000 1.0000000 0.0000000
f 1138/1138/1138 1139/1139/1139 1140/1140/1140
v -0.2150000 -0.2550000 0.9230000
vt 0.288305014 0.832111835
vn 0.0000000 1.0000000 0.0000000
v -0.1850000 -0.2550000 0.9230000
vt 0.288305014 0.843046248
vn 0.0000000 1.0000000 0.0000000
v -0.1893934 -0.2550000 0.9123934
vt 0.291949838 0.841588318
vn 0.0000000 1.0000000 0.0000000
f 1141/1141/1141 1142/1142/1142 1143/1143/1143
v -0.2106066 -0.2550000 0.9336066
vt 0.871840358 0.872569203
vn 0.0000000 1.0000000 0.0000000
v -0.1850000 -0.2550000 0.9230000
vt 0.868195534 0.863457203
vn 0.0000000 1.0000000 0.0000000
v -0.2150000 -0.2550000 0.9230000
vt 0.868195534 0.874391615
vn 0.0000000 1.0000000 0.0000000
f 1144/1144/1144 1145/1145/1145 1146/1146/1146
v -0.2106066 -0.2550000 0.9336066
vt 0.868195474 0.886419594
vn 0.0000000 1.0000000 0.0000000
v -0.1893934 -0.2550000 0.9336066
vt 0.868195474 0.894073725
vn 0.0000000 1.0000000 0.0000000
v -0.1850000 -0.2550000 0.9230000
vt 0.872204721 0.895531654
vn 0.0000000 1.0000000 0.0000000
f 1147/1147/1147 1148/1148/1148 1149/1149/1149
v -0.2000000 -0.2550000 0.9380000
vt 0.360836953 0.899176419
vn 0.0000000 1.0000000 0.0000000
v -0.1893934 -0.2550000 0.9336066
vt 0.359379023 0.895531595
vn 0.0000000 1.0000000 0.0000000
v -0.2106066 -0.2550000 0.9336066
vt 0.359379023 0.903185725
vn 0.0000000 1.0000000 0.0000000
f 1150/1150/1150 1151/1151/1151 1152/1152/1152
v 0.2111342 -0.2599277 0.9123934
vt 0.957452953 0.623336494
vn 0.0000000 0.0000000 -1.0000000
v 0.2140595 -0.2721069 0.9123934
vt 0.948921084 0.623336494
vn 0.0000000 0.0000000 -1.0000000
v 0.2148967 -0.2799678 0.9123934
vt 0.944654047 0.623336494
vn 0.0000000 0.0000000 -1.0000000
f 1153/1153/1153 1154/1154/1154 1155/1155/1155
v 0.2148967 -0.2799678 0.9123934
vt 0.944654047 0.623336494
vn 0.3835129 0.0454064 -0.9224187
v 0.2042943 -0.2796682 0.9080000
vt 0.944654047 0.632935464
vn 0.3835129 0.0454064 -0.9224187
v 0.2036233 -0.2740008 0.9080000
vt 0.948921084 0.632935464
vn 0.3835129 0.0454064 -0.9224187
f 1156/1156/1156 1157/1157/1157 1158/1158/1158
v 0.2036233 -0.2740008 0.9080000
vt 0.948921084 0.632935464
vn 0.0000000 0.0000000 -1.0000000
v 0.2006710 -0.2616662 0.9080000
vt 0.957452953 0.632935464
vn 0.0000000 0.0000000 -1.0000000
v 0.2000000 -0.2550000 0.9080000
vt 0.961719215 0.632935464
vn 0.0000000 0.0000000 -1.0000000
f 1159/1159/1159 1160/1160/1160 1161/1161/1161
v 0.2000000 -0.2550000 0.9080000
vt 0.961719215 0.632935464
vn 0.3823627 0.0409382 -0.9231050
v 0.2106066 -0.2550000 0.9123934
vt 0.961719215 0.623336494
vn 0.3823627 0.0409382 -0.9231050
v 0.2111342 -0.2599277 0.9123934
vt 0.957452953 0.623336494
vn 0.3823627 0.0409382 -0.9231050
f 1162/1162/1162 1163/1163/1163 1164/1164/1164
v 0.2111342 -0.2599277 0.9123934
vt 0.957452953 0.623336494
vn 0.3960304 0.0743540 -0.9152222
v 0.2148967 -0.2799678 0.9123934
vt 0.944654047 0.623336494
vn 0.3960304 0.0743540 -0.9152222
v 0.2036233 -0.2740008 0.9080000
vt 0.948921084 0.632935464
vn 0.3960304 0.0743540 -0.9152222
f 1165/1165/1165 1166/1166/1166 1167/1167/1167
v 0.2036233 -0.2740008 0.9080000
vt 0.948921084 0.632935464
vn 0.3946469 0.0752558 -0.9157459
v 0.2000000 -0.2550000 0.9080000
vt 0.961719215 0.632935464
vn 0.3946469 0.0752558 -0.9157459
v 0.2111342 -0.2599277 0.9123934
vt 0.957452953 0.623336494
vn 0.3946469 0.0752558 -0.9157459
f 1168/1168/1168 1169/1169/1169 1170/1170/1170
v -0.2154681 -0.2592076 0.9230000
vt 0.889193058 0.613737464
vn -0.9190378 0.1022415 -0.3806785
v -0.2150000 -0.2550000 0.9230000
vt 0.884927452 0.613737464
vn -0.9190378 0.1022415 -0.3806785
v -0.2106066 -0.2550000 0.9123934
vt 0.884927452 0.623336494
vn -0.9190378 0.1022415 -0.3806785
f 1171/1171/1171 1172/1172/1172 1173/1173/1173
v -0.2154681 -0.2592076 0.9230000
vt 0.889193058 0.613737464
vn -0.9188577 0.0983788 -0.3821283
v -0.2106066 -0.2550000 0.9123934
vt 0.884927452 0.623336494
vn -0.9188577 0.0983788 -0.3821283
v -0.2111342 -0.2599277 0.9123934
vt 0.889193058 0.623336494
vn -0.9188577 0.0983788 -0.3821283
f 1174/1174/1174 1175/1175/1175 1176/1176/1176
v 0.2150000 -0.2550000 0.9230000
vt 0.961719215 0.613737464
vn 0.9184123 0.1021720 -0.3822038
v 0.2154681 -0.2592076 0.9230000
vt 0.957452953 0.613737464
vn 0.9184123 0.1021720 -0.3822038
v 0.2111342 -0.2599277 0.9123934
vt 0.957452953 0.623336494
vn 0.9184123 0.1021720 -0.3822038
f 1177/1177/1177 1178/1178/1178 1179/1179/1179
v 0.2150000 -0.2550000 0.9230000
vt 0.961719215 0.613737464
vn 0.9193924 0.0984360 -0.3808254
v 0.2111342 -0.2599277 0.9123934
vt 0.957452953 0.623336494
vn 0.9193924 0.0984360 -0.3808254
v 0.2106066 -0.2550000 0.9123934
vt 0.961719215 0.623336494
vn 0.9193924 0.0984360 -0.3808254
f 1180/1180/1180 1181/1181/1181 1182/1182/1182
v 0.2192883 -0.2800919 0.9230000
vt 0.944654047 0.613737464
vn 0.9097533 -0.1747173 -0.3765936
v 0.2172696 -0.2906033 0.9230000
vt 0.940388501 0.613737464
vn 0.9097533 -0.1747173 -0.3765936
v 0.2131941 -0.2889625 0.9123934
vt 0.940388501 0.623336494
vn 0.9097533 -0.1747173 -0.3765936
f 1183/1183/1183 1184/1184/1184 1185/1185/1185
v 0.2192883 -0.2800919 0.9230000
vt 0.944654047 0.613737464
vn 0.9094281 -0.1721442 -0.3785588
v 0.2131941 -0.2889625 0.9123934
vt 0.940388501 0.623336494
vn 0.9094281 -0.1721442 -0.3785588
v 0.2148967 -0.2799678 0.9123934
vt 0.944654047 0.623336494
vn 0.9094281 -0.1721442 -0.3785588
f 1186/1186/1186 1187/1187/1187 1188/1188/1188
v 0.2036233 -0.2740008 0.9380000
vt 0.948921084 0.594539404
vn 0.3835129 0.0454064 0.9224187
v 0.2042943 -0.2796682 0.9380000
vt 0.944654047 0.594539404
vn 0.3835129 0.0454064 0.9224187
v 0.2148967 -0.2799678 0.9336066
vt 0.944654047 0.604138434
vn 0.3835129 0.0454064 0.9224187
f 1189/1189/1189 1190/1190/1190 1191/1191/1191
v 0.2148967 -0.2799678 0.9336066
vt 0.944654047 0.604138434
vn 0.0000000 0.0000000 1.0000000
v 0.2140595 -0.2721069 0.9336066
vt 0.948921084 0.604138434
vn 0.0000000 0.0000000 1.0000000
v 0.2111342 -0.2599277 0.9336066
vt 0.957452953 0.604138434
vn 0.0000000 0.0000000 1.0000000
f 1192/1192/1192 1193/1193/1193 1194/1194/1194
v 0.2111342 -0.2599277 0.9336066
vt 0.957452953 0.604138434
vn 0.3823627 0.0409382 0.9231050
v 0.2106066 -0.2550000 0.9336066
vt 0.961719215 0.604138434
vn 0.3823627 0.0409382 0.9231050
v 0.2000000 -0.2550000 0.9380000
vt 0.961719215 0.594539404
vn 0.3823627 0.0409382 0.9231050
f 1195/1195/1195 1196/1196/1196 1197/1197/1197
v 0.2000000 -0.2550000 0.9380000
vt 0.961719215 0.594539404
vn 0.0000000 0.0000000 1.0000000
v 0.2006710 -0.2616662 0.9380000
vt 0.957452953 0.594539404
vn 0.0000000 0.0000000 1.0000000
v 0.2036233 -0.2740008 0.9380000
vt 0.948921084 0.594539404
vn 0.0000000 0.0000000 1.0000000
f 1198/1198/1198 1199/1199/1199 1200/1200/1200
v 0.2036233 -0.2740008 0.9380000
vt 0.948921084 0.594539404
vn 0.3960304 0.0743540 0.9152222
v 0.2148967 -0.2799678 0.9336066
vt 0.944654047 0.604138434
vn 0.3960304 0.0743540 0.9152222
v 0.2111342 -0.2599277 0.9336066
vt 0.957452953 0.604138434
vn 0.3960304 0.0743540 0.9152222
f 1201/1201/1201 1202/1202/1202 1203/1203/1203
v 0.2036233 -0.2740008 0.9380000
vt 0.948921084 0.594539404
vn 0.3946469 0.0752558 0.9157458
v 0.2111342 -0.2599277 0.9336066
vt 0.957452953 0.604138434
vn 0.3946469 0.0752558 0.9157458
v 0.2000000 -0.2550000 0.9380000
vt 0.961719215 0.594539404
vn 0.3946469 0.0752558 0.9157458
f 1204/1204/1204 1205/1205/1205 1206/1206/1206
v 0.2154681 -0.2592076 0.9230000
vt 0.957452953 0.613737464
vn 0.8984665 0.2161255 -0.3821621
v 0.2183823 -0.2713224 0.9230000
vt 0.948921084 0.613737464
vn 0.8984665 0.2161255 -0.3821621
v 0.2140595 -0.2721069 0.9123934
vt 0.948921084 0.623336494
vn 0.8984665 0.2161255 -0.3821621
f 1207/1207/1207 1208/1208/1208 1209/1209/1209
v 0.2154681 -0.2592076 0.9230000
vt 0.957452953 0.613737464
vn 0.8986645 0.2158492 -0.3818524
v 0.2140595 -0.2721069 0.9123934
vt 0.948921084 0.623336494
vn 0.8986645 0.2158492 -0.3818524
v 0.2111342 -0.2599277 0.9123934
vt 0.957452953 0.623336494
vn 0.8986645 0.2158492 -0.3818524
f 1210/1210/1210 1211/1211/1211 1212/1212/1212
v 0.2042943 -0.2796682 0.9380000
vt 0.944654047 0.594539404
vn 0.3839591 -0.0676314 0.9208699
v 0.2033549 -0.2850014 0.9380000
vt 0.940388501 0.594539404
vn 0.3839591 -0.0676314 0.9208699
v 0.2131941 -0.2889625 0.9336066
vt 0.940388501 0.604138434
vn 0.3839591 -0.0676314 0.9208699
f 1213/1213/1213 1214/1214/1214 1215/1215/1215
v 0.2042943 -0.2796682 0.9380000
vt 0.944654047 0.594539404
vn 0.3800851 -0.0719457 0.9221492
v 0.2131941 -0.2889625 0.9336066
vt 0.940388501 0.604138434
vn 0.3800851 -0.0719457 0.9221492
v 0.2148967 -0.2799678 0.9336066
vt 0.944654047 0.604138434
vn 0.3800851 -0.0719457 0.9221492
f 1216/1216/1216 1217/1217/1217 1218/1218/1218
v 0.2183823 -0.2713224 0.9230000
vt 0.948921084 0.613737464
vn 0.9201428 0.0950628 -0.3798689
v 0.2192883 -0.2800919 0.9230000
vt 0.944654047 0.613737464
vn 0.9201428 0.0950628 -0.3798689
v 0.2148967 -0.2799678 0.9123934
vt 0.944654047 0.623336494
vn 0.9201428 0.0950628 -0.3798689
f 1219/1219/1219 1220/1220/1220 1221/1221/1221
v 0.2183823 -0.2713224 0.9230000
vt 0.948921084 0.613737464
vn 0.9190461 0.0978788 -0.3818038
v 0.2148967 -0.2799678 0.9123934
vt 0.944654047 0.623336494
vn 0.9190461 0.0978788 -0.3818038
v 0.2140595 -0.2721069 0.9123934
vt 0.948921084 0.623336494
vn 0.9190461 0.0978788 -0.3818038
f 1222/1222/1222 1223/1223/1223 1224/1224/1224
v 0.1931872 -0.2758948 0.9123934
vt 0.948921084 0.642534494
vn -0.8989267 -0.2141321 -0.3822017
v 0.1888644 -0.2766792 0.9230000
vt 0.948921084 0.652133524
vn -0.8989267 -0.2141321 -0.3822017
v 0.1858738 -0.2641247 0.9230000
vt 0.957452953 0.652133524
vn -0.8989267 -0.2141321 -0.3822017
f 1225/1225/1225 1226/1226/1226 1227/1227/1227
v 0.1931872 -0.2758948 0.9123934
vt 0.948921084 0.642534494
vn -0.8989829 -0.2144437 -0.3818946
v 0.1858738 -0.2641247 0.9230000
vt 0.957452953 0.652133524
vn -0.8989829 -0.2144437 -0.3818946
v 0.1902078 -0.2634046 0.9123934
vt 0.957452953 0.642534494
vn -0.8989829 -0.2144437 -0.3818946
f 1228/1228/1228 1229/1229/1229 1230/1230/1230
v -0.2042943 -0.2796682 0.9080000
vt 0.901991904 0.632935464
vn -0.3834783 0.0408406 -0.9226465
v -0.2148967 -0.2799678 0.9123934
vt 0.901991904 0.623336494
vn -0.3834783 0.0408406 -0.9226465
v -0.2140595 -0.2721069 0.9123934
vt 0.897725642 0.623336494
vn -0.3834783 0.0408406 -0.9226465
f 1231/1231/1231 1232/1232/1232 1233/1233/1233
v -0.2111342 -0.2599277 0.9123934
vt 0.889193058 0.623336494
vn -0.3823627 0.0409382 -0.9231050
v -0.2106066 -0.2550000 0.9123934
vt 0.884927452 0.623336494
vn -0.3823627 0.0409382 -0.9231050
v -0.2000000 -0.2550000 0.9080000
vt 0.884927452 0.632935464
vn -0.3823627 0.0409382 -0.9231050
f 1234/1234/1234 1235/1235/1235 1236/1236/1236
v -0.2042943 -0.2796682 0.9080000
vt 0.901991904 0.632935464
vn -0.3534074 0.0848845 -0.9316103
v -0.2140595 -0.2721069 0.9123934
vt 0.897725642 0.623336494
vn -0.3534074 0.0848845 -0.9316103
v -0.2111342 -0.2599277 0.9123934
vt 0.889193058 0.623336494
vn -0.3534074 0.0848845 -0.9316103
f 1237/1237/1237 1238/1238/1238 1239/1239/1239
v -0.2000000 -0.2550000 0.9080000
vt 0.884927452 0.632935464
vn 0.0000000 0.0000000 -1.0000000
v -0.2006710 -0.2616662 0.9080000
vt 0.889193058 0.632935464
vn 0.0000000 0.0000000 -1.0000000
v -0.2036233 -0.2740008 0.9080000
vt 0.897725642 0.632935464
vn 0.0000000 0.0000000 -1.0000000
f 1240/1240/1240 1241/1241/1241 1242/1242/1242
v -0.2036233 -0.2740008 0.9080000
vt 0.897725642 0.632935464
vn -0.4312404 0.0510571 -0.9007913
v -0.2042943 -0.2796682 0.9080000
vt 0.901991904 0.632935464
vn -0.4312404 0.0510571 -0.9007913
v -0.2111342 -0.2599277 0.9123934
vt 0.889193058 0.623336494
vn -0.4312404 0.0510571 -0.9007913
f 1243/1243/1243 1244/1244/1244 1245/1245/1245
v -0.2111342 -0.2599277 0.9123934
vt 0.889193058 0.623336494
vn -0.3946469 0.0752558 -0.9157459
v -0.2000000 -0.2550000 0.9080000
vt 0.884927452 0.632935464
vn -0.3946469 0.0752558 -0.9157459
v -0.2036233 -0.2740008 0.9080000
vt 0.897725642 0.632935464
vn -0.3946469 0.0752558 -0.9157459
f 1246/1246/1246 1247/1247/1247 1248/1248/1248
v -0.2097608 -0.3013898 0.9230000
vt 0.910524487 0.613737464
vn -0.7610361 -0.5297794 -0.3743768
v -0.2172696 -0.2906033 0.9230000
vt 0.906258225 0.613737464
vn -0.7610361 -0.5297794 -0.3743768
v -0.2131941 -0.2889625 0.9123934
vt 0.906258225 0.623336494
vn -0.7610361 -0.5297794 -0.3743768
f 1249/1249/1249 1250/1250/1250 1251/1251/1251
v -0.2097608 -0.3013898 0.9230000
vt 0.910524487 0.613737464
vn -0.7632960 -0.5282792 -0.3718876
v -0.2131941 -0.2889625 0.9123934
vt 0.906258225 0.623336494
vn -0.7632960 -0.5282792 -0.3718876
v -0.2069020 -0.2980538 0.9123934
vt 0.910524487 0.623336494
vn -0.7632960 -0.5282792 -0.3718876
f 1252/1252/1252 1253/1253/1253 1254/1254/1254
v -0.1858738 -0.2641247 0.9230000
vt 0.889193058 0.652133524
vn 0.9202853 -0.0881289 0.3811931
v -0.1850000 -0.2550000 0.9230000
vt 0.884927452 0.652133524
vn 0.9202853 -0.0881289 0.3811931
v -0.1893934 -0.2550000 0.9336066
vt 0.884927452 0.661732495
vn 0.9202853 -0.0881289 0.3811931
f 1255/1255/1255 1256/1256/1256 1257/1257/1257
v -0.1858738 -0.2641247 0.9230000
vt 0.889193058 0.652133524
vn 0.9198845 -0.0891353 0.3819259
v -0.1893934 -0.2550000 0.9336066
vt 0.884927452 0.661732495
vn 0.9198845 -0.0891353 0.3819259
v -0.1902078 -0.2634046 0.9336066
vt 0.889193058 0.661732495
vn 0.9198845 -0.0891353 0.3819259
f 1258/1258/1258 1259/1259/1259 1260/1260/1260
v 0.1888644 -0.2766792 0.9230000
vt 0.948921084 0.652133524
vn -0.9133798 -0.1552029 0.3763634
v 0.1893003 -0.2792445 0.9230000
vt 0.944654047 0.652133524
vn -0.9133798 -0.1552029 0.3763634
v 0.1936919 -0.2793685 0.9336066
vt 0.944654047 0.661732495
vn -0.9133798 -0.1552029 0.3763634
f 1261/1261/1261 1262/1262/1262 1263/1263/1263
v 0.1888644 -0.2766792 0.9230000
vt 0.948921084 0.652133524
vn -0.9143639 -0.1328463 0.3824797
v 0.1936919 -0.2793685 0.9336066
vt 0.944654047 0.661732495
vn -0.9143639 -0.1328463 0.3824797
v 0.1931872 -0.2758948 0.9336066
vt 0.948921084 0.661732495
vn -0.9143639 -0.1328463 0.3824797
f 1264/1264/1264 1265/1265/1265 1266/1266/1266
v -0.1537910 -0.3000045 0.9336066
vt 0.914790750 0.584940374
vn 0.1651496 0.3594775 0.9184234
v -0.1930981 -0.2819462 0.9336066
vt 0.910524487 0.584940374
vn 0.1651496 0.3594775 0.9184234
v -0.2000000 -0.2900000 0.9380000
vt 0.910524487 0.594539404
vn 0.1651496 0.3594775 0.9184234
f 1267/1267/1267 1268/1268/1268 1269/1269/1269
v -0.1537910 -0.3000045 0.9336066
vt 0.914790750 0.584940374
vn 0.1633605 0.3493635 0.9226367
v -0.2000000 -0.2900000 0.9380000
vt 0.910524487 0.594539404
vn 0.1633605 0.3493635 0.9226367
v -0.1569507 -0.3101296 0.9380000
vt 0.914790750 0.594539404
vn 0.1633605 0.3493635 0.9226367
f 1270/1270/1270 1271/1271/1271 1272/1272/1272
v -0.2192883 -0.2800919 0.9230000
vt 0.901991904 0.613737464
vn -0.9193819 0.0949842 -0.3817264
v -0.2183823 -0.2713224 0.9230000
vt 0.897725642 0.613737464
vn -0.9193819 0.0949842 -0.3817264
v -0.2140595 -0.2721069 0.9123934
vt 0.897725642 0.623336494
vn -0.9193819 0.0949842 -0.3817264
f 1273/1273/1273 1274/1274/1274 1275/1275/1275
v -0.2192883 -0.2800919 0.9230000
vt 0.901991904 0.613737464
vn -0.9198944 0.0979691 -0.3797320
v -0.2140595 -0.2721069 0.9123934
vt 0.897725642 0.623336494
vn -0.9198944 0.0979691 -0.3797320
v -0.2148967 -0.2799678 0.9123934
vt 0.901991904 0.623336494
vn -0.9198944 0.0979691 -0.3797320
f 1276/1276/1276 1277/1277/1277 1278/1278/1278
v -0.2069019 -0.2980538 0.9336066
vt 0.910524487 0.604138434
vn -0.7624033 -0.5276701 0.3745738
v -0.2131941 -0.2889625 0.9336066
vt 0.906258225 0.604138434
vn -0.7624033 -0.5276701 0.3745738
v -0.2172696 -0.2906033 0.9230000
vt 0.906258225 0.613737464
vn -0.7624033 -0.5276701 0.3745738
f 1279/1279/1279 1280/1280/1280 1281/1281/1281
v -0.2069019 -0.2980538 0.9336066
vt 0.910524487 0.604138434
vn -0.7617813 -0.5302982 0.3721198
v -0.2172696 -0.2906033 0.9230000
vt 0.906258225 0.613737464
vn -0.7617813 -0.5302982 0.3721198
v -0.2097608 -0.3013898 0.9230000
vt 0.910524487 0.613737464
vn -0.7617813 -0.5302982 0.3721198
f 1282/1282/1282 1283/1283/1283 1284/1284/1284
v 0.2042943 -0.2796682 0.9080000
vt 0.944654047 0.632935464
vn -0.3839597 0.0676315 -0.9208696
v 0.2033549 -0.2850014 0.9080000
vt 0.940388501 0.632935464
vn -0.3839597 0.0676315 -0.9208696
v 0.1935157 -0.2810403 0.9123934
vt 0.940388501 0.642534494
vn -0.3839597 0.0676315 -0.9208696
f 1285/1285/1285 1286/1286/1286 1287/1287/1287
v 0.2042943 -0.2796682 0.9080000
vt 0.944654047 0.632935464
vn -0.3815330 0.0402093 -0.9234802
v 0.1935157 -0.2810403 0.9123934
vt 0.940388501 0.642534494
vn -0.3815330 0.0402093 -0.9234802
v 0.1936919 -0.2793685 0.9123934
vt 0.944654047 0.642534494
vn -0.3815330 0.0402093 -0.9234802
f 1288/1288/1288 1289/1289/1289 1290/1290/1290
v -0.1936919 -0.2793685 0.9336066
vt 0.901991904 0.661732495
vn 0.9238919 0.0973679 0.3700585
v -0.1935157 -0.2810403 0.9336066
vt 0.906258225 0.661732495
vn 0.9238919 0.0973679 0.3700585
v -0.1894402 -0.2793995 0.9230000
vt 0.906258225 0.652133524
vn 0.9238919 0.0973679 0.3700585
f 1291/1291/1291 1292/1292/1292 1293/1293/1293
v -0.1936919 -0.2793685 0.9336066
vt 0.901991904 0.661732495
vn 0.7111148 -0.6418628 0.2869287
v -0.1894402 -0.2793995 0.9230000
vt 0.906258225 0.652133524
vn 0.7111148 -0.6418628 0.2869287
v -0.1893003 -0.2792445 0.9230000
vt 0.901991904 0.652133524
vn 0.7111148 -0.6418628 0.2869287
f 1294/1294/1294 1295/1295/1295 1296/1296/1296
v -0.2033549 -0.2850014 0.9080000
vt 0.906258225 0.632935464
vn 0.3803360 0.0669932 -0.9224188
v -0.2042943 -0.2796682 0.9080000
vt 0.901991904 0.632935464
vn 0.3803360 0.0669932 -0.9224188
v -0.1936919 -0.2793685 0.9123934
vt 0.901991904 0.642534494
vn 0.3803360 0.0669932 -0.9224188
f 1297/1297/1297 1298/1298/1298 1299/1299/1299
v -0.2033549 -0.2850014 0.9080000
vt 0.906258225 0.632935464
vn 0.3934061 0.0414606 -0.9184296
v -0.1936919 -0.2793685 0.9123934
vt 0.901991904 0.642534494
vn 0.3934061 0.0414606 -0.9184296
v -0.1935157 -0.2810403 0.9123934
vt 0.906258225 0.642534494
vn 0.3934061 0.0414606 -0.9184296
f 1300/1300/1300 1301/1301/1301 1302/1302/1302
v -0.2042943 -0.2796682 0.9380000
vt 0.901991904 0.594539404
vn 0.3835621 -0.0557270 0.9218323
v -0.1936919 -0.2793685 0.9336066
vt 0.901991904 0.584940374
vn 0.3835621 -0.0557270 0.9218323
v -0.1931872 -0.2758948 0.9336066
vt 0.897725642 0.584940374
vn 0.3835621 -0.0557270 0.9218323
f 1303/1303/1303 1304/1304/1304 1305/1305/1305
v -0.1931872 -0.2758948 0.9336066
vt 0.897725642 0.584940374
vn 0.0000000 0.0000000 1.0000000
v -0.1902078 -0.2634046 0.9336066
vt 0.889193058 0.584940374
vn 0.0000000 0.0000000 1.0000000
v -0.1893934 -0.2550000 0.9336066
vt 0.884927452 0.584940374
vn 0.0000000 0.0000000 1.0000000
f 1306/1306/1306 1307/1307/1307 1308/1308/1308
v -0.1893934 -0.2550000 0.9336066
vt 0.884927452 0.584940374
vn 0.3823999 -0.0384911 0.9231949
v -0.2000000 -0.2550000 0.9380000
vt 0.884927452 0.594539404
vn 0.3823999 -0.0384911 0.9231949
v -0.2006710 -0.2616662 0.9380000
vt 0.889193058 0.594539404
vn 0.3823999 -0.0384911 0.9231949
f 1309/1309/1309 1310/1310/1310 1311/1311/1311
v -0.2006710 -0.2616662 0.9380000
vt 0.889193058 0.594539404
vn 0.0000000 0.0000000 1.0000000
v -0.2036233 -0.2740008 0.9380000
vt 0.897725642 0.594539404
vn 0.0000000 0.0000000 1.0000000
v -0.2042943 -0.2796682 0.9380000
vt 0.901991904 0.594539404
vn 0.0000000 0.0000000 1.0000000
f 1312/1312/1312 1313/1313/1313 1314/1314/1314
v -0.2042943 -0.2796682 0.9380000
vt 0.901991904 0.594539404
vn 0.3874854 -0.0703546 0.9191873
v -0.1931872 -0.2758948 0.9336066
vt 0.897725642 0.584940374
vn 0.3874854 -0.0703546 0.9191873
v -0.1893934 -0.2550000 0.9336066
vt 0.884927452 0.584940374
vn 0.3874854 -0.0703546 0.9191873
f 1315/1315/1315 1316/1316/1316 1317/1317/1317
v -0.1893934 -0.2550000 0.9336066
vt 0.884927452 0.584940374
vn 0.4030715 -0.0811268 0.9115656
v -0.2006710 -0.2616662 0.9380000
vt 0.889193058 0.594539404
vn 0.4030715 -0.0811268 0.9115656
v -0.2042943 -0.2796682 0.9380000
vt 0.901991904 0.594539404
vn 0.4030715 -0.0811268 0.9115656
f 1318/1318/1318 1319/1319/1319 1320/1320/1320
v 0.2148967 -0.2799678 0.9336066
vt 0.944654047 0.604138434
vn 0.9102839 -0.1723062 0.3764224
v 0.2131941 -0.2889625 0.9336066
vt 0.940388501 0.604138434
vn 0.9102839 -0.1723062 0.3764224
v 0.2172696 -0.2906033 0.9230000
vt 0.940388501 0.613737464
vn 0.9102839 -0.1723062 0.3764224
f 1321/1321/1321 1322/1322/1322 1323/1323/1323
v 0.2148967 -0.2799678 0.9336066
vt 0.944654047 0.604138434
vn 0.9090232 -0.1745771 0.3784175
v 0.2172696 -0.2906033 0.9230000
vt 0.940388501 0.613737464
vn 0.9090232 -0.1745771 0.3784175
v 0.2192883 -0.2800919 0.9230000
vt 0.944654047 0.613737464
vn 0.9090232 -0.1745771 0.3784175
f 1324/1324/1324 1325/1325/1325 1326/1326/1326
v -0.2131941 -0.2889625 0.9336066
vt 0.906258225 0.604138434
vn -0.9094289 -0.1721443 0.3785570
v -0.2148967 -0.2799678 0.9336066
vt 0.901991904 0.604138434
vn -0.9094289 -0.1721443 0.3785570
v -0.2192883 -0.2800919 0.9230000
vt 0.901991904 0.613737464
vn -0.9094289 -0.1721443 0.3785570
f 1327/1327/1327 1328/1328/1328 1329/1329/1329
v -0.2131941 -0.2889625 0.9336066
vt 0.906258225 0.604138434
vn -0.9097541 -0.1747175 0.3765918
v -0.2192883 -0.2800919 0.9230000
vt 0.901991904 0.613737464
vn -0.9097541 -0.1747175 0.3765918
v -0.2172696 -0.2906033 0.9230000
vt 0.906258225 0.613737464
vn -0.9097541 -0.1747175 0.3765918
f 1330/1330/1330 1331/1331/1331 1332/1332/1332
v 0.1936919 -0.2793685 0.9336066
vt 0.944654047 0.584940374
vn -0.3934061 0.0414606 0.9184296
v 0.1935157 -0.2810403 0.9336066
vt 0.940388501 0.584940374
vn -0.3934061 0.0414606 0.9184296
v 0.2033549 -0.2850014 0.9380000
vt 0.940388501 0.594539404
vn -0.3934061 0.0414606 0.9184296
f 1333/1333/1333 1334/1334/1334 1335/1335/1335
v 0.1936919 -0.2793685 0.9336066
vt 0.944654047 0.584940374
vn -0.3803360 0.0669932 0.9224188
v 0.2033549 -0.2850014 0.9380000
vt 0.940388501 0.594539404
vn -0.3803360 0.0669932 0.9224188
v 0.2042943 -0.2796682 0.9380000
vt 0.944654047 0.594539404
vn -0.3803360 0.0669932 0.9224188
f 1336/1336/1336 1337/1337/1337 1338/1338/1338
v -0.1893003 -0.2792445 0.9230000
vt 0.901991904 0.652133524
vn 0.7303848 -0.6592562 -0.1786603
v -0.1894402 -0.2793995 0.9230000
vt 0.906258225 0.652133524
vn 0.7303848 -0.6592562 -0.1786603
v -0.1935157 -0.2810403 0.9123934
vt 0.906258225 0.642534494
vn 0.7303848 -0.6592562 -0.1786603
f 1339/1339/1339 1340/1340/1340 1341/1341/1341
v -0.1893003 -0.2792445 0.9230000
vt 0.901991904 0.652133524
vn 0.9191887 0.0968723 -0.3817171
v -0.1935157 -0.2810403 0.9123934
vt 0.906258225 0.642534494
vn 0.9191887 0.0968723 -0.3817171
v -0.1936919 -0.2793685 0.9123934
vt 0.901991904 0.642534494
vn 0.9191887 0.0968723 -0.3817171
f 1342/1342/1342 1343/1343/1343 1344/1344/1344
v -0.1935157 -0.2810403 0.9336066
vt 0.906258225 0.661732495
vn 0.8391718 0.3868439 0.3822862
v -0.1930981 -0.2819462 0.9336066
vt 0.910524487 0.661732495
vn 0.8391718 0.3868439 0.3822862
v -0.1894402 -0.2793995 0.9230000
vt 0.906258225 0.652133524
vn 0.8391718 0.3868439 0.3822862
f 1345/1345/1345 1346/1346/1346 1347/1347/1347
v -0.1930981 -0.2819462 0.9336066
vt 0.910524487 0.661732495
vn -0.6495231 -0.6574935 -0.3818665
v -0.1902392 -0.2786102 0.9230000
vt 0.910524487 0.652133524
vn -0.6495231 -0.6574935 -0.3818665
v -0.1894402 -0.2793995 0.9230000
vt 0.906258225 0.652133524
vn -0.6495231 -0.6574935 -0.3818665
f 1348/1348/1348 1349/1349/1349 1350/1350/1350
v -0.2033549 -0.2850014 0.9380000
vt 0.906258225 0.594539404
vn 0.3279502 0.2201094 0.9186951
v -0.2000000 -0.2900000 0.9380000
vt 0.910524487 0.594539404
vn 0.3279502 0.2201094 0.9186951
v -0.1930981 -0.2819462 0.9336066
vt 0.910524487 0.584940374
vn 0.3279502 0.2201094 0.9186951
f 1351/1351/1351 1352/1352/1352 1353/1353/1353
v -0.2033549 -0.2850014 0.9380000
vt 0.906258225 0.594539404
vn 0.3478942 0.1603733 0.9237154
v -0.1930981 -0.2819462 0.9336066
vt 0.910524487 0.584940374
vn 0.3478942 0.1603733 0.9237154
v -0.1935157 -0.2810403 0.9336066
vt 0.906258225 0.584940374
vn 0.3478942 0.1603733 0.9237154
f 1354/1354/1354 1355/1355/1355 1356/1356/1356
v 0.2131941 -0.2889625 0.9123934
vt 0.940388501 0.623336494
vn 0.3237100 -0.2240406 -0.9192484
v 0.2069020 -0.2980538 0.9123934
vt 0.936121523 0.623336494
vn 0.3237100 -0.2240406 -0.9192484
v 0.2000000 -0.2900000 0.9080000
vt 0.936121523 0.632935464
vn 0.3237100 -0.2240406 -0.9192484
f 1357/1357/1357 1358/1358/1358 1359/1359/1359
v 0.2131941 -0.2889625 0.9123934
vt 0.940388501 0.623336494
vn 0.3237174 -0.2172685 -0.9208699
v 0.2000000 -0.2900000 0.9080000
vt 0.936121523 0.632935464
vn 0.3237174 -0.2172685 -0.9208699
v 0.2033549 -0.2850014 0.9080000
vt 0.940388501 0.632935464
vn 0.3237174 -0.2172685 -0.9208699
f 1360/1360/1360 1361/1361/1361 1362/1362/1362
v 0.2140595 -0.2721069 0.9336066
vt 0.948921084 0.604138434
vn 0.9198951 0.0979692 0.3797301
v 0.2148967 -0.2799678 0.9336066
vt 0.944654047 0.604138434
vn 0.9198951 0.0979692 0.3797301
v 0.2192883 -0.2800919 0.9230000
vt 0.944654047 0.613737464
vn 0.9198951 0.0979692 0.3797301
f 1363/1363/1363 1364/1364/1364 1365/1365/1365
v 0.2140595 -0.2721069 0.9336066
vt 0.948921084 0.604138434
vn 0.9193826 0.0949843 0.3817246
v 0.2192883 -0.2800919 0.9230000
vt 0.944654047 0.613737464
vn 0.9193826 0.0949843 0.3817246
v 0.2183823 -0.2713224 0.9230000
vt 0.948921084 0.613737464
vn 0.9193826 0.0949843 0.3817246
f 1366/1366/1366 1367/1367/1367 1368/1368/1368
v 0.2111342 -0.2599277 0.9336066
vt 0.957452953 0.604138434
vn 0.8985383 0.2158188 0.3821666
v 0.2140595 -0.2721069 0.9336066
vt 0.948921084 0.604138434
vn 0.8985383 0.2158188 0.3821666
v 0.2183823 -0.2713224 0.9230000
vt 0.948921084 0.613737464
vn 0.8985383 0.2158188 0.3821666
f 1369/1369/1369 1370/1370/1370 1371/1371/1371
v 0.2111342 -0.2599277 0.9336066
vt 0.957452953 0.604138434
vn 0.8985949 0.2161564 0.3818426
v 0.2183823 -0.2713224 0.9230000
vt 0.948921084 0.613737464
vn 0.8985949 0.2161564 0.3818426
v 0.2154681 -0.2592076 0.9230000
vt 0.957452953 0.613737464
vn 0.8985949 0.2161564 0.3818426
f 1372/1372/1372 1373/1373/1373 1374/1374/1374
v 0.2033549 -0.2850014 0.9380000
vt 0.940388501 0.594539404
vn 0.3279501 -0.2201093 0.9186951
v 0.2000000 -0.2900000 0.9380000
vt 0.936121523 0.594539404
vn 0.3279501 -0.2201093 0.9186951
v 0.2069019 -0.2980538 0.9336066
vt 0.936121523 0.604138434
vn 0.3279501 -0.2201093 0.9186951
f 1375/1375/1375 1376/1376/1376 1377/1377/1377
v 0.2033549 -0.2850014 0.9380000
vt 0.940388501 0.594539404
vn 0.3214290 -0.2224656 0.9204307
v 0.2069019 -0.2980538 0.9336066
vt 0.936121523 0.604138434
vn 0.3214290 -0.2224656 0.9204307
v 0.2131941 -0.2889625 0.9336066
vt 0.940388501 0.604138434
vn 0.3214290 -0.2224656 0.9204307
f 1378/1378/1378 1379/1379/1379 1380/1380/1380
v -0.1935157 -0.2810403 0.9123934
vt 0.906258225 0.642534494
vn 0.3766303 0.1736202 -0.9099482
v -0.1930981 -0.2819462 0.9123934
vt 0.910524487 0.642534494
vn 0.3766303 0.1736202 -0.9099482
v -0.2000000 -0.2900000 0.9080000
vt 0.910524487 0.632935464
vn 0.3766303 0.1736202 -0.9099482
f 1381/1381/1381 1382/1382/1382 1383/1383/1383
v -0.1935157 -0.2810403 0.9123934
vt 0.906258225 0.642534494
vn 0.3237182 0.2172690 -0.9208695
v -0.2000000 -0.2900000 0.9080000
vt 0.910524487 0.632935464
vn 0.3237182 0.2172690 -0.9208695
v -0.2033549 -0.2850014 0.9080000
vt 0.906258225 0.632935464
vn 0.3237182 0.2172690 -0.9208695
f 1384/1384/1384 1385/1385/1385 1386/1386/1386
v -0.1894402 -0.2793995 0.9230000
vt 0.906258225 0.652133524
vn -0.6569292 -0.6649904 0.3552912
v -0.1902392 -0.2786102 0.9230000
vt 0.910524487 0.652133524
vn -0.6569292 -0.6649904 0.3552912
v -0.1935157 -0.2810403 0.9123934
vt 0.906258225 0.642534494
vn -0.6569292 -0.6649904 0.3552912
f 1387/1387/1387 1388/1388/1388 1389/1389/1389
v -0.1902392 -0.2786102 0.9230000
vt 0.910524487 0.652133524
vn 0.8499212 0.3917992 -0.3523169
v -0.1930981 -0.2819462 0.9123934
vt 0.910524487 0.642534494
vn 0.8499212 0.3917992 -0.3523169
v -0.1935157 -0.2810403 0.9123934
vt 0.906258225 0.642534494
vn 0.8499212 0.3917992 -0.3523169
f 1390/1390/1390 1391/1391/1391 1392/1392/1392
v 0.1930981 -0.2819462 0.9123934
vt 0.936122239 0.642534494
vn -0.3861519 0.8405283 -0.3799986
v 0.1537910 -0.3000045 0.9123934
vt 0.931855917 0.642534494
vn -0.3861519 0.8405283 -0.3799986
v 0.1524822 -0.2958106 0.9230000
vt 0.931855917 0.652133524
vn -0.3861519 0.8405283 -0.3799986
f 1393/1393/1393 1394/1394/1394 1395/1395/1395
v 0.1930981 -0.2819462 0.9123934
vt 0.936122239 0.642534494
vn -0.3851835 0.8455248 -0.3697588
v 0.1524822 -0.2958106 0.9230000
vt 0.931855917 0.652133524
vn -0.3851835 0.8455248 -0.3697588
v 0.1902392 -0.2786102 0.9230000
vt 0.936121523 0.652133524
vn -0.3851835 0.8455248 -0.3697588
f 1396/1396/1396 1397/1397/1397 1398/1398/1398
v 0.2000000 -0.2900000 0.9080000
vt 0.936121523 0.632935464
vn -0.1633605 0.3493635 -0.9226367
v 0.1569507 -0.3101296 0.9080000
vt 0.931855917 0.632935464
vn -0.1633605 0.3493635 -0.9226367
v 0.1537910 -0.3000045 0.9123934
vt 0.931855917 0.642534494
vn -0.1633605 0.3493635 -0.9226367
f 1399/1399/1399 1400/1400/1400 1401/1401/1401
v 0.2000000 -0.2900000 0.9080000
vt 0.936121523 0.632935464
vn -0.1651496 0.3594775 -0.9184234
v 0.1537910 -0.3000045 0.9123934
vt 0.931855917 0.642534494
vn -0.1651496 0.3594775 -0.9184234
v 0.1930981 -0.2819462 0.9123934
vt 0.936122239 0.642534494
vn -0.1651496 0.3594775 -0.9184234
f 1402/1402/1402 1403/1403/1403 1404/1404/1404
v 0.1930981 -0.2819462 0.9336066
vt 0.936121523 0.584940374
vn -0.1608827 0.3501897 0.9227589
v 0.1537910 -0.3000045 0.9336066
vt 0.931855917 0.584940374
vn -0.1608827 0.3501897 0.9227589
v 0.1569507 -0.3101296 0.9380000
vt 0.931855917 0.594539404
vn -0.1608827 0.3501897 0.9227589
f 1405/1405/1405 1406/1406/1406 1407/1407/1407
v 0.1930981 -0.2819462 0.9336066
vt 0.936121523 0.584940374
vn -0.1672982 0.3577847 0.9186955
v 0.1569507 -0.3101296 0.9380000
vt 0.931855917 0.594539404
vn -0.1672982 0.3577847 0.9186955
v 0.2000000 -0.2900000 0.9380000
vt 0.936121523 0.594539404
vn -0.1672982 0.3577847 0.9186955
f 1408/1408/1408 1409/1409/1409 1410/1410/1410
v 0.2097608 -0.3013898 0.9230000
vt 0.936121523 0.613737464
vn 0.3983429 -0.8351099 -0.3793605
v 0.1614192 -0.3244485 0.9230000
vt 0.931855917 0.613737464
vn 0.3983429 -0.8351099 -0.3793605
v 0.1601104 -0.3202546 0.9123934
vt 0.931855917 0.623336494
vn 0.3983429 -0.8351099 -0.3793605
f 1411/1411/1411 1412/1412/1412 1413/1413/1413
v 0.2097608 -0.3013898 0.9230000
vt 0.936121523 0.613737464
vn 0.3980418 -0.8389347 -0.3711485
v 0.1601104 -0.3202546 0.9123934
vt 0.931855917 0.623336494
vn 0.3980418 -0.8389347 -0.3711485
v 0.2069020 -0.2980538 0.9123934
vt 0.936121523 0.623336494
vn 0.3980418 -0.8389347 -0.3711485
f 1414/1414/1414 1415/1415/1415 1416/1416/1416
v -0.1601104 -0.3202546 0.9336066
vt 0.914790750 0.604138434
vn -0.3980424 -0.8389338 0.3711503
v -0.2069019 -0.2980538 0.9336066
vt 0.910524487 0.604138434
vn -0.3980424 -0.8389338 0.3711503
v -0.2097608 -0.3013898 0.9230000
vt 0.910524487 0.613737464
vn -0.3980424 -0.8389338 0.3711503
f 1417/1417/1417 1418/1418/1418 1419/1419/1419
v -0.1601104 -0.3202546 0.9336066
vt 0.914790750 0.604138434
vn -0.3983431 -0.8351122 0.3793554
v -0.2097608 -0.3013898 0.9230000
vt 0.910524487 0.613737464
vn -0.3983431 -0.8351122 0.3793554
v -0.1614191 -0.3244485 0.9230000
vt 0.914790750 0.613737464
vn -0.3983431 -0.8351122 0.3793554
f 1420/1420/1420 1421/1421/1421 1422/1422/1422
v 0.2069020 -0.2980538 0.9123934
vt 0.936121523 0.623336494
vn 0.1654323 -0.3486741 -0.9225284
v 0.1601104 -0.3202546 0.9123934
vt 0.931855917 0.623336494
vn 0.1654323 -0.3486741 -0.9225284
v 0.1569507 -0.3101296 0.9080000
vt 0.931855917 0.632935464
vn 0.1654323 -0.3486741 -0.9225284
f 1423/1423/1423 1424/1424/1424 1425/1425/1425
v 0.2069020 -0.2980538 0.9123934
vt 0.936121523 0.623336494
vn 0.1672973 -0.3577828 -0.9186964
v 0.1569507 -0.3101296 0.9080000
vt 0.931855917 0.632935464
vn 0.1672973 -0.3577828 -0.9186964
v 0.2000000 -0.2900000 0.9080000
vt 0.936121523 0.632935464
vn 0.1672973 -0.3577828 -0.9186964
f 1426/1426/1426 1427/1427/1427 1428/1428/1428
v -0.1524822 -0.2958106 0.9230000
vt 0.914790750 0.652133524
vn 0.3851837 0.8455254 0.3697570
v -0.1902392 -0.2786102 0.9230000
vt 0.910524487 0.652133524
vn 0.3851837 0.8455254 0.3697570
v -0.1930981 -0.2819462 0.9336066
vt 0.910524487 0.661732495
vn 0.3851837 0.8455254 0.3697570
f 1429/1429/1429 1430/1430/1430 1431/1431/1431
v -0.1524822 -0.2958106 0.9230000
vt 0.914790750 0.652133524
vn 0.3861523 0.8405290 0.3799968
v -0.1930981 -0.2819462 0.9336066
vt 0.910524487 0.661732495
vn 0.3861523 0.8405290 0.3799968
v -0.1537910 -0.3000045 0.9336066
vt 0.914790750 0.661732495
vn 0.3861523 0.8405290 0.3799968
f 1432/1432/1432 1433/1433/1433 1434/1434/1434
v 0.1524822 -0.2958106 0.9230000
vt 0.931855917 0.652133524
vn -0.1527210 0.9114075 0.3821161
v 0.0839541 -0.3072936 0.9230000
vt 0.927589655 0.652133524
vn -0.1527210 0.9114075 0.3821161
v 0.0844246 -0.3116617 0.9336066
vt 0.927589655 0.661732495
vn -0.1527210 0.9114075 0.3821161
f 1435/1435/1435 1436/1436/1436 1437/1437/1437
v 0.1524822 -0.2958106 0.9230000
vt 0.931855917 0.652133524
vn -0.1533197 0.9123335 0.3796585
v 0.0844246 -0.3116617 0.9336066
vt 0.927589655 0.661732495
vn -0.1533197 0.9123335 0.3796585
v 0.1537910 -0.3000045 0.9336066
vt 0.931855917 0.661732495
vn -0.1533197 0.9123335 0.3796585
f 1438/1438/1438 1439/1439/1439 1440/1440/1440
v 0.1537910 -0.3000045 0.9336066
vt 0.931855917 0.584940374
vn -0.0635164 0.3779562 0.9236420
v 0.0844246 -0.3116617 0.9336066
vt 0.927589655 0.584940374
vn -0.0635164 0.3779562 0.9236420
v 0.0855605 -0.3222073 0.9380000
vt 0.927589655 0.594539404
vn -0.0635164 0.3779562 0.9236420
f 1441/1441/1441 1442/1442/1442 1443/1443/1443
v 0.1537910 -0.3000045 0.9336066
vt 0.931855917 0.584940374
vn -0.0643330 0.3802667 0.9226368
v 0.0855605 -0.3222073 0.9380000
vt 0.927589655 0.594539404
vn -0.0643330 0.3802667 0.9226368
v 0.1569507 -0.3101296 0.9380000
vt 0.931855917 0.594539404
vn -0.0643330 0.3802667 0.9226368
f 1444/1444/1444 1445/1445/1445 1446/1446/1446
v 0.1614192 -0.3244485 0.9230000
vt 0.931855917 0.613737464
vn 0.1554732 -0.9109662 -0.3820587
v 0.0871670 -0.3371210 0.9230000
vt 0.927589655 0.613737464
vn 0.1554732 -0.9109662 -0.3820587
v 0.0866965 -0.3327529 0.9123934
vt 0.927589655 0.623336494
vn 0.1554732 -0.9109662 -0.3820587
f 1447/1447/1447 1448/1448/1448 1449/1449/1449
v 0.1614192 -0.3244485 0.9230000
vt 0.931855917 0.613737464
vn 0.1552573 -0.9119660 -0.3797542
v 0.0866965 -0.3327529 0.9123934
vt 0.927589655 0.623336494
vn 0.1552573 -0.9119660 -0.3797542
v 0.1601104 -0.3202546 0.9123934
vt 0.931855917 0.623336494
vn 0.1552573 -0.9119660 -0.3797542
f 1450/1450/1450 1451/1451/1451 1452/1452/1452
v 0.1569507 -0.3101296 0.9380000
vt 0.931855917 0.594539404
vn 0.0639338 -0.3779071 0.9236335
v 0.0855605 -0.3222073 0.9380000
vt 0.927589655 0.594539404
vn 0.0639338 -0.3779071 0.9236335
v 0.0866965 -0.3327529 0.9336066
vt 0.927589655 0.604138434
vn 0.0639338 -0.3779071 0.9236335
f 1453/1453/1453 1454/1454/1454 1455/1455/1455
v 0.1569507 -0.3101296 0.9380000
vt 0.931855917 0.594539404
vn 0.0647198 -0.3801580 0.9226544
v 0.0866965 -0.3327529 0.9336066
vt 0.927589655 0.604138434
vn 0.0647198 -0.3801580 0.9226544
v 0.1601104 -0.3202546 0.9336066
vt 0.931855917 0.604138434
vn 0.0647198 -0.3801580 0.9226544
f 1456/1456/1456 1457/1457/1457 1458/1458/1458
v -0.0855605 -0.3222073 0.9380000
vt 0.919057071 0.594539404
vn -0.0643336 -0.3802703 0.9226352
v -0.1569507 -0.3101296 0.9380000
vt 0.914790750 0.594539404
vn -0.0643336 -0.3802703 0.9226352
v -0.1601104 -0.3202546 0.9336066
vt 0.914790750 0.604138434
vn -0.0643336 -0.3802703 0.9226352
f 1459/1459/1459 1460/1460/1460 1461/1461/1461
v -0.0855605 -0.3222073 0.9380000
vt 0.919057071 0.594539404
vn -0.0643288 -0.3778609 0.9236248
v -0.1601104 -0.3202546 0.9336066
vt 0.914790750 0.604138434
vn -0.0643288 -0.3778609 0.9236248
v -0.0866965 -0.3327529 0.9336066
vt 0.919057071 0.604138434
vn -0.0643288 -0.3778609 0.9236248
f 1462/1462/1462 1463/1463/1463 1464/1464/1464
v 0.1569507 -0.3101296 0.9080000
vt 0.931855917 0.632935464
vn -0.0639338 0.3779076 -0.9236332
v 0.0855605 -0.3222073 0.9080000
vt 0.927589655 0.632935464
vn -0.0639338 0.3779076 -0.9236332
v 0.0844246 -0.3116617 0.9123934
vt 0.927589655 0.642534494
vn -0.0639338 0.3779076 -0.9236332
f 1465/1465/1465 1466/1466/1466 1467/1467/1467
v 0.1569507 -0.3101296 0.9080000
vt 0.931855917 0.632935464
vn -0.0639246 0.3803852 -0.9226162
v 0.0844246 -0.3116617 0.9123934
vt 0.927589655 0.642534494
vn -0.0639246 0.3803852 -0.9226162
v 0.1537910 -0.3000045 0.9123934
vt 0.931855917 0.642534494
vn -0.0639246 0.3803852 -0.9226162
f 1468/1468/1468 1469/1469/1469 1470/1470/1470
v 0.1537910 -0.3000045 0.9123934
vt 0.931855917 0.642534494
vn -0.1531524 0.9113382 -0.3821089
v 0.0844246 -0.3116617 0.9123934
vt 0.927589655 0.642534494
vn -0.1531524 0.9113382 -0.3821089
v 0.0839541 -0.3072936 0.9230000
vt 0.927589655 0.652133524
vn -0.1531524 0.9113382 -0.3821089
f 1471/1471/1471 1472/1472/1472 1473/1473/1473
v 0.1537910 -0.3000045 0.9123934
vt 0.931855917 0.642534494
vn -0.1528896 0.9124138 -0.3796392
v 0.0839541 -0.3072936 0.9230000
vt 0.927589655 0.652133524
vn -0.1528896 0.9124138 -0.3796392
v 0.1524822 -0.2958106 0.9230000
vt 0.931855917 0.652133524
vn -0.1528896 0.9124138 -0.3796392
f 1474/1474/1474 1475/1475/1475 1476/1476/1476
v 0.0855605 -0.3222073 0.9080000
vt 0.927589655 0.632935464
vn 0.0000000 0.3845702 -0.9230957
v -0.0855605 -0.3222073 0.9080000
vt 0.919057071 0.632935464
vn 0.0000000 0.3845702 -0.9230957
v -0.0844246 -0.3116617 0.9123934
vt 0.919057071 0.642534494
vn 0.0000000 0.3845702 -0.9230957
f 1477/1477/1477 1478/1478/1478 1479/1479/1479
v 0.0000000 -0.3156266 0.9123934
vt 0.923323333 0.642534494
vn -0.0179804 0.3828571 -0.9236326
v 0.0844246 -0.3116617 0.9123934
vt 0.927589655 0.642534494
vn -0.0179804 0.3828571 -0.9236326
v 0.0855605 -0.3222073 0.9080000
vt 0.927589655 0.632935464
vn -0.0179804 0.3828571 -0.9236326
f 1480/1480/1480 1481/1481/1481 1482/1482/1482
v -0.0844246 -0.3116617 0.9123934
vt 0.919057071 0.642534494
vn 0.0405344 0.8630992 -0.5034052
v 0.0000000 -0.3156266 0.9123934
vt 0.923323333 0.642534494
vn 0.0405344 0.8630992 -0.5034052
v 0.0855605 -0.3222073 0.9080000
vt 0.927589655 0.632935464
vn 0.0405344 0.8630992 -0.5034052
f 1483/1483/1483 1484/1484/1484 1485/1485/1485
v 0.0844246 -0.3116617 0.9123934
vt 0.927589655 0.642534494
vn -0.0433481 0.9230110 -0.3823242
v 0.0000000 -0.3156266 0.9123934
vt 0.923323333 0.642534494
vn -0.0433481 0.9230110 -0.3823242
v 0.0000000 -0.3112332 0.9230000
vt 0.923323333 0.652133524
vn -0.0433481 0.9230110 -0.3823242
f 1486/1486/1486 1487/1487/1487 1488/1488/1488
v 0.0844246 -0.3116617 0.9123934
vt 0.927589655 0.642534494
vn -0.0433176 0.9231113 -0.3820852
v 0.0000000 -0.3112332 0.9230000
vt 0.923323333 0.652133524
vn -0.0433176 0.9231113 -0.3820852
v 0.0839541 -0.3072936 0.9230000
vt 0.927589655 0.652133524
vn -0.0433176 0.9231113 -0.3820852
f 1489/1489/1489 1490/1490/1490 1491/1491/1491
v 0.0000000 -0.3112332 0.9230000
vt 0.923323333 0.652133524
vn 0.0433177 0.9231119 0.3820837
v -0.0839540 -0.3072936 0.9230000
vt 0.919057071 0.652133524
vn 0.0433177 0.9231119 0.3820837
v -0.0844246 -0.3116617 0.9336066
vt 0.919057071 0.661732495
vn 0.0433177 0.9231119 0.3820837
f 1492/1492/1492 1493/1493/1493 1494/1494/1494
v 0.0000000 -0.3112332 0.9230000
vt 0.923323333 0.652133524
vn 0.0433481 0.9230117 0.3823224
v -0.0844246 -0.3116617 0.9336066
vt 0.919057071 0.661732495
vn 0.0433481 0.9230117 0.3823224
v 0.0000000 -0.3156266 0.9336066
vt 0.923323333 0.661732495
vn 0.0433481 0.9230117 0.3823224
f 1495/1495/1495 1496/1496/1496 1497/1497/1497
v 0.0000000 -0.3368398 0.9336066
vt 0.923323333 0.604138434
vn -0.0435151 -0.9231011 0.3820876
v -0.0866965 -0.3327529 0.9336066
vt 0.919057071 0.604138434
vn -0.0435151 -0.9231011 0.3820876
v -0.0871670 -0.3371210 0.9230000
vt 0.919057071 0.613737464
vn -0.0435151 -0.9231011 0.3820876
f 1498/1498/1498 1499/1499/1499 1500/1500/1500
v 0.0000000 -0.3368398 0.9336066
vt 0.923323333 0.604138434
vn -0.0435436 -0.9230039 0.3823192
v -0.0871670 -0.3371210 0.9230000
vt 0.919057071 0.613737464
vn -0.0435436 -0.9230039 0.3823192
v 0.0000000 -0.3412332 0.9230000
vt 0.923323333 0.613737464
vn -0.0435436 -0.9230039 0.3823192
f 1501/1501/1501 1502/1502/1502 1503/1503/1503
v 0.1931872 -0.2758948 0.9123934
vt 0.948921084 0.642534494
vn -0.9162605 -0.1331218 -0.3778163
v 0.1936919 -0.2793685 0.9123934
vt 0.944654047 0.642534494
vn -0.9162605 -0.1331218 -0.3778163
v 0.1893003 -0.2792445 0.9230000
vt 0.944654047 0.652133524
vn -0.9162605 -0.1331218 -0.3778163
f 1504/1504/1504 1505/1505/1505 1506/1506/1506
v 0.1931872 -0.2758948 0.9123934
vt 0.948921084 0.642534494
vn -0.9108319 -0.1547699 -0.3826638
v 0.1893003 -0.2792445 0.9230000
vt 0.944654047 0.652133524
vn -0.9108319 -0.1547699 -0.3826638
v 0.1888644 -0.2766792 0.9230000
vt 0.948921084 0.652133524
vn -0.9108319 -0.1547699 -0.3826638
f 1507/1507/1507 1508/1508/1508 1509/1509/1509
v 0.0000000 -0.3156266 0.9123934
vt 0.923323333 0.642534494
vn 0.0433527 0.9231092 -0.3820864
v -0.0844246 -0.3116617 0.9123934
vt 0.919057071 0.642534494
vn 0.0433527 0.9231092 -0.3820864
v -0.0839540 -0.3072936 0.9230000
vt 0.919057071 0.652133524
vn 0.0433527 0.9231092 -0.3820864
f 1510/1510/1510 1511/1511/1511 1512/1512/1512
v 0.0000000 -0.3156266 0.9123934
vt 0.923323333 0.642534494
vn 0.0433130 0.9230124 -0.3823248
v -0.0839540 -0.3072936 0.9230000
vt 0.919057071 0.652133524
vn 0.0433130 0.9230124 -0.3823248
v 0.0000000 -0.3112332 0.9230000
vt 0.923323333 0.652133524
vn 0.0433130 0.9230124 -0.3823248
f 1513/1513/1513 1514/1514/1514 1515/1515/1515
v 0.0839541 -0.3072936 0.9230000
vt 0.927589655 0.652133524
vn -0.0433130 0.9230131 0.3823229
v 0.0000000 -0.3112332 0.9230000
vt 0.923323333 0.652133524
vn -0.0433130 0.9230131 0.3823229
v 0.0000000 -0.3156266 0.9336066
vt 0.923323333 0.661732495
vn -0.0433130 0.9230131 0.3823229
f 1516/1516/1516 1517/1517/1517 1518/1518/1518
v 0.0839541 -0.3072936 0.9230000
vt 0.927589655 0.652133524
vn -0.0433528 0.9231101 0.3820842
v 0.0000000 -0.3156266 0.9336066
vt 0.923323333 0.661732495
vn -0.0433528 0.9231101 0.3820842
v 0.0844246 -0.3116617 0.9336066
vt 0.927589655 0.661732495
vn -0.0433528 0.9231101 0.3820842
f 1519/1519/1519 1520/1520/1520 1521/1521/1521
v 0.0000000 -0.3412332 0.9230000
vt 0.923323333 0.613737464
vn -0.0435480 -0.9230984 -0.3820902
v -0.0871670 -0.3371210 0.9230000
vt 0.919057071 0.613737464
vn -0.0435480 -0.9230984 -0.3820902
v -0.0866965 -0.3327529 0.9123934
vt 0.919057071 0.623336494
vn -0.0435480 -0.9230984 -0.3820902
f 1522/1522/1522 1523/1523/1523 1524/1524/1524
v 0.0000000 -0.3412332 0.9230000
vt 0.923323333 0.613737464
vn -0.0435105 -0.9230044 -0.3823215
v -0.0866965 -0.3327529 0.9123934
vt 0.919057071 0.623336494
vn -0.0435105 -0.9230044 -0.3823215
v 0.0000000 -0.3368398 0.9123934
vt 0.923323333 0.623336494
vn -0.0435105 -0.9230044 -0.3823215
f 1525/1525/1525 1526/1526/1526 1527/1527/1527
v 0.0871670 -0.3371210 0.9230000
vt 0.927589655 0.613737464
vn 0.0435435 -0.9230031 -0.3823210
v 0.0000000 -0.3412332 0.9230000
vt 0.923323333 0.613737464
vn 0.0435435 -0.9230031 -0.3823210
v 0.0000000 -0.3368398 0.9123934
vt 0.923323333 0.623336494
vn 0.0435435 -0.9230031 -0.3823210
f 1528/1528/1528 1529/1529/1529 1530/1530/1530
v 0.0871670 -0.3371210 0.9230000
vt 0.927589655 0.613737464
vn 0.0435150 -0.9231002 -0.3820895
v 0.0000000 -0.3368398 0.9123934
vt 0.923323333 0.623336494
vn 0.0435150 -0.9231002 -0.3820895
v 0.0866965 -0.3327529 0.9123934
vt 0.927589655 0.623336494
vn 0.0435150 -0.9231002 -0.3820895
f 1531/1531/1531 1532/1532/1532 1533/1533/1533
v 0.0855605 -0.3222073 0.9080000
vt 0.927589655 0.632935464
vn 0.0180476 -0.3828503 -0.9236341
v 0.0866965 -0.3327529 0.9123934
vt 0.927589655 0.623336494
vn 0.0180476 -0.3828503 -0.9236341
v 0.0000000 -0.3368398 0.9123934
vt 0.923323333 0.623336494
vn 0.0180476 -0.3828503 -0.9236341
f 1534/1534/1534 1535/1535/1535 1536/1536/1536
v 0.0000000 -0.3368398 0.9123934
vt 0.923323333 0.623336494
vn -0.0180476 -0.3828503 -0.9236341
v -0.0866965 -0.3327529 0.9123934
vt 0.919057071 0.623336494
vn -0.0180476 -0.3828503 -0.9236341
v -0.0855605 -0.3222073 0.9080000
vt 0.919057071 0.632935464
vn -0.0180476 -0.3828503 -0.9236341
f 1537/1537/1537 1538/1538/1538 1539/1539/1539
v 0.0000000 -0.3368398 0.9123934
vt 0.923323333 0.623336494
vn 0.0000000 -0.2875671 -0.9577605
v -0.0855605 -0.3222073 0.9080000
vt 0.919057071 0.632935464
vn 0.0000000 -0.2875671 -0.9577605
v 0.0855605 -0.3222073 0.9080000
vt 0.927589655 0.632935464
vn 0.0000000 -0.2875671 -0.9577605
f 1540/1540/1540 1541/1541/1541 1542/1542/1542
v 0.0866965 -0.3327529 0.9336066
vt 0.927589655 0.604138434
vn 0.0435106 -0.9230052 0.3823197
v 0.0000000 -0.3368398 0.9336066
vt 0.923323333 0.604138434
vn 0.0435106 -0.9230052 0.3823197
v 0.0000000 -0.3412332 0.9230000
vt 0.923323333 0.613737464
vn 0.0435106 -0.9230052 0.3823197
f 1543/1543/1543 1544/1544/1544 1545/1545/1545
v 0.0866965 -0.3327529 0.9336066
vt 0.927589655 0.604138434
vn 0.0435481 -0.9230992 0.3820883
v 0.0000000 -0.3412332 0.9230000
vt 0.923323333 0.613737464
vn 0.0435481 -0.9230992 0.3820883
v 0.0871670 -0.3371210 0.9230000
vt 0.927589655 0.613737464
vn 0.0435481 -0.9230992 0.3820883
f 1546/1546/1546 1547/1547/1547 1548/1548/1548
v -0.0844246 -0.3116617 0.9123934
vt 0.919057071 0.642534494
vn 0.1533196 0.9123328 -0.3796602
v -0.1537910 -0.3000045 0.9123934
vt 0.914790750 0.642534494
vn 0.1533196 0.9123328 -0.3796602
v -0.1524822 -0.2958106 0.9230000
vt 0.914790750 0.652133524
vn 0.1533196 0.9123328 -0.3796602
f 1549/1549/1549 1550/1550/1550 1551/1551/1551
v -0.0844246 -0.3116617 0.9123934
vt 0.919057071 0.642534494
vn 0.1527205 0.9114062 -0.3821193
v -0.1524822 -0.2958106 0.9230000
vt 0.914790750 0.652133524
vn 0.1527205 0.9114062 -0.3821193
v -0.0839540 -0.3072936 0.9230000
vt 0.919057071 0.652133524
vn 0.1527205 0.9114062 -0.3821193
f 1552/1552/1552 1553/1553/1553 1554/1554/1554
v -0.0855605 -0.3222073 0.9080000
vt 0.919057071 0.632935464
vn 0.0643330 0.3802667 -0.9226368
v -0.1569507 -0.3101296 0.9080000
vt 0.914790750 0.632935464
vn 0.0643330 0.3802667 -0.9226368
v -0.1537910 -0.3000045 0.9123934
vt 0.914790750 0.642534494
vn 0.0643330 0.3802667 -0.9226368
f 1555/1555/1555 1556/1556/1556 1557/1557/1557
v -0.0855605 -0.3222073 0.9080000
vt 0.919057071 0.632935464
vn 0.0635164 0.3779562 -0.9236420
v -0.1537910 -0.3000045 0.9123934
vt 0.914790750 0.642534494
vn 0.0635164 0.3779562 -0.9236420
v -0.0844246 -0.3116617 0.9123934
vt 0.919057071 0.642534494
vn 0.0635164 0.3779562 -0.9236420
f 1558/1558/1558 1559/1559/1559 1560/1560/1560
v 0.1601104 -0.3202546 0.9123934
vt 0.931855917 0.623336494
vn 0.0643288 -0.3778610 -0.9236249
v 0.0866965 -0.3327529 0.9123934
vt 0.927589655 0.623336494
vn 0.0643288 -0.3778610 -0.9236249
v 0.0855605 -0.3222073 0.9080000
vt 0.927589655 0.632935464
vn 0.0643288 -0.3778610 -0.9236249
f 1561/1561/1561 1562/1562/1562 1563/1563/1563
v 0.1601104 -0.3202546 0.9123934
vt 0.931855917 0.623336494
vn 0.0643336 -0.3802703 -0.9226352
v 0.0855605 -0.3222073 0.9080000
vt 0.927589655 0.632935464
vn 0.0643336 -0.3802703 -0.9226352
v 0.1569507 -0.3101296 0.9080000
vt 0.931855917 0.632935464
vn 0.0643336 -0.3802703 -0.9226352
f 1564/1564/1564 1565/1565/1565 1566/1566/1566
v -0.0866965 -0.3327529 0.9336066
vt 0.919057071 0.604138434
vn -0.1552575 -0.9119673 0.3797511
v -0.1601104 -0.3202546 0.9336066
vt 0.914790750 0.604138434
vn -0.1552575 -0.9119673 0.3797511
v -0.1614191 -0.3244485 0.9230000
vt 0.914790750 0.613737464
vn -0.1552575 -0.9119673 0.3797511
f 1567/1567/1567 1568/1568/1568 1569/1569/1569
v -0.0866965 -0.3327529 0.9336066
vt 0.919057071 0.604138434
vn -0.1554736 -0.9109669 0.3820569
v -0.1614191 -0.3244485 0.9230000
vt 0.914790750 0.613737464
vn -0.1554736 -0.9109669 0.3820569
v -0.0871670 -0.3371210 0.9230000
vt 0.919057071 0.613737464
vn -0.1554736 -0.9109669 0.3820569
f 1570/1570/1570 1571/1571/1571 1572/1572/1572
v -0.0871670 -0.3371210 0.9230000
vt 0.919057071 0.613737464
vn -0.1556320 -0.9118952 -0.3797710
v -0.1614191 -0.3244485 0.9230000
vt 0.914790750 0.613737464
vn -0.1556320 -0.9118952 -0.3797710
v -0.1601104 -0.3202546 0.9123934
vt 0.914790750 0.623336494
vn -0.1556320 -0.9118952 -0.3797710
f 1573/1573/1573 1574/1574/1574 1575/1575/1575
v -0.0871670 -0.3371210 0.9230000
vt 0.919057071 0.613737464
vn -0.1550974 -0.9110268 -0.3820669
v -0.1601104 -0.3202546 0.9123934
vt 0.914790750 0.623336494
vn -0.1550974 -0.9110268 -0.3820669
v -0.0866965 -0.3327529 0.9123934
vt 0.919057071 0.623336494
vn -0.1550974 -0.9110268 -0.3820669
f 1576/1576/1576 1577/1577/1577 1578/1578/1578
v -0.0866965 -0.3327529 0.9123934
vt 0.919057071 0.623336494
vn -0.0647198 -0.3801580 -0.9226544
v -0.1601104 -0.3202546 0.9123934
vt 0.914790750 0.623336494
vn -0.0647198 -0.3801580 -0.9226544
v -0.1569507 -0.3101296 0.9080000
vt 0.914790750 0.632935464
vn -0.0647198 -0.3801580 -0.9226544
f 1579/1579/1579 1580/1580/1580 1581/1581/1581
v -0.0866965 -0.3327529 0.9123934
vt 0.919057071 0.623336494
vn -0.0639338 -0.3779071 -0.9236335
v -0.1569507 -0.3101296 0.9080000
vt 0.914790750 0.632935464
vn -0.0639338 -0.3779071 -0.9236335
v -0.0855605 -0.3222073 0.9080000
vt 0.919057071 0.632935464
vn -0.0639338 -0.3779071 -0.9236335
f 1582/1582/1582 1583/1583/1583 1584/1584/1584
v -0.0844246 -0.3116617 0.9336066
vt 0.919057071 0.584940374
vn 0.0639246 0.3803852 0.9226163
v -0.1537910 -0.3000045 0.9336066
vt 0.914790750 0.584940374
vn 0.0639246 0.3803852 0.9226163
v -0.1569507 -0.3101296 0.9380000
vt 0.914790750 0.594539404
vn 0.0639246 0.3803852 0.9226163
f 1585/1585/1585 1586/1586/1586 1587/1587/1587
v -0.0844246 -0.3116617 0.9336066
vt 0.919057071 0.584940374
vn 0.0639339 0.3779076 0.9236333
v -0.1569507 -0.3101296 0.9380000
vt 0.914790750 0.594539404
vn 0.0639339 0.3779076 0.9236333
v -0.0855605 -0.3222073 0.9380000
vt 0.919057071 0.594539404
vn 0.0639339 0.3779076 0.9236333
f 1588/1588/1588 1589/1589/1589 1590/1590/1590
v -0.0839540 -0.3072936 0.9230000
vt 0.919057071 0.652133524
vn 0.1528895 0.9124146 0.3796374
v -0.1524822 -0.2958106 0.9230000
vt 0.914790750 0.652133524
vn 0.1528895 0.9124146 0.3796374
v -0.1537910 -0.3000045 0.9336066
vt 0.914790750 0.661732495
vn 0.1528895 0.9124146 0.3796374
f 1591/1591/1591 1592/1592/1592 1593/1593/1593
v -0.0839540 -0.3072936 0.9230000
vt 0.919057071 0.652133524
vn 0.1531525 0.9113384 0.3821083
v -0.1537910 -0.3000045 0.9336066
vt 0.914790750 0.661732495
vn 0.1531525 0.9113384 0.3821083
v -0.0844246 -0.3116617 0.9336066
vt 0.919057071 0.661732495
vn 0.1531525 0.9113384 0.3821083
f 1594/1594/1594 1595/1595/1595 1596/1596/1596
v -0.1537910 -0.3000045 0.9123934
vt 0.914790750 0.642534494
vn 0.3878319 0.8441851 -0.3700513
v -0.1930981 -0.2819462 0.9123934
vt 0.910524487 0.642534494
vn 0.3878319 0.8441851 -0.3700513
v -0.1902392 -0.2786102 0.9230000
vt 0.910524487 0.652133524
vn 0.3878319 0.8441851 -0.3700513
f 1597/1597/1597 1598/1598/1598 1599/1599/1599
v -0.1537910 -0.3000045 0.9123934
vt 0.914790750 0.642534494
vn 0.3834443 0.8417073 -0.3801307
v -0.1902392 -0.2786102 0.9230000
vt 0.910524487 0.652133524
vn 0.3834443 0.8417073 -0.3801307
v -0.1524822 -0.2958106 0.9230000
vt 0.914790750 0.652133524
vn 0.3834443 0.8417073 -0.3801307
f 1600/1600/1600 1601/1601/1601 1602/1602/1602
v -0.1569507 -0.3101296 0.9080000
vt 0.914790750 0.632935464
vn 0.1672982 0.3577847 -0.9186955
v -0.2000000 -0.2900000 0.9080000
vt 0.910524487 0.632935464
vn 0.1672982 0.3577847 -0.9186955
v -0.1930981 -0.2819462 0.9123934
vt 0.910524487 0.642534494
vn 0.1672982 0.3577847 -0.9186955
f 1603/1603/1603 1604/1604/1604 1605/1605/1605
v -0.1569507 -0.3101296 0.9080000
vt 0.914790750 0.632935464
vn 0.1608827 0.3501897 -0.9227589
v -0.1930981 -0.2819462 0.9123934
vt 0.910524487 0.642534494
vn 0.1608827 0.3501897 -0.9227589
v -0.1537910 -0.3000045 0.9123934
vt 0.914790750 0.642534494
vn 0.1608827 0.3501897 -0.9227589
f 1606/1606/1606 1607/1607/1607 1608/1608/1608
v -0.1601104 -0.3202546 0.9123934
vt 0.914790750 0.623336494
vn -0.1690846 -0.3563718 -0.9189176
v -0.2069020 -0.2980538 0.9123934
vt 0.910524487 0.623336494
vn -0.1690846 -0.3563718 -0.9189176
v -0.2000000 -0.2900000 0.9080000
vt 0.910524487 0.632935464
vn -0.1690846 -0.3563718 -0.9189176
f 1609/1609/1609 1610/1610/1610 1611/1611/1611
v -0.1601104 -0.3202546 0.9123934
vt 0.914790750 0.623336494
vn -0.1633619 -0.3493666 -0.9226354
v -0.2000000 -0.2900000 0.9080000
vt 0.910524487 0.632935464
vn -0.1633619 -0.3493666 -0.9226354
v -0.1569507 -0.3101296 0.9080000
vt 0.914790750 0.632935464
vn -0.1633619 -0.3493666 -0.9226354
f 1612/1612/1612 1613/1613/1613 1614/1614/1614
v -0.1614191 -0.3244485 0.9230000
vt 0.914790750 0.613737464
vn -0.3997427 -0.8380464 -0.3713276
v -0.2097608 -0.3013898 0.9230000
vt 0.910524487 0.613737464
vn -0.3997427 -0.8380464 -0.3713276
v -0.2069020 -0.2980538 0.9123934
vt 0.910524487 0.623336494
vn -0.3997427 -0.8380464 -0.3713276
f 1615/1615/1615 1616/1616/1616 1617/1617/1617
v -0.1614191 -0.3244485 0.9230000
vt 0.914790750 0.613737464
vn -0.3966006 -0.8358970 -0.3794526
v -0.2069020 -0.2980538 0.9123934
vt 0.910524487 0.623336494
vn -0.3966006 -0.8358970 -0.3794526
v -0.1601104 -0.3202546 0.9123934
vt 0.914790750 0.623336494
vn -0.3966006 -0.8358970 -0.3794526
f 1618/1618/1618 1619/1619/1619 1620/1620/1620
v 0.2000000 -0.2900000 0.9380000
vt 0.936121523 0.594539404
vn 0.1633619 -0.3493666 0.9226354
v 0.1569507 -0.3101296 0.9380000
vt 0.931855917 0.594539404
vn 0.1633619 -0.3493666 0.9226354
v 0.1601104 -0.3202546 0.9336066
vt 0.931855917 0.604138434
vn 0.1633619 -0.3493666 0.9226354
f 1621/1621/1621 1622/1622/1622 1623/1623/1623
v 0.2000000 -0.2900000 0.9380000
vt 0.936121523 0.594539404
vn 0.1690855 -0.3563729 0.9189171
v 0.1601104 -0.3202546 0.9336066
vt 0.931855917 0.604138434
vn 0.1690855 -0.3563729 0.9189171
v 0.2069019 -0.2980538 0.9336066
vt 0.936121523 0.604138434
vn 0.1690855 -0.3563729 0.9189171
f 1624/1624/1624 1625/1625/1625 1626/1626/1626
v -0.1569507 -0.3101296 0.9380000
vt 0.914790750 0.594539404
vn -0.1672979 -0.3577841 0.9186957
v -0.2000000 -0.2900000 0.9380000
vt 0.910524487 0.594539404
vn -0.1672979 -0.3577841 0.9186957
v -0.2069019 -0.2980538 0.9336066
vt 0.910524487 0.604138434
vn -0.1672979 -0.3577841 0.9186957
f 1627/1627/1627 1628/1628/1628 1629/1629/1629
v -0.1569507 -0.3101296 0.9380000
vt 0.914790750 0.594539404
vn -0.1654326 -0.3486739 0.9225283
v -0.2069019 -0.2980538 0.9336066
vt 0.910524487 0.604138434
vn -0.1654326 -0.3486739 0.9225283
v -0.1601104 -0.3202546 0.9336066
vt 0.914790750 0.604138434
vn -0.1654326 -0.3486739 0.9225283
f 1630/1630/1630 1631/1631/1631 1632/1632/1632
v 0.1888644 -0.2766792 0.9230000
vt 0.948921084 0.652133524
vn -0.8988625 -0.2144150 0.3821943
v 0.1931872 -0.2758948 0.9336066
vt 0.948921084 0.661732495
vn -0.8988625 -0.2144150 0.3821943
v 0.1902078 -0.2634046 0.9336066
vt 0.957452953 0.661732495
vn -0.8988625 -0.2144150 0.3821943
f 1633/1633/1633 1634/1634/1634 1635/1635/1635
v 0.1888644 -0.2766792 0.9230000
vt 0.948921084 0.652133524
vn -0.8990481 -0.2141610 0.3818999
v 0.1902078 -0.2634046 0.9336066
vt 0.957452953 0.661732495
vn -0.8990481 -0.2141610 0.3818999
v 0.1858738 -0.2641247 0.9230000
vt 0.957452953 0.652133524
vn -0.8990481 -0.2141610 0.3818999
f 1636/1636/1636 1637/1637/1637 1638/1638/1638
v 0.1930981 -0.2819462 0.9336066
vt 0.936121523 0.661732495
vn -0.8499218 0.3917995 0.3523152
v 0.1935157 -0.2810403 0.9336066
vt 0.940388501 0.661732495
vn -0.8499218 0.3917995 0.3523152
v 0.1902392 -0.2786102 0.9230000
vt 0.936121523 0.652133524
vn -0.8499218 0.3917995 0.3523152
f 1639/1639/1639 1640/1640/1640 1641/1641/1641
v 0.1935157 -0.2810403 0.9336066
vt 0.940388501 0.661732495
vn 0.6569296 -0.6649909 -0.3552895
v 0.1894402 -0.2793995 0.9230000
vt 0.940388501 0.652133524
vn 0.6569296 -0.6649909 -0.3552895
v 0.1902392 -0.2786102 0.9230000
vt 0.936121523 0.652133524
vn 0.6569296 -0.6649909 -0.3552895
f 1642/1642/1642 1643/1643/1643 1644/1644/1644
v 0.2000000 -0.2900000 0.9380000
vt 0.936121523 0.594539404
vn -0.3237182 0.2172690 0.9208696
v 0.2033549 -0.2850014 0.9380000
vt 0.940388501 0.594539404
vn -0.3237182 0.2172690 0.9208696
v 0.1935157 -0.2810403 0.9336066
vt 0.940388501 0.584940374
vn -0.3237182 0.2172690 0.9208696
f 1645/1645/1645 1646/1646/1646 1647/1647/1647
v 0.2000000 -0.2900000 0.9380000
vt 0.936121523 0.594539404
vn -0.3766303 0.1736202 0.9099482
v 0.1935157 -0.2810403 0.9336066
vt 0.940388501 0.584940374
vn -0.3766303 0.1736202 0.9099482
v 0.1930981 -0.2819462 0.9336066
vt 0.936121523 0.584940374
vn -0.3766303 0.1736202 0.9099482
f 1648/1648/1648 1649/1649/1649 1650/1650/1650
v 0.2069019 -0.2980538 0.9336066
vt 0.936121523 0.604138434
vn 0.3966011 -0.8358961 0.3794543
v 0.1601104 -0.3202546 0.9336066
vt 0.931855917 0.604138434
vn 0.3966011 -0.8358961 0.3794543
v 0.1614192 -0.3244485 0.9230000
vt 0.931855917 0.613737464
vn 0.3966011 -0.8358961 0.3794543
f 1651/1651/1651 1652/1652/1652 1653/1653/1653
v 0.2069019 -0.2980538 0.9336066
vt 0.936121523 0.604138434
vn 0.3997431 -0.8380454 0.3713292
v 0.1614192 -0.3244485 0.9230000
vt 0.931855917 0.613737464
vn 0.3997431 -0.8380454 0.3713292
v 0.2097608 -0.3013898 0.9230000
vt 0.936121523 0.613737464
vn 0.3997431 -0.8380454 0.3713292
f 1654/1654/1654 1655/1655/1655 1656/1656/1656
v 0.2172696 -0.2906033 0.9230000
vt 0.940388501 0.613737464
vn 0.7617829 -0.5302992 -0.3721152
v 0.2097608 -0.3013898 0.9230000
vt 0.936121523 0.613737464
vn 0.7617829 -0.5302992 -0.3721152
v 0.2069020 -0.2980538 0.9123934
vt 0.936121523 0.623336494
vn 0.7617829 -0.5302992 -0.3721152
f 1657/1657/1657 1658/1658/1658 1659/1659/1659
v 0.2172696 -0.2906033 0.9230000
vt 0.940388501 0.613737464
vn 0.7624066 -0.5276636 -0.3745762
v 0.2069020 -0.2980538 0.9123934
vt 0.936121523 0.623336494
vn 0.7624066 -0.5276636 -0.3745762
v 0.2131941 -0.2889625 0.9123934
vt 0.940388501 0.623336494
vn 0.7624066 -0.5276636 -0.3745762
f 1660/1660/1660 1661/1661/1661 1662/1662/1662
v -0.2111342 -0.2599277 0.9336066
vt 0.889193058 0.604138434
vn -0.8985949 0.2161564 0.3818426
v -0.2154681 -0.2592076 0.9230000
vt 0.889193058 0.613737464
vn -0.8985949 0.2161564 0.3818426
v -0.2183823 -0.2713224 0.9230000
vt 0.897725642 0.613737464
vn -0.8985949 0.2161564 0.3818426
f 1663/1663/1663 1664/1664/1664 1665/1665/1665
v -0.2111342 -0.2599277 0.9336066
vt 0.889193058 0.604138434
vn -0.8985383 0.2158188 0.3821666
v -0.2183823 -0.2713224 0.9230000
vt 0.897725642 0.613737464
vn -0.8985383 0.2158188 0.3821666
v -0.2140595 -0.2721069 0.9336066
vt 0.897725642 0.604138434
vn -0.8985383 0.2158188 0.3821666
f 1666/1666/1666 1667/1667/1667 1668/1668/1668
v -0.2069020 -0.2980538 0.9123934
vt 0.910524487 0.623336494
vn -0.3214303 -0.2224628 -0.9204309
v -0.2131941 -0.2889625 0.9123934
vt 0.906258225 0.623336494
vn -0.3214303 -0.2224628 -0.9204309
v -0.2033549 -0.2850014 0.9080000
vt 0.906258225 0.632935464
vn -0.3214303 -0.2224628 -0.9204309
f 1669/1669/1669 1670/1670/1670 1671/1671/1671
v -0.2069020 -0.2980538 0.9123934
vt 0.910524487 0.623336494
vn -0.3279477 -0.2201077 -0.9186963
v -0.2033549 -0.2850014 0.9080000
vt 0.906258225 0.632935464
vn -0.3279477 -0.2201077 -0.9186963
v -0.2000000 -0.2900000 0.9080000
vt 0.910524487 0.632935464
vn -0.3279477 -0.2201077 -0.9186963
f 1672/1672/1672 1673/1673/1673 1674/1674/1674
v 0.1930981 -0.2819462 0.9123934
vt 0.936122239 0.642534494
vn -0.3478942 0.1603733 -0.9237154
v 0.1935157 -0.2810403 0.9123934
vt 0.940388501 0.642534494
vn -0.3478942 0.1603733 -0.9237154
v 0.2033549 -0.2850014 0.9080000
vt 0.940388501 0.632935464
vn -0.3478942 0.1603733 -0.9237154
f 1675/1675/1675 1676/1676/1676 1677/1677/1677
v 0.1930981 -0.2819462 0.9123934
vt 0.936122239 0.642534494
vn -0.3279502 0.2201094 -0.9186951
v 0.2033549 -0.2850014 0.9080000
vt 0.940388501 0.632935464
vn -0.3279502 0.2201094 -0.9186951
v 0.2000000 -0.2900000 0.9080000
vt 0.936121523 0.632935464
vn -0.3279502 0.2201094 -0.9186951
f 1678/1678/1678 1679/1679/1679 1680/1680/1680
v 0.1902392 -0.2786102 0.9230000
vt 0.936121523 0.652133524
vn 0.6495226 -0.6574929 0.3818683
v 0.1894402 -0.2793995 0.9230000
vt 0.940388501 0.652133524
vn 0.6495226 -0.6574929 0.3818683
v 0.1930981 -0.2819462 0.9123934
vt 0.936122239 0.642534494
vn 0.6495226 -0.6574929 0.3818683
f 1681/1681/1681 1682/1682/1682 1683/1683/1683
v 0.1894402 -0.2793995 0.9230000
vt 0.940388501 0.652133524
vn -0.8391711 0.3868436 -0.3822880
v 0.1935157 -0.2810403 0.9123934
vt 0.940388501 0.642534494
vn -0.8391711 0.3868436 -0.3822880
v 0.1930981 -0.2819462 0.9123934
vt 0.936122239 0.642534494
vn -0.8391711 0.3868436 -0.3822880
f 1684/1684/1684 1685/1685/1685 1686/1686/1686
v 0.1935157 -0.2810403 0.9336066
vt 0.940388501 0.661732495
vn -0.9191895 0.0968724 0.3817152
v 0.1936919 -0.2793685 0.9336066
vt 0.944654047 0.661732495
vn -0.9191895 0.0968724 0.3817152
v 0.1893003 -0.2792445 0.9230000
vt 0.944654047 0.652133524
vn -0.9191895 0.0968724 0.3817152
f 1687/1687/1687 1688/1688/1688 1689/1689/1689
v 0.1935157 -0.2810403 0.9336066
vt 0.940388501 0.661732495
vn -0.7303848 -0.6592563 0.1786593
v 0.1893003 -0.2792445 0.9230000
vt 0.944654047 0.652133524
vn -0.7303848 -0.6592563 0.1786593
v 0.1894402 -0.2793995 0.9230000
vt 0.940388501 0.652133524
vn -0.7303848 -0.6592563 0.1786593
f 1690/1690/1690 1691/1691/1691 1692/1692/1692
v 0.0855605 -0.3222073 0.9380000
vt 0.927589655 0.594539404
vn -0.0179804 0.3828571 0.9236326
v 0.0844246 -0.3116617 0.9336066
vt 0.927589655 0.584940374
vn -0.0179804 0.3828571 0.9236326
v 0.0000000 -0.3156266 0.9336066
vt 0.923323333 0.584940374
vn -0.0179804 0.3828571 0.9236326
f 1693/1693/1693 1694/1694/1694 1695/1695/1695
v 0.0000000 -0.3156266 0.9336066
vt 0.923323333 0.584940374
vn 0.0179804 0.3828571 0.9236326
v -0.0844246 -0.3116617 0.9336066
vt 0.919057071 0.584940374
vn 0.0179804 0.3828571 0.9236326
v -0.0855605 -0.3222073 0.9380000
vt 0.919057071 0.594539404
vn 0.0179804 0.3828571 0.9236326
f 1696/1696/1696 1697/1697/1697 1698/1698/1698
v 0.0000000 -0.3156266 0.9336066
vt 0.923323333 0.584940374
vn 0.0000000 0.5552477 0.8316851
v -0.0855605 -0.3222073 0.9380000
vt 0.919057071 0.594539404
vn 0.0000000 0.5552477 0.8316851
v 0.0855605 -0.3222073 0.9380000
vt 0.927589655 0.594539404
vn 0.0000000 0.5552477 0.8316851
f 1699/1699/1699 1700/1700/1700 1701/1701/1701
v -0.2000000 -0.2900000 0.9380000
vt 0.910524487 0.594539404
vn -0.3237174 -0.2172685 0.9208699
v -0.2033549 -0.2850014 0.9380000
vt 0.906258225 0.594539404
vn -0.3237174 -0.2172685 0.9208699
v -0.2131941 -0.2889625 0.9336066
vt 0.906258225 0.604138434
vn -0.3237174 -0.2172685 0.9208699
f 1702/1702/1702 1703/1703/1703 1704/1704/1704
v -0.2000000 -0.2900000 0.9380000
vt 0.910524487 0.594539404
vn -0.3237100 -0.2240443 0.9192475
v -0.2131941 -0.2889625 0.9336066
vt 0.906258225 0.604138434
vn -0.3237100 -0.2240443 0.9192475
v -0.2069019 -0.2980538 0.9336066
vt 0.910524487 0.604138434
vn -0.3237100 -0.2240443 0.9192475
f 1705/1705/1705 1706/1706/1706 1707/1707/1707
v -0.2148967 -0.2799678 0.9336066
vt 0.901991904 0.604138434
vn -0.3835129 0.0454064 0.9224187
v -0.2042943 -0.2796682 0.9380000
vt 0.901991904 0.594539404
vn -0.3835129 0.0454064 0.9224187
v -0.2036233 -0.2740008 0.9380000
vt 0.897725642 0.594539404
vn -0.3835129 0.0454064 0.9224187
f 1708/1708/1708 1709/1709/1709 1710/1710/1710
v -0.2036233 -0.2740008 0.9380000
vt 0.897725642 0.594539404
vn 0.0000000 0.0000000 1.0000000
v -0.2006710 -0.2616662 0.9380000
vt 0.889193058 0.594539404
vn 0.0000000 0.0000000 1.0000000
v -0.2000000 -0.2550000 0.9380000
vt 0.884927452 0.594539404
vn 0.0000000 0.0000000 1.0000000
f 1711/1711/1711 1712/1712/1712 1713/1713/1713
v -0.2000000 -0.2550000 0.9380000
vt 0.884927452 0.594539404
vn -0.3823627 0.0409382 0.9231050
v -0.2106066 -0.2550000 0.9336066
vt 0.884927452 0.604138434
vn -0.3823627 0.0409382 0.9231050
v -0.2111342 -0.2599277 0.9336066
vt 0.889193058 0.604138434
vn -0.3823627 0.0409382 0.9231050
f 1714/1714/1714 1715/1715/1715 1716/1716/1716
v -0.2111342 -0.2599277 0.9336066
vt 0.889193058 0.604138434
vn 0.0000000 0.0000000 1.0000000
v -0.2140595 -0.2721069 0.9336066
vt 0.897725642 0.604138434
vn 0.0000000 0.0000000 1.0000000
v -0.2148967 -0.2799678 0.9336066
vt 0.901991904 0.604138434
vn 0.0000000 0.0000000 1.0000000
f 1717/1717/1717 1718/1718/1718 1719/1719/1719
v -0.2148967 -0.2799678 0.9336066
vt 0.901991904 0.604138434
vn -0.3965701 0.0756226 0.9148844
v -0.2036233 -0.2740008 0.9380000
vt 0.897725642 0.594539404
vn -0.3965701 0.0756226 0.9148844
v -0.2000000 -0.2550000 0.9380000
vt 0.884927452 0.594539404
vn -0.3965701 0.0756226 0.9148844
f 1720/1720/1720 1721/1721/1721 1722/1722/1722
v -0.2000000 -0.2550000 0.9380000
vt 0.884927452 0.594539404
vn -0.3942107 0.0740124 0.9160350
v -0.2111342 -0.2599277 0.9336066
vt 0.889193058 0.604138434
vn -0.3942107 0.0740124 0.9160350
v -0.2148967 -0.2799678 0.9336066
vt 0.901991904 0.604138434
vn -0.3942107 0.0740124 0.9160350
f 1723/1723/1723 1724/1724/1724 1725/1725/1725
v -0.2172696 -0.2906033 0.9230000
vt 0.906258225 0.613737464
vn -0.9090225 -0.1745770 -0.3784193
v -0.2192883 -0.2800919 0.9230000
vt 0.901991904 0.613737464
vn -0.9090225 -0.1745770 -0.3784193
v -0.2148967 -0.2799678 0.9123934
vt 0.901991904 0.623336494
vn -0.9090225 -0.1745770 -0.3784193
f 1726/1726/1726 1727/1727/1727 1728/1728/1728
v -0.2172696 -0.2906033 0.9230000
vt 0.906258225 0.613737464
vn -0.9102832 -0.1723060 -0.3764242
v -0.2148967 -0.2799678 0.9123934
vt 0.901991904 0.623336494
vn -0.9102832 -0.1723060 -0.3764242
v -0.2131941 -0.2889625 0.9123934
vt 0.906258225 0.623336494
vn -0.9102832 -0.1723060 -0.3764242
f 1729/1729/1729 1730/1730/1730 1731/1731/1731
v -0.2033549 -0.2850014 0.9380000
vt 0.906258225 0.594539404
vn -0.3803366 -0.0669933 0.9224185
v -0.2042943 -0.2796682 0.9380000
vt 0.901991904 0.594539404
vn -0.3803366 -0.0669933 0.9224185
v -0.2148967 -0.2799678 0.9336066
vt 0.901991904 0.604138434
vn -0.3803366 -0.0669933 0.9224185
f 1732/1732/1732 1733/1733/1733 1734/1734/1734
v -0.2033549 -0.2850014 0.9380000
vt 0.906258225 0.594539404
vn -0.3822219 -0.0723502 0.9212339
v -0.2148967 -0.2799678 0.9336066
vt 0.901991904 0.604138434
vn -0.3822219 -0.0723502 0.9212339
v -0.2131941 -0.2889625 0.9336066
vt 0.906258225 0.604138434
vn -0.3822219 -0.0723502 0.9212339
f 1735/1735/1735 1736/1736/1736 1737/1737/1737
v -0.1935157 -0.2810403 0.9336066
vt 0.906258225 0.584940374
vn 0.3815330 0.0402093 0.9234802
v -0.1936919 -0.2793685 0.9336066
vt 0.901991904 0.584940374
vn 0.3815330 0.0402093 0.9234802
v -0.2042943 -0.2796682 0.9380000
vt 0.901991904 0.594539404
vn 0.3815330 0.0402093 0.9234802
f 1738/1738/1738 1739/1739/1739 1740/1740/1740
v -0.1935157 -0.2810403 0.9336066
vt 0.906258225 0.584940374
vn 0.3839597 0.0676315 0.9208697
v -0.2042943 -0.2796682 0.9380000
vt 0.901991904 0.594539404
vn 0.3839597 0.0676315 0.9208697
v -0.2033549 -0.2850014 0.9380000
vt 0.906258225 0.594539404
vn 0.3839597 0.0676315 0.9208697
f 1741/1741/1741 1742/1742/1742 1743/1743/1743
v 0.1894402 -0.2793995 0.9230000
vt 0.940388501 0.652133524
vn -0.7111144 -0.6418624 -0.2869302
v 0.1893003 -0.2792445 0.9230000
vt 0.944654047 0.652133524
vn -0.7111144 -0.6418624 -0.2869302
v 0.1936919 -0.2793685 0.9123934
vt 0.944654047 0.642534494
vn -0.7111144 -0.6418624 -0.2869302
f 1744/1744/1744 1745/1745/1745 1746/1746/1746
v 0.1894402 -0.2793995 0.9230000
vt 0.940388501 0.652133524
vn -0.9238912 0.0973679 -0.3700604
v 0.1936919 -0.2793685 0.9123934
vt 0.944654047 0.642534494
vn -0.9238912 0.0973679 -0.3700604
v 0.1935157 -0.2810403 0.9123934
vt 0.940388501 0.642534494
vn -0.9238912 0.0973679 -0.3700604
f 1747/1747/1747 1748/1748/1748 1749/1749/1749
v -0.1936919 -0.2793685 0.9123934
vt 0.901991904 0.642534494
vn 0.9143631 -0.1328461 -0.3824815
v -0.1931872 -0.2758948 0.9123934
vt 0.897725642 0.642534494
vn 0.9143631 -0.1328461 -0.3824815
v -0.1888644 -0.2766792 0.9230000
vt 0.897725642 0.652133524
vn 0.9143631 -0.1328461 -0.3824815
f 1750/1750/1750 1751/1751/1751 1752/1752/1752
v -0.1936919 -0.2793685 0.9123934
vt 0.901991904 0.642534494
vn 0.9133791 -0.1552027 -0.3763652
v -0.1888644 -0.2766792 0.9230000
vt 0.897725642 0.652133524
vn 0.9133791 -0.1552027 -0.3763652
v -0.1893003 -0.2792445 0.9230000
vt 0.901991904 0.652133524
vn 0.9133791 -0.1552027 -0.3763652
f 1753/1753/1753 1754/1754/1754 1755/1755/1755
v 0.1902392 -0.2786102 0.9230000
vt 0.936121523 0.652133524
vn -0.3834446 0.8417079 0.3801289
v 0.1524822 -0.2958106 0.9230000
vt 0.931855917 0.652133524
vn -0.3834446 0.8417079 0.3801289
v 0.1537910 -0.3000045 0.9336066
vt 0.931855917 0.661732495
vn -0.3834446 0.8417079 0.3801289
f 1756/1756/1756 1757/1757/1757 1758/1758/1758
v 0.1902392 -0.2786102 0.9230000
vt 0.936121523 0.652133524
vn -0.3878322 0.8441858 0.3700495
v 0.1537910 -0.3000045 0.9336066
vt 0.931855917 0.661732495
vn -0.3878322 0.8441858 0.3700495
v 0.1930981 -0.2819462 0.9336066
vt 0.936121523 0.661732495
vn -0.3878322 0.8441858 0.3700495
f 1759/1759/1759 1760/1760/1760 1761/1761/1761
v 0.2148967 -0.2799678 0.9123934
vt 0.944654047 0.623336494
vn 0.3822219 -0.0723502 -0.9212340
v 0.2131941 -0.2889625 0.9123934
vt 0.940388501 0.623336494
vn 0.3822219 -0.0723502 -0.9212340
v 0.2033549 -0.2850014 0.9080000
vt 0.940388501 0.632935464
vn 0.3822219 -0.0723502 -0.9212340
f 1762/1762/1762 1763/1763/1763 1764/1764/1764
v 0.2148967 -0.2799678 0.9123934
vt 0.944654047 0.623336494
vn 0.3803366 -0.0669933 -0.9224185
v 0.2033549 -0.2850014 0.9080000
vt 0.940388501 0.632935464
vn 0.3803366 -0.0669933 -0.9224185
v 0.2042943 -0.2796682 0.9080000
vt 0.944654047 0.632935464
vn 0.3803366 -0.0669933 -0.9224185
f 1765/1765/1765 1766/1766/1766 1767/1767/1767
v 0.2131941 -0.2889625 0.9336066
vt 0.940388501 0.604138434
vn 0.7632901 -0.5282839 0.3718929
v 0.2069019 -0.2980538 0.9336066
vt 0.936121523 0.604138434
vn 0.7632901 -0.5282839 0.3718929
v 0.2097608 -0.3013898 0.9230000
vt 0.936121523 0.613737464
vn 0.7632901 -0.5282839 0.3718929
f 1768/1768/1768 1769/1769/1769 1770/1770/1770
v 0.2131941 -0.2889625 0.9336066
vt 0.940388501 0.604138434
vn 0.7610366 -0.5297798 0.3743750
v 0.2097608 -0.3013898 0.9230000
vt 0.936121523 0.613737464
vn 0.7610366 -0.5297798 0.3743750
v 0.2172696 -0.2906033 0.9230000
vt 0.940388501 0.613737464
vn 0.7610366 -0.5297798 0.3743750
f 1771/1771/1771 1772/1772/1772 1773/1773/1773
v -0.2148967 -0.2799678 0.9336066
vt 0.901991904 0.604138434
vn -0.9190469 0.0978788 0.3818019
v -0.2140595 -0.2721069 0.9336066
vt 0.897725642 0.604138434
vn -0.9190469 0.0978788 0.3818019
v -0.2183823 -0.2713224 0.9230000
vt 0.897725642 0.613737464
vn -0.9190469 0.0978788 0.3818019
f 1774/1774/1774 1775/1775/1775 1776/1776/1776
v -0.2148967 -0.2799678 0.9336066
vt 0.901991904 0.604138434
vn -0.9201436 0.0950629 0.3798671
v -0.2183823 -0.2713224 0.9230000
vt 0.897725642 0.613737464
vn -0.9201436 0.0950629 0.3798671
v -0.2192883 -0.2800919 0.9230000
vt 0.901991904 0.613737464
vn -0.9201436 0.0950629 0.3798671
f 1777/1777/1777 1778/1778/1778 1779/1779/1779
v -0.1893003 -0.2792445 0.9230000
vt 0.901991904 0.652133524
vn 0.9108327 -0.1547700 0.3826619
v -0.1888644 -0.2766792 0.9230000
vt 0.897725642 0.652133524
vn 0.9108327 -0.1547700 0.3826619
v -0.1931872 -0.2758948 0.9336066
vt 0.897725642 0.661732495
vn 0.9108327 -0.1547700 0.3826619
f 1780/1780/1780 1781/1781/1781 1782/1782/1782
v -0.1893003 -0.2792445 0.9230000
vt 0.901991904 0.652133524
vn 0.9162614 -0.1331219 0.3778146
v -0.1931872 -0.2758948 0.9336066
vt 0.897725642 0.661732495
vn 0.9162614 -0.1331219 0.3778146
v -0.1936919 -0.2793685 0.9336066
vt 0.901991904 0.661732495
vn 0.9162614 -0.1331219 0.3778146
f 1783/1783/1783 1784/1784/1784 1785/1785/1785
v 0.2006710 -0.2616662 0.9080000
vt 0.957452953 0.632935464
vn 0.0000000 0.0000000 -1.0000000
v 0.2036233 -0.2740008 0.9080000
vt 0.948921084 0.632935464
vn 0.0000000 0.0000000 -1.0000000
v 0.2042943 -0.2796682 0.9080000
vt 0.944654047 0.632935464
vn 0.0000000 0.0000000 -1.0000000
f 1786/1786/1786 1787/1787/1787 1788/1788/1788
v 0.2042943 -0.2796682 0.9080000
vt 0.944654047 0.632935464
vn -0.3835621 -0.0557270 -0.9218323
v 0.1936919 -0.2793685 0.9123934
vt 0.944654047 0.642534494
vn -0.3835621 -0.0557270 -0.9218323
v 0.1931872 -0.2758948 0.9123934
vt 0.948921084 0.642534494
vn -0.3835621 -0.0557270 -0.9218323
f 1789/1789/1789 1790/1790/1790 1791/1791/1791
v 0.1931872 -0.2758948 0.9123934
vt 0.948921084 0.642534494
vn 0.0000000 0.0000000 -1.0000000
v 0.1902078 -0.2634046 0.9123934
vt 0.957452953 0.642534494
vn 0.0000000 0.0000000 -1.0000000
v 0.1893934 -0.2550000 0.9123934
vt 0.961719215 0.642534494
vn 0.0000000 0.0000000 -1.0000000
f 1792/1792/1792 1793/1793/1793 1794/1794/1794
v 0.1893934 -0.2550000 0.9123934
vt 0.961719215 0.642534494
vn -0.3823999 -0.0384911 -0.9231949
v 0.2000000 -0.2550000 0.9080000
vt 0.961719215 0.632935464
vn -0.3823999 -0.0384911 -0.9231949
v 0.2006710 -0.2616662 0.9080000
vt 0.957452953 0.632935464
vn -0.3823999 -0.0384911 -0.9231949
f 1795/1795/1795 1796/1796/1796 1797/1797/1797
v 0.2006710 -0.2616662 0.9080000
vt 0.957452953 0.632935464
vn -0.3896107 -0.0784176 -0.9176351
v 0.2042943 -0.2796682 0.9080000
vt 0.944654047 0.632935464
vn -0.3896107 -0.0784176 -0.9176351
v 0.1931872 -0.2758948 0.9123934
vt 0.948921084 0.642534494
vn -0.3896107 -0.0784176 -0.9176351
f 1798/1798/1798 1799/1799/1799 1800/1800/1800
v 0.1931872 -0.2758948 0.9123934
vt 0.948921084 0.642534494
vn -0.3989262 -0.0724318 -0.9141179
v 0.1893934 -0.2550000 0.9123934
vt 0.961719215 0.642534494
vn -0.3989262 -0.0724318 -0.9141179
v 0.2006710 -0.2616662 0.9080000
vt 0.957452953 0.632935464
vn -0.3989262 -0.0724318 -0.9141179
f 1801/1801/1801 1802/1802/1802 1803/1803/1803
v 0.1893934 -0.2550000 0.9123934
vt 0.961719215 0.642534494
vn -0.9198837 -0.0891352 -0.3819277
v 0.1902078 -0.2634046 0.9123934
vt 0.957452953 0.642534494
vn -0.9198837 -0.0891352 -0.3819277
v 0.1858738 -0.2641247 0.9230000
vt 0.957452953 0.652133524
vn -0.9198837 -0.0891352 -0.3819277
f 1804/1804/1804 1805/1805/1805 1806/1806/1806
v 0.1893934 -0.2550000 0.9123934
vt 0.961719215 0.642534494
vn -0.9202846 -0.0881288 -0.3811949
v 0.1858738 -0.2641247 0.9230000
vt 0.957452953 0.652133524
vn -0.9202846 -0.0881288 -0.3811949
v 0.1850000 -0.2550000 0.9230000
vt 0.961719215 0.652133524
vn -0.9202846 -0.0881288 -0.3811949
f 1807/1807/1807 1808/1808/1808 1809/1809/1809
v -0.1931872 -0.2758948 0.9123934
vt 0.897725642 0.642534494
vn 0.8989829 -0.2144437 -0.3818946
v -0.1902078 -0.2634046 0.9123934
vt 0.889193058 0.642534494
vn 0.8989829 -0.2144437 -0.3818946
v -0.1858738 -0.2641247 0.9230000
vt 0.889193058 0.652133524
vn 0.8989829 -0.2144437 -0.3818946
f 1810/1810/1810 1811/1811/1811 1812/1812/1812
v -0.1931872 -0.2758948 0.9123934
vt 0.897725642 0.642534494
vn 0.8989267 -0.2141321 -0.3822017
v -0.1858738 -0.2641247 0.9230000
vt 0.889193058 0.652133524
vn 0.8989267 -0.2141321 -0.3822017
v -0.1888644 -0.2766792 0.9230000
vt 0.897725642 0.652133524
vn 0.8989267 -0.2141321 -0.3822017
f 1813/1813/1813 1814/1814/1814 1815/1815/1815
v -0.1888644 -0.2766792 0.9230000
vt 0.897725642 0.652133524
vn 0.8990481 -0.2141610 0.3818999
v -0.1858738 -0.2641247 0.9230000
vt 0.889193058 0.652133524
vn 0.8990481 -0.2141610 0.3818999
v -0.1902078 -0.2634046 0.9336066
vt 0.889193058 0.661732495
vn 0.8990481 -0.2141610 0.3818999
f 1816/1816/1816 1817/1817/1817 1818/1818/1818
v -0.1888644 -0.2766792 0.9230000
vt 0.897725642 0.652133524
vn 0.8988625 -0.2144150 0.3821943
v -0.1902078 -0.2634046 0.9336066
vt 0.889193058 0.661732495
vn 0.8988625 -0.2144150 0.3821943
v -0.1931872 -0.2758948 0.9336066
vt 0.897725642 0.661732495
vn 0.8988625 -0.2144150 0.3821943
f 1819/1819/1819 1820/1820/1820 1821/1821/1821
v 0.1850000 -0.2550000 0.9230000
vt 0.961719215 0.652133524
vn -0.9199947 -0.0881010 0.3819007
v 0.1858738 -0.2641247 0.9230000
vt 0.957452953 0.652133524
vn -0.9199947 -0.0881010 0.3819007
v 0.1902078 -0.2634046 0.9336066
vt 0.957452953 0.661732495
vn -0.9199947 -0.0881010 0.3819007
f 1822/1822/1822 1823/1823/1823 1824/1824/1824
v 0.1850000 -0.2550000 0.9230000
vt 0.961719215 0.652133524
vn -0.9202000 -0.0891659 0.3811578
v 0.1902078 -0.2634046 0.9336066
vt 0.957452953 0.661732495
vn -0.9202000 -0.0891659 0.3811578
v 0.1893934 -0.2550000 0.9336066
vt 0.961719215 0.661732495
vn -0.9202000 -0.0891659 0.3811578
f 1825/1825/1825 1826/1826/1826 1827/1827/1827
v -0.2154681 -0.2592076 0.9230000
vt 0.889193058 0.613737464
vn -0.8986645 0.2158492 -0.3818524
v -0.2111342 -0.2599277 0.9123934
vt 0.889193058 0.623336494
vn -0.8986645 0.2158492 -0.3818524
v -0.2140595 -0.2721069 0.9123934
vt 0.897725642 0.623336494
vn -0.8986645 0.2158492 -0.3818524
f 1828/1828/1828 1829/1829/1829 1830/1830/1830
v -0.2154681 -0.2592076 0.9230000
vt 0.889193058 0.613737464
vn -0.8984663 0.2161255 -0.3821621
v -0.2140595 -0.2721069 0.9123934
vt 0.897725642 0.623336494
vn -0.8984663 0.2161255 -0.3821621
v -0.2183823 -0.2713224 0.9230000
vt 0.897725642 0.613737464
vn -0.8984663 0.2161255 -0.3821621
f 1831/1831/1831 1832/1832/1832 1833/1833/1833
v -0.1936919 -0.2793685 0.9123934
vt 0.901991904 0.642534494
vn 0.3835133 -0.0454064 -0.9224185
v -0.2042943 -0.2796682 0.9080000
vt 0.901991904 0.632935464
vn 0.3835133 -0.0454064 -0.9224185
v -0.2036233 -0.2740008 0.9080000
vt 0.897725642 0.632935464
vn 0.3835133 -0.0454064 -0.9224185
f 1834/1834/1834 1835/1835/1835 1836/1836/1836
v -0.2006710 -0.2616662 0.9080000
vt 0.889193058 0.632935464
vn 0.3823999 -0.0384911 -0.9231949
v -0.2000000 -0.2550000 0.9080000
vt 0.884927452 0.632935464
vn 0.3823999 -0.0384911 -0.9231949
v -0.1893934 -0.2550000 0.9123934
vt 0.884927452 0.642534494
vn 0.3823999 -0.0384911 -0.9231949
f 1837/1837/1837 1838/1838/1838 1839/1839/1839
v -0.1936919 -0.2793685 0.9123934
vt 0.901991904 0.642534494
vn 0.3633390 -0.0869655 -0.9275893
v -0.2036233 -0.2740008 0.9080000
vt 0.897725642 0.632935464
vn 0.3633390 -0.0869655 -0.9275893
v -0.2006710 -0.2616662 0.9080000
vt 0.889193058 0.632935464
vn 0.3633390 -0.0869655 -0.9275893
f 1840/1840/1840 1841/1841/1841 1842/1842/1842
v -0.1893934 -0.2550000 0.9123934
vt 0.884927452 0.642534494
vn 0.0000000 0.0000000 -1.0000000
v -0.1902078 -0.2634046 0.9123934
vt 0.889193058 0.642534494
vn 0.0000000 0.0000000 -1.0000000
v -0.1931872 -0.2758948 0.9123934
vt 0.897725642 0.642534494
vn 0.0000000 0.0000000 -1.0000000
f 1843/1843/1843 1844/1844/1844 1845/1845/1845
v -0.1931872 -0.2758948 0.9123934
vt 0.897725642 0.642534494
vn 0.4171312 -0.0606042 -0.9068234
v -0.1936919 -0.2793685 0.9123934
vt 0.901991904 0.642534494
vn 0.4171312 -0.0606042 -0.9068234
v -0.2006710 -0.2616662 0.9080000
vt 0.889193058 0.632935464
vn 0.4171312 -0.0606042 -0.9068234
f 1846/1846/1846 1847/1847/1847 1848/1848/1848
v -0.2006710 -0.2616662 0.9080000
vt 0.889193058 0.632935464
vn 0.3989262 -0.0724318 -0.9141179
v -0.1893934 -0.2550000 0.9123934
vt 0.884927452 0.642534494
vn 0.3989262 -0.0724318 -0.9141179
v -0.1931872 -0.2758948 0.9123934
vt 0.897725642 0.642534494
vn 0.3989262 -0.0724318 -0.9141179
f 1849/1849/1849 1850/1850/1850 1851/1851/1851
v 0.1601104 -0.3202546 0.9336066
vt 0.931855917 0.604138434
vn 0.1550975 -0.9110274 0.3820651
v 0.0866965 -0.3327529 0.9336066
vt 0.927589655 0.604138434
vn 0.1550975 -0.9110274 0.3820651
v 0.0871670 -0.3371210 0.9230000
vt 0.927589655 0.613737464
vn 0.1550975 -0.9110274 0.3820651
f 1852/1852/1852 1853/1853/1853 1854/1854/1854
v 0.1601104 -0.3202546 0.9336066
vt 0.931855917 0.604138434
vn 0.1556318 -0.9118953 0.3797705
v 0.0871670 -0.3371210 0.9230000
vt 0.927589655 0.613737464
vn 0.1556318 -0.9118953 0.3797705
v 0.1614192 -0.3244485 0.9230000
vt 0.931855917 0.613737464
vn 0.1556318 -0.9118953 0.3797705
f 1855/1855/1855 1856/1856/1856 1857/1857/1857
v -0.2111342 -0.2599277 0.9336066
vt 0.889193058 0.604138434
vn -0.9193931 0.0984361 0.3808235
v -0.2106066 -0.2550000 0.9336066
vt 0.884927452 0.604138434
vn -0.9193931 0.0984361 0.3808235
v -0.2150000 -0.2550000 0.9230000
vt 0.884927452 0.613737464
vn -0.9193931 0.0984361 0.3808235
f 1858/1858/1858 1859/1859/1859 1860/1860/1860
v -0.2111342 -0.2599277 0.9336066
vt 0.889193058 0.604138434
vn -0.9184130 0.1021720 0.3822020
v -0.2150000 -0.2550000 0.9230000
vt 0.884927452 0.613737464
vn -0.9184130 0.1021720 0.3822020
v -0.2154681 -0.2592076 0.9230000
vt 0.889193058 0.613737464
vn -0.9184130 0.1021720 0.3822020
f 1861/1861/1861 1862/1862/1862 1863/1863/1863
v -0.1902078 -0.2634046 0.9123934
vt 0.889193058 0.642534494
vn 0.9201993 -0.0891658 -0.3811596
v -0.1893934 -0.2550000 0.9123934
vt 0.884927452 0.642534494
vn 0.9201993 -0.0891658 -0.3811596
v -0.1850000 -0.2550000 0.9230000
vt 0.884927452 0.652133524
vn 0.9201993 -0.0891658 -0.3811596
f 1864/1864/1864 1865/1865/1865 1866/1866/1866
v -0.1902078 -0.2634046 0.9123934
vt 0.889193058 0.642534494
vn 0.9199939 -0.0881009 -0.3819025
v -0.1850000 -0.2550000 0.9230000
vt 0.884927452 0.652133524
vn 0.9199939 -0.0881009 -0.3819025
v -0.1858738 -0.2641247 0.9230000
vt 0.889193058 0.652133524
vn 0.9199939 -0.0881009 -0.3819025
f 1867/1867/1867 1868/1868/1868 1869/1869/1869
v 0.1931872 -0.2758948 0.9336066
vt 0.948921084 0.584940374
vn -0.3835621 -0.0557270 0.9218323
v 0.1936919 -0.2793685 0.9336066
vt 0.944654047 0.584940374
vn -0.3835621 -0.0557270 0.9218323
v 0.2042943 -0.2796682 0.9380000
vt 0.944654047 0.594539404
vn -0.3835621 -0.0557270 0.9218323
f 1870/1870/1870 1871/1871/1871 1872/1872/1872
v 0.2042943 -0.2796682 0.9380000
vt 0.944654047 0.594539404
vn 0.0000000 0.0000000 1.0000000
v 0.2036233 -0.2740008 0.9380000
vt 0.948921084 0.594539404
vn 0.0000000 0.0000000 1.0000000
v 0.2006710 -0.2616662 0.9380000
vt 0.957452953 0.594539404
vn 0.0000000 0.0000000 1.0000000
f 1873/1873/1873 1874/1874/1874 1875/1875/1875
v 0.2006710 -0.2616662 0.9380000
vt 0.957452953 0.594539404
vn -0.3823999 -0.0384911 0.9231949
v 0.2000000 -0.2550000 0.9380000
vt 0.961719215 0.594539404
vn -0.3823999 -0.0384911 0.9231949
v 0.1893934 -0.2550000 0.9336066
vt 0.961719215 0.584940374
vn -0.3823999 -0.0384911 0.9231949
f 1876/1876/1876 1877/1877/1877 1878/1878/1878
v 0.1893934 -0.2550000 0.9336066
vt 0.961719215 0.584940374
vn 0.0000000 0.0000000 1.0000000
v 0.1902078 -0.2634046 0.9336066
vt 0.957452953 0.584940374
vn 0.0000000 0.0000000 1.0000000
v 0.1931872 -0.2758948 0.9336066
vt 0.948921084 0.584940374
vn 0.0000000 0.0000000 1.0000000
f 1879/1879/1879 1880/1880/1880 1881/1881/1881
v 0.1931872 -0.2758948 0.9336066
vt 0.948921084 0.584940374
vn -0.3896107 -0.0784176 0.9176351
v 0.2042943 -0.2796682 0.9380000
vt 0.944654047 0.594539404
vn -0.3896107 -0.0784176 0.9176351
v 0.2006710 -0.2616662 0.9380000
vt 0.957452953 0.594539404
vn -0.3896107 -0.0784176 0.9176351
f 1882/1882/1882 1883/1883/1883 1884/1884/1884
v 0.1931872 -0.2758948 0.9336066
vt 0.948921084 0.584940374
vn -0.3989262 -0.0724318 0.9141179
v 0.2006710 -0.2616662 0.9380000
vt 0.957452953 0.594539404
vn -0.3989262 -0.0724318 0.9141179
v 0.1893934 -0.2550000 0.9336066
vt 0.961719215 0.584940374
vn -0.3989262 -0.0724318 0.9141179
f 1885/1885/1885 1886/1886/1886 1887/1887/1887
v 0.2106066 -0.2550000 0.9336066
vt 0.961719215 0.604138434
vn 0.9188585 0.0983789 0.3821265
v 0.2111342 -0.2599277 0.9336066
vt 0.957452953 0.604138434
vn 0.9188585 0.0983789 0.3821265
v 0.2154681 -0.2592076 0.9230000
vt 0.957452953 0.613737464
vn 0.9188585 0.0983789 0.3821265
f 1888/1888/1888 1889/1889/1889 1890/1890/1890
v 0.2106066 -0.2550000 0.9336066
vt 0.961719215 0.604138434
vn 0.9190386 0.1022416 0.3806767
v 0.2154681 -0.2592076 0.9230000
vt 0.957452953 0.613737464
vn 0.9190386 0.1022416 0.3806767
v 0.2150000 -0.2550000 0.9230000
vt 0.961719215 0.613737464
vn 0.9190386 0.1022416 0.3806767
f 1891/1891/1891 1892/1892/1892 1893/1893/1893
v -0.2131941 -0.2889625 0.9123934
vt 0.906258225 0.623336494
vn -0.3800851 -0.0719457 -0.9221492
v -0.2148967 -0.2799678 0.9123934
vt 0.901991904 0.623336494
vn -0.3800851 -0.0719457 -0.9221492
v -0.2042943 -0.2796682 0.9080000
vt 0.901991904 0.632935464
vn -0.3800851 -0.0719457 -0.9221492
f 1894/1894/1894 1895/1895/1895 1896/1896/1896
v -0.2131941 -0.2889625 0.9123934
vt 0.906258225 0.623336494
vn -0.3839591 -0.0676314 -0.9208700
v -0.2042943 -0.2796682 0.9080000
vt 0.901991904 0.632935464
vn -0.3839591 -0.0676314 -0.9208700
v -0.2033549 -0.2850014 0.9080000
vt 0.906258225 0.632935464
vn -0.3839591 -0.0676314 -0.9208700
f 1897/1897/1897 1898/1898/1898 1899/1899/1899
v 0.0855605 -0.3222073 0.9380000
vt 0.927589655 0.594539404
vn 0.0000000 -0.3845702 0.9230957
v -0.0855605 -0.3222073 0.9380000
vt 0.919057071 0.594539404
vn 0.0000000 -0.3845702 0.9230957
v -0.0866965 -0.3327529 0.9336066
vt 0.919057071 0.604138434
vn 0.0000000 -0.3845702 0.9230957
f 1900/1900/1900 1901/1901/1901 1902/1902/1902
v -0.0866965 -0.3327529 0.9336066
vt 0.919057071 0.604138434
vn 0.0000000 0.0000000 1.0000000
v 0.0000000 -0.3368398 0.9336066
vt 0.923323333 0.604138434
vn 0.0000000 0.0000000 1.0000000
v 0.0866965 -0.3327529 0.9336066
vt 0.927589655 0.604138434
vn 0.0000000 0.0000000 1.0000000
f 1903/1903/1903 1904/1904/1904 1905/1905/1905
v -0.0866965 -0.3327529 0.9336066
vt 0.919057071 0.604138434
vn 0.0000000 -0.3845702 0.9230958
v 0.0866965 -0.3327529 0.9336066
vt 0.927589655 0.604138434
vn 0.0000000 -0.3845702 0.9230958
v 0.0855605 -0.3222073 0.9380000
vt 0.927589655 0.594539404
vn 0.0000000 -0.3845702 0.9230958
f 1906/1906/1906 1907/1907/1907 1908/1908/1908
o pz_barbecue_full_jorge_|_front_closed_lower_cabinet
usemtl body
v 0.2287821 -0.2287821 0.6173663
vt 0.829669297 0.007588579
vn 0.0028661 0.0000000 0.9999959
v 0.2287821 -0.2092179 0.6173663
vt 0.837230682 0.007588579
vn 0.0028661 0.0000000 0.9999959
v -0.2240000 -0.2090065 0.6186640
vt 0.837313294 0.183051214
vn 0.0028661 0.0000000 0.9999959
f 1909/1909/1909 1910/1910/1910 1911/1911/1911
v -0.2240000 -0.2090065 0.6186640
vt 0.837313294 0.183051214
vn -0.2634749 0.2634693 0.9279898
v -0.2287821 -0.2092179 0.6173663
vt 0.837230682 0.184904322
vn -0.2634749 0.2634693 0.9279898
v -0.2289934 -0.2140000 0.6186640
vt 0.835383356 0.184986174
vn -0.2634749 0.2634693 0.9279898
f 1912/1912/1912 1913/1913/1913 1914/1914/1914
v -0.2289934 -0.2140000 0.6186640
vt 0.835383356 0.184986174
vn 0.0000000 -0.0874531 0.9961686
v -0.2287821 -0.2287821 0.6173663
vt 0.829669297 0.184904322
vn 0.0000000 -0.0874531 0.9961686
v 0.2287821 -0.2287821 0.6173663
vt 0.829669297 0.007588579
vn 0.0000000 -0.0874531 0.9961686
f 1915/1915/1915 1916/1916/1916 1917/1917/1917
v -0.2240000 -0.2090065 0.6186640
vt 0.837313294 0.183051214
vn 0.0027461 -0.0027461 0.9999925
v -0.2289934 -0.2140000 0.6186640
vt 0.835383356 0.184986174
vn 0.0027461 -0.0027461 0.9999925
v 0.2287821 -0.2287821 0.6173663
vt 0.829669297 0.007588579
vn 0.0027461 -0.0027461 0.9999925
f 1918/1918/1918 1919/1919/1919 1920/1920/1920
v 0.2313663 -0.2092179 0.1352179
vt 0.733584940 0.445955157
vn 0.7071068 0.0000000 -0.7071068
v 0.2313663 -0.2287821 0.1352179
vt 0.740997434 0.445897073
vn 0.7071068 0.0000000 -0.7071068
v 0.2287821 -0.2287821 0.1326337
vt 0.741004765 0.446880311
vn 0.7071068 0.0000000 -0.7071068
f 1921/1921/1921 1922/1922/1922 1923/1923/1923
v 0.2313663 -0.2092179 0.1352179
vt 0.733584940 0.445955157
vn 0.7071068 0.0000000 -0.7071068
v 0.2287821 -0.2287821 0.1326337
vt 0.741004765 0.446880311
vn 0.7071068 0.0000000 -0.7071068
v 0.2287821 -0.2092179 0.1326337
vt 0.733592212 0.446938306
vn 0.7071068 0.0000000 -0.7071068
f 1924/1924/1924 1925/1925/1925 1926/1926/1926
v -0.2287821 -0.2313663 0.6147822
vt 0.722163379 0.007557434
vn -0.9997545 -0.0156661 0.0156667
v -0.2287821 -0.2287821 0.6173663
vt 0.723141253 0.006576911
vn -0.9997545 -0.0156661 0.0156667
v -0.2289934 -0.2140000 0.6186640
vt 0.728736162 0.006084380
vn -0.9997545 -0.0156661 0.0156667
f 1927/1927/1927 1928/1928/1928 1929/1929/1929
v -0.2289934 -0.2140000 0.6186640
vt 0.728736162 0.006084380
vn -0.7052633 -0.0719954 0.7052804
v -0.2326640 -0.2140000 0.6149935
vt 0.728754342 0.007478772
vn -0.7052633 -0.0719954 0.7052804
v -0.2313663 -0.2287821 0.6147822
vt 0.723154068 0.007558502
vn -0.7052633 -0.0719954 0.7052804
f 1930/1930/1930 1931/1931/1931 1932/1932/1932
v -0.2289934 -0.2140000 0.6186640
vt 0.728736162 0.006084380
vn -0.2155129 -0.2155129 0.9524224
v -0.2313663 -0.2287821 0.6147822
vt 0.723154068 0.007558502
vn -0.2155129 -0.2155129 0.9524224
v -0.2287821 -0.2313663 0.6147822
vt 0.722163379 0.007557434
vn -0.2155129 -0.2155129 0.9524224
f 1933/1933/1933 1934/1934/1934 1935/1935/1935
v -0.2287821 -0.2092179 0.6173663
vt 0.837230682 0.184904322
vn -0.6901224 0.2177702 0.6901503
v -0.2313663 -0.2092179 0.6147822
vt 0.837228835 0.185905844
vn -0.6901224 0.2177702 0.6901503
v -0.2326640 -0.2140000 0.6149935
vt 0.835380793 0.186408788
vn -0.6901224 0.2177702 0.6901503
f 1936/1936/1936 1937/1937/1937 1938/1938/1938
v -0.2287821 -0.2092179 0.6173663
vt 0.837230682 0.184904322
vn -0.6901268 0.2177770 0.6901436
v -0.2326640 -0.2140000 0.6149935
vt 0.835380793 0.186408788
vn -0.6901268 0.2177770 0.6901436
v -0.2289934 -0.2140000 0.6186640
vt 0.835383356 0.184986174
vn -0.6901268 0.2177770 0.6901436
f 1939/1939/1939 1940/1940/1940 1941/1941/1941
v 0.2287821 -0.2313663 0.1352179
vt 0.705392957 0.849768460
vn 0.5773503 -0.5773503 -0.5773503
v 0.2287821 -0.2287821 0.1326337
vt 0.705392957 0.850719273
vn 0.5773503 -0.5773503 -0.5773503
v 0.2313663 -0.2287821 0.1352179
vt 0.704448223 0.849772036
vn 0.5773503 -0.5773503 -0.5773503
f 1942/1942/1942 1943/1943/1943 1944/1944/1944
v -0.2326640 -0.2140000 0.6149935
vt 0.728754342 0.007478772
vn -0.9650966 0.2618943 0.0000000
v -0.2313663 -0.2092179 0.6147822
vt 0.730557561 0.007558413
vn -0.9650966 0.2618943 0.0000000
v -0.2313663 -0.2092179 0.1352179
vt 0.730557561 0.189532861
vn -0.9650966 0.2618943 0.0000000
f 1945/1945/1945 1946/1946/1946 1947/1947/1947
v -0.2313663 -0.2092179 0.1352179
vt 0.730557561 0.189532861
vn -0.1607092 0.0000000 0.9870018
v -0.2326640 -0.2240000 0.1350066
vt 0.724970162 0.189613655
vn -0.1607092 0.0000000 0.9870018
v -0.2313663 -0.2287821 0.1352179
vt 0.723154068 0.189532861
vn -0.1607092 0.0000000 0.9870018
f 1948/1948/1948 1949/1949/1949 1950/1950/1950
v -0.2313663 -0.2287821 0.1352179
vt 0.723154068 0.189532861
vn -0.9961688 -0.0874521 0.0000000
v -0.2313663 -0.2287821 0.6147822
vt 0.723154068 0.007558502
vn -0.9961688 -0.0874521 0.0000000
v -0.2326640 -0.2140000 0.6149935
vt 0.728754342 0.007478772
vn -0.9961688 -0.0874521 0.0000000
f 1951/1951/1951 1952/1952/1952 1953/1953/1953
v -0.2313663 -0.2092179 0.1352179
vt 0.730557561 0.189532861
vn -0.9999964 0.0000000 -0.0027048
v -0.2313663 -0.2287821 0.1352179
vt 0.723154068 0.189532861
vn -0.9999964 0.0000000 -0.0027048
v -0.2326640 -0.2140000 0.6149935
vt 0.728754342 0.007478772
vn -0.9999964 0.0000000 -0.0027048
f 1954/1954/1954 1955/1955/1955 1956/1956/1956
v 0.2287821 -0.2066337 0.1352179
vt 0.732605577 0.445964277
vn 0.5773503 0.5773503 -0.5773503
v 0.2313663 -0.2092179 0.1352179
vt 0.733584940 0.445955157
vn 0.5773503 0.5773503 -0.5773503
v 0.2287821 -0.2092179 0.1326337
vt 0.733592212 0.446938306
vn 0.5773503 0.5773503 -0.5773503
f 1957/1957/1957 1958/1958/1958 1959/1959/1959
v -0.2313663 -0.2092179 0.6147822
vt 0.704447746 0.484514534
vn -0.0604503 0.9963390 0.0604527
v -0.2287821 -0.2092179 0.6173663
vt 0.705392480 0.483567297
vn -0.0604503 0.9963390 0.0604527
v -0.2240000 -0.2090065 0.6186640
vt 0.707141280 0.483091444
vn -0.0604503 0.9963390 0.0604527
f 1960/1960/1960 1961/1961/1961 1962/1962/1962
v -0.2240000 -0.2090065 0.6186640
vt 0.707141280 0.483091444
vn -0.2177857 0.6901254 0.6901422
v -0.2240000 -0.2053359 0.6149935
vt 0.707149982 0.484433770
vn -0.2177857 0.6901254 0.6901422
v -0.2287821 -0.2066337 0.6147822
vt 0.705398619 0.484512299
vn -0.2177857 0.6901254 0.6901422
f 1963/1963/1963 1964/1964/1964 1965/1965/1965
v -0.2240000 -0.2090065 0.6186640
vt 0.707141280 0.483091444
vn -0.4304379 0.4304379 0.7933766
v -0.2287821 -0.2066337 0.6147822
vt 0.705398619 0.484512299
vn -0.4304379 0.4304379 0.7933766
v -0.2313663 -0.2092179 0.6147822
vt 0.704447746 0.484514534
vn -0.4304379 0.4304379 0.7933766
f 1966/1966/1966 1967/1967/1967 1968/1968/1968
v -0.2240000 -0.2090065 0.6186640
vt 0.837313294 0.183051214
vn 0.0023568 0.7070906 0.7071191
v 0.2287821 -0.2092179 0.6173663
vt 0.837230682 0.007588579
vn 0.0023568 0.7070906 0.7071191
v 0.2287821 -0.2066337 0.6147822
vt 0.838227570 0.007588668
vn 0.0023568 0.7070906 0.7071191
f 1969/1969/1969 1970/1970/1970 1971/1971/1971
v -0.2240000 -0.2090065 0.6186640
vt 0.837313294 0.183051214
vn 0.0023567 0.7070962 0.7071134
v 0.2287821 -0.2066337 0.6147822
vt 0.838227570 0.007588668
vn 0.0023567 0.7070962 0.7071134
v -0.2240000 -0.2053359 0.6149935
vt 0.838729382 0.183051214
vn 0.0023567 0.7070962 0.7071134
f 1972/1972/1972 1973/1973/1973 1974/1974/1974
v -0.2313663 -0.2092179 0.1352179
vt 0.704447746 0.660307109
vn -0.5773503 0.5773503 -0.5773503
v -0.2287821 -0.2066337 0.1352179
vt 0.705398619 0.660304844
vn -0.5773503 0.5773503 -0.5773503
v -0.2287821 -0.2092179 0.1326337
vt 0.705392480 0.661254406
vn -0.5773503 0.5773503 -0.5773503
f 1975/1975/1975 1976/1976/1976 1977/1977/1977
v 0.2313663 -0.2092179 0.6147822
vt 0.732166409 0.263774484
vn 0.7071068 0.7071068 0.0000000
v 0.2313663 -0.2092179 0.1352179
vt 0.733584940 0.445955157
vn 0.7071068 0.7071068 0.0000000
v 0.2287821 -0.2066337 0.1352179
vt 0.732605577 0.445964277
vn 0.7071068 0.7071068 0.0000000
f 1978/1978/1978 1979/1979/1979 1980/1980/1980
v 0.2313663 -0.2092179 0.6147822
vt 0.732166409 0.263774484
vn 0.7071068 0.7071068 0.0000000
v 0.2287821 -0.2066337 0.1352179
vt 0.732605577 0.445964277
vn 0.7071068 0.7071068 0.0000000
v 0.2287821 -0.2066337 0.6147822
vt 0.731186867 0.263783604
vn 0.7071068 0.7071068 0.0000000
f 1981/1981/1981 1982/1982/1982 1983/1983/1983
v 0.2287821 -0.2313663 0.6147822
vt 0.828668594 0.007588668
vn 0.5773425 -0.5773425 0.5773658
v 0.2313663 -0.2287821 0.6147822
vt 0.829667509 0.006587233
vn 0.5773425 -0.5773425 0.5773658
v 0.2287821 -0.2287821 0.6173663
vt 0.829669297 0.007588579
vn 0.5773425 -0.5773425 0.5773658
f 1984/1984/1984 1985/1985/1985 1986/1986/1986
v 0.2313663 -0.2287821 0.1352179
vt 0.740997434 0.445897073
vn 1.0000000 0.0000000 0.0000000
v 0.2313663 -0.2092179 0.1352179
vt 0.733584940 0.445955157
vn 1.0000000 0.0000000 0.0000000
v 0.2313663 -0.2092179 0.6147822
vt 0.732166409 0.263774484
vn 1.0000000 0.0000000 0.0000000
f 1987/1987/1987 1988/1988/1988 1989/1989/1989
v 0.2313663 -0.2092179 0.6147822
vt 0.732166409 0.263774484
vn 0.9650980 0.0000000 0.2618890
v 0.2313663 -0.2287821 0.6147822
vt 0.739578962 0.263716459
vn 0.9650980 0.0000000 0.2618890
v 0.2326640 -0.2289934 0.6100000
vt 0.739673257 0.265531749
vn 0.9650980 0.0000000 0.2618890
f 1990/1990/1990 1991/1991/1991 1992/1992/1992
v 0.2313663 -0.2092179 0.6147822
vt 0.732166409 0.263774484
vn 0.9978074 0.0661300 -0.0026978
v 0.2326640 -0.2289934 0.6100000
vt 0.739673257 0.265531749
vn 0.9978074 0.0661300 -0.0026978
v 0.2313663 -0.2287821 0.1352179
vt 0.740997434 0.445897073
vn 0.9978074 0.0661300 -0.0026978
f 1993/1993/1993 1994/1994/1994 1995/1995/1995
v -0.2287821 -0.2313663 0.6147822
vt 0.872672379 0.673980594
vn 0.0000000 -1.0000000 0.0000000
v -0.2287821 -0.2313663 0.1352179
vt 0.872672379 0.849768400
vn 0.0000000 -1.0000000 0.0000000
v 0.2287821 -0.2313663 0.1352179
vt 0.705392957 0.849768460
vn 0.0000000 -1.0000000 0.0000000
f 1996/1996/1996 1997/1997/1997 1998/1998/1998
v 0.2287821 -0.2313663 0.1352179
vt 0.705392957 0.849768460
vn -0.9870018 -0.1607092 0.0000000
v 0.2289934 -0.2326640 0.6100000
vt 0.705315709 0.675731719
vn -0.9870018 -0.1607092 0.0000000
v 0.2287821 -0.2313663 0.6147822
vt 0.705392957 0.673980594
vn -0.9870018 -0.1607092 0.0000000
f 1999/1999/1999 2000/2000/2000 2001/2001/2001
v 0.2287821 -0.2313663 0.1352179
vt 0.705392957 0.849768460
vn 0.0000000 -1.0000000 0.0000000
v 0.2287821 -0.2313663 0.6147822
vt 0.705392957 0.673980594
vn 0.0000000 -1.0000000 0.0000000
v -0.2287821 -0.2313663 0.6147822
vt 0.872672379 0.673980594
vn 0.0000000 -1.0000000 0.0000000
f 2002/2002/2002 2003/2003/2003 2004/2004/2004
v 0.2313663 -0.2092179 0.6147822
vt 0.732166409 0.263774484
vn 0.5773425 0.5773425 0.5773658
v 0.2287821 -0.2066337 0.6147822
vt 0.731186867 0.263783604
vn 0.5773425 0.5773425 0.5773658
v 0.2287821 -0.2092179 0.6173663
vt 0.732158422 0.262794256
vn 0.5773425 0.5773425 0.5773658
f 2005/2005/2005 2006/2006/2006 2007/2007/2007
v 0.2289934 -0.2326640 0.6100000
vt 0.705315709 0.675731719
vn 0.7071050 -0.7071050 -0.0022474
v 0.2287821 -0.2313663 0.1352179
vt 0.705392957 0.849768460
vn 0.7071050 -0.7071050 -0.0022474
v 0.2313663 -0.2287821 0.1352179
vt 0.704448223 0.849772036
vn 0.7071050 -0.7071050 -0.0022474
f 2008/2008/2008 2009/2009/2009 2010/2010/2010
v 0.2289934 -0.2326640 0.6100000
vt 0.705315709 0.675731719
vn 0.7071050 -0.7071050 -0.0022474
v 0.2313663 -0.2287821 0.1352179
vt 0.704448223 0.849772036
vn 0.7071050 -0.7071050 -0.0022474
v 0.2326640 -0.2289934 0.6100000
vt 0.703973770 0.675736904
vn 0.7071050 -0.7071050 -0.0022474
f 2011/2011/2011 2012/2012/2012 2013/2013/2013
v -0.2287821 -0.2066337 0.1352179
vt 0.705398619 0.660304844
vn 0.0000000 0.7071068 -0.7071068
v 0.2287821 -0.2066337 0.1352179
vt 0.872678339 0.660307467
vn 0.0000000 0.7071068 -0.7071068
v 0.2287821 -0.2092179 0.1326337
vt 0.872672200 0.661256969
vn 0.0000000 0.7071068 -0.7071068
f 2014/2014/2014 2015/2015/2015 2016/2016/2016
v -0.2287821 -0.2066337 0.1352179
vt 0.705398619 0.660304844
vn 0.0000000 0.7071068 -0.7071068
v 0.2287821 -0.2092179 0.1326337
vt 0.872672200 0.661256969
vn 0.0000000 0.7071068 -0.7071068
v -0.2287821 -0.2092179 0.1326337
vt 0.705392480 0.661254406
vn 0.0000000 0.7071068 -0.7071068
f 2017/2017/2017 2018/2018/2018 2019/2019/2019
v -0.2313663 -0.2287821 0.6147822
vt 0.723154068 0.007558502
vn -0.7071068 -0.7071068 0.0000000
v -0.2313663 -0.2287821 0.1352179
vt 0.723154068 0.189532861
vn -0.7071068 -0.7071068 0.0000000
v -0.2287821 -0.2313663 0.1352179
vt 0.722163379 0.189531788
vn -0.7071068 -0.7071068 0.0000000
f 2020/2020/2020 2021/2021/2021 2022/2022/2022
v -0.2313663 -0.2287821 0.6147822
vt 0.723154068 0.007558502
vn -0.7071068 -0.7071068 0.0000000
v -0.2287821 -0.2313663 0.1352179
vt 0.722163379 0.189531788
vn -0.7071068 -0.7071068 0.0000000
v -0.2287821 -0.2313663 0.6147822
vt 0.722163379 0.007557434
vn -0.7071068 -0.7071068 0.0000000
f 2023/2023/2023 2024/2024/2024 2025/2025/2025
v -0.2287821 -0.2313663 0.1352179
vt 0.722163379 0.189531788
vn -0.0604195 -0.0604195 -0.9963428
v -0.2313663 -0.2287821 0.1352179
vt 0.723154068 0.189532861
vn -0.0604195 -0.0604195 -0.9963428
v -0.2326640 -0.2240000 0.1350066
vt 0.724970162 0.189613655
vn -0.0604195 -0.0604195 -0.9963428
f 2026/2026/2026 2027/2027/2027 2028/2028/2028
v -0.2326640 -0.2240000 0.1350066
vt 0.724970162 0.189613655
vn -0.6901358 -0.2177732 -0.6901358
v -0.2289934 -0.2240000 0.1313360
vt 0.724951982 0.191004932
vn -0.6901358 -0.2177732 -0.6901358
v -0.2287821 -0.2287821 0.1326337
vt 0.723141253 0.190512404
vn -0.6901358 -0.2177732 -0.6901358
f 2029/2029/2029 2030/2030/2030 2031/2031/2031
v -0.2326640 -0.2240000 0.1350066
vt 0.724970162 0.189613655
vn -0.7933741 -0.4304402 -0.4304402
v -0.2287821 -0.2287821 0.1326337
vt 0.723141253 0.190512404
vn -0.7933741 -0.4304402 -0.4304402
v -0.2287821 -0.2313663 0.1352179
vt 0.722163379 0.189531788
vn -0.7933741 -0.4304402 -0.4304402
f 2032/2032/2032 2033/2033/2033 2034/2034/2034
v 0.2313663 -0.2287821 0.6147822
vt 0.739578962 0.263716459
vn 0.6901366 -0.6901366 0.2177686
v 0.2287821 -0.2313663 0.6147822
vt 0.740557671 0.263710290
vn 0.6901366 -0.6901366 0.2177686
v 0.2289934 -0.2326640 0.6100000
vt 0.741063595 0.265523016
vn 0.6901366 -0.6901366 0.2177686
f 2035/2035/2035 2036/2036/2036 2037/2037/2037
v 0.2313663 -0.2287821 0.6147822
vt 0.739578962 0.263716459
vn 0.6901366 -0.6901366 0.2177687
v 0.2289934 -0.2326640 0.6100000
vt 0.741063595 0.265523016
vn 0.6901366 -0.6901366 0.2177687
v 0.2326640 -0.2289934 0.6100000
vt 0.739673257 0.265531749
vn 0.6901366 -0.6901366 0.2177687
f 2038/2038/2038 2039/2039/2039 2040/2040/2040
v -0.2287821 -0.2066337 0.6147822
vt 0.705398619 0.484512299
vn -0.7071068 0.7071068 0.0000000
v -0.2287821 -0.2066337 0.1352179
vt 0.705398619 0.660304844
vn -0.7071068 0.7071068 0.0000000
v -0.2313663 -0.2092179 0.1352179
vt 0.704447746 0.660307109
vn -0.7071068 0.7071068 0.0000000
f 2041/2041/2041 2042/2042/2042 2043/2043/2043
v -0.2287821 -0.2066337 0.6147822
vt 0.705398619 0.484512299
vn -0.7071068 0.7071068 0.0000000
v -0.2313663 -0.2092179 0.1352179
vt 0.704447746 0.660307109
vn -0.7071068 0.7071068 0.0000000
v -0.2313663 -0.2092179 0.6147822
vt 0.704447746 0.484514534
vn -0.7071068 0.7071068 0.0000000
f 2044/2044/2044 2045/2045/2045 2046/2046/2046
v 0.2287821 -0.2287821 0.6173663
vt 0.829669297 0.007588579
vn 0.7070925 0.0000000 0.7071211
v 0.2313663 -0.2287821 0.6147822
vt 0.829667509 0.006587233
vn 0.7070925 0.0000000 0.7071211
v 0.2313663 -0.2092179 0.6147822
vt 0.837228835 0.006587233
vn 0.7070925 0.0000000 0.7071211
f 2047/2047/2047 2048/2048/2048 2049/2049/2049
v 0.2287821 -0.2287821 0.6173663
vt 0.829669297 0.007588579
vn 0.7070925 0.0000000 0.7071211
v 0.2313663 -0.2092179 0.6147822
vt 0.837228835 0.006587233
vn 0.7070925 0.0000000 0.7071211
v 0.2287821 -0.2092179 0.6173663
vt 0.837230682 0.007588579
vn 0.7070925 0.0000000 0.7071211
f 2050/2050/2050 2051/2051/2051 2052/2052/2052
v 0.2287821 -0.2287821 0.6173663
vt 0.829669297 0.007588579
vn 0.0000000 -0.7070925 0.7071211
v -0.2287821 -0.2287821 0.6173663
vt 0.829669297 0.184904322
vn 0.0000000 -0.7070925 0.7071211
v -0.2287821 -0.2313663 0.6147822
vt 0.828668654 0.184904411
vn 0.0000000 -0.7070925 0.7071211
f 2053/2053/2053 2054/2054/2054 2055/2055/2055
v 0.2287821 -0.2287821 0.6173663
vt 0.829669297 0.007588579
vn 0.0000000 -0.7070925 0.7071211
v -0.2287821 -0.2313663 0.6147822
vt 0.828668654 0.184904411
vn 0.0000000 -0.7070925 0.7071211
v 0.2287821 -0.2313663 0.6147822
vt 0.828668594 0.007588668
vn 0.0000000 -0.7070925 0.7071211
f 2056/2056/2056 2057/2057/2057 2058/2058/2058
v -0.2287821 -0.2287821 0.1326337
vt 0.295417666 0.663057089
vn 0.9870018 0.0000000 -0.1607092
v -0.2289934 -0.2240000 0.1313360
vt 0.293658167 0.663135052
vn 0.9870018 0.0000000 -0.1607092
v -0.2287821 -0.2092179 0.1326337
vt 0.288219959 0.663057089
vn 0.9870018 0.0000000 -0.1607092
f 2059/2059/2059 2060/2060/2060 2061/2061/2061
v -0.2287821 -0.2092179 0.1326337
vt 0.288219959 0.663057089
vn 0.0000000 0.0000000 -1.0000000
v 0.2287821 -0.2092179 0.1326337
vt 0.288219959 0.494268686
vn 0.0000000 0.0000000 -1.0000000
v 0.2287821 -0.2287821 0.1326337
vt 0.295417666 0.494268686
vn 0.0000000 0.0000000 -1.0000000
f 2062/2062/2062 2063/2063/2063 2064/2064/2064
v -0.2287821 -0.2092179 0.1326337
vt 0.288219959 0.663057089
vn 0.0000000 0.0000000 -1.0000000
v 0.2287821 -0.2287821 0.1326337
vt 0.295417666 0.494268686
vn 0.0000000 0.0000000 -1.0000000
v -0.2287821 -0.2287821 0.1326337
vt 0.295417666 0.663057089
vn 0.0000000 0.0000000 -1.0000000
f 2065/2065/2065 2066/2066/2066 2067/2067/2067
v 0.2287821 -0.2313663 0.1352179
vt 0.705392957 0.849768460
vn 0.0000000 -0.7071068 -0.7071068
v -0.2287821 -0.2313663 0.1352179
vt 0.872672379 0.849768400
vn 0.0000000 -0.7071068 -0.7071068
v -0.2287821 -0.2287821 0.1326337
vt 0.872672379 0.850719273
vn 0.0000000 -0.7071068 -0.7071068
f 2068/2068/2068 2069/2069/2069 2070/2070/2070
v 0.2287821 -0.2313663 0.1352179
vt 0.705392957 0.849768460
vn 0.0000000 -0.7071068 -0.7071068
v -0.2287821 -0.2287821 0.1326337
vt 0.872672379 0.850719273
vn 0.0000000 -0.7071068 -0.7071068
v 0.2287821 -0.2287821 0.1326337
vt 0.705392957 0.850719273
vn 0.0000000 -0.7071068 -0.7071068
f 2071/2071/2071 2072/2072/2072 2073/2073/2073
v 0.2287821 -0.2066337 0.6147822
vt 0.872678339 0.484514832
vn 0.0000000 1.0000000 0.0000000
v 0.2287821 -0.2066337 0.1352179
vt 0.872678339 0.660307467
vn 0.0000000 1.0000000 0.0000000
v -0.2287821 -0.2066337 0.1352179
vt 0.705398619 0.660304844
vn 0.0000000 1.0000000 0.0000000
f 2074/2074/2074 2075/2075/2075 2076/2076/2076
v -0.2287821 -0.2066337 0.1352179
vt 0.705398619 0.660304844
vn -0.2619139 0.9650913 0.0000000
v -0.2287821 -0.2066337 0.6147822
vt 0.705398619 0.484512299
vn -0.2619139 0.9650913 0.0000000
v -0.2240000 -0.2053359 0.6149935
vt 0.707149982 0.484433770
vn -0.2619139 0.9650913 0.0000000
f 2077/2077/2077 2078/2078/2078 2079/2079/2079
v -0.2287821 -0.2066337 0.1352179
vt 0.705398619 0.660304844
vn 0.0028650 0.9999922 -0.0027336
v -0.2240000 -0.2053359 0.6149935
vt 0.707149982 0.484433770
vn 0.0028650 0.9999922 -0.0027336
v 0.2287821 -0.2066337 0.6147822
vt 0.872678339 0.484514832
vn 0.0028650 0.9999922 -0.0027336
f 2080/2080/2080 2081/2081/2081 2082/2082/2082
v -0.2287821 -0.2092179 0.1326337
vt 0.288219959 0.663057089
vn -0.7052718 0.0719960 -0.7052718
v -0.2289934 -0.2240000 0.1313360
vt 0.293658167 0.663135052
vn -0.7052718 0.0719960 -0.7052718
v -0.2326640 -0.2240000 0.1350066
vt 0.293658793 0.664488971
vn -0.7052718 0.0719960 -0.7052718
f 2083/2083/2083 2084/2084/2084 2085/2085/2085
v -0.2287821 -0.2092179 0.1326337
vt 0.288219959 0.663057089
vn -0.7052718 0.0719960 -0.7052718
v -0.2326640 -0.2240000 0.1350066
vt 0.293658793 0.664488971
vn -0.7052718 0.0719960 -0.7052718
v -0.2313663 -0.2092179 0.1352179
vt 0.288220406 0.664010286
vn -0.7052718 0.0719960 -0.7052718
f 2086/2086/2086 2087/2087/2087 2088/2088/2088
o pz_barbecue_full_jorge_|_front_control_panel
usemtl metal
v -0.2850000 -0.2640000 0.6940000
vt 0.691805065 0.470922679
vn 0.0000000 0.0000000 -1.0000000
v -0.2850000 -0.2400000 0.6940000
vt 0.683065057 0.470922679
vn 0.0000000 0.0000000 -1.0000000
v 0.2850000 -0.2400000 0.6940000
vt 0.683064997 0.262794256
vn 0.0000000 0.0000000 -1.0000000
f 2089/2089/2089 2090/2090/2090 2091/2091/2091
v -0.2850000 -0.2640000 0.6940000
vt 0.691805065 0.470922679
vn 0.0000000 0.0000000 -1.0000000
v 0.2850000 -0.2400000 0.6940000
vt 0.683064997 0.262794256
vn 0.0000000 0.0000000 -1.0000000
v 0.2850000 -0.2640000 0.6940000
vt 0.691805065 0.262794256
vn 0.0000000 0.0000000 -1.0000000
f 2092/2092/2092 2093/2093/2093 2094/2094/2094
v -0.2850000 -0.2640000 0.7900000
vt 0.683064938 0.691219330
vn 0.0000000 0.0000000 1.0000000
v 0.2850000 -0.2640000 0.7900000
vt 0.683064938 0.483091444
vn 0.0000000 0.0000000 1.0000000
v 0.2850000 -0.2400000 0.7900000
vt 0.691805005 0.483091444
vn 0.0000000 0.0000000 1.0000000
f 2095/2095/2095 2096/2096/2096 2097/2097/2097
v -0.2850000 -0.2640000 0.7900000
vt 0.683064938 0.691219330
vn 0.0000000 0.0000000 1.0000000
v 0.2850000 -0.2400000 0.7900000
vt 0.691805005 0.483091444
vn 0.0000000 0.0000000 1.0000000
v -0.2850000 -0.2400000 0.7900000
vt 0.691805065 0.691219330
vn 0.0000000 0.0000000 1.0000000
f 2098/2098/2098 2099/2099/2099 2100/2100/2100
v -0.2850000 -0.2640000 0.6940000
vt 0.041044395 0.494215310
vn 0.0000000 -1.0000000 0.0000000
v 0.2850000 -0.2640000 0.6940000
vt 0.041044395 0.702344358
vn 0.0000000 -1.0000000 0.0000000
v 0.2850000 -0.2640000 0.7900000
vt 0.006084402 0.702344358
vn 0.0000000 -1.0000000 0.0000000
f 2101/2101/2101 2102/2102/2102 2103/2103/2103
v -0.2850000 -0.2640000 0.6940000
vt 0.041044395 0.494215310
vn 0.0000000 -1.0000000 0.0000000
v 0.2850000 -0.2640000 0.7900000
vt 0.006084402 0.702344358
vn 0.0000000 -1.0000000 0.0000000
v -0.2850000 -0.2640000 0.7900000
vt 0.006084402 0.494215310
vn 0.0000000 -1.0000000 0.0000000
f 2104/2104/2104 2105/2105/2105 2106/2106/2106
v 0.2850000 -0.2640000 0.6940000
vt 0.478702426 0.795424163
vn 1.0000000 0.0000000 0.0000000
v 0.2850000 -0.2400000 0.6940000
vt 0.469962388 0.795424104
vn 1.0000000 0.0000000 0.0000000
v 0.2850000 -0.2400000 0.7900000
vt 0.469962388 0.760370970
vn 1.0000000 0.0000000 0.0000000
f 2107/2107/2107 2108/2108/2108 2109/2109/2109
v 0.2850000 -0.2640000 0.6940000
vt 0.478702426 0.795424163
vn 1.0000000 0.0000000 0.0000000
v 0.2850000 -0.2400000 0.7900000
vt 0.469962388 0.760370970
vn 1.0000000 0.0000000 0.0000000
v 0.2850000 -0.2640000 0.7900000
vt 0.478702426 0.760370970
vn 1.0000000 0.0000000 0.0000000
f 2110/2110/2110 2111/2111/2111 2112/2112/2112
v 0.2850000 -0.2400000 0.6940000
vt 0.053213175 0.702342272
vn 0.0000000 1.0000000 0.0000000
v -0.2850000 -0.2400000 0.6940000
vt 0.053213175 0.494215876
vn 0.0000000 1.0000000 0.0000000
v -0.2850000 -0.2400000 0.7900000
vt 0.088173702 0.494215339
vn 0.0000000 1.0000000 0.0000000
f 2113/2113/2113 2114/2114/2114 2115/2115/2115
v 0.2850000 -0.2400000 0.6940000
vt 0.053213175 0.702342272
vn 0.0000000 1.0000000 0.0000000
v -0.2850000 -0.2400000 0.7900000
vt 0.088173702 0.494215339
vn 0.0000000 1.0000000 0.0000000
v 0.2850000 -0.2400000 0.7900000
vt 0.088173702 0.702341735
vn 0.0000000 1.0000000 0.0000000
f 2116/2116/2116 2117/2117/2117 2118/2118/2118
v -0.2850000 -0.2400000 0.6940000
vt 0.274524480 0.743700624
vn -1.0000000 0.0000000 0.0000000
v -0.2850000 -0.2640000 0.6940000
vt 0.265784860 0.743700743
vn -1.0000000 0.0000000 0.0000000
v -0.2850000 -0.2640000 0.7900000
vt 0.265784860 0.708645999
vn -1.0000000 0.0000000 0.0000000
f 2119/2119/2119 2120/2120/2120 2121/2121/2121
v -0.2850000 -0.2400000 0.6940000
vt 0.274524480 0.743700624
vn -1.0000000 0.0000000 0.0000000
v -0.2850000 -0.2640000 0.7900000
vt 0.265784860 0.708645999
vn -1.0000000 0.0000000 0.0000000
v -0.2850000 -0.2400000 0.7900000
vt 0.274524480 0.708645880
vn -1.0000000 0.0000000 0.0000000
f 2122/2122/2122 2123/2123/2123 2124/2124/2124
o pz_barbecue_full_jorge_|_grill_firebox
usemtl body
v -0.2750000 -0.2450000 0.6550000
vt 0.615694821 0.213574857
vn -0.2492879 -0.9317856 -0.2638772
v -0.2824902 -0.2429961 0.6550000
vt 0.615691960 0.216335341
vn -0.2492879 -0.9317856 -0.2638772
v -0.2821732 -0.2410495 0.6478268
vt 0.613052487 0.216218501
vn -0.2492879 -0.9317856 -0.2638772
f 2125/2125/2125 2126/2126/2126 2127/2127/2127
v -0.2750000 -0.2450000 0.6550000
vt 0.615694821 0.213574857
vn -0.2638761 -0.9317856 -0.2492888
v -0.2821732 -0.2410495 0.6478268
vt 0.613052487 0.216218501
vn -0.2638761 -0.9317856 -0.2492888
v -0.2750000 -0.2429961 0.6475098
vt 0.612938881 0.213574857
vn -0.2638761 -0.9317856 -0.2492888
f 2128/2128/2128 2129/2129/2129 2130/2130/2130
v -0.2824902 -0.2429961 0.6550000
vt 0.822369814 0.439980626
vn -0.6901321 -0.6901358 -0.2177847
v -0.2879961 -0.2374902 0.6550000
vt 0.822372079 0.437923998
vn -0.6901321 -0.6901358 -0.2177847
v -0.2860495 -0.2371732 0.6478268
vt 0.825009346 0.437816590
vn -0.6901321 -0.6901358 -0.2177847
f 2131/2131/2131 2132/2132/2132 2133/2133/2133
v -0.2824902 -0.2429961 0.6550000
vt 0.822369814 0.439980626
vn -0.6901343 -0.6901343 -0.2177823
v -0.2860495 -0.2371732 0.6478268
vt 0.825009346 0.437816590
vn -0.6901343 -0.6901343 -0.2177823
v -0.2821732 -0.2410495 0.6478268
vt 0.825007677 0.439264476
vn -0.6901343 -0.6901343 -0.2177823
f 2134/2134/2134 2135/2135/2135 2136/2136/2136
v -0.2900000 -0.2300000 0.6550000
vt 0.822372973 0.435152650
vn -0.9317856 -0.2638793 -0.2492851
v -0.2879961 -0.2300000 0.6475098
vt 0.825126708 0.435162365
vn -0.9317856 -0.2638793 -0.2492851
v -0.2860495 -0.2371732 0.6478268
vt 0.825009346 0.437816590
vn -0.9317856 -0.2638793 -0.2492851
f 2137/2137/2137 2138/2138/2138 2139/2139/2139
v -0.2900000 -0.2300000 0.6550000
vt 0.822372973 0.435152650
vn -0.9317858 -0.2492837 -0.2638809
v -0.2860495 -0.2371732 0.6478268
vt 0.825009346 0.437816590
vn -0.9317858 -0.2492837 -0.2638809
v -0.2879961 -0.2374902 0.6550000
vt 0.822372079 0.437923998
vn -0.9317858 -0.2492837 -0.2638809
f 2140/2140/2140 2141/2141/2141 2142/2142/2142
v -0.2879961 -0.2300000 0.6475098
vt 0.825126708 0.435162365
vn -0.6901280 -0.2177753 -0.6901429
v -0.2824902 -0.2300000 0.6420040
vt 0.827149272 0.435188979
vn -0.6901280 -0.2177753 -0.6901429
v -0.2821732 -0.2371732 0.6439505
vt 0.826433182 0.437835187
vn -0.6901280 -0.2177753 -0.6901429
f 2143/2143/2143 2144/2144/2144 2145/2145/2145
v -0.2879961 -0.2300000 0.6475098
vt 0.825126708 0.435162365
vn -0.6901318 -0.2177813 -0.6901371
v -0.2821732 -0.2371732 0.6439505
vt 0.826433182 0.437835187
vn -0.6901318 -0.2177813 -0.6901371
v -0.2860495 -0.2371732 0.6478268
vt 0.825009346 0.437816590
vn -0.6901318 -0.2177813 -0.6901371
f 2146/2146/2146 2147/2147/2147 2148/2148/2148
v -0.2750000 -0.2300000 0.6400000
vt 0.663327396 0.691033125
vn -0.2638659 -0.2493020 -0.9317849
v -0.2750000 -0.2374902 0.6420040
vt 0.666063547 0.691033125
vn -0.2638659 -0.2493020 -0.9317849
v -0.2821732 -0.2371732 0.6439505
vt 0.665948093 0.693660080
vn -0.2638659 -0.2493020 -0.9317849
f 2149/2149/2149 2150/2150/2150 2151/2151/2151
v -0.2750000 -0.2300000 0.6400000
vt 0.663327396 0.691033125
vn -0.2493025 -0.2638655 -0.9317850
v -0.2821732 -0.2371732 0.6439505
vt 0.665948093 0.693660080
vn -0.2493025 -0.2638655 -0.9317850
v -0.2824902 -0.2300000 0.6420040
vt 0.663327694 0.693776250
vn -0.2493025 -0.2638655 -0.9317850
f 2152/2152/2152 2153/2153/2153 2154/2154/2154
v -0.2750000 -0.2374902 0.6420040
vt 0.610907257 0.213574857
vn -0.2177784 -0.6901293 -0.6901406
v -0.2750000 -0.2429961 0.6475098
vt 0.612938881 0.213574857
vn -0.2177784 -0.6901293 -0.6901406
v -0.2821732 -0.2410495 0.6478268
vt 0.613052487 0.216218501
vn -0.2177784 -0.6901293 -0.6901406
f 2155/2155/2155 2156/2156/2156 2157/2157/2157
v -0.2750000 -0.2374902 0.6420040
vt 0.610907257 0.213574857
vn -0.2177747 -0.6901329 -0.6901382
v -0.2821732 -0.2410495 0.6478268
vt 0.613052487 0.216218501
vn -0.2177747 -0.6901329 -0.6901382
v -0.2821732 -0.2371732 0.6439505
vt 0.611622214 0.216218501
vn -0.2177747 -0.6901329 -0.6901382
f 2158/2158/2158 2159/2159/2159 2160/2160/2160
v -0.2821732 -0.2410495 0.6478268
vt 0.825007677 0.439264476
vn -0.5773488 -0.5773488 -0.5773532
v -0.2860495 -0.2371732 0.6478268
vt 0.825009346 0.437816590
vn -0.5773488 -0.5773488 -0.5773532
v -0.2821732 -0.2371732 0.6439505
vt 0.826433182 0.437835187
vn -0.5773488 -0.5773488 -0.5773532
f 2161/2161/2161 2162/2162/2162 2163/2163/2163
v 0.2750000 -0.2450000 0.6550000
vt 0.615694821 0.010874065
vn 0.2638761 -0.9317856 -0.2492889
v 0.2750000 -0.2429961 0.6475098
vt 0.612938762 0.010874065
vn 0.2638761 -0.9317856 -0.2492889
v 0.2821732 -0.2410495 0.6478268
vt 0.613052487 0.008230415
vn 0.2638761 -0.9317856 -0.2492889
f 2164/2164/2164 2165/2165/2165 2166/2166/2166
v 0.2750000 -0.2450000 0.6550000
vt 0.615694821 0.010874065
vn 0.2492879 -0.9317857 -0.2638772
v 0.2821732 -0.2410495 0.6478268
vt 0.613052487 0.008230415
vn 0.2492879 -0.9317857 -0.2638772
v 0.2824902 -0.2429961 0.6550000
vt 0.615691960 0.008113578
vn 0.2492879 -0.9317857 -0.2638772
f 2167/2167/2167 2168/2168/2168 2169/2169/2169
v 0.2750000 -0.2429961 0.6475098
vt 0.612938762 0.010874065
vn 0.2177753 -0.6901298 -0.6901411
v 0.2750000 -0.2374902 0.6420040
vt 0.610907257 0.010874065
vn 0.2177753 -0.6901298 -0.6901411
v 0.2821732 -0.2371732 0.6439505
vt 0.611622214 0.008230415
vn 0.2177753 -0.6901298 -0.6901411
f 2170/2170/2170 2171/2171/2171 2172/2172/2172
v 0.2750000 -0.2429961 0.6475098
vt 0.612938762 0.010874065
vn 0.2177790 -0.6901322 -0.6901376
v 0.2821732 -0.2371732 0.6439505
vt 0.611622214 0.008230415
vn 0.2177790 -0.6901322 -0.6901376
v 0.2821732 -0.2410495 0.6478268
vt 0.613052487 0.008230415
vn 0.2177790 -0.6901322 -0.6901376
f 2173/2173/2173 2174/2174/2174 2175/2175/2175
v 0.2750000 -0.2300000 0.6400000
vt 0.663327396 0.489610970
vn 0.2493025 -0.2638655 -0.9317850
v 0.2824902 -0.2300000 0.6420040
vt 0.663327694 0.486867875
vn 0.2493025 -0.2638655 -0.9317850
v 0.2821732 -0.2371732 0.6439505
vt 0.665948093 0.486983865
vn 0.2493025 -0.2638655 -0.9317850
f 2176/2176/2176 2177/2177/2177 2178/2178/2178
v 0.2750000 -0.2300000 0.6400000
vt 0.663327396 0.489610970
vn 0.2638659 -0.2493020 -0.9317849
v 0.2821732 -0.2371732 0.6439505
vt 0.665948093 0.486983865
vn 0.2638659 -0.2493020 -0.9317849
v 0.2750000 -0.2374902 0.6420040
vt 0.666063488 0.489610910
vn 0.2638659 -0.2493020 -0.9317849
f 2179/2179/2179 2180/2180/2180 2181/2181/2181
v 0.2824902 -0.2300000 0.6420040
vt 0.744098485 0.181035802
vn 0.6901272 -0.2177803 -0.6901422
v 0.2879961 -0.2300000 0.6475098
vt 0.746126533 0.181021035
vn 0.6901272 -0.2177803 -0.6901422
v 0.2860495 -0.2371732 0.6478268
vt 0.746262014 0.183665127
vn 0.6901272 -0.2177803 -0.6901422
f 2182/2182/2182 2183/2183/2183 2184/2184/2184
v 0.2824902 -0.2300000 0.6420040
vt 0.744098485 0.181035802
vn 0.6901330 -0.2177743 -0.6901383
v 0.2860495 -0.2371732 0.6478268
vt 0.746262014 0.183665127
vn 0.6901330 -0.2177743 -0.6901383
v 0.2821732 -0.2371732 0.6439505
vt 0.744834244 0.183675453
vn 0.6901330 -0.2177743 -0.6901383
f 2185/2185/2185 2186/2186/2186 2187/2187/2187
v 0.2900000 -0.2300000 0.6550000
vt 0.748882413 0.181000292
vn 0.9317858 -0.2492837 -0.2638808
v 0.2879961 -0.2374902 0.6550000
vt 0.748902202 0.183762118
vn 0.9317858 -0.2492837 -0.2638808
v 0.2860495 -0.2371732 0.6478268
vt 0.746262014 0.183665127
vn 0.9317858 -0.2492837 -0.2638808
f 2188/2188/2188 2189/2189/2189 2190/2190/2190
v 0.2900000 -0.2300000 0.6550000
vt 0.748882413 0.181000292
vn 0.9317858 -0.2638794 -0.2492852
v 0.2860495 -0.2371732 0.6478268
vt 0.746262014 0.183665127
vn 0.9317858 -0.2638794 -0.2492852
v 0.2879961 -0.2300000 0.6475098
vt 0.746126533 0.181021035
vn 0.9317858 -0.2638794 -0.2492852
f 2191/2191/2191 2192/2192/2192 2193/2193/2193
v 0.2879961 -0.2374902 0.6550000
vt 0.615684152 0.006084391
vn 0.6901324 -0.6901361 -0.2177827
v 0.2824902 -0.2429961 0.6550000
vt 0.615691960 0.008113578
vn 0.6901324 -0.6901361 -0.2177827
v 0.2821732 -0.2410495 0.6478268
vt 0.613052487 0.008230415
vn 0.6901324 -0.6901361 -0.2177827
f 2194/2194/2194 2195/2195/2195 2196/2196/2196
v 0.2879961 -0.2374902 0.6550000
vt 0.615684152 0.006084391
vn 0.6901339 -0.6901339 -0.2177850
v 0.2821732 -0.2410495 0.6478268
vt 0.613052487 0.008230415
vn 0.6901339 -0.6901339 -0.2177850
v 0.2860495 -0.2371732 0.6478268
vt 0.613047063 0.006801809
vn 0.6901339 -0.6901339 -0.2177850
f 2197/2197/2197 2198/2198/2198 2199/2199/2199
v 0.2821732 -0.2410495 0.6478268
vt 0.613052487 0.008230415
vn 0.5773488 -0.5773488 -0.5773532
v 0.2821732 -0.2371732 0.6439505
vt 0.611622214 0.008230415
vn 0.5773488 -0.5773488 -0.5773532
v 0.2860495 -0.2371732 0.6478268
vt 0.613047063 0.006801809
vn 0.5773488 -0.5773488 -0.5773532
f 2200/2200/2200 2201/2201/2201 2202/2202/2202
v 0.2750000 0.2450000 0.6550000
vt 0.529633343 0.213620529
vn 0.2492879 0.9317856 -0.2638772
v 0.2824902 0.2429961 0.6550000
vt 0.529631555 0.216376513
vn 0.2492879 0.9317856 -0.2638772
v 0.2821732 0.2410495 0.6478268
vt 0.526992917 0.216255143
vn 0.2492879 0.9317856 -0.2638772
f 2203/2203/2203 2204/2204/2204 2205/2205/2205
v 0.2750000 0.2450000 0.6550000
vt 0.529633343 0.213620529
vn 0.2638761 0.9317856 -0.2492888
v 0.2821732 0.2410495 0.6478268
vt 0.526992917 0.216255143
vn 0.2638761 0.9317856 -0.2492888
v 0.2750000 0.2429961 0.6475098
vt 0.526878119 0.213615760
vn 0.2638761 0.9317856 -0.2492888
f 2206/2206/2206 2207/2207/2207 2208/2208/2208
v 0.2824902 0.2429961 0.6550000
vt 0.747556090 0.006574831
vn 0.6901321 0.6901358 -0.2177847
v 0.2879961 0.2374902 0.6550000
vt 0.747574568 0.008605909
vn 0.6901321 0.6901358 -0.2177847
v 0.2860495 0.2371732 0.6478268
vt 0.744936168 0.008742634
vn 0.6901321 0.6901358 -0.2177847
f 2209/2209/2209 2210/2210/2210 2211/2211/2211
v 0.2824902 0.2429961 0.6550000
vt 0.747556090 0.006574831
vn 0.6901343 0.6901343 -0.2177823
v 0.2860495 0.2371732 0.6478268
vt 0.744936168 0.008742634
vn 0.6901343 0.6901343 -0.2177823
v 0.2821732 0.2410495 0.6478268
vt 0.744923174 0.007312693
vn 0.6901343 0.6901343 -0.2177823
f 2212/2212/2212 2213/2213/2213 2214/2214/2214
v 0.2900000 0.2300000 0.6550000
vt 0.747596622 0.011368308
vn 0.9317856 0.2638793 -0.2492851
v 0.2879961 0.2300000 0.6475098
vt 0.744840741 0.011388998
vn 0.9317856 0.2638793 -0.2492851
v 0.2860495 0.2371732 0.6478268
vt 0.744936168 0.008742634
vn 0.9317856 0.2638793 -0.2492851
f 2215/2215/2215 2216/2216/2216 2217/2217/2217
v 0.2900000 0.2300000 0.6550000
vt 0.747596622 0.011368308
vn 0.9317858 0.2492837 -0.2638809
v 0.2860495 0.2371732 0.6478268
vt 0.744936168 0.008742634
vn 0.9317858 0.2492837 -0.2638809
v 0.2879961 0.2374902 0.6550000
vt 0.747574568 0.008605909
vn 0.9317858 0.2492837 -0.2638809
f 2218/2218/2218 2219/2219/2219 2220/2220/2220
v 0.2879961 0.2300000 0.6475098
vt 0.744840741 0.011388998
vn 0.6901280 0.2177753 -0.6901429
v 0.2824902 0.2300000 0.6420040
vt 0.742812693 0.011403813
vn 0.6901280 0.2177753 -0.6901429
v 0.2821732 0.2371732 0.6439505
vt 0.743508339 0.008753090
vn 0.6901280 0.2177753 -0.6901429
f 2221/2221/2221 2222/2222/2222 2223/2223/2223
v 0.2879961 0.2300000 0.6475098
vt 0.744840741 0.011388998
vn 0.6901318 0.2177813 -0.6901371
v 0.2821732 0.2371732 0.6439505
vt 0.743508339 0.008753090
vn 0.6901318 0.2177813 -0.6901371
v 0.2860495 0.2371732 0.6478268
vt 0.744936168 0.008742634
vn 0.6901318 0.2177813 -0.6901371
f 2224/2224/2224 2225/2225/2225 2226/2226/2226
v 0.2750000 0.2300000 0.6400000
vt 0.495312393 0.489611000
vn 0.2638659 0.2493020 -0.9317849
v 0.2750000 0.2374902 0.6420040
vt 0.492576927 0.489610940
vn 0.2638659 0.2493020 -0.9317849
v 0.2821732 0.2371732 0.6439505
vt 0.492693067 0.486983865
vn 0.2638659 0.2493020 -0.9317849
f 2227/2227/2227 2228/2228/2228 2229/2229/2229
v 0.2750000 0.2300000 0.6400000
vt 0.495312393 0.489611000
vn 0.2493025 0.2638655 -0.9317850
v 0.2821732 0.2371732 0.6439505
vt 0.492693067 0.486983865
vn 0.2493025 0.2638655 -0.9317850
v 0.2824902 0.2300000 0.6420040
vt 0.495312721 0.486867875
vn 0.2493025 0.2638655 -0.9317850
f 2230/2230/2230 2231/2231/2231 2232/2232/2232
v 0.2750000 0.2374902 0.6420040
vt 0.524849176 0.213602677
vn 0.2177784 0.6901293 -0.6901406
v 0.2750000 0.2429961 0.6475098
vt 0.526878119 0.213615760
vn 0.2177784 0.6901293 -0.6901406
v 0.2821732 0.2410495 0.6478268
vt 0.526992917 0.216255143
vn 0.2177784 0.6901293 -0.6901406
f 2233/2233/2233 2234/2234/2234 2235/2235/2235
v 0.2750000 0.2374902 0.6420040
vt 0.524849176 0.213602677
vn 0.2177747 0.6901329 -0.6901382
v 0.2821732 0.2410495 0.6478268
vt 0.526992917 0.216255143
vn 0.2177747 0.6901329 -0.6901382
v 0.2821732 0.2371732 0.6439505
vt 0.525564492 0.216245845
vn 0.2177747 0.6901329 -0.6901382
f 2236/2236/2236 2237/2237/2237 2238/2238/2238
v 0.2821732 0.2410495 0.6478268
vt 0.744923174 0.007312693
vn 0.5773488 0.5773488 -0.5773532
v 0.2860495 0.2371732 0.6478268
vt 0.744936168 0.008742634
vn 0.5773488 0.5773488 -0.5773532
v 0.2821732 0.2371732 0.6439505
vt 0.743508339 0.008753090
vn 0.5773488 0.5773488 -0.5773532
f 2239/2239/2239 2240/2240/2240 2241/2241/2241
v -0.2900000 0.2300000 0.6550000
vt 0.822372973 0.265547276
vn -0.9317858 0.2492837 -0.2638808
v -0.2879961 0.2374902 0.6550000
vt 0.822372198 0.262795210
vn -0.9317858 0.2492837 -0.2638808
v -0.2860495 0.2371732 0.6478268
vt 0.825009227 0.262921512
vn -0.9317858 0.2492837 -0.2638808
f 2242/2242/2242 2243/2243/2243 2244/2244/2244
v -0.2900000 0.2300000 0.6550000
vt 0.822372973 0.265547276
vn -0.9317858 0.2638794 -0.2492852
v -0.2860495 0.2371732 0.6478268
vt 0.825009227 0.262921512
vn -0.9317858 0.2638794 -0.2492852
v -0.2879961 0.2300000 0.6475098
vt 0.825126708 0.265556931
vn -0.9317858 0.2638794 -0.2492852
f 2245/2245/2245 2246/2246/2246 2247/2247/2247
v -0.2879961 0.2374902 0.6550000
vt 0.529626846 0.006085370
vn -0.6901324 0.6901361 -0.2177827
v -0.2824902 0.2429961 0.6550000
vt 0.529631615 0.008127972
vn -0.6901324 0.6901361 -0.2177827
v -0.2821732 0.2410495 0.6478268
vt 0.526992917 0.008240226
vn -0.6901324 0.6901361 -0.2177827
f 2248/2248/2248 2249/2249/2249 2250/2250/2250
v -0.2879961 0.2374902 0.6550000
vt 0.529626846 0.006085370
vn -0.6901339 0.6901339 -0.2177850
v -0.2821732 0.2410495 0.6478268
vt 0.526992917 0.008240226
vn -0.6901339 0.6901339 -0.2177850
v -0.2860495 0.2371732 0.6478268
vt 0.526989520 0.006802187
vn -0.6901339 0.6901339 -0.2177850
f 2251/2251/2251 2252/2252/2252 2253/2253/2253
v -0.2750000 0.2450000 0.6550000
vt 0.529633343 0.010893619
vn -0.2638761 0.9317856 -0.2492889
v -0.2750000 0.2429961 0.6475098
vt 0.526877999 0.010888859
vn -0.2638761 0.9317856 -0.2492889
v -0.2821732 0.2410495 0.6478268
vt 0.526992917 0.008240226
vn -0.2638761 0.9317856 -0.2492889
f 2254/2254/2254 2255/2255/2255 2256/2256/2256
v -0.2750000 0.2450000 0.6550000
vt 0.529633343 0.010893619
vn -0.2492879 0.9317857 -0.2638772
v -0.2821732 0.2410495 0.6478268
vt 0.526992917 0.008240226
vn -0.2492879 0.9317857 -0.2638772
v -0.2824902 0.2429961 0.6550000
vt 0.529631615 0.008127972
vn -0.2492879 0.9317857 -0.2638772
f 2257/2257/2257 2258/2258/2258 2259/2259/2259
v -0.2750000 0.2429961 0.6475098
vt 0.526877999 0.010888859
vn -0.2177753 0.6901298 -0.6901411
v -0.2750000 0.2374902 0.6420040
vt 0.524849176 0.010875689
vn -0.2177753 0.6901298 -0.6901411
v -0.2821732 0.2371732 0.6439505
vt 0.525564492 0.008230971
vn -0.2177753 0.6901298 -0.6901411
f 2260/2260/2260 2261/2261/2261 2262/2262/2262
v -0.2750000 0.2429961 0.6475098
vt 0.526877999 0.010888859
vn -0.2177790 0.6901322 -0.6901376
v -0.2821732 0.2371732 0.6439505
vt 0.525564492 0.008230971
vn -0.2177790 0.6901322 -0.6901376
v -0.2821732 0.2410495 0.6478268
vt 0.526992917 0.008240226
vn -0.2177790 0.6901322 -0.6901376
f 2263/2263/2263 2264/2264/2264 2265/2265/2265
v -0.2750000 0.2300000 0.6400000
vt 0.495312393 0.691033244
vn -0.2493025 0.2638655 -0.9317850
v -0.2824902 0.2300000 0.6420040
vt 0.495312721 0.693776250
vn -0.2493025 0.2638655 -0.9317850
v -0.2821732 0.2371732 0.6439505
vt 0.492693067 0.693660080
vn -0.2493025 0.2638655 -0.9317850
f 2266/2266/2266 2267/2267/2267 2268/2268/2268
v -0.2750000 0.2300000 0.6400000
vt 0.495312393 0.691033244
vn -0.2638659 0.2493020 -0.9317849
v -0.2821732 0.2371732 0.6439505
vt 0.492693067 0.693660080
vn -0.2638659 0.2493020 -0.9317849
v -0.2750000 0.2374902 0.6420040
vt 0.492576927 0.691033125
vn -0.2638659 0.2493020 -0.9317849
f 2269/2269/2269 2270/2270/2270 2271/2271/2271
v -0.2824902 0.2300000 0.6420040
vt 0.495312721 0.693776250
vn -0.6901272 0.2177803 -0.6901422
v -0.2879961 0.2300000 0.6475098
vt 0.495313704 0.695792496
vn -0.6901272 0.2177803 -0.6901422
v -0.2860495 0.2371732 0.6478268
vt 0.492693752 0.695079565
vn -0.6901272 0.2177803 -0.6901422
f 2272/2272/2272 2273/2273/2273 2274/2274/2274
v -0.2824902 0.2300000 0.6420040
vt 0.495312721 0.693776250
vn -0.6901330 0.2177743 -0.6901383
v -0.2860495 0.2371732 0.6478268
vt 0.492693752 0.695079565
vn -0.6901330 0.2177743 -0.6901383
v -0.2821732 0.2371732 0.6439505
vt 0.492693067 0.693660080
vn -0.6901330 0.2177743 -0.6901383
f 2275/2275/2275 2276/2276/2276 2277/2277/2277
v -0.2860495 0.2371732 0.6478268
vt 0.526989520 0.006802187
vn -0.5773488 0.5773488 -0.5773532
v -0.2821732 0.2410495 0.6478268
vt 0.526992917 0.008240226
vn -0.5773488 0.5773488 -0.5773532
v -0.2821732 0.2371732 0.6439505
vt 0.525564492 0.008230971
vn -0.5773488 0.5773488 -0.5773532
f 2278/2278/2278 2279/2279/2279 2280/2280/2280
v -0.2900000 -0.2300000 0.8300000
vt 0.758014917 0.435151577
vn -0.9317862 -0.2492838 0.2638788
v -0.2879961 -0.2374902 0.8300000
vt 0.758014143 0.437923014
vn -0.9317862 -0.2492838 0.2638788
v -0.2860495 -0.2371732 0.8371732
vt 0.755375266 0.437815517
vn -0.9317862 -0.2492838 0.2638788
f 2281/2281/2281 2282/2282/2282 2283/2283/2283
v -0.2900000 -0.2300000 0.8300000
vt 0.758014917 0.435151577
vn -0.9317862 -0.2638794 0.2492833
v -0.2860495 -0.2371732 0.8371732
vt 0.755375266 0.437815517
vn -0.9317862 -0.2638794 0.2492833
v -0.2879961 -0.2300000 0.8374902
vt 0.755259514 0.435161382
vn -0.9317862 -0.2638794 0.2492833
f 2284/2284/2284 2285/2285/2285 2286/2286/2286
v -0.2879961 -0.2374902 0.8300000
vt 0.758014143 0.437923014
vn -0.6901327 -0.6901364 0.2177810
v -0.2824902 -0.2429961 0.8300000
vt 0.758011818 0.439979732
vn -0.6901327 -0.6901364 0.2177810
v -0.2821732 -0.2410495 0.8371732
vt 0.755373657 0.439263403
vn -0.6901327 -0.6901364 0.2177810
f 2287/2287/2287 2288/2288/2288 2289/2289/2289
v -0.2879961 -0.2374902 0.8300000
vt 0.758014143 0.437923014
vn -0.6901342 -0.6901342 0.2177833
v -0.2821732 -0.2410495 0.8371732
vt 0.755373657 0.439263403
vn -0.6901342 -0.6901342 0.2177833
v -0.2860495 -0.2371732 0.8371732
vt 0.755375266 0.437815517
vn -0.6901342 -0.6901342 0.2177833
f 2290/2290/2290 2291/2291/2291 2292/2292/2292
v -0.2750000 -0.2450000 0.8300000
vt 0.680018783 0.213574857
vn -0.2638762 -0.9317861 0.2492870
v -0.2750000 -0.2429961 0.8374902
vt 0.682769060 0.213574857
vn -0.2638762 -0.9317861 0.2492870
v -0.2821732 -0.2410495 0.8371732
vt 0.682649791 0.216218501
vn -0.2638762 -0.9317861 0.2492870
f 2293/2293/2293 2294/2294/2294 2295/2295/2295
v -0.2750000 -0.2450000 0.8300000
vt 0.680018783 0.213574857
vn -0.2492880 -0.9317862 0.2638751
v -0.2821732 -0.2410495 0.8371732
vt 0.682649791 0.216218501
vn -0.2492880 -0.9317862 0.2638751
v -0.2824902 -0.2429961 0.8300000
vt 0.680015981 0.216335341
vn -0.2492880 -0.9317862 0.2638751
f 2296/2296/2296 2297/2297/2297 2298/2298/2298
v -0.2750000 -0.2429961 0.8374902
vt 0.492576957 0.469917893
vn -0.2177847 -0.6901358 0.6901321
v -0.2750000 -0.2374902 0.8429961
vt 0.494600773 0.469917744
vn -0.2177847 -0.6901358 0.6901321
v -0.2821732 -0.2371732 0.8410495
vt 0.494715810 0.472556770
vn -0.2177847 -0.6901358 0.6901321
f 2299/2299/2299 2300/2300/2300 2301/2301/2301
v -0.2750000 -0.2429961 0.8374902
vt 0.492576957 0.469917893
vn -0.2177790 -0.6901322 0.6901376
v -0.2821732 -0.2371732 0.8410495
vt 0.494715810 0.472556770
vn -0.2177790 -0.6901322 0.6901376
v -0.2821732 -0.2410495 0.8371732
vt 0.493290961 0.472556859
vn -0.2177790 -0.6901322 0.6901376
f 2302/2302/2302 2303/2303/2303 2304/2304/2304
v -0.2750000 -0.2300000 0.8450000
vt 0.497350395 0.469917685
vn -0.2492876 -0.2638803 0.9317849
v -0.2824902 -0.2300000 0.8429961
vt 0.497349054 0.472673327
vn -0.2492876 -0.2638803 0.9317849
v -0.2821732 -0.2371732 0.8410495
vt 0.494715810 0.472556770
vn -0.2492876 -0.2638803 0.9317849
f 2305/2305/2305 2306/2306/2306 2307/2307/2307
v -0.2750000 -0.2300000 0.8450000
vt 0.497350395 0.469917685
vn -0.2638808 -0.2492871 0.9317848
v -0.2821732 -0.2371732 0.8410495
vt 0.494715810 0.472556770
vn -0.2638808 -0.2492871 0.9317848
v -0.2750000 -0.2374902 0.8429961
vt 0.494600773 0.469917744
vn -0.2638808 -0.2492871 0.9317848
f 2308/2308/2308 2309/2309/2309 2310/2310/2310
v -0.2824902 -0.2300000 0.8429961
vt 0.753232360 0.435187817
vn -0.6901344 -0.2177819 0.6901344
v -0.2879961 -0.2300000 0.8374902
vt 0.755259514 0.435161382
vn -0.6901344 -0.2177819 0.6901344
v -0.2860495 -0.2371732 0.8371732
vt 0.755375266 0.437815517
vn -0.6901344 -0.2177819 0.6901344
f 2311/2311/2311 2312/2312/2312 2313/2313/2313
v -0.2824902 -0.2300000 0.8429961
vt 0.753232360 0.435187817
vn -0.6901312 -0.2177852 0.6901366
v -0.2860495 -0.2371732 0.8371732
vt 0.755375266 0.437815517
vn -0.6901312 -0.2177852 0.6901366
v -0.2821732 -0.2371732 0.8410495
vt 0.753948092 0.437834293
vn -0.6901312 -0.2177852 0.6901366
f 2314/2314/2314 2315/2315/2315 2316/2316/2316
v -0.2860495 -0.2371732 0.8371732
vt 0.755375266 0.437815517
vn -0.5773488 -0.5773488 0.5773532
v -0.2821732 -0.2410495 0.8371732
vt 0.755373657 0.439263403
vn -0.5773488 -0.5773488 0.5773532
v -0.2821732 -0.2371732 0.8410495
vt 0.753948092 0.437834293
vn -0.5773488 -0.5773488 0.5773532
f 2317/2317/2317 2318/2318/2318 2319/2319/2319
v 0.2750000 -0.2450000 0.8300000
vt 0.680018783 0.010874065
vn 0.2492880 -0.9317862 0.2638751
v 0.2824902 -0.2429961 0.8300000
vt 0.680015862 0.008113578
vn 0.2492880 -0.9317862 0.2638751
v 0.2821732 -0.2410495 0.8371732
vt 0.682649791 0.008230415
vn 0.2492880 -0.9317862 0.2638751
f 2320/2320/2320 2321/2321/2321 2322/2322/2322
v 0.2750000 -0.2450000 0.8300000
vt 0.680018783 0.010874065
vn 0.2638762 -0.9317861 0.2492870
v 0.2821732 -0.2410495 0.8371732
vt 0.682649791 0.008230415
vn 0.2638762 -0.9317861 0.2492870
v 0.2750000 -0.2429961 0.8374902
vt 0.682769060 0.010874065
vn 0.2638762 -0.9317861 0.2492870
f 2323/2323/2323 2324/2324/2324 2325/2325/2325
v 0.2824902 -0.2429961 0.8300000
vt 0.813277006 0.185301378
vn 0.6901324 -0.6901361 0.2177829
v 0.2879961 -0.2374902 0.8300000
vt 0.813264728 0.183271632
vn 0.6901324 -0.6901361 0.2177829
v 0.2860495 -0.2371732 0.8371732
vt 0.815900922 0.183134422
vn 0.6901324 -0.6901361 0.2177829
f 2326/2326/2326 2327/2327/2327 2328/2328/2328
v 0.2824902 -0.2429961 0.8300000
vt 0.813277006 0.185301378
vn 0.6901346 -0.6901346 0.2177806
v 0.2860495 -0.2371732 0.8371732
vt 0.815900922 0.183134422
vn 0.6901346 -0.6901346 0.2177806
v 0.2821732 -0.2410495 0.8371732
vt 0.815909624 0.184563428
vn 0.6901346 -0.6901346 0.2177806
f 2329/2329/2329 2330/2330/2330 2331/2331/2331
v 0.2900000 -0.2300000 0.8300000
vt 0.813244879 0.180509716
vn 0.9317862 -0.2638794 0.2492833
v 0.2879961 -0.2300000 0.8374902
vt 0.815998554 0.180488542
vn 0.9317862 -0.2638794 0.2492833
v 0.2860495 -0.2371732 0.8371732
vt 0.815900922 0.183134422
vn 0.9317862 -0.2638794 0.2492833
f 2332/2332/2332 2333/2333/2333 2334/2334/2334
v 0.2900000 -0.2300000 0.8300000
vt 0.813244879 0.180509716
vn 0.9317862 -0.2492838 0.2638788
v 0.2860495 -0.2371732 0.8371732
vt 0.815900922 0.183134422
vn 0.9317862 -0.2492838 0.2638788
v 0.2879961 -0.2374902 0.8300000
vt 0.813264728 0.183271632
vn 0.9317862 -0.2492838 0.2638788
f 2335/2335/2335 2336/2336/2336 2337/2337/2337
v -0.2821732 0.2371732 0.8410495
vt 0.668761969 0.472556800
vn -0.6901318 0.2177813 0.6901371
v -0.2860495 0.2371732 0.8371732
vt 0.668759465 0.473982960
vn -0.6901318 0.2177813 0.6901371
v -0.2879961 0.2300000 0.8374902
vt 0.666127682 0.474699110
vn -0.6901318 0.2177813 0.6901371
f 2338/2338/2338 2339/2339/2339 2340/2340/2340
v -0.2821732 0.2371732 0.8410495
vt 0.668761969 0.472556800
vn -0.6901340 0.2177846 0.6901340
v -0.2879961 0.2300000 0.8374902
vt 0.666127682 0.474699110
vn -0.6901340 0.2177846 0.6901340
v -0.2824902 0.2300000 0.8429961
vt 0.666131258 0.472673357
vn -0.6901340 0.2177846 0.6901340
f 2341/2341/2341 2342/2342/2342 2343/2343/2343
v 0.2750000 -0.2300000 0.8450000
vt 0.497350365 0.267575264
vn 0.2638808 -0.2492871 0.9317848
v 0.2750000 -0.2374902 0.8429961
vt 0.494600743 0.267575324
vn 0.2638808 -0.2492871 0.9317848
v 0.2821732 -0.2371732 0.8410495
vt 0.494715780 0.264936417
vn 0.2638808 -0.2492871 0.9317848
f 2344/2344/2344 2345/2345/2345 2346/2346/2346
v 0.2750000 -0.2300000 0.8450000
vt 0.497350365 0.267575264
vn 0.2492876 -0.2638803 0.9317849
v 0.2821732 -0.2371732 0.8410495
vt 0.494715780 0.264936417
vn 0.2492876 -0.2638803 0.9317849
v 0.2824902 -0.2300000 0.8429961
vt 0.497349054 0.264819741
vn 0.2492876 -0.2638803 0.9317849
f 2347/2347/2347 2348/2348/2348 2349/2349/2349
v 0.2750000 -0.2374902 0.8429961
vt 0.494600743 0.267575324
vn 0.2177800 -0.6901366 0.6901329
v 0.2750000 -0.2429961 0.8374902
vt 0.492576927 0.267575473
vn 0.2177800 -0.6901366 0.6901329
v 0.2821732 -0.2410495 0.8371732
vt 0.493290961 0.264936507
vn 0.2177800 -0.6901366 0.6901329
f 2350/2350/2350 2351/2351/2351 2352/2352/2352
v 0.2750000 -0.2374902 0.8429961
vt 0.494600743 0.267575324
vn 0.2177857 -0.6901311 0.6901365
v 0.2821732 -0.2410495 0.8371732
vt 0.493290961 0.264936507
vn 0.2177857 -0.6901311 0.6901365
v 0.2821732 -0.2371732 0.8410495
vt 0.494715780 0.264936417
vn 0.2177857 -0.6901311 0.6901365
f 2353/2353/2353 2354/2354/2354 2355/2355/2355
v 0.2821732 -0.2410495 0.8371732
vt 0.493290961 0.264936507
vn 0.5773488 -0.5773488 0.5773532
v 0.2860495 -0.2371732 0.8371732
vt 0.494713247 0.263510436
vn 0.5773488 -0.5773488 0.5773532
v 0.2821732 -0.2371732 0.8410495
vt 0.494715780 0.264936417
vn 0.5773488 -0.5773488 0.5773532
f 2356/2356/2356 2357/2357/2357 2358/2358/2358
v 0.2900000 0.2300000 0.8300000
vt 0.811959147 0.010877913
vn 0.9317862 0.2492838 0.2638788
v 0.2879961 0.2374902 0.8300000
vt 0.811937034 0.008115380
vn 0.9317862 0.2492838 0.2638788
v 0.2860495 0.2371732 0.8371732
vt 0.814575076 0.008211928
vn 0.9317862 0.2492838 0.2638788
f 2359/2359/2359 2360/2360/2360 2361/2361/2361
v 0.2900000 0.2300000 0.8300000
vt 0.811959147 0.010877913
vn 0.9317862 0.2638794 0.2492833
v 0.2860495 0.2371732 0.8371732
vt 0.814575076 0.008211928
vn 0.9317862 0.2638794 0.2492833
v 0.2879961 0.2300000 0.8374902
vt 0.814712763 0.010856557
vn 0.9317862 0.2638794 0.2492833
f 2362/2362/2362 2363/2363/2363 2364/2364/2364
v 0.2879961 0.2374902 0.8300000
vt 0.811937034 0.008115380
vn 0.6901327 0.6901364 0.2177810
v 0.2824902 0.2429961 0.8300000
vt 0.811918616 0.006084391
vn 0.6901327 0.6901364 0.2177810
v 0.2821732 0.2410495 0.8371732
vt 0.814562082 0.006782032
vn 0.6901327 0.6901364 0.2177810
f 2365/2365/2365 2366/2366/2366 2367/2367/2367
v 0.2879961 0.2374902 0.8300000
vt 0.811937034 0.008115380
vn 0.6901342 0.6901342 0.2177833
v 0.2821732 0.2410495 0.8371732
vt 0.814562082 0.006782032
vn 0.6901342 0.6901342 0.2177833
v 0.2860495 0.2371732 0.8371732
vt 0.814575076 0.008211928
vn 0.6901342 0.6901342 0.2177833
f 2368/2368/2368 2369/2369/2369 2370/2370/2370
v 0.2750000 0.2450000 0.8300000
vt 0.593967259 0.213619679
vn 0.2638762 0.9317861 0.2492870
v 0.2750000 0.2429961 0.8374902
vt 0.596719086 0.213614732
vn 0.2638762 0.9317861 0.2492870
v 0.2821732 0.2410495 0.8371732
vt 0.596600950 0.216254026
vn 0.2638762 0.9317861 0.2492870
f 2371/2371/2371 2372/2372/2372 2373/2373/2373
v 0.2750000 0.2450000 0.8300000
vt 0.593967259 0.213619679
vn 0.2492880 0.9317862 0.2638751
v 0.2821732 0.2410495 0.8371732
vt 0.596600950 0.216254026
vn 0.2492880 0.9317862 0.2638751
v 0.2824902 0.2429961 0.8300000
vt 0.593965530 0.216375574
vn 0.2492880 0.9317862 0.2638751
f 2374/2374/2374 2375/2375/2375 2376/2376/2376
v 0.2750000 0.2429961 0.8374902
vt 0.670896173 0.267575473
vn 0.2177847 0.6901358 0.6901321
v 0.2750000 0.2374902 0.8429961
vt 0.668879569 0.267575353
vn 0.2177847 0.6901358 0.6901321
v 0.2821732 0.2371732 0.8410495
vt 0.668761969 0.264936417
vn 0.2177847 0.6901358 0.6901321
f 2377/2377/2377 2378/2378/2378 2379/2379/2379
v 0.2750000 0.2429961 0.8374902
vt 0.670896173 0.267575473
vn 0.2177790 0.6901322 0.6901376
v 0.2821732 0.2371732 0.8410495
vt 0.668761969 0.264936417
vn 0.2177790 0.6901322 0.6901376
v 0.2821732 0.2410495 0.8371732
vt 0.670181751 0.264936507
vn 0.2177790 0.6901322 0.6901376
f 2380/2380/2380 2381/2381/2381 2382/2382/2382
v 0.2750000 0.2300000 0.8450000
vt 0.666132629 0.267575294
vn 0.2492876 0.2638803 0.9317849
v 0.2824902 0.2300000 0.8429961
vt 0.666131258 0.264819741
vn 0.2492876 0.2638803 0.9317849
v 0.2821732 0.2371732 0.8410495
vt 0.668761969 0.264936417
vn 0.2492876 0.2638803 0.9317849
f 2383/2383/2383 2384/2384/2384 2385/2385/2385
v 0.2750000 0.2300000 0.8450000
vt 0.666132629 0.267575294
vn 0.2638808 0.2492871 0.9317848
v 0.2821732 0.2371732 0.8410495
vt 0.668761969 0.264936417
vn 0.2638808 0.2492871 0.9317848
v 0.2750000 0.2374902 0.8429961
vt 0.668879569 0.267575353
vn 0.2638808 0.2492871 0.9317848
f 2386/2386/2386 2387/2387/2387 2388/2388/2388
v 0.2824902 0.2300000 0.8429961
vt 0.666131258 0.264819741
vn 0.6901344 0.2177819 0.6901344
v 0.2879961 0.2300000 0.8374902
vt 0.666127682 0.262794286
vn 0.6901344 0.2177819 0.6901344
v 0.2860495 0.2371732 0.8371732
vt 0.668759465 0.263510436
vn 0.6901344 0.2177819 0.6901344
f 2389/2389/2389 2390/2390/2390 2391/2391/2391
v 0.2824902 0.2300000 0.8429961
vt 0.666131258 0.264819741
vn 0.6901312 0.2177852 0.6901366
v 0.2860495 0.2371732 0.8371732
vt 0.668759465 0.263510436
vn 0.6901312 0.2177852 0.6901366
v 0.2821732 0.2371732 0.8410495
vt 0.668761969 0.264936417
vn 0.6901312 0.2177852 0.6901366
f 2392/2392/2392 2393/2393/2393 2394/2394/2394
v 0.2860495 0.2371732 0.8371732
vt 0.814575076 0.008211928
vn 0.5773488 0.5773488 0.5773532
v 0.2821732 0.2410495 0.8371732
vt 0.814562082 0.006782032
vn 0.5773488 0.5773488 0.5773532
v 0.2821732 0.2371732 0.8410495
vt 0.815998554 0.008200628
vn 0.5773488 0.5773488 0.5773532
f 2395/2395/2395 2396/2396/2396 2397/2397/2397
v -0.2900000 0.2300000 0.8300000
vt 0.758014917 0.265546262
vn -0.9317862 0.2638794 0.2492833
v -0.2879961 0.2300000 0.8374902
vt 0.755259514 0.265555918
vn -0.9317862 0.2638794 0.2492833
v -0.2860495 0.2371732 0.8371732
vt 0.755375266 0.262920499
vn -0.9317862 0.2638794 0.2492833
f 2398/2398/2398 2399/2399/2399 2400/2400/2400
v -0.2900000 0.2300000 0.8300000
vt 0.758014917 0.265546262
vn -0.9317862 0.2492838 0.2638788
v -0.2860495 0.2371732 0.8371732
vt 0.755375266 0.262920499
vn -0.9317862 0.2492838 0.2638788
v -0.2879961 0.2374902 0.8300000
vt 0.758014143 0.262794256
vn -0.9317862 0.2492838 0.2638788
f 2401/2401/2401 2402/2402/2402 2403/2403/2403
v -0.2900000 -0.2300000 0.8300000
vt 0.758014917 0.435151577
vn -0.9660262 -0.2584442 0.0000000
v -0.2900000 -0.2300000 0.6550000
vt 0.822372973 0.435152650
vn -0.9660262 -0.2584442 0.0000000
v -0.2879961 -0.2374902 0.6550000
vt 0.822372079 0.437923998
vn -0.9660262 -0.2584442 0.0000000
f 2404/2404/2404 2405/2405/2405 2406/2406/2406
v -0.2900000 -0.2300000 0.8300000
vt 0.758014917 0.435151577
vn -0.9660262 -0.2584442 0.0000000
v -0.2879961 -0.2374902 0.6550000
vt 0.822372079 0.437923998
vn -0.9660262 -0.2584442 0.0000000
v -0.2879961 -0.2374902 0.8300000
vt 0.758014143 0.437923014
vn -0.9660262 -0.2584442 0.0000000
f 2407/2407/2407 2408/2408/2408 2409/2409/2409
v -0.2750000 0.2300000 0.8450000
vt 0.666132629 0.469917685
vn -0.2638808 0.2492871 0.9317848
v -0.2750000 0.2374902 0.8429961
vt 0.668879569 0.469917744
vn -0.2638808 0.2492871 0.9317848
v -0.2821732 0.2371732 0.8410495
vt 0.668761969 0.472556800
vn -0.2638808 0.2492871 0.9317848
f 2410/2410/2410 2411/2411/2411 2412/2412/2412
v -0.2750000 0.2300000 0.8450000
vt 0.666132629 0.469917685
vn -0.2492876 0.2638803 0.9317849
v -0.2821732 0.2371732 0.8410495
vt 0.668761969 0.472556800
vn -0.2492876 0.2638803 0.9317849
v -0.2824902 0.2300000 0.8429961
vt 0.666131258 0.472673357
vn -0.2492876 0.2638803 0.9317849
f 2413/2413/2413 2414/2414/2414 2415/2415/2415
v -0.2750000 0.2374902 0.8429961
vt 0.598738432 0.010874621
vn -0.2177800 0.6901366 0.6901329
v -0.2750000 0.2429961 0.8374902
vt 0.596719086 0.010887790
vn -0.2177800 0.6901366 0.6901329
v -0.2821732 0.2410495 0.8371732
vt 0.596600950 0.008239158
vn -0.2177800 0.6901366 0.6901329
f 2416/2416/2416 2417/2417/2417 2418/2418/2418
v -0.2750000 0.2374902 0.8429961
vt 0.598738432 0.010874621
vn -0.2177857 0.6901311 0.6901365
v -0.2821732 0.2410495 0.8371732
vt 0.596600950 0.008239158
vn -0.2177857 0.6901311 0.6901365
v -0.2821732 0.2371732 0.8410495
vt 0.598022580 0.008229859
vn -0.2177857 0.6901311 0.6901365
f 2419/2419/2419 2420/2420/2420 2421/2421/2421
v -0.2750000 0.2450000 0.8300000
vt 0.593967259 0.010892596
vn -0.2492880 0.9317862 0.2638751
v -0.2824902 0.2429961 0.8300000
vt 0.593965530 0.008126993
vn -0.2492880 0.9317862 0.2638751
v -0.2821732 0.2410495 0.8371732
vt 0.596600950 0.008239158
vn -0.2492880 0.9317862 0.2638751
f 2422/2422/2422 2423/2423/2423 2424/2424/2424
v -0.2750000 0.2450000 0.8300000
vt 0.593967259 0.010892596
vn -0.2638762 0.9317861 0.2492870
v -0.2821732 0.2410495 0.8371732
vt 0.596600950 0.008239158
vn -0.2638762 0.9317861 0.2492870
v -0.2750000 0.2429961 0.8374902
vt 0.596719086 0.010887790
vn -0.2638762 0.9317861 0.2492870
f 2425/2425/2425 2426/2426/2426 2427/2427/2427
v -0.2824902 0.2429961 0.8300000
vt 0.593965530 0.008126993
vn -0.6901324 0.6901361 0.2177829
v -0.2879961 0.2374902 0.8300000
vt 0.593960822 0.006084391
vn -0.6901324 0.6901361 0.2177829
v -0.2860495 0.2371732 0.8371732
vt 0.596597493 0.006801119
vn -0.6901324 0.6901361 0.2177829
f 2428/2428/2428 2429/2429/2429 2430/2430/2430
v -0.2824902 0.2429961 0.8300000
vt 0.593965530 0.008126993
vn -0.6901346 0.6901346 0.2177806
v -0.2860495 0.2371732 0.8371732
vt 0.596597493 0.006801119
vn -0.6901346 0.6901346 0.2177806
v -0.2821732 0.2410495 0.8371732
vt 0.596600950 0.008239158
vn -0.6901346 0.6901346 0.2177806
f 2431/2431/2431 2432/2432/2432 2433/2433/2433
v -0.2860495 0.2371732 0.8371732
vt 0.596597493 0.006801119
vn -0.5773488 0.5773488 0.5773532
v -0.2821732 0.2371732 0.8410495
vt 0.598022580 0.008229859
vn -0.5773488 0.5773488 0.5773532
v -0.2821732 0.2410495 0.8371732
vt 0.596600950 0.008239158
vn -0.5773488 0.5773488 0.5773532
f 2434/2434/2434 2435/2435/2435 2436/2436/2436
v -0.2750000 -0.2300000 0.6400000
vt 0.663327396 0.691033125
vn 0.0000000 -0.2584621 -0.9660214
v 0.2750000 -0.2300000 0.6400000
vt 0.663327396 0.489610970
vn 0.0000000 -0.2584621 -0.9660214
v 0.2750000 -0.2374902 0.6420040
vt 0.666063488 0.489610910
vn 0.0000000 -0.2584621 -0.9660214
f 2437/2437/2437 2438/2438/2438 2439/2439/2439
v -0.2750000 -0.2300000 0.6400000
vt 0.663327396 0.691033125
vn 0.0000000 -0.2584621 -0.9660214
v 0.2750000 -0.2374902 0.6420040
vt 0.666063488 0.489610910
vn 0.0000000 -0.2584621 -0.9660214
v -0.2750000 -0.2374902 0.6420040
vt 0.666063547 0.691033125
vn 0.0000000 -0.2584621 -0.9660214
f 2440/2440/2440 2441/2441/2441 2442/2442/2442
v -0.2879961 0.2374902 0.8300000
vt 0.758014143 0.262794256
vn -0.9660262 0.2584442 0.0000000
v -0.2879961 0.2374902 0.6550000
vt 0.822372198 0.262795210
vn -0.9660262 0.2584442 0.0000000
v -0.2900000 0.2300000 0.6550000
vt 0.822372973 0.265547276
vn -0.9660262 0.2584442 0.0000000
f 2443/2443/2443 2444/2444/2444 2445/2445/2445
v -0.2879961 0.2374902 0.8300000
vt 0.758014143 0.262794256
vn -0.9660262 0.2584442 0.0000000
v -0.2900000 0.2300000 0.6550000
vt 0.822372973 0.265547276
vn -0.9660262 0.2584442 0.0000000
v -0.2900000 0.2300000 0.8300000
vt 0.758014917 0.265546262
vn -0.9660262 0.2584442 0.0000000
f 2446/2446/2446 2447/2447/2447 2448/2448/2448
v -0.2750000 -0.2429961 0.6475098
vt 0.612938881 0.213574857
vn 0.0000000 -0.9660249 -0.2584492
v 0.2750000 -0.2429961 0.6475098
vt 0.612938762 0.010874065
vn 0.0000000 -0.9660249 -0.2584492
v 0.2750000 -0.2450000 0.6550000
vt 0.615694821 0.010874065
vn 0.0000000 -0.9660249 -0.2584492
f 2449/2449/2449 2450/2450/2450 2451/2451/2451
v -0.2750000 -0.2429961 0.6475098
vt 0.612938881 0.213574857
vn 0.0000000 -0.9660249 -0.2584492
v 0.2750000 -0.2450000 0.6550000
vt 0.615694821 0.010874065
vn 0.0000000 -0.9660249 -0.2584492
v -0.2750000 -0.2450000 0.6550000
vt 0.615694821 0.213574857
vn 0.0000000 -0.9660249 -0.2584492
f 2452/2452/2452 2453/2453/2453 2454/2454/2454
v -0.2900000 -0.2300000 0.6550000
vt 0.822372973 0.435152650
vn -0.9660258 0.0000000 -0.2584456
v -0.2900000 0.2300000 0.6550000
vt 0.822372973 0.265547276
vn -0.9660258 0.0000000 -0.2584456
v -0.2879961 0.2300000 0.6475098
vt 0.825126708 0.265556931
vn -0.9660258 0.0000000 -0.2584456
f 2455/2455/2455 2456/2456/2456 2457/2457/2457
v -0.2900000 -0.2300000 0.6550000
vt 0.822372973 0.435152650
vn -0.9660258 0.0000000 -0.2584456
v -0.2879961 0.2300000 0.6475098
vt 0.825126708 0.265556931
vn -0.9660258 0.0000000 -0.2584456
v -0.2879961 -0.2300000 0.6475098
vt 0.825126708 0.435162365
vn -0.9660258 0.0000000 -0.2584456
f 2458/2458/2458 2459/2459/2459 2460/2460/2460
v -0.2879961 -0.2300000 0.6475098
vt 0.663328707 0.695792496
vn -0.7070991 0.0000000 -0.7071144
v -0.2879961 0.2300000 0.6475098
vt 0.495313704 0.695792496
vn -0.7070991 0.0000000 -0.7071144
v -0.2824902 0.2300000 0.6420040
vt 0.495312721 0.693776250
vn -0.7070991 0.0000000 -0.7071144
f 2461/2461/2461 2462/2462/2462 2463/2463/2463
v -0.2879961 -0.2300000 0.6475098
vt 0.663328707 0.695792496
vn -0.7070991 0.0000000 -0.7071144
v -0.2824902 0.2300000 0.6420040
vt 0.495312721 0.693776250
vn -0.7070991 0.0000000 -0.7071144
v -0.2824902 -0.2300000 0.6420040
vt 0.663327694 0.693776250
vn -0.7070991 0.0000000 -0.7071144
f 2464/2464/2464 2465/2465/2465 2466/2466/2466
v -0.2824902 -0.2300000 0.6420040
vt 0.663327694 0.693776250
vn -0.2584626 0.0000000 -0.9660214
v -0.2824902 0.2300000 0.6420040
vt 0.495312721 0.693776250
vn -0.2584626 0.0000000 -0.9660214
v -0.2750000 0.2300000 0.6400000
vt 0.495312393 0.691033244
vn -0.2584626 0.0000000 -0.9660214
f 2467/2467/2467 2468/2468/2468 2469/2469/2469
v -0.2824902 -0.2300000 0.6420040
vt 0.663327694 0.693776250
vn -0.2584626 0.0000000 -0.9660214
v -0.2750000 0.2300000 0.6400000
vt 0.495312393 0.691033244
vn -0.2584626 0.0000000 -0.9660214
v -0.2750000 -0.2300000 0.6400000
vt 0.663327396 0.691033125
vn -0.2584626 0.0000000 -0.9660214
f 2470/2470/2470 2471/2471/2471 2472/2472/2472
v 0.2750000 0.2300000 0.6400000
vt 0.495312393 0.489611000
vn 0.0000000 0.2584621 -0.9660214
v -0.2750000 0.2300000 0.6400000
vt 0.495312393 0.691033244
vn 0.0000000 0.2584621 -0.9660214
v -0.2750000 0.2374902 0.6420040
vt 0.492576927 0.691033125
vn 0.0000000 0.2584621 -0.9660214
f 2473/2473/2473 2474/2474/2474 2475/2475/2475
v 0.2750000 0.2300000 0.6400000
vt 0.495312393 0.489611000
vn 0.0000000 0.2584621 -0.9660214
v -0.2750000 0.2374902 0.6420040
vt 0.492576927 0.691033125
vn 0.0000000 0.2584621 -0.9660214
v 0.2750000 0.2374902 0.6420040
vt 0.492576927 0.489610940
vn 0.0000000 0.2584621 -0.9660214
f 2476/2476/2476 2477/2477/2477 2478/2478/2478
v 0.2750000 -0.2429961 0.6475098
vt 0.612938762 0.010874065
vn 0.0000000 -0.7071010 -0.7071126
v -0.2750000 -0.2429961 0.6475098
vt 0.612938881 0.213574857
vn 0.0000000 -0.7071010 -0.7071126
v -0.2750000 -0.2374902 0.6420040
vt 0.610907257 0.213574857
vn 0.0000000 -0.7071010 -0.7071126
f 2479/2479/2479 2480/2480/2480 2481/2481/2481
v 0.2750000 -0.2429961 0.6475098
vt 0.612938762 0.010874065
vn 0.0000000 -0.7071010 -0.7071126
v -0.2750000 -0.2374902 0.6420040
vt 0.610907257 0.213574857
vn 0.0000000 -0.7071010 -0.7071126
v 0.2750000 -0.2374902 0.6420040
vt 0.610907257 0.010874065
vn 0.0000000 -0.7071010 -0.7071126
f 2482/2482/2482 2483/2483/2483 2484/2484/2484
v 0.2750000 0.2429961 0.6475098
vt 0.526878119 0.213615760
vn 0.0000000 0.9660249 -0.2584492
v -0.2750000 0.2429961 0.6475098
vt 0.526877999 0.010888859
vn 0.0000000 0.9660249 -0.2584492
v -0.2750000 0.2450000 0.6550000
vt 0.529633343 0.010893619
vn 0.0000000 0.9660249 -0.2584492
f 2485/2485/2485 2486/2486/2486 2487/2487/2487
v 0.2750000 0.2429961 0.6475098
vt 0.526878119 0.213615760
vn 0.0000000 0.9660249 -0.2584492
v -0.2750000 0.2450000 0.6550000
vt 0.529633343 0.010893619
vn 0.0000000 0.9660249 -0.2584492
v 0.2750000 0.2450000 0.6550000
vt 0.529633343 0.213620529
vn 0.0000000 0.9660249 -0.2584492
f 2488/2488/2488 2489/2489/2489 2490/2490/2490
v 0.2750000 -0.2300000 0.6400000
vt 0.663327396 0.489610970
vn 0.2584626 0.0000000 -0.9660214
v 0.2750000 0.2300000 0.6400000
vt 0.495312393 0.489611000
vn 0.2584626 0.0000000 -0.9660214
v 0.2824902 0.2300000 0.6420040
vt 0.495312721 0.486867875
vn 0.2584626 0.0000000 -0.9660214
f 2491/2491/2491 2492/2492/2492 2493/2493/2493
v 0.2750000 -0.2300000 0.6400000
vt 0.663327396 0.489610970
vn 0.2584626 0.0000000 -0.9660214
v 0.2824902 0.2300000 0.6420040
vt 0.495312721 0.486867875
vn 0.2584626 0.0000000 -0.9660214
v 0.2824902 -0.2300000 0.6420040
vt 0.663327694 0.486867875
vn 0.2584626 0.0000000 -0.9660214
f 2494/2494/2494 2495/2495/2495 2496/2496/2496
v 0.2824902 -0.2300000 0.6420040
vt 0.744098485 0.181035802
vn 0.7070991 0.0000000 -0.7071144
v 0.2824902 0.2300000 0.6420040
vt 0.742812693 0.011403813
vn 0.7070991 0.0000000 -0.7071144
v 0.2879961 0.2300000 0.6475098
vt 0.744840741 0.011388998
vn 0.7070991 0.0000000 -0.7071144
f 2497/2497/2497 2498/2498/2498 2499/2499/2499
v 0.2824902 -0.2300000 0.6420040
vt 0.744098485 0.181035802
vn 0.7070991 0.0000000 -0.7071144
v 0.2879961 0.2300000 0.6475098
vt 0.744840741 0.011388998
vn 0.7070991 0.0000000 -0.7071144
v 0.2879961 -0.2300000 0.6475098
vt 0.746126533 0.181021035
vn 0.7070991 0.0000000 -0.7071144
f 2500/2500/2500 2501/2501/2501 2502/2502/2502
v 0.2879961 -0.2300000 0.6475098
vt 0.746126533 0.181021035
vn 0.9660258 0.0000000 -0.2584456
v 0.2879961 0.2300000 0.6475098
vt 0.744840741 0.011388998
vn 0.9660258 0.0000000 -0.2584456
v 0.2900000 0.2300000 0.6550000
vt 0.747596622 0.011368308
vn 0.9660258 0.0000000 -0.2584456
f 2503/2503/2503 2504/2504/2504 2505/2505/2505
v 0.2879961 -0.2300000 0.6475098
vt 0.746126533 0.181021035
vn 0.9660258 0.0000000 -0.2584456
v 0.2900000 0.2300000 0.6550000
vt 0.747596622 0.011368308
vn 0.9660258 0.0000000 -0.2584456
v 0.2900000 -0.2300000 0.6550000
vt 0.748882413 0.181000292
vn 0.9660258 0.0000000 -0.2584456
f 2506/2506/2506 2507/2507/2507 2508/2508/2508
v -0.2750000 -0.2300000 0.8450000
vt 0.497350395 0.469917685
vn -0.2584482 0.0000000 0.9660251
v -0.2750000 0.2300000 0.8450000
vt 0.666132629 0.469917685
vn -0.2584482 0.0000000 0.9660251
v -0.2824902 0.2300000 0.8429961
vt 0.666131258 0.472673357
vn -0.2584482 0.0000000 0.9660251
f 2509/2509/2509 2510/2510/2510 2511/2511/2511
v -0.2750000 -0.2300000 0.8450000
vt 0.497350395 0.469917685
vn -0.2584482 0.0000000 0.9660251
v -0.2824902 0.2300000 0.8429961
vt 0.666131258 0.472673357
vn -0.2584482 0.0000000 0.9660251
v -0.2824902 -0.2300000 0.8429961
vt 0.497349054 0.472673327
vn -0.2584482 0.0000000 0.9660251
f 2512/2512/2512 2513/2513/2513 2514/2514/2514
v 0.2824902 0.2300000 0.8429961
vt 0.666131258 0.264819741
vn 0.7071068 0.0000000 0.7071068
v 0.2824902 -0.2300000 0.8429961
vt 0.497349054 0.264819741
vn 0.7071068 0.0000000 0.7071068
v 0.2879961 -0.2300000 0.8374902
vt 0.497345448 0.262794256
vn 0.7071068 0.0000000 0.7071068
f 2515/2515/2515 2516/2516/2516 2517/2517/2517
v 0.2824902 0.2300000 0.8429961
vt 0.666131258 0.264819741
vn 0.7071068 0.0000000 0.7071068
v 0.2879961 -0.2300000 0.8374902
vt 0.497345448 0.262794256
vn 0.7071068 0.0000000 0.7071068
v 0.2879961 0.2300000 0.8374902
vt 0.666127682 0.262794286
vn 0.7071068 0.0000000 0.7071068
f 2518/2518/2518 2519/2519/2519 2520/2520/2520
v -0.2879961 -0.2300000 0.8374902
vt 0.755259514 0.435161382
vn -0.9660264 0.0000000 0.2584437
v -0.2879961 0.2300000 0.8374902
vt 0.755259514 0.265555918
vn -0.9660264 0.0000000 0.2584437
v -0.2900000 0.2300000 0.8300000
vt 0.758014917 0.265546262
vn -0.9660264 0.0000000 0.2584437
f 2521/2521/2521 2522/2522/2522 2523/2523/2523
v -0.2879961 -0.2300000 0.8374902
vt 0.755259514 0.435161382
vn -0.9660264 0.0000000 0.2584437
v -0.2900000 0.2300000 0.8300000
vt 0.758014917 0.265546262
vn -0.9660264 0.0000000 0.2584437
v -0.2900000 -0.2300000 0.8300000
vt 0.758014917 0.435151577
vn -0.9660264 0.0000000 0.2584437
f 2524/2524/2524 2525/2525/2525 2526/2526/2526
v -0.2750000 -0.2450000 0.8300000
vt 0.680018783 0.213574857
vn 0.0000000 -0.9660254 0.2584472
v 0.2750000 -0.2450000 0.8300000
vt 0.680018783 0.010874065
vn 0.0000000 -0.9660254 0.2584472
v 0.2750000 -0.2429961 0.8374902
vt 0.682769060 0.010874065
vn 0.0000000 -0.9660254 0.2584472
f 2527/2527/2527 2528/2528/2528 2529/2529/2529
v -0.2750000 -0.2450000 0.8300000
vt 0.680018783 0.213574857
vn 0.0000000 -0.9660254 0.2584472
v 0.2750000 -0.2429961 0.8374902
vt 0.682769060 0.010874065
vn 0.0000000 -0.9660254 0.2584472
v -0.2750000 -0.2429961 0.8374902
vt 0.682769060 0.213574857
vn 0.0000000 -0.9660254 0.2584472
f 2530/2530/2530 2531/2531/2531 2532/2532/2532
v -0.2750000 -0.2429961 0.8374902
vt 0.492576957 0.469917893
vn 0.0000000 -0.7071087 0.7071049
v 0.2750000 -0.2429961 0.8374902
vt 0.492576927 0.267575473
vn 0.0000000 -0.7071087 0.7071049
v 0.2750000 -0.2374902 0.8429961
vt 0.494600743 0.267575324
vn 0.0000000 -0.7071087 0.7071049
f 2533/2533/2533 2534/2534/2534 2535/2535/2535
v -0.2750000 -0.2429961 0.8374902
vt 0.492576957 0.469917893
vn 0.0000000 -0.7071087 0.7071049
v 0.2750000 -0.2374902 0.8429961
vt 0.494600743 0.267575324
vn 0.0000000 -0.7071087 0.7071049
v -0.2750000 -0.2374902 0.8429961
vt 0.494600773 0.469917744
vn 0.0000000 -0.7071087 0.7071049
f 2536/2536/2536 2537/2537/2537 2538/2538/2538
v -0.2750000 -0.2374902 0.8429961
vt 0.494600773 0.469917744
vn 0.0000000 -0.2584477 0.9660252
v 0.2750000 -0.2374902 0.8429961
vt 0.494600743 0.267575324
vn 0.0000000 -0.2584477 0.9660252
v 0.2750000 -0.2300000 0.8450000
vt 0.497350365 0.267575264
vn 0.0000000 -0.2584477 0.9660252
f 2539/2539/2539 2540/2540/2540 2541/2541/2541
v -0.2750000 -0.2374902 0.8429961
vt 0.494600773 0.469917744
vn 0.0000000 -0.2584477 0.9660252
v 0.2750000 -0.2300000 0.8450000
vt 0.497350365 0.267575264
vn 0.0000000 -0.2584477 0.9660252
v -0.2750000 -0.2300000 0.8450000
vt 0.497350395 0.469917685
vn 0.0000000 -0.2584477 0.9660252
f 2542/2542/2542 2543/2543/2543 2544/2544/2544
v 0.2900000 -0.2300000 0.8300000
vt 0.813244879 0.180509716
vn 0.9660264 0.0000000 0.2584437
v 0.2900000 0.2300000 0.8300000
vt 0.811959147 0.010877913
vn 0.9660264 0.0000000 0.2584437
v 0.2879961 0.2300000 0.8374902
vt 0.814712763 0.010856557
vn 0.9660264 0.0000000 0.2584437
f 2545/2545/2545 2546/2546/2546 2547/2547/2547
v 0.2900000 -0.2300000 0.8300000
vt 0.813244879 0.180509716
vn 0.9660264 0.0000000 0.2584437
v 0.2879961 0.2300000 0.8374902
vt 0.814712763 0.010856557
vn 0.9660264 0.0000000 0.2584437
v 0.2879961 -0.2300000 0.8374902
vt 0.815998554 0.180488542
vn 0.9660264 0.0000000 0.2584437
f 2548/2548/2548 2549/2549/2549 2550/2550/2550
v 0.2824902 -0.2300000 0.8429961
vt 0.497349054 0.264819741
vn 0.2584482 0.0000000 0.9660251
v 0.2824902 0.2300000 0.8429961
vt 0.666131258 0.264819741
vn 0.2584482 0.0000000 0.9660251
v 0.2750000 0.2300000 0.8450000
vt 0.666132629 0.267575294
vn 0.2584482 0.0000000 0.9660251
f 2551/2551/2551 2552/2552/2552 2553/2553/2553
v 0.2824902 -0.2300000 0.8429961
vt 0.497349054 0.264819741
vn 0.2584482 0.0000000 0.9660251
v 0.2750000 0.2300000 0.8450000
vt 0.666132629 0.267575294
vn 0.2584482 0.0000000 0.9660251
v 0.2750000 -0.2300000 0.8450000
vt 0.497350365 0.267575264
vn 0.2584482 0.0000000 0.9660251
f 2554/2554/2554 2555/2555/2555 2556/2556/2556
v 0.2750000 0.2450000 0.8300000
vt 0.593967259 0.213619679
vn 0.0000000 0.9660254 0.2584472
v -0.2750000 0.2450000 0.8300000
vt 0.593967259 0.010892596
vn 0.0000000 0.9660254 0.2584472
v -0.2750000 0.2429961 0.8374902
vt 0.596719086 0.010887790
vn 0.0000000 0.9660254 0.2584472
f 2557/2557/2557 2558/2558/2558 2559/2559/2559
v 0.2750000 0.2450000 0.8300000
vt 0.593967259 0.213619679
vn 0.0000000 0.9660254 0.2584472
v -0.2750000 0.2429961 0.8374902
vt 0.596719086 0.010887790
vn 0.0000000 0.9660254 0.2584472
v 0.2750000 0.2429961 0.8374902
vt 0.596719086 0.213614732
vn 0.0000000 0.9660254 0.2584472
f 2560/2560/2560 2561/2561/2561 2562/2562/2562
v 0.2750000 0.2429961 0.8374902
vt 0.670896173 0.267575473
vn 0.0000000 0.7071087 0.7071049
v -0.2750000 0.2429961 0.8374902
vt 0.670896173 0.469917893
vn 0.0000000 0.7071087 0.7071049
v -0.2750000 0.2374902 0.8429961
vt 0.668879569 0.469917744
vn 0.0000000 0.7071087 0.7071049
f 2563/2563/2563 2564/2564/2564 2565/2565/2565
v 0.2750000 0.2429961 0.8374902
vt 0.670896173 0.267575473
vn 0.0000000 0.7071087 0.7071049
v -0.2750000 0.2374902 0.8429961
vt 0.668879569 0.469917744
vn 0.0000000 0.7071087 0.7071049
v 0.2750000 0.2374902 0.8429961
vt 0.668879569 0.267575353
vn 0.0000000 0.7071087 0.7071049
f 2566/2566/2566 2567/2567/2567 2568/2568/2568
v 0.2750000 0.2374902 0.8429961
vt 0.668879569 0.267575353
vn 0.0000000 0.2584477 0.9660252
v -0.2750000 0.2374902 0.8429961
vt 0.668879569 0.469917744
vn 0.0000000 0.2584477 0.9660252
v -0.2750000 0.2300000 0.8450000
vt 0.666132629 0.469917685
vn 0.0000000 0.2584477 0.9660252
f 2569/2569/2569 2570/2570/2570 2571/2571/2571
v 0.2750000 0.2374902 0.8429961
vt 0.668879569 0.267575353
vn 0.0000000 0.2584477 0.9660252
v -0.2750000 0.2300000 0.8450000
vt 0.666132629 0.469917685
vn 0.0000000 0.2584477 0.9660252
v 0.2750000 0.2300000 0.8450000
vt 0.666132629 0.267575294
vn 0.0000000 0.2584477 0.9660252
f 2572/2572/2572 2573/2573/2573 2574/2574/2574
v -0.2750000 -0.2450000 0.6550000
vt 0.615694821 0.213574857
vn -0.2584482 -0.9660252 0.0000000
v -0.2750000 -0.2450000 0.8300000
vt 0.680018783 0.213574857
vn -0.2584482 -0.9660252 0.0000000
v -0.2824902 -0.2429961 0.8300000
vt 0.680015981 0.216335341
vn -0.2584482 -0.9660252 0.0000000
f 2575/2575/2575 2576/2576/2576 2577/2577/2577
v -0.2750000 -0.2450000 0.6550000
vt 0.615694821 0.213574857
vn -0.2584482 -0.9660252 0.0000000
v -0.2824902 -0.2429961 0.8300000
vt 0.680015981 0.216335341
vn -0.2584482 -0.9660252 0.0000000
v -0.2824902 -0.2429961 0.6550000
vt 0.615691960 0.216335341
vn -0.2584482 -0.9660252 0.0000000
f 2578/2578/2578 2579/2579/2579 2580/2580/2580
v -0.2824902 -0.2429961 0.6550000
vt 0.822369814 0.439980626
vn -0.7071049 -0.7071087 0.0000000
v -0.2824902 -0.2429961 0.8300000
vt 0.758011818 0.439979732
vn -0.7071049 -0.7071087 0.0000000
v -0.2879961 -0.2374902 0.8300000
vt 0.758014143 0.437923014
vn -0.7071049 -0.7071087 0.0000000
f 2581/2581/2581 2582/2582/2582 2583/2583/2583
v -0.2824902 -0.2429961 0.6550000
vt 0.822369814 0.439980626
vn -0.7071049 -0.7071087 0.0000000
v -0.2879961 -0.2374902 0.8300000
vt 0.758014143 0.437923014
vn -0.7071049 -0.7071087 0.0000000
v -0.2879961 -0.2374902 0.6550000
vt 0.822372079 0.437923998
vn -0.7071049 -0.7071087 0.0000000
f 2584/2584/2584 2585/2585/2585 2586/2586/2586
v -0.2879961 0.2300000 0.8374902
vt 0.755259514 0.265555918
vn -0.7071068 0.0000000 0.7071068
v -0.2879961 -0.2300000 0.8374902
vt 0.755259514 0.435161382
vn -0.7071068 0.0000000 0.7071068
v -0.2824902 -0.2300000 0.8429961
vt 0.753232360 0.435187817
vn -0.7071068 0.0000000 0.7071068
f 2587/2587/2587 2588/2588/2588 2589/2589/2589
v -0.2879961 0.2300000 0.8374902
vt 0.755259514 0.265555918
vn -0.7071068 0.0000000 0.7071068
v -0.2824902 -0.2300000 0.8429961
vt 0.753232360 0.435187817
vn -0.7071068 0.0000000 0.7071068
v -0.2824902 0.2300000 0.8429961
vt 0.753232360 0.265582472
vn -0.7071068 0.0000000 0.7071068
f 2590/2590/2590 2591/2591/2591 2592/2592/2592
v 0.2821732 -0.2371732 0.8410495
vt 0.494715780 0.264936417
vn 0.6901318 -0.2177813 0.6901371
v 0.2860495 -0.2371732 0.8371732
vt 0.494713247 0.263510436
vn 0.6901318 -0.2177813 0.6901371
v 0.2879961 -0.2300000 0.8374902
vt 0.497345448 0.262794256
vn 0.6901318 -0.2177813 0.6901371
f 2593/2593/2593 2594/2594/2594 2595/2595/2595
v 0.2821732 -0.2371732 0.8410495
vt 0.494715780 0.264936417
vn 0.6901340 -0.2177846 0.6901340
v 0.2879961 -0.2300000 0.8374902
vt 0.497345448 0.262794256
vn 0.6901340 -0.2177846 0.6901340
v 0.2824902 -0.2300000 0.8429961
vt 0.497349054 0.264819741
vn 0.6901340 -0.2177846 0.6901340
f 2596/2596/2596 2597/2597/2597 2598/2598/2598
v 0.2879961 -0.2374902 0.6550000
vt 0.615684152 0.006084391
vn 0.7071049 -0.7071087 0.0000000
v 0.2879961 -0.2374902 0.8300000
vt 0.680008113 0.006084391
vn 0.7071049 -0.7071087 0.0000000
v 0.2824902 -0.2429961 0.8300000
vt 0.680015862 0.008113578
vn 0.7071049 -0.7071087 0.0000000
f 2599/2599/2599 2600/2600/2600 2601/2601/2601
v 0.2879961 -0.2374902 0.6550000
vt 0.615684152 0.006084391
vn 0.7071049 -0.7071087 0.0000000
v 0.2824902 -0.2429961 0.8300000
vt 0.680015862 0.008113578
vn 0.7071049 -0.7071087 0.0000000
v 0.2824902 -0.2429961 0.6550000
vt 0.615691960 0.008113578
vn 0.7071049 -0.7071087 0.0000000
f 2602/2602/2602 2603/2603/2603 2604/2604/2604
v 0.2824902 -0.2429961 0.6550000
vt 0.615691960 0.008113578
vn 0.2584482 -0.9660252 0.0000000
v 0.2824902 -0.2429961 0.8300000
vt 0.680015862 0.008113578
vn 0.2584482 -0.9660252 0.0000000
v 0.2750000 -0.2450000 0.8300000
vt 0.680018783 0.010874065
vn 0.2584482 -0.9660252 0.0000000
f 2605/2605/2605 2606/2606/2606 2607/2607/2607
v 0.2824902 -0.2429961 0.6550000
vt 0.615691960 0.008113578
vn 0.2584482 -0.9660252 0.0000000
v 0.2750000 -0.2450000 0.8300000
vt 0.680018783 0.010874065
vn 0.2584482 -0.9660252 0.0000000
v 0.2750000 -0.2450000 0.6550000
vt 0.615694821 0.010874065
vn 0.2584482 -0.9660252 0.0000000
f 2608/2608/2608 2609/2609/2609 2610/2610/2610
v 0.2750000 0.2450000 0.6550000
vt 0.529633343 0.213620529
vn 0.2584482 0.9660252 0.0000000
v 0.2750000 0.2450000 0.8300000
vt 0.593967259 0.213619679
vn 0.2584482 0.9660252 0.0000000
v 0.2824902 0.2429961 0.8300000
vt 0.593965530 0.216375574
vn 0.2584482 0.9660252 0.0000000
f 2611/2611/2611 2612/2612/2612 2613/2613/2613
v 0.2750000 0.2450000 0.6550000
vt 0.529633343 0.213620529
vn 0.2584482 0.9660252 0.0000000
v 0.2824902 0.2429961 0.8300000
vt 0.593965530 0.216375574
vn 0.2584482 0.9660252 0.0000000
v 0.2824902 0.2429961 0.6550000
vt 0.529631555 0.216376513
vn 0.2584482 0.9660252 0.0000000
f 2614/2614/2614 2615/2615/2615 2616/2616/2616
v 0.2824902 0.2429961 0.6550000
vt 0.747556090 0.006574831
vn 0.7071049 0.7071087 0.0000000
v 0.2824902 0.2429961 0.8300000
vt 0.811918616 0.006084391
vn 0.7071049 0.7071087 0.0000000
v 0.2879961 0.2374902 0.8300000
vt 0.811937034 0.008115380
vn 0.7071049 0.7071087 0.0000000
f 2617/2617/2617 2618/2618/2618 2619/2619/2619
v 0.2824902 0.2429961 0.6550000
vt 0.747556090 0.006574831
vn 0.7071049 0.7071087 0.0000000
v 0.2879961 0.2374902 0.8300000
vt 0.811937034 0.008115380
vn 0.7071049 0.7071087 0.0000000
v 0.2879961 0.2374902 0.6550000
vt 0.747574568 0.008605909
vn 0.7071049 0.7071087 0.0000000
f 2620/2620/2620 2621/2621/2621 2622/2622/2622
v 0.2879961 -0.2374902 0.8300000
vt 0.813264728 0.183271632
vn 0.9660262 -0.2584442 0.0000000
v 0.2879961 -0.2374902 0.6550000
vt 0.748902202 0.183762118
vn 0.9660262 -0.2584442 0.0000000
v 0.2900000 -0.2300000 0.6550000
vt 0.748882413 0.181000292
vn 0.9660262 -0.2584442 0.0000000
f 2623/2623/2623 2624/2624/2624 2625/2625/2625
v 0.2879961 -0.2374902 0.8300000
vt 0.813264728 0.183271632
vn 0.9660262 -0.2584442 0.0000000
v 0.2900000 -0.2300000 0.6550000
vt 0.748882413 0.181000292
vn 0.9660262 -0.2584442 0.0000000
v 0.2900000 -0.2300000 0.8300000
vt 0.813244879 0.180509716
vn 0.9660262 -0.2584442 0.0000000
f 2626/2626/2626 2627/2627/2627 2628/2628/2628
v 0.2900000 0.2300000 0.8300000
vt 0.811959147 0.010877913
vn 0.9660262 0.2584442 0.0000000
v 0.2900000 0.2300000 0.6550000
vt 0.747596622 0.011368308
vn 0.9660262 0.2584442 0.0000000
v 0.2879961 0.2374902 0.6550000
vt 0.747574568 0.008605909
vn 0.9660262 0.2584442 0.0000000
f 2629/2629/2629 2630/2630/2630 2631/2631/2631
v 0.2900000 0.2300000 0.8300000
vt 0.811959147 0.010877913
vn 0.9660262 0.2584442 0.0000000
v 0.2879961 0.2374902 0.6550000
vt 0.747574568 0.008605909
vn 0.9660262 0.2584442 0.0000000
v 0.2879961 0.2374902 0.8300000
vt 0.811937034 0.008115380
vn 0.9660262 0.2584442 0.0000000
f 2632/2632/2632 2633/2633/2633 2634/2634/2634
v -0.2879961 0.2374902 0.6550000
vt 0.529626846 0.006085370
vn -0.7071049 0.7071087 0.0000000
v -0.2879961 0.2374902 0.8300000
vt 0.593960822 0.006084391
vn -0.7071049 0.7071087 0.0000000
v -0.2824902 0.2429961 0.8300000
vt 0.593965530 0.008126993
vn -0.7071049 0.7071087 0.0000000
f 2635/2635/2635 2636/2636/2636 2637/2637/2637
v -0.2879961 0.2374902 0.6550000
vt 0.529626846 0.006085370
vn -0.7071049 0.7071087 0.0000000
v -0.2824902 0.2429961 0.8300000
vt 0.593965530 0.008126993
vn -0.7071049 0.7071087 0.0000000
v -0.2824902 0.2429961 0.6550000
vt 0.529631615 0.008127972
vn -0.7071049 0.7071087 0.0000000
f 2638/2638/2638 2639/2639/2639 2640/2640/2640
v -0.2824902 0.2429961 0.6550000
vt 0.529631615 0.008127972
vn -0.2584482 0.9660252 0.0000000
v -0.2824902 0.2429961 0.8300000
vt 0.593965530 0.008126993
vn -0.2584482 0.9660252 0.0000000
v -0.2750000 0.2450000 0.8300000
vt 0.593967259 0.010892596
vn -0.2584482 0.9660252 0.0000000
f 2641/2641/2641 2642/2642/2642 2643/2643/2643
v -0.2824902 0.2429961 0.6550000
vt 0.529631615 0.008127972
vn -0.2584482 0.9660252 0.0000000
v -0.2750000 0.2450000 0.8300000
vt 0.593967259 0.010892596
vn -0.2584482 0.9660252 0.0000000
v -0.2750000 0.2450000 0.6550000
vt 0.529633343 0.010893619
vn -0.2584482 0.9660252 0.0000000
f 2644/2644/2644 2645/2645/2645 2646/2646/2646
v -0.2750000 -0.2450000 0.6550000
vt 0.615694821 0.213574857
vn 0.0000000 -1.0000000 0.0000000
v 0.2750000 -0.2450000 0.6550000
vt 0.615694821 0.010874065
vn 0.0000000 -1.0000000 0.0000000
v 0.2750000 -0.2450000 0.8300000
vt 0.680018783 0.010874065
vn 0.0000000 -1.0000000 0.0000000
f 2647/2647/2647 2648/2648/2648 2649/2649/2649
v -0.2750000 -0.2450000 0.6550000
vt 0.615694821 0.213574857
vn 0.0000000 -1.0000000 0.0000000
v 0.2750000 -0.2450000 0.8300000
vt 0.680018783 0.010874065
vn 0.0000000 -1.0000000 0.0000000
v -0.2750000 -0.2450000 0.8300000
vt 0.680018783 0.213574857
vn 0.0000000 -1.0000000 0.0000000
f 2650/2650/2650 2651/2651/2651 2652/2652/2652
v -0.2750000 -0.2300000 0.6400000
vt 0.663327396 0.691033125
vn 0.0000000 0.0000000 -1.0000000
v -0.2750000 0.2300000 0.6400000
vt 0.495312393 0.691033244
vn 0.0000000 0.0000000 -1.0000000
v 0.2750000 0.2300000 0.6400000
vt 0.495312393 0.489611000
vn 0.0000000 0.0000000 -1.0000000
f 2653/2653/2653 2654/2654/2654 2655/2655/2655
v -0.2750000 -0.2300000 0.6400000
vt 0.663327396 0.691033125
vn 0.0000000 0.0000000 -1.0000000
v 0.2750000 0.2300000 0.6400000
vt 0.495312393 0.489611000
vn 0.0000000 0.0000000 -1.0000000
v 0.2750000 -0.2300000 0.6400000
vt 0.663327396 0.489610970
vn 0.0000000 0.0000000 -1.0000000
f 2656/2656/2656 2657/2657/2657 2658/2658/2658
v -0.2900000 0.2300000 0.6550000
vt 0.822372973 0.265547276
vn -1.0000000 0.0000000 0.0000000
v -0.2900000 -0.2300000 0.6550000
vt 0.822372973 0.435152650
vn -1.0000000 0.0000000 0.0000000
v -0.2900000 -0.2300000 0.8300000
vt 0.758014917 0.435151577
vn -1.0000000 0.0000000 0.0000000
f 2659/2659/2659 2660/2660/2660 2661/2661/2661
v -0.2900000 0.2300000 0.6550000
vt 0.822372973 0.265547276
vn -1.0000000 0.0000000 0.0000000
v -0.2900000 -0.2300000 0.8300000
vt 0.758014917 0.435151577
vn -1.0000000 0.0000000 0.0000000
v -0.2900000 0.2300000 0.8300000
vt 0.758014917 0.265546262
vn -1.0000000 0.0000000 0.0000000
f 2662/2662/2662 2663/2663/2663 2664/2664/2664
v 0.2900000 -0.2300000 0.6550000
vt 0.748882413 0.181000292
vn 1.0000000 0.0000000 0.0000000
v 0.2900000 0.2300000 0.6550000
vt 0.747596622 0.011368308
vn 1.0000000 0.0000000 0.0000000
v 0.2900000 0.2300000 0.8300000
vt 0.811959147 0.010877913
vn 1.0000000 0.0000000 0.0000000
f 2665/2665/2665 2666/2666/2666 2667/2667/2667
v 0.2900000 -0.2300000 0.6550000
vt 0.748882413 0.181000292
vn 1.0000000 0.0000000 0.0000000
v 0.2900000 0.2300000 0.8300000
vt 0.811959147 0.010877913
vn 1.0000000 0.0000000 0.0000000
v 0.2900000 -0.2300000 0.8300000
vt 0.813244879 0.180509716
vn 1.0000000 0.0000000 0.0000000
f 2668/2668/2668 2669/2669/2669 2670/2670/2670
v 0.2750000 0.2450000 0.6550000
vt 0.529633343 0.213620529
vn 0.0000000 1.0000000 0.0000000
v -0.2750000 0.2450000 0.6550000
vt 0.529633343 0.010893619
vn 0.0000000 1.0000000 0.0000000
v -0.2750000 0.2450000 0.8300000
vt 0.593967259 0.010892596
vn 0.0000000 1.0000000 0.0000000
f 2671/2671/2671 2672/2672/2672 2673/2673/2673
v 0.2750000 0.2450000 0.6550000
vt 0.529633343 0.213620529
vn 0.0000000 1.0000000 0.0000000
v -0.2750000 0.2450000 0.8300000
vt 0.593967259 0.010892596
vn 0.0000000 1.0000000 0.0000000
v 0.2750000 0.2450000 0.8300000
vt 0.593967259 0.213619679
vn 0.0000000 1.0000000 0.0000000
f 2674/2674/2674 2675/2675/2675 2676/2676/2676
v -0.2750000 -0.2300000 0.8450000
vt 0.497350395 0.469917685
vn 0.0000000 0.0000000 1.0000000
v 0.2750000 -0.2300000 0.8450000
vt 0.497350365 0.267575264
vn 0.0000000 0.0000000 1.0000000
v 0.2750000 0.2300000 0.8450000
vt 0.666132629 0.267575294
vn 0.0000000 0.0000000 1.0000000
f 2677/2677/2677 2678/2678/2678 2679/2679/2679
v -0.2750000 -0.2300000 0.8450000
vt 0.497350395 0.469917685
vn 0.0000000 0.0000000 1.0000000
v 0.2750000 0.2300000 0.8450000
vt 0.666132629 0.267575294
vn 0.0000000 0.0000000 1.0000000
v -0.2750000 0.2300000 0.8450000
vt 0.666132629 0.469917685
vn 0.0000000 0.0000000 1.0000000
f 2680/2680/2680 2681/2681/2681 2682/2682/2682
v -0.2750000 0.2429961 0.6475098
vt 0.526877999 0.010888859
vn 0.0000000 0.7071010 -0.7071126
v 0.2750000 0.2429961 0.6475098
vt 0.526878119 0.213615760
vn 0.0000000 0.7071010 -0.7071126
v 0.2750000 0.2374902 0.6420040
vt 0.524849176 0.213602677
vn 0.0000000 0.7071010 -0.7071126
f 2683/2683/2683 2684/2684/2684 2685/2685/2685
v -0.2750000 0.2429961 0.6475098
vt 0.526877999 0.010888859
vn 0.0000000 0.7071010 -0.7071126
v 0.2750000 0.2374902 0.6420040
vt 0.524849176 0.213602677
vn 0.0000000 0.7071010 -0.7071126
v -0.2750000 0.2374902 0.6420040
vt 0.524849176 0.010875689
vn 0.0000000 0.7071010 -0.7071126
f 2686/2686/2686 2687/2687/2687 2688/2688/2688
o pz_barbecue_full_jorge_|_native_lower_door_inset
usemtl body
v 0.1771301 -0.2401302 0.5485515
vt 0.288993537 0.677510560
vn 0.0000000 -0.7070994 0.7071142
v -0.1771301 -0.2401302 0.5485515
vt 0.288993597 0.819027841
vn 0.0000000 -0.7070994 0.7071142
v -0.1771301 -0.2415515 0.5471302
vt 0.288426280 0.819027841
vn 0.0000000 -0.7070994 0.7071142
f 2689/2689/2689 2690/2690/2690 2691/2691/2691
v 0.1771301 -0.2401302 0.5485515
vt 0.288993537 0.677510560
vn 0.0000000 -0.7070994 0.7071142
v -0.1771301 -0.2415515 0.5471302
vt 0.288426280 0.819027841
vn 0.0000000 -0.7070994 0.7071142
v 0.1771301 -0.2415515 0.5471302
vt 0.288426220 0.677510560
vn 0.0000000 -0.7070994 0.7071142
f 2692/2692/2692 2693/2693/2693 2694/2694/2694
v 0.1771301 -0.2334485 0.2028698
vt 0.250979453 0.843378842
vn 0.0000000 0.0000000 -1.0000000
v 0.1785515 -0.2348699 0.2028698
vt 0.251532137 0.843374729
vn 0.0000000 0.0000000 -1.0000000
v 0.1785515 -0.2401302 0.2028698
vt 0.253576875 0.843362570
vn 0.0000000 0.0000000 -1.0000000
f 2695/2695/2695 2696/2696/2696 2697/2697/2697
v 0.1785515 -0.2401302 0.2028698
vt 0.253576875 0.843362570
vn 0.7071105 0.0000140 -0.7071031
v 0.1771302 -0.2401302 0.2014485
vt 0.253580034 0.843917310
vn 0.7071105 0.0000140 -0.7071031
v 0.1771301 -0.2348699 0.2014485
vt 0.251535207 0.843929529
vn 0.7071105 0.0000140 -0.7071031
f 2698/2698/2698 2699/2699/2699 2700/2700/2700
v 0.1785515 -0.2401302 0.2028698
vt 0.253576875 0.843362570
vn 0.9576009 0.2037097 -0.2037225
v 0.1771301 -0.2348699 0.2014485
vt 0.251535207 0.843929529
vn 0.9576009 0.2037097 -0.2037225
v 0.1771301 -0.2334485 0.2028698
vt 0.250979453 0.843378842
vn 0.9576009 0.2037097 -0.2037225
f 2701/2701/2701 2702/2702/2702 2703/2703/2703
v 0.1771301 -0.2334485 0.5471302
vt 0.250182748 0.709203184
vn 0.7071068 0.7071068 0.0000000
v 0.1785515 -0.2348699 0.5471302
vt 0.250735492 0.709199071
vn 0.7071068 0.7071068 0.0000000
v 0.1785515 -0.2348699 0.2028698
vt 0.251532137 0.843374729
vn 0.7071068 0.7071068 0.0000000
f 2704/2704/2704 2705/2705/2705 2706/2706/2706
v 0.1771301 -0.2334485 0.5471302
vt 0.250182748 0.709203184
vn 0.7071068 0.7071068 0.0000000
v 0.1785515 -0.2348699 0.2028698
vt 0.251532137 0.843374729
vn 0.7071068 0.7071068 0.0000000
v 0.1771301 -0.2334485 0.2028698
vt 0.250979453 0.843378842
vn 0.7071068 0.7071068 0.0000000
f 2707/2707/2707 2708/2708/2708 2709/2709/2709
v 0.1771302 -0.2415515 0.2028698
vt 0.829747438 0.993133783
vn 0.5773543 -0.5773483 -0.5773483
v 0.1771302 -0.2401302 0.2014485
vt 0.830268502 0.993133783
vn 0.5773543 -0.5773483 -0.5773483
v 0.1785515 -0.2401302 0.2028698
vt 0.829749405 0.993654251
vn 0.5773543 -0.5773483 -0.5773483
f 2710/2710/2710 2711/2711/2711 2712/2712/2712
v -0.1771301 -0.2348699 0.2014485
vt 0.100385733 0.773716867
vn 0.0000000 0.0000000 -1.0000000
v 0.1771301 -0.2348699 0.2014485
vt 0.100385733 0.642010927
vn 0.0000000 0.0000000 -1.0000000
v 0.1771302 -0.2401302 0.2014485
vt 0.102336235 0.642010808
vn 0.0000000 0.0000000 -1.0000000
f 2713/2713/2713 2714/2714/2714 2715/2715/2715
v 0.1771302 -0.2401302 0.2014485
vt 0.102336235 0.642010808
vn 0.0000000 -0.2618801 -0.9651004
v -0.1771301 -0.2401302 0.2014485
vt 0.102336235 0.773716867
vn 0.0000000 -0.2618801 -0.9651004
v -0.1772464 -0.2375000 0.2007348
vt 0.101360828 0.773760080
vn 0.0000000 -0.2618801 -0.9651004
f 2716/2716/2716 2717/2717/2717 2718/2718/2718
v 0.1771302 -0.2401302 0.2014485
vt 0.102336235 0.642010808
vn 0.0038863 0.2617277 -0.9651339
v -0.1772464 -0.2375000 0.2007348
vt 0.101360828 0.773760080
vn 0.0038863 0.2617277 -0.9651339
v -0.1771301 -0.2348699 0.2014485
vt 0.100385733 0.773716867
vn 0.0038863 0.2617277 -0.9651339
f 2719/2719/2719 2720/2720/2720 2721/2721/2721
v -0.1785515 -0.2348699 0.2028698
vt 0.100386001 0.774245262
vn -0.6901103 0.2177975 -0.6901537
v -0.1771301 -0.2348699 0.2014485
vt 0.100385733 0.773716867
vn -0.6901103 0.2177975 -0.6901537
v -0.1772464 -0.2375000 0.2007348
vt 0.101360828 0.773760080
vn -0.6901103 0.2177975 -0.6901537
f 2722/2722/2722 2723/2723/2723 2724/2724/2724
v -0.1785515 -0.2348699 0.2028698
vt 0.100386001 0.774245262
vn -0.6901393 0.2177673 -0.6901342
v -0.1772464 -0.2375000 0.2007348
vt 0.101360828 0.773760080
vn -0.6901393 0.2177673 -0.6901342
v -0.1792652 -0.2375000 0.2027536
vt 0.101361185 0.774510622
vn -0.6901393 0.2177673 -0.6901342
f 2725/2725/2725 2726/2726/2726 2727/2727/2727
v -0.1785515 -0.2348699 0.5471302
vt 0.992565572 0.263055384
vn -0.0604683 0.9963366 0.0604734
v -0.1771301 -0.2348699 0.5485515
vt 0.993084669 0.263575822
vn -0.0604683 0.9963366 0.0604734
v -0.1745000 -0.2347536 0.5492652
vt 0.993345439 0.264539212
vn -0.0604683 0.9963366 0.0604734
f 2728/2728/2728 2729/2729/2729 2730/2730/2730
v -0.1745000 -0.2347536 0.5492652
vt 0.993345439 0.264539212
vn -0.2177598 0.6901404 0.6901354
v -0.1745000 -0.2327348 0.5472464
vt 0.992609859 0.264544010
vn -0.2177598 0.6901404 0.6901354
v -0.1771301 -0.2334485 0.5471302
vt 0.992566764 0.263579190
vn -0.2177598 0.6901404 0.6901354
f 2731/2731/2731 2732/2732/2732 2733/2733/2733
v -0.1745000 -0.2347536 0.5492652
vt 0.993345439 0.264539212
vn -0.4304360 0.4304360 0.7933787
v -0.1771301 -0.2334485 0.5471302
vt 0.992566764 0.263579190
vn -0.4304360 0.4304360 0.7933787
v -0.1785515 -0.2348699 0.5471302
vt 0.992565572 0.263055384
vn -0.4304360 0.4304360 0.7933787
f 2734/2734/2734 2735/2735/2735 2736/2736/2736
v 0.1771302 -0.2415515 0.2028698
vt 0.829747438 0.993133783
vn 0.7071095 -0.7071021 -0.0017177
v 0.1785515 -0.2401302 0.2028698
vt 0.829749405 0.993654251
vn 0.7071095 -0.7071021 -0.0017177
v 0.1792652 -0.2402464 0.5445000
vt 0.704979718 0.993915617
vn 0.7071095 -0.7071021 -0.0017177
f 2737/2737/2737 2738/2738/2738 2739/2739/2739
v 0.1771302 -0.2415515 0.2028698
vt 0.829747438 0.993133783
vn 0.7071058 -0.7071058 -0.0017177
v 0.1792652 -0.2402464 0.5445000
vt 0.704979718 0.993915617
vn 0.7071058 -0.7071058 -0.0017177
v 0.1772464 -0.2422652 0.5445000
vt 0.704976857 0.993176281
vn 0.7071058 -0.7071058 -0.0017177
f 2740/2740/2740 2741/2741/2741 2742/2742/2742
v -0.1785515 -0.2348699 0.2028698
vt 0.866833150 0.263057262
vn -0.5773382 0.5773382 -0.5773745
v -0.1771301 -0.2334485 0.2028698
vt 0.866834342 0.263581127
vn -0.5773382 0.5773382 -0.5773745
v -0.1771301 -0.2348699 0.2014485
vt 0.866314054 0.263577729
vn -0.5773382 0.5773382 -0.5773745
f 2743/2743/2743 2744/2744/2744 2745/2745/2745
v -0.1785515 -0.2348699 0.5471302
vt 0.992565572 0.263055384
vn -0.7071068 0.7071068 0.0000000
v -0.1771301 -0.2334485 0.5471302
vt 0.992566764 0.263579190
vn -0.7071068 0.7071068 0.0000000
v -0.1771301 -0.2334485 0.2028698
vt 0.866834342 0.263581127
vn -0.7071068 0.7071068 0.0000000
f 2746/2746/2746 2747/2747/2747 2748/2748/2748
v -0.1785515 -0.2348699 0.5471302
vt 0.992565572 0.263055384
vn -0.7071068 0.7071068 0.0000000
v -0.1771301 -0.2334485 0.2028698
vt 0.866834342 0.263581127
vn -0.7071068 0.7071068 0.0000000
v -0.1785515 -0.2348699 0.2028698
vt 0.866833150 0.263057262
vn -0.7071068 0.7071068 0.0000000
f 2749/2749/2749 2750/2750/2750 2751/2751/2751
v -0.1771301 -0.2415515 0.5471302
vt 0.100618824 0.495045871
vn -0.7070845 -0.7071290 0.0000000
v -0.1785515 -0.2401302 0.5471302
vt 0.101177432 0.495046407
vn -0.7070845 -0.7071290 0.0000000
v -0.1785515 -0.2401302 0.2028698
vt 0.101177432 0.628968775
vn -0.7070845 -0.7071290 0.0000000
f 2752/2752/2752 2753/2753/2753 2754/2754/2754
v -0.1771301 -0.2415515 0.5471302
vt 0.100618824 0.495045871
vn -0.7070845 -0.7071290 0.0000000
v -0.1785515 -0.2401302 0.2028698
vt 0.101177432 0.628968775
vn -0.7070845 -0.7071290 0.0000000
v -0.1771301 -0.2415515 0.2028698
vt 0.100618824 0.628968239
vn -0.7070845 -0.7071290 0.0000000
f 2755/2755/2755 2756/2756/2756 2757/2757/2757
v -0.1771301 -0.2415515 0.2028698
vt 0.100618824 0.628968239
vn -0.0604042 -0.0604080 -0.9963445
v -0.1785515 -0.2401302 0.2028698
vt 0.101177432 0.628968775
vn -0.0604042 -0.0604080 -0.9963445
v -0.1792652 -0.2375000 0.2027536
vt 0.102201425 0.629014254
vn -0.0604042 -0.0604080 -0.9963445
f 2758/2758/2758 2759/2759/2759 2760/2760/2760
v -0.1792652 -0.2375000 0.2027536
vt 0.102201425 0.629014254
vn -0.6901366 -0.2177840 -0.6901315
v -0.1772464 -0.2375000 0.2007348
vt 0.102191143 0.629798830
vn -0.6901366 -0.2177840 -0.6901315
v -0.1771301 -0.2401302 0.2014485
vt 0.101170175 0.629521132
vn -0.6901366 -0.2177840 -0.6901315
f 2761/2761/2761 2762/2762/2762 2763/2763/2763
v -0.1792652 -0.2375000 0.2027536
vt 0.102201425 0.629014254
vn -0.7933711 -0.4304429 -0.4304429
v -0.1771301 -0.2401302 0.2014485
vt 0.101170175 0.629521132
vn -0.7933711 -0.4304429 -0.4304429
v -0.1771301 -0.2415515 0.2028698
vt 0.100618824 0.628968239
vn -0.7933711 -0.4304429 -0.4304429
f 2764/2764/2764 2765/2765/2765 2766/2766/2766
v 0.1785515 -0.2401302 0.5471302
vt 0.252780229 0.709186852
vn 0.6901125 -0.6901560 0.2177832
v 0.1771301 -0.2415515 0.5471302
vt 0.253332525 0.709184349
vn 0.6901125 -0.6901560 0.2177832
v 0.1772464 -0.2422652 0.5445000
vt 0.253616065 0.710207760
vn 0.6901125 -0.6901560 0.2177832
f 2767/2767/2767 2768/2768/2768 2769/2769/2769
v 0.1785515 -0.2401302 0.5471302
vt 0.252780229 0.709186852
vn 0.6901385 -0.6901385 0.2177562
v 0.1772464 -0.2422652 0.5445000
vt 0.253616065 0.710207760
vn 0.6901385 -0.6901385 0.2177562
v 0.1792652 -0.2402464 0.5445000
vt 0.252831578 0.710211277
vn 0.6901385 -0.6901385 0.2177562
f 2770/2770/2770 2771/2771/2771 2772/2772/2772
v 0.1771301 -0.2334485 0.2028698
vt 0.866834342 0.393307775
vn 0.0000000 1.0000000 0.0000000
v -0.1771301 -0.2334485 0.2028698
vt 0.866834342 0.263581127
vn 0.0000000 1.0000000 0.0000000
v -0.1771301 -0.2334485 0.5471302
vt 0.992566764 0.263579190
vn 0.0000000 1.0000000 0.0000000
f 2773/2773/2773 2774/2774/2774 2775/2775/2775
v -0.1771301 -0.2334485 0.5471302
vt 0.992566764 0.263579190
vn 0.0000000 0.1606551 -0.9870107
v -0.1745000 -0.2327348 0.5472464
vt 0.992609859 0.264544010
vn 0.0000000 0.1606551 -0.9870107
v 0.1771301 -0.2334485 0.5471302
vt 0.992566764 0.393305898
vn 0.0000000 0.1606551 -0.9870107
f 2776/2776/2776 2777/2777/2777 2778/2778/2778
v -0.1771301 -0.2334485 0.5471302
vt 0.992566764 0.263579190
vn 0.0000000 1.0000000 0.0000000
v 0.1771301 -0.2334485 0.5471302
vt 0.992566764 0.393305898
vn 0.0000000 1.0000000 0.0000000
v 0.1771301 -0.2334485 0.2028698
vt 0.866834342 0.393307775
vn 0.0000000 1.0000000 0.0000000
f 2779/2779/2779 2780/2780/2780 2781/2781/2781
v -0.1771301 -0.2415515 0.5471302
vt 0.100618824 0.495045871
vn -0.9963374 -0.0604637 0.0604649
v -0.1771301 -0.2401302 0.5485515
vt 0.101170175 0.494492918
vn -0.9963374 -0.0604637 0.0604649
v -0.1772464 -0.2375000 0.5492652
vt 0.102191143 0.494215310
vn -0.9963374 -0.0604637 0.0604649
f 2782/2782/2782 2783/2783/2783 2784/2784/2784
v -0.1772464 -0.2375000 0.5492652
vt 0.102191143 0.494215310
vn -0.6901417 -0.2177516 0.6901367
v -0.1792652 -0.2375000 0.5472464
vt 0.102201380 0.495001554
vn -0.6901417 -0.2177516 0.6901367
v -0.1785515 -0.2401302 0.5471302
vt 0.101177432 0.495046407
vn -0.6901417 -0.2177516 0.6901367
f 2785/2785/2785 2786/2786/2786 2787/2787/2787
v -0.1772464 -0.2375000 0.5492652
vt 0.102191143 0.494215310
vn -0.4304124 -0.4304395 0.7933896
v -0.1785515 -0.2401302 0.5471302
vt 0.101177432 0.495046407
vn -0.4304124 -0.4304395 0.7933896
v -0.1771301 -0.2415515 0.5471302
vt 0.100618824 0.495045871
vn -0.4304124 -0.4304395 0.7933896
f 2788/2788/2788 2789/2789/2789 2790/2790/2790
v -0.1792652 -0.2375000 0.5472464
vt 0.102201380 0.495001554
vn -0.9650978 0.2618898 0.0000000
v -0.1785515 -0.2348699 0.5471302
vt 0.103218116 0.495046407
vn -0.9650978 0.2618898 0.0000000
v -0.1785515 -0.2348699 0.2028698
vt 0.103218116 0.628968775
vn -0.9650978 0.2618898 0.0000000
f 2791/2791/2791 2792/2792/2792 2793/2793/2793
v -0.1785515 -0.2348699 0.2028698
vt 0.103218116 0.628968775
vn -0.1606952 0.0000000 0.9870041
v -0.1792652 -0.2375000 0.2027536
vt 0.102201425 0.629014254
vn -0.1606952 0.0000000 0.9870041
v -0.1785515 -0.2401302 0.2028698
vt 0.101177432 0.628968775
vn -0.1606952 0.0000000 0.9870041
f 2794/2794/2794 2795/2795/2795 2796/2796/2796
v -0.1785515 -0.2401302 0.2028698
vt 0.101177432 0.628968775
vn -0.9651004 -0.2618801 0.0000000
v -0.1785515 -0.2401302 0.5471302
vt 0.101177432 0.495046407
vn -0.9651004 -0.2618801 0.0000000
v -0.1792652 -0.2375000 0.5472464
vt 0.102201380 0.495001554
vn -0.9651004 -0.2618801 0.0000000
f 2797/2797/2797 2798/2798/2798 2799/2799/2799
v -0.1785515 -0.2348699 0.2028698
vt 0.103218116 0.628968775
vn -0.9999979 0.0000000 -0.0020725
v -0.1785515 -0.2401302 0.2028698
vt 0.101177432 0.628968775
vn -0.9999979 0.0000000 -0.0020725
v -0.1792652 -0.2375000 0.5472464
vt 0.102201380 0.495001554
vn -0.9999979 0.0000000 -0.0020725
f 2800/2800/2800 2801/2801/2801 2802/2802/2802
v 0.1785515 -0.2348699 0.5471302
vt 0.250735492 0.709199071
vn 0.5773342 0.5773342 0.5773826
v 0.1771301 -0.2334485 0.5471302
vt 0.250182748 0.709203184
vn 0.5773342 0.5773342 0.5773826
v 0.1771301 -0.2348699 0.5485515
vt 0.250732034 0.708645940
vn 0.5773342 0.5773342 0.5773826
f 2803/2803/2803 2804/2804/2804 2805/2805/2805
v 0.1785515 -0.2348699 0.2028698
vt 0.251532137 0.843374729
vn 1.0000000 0.0000000 0.0000000
v 0.1785515 -0.2348699 0.5471302
vt 0.250735492 0.709199071
vn 1.0000000 0.0000000 0.0000000
v 0.1785515 -0.2401302 0.5471302
vt 0.252780229 0.709186852
vn 1.0000000 0.0000000 0.0000000
f 2806/2806/2806 2807/2807/2807 2808/2808/2808
v 0.1785515 -0.2401302 0.5471302
vt 0.252780229 0.709186852
vn 0.1606952 0.9870041 0.0000000
v 0.1792652 -0.2402464 0.5445000
vt 0.252831578 0.710211277
vn 0.1606952 0.9870041 0.0000000
v 0.1785515 -0.2401302 0.2028698
vt 0.253576875 0.843362570
vn 0.1606952 0.9870041 0.0000000
f 2809/2809/2809 2810/2810/2810 2811/2811/2811
v 0.1785515 -0.2401302 0.5471302
vt 0.252780229 0.709186852
vn 1.0000000 0.0000000 0.0000000
v 0.1785515 -0.2401302 0.2028698
vt 0.253576875 0.843362570
vn 1.0000000 0.0000000 0.0000000
v 0.1785515 -0.2348699 0.2028698
vt 0.251532137 0.843374729
vn 1.0000000 0.0000000 0.0000000
f 2812/2812/2812 2813/2813/2813 2814/2814/2814
v -0.1771301 -0.2415515 0.2028698
vt 0.829747498 0.863406122
vn 0.0000000 -0.9999978 -0.0020891
v 0.1771302 -0.2415515 0.2028698
vt 0.829747438 0.993133783
vn 0.0000000 -0.9999978 -0.0020891
v 0.1772464 -0.2422652 0.5445000
vt 0.704976857 0.993176281
vn 0.0000000 -0.9999978 -0.0020891
f 2815/2815/2815 2816/2816/2816 2817/2817/2817
v 0.1772464 -0.2422652 0.5445000
vt 0.704976857 0.993176281
vn 0.0000000 -0.9651026 0.2618722
v 0.1771301 -0.2415515 0.5471302
vt 0.704017222 0.993133724
vn 0.0000000 -0.9651026 0.2618722
v -0.1771301 -0.2415515 0.5471302
vt 0.704017222 0.863406122
vn 0.0000000 -0.9651026 0.2618722
f 2818/2818/2818 2819/2819/2819 2820/2820/2820
v 0.1772464 -0.2422652 0.5445000
vt 0.704976857 0.993176281
vn -0.0020139 -0.9999979 0.0000000
v -0.1771301 -0.2415515 0.5471302
vt 0.704017222 0.863406122
vn -0.0020139 -0.9999979 0.0000000
v -0.1771301 -0.2415515 0.2028698
vt 0.829747498 0.863406122
vn -0.0020139 -0.9999979 0.0000000
f 2821/2821/2821 2822/2822/2822 2823/2823/2823
v -0.1771301 -0.2348699 0.5485515
vt 0.291089267 0.819027841
vn -0.6901100 0.2177530 0.6901679
v -0.1785515 -0.2348699 0.5471302
vt 0.291088283 0.819595575
vn -0.6901100 0.2177530 0.6901679
v -0.1792652 -0.2375000 0.5472464
vt 0.290040553 0.819880724
vn -0.6901100 0.2177530 0.6901679
f 2824/2824/2824 2825/2825/2825 2826/2826/2826
v -0.1771301 -0.2348699 0.5485515
vt 0.291089267 0.819027841
vn -0.6901354 0.2177922 0.6901303
v -0.1792652 -0.2375000 0.5472464
vt 0.290040553 0.819880724
vn -0.6901354 0.2177922 0.6901303
v -0.1772464 -0.2375000 0.5492652
vt 0.290042013 0.819074094
vn -0.6901354 0.2177922 0.6901303
f 2827/2827/2827 2828/2828/2828 2829/2829/2829
v 0.1771302 -0.2401302 0.2014485
vt 0.830268502 0.993133783
vn 0.0000000 -0.7071068 -0.7071068
v 0.1771302 -0.2415515 0.2028698
vt 0.829747438 0.993133783
vn 0.0000000 -0.7071068 -0.7071068
v -0.1771301 -0.2415515 0.2028698
vt 0.829747498 0.863406122
vn 0.0000000 -0.7071068 -0.7071068
f 2830/2830/2830 2831/2831/2831 2832/2832/2832
v 0.1771302 -0.2401302 0.2014485
vt 0.830268502 0.993133783
vn 0.0000000 -0.7071068 -0.7071068
v -0.1771301 -0.2415515 0.2028698
vt 0.829747498 0.863406122
vn 0.0000000 -0.7071068 -0.7071068
v -0.1771301 -0.2401302 0.2014485
vt 0.830268562 0.863406122
vn 0.0000000 -0.7071068 -0.7071068
f 2833/2833/2833 2834/2834/2834 2835/2835/2835
v -0.1745000 -0.2347536 0.5492652
vt 0.291136175 0.817977071
vn 0.0016691 0.7070761 0.7071355
v 0.1771301 -0.2348699 0.5485515
vt 0.291089267 0.677510560
vn 0.0016691 0.7070761 0.7071355
v 0.1771301 -0.2334485 0.5471302
vt 0.291654587 0.677510560
vn 0.0016691 0.7070761 0.7071355
f 2836/2836/2836 2837/2837/2837 2838/2838/2838
v -0.1745000 -0.2347536 0.5492652
vt 0.291136175 0.817977071
vn 0.0016688 0.7071084 0.7071032
v 0.1771301 -0.2334485 0.5471302
vt 0.291654587 0.677510560
vn 0.0016688 0.7071084 0.7071032
v -0.1745000 -0.2327348 0.5472464
vt 0.291939020 0.817977190
vn 0.0016688 0.7071084 0.7071032
f 2839/2839/2839 2840/2840/2840 2841/2841/2841
v 0.1771301 -0.2401302 0.5485515
vt 0.288993537 0.677510560
vn 0.0020297 0.0000000 0.9999979
v 0.1771301 -0.2348699 0.5485515
vt 0.291089267 0.677510560
vn 0.0020297 0.0000000 0.9999979
v -0.1745000 -0.2347536 0.5492652
vt 0.291136175 0.817977071
vn 0.0020297 0.0000000 0.9999979
f 2842/2842/2842 2843/2843/2843 2844/2844/2844
v -0.1745000 -0.2347536 0.5492652
vt 0.291136175 0.817977071
vn -0.2634710 0.2634710 0.9279903
v -0.1771301 -0.2348699 0.5485515
vt 0.291089267 0.819027841
vn -0.2634710 0.2634710 0.9279903
v -0.1772464 -0.2375000 0.5492652
vt 0.290042013 0.819074094
vn -0.2634710 0.2634710 0.9279903
f 2845/2845/2845 2846/2846/2846 2847/2847/2847
v -0.1772464 -0.2375000 0.5492652
vt 0.290042013 0.819074094
vn 0.0000000 -0.2618801 0.9651005
v -0.1771301 -0.2401302 0.5485515
vt 0.288993597 0.819027841
vn 0.0000000 -0.2618801 0.9651005
v 0.1771301 -0.2401302 0.5485515
vt 0.288993537 0.677510560
vn 0.0000000 -0.2618801 0.9651005
f 2848/2848/2848 2849/2849/2849 2850/2850/2850
v -0.1745000 -0.2347536 0.5492652
vt 0.291136175 0.817977071
vn 0.0019991 -0.0019991 0.9999961
v -0.1772464 -0.2375000 0.5492652
vt 0.290042013 0.819074094
vn 0.0019991 -0.0019991 0.9999961
v 0.1771301 -0.2401302 0.5485515
vt 0.288993537 0.677510560
vn 0.0019991 -0.0019991 0.9999961
f 2851/2851/2851 2852/2852/2852 2853/2853/2853
v 0.1771301 -0.2415515 0.5471302
vt 0.288426220 0.677510560
vn 0.0000000 0.0000000 1.0000000
v 0.1785515 -0.2401302 0.5471302
vt 0.288992524 0.676942825
vn 0.0000000 0.0000000 1.0000000
v 0.1785515 -0.2348699 0.5471302
vt 0.291088283 0.676942825
vn 0.0000000 0.0000000 1.0000000
f 2854/2854/2854 2855/2855/2855 2856/2856/2856
v 0.1785515 -0.2348699 0.5471302
vt 0.291088283 0.676942825
vn 0.7070771 0.0000000 0.7071365
v 0.1771301 -0.2348699 0.5485515
vt 0.291089267 0.677510560
vn 0.7070771 0.0000000 0.7071365
v 0.1771301 -0.2401302 0.5485515
vt 0.288993537 0.677510560
vn 0.7070771 0.0000000 0.7071365
f 2857/2857/2857 2858/2858/2858 2859/2859/2859
v 0.1785515 -0.2348699 0.5471302
vt 0.291088283 0.676942825
vn 0.9576015 -0.2037126 0.2037168
v 0.1771301 -0.2401302 0.5485515
vt 0.288993537 0.677510560
vn 0.9576015 -0.2037126 0.2037168
v 0.1771301 -0.2415515 0.5471302
vt 0.288426220 0.677510560
vn 0.9576015 -0.2037126 0.2037168
f 2860/2860/2860 2861/2861/2861 2862/2862/2862
v 0.1771301 -0.2334485 0.2028698
vt 0.866834342 0.393307775
vn 0.0000000 0.7070845 -0.7071290
v 0.1771301 -0.2348699 0.2014485
vt 0.866314054 0.393304408
vn 0.0000000 0.7070845 -0.7071290
v -0.1771301 -0.2348699 0.2014485
vt 0.866314054 0.263577729
vn 0.0000000 0.7070845 -0.7071290
f 2863/2863/2863 2864/2864/2864 2865/2865/2865
v 0.1771301 -0.2334485 0.2028698
vt 0.866834342 0.393307775
vn 0.0000000 0.7070845 -0.7071290
v -0.1771301 -0.2348699 0.2014485
vt 0.866314054 0.263577729
vn 0.0000000 0.7070845 -0.7071290
v -0.1771301 -0.2334485 0.2028698
vt 0.866834342 0.263581127
vn 0.0000000 0.7070845 -0.7071290
f 2866/2866/2866 2867/2867/2867 2868/2868/2868
o pz_barbecue_full_jorge_|_native_wood_side_table_slat
usemtl wood
v -0.5384347 -0.0765654 0.7562100
vt 0.049300555 0.801896572
vn -0.6901353 0.2177764 0.6901353
v -0.5392100 -0.0765654 0.7554347
vt 0.049300045 0.802181244
vn -0.6901353 0.2177764 0.6901353
v -0.5395993 -0.0780000 0.7554981
vt 0.048774835 0.802324235
vn -0.6901353 0.2177764 0.6901353
f 2869/2869/2869 2870/2870/2870 2871/2871/2871
v -0.5384347 -0.0765654 0.7562100
vt 0.049300555 0.801896572
vn -0.6901353 0.2177764 0.6901353
v -0.5395993 -0.0780000 0.7554981
vt 0.048774835 0.802324235
vn -0.6901353 0.2177764 0.6901353
v -0.5384981 -0.0780000 0.7565993
vt 0.048775557 0.801919878
vn -0.6901353 0.2177764 0.6901353
f 2872/2872/2872 2873/2873/2873 2874/2874/2874
v -0.3015654 -0.1942099 0.7215654
vt 0.952239752 0.570380569
vn 0.5773577 -0.5773577 -0.5773355
v -0.3015654 -0.1934346 0.7207901
vt 0.952525735 0.570380569
vn 0.5773577 -0.5773577 -0.5773355
v -0.3007901 -0.1934346 0.7215654
vt 0.952240944 0.570666254
vn 0.5773577 -0.5773577 -0.5773355
f 2875/2875/2875 2876/2876/2876 2877/2877/2877
v -0.3015654 -0.0757901 0.7215654
vt 0.866476834 0.206873968
vn 0.5773558 0.5773614 -0.5773336
v -0.3007901 -0.0765654 0.7215654
vt 0.866478980 0.207159966
vn 0.5773558 0.5773614 -0.5773336
v -0.3015654 -0.0765654 0.7207901
vt 0.866193533 0.207161576
vn 0.5773558 0.5773614 -0.5773336
f 2878/2878/2878 2879/2879/2879 2880/2880/2880
v -0.5392100 -0.0765654 0.7554347
vt 0.087745681 0.714654148
vn -0.0604285 0.9963418 0.0604285
v -0.5384347 -0.0765654 0.7562100
vt 0.088030569 0.714939892
vn -0.0604285 0.9963418 0.0604285
v -0.5370001 -0.0765020 0.7565993
vt 0.088173702 0.715468645
vn -0.0604285 0.9963418 0.0604285
f 2881/2881/2881 2882/2882/2882 2883/2883/2883
v -0.5370001 -0.0765020 0.7565993
vt 0.088173702 0.715468645
vn -0.2177915 0.6901306 0.6901352
v -0.5370001 -0.0754008 0.7554981
vt 0.087769978 0.715471208
vn -0.2177915 0.6901306 0.6901352
v -0.5384347 -0.0757901 0.7554347
vt 0.087746352 0.714941680
vn -0.2177915 0.6901306 0.6901352
f 2884/2884/2884 2885/2885/2885 2886/2886/2886
v -0.5370001 -0.0765020 0.7565993
vt 0.088173702 0.715468645
vn -0.4304466 0.4304673 0.7933559
v -0.5384347 -0.0757901 0.7554347
vt 0.087746352 0.714941680
vn -0.4304466 0.4304673 0.7933559
v -0.5392100 -0.0765654 0.7554347
vt 0.087745681 0.714654148
vn -0.4304466 0.4304673 0.7933559
f 2887/2887/2887 2888/2888/2888 2889/2889/2889
v -0.5392100 -0.0765654 0.7215654
vt 0.075299740 0.714654446
vn -0.5773410 0.5773687 -0.5773410
v -0.5384347 -0.0757901 0.7215654
vt 0.075300403 0.714941978
vn -0.5773410 0.5773687 -0.5773410
v -0.5384347 -0.0765654 0.7207901
vt 0.075014852 0.714940071
vn -0.5773410 0.5773687 -0.5773410
f 2890/2890/2890 2891/2891/2891 2892/2892/2892
v -0.5384347 -0.0765654 0.7207901
vt 0.182848871 0.955439329
vn -0.7071041 0.0027730 -0.7071041
v -0.5384981 -0.1920000 0.7204008
vt 0.224954218 0.955462456
vn -0.7071041 0.0027730 -0.7071041
v -0.5395993 -0.1920000 0.7215020
vt 0.224954441 0.955865204
vn -0.7071041 0.0027730 -0.7071041
f 2893/2893/2893 2894/2894/2894 2895/2895/2895
v -0.5384347 -0.0765654 0.7207901
vt 0.182848871 0.955439329
vn -0.7071040 0.0027730 -0.7071041
v -0.5395993 -0.1920000 0.7215020
vt 0.224954441 0.955865204
vn -0.7071040 0.0027730 -0.7071041
v -0.5392100 -0.0765654 0.7215654
vt 0.182849005 0.955722868
vn -0.7071040 0.0027730 -0.7071041
f 2896/2896/2896 2897/2897/2897 2898/2898/2898
v -0.3015654 -0.0757901 0.7215654
vt 0.075300448 0.802214444
vn 0.0000000 0.7071238 -0.7070898
v -0.3015654 -0.0765654 0.7207901
vt 0.075014852 0.802212477
vn 0.0000000 0.7071238 -0.7070898
v -0.5384347 -0.0765654 0.7207901
vt 0.075014852 0.714940071
vn 0.0000000 0.7071238 -0.7070898
f 2899/2899/2899 2900/2900/2900 2901/2901/2901
v -0.3015654 -0.0757901 0.7215654
vt 0.075300448 0.802214444
vn 0.0000000 0.7071238 -0.7070898
v -0.5384347 -0.0765654 0.7207901
vt 0.075014852 0.714940071
vn 0.0000000 0.7071238 -0.7070898
v -0.5384347 -0.0757901 0.7215654
vt 0.075300403 0.714941978
vn 0.0000000 0.7071238 -0.7070898
f 2902/2902/2902 2903/2903/2903 2904/2904/2904
v -0.5392100 -0.1934346 0.7554347
vt 0.518490672 0.936699033
vn -0.5773429 -0.5773650 0.5773429
v -0.5384347 -0.1942099 0.7554347
vt 0.518490314 0.936988711
vn -0.5773429 -0.5773650 0.5773429
v -0.5384347 -0.1934346 0.7562100
vt 0.518205106 0.936702728
vn -0.5773429 -0.5773650 0.5773429
f 2905/2905/2905 2906/2906/2906 2907/2907/2907
v -0.5392100 -0.0765654 0.7554347
vt 0.087745681 0.714654148
vn -0.7070898 0.7071238 0.0000000
v -0.5384347 -0.0757901 0.7554347
vt 0.087746352 0.714941680
vn -0.7070898 0.7071238 0.0000000
v -0.5384347 -0.0757901 0.7215654
vt 0.075300403 0.714941978
vn -0.7070898 0.7071238 0.0000000
f 2908/2908/2908 2909/2909/2909 2910/2910/2910
v -0.5392100 -0.0765654 0.7554347
vt 0.087745681 0.714654148
vn -0.7070898 0.7071238 0.0000000
v -0.5384347 -0.0757901 0.7215654
vt 0.075300403 0.714941978
vn -0.7070898 0.7071238 0.0000000
v -0.5392100 -0.0765654 0.7215654
vt 0.075299740 0.714654446
vn -0.7070898 0.7071238 0.0000000
f 2911/2911/2911 2912/2912/2912 2913/2913/2913
v -0.3015654 -0.1934346 0.7562100
vt 0.006511254 0.714940727
vn 0.0016534 0.0000000 0.9999987
v -0.3015654 -0.0765654 0.7562100
vt 0.049300555 0.714940727
vn 0.0016534 0.0000000 0.9999987
v -0.5370001 -0.0765020 0.7565993
vt 0.049324013 0.801369965
vn 0.0016534 0.0000000 0.9999987
f 2914/2914/2914 2915/2915/2915 2916/2916/2916
v -0.5370001 -0.0765020 0.7565993
vt 0.049324013 0.801369965
vn -0.2634606 0.2634580 0.9279971
v -0.5384347 -0.0765654 0.7562100
vt 0.049300555 0.801896572
vn -0.2634606 0.2634580 0.9279971
v -0.5384981 -0.0780000 0.7565993
vt 0.048775557 0.801919878
vn -0.2634606 0.2634580 0.9279971
f 2917/2917/2917 2918/2918/2918 2919/2919/2919
v -0.5384981 -0.0780000 0.7565993
vt 0.048775557 0.801919878
vn 0.0000000 -0.0033723 0.9999943
v -0.5384347 -0.1934346 0.7562100
vt 0.006511265 0.801896572
vn 0.0000000 -0.0033723 0.9999943
v -0.3015654 -0.1934346 0.7562100
vt 0.006511254 0.714940727
vn 0.0000000 -0.0033723 0.9999943
f 2920/2920/2920 2921/2921/2921 2922/2922/2922
v -0.5370001 -0.0765020 0.7565993
vt 0.049324013 0.801369965
vn 0.0011048 -0.0011047 0.9999988
v -0.5384981 -0.0780000 0.7565993
vt 0.048775557 0.801919878
vn 0.0011048 -0.0011047 0.9999988
v -0.3015654 -0.1934346 0.7562100
vt 0.006511254 0.714940727
vn 0.0011048 -0.0011047 0.9999988
f 2923/2923/2923 2924/2924/2924 2925/2925/2925
v -0.3015654 -0.1942099 0.7554347
vt 0.006226881 0.714940786
vn 0.5773577 -0.5773577 0.5773355
v -0.3007901 -0.1934346 0.7554347
vt 0.006510742 0.714656115
vn 0.5773577 -0.5773577 0.5773355
v -0.3015654 -0.1934346 0.7562100
vt 0.006511254 0.714940727
vn 0.5773577 -0.5773577 0.5773355
f 2926/2926/2926 2927/2927/2927 2928/2928/2928
v -0.5384347 -0.1942099 0.7554347
vt 0.518490314 0.936988711
vn -0.7070932 -0.7071204 0.0000000
v -0.5392100 -0.1934346 0.7554347
vt 0.518490672 0.936699033
vn -0.7070932 -0.7071204 0.0000000
v -0.5392100 -0.1934346 0.7215654
vt 0.530950069 0.936699212
vn -0.7070932 -0.7071204 0.0000000
f 2929/2929/2929 2930/2930/2930 2931/2931/2931
v -0.5384347 -0.1942099 0.7554347
vt 0.518490314 0.936988711
vn -0.7070932 -0.7071204 0.0000000
v -0.5392100 -0.1934346 0.7215654
vt 0.530950069 0.936699212
vn -0.7070932 -0.7071204 0.0000000
v -0.5384347 -0.1942099 0.7215654
vt 0.530949593 0.936988890
vn -0.7070932 -0.7071204 0.0000000
f 2932/2932/2932 2933/2933/2933 2934/2934/2934
v -0.3007901 -0.0765654 0.7554347
vt 0.878939271 0.207083181
vn 0.5773558 0.5773614 0.5773336
v -0.3015654 -0.0757901 0.7554347
vt 0.878937125 0.206797093
vn 0.5773558 0.5773614 0.5773336
v -0.3015654 -0.0765654 0.7562100
vt 0.879224002 0.207081214
vn 0.5773558 0.5773614 0.5773336
f 2935/2935/2935 2936/2936/2936 2937/2937/2937
v -0.3015654 -0.1934346 0.7562100
vt 0.006511254 0.714940727
vn 0.0000000 -0.7071204 0.7070932
v -0.5384347 -0.1934346 0.7562100
vt 0.006511265 0.801896572
vn 0.0000000 -0.7071204 0.7070932
v -0.5384347 -0.1942099 0.7554347
vt 0.006226881 0.801896572
vn 0.0000000 -0.7071204 0.7070932
f 2938/2938/2938 2939/2939/2939 2940/2940/2940
v -0.3015654 -0.1934346 0.7562100
vt 0.006511254 0.714940727
vn 0.0000000 -0.7071204 0.7070932
v -0.5384347 -0.1942099 0.7554347
vt 0.006226881 0.801896572
vn 0.0000000 -0.7071204 0.7070932
v -0.3015654 -0.1942099 0.7554347
vt 0.006226881 0.714940786
vn 0.0000000 -0.7071204 0.7070932
f 2941/2941/2941 2942/2942/2942 2943/2943/2943
v -0.5384347 -0.1942099 0.7215654
vt 0.530949593 0.936988890
vn -0.0604447 -0.0604471 -0.9963396
v -0.5392100 -0.1934346 0.7215654
vt 0.530950069 0.936699212
vn -0.0604447 -0.0604471 -0.9963396
v -0.5395993 -0.1920000 0.7215020
vt 0.530973554 0.936168194
vn -0.0604447 -0.0604471 -0.9963396
f 2944/2944/2944 2945/2945/2945 2946/2946/2946
v -0.5395993 -0.1920000 0.7215020
vt 0.530973554 0.936168194
vn -0.6901351 -0.2177774 -0.6901351
v -0.5384981 -0.1920000 0.7204008
vt 0.531378150 0.936173558
vn -0.6901351 -0.2177774 -0.6901351
v -0.5384347 -0.1934346 0.7207901
vt 0.531234801 0.936702967
vn -0.6901351 -0.2177774 -0.6901351
f 2947/2947/2947 2948/2948/2948 2949/2949/2949
v -0.5395993 -0.1920000 0.7215020
vt 0.530973554 0.936168194
vn -0.7933664 -0.4304557 -0.4304391
v -0.5384347 -0.1934346 0.7207901
vt 0.531234801 0.936702967
vn -0.7933664 -0.4304557 -0.4304391
v -0.5384347 -0.1942099 0.7215654
vt 0.530949593 0.936988890
vn -0.7933664 -0.4304557 -0.4304391
f 2950/2950/2950 2951/2951/2951 2952/2952/2952
v -0.3015654 -0.1942099 0.7215654
vt 0.952239752 0.570380569
vn 0.7070724 -0.7070724 -0.0098691
v -0.3007901 -0.1934346 0.7215654
vt 0.952240944 0.570666254
vn 0.7070724 -0.7070724 -0.0098691
v -0.3004008 -0.1934980 0.7540001
vt 0.940323174 0.570809722
vn 0.7070724 -0.7070724 -0.0098691
f 2953/2953/2953 2954/2954/2954 2955/2955/2955
v -0.3015654 -0.1942099 0.7215654
vt 0.952239752 0.570380569
vn 0.7070724 -0.7070724 -0.0098691
v -0.3004008 -0.1934980 0.7540001
vt 0.940323174 0.570809722
vn 0.7070724 -0.7070724 -0.0098691
v -0.3015020 -0.1945992 0.7540001
vt 0.940321684 0.570404053
vn 0.7070724 -0.7070724 -0.0098691
f 2956/2956/2956 2957/2957/2957 2958/2958/2958
v -0.5395993 -0.0780000 0.7554981
vt 0.518467546 0.894123018
vn -0.7071041 -0.0027730 0.7071041
v -0.5392100 -0.1934346 0.7554347
vt 0.518490672 0.936699033
vn -0.7071041 -0.0027730 0.7071041
v -0.5384347 -0.1934346 0.7562100
vt 0.518205106 0.936702728
vn -0.7071041 -0.0027730 0.7071041
f 2959/2959/2959 2960/2960/2960 2961/2961/2961
v -0.5395993 -0.0780000 0.7554981
vt 0.518467546 0.894123018
vn -0.7071041 -0.0027730 0.7071040
v -0.5384347 -0.1934346 0.7562100
vt 0.518205106 0.936702728
vn -0.7071041 -0.0027730 0.7071040
v -0.5384981 -0.0780000 0.7565993
vt 0.518061936 0.894128323
vn -0.7071041 -0.0027730 0.7071040
f 2962/2962/2962 2963/2963/2963 2964/2964/2964
v -0.3007901 -0.0765654 0.7215654
vt 0.866478980 0.207159966
vn 0.7071204 0.0000000 -0.7070932
v -0.3007901 -0.1934346 0.7215654
vt 0.866743505 0.250269622
vn 0.7071204 0.0000000 -0.7070932
v -0.3015654 -0.1934346 0.7207901
vt 0.866457880 0.250271231
vn 0.7071204 0.0000000 -0.7070932
f 2965/2965/2965 2966/2966/2966 2967/2967/2967
v -0.3007901 -0.0765654 0.7215654
vt 0.866478980 0.207159966
vn 0.7071204 0.0000000 -0.7070932
v -0.3015654 -0.1934346 0.7207901
vt 0.866457880 0.250271231
vn 0.7071204 0.0000000 -0.7070932
v -0.3015654 -0.0765654 0.7207901
vt 0.866193533 0.207161576
vn 0.7071204 0.0000000 -0.7070932
f 2968/2968/2968 2969/2969/2969 2970/2970/2970
v -0.5395993 -0.0780000 0.7554981
vt 0.518467546 0.894123018
vn -0.9651006 0.2618792 0.0000000
v -0.5392100 -0.0765654 0.7554347
vt 0.518490672 0.893595815
vn -0.9651006 0.2618792 0.0000000
v -0.5392100 -0.0765654 0.7215654
vt 0.530950069 0.893595994
vn -0.9651006 0.2618792 0.0000000
f 2971/2971/2971 2972/2972/2972 2973/2973/2973
v -0.5392100 -0.0765654 0.7215654
vt 0.530950069 0.893595994
vn -0.1607955 0.0000000 0.9869878
v -0.5395993 -0.1920000 0.7215020
vt 0.530973554 0.936168194
vn -0.1607955 0.0000000 0.9869878
v -0.5392100 -0.1934346 0.7215654
vt 0.530950069 0.936699212
vn -0.1607955 0.0000000 0.9869878
f 2974/2974/2974 2975/2975/2975 2976/2976/2976
v -0.5392100 -0.1934346 0.7215654
vt 0.530950069 0.936699212
vn -0.9999944 -0.0033723 0.0000000
v -0.5392100 -0.1934346 0.7554347
vt 0.518490672 0.936699033
vn -0.9999944 -0.0033723 0.0000000
v -0.5395993 -0.0780000 0.7554981
vt 0.518467546 0.894123018
vn -0.9999944 -0.0033723 0.0000000
f 2977/2977/2977 2978/2978/2978 2979/2979/2979
v -0.5392100 -0.0765654 0.7215654
vt 0.530950069 0.893595994
vn -0.9999343 0.0000000 -0.0114713
v -0.5392100 -0.1934346 0.7215654
vt 0.530950069 0.936699212
vn -0.9999343 0.0000000 -0.0114713
v -0.5395993 -0.0780000 0.7554981
vt 0.518467546 0.894123018
vn -0.9999343 0.0000000 -0.0114713
f 2980/2980/2980 2981/2981/2981 2982/2982/2982
v -0.3007901 -0.0765654 0.7554347
vt 0.878939271 0.207083181
vn 0.7071034 0.7071102 0.0000000
v -0.3007901 -0.0765654 0.7215654
vt 0.866478980 0.207159966
vn 0.7071034 0.7071102 0.0000000
v -0.3015654 -0.0757901 0.7215654
vt 0.866476834 0.206873968
vn 0.7071034 0.7071102 0.0000000
f 2983/2983/2983 2984/2984/2984 2985/2985/2985
v -0.3007901 -0.0765654 0.7554347
vt 0.878939271 0.207083181
vn 0.7071034 0.7071102 0.0000000
v -0.3015654 -0.0757901 0.7215654
vt 0.866476834 0.206873968
vn 0.7071034 0.7071102 0.0000000
v -0.3015654 -0.0757901 0.7554347
vt 0.878937125 0.206797093
vn 0.7071034 0.7071102 0.0000000
f 2986/2986/2986 2987/2987/2987 2988/2988/2988
v -0.3015654 -0.1934346 0.7207901
vt 0.225477576 0.868809879
vn 0.0000000 -0.2618805 -0.9651003
v -0.5384347 -0.1934346 0.7207901
vt 0.225477576 0.955439329
vn 0.0000000 -0.2618805 -0.9651003
v -0.5384981 -0.1920000 0.7204008
vt 0.224954218 0.955462456
vn 0.0000000 -0.2618805 -0.9651003
f 2989/2989/2989 2990/2990/2990 2991/2991/2991
v -0.5384981 -0.1920000 0.7204008
vt 0.224954218 0.955462456
vn 0.0000000 0.0033723 -0.9999944
v -0.5384347 -0.0765654 0.7207901
vt 0.182848871 0.955439329
vn 0.0000000 0.0033723 -0.9999944
v -0.3015654 -0.0765654 0.7207901
vt 0.182848871 0.868809879
vn 0.0000000 0.0033723 -0.9999944
f 2992/2992/2992 2993/2993/2993 2994/2994/2994
v -0.5384981 -0.1920000 0.7204008
vt 0.224954218 0.955462456
vn 0.0016430 0.0000000 -0.9999987
v -0.3015654 -0.0765654 0.7207901
vt 0.182848871 0.868809879
vn 0.0016430 0.0000000 -0.9999987
v -0.3015654 -0.1934346 0.7207901
vt 0.225477576 0.868809879
vn 0.0016430 0.0000000 -0.9999987
f 2995/2995/2995 2996/2996/2996 2997/2997/2997
v -0.3015654 -0.1942099 0.7215654
vt 0.952239752 0.570380569
vn 0.0000000 -0.7071204 -0.7070932
v -0.5384347 -0.1942099 0.7215654
vt 0.952239752 0.483114839
vn 0.0000000 -0.7071204 -0.7070932
v -0.5384347 -0.1934346 0.7207901
vt 0.952525735 0.483114839
vn 0.0000000 -0.7071204 -0.7070932
f 2998/2998/2998 2999/2999/2999 3000/3000/3000
v -0.3015654 -0.1942099 0.7215654
vt 0.952239752 0.570380569
vn 0.0000000 -0.7071204 -0.7070932
v -0.5384347 -0.1934346 0.7207901
vt 0.952525735 0.483114839
vn 0.0000000 -0.7071204 -0.7070932
v -0.3015654 -0.1934346 0.7207901
vt 0.952525735 0.570380569
vn 0.0000000 -0.7071204 -0.7070932
f 3001/3001/3001 3002/3002/3002 3003/3003/3003
v -0.3007901 -0.1934346 0.7215654
vt 0.866743505 0.250269622
vn 1.0000000 0.0000000 0.0000000
v -0.3007901 -0.0765654 0.7215654
vt 0.866478980 0.207159966
vn 1.0000000 0.0000000 0.0000000
v -0.3007901 -0.0765654 0.7554347
vt 0.878939271 0.207083181
vn 1.0000000 0.0000000 0.0000000
f 3004/3004/3004 3005/3005/3005 3006/3006/3006
v -0.3007901 -0.0765654 0.7554347
vt 0.878939271 0.207083181
vn 0.9650939 0.0000000 0.2619042
v -0.3007901 -0.1934346 0.7554347
vt 0.879203737 0.250192761
vn 0.9650939 0.0000000 0.2619042
v -0.3004008 -0.1934980 0.7540001
vt 0.878676295 0.250219434
vn 0.9650939 0.0000000 0.2619042
f 3007/3007/3007 3008/3008/3008 3009/3009/3009
v -0.3007901 -0.0765654 0.7554347
vt 0.878939271 0.207083181
vn 0.9999220 0.0034762 -0.0119951
v -0.3004008 -0.1934980 0.7540001
vt 0.878676295 0.250219434
vn 0.9999220 0.0034762 -0.0119951
v -0.3007901 -0.1934346 0.7215654
vt 0.866743505 0.250269622
vn 0.9999220 0.0034762 -0.0119951
f 3010/3010/3010 3011/3011/3011 3012/3012/3012
v -0.3015020 -0.1945992 0.7540001
vt 0.940321684 0.570404053
vn 0.0000000 -0.9650964 0.2618949
v -0.3015654 -0.1942099 0.7554347
vt 0.939795077 0.570380569
vn 0.0000000 -0.9650964 0.2618949
v -0.5384347 -0.1942099 0.7554347
vt 0.939795077 0.483114839
vn 0.0000000 -0.9650964 0.2618949
f 3013/3013/3013 3014/3014/3014 3015/3015/3015
v -0.5384347 -0.1942099 0.7554347
vt 0.939795077 0.483114839
vn 0.0000000 -1.0000000 0.0000000
v -0.5384347 -0.1942099 0.7215654
vt 0.952239752 0.483114839
vn 0.0000000 -1.0000000 0.0000000
v -0.3015654 -0.1942099 0.7215654
vt 0.952239752 0.570380569
vn 0.0000000 -1.0000000 0.0000000
f 3016/3016/3016 3017/3017/3017 3018/3018/3018
v -0.5384347 -0.1942099 0.7554347
vt 0.939795077 0.483114839
vn -0.0017156 -0.9999266 -0.0119981
v -0.3015654 -0.1942099 0.7215654
vt 0.952239752 0.570380569
vn -0.0017156 -0.9999266 -0.0119981
v -0.3015020 -0.1945992 0.7540001
vt 0.940321684 0.570404053
vn -0.0017156 -0.9999266 -0.0119981
f 3019/3019/3019 3020/3020/3020 3021/3021/3021
v -0.5370001 -0.0754008 0.7554981
vt 0.087769978 0.715471208
vn 0.0016535 0.9999987 0.0000000
v -0.3015654 -0.0757901 0.7554347
vt 0.087746352 0.802214146
vn 0.0016535 0.9999987 0.0000000
v -0.3015654 -0.0757901 0.7215654
vt 0.075300448 0.802214444
vn 0.0016535 0.9999987 0.0000000
f 3022/3022/3022 3023/3023/3023 3024/3024/3024
v -0.3015654 -0.0757901 0.7215654
vt 0.075300448 0.802214444
vn 0.0000000 1.0000000 0.0000000
v -0.5384347 -0.0757901 0.7215654
vt 0.075300403 0.714941978
vn 0.0000000 1.0000000 0.0000000
v -0.5384347 -0.0757901 0.7554347
vt 0.087746352 0.714941680
vn 0.0000000 1.0000000 0.0000000
f 3025/3025/3025 3026/3026/3026 3027/3027/3027
v -0.3015654 -0.0757901 0.7215654
vt 0.075300448 0.802214444
vn -0.1168934 0.5639273 -0.8175097
v -0.5384347 -0.0757901 0.7554347
vt 0.087746352 0.714941680
vn -0.1168934 0.5639273 -0.8175097
v -0.5370001 -0.0754008 0.7554981
vt 0.087769978 0.715471208
vn -0.1168934 0.5639273 -0.8175097
f 3028/3028/3028 3029/3029/3029 3030/3030/3030
v -0.3015654 -0.0765654 0.7562100
vt 0.049300555 0.714940727
vn 0.7071204 0.0000000 0.7070932
v -0.3015654 -0.1934346 0.7562100
vt 0.006511254 0.714940727
vn 0.7071204 0.0000000 0.7070932
v -0.3007901 -0.1934346 0.7554347
vt 0.006510742 0.714656115
vn 0.7071204 0.0000000 0.7070932
f 3031/3031/3031 3032/3032/3032 3033/3033/3033
v -0.3015654 -0.0765654 0.7562100
vt 0.049300555 0.714940727
vn 0.7071204 0.0000000 0.7070932
v -0.3007901 -0.1934346 0.7554347
vt 0.006510742 0.714656115
vn 0.7071204 0.0000000 0.7070932
v -0.3007901 -0.0765654 0.7554347
vt 0.049300045 0.714656115
vn 0.7071204 0.0000000 0.7070932
f 3034/3034/3034 3035/3035/3035 3036/3036/3036
v -0.3007901 -0.1934346 0.7554347
vt 0.879203737 0.250192761
vn 0.6901334 -0.6901334 0.2177886
v -0.3015654 -0.1942099 0.7554347
vt 0.879204929 0.250478655
vn 0.6901334 -0.6901334 0.2177886
v -0.3015020 -0.1945992 0.7540001
vt 0.878678143 0.250625491
vn 0.6901334 -0.6901334 0.2177886
f 3037/3037/3037 3038/3038/3038 3039/3039/3039
v -0.3007901 -0.1934346 0.7554347
vt 0.879203737 0.250192761
vn 0.6901334 -0.6901334 0.2177886
v -0.3015020 -0.1945992 0.7540001
vt 0.878678143 0.250625491
vn 0.6901334 -0.6901334 0.2177886
v -0.3004008 -0.1934980 0.7540001
vt 0.878676295 0.250219434
vn 0.6901334 -0.6901334 0.2177886
f 3040/3040/3040 3041/3041/3041 3042/3042/3042
v -0.5370001 -0.0765020 0.7565993
vt 0.049324013 0.801369965
vn 0.0013595 0.7071231 0.7070892
v -0.3015654 -0.0765654 0.7562100
vt 0.049300555 0.714940727
vn 0.0013595 0.7071231 0.7070892
v -0.3015654 -0.0757901 0.7554347
vt 0.049583904 0.714940786
vn 0.0013595 0.7071231 0.7070892
f 3043/3043/3043 3044/3044/3044 3045/3045/3045
v -0.5370001 -0.0765020 0.7565993
vt 0.049324013 0.801369965
vn 0.0013597 0.7071037 0.7071085
v -0.3015654 -0.0757901 0.7554347
vt 0.049583904 0.714940786
vn 0.0013597 0.7071037 0.7071085
v -0.5370001 -0.0754008 0.7554981
vt 0.049726482 0.801370025
vn 0.0013597 0.7071037 0.7071085
f 3046/3046/3046 3047/3047/3047 3048/3048/3048
o pz_barbecue_full_jorge_|_native_wood_side_table_slat.001
usemtl wood
v -0.5384347 0.0604346 0.7562100
vt 0.920850396 0.193447605
vn -0.6901352 0.2177769 0.6901352
v -0.5392100 0.0604346 0.7554347
vt 0.920849919 0.193732277
vn -0.6901352 0.2177769 0.6901352
v -0.5395993 0.0590000 0.7554981
vt 0.920324683 0.193875179
vn -0.6901352 0.2177769 0.6901352
f 3049/3049/3049 3050/3050/3050 3051/3051/3051
v -0.5384347 0.0604346 0.7562100
vt 0.920850396 0.193447605
vn -0.6901352 0.2177769 0.6901352
v -0.5395993 0.0590000 0.7554981
vt 0.920324683 0.193875179
vn -0.6901352 0.2177769 0.6901352
v -0.5384981 0.0590000 0.7565993
vt 0.920325398 0.193470925
vn -0.6901352 0.2177769 0.6901352
f 3052/3052/3052 3053/3053/3053 3054/3054/3054
v -0.3015020 -0.0575992 0.7540001
vt 0.334870607 0.960654855
vn 0.0000000 -0.9650952 0.2618996
v -0.3015654 -0.0572099 0.7554347
vt 0.334344089 0.960631490
vn 0.0000000 -0.9650952 0.2618996
v -0.5384347 -0.0572099 0.7554347
vt 0.334344089 0.873365939
vn 0.0000000 -0.9650952 0.2618996
f 3055/3055/3055 3056/3056/3056 3057/3057/3057
v -0.5384347 -0.0572099 0.7554347
vt 0.334344089 0.873365939
vn 0.0000000 -1.0000000 0.0000000
v -0.5384347 -0.0572099 0.7215654
vt 0.346788764 0.873365939
vn 0.0000000 -1.0000000 0.0000000
v -0.3015654 -0.0572099 0.7215654
vt 0.346788764 0.960631549
vn 0.0000000 -1.0000000 0.0000000
f 3058/3058/3058 3059/3059/3059 3060/3060/3060
v -0.5384347 -0.0572099 0.7554347
vt 0.334344089 0.873365939
vn -0.0017156 -0.9999266 -0.0119983
v -0.3015654 -0.0572099 0.7215654
vt 0.346788764 0.960631549
vn -0.0017156 -0.9999266 -0.0119983
v -0.3015020 -0.0575992 0.7540001
vt 0.334870607 0.960654855
vn -0.0017156 -0.9999266 -0.0119983
f 3061/3061/3061 3062/3062/3062 3063/3063/3063
v -0.3015654 -0.0572099 0.7215654
vt 0.346788764 0.960631549
vn 0.5773558 -0.5773614 -0.5773336
v -0.3015654 -0.0564346 0.7207901
vt 0.347074658 0.960631490
vn 0.5773558 -0.5773614 -0.5773336
v -0.3007901 -0.0564346 0.7215654
vt 0.346789807 0.960917115
vn 0.5773558 -0.5773614 -0.5773336
f 3064/3064/3064 3065/3065/3065 3066/3066/3066
v -0.3015654 0.0604346 0.7562100
vt 0.920850396 0.106491759
vn 0.7071204 0.0000000 0.7070932
v -0.3015654 -0.0564346 0.7562100
vt 0.878061116 0.106491759
vn 0.7071204 0.0000000 0.7070932
v -0.3007901 -0.0564346 0.7554347
vt 0.878060639 0.106207184
vn 0.7071204 0.0000000 0.7070932
f 3067/3067/3067 3068/3068/3068 3069/3069/3069
v -0.3015654 0.0604346 0.7562100
vt 0.920850396 0.106491759
vn 0.7071204 0.0000000 0.7070932
v -0.3007901 -0.0564346 0.7554347
vt 0.878060639 0.106207184
vn 0.7071204 0.0000000 0.7070932
v -0.3007901 0.0604346 0.7554347
vt 0.920849919 0.106207184
vn 0.7071204 0.0000000 0.7070932
f 3070/3070/3070 3071/3071/3071 3072/3072/3072
v -0.3015654 0.0612099 0.7215654
vt 0.891816080 0.206873879
vn 0.5773558 0.5773614 -0.5773336
v -0.3007901 0.0604346 0.7215654
vt 0.891818404 0.207159966
vn 0.5773558 0.5773614 -0.5773336
v -0.3015654 0.0604346 0.7207901
vt 0.891532600 0.207161754
vn 0.5773558 0.5773614 -0.5773336
f 3073/3073/3073 3074/3074/3074 3075/3075/3075
v -0.5384347 -0.0564346 0.7562100
vt 0.878061116 0.193447605
vn 0.0000000 0.0000000 1.0000000
v -0.3015654 -0.0564346 0.7562100
vt 0.878061116 0.106491759
vn 0.0000000 0.0000000 1.0000000
v -0.3015654 0.0604346 0.7562100
vt 0.920850396 0.106491759
vn 0.0000000 0.0000000 1.0000000
f 3076/3076/3076 3077/3077/3077 3078/3078/3078
v -0.3015654 0.0604346 0.7562100
vt 0.920850396 0.106491759
vn 0.0000000 -0.9869953 0.1607494
v -0.5370001 0.0604980 0.7565993
vt 0.920873880 0.192920908
vn 0.0000000 -0.9869953 0.1607494
v -0.5384347 0.0604346 0.7562100
vt 0.920850396 0.193447605
vn 0.0000000 -0.9869953 0.1607494
f 3079/3079/3079 3080/3080/3080 3081/3081/3081
v -0.5384347 0.0604346 0.7562100
vt 0.920850396 0.193447605
vn 0.9869878 0.0000000 0.1607954
v -0.5384981 0.0590000 0.7565993
vt 0.920325398 0.193470925
vn 0.9869878 0.0000000 0.1607954
v -0.5384347 -0.0564346 0.7562100
vt 0.878061116 0.193447605
vn 0.9869878 0.0000000 0.1607954
f 3082/3082/3082 3083/3083/3083 3084/3084/3084
v -0.3015654 0.0604346 0.7562100
vt 0.920850396 0.106491759
vn 0.0000000 0.0000000 1.0000000
v -0.5384347 0.0604346 0.7562100
vt 0.920850396 0.193447605
vn 0.0000000 0.0000000 1.0000000
v -0.5384347 -0.0564346 0.7562100
vt 0.878061116 0.193447605
vn 0.0000000 0.0000000 1.0000000
f 3085/3085/3085 3086/3086/3086 3087/3087/3087
v -0.3015654 -0.0572099 0.7215654
vt 0.346788764 0.960631549
vn 0.0000000 -0.7071238 -0.7070898
v -0.5384347 -0.0572099 0.7215654
vt 0.346788764 0.873365939
vn 0.0000000 -0.7071238 -0.7070898
v -0.5384347 -0.0564346 0.7207901
vt 0.347074717 0.873365939
vn 0.0000000 -0.7071238 -0.7070898
f 3088/3088/3088 3089/3089/3089 3090/3090/3090
v -0.3015654 -0.0572099 0.7215654
vt 0.346788764 0.960631549
vn 0.0000000 -0.7071238 -0.7070898
v -0.5384347 -0.0564346 0.7207901
vt 0.347074717 0.873365939
vn 0.0000000 -0.7071238 -0.7070898
v -0.3015654 -0.0564346 0.7207901
vt 0.347074658 0.960631490
vn 0.0000000 -0.7071238 -0.7070898
f 3091/3091/3091 3092/3092/3092 3093/3093/3093
v -0.5392100 0.0604346 0.7215654
vt 0.843125641 0.863506973
vn -0.5773410 0.5773687 -0.5773410
v -0.5384347 0.0612099 0.7215654
vt 0.843126297 0.863794506
vn -0.5773410 0.5773687 -0.5773410
v -0.5384347 0.0604346 0.7207901
vt 0.842840731 0.863792658
vn -0.5773410 0.5773687 -0.5773410
f 3094/3094/3094 3095/3095/3095 3096/3096/3096
v -0.5384347 0.0612099 0.7215654
vt 0.843126297 0.863794506
vn 0.0000000 0.7071238 -0.7070898
v -0.3015654 0.0612099 0.7215654
vt 0.843126357 0.951066673
vn 0.0000000 0.7071238 -0.7070898
v -0.3015654 0.0604346 0.7207901
vt 0.842840731 0.951064825
vn 0.0000000 0.7071238 -0.7070898
f 3097/3097/3097 3098/3098/3098 3099/3099/3099
v -0.5384347 0.0612099 0.7215654
vt 0.843126297 0.863794506
vn 0.0000000 0.7071238 -0.7070898
v -0.3015654 0.0604346 0.7207901
vt 0.842840731 0.951064825
vn 0.0000000 0.7071238 -0.7070898
v -0.5384347 0.0604346 0.7207901
vt 0.842840731 0.863792658
vn 0.0000000 0.7071238 -0.7070898
f 3100/3100/3100 3101/3101/3101 3102/3102/3102
v -0.5392100 -0.0564346 0.7554347
vt 0.677908838 0.936692894
vn -0.5773410 -0.5773687 0.5773410
v -0.5384347 -0.0572099 0.7554347
vt 0.677908540 0.936982512
vn -0.5773410 -0.5773687 0.5773410
v -0.5384347 -0.0564346 0.7562100
vt 0.677623332 0.936696529
vn -0.5773410 -0.5773687 0.5773410
f 3103/3103/3103 3104/3104/3104 3105/3105/3105
v -0.3007901 -0.0564346 0.7554347
vt 0.904542863 0.250192672
vn 0.6901294 -0.6901360 0.2177927
v -0.3015654 -0.0572099 0.7554347
vt 0.904544294 0.250478566
vn 0.6901294 -0.6901360 0.2177927
v -0.3015020 -0.0575992 0.7540001
vt 0.904017448 0.250625402
vn 0.6901294 -0.6901360 0.2177927
f 3106/3106/3106 3107/3107/3107 3108/3108/3108
v -0.3007901 -0.0564346 0.7554347
vt 0.904542863 0.250192672
vn 0.6901361 -0.6901315 0.2177857
v -0.3015020 -0.0575992 0.7540001
vt 0.904017448 0.250625402
vn 0.6901361 -0.6901315 0.2177857
v -0.3004008 -0.0564980 0.7540001
vt 0.904015541 0.250219345
vn 0.6901361 -0.6901315 0.2177857
f 3109/3109/3109 3110/3110/3110 3111/3111/3111
v -0.5392100 0.0604346 0.7554347
vt 0.855571628 0.863506794
vn -0.0604320 0.9963413 0.0604320
v -0.5384347 0.0604346 0.7562100
vt 0.855856538 0.863792479
vn -0.0604320 0.9963413 0.0604320
v -0.5370001 0.0604980 0.7565993
vt 0.855999649 0.864321172
vn -0.0604320 0.9963413 0.0604320
f 3112/3112/3112 3113/3113/3113 3114/3114/3114
v -0.5370001 0.0604980 0.7565993
vt 0.855999649 0.864321172
vn -0.2177918 0.6901317 0.6901340
v -0.5370001 0.0615992 0.7554981
vt 0.855595827 0.864323795
vn -0.2177918 0.6901317 0.6901340
v -0.5384347 0.0612099 0.7554347
vt 0.855572402 0.863794327
vn -0.2177918 0.6901317 0.6901340
f 3115/3115/3115 3116/3116/3116 3117/3117/3117
v -0.5370001 0.0604980 0.7565993
vt 0.855999649 0.864321172
vn -0.4304471 0.4304678 0.7933555
v -0.5384347 0.0612099 0.7554347
vt 0.855572402 0.863794327
vn -0.4304471 0.4304678 0.7933555
v -0.5392100 0.0604346 0.7554347
vt 0.855571628 0.863506794
vn -0.4304471 0.4304678 0.7933555
f 3118/3118/3118 3119/3119/3119 3120/3120/3120
v -0.3015654 -0.0572099 0.7554347
vt 0.877776742 0.106491759
vn 0.5773558 -0.5773614 0.5773336
v -0.3007901 -0.0564346 0.7554347
vt 0.878060639 0.106207184
vn 0.5773558 -0.5773614 0.5773336
v -0.3015654 -0.0564346 0.7562100
vt 0.878061116 0.106491759
vn 0.5773558 -0.5773614 0.5773336
f 3121/3121/3121 3122/3122/3122 3123/3123/3123
v -0.3015020 -0.0575992 0.7540001
vt 0.334870607 0.960654855
vn 0.7070690 -0.7070758 -0.0098693
v -0.3015654 -0.0572099 0.7215654
vt 0.346788764 0.960631549
vn 0.7070690 -0.7070758 -0.0098693
v -0.3007901 -0.0564346 0.7215654
vt 0.346789807 0.960917115
vn 0.7070690 -0.7070758 -0.0098693
f 3124/3124/3124 3125/3125/3125 3126/3126/3126
v -0.3015020 -0.0575992 0.7540001
vt 0.334870607 0.960654855
vn 0.7070748 -0.7070699 -0.0098689
v -0.3007901 -0.0564346 0.7215654
vt 0.346789807 0.960917115
vn 0.7070748 -0.7070699 -0.0098689
v -0.3004008 -0.0564980 0.7540001
vt 0.334872186 0.961060584
vn 0.7070748 -0.7070699 -0.0098689
f 3127/3127/3127 3128/3128/3128 3129/3129/3129
v -0.5384347 0.0604346 0.7207901
vt 0.376361609 0.959989011
vn -0.7071041 0.0027730 -0.7071041
v -0.5384981 -0.0550000 0.7204008
vt 0.418466896 0.960012257
vn -0.7071041 0.0027730 -0.7071041
v -0.5395993 -0.0550000 0.7215020
vt 0.418467104 0.960414886
vn -0.7071041 0.0027730 -0.7071041
f 3130/3130/3130 3131/3131/3131 3132/3132/3132
v -0.5384347 0.0604346 0.7207901
vt 0.376361609 0.959989011
vn -0.7071040 0.0027730 -0.7071041
v -0.5395993 -0.0550000 0.7215020
vt 0.418467104 0.960414886
vn -0.7071040 0.0027730 -0.7071041
v -0.5392100 0.0604346 0.7215654
vt 0.376361728 0.960272610
vn -0.7071040 0.0027730 -0.7071041
f 3133/3133/3133 3134/3134/3134 3135/3135/3135
v -0.3007901 0.0604346 0.7554347
vt 0.904278398 0.207083181
vn 0.5773558 0.5773614 0.5773336
v -0.3015654 0.0612099 0.7554347
vt 0.904276192 0.206797093
vn 0.5773558 0.5773614 0.5773336
v -0.3015654 0.0604346 0.7562100
vt 0.904563248 0.207081303
vn 0.5773558 0.5773614 0.5773336
f 3136/3136/3136 3137/3137/3137 3138/3138/3138
v -0.5395993 0.0590000 0.7554981
vt 0.677885652 0.894116879
vn -0.7071041 -0.0027730 0.7071041
v -0.5392100 -0.0564346 0.7554347
vt 0.677908838 0.936692894
vn -0.7071041 -0.0027730 0.7071041
v -0.5384347 -0.0564346 0.7562100
vt 0.677623332 0.936696529
vn -0.7071041 -0.0027730 0.7071041
f 3139/3139/3139 3140/3140/3140 3141/3141/3141
v -0.5395993 0.0590000 0.7554981
vt 0.677885652 0.894116879
vn -0.7071041 -0.0027730 0.7071041
v -0.5384347 -0.0564346 0.7562100
vt 0.677623332 0.936696529
vn -0.7071041 -0.0027730 0.7071041
v -0.5384981 0.0590000 0.7565993
vt 0.677480161 0.894122183
vn -0.7071041 -0.0027730 0.7071041
f 3142/3142/3142 3143/3143/3143 3144/3144/3144
v -0.5384347 -0.0572099 0.7215654
vt 0.690367937 0.936982810
vn -0.0604435 -0.0604464 -0.9963397
v -0.5392100 -0.0564346 0.7215654
vt 0.690368295 0.936692953
vn -0.0604435 -0.0604464 -0.9963397
v -0.5395993 -0.0550000 0.7215020
vt 0.690391779 0.936162055
vn -0.0604435 -0.0604464 -0.9963397
f 3145/3145/3145 3146/3146/3146 3147/3147/3147
v -0.5395993 -0.0550000 0.7215020
vt 0.690391779 0.936162055
vn -0.6901353 -0.2177764 -0.6901353
v -0.5384981 -0.0550000 0.7204008
vt 0.690796375 0.936167300
vn -0.6901353 -0.2177764 -0.6901353
v -0.5384347 -0.0564346 0.7207901
vt 0.690653145 0.936696768
vn -0.6901353 -0.2177764 -0.6901353
f 3148/3148/3148 3149/3149/3149 3150/3150/3150
v -0.5395993 -0.0550000 0.7215020
vt 0.690391779 0.936162055
vn -0.7933679 -0.4304563 -0.4304357
v -0.5384347 -0.0564346 0.7207901
vt 0.690653145 0.936696768
vn -0.7933679 -0.4304563 -0.4304357
v -0.5384347 -0.0572099 0.7215654
vt 0.690367937 0.936982810
vn -0.7933679 -0.4304563 -0.4304357
f 3151/3151/3151 3152/3152/3152 3153/3153/3153
v -0.3007901 -0.0564346 0.7554347
vt 0.904542863 0.250192672
vn 0.1607282 0.9869987 0.0000000
v -0.3004008 -0.0564980 0.7540001
vt 0.904015541 0.250219345
vn 0.1607282 0.9869987 0.0000000
v -0.3007901 -0.0564346 0.7215654
vt 0.892082810 0.250269532
vn 0.1607282 0.9869987 0.0000000
f 3154/3154/3154 3155/3155/3155 3156/3156/3156
v -0.3007901 -0.0564346 0.7215654
vt 0.892082810 0.250269532
vn 1.0000000 0.0000000 0.0000000
v -0.3007901 0.0604346 0.7215654
vt 0.891818404 0.207159966
vn 1.0000000 0.0000000 0.0000000
v -0.3007901 0.0604346 0.7554347
vt 0.904278398 0.207083181
vn 1.0000000 0.0000000 0.0000000
f 3157/3157/3157 3158/3158/3158 3159/3159/3159
v -0.3007901 -0.0564346 0.7215654
vt 0.892082810 0.250269532
vn 1.0000000 0.0000000 0.0000000
v -0.3007901 0.0604346 0.7554347
vt 0.904278398 0.207083181
vn 1.0000000 0.0000000 0.0000000
v -0.3007901 -0.0564346 0.7554347
vt 0.904542863 0.250192672
vn 1.0000000 0.0000000 0.0000000
f 3160/3160/3160 3161/3161/3161 3162/3162/3162
v -0.3015654 0.0612099 0.7554347
vt 0.904276192 0.206797093
vn 0.7071034 0.7071102 0.0000000
v -0.3007901 0.0604346 0.7554347
vt 0.904278398 0.207083181
vn 0.7071034 0.7071102 0.0000000
v -0.3007901 0.0604346 0.7215654
vt 0.891818404 0.207159966
vn 0.7071034 0.7071102 0.0000000
f 3163/3163/3163 3164/3164/3164 3165/3165/3165
v -0.3015654 0.0612099 0.7554347
vt 0.904276192 0.206797093
vn 0.7071034 0.7071102 0.0000000
v -0.3007901 0.0604346 0.7215654
vt 0.891818404 0.207159966
vn 0.7071034 0.7071102 0.0000000
v -0.3015654 0.0612099 0.7215654
vt 0.891816080 0.206873879
vn 0.7071034 0.7071102 0.0000000
f 3166/3166/3166 3167/3167/3167 3168/3168/3168
v -0.3015654 0.0604346 0.7562100
vt 0.920850396 0.106491759
vn 0.0013597 0.7071231 0.7070892
v -0.3015654 0.0612099 0.7554347
vt 0.921133757 0.106491759
vn 0.0013597 0.7071231 0.7070892
v -0.5370001 0.0615992 0.7554981
vt 0.921276331 0.192920998
vn 0.0013597 0.7071231 0.7070892
f 3169/3169/3169 3170/3170/3170 3171/3171/3171
v -0.3015654 0.0604346 0.7562100
vt 0.920850396 0.106491759
vn 0.0013596 0.7071049 0.7071073
v -0.5370001 0.0615992 0.7554981
vt 0.921276331 0.192920998
vn 0.0013596 0.7071049 0.7071073
v -0.5370001 0.0604980 0.7565993
vt 0.920873880 0.192920908
vn 0.0013596 0.7071049 0.7071073
f 3172/3172/3172 3173/3173/3173 3174/3174/3174
v -0.3007901 0.0604346 0.7215654
vt 0.891818404 0.207159966
vn 0.7071204 0.0000000 -0.7070932
v -0.3007901 -0.0564346 0.7215654
vt 0.892082810 0.250269532
vn 0.7071204 0.0000000 -0.7070932
v -0.3015654 -0.0564346 0.7207901
vt 0.891797125 0.250271231
vn 0.7071204 0.0000000 -0.7070932
f 3175/3175/3175 3176/3176/3176 3177/3177/3177
v -0.3007901 0.0604346 0.7215654
vt 0.891818404 0.207159966
vn 0.7071204 0.0000000 -0.7070932
v -0.3015654 -0.0564346 0.7207901
vt 0.891797125 0.250271231
vn 0.7071204 0.0000000 -0.7070932
v -0.3015654 0.0604346 0.7207901
vt 0.891532600 0.207161754
vn 0.7071204 0.0000000 -0.7070932
f 3178/3178/3178 3179/3179/3179 3180/3180/3180
v -0.5392100 0.0604346 0.7554347
vt 0.855571628 0.863506794
vn -0.7070898 0.7071238 0.0000000
v -0.5384347 0.0612099 0.7554347
vt 0.855572402 0.863794327
vn -0.7070898 0.7071238 0.0000000
v -0.5384347 0.0612099 0.7215654
vt 0.843126297 0.863794506
vn -0.7070898 0.7071238 0.0000000
f 3181/3181/3181 3182/3182/3182 3183/3183/3183
v -0.5392100 0.0604346 0.7554347
vt 0.855571628 0.863506794
vn -0.7070898 0.7071238 0.0000000
v -0.5384347 0.0612099 0.7215654
vt 0.843126297 0.863794506
vn -0.7070898 0.7071238 0.0000000
v -0.5392100 0.0604346 0.7215654
vt 0.843125641 0.863506973
vn -0.7070898 0.7071238 0.0000000
f 3184/3184/3184 3185/3185/3185 3186/3186/3186
v -0.3015654 0.0612099 0.7215654
vt 0.843126357 0.951066673
vn 0.0000000 1.0000000 0.0000000
v -0.5384347 0.0612099 0.7215654
vt 0.843126297 0.863794506
vn 0.0000000 1.0000000 0.0000000
v -0.5384347 0.0612099 0.7554347
vt 0.855572402 0.863794327
vn 0.0000000 1.0000000 0.0000000
f 3187/3187/3187 3188/3188/3188 3189/3189/3189
v -0.5384347 0.0612099 0.7554347
vt 0.855572402 0.863794327
vn 0.0000000 0.1607864 -0.9869892
v -0.5370001 0.0615992 0.7554981
vt 0.855595827 0.864323795
vn 0.0000000 0.1607864 -0.9869892
v -0.3015654 0.0612099 0.7554347
vt 0.855572343 0.951066434
vn 0.0000000 0.1607864 -0.9869892
f 3190/3190/3190 3191/3191/3191 3192/3192/3192
v -0.5384347 0.0612099 0.7554347
vt 0.855572402 0.863794327
vn 0.0000000 1.0000000 0.0000000
v -0.3015654 0.0612099 0.7554347
vt 0.855572343 0.951066434
vn 0.0000000 1.0000000 0.0000000
v -0.3015654 0.0612099 0.7215654
vt 0.843126357 0.951066673
vn 0.0000000 1.0000000 0.0000000
f 3193/3193/3193 3194/3194/3194 3195/3195/3195
v -0.3015654 -0.0572099 0.7554347
vt 0.877776742 0.106491759
vn 0.0000000 -0.7071238 0.7070898
v -0.3015654 -0.0564346 0.7562100
vt 0.878061116 0.106491759
vn 0.0000000 -0.7071238 0.7070898
v -0.5384347 -0.0564346 0.7562100
vt 0.878061116 0.193447605
vn 0.0000000 -0.7071238 0.7070898
f 3196/3196/3196 3197/3197/3197 3198/3198/3198
v -0.3015654 -0.0572099 0.7554347
vt 0.877776742 0.106491759
vn 0.0000000 -0.7071238 0.7070898
v -0.5384347 -0.0564346 0.7562100
vt 0.878061116 0.193447605
vn 0.0000000 -0.7071238 0.7070898
v -0.5384347 -0.0572099 0.7554347
vt 0.877776742 0.193447605
vn 0.0000000 -0.7071238 0.7070898
f 3199/3199/3199 3200/3200/3200 3201/3201/3201
v -0.5392100 -0.0564346 0.7554347
vt 0.677908838 0.936692894
vn -0.7070898 -0.7071238 0.0000000
v -0.5392100 -0.0564346 0.7215654
vt 0.690368295 0.936692953
vn -0.7070898 -0.7071238 0.0000000
v -0.5384347 -0.0572099 0.7215654
vt 0.690367937 0.936982810
vn -0.7070898 -0.7071238 0.0000000
f 3202/3202/3202 3203/3203/3203 3204/3204/3204
v -0.5392100 -0.0564346 0.7554347
vt 0.677908838 0.936692894
vn -0.7070898 -0.7071238 0.0000000
v -0.5384347 -0.0572099 0.7215654
vt 0.690367937 0.936982810
vn -0.7070898 -0.7071238 0.0000000
v -0.5384347 -0.0572099 0.7554347
vt 0.677908540 0.936982512
vn -0.7070898 -0.7071238 0.0000000
f 3205/3205/3205 3206/3206/3206 3207/3207/3207
v -0.5395993 -0.0550000 0.7215020
vt 0.690391779 0.936162055
vn -0.9651006 -0.2618792 0.0000000
v -0.5392100 -0.0564346 0.7215654
vt 0.690368295 0.936692953
vn -0.9651006 -0.2618792 0.0000000
v -0.5392100 -0.0564346 0.7554347
vt 0.677908838 0.936692894
vn -0.9651006 -0.2618792 0.0000000
f 3208/3208/3208 3209/3209/3209 3210/3210/3210
v -0.5392100 -0.0564346 0.7554347
vt 0.677908838 0.936692894
vn -0.1607954 0.0000000 -0.9869878
v -0.5395993 0.0590000 0.7554981
vt 0.677885652 0.894116879
vn -0.1607954 0.0000000 -0.9869878
v -0.5392100 0.0604346 0.7554347
vt 0.677908838 0.893589616
vn -0.1607954 0.0000000 -0.9869878
f 3211/3211/3211 3212/3212/3212 3213/3213/3213
v -0.5392100 0.0604346 0.7554347
vt 0.677908838 0.893589616
vn -0.9999944 0.0033723 0.0000000
v -0.5392100 0.0604346 0.7215654
vt 0.690368295 0.893589854
vn -0.9999944 0.0033723 0.0000000
v -0.5395993 -0.0550000 0.7215020
vt 0.690391779 0.936162055
vn -0.9999944 0.0033723 0.0000000
f 3214/3214/3214 3215/3215/3215 3216/3216/3216
v -0.5392100 -0.0564346 0.7554347
vt 0.677908838 0.936692894
vn -0.9999343 0.0000000 0.0114713
v -0.5392100 0.0604346 0.7554347
vt 0.677908838 0.893589616
vn -0.9999343 0.0000000 0.0114713
v -0.5395993 -0.0550000 0.7215020
vt 0.690391779 0.936162055
vn -0.9999343 0.0000000 0.0114713
f 3217/3217/3217 3218/3218/3218 3219/3219/3219
v -0.3015654 0.0604346 0.7207901
vt 0.376361609 0.873359740
vn 0.0000000 0.0000000 -1.0000000
v -0.3015654 -0.0564346 0.7207901
vt 0.418990254 0.873359740
vn 0.0000000 0.0000000 -1.0000000
v -0.5384347 -0.0564346 0.7207901
vt 0.418990254 0.959989011
vn 0.0000000 0.0000000 -1.0000000
f 3220/3220/3220 3221/3221/3221 3222/3222/3222
v -0.5384347 -0.0564346 0.7207901
vt 0.418990254 0.959989011
vn 0.9869878 0.0000000 -0.1607954
v -0.5384981 -0.0550000 0.7204008
vt 0.418466896 0.960012257
vn 0.9869878 0.0000000 -0.1607954
v -0.5384347 0.0604346 0.7207901
vt 0.376361609 0.959989011
vn 0.9869878 0.0000000 -0.1607954
f 3223/3223/3223 3224/3224/3224 3225/3225/3225
v -0.5384347 -0.0564346 0.7207901
vt 0.418990254 0.959989011
vn 0.0000000 0.0000000 -1.0000000
v -0.5384347 0.0604346 0.7207901
vt 0.376361609 0.959989011
vn 0.0000000 0.0000000 -1.0000000
v -0.3015654 0.0604346 0.7207901
vt 0.376361609 0.873359740
vn 0.0000000 0.0000000 -1.0000000
f 3226/3226/3226 3227/3227/3227 3228/3228/3228
o pz_barbecue_full_jorge_|_native_wood_side_table_slat.002
usemtl wood
v -0.3015654 0.1982099 0.7215654
vt 0.933873773 0.193767428
vn 0.0000000 0.7071272 -0.7070864
v -0.3015654 0.1974346 0.7207901
vt 0.933588266 0.193765551
vn 0.0000000 0.7071272 -0.7070864
v -0.5384347 0.1974346 0.7207901
vt 0.933588266 0.106493294
vn 0.0000000 0.7071272 -0.7070864
f 3229/3229/3229 3230/3230/3230 3231/3231/3231
v -0.3015654 0.1982099 0.7215654
vt 0.933873773 0.193767428
vn 0.0000000 0.7071272 -0.7070864
v -0.5384347 0.1974346 0.7207901
vt 0.933588266 0.106493294
vn 0.0000000 0.7071272 -0.7070864
v -0.5384347 0.1982099 0.7215654
vt 0.933873773 0.106495135
vn 0.0000000 0.7071272 -0.7070864
f 3232/3232/3232 3233/3233/3233 3234/3234/3234
v -0.3015654 0.0797901 0.7215654
vt 0.953197718 0.961056948
vn 0.5773558 -0.5773614 -0.5773336
v -0.3015654 0.0805654 0.7207901
vt 0.953483701 0.961056769
vn 0.5773558 -0.5773614 -0.5773336
v -0.3007901 0.0805654 0.7215654
vt 0.953198791 0.961342514
vn 0.5773558 -0.5773614 -0.5773336
f 3235/3235/3235 3236/3236/3236 3237/3237/3237
v -0.5370001 0.1985992 0.7554981
vt 0.946343303 0.107024461
vn 0.0016536 0.9999987 0.0000000
v -0.3015654 0.1982099 0.7554347
vt 0.946319759 0.193767250
vn 0.0016536 0.9999987 0.0000000
v -0.3015654 0.1982099 0.7215654
vt 0.933873773 0.193767428
vn 0.0016536 0.9999987 0.0000000
f 3238/3238/3238 3239/3239/3239 3240/3240/3240
v -0.3015654 0.1982099 0.7215654
vt 0.933873773 0.193767428
vn 0.0000000 1.0000000 0.0000000
v -0.5384347 0.1982099 0.7215654
vt 0.933873773 0.106495135
vn 0.0000000 1.0000000 0.0000000
v -0.5384347 0.1982099 0.7554347
vt 0.946319759 0.106495008
vn 0.0000000 1.0000000 0.0000000
f 3241/3241/3241 3242/3242/3242 3243/3243/3243
v -0.3015654 0.1982099 0.7215654
vt 0.933873773 0.193767428
vn -0.1168941 0.5639199 -0.8175147
v -0.5384347 0.1982099 0.7554347
vt 0.946319759 0.106495008
vn -0.1168941 0.5639199 -0.8175147
v -0.5370001 0.1985992 0.7554981
vt 0.946343303 0.107024461
vn -0.1168941 0.5639199 -0.8175147
f 3244/3244/3244 3245/3245/3245 3246/3246/3246
v -0.3015654 0.1982099 0.7215654
vt 0.910681129 0.874077976
vn 0.5773540 0.5773651 -0.5773318
v -0.3007901 0.1974346 0.7215654
vt 0.910683393 0.874364138
vn 0.5773540 0.5773651 -0.5773318
v -0.3015654 0.1974346 0.7207901
vt 0.910397708 0.874365747
vn 0.5773540 0.5773651 -0.5773318
f 3247/3247/3247 3248/3248/3248 3249/3249/3249
v -0.5392100 0.1974346 0.7554347
vt 0.946319044 0.106207453
vn -0.0604214 0.9963426 0.0604214
v -0.5384347 0.1974346 0.7562100
vt 0.946603954 0.106493115
vn -0.0604214 0.9963426 0.0604214
v -0.5370001 0.1974980 0.7565993
vt 0.946747065 0.107021816
vn -0.0604214 0.9963426 0.0604214
f 3250/3250/3250 3251/3251/3251 3252/3252/3252
v -0.5370001 0.1974980 0.7565993
vt 0.946747065 0.107021816
vn -0.2177944 0.6901278 0.6901371
v -0.5370001 0.1985992 0.7554981
vt 0.946343303 0.107024461
vn -0.2177944 0.6901278 0.6901371
v -0.5384347 0.1982099 0.7554347
vt 0.946319759 0.106495008
vn -0.2177944 0.6901278 0.6901371
f 3253/3253/3253 3254/3254/3254 3255/3255/3255
v -0.5370001 0.1974980 0.7565993
vt 0.946747065 0.107021816
vn -0.4304449 0.4304698 0.7933554
v -0.5384347 0.1982099 0.7554347
vt 0.946319759 0.106495008
vn -0.4304449 0.4304698 0.7933554
v -0.5392100 0.1974346 0.7554347
vt 0.946319044 0.106207453
vn -0.4304449 0.4304698 0.7933554
f 3256/3256/3256 3257/3257/3257 3258/3258/3258
v -0.3007901 0.0805654 0.7215654
vt 0.910947859 0.917473555
vn 1.0000000 0.0000000 0.0000000
v -0.3007901 0.1974346 0.7215654
vt 0.910683393 0.874364138
vn 1.0000000 0.0000000 0.0000000
v -0.3007901 0.1974346 0.7554347
vt 0.923143446 0.874287188
vn 1.0000000 0.0000000 0.0000000
f 3259/3259/3259 3260/3260/3260 3261/3261/3261
v -0.3007901 0.1974346 0.7554347
vt 0.923143446 0.874287188
vn 0.9650939 0.0000000 0.2619042
v -0.3007901 0.0805654 0.7554347
vt 0.923408031 0.917396665
vn 0.9650939 0.0000000 0.2619042
v -0.3004008 0.0805020 0.7540001
vt 0.922880709 0.917423368
vn 0.9650939 0.0000000 0.2619042
f 3262/3262/3262 3263/3263/3263 3264/3264/3264
v -0.3007901 0.1974346 0.7554347
vt 0.923143446 0.874287188
vn 0.9999220 0.0034762 -0.0119951
v -0.3004008 0.0805020 0.7540001
vt 0.922880709 0.917423368
vn 0.9999220 0.0034762 -0.0119951
v -0.3007901 0.0805654 0.7215654
vt 0.910947859 0.917473555
vn 0.9999220 0.0034762 -0.0119951
f 3265/3265/3265 3266/3266/3266 3267/3267/3267
v -0.5392100 0.1974346 0.7215654
vt 0.933873177 0.106207632
vn -0.5773392 0.5773725 -0.5773392
v -0.5384347 0.1982099 0.7215654
vt 0.933873773 0.106495135
vn -0.5773392 0.5773725 -0.5773392
v -0.5384347 0.1974346 0.7207901
vt 0.933588266 0.106493294
vn -0.5773392 0.5773725 -0.5773392
f 3268/3268/3268 3269/3269/3269 3270/3270/3270
v -0.5370001 0.1974980 0.7565993
vt 0.928158045 0.860737920
vn 0.0013595 0.7071265 0.7070858
v -0.3015654 0.1974346 0.7562100
vt 0.928134561 0.774308681
vn 0.0013595 0.7071265 0.7070858
v -0.3015654 0.1982099 0.7554347
vt 0.928417921 0.774308681
vn 0.0013595 0.7071265 0.7070858
f 3271/3271/3271 3272/3272/3272 3273/3273/3273
v -0.5370001 0.1974980 0.7565993
vt 0.928158045 0.860737920
vn 0.0013597 0.7071013 0.7071109
v -0.3015654 0.1982099 0.7554347
vt 0.928417921 0.774308681
vn 0.0013597 0.7071013 0.7071109
v -0.5370001 0.1985992 0.7554981
vt 0.928560555 0.860737920
vn 0.0013597 0.7071013 0.7071109
f 3274/3274/3274 3275/3275/3275 3276/3276/3276
v -0.5392100 0.0805654 0.7554347
vt 0.937141597 0.448649287
vn -0.5773410 -0.5773687 0.5773410
v -0.5384347 0.0797901 0.7554347
vt 0.937141240 0.448939025
vn -0.5773410 -0.5773687 0.5773410
v -0.5384347 0.0805654 0.7562100
vt 0.936856091 0.448653042
vn -0.5773410 -0.5773687 0.5773410
f 3277/3277/3277 3278/3278/3278 3279/3279/3279
v -0.3007901 0.0805654 0.7554347
vt 0.923408031 0.917396665
vn 0.6901294 -0.6901360 0.2177927
v -0.3015654 0.0797901 0.7554347
vt 0.923409343 0.917682588
vn 0.6901294 -0.6901360 0.2177927
v -0.3015020 0.0794008 0.7540001
vt 0.922882497 0.917829275
vn 0.6901294 -0.6901360 0.2177927
f 3280/3280/3280 3281/3281/3281 3282/3282/3282
v -0.3007901 0.0805654 0.7554347
vt 0.923408031 0.917396665
vn 0.6901361 -0.6901315 0.2177857
v -0.3015020 0.0794008 0.7540001
vt 0.922882497 0.917829275
vn 0.6901361 -0.6901315 0.2177857
v -0.3004008 0.0805020 0.7540001
vt 0.922880709 0.917423368
vn 0.6901361 -0.6901315 0.2177857
f 3283/3283/3283 3284/3284/3284 3285/3285/3285
v -0.5392100 0.1974346 0.7554347
vt 0.946319044 0.106207453
vn -0.7070864 0.7071272 0.0000000
v -0.5384347 0.1982099 0.7554347
vt 0.946319759 0.106495008
vn -0.7070864 0.7071272 0.0000000
v -0.5384347 0.1982099 0.7215654
vt 0.933873773 0.106495135
vn -0.7070864 0.7071272 0.0000000
f 3286/3286/3286 3287/3287/3287 3288/3288/3288
v -0.5392100 0.1974346 0.7554347
vt 0.946319044 0.106207453
vn -0.7070864 0.7071272 0.0000000
v -0.5384347 0.1982099 0.7215654
vt 0.933873773 0.106495135
vn -0.7070864 0.7071272 0.0000000
v -0.5392100 0.1974346 0.7215654
vt 0.933873177 0.106207632
vn -0.7070864 0.7071272 0.0000000
f 3289/3289/3289 3290/3290/3290 3291/3291/3291
v -0.3015654 0.0797901 0.7554347
vt 0.885061026 0.774308681
vn 0.5773558 -0.5773614 0.5773336
v -0.3007901 0.0805654 0.7554347
vt 0.885344803 0.774024069
vn 0.5773558 -0.5773614 0.5773336
v -0.3015654 0.0805654 0.7562100
vt 0.885345340 0.774308681
vn 0.5773558 -0.5773614 0.5773336
f 3292/3292/3292 3293/3293/3293 3294/3294/3294
v -0.3015654 0.1974346 0.7562100
vt 0.928134561 0.774308681
vn 0.7071204 0.0000000 0.7070932
v -0.3015654 0.0805654 0.7562100
vt 0.885345340 0.774308681
vn 0.7071204 0.0000000 0.7070932
v -0.3007901 0.0805654 0.7554347
vt 0.885344803 0.774024069
vn 0.7071204 0.0000000 0.7070932
f 3295/3295/3295 3296/3296/3296 3297/3297/3297
v -0.3015654 0.1974346 0.7562100
vt 0.928134561 0.774308681
vn 0.7071204 0.0000000 0.7070932
v -0.3007901 0.0805654 0.7554347
vt 0.885344803 0.774024069
vn 0.7071204 0.0000000 0.7070932
v -0.3007901 0.1974346 0.7554347
vt 0.928134143 0.774024069
vn 0.7071204 0.0000000 0.7070932
f 3298/3298/3298 3299/3299/3299 3300/3300/3300
v -0.3007901 0.1974346 0.7554347
vt 0.923143446 0.874287188
vn 0.5773540 0.5773651 0.5773318
v -0.3015654 0.1982099 0.7554347
vt 0.923141360 0.874001145
vn 0.5773540 0.5773651 0.5773318
v -0.3015654 0.1974346 0.7562100
vt 0.923428297 0.874285281
vn 0.5773540 0.5773651 0.5773318
f 3301/3301/3301 3302/3302/3302 3303/3303/3303
v -0.5384347 0.1974346 0.7207901
vt 0.115762718 0.955445528
vn -0.7071041 0.0027730 -0.7071041
v -0.5384981 0.0820000 0.7204008
vt 0.157868013 0.955468833
vn -0.7071041 0.0027730 -0.7071041
v -0.5395993 0.0820000 0.7215020
vt 0.157868192 0.955871701
vn -0.7071041 0.0027730 -0.7071041
f 3304/3304/3304 3305/3305/3305 3306/3306/3306
v -0.5384347 0.1974346 0.7207901
vt 0.115762718 0.955445528
vn -0.7071040 0.0027730 -0.7071041
v -0.5395993 0.0820000 0.7215020
vt 0.157868192 0.955871701
vn -0.7071040 0.0027730 -0.7071041
v -0.5392100 0.1974346 0.7215654
vt 0.115762897 0.955729187
vn -0.7071040 0.0027730 -0.7071041
f 3307/3307/3307 3308/3308/3308 3309/3309/3309
v -0.3015654 0.0797901 0.7554347
vt 0.885061026 0.774308681
vn 0.0000000 -0.7071238 0.7070898
v -0.3015654 0.0805654 0.7562100
vt 0.885345340 0.774308681
vn 0.0000000 -0.7071238 0.7070898
v -0.5384347 0.0805654 0.7562100
vt 0.885345340 0.861264527
vn 0.0000000 -0.7071238 0.7070898
f 3310/3310/3310 3311/3311/3311 3312/3312/3312
v -0.3015654 0.0797901 0.7554347
vt 0.885061026 0.774308681
vn 0.0000000 -0.7071238 0.7070898
v -0.5384347 0.0805654 0.7562100
vt 0.885345340 0.861264527
vn 0.0000000 -0.7071238 0.7070898
v -0.5384347 0.0797901 0.7554347
vt 0.885060966 0.861264527
vn 0.0000000 -0.7071238 0.7070898
f 3313/3313/3313 3314/3314/3314 3315/3315/3315
v -0.5384347 0.0797901 0.7215654
vt 0.949600637 0.448939115
vn -0.0604435 -0.0604464 -0.9963397
v -0.5392100 0.0805654 0.7215654
vt 0.949600935 0.448649466
vn -0.0604435 -0.0604464 -0.9963397
v -0.5395993 0.0820000 0.7215020
vt 0.949624598 0.448118508
vn -0.0604435 -0.0604464 -0.9963397
f 3316/3316/3316 3317/3317/3317 3318/3318/3318
v -0.5395993 0.0820000 0.7215020
vt 0.949624598 0.448118508
vn -0.6901353 -0.2177764 -0.6901353
v -0.5384981 0.0820000 0.7204008
vt 0.950029135 0.448123753
vn -0.6901353 -0.2177764 -0.6901353
v -0.5384347 0.0805654 0.7207901
vt 0.949885964 0.448653221
vn -0.6901353 -0.2177764 -0.6901353
f 3319/3319/3319 3320/3320/3320 3321/3321/3321
v -0.5395993 0.0820000 0.7215020
vt 0.949624598 0.448118508
vn -0.7933679 -0.4304563 -0.4304357
v -0.5384347 0.0805654 0.7207901
vt 0.949885964 0.448653221
vn -0.7933679 -0.4304563 -0.4304357
v -0.5384347 0.0797901 0.7215654
vt 0.949600637 0.448939115
vn -0.7933679 -0.4304563 -0.4304357
f 3322/3322/3322 3323/3323/3323 3324/3324/3324
v -0.5392100 0.0805654 0.7554347
vt 0.937141597 0.448649287
vn -0.7070898 -0.7071238 0.0000000
v -0.5392100 0.0805654 0.7215654
vt 0.949600935 0.448649466
vn -0.7070898 -0.7071238 0.0000000
v -0.5384347 0.0797901 0.7215654
vt 0.949600637 0.448939115
vn -0.7070898 -0.7071238 0.0000000
f 3325/3325/3325 3326/3326/3326 3327/3327/3327
v -0.5392100 0.0805654 0.7554347
vt 0.937141597 0.448649287
vn -0.7070898 -0.7071238 0.0000000
v -0.5384347 0.0797901 0.7215654
vt 0.949600637 0.448939115
vn -0.7070898 -0.7071238 0.0000000
v -0.5384347 0.0797901 0.7554347
vt 0.937141240 0.448939025
vn -0.7070898 -0.7071238 0.0000000
f 3328/3328/3328 3329/3329/3329 3330/3330/3330
v -0.3015020 0.0794008 0.7540001
vt 0.941279650 0.961080253
vn 0.0000000 -0.9650952 0.2618996
v -0.3015654 0.0797901 0.7554347
vt 0.940753043 0.961056888
vn 0.0000000 -0.9650952 0.2618996
v -0.5384347 0.0797901 0.7554347
vt 0.940753043 0.873791337
vn 0.0000000 -0.9650952 0.2618996
f 3331/3331/3331 3332/3332/3332 3333/3333/3333
v -0.5384347 0.0797901 0.7554347
vt 0.940753043 0.873791337
vn 0.0000000 -1.0000000 0.0000000
v -0.5384347 0.0797901 0.7215654
vt 0.953197718 0.873791337
vn 0.0000000 -1.0000000 0.0000000
v -0.3015654 0.0797901 0.7215654
vt 0.953197718 0.961056948
vn 0.0000000 -1.0000000 0.0000000
f 3334/3334/3334 3335/3335/3335 3336/3336/3336
v -0.5384347 0.0797901 0.7554347
vt 0.940753043 0.873791337
vn -0.0017156 -0.9999266 -0.0119983
v -0.3015654 0.0797901 0.7215654
vt 0.953197718 0.961056948
vn -0.0017156 -0.9999266 -0.0119983
v -0.3015020 0.0794008 0.7540001
vt 0.941279650 0.961080253
vn -0.0017156 -0.9999266 -0.0119983
f 3337/3337/3337 3338/3338/3338 3339/3339/3339
v -0.5395993 0.1960000 0.7554981
vt 0.937118411 0.406073272
vn -0.7071041 -0.0027730 0.7071041
v -0.5392100 0.0805654 0.7554347
vt 0.937141597 0.448649287
vn -0.7071041 -0.0027730 0.7071041
v -0.5384347 0.0805654 0.7562100
vt 0.936856091 0.448653042
vn -0.7071041 -0.0027730 0.7071041
f 3340/3340/3340 3341/3341/3341 3342/3342/3342
v -0.5395993 0.1960000 0.7554981
vt 0.937118411 0.406073272
vn -0.7071041 -0.0027730 0.7071040
v -0.5384347 0.0805654 0.7562100
vt 0.936856091 0.448653042
vn -0.7071041 -0.0027730 0.7071040
v -0.5384981 0.1960000 0.7565993
vt 0.936712921 0.406078607
vn -0.7071041 -0.0027730 0.7071040
f 3343/3343/3343 3344/3344/3344 3345/3345/3345
v -0.5384347 0.1974346 0.7207901
vt 0.115762718 0.955445528
vn 0.0000000 0.0000000 -1.0000000
v -0.3015654 0.1974346 0.7207901
vt 0.115762718 0.868816435
vn 0.0000000 0.0000000 -1.0000000
v -0.3015654 0.0805654 0.7207901
vt 0.158391327 0.868816435
vn 0.0000000 0.0000000 -1.0000000
f 3346/3346/3346 3347/3347/3347 3348/3348/3348
v -0.3015654 0.0805654 0.7207901
vt 0.158391327 0.868816435
vn 0.0000000 -0.2618792 -0.9651006
v -0.5384347 0.0805654 0.7207901
vt 0.158391327 0.955445647
vn 0.0000000 -0.2618792 -0.9651006
v -0.5384981 0.0820000 0.7204008
vt 0.157868013 0.955468833
vn 0.0000000 -0.2618792 -0.9651006
f 3349/3349/3349 3350/3350/3350 3351/3351/3351
v -0.3015654 0.0805654 0.7207901
vt 0.158391327 0.868816435
vn 0.0016634 0.0033713 -0.9999930
v -0.5384981 0.0820000 0.7204008
vt 0.157868013 0.955468833
vn 0.0016634 0.0033713 -0.9999930
v -0.5384347 0.1974346 0.7207901
vt 0.115762718 0.955445528
vn 0.0016634 0.0033713 -0.9999930
f 3352/3352/3352 3353/3353/3353 3354/3354/3354
v -0.5395993 0.1960000 0.7554981
vt 0.937118411 0.406073272
vn -0.9651009 0.2618779 0.0000000
v -0.5392100 0.1974346 0.7554347
vt 0.937141597 0.405546039
vn -0.9651009 0.2618779 0.0000000
v -0.5392100 0.1974346 0.7215654
vt 0.949600935 0.405546308
vn -0.9651009 0.2618779 0.0000000
f 3355/3355/3355 3356/3356/3356 3357/3357/3357
v -0.5392100 0.1974346 0.7215654
vt 0.949600935 0.405546308
vn -0.1607954 0.0000000 0.9869878
v -0.5395993 0.0820000 0.7215020
vt 0.949624598 0.448118508
vn -0.1607954 0.0000000 0.9869878
v -0.5392100 0.0805654 0.7215654
vt 0.949600935 0.448649466
vn -0.1607954 0.0000000 0.9869878
f 3358/3358/3358 3359/3359/3359 3360/3360/3360
v -0.5392100 0.0805654 0.7215654
vt 0.949600935 0.448649466
vn -0.9999944 -0.0033723 0.0000000
v -0.5392100 0.0805654 0.7554347
vt 0.937141597 0.448649287
vn -0.9999944 -0.0033723 0.0000000
v -0.5395993 0.1960000 0.7554981
vt 0.937118411 0.406073272
vn -0.9999944 -0.0033723 0.0000000
f 3361/3361/3361 3362/3362/3362 3363/3363/3363
v -0.5392100 0.1974346 0.7215654
vt 0.949600935 0.405546308
vn -0.9999342 0.0000000 -0.0114713
v -0.5392100 0.0805654 0.7215654
vt 0.949600935 0.448649466
vn -0.9999342 0.0000000 -0.0114713
v -0.5395993 0.1960000 0.7554981
vt 0.937118411 0.406073272
vn -0.9999342 0.0000000 -0.0114713
f 3364/3364/3364 3365/3365/3365 3366/3366/3366
v -0.3015654 0.0797901 0.7215654
vt 0.953197718 0.961056948
vn 0.0000000 -0.7071238 -0.7070898
v -0.5384347 0.0797901 0.7215654
vt 0.953197718 0.873791337
vn 0.0000000 -0.7071238 -0.7070898
v -0.5384347 0.0805654 0.7207901
vt 0.953483701 0.873791337
vn 0.0000000 -0.7071238 -0.7070898
f 3367/3367/3367 3368/3368/3368 3369/3369/3369
v -0.3015654 0.0797901 0.7215654
vt 0.953197718 0.961056948
vn 0.0000000 -0.7071238 -0.7070898
v -0.5384347 0.0805654 0.7207901
vt 0.953483701 0.873791337
vn 0.0000000 -0.7071238 -0.7070898
v -0.3015654 0.0805654 0.7207901
vt 0.953483701 0.961056769
vn 0.0000000 -0.7071238 -0.7070898
f 3370/3370/3370 3371/3371/3371 3372/3372/3372
v -0.3015654 0.1982099 0.7554347
vt 0.923141360 0.874001145
vn 0.7071000 0.7071136 0.0000000
v -0.3007901 0.1974346 0.7554347
vt 0.923143446 0.874287188
vn 0.7071000 0.7071136 0.0000000
v -0.3007901 0.1974346 0.7215654
vt 0.910683393 0.874364138
vn 0.7071000 0.7071136 0.0000000
f 3373/3373/3373 3374/3374/3374 3375/3375/3375
v -0.3015654 0.1982099 0.7554347
vt 0.923141360 0.874001145
vn 0.7071000 0.7071136 0.0000000
v -0.3007901 0.1974346 0.7215654
vt 0.910683393 0.874364138
vn 0.7071000 0.7071136 0.0000000
v -0.3015654 0.1982099 0.7215654
vt 0.910681129 0.874077976
vn 0.7071000 0.7071136 0.0000000
f 3376/3376/3376 3377/3377/3377 3378/3378/3378
v -0.3007901 0.1974346 0.7215654
vt 0.910683393 0.874364138
vn 0.7071204 0.0000000 -0.7070932
v -0.3007901 0.0805654 0.7215654
vt 0.910947859 0.917473555
vn 0.7071204 0.0000000 -0.7070932
v -0.3015654 0.0805654 0.7207901
vt 0.910662174 0.917475164
vn 0.7071204 0.0000000 -0.7070932
f 3379/3379/3379 3380/3380/3380 3381/3381/3381
v -0.3007901 0.1974346 0.7215654
vt 0.910683393 0.874364138
vn 0.7071204 0.0000000 -0.7070932
v -0.3015654 0.0805654 0.7207901
vt 0.910662174 0.917475164
vn 0.7071204 0.0000000 -0.7070932
v -0.3015654 0.1974346 0.7207901
vt 0.910397708 0.874365747
vn 0.7071204 0.0000000 -0.7070932
f 3382/3382/3382 3383/3383/3383 3384/3384/3384
v -0.3015020 0.0794008 0.7540001
vt 0.941279650 0.961080253
vn 0.7070690 -0.7070758 -0.0098693
v -0.3015654 0.0797901 0.7215654
vt 0.953197718 0.961056948
vn 0.7070690 -0.7070758 -0.0098693
v -0.3007901 0.0805654 0.7215654
vt 0.953198791 0.961342514
vn 0.7070690 -0.7070758 -0.0098693
f 3385/3385/3385 3386/3386/3386 3387/3387/3387
v -0.3015020 0.0794008 0.7540001
vt 0.941279650 0.961080253
vn 0.7070748 -0.7070699 -0.0098689
v -0.3007901 0.0805654 0.7215654
vt 0.953198791 0.961342514
vn 0.7070748 -0.7070699 -0.0098689
v -0.3004008 0.0805020 0.7540001
vt 0.941281199 0.961485863
vn 0.7070748 -0.7070699 -0.0098689
f 3388/3388/3388 3389/3389/3389 3390/3390/3390
v -0.5384347 0.1974346 0.7562100
vt 0.928134561 0.861264527
vn -0.6901355 0.2177753 0.6901355
v -0.5392100 0.1974346 0.7554347
vt 0.928134143 0.861549199
vn -0.6901355 0.2177753 0.6901355
v -0.5395993 0.1960000 0.7554981
vt 0.927608967 0.861692071
vn -0.6901355 0.2177753 0.6901355
f 3391/3391/3391 3392/3392/3392 3393/3393/3393
v -0.5384347 0.1974346 0.7562100
vt 0.928134561 0.861264527
vn -0.6901355 0.2177753 0.6901355
v -0.5395993 0.1960000 0.7554981
vt 0.927608967 0.861692071
vn -0.6901355 0.2177753 0.6901355
v -0.5384981 0.1960000 0.7565993
vt 0.927609682 0.861287773
vn -0.6901355 0.2177753 0.6901355
f 3394/3394/3394 3395/3395/3395 3396/3396/3396
v -0.3015654 0.0805654 0.7562100
vt 0.885345340 0.774308681
vn 0.0016534 0.0000000 0.9999986
v -0.3015654 0.1974346 0.7562100
vt 0.928134561 0.774308681
vn 0.0016534 0.0000000 0.9999986
v -0.5370001 0.1974980 0.7565993
vt 0.928158045 0.860737920
vn 0.0016534 0.0000000 0.9999986
f 3397/3397/3397 3398/3398/3398 3399/3399/3399
v -0.5370001 0.1974980 0.7565993
vt 0.928158045 0.860737920
vn -0.2634593 0.2634567 0.9279976
v -0.5384347 0.1974346 0.7562100
vt 0.928134561 0.861264527
vn -0.2634593 0.2634567 0.9279976
v -0.5384981 0.1960000 0.7565993
vt 0.927609682 0.861287773
vn -0.2634593 0.2634567 0.9279976
f 3400/3400/3400 3401/3401/3401 3402/3402/3402
v -0.5384981 0.1960000 0.7565993
vt 0.927609682 0.861287773
vn 0.0000000 -0.0033723 0.9999943
v -0.5384347 0.0805654 0.7562100
vt 0.885345340 0.861264527
vn 0.0000000 -0.0033723 0.9999943
v -0.3015654 0.0805654 0.7562100
vt 0.885345340 0.774308681
vn 0.0000000 -0.0033723 0.9999943
f 3403/3403/3403 3404/3404/3404 3405/3405/3405
v -0.5370001 0.1974980 0.7565993
vt 0.928158045 0.860737920
vn 0.0011048 -0.0011047 0.9999988
v -0.5384981 0.1960000 0.7565993
vt 0.927609682 0.861287773
vn 0.0011048 -0.0011047 0.9999988
v -0.3015654 0.0805654 0.7562100
vt 0.885345340 0.774308681
vn 0.0011048 -0.0011047 0.9999988
f 3406/3406/3406 3407/3407/3407 3408/3408/3408
o pz_barbecue_full_jorge_|_native_wood_side_table_slat.003
usemtl wood
v 0.5384347 -0.1942099 0.7215654
vt 0.321722478 0.960631549
vn 0.0000000 -0.7071204 -0.7070932
v 0.3015654 -0.1942099 0.7215654
vt 0.321722567 0.873365879
vn 0.0000000 -0.7071204 -0.7070932
v 0.3015654 -0.1934346 0.7207901
vt 0.322008550 0.873365879
vn 0.0000000 -0.7071204 -0.7070932
f 3409/3409/3409 3410/3410/3410 3411/3411/3411
v 0.5384347 -0.1942099 0.7215654
vt 0.321722478 0.960631549
vn 0.0000000 -0.7071204 -0.7070932
v 0.3015654 -0.1934346 0.7207901
vt 0.322008550 0.873365879
vn 0.0000000 -0.7071204 -0.7070932
v 0.5384347 -0.1934346 0.7207901
vt 0.322008550 0.960631549
vn 0.0000000 -0.7071204 -0.7070932
f 3412/3412/3412 3413/3413/3413 3414/3414/3414
v 0.3007901 -0.0765654 0.7554347
vt 0.087745555 0.814550757
vn -0.0604259 0.9963422 0.0604236
v 0.3015654 -0.0765654 0.7562100
vt 0.088030569 0.814836323
vn -0.0604259 0.9963422 0.0604236
v 0.3030000 -0.0765020 0.7565993
vt 0.088173658 0.815365076
vn -0.0604259 0.9963422 0.0604236
f 3415/3415/3415 3416/3416/3416 3417/3417/3417
v 0.3030000 -0.0765020 0.7565993
vt 0.088173658 0.815365076
vn -0.2177872 0.6901312 0.6901359
v 0.3030000 -0.0754008 0.7554981
vt 0.087770022 0.815367639
vn -0.2177872 0.6901312 0.6901359
v 0.3015654 -0.0757901 0.7554347
vt 0.087746263 0.814838231
vn -0.2177872 0.6901312 0.6901359
f 3418/3418/3418 3419/3419/3419 3420/3420/3420
v 0.3030000 -0.0765020 0.7565993
vt 0.088173658 0.815365076
vn -0.4304494 0.4304535 0.7933620
v 0.3015654 -0.0757901 0.7554347
vt 0.087746263 0.814838231
vn -0.4304494 0.4304535 0.7933620
v 0.3007901 -0.0765654 0.7554347
vt 0.087745555 0.814550757
vn -0.4304494 0.4304535 0.7933620
f 3421/3421/3421 3422/3422/3422 3423/3423/3423
v 0.3015654 -0.0757901 0.7215654
vt 0.075300492 0.814838290
vn 0.0000000 0.7071238 -0.7070898
v 0.5384347 -0.0757901 0.7215654
vt 0.075300403 0.902110577
vn 0.0000000 0.7071238 -0.7070898
v 0.5384347 -0.0765654 0.7207901
vt 0.075014852 0.902108788
vn 0.0000000 0.7071238 -0.7070898
f 3424/3424/3424 3425/3425/3425 3426/3426/3426
v 0.3015654 -0.0757901 0.7215654
vt 0.075300492 0.814838290
vn 0.0000000 0.7071238 -0.7070898
v 0.5384347 -0.0765654 0.7207901
vt 0.075014852 0.902108788
vn 0.0000000 0.7071238 -0.7070898
v 0.3015654 -0.0765654 0.7207901
vt 0.075014852 0.814836681
vn 0.0000000 0.7071238 -0.7070898
f 3427/3427/3427 3428/3428/3428 3429/3429/3429
v 0.5384347 -0.1942099 0.7215654
vt 0.321722478 0.960631549
vn 0.5773429 -0.5773650 -0.5773429
v 0.5384347 -0.1934346 0.7207901
vt 0.322008550 0.960631549
vn 0.5773429 -0.5773650 -0.5773429
v 0.5392100 -0.1934346 0.7215654
vt 0.321723640 0.960917175
vn 0.5773429 -0.5773650 -0.5773429
f 3430/3430/3430 3431/3431/3431 3432/3432/3432
v 0.5384347 -0.0757901 0.7215654
vt 0.838810265 0.203390956
vn 0.5773410 0.5773687 -0.5773410
v 0.5392100 -0.0765654 0.7215654
vt 0.838812530 0.203677133
vn 0.5773410 0.5773687 -0.5773410
v 0.5384347 -0.0765654 0.7207901
vt 0.838526785 0.203678727
vn 0.5773410 0.5773687 -0.5773410
f 3433/3433/3433 3434/3434/3434 3435/3435/3435
v 0.3007901 -0.0765654 0.7215654
vt 0.075299695 0.814550936
vn -0.5773558 0.5773614 -0.5773336
v 0.3015654 -0.0757901 0.7215654
vt 0.075300492 0.814838290
vn -0.5773558 0.5773614 -0.5773336
v 0.3015654 -0.0765654 0.7207901
vt 0.075014852 0.814836681
vn -0.5773558 0.5773614 -0.5773336
f 3436/3436/3436 3437/3437/3437 3438/3438/3438
v 0.5384347 -0.0765654 0.7562100
vt 0.920850396 0.006511885
vn 0.7071068 0.0000000 0.7071068
v 0.5384347 -0.1934346 0.7562100
vt 0.878061056 0.006511885
vn 0.7071068 0.0000000 0.7071068
v 0.5392100 -0.1934346 0.7554347
vt 0.878060579 0.006227312
vn 0.7071068 0.0000000 0.7071068
f 3439/3439/3439 3440/3440/3440 3441/3441/3441
v 0.5384347 -0.0765654 0.7562100
vt 0.920850396 0.006511885
vn 0.7071068 0.0000000 0.7071068
v 0.5392100 -0.1934346 0.7554347
vt 0.878060579 0.006227312
vn 0.7071068 0.0000000 0.7071068
v 0.5392100 -0.0765654 0.7554347
vt 0.920849860 0.006227312
vn 0.7071068 0.0000000 0.7071068
f 3442/3442/3442 3443/3443/3443 3444/3444/3444
v 0.3015654 -0.1942099 0.7554347
vt 0.543975413 0.936988592
vn -0.7071068 -0.7071068 0.0000000
v 0.3007901 -0.1934346 0.7554347
vt 0.543975711 0.936698854
vn -0.7071068 -0.7071068 0.0000000
v 0.3007901 -0.1934346 0.7215654
vt 0.556434989 0.936699152
vn -0.7071068 -0.7071068 0.0000000
f 3445/3445/3445 3446/3446/3446 3447/3447/3447
v 0.3015654 -0.1942099 0.7554347
vt 0.543975413 0.936988592
vn -0.7071068 -0.7071068 0.0000000
v 0.3007901 -0.1934346 0.7215654
vt 0.556434989 0.936699152
vn -0.7071068 -0.7071068 0.0000000
v 0.3015654 -0.1942099 0.7215654
vt 0.556434691 0.936988711
vn -0.7071068 -0.7071068 0.0000000
f 3448/3448/3448 3449/3449/3449 3450/3450/3450
v 0.3007901 -0.1934346 0.7554347
vt 0.543975711 0.936698854
vn -0.5773577 -0.5773577 0.5773355
v 0.3015654 -0.1942099 0.7554347
vt 0.543975413 0.936988592
vn -0.5773577 -0.5773577 0.5773355
v 0.3015654 -0.1934346 0.7562100
vt 0.543690145 0.936702609
vn -0.5773577 -0.5773577 0.5773355
f 3451/3451/3451 3452/3452/3452 3453/3453/3453
v 0.3007901 -0.0765654 0.7554347
vt 0.087745555 0.814550757
vn -0.7071034 0.7071102 0.0000000
v 0.3015654 -0.0757901 0.7554347
vt 0.087746263 0.814838231
vn -0.7071034 0.7071102 0.0000000
v 0.3015654 -0.0757901 0.7215654
vt 0.075300492 0.814838290
vn -0.7071034 0.7071102 0.0000000
f 3454/3454/3454 3455/3455/3455 3456/3456/3456
v 0.3007901 -0.0765654 0.7554347
vt 0.087745555 0.814550757
vn -0.7071034 0.7071102 0.0000000
v 0.3015654 -0.0757901 0.7215654
vt 0.075300492 0.814838290
vn -0.7071034 0.7071102 0.0000000
v 0.3007901 -0.0765654 0.7215654
vt 0.075299695 0.814550936
vn -0.7071034 0.7071102 0.0000000
f 3457/3457/3457 3458/3458/3458 3459/3459/3459
v 0.5384347 -0.1942099 0.7554347
vt 0.877776742 0.006512063
vn 0.5773429 -0.5773650 0.5773429
v 0.5392100 -0.1934346 0.7554347
vt 0.878060579 0.006227312
vn 0.5773429 -0.5773650 0.5773429
v 0.5384347 -0.1934346 0.7562100
vt 0.878061056 0.006511885
vn 0.5773429 -0.5773650 0.5773429
f 3460/3460/3460 3461/3461/3461 3462/3462/3462
v 0.5384347 -0.0765654 0.7562100
vt 0.920850396 0.006511885
vn 0.0013597 0.7071232 0.7070891
v 0.5384347 -0.0757901 0.7554347
vt 0.921133757 0.006511974
vn 0.0013597 0.7071232 0.7070891
v 0.3030000 -0.0754008 0.7554981
vt 0.921276331 0.092941307
vn 0.0013597 0.7071232 0.7070891
f 3463/3463/3463 3464/3464/3464 3465/3465/3465
v 0.5384347 -0.0765654 0.7562100
vt 0.920850396 0.006511885
vn 0.0013596 0.7071037 0.7071085
v 0.3030000 -0.0754008 0.7554981
vt 0.921276331 0.092941307
vn 0.0013596 0.7071037 0.7071085
v 0.3030000 -0.0765020 0.7565993
vt 0.920873880 0.092941217
vn 0.0013596 0.7071037 0.7071085
f 3466/3466/3466 3467/3467/3467 3468/3468/3468
v 0.5392100 -0.0765654 0.7554347
vt 0.851272643 0.203600153
vn 0.5773410 0.5773687 0.5773410
v 0.5384347 -0.0757901 0.7554347
vt 0.851270437 0.203314066
vn 0.5773410 0.5773687 0.5773410
v 0.5384347 -0.0765654 0.7562100
vt 0.851557374 0.203598380
vn 0.5773410 0.5773687 0.5773410
f 3469/3469/3469 3470/3470/3470 3471/3471/3471
v 0.3015654 -0.1942099 0.7215654
vt 0.556434691 0.936988711
vn -0.0604496 -0.0604496 -0.9963391
v 0.3007901 -0.1934346 0.7215654
vt 0.556434989 0.936699152
vn -0.0604496 -0.0604496 -0.9963391
v 0.3004008 -0.1920000 0.7215020
vt 0.556458652 0.936168075
vn -0.0604496 -0.0604496 -0.9963391
f 3472/3472/3472 3473/3473/3473 3474/3474/3474
v 0.3004008 -0.1920000 0.7215020
vt 0.556458652 0.936168075
vn -0.6901351 -0.2177774 -0.6901351
v 0.3015020 -0.1920000 0.7204008
vt 0.556863248 0.936173499
vn -0.6901351 -0.2177774 -0.6901351
v 0.3015654 -0.1934346 0.7207901
vt 0.556720018 0.936702907
vn -0.6901351 -0.2177774 -0.6901351
f 3475/3475/3475 3476/3476/3476 3477/3477/3477
v 0.3004008 -0.1920000 0.7215020
vt 0.556458652 0.936168075
vn -0.7933664 -0.4304557 -0.4304391
v 0.3015654 -0.1934346 0.7207901
vt 0.556720018 0.936702907
vn -0.7933664 -0.4304557 -0.4304391
v 0.3015654 -0.1942099 0.7215654
vt 0.556434691 0.936988711
vn -0.7933664 -0.4304557 -0.4304391
f 3478/3478/3478 3479/3479/3479 3480/3480/3480
v 0.3015654 -0.0765654 0.7562100
vt 0.920850396 0.093467832
vn -0.6901460 0.2177929 0.6901194
v 0.3007901 -0.0765654 0.7554347
vt 0.920849919 0.093752407
vn -0.6901460 0.2177929 0.6901194
v 0.3004008 -0.0780000 0.7554981
vt 0.920324683 0.093895406
vn -0.6901460 0.2177929 0.6901194
f 3481/3481/3481 3482/3482/3482 3483/3483/3483
v 0.3015654 -0.0765654 0.7562100
vt 0.920850396 0.093467832
vn -0.6901353 0.2177764 0.6901353
v 0.3004008 -0.0780000 0.7554981
vt 0.920324683 0.093895406
vn -0.6901353 0.2177764 0.6901353
v 0.3015020 -0.0780000 0.7565993
vt 0.920325398 0.093491055
vn -0.6901353 0.2177764 0.6901353
f 3484/3484/3484 3485/3485/3485 3486/3486/3486
v 0.3015654 -0.1934346 0.7562100
vt 0.878061116 0.093467832
vn 0.0000000 0.0000000 1.0000000
v 0.5384347 -0.1934346 0.7562100
vt 0.878061056 0.006511885
vn 0.0000000 0.0000000 1.0000000
v 0.5384347 -0.0765654 0.7562100
vt 0.920850396 0.006511885
vn 0.0000000 0.0000000 1.0000000
f 3487/3487/3487 3488/3488/3488 3489/3489/3489
v 0.5384347 -0.0765654 0.7562100
vt 0.920850396 0.006511885
vn 0.0000000 -0.9869968 0.1607402
v 0.3030000 -0.0765020 0.7565993
vt 0.920873880 0.092941217
vn 0.0000000 -0.9869968 0.1607402
v 0.3015654 -0.0765654 0.7562100
vt 0.920850396 0.093467832
vn 0.0000000 -0.9869968 0.1607402
f 3490/3490/3490 3491/3491/3491 3492/3492/3492
v 0.3015654 -0.0765654 0.7562100
vt 0.920850396 0.093467832
vn 0.9869878 0.0000000 0.1607955
v 0.3015020 -0.0780000 0.7565993
vt 0.920325398 0.093491055
vn 0.9869878 0.0000000 0.1607955
v 0.3015654 -0.1934346 0.7562100
vt 0.878061116 0.093467832
vn 0.9869878 0.0000000 0.1607955
f 3493/3493/3493 3494/3494/3494 3495/3495/3495
v 0.5384347 -0.0765654 0.7562100
vt 0.920850396 0.006511885
vn 0.0000000 0.0000000 1.0000000
v 0.3015654 -0.0765654 0.7562100
vt 0.920850396 0.093467832
vn 0.0000000 0.0000000 1.0000000
v 0.3015654 -0.1934346 0.7562100
vt 0.878061116 0.093467832
vn 0.0000000 0.0000000 1.0000000
f 3496/3496/3496 3497/3497/3497 3498/3498/3498
v 0.3004008 -0.0780000 0.7554981
vt 0.543952465 0.894122958
vn -0.9650956 0.2618979 0.0000000
v 0.3007901 -0.0765654 0.7554347
vt 0.543975711 0.893595695
vn -0.9650956 0.2618979 0.0000000
v 0.3007901 -0.0765654 0.7215654
vt 0.556435049 0.893595874
vn -0.9650956 0.2618979 0.0000000
f 3499/3499/3499 3500/3500/3500 3501/3501/3501
v 0.3007901 -0.0765654 0.7215654
vt 0.556435049 0.893595874
vn -0.1607834 0.0000000 0.9869897
v 0.3004008 -0.1920000 0.7215020
vt 0.556458652 0.936168075
vn -0.1607834 0.0000000 0.9869897
v 0.3007901 -0.1934346 0.7215654
vt 0.556434989 0.936699152
vn -0.1607834 0.0000000 0.9869897
f 3502/3502/3502 3503/3503/3503 3504/3504/3504
v 0.3007901 -0.1934346 0.7215654
vt 0.556434989 0.936699152
vn -0.9999944 -0.0033725 0.0000000
v 0.3007901 -0.1934346 0.7554347
vt 0.543975711 0.936698854
vn -0.9999944 -0.0033725 0.0000000
v 0.3004008 -0.0780000 0.7554981
vt 0.543952465 0.894122958
vn -0.9999944 -0.0033725 0.0000000
f 3505/3505/3505 3506/3506/3506 3507/3507/3507
v 0.3007901 -0.0765654 0.7215654
vt 0.556435049 0.893595874
vn -0.9999341 0.0000000 -0.0114722
v 0.3007901 -0.1934346 0.7215654
vt 0.556434989 0.936699152
vn -0.9999341 0.0000000 -0.0114722
v 0.3004008 -0.0780000 0.7554981
vt 0.543952465 0.894122958
vn -0.9999341 0.0000000 -0.0114722
f 3508/3508/3508 3509/3509/3509 3510/3510/3510
v 0.5392100 -0.1934346 0.7215654
vt 0.839076996 0.246786609
vn 1.0000000 0.0000000 0.0000000
v 0.5392100 -0.0765654 0.7215654
vt 0.838812530 0.203677133
vn 1.0000000 0.0000000 0.0000000
v 0.5392100 -0.0765654 0.7554347
vt 0.851272643 0.203600153
vn 1.0000000 0.0000000 0.0000000
f 3511/3511/3511 3512/3512/3512 3513/3513/3513
v 0.5392100 -0.0765654 0.7554347
vt 0.851272643 0.203600153
vn 0.9650990 0.0000000 0.2618856
v 0.5392100 -0.1934346 0.7554347
vt 0.851537108 0.246709645
vn 0.9650990 0.0000000 0.2618856
v 0.5395993 -0.1934980 0.7540001
vt 0.851009727 0.246736333
vn 0.9650990 0.0000000 0.2618856
f 3514/3514/3514 3515/3515/3515 3516/3516/3516
v 0.5392100 -0.0765654 0.7554347
vt 0.851272643 0.203600153
vn 0.9999220 0.0034760 -0.0119942
v 0.5395993 -0.1934980 0.7540001
vt 0.851009727 0.246736333
vn 0.9999220 0.0034760 -0.0119942
v 0.5392100 -0.1934346 0.7215654
vt 0.839076996 0.246786609
vn 0.9999220 0.0034760 -0.0119942
f 3517/3517/3517 3518/3518/3518 3519/3519/3519
v 0.3004008 -0.0780000 0.7554981
vt 0.543952465 0.894122958
vn -0.7071177 -0.0027733 0.7070905
v 0.3007901 -0.1934346 0.7554347
vt 0.543975711 0.936698854
vn -0.7071177 -0.0027733 0.7070905
v 0.3015654 -0.1934346 0.7562100
vt 0.543690145 0.936702609
vn -0.7071177 -0.0027733 0.7070905
f 3520/3520/3520 3521/3521/3521 3522/3522/3522
v 0.3004008 -0.0780000 0.7554981
vt 0.543952465 0.894122958
vn -0.7071041 -0.0027730 0.7071040
v 0.3015654 -0.1934346 0.7562100
vt 0.543690145 0.936702609
vn -0.7071041 -0.0027730 0.7071040
v 0.3015020 -0.0780000 0.7565993
vt 0.543546975 0.894128263
vn -0.7071041 -0.0027730 0.7071040
f 3523/3523/3523 3524/3524/3524 3525/3525/3525
v 0.5392100 -0.0765654 0.7215654
vt 0.838812530 0.203677133
vn 0.7071068 0.0000000 -0.7071068
v 0.5392100 -0.1934346 0.7215654
vt 0.839076996 0.246786609
vn 0.7071068 0.0000000 -0.7071068
v 0.5384347 -0.1934346 0.7207901
vt 0.838791311 0.246788129
vn 0.7071068 0.0000000 -0.7071068
f 3526/3526/3526 3527/3527/3527 3528/3528/3528
v 0.5392100 -0.0765654 0.7215654
vt 0.838812530 0.203677133
vn 0.7071068 0.0000000 -0.7071068
v 0.5384347 -0.1934346 0.7207901
vt 0.838791311 0.246788129
vn 0.7071068 0.0000000 -0.7071068
v 0.5384347 -0.0765654 0.7207901
vt 0.838526785 0.203678727
vn 0.7071068 0.0000000 -0.7071068
f 3529/3529/3529 3530/3530/3530 3531/3531/3531
v 0.5384347 -0.1942099 0.7554347
vt 0.309277862 0.960631549
vn 0.0000000 -1.0000000 0.0000000
v 0.3015654 -0.1942099 0.7554347
vt 0.309277862 0.873365879
vn 0.0000000 -1.0000000 0.0000000
v 0.3015654 -0.1942099 0.7215654
vt 0.321722567 0.873365879
vn 0.0000000 -1.0000000 0.0000000
f 3532/3532/3532 3533/3533/3533 3534/3534/3534
v 0.3015654 -0.1942099 0.7215654
vt 0.321722567 0.873365879
vn 0.0000000 -0.9999281 -0.0120015
v 0.5384347 -0.1942099 0.7215654
vt 0.321722478 0.960631549
vn 0.0000000 -0.9999281 -0.0120015
v 0.5384981 -0.1945992 0.7540001
vt 0.309804380 0.960654914
vn 0.0000000 -0.9999281 -0.0120015
f 3535/3535/3535 3536/3536/3536 3537/3537/3537
v 0.3015654 -0.1942099 0.7215654
vt 0.321722567 0.873365879
vn -0.0372026 -0.9648429 0.2601814
v 0.5384981 -0.1945992 0.7540001
vt 0.309804380 0.960654914
vn -0.0372026 -0.9648429 0.2601814
v 0.5384347 -0.1942099 0.7554347
vt 0.309277862 0.960631549
vn -0.0372026 -0.9648429 0.2601814
f 3538/3538/3538 3539/3539/3539 3540/3540/3540
v 0.5384347 -0.1942099 0.7215654
vt 0.321722478 0.960631549
vn 0.7070588 -0.7070860 -0.0098683
v 0.5392100 -0.1934346 0.7215654
vt 0.321723640 0.960917175
vn 0.7070588 -0.7070860 -0.0098683
v 0.5395993 -0.1934980 0.7540001
vt 0.309805989 0.961060643
vn 0.7070588 -0.7070860 -0.0098683
f 3541/3541/3541 3542/3542/3542 3543/3543/3543
v 0.5384347 -0.1942099 0.7215654
vt 0.321722478 0.960631549
vn 0.7070724 -0.7070724 -0.0098691
v 0.5395993 -0.1934980 0.7540001
vt 0.309805989 0.961060643
vn 0.7070724 -0.7070724 -0.0098691
v 0.5384981 -0.1945992 0.7540001
vt 0.309804380 0.960654914
vn 0.7070724 -0.7070724 -0.0098691
f 3544/3544/3544 3545/3545/3545 3546/3546/3546
v 0.3015654 -0.0765654 0.7207901
vt 0.249934629 0.943022847
vn -0.7071041 0.0027730 -0.7071041
v 0.3015020 -0.1920000 0.7204008
vt 0.292039961 0.943045974
vn -0.7071041 0.0027730 -0.7071041
v 0.3004008 -0.1920000 0.7215020
vt 0.292040139 0.943448722
vn -0.7071041 0.0027730 -0.7071041
f 3547/3547/3547 3548/3548/3548 3549/3549/3549
v 0.3015654 -0.0765654 0.7207901
vt 0.249934629 0.943022847
vn -0.7071176 0.0027733 -0.7070905
v 0.3004008 -0.1920000 0.7215020
vt 0.292040139 0.943448722
vn -0.7071176 0.0027733 -0.7070905
v 0.3007901 -0.0765654 0.7215654
vt 0.249934778 0.943306267
vn -0.7071176 0.0027733 -0.7070905
f 3550/3550/3550 3551/3551/3551 3552/3552/3552
v 0.3015654 -0.0757901 0.7215654
vt 0.075300492 0.814838290
vn -0.2618945 0.9650965 0.0000000
v 0.3015654 -0.0757901 0.7554347
vt 0.087746263 0.814838231
vn -0.2618945 0.9650965 0.0000000
v 0.3030000 -0.0754008 0.7554981
vt 0.087770022 0.815367639
vn -0.2618945 0.9650965 0.0000000
f 3553/3553/3553 3554/3554/3554 3555/3555/3555
v 0.3030000 -0.0754008 0.7554981
vt 0.087770022 0.815367639
vn 0.0016535 0.9999987 0.0000000
v 0.5384347 -0.0757901 0.7554347
vt 0.087746263 0.902110517
vn 0.0016535 0.9999987 0.0000000
v 0.5384347 -0.0757901 0.7215654
vt 0.075300403 0.902110577
vn 0.0016535 0.9999987 0.0000000
f 3556/3556/3556 3557/3557/3557 3558/3558/3558
v 0.3030000 -0.0754008 0.7554981
vt 0.087770022 0.815367639
vn 0.0000000 0.9999342 -0.0114720
v 0.5384347 -0.0757901 0.7215654
vt 0.075300403 0.902110577
vn 0.0000000 0.9999342 -0.0114720
v 0.3015654 -0.0757901 0.7215654
vt 0.075300492 0.814838290
vn 0.0000000 0.9999342 -0.0114720
f 3559/3559/3559 3560/3560/3560 3561/3561/3561
v 0.5392100 -0.0765654 0.7554347
vt 0.851272643 0.203600153
vn 0.7070898 0.7071238 0.0000000
v 0.5392100 -0.0765654 0.7215654
vt 0.838812530 0.203677133
vn 0.7070898 0.7071238 0.0000000
v 0.5384347 -0.0757901 0.7215654
vt 0.838810265 0.203390956
vn 0.7070898 0.7071238 0.0000000
f 3562/3562/3562 3563/3563/3563 3564/3564/3564
v 0.5392100 -0.0765654 0.7554347
vt 0.851272643 0.203600153
vn 0.7070898 0.7071238 0.0000000
v 0.5384347 -0.0757901 0.7215654
vt 0.838810265 0.203390956
vn 0.7070898 0.7071238 0.0000000
v 0.5384347 -0.0757901 0.7554347
vt 0.851270437 0.203314066
vn 0.7070898 0.7071238 0.0000000
f 3565/3565/3565 3566/3566/3566 3567/3567/3567
v 0.3015020 -0.1920000 0.7204008
vt 0.292039961 0.943045974
vn 0.0000000 0.0033723 -0.9999944
v 0.3015654 -0.0765654 0.7207901
vt 0.249934629 0.943022847
vn 0.0000000 0.0033723 -0.9999944
v 0.5384347 -0.0765654 0.7207901
vt 0.249934629 0.856393456
vn 0.0000000 0.0033723 -0.9999944
f 3568/3568/3568 3569/3569/3569 3570/3570/3570
v 0.5384347 -0.0765654 0.7207901
vt 0.249934629 0.856393456
vn 0.0000000 0.0000000 -1.0000000
v 0.5384347 -0.1934346 0.7207901
vt 0.292563289 0.856393456
vn 0.0000000 0.0000000 -1.0000000
v 0.3015654 -0.1934346 0.7207901
vt 0.292563289 0.943022847
vn 0.0000000 0.0000000 -1.0000000
f 3571/3571/3571 3572/3572/3572 3573/3573/3573
v 0.5384347 -0.0765654 0.7207901
vt 0.249934629 0.856393456
vn 0.1256316 -0.2546289 -0.9588435
v 0.3015654 -0.1934346 0.7207901
vt 0.292563289 0.943022847
vn 0.1256316 -0.2546289 -0.9588435
v 0.3015020 -0.1920000 0.7204008
vt 0.292039961 0.943045974
vn 0.1256316 -0.2546289 -0.9588435
f 3574/3574/3574 3575/3575/3575 3576/3576/3576
v 0.5384347 -0.1934346 0.7562100
vt 0.878061056 0.006511885
vn 0.0000000 -0.7071204 0.7070932
v 0.3015654 -0.1934346 0.7562100
vt 0.878061116 0.093467832
vn 0.0000000 -0.7071204 0.7070932
v 0.3015654 -0.1942099 0.7554347
vt 0.877776742 0.093467832
vn 0.0000000 -0.7071204 0.7070932
f 3577/3577/3577 3578/3578/3578 3579/3579/3579
v 0.5384347 -0.1934346 0.7562100
vt 0.878061056 0.006511885
vn 0.0000000 -0.7071204 0.7070932
v 0.3015654 -0.1942099 0.7554347
vt 0.877776742 0.093467832
vn 0.0000000 -0.7071204 0.7070932
v 0.5384347 -0.1942099 0.7554347
vt 0.877776742 0.006512063
vn 0.0000000 -0.7071204 0.7070932
f 3580/3580/3580 3581/3581/3581 3582/3582/3582
v 0.5392100 -0.1934346 0.7554347
vt 0.851537108 0.246709645
vn 0.6901197 -0.6901462 0.2177915
v 0.5384347 -0.1942099 0.7554347
vt 0.851538420 0.246995553
vn 0.6901197 -0.6901462 0.2177915
v 0.5384981 -0.1945992 0.7540001
vt 0.851011574 0.247142464
vn 0.6901197 -0.6901462 0.2177915
f 3583/3583/3583 3584/3584/3584 3585/3585/3585
v 0.5392100 -0.1934346 0.7554347
vt 0.851537108 0.246709645
vn 0.6901355 -0.6901355 0.2177749
v 0.5384981 -0.1945992 0.7540001
vt 0.851011574 0.247142464
vn 0.6901355 -0.6901355 0.2177749
v 0.5395993 -0.1934980 0.7540001
vt 0.851009727 0.246736333
vn 0.6901355 -0.6901355 0.2177749
f 3586/3586/3586 3587/3587/3587 3588/3588/3588
o pz_barbecue_full_jorge_|_native_wood_side_table_slat.004
usemtl wood
v 0.3015020 0.0590000 0.7565993
vt 0.048775584 0.901899695
vn 0.0000000 -0.0033723 0.9999944
v 0.3015654 -0.0564346 0.7562100
vt 0.006511296 0.901876390
vn 0.0000000 -0.0033723 0.9999944
v 0.5384347 -0.0564346 0.7562100
vt 0.006511296 0.814920485
vn 0.0000000 -0.0033723 0.9999944
f 3589/3589/3589 3590/3590/3590 3591/3591/3591
v 0.5384347 -0.0564346 0.7562100
vt 0.006511296 0.814920485
vn 0.0016534 0.0000000 0.9999986
v 0.5384347 0.0604346 0.7562100
vt 0.049300548 0.814920485
vn 0.0016534 0.0000000 0.9999986
v 0.3030000 0.0604980 0.7565993
vt 0.049324017 0.901349783
vn 0.0016534 0.0000000 0.9999986
f 3592/3592/3592 3593/3593/3593 3594/3594/3594
v 0.3030000 0.0604980 0.7565993
vt 0.049324017 0.901349783
vn -0.2634561 0.2634587 0.9279981
v 0.3015654 0.0604346 0.7562100
vt 0.049300592 0.901876390
vn -0.2634561 0.2634587 0.9279981
v 0.3015020 0.0590000 0.7565993
vt 0.048775584 0.901899695
vn -0.2634561 0.2634587 0.9279981
f 3595/3595/3595 3596/3596/3596 3597/3597/3597
v 0.5384347 -0.0564346 0.7562100
vt 0.006511296 0.814920485
vn 0.0011047 -0.0011048 0.9999989
v 0.3030000 0.0604980 0.7565993
vt 0.049324017 0.901349783
vn 0.0011047 -0.0011048 0.9999989
v 0.3015020 0.0590000 0.7565993
vt 0.048775584 0.901899695
vn 0.0011047 -0.0011048 0.9999989
f 3598/3598/3598 3599/3599/3599 3600/3600/3600
v 0.3015654 0.0612099 0.7554347
vt 0.946319640 0.006515178
vn -0.7071034 0.7071102 0.0000000
v 0.3015654 0.0612099 0.7215654
vt 0.933873594 0.006515364
vn -0.7071034 0.7071102 0.0000000
v 0.3007901 0.0604346 0.7215654
vt 0.933872998 0.006227860
vn -0.7071034 0.7071102 0.0000000
f 3601/3601/3601 3602/3602/3602 3603/3603/3603
v 0.3015654 0.0612099 0.7554347
vt 0.946319640 0.006515178
vn -0.7071034 0.7071102 0.0000000
v 0.3007901 0.0604346 0.7215654
vt 0.933872998 0.006227860
vn -0.7071034 0.7071102 0.0000000
v 0.3007901 0.0604346 0.7554347
vt 0.946318865 0.006227673
vn -0.7071034 0.7071102 0.0000000
f 3604/3604/3604 3605/3605/3605 3606/3606/3606
v 0.5392100 -0.0564346 0.7554347
vt 0.898068726 0.917396724
vn 0.6901157 -0.6901488 0.2177956
v 0.5384347 -0.0572099 0.7554347
vt 0.898070037 0.917682528
vn 0.6901157 -0.6901488 0.2177956
v 0.5384981 -0.0575992 0.7540001
vt 0.897543192 0.917829454
vn 0.6901157 -0.6901488 0.2177956
f 3607/3607/3607 3608/3608/3608 3609/3609/3609
v 0.5392100 -0.0564346 0.7554347
vt 0.898068726 0.917396724
vn 0.6901383 -0.6901337 0.2177720
v 0.5384981 -0.0575992 0.7540001
vt 0.897543192 0.917829454
vn 0.6901383 -0.6901337 0.2177720
v 0.5395993 -0.0564980 0.7540001
vt 0.897541344 0.917423308
vn 0.6901383 -0.6901337 0.2177720
f 3610/3610/3610 3611/3611/3611 3612/3612/3612
v 0.3015654 -0.0572099 0.7215654
vt 0.953197718 0.673924685
vn 0.0000000 -0.7071238 -0.7070898
v 0.3015654 -0.0564346 0.7207901
vt 0.953483701 0.673924685
vn 0.0000000 -0.7071238 -0.7070898
v 0.5384347 -0.0564346 0.7207901
vt 0.953483701 0.761190355
vn 0.0000000 -0.7071238 -0.7070898
f 3613/3613/3613 3614/3614/3614 3615/3615/3615
v 0.3015654 -0.0572099 0.7215654
vt 0.953197718 0.673924685
vn 0.0000000 -0.7071238 -0.7070898
v 0.5384347 -0.0564346 0.7207901
vt 0.953483701 0.761190355
vn 0.0000000 -0.7071238 -0.7070898
v 0.5384347 -0.0572099 0.7215654
vt 0.953197658 0.761190355
vn 0.0000000 -0.7071238 -0.7070898
f 3616/3616/3616 3617/3617/3617 3618/3618/3618
v 0.3004008 -0.0550000 0.7215020
vt 0.929643631 0.249254584
vn -0.9650956 -0.2618979 0.0000000
v 0.3007901 -0.0564346 0.7215654
vt 0.929620266 0.249785647
vn -0.9650956 -0.2618979 0.0000000
v 0.3007901 -0.0564346 0.7554347
vt 0.917160749 0.249785379
vn -0.9650956 -0.2618979 0.0000000
f 3619/3619/3619 3620/3620/3620 3621/3621/3621
v 0.3007901 -0.0564346 0.7554347
vt 0.917160749 0.249785379
vn -0.1607835 0.0000000 -0.9869897
v 0.3004008 0.0590000 0.7554981
vt 0.917137504 0.207209274
vn -0.1607835 0.0000000 -0.9869897
v 0.3007901 0.0604346 0.7554347
vt 0.917160749 0.206682026
vn -0.1607835 0.0000000 -0.9869897
f 3622/3622/3622 3623/3623/3623 3624/3624/3624
v 0.3007901 0.0604346 0.7554347
vt 0.917160749 0.206682026
vn -0.9999944 0.0033725 0.0000000
v 0.3007901 0.0604346 0.7215654
vt 0.929620206 0.206682205
vn -0.9999944 0.0033725 0.0000000
v 0.3004008 -0.0550000 0.7215020
vt 0.929643631 0.249254584
vn -0.9999944 0.0033725 0.0000000
f 3625/3625/3625 3626/3626/3626 3627/3627/3627
v 0.3007901 -0.0564346 0.7554347
vt 0.917160749 0.249785379
vn -0.9999341 0.0000000 0.0114722
v 0.3007901 0.0604346 0.7554347
vt 0.917160749 0.206682026
vn -0.9999341 0.0000000 0.0114722
v 0.3004008 -0.0550000 0.7215020
vt 0.929643631 0.249254584
vn -0.9999341 0.0000000 0.0114722
f 3628/3628/3628 3629/3629/3629 3630/3630/3630
v 0.5384347 -0.0572099 0.7215654
vt 0.953197658 0.761190355
vn 0.5773410 -0.5773687 -0.5773410
v 0.5384347 -0.0564346 0.7207901
vt 0.953483701 0.761190355
vn 0.5773410 -0.5773687 -0.5773410
v 0.5392100 -0.0564346 0.7215654
vt 0.953198791 0.761476040
vn 0.5773410 -0.5773687 -0.5773410
f 3631/3631/3631 3632/3632/3632 3633/3633/3633
v 0.3007901 0.0604346 0.7554347
vt 0.946318865 0.006227673
vn -0.0604294 0.9963418 0.0604271
v 0.3015654 0.0604346 0.7562100
vt 0.946603894 0.006513328
vn -0.0604294 0.9963418 0.0604271
v 0.3030000 0.0604980 0.7565993
vt 0.946746886 0.007042032
vn -0.0604294 0.9963418 0.0604271
f 3634/3634/3634 3635/3635/3635 3636/3636/3636
v 0.3030000 0.0604980 0.7565993
vt 0.946746886 0.007042032
vn -0.2177874 0.6901324 0.6901348
v 0.3030000 0.0615992 0.7554981
vt 0.946343243 0.007044673
vn -0.2177874 0.6901324 0.6901348
v 0.3015654 0.0612099 0.7554347
vt 0.946319640 0.006515178
vn -0.2177874 0.6901324 0.6901348
f 3637/3637/3637 3638/3638/3638 3639/3639/3639
v 0.3030000 0.0604980 0.7565993
vt 0.946746886 0.007042032
vn -0.4304498 0.4304539 0.7933614
v 0.3015654 0.0612099 0.7554347
vt 0.946319640 0.006515178
vn -0.4304498 0.4304539 0.7933614
v 0.3007901 0.0604346 0.7554347
vt 0.946318865 0.006227673
vn -0.4304498 0.4304539 0.7933614
f 3640/3640/3640 3641/3641/3641 3642/3642/3642
v 0.5384347 0.0612099 0.7215654
vt 0.885341883 0.874078095
vn 0.5773410 0.5773687 -0.5773410
v 0.5392100 0.0604346 0.7215654
vt 0.885344088 0.874364078
vn 0.5773410 0.5773687 -0.5773410
v 0.5384347 0.0604346 0.7207901
vt 0.885058403 0.874365687
vn 0.5773410 0.5773687 -0.5773410
f 3643/3643/3643 3644/3644/3644 3645/3645/3645
v 0.5384347 -0.0564346 0.7562100
vt 0.006511296 0.814920485
vn 0.0000000 -0.7071238 0.7070898
v 0.3015654 -0.0564346 0.7562100
vt 0.006511296 0.901876390
vn 0.0000000 -0.7071238 0.7070898
v 0.3015654 -0.0572099 0.7554347
vt 0.006226922 0.901876390
vn 0.0000000 -0.7071238 0.7070898
f 3646/3646/3646 3647/3647/3647 3648/3648/3648
v 0.5384347 -0.0564346 0.7562100
vt 0.006511296 0.814920485
vn 0.0000000 -0.7071238 0.7070898
v 0.3015654 -0.0572099 0.7554347
vt 0.006226922 0.901876390
vn 0.0000000 -0.7071238 0.7070898
v 0.5384347 -0.0572099 0.7554347
vt 0.006226900 0.814920485
vn 0.0000000 -0.7071238 0.7070898
f 3649/3649/3649 3650/3650/3650 3651/3651/3651
v 0.3007901 0.0604346 0.7215654
vt 0.933872998 0.006227860
vn -0.5773558 0.5773614 -0.5773336
v 0.3015654 0.0612099 0.7215654
vt 0.933873594 0.006515364
vn -0.5773558 0.5773614 -0.5773336
v 0.3015654 0.0604346 0.7207901
vt 0.933588088 0.006513526
vn -0.5773558 0.5773614 -0.5773336
f 3652/3652/3652 3653/3653/3653 3654/3654/3654
v 0.3007901 -0.0564346 0.7554347
vt 0.917160749 0.249785379
vn -0.5773558 -0.5773614 0.5773336
v 0.3015654 -0.0572099 0.7554347
vt 0.917160392 0.250075191
vn -0.5773558 -0.5773614 0.5773336
v 0.3015654 -0.0564346 0.7562100
vt 0.916875184 0.249789119
vn -0.5773558 -0.5773614 0.5773336
f 3655/3655/3655 3656/3656/3656 3657/3657/3657
v 0.5384347 -0.0572099 0.7554347
vt 0.006226900 0.814920485
vn 0.5773410 -0.5773687 0.5773410
v 0.5392100 -0.0564346 0.7554347
vt 0.006510762 0.814635873
vn 0.5773410 -0.5773687 0.5773410
v 0.5384347 -0.0564346 0.7562100
vt 0.006511296 0.814920485
vn 0.5773410 -0.5773687 0.5773410
f 3658/3658/3658 3659/3659/3659 3660/3660/3660
v 0.3007901 -0.0564346 0.7554347
vt 0.917160749 0.249785379
vn -0.7071034 -0.7071102 0.0000000
v 0.3007901 -0.0564346 0.7215654
vt 0.929620266 0.249785647
vn -0.7071034 -0.7071102 0.0000000
v 0.3015654 -0.0572099 0.7215654
vt 0.929619849 0.250075281
vn -0.7071034 -0.7071102 0.0000000
f 3661/3661/3661 3662/3662/3662 3663/3663/3663
v 0.3007901 -0.0564346 0.7554347
vt 0.917160749 0.249785379
vn -0.7071034 -0.7071102 0.0000000
v 0.3015654 -0.0572099 0.7215654
vt 0.929619849 0.250075281
vn -0.7071034 -0.7071102 0.0000000
v 0.3015654 -0.0572099 0.7554347
vt 0.917160392 0.250075191
vn -0.7071034 -0.7071102 0.0000000
f 3664/3664/3664 3665/3665/3665 3666/3666/3666
v 0.3015654 0.0604346 0.7207901
vt 0.933588088 0.006513526
vn 0.0000000 0.7071238 -0.7070898
v 0.3015654 0.0612099 0.7215654
vt 0.933873594 0.006515364
vn 0.0000000 0.7071238 -0.7070898
v 0.5384347 0.0612099 0.7215654
vt 0.933873594 0.093787625
vn 0.0000000 0.7071238 -0.7070898
f 3667/3667/3667 3668/3668/3668 3669/3669/3669
v 0.3015654 0.0604346 0.7207901
vt 0.933588088 0.006513526
vn 0.0000000 0.7071238 -0.7070898
v 0.5384347 0.0612099 0.7215654
vt 0.933873594 0.093787625
vn 0.0000000 0.7071238 -0.7070898
v 0.5384347 0.0604346 0.7207901
vt 0.933588088 0.093785778
vn 0.0000000 0.7071238 -0.7070898
f 3670/3670/3670 3671/3671/3671 3672/3672/3672
v 0.5392100 0.0604346 0.7554347
vt 0.897804201 0.874287307
vn 0.5773410 0.5773687 0.5773410
v 0.5384347 0.0612099 0.7554347
vt 0.897802055 0.874001205
vn 0.5773410 0.5773687 0.5773410
v 0.5384347 0.0604346 0.7562100
vt 0.898089051 0.874285460
vn 0.5773410 0.5773687 0.5773410
f 3673/3673/3673 3674/3674/3674 3675/3675/3675
v 0.5392100 0.0604346 0.7215654
vt 0.885344088 0.874364078
vn 0.7071068 0.0000000 -0.7071068
v 0.5392100 -0.0564346 0.7215654
vt 0.885608613 0.917473495
vn 0.7071068 0.0000000 -0.7071068
v 0.5384347 -0.0564346 0.7207901
vt 0.885322928 0.917475283
vn 0.7071068 0.0000000 -0.7071068
f 3676/3676/3676 3677/3677/3677 3678/3678/3678
v 0.5392100 0.0604346 0.7215654
vt 0.885344088 0.874364078
vn 0.7071068 0.0000000 -0.7071068
v 0.5384347 -0.0564346 0.7207901
vt 0.885322928 0.917475283
vn 0.7071068 0.0000000 -0.7071068
v 0.5384347 0.0604346 0.7207901
vt 0.885058403 0.874365687
vn 0.7071068 0.0000000 -0.7071068
f 3679/3679/3679 3680/3680/3680 3681/3681/3681
v 0.3015654 -0.0572099 0.7215654
vt 0.929619849 0.250075281
vn -0.0604484 -0.0604490 -0.9963392
v 0.3007901 -0.0564346 0.7215654
vt 0.929620266 0.249785647
vn -0.0604484 -0.0604490 -0.9963392
v 0.3004008 -0.0550000 0.7215020
vt 0.929643631 0.249254584
vn -0.0604484 -0.0604490 -0.9963392
f 3682/3682/3682 3683/3683/3683 3684/3684/3684
v 0.3004008 -0.0550000 0.7215020
vt 0.929643631 0.249254584
vn -0.6901353 -0.2177764 -0.6901353
v 0.3015020 -0.0550000 0.7204008
vt 0.930048287 0.249260008
vn -0.6901353 -0.2177764 -0.6901353
v 0.3015654 -0.0564346 0.7207901
vt 0.929905057 0.249789387
vn -0.6901353 -0.2177764 -0.6901353
f 3685/3685/3685 3686/3686/3686 3687/3687/3687
v 0.3004008 -0.0550000 0.7215020
vt 0.929643631 0.249254584
vn -0.7933679 -0.4304563 -0.4304357
v 0.3015654 -0.0564346 0.7207901
vt 0.929905057 0.249789387
vn -0.7933679 -0.4304563 -0.4304357
v 0.3015654 -0.0572099 0.7215654
vt 0.929619849 0.250075281
vn -0.7933679 -0.4304563 -0.4304357
f 3688/3688/3688 3689/3689/3689 3690/3690/3690
v 0.5384347 0.0604346 0.7562100
vt 0.049300548 0.814920485
vn 0.7071068 0.0000000 0.7071068
v 0.5384347 -0.0564346 0.7562100
vt 0.006511296 0.814920485
vn 0.7071068 0.0000000 0.7071068
v 0.5392100 -0.0564346 0.7554347
vt 0.006510762 0.814635873
vn 0.7071068 0.0000000 0.7071068
f 3691/3691/3691 3692/3692/3692 3693/3693/3693
v 0.5384347 0.0604346 0.7562100
vt 0.049300548 0.814920485
vn 0.7071068 0.0000000 0.7071068
v 0.5392100 -0.0564346 0.7554347
vt 0.006510762 0.814635873
vn 0.7071068 0.0000000 0.7071068
v 0.5392100 0.0604346 0.7554347
vt 0.049300060 0.814635873
vn 0.7071068 0.0000000 0.7071068
f 3694/3694/3694 3695/3695/3695 3696/3696/3696
v 0.3004008 0.0590000 0.7554981
vt 0.917137504 0.207209274
vn -0.7071176 -0.0027733 0.7070905
v 0.3007901 -0.0564346 0.7554347
vt 0.917160749 0.249785379
vn -0.7071176 -0.0027733 0.7070905
v 0.3015654 -0.0564346 0.7562100
vt 0.916875184 0.249789119
vn -0.7071176 -0.0027733 0.7070905
f 3697/3697/3697 3698/3698/3698 3699/3699/3699
v 0.3004008 0.0590000 0.7554981
vt 0.917137504 0.207209274
vn -0.7071041 -0.0027730 0.7071041
v 0.3015654 -0.0564346 0.7562100
vt 0.916875184 0.249789119
vn -0.7071041 -0.0027730 0.7071041
v 0.3015020 0.0590000 0.7565993
vt 0.916732073 0.207214609
vn -0.7071041 -0.0027730 0.7071041
f 3700/3700/3700 3701/3701/3701 3702/3702/3702
v 0.5384347 -0.0564346 0.7207901
vt 0.473833859 0.873359621
vn 0.0000000 -0.2618792 -0.9651006
v 0.3015654 -0.0564346 0.7207901
vt 0.473833859 0.959988832
vn 0.0000000 -0.2618792 -0.9651006
v 0.3015020 -0.0550000 0.7204008
vt 0.473310620 0.960012019
vn 0.0000000 -0.2618792 -0.9651006
f 3703/3703/3703 3704/3704/3704 3705/3705/3705
v 0.3015020 -0.0550000 0.7204008
vt 0.473310620 0.960012019
vn 0.0000000 0.0033723 -0.9999944
v 0.3015654 0.0604346 0.7207901
vt 0.431205332 0.959988832
vn 0.0000000 0.0033723 -0.9999944
v 0.5384347 0.0604346 0.7207901
vt 0.431205332 0.873359621
vn 0.0000000 0.0033723 -0.9999944
f 3706/3706/3706 3707/3707/3707 3708/3708/3708
v 0.3015020 -0.0550000 0.7204008
vt 0.473310620 0.960012019
vn 0.0016430 0.0000000 -0.9999987
v 0.5384347 0.0604346 0.7207901
vt 0.431205332 0.873359621
vn 0.0016430 0.0000000 -0.9999987
v 0.5384347 -0.0564346 0.7207901
vt 0.473833859 0.873359621
vn 0.0016430 0.0000000 -0.9999987
f 3709/3709/3709 3710/3710/3710 3711/3711/3711
v 0.5384347 0.0604346 0.7562100
vt 0.049300548 0.814920485
vn 0.0013597 0.7071232 0.7070891
v 0.5384347 0.0612099 0.7554347
vt 0.049583919 0.814920485
vn 0.0013597 0.7071232 0.7070891
v 0.3030000 0.0615992 0.7554981
vt 0.049726520 0.901349783
vn 0.0013597 0.7071232 0.7070891
f 3712/3712/3712 3713/3713/3713 3714/3714/3714
v 0.5384347 0.0604346 0.7562100
vt 0.049300548 0.814920485
vn 0.0013596 0.7071049 0.7071073
v 0.3030000 0.0615992 0.7554981
vt 0.049726520 0.901349783
vn 0.0013596 0.7071049 0.7071073
v 0.3030000 0.0604980 0.7565993
vt 0.049324017 0.901349783
vn 0.0013596 0.7071049 0.7071073
f 3715/3715/3715 3716/3716/3716 3717/3717/3717
v 0.5384347 0.0612099 0.7554347
vt 0.897802055 0.874001205
vn 0.7070898 0.7071238 0.0000000
v 0.5392100 0.0604346 0.7554347
vt 0.897804201 0.874287307
vn 0.7070898 0.7071238 0.0000000
v 0.5392100 0.0604346 0.7215654
vt 0.885344088 0.874364078
vn 0.7070898 0.7071238 0.0000000
f 3718/3718/3718 3719/3719/3719 3720/3720/3720
v 0.5384347 0.0612099 0.7554347
vt 0.897802055 0.874001205
vn 0.7070898 0.7071238 0.0000000
v 0.5392100 0.0604346 0.7215654
vt 0.885344088 0.874364078
vn 0.7070898 0.7071238 0.0000000
v 0.5384347 0.0612099 0.7215654
vt 0.885341883 0.874078095
vn 0.7070898 0.7071238 0.0000000
f 3721/3721/3721 3722/3722/3722 3723/3723/3723
v 0.5384347 -0.0572099 0.7554347
vt 0.940753043 0.761190355
vn 0.0000000 -1.0000000 0.0000000
v 0.3015654 -0.0572099 0.7554347
vt 0.940753043 0.673924685
vn 0.0000000 -1.0000000 0.0000000
v 0.3015654 -0.0572099 0.7215654
vt 0.953197718 0.673924685
vn 0.0000000 -1.0000000 0.0000000
f 3724/3724/3724 3725/3725/3725 3726/3726/3726
v 0.3015654 -0.0572099 0.7215654
vt 0.953197718 0.673924685
vn 0.0000000 -0.9999281 -0.0120017
v 0.5384347 -0.0572099 0.7215654
vt 0.953197658 0.761190355
vn 0.0000000 -0.9999281 -0.0120017
v 0.5384981 -0.0575992 0.7540001
vt 0.941279531 0.761213720
vn 0.0000000 -0.9999281 -0.0120017
f 3727/3727/3727 3728/3728/3728 3729/3729/3729
v 0.3015654 -0.0572099 0.7215654
vt 0.953197718 0.673924685
vn -0.0372033 -0.9648415 0.2601860
v 0.5384981 -0.0575992 0.7540001
vt 0.941279531 0.761213720
vn -0.0372033 -0.9648415 0.2601860
v 0.5384347 -0.0572099 0.7554347
vt 0.940753043 0.761190355
vn -0.0372033 -0.9648415 0.2601860
f 3730/3730/3730 3731/3731/3731 3732/3732/3732
v 0.3015654 0.0604346 0.7562100
vt 0.049300592 0.901876390
vn -0.6901459 0.2177934 0.6901194
v 0.3007901 0.0604346 0.7554347
vt 0.049300060 0.902161002
vn -0.6901459 0.2177934 0.6901194
v 0.3004008 0.0590000 0.7554981
vt 0.048774827 0.902303934
vn -0.6901459 0.2177934 0.6901194
f 3733/3733/3733 3734/3734/3734 3735/3735/3735
v 0.3015654 0.0604346 0.7562100
vt 0.049300592 0.901876390
vn -0.6901352 0.2177769 0.6901352
v 0.3004008 0.0590000 0.7554981
vt 0.048774827 0.902303934
vn -0.6901352 0.2177769 0.6901352
v 0.3015020 0.0590000 0.7565993
vt 0.048775584 0.901899695
vn -0.6901352 0.2177769 0.6901352
f 3736/3736/3736 3737/3737/3737 3738/3738/3738
v 0.3015654 0.0604346 0.7207901
vt 0.431205332 0.959988832
vn -0.7071041 0.0027730 -0.7071041
v 0.3015020 -0.0550000 0.7204008
vt 0.473310620 0.960012019
vn -0.7071041 0.0027730 -0.7071041
v 0.3004008 -0.0550000 0.7215020
vt 0.473310798 0.960414767
vn -0.7071041 0.0027730 -0.7071041
f 3739/3739/3739 3740/3740/3740 3741/3741/3741
v 0.3015654 0.0604346 0.7207901
vt 0.431205332 0.959988832
vn -0.7071176 0.0027733 -0.7070905
v 0.3004008 -0.0550000 0.7215020
vt 0.473310798 0.960414767
vn -0.7071176 0.0027733 -0.7070905
v 0.3007901 0.0604346 0.7215654
vt 0.431205422 0.960272372
vn -0.7071176 0.0027733 -0.7070905
f 3742/3742/3742 3743/3743/3743 3744/3744/3744
v 0.5384981 -0.0575992 0.7540001
vt 0.941279531 0.761213720
vn 0.7070553 -0.7070894 -0.0098694
v 0.5384347 -0.0572099 0.7215654
vt 0.953197658 0.761190355
vn 0.7070553 -0.7070894 -0.0098694
v 0.5392100 -0.0564346 0.7215654
vt 0.953198791 0.761476040
vn 0.7070553 -0.7070894 -0.0098694
f 3745/3745/3745 3746/3746/3746 3747/3747/3747
v 0.5384981 -0.0575992 0.7540001
vt 0.941279531 0.761213720
vn 0.7070748 -0.7070700 -0.0098683
v 0.5392100 -0.0564346 0.7215654
vt 0.953198791 0.761476040
vn 0.7070748 -0.7070700 -0.0098683
v 0.5395993 -0.0564980 0.7540001
vt 0.941281140 0.761619449
vn 0.7070748 -0.7070700 -0.0098683
f 3748/3748/3748 3749/3749/3749 3750/3750/3750
v 0.3030000 0.0615992 0.7554981
vt 0.946343243 0.007044673
vn 0.0016535 0.9999987 0.0000000
v 0.5384347 0.0612099 0.7554347
vt 0.946319640 0.093787439
vn 0.0016535 0.9999987 0.0000000
v 0.5384347 0.0612099 0.7215654
vt 0.933873594 0.093787625
vn 0.0016535 0.9999987 0.0000000
f 3751/3751/3751 3752/3752/3752 3753/3753/3753
v 0.5384347 0.0612099 0.7215654
vt 0.933873594 0.093787625
vn 0.0000000 1.0000000 0.0000000
v 0.3015654 0.0612099 0.7215654
vt 0.933873594 0.006515364
vn 0.0000000 1.0000000 0.0000000
v 0.3015654 0.0612099 0.7554347
vt 0.946319640 0.006515178
vn 0.0000000 1.0000000 0.0000000
f 3754/3754/3754 3755/3755/3755 3756/3756/3756
v 0.5384347 0.0612099 0.7215654
vt 0.933873594 0.093787625
vn -0.1168928 0.5639333 -0.8175055
v 0.3015654 0.0612099 0.7554347
vt 0.946319640 0.006515178
vn -0.1168928 0.5639333 -0.8175055
v 0.3030000 0.0615992 0.7554981
vt 0.946343243 0.007044673
vn -0.1168928 0.5639333 -0.8175055
f 3757/3757/3757 3758/3758/3758 3759/3759/3759
v 0.5392100 0.0604346 0.7554347
vt 0.897804201 0.874287307
vn 0.9650990 0.0000000 0.2618856
v 0.5392100 -0.0564346 0.7554347
vt 0.898068726 0.917396724
vn 0.9650990 0.0000000 0.2618856
v 0.5395993 -0.0564980 0.7540001
vt 0.897541344 0.917423308
vn 0.9650990 0.0000000 0.2618856
f 3760/3760/3760 3761/3761/3761 3762/3762/3762
v 0.5395993 -0.0564980 0.7540001
vt 0.897541344 0.917423308
vn 0.9999279 0.0000000 -0.0120010
v 0.5392100 -0.0564346 0.7215654
vt 0.885608613 0.917473495
vn 0.9999279 0.0000000 -0.0120010
v 0.5392100 0.0604346 0.7215654
vt 0.885344088 0.874364078
vn 0.9999279 0.0000000 -0.0120010
f 3763/3763/3763 3764/3764/3764 3765/3765/3765
v 0.5395993 -0.0564980 0.7540001
vt 0.897541344 0.917423308
vn 0.9999945 0.0033291 0.0000000
v 0.5392100 0.0604346 0.7215654
vt 0.885344088 0.874364078
vn 0.9999945 0.0033291 0.0000000
v 0.5392100 0.0604346 0.7554347
vt 0.897804201 0.874287307
vn 0.9999945 0.0033291 0.0000000
f 3766/3766/3766 3767/3767/3767 3768/3768/3768
o pz_barbecue_full_jorge_|_native_wood_side_table_slat.005
usemtl wood
v 0.3007901 0.1974346 0.7554347
vt 0.456298620 0.713345408
vn -0.7071000 0.7071136 0.0000000
v 0.3015654 0.1982099 0.7554347
vt 0.456299305 0.713632822
vn -0.7071000 0.7071136 0.0000000
v 0.3015654 0.1982099 0.7215654
vt 0.443853378 0.713633001
vn -0.7071000 0.7071136 0.0000000
f 3769/3769/3769 3770/3770/3770 3771/3771/3771
v 0.3007901 0.1974346 0.7554347
vt 0.456298620 0.713345408
vn -0.7071000 0.7071136 0.0000000
v 0.3015654 0.1982099 0.7215654
vt 0.443853378 0.713633001
vn -0.7071000 0.7071136 0.0000000
v 0.3007901 0.1974346 0.7215654
vt 0.443852663 0.713345468
vn -0.7071000 0.7071136 0.0000000
f 3772/3772/3772 3773/3773/3773 3774/3774/3774
v 0.5392100 0.0805654 0.7554347
vt 0.456706405 0.856634438
vn 0.6901157 -0.6901488 0.2177956
v 0.5384347 0.0797901 0.7554347
vt 0.456707686 0.856920362
vn 0.6901157 -0.6901488 0.2177956
v 0.5384981 0.0794008 0.7540001
vt 0.456180871 0.857067168
vn 0.6901157 -0.6901488 0.2177956
f 3775/3775/3775 3776/3776/3776 3777/3777/3777
v 0.5392100 0.0805654 0.7554347
vt 0.456706405 0.856634438
vn 0.6901383 -0.6901337 0.2177720
v 0.5384981 0.0794008 0.7540001
vt 0.456180871 0.857067168
vn 0.6901383 -0.6901337 0.2177720
v 0.5395993 0.0805020 0.7540001
vt 0.456178933 0.856661141
vn 0.6901383 -0.6901337 0.2177720
f 3778/3778/3778 3779/3779/3779 3780/3780/3780
v 0.3007901 0.1974346 0.7554347
vt 0.456298620 0.713345408
vn -0.0604189 0.9963430 0.0604165
v 0.3015654 0.1974346 0.7562100
vt 0.456583530 0.713630915
vn -0.0604189 0.9963430 0.0604165
v 0.3030000 0.1974980 0.7565993
vt 0.456726611 0.714159667
vn -0.0604189 0.9963430 0.0604165
f 3781/3781/3781 3782/3782/3782 3783/3783/3783
v 0.3030000 0.1974980 0.7565993
vt 0.456726611 0.714159667
vn -0.2177901 0.6901284 0.6901378
v 0.3030000 0.1985992 0.7554981
vt 0.456322908 0.714162350
vn -0.2177901 0.6901284 0.6901378
v 0.3015654 0.1982099 0.7554347
vt 0.456299305 0.713632822
vn -0.2177901 0.6901284 0.6901378
f 3784/3784/3784 3785/3785/3785 3786/3786/3786
v 0.3030000 0.1974980 0.7565993
vt 0.456726611 0.714159667
vn -0.4304477 0.4304560 0.7933615
v 0.3015654 0.1982099 0.7554347
vt 0.456299305 0.713632822
vn -0.4304477 0.4304560 0.7933615
v 0.3007901 0.1974346 0.7554347
vt 0.456298620 0.713345408
vn -0.4304477 0.4304560 0.7933615
f 3787/3787/3787 3788/3788/3788 3789/3789/3789
v 0.5384981 0.0794008 0.7540001
vt 0.941279650 0.861193478
vn 0.7070553 -0.7070894 -0.0098694
v 0.5384347 0.0797901 0.7215654
vt 0.953197658 0.861170113
vn 0.7070553 -0.7070894 -0.0098694
v 0.5392100 0.0805654 0.7215654
vt 0.953198910 0.861455798
vn 0.7070553 -0.7070894 -0.0098694
f 3790/3790/3790 3791/3791/3791 3792/3792/3792
v 0.5384981 0.0794008 0.7540001
vt 0.941279650 0.861193478
vn 0.7070748 -0.7070700 -0.0098683
v 0.5392100 0.0805654 0.7215654
vt 0.953198910 0.861455798
vn 0.7070748 -0.7070700 -0.0098683
v 0.5395993 0.0805020 0.7540001
vt 0.941281140 0.861599207
vn 0.7070748 -0.7070700 -0.0098683
f 3793/3793/3793 3794/3794/3794 3795/3795/3795
v 0.5384347 0.0797901 0.7215654
vt 0.953197658 0.861170113
vn 0.5773410 -0.5773687 -0.5773410
v 0.5384347 0.0805654 0.7207901
vt 0.953483701 0.861170113
vn 0.5773410 -0.5773687 -0.5773410
v 0.5392100 0.0805654 0.7215654
vt 0.953198910 0.861455798
vn 0.5773410 -0.5773687 -0.5773410
f 3796/3796/3796 3797/3797/3797 3798/3798/3798
v 0.5384347 0.1982099 0.7215654
vt 0.443979561 0.813315690
vn 0.5773392 0.5773725 -0.5773392
v 0.5392100 0.1974346 0.7215654
vt 0.443981797 0.813601851
vn 0.5773392 0.5773725 -0.5773392
v 0.5384347 0.1974346 0.7207901
vt 0.443696022 0.813603520
vn 0.5773392 0.5773725 -0.5773392
f 3799/3799/3799 3800/3800/3800 3801/3801/3801
v 0.3007901 0.1974346 0.7215654
vt 0.443852663 0.713345468
vn -0.5773540 0.5773651 -0.5773318
v 0.3015654 0.1982099 0.7215654
vt 0.443853378 0.713633001
vn -0.5773540 0.5773651 -0.5773318
v 0.3015654 0.1974346 0.7207901
vt 0.443567723 0.713631213
vn -0.5773540 0.5773651 -0.5773318
f 3802/3802/3802 3803/3803/3803 3804/3804/3804
v 0.3015654 0.1974346 0.7207901
vt 0.884950638 0.569743872
vn -0.7071041 0.0027730 -0.7071041
v 0.3015020 0.0820000 0.7204008
vt 0.927055895 0.569767058
vn -0.7071041 0.0027730 -0.7071041
v 0.3004008 0.0820000 0.7215020
vt 0.927056134 0.570169806
vn -0.7071041 0.0027730 -0.7071041
f 3805/3805/3805 3806/3806/3806 3807/3807/3807
v 0.3015654 0.1974346 0.7207901
vt 0.884950638 0.569743872
vn -0.7071176 0.0027733 -0.7070905
v 0.3004008 0.0820000 0.7215020
vt 0.927056134 0.570169806
vn -0.7071176 0.0027733 -0.7070905
v 0.3007901 0.1974346 0.7215654
vt 0.884950697 0.570027471
vn -0.7071176 0.0027733 -0.7070905
f 3808/3808/3808 3809/3809/3809 3810/3810/3810
v 0.3007901 0.0805654 0.7554347
vt 0.493005693 0.936698914
vn -0.5773558 -0.5773614 0.5773336
v 0.3015654 0.0797901 0.7554347
vt 0.493005335 0.936988652
vn -0.5773558 -0.5773614 0.5773336
v 0.3015654 0.0805654 0.7562100
vt 0.492720097 0.936702728
vn -0.5773558 -0.5773614 0.5773336
f 3811/3811/3811 3812/3812/3812 3813/3813/3813
v 0.3015654 0.1974346 0.7207901
vt 0.443567723 0.713631213
vn 0.0000000 0.7071272 -0.7070864
v 0.3015654 0.1982099 0.7215654
vt 0.443853378 0.713633001
vn 0.0000000 0.7071272 -0.7070864
v 0.5384347 0.1982099 0.7215654
vt 0.443853378 0.800905347
vn 0.0000000 0.7071272 -0.7070864
f 3814/3814/3814 3815/3815/3815 3816/3816/3816
v 0.3015654 0.1974346 0.7207901
vt 0.443567723 0.713631213
vn 0.0000000 0.7071272 -0.7070864
v 0.5384347 0.1982099 0.7215654
vt 0.443853378 0.800905347
vn 0.0000000 0.7071272 -0.7070864
v 0.5384347 0.1974346 0.7207901
vt 0.443567723 0.800903499
vn 0.0000000 0.7071272 -0.7070864
f 3817/3817/3817 3818/3818/3818 3819/3819/3819
v 0.5384347 0.1982099 0.7554347
vt 0.456439704 0.813238859
vn 0.7070864 0.7071272 0.0000000
v 0.5392100 0.1974346 0.7554347
vt 0.456441879 0.813524902
vn 0.7070864 0.7071272 0.0000000
v 0.5392100 0.1974346 0.7215654
vt 0.443981797 0.813601851
vn 0.7070864 0.7071272 0.0000000
f 3820/3820/3820 3821/3821/3821 3822/3822/3822
v 0.5384347 0.1982099 0.7554347
vt 0.456439704 0.813238859
vn 0.7070864 0.7071272 0.0000000
v 0.5392100 0.1974346 0.7215654
vt 0.443981797 0.813601851
vn 0.7070864 0.7071272 0.0000000
v 0.5384347 0.1982099 0.7215654
vt 0.443979561 0.813315690
vn 0.7070864 0.7071272 0.0000000
f 3823/3823/3823 3824/3824/3824 3825/3825/3825
v 0.3030000 0.1974980 0.7565993
vt 0.928158045 0.760758042
vn 0.0013595 0.7071265 0.7070857
v 0.5384347 0.1974346 0.7562100
vt 0.928134620 0.674328864
vn 0.0013595 0.7071265 0.7070857
v 0.5384347 0.1982099 0.7554347
vt 0.928417981 0.674328864
vn 0.0013595 0.7071265 0.7070857
f 3826/3826/3826 3827/3827/3827 3828/3828/3828
v 0.3030000 0.1974980 0.7565993
vt 0.928158045 0.760758042
vn 0.0013597 0.7071013 0.7071109
v 0.5384347 0.1982099 0.7554347
vt 0.928417981 0.674328864
vn 0.0013597 0.7071013 0.7071109
v 0.3030000 0.1985992 0.7554981
vt 0.928560555 0.760758162
vn 0.0013597 0.7071013 0.7071109
f 3829/3829/3829 3830/3830/3830 3831/3831/3831
v 0.5384347 0.0797901 0.7554347
vt 0.885061026 0.674328864
vn 0.5773410 -0.5773687 0.5773410
v 0.5392100 0.0805654 0.7554347
vt 0.885344803 0.674044311
vn 0.5773410 -0.5773687 0.5773410
v 0.5384347 0.0805654 0.7562100
vt 0.885345340 0.674328864
vn 0.5773410 -0.5773687 0.5773410
f 3832/3832/3832 3833/3833/3833 3834/3834/3834
v 0.5384347 0.1974346 0.7562100
vt 0.928134620 0.674328864
vn 0.7071068 0.0000000 0.7071068
v 0.5384347 0.0805654 0.7562100
vt 0.885345340 0.674328864
vn 0.7071068 0.0000000 0.7071068
v 0.5392100 0.0805654 0.7554347
vt 0.885344803 0.674044311
vn 0.7071068 0.0000000 0.7071068
f 3835/3835/3835 3836/3836/3836 3837/3837/3837
v 0.5384347 0.1974346 0.7562100
vt 0.928134620 0.674328864
vn 0.7071068 0.0000000 0.7071068
v 0.5392100 0.0805654 0.7554347
vt 0.885344803 0.674044311
vn 0.7071068 0.0000000 0.7071068
v 0.5392100 0.1974346 0.7554347
vt 0.928134084 0.674044311
vn 0.7071068 0.0000000 0.7071068
f 3838/3838/3838 3839/3839/3839 3840/3840/3840
v 0.5392100 0.1974346 0.7215654
vt 0.443981797 0.813601851
vn 0.7071068 0.0000000 -0.7071068
v 0.5392100 0.0805654 0.7215654
vt 0.444246173 0.856711328
vn 0.7071068 0.0000000 -0.7071068
v 0.5384347 0.0805654 0.7207901
vt 0.443960518 0.856712937
vn 0.7071068 0.0000000 -0.7071068
f 3841/3841/3841 3842/3842/3842 3843/3843/3843
v 0.5392100 0.1974346 0.7215654
vt 0.443981797 0.813601851
vn 0.7071068 0.0000000 -0.7071068
v 0.5384347 0.0805654 0.7207901
vt 0.443960518 0.856712937
vn 0.7071068 0.0000000 -0.7071068
v 0.5384347 0.1974346 0.7207901
vt 0.443696022 0.813603520
vn 0.7071068 0.0000000 -0.7071068
f 3844/3844/3844 3845/3845/3845 3846/3846/3846
v 0.5392100 0.1974346 0.7554347
vt 0.456441879 0.813524902
vn 0.5773392 0.5773725 0.5773392
v 0.5384347 0.1982099 0.7554347
vt 0.456439704 0.813238859
vn 0.5773392 0.5773725 0.5773392
v 0.5384347 0.1974346 0.7562100
vt 0.456726640 0.813523114
vn 0.5773392 0.5773725 0.5773392
f 3847/3847/3847 3848/3848/3848 3849/3849/3849
v 0.3007901 0.0805654 0.7554347
vt 0.493005693 0.936698914
vn -0.7071034 -0.7071102 0.0000000
v 0.3007901 0.0805654 0.7215654
vt 0.505464911 0.936699092
vn -0.7071034 -0.7071102 0.0000000
v 0.3015654 0.0797901 0.7215654
vt 0.505464673 0.936988950
vn -0.7071034 -0.7071102 0.0000000
f 3850/3850/3850 3851/3851/3851 3852/3852/3852
v 0.3007901 0.0805654 0.7554347
vt 0.493005693 0.936698914
vn -0.7071034 -0.7071102 0.0000000
v 0.3015654 0.0797901 0.7215654
vt 0.505464673 0.936988950
vn -0.7071034 -0.7071102 0.0000000
v 0.3015654 0.0797901 0.7554347
vt 0.493005335 0.936988652
vn -0.7071034 -0.7071102 0.0000000
f 3853/3853/3853 3854/3854/3854 3855/3855/3855
v 0.3015654 0.0797901 0.7215654
vt 0.505464673 0.936988950
vn -0.0604484 -0.0604490 -0.9963392
v 0.3007901 0.0805654 0.7215654
vt 0.505464911 0.936699092
vn -0.0604484 -0.0604490 -0.9963392
v 0.3004008 0.0820000 0.7215020
vt 0.505488515 0.936168194
vn -0.0604484 -0.0604490 -0.9963392
f 3856/3856/3856 3857/3857/3857 3858/3858/3858
v 0.3004008 0.0820000 0.7215020
vt 0.505488515 0.936168194
vn -0.6901353 -0.2177764 -0.6901353
v 0.3015020 0.0820000 0.7204008
vt 0.505893111 0.936173558
vn -0.6901353 -0.2177764 -0.6901353
v 0.3015654 0.0805654 0.7207901
vt 0.505749941 0.936702907
vn -0.6901353 -0.2177764 -0.6901353
f 3859/3859/3859 3860/3860/3860 3861/3861/3861
v 0.3004008 0.0820000 0.7215020
vt 0.505488515 0.936168194
vn -0.7933679 -0.4304563 -0.4304357
v 0.3015654 0.0805654 0.7207901
vt 0.505749941 0.936702907
vn -0.7933679 -0.4304563 -0.4304357
v 0.3015654 0.0797901 0.7215654
vt 0.505464673 0.936988950
vn -0.7933679 -0.4304563 -0.4304357
f 3862/3862/3862 3863/3863/3863 3864/3864/3864
v 0.3004008 0.1960000 0.7554981
vt 0.492982537 0.894123077
vn -0.9650959 0.2618966 0.0000000
v 0.3007901 0.1974346 0.7554347
vt 0.493005693 0.893595815
vn -0.9650959 0.2618966 0.0000000
v 0.3007901 0.1974346 0.7215654
vt 0.505465090 0.893596113
vn -0.9650959 0.2618966 0.0000000
f 3865/3865/3865 3866/3866/3866 3867/3867/3867
v 0.3007901 0.1974346 0.7215654
vt 0.505465090 0.893596113
vn -0.1607834 0.0000000 0.9869897
v 0.3004008 0.0820000 0.7215020
vt 0.505488515 0.936168194
vn -0.1607834 0.0000000 0.9869897
v 0.3007901 0.0805654 0.7215654
vt 0.505464911 0.936699092
vn -0.1607834 0.0000000 0.9869897
f 3868/3868/3868 3869/3869/3869 3870/3870/3870
v 0.3007901 0.0805654 0.7215654
vt 0.505464911 0.936699092
vn -0.9999944 -0.0033725 0.0000000
v 0.3007901 0.0805654 0.7554347
vt 0.493005693 0.936698914
vn -0.9999944 -0.0033725 0.0000000
v 0.3004008 0.1960000 0.7554981
vt 0.492982537 0.894123077
vn -0.9999944 -0.0033725 0.0000000
f 3871/3871/3871 3872/3872/3872 3873/3873/3873
v 0.3007901 0.1974346 0.7215654
vt 0.505465090 0.893596113
vn -0.9999342 0.0000000 -0.0114722
v 0.3007901 0.0805654 0.7215654
vt 0.505464911 0.936699092
vn -0.9999342 0.0000000 -0.0114722
v 0.3004008 0.1960000 0.7554981
vt 0.492982537 0.894123077
vn -0.9999342 0.0000000 -0.0114722
f 3874/3874/3874 3875/3875/3875 3876/3876/3876
v 0.5384347 0.0797901 0.7554347
vt 0.940753102 0.861170113
vn 0.0000000 -1.0000000 0.0000000
v 0.3015654 0.0797901 0.7554347
vt 0.940753102 0.773904443
vn 0.0000000 -1.0000000 0.0000000
v 0.3015654 0.0797901 0.7215654
vt 0.953197718 0.773904443
vn 0.0000000 -1.0000000 0.0000000
f 3877/3877/3877 3878/3878/3878 3879/3879/3879
v 0.3015654 0.0797901 0.7215654
vt 0.953197718 0.773904443
vn 0.0000000 -0.9999281 -0.0120017
v 0.5384347 0.0797901 0.7215654
vt 0.953197658 0.861170113
vn 0.0000000 -0.9999281 -0.0120017
v 0.5384981 0.0794008 0.7540001
vt 0.941279650 0.861193478
vn 0.0000000 -0.9999281 -0.0120017
f 3880/3880/3880 3881/3881/3881 3882/3882/3882
v 0.3015654 0.0797901 0.7215654
vt 0.953197718 0.773904443
vn -0.0372033 -0.9648415 0.2601860
v 0.5384981 0.0794008 0.7540001
vt 0.941279650 0.861193478
vn -0.0372033 -0.9648415 0.2601860
v 0.5384347 0.0797901 0.7554347
vt 0.940753102 0.861170113
vn -0.0372033 -0.9648415 0.2601860
f 3883/3883/3883 3884/3884/3884 3885/3885/3885
v 0.3030000 0.1974980 0.7565993
vt 0.928158045 0.760758042
vn -0.2634543 0.2634569 0.9279991
v 0.3015654 0.1974346 0.7562100
vt 0.928134620 0.761284769
vn -0.2634543 0.2634569 0.9279991
v 0.3015020 0.1960000 0.7565993
vt 0.927609563 0.761308134
vn -0.2634543 0.2634569 0.9279991
f 3886/3886/3886 3887/3887/3887 3888/3888/3888
v 0.3015020 0.1960000 0.7565993
vt 0.927609563 0.761308134
vn 0.0000000 -0.0033723 0.9999943
v 0.3015654 0.0805654 0.7562100
vt 0.885345340 0.761284769
vn 0.0000000 -0.0033723 0.9999943
v 0.5384347 0.0805654 0.7562100
vt 0.885345340 0.674328864
vn 0.0000000 -0.0033723 0.9999943
f 3889/3889/3889 3890/3890/3890 3891/3891/3891
v 0.5384347 0.0805654 0.7562100
vt 0.885345340 0.674328864
vn 0.0016534 0.0000000 0.9999987
v 0.5384347 0.1974346 0.7562100
vt 0.928134620 0.674328864
vn 0.0016534 0.0000000 0.9999987
v 0.3030000 0.1974980 0.7565993
vt 0.928158045 0.760758042
vn 0.0016534 0.0000000 0.9999987
f 3892/3892/3892 3893/3893/3893 3894/3894/3894
v 0.3015020 0.1960000 0.7565993
vt 0.927609563 0.761308134
vn 0.0011047 -0.0011048 0.9999989
v 0.5384347 0.0805654 0.7562100
vt 0.885345340 0.674328864
vn 0.0011047 -0.0011048 0.9999989
v 0.3030000 0.1974980 0.7565993
vt 0.928158045 0.760758042
vn 0.0011047 -0.0011048 0.9999989
f 3895/3895/3895 3896/3896/3896 3897/3897/3897
v 0.3004008 0.1960000 0.7554981
vt 0.492982537 0.894123077
vn -0.7071177 -0.0027733 0.7070905
v 0.3007901 0.0805654 0.7554347
vt 0.493005693 0.936698914
vn -0.7071177 -0.0027733 0.7070905
v 0.3015654 0.0805654 0.7562100
vt 0.492720097 0.936702728
vn -0.7071177 -0.0027733 0.7070905
f 3898/3898/3898 3899/3899/3899 3900/3900/3900
v 0.3004008 0.1960000 0.7554981
vt 0.492982537 0.894123077
vn -0.7071041 -0.0027730 0.7071040
v 0.3015654 0.0805654 0.7562100
vt 0.492720097 0.936702728
vn -0.7071041 -0.0027730 0.7071040
v 0.3015020 0.1960000 0.7565993
vt 0.492576897 0.894128442
vn -0.7071041 -0.0027730 0.7071040
f 3901/3901/3901 3902/3902/3902 3903/3903/3903
v 0.5392100 0.0805654 0.7215654
vt 0.444246173 0.856711328
vn 1.0000000 0.0000000 0.0000000
v 0.5392100 0.1974346 0.7215654
vt 0.443981797 0.813601851
vn 1.0000000 0.0000000 0.0000000
v 0.5392100 0.1974346 0.7554347
vt 0.456441879 0.813524902
vn 1.0000000 0.0000000 0.0000000
f 3904/3904/3904 3905/3905/3905 3906/3906/3906
v 0.5392100 0.1974346 0.7554347
vt 0.456441879 0.813524902
vn 0.9650989 0.0000000 0.2618855
v 0.5392100 0.0805654 0.7554347
vt 0.456706405 0.856634438
vn 0.9650989 0.0000000 0.2618855
v 0.5395993 0.0805020 0.7540001
vt 0.456178933 0.856661141
vn 0.9650989 0.0000000 0.2618855
f 3907/3907/3907 3908/3908/3908 3909/3909/3909
v 0.5392100 0.1974346 0.7554347
vt 0.456441879 0.813524902
vn 0.9999220 0.0034760 -0.0119942
v 0.5395993 0.0805020 0.7540001
vt 0.456178933 0.856661141
vn 0.9999220 0.0034760 -0.0119942
v 0.5392100 0.0805654 0.7215654
vt 0.444246173 0.856711328
vn 0.9999220 0.0034760 -0.0119942
f 3910/3910/3910 3911/3911/3911 3912/3912/3912
v 0.3015654 0.1982099 0.7215654
vt 0.443853378 0.713633001
vn -0.2618992 0.9650953 0.0000000
v 0.3015654 0.1982099 0.7554347
vt 0.456299305 0.713632822
vn -0.2618992 0.9650953 0.0000000
v 0.3030000 0.1985992 0.7554981
vt 0.456322908 0.714162350
vn -0.2618992 0.9650953 0.0000000
f 3913/3913/3913 3914/3914/3914 3915/3915/3915
v 0.3030000 0.1985992 0.7554981
vt 0.456322908 0.714162350
vn 0.0016536 0.9999987 0.0000000
v 0.5384347 0.1982099 0.7554347
vt 0.456299216 0.800905108
vn 0.0016536 0.9999987 0.0000000
v 0.5384347 0.1982099 0.7215654
vt 0.443853378 0.800905347
vn 0.0016536 0.9999987 0.0000000
f 3916/3916/3916 3917/3917/3917 3918/3918/3918
v 0.3030000 0.1985992 0.7554981
vt 0.456322908 0.714162350
vn 0.0000000 0.9999342 -0.0114722
v 0.5384347 0.1982099 0.7215654
vt 0.443853378 0.800905347
vn 0.0000000 0.9999342 -0.0114722
v 0.3015654 0.1982099 0.7215654
vt 0.443853378 0.713633001
vn 0.0000000 0.9999342 -0.0114722
f 3919/3919/3919 3920/3920/3920 3921/3921/3921
v 0.5384347 0.0805654 0.7562100
vt 0.885345340 0.674328864
vn 0.0000000 -0.7071238 0.7070898
v 0.3015654 0.0805654 0.7562100
vt 0.885345340 0.761284769
vn 0.0000000 -0.7071238 0.7070898
v 0.3015654 0.0797901 0.7554347
vt 0.885061026 0.761284769
vn 0.0000000 -0.7071238 0.7070898
f 3922/3922/3922 3923/3923/3923 3924/3924/3924
v 0.5384347 0.0805654 0.7562100
vt 0.885345340 0.674328864
vn 0.0000000 -0.7071238 0.7070898
v 0.3015654 0.0797901 0.7554347
vt 0.885061026 0.761284769
vn 0.0000000 -0.7071238 0.7070898
v 0.5384347 0.0797901 0.7554347
vt 0.885061026 0.674328864
vn 0.0000000 -0.7071238 0.7070898
f 3925/3925/3925 3926/3926/3926 3927/3927/3927
v 0.3015020 0.0820000 0.7204008
vt 0.927055895 0.569767058
vn 0.0000000 0.0033723 -0.9999944
v 0.3015654 0.1974346 0.7207901
vt 0.884950638 0.569743872
vn 0.0000000 0.0033723 -0.9999944
v 0.5384347 0.1974346 0.7207901
vt 0.884950638 0.483114660
vn 0.0000000 0.0033723 -0.9999944
f 3928/3928/3928 3929/3929/3929 3930/3930/3930
v 0.5384347 0.1974346 0.7207901
vt 0.884950638 0.483114660
vn 0.0000000 0.0000000 -1.0000000
v 0.5384347 0.0805654 0.7207901
vt 0.927579284 0.483114660
vn 0.0000000 0.0000000 -1.0000000
v 0.3015654 0.0805654 0.7207901
vt 0.927579284 0.569743872
vn 0.0000000 0.0000000 -1.0000000
f 3931/3931/3931 3932/3932/3932 3933/3933/3933
v 0.5384347 0.1974346 0.7207901
vt 0.884950638 0.483114660
vn 0.1256310 -0.2546277 -0.9588439
v 0.3015654 0.0805654 0.7207901
vt 0.927579284 0.569743872
vn 0.1256310 -0.2546277 -0.9588439
v 0.3015020 0.0820000 0.7204008
vt 0.927055895 0.569767058
vn 0.1256310 -0.2546277 -0.9588439
f 3934/3934/3934 3935/3935/3935 3936/3936/3936
v 0.3015654 0.0797901 0.7215654
vt 0.953197718 0.773904443
vn 0.0000000 -0.7071238 -0.7070898
v 0.3015654 0.0805654 0.7207901
vt 0.953483701 0.773904443
vn 0.0000000 -0.7071238 -0.7070898
v 0.5384347 0.0805654 0.7207901
vt 0.953483701 0.861170113
vn 0.0000000 -0.7071238 -0.7070898
f 3937/3937/3937 3938/3938/3938 3939/3939/3939
v 0.3015654 0.0797901 0.7215654
vt 0.953197718 0.773904443
vn 0.0000000 -0.7071238 -0.7070898
v 0.5384347 0.0805654 0.7207901
vt 0.953483701 0.861170113
vn 0.0000000 -0.7071238 -0.7070898
v 0.5384347 0.0797901 0.7215654
vt 0.953197658 0.861170113
vn 0.0000000 -0.7071238 -0.7070898
f 3940/3940/3940 3941/3941/3941 3942/3942/3942
v 0.3015654 0.1974346 0.7562100
vt 0.928134620 0.761284769
vn -0.6901461 0.2177918 0.6901196
v 0.3007901 0.1974346 0.7554347
vt 0.928134084 0.761569500
vn -0.6901461 0.2177918 0.6901196
v 0.3004008 0.1960000 0.7554981
vt 0.927608907 0.761712313
vn -0.6901461 0.2177918 0.6901196
f 3943/3943/3943 3944/3944/3944 3945/3945/3945
v 0.3015654 0.1974346 0.7562100
vt 0.928134620 0.761284769
vn -0.6901355 0.2177753 0.6901355
v 0.3004008 0.1960000 0.7554981
vt 0.927608907 0.761712313
vn -0.6901355 0.2177753 0.6901355
v 0.3015020 0.1960000 0.7565993
vt 0.927609563 0.761308134
vn -0.6901355 0.2177753 0.6901355
f 3946/3946/3946 3947/3947/3947 3948/3948/3948
o pz_barbecue_full_jorge_|_open_stand_bottom_shelf
usemtl metal
v -0.2770000 -0.2200000 0.0600000
vt 0.469487995 0.701033235
vn 0.0000000 0.0000000 -1.0000000
v -0.2770000 0.2200000 0.0600000
vt 0.309254110 0.701033235
vn 0.0000000 0.0000000 -1.0000000
v 0.2770000 0.2200000 0.0600000
vt 0.309254110 0.498747200
vn 0.0000000 0.0000000 -1.0000000
f 3949/3949/3949 3950/3950/3950 3951/3951/3951
v -0.2770000 -0.2200000 0.0600000
vt 0.469487995 0.701033235
vn 0.0000000 0.0000000 -1.0000000
v 0.2770000 0.2200000 0.0600000
vt 0.309254110 0.498747200
vn 0.0000000 0.0000000 -1.0000000
v 0.2770000 -0.2200000 0.0600000
vt 0.469487995 0.498747200
vn 0.0000000 0.0000000 -1.0000000
f 3952/3952/3952 3953/3953/3953 3954/3954/3954
v -0.2770000 -0.2200000 0.1000000
vt 0.115739502 0.696477115
vn 0.0000000 0.0000000 1.0000000
v 0.2770000 -0.2200000 0.1000000
vt 0.115739502 0.494190842
vn 0.0000000 0.0000000 1.0000000
v 0.2770000 0.2200000 0.1000000
vt 0.275973231 0.494190842
vn 0.0000000 0.0000000 1.0000000
f 3955/3955/3955 3956/3956/3956 3957/3957/3957
v -0.2770000 -0.2200000 0.1000000
vt 0.115739502 0.696477115
vn 0.0000000 0.0000000 1.0000000
v 0.2770000 0.2200000 0.1000000
vt 0.275973231 0.494190842
vn 0.0000000 0.0000000 1.0000000
v -0.2770000 0.2200000 0.1000000
vt 0.275973231 0.696477115
vn 0.0000000 0.0000000 1.0000000
f 3958/3958/3958 3959/3959/3959 3960/3960/3960
v -0.2770000 -0.2200000 0.0600000
vt 0.709504604 0.006084391
vn 0.0000000 -1.0000000 0.0000000
v 0.2770000 -0.2200000 0.0600000
vt 0.709504604 0.208371222
vn 0.0000000 -1.0000000 0.0000000
v 0.2770000 -0.2200000 0.1000000
vt 0.694937885 0.208371222
vn 0.0000000 -1.0000000 0.0000000
f 3961/3961/3961 3962/3962/3962 3963/3963/3963
v -0.2770000 -0.2200000 0.0600000
vt 0.709504604 0.006084391
vn 0.0000000 -1.0000000 0.0000000
v 0.2770000 -0.2200000 0.1000000
vt 0.694937885 0.208371222
vn 0.0000000 -1.0000000 0.0000000
v -0.2770000 -0.2200000 0.1000000
vt 0.694937944 0.006084391
vn 0.0000000 -1.0000000 0.0000000
f 3964/3964/3964 3965/3965/3965 3966/3966/3966
v 0.2770000 -0.2200000 0.0600000
vt 0.839318037 0.423454821
vn 1.0000000 0.0000000 0.0000000
v 0.2770000 0.2200000 0.0600000
vt 0.839318037 0.262794256
vn 1.0000000 0.0000000 0.0000000
v 0.2770000 0.2200000 0.1000000
vt 0.853884757 0.262794256
vn 1.0000000 0.0000000 0.0000000
f 3967/3967/3967 3968/3968/3968 3969/3969/3969
v 0.2770000 -0.2200000 0.0600000
vt 0.839318037 0.423454821
vn 1.0000000 0.0000000 0.0000000
v 0.2770000 0.2200000 0.1000000
vt 0.853884757 0.262794256
vn 1.0000000 0.0000000 0.0000000
v 0.2770000 -0.2200000 0.1000000
vt 0.853884757 0.423454821
vn 1.0000000 0.0000000 0.0000000
f 3970/3970/3970 3971/3971/3971 3972/3972/3972
v 0.2770000 0.2200000 0.0600000
vt 0.703973889 0.465078682
vn 0.0000000 1.0000000 0.0000000
v -0.2770000 0.2200000 0.0600000
vt 0.703973889 0.262794435
vn 0.0000000 1.0000000 0.0000000
v -0.2770000 0.2200000 0.1000000
vt 0.718540728 0.262794256
vn 0.0000000 1.0000000 0.0000000
f 3973/3973/3973 3974/3974/3974 3975/3975/3975
v 0.2770000 0.2200000 0.0600000
vt 0.703973889 0.465078682
vn 0.0000000 1.0000000 0.0000000
v -0.2770000 0.2200000 0.1000000
vt 0.718540728 0.262794256
vn 0.0000000 1.0000000 0.0000000
v 0.2770000 0.2200000 0.1000000
vt 0.718540728 0.465078413
vn 0.0000000 1.0000000 0.0000000
f 3976/3976/3976 3977/3977/3977 3978/3978/3978
v -0.2770000 0.2200000 0.0600000
vt 0.865465522 0.006084580
vn -1.0000000 0.0000000 0.0000000
v -0.2770000 -0.2200000 0.0600000
vt 0.865465522 0.166738316
vn -1.0000000 0.0000000 0.0000000
v -0.2770000 -0.2200000 0.1000000
vt 0.850898206 0.166738048
vn -1.0000000 0.0000000 0.0000000
f 3979/3979/3979 3980/3980/3980 3981/3981/3981
v -0.2770000 0.2200000 0.0600000
vt 0.865465522 0.006084580
vn -1.0000000 0.0000000 0.0000000
v -0.2770000 -0.2200000 0.1000000
vt 0.850898206 0.166738048
vn -1.0000000 0.0000000 0.0000000
v -0.2770000 0.2200000 0.1000000
vt 0.850898206 0.006084402
vn -1.0000000 0.0000000 0.0000000
f 3982/3982/3982 3983/3983/3983 3984/3984/3984
o pz_barbecue_full_jorge_|_round_control_knob
usemtl body
v -0.1790000 -0.2875000 0.7440000
vt 0.968206525 0.432730854
vn 0.0000000 -1.0000000 0.0000000
v -0.1805985 -0.2875000 0.7520364
vt 0.971190393 0.432730854
vn 0.0000000 -1.0000000 0.0000000
v -0.1851508 -0.2875000 0.7588493
vt 0.973947167 0.433875740
vn 0.0000000 -1.0000000 0.0000000
f 3985/3985/3985 3986/3986/3986 3987/3987/3987
v -0.1851508 -0.2875000 0.7588493
vt 0.973947167 0.433875740
vn 0.0000000 -1.0000000 0.0000000
v -0.1919637 -0.2875000 0.7634015
vt 0.976057112 0.435991436
vn 0.0000000 -1.0000000 0.0000000
v -0.2000000 -0.2875000 0.7650000
vt 0.977198958 0.438755393
vn 0.0000000 -1.0000000 0.0000000
f 3988/3988/3988 3989/3989/3989 3990/3990/3990
v -0.2000000 -0.2875000 0.7650000
vt 0.977198958 0.438755393
vn 0.0000000 -1.0000000 0.0000000
v -0.2080363 -0.2875000 0.7634015
vt 0.977198958 0.441747308
vn 0.0000000 -1.0000000 0.0000000
v -0.2148492 -0.2875000 0.7588493
vt 0.976057112 0.444511533
vn 0.0000000 -1.0000000 0.0000000
f 3991/3991/3991 3992/3992/3992 3993/3993/3993
v -0.2148492 -0.2875000 0.7588493
vt 0.976057112 0.444511533
vn 0.0000000 -1.0000000 0.0000000
v -0.2194015 -0.2875000 0.7520364
vt 0.973947167 0.446627080
vn 0.0000000 -1.0000000 0.0000000
v -0.2210000 -0.2875000 0.7440000
vt 0.971190393 0.447771937
vn 0.0000000 -1.0000000 0.0000000
f 3994/3994/3994 3995/3995/3995 3996/3996/3996
v -0.2210000 -0.2875000 0.7440000
vt 0.971190393 0.447771937
vn 0.0000000 -1.0000000 0.0000000
v -0.2194015 -0.2875000 0.7359636
vt 0.968206465 0.447771937
vn 0.0000000 -1.0000000 0.0000000
v -0.2148492 -0.2875000 0.7291508
vt 0.965449691 0.446626902
vn 0.0000000 -1.0000000 0.0000000
f 3997/3997/3997 3998/3998/3998 3999/3999/3999
v -0.2148492 -0.2875000 0.7291508
vt 0.965449691 0.446626902
vn 0.0000000 -1.0000000 0.0000000
v -0.2080363 -0.2875000 0.7245985
vt 0.963339746 0.444511443
vn 0.0000000 -1.0000000 0.0000000
v -0.2000000 -0.2875000 0.7230000
vt 0.962197840 0.441747248
vn 0.0000000 -1.0000000 0.0000000
f 4000/4000/4000 4001/4001/4001 4002/4002/4002
v -0.2000000 -0.2875000 0.7230000
vt 0.962197840 0.441747248
vn 0.0000000 -1.0000000 0.0000000
v -0.1919637 -0.2875000 0.7245985
vt 0.962197840 0.438755393
vn 0.0000000 -1.0000000 0.0000000
v -0.1851508 -0.2875000 0.7291508
vt 0.963339806 0.435991347
vn 0.0000000 -1.0000000 0.0000000
f 4003/4003/4003 4004/4004/4004 4005/4005/4005
v -0.1851508 -0.2875000 0.7291508
vt 0.963339806 0.435991347
vn 0.0000000 -1.0000000 0.0000000
v -0.1805985 -0.2875000 0.7359636
vt 0.965449691 0.433875740
vn 0.0000000 -1.0000000 0.0000000
v -0.1790000 -0.2875000 0.7440000
vt 0.968206525 0.432730854
vn 0.0000000 -1.0000000 0.0000000
f 4006/4006/4006 4007/4007/4007 4008/4008/4008
v -0.1790000 -0.2875000 0.7440000
vt 0.968206525 0.432730854
vn 0.0000000 -1.0000000 0.0000000
v -0.1851508 -0.2875000 0.7588493
vt 0.973947167 0.433875740
vn 0.0000000 -1.0000000 0.0000000
v -0.2000000 -0.2875000 0.7650000
vt 0.977198958 0.438755393
vn 0.0000000 -1.0000000 0.0000000
f 4009/4009/4009 4010/4010/4010 4011/4011/4011
v -0.2000000 -0.2875000 0.7650000
vt 0.977198958 0.438755393
vn 0.0000000 -1.0000000 0.0000000
v -0.2148492 -0.2875000 0.7588493
vt 0.976057112 0.444511533
vn 0.0000000 -1.0000000 0.0000000
v -0.2210000 -0.2875000 0.7440000
vt 0.971190393 0.447771937
vn 0.0000000 -1.0000000 0.0000000
f 4012/4012/4012 4013/4013/4013 4014/4014/4014
v -0.2210000 -0.2875000 0.7440000
vt 0.971190393 0.447771937
vn 0.0000000 -1.0000000 0.0000000
v -0.2148492 -0.2875000 0.7291508
vt 0.965449691 0.446626902
vn 0.0000000 -1.0000000 0.0000000
v -0.2000000 -0.2875000 0.7230000
vt 0.962197840 0.441747248
vn 0.0000000 -1.0000000 0.0000000
f 4015/4015/4015 4016/4016/4016 4017/4017/4017
v -0.2000000 -0.2875000 0.7230000
vt 0.962197840 0.441747248
vn 0.0000000 -1.0000000 0.0000000
v -0.1851508 -0.2875000 0.7291508
vt 0.963339806 0.435991347
vn 0.0000000 -1.0000000 0.0000000
v -0.1790000 -0.2875000 0.7440000
vt 0.968206525 0.432730854
vn 0.0000000 -1.0000000 0.0000000
f 4018/4018/4018 4019/4019/4019 4020/4020/4020
v -0.1790000 -0.2875000 0.7440000
vt 0.968206525 0.432730854
vn 0.0000000 -1.0000000 0.0000000
v -0.2000000 -0.2875000 0.7650000
vt 0.977198958 0.438755393
vn 0.0000000 -1.0000000 0.0000000
v -0.2210000 -0.2875000 0.7440000
vt 0.971190393 0.447771937
vn 0.0000000 -1.0000000 0.0000000
f 4021/4021/4021 4022/4022/4022 4023/4023/4023
v -0.2210000 -0.2875000 0.7440000
vt 0.971190393 0.447771937
vn 0.0000000 -1.0000000 0.0000000
v -0.2000000 -0.2875000 0.7230000
vt 0.962197840 0.441747248
vn 0.0000000 -1.0000000 0.0000000
v -0.1790000 -0.2875000 0.7440000
vt 0.968206525 0.432730854
vn 0.0000000 -1.0000000 0.0000000
f 4024/4024/4024 4025/4025/4025 4026/4026/4026
v -0.1805985 -0.2625000 0.7520364
vt 0.973916709 0.015100965
vn 0.0000000 1.0000000 0.0000000
v -0.1790000 -0.2625000 0.7440000
vt 0.972774804 0.017865188
vn 0.0000000 1.0000000 0.0000000
v -0.1805985 -0.2625000 0.7359636
vt 0.970664799 0.019980803
vn 0.0000000 1.0000000 0.0000000
f 4027/4027/4027 4028/4028/4028 4029/4029/4029
v -0.1805985 -0.2625000 0.7359636
vt 0.970664799 0.019980803
vn 0.0000000 1.0000000 0.0000000
v -0.1851508 -0.2625000 0.7291508
vt 0.967908025 0.021125680
vn 0.0000000 1.0000000 0.0000000
v -0.1919637 -0.2625000 0.7245985
vt 0.964924097 0.021125769
vn 0.0000000 1.0000000 0.0000000
f 4030/4030/4030 4031/4031/4031 4032/4032/4032
v -0.1919637 -0.2625000 0.7245985
vt 0.964924097 0.021125769
vn 0.0000000 1.0000000 0.0000000
v -0.2000000 -0.2625000 0.7230000
vt 0.962167323 0.019980803
vn 0.0000000 1.0000000 0.0000000
v -0.2080363 -0.2625000 0.7245985
vt 0.960057497 0.017865188
vn 0.0000000 1.0000000 0.0000000
f 4033/4033/4033 4034/4034/4034 4035/4035/4035
v -0.2080363 -0.2625000 0.7245985
vt 0.960057497 0.017865188
vn 0.0000000 1.0000000 0.0000000
v -0.2148492 -0.2625000 0.7291508
vt 0.958915651 0.015101054
vn 0.0000000 1.0000000 0.0000000
v -0.2194015 -0.2625000 0.7359636
vt 0.958915651 0.012109119
vn 0.0000000 1.0000000 0.0000000
f 4036/4036/4036 4037/4037/4037 4038/4038/4038
v -0.2194015 -0.2625000 0.7359636
vt 0.958915651 0.012109119
vn 0.0000000 1.0000000 0.0000000
v -0.2210000 -0.2625000 0.7440000
vt 0.960057616 0.009345072
vn 0.0000000 1.0000000 0.0000000
v -0.2194015 -0.2625000 0.7520364
vt 0.962167501 0.007229370
vn 0.0000000 1.0000000 0.0000000
f 4039/4039/4039 4040/4040/4040 4041/4041/4041
v -0.2194015 -0.2625000 0.7520364
vt 0.962167501 0.007229370
vn 0.0000000 1.0000000 0.0000000
v -0.2148492 -0.2625000 0.7588493
vt 0.964924276 0.006084402
vn 0.0000000 1.0000000 0.0000000
v -0.2080363 -0.2625000 0.7634015
vt 0.967908323 0.006084402
vn 0.0000000 1.0000000 0.0000000
f 4042/4042/4042 4043/4043/4043 4044/4044/4044
v -0.2080363 -0.2625000 0.7634015
vt 0.967908323 0.006084402
vn 0.0000000 1.0000000 0.0000000
v -0.2000000 -0.2625000 0.7650000
vt 0.970664978 0.007229459
vn 0.0000000 1.0000000 0.0000000
v -0.1919637 -0.2625000 0.7634015
vt 0.972774863 0.009345072
vn 0.0000000 1.0000000 0.0000000
f 4045/4045/4045 4046/4046/4046 4047/4047/4047
v -0.1919637 -0.2625000 0.7634015
vt 0.972774863 0.009345072
vn 0.0000000 1.0000000 0.0000000
v -0.1851508 -0.2625000 0.7588493
vt 0.973916709 0.012109119
vn 0.0000000 1.0000000 0.0000000
v -0.1805985 -0.2625000 0.7520364
vt 0.973916709 0.015100965
vn 0.0000000 1.0000000 0.0000000
f 4048/4048/4048 4049/4049/4049 4050/4050/4050
v -0.1805985 -0.2625000 0.7520364
vt 0.973916709 0.015100965
vn 0.0000000 1.0000000 0.0000000
v -0.1805985 -0.2625000 0.7359636
vt 0.970664799 0.019980803
vn 0.0000000 1.0000000 0.0000000
v -0.1919637 -0.2625000 0.7245985
vt 0.964924097 0.021125769
vn 0.0000000 1.0000000 0.0000000
f 4051/4051/4051 4052/4052/4052 4053/4053/4053
v -0.1919637 -0.2625000 0.7245985
vt 0.964924097 0.021125769
vn 0.0000000 1.0000000 0.0000000
v -0.2080363 -0.2625000 0.7245985
vt 0.960057497 0.017865188
vn 0.0000000 1.0000000 0.0000000
v -0.2194015 -0.2625000 0.7359636
vt 0.958915651 0.012109119
vn 0.0000000 1.0000000 0.0000000
f 4054/4054/4054 4055/4055/4055 4056/4056/4056
v -0.2194015 -0.2625000 0.7359636
vt 0.958915651 0.012109119
vn 0.0000000 1.0000000 0.0000000
v -0.2194015 -0.2625000 0.7520364
vt 0.962167501 0.007229370
vn 0.0000000 1.0000000 0.0000000
v -0.2080363 -0.2625000 0.7634015
vt 0.967908323 0.006084402
vn 0.0000000 1.0000000 0.0000000
f 4057/4057/4057 4058/4058/4058 4059/4059/4059
v -0.2080363 -0.2625000 0.7634015
vt 0.967908323 0.006084402
vn 0.0000000 1.0000000 0.0000000
v -0.1919637 -0.2625000 0.7634015
vt 0.972774863 0.009345072
vn 0.0000000 1.0000000 0.0000000
v -0.1805985 -0.2625000 0.7520364
vt 0.973916709 0.015100965
vn 0.0000000 1.0000000 0.0000000
f 4060/4060/4060 4061/4061/4061 4062/4062/4062
v -0.1805985 -0.2625000 0.7520364
vt 0.973916709 0.015100965
vn 0.0000000 1.0000000 0.0000000
v -0.1919637 -0.2625000 0.7245985
vt 0.964924097 0.021125769
vn 0.0000000 1.0000000 0.0000000
v -0.2194015 -0.2625000 0.7359636
vt 0.958915651 0.012109119
vn 0.0000000 1.0000000 0.0000000
f 4063/4063/4063 4064/4064/4064 4065/4065/4065
v -0.2194015 -0.2625000 0.7359636
vt 0.958915651 0.012109119
vn 0.0000000 1.0000000 0.0000000
v -0.2080363 -0.2625000 0.7634015
vt 0.967908323 0.006084402
vn 0.0000000 1.0000000 0.0000000
v -0.1805985 -0.2625000 0.7520364
vt 0.973916709 0.015100965
vn 0.0000000 1.0000000 0.0000000
f 4066/4066/4066 4067/4067/4067 4068/4068/4068
v -0.1790000 -0.2875000 0.7440000
vt 0.975360394 0.826601982
vn 0.9807866 0.0000000 -0.1950840
v -0.1805985 -0.2875000 0.7359636
vt 0.975360155 0.829685569
vn 0.9807866 0.0000000 -0.1950840
v -0.1805985 -0.2625000 0.7359636
vt 0.965796053 0.829685569
vn 0.9807866 0.0000000 -0.1950840
f 4069/4069/4069 4070/4070/4070 4071/4071/4071
v -0.1790000 -0.2875000 0.7440000
vt 0.975360394 0.826601982
vn 0.9807866 0.0000000 -0.1950840
v -0.1805985 -0.2625000 0.7359636
vt 0.965796053 0.829685569
vn 0.9807866 0.0000000 -0.1950840
v -0.1790000 -0.2625000 0.7440000
vt 0.965796173 0.826601982
vn 0.9807866 0.0000000 -0.1950840
f 4072/4072/4072 4073/4073/4073 4074/4074/4074
v -0.1805985 -0.2875000 0.7359636
vt 0.975360155 0.829685569
vn 0.8314623 0.0000000 -0.5555812
v -0.1851508 -0.2875000 0.7291508
vt 0.975359619 0.832301497
vn 0.8314623 0.0000000 -0.5555812
v -0.1851508 -0.2625000 0.7291508
vt 0.965795457 0.832301497
vn 0.8314623 0.0000000 -0.5555812
f 4075/4075/4075 4076/4076/4076 4077/4077/4077
v -0.1805985 -0.2875000 0.7359636
vt 0.975360155 0.829685569
vn 0.8314623 0.0000000 -0.5555812
v -0.1851508 -0.2625000 0.7291508
vt 0.965795457 0.832301497
vn 0.8314623 0.0000000 -0.5555812
v -0.1805985 -0.2625000 0.7359636
vt 0.965796053 0.829685569
vn 0.8314623 0.0000000 -0.5555812
f 4078/4078/4078 4079/4079/4079 4080/4080/4080
v -0.1851508 -0.2875000 0.7291508
vt 0.045648079 0.966313779
vn 0.5555711 0.0000000 -0.8314690
v -0.1919637 -0.2875000 0.7245985
vt 0.045647234 0.968927145
vn 0.5555711 0.0000000 -0.8314690
v -0.1919637 -0.2625000 0.7245985
vt 0.036083058 0.968927145
vn 0.5555711 0.0000000 -0.8314690
f 4081/4081/4081 4082/4082/4082 4083/4083/4083
v -0.1851508 -0.2875000 0.7291508
vt 0.045648079 0.966313779
vn 0.5555711 0.0000000 -0.8314690
v -0.1919637 -0.2625000 0.7245985
vt 0.036083058 0.968927145
vn 0.5555711 0.0000000 -0.8314690
v -0.1851508 -0.2625000 0.7291508
vt 0.036083903 0.966313779
vn 0.5555711 0.0000000 -0.8314690
f 4084/4084/4084 4085/4085/4085 4086/4086/4086
v -0.1919637 -0.2875000 0.7245985
vt 0.045647234 0.968927145
vn 0.1950924 0.0000000 -0.9807849
v -0.2000000 -0.2875000 0.7230000
vt 0.045647010 0.972009957
vn 0.1950924 0.0000000 -0.9807849
v -0.2000000 -0.2625000 0.7230000
vt 0.036082745 0.972009957
vn 0.1950924 0.0000000 -0.9807849
f 4087/4087/4087 4088/4088/4088 4089/4089/4089
v -0.1919637 -0.2875000 0.7245985
vt 0.045647234 0.968927145
vn 0.1950924 0.0000000 -0.9807849
v -0.2000000 -0.2625000 0.7230000
vt 0.036082745 0.972009957
vn 0.1950924 0.0000000 -0.9807849
v -0.1919637 -0.2625000 0.7245985
vt 0.036083058 0.968927145
vn 0.1950924 0.0000000 -0.9807849
f 4090/4090/4090 4091/4091/4091 4092/4092/4092
v -0.2000000 -0.2875000 0.7230000
vt 0.045647010 0.972009957
vn -0.1950924 0.0000000 -0.9807849
v -0.2080363 -0.2875000 0.7245985
vt 0.045647234 0.975092411
vn -0.1950924 0.0000000 -0.9807849
v -0.2080363 -0.2625000 0.7245985
vt 0.036083058 0.975092411
vn -0.1950924 0.0000000 -0.9807849
f 4093/4093/4093 4094/4094/4094 4095/4095/4095
v -0.2000000 -0.2875000 0.7230000
vt 0.045647010 0.972009957
vn -0.1950924 0.0000000 -0.9807849
v -0.2080363 -0.2625000 0.7245985
vt 0.036083058 0.975092411
vn -0.1950924 0.0000000 -0.9807849
v -0.2000000 -0.2625000 0.7230000
vt 0.036082745 0.972009957
vn -0.1950924 0.0000000 -0.9807849
f 4096/4096/4096 4097/4097/4097 4098/4098/4098
v -0.2080363 -0.2875000 0.7245985
vt 0.045647234 0.975092411
vn -0.5555711 0.0000000 -0.8314690
v -0.2148492 -0.2875000 0.7291508
vt 0.045648079 0.977705598
vn -0.5555711 0.0000000 -0.8314690
v -0.2148492 -0.2625000 0.7291508
vt 0.036083903 0.977705598
vn -0.5555711 0.0000000 -0.8314690
f 4099/4099/4099 4100/4100/4100 4101/4101/4101
v -0.2080363 -0.2875000 0.7245985
vt 0.045647234 0.975092411
vn -0.5555711 0.0000000 -0.8314690
v -0.2148492 -0.2625000 0.7291508
vt 0.036083903 0.977705598
vn -0.5555711 0.0000000 -0.8314690
v -0.2080363 -0.2625000 0.7245985
vt 0.036083058 0.975092411
vn -0.5555711 0.0000000 -0.8314690
f 4102/4102/4102 4103/4103/4103 4104/4104/4104
v -0.2148492 -0.2875000 0.7291508
vt 0.490379363 0.249728978
vn -0.8314631 0.0000000 -0.5555800
v -0.2194015 -0.2875000 0.7359636
vt 0.490402192 0.247117639
vn -0.8314631 0.0000000 -0.5555800
v -0.2194015 -0.2625000 0.7359636
vt 0.499965966 0.247117639
vn -0.8314631 0.0000000 -0.5555800
f 4105/4105/4105 4106/4106/4106 4107/4107/4107
v -0.2148492 -0.2875000 0.7291508
vt 0.490379363 0.249728978
vn -0.8314631 0.0000000 -0.5555800
v -0.2194015 -0.2625000 0.7359636
vt 0.499965966 0.247117639
vn -0.8314631 0.0000000 -0.5555800
v -0.2148492 -0.2625000 0.7291508
vt 0.499943137 0.249728978
vn -0.8314631 0.0000000 -0.5555800
f 4108/4108/4108 4109/4109/4109 4110/4110/4110
v -0.2194015 -0.2875000 0.7359636
vt 0.490402192 0.247117639
vn -0.9807863 0.0000000 -0.1950857
v -0.2210000 -0.2875000 0.7440000
vt 0.490410239 0.244035468
vn -0.9807863 0.0000000 -0.1950857
v -0.2210000 -0.2625000 0.7440000
vt 0.499974012 0.244035468
vn -0.9807863 0.0000000 -0.1950857
f 4111/4111/4111 4112/4112/4112 4113/4113/4113
v -0.2194015 -0.2875000 0.7359636
vt 0.490402192 0.247117639
vn -0.9807863 0.0000000 -0.1950857
v -0.2210000 -0.2625000 0.7440000
vt 0.499974012 0.244035468
vn -0.9807863 0.0000000 -0.1950857
v -0.2194015 -0.2625000 0.7359636
vt 0.499965966 0.247117639
vn -0.9807863 0.0000000 -0.1950857
f 4114/4114/4114 4115/4115/4115 4116/4116/4116
v -0.2210000 -0.2875000 0.7440000
vt 0.490410239 0.244035468
vn -0.9807859 0.0000000 0.1950871
v -0.2194015 -0.2875000 0.7520364
vt 0.490402281 0.240952149
vn -0.9807859 0.0000000 0.1950871
v -0.2194015 -0.2625000 0.7520364
vt 0.499966055 0.240952149
vn -0.9807859 0.0000000 0.1950871
f 4117/4117/4117 4118/4118/4118 4119/4119/4119
v -0.2210000 -0.2875000 0.7440000
vt 0.490410239 0.244035468
vn -0.9807859 0.0000000 0.1950871
v -0.2194015 -0.2625000 0.7520364
vt 0.499966055 0.240952149
vn -0.9807859 0.0000000 0.1950871
v -0.2210000 -0.2625000 0.7440000
vt 0.499974012 0.244035468
vn -0.9807859 0.0000000 0.1950871
f 4120/4120/4120 4121/4121/4121 4122/4122/4122
v -0.2194015 -0.2875000 0.7520364
vt 0.490402281 0.240952149
vn -0.8314676 0.0000000 0.5555732
v -0.2148492 -0.2875000 0.7588493
vt 0.490379542 0.238336623
vn -0.8314676 0.0000000 0.5555732
v -0.2148492 -0.2625000 0.7588493
vt 0.499943286 0.238336623
vn -0.8314676 0.0000000 0.5555732
f 4123/4123/4123 4124/4124/4124 4125/4125/4125
v -0.2194015 -0.2875000 0.7520364
vt 0.490402281 0.240952149
vn -0.8314676 0.0000000 0.5555732
v -0.2148492 -0.2625000 0.7588493
vt 0.499943286 0.238336623
vn -0.8314676 0.0000000 0.5555732
v -0.2194015 -0.2625000 0.7520364
vt 0.499966055 0.240952149
vn -0.8314676 0.0000000 0.5555732
f 4126/4126/4126 4127/4127/4127 4128/4128/4128
v -0.2148492 -0.2875000 0.7588493
vt 0.965795457 0.734584332
vn -0.5555661 0.0000000 0.8314724
v -0.2080363 -0.2875000 0.7634015
vt 0.965798616 0.731970847
vn -0.5555661 0.0000000 0.8314724
v -0.2080363 -0.2625000 0.7634015
vt 0.975362837 0.731970847
vn -0.5555661 0.0000000 0.8314724
f 4129/4129/4129 4130/4130/4130 4131/4131/4131
v -0.2148492 -0.2875000 0.7588493
vt 0.965795457 0.734584332
vn -0.5555661 0.0000000 0.8314724
v -0.2080363 -0.2625000 0.7634015
vt 0.975362837 0.731970847
vn -0.5555661 0.0000000 0.8314724
v -0.2148492 -0.2625000 0.7588493
vt 0.975359619 0.734584332
vn -0.5555661 0.0000000 0.8314724
f 4132/4132/4132 4133/4133/4133 4134/4134/4134
v -0.2000000 -0.2625000 0.7650000
vt 0.975363791 0.728888214
vn -0.1950854 0.0000000 0.9807863
v -0.2080363 -0.2625000 0.7634015
vt 0.975362837 0.731970847
vn -0.1950854 0.0000000 0.9807863
v -0.2080363 -0.2875000 0.7634015
vt 0.965798616 0.731970847
vn -0.1950854 0.0000000 0.9807863
f 4135/4135/4135 4136/4136/4136 4137/4137/4137
v -0.2000000 -0.2625000 0.7650000
vt 0.975363791 0.728888214
vn -0.1950854 0.0000000 0.9807863
v -0.2080363 -0.2875000 0.7634015
vt 0.965798616 0.731970847
vn -0.1950854 0.0000000 0.9807863
v -0.2000000 -0.2875000 0.7650000
vt 0.965799689 0.728888214
vn -0.1950854 0.0000000 0.9807863
f 4138/4138/4138 4139/4139/4139 4140/4140/4140
v -0.1919637 -0.2875000 0.7634015
vt 0.965798616 0.725805521
vn 0.5555661 0.0000000 0.8314724
v -0.1851508 -0.2875000 0.7588493
vt 0.965795457 0.723192513
vn 0.5555661 0.0000000 0.8314724
v -0.1851508 -0.2625000 0.7588493
vt 0.975359678 0.723192513
vn 0.5555661 0.0000000 0.8314724
f 4141/4141/4141 4142/4142/4142 4143/4143/4143
v -0.1919637 -0.2875000 0.7634015
vt 0.965798616 0.725805521
vn 0.5555661 0.0000000 0.8314724
v -0.1851508 -0.2625000 0.7588493
vt 0.975359678 0.723192513
vn 0.5555661 0.0000000 0.8314724
v -0.1919637 -0.2625000 0.7634015
vt 0.975362837 0.725805521
vn 0.5555661 0.0000000 0.8314724
f 4144/4144/4144 4145/4145/4145 4146/4146/4146
v -0.1851508 -0.2875000 0.7588493
vt 0.975359619 0.820909560
vn 0.8314668 0.0000000 0.5555745
v -0.1805985 -0.2875000 0.7520364
vt 0.975360155 0.823520243
vn 0.8314668 0.0000000 0.5555745
v -0.1805985 -0.2625000 0.7520364
vt 0.965796053 0.823520243
vn 0.8314668 0.0000000 0.5555745
f 4147/4147/4147 4148/4148/4148 4149/4149/4149
v -0.1851508 -0.2875000 0.7588493
vt 0.975359619 0.820909560
vn 0.8314668 0.0000000 0.5555745
v -0.1805985 -0.2625000 0.7520364
vt 0.965796053 0.823520243
vn 0.8314668 0.0000000 0.5555745
v -0.1851508 -0.2625000 0.7588493
vt 0.965795457 0.820909560
vn 0.8314668 0.0000000 0.5555745
f 4150/4150/4150 4151/4151/4151 4152/4152/4152
v -0.1919637 -0.2625000 0.7634015
vt 0.975362837 0.725805521
vn 0.1950854 0.0000000 0.9807863
v -0.2000000 -0.2625000 0.7650000
vt 0.975363791 0.728888214
vn 0.1950854 0.0000000 0.9807863
v -0.2000000 -0.2875000 0.7650000
vt 0.965799689 0.728888214
vn 0.1950854 0.0000000 0.9807863
f 4153/4153/4153 4154/4154/4154 4155/4155/4155
v -0.1919637 -0.2625000 0.7634015
vt 0.975362837 0.725805521
vn 0.1950854 0.0000000 0.9807863
v -0.2000000 -0.2875000 0.7650000
vt 0.965799689 0.728888214
vn 0.1950854 0.0000000 0.9807863
v -0.1919637 -0.2875000 0.7634015
vt 0.965798616 0.725805521
vn 0.1950854 0.0000000 0.9807863
f 4156/4156/4156 4157/4157/4157 4158/4158/4158
v -0.1790000 -0.2625000 0.7440000
vt 0.965796173 0.826601982
vn 0.9807862 0.0000000 0.1950854
v -0.1805985 -0.2625000 0.7520364
vt 0.965796053 0.823520243
vn 0.9807862 0.0000000 0.1950854
v -0.1805985 -0.2875000 0.7520364
vt 0.975360155 0.823520243
vn 0.9807862 0.0000000 0.1950854
f 4159/4159/4159 4160/4160/4160 4161/4161/4161
v -0.1790000 -0.2625000 0.7440000
vt 0.965796173 0.826601982
vn 0.9807862 0.0000000 0.1950854
v -0.1805985 -0.2875000 0.7520364
vt 0.975360155 0.823520243
vn 0.9807862 0.0000000 0.1950854
v -0.1790000 -0.2875000 0.7440000
vt 0.975360394 0.826601982
vn 0.9807862 0.0000000 0.1950854
f 4162/4162/4162 4163/4163/4163 4164/4164/4164
o pz_barbecue_full_jorge_|_round_control_knob.001
usemtl body
v -0.0460000 -0.2875000 0.7440000
vt 0.964924514 0.175525457
vn 0.0000000 -1.0000000 0.0000000
v -0.0475985 -0.2875000 0.7520364
vt 0.962167621 0.174380481
vn 0.0000000 -1.0000000 0.0000000
v -0.0521508 -0.2875000 0.7588493
vt 0.960057676 0.172264963
vn 0.0000000 -1.0000000 0.0000000
f 4165/4165/4165 4166/4166/4166 4167/4167/4167
v -0.0521508 -0.2875000 0.7588493
vt 0.960057676 0.172264963
vn 0.0000000 -1.0000000 0.0000000
v -0.0589636 -0.2875000 0.7634015
vt 0.958915830 0.169500828
vn 0.0000000 -1.0000000 0.0000000
v -0.0670000 -0.2875000 0.7650000
vt 0.958915830 0.166508973
vn 0.0000000 -1.0000000 0.0000000
f 4168/4168/4168 4169/4169/4169 4170/4170/4170
v -0.0670000 -0.2875000 0.7650000
vt 0.958915830 0.166508973
vn 0.0000000 -1.0000000 0.0000000
v -0.0750364 -0.2875000 0.7634015
vt 0.960057676 0.163744837
vn 0.0000000 -1.0000000 0.0000000
v -0.0818492 -0.2875000 0.7588493
vt 0.962167621 0.161629319
vn 0.0000000 -1.0000000 0.0000000
f 4171/4171/4171 4172/4172/4172 4173/4173/4173
v -0.0818492 -0.2875000 0.7588493
vt 0.962167621 0.161629319
vn 0.0000000 -1.0000000 0.0000000
v -0.0864015 -0.2875000 0.7520364
vt 0.964924395 0.160484254
vn 0.0000000 -1.0000000 0.0000000
v -0.0880000 -0.2875000 0.7440000
vt 0.967908204 0.160484254
vn 0.0000000 -1.0000000 0.0000000
f 4174/4174/4174 4175/4175/4175 4176/4176/4176
v -0.0880000 -0.2875000 0.7440000
vt 0.967908204 0.160484254
vn 0.0000000 -1.0000000 0.0000000
v -0.0864015 -0.2875000 0.7359636
vt 0.970665097 0.161629230
vn 0.0000000 -1.0000000 0.0000000
v -0.0818492 -0.2875000 0.7291508
vt 0.972775042 0.163744748
vn 0.0000000 -1.0000000 0.0000000
f 4177/4177/4177 4178/4178/4178 4179/4179/4179
v -0.0818492 -0.2875000 0.7291508
vt 0.972775042 0.163744748
vn 0.0000000 -1.0000000 0.0000000
v -0.0750364 -0.2875000 0.7245985
vt 0.973917007 0.166508883
vn 0.0000000 -1.0000000 0.0000000
v -0.0670000 -0.2875000 0.7230000
vt 0.973917007 0.169500828
vn 0.0000000 -1.0000000 0.0000000
f 4180/4180/4180 4181/4181/4181 4182/4182/4182
v -0.0670000 -0.2875000 0.7230000
vt 0.973917007 0.169500828
vn 0.0000000 -1.0000000 0.0000000
v -0.0589636 -0.2875000 0.7245985
vt 0.972775042 0.172264963
vn 0.0000000 -1.0000000 0.0000000
v -0.0521508 -0.2875000 0.7291508
vt 0.970665097 0.174380481
vn 0.0000000 -1.0000000 0.0000000
f 4183/4183/4183 4184/4184/4184 4185/4185/4185
v -0.0521508 -0.2875000 0.7291508
vt 0.970665097 0.174380481
vn 0.0000000 -1.0000000 0.0000000
v -0.0475985 -0.2875000 0.7359636
vt 0.967908323 0.175525457
vn 0.0000000 -1.0000000 0.0000000
v -0.0460000 -0.2875000 0.7440000
vt 0.964924514 0.175525457
vn 0.0000000 -1.0000000 0.0000000
f 4186/4186/4186 4187/4187/4187 4188/4188/4188
v -0.0460000 -0.2875000 0.7440000
vt 0.964924514 0.175525457
vn 0.0000000 -1.0000000 0.0000000
v -0.0521508 -0.2875000 0.7588493
vt 0.960057676 0.172264963
vn 0.0000000 -1.0000000 0.0000000
v -0.0670000 -0.2875000 0.7650000
vt 0.958915830 0.166508973
vn 0.0000000 -1.0000000 0.0000000
f 4189/4189/4189 4190/4190/4190 4191/4191/4191
v -0.0670000 -0.2875000 0.7650000
vt 0.958915830 0.166508973
vn 0.0000000 -1.0000000 0.0000000
v -0.0818492 -0.2875000 0.7588493
vt 0.962167621 0.161629319
vn 0.0000000 -1.0000000 0.0000000
v -0.0880000 -0.2875000 0.7440000
vt 0.967908204 0.160484254
vn 0.0000000 -1.0000000 0.0000000
f 4192/4192/4192 4193/4193/4193 4194/4194/4194
v -0.0880000 -0.2875000 0.7440000
vt 0.967908204 0.160484254
vn 0.0000000 -1.0000000 0.0000000
v -0.0818492 -0.2875000 0.7291508
vt 0.972775042 0.163744748
vn 0.0000000 -1.0000000 0.0000000
v -0.0670000 -0.2875000 0.7230000
vt 0.973917007 0.169500828
vn 0.0000000 -1.0000000 0.0000000
f 4195/4195/4195 4196/4196/4196 4197/4197/4197
v -0.0670000 -0.2875000 0.7230000
vt 0.973917007 0.169500828
vn 0.0000000 -1.0000000 0.0000000
v -0.0521508 -0.2875000 0.7291508
vt 0.970665097 0.174380481
vn 0.0000000 -1.0000000 0.0000000
v -0.0460000 -0.2875000 0.7440000
vt 0.964924514 0.175525457
vn 0.0000000 -1.0000000 0.0000000
f 4198/4198/4198 4199/4199/4199 4200/4200/4200
v -0.0460000 -0.2875000 0.7440000
vt 0.964924514 0.175525457
vn 0.0000000 -1.0000000 0.0000000
v -0.0670000 -0.2875000 0.7650000
vt 0.958915830 0.166508973
vn 0.0000000 -1.0000000 0.0000000
v -0.0880000 -0.2875000 0.7440000
vt 0.967908204 0.160484254
vn 0.0000000 -1.0000000 0.0000000
f 4201/4201/4201 4202/4202/4202 4203/4203/4203
v -0.0880000 -0.2875000 0.7440000
vt 0.967908204 0.160484254
vn 0.0000000 -1.0000000 0.0000000
v -0.0670000 -0.2875000 0.7230000
vt 0.973917007 0.169500828
vn 0.0000000 -1.0000000 0.0000000
v -0.0460000 -0.2875000 0.7440000
vt 0.964924514 0.175525457
vn 0.0000000 -1.0000000 0.0000000
f 4204/4204/4204 4205/4205/4205 4206/4206/4206
v -0.0475985 -0.2625000 0.7520364
vt 0.973916769 0.069521196
vn 0.0000000 1.0000000 0.0000000
v -0.0460000 -0.2625000 0.7440000
vt 0.972774744 0.072285332
vn 0.0000000 1.0000000 0.0000000
v -0.0475985 -0.2625000 0.7359636
vt 0.970664740 0.074401036
vn 0.0000000 1.0000000 0.0000000
f 4207/4207/4207 4208/4208/4208 4209/4209/4209
v -0.0475985 -0.2625000 0.7359636
vt 0.970664740 0.074401036
vn 0.0000000 1.0000000 0.0000000
v -0.0521508 -0.2625000 0.7291508
vt 0.967907965 0.075545914
vn 0.0000000 1.0000000 0.0000000
v -0.0589636 -0.2625000 0.7245985
vt 0.964924157 0.075545825
vn 0.0000000 1.0000000 0.0000000
f 4210/4210/4210 4211/4211/4211 4212/4212/4212
v -0.0589636 -0.2625000 0.7245985
vt 0.964924157 0.075545825
vn 0.0000000 1.0000000 0.0000000
v -0.0670000 -0.2625000 0.7230000
vt 0.962167382 0.074401036
vn 0.0000000 1.0000000 0.0000000
v -0.0750364 -0.2625000 0.7245985
vt 0.960057497 0.072285332
vn 0.0000000 1.0000000 0.0000000
f 4213/4213/4213 4214/4214/4214 4215/4215/4215
v -0.0750364 -0.2625000 0.7245985
vt 0.960057497 0.072285332
vn 0.0000000 1.0000000 0.0000000
v -0.0818492 -0.2625000 0.7291508
vt 0.958915651 0.069521286
vn 0.0000000 1.0000000 0.0000000
v -0.0864015 -0.2625000 0.7359636
vt 0.958915651 0.066529348
vn 0.0000000 1.0000000 0.0000000
f 4216/4216/4216 4217/4217/4217 4218/4218/4218
v -0.0864015 -0.2625000 0.7359636
vt 0.958915651 0.066529348
vn 0.0000000 1.0000000 0.0000000
v -0.0880000 -0.2625000 0.7440000
vt 0.960057557 0.063765123
vn 0.0000000 1.0000000 0.0000000
v -0.0864015 -0.2625000 0.7520364
vt 0.962167501 0.061649602
vn 0.0000000 1.0000000 0.0000000
f 4219/4219/4219 4220/4220/4220 4221/4221/4221
v -0.0864015 -0.2625000 0.7520364
vt 0.962167501 0.061649602
vn 0.0000000 1.0000000 0.0000000
v -0.0818492 -0.2625000 0.7588493
vt 0.964924335 0.060504634
vn 0.0000000 1.0000000 0.0000000
v -0.0750364 -0.2625000 0.7634015
vt 0.967908263 0.060504723
vn 0.0000000 1.0000000 0.0000000
f 4222/4222/4222 4223/4223/4223 4224/4224/4224
v -0.0750364 -0.2625000 0.7634015
vt 0.967908263 0.060504723
vn 0.0000000 1.0000000 0.0000000
v -0.0670000 -0.2625000 0.7650000
vt 0.970664918 0.061649602
vn 0.0000000 1.0000000 0.0000000
v -0.0589636 -0.2625000 0.7634015
vt 0.972774744 0.063765123
vn 0.0000000 1.0000000 0.0000000
f 4225/4225/4225 4226/4226/4226 4227/4227/4227
v -0.0589636 -0.2625000 0.7634015
vt 0.972774744 0.063765123
vn 0.0000000 1.0000000 0.0000000
v -0.0521508 -0.2625000 0.7588493
vt 0.973916709 0.066529348
vn 0.0000000 1.0000000 0.0000000
v -0.0475985 -0.2625000 0.7520364
vt 0.973916769 0.069521196
vn 0.0000000 1.0000000 0.0000000
f 4228/4228/4228 4229/4229/4229 4230/4230/4230
v -0.0475985 -0.2625000 0.7520364
vt 0.973916769 0.069521196
vn 0.0000000 1.0000000 0.0000000
v -0.0475985 -0.2625000 0.7359636
vt 0.970664740 0.074401036
vn 0.0000000 1.0000000 0.0000000
v -0.0589636 -0.2625000 0.7245985
vt 0.964924157 0.075545825
vn 0.0000000 1.0000000 0.0000000
f 4231/4231/4231 4232/4232/4232 4233/4233/4233
v -0.0589636 -0.2625000 0.7245985
vt 0.964924157 0.075545825
vn 0.0000000 1.0000000 0.0000000
v -0.0750364 -0.2625000 0.7245985
vt 0.960057497 0.072285332
vn 0.0000000 1.0000000 0.0000000
v -0.0864015 -0.2625000 0.7359636
vt 0.958915651 0.066529348
vn 0.0000000 1.0000000 0.0000000
f 4234/4234/4234 4235/4235/4235 4236/4236/4236
v -0.0864015 -0.2625000 0.7359636
vt 0.958915651 0.066529348
vn 0.0000000 1.0000000 0.0000000
v -0.0864015 -0.2625000 0.7520364
vt 0.962167501 0.061649602
vn 0.0000000 1.0000000 0.0000000
v -0.0750364 -0.2625000 0.7634015
vt 0.967908263 0.060504723
vn 0.0000000 1.0000000 0.0000000
f 4237/4237/4237 4238/4238/4238 4239/4239/4239
v -0.0750364 -0.2625000 0.7634015
vt 0.967908263 0.060504723
vn 0.0000000 1.0000000 0.0000000
v -0.0589636 -0.2625000 0.7634015
vt 0.972774744 0.063765123
vn 0.0000000 1.0000000 0.0000000
v -0.0475985 -0.2625000 0.7520364
vt 0.973916769 0.069521196
vn 0.0000000 1.0000000 0.0000000
f 4240/4240/4240 4241/4241/4241 4242/4242/4242
v -0.0475985 -0.2625000 0.7520364
vt 0.973916769 0.069521196
vn 0.0000000 1.0000000 0.0000000
v -0.0589636 -0.2625000 0.7245985
vt 0.964924157 0.075545825
vn 0.0000000 1.0000000 0.0000000
v -0.0864015 -0.2625000 0.7359636
vt 0.958915651 0.066529348
vn 0.0000000 1.0000000 0.0000000
f 4243/4243/4243 4244/4244/4244 4245/4245/4245
v -0.0864015 -0.2625000 0.7359636
vt 0.958915651 0.066529348
vn 0.0000000 1.0000000 0.0000000
v -0.0750364 -0.2625000 0.7634015
vt 0.967908263 0.060504723
vn 0.0000000 1.0000000 0.0000000
v -0.0475985 -0.2625000 0.7520364
vt 0.973916769 0.069521196
vn 0.0000000 1.0000000 0.0000000
f 4246/4246/4246 4247/4247/4247 4248/4248/4248
v -0.0460000 -0.2875000 0.7440000
vt 0.015649289 0.972006083
vn 0.9807864 0.0000000 -0.1950849
v -0.0475985 -0.2875000 0.7359636
vt 0.015649199 0.975089669
vn 0.9807864 0.0000000 -0.1950849
v -0.0475985 -0.2625000 0.7359636
vt 0.006084936 0.975089729
vn 0.9807864 0.0000000 -0.1950849
f 4249/4249/4249 4250/4250/4250 4251/4251/4251
v -0.0460000 -0.2875000 0.7440000
vt 0.015649289 0.972006083
vn 0.9807864 0.0000000 -0.1950849
v -0.0475985 -0.2625000 0.7359636
vt 0.006084936 0.975089729
vn 0.9807864 0.0000000 -0.1950849
v -0.0460000 -0.2625000 0.7440000
vt 0.006085203 0.972006083
vn 0.9807864 0.0000000 -0.1950849
f 4252/4252/4252 4253/4253/4253 4254/4254/4254
v -0.0475985 -0.2625000 0.7520364
vt 0.006084936 0.968924463
vn 0.8314670 0.0000000 0.5555742
v -0.0521508 -0.2625000 0.7588493
vt 0.006084402 0.966313720
vn 0.8314670 0.0000000 0.5555742
v -0.0521508 -0.2875000 0.7588493
vt 0.015648488 0.966313720
vn 0.8314670 0.0000000 0.5555742
f 4255/4255/4255 4256/4256/4256 4257/4257/4257
v -0.0475985 -0.2625000 0.7520364
vt 0.006084936 0.968924463
vn 0.8314670 0.0000000 0.5555742
v -0.0521508 -0.2875000 0.7588493
vt 0.015648488 0.966313720
vn 0.8314670 0.0000000 0.5555742
v -0.0475985 -0.2875000 0.7520364
vt 0.015649199 0.968924403
vn 0.8314670 0.0000000 0.5555742
f 4258/4258/4258 4259/4259/4259 4260/4260/4260
v -0.0521508 -0.2875000 0.7291508
vt 0.089116231 0.966313779
vn 0.5555768 0.0000000 -0.8314652
v -0.0589636 -0.2875000 0.7245985
vt 0.089115426 0.968927145
vn 0.5555768 0.0000000 -0.8314652
v -0.0589636 -0.2625000 0.7245985
vt 0.079551160 0.968927145
vn 0.5555768 0.0000000 -0.8314652
f 4261/4261/4261 4262/4262/4262 4263/4263/4263
v -0.0521508 -0.2875000 0.7291508
vt 0.089116231 0.966313779
vn 0.5555768 0.0000000 -0.8314652
v -0.0589636 -0.2625000 0.7245985
vt 0.079551160 0.968927145
vn 0.5555768 0.0000000 -0.8314652
v -0.0521508 -0.2625000 0.7291508
vt 0.079552144 0.966313779
vn 0.5555768 0.0000000 -0.8314652
f 4264/4264/4264 4265/4265/4265 4266/4266/4266
v -0.0589636 -0.2875000 0.7245985
vt 0.089115426 0.968927145
vn 0.1950900 0.0000000 -0.9807854
v -0.0670000 -0.2875000 0.7230000
vt 0.089115158 0.972009897
vn 0.1950900 0.0000000 -0.9807854
v -0.0670000 -0.2625000 0.7230000
vt 0.079550900 0.972009897
vn 0.1950900 0.0000000 -0.9807854
f 4267/4267/4267 4268/4268/4268 4269/4269/4269
v -0.0589636 -0.2875000 0.7245985
vt 0.089115426 0.968927145
vn 0.1950900 0.0000000 -0.9807854
v -0.0670000 -0.2625000 0.7230000
vt 0.079550900 0.972009897
vn 0.1950900 0.0000000 -0.9807854
v -0.0589636 -0.2625000 0.7245985
vt 0.079551160 0.968927145
vn 0.1950900 0.0000000 -0.9807854
f 4270/4270/4270 4271/4271/4271 4272/4272/4272
v -0.0750364 -0.2875000 0.7245985
vt 0.089115426 0.975092471
vn -0.5555766 0.0000000 -0.8314654
v -0.0818492 -0.2875000 0.7291508
vt 0.089116231 0.977705598
vn -0.5555766 0.0000000 -0.8314654
v -0.0818492 -0.2625000 0.7291508
vt 0.079552144 0.977705598
vn -0.5555766 0.0000000 -0.8314654
f 4273/4273/4273 4274/4274/4274 4275/4275/4275
v -0.0750364 -0.2875000 0.7245985
vt 0.089115426 0.975092471
vn -0.5555766 0.0000000 -0.8314654
v -0.0818492 -0.2625000 0.7291508
vt 0.079552144 0.977705598
vn -0.5555766 0.0000000 -0.8314654
v -0.0750364 -0.2625000 0.7245985
vt 0.079551160 0.975092471
vn -0.5555766 0.0000000 -0.8314654
f 4276/4276/4276 4277/4277/4277 4278/4278/4278
v -0.0818492 -0.2875000 0.7291508
vt 0.446852237 0.249729067
vn -0.8314627 0.0000000 -0.5555806
v -0.0864015 -0.2875000 0.7359636
vt 0.446875125 0.247117549
vn -0.8314627 0.0000000 -0.5555806
v -0.0864015 -0.2625000 0.7359636
vt 0.456438839 0.247117639
vn -0.8314627 0.0000000 -0.5555806
f 4279/4279/4279 4280/4280/4280 4281/4281/4281
v -0.0818492 -0.2875000 0.7291508
vt 0.446852237 0.249729067
vn -0.8314627 0.0000000 -0.5555806
v -0.0864015 -0.2625000 0.7359636
vt 0.456438839 0.247117639
vn -0.8314627 0.0000000 -0.5555806
v -0.0818492 -0.2625000 0.7291508
vt 0.456415981 0.249729067
vn -0.8314627 0.0000000 -0.5555806
f 4282/4282/4282 4283/4283/4283 4284/4284/4284
v -0.0864015 -0.2875000 0.7359636
vt 0.446875125 0.247117549
vn -0.9807864 0.0000000 -0.1950849
v -0.0880000 -0.2875000 0.7440000
vt 0.446883112 0.244035557
vn -0.9807864 0.0000000 -0.1950849
v -0.0880000 -0.2625000 0.7440000
vt 0.456447035 0.244035557
vn -0.9807864 0.0000000 -0.1950849
f 4285/4285/4285 4286/4286/4286 4287/4287/4287
v -0.0864015 -0.2875000 0.7359636
vt 0.446875125 0.247117549
vn -0.9807864 0.0000000 -0.1950849
v -0.0880000 -0.2625000 0.7440000
vt 0.456447035 0.244035557
vn -0.9807864 0.0000000 -0.1950849
v -0.0864015 -0.2625000 0.7359636
vt 0.456438839 0.247117639
vn -0.9807864 0.0000000 -0.1950849
f 4288/4288/4288 4289/4289/4289 4290/4290/4290
v -0.0880000 -0.2875000 0.7440000
vt 0.446883112 0.244035557
vn -0.9807861 0.0000000 0.1950863
v -0.0864015 -0.2875000 0.7520364
vt 0.446875125 0.240952060
vn -0.9807861 0.0000000 0.1950863
v -0.0864015 -0.2625000 0.7520364
vt 0.456438929 0.240952149
vn -0.9807861 0.0000000 0.1950863
f 4291/4291/4291 4292/4292/4292 4293/4293/4293
v -0.0880000 -0.2875000 0.7440000
vt 0.446883112 0.244035557
vn -0.9807861 0.0000000 0.1950863
v -0.0864015 -0.2625000 0.7520364
vt 0.456438929 0.240952149
vn -0.9807861 0.0000000 0.1950863
v -0.0880000 -0.2625000 0.7440000
vt 0.456447035 0.244035557
vn -0.9807861 0.0000000 0.1950863
f 4294/4294/4294 4295/4295/4295 4296/4296/4296
v -0.0864015 -0.2875000 0.7520364
vt 0.446875125 0.240952060
vn -0.8314672 0.0000000 0.5555738
v -0.0818492 -0.2875000 0.7588493
vt 0.446852416 0.238336623
vn -0.8314672 0.0000000 0.5555738
v -0.0818492 -0.2625000 0.7588493
vt 0.456416249 0.238336623
vn -0.8314672 0.0000000 0.5555738
f 4297/4297/4297 4298/4298/4298 4299/4299/4299
v -0.0864015 -0.2875000 0.7520364
vt 0.446875125 0.240952060
vn -0.8314672 0.0000000 0.5555738
v -0.0818492 -0.2625000 0.7588493
vt 0.456416249 0.238336623
vn -0.8314672 0.0000000 0.5555738
v -0.0864015 -0.2625000 0.7520364
vt 0.456438929 0.240952149
vn -0.8314672 0.0000000 0.5555738
f 4300/4300/4300 4301/4301/4301 4302/4302/4302
v -0.0750364 -0.2625000 0.7245985
vt 0.079551160 0.975092471
vn -0.1950901 0.0000000 -0.9807854
v -0.0670000 -0.2625000 0.7230000
vt 0.079550900 0.972009897
vn -0.1950901 0.0000000 -0.9807854
v -0.0670000 -0.2875000 0.7230000
vt 0.089115158 0.972009897
vn -0.1950901 0.0000000 -0.9807854
f 4303/4303/4303 4304/4304/4304 4305/4305/4305
v -0.0750364 -0.2625000 0.7245985
vt 0.079551160 0.975092471
vn -0.1950901 0.0000000 -0.9807854
v -0.0670000 -0.2875000 0.7230000
vt 0.089115158 0.972009897
vn -0.1950901 0.0000000 -0.9807854
v -0.0750364 -0.2875000 0.7245985
vt 0.089115426 0.975092471
vn -0.1950901 0.0000000 -0.9807854
f 4306/4306/4306 4307/4307/4307 4308/4308/4308
v -0.0750364 -0.2875000 0.7634015
vt 0.470029086 0.858235359
vn -0.1950831 0.0000000 0.9807867
v -0.0670000 -0.2875000 0.7650000
vt 0.470030069 0.855152607
vn -0.1950831 0.0000000 0.9807867
v -0.0670000 -0.2625000 0.7650000
vt 0.479594260 0.855152607
vn -0.1950831 0.0000000 0.9807867
f 4309/4309/4309 4310/4310/4310 4311/4311/4311
v -0.0750364 -0.2875000 0.7634015
vt 0.470029086 0.858235359
vn -0.1950831 0.0000000 0.9807867
v -0.0670000 -0.2625000 0.7650000
vt 0.479594260 0.855152607
vn -0.1950831 0.0000000 0.9807867
v -0.0750364 -0.2625000 0.7634015
vt 0.479593098 0.858235359
vn -0.1950831 0.0000000 0.9807867
f 4312/4312/4312 4313/4313/4313 4314/4314/4314
v -0.0670000 -0.2875000 0.7650000
vt 0.470030069 0.855152607
vn 0.1950830 0.0000000 0.9807867
v -0.0589636 -0.2875000 0.7634015
vt 0.470029086 0.852070093
vn 0.1950830 0.0000000 0.9807867
v -0.0589636 -0.2625000 0.7634015
vt 0.479593098 0.852070093
vn 0.1950830 0.0000000 0.9807867
f 4315/4315/4315 4316/4316/4316 4317/4317/4317
v -0.0670000 -0.2875000 0.7650000
vt 0.470030069 0.855152607
vn 0.1950830 0.0000000 0.9807867
v -0.0589636 -0.2625000 0.7634015
vt 0.479593098 0.852070093
vn 0.1950830 0.0000000 0.9807867
v -0.0670000 -0.2625000 0.7650000
vt 0.479594260 0.855152607
vn 0.1950830 0.0000000 0.9807867
f 4318/4318/4318 4319/4319/4319 4320/4320/4320
v -0.0589636 -0.2875000 0.7634015
vt 0.470029086 0.852070093
vn 0.5555717 0.0000000 0.8314686
v -0.0521508 -0.2875000 0.7588493
vt 0.470025897 0.849456787
vn 0.5555717 0.0000000 0.8314686
v -0.0521508 -0.2625000 0.7588493
vt 0.479590058 0.849456787
vn 0.5555717 0.0000000 0.8314686
f 4321/4321/4321 4322/4322/4322 4323/4323/4323
v -0.0589636 -0.2875000 0.7634015
vt 0.470029086 0.852070093
vn 0.5555717 0.0000000 0.8314686
v -0.0521508 -0.2625000 0.7588493
vt 0.479590058 0.849456787
vn 0.5555717 0.0000000 0.8314686
v -0.0589636 -0.2625000 0.7634015
vt 0.479593098 0.852070093
vn 0.5555717 0.0000000 0.8314686
f 4324/4324/4324 4325/4325/4325 4326/4326/4326
v -0.0750364 -0.2625000 0.7634015
vt 0.479593098 0.858235359
vn -0.5555716 0.0000000 0.8314686
v -0.0818492 -0.2625000 0.7588493
vt 0.479590058 0.860848844
vn -0.5555716 0.0000000 0.8314686
v -0.0818492 -0.2875000 0.7588493
vt 0.470025897 0.860848844
vn -0.5555716 0.0000000 0.8314686
f 4327/4327/4327 4328/4328/4328 4329/4329/4329
v -0.0750364 -0.2625000 0.7634015
vt 0.479593098 0.858235359
vn -0.5555716 0.0000000 0.8314686
v -0.0818492 -0.2875000 0.7588493
vt 0.470025897 0.860848844
vn -0.5555716 0.0000000 0.8314686
v -0.0750364 -0.2875000 0.7634015
vt 0.470029086 0.858235359
vn -0.5555716 0.0000000 0.8314686
f 4330/4330/4330 4331/4331/4331 4332/4332/4332
v -0.0475985 -0.2875000 0.7520364
vt 0.015649199 0.968924403
vn 0.9807861 0.0000000 0.1950863
v -0.0460000 -0.2875000 0.7440000
vt 0.015649289 0.972006083
vn 0.9807861 0.0000000 0.1950863
v -0.0460000 -0.2625000 0.7440000
vt 0.006085203 0.972006083
vn 0.9807861 0.0000000 0.1950863
f 4333/4333/4333 4334/4334/4334 4335/4335/4335
v -0.0475985 -0.2875000 0.7520364
vt 0.015649199 0.968924403
vn 0.9807861 0.0000000 0.1950863
v -0.0460000 -0.2625000 0.7440000
vt 0.006085203 0.972006083
vn 0.9807861 0.0000000 0.1950863
v -0.0475985 -0.2625000 0.7520364
vt 0.006084936 0.968924463
vn 0.9807861 0.0000000 0.1950863
f 4336/4336/4336 4337/4337/4337 4338/4338/4338
v -0.0521508 -0.2625000 0.7291508
vt 0.006084402 0.977705657
vn 0.8314624 0.0000000 -0.5555809
v -0.0475985 -0.2625000 0.7359636
vt 0.006084936 0.975089729
vn 0.8314624 0.0000000 -0.5555809
v -0.0475985 -0.2875000 0.7359636
vt 0.015649199 0.975089669
vn 0.8314624 0.0000000 -0.5555809
f 4339/4339/4339 4340/4340/4340 4341/4341/4341
v -0.0521508 -0.2625000 0.7291508
vt 0.006084402 0.977705657
vn 0.8314624 0.0000000 -0.5555809
v -0.0475985 -0.2875000 0.7359636
vt 0.015649199 0.975089669
vn 0.8314624 0.0000000 -0.5555809
v -0.0521508 -0.2875000 0.7291508
vt 0.015648577 0.977705657
vn 0.8314624 0.0000000 -0.5555809
f 4342/4342/4342 4343/4343/4343 4344/4344/4344
o pz_barbecue_full_jorge_|_round_control_knob.002
usemtl body
v 0.0880000 -0.2875000 0.7440000
vt 0.968206465 0.420562059
vn 0.0000000 -1.0000000 0.0000000
v 0.0864015 -0.2875000 0.7520364
vt 0.965449691 0.419417083
vn 0.0000000 -1.0000000 0.0000000
v 0.0818492 -0.2875000 0.7588493
vt 0.963339686 0.417301565
vn 0.0000000 -1.0000000 0.0000000
f 4345/4345/4345 4346/4346/4346 4347/4347/4347
v 0.0818492 -0.2875000 0.7588493
vt 0.963339686 0.417301565
vn 0.0000000 -1.0000000 0.0000000
v 0.0750364 -0.2875000 0.7634015
vt 0.962197840 0.414537430
vn 0.0000000 -1.0000000 0.0000000
v 0.0670000 -0.2875000 0.7650000
vt 0.962197900 0.411545485
vn 0.0000000 -1.0000000 0.0000000
f 4348/4348/4348 4349/4349/4349 4350/4350/4350
v 0.0670000 -0.2875000 0.7650000
vt 0.962197900 0.411545485
vn 0.0000000 -1.0000000 0.0000000
v 0.0589636 -0.2875000 0.7634015
vt 0.963339746 0.408781439
vn 0.0000000 -1.0000000 0.0000000
v 0.0521508 -0.2875000 0.7588493
vt 0.965449631 0.406665832
vn 0.0000000 -1.0000000 0.0000000
f 4351/4351/4351 4352/4352/4352 4353/4353/4353
v 0.0521508 -0.2875000 0.7588493
vt 0.965449631 0.406665832
vn 0.0000000 -1.0000000 0.0000000
v 0.0475985 -0.2875000 0.7520364
vt 0.968206406 0.405520856
vn 0.0000000 -1.0000000 0.0000000
v 0.0460000 -0.2875000 0.7440000
vt 0.971190333 0.405520856
vn 0.0000000 -1.0000000 0.0000000
f 4354/4354/4354 4355/4355/4355 4356/4356/4356
v 0.0460000 -0.2875000 0.7440000
vt 0.971190333 0.405520856
vn 0.0000000 -1.0000000 0.0000000
v 0.0475985 -0.2875000 0.7359636
vt 0.973947108 0.406665832
vn 0.0000000 -1.0000000 0.0000000
v 0.0521508 -0.2875000 0.7291508
vt 0.976056993 0.408781260
vn 0.0000000 -1.0000000 0.0000000
f 4357/4357/4357 4358/4358/4358 4359/4359/4359
v 0.0521508 -0.2875000 0.7291508
vt 0.976056993 0.408781260
vn 0.0000000 -1.0000000 0.0000000
v 0.0589636 -0.2875000 0.7245985
vt 0.977198958 0.411545396
vn 0.0000000 -1.0000000 0.0000000
v 0.0670000 -0.2875000 0.7230000
vt 0.977198958 0.414537340
vn 0.0000000 -1.0000000 0.0000000
f 4360/4360/4360 4361/4361/4361 4362/4362/4362
v 0.0670000 -0.2875000 0.7230000
vt 0.977198958 0.414537340
vn 0.0000000 -1.0000000 0.0000000
v 0.0750364 -0.2875000 0.7245985
vt 0.976057053 0.417301565
vn 0.0000000 -1.0000000 0.0000000
v 0.0818492 -0.2875000 0.7291508
vt 0.973947108 0.419417083
vn 0.0000000 -1.0000000 0.0000000
f 4363/4363/4363 4364/4364/4364 4365/4365/4365
v 0.0818492 -0.2875000 0.7291508
vt 0.973947108 0.419417083
vn 0.0000000 -1.0000000 0.0000000
v 0.0864015 -0.2875000 0.7359636
vt 0.971190393 0.420562059
vn 0.0000000 -1.0000000 0.0000000
v 0.0880000 -0.2875000 0.7440000
vt 0.968206465 0.420562059
vn 0.0000000 -1.0000000 0.0000000
f 4366/4366/4366 4367/4367/4367 4368/4368/4368
v 0.0880000 -0.2875000 0.7440000
vt 0.968206465 0.420562059
vn 0.0000000 -1.0000000 0.0000000
v 0.0818492 -0.2875000 0.7588493
vt 0.963339686 0.417301565
vn 0.0000000 -1.0000000 0.0000000
v 0.0670000 -0.2875000 0.7650000
vt 0.962197900 0.411545485
vn 0.0000000 -1.0000000 0.0000000
f 4369/4369/4369 4370/4370/4370 4371/4371/4371
v 0.0670000 -0.2875000 0.7650000
vt 0.962197900 0.411545485
vn 0.0000000 -1.0000000 0.0000000
v 0.0521508 -0.2875000 0.7588493
vt 0.965449631 0.406665832
vn 0.0000000 -1.0000000 0.0000000
v 0.0460000 -0.2875000 0.7440000
vt 0.971190333 0.405520856
vn 0.0000000 -1.0000000 0.0000000
f 4372/4372/4372 4373/4373/4373 4374/4374/4374
v 0.0460000 -0.2875000 0.7440000
vt 0.971190333 0.405520856
vn 0.0000000 -1.0000000 0.0000000
v 0.0521508 -0.2875000 0.7291508
vt 0.976056993 0.408781260
vn 0.0000000 -1.0000000 0.0000000
v 0.0670000 -0.2875000 0.7230000
vt 0.977198958 0.414537340
vn 0.0000000 -1.0000000 0.0000000
f 4375/4375/4375 4376/4376/4376 4377/4377/4377
v 0.0670000 -0.2875000 0.7230000
vt 0.977198958 0.414537340
vn 0.0000000 -1.0000000 0.0000000
v 0.0818492 -0.2875000 0.7291508
vt 0.973947108 0.419417083
vn 0.0000000 -1.0000000 0.0000000
v 0.0880000 -0.2875000 0.7440000
vt 0.968206465 0.420562059
vn 0.0000000 -1.0000000 0.0000000
f 4378/4378/4378 4379/4379/4379 4380/4380/4380
v 0.0880000 -0.2875000 0.7440000
vt 0.968206465 0.420562059
vn 0.0000000 -1.0000000 0.0000000
v 0.0670000 -0.2875000 0.7650000
vt 0.962197900 0.411545485
vn 0.0000000 -1.0000000 0.0000000
v 0.0460000 -0.2875000 0.7440000
vt 0.971190333 0.405520856
vn 0.0000000 -1.0000000 0.0000000
f 4381/4381/4381 4382/4382/4382 4383/4383/4383
v 0.0460000 -0.2875000 0.7440000
vt 0.971190333 0.405520856
vn 0.0000000 -1.0000000 0.0000000
v 0.0670000 -0.2875000 0.7230000
vt 0.977198958 0.414537340
vn 0.0000000 -1.0000000 0.0000000
v 0.0880000 -0.2875000 0.7440000
vt 0.968206465 0.420562059
vn 0.0000000 -1.0000000 0.0000000
f 4384/4384/4384 4385/4385/4385 4386/4386/4386
v 0.0864015 -0.2625000 0.7520364
vt 0.973916709 0.039319243
vn 0.0000000 1.0000000 0.0000000
v 0.0880000 -0.2625000 0.7440000
vt 0.973916709 0.042311158
vn 0.0000000 1.0000000 0.0000000
v 0.0864015 -0.2625000 0.7359636
vt 0.972774863 0.045075346
vn 0.0000000 1.0000000 0.0000000
f 4387/4387/4387 4388/4388/4388 4389/4389/4389
v 0.0864015 -0.2625000 0.7359636
vt 0.972774863 0.045075346
vn 0.0000000 1.0000000 0.0000000
v 0.0818492 -0.2625000 0.7291508
vt 0.970664859 0.047190882
vn 0.0000000 1.0000000 0.0000000
v 0.0750364 -0.2625000 0.7245985
vt 0.967908204 0.048335839
vn 0.0000000 1.0000000 0.0000000
f 4390/4390/4390 4391/4391/4391 4392/4392/4392
v 0.0750364 -0.2625000 0.7245985
vt 0.967908204 0.048335839
vn 0.0000000 1.0000000 0.0000000
v 0.0670000 -0.2625000 0.7230000
vt 0.964924395 0.048335839
vn 0.0000000 1.0000000 0.0000000
v 0.0589636 -0.2625000 0.7245985
vt 0.962167501 0.047190871
vn 0.0000000 1.0000000 0.0000000
f 4393/4393/4393 4394/4394/4394 4395/4395/4395
v 0.0589636 -0.2625000 0.7245985
vt 0.962167501 0.047190871
vn 0.0000000 1.0000000 0.0000000
v 0.0521508 -0.2625000 0.7291508
vt 0.960057616 0.045075290
vn 0.0000000 1.0000000 0.0000000
v 0.0475985 -0.2625000 0.7359636
vt 0.958915651 0.042311158
vn 0.0000000 1.0000000 0.0000000
f 4396/4396/4396 4397/4397/4397 4398/4398/4398
v 0.0475985 -0.2625000 0.7359636
vt 0.958915651 0.042311158
vn 0.0000000 1.0000000 0.0000000
v 0.0460000 -0.2625000 0.7440000
vt 0.958915651 0.039319243
vn 0.0000000 1.0000000 0.0000000
v 0.0475985 -0.2625000 0.7520364
vt 0.960057497 0.036555074
vn 0.0000000 1.0000000 0.0000000
f 4399/4399/4399 4400/4400/4400 4401/4401/4401
v 0.0475985 -0.2625000 0.7520364
vt 0.960057497 0.036555074
vn 0.0000000 1.0000000 0.0000000
v 0.0521508 -0.2625000 0.7588493
vt 0.962167442 0.034439493
vn 0.0000000 1.0000000 0.0000000
v 0.0589636 -0.2625000 0.7634015
vt 0.964924276 0.033294551
vn 0.0000000 1.0000000 0.0000000
f 4402/4402/4402 4403/4403/4403 4404/4404/4404
v 0.0589636 -0.2625000 0.7634015
vt 0.964924276 0.033294551
vn 0.0000000 1.0000000 0.0000000
v 0.0670000 -0.2625000 0.7650000
vt 0.967908144 0.033294570
vn 0.0000000 1.0000000 0.0000000
v 0.0750364 -0.2625000 0.7634015
vt 0.970664859 0.034439504
vn 0.0000000 1.0000000 0.0000000
f 4405/4405/4405 4406/4406/4406 4407/4407/4407
v 0.0750364 -0.2625000 0.7634015
vt 0.970664859 0.034439504
vn 0.0000000 1.0000000 0.0000000
v 0.0818492 -0.2625000 0.7588493
vt 0.972774804 0.036555097
vn 0.0000000 1.0000000 0.0000000
v 0.0864015 -0.2625000 0.7520364
vt 0.973916709 0.039319243
vn 0.0000000 1.0000000 0.0000000
f 4408/4408/4408 4409/4409/4409 4410/4410/4410
v 0.0864015 -0.2625000 0.7520364
vt 0.973916709 0.039319243
vn 0.0000000 1.0000000 0.0000000
v 0.0864015 -0.2625000 0.7359636
vt 0.972774863 0.045075346
vn 0.0000000 1.0000000 0.0000000
v 0.0750364 -0.2625000 0.7245985
vt 0.967908204 0.048335839
vn 0.0000000 1.0000000 0.0000000
f 4411/4411/4411 4412/4412/4412 4413/4413/4413
v 0.0750364 -0.2625000 0.7245985
vt 0.967908204 0.048335839
vn 0.0000000 1.0000000 0.0000000
v 0.0589636 -0.2625000 0.7245985
vt 0.962167501 0.047190871
vn 0.0000000 1.0000000 0.0000000
v 0.0475985 -0.2625000 0.7359636
vt 0.958915651 0.042311158
vn 0.0000000 1.0000000 0.0000000
f 4414/4414/4414 4415/4415/4415 4416/4416/4416
v 0.0475985 -0.2625000 0.7359636
vt 0.958915651 0.042311158
vn 0.0000000 1.0000000 0.0000000
v 0.0475985 -0.2625000 0.7520364
vt 0.960057497 0.036555074
vn 0.0000000 1.0000000 0.0000000
v 0.0589636 -0.2625000 0.7634015
vt 0.964924276 0.033294551
vn 0.0000000 1.0000000 0.0000000
f 4417/4417/4417 4418/4418/4418 4419/4419/4419
v 0.0589636 -0.2625000 0.7634015
vt 0.964924276 0.033294551
vn 0.0000000 1.0000000 0.0000000
v 0.0750364 -0.2625000 0.7634015
vt 0.970664859 0.034439504
vn 0.0000000 1.0000000 0.0000000
v 0.0864015 -0.2625000 0.7520364
vt 0.973916709 0.039319243
vn 0.0000000 1.0000000 0.0000000
f 4420/4420/4420 4421/4421/4421 4422/4422/4422
v 0.0864015 -0.2625000 0.7520364
vt 0.973916709 0.039319243
vn 0.0000000 1.0000000 0.0000000
v 0.0750364 -0.2625000 0.7245985
vt 0.967908204 0.048335839
vn 0.0000000 1.0000000 0.0000000
v 0.0475985 -0.2625000 0.7359636
vt 0.958915651 0.042311158
vn 0.0000000 1.0000000 0.0000000
f 4423/4423/4423 4424/4424/4424 4425/4425/4425
v 0.0475985 -0.2625000 0.7359636
vt 0.958915651 0.042311158
vn 0.0000000 1.0000000 0.0000000
v 0.0589636 -0.2625000 0.7634015
vt 0.964924276 0.033294551
vn 0.0000000 1.0000000 0.0000000
v 0.0864015 -0.2625000 0.7520364
vt 0.973916709 0.039319243
vn 0.0000000 1.0000000 0.0000000
f 4426/4426/4426 4427/4427/4427 4428/4428/4428
v 0.0880000 -0.2875000 0.7440000
vt 0.975360453 0.850162685
vn 0.9807864 0.0000000 -0.1950849
v 0.0864015 -0.2875000 0.7359636
vt 0.975360215 0.853246272
vn 0.9807864 0.0000000 -0.1950849
v 0.0864015 -0.2625000 0.7359636
vt 0.965795994 0.853246272
vn 0.9807864 0.0000000 -0.1950849
f 4429/4429/4429 4430/4430/4430 4431/4431/4431
v 0.0880000 -0.2875000 0.7440000
vt 0.975360453 0.850162685
vn 0.9807864 0.0000000 -0.1950849
v 0.0864015 -0.2625000 0.7359636
vt 0.965795994 0.853246272
vn 0.9807864 0.0000000 -0.1950849
v 0.0880000 -0.2625000 0.7440000
vt 0.965796292 0.850162685
vn 0.9807864 0.0000000 -0.1950849
f 4432/4432/4432 4433/4433/4433 4434/4434/4434
v 0.0864015 -0.2875000 0.7359636
vt 0.975360215 0.853246272
vn 0.8314627 0.0000000 -0.5555806
v 0.0818492 -0.2875000 0.7291508
vt 0.975359678 0.855862200
vn 0.8314627 0.0000000 -0.5555806
v 0.0818492 -0.2625000 0.7291508
vt 0.965795398 0.855862200
vn 0.8314627 0.0000000 -0.5555806
f 4435/4435/4435 4436/4436/4436 4437/4437/4437
v 0.0864015 -0.2875000 0.7359636
vt 0.975360215 0.853246272
vn 0.8314627 0.0000000 -0.5555806
v 0.0818492 -0.2625000 0.7291508
vt 0.965795398 0.855862200
vn 0.8314627 0.0000000 -0.5555806
v 0.0864015 -0.2625000 0.7359636
vt 0.965795994 0.853246272
vn 0.8314627 0.0000000 -0.5555806
f 4438/4438/4438 4439/4439/4439 4440/4440/4440
v 0.0818492 -0.2875000 0.7291508
vt 0.067382112 0.966313720
vn 0.5555766 0.0000000 -0.8314654
v 0.0750364 -0.2875000 0.7245985
vt 0.067381315 0.968927145
vn 0.5555766 0.0000000 -0.8314654
v 0.0750364 -0.2625000 0.7245985
vt 0.057817139 0.968927145
vn 0.5555766 0.0000000 -0.8314654
f 4441/4441/4441 4442/4442/4442 4443/4443/4443
v 0.0818492 -0.2875000 0.7291508
vt 0.067382112 0.966313720
vn 0.5555766 0.0000000 -0.8314654
v 0.0750364 -0.2625000 0.7245985
vt 0.057817139 0.968927145
vn 0.5555766 0.0000000 -0.8314654
v 0.0818492 -0.2625000 0.7291508
vt 0.057818029 0.966313720
vn 0.5555766 0.0000000 -0.8314654
f 4444/4444/4444 4445/4445/4445 4446/4446/4446
v 0.0521508 -0.2625000 0.7588493
vt 0.860462070 0.178907096
vn -0.8314670 0.0000000 0.5555742
v 0.0475985 -0.2625000 0.7520364
vt 0.860484838 0.181522444
vn -0.8314670 0.0000000 0.5555742
v 0.0475985 -0.2875000 0.7520364
vt 0.850921035 0.181522444
vn -0.8314670 0.0000000 0.5555742
f 4447/4447/4447 4448/4448/4448 4449/4449/4449
v 0.0521508 -0.2625000 0.7588493
vt 0.860462070 0.178907096
vn -0.8314670 0.0000000 0.5555742
v 0.0475985 -0.2875000 0.7520364
vt 0.850921035 0.181522444
vn -0.8314670 0.0000000 0.5555742
v 0.0521508 -0.2875000 0.7588493
vt 0.850898325 0.178907096
vn -0.8314670 0.0000000 0.5555742
f 4450/4450/4450 4451/4451/4451 4452/4452/4452
v 0.0670000 -0.2875000 0.7230000
vt 0.067381047 0.972009838
vn -0.1950900 0.0000000 -0.9807854
v 0.0589636 -0.2875000 0.7245985
vt 0.067381315 0.975092471
vn -0.1950900 0.0000000 -0.9807854
v 0.0589636 -0.2625000 0.7245985
vt 0.057817049 0.975092471
vn -0.1950900 0.0000000 -0.9807854
f 4453/4453/4453 4454/4454/4454 4455/4455/4455
v 0.0670000 -0.2875000 0.7230000
vt 0.067381047 0.972009838
vn -0.1950900 0.0000000 -0.9807854
v 0.0589636 -0.2625000 0.7245985
vt 0.057817049 0.975092471
vn -0.1950900 0.0000000 -0.9807854
v 0.0670000 -0.2625000 0.7230000
vt 0.057816871 0.972009838
vn -0.1950900 0.0000000 -0.9807854
f 4456/4456/4456 4457/4457/4457 4458/4458/4458
v 0.0589636 -0.2875000 0.7245985
vt 0.067381315 0.975092471
vn -0.5555768 0.0000000 -0.8314652
v 0.0521508 -0.2875000 0.7291508
vt 0.067382112 0.977705598
vn -0.5555768 0.0000000 -0.8314652
v 0.0521508 -0.2625000 0.7291508
vt 0.057818029 0.977705598
vn -0.5555768 0.0000000 -0.8314652
f 4459/4459/4459 4460/4460/4460 4461/4461/4461
v 0.0589636 -0.2875000 0.7245985
vt 0.067381315 0.975092471
vn -0.5555768 0.0000000 -0.8314652
v 0.0521508 -0.2625000 0.7291508
vt 0.057818029 0.977705598
vn -0.5555768 0.0000000 -0.8314652
v 0.0589636 -0.2625000 0.7245985
vt 0.057817049 0.975092471
vn -0.5555768 0.0000000 -0.8314652
f 4462/4462/4462 4463/4463/4463 4464/4464/4464
v 0.0818492 -0.2625000 0.7588493
vt 0.975359678 0.746753156
vn 0.5555716 0.0000000 0.8314686
v 0.0750364 -0.2625000 0.7634015
vt 0.975362718 0.749366343
vn 0.5555716 0.0000000 0.8314686
v 0.0750364 -0.2875000 0.7634015
vt 0.965798557 0.749366343
vn 0.5555716 0.0000000 0.8314686
f 4465/4465/4465 4466/4466/4466 4467/4467/4467
v 0.0818492 -0.2625000 0.7588493
vt 0.975359678 0.746753156
vn 0.5555716 0.0000000 0.8314686
v 0.0750364 -0.2875000 0.7634015
vt 0.965798557 0.749366343
vn 0.5555716 0.0000000 0.8314686
v 0.0818492 -0.2875000 0.7588493
vt 0.965795457 0.746753156
vn 0.5555716 0.0000000 0.8314686
f 4468/4468/4468 4469/4469/4469 4470/4470/4470
v 0.0475985 -0.2875000 0.7359636
vt 0.850920975 0.187688112
vn -0.9807864 0.0000000 -0.1950849
v 0.0460000 -0.2875000 0.7440000
vt 0.850929081 0.184605956
vn -0.9807864 0.0000000 -0.1950849
v 0.0460000 -0.2625000 0.7440000
vt 0.860492766 0.184605956
vn -0.9807864 0.0000000 -0.1950849
f 4471/4471/4471 4472/4472/4472 4473/4473/4473
v 0.0475985 -0.2875000 0.7359636
vt 0.850920975 0.187688112
vn -0.9807864 0.0000000 -0.1950849
v 0.0460000 -0.2625000 0.7440000
vt 0.860492766 0.184605956
vn -0.9807864 0.0000000 -0.1950849
v 0.0475985 -0.2625000 0.7359636
vt 0.860484779 0.187688112
vn -0.9807864 0.0000000 -0.1950849
f 4474/4474/4474 4475/4475/4475 4476/4476/4476
v 0.0460000 -0.2875000 0.7440000
vt 0.850929081 0.184605956
vn -0.9807861 0.0000000 0.1950863
v 0.0475985 -0.2875000 0.7520364
vt 0.850921035 0.181522444
vn -0.9807861 0.0000000 0.1950863
v 0.0475985 -0.2625000 0.7520364
vt 0.860484838 0.181522444
vn -0.9807861 0.0000000 0.1950863
f 4477/4477/4477 4478/4478/4478 4479/4479/4479
v 0.0460000 -0.2875000 0.7440000
vt 0.850929081 0.184605956
vn -0.9807861 0.0000000 0.1950863
v 0.0475985 -0.2625000 0.7520364
vt 0.860484838 0.181522444
vn -0.9807861 0.0000000 0.1950863
v 0.0460000 -0.2625000 0.7440000
vt 0.860492766 0.184605956
vn -0.9807861 0.0000000 0.1950863
f 4480/4480/4480 4481/4481/4481 4482/4482/4482
v 0.0521508 -0.2875000 0.7588493
vt 0.965795457 0.758144975
vn -0.5555717 0.0000000 0.8314686
v 0.0589636 -0.2875000 0.7634015
vt 0.965798557 0.755531549
vn -0.5555717 0.0000000 0.8314686
v 0.0589636 -0.2625000 0.7634015
vt 0.975362718 0.755531549
vn -0.5555717 0.0000000 0.8314686
f 4483/4483/4483 4484/4484/4484 4485/4485/4485
v 0.0521508 -0.2875000 0.7588493
vt 0.965795457 0.758144975
vn -0.5555717 0.0000000 0.8314686
v 0.0589636 -0.2625000 0.7634015
vt 0.975362718 0.755531549
vn -0.5555717 0.0000000 0.8314686
v 0.0521508 -0.2625000 0.7588493
vt 0.975359678 0.758144975
vn -0.5555717 0.0000000 0.8314686
f 4486/4486/4486 4487/4487/4487 4488/4488/4488
v 0.0589636 -0.2875000 0.7634015
vt 0.965798557 0.755531549
vn -0.1950830 0.0000000 0.9807867
v 0.0670000 -0.2875000 0.7650000
vt 0.965799689 0.752448857
vn -0.1950830 0.0000000 0.9807867
v 0.0670000 -0.2625000 0.7650000
vt 0.975363791 0.752448857
vn -0.1950830 0.0000000 0.9807867
f 4489/4489/4489 4490/4490/4490 4491/4491/4491
v 0.0589636 -0.2875000 0.7634015
vt 0.965798557 0.755531549
vn -0.1950830 0.0000000 0.9807867
v 0.0670000 -0.2625000 0.7650000
vt 0.975363791 0.752448857
vn -0.1950830 0.0000000 0.9807867
v 0.0589636 -0.2625000 0.7634015
vt 0.975362718 0.755531549
vn -0.1950830 0.0000000 0.9807867
f 4492/4492/4492 4493/4493/4493 4494/4494/4494
v 0.0670000 -0.2875000 0.7650000
vt 0.965799689 0.752448857
vn 0.1950831 0.0000000 0.9807867
v 0.0750364 -0.2875000 0.7634015
vt 0.965798557 0.749366343
vn 0.1950831 0.0000000 0.9807867
v 0.0750364 -0.2625000 0.7634015
vt 0.975362718 0.749366343
vn 0.1950831 0.0000000 0.9807867
f 4495/4495/4495 4496/4496/4496 4497/4497/4497
v 0.0670000 -0.2875000 0.7650000
vt 0.965799689 0.752448857
vn 0.1950831 0.0000000 0.9807867
v 0.0750364 -0.2625000 0.7634015
vt 0.975362718 0.749366343
vn 0.1950831 0.0000000 0.9807867
v 0.0670000 -0.2625000 0.7650000
vt 0.975363791 0.752448857
vn 0.1950831 0.0000000 0.9807867
f 4498/4498/4498 4499/4499/4499 4500/4500/4500
v 0.0670000 -0.2625000 0.7230000
vt 0.057816871 0.972009838
vn 0.1950901 0.0000000 -0.9807854
v 0.0750364 -0.2625000 0.7245985
vt 0.057817139 0.968927145
vn 0.1950901 0.0000000 -0.9807854
v 0.0750364 -0.2875000 0.7245985
vt 0.067381315 0.968927145
vn 0.1950901 0.0000000 -0.9807854
f 4501/4501/4501 4502/4502/4502 4503/4503/4503
v 0.0670000 -0.2625000 0.7230000
vt 0.057816871 0.972009838
vn 0.1950901 0.0000000 -0.9807854
v 0.0750364 -0.2875000 0.7245985
vt 0.067381315 0.968927145
vn 0.1950901 0.0000000 -0.9807854
v 0.0670000 -0.2875000 0.7230000
vt 0.067381047 0.972009838
vn 0.1950901 0.0000000 -0.9807854
f 4504/4504/4504 4505/4505/4505 4506/4506/4506
v 0.0818492 -0.2875000 0.7588493
vt 0.975359678 0.844470322
vn 0.8314672 0.0000000 0.5555738
v 0.0864015 -0.2875000 0.7520364
vt 0.975360215 0.847081006
vn 0.8314672 0.0000000 0.5555738
v 0.0864015 -0.2625000 0.7520364
vt 0.965795994 0.847081006
vn 0.8314672 0.0000000 0.5555738
f 4507/4507/4507 4508/4508/4508 4509/4509/4509
v 0.0818492 -0.2875000 0.7588493
vt 0.975359678 0.844470322
vn 0.8314672 0.0000000 0.5555738
v 0.0864015 -0.2625000 0.7520364
vt 0.965795994 0.847081006
vn 0.8314672 0.0000000 0.5555738
v 0.0818492 -0.2625000 0.7588493
vt 0.965795398 0.844470322
vn 0.8314672 0.0000000 0.5555738
f 4510/4510/4510 4511/4511/4511 4512/4512/4512
v 0.0864015 -0.2875000 0.7520364
vt 0.975360215 0.847081006
vn 0.9807861 0.0000000 0.1950863
v 0.0880000 -0.2875000 0.7440000
vt 0.975360453 0.850162685
vn 0.9807861 0.0000000 0.1950863
v 0.0880000 -0.2625000 0.7440000
vt 0.965796292 0.850162685
vn 0.9807861 0.0000000 0.1950863
f 4513/4513/4513 4514/4514/4514 4515/4515/4515
v 0.0864015 -0.2875000 0.7520364
vt 0.975360215 0.847081006
vn 0.9807861 0.0000000 0.1950863
v 0.0880000 -0.2625000 0.7440000
vt 0.965796292 0.850162685
vn 0.9807861 0.0000000 0.1950863
v 0.0864015 -0.2625000 0.7520364
vt 0.965795994 0.847081006
vn 0.9807861 0.0000000 0.1950863
f 4516/4516/4516 4517/4517/4517 4518/4518/4518
v 0.0475985 -0.2625000 0.7359636
vt 0.860484779 0.187688112
vn -0.8314624 0.0000000 -0.5555809
v 0.0521508 -0.2625000 0.7291508
vt 0.860461950 0.190299466
vn -0.8314624 0.0000000 -0.5555809
v 0.0521508 -0.2875000 0.7291508
vt 0.850898147 0.190299466
vn -0.8314624 0.0000000 -0.5555809
f 4519/4519/4519 4520/4520/4520 4521/4521/4521
v 0.0475985 -0.2625000 0.7359636
vt 0.860484779 0.187688112
vn -0.8314624 0.0000000 -0.5555809
v 0.0521508 -0.2875000 0.7291508
vt 0.850898147 0.190299466
vn -0.8314624 0.0000000 -0.5555809
v 0.0475985 -0.2875000 0.7359636
vt 0.850920975 0.187688112
vn -0.8314624 0.0000000 -0.5555809
f 4522/4522/4522 4523/4523/4523 4524/4524/4524
o pz_barbecue_full_jorge_|_round_control_knob.003
usemtl body
v 0.2210000 -0.2875000 0.7440000
vt 0.964924455 0.106064186
vn 0.0000000 -1.0000000 0.0000000
v 0.2194015 -0.2875000 0.7520364
vt 0.967908323 0.106064275
vn 0.0000000 -1.0000000 0.0000000
v 0.2148492 -0.2875000 0.7588493
vt 0.970665097 0.107209243
vn 0.0000000 -1.0000000 0.0000000
f 4525/4525/4525 4526/4526/4526 4527/4527/4527
v 0.2148492 -0.2875000 0.7588493
vt 0.970665097 0.107209243
vn 0.0000000 -1.0000000 0.0000000
v 0.2080363 -0.2875000 0.7634015
vt 0.972775042 0.109324858
vn 0.0000000 -1.0000000 0.0000000
v 0.2000000 -0.2875000 0.7650000
vt 0.973916888 0.112088986
vn 0.0000000 -1.0000000 0.0000000
f 4528/4528/4528 4529/4529/4529 4530/4530/4530
v 0.2000000 -0.2875000 0.7650000
vt 0.973916888 0.112088986
vn 0.0000000 -1.0000000 0.0000000
v 0.1919637 -0.2875000 0.7634015
vt 0.973916888 0.115080833
vn 0.0000000 -1.0000000 0.0000000
v 0.1851508 -0.2875000 0.7588493
vt 0.972775042 0.117844969
vn 0.0000000 -1.0000000 0.0000000
f 4531/4531/4531 4532/4532/4532 4533/4533/4533
v 0.1851508 -0.2875000 0.7588493
vt 0.972775042 0.117844969
vn 0.0000000 -1.0000000 0.0000000
v 0.1805985 -0.2875000 0.7520364
vt 0.970665097 0.119960494
vn 0.0000000 -1.0000000 0.0000000
v 0.1790000 -0.2875000 0.7440000
vt 0.967908323 0.121105462
vn 0.0000000 -1.0000000 0.0000000
f 4534/4534/4534 4535/4535/4535 4536/4536/4536
v 0.1790000 -0.2875000 0.7440000
vt 0.967908323 0.121105462
vn 0.0000000 -1.0000000 0.0000000
v 0.1805985 -0.2875000 0.7359636
vt 0.964924395 0.121105462
vn 0.0000000 -1.0000000 0.0000000
v 0.1851508 -0.2875000 0.7291508
vt 0.962167680 0.119960405
vn 0.0000000 -1.0000000 0.0000000
f 4537/4537/4537 4538/4538/4538 4539/4539/4539
v 0.1851508 -0.2875000 0.7291508
vt 0.962167680 0.119960405
vn 0.0000000 -1.0000000 0.0000000
v 0.1919637 -0.2875000 0.7245985
vt 0.960057676 0.117844880
vn 0.0000000 -1.0000000 0.0000000
v 0.2000000 -0.2875000 0.7230000
vt 0.958915830 0.115080744
vn 0.0000000 -1.0000000 0.0000000
f 4540/4540/4540 4541/4541/4541 4542/4542/4542
v 0.2000000 -0.2875000 0.7230000
vt 0.958915830 0.115080744
vn 0.0000000 -1.0000000 0.0000000
v 0.2080363 -0.2875000 0.7245985
vt 0.958915830 0.112088904
vn 0.0000000 -1.0000000 0.0000000
v 0.2148492 -0.2875000 0.7291508
vt 0.960057735 0.109324768
vn 0.0000000 -1.0000000 0.0000000
f 4543/4543/4543 4544/4544/4544 4545/4545/4545
v 0.2148492 -0.2875000 0.7291508
vt 0.960057735 0.109324768
vn 0.0000000 -1.0000000 0.0000000
v 0.2194015 -0.2875000 0.7359636
vt 0.962167680 0.107209153
vn 0.0000000 -1.0000000 0.0000000
v 0.2210000 -0.2875000 0.7440000
vt 0.964924455 0.106064186
vn 0.0000000 -1.0000000 0.0000000
f 4546/4546/4546 4547/4547/4547 4548/4548/4548
v 0.2210000 -0.2875000 0.7440000
vt 0.964924455 0.106064186
vn 0.0000000 -1.0000000 0.0000000
v 0.2148492 -0.2875000 0.7588493
vt 0.970665097 0.107209243
vn 0.0000000 -1.0000000 0.0000000
v 0.2000000 -0.2875000 0.7650000
vt 0.973916888 0.112088986
vn 0.0000000 -1.0000000 0.0000000
f 4549/4549/4549 4550/4550/4550 4551/4551/4551
v 0.2000000 -0.2875000 0.7650000
vt 0.973916888 0.112088986
vn 0.0000000 -1.0000000 0.0000000
v 0.1851508 -0.2875000 0.7588493
vt 0.972775042 0.117844969
vn 0.0000000 -1.0000000 0.0000000
v 0.1790000 -0.2875000 0.7440000
vt 0.967908323 0.121105462
vn 0.0000000 -1.0000000 0.0000000
f 4552/4552/4552 4553/4553/4553 4554/4554/4554
v 0.1790000 -0.2875000 0.7440000
vt 0.967908323 0.121105462
vn 0.0000000 -1.0000000 0.0000000
v 0.1851508 -0.2875000 0.7291508
vt 0.962167680 0.119960405
vn 0.0000000 -1.0000000 0.0000000
v 0.2000000 -0.2875000 0.7230000
vt 0.958915830 0.115080744
vn 0.0000000 -1.0000000 0.0000000
f 4555/4555/4555 4556/4556/4556 4557/4557/4557
v 0.2000000 -0.2875000 0.7230000
vt 0.958915830 0.115080744
vn 0.0000000 -1.0000000 0.0000000
v 0.2148492 -0.2875000 0.7291508
vt 0.960057735 0.109324768
vn 0.0000000 -1.0000000 0.0000000
v 0.2210000 -0.2875000 0.7440000
vt 0.964924455 0.106064186
vn 0.0000000 -1.0000000 0.0000000
f 4558/4558/4558 4559/4559/4559 4560/4560/4560
v 0.2210000 -0.2875000 0.7440000
vt 0.964924455 0.106064186
vn 0.0000000 -1.0000000 0.0000000
v 0.2000000 -0.2875000 0.7650000
vt 0.973916888 0.112088986
vn 0.0000000 -1.0000000 0.0000000
v 0.1790000 -0.2875000 0.7440000
vt 0.967908323 0.121105462
vn 0.0000000 -1.0000000 0.0000000
f 4561/4561/4561 4562/4562/4562 4563/4563/4563
v 0.1790000 -0.2875000 0.7440000
vt 0.967908323 0.121105462
vn 0.0000000 -1.0000000 0.0000000
v 0.2000000 -0.2875000 0.7230000
vt 0.958915830 0.115080744
vn 0.0000000 -1.0000000 0.0000000
v 0.2210000 -0.2875000 0.7440000
vt 0.964924455 0.106064186
vn 0.0000000 -1.0000000 0.0000000
f 4564/4564/4564 4565/4565/4565 4566/4566/4566
v 0.2194015 -0.2625000 0.7520364
vt 0.973916948 0.142290801
vn 0.0000000 1.0000000 0.0000000
v 0.2210000 -0.2625000 0.7440000
vt 0.972774982 0.145054966
vn 0.0000000 1.0000000 0.0000000
v 0.2194015 -0.2625000 0.7359636
vt 0.970665097 0.147170573
vn 0.0000000 1.0000000 0.0000000
f 4567/4567/4567 4568/4568/4568 4569/4569/4569
v 0.2194015 -0.2625000 0.7359636
vt 0.970665097 0.147170573
vn 0.0000000 1.0000000 0.0000000
v 0.2148492 -0.2625000 0.7291508
vt 0.967908263 0.148315474
vn 0.0000000 1.0000000 0.0000000
v 0.2080363 -0.2625000 0.7245985
vt 0.964924335 0.148315489
vn 0.0000000 1.0000000 0.0000000
f 4570/4570/4570 4571/4571/4571 4572/4572/4572
v 0.2080363 -0.2625000 0.7245985
vt 0.964924335 0.148315489
vn 0.0000000 1.0000000 0.0000000
v 0.2000000 -0.2625000 0.7230000
vt 0.962167561 0.147170544
vn 0.0000000 1.0000000 0.0000000
v 0.1919637 -0.2625000 0.7245985
vt 0.960057855 0.145054966
vn 0.0000000 1.0000000 0.0000000
f 4573/4573/4573 4574/4574/4574 4575/4575/4575
v 0.1919637 -0.2625000 0.7245985
vt 0.960057855 0.145054966
vn 0.0000000 1.0000000 0.0000000
v 0.1851508 -0.2625000 0.7291508
vt 0.958915889 0.142290831
vn 0.0000000 1.0000000 0.0000000
v 0.1805985 -0.2625000 0.7359636
vt 0.958915830 0.139298946
vn 0.0000000 1.0000000 0.0000000
f 4576/4576/4576 4577/4577/4577 4578/4578/4578
v 0.1805985 -0.2625000 0.7359636
vt 0.958915830 0.139298946
vn 0.0000000 1.0000000 0.0000000
v 0.1790000 -0.2625000 0.7440000
vt 0.960057855 0.136534780
vn 0.0000000 1.0000000 0.0000000
v 0.1805985 -0.2625000 0.7520364
vt 0.962167740 0.134419173
vn 0.0000000 1.0000000 0.0000000
f 4579/4579/4579 4580/4580/4580 4581/4581/4581
v 0.1805985 -0.2625000 0.7520364
vt 0.962167740 0.134419173
vn 0.0000000 1.0000000 0.0000000
v 0.1851508 -0.2625000 0.7588493
vt 0.964924574 0.133274257
vn 0.0000000 1.0000000 0.0000000
v 0.1919637 -0.2625000 0.7634015
vt 0.967908323 0.133274257
vn 0.0000000 1.0000000 0.0000000
f 4582/4582/4582 4583/4583/4583 4584/4584/4584
v 0.1919637 -0.2625000 0.7634015
vt 0.967908323 0.133274257
vn 0.0000000 1.0000000 0.0000000
v 0.2000000 -0.2625000 0.7650000
vt 0.970665157 0.134419203
vn 0.0000000 1.0000000 0.0000000
v 0.2080363 -0.2625000 0.7634015
vt 0.972774982 0.136534765
vn 0.0000000 1.0000000 0.0000000
f 4585/4585/4585 4586/4586/4586 4587/4587/4587
v 0.2080363 -0.2625000 0.7634015
vt 0.972774982 0.136534765
vn 0.0000000 1.0000000 0.0000000
v 0.2148492 -0.2625000 0.7588493
vt 0.973916948 0.139298901
vn 0.0000000 1.0000000 0.0000000
v 0.2194015 -0.2625000 0.7520364
vt 0.973916948 0.142290801
vn 0.0000000 1.0000000 0.0000000
f 4588/4588/4588 4589/4589/4589 4590/4590/4590
v 0.2194015 -0.2625000 0.7520364
vt 0.973916948 0.142290801
vn 0.0000000 1.0000000 0.0000000
v 0.2194015 -0.2625000 0.7359636
vt 0.970665097 0.147170573
vn 0.0000000 1.0000000 0.0000000
v 0.2080363 -0.2625000 0.7245985
vt 0.964924335 0.148315489
vn 0.0000000 1.0000000 0.0000000
f 4591/4591/4591 4592/4592/4592 4593/4593/4593
v 0.2080363 -0.2625000 0.7245985
vt 0.964924335 0.148315489
vn 0.0000000 1.0000000 0.0000000
v 0.1919637 -0.2625000 0.7245985
vt 0.960057855 0.145054966
vn 0.0000000 1.0000000 0.0000000
v 0.1805985 -0.2625000 0.7359636
vt 0.958915830 0.139298946
vn 0.0000000 1.0000000 0.0000000
f 4594/4594/4594 4595/4595/4595 4596/4596/4596
v 0.1805985 -0.2625000 0.7359636
vt 0.958915830 0.139298946
vn 0.0000000 1.0000000 0.0000000
v 0.1805985 -0.2625000 0.7520364
vt 0.962167740 0.134419173
vn 0.0000000 1.0000000 0.0000000
v 0.1919637 -0.2625000 0.7634015
vt 0.967908323 0.133274257
vn 0.0000000 1.0000000 0.0000000
f 4597/4597/4597 4598/4598/4598 4599/4599/4599
v 0.1919637 -0.2625000 0.7634015
vt 0.967908323 0.133274257
vn 0.0000000 1.0000000 0.0000000
v 0.2080363 -0.2625000 0.7634015
vt 0.972774982 0.136534765
vn 0.0000000 1.0000000 0.0000000
v 0.2194015 -0.2625000 0.7520364
vt 0.973916948 0.142290801
vn 0.0000000 1.0000000 0.0000000
f 4600/4600/4600 4601/4601/4601 4602/4602/4602
v 0.2194015 -0.2625000 0.7520364
vt 0.973916948 0.142290801
vn 0.0000000 1.0000000 0.0000000
v 0.2080363 -0.2625000 0.7245985
vt 0.964924335 0.148315489
vn 0.0000000 1.0000000 0.0000000
v 0.1805985 -0.2625000 0.7359636
vt 0.958915830 0.139298946
vn 0.0000000 1.0000000 0.0000000
f 4603/4603/4603 4604/4604/4604 4605/4605/4605
v 0.1805985 -0.2625000 0.7359636
vt 0.958915830 0.139298946
vn 0.0000000 1.0000000 0.0000000
v 0.1919637 -0.2625000 0.7634015
vt 0.967908323 0.133274257
vn 0.0000000 1.0000000 0.0000000
v 0.2194015 -0.2625000 0.7520364
vt 0.973916948 0.142290801
vn 0.0000000 1.0000000 0.0000000
f 4606/4606/4606 4607/4607/4607 4608/4608/4608
v 0.2210000 -0.2875000 0.7440000
vt 0.975360453 0.803041220
vn 0.9807863 0.0000000 -0.1950857
v 0.2194015 -0.2875000 0.7359636
vt 0.975360215 0.806124747
vn 0.9807863 0.0000000 -0.1950857
v 0.2194015 -0.2625000 0.7359636
vt 0.965795994 0.806124806
vn 0.9807863 0.0000000 -0.1950857
f 4609/4609/4609 4610/4610/4610 4611/4611/4611
v 0.2210000 -0.2875000 0.7440000
vt 0.975360453 0.803041220
vn 0.9807863 0.0000000 -0.1950857
v 0.2194015 -0.2625000 0.7359636
vt 0.965795994 0.806124806
vn 0.9807863 0.0000000 -0.1950857
v 0.2210000 -0.2625000 0.7440000
vt 0.965796292 0.803041220
vn 0.9807863 0.0000000 -0.1950857
f 4612/4612/4612 4613/4613/4613 4614/4614/4614
v 0.2194015 -0.2875000 0.7359636
vt 0.975360215 0.806124747
vn 0.8314631 0.0000000 -0.5555800
v 0.2148492 -0.2875000 0.7291508
vt 0.975359559 0.808740735
vn 0.8314631 0.0000000 -0.5555800
v 0.2148492 -0.2625000 0.7291508
vt 0.965795457 0.808740735
vn 0.8314631 0.0000000 -0.5555800
f 4615/4615/4615 4616/4616/4616 4617/4617/4617
v 0.2194015 -0.2875000 0.7359636
vt 0.975360215 0.806124747
vn 0.8314631 0.0000000 -0.5555800
v 0.2148492 -0.2625000 0.7291508
vt 0.965795457 0.808740735
vn 0.8314631 0.0000000 -0.5555800
v 0.2194015 -0.2625000 0.7359636
vt 0.965795994 0.806124806
vn 0.8314631 0.0000000 -0.5555800
f 4618/4618/4618 4619/4619/4619 4620/4620/4620
v 0.2148492 -0.2875000 0.7291508
vt 0.578597426 0.966625571
vn 0.5555711 0.0000000 -0.8314690
v 0.2080363 -0.2875000 0.7245985
vt 0.578596592 0.969238937
vn 0.5555711 0.0000000 -0.8314690
v 0.2080363 -0.2625000 0.7245985
vt 0.569032311 0.969238937
vn 0.5555711 0.0000000 -0.8314690
f 4621/4621/4621 4622/4622/4622 4623/4623/4623
v 0.2148492 -0.2875000 0.7291508
vt 0.578597426 0.966625571
vn 0.5555711 0.0000000 -0.8314690
v 0.2080363 -0.2625000 0.7245985
vt 0.569032311 0.969238937
vn 0.5555711 0.0000000 -0.8314690
v 0.2148492 -0.2625000 0.7291508
vt 0.569033206 0.966625571
vn 0.5555711 0.0000000 -0.8314690
f 4624/4624/4624 4625/4625/4625 4626/4626/4626
v 0.2080363 -0.2875000 0.7245985
vt 0.578596592 0.969238937
vn 0.1950924 0.0000000 -0.9807849
v 0.2000000 -0.2875000 0.7230000
vt 0.578596354 0.972321630
vn 0.1950924 0.0000000 -0.9807849
v 0.2000000 -0.2625000 0.7230000
vt 0.569032133 0.972321630
vn 0.1950924 0.0000000 -0.9807849
f 4627/4627/4627 4628/4628/4628 4629/4629/4629
v 0.2080363 -0.2875000 0.7245985
vt 0.578596592 0.969238937
vn 0.1950924 0.0000000 -0.9807849
v 0.2000000 -0.2625000 0.7230000
vt 0.569032133 0.972321630
vn 0.1950924 0.0000000 -0.9807849
v 0.2080363 -0.2625000 0.7245985
vt 0.569032311 0.969238937
vn 0.1950924 0.0000000 -0.9807849
f 4630/4630/4630 4631/4631/4631 4632/4632/4632
v 0.2000000 -0.2875000 0.7230000
vt 0.578596354 0.972321630
vn -0.1950924 0.0000000 -0.9807849
v 0.1919637 -0.2875000 0.7245985
vt 0.578596592 0.975404203
vn -0.1950924 0.0000000 -0.9807849
v 0.1919637 -0.2625000 0.7245985
vt 0.569032431 0.975404203
vn -0.1950924 0.0000000 -0.9807849
f 4633/4633/4633 4634/4634/4634 4635/4635/4635
v 0.2000000 -0.2875000 0.7230000
vt 0.578596354 0.972321630
vn -0.1950924 0.0000000 -0.9807849
v 0.1919637 -0.2625000 0.7245985
vt 0.569032431 0.975404203
vn -0.1950924 0.0000000 -0.9807849
v 0.2000000 -0.2625000 0.7230000
vt 0.569032133 0.972321630
vn -0.1950924 0.0000000 -0.9807849
f 4636/4636/4636 4637/4637/4637 4638/4638/4638
v 0.1919637 -0.2875000 0.7245985
vt 0.578596592 0.975404203
vn -0.5555711 0.0000000 -0.8314690
v 0.1851508 -0.2875000 0.7291508
vt 0.578597426 0.978017390
vn -0.5555711 0.0000000 -0.8314690
v 0.1851508 -0.2625000 0.7291508
vt 0.569033206 0.978017390
vn -0.5555711 0.0000000 -0.8314690
f 4639/4639/4639 4640/4640/4640 4641/4641/4641
v 0.1919637 -0.2875000 0.7245985
vt 0.578596592 0.975404203
vn -0.5555711 0.0000000 -0.8314690
v 0.1851508 -0.2625000 0.7291508
vt 0.569033206 0.978017390
vn -0.5555711 0.0000000 -0.8314690
v 0.1919637 -0.2625000 0.7245985
vt 0.569032431 0.975404203
vn -0.5555711 0.0000000 -0.8314690
f 4642/4642/4642 4643/4643/4643 4644/4644/4644
v 0.1851508 -0.2875000 0.7291508
vt 0.468615830 0.249728978
vn -0.8314623 0.0000000 -0.5555812
v 0.1805985 -0.2875000 0.7359636
vt 0.468638629 0.247117639
vn -0.8314623 0.0000000 -0.5555812
v 0.1805985 -0.2625000 0.7359636
vt 0.478202522 0.247117639
vn -0.8314623 0.0000000 -0.5555812
f 4645/4645/4645 4646/4646/4646 4647/4647/4647
v 0.1851508 -0.2875000 0.7291508
vt 0.468615830 0.249728978
vn -0.8314623 0.0000000 -0.5555812
v 0.1805985 -0.2625000 0.7359636
vt 0.478202522 0.247117639
vn -0.8314623 0.0000000 -0.5555812
v 0.1851508 -0.2625000 0.7291508
vt 0.478179663 0.249728978
vn -0.8314623 0.0000000 -0.5555812
f 4648/4648/4648 4649/4649/4649 4650/4650/4650
v 0.1805985 -0.2875000 0.7359636
vt 0.468638629 0.247117639
vn -0.9807866 0.0000000 -0.1950840
v 0.1790000 -0.2875000 0.7440000
vt 0.468646795 0.244035378
vn -0.9807866 0.0000000 -0.1950840
v 0.1790000 -0.2625000 0.7440000
vt 0.478210539 0.244035378
vn -0.9807866 0.0000000 -0.1950840
f 4651/4651/4651 4652/4652/4652 4653/4653/4653
v 0.1805985 -0.2875000 0.7359636
vt 0.468638629 0.247117639
vn -0.9807866 0.0000000 -0.1950840
v 0.1790000 -0.2625000 0.7440000
vt 0.478210539 0.244035378
vn -0.9807866 0.0000000 -0.1950840
v 0.1805985 -0.2625000 0.7359636
vt 0.478202522 0.247117639
vn -0.9807866 0.0000000 -0.1950840
f 4654/4654/4654 4655/4655/4655 4656/4656/4656
v 0.1805985 -0.2875000 0.7520364
vt 0.468638808 0.240952060
vn -0.8314668 0.0000000 0.5555745
v 0.1851508 -0.2875000 0.7588493
vt 0.468616009 0.238336623
vn -0.8314668 0.0000000 0.5555745
v 0.1851508 -0.2625000 0.7588493
vt 0.478179842 0.238336623
vn -0.8314668 0.0000000 0.5555745
f 4657/4657/4657 4658/4658/4658 4659/4659/4659
v 0.1805985 -0.2875000 0.7520364
vt 0.468638808 0.240952060
vn -0.8314668 0.0000000 0.5555745
v 0.1851508 -0.2625000 0.7588493
vt 0.478179842 0.238336623
vn -0.8314668 0.0000000 0.5555745
v 0.1805985 -0.2625000 0.7520364
vt 0.478202701 0.240952060
vn -0.8314668 0.0000000 0.5555745
f 4660/4660/4660 4661/4661/4661 4662/4662/4662
v 0.1851508 -0.2875000 0.7588493
vt 0.965795398 0.785180032
vn -0.5555661 0.0000000 0.8314724
v 0.1919637 -0.2875000 0.7634015
vt 0.965798497 0.782566547
vn -0.5555661 0.0000000 0.8314724
v 0.1919637 -0.2625000 0.7634015
vt 0.975362659 0.782566547
vn -0.5555661 0.0000000 0.8314724
f 4663/4663/4663 4664/4664/4664 4665/4665/4665
v 0.1851508 -0.2875000 0.7588493
vt 0.965795398 0.785180032
vn -0.5555661 0.0000000 0.8314724
v 0.1919637 -0.2625000 0.7634015
vt 0.975362659 0.782566547
vn -0.5555661 0.0000000 0.8314724
v 0.1851508 -0.2625000 0.7588493
vt 0.975359559 0.785180032
vn -0.5555661 0.0000000 0.8314724
f 4666/4666/4666 4667/4667/4667 4668/4668/4668
v 0.1805985 -0.2625000 0.7520364
vt 0.478202701 0.240952060
vn -0.9807862 0.0000000 0.1950854
v 0.1790000 -0.2625000 0.7440000
vt 0.478210539 0.244035378
vn -0.9807862 0.0000000 0.1950854
v 0.1790000 -0.2875000 0.7440000
vt 0.468646795 0.244035378
vn -0.9807862 0.0000000 0.1950854
f 4669/4669/4669 4670/4670/4670 4671/4671/4671
v 0.1805985 -0.2625000 0.7520364
vt 0.478202701 0.240952060
vn -0.9807862 0.0000000 0.1950854
v 0.1790000 -0.2875000 0.7440000
vt 0.468646795 0.244035378
vn -0.9807862 0.0000000 0.1950854
v 0.1805985 -0.2875000 0.7520364
vt 0.468638808 0.240952060
vn -0.9807862 0.0000000 0.1950854
f 4672/4672/4672 4673/4673/4673 4674/4674/4674
v 0.2000000 -0.2625000 0.7650000
vt 0.975363731 0.779483974
vn -0.1950854 0.0000000 0.9807863
v 0.1919637 -0.2625000 0.7634015
vt 0.975362659 0.782566547
vn -0.1950854 0.0000000 0.9807863
v 0.1919637 -0.2875000 0.7634015
vt 0.965798497 0.782566547
vn -0.1950854 0.0000000 0.9807863
f 4675/4675/4675 4676/4676/4676 4677/4677/4677
v 0.2000000 -0.2625000 0.7650000
vt 0.975363731 0.779483974
vn -0.1950854 0.0000000 0.9807863
v 0.1919637 -0.2875000 0.7634015
vt 0.965798497 0.782566547
vn -0.1950854 0.0000000 0.9807863
v 0.2000000 -0.2875000 0.7650000
vt 0.965799570 0.779483974
vn -0.1950854 0.0000000 0.9807863
f 4678/4678/4678 4679/4679/4679 4680/4680/4680
v 0.2080363 -0.2875000 0.7634015
vt 0.965798497 0.776401520
vn 0.5555661 0.0000000 0.8314724
v 0.2148492 -0.2875000 0.7588493
vt 0.965795398 0.773788214
vn 0.5555661 0.0000000 0.8314724
v 0.2148492 -0.2625000 0.7588493
vt 0.975359559 0.773788214
vn 0.5555661 0.0000000 0.8314724
f 4681/4681/4681 4682/4682/4682 4683/4683/4683
v 0.2080363 -0.2875000 0.7634015
vt 0.965798497 0.776401520
vn 0.5555661 0.0000000 0.8314724
v 0.2148492 -0.2625000 0.7588493
vt 0.975359559 0.773788214
vn 0.5555661 0.0000000 0.8314724
v 0.2080363 -0.2625000 0.7634015
vt 0.975362659 0.776401520
vn 0.5555661 0.0000000 0.8314724
f 4684/4684/4684 4685/4685/4685 4686/4686/4686
v 0.2148492 -0.2875000 0.7588493
vt 0.975359559 0.797348797
vn 0.8314676 0.0000000 0.5555732
v 0.2194015 -0.2875000 0.7520364
vt 0.975360215 0.799959481
vn 0.8314676 0.0000000 0.5555732
v 0.2194015 -0.2625000 0.7520364
vt 0.965795994 0.799959481
vn 0.8314676 0.0000000 0.5555732
f 4687/4687/4687 4688/4688/4688 4689/4689/4689
v 0.2148492 -0.2875000 0.7588493
vt 0.975359559 0.797348797
vn 0.8314676 0.0000000 0.5555732
v 0.2194015 -0.2625000 0.7520364
vt 0.965795994 0.799959481
vn 0.8314676 0.0000000 0.5555732
v 0.2148492 -0.2625000 0.7588493
vt 0.965795398 0.797348797
vn 0.8314676 0.0000000 0.5555732
f 4690/4690/4690 4691/4691/4691 4692/4692/4692
v 0.2194015 -0.2875000 0.7520364
vt 0.975360215 0.799959481
vn 0.9807859 0.0000000 0.1950871
v 0.2210000 -0.2875000 0.7440000
vt 0.975360453 0.803041220
vn 0.9807859 0.0000000 0.1950871
v 0.2210000 -0.2625000 0.7440000
vt 0.965796292 0.803041220
vn 0.9807859 0.0000000 0.1950871
f 4693/4693/4693 4694/4694/4694 4695/4695/4695
v 0.2194015 -0.2875000 0.7520364
vt 0.975360215 0.799959481
vn 0.9807859 0.0000000 0.1950871
v 0.2210000 -0.2625000 0.7440000
vt 0.965796292 0.803041220
vn 0.9807859 0.0000000 0.1950871
v 0.2194015 -0.2625000 0.7520364
vt 0.965795994 0.799959481
vn 0.9807859 0.0000000 0.1950871
f 4696/4696/4696 4697/4697/4697 4698/4698/4698
v 0.2080363 -0.2625000 0.7634015
vt 0.975362659 0.776401520
vn 0.1950854 0.0000000 0.9807863
v 0.2000000 -0.2625000 0.7650000
vt 0.975363731 0.779483974
vn 0.1950854 0.0000000 0.9807863
v 0.2000000 -0.2875000 0.7650000
vt 0.965799570 0.779483974
vn 0.1950854 0.0000000 0.9807863
f 4699/4699/4699 4700/4700/4700 4701/4701/4701
v 0.2080363 -0.2625000 0.7634015
vt 0.975362659 0.776401520
vn 0.1950854 0.0000000 0.9807863
v 0.2000000 -0.2875000 0.7650000
vt 0.965799570 0.779483974
vn 0.1950854 0.0000000 0.9807863
v 0.2080363 -0.2875000 0.7634015
vt 0.965798497 0.776401520
vn 0.1950854 0.0000000 0.9807863
f 4702/4702/4702 4703/4703/4703 4704/4704/4704
o pz_barbecue_full_jorge_|_rounded_fuel_cylinder
usemtl metal
v 0.2110000 0.0800000 0.1000000
vt 0.891448557 0.405520946
vn 0.0000000 0.0000000 -1.0000000
v 0.2082400 0.0590357 0.1000000
vt 0.899148941 0.405520856
vn 0.0000000 0.0000000 -1.0000000
v 0.2001481 0.0395000 0.1000000
vt 0.906587005 0.407519192
vn 0.0000000 0.0000000 -1.0000000
f 4705/4705/4705 4706/4706/4706 4707/4707/4707
v 0.2001481 0.0395000 0.1000000
vt 0.906587005 0.407519192
vn 0.0000000 0.0000000 -1.0000000
v 0.1872756 0.0227244 0.1000000
vt 0.913255811 0.411379606
vn 0.0000000 0.0000000 -1.0000000
v 0.1705000 0.0098519 0.1000000
vt 0.918700814 0.416839272
vn 0.0000000 0.0000000 -1.0000000
f 4708/4708/4708 4709/4709/4709 4710/4710/4710
v 0.1705000 0.0098519 0.1000000
vt 0.918700814 0.416839272
vn 0.0000000 0.0000000 -1.0000000
v 0.1509643 0.0017600 0.1000000
vt 0.922551036 0.423525691
vn 0.0000000 0.0000000 -1.0000000
v 0.1300000 -0.0010000 0.1000000
vt 0.924544036 0.430983573
vn 0.0000000 0.0000000 -1.0000000
f 4711/4711/4711 4712/4712/4712 4713/4713/4713
v 0.1300000 -0.0010000 0.1000000
vt 0.924544036 0.430983573
vn 0.0000000 0.0000000 -1.0000000
v 0.1090357 0.0017600 0.1000000
vt 0.924544036 0.438704342
vn 0.0000000 0.0000000 -1.0000000
v 0.0895000 0.0098519 0.1000000
vt 0.922551036 0.446162343
vn 0.0000000 0.0000000 -1.0000000
f 4714/4714/4714 4715/4715/4715 4716/4716/4716
v 0.0895000 0.0098519 0.1000000
vt 0.922551036 0.446162343
vn 0.0000000 0.0000000 -1.0000000
v 0.0727243 0.0227244 0.1000000
vt 0.918700814 0.452848852
vn 0.0000000 0.0000000 -1.0000000
v 0.0598519 0.0395000 0.1000000
vt 0.913255811 0.458308250
vn 0.0000000 0.0000000 -1.0000000
f 4717/4717/4717 4718/4718/4718 4719/4719/4719
v 0.0598519 0.0395000 0.1000000
vt 0.913255811 0.458308250
vn 0.0000000 0.0000000 -1.0000000
v 0.0517600 0.0590357 0.1000000
vt 0.906587005 0.462168753
vn 0.0000000 0.0000000 -1.0000000
v 0.0490000 0.0800000 0.1000000
vt 0.899149001 0.464166999
vn 0.0000000 0.0000000 -1.0000000
f 4720/4720/4720 4721/4721/4721 4722/4722/4722
v 0.0490000 0.0800000 0.1000000
vt 0.899149001 0.464166999
vn 0.0000000 0.0000000 -1.0000000
v 0.0517600 0.1009643 0.1000000
vt 0.891448617 0.464167088
vn 0.0000000 0.0000000 -1.0000000
v 0.0598519 0.1205000 0.1000000
vt 0.884010553 0.462168753
vn 0.0000000 0.0000000 -1.0000000
f 4723/4723/4723 4724/4724/4724 4725/4725/4725
v 0.0598519 0.1205000 0.1000000
vt 0.884010553 0.462168753
vn 0.0000000 0.0000000 -1.0000000
v 0.0727243 0.1372757 0.1000000
vt 0.877341747 0.458308339
vn 0.0000000 0.0000000 -1.0000000
v 0.0895000 0.1501481 0.1000000
vt 0.871896744 0.452848673
vn 0.0000000 0.0000000 -1.0000000
f 4726/4726/4726 4727/4727/4727 4728/4728/4728
v 0.0895000 0.1501481 0.1000000
vt 0.871896744 0.452848673
vn 0.0000000 0.0000000 -1.0000000
v 0.1090357 0.1582400 0.1000000
vt 0.868046522 0.446162254
vn 0.0000000 0.0000000 -1.0000000
v 0.1300000 0.1610000 0.1000000
vt 0.866053522 0.438704431
vn 0.0000000 0.0000000 -1.0000000
f 4729/4729/4729 4730/4730/4730 4731/4731/4731
v 0.1300000 0.1610000 0.1000000
vt 0.866053522 0.438704431
vn 0.0000000 0.0000000 -1.0000000
v 0.1509643 0.1582400 0.1000000
vt 0.866053522 0.430983573
vn 0.0000000 0.0000000 -1.0000000
v 0.1705000 0.1501481 0.1000000
vt 0.868046522 0.423525691
vn 0.0000000 0.0000000 -1.0000000
f 4732/4732/4732 4733/4733/4733 4734/4734/4734
v 0.1705000 0.1501481 0.1000000
vt 0.868046522 0.423525691
vn 0.0000000 0.0000000 -1.0000000
v 0.1872756 0.1372757 0.1000000
vt 0.871896744 0.416839272
vn 0.0000000 0.0000000 -1.0000000
v 0.2001481 0.1205000 0.1000000
vt 0.877341807 0.411379606
vn 0.0000000 0.0000000 -1.0000000
f 4735/4735/4735 4736/4736/4736 4737/4737/4737
v 0.2001481 0.1205000 0.1000000
vt 0.877341807 0.411379606
vn 0.0000000 0.0000000 -1.0000000
v 0.2082400 0.1009643 0.1000000
vt 0.884010553 0.407519192
vn 0.0000000 0.0000000 -1.0000000
v 0.2110000 0.0800000 0.1000000
vt 0.891448557 0.405520946
vn 0.0000000 0.0000000 -1.0000000
f 4738/4738/4738 4739/4739/4739 4740/4740/4740
v 0.2110000 0.0800000 0.1000000
vt 0.891448557 0.405520946
vn 0.0000000 0.0000000 -1.0000000
v 0.2001481 0.0395000 0.1000000
vt 0.906587005 0.407519192
vn 0.0000000 0.0000000 -1.0000000
v 0.1705000 0.0098519 0.1000000
vt 0.918700814 0.416839272
vn 0.0000000 0.0000000 -1.0000000
f 4741/4741/4741 4742/4742/4742 4743/4743/4743
v 0.1705000 0.0098519 0.1000000
vt 0.918700814 0.416839272
vn 0.0000000 0.0000000 -1.0000000
v 0.1300000 -0.0010000 0.1000000
vt 0.924544036 0.430983573
vn 0.0000000 0.0000000 -1.0000000
v 0.0895000 0.0098519 0.1000000
vt 0.922551036 0.446162343
vn 0.0000000 0.0000000 -1.0000000
f 4744/4744/4744 4745/4745/4745 4746/4746/4746
v 0.0895000 0.0098519 0.1000000
vt 0.922551036 0.446162343
vn 0.0000000 0.0000000 -1.0000000
v 0.0598519 0.0395000 0.1000000
vt 0.913255811 0.458308250
vn 0.0000000 0.0000000 -1.0000000
v 0.0490000 0.0800000 0.1000000
vt 0.899149001 0.464166999
vn 0.0000000 0.0000000 -1.0000000
f 4747/4747/4747 4748/4748/4748 4749/4749/4749
v 0.0490000 0.0800000 0.1000000
vt 0.899149001 0.464166999
vn 0.0000000 0.0000000 -1.0000000
v 0.0598519 0.1205000 0.1000000
vt 0.884010553 0.462168753
vn 0.0000000 0.0000000 -1.0000000
v 0.0895000 0.1501481 0.1000000
vt 0.871896744 0.452848673
vn 0.0000000 0.0000000 -1.0000000
f 4750/4750/4750 4751/4751/4751 4752/4752/4752
v 0.0895000 0.1501481 0.1000000
vt 0.871896744 0.452848673
vn 0.0000000 0.0000000 -1.0000000
v 0.1300000 0.1610000 0.1000000
vt 0.866053522 0.438704431
vn 0.0000000 0.0000000 -1.0000000
v 0.1705000 0.1501481 0.1000000
vt 0.868046522 0.423525691
vn 0.0000000 0.0000000 -1.0000000
f 4753/4753/4753 4754/4754/4754 4755/4755/4755
v 0.1705000 0.1501481 0.1000000
vt 0.868046522 0.423525691
vn 0.0000000 0.0000000 -1.0000000
v 0.2001481 0.1205000 0.1000000
vt 0.877341807 0.411379606
vn 0.0000000 0.0000000 -1.0000000
v 0.2110000 0.0800000 0.1000000
vt 0.891448557 0.405520946
vn 0.0000000 0.0000000 -1.0000000
f 4756/4756/4756 4757/4757/4757 4758/4758/4758
v 0.2110000 0.0800000 0.1000000
vt 0.891448557 0.405520946
vn 0.0000000 0.0000000 -1.0000000
v 0.1705000 0.0098519 0.1000000
vt 0.918700814 0.416839272
vn 0.0000000 0.0000000 -1.0000000
v 0.0895000 0.0098519 0.1000000
vt 0.922551036 0.446162343
vn 0.0000000 0.0000000 -1.0000000
f 4759/4759/4759 4760/4760/4760 4761/4761/4761
v 0.0895000 0.0098519 0.1000000
vt 0.922551036 0.446162343
vn 0.0000000 0.0000000 -1.0000000
v 0.0490000 0.0800000 0.1000000
vt 0.899149001 0.464166999
vn 0.0000000 0.0000000 -1.0000000
v 0.0895000 0.1501481 0.1000000
vt 0.871896744 0.452848673
vn 0.0000000 0.0000000 -1.0000000
f 4762/4762/4762 4763/4763/4763 4764/4764/4764
v 0.0895000 0.1501481 0.1000000
vt 0.871896744 0.452848673
vn 0.0000000 0.0000000 -1.0000000
v 0.1705000 0.1501481 0.1000000
vt 0.868046522 0.423525691
vn 0.0000000 0.0000000 -1.0000000
v 0.2110000 0.0800000 0.1000000
vt 0.891448557 0.405520946
vn 0.0000000 0.0000000 -1.0000000
f 4765/4765/4765 4766/4766/4766 4767/4767/4767
v 0.0895000 0.0098519 0.1000000
vt 0.922551036 0.446162343
vn 0.0000000 0.0000000 -1.0000000
v 0.0895000 0.1501481 0.1000000
vt 0.871896744 0.452848673
vn 0.0000000 0.0000000 -1.0000000
v 0.2110000 0.0800000 0.1000000
vt 0.891448557 0.405520946
vn 0.0000000 0.0000000 -1.0000000
f 4768/4768/4768 4769/4769/4769 4770/4770/4770
v 0.1638074 0.0709413 0.5100000
vt 0.625951886 0.915367246
vn 0.0000000 0.0000000 1.0000000
v 0.1650000 0.0800000 0.5100000
vt 0.629683197 0.914874673
vn 0.0000000 0.0000000 1.0000000
v 0.1638074 0.0890587 0.5100000
vt 0.633414567 0.915367186
vn 0.0000000 0.0000000 1.0000000
f 4771/4771/4771 4772/4772/4772 4773/4773/4773
v 0.1638074 0.0890587 0.5100000
vt 0.633414567 0.915367186
vn 0.0000000 0.0000000 1.0000000
v 0.1603109 0.0975000 0.5100000
vt 0.636891603 0.916811228
vn 0.0000000 0.0000000 1.0000000
v 0.1547487 0.1047487 0.5100000
vt 0.639877439 0.919108570
vn 0.0000000 0.0000000 1.0000000
f 4774/4774/4774 4775/4775/4775 4776/4776/4776
v 0.1547487 0.1047487 0.5100000
vt 0.639877439 0.919108570
vn 0.0000000 0.0000000 1.0000000
v 0.1475000 0.1103109 0.5100000
vt 0.642168522 0.922102273
vn 0.0000000 0.0000000 1.0000000
v 0.1390587 0.1138074 0.5100000
vt 0.643608749 0.925588608
vn 0.0000000 0.0000000 1.0000000
f 4777/4777/4777 4778/4778/4778 4779/4779/4779
v 0.1390587 0.1138074 0.5100000
vt 0.643608749 0.925588608
vn 0.0000000 0.0000000 1.0000000
v 0.1300000 0.1150000 0.5100000
vt 0.644099951 0.929329753
vn 0.0000000 0.0000000 1.0000000
v 0.1209413 0.1138074 0.5100000
vt 0.643608749 0.933071256
vn 0.0000000 0.0000000 1.0000000
f 4780/4780/4780 4781/4781/4781 4782/4782/4782
v 0.1209413 0.1138074 0.5100000
vt 0.643608749 0.933071256
vn 0.0000000 0.0000000 1.0000000
v 0.1125000 0.1103109 0.5100000
vt 0.642168522 0.936557412
vn 0.0000000 0.0000000 1.0000000
v 0.1052513 0.1047487 0.5100000
vt 0.639877439 0.939551175
vn 0.0000000 0.0000000 1.0000000
f 4783/4783/4783 4784/4784/4784 4785/4785/4785
v 0.1052513 0.1047487 0.5100000
vt 0.639877439 0.939551175
vn 0.0000000 0.0000000 1.0000000
v 0.0996891 0.0975000 0.5100000
vt 0.636891603 0.941848338
vn 0.0000000 0.0000000 1.0000000
v 0.0961926 0.0890587 0.5100000
vt 0.633414567 0.943292558
vn 0.0000000 0.0000000 1.0000000
f 4786/4786/4786 4787/4787/4787 4788/4788/4788
v 0.0961926 0.0890587 0.5100000
vt 0.633414567 0.943292558
vn 0.0000000 0.0000000 1.0000000
v 0.0950000 0.0800000 0.5100000
vt 0.629683197 0.943785071
vn 0.0000000 0.0000000 1.0000000
v 0.0961926 0.0709413 0.5100000
vt 0.625951886 0.943292558
vn 0.0000000 0.0000000 1.0000000
f 4789/4789/4789 4790/4790/4790 4791/4791/4791
v 0.0961926 0.0709413 0.5100000
vt 0.625951886 0.943292558
vn 0.0000000 0.0000000 1.0000000
v 0.0996891 0.0625000 0.5100000
vt 0.622474790 0.941848338
vn 0.0000000 0.0000000 1.0000000
v 0.1052513 0.0552513 0.5100000
vt 0.619489014 0.939551175
vn 0.0000000 0.0000000 1.0000000
f 4792/4792/4792 4793/4793/4793 4794/4794/4794
v 0.1052513 0.0552513 0.5100000
vt 0.619489014 0.939551175
vn 0.0000000 0.0000000 1.0000000
v 0.1125000 0.0496891 0.5100000
vt 0.617197931 0.936557412
vn 0.0000000 0.0000000 1.0000000
v 0.1209413 0.0461926 0.5100000
vt 0.615757644 0.933071136
vn 0.0000000 0.0000000 1.0000000
f 4795/4795/4795 4796/4796/4796 4797/4797/4797
v 0.1209413 0.0461926 0.5100000
vt 0.615757644 0.933071136
vn 0.0000000 0.0000000 1.0000000
v 0.1300000 0.0450000 0.5100000
vt 0.615266383 0.929329753
vn 0.0000000 0.0000000 1.0000000
v 0.1390587 0.0461926 0.5100000
vt 0.615757644 0.925588608
vn 0.0000000 0.0000000 1.0000000
f 4798/4798/4798 4799/4799/4799 4800/4800/4800
v 0.1390587 0.0461926 0.5100000
vt 0.615757644 0.925588608
vn 0.0000000 0.0000000 1.0000000
v 0.1475000 0.0496891 0.5100000
vt 0.617197931 0.922102273
vn 0.0000000 0.0000000 1.0000000
v 0.1547487 0.0552513 0.5100000
vt 0.619489014 0.919108570
vn 0.0000000 0.0000000 1.0000000
f 4801/4801/4801 4802/4802/4802 4803/4803/4803
v 0.1547487 0.0552513 0.5100000
vt 0.619489014 0.919108570
vn 0.0000000 0.0000000 1.0000000
v 0.1603109 0.0625000 0.5100000
vt 0.622474790 0.916811228
vn 0.0000000 0.0000000 1.0000000
v 0.1638074 0.0709413 0.5100000
vt 0.625951886 0.915367246
vn 0.0000000 0.0000000 1.0000000
f 4804/4804/4804 4805/4805/4805 4806/4806/4806
v 0.1638074 0.0709413 0.5100000
vt 0.625951886 0.915367246
vn 0.0000000 0.0000000 1.0000000
v 0.1638074 0.0890587 0.5100000
vt 0.633414567 0.915367186
vn 0.0000000 0.0000000 1.0000000
v 0.1547487 0.1047487 0.5100000
vt 0.639877439 0.919108570
vn 0.0000000 0.0000000 1.0000000
f 4807/4807/4807 4808/4808/4808 4809/4809/4809
v 0.1547487 0.1047487 0.5100000
vt 0.639877439 0.919108570
vn 0.0000000 0.0000000 1.0000000
v 0.1390587 0.1138074 0.5100000
vt 0.643608749 0.925588608
vn 0.0000000 0.0000000 1.0000000
v 0.1209413 0.1138074 0.5100000
vt 0.643608749 0.933071256
vn 0.0000000 0.0000000 1.0000000
f 4810/4810/4810 4811/4811/4811 4812/4812/4812
v 0.1209413 0.1138074 0.5100000
vt 0.643608749 0.933071256
vn 0.0000000 0.0000000 1.0000000
v 0.1052513 0.1047487 0.5100000
vt 0.639877439 0.939551175
vn 0.0000000 0.0000000 1.0000000
v 0.0961926 0.0890587 0.5100000
vt 0.633414567 0.943292558
vn 0.0000000 0.0000000 1.0000000
f 4813/4813/4813 4814/4814/4814 4815/4815/4815
v 0.0961926 0.0890587 0.5100000
vt 0.633414567 0.943292558
vn 0.0000000 0.0000000 1.0000000
v 0.0961926 0.0709413 0.5100000
vt 0.625951886 0.943292558
vn 0.0000000 0.0000000 1.0000000
v 0.1052513 0.0552513 0.5100000
vt 0.619489014 0.939551175
vn 0.0000000 0.0000000 1.0000000
f 4816/4816/4816 4817/4817/4817 4818/4818/4818
v 0.1052513 0.0552513 0.5100000
vt 0.619489014 0.939551175
vn 0.0000000 0.0000000 1.0000000
v 0.1209413 0.0461926 0.5100000
vt 0.615757644 0.933071136
vn 0.0000000 0.0000000 1.0000000
v 0.1390587 0.0461926 0.5100000
vt 0.615757644 0.925588608
vn 0.0000000 0.0000000 1.0000000
f 4819/4819/4819 4820/4820/4820 4821/4821/4821
v 0.1390587 0.0461926 0.5100000
vt 0.615757644 0.925588608
vn 0.0000000 0.0000000 1.0000000
v 0.1547487 0.0552513 0.5100000
vt 0.619489014 0.919108570
vn 0.0000000 0.0000000 1.0000000
v 0.1638074 0.0709413 0.5100000
vt 0.625951886 0.915367246
vn 0.0000000 0.0000000 1.0000000
f 4822/4822/4822 4823/4823/4823 4824/4824/4824
v 0.1638074 0.0709413 0.5100000
vt 0.625951886 0.915367246
vn 0.0000000 0.0000000 1.0000000
v 0.1547487 0.1047487 0.5100000
vt 0.639877439 0.919108570
vn 0.0000000 0.0000000 1.0000000
v 0.1209413 0.1138074 0.5100000
vt 0.643608749 0.933071256
vn 0.0000000 0.0000000 1.0000000
f 4825/4825/4825 4826/4826/4826 4827/4827/4827
v 0.1209413 0.1138074 0.5100000
vt 0.643608749 0.933071256
vn 0.0000000 0.0000000 1.0000000
v 0.0961926 0.0890587 0.5100000
vt 0.633414567 0.943292558
vn 0.0000000 0.0000000 1.0000000
v 0.1052513 0.0552513 0.5100000
vt 0.619489014 0.939551175
vn 0.0000000 0.0000000 1.0000000
f 4828/4828/4828 4829/4829/4829 4830/4830/4830
v 0.1052513 0.0552513 0.5100000
vt 0.619489014 0.939551175
vn 0.0000000 0.0000000 1.0000000
v 0.1390587 0.0461926 0.5100000
vt 0.615757644 0.925588608
vn 0.0000000 0.0000000 1.0000000
v 0.1638074 0.0709413 0.5100000
vt 0.625951886 0.915367246
vn 0.0000000 0.0000000 1.0000000
f 4831/4831/4831 4832/4832/4832 4833/4833/4833
v 0.1209413 0.1138074 0.5100000
vt 0.643608749 0.933071256
vn 0.0000000 0.0000000 1.0000000
v 0.1052513 0.0552513 0.5100000
vt 0.619489014 0.939551175
vn 0.0000000 0.0000000 1.0000000
v 0.1638074 0.0709413 0.5100000
vt 0.625951886 0.915367246
vn 0.0000000 0.0000000 1.0000000
f 4834/4834/4834 4835/4835/4835 4836/4836/4836
v 0.2110000 0.0800000 0.1000000
vt 0.403798521 0.861153722
vn 0.8396416 0.1105405 -0.5317734
v 0.2082400 0.1009643 0.1000000
vt 0.395657182 0.861155331
vn 0.8396416 0.1105405 -0.5317734
v 0.2265926 0.1058819 0.1300000
vt 0.393749982 0.849463701
vn 0.8396416 0.1105405 -0.5317734
f 4837/4837/4837 4838/4838/4838 4839/4839/4839
v 0.2110000 0.0800000 0.1000000
vt 0.403798521 0.861153722
vn 0.8396416 0.1105405 -0.5317733
v 0.2265926 0.1058819 0.1300000
vt 0.393749982 0.849463701
vn 0.8396416 0.1105405 -0.5317733
v 0.2300000 0.0800000 0.1300000
vt 0.403801024 0.849461854
vn 0.8396416 0.1105405 -0.5317733
f 4840/4840/4840 4841/4841/4841 4842/4842/4842
v 0.2082400 0.1009643 0.1000000
vt 0.395657182 0.861155331
vn 0.7824232 0.3240881 -0.5317714
v 0.2001481 0.1205000 0.1000000
vt 0.388069898 0.861160100
vn 0.7824232 0.3240881 -0.5317714
v 0.2166025 0.1300000 0.1300000
vt 0.384382993 0.849469662
vn 0.7824232 0.3240881 -0.5317714
f 4843/4843/4843 4844/4844/4844 4845/4845/4845
v 0.2082400 0.1009643 0.1000000
vt 0.395657182 0.861155331
vn 0.7824206 0.3240910 -0.5317735
v 0.2166025 0.1300000 0.1300000
vt 0.384382993 0.849469662
vn 0.7824206 0.3240910 -0.5317735
v 0.2265926 0.1058819 0.1300000
vt 0.393749982 0.849463701
vn 0.7824206 0.3240910 -0.5317735
f 4846/4846/4846 4847/4847/4847 4848/4848/4848
v 0.2001481 0.1205000 0.1000000
vt 0.388069898 0.861160100
vn 0.6718790 0.5155531 -0.5317740
v 0.1872756 0.1372757 0.1000000
vt 0.381553769 0.861167669
vn 0.6718790 0.5155531 -0.5317740
v 0.2007107 0.1507107 0.1300000
vt 0.376338392 0.849479020
vn 0.6718790 0.5155531 -0.5317740
f 4849/4849/4849 4850/4850/4850 4851/4851/4851
v 0.2001481 0.1205000 0.1000000
vt 0.388069898 0.861160100
vn 0.6718824 0.5155509 -0.5317718
v 0.2007107 0.1507107 0.1300000
vt 0.376338392 0.849479020
vn 0.6718824 0.5155509 -0.5317718
v 0.2166025 0.1300000 0.1300000
vt 0.384382993 0.849469662
vn 0.6718824 0.5155509 -0.5317718
f 4852/4852/4852 4853/4853/4853 4854/4854/4854
v 0.1872756 0.1372757 0.1000000
vt 0.232491717 0.856618047
vn 0.5155529 0.6718806 -0.5317721
v 0.1705000 0.1501481 0.1000000
vt 0.226009801 0.856606305
vn 0.5155529 0.6718806 -0.5317721
v 0.1800000 0.1666025 0.1300000
vt 0.229740217 0.844910383
vn 0.5155529 0.6718806 -0.5317721
f 4855/4855/4855 4856/4856/4856 4857/4857/4857
v 0.1872756 0.1372757 0.1000000
vt 0.232491717 0.856618047
vn 0.5155506 0.6718814 -0.5317735
v 0.1800000 0.1666025 0.1300000
vt 0.229740217 0.844910383
vn 0.5155506 0.6718814 -0.5317735
v 0.2007107 0.1507107 0.1300000
vt 0.237742662 0.844925046
vn 0.5155506 0.6718814 -0.5317735
f 4858/4858/4858 4859/4859/4859 4860/4860/4860
v 0.1705000 0.1501481 0.1000000
vt 0.226009801 0.856606305
vn 0.3240882 0.7824217 -0.5317736
v 0.1509643 0.1582400 0.1000000
vt 0.218444005 0.856598735
vn 0.3240882 0.7824217 -0.5317736
v 0.1558819 0.1765926 0.1300000
vt 0.220399886 0.844901145
vn 0.3240882 0.7824217 -0.5317736
f 4861/4861/4861 4862/4862/4862 4863/4863/4863
v 0.1705000 0.1501481 0.1000000
vt 0.226009801 0.856606305
vn 0.3240912 0.7824216 -0.5317720
v 0.1558819 0.1765926 0.1300000
vt 0.220399886 0.844901145
vn 0.3240912 0.7824216 -0.5317720
v 0.1800000 0.1666025 0.1300000
vt 0.229740217 0.844910383
vn 0.3240912 0.7824216 -0.5317720
f 4864/4864/4864 4865/4865/4865 4866/4866/4866
v 0.1509643 0.1582400 0.1000000
vt 0.218444005 0.856598735
vn 0.1105405 0.8396416 -0.5317733
v 0.1300000 0.1610000 0.1000000
vt 0.210310072 0.856595993
vn 0.1105405 0.8396416 -0.5317733
v 0.1300000 0.1800000 0.1300000
vt 0.210357860 0.844897866
vn 0.1105405 0.8396416 -0.5317733
f 4867/4867/4867 4868/4868/4868 4869/4869/4869
v 0.1509643 0.1582400 0.1000000
vt 0.218444005 0.856598735
vn 0.1105405 0.8396416 -0.5317733
v 0.1300000 0.1800000 0.1300000
vt 0.210357860 0.844897866
vn 0.1105405 0.8396416 -0.5317733
v 0.1558819 0.1765926 0.1300000
vt 0.220399886 0.844901145
vn 0.1105405 0.8396416 -0.5317733
f 4870/4870/4870 4871/4871/4871 4872/4872/4872
v 0.1300000 0.1610000 0.1000000
vt 0.210310072 0.856595993
vn -0.1105406 0.8396416 -0.5317734
v 0.1090357 0.1582400 0.1000000
vt 0.202162266 0.856598437
vn -0.1105406 0.8396416 -0.5317734
v 0.1041181 0.1765926 0.1300000
vt 0.200298846 0.844900846
vn -0.1105406 0.8396416 -0.5317734
f 4873/4873/4873 4874/4874/4874 4875/4875/4875
v 0.1300000 0.1610000 0.1000000
vt 0.210310072 0.856595993
vn -0.1105405 0.8396416 -0.5317733
v 0.1041181 0.1765926 0.1300000
vt 0.200298846 0.844900846
vn -0.1105405 0.8396416 -0.5317733
v 0.1300000 0.1800000 0.1300000
vt 0.210357860 0.844897866
vn -0.1105405 0.8396416 -0.5317733
f 4876/4876/4876 4877/4877/4877 4878/4878/4878
v 0.1041181 0.1765926 0.4500000
vt 0.200298846 0.720305085
vn -0.1305257 0.9914449 0.0000000
v 0.1300000 0.1800000 0.4500000
vt 0.210357860 0.720302105
vn -0.1305257 0.9914449 0.0000000
v 0.1300000 0.1800000 0.1300000
vt 0.210357860 0.844897866
vn -0.1305257 0.9914449 0.0000000
f 4879/4879/4879 4880/4880/4880 4881/4881/4881
v 0.1041181 0.1765926 0.4500000
vt 0.200298846 0.720305085
vn -0.1305257 0.9914449 0.0000000
v 0.1300000 0.1800000 0.1300000
vt 0.210357860 0.844897866
vn -0.1305257 0.9914449 0.0000000
v 0.1041181 0.1765926 0.1300000
vt 0.200298846 0.844900846
vn -0.1305257 0.9914449 0.0000000
f 4882/4882/4882 4883/4883/4883 4884/4884/4884
v 0.0895000 0.1501481 0.1000000
vt 0.194555804 0.856605768
vn -0.5155510 0.6718820 -0.5317723
v 0.0727243 0.1372757 0.1000000
vt 0.188009024 0.856617391
vn -0.5155510 0.6718820 -0.5317723
v 0.0592893 0.1507107 0.1300000
vt 0.182825699 0.844924212
vn -0.5155510 0.6718820 -0.5317723
f 4885/4885/4885 4886/4886/4886 4887/4887/4887
v 0.0895000 0.1501481 0.1000000
vt 0.194555804 0.856605768
vn -0.5155509 0.6718822 -0.5317722
v 0.0592893 0.1507107 0.1300000
vt 0.182825699 0.844924212
vn -0.5155509 0.6718822 -0.5317722
v 0.0800000 0.1666025 0.1300000
vt 0.190908149 0.844909787
vn -0.5155509 0.6718822 -0.5317722
f 4888/4888/4888 4889/4889/4889 4890/4890/4890
v 0.0727243 0.1372757 0.1000000
vt 0.358884364 0.861162961
vn -0.6718821 0.5155514 -0.5317718
v 0.0598519 0.1205000 0.1000000
vt 0.352435619 0.861168802
vn -0.6718821 0.5155514 -0.5317718
v 0.0433975 0.1300000 0.1300000
vt 0.356208175 0.849494696
vn -0.6718821 0.5155514 -0.5317718
f 4891/4891/4891 4892/4892/4892 4893/4893/4893
v 0.0727243 0.1372757 0.1000000
vt 0.358884364 0.861162961
vn -0.6718823 0.5155506 -0.5317723
v 0.0433975 0.1300000 0.1300000
vt 0.356208175 0.849494696
vn -0.6718823 0.5155506 -0.5317723
v 0.0592893 0.1507107 0.1300000
vt 0.364169627 0.849487484
vn -0.6718823 0.5155506 -0.5317723
f 4894/4894/4894 4895/4895/4895 4896/4896/4896
v 0.0598519 0.1205000 0.1000000
vt 0.352435619 0.861168802
vn -0.7824219 0.3240877 -0.5317737
v 0.0517600 0.1009643 0.1000000
vt 0.344890803 0.861172438
vn -0.7824219 0.3240877 -0.5317737
v 0.0334074 0.1058819 0.1300000
vt 0.346893638 0.849499226
vn -0.7824219 0.3240877 -0.5317737
f 4897/4897/4897 4898/4898/4898 4899/4899/4899
v 0.0598519 0.1205000 0.1000000
vt 0.352435619 0.861168802
vn -0.7824216 0.3240915 -0.5317717
v 0.0334074 0.1058819 0.1300000
vt 0.346893638 0.849499226
vn -0.7824216 0.3240915 -0.5317717
v 0.0433975 0.1300000 0.1300000
vt 0.356208175 0.849494696
vn -0.7824216 0.3240915 -0.5317717
f 4900/4900/4900 4901/4901/4901 4902/4902/4902
v 0.0517600 0.1009643 0.1000000
vt 0.344890803 0.861172438
vn -0.8396416 0.1105408 -0.5317731
v 0.0490000 0.0800000 0.1000000
vt 0.336764157 0.861173809
vn -0.8396416 0.1105408 -0.5317731
v 0.0300000 0.0800000 0.1300000
vt 0.336860716 0.849500954
vn -0.8396416 0.1105408 -0.5317731
f 4903/4903/4903 4904/4904/4904 4905/4905/4905
v 0.0517600 0.1009643 0.1000000
vt 0.344890803 0.861172438
vn -0.8396416 0.1105404 -0.5317733
v 0.0300000 0.0800000 0.1300000
vt 0.336860716 0.849500954
vn -0.8396416 0.1105404 -0.5317733
v 0.0334074 0.1058819 0.1300000
vt 0.346893638 0.849499226
vn -0.8396416 0.1105404 -0.5317733
f 4906/4906/4906 4907/4907/4907 4908/4908/4908
v 0.0490000 0.0800000 0.1000000
vt 0.336764157 0.861173809
vn -0.8396415 -0.1105408 -0.5317734
v 0.0517600 0.0590357 0.1000000
vt 0.328609437 0.861172736
vn -0.8396415 -0.1105408 -0.5317734
v 0.0334074 0.0541181 0.1300000
vt 0.326793164 0.849499583
vn -0.8396415 -0.1105408 -0.5317734
f 4909/4909/4909 4910/4910/4910 4911/4911/4911
v 0.0490000 0.0800000 0.1000000
vt 0.336764157 0.861173809
vn -0.8396417 -0.1105405 -0.5317732
v 0.0334074 0.0541181 0.1300000
vt 0.326793164 0.849499583
vn -0.8396417 -0.1105405 -0.5317732
v 0.0300000 0.0800000 0.1300000
vt 0.336860716 0.849500954
vn -0.8396417 -0.1105405 -0.5317732
f 4912/4912/4912 4913/4913/4913 4914/4914/4914
v 0.0517600 0.0590357 0.1000000
vt 0.328609437 0.861172736
vn -0.7824231 -0.3240882 -0.5317715
v 0.0598519 0.0395000 0.1000000
vt 0.320982397 0.861169338
vn -0.7824231 -0.3240882 -0.5317715
v 0.0433975 0.0300000 0.1300000
vt 0.317377061 0.849495232
vn -0.7824231 -0.3240882 -0.5317715
f 4915/4915/4915 4916/4916/4916 4917/4917/4917
v 0.0517600 0.0590357 0.1000000
vt 0.328609437 0.861172736
vn -0.7824207 -0.3240910 -0.5317735
v 0.0433975 0.0300000 0.1300000
vt 0.317377061 0.849495232
vn -0.7824207 -0.3240910 -0.5317735
v 0.0334074 0.0541181 0.1300000
vt 0.326793164 0.849499583
vn -0.7824207 -0.3240910 -0.5317735
f 4918/4918/4918 4919/4919/4919 4920/4920/4920
v 0.0598519 0.0395000 0.1000000
vt 0.320982397 0.861169338
vn -0.6718798 -0.5155525 -0.5317736
v 0.0727243 0.0227244 0.1000000
vt 0.314402789 0.861163616
vn -0.6718798 -0.5155525 -0.5317736
v 0.0592893 0.0092893 0.1300000
vt 0.309254080 0.849488378
vn -0.6718798 -0.5155525 -0.5317736
f 4921/4921/4921 4922/4922/4922 4923/4923/4923
v 0.0598519 0.0395000 0.1000000
vt 0.320982397 0.861169338
vn -0.6718824 -0.5155509 -0.5317720
v 0.0592893 0.0092893 0.1300000
vt 0.309254080 0.849488378
vn -0.6718824 -0.5155509 -0.5317720
v 0.0433975 0.0300000 0.1300000
vt 0.317377061 0.849495232
vn -0.6718824 -0.5155509 -0.5317720
f 4924/4924/4924 4925/4925/4925 4926/4926/4926
v 0.0727243 0.0227244 0.1000000
vt 0.165439770 0.856624484
vn -0.5155538 -0.6718802 -0.5317718
v 0.0895000 0.0098519 0.1000000
vt 0.158925325 0.856605291
vn -0.5155538 -0.6718802 -0.5317718
v 0.0800000 -0.0066025 0.1300000
vt 0.162614465 0.844899952
vn -0.5155538 -0.6718802 -0.5317718
f 4927/4927/4927 4928/4928/4928 4929/4929/4929
v 0.0727243 0.0227244 0.1000000
vt 0.165439770 0.856624484
vn -0.5155502 -0.6718814 -0.5317737
v 0.0800000 -0.0066025 0.1300000
vt 0.162614465 0.844899952
vn -0.5155502 -0.6718814 -0.5317737
v 0.0592893 0.0092893 0.1300000
vt 0.170656905 0.844923675
vn -0.5155502 -0.6718814 -0.5317737
f 4930/4930/4930 4931/4931/4931 4932/4932/4932
v 0.0895000 0.0098519 0.1000000
vt 0.158925325 0.856605291
vn -0.3240877 -0.7824219 -0.5317737
v 0.1090357 0.0017600 0.1000000
vt 0.151339188 0.856593072
vn -0.3240877 -0.7824219 -0.5317737
v 0.1041181 -0.0165926 0.1300000
vt 0.153248757 0.844884992
vn -0.3240877 -0.7824219 -0.5317737
f 4933/4933/4933 4934/4934/4934 4935/4935/4935
v 0.0895000 0.0098519 0.1000000
vt 0.158925325 0.856605291
vn -0.3240914 -0.7824216 -0.5317717
v 0.1041181 -0.0165926 0.1300000
vt 0.153248757 0.844884992
vn -0.3240914 -0.7824216 -0.5317717
v 0.0800000 -0.0066025 0.1300000
vt 0.162614465 0.844899952
vn -0.3240914 -0.7824216 -0.5317717
f 4936/4936/4936 4937/4937/4937 4938/4938/4938
v 0.2300000 0.0800000 0.4500000
vt 0.403801024 0.724866986
vn 0.9914449 -0.1305257 0.0000000
v 0.2265926 0.0541181 0.4500000
vt 0.413851172 0.724868894
vn 0.9914449 -0.1305257 0.0000000
v 0.2265926 0.0541181 0.1300000
vt 0.413851172 0.849463701
vn 0.9914449 -0.1305257 0.0000000
f 4939/4939/4939 4940/4940/4940 4941/4941/4941
v 0.2300000 0.0800000 0.4500000
vt 0.403801024 0.724866986
vn 0.9914449 -0.1305257 0.0000000
v 0.2265926 0.0541181 0.1300000
vt 0.413851172 0.849463701
vn 0.9914449 -0.1305257 0.0000000
v 0.2300000 0.0800000 0.1300000
vt 0.403801024 0.849461854
vn 0.9914449 -0.1305257 0.0000000
f 4942/4942/4942 4943/4943/4943 4944/4944/4944
v 0.1300000 -0.0010000 0.1000000
vt 0.143198147 0.856588960
vn 0.1105407 -0.8396415 -0.5317734
v 0.1509643 0.0017600 0.1000000
vt 0.135057241 0.856593072
vn 0.1105407 -0.8396415 -0.5317734
v 0.1558819 -0.0165926 0.1300000
vt 0.133147582 0.844884992
vn 0.1105407 -0.8396415 -0.5317734
f 4945/4945/4945 4946/4946/4946 4947/4947/4947
v 0.1300000 -0.0010000 0.1000000
vt 0.143198147 0.856588960
vn 0.1105404 -0.8396417 -0.5317732
v 0.1558819 -0.0165926 0.1300000
vt 0.133147582 0.844884992
vn 0.1105404 -0.8396417 -0.5317732
v 0.1300000 -0.0200000 0.1300000
vt 0.143198147 0.844879925
vn 0.1105404 -0.8396417 -0.5317732
f 4948/4948/4948 4949/4949/4949 4950/4950/4950
v 0.1509643 0.0017600 0.1000000
vt 0.135057241 0.856593072
vn 0.3240883 -0.7824231 -0.5317717
v 0.1705000 0.0098519 0.1000000
vt 0.127471030 0.856605291
vn 0.3240883 -0.7824231 -0.5317717
v 0.1800000 -0.0066025 0.1300000
vt 0.123781890 0.844899952
vn 0.3240883 -0.7824231 -0.5317717
f 4951/4951/4951 4952/4952/4952 4953/4953/4953
v 0.1509643 0.0017600 0.1000000
vt 0.135057241 0.856593072
vn 0.3240909 -0.7824207 -0.5317734
v 0.1800000 -0.0066025 0.1300000
vt 0.123781890 0.844899952
vn 0.3240909 -0.7824207 -0.5317734
v 0.1558819 -0.0165926 0.1300000
vt 0.133147582 0.844884992
vn 0.3240909 -0.7824207 -0.5317734
f 4954/4954/4954 4955/4955/4955 4956/4956/4956
v 0.1705000 0.0098519 0.1000000
vt 0.127471030 0.856605291
vn 0.5155543 -0.6718770 -0.5317753
v 0.1872756 0.0227244 0.1000000
vt 0.120956667 0.856624484
vn 0.5155543 -0.6718770 -0.5317753
v 0.2007107 0.0092893 0.1300000
vt 0.115739487 0.844923675
vn 0.5155543 -0.6718770 -0.5317753
f 4957/4957/4957 4958/4958/4958 4959/4959/4959
v 0.1705000 0.0098519 0.1000000
vt 0.127471030 0.856605291
vn 0.5155510 -0.6718822 -0.5317721
v 0.2007107 0.0092893 0.1300000
vt 0.115739487 0.844923675
vn 0.5155510 -0.6718822 -0.5317721
v 0.1800000 -0.0066025 0.1300000
vt 0.123781890 0.844899952
vn 0.5155510 -0.6718822 -0.5317721
f 4960/4960/4960 4961/4961/4961 4962/4962/4962
v 0.1300000 -0.0200000 0.1300000
vt 0.143198147 0.844879925
vn -0.1105404 -0.8396416 -0.5317734
v 0.1041181 -0.0165926 0.1300000
vt 0.153248757 0.844884992
vn -0.1105404 -0.8396416 -0.5317734
v 0.1090357 0.0017600 0.1000000
vt 0.151339188 0.856593072
vn -0.1105404 -0.8396416 -0.5317734
f 4963/4963/4963 4964/4964/4964 4965/4965/4965
v 0.1300000 -0.0200000 0.1300000
vt 0.143198147 0.844879925
vn -0.1105408 -0.8396416 -0.5317731
v 0.1090357 0.0017600 0.1000000
vt 0.151339188 0.856593072
vn -0.1105408 -0.8396416 -0.5317731
v 0.1300000 -0.0010000 0.1000000
vt 0.143198147 0.856588960
vn -0.1105408 -0.8396416 -0.5317731
f 4966/4966/4966 4967/4967/4967 4968/4968/4968
v 0.2001481 0.0395000 0.1000000
vt 0.419524282 0.861160100
vn 0.7824218 -0.3240876 -0.5317737
v 0.2082400 0.0590357 0.1000000
vt 0.411939114 0.861155331
vn 0.7824218 -0.3240876 -0.5317737
v 0.2265926 0.0541181 0.1300000
vt 0.413851172 0.849463701
vn 0.7824218 -0.3240876 -0.5317737
f 4969/4969/4969 4970/4970/4970 4971/4971/4971
v 0.2001481 0.0395000 0.1000000
vt 0.419524282 0.861160100
vn 0.7824218 -0.3240913 -0.5317717
v 0.2265926 0.0541181 0.1300000
vt 0.413851172 0.849463701
vn 0.7824218 -0.3240913 -0.5317717
v 0.2166025 0.0300000 0.1300000
vt 0.423215538 0.849469662
vn 0.7824218 -0.3240913 -0.5317717
f 4972/4972/4972 4973/4973/4973 4974/4974/4974
v 0.2082400 0.0590357 0.1000000
vt 0.411939114 0.861155331
vn 0.8396416 -0.1105405 -0.5317733
v 0.2110000 0.0800000 0.1000000
vt 0.403798521 0.861153722
vn 0.8396416 -0.1105405 -0.5317733
v 0.2300000 0.0800000 0.1300000
vt 0.403801024 0.849461854
vn 0.8396416 -0.1105405 -0.5317733
f 4975/4975/4975 4976/4976/4976 4977/4977/4977
v 0.2082400 0.0590357 0.1000000
vt 0.411939114 0.861155331
vn 0.8396415 -0.1105405 -0.5317733
v 0.2300000 0.0800000 0.1300000
vt 0.403801024 0.849461854
vn 0.8396415 -0.1105405 -0.5317733
v 0.2265926 0.0541181 0.1300000
vt 0.413851172 0.849463701
vn 0.8396415 -0.1105405 -0.5317733
f 4978/4978/4978 4979/4979/4979 4980/4980/4980
v 0.2300000 0.0800000 0.1300000
vt 0.403801024 0.849461854
vn 0.9914449 0.1305257 0.0000000
v 0.2265926 0.1058819 0.1300000
vt 0.393749982 0.849463701
vn 0.9914449 0.1305257 0.0000000
v 0.2265926 0.1058819 0.4500000
vt 0.393749982 0.724868894
vn 0.9914449 0.1305257 0.0000000
f 4981/4981/4981 4982/4982/4982 4983/4983/4983
v 0.2300000 0.0800000 0.1300000
vt 0.403801024 0.849461854
vn 0.9914449 0.1305257 0.0000000
v 0.2265926 0.1058819 0.4500000
vt 0.393749982 0.724868894
vn 0.9914449 0.1305257 0.0000000
v 0.2300000 0.0800000 0.4500000
vt 0.403801024 0.724866986
vn 0.9914449 0.1305257 0.0000000
f 4984/4984/4984 4985/4985/4985 4986/4986/4986
v 0.2265926 0.1058819 0.1300000
vt 0.393749982 0.849463701
vn 0.9238788 0.3826852 0.0000000
v 0.2166025 0.1300000 0.1300000
vt 0.384382993 0.849469662
vn 0.9238788 0.3826852 0.0000000
v 0.2166025 0.1300000 0.4500000
vt 0.384382993 0.724874794
vn 0.9238788 0.3826852 0.0000000
f 4987/4987/4987 4988/4988/4988 4989/4989/4989
v 0.2265926 0.1058819 0.1300000
vt 0.393749982 0.849463701
vn 0.9238788 0.3826852 0.0000000
v 0.2166025 0.1300000 0.4500000
vt 0.384382993 0.724874794
vn 0.9238788 0.3826852 0.0000000
v 0.2265926 0.1058819 0.4500000
vt 0.393749982 0.724868894
vn 0.9238788 0.3826852 0.0000000
f 4990/4990/4990 4991/4991/4991 4992/4992/4992
v 0.1650000 0.0800000 0.5100000
vt 0.629683197 0.914874673
vn 0.6175926 -0.0813076 0.7822841
v 0.1638074 0.0709413 0.5100000
vt 0.625951886 0.915367246
vn 0.6175926 -0.0813076 0.7822841
v 0.2005126 0.0611062 0.4800000
vt 0.621878624 0.900208592
vn 0.6175926 -0.0813076 0.7822841
f 4993/4993/4993 4994/4994/4994 4995/4995/4995
v 0.1650000 0.0800000 0.5100000
vt 0.629683197 0.914874673
vn 0.6175928 -0.0813068 0.7822840
v 0.2005126 0.0611062 0.4800000
vt 0.621878624 0.900208592
vn 0.6175928 -0.0813068 0.7822840
v 0.2030000 0.0800000 0.4800000
vt 0.629661083 0.899181485
vn 0.6175928 -0.0813068 0.7822840
f 4996/4996/4996 4997/4997/4997 4998/4998/4998
v 0.2007107 0.1507107 0.1300000
vt 0.237742662 0.844925046
vn 0.6087598 0.7933547 0.0000000
v 0.1800000 0.1666025 0.1300000
vt 0.229740217 0.844910383
vn 0.6087598 0.7933547 0.0000000
v 0.1800000 0.1666025 0.4500000
vt 0.229740217 0.720314622
vn 0.6087598 0.7933547 0.0000000
f 4999/4999/4999 5000/5000/5000 5001/5001/5001
v 0.2007107 0.1507107 0.1300000
vt 0.237742662 0.844925046
vn 0.6087598 0.7933547 0.0000000
v 0.1800000 0.1666025 0.4500000
vt 0.229740217 0.720314622
vn 0.6087598 0.7933547 0.0000000
v 0.2007107 0.1507107 0.4500000
vt 0.237742662 0.720329285
vn 0.6087598 0.7933547 0.0000000
f 5002/5002/5002 5003/5003/5003 5004/5004/5004
v 0.1816188 0.0283812 0.4800000
vt 0.608398914 0.908011973
vn 0.4542253 -0.5919557 0.6657836
v 0.1665000 0.0167801 0.4800000
vt 0.603620350 0.914256036
vn 0.4542253 -0.5919557 0.6657836
v 0.1800000 -0.0066025 0.4500000
vt 0.593966782 0.908681393
vn 0.4542253 -0.5919557 0.6657836
f 5005/5005/5005 5006/5006/5006 5007/5007/5007
v 0.1816188 0.0283812 0.4800000
vt 0.608398914 0.908011973
vn 0.4542222 -0.5919567 0.6657848
v 0.1800000 -0.0066025 0.4500000
vt 0.593966782 0.908681393
vn 0.4542222 -0.5919567 0.6657848
v 0.2007107 0.0092893 0.4500000
vt 0.600512743 0.900127828
vn 0.4542222 -0.5919567 0.6657848
f 5008/5008/5008 5009/5009/5009 5010/5010/5010
v 0.1558819 0.1765926 0.1300000
vt 0.220399886 0.844901145
vn 0.1305257 0.9914449 0.0000000
v 0.1300000 0.1800000 0.1300000
vt 0.210357860 0.844897866
vn 0.1305257 0.9914449 0.0000000
v 0.1300000 0.1800000 0.4500000
vt 0.210357860 0.720302105
vn 0.1305257 0.9914449 0.0000000
f 5011/5011/5011 5012/5012/5012 5013/5013/5013
v 0.1558819 0.1765926 0.1300000
vt 0.220399886 0.844901145
vn 0.1305257 0.9914449 0.0000000
v 0.1300000 0.1800000 0.4500000
vt 0.210357860 0.720302105
vn 0.1305257 0.9914449 0.0000000
v 0.1558819 0.1765926 0.4500000
vt 0.220399886 0.720305383
vn 0.1305257 0.9914449 0.0000000
f 5014/5014/5014 5015/5015/5015 5016/5016/5016
v 0.1125000 0.0496891 0.5100000
vt 0.617197931 0.936557412
vn -0.3792136 -0.4941939 0.7822848
v 0.1052513 0.0552513 0.5100000
vt 0.619489014 0.939551175
vn -0.3792136 -0.4941939 0.7822848
v 0.0783812 0.0283812 0.4800000
vt 0.608398914 0.950649500
vn -0.3792136 -0.4941939 0.7822848
f 5017/5017/5017 5018/5018/5018 5019/5019/5019
v 0.1125000 0.0496891 0.5100000
vt 0.617197931 0.936557412
vn -0.3792114 -0.4941964 0.7822841
v 0.0783812 0.0283812 0.4800000
vt 0.608398914 0.950649500
vn -0.3792114 -0.4941964 0.7822841
v 0.0935000 0.0167801 0.4800000
vt 0.603620350 0.944405437
vn -0.3792114 -0.4941964 0.7822841
f 5020/5020/5020 5021/5021/5021 5022/5022/5022
v 0.1041181 0.1765926 0.1300000
vt 0.200298846 0.844900846
vn -0.3826851 0.9238788 0.0000000
v 0.0800000 0.1666025 0.1300000
vt 0.190908149 0.844909787
vn -0.3826851 0.9238788 0.0000000
v 0.0800000 0.1666025 0.4500000
vt 0.190908149 0.720314026
vn -0.3826851 0.9238788 0.0000000
f 5023/5023/5023 5024/5024/5024 5025/5025/5025
v 0.1041181 0.1765926 0.1300000
vt 0.200298846 0.844900846
vn -0.3826851 0.9238788 0.0000000
v 0.0800000 0.1666025 0.4500000
vt 0.190908149 0.720314026
vn -0.3826851 0.9238788 0.0000000
v 0.1041181 0.1765926 0.4500000
vt 0.200298846 0.720305085
vn -0.3826851 0.9238788 0.0000000
f 5026/5026/5026 5027/5027/5027 5028/5028/5028
v 0.0800000 0.1666025 0.1300000
vt 0.190908149 0.844909787
vn -0.6087596 0.7933547 0.0000000
v 0.0592893 0.1507107 0.1300000
vt 0.182825699 0.844924212
vn -0.6087596 0.7933547 0.0000000
v 0.0592893 0.1507107 0.4500000
vt 0.182825744 0.720328450
vn -0.6087596 0.7933547 0.0000000
f 5029/5029/5029 5030/5030/5030 5031/5031/5031
v 0.0800000 0.1666025 0.1300000
vt 0.190908149 0.844909787
vn -0.6087596 0.7933547 0.0000000
v 0.0592893 0.1507107 0.4500000
vt 0.182825744 0.720328450
vn -0.6087596 0.7933547 0.0000000
v 0.0800000 0.1666025 0.4500000
vt 0.190908149 0.720314026
vn -0.6087596 0.7933547 0.0000000
f 5032/5032/5032 5033/5033/5033 5034/5034/5034
v 0.0592893 0.1507107 0.1300000
vt 0.364169627 0.849487484
vn -0.7933549 0.6087593 0.0000000
v 0.0433975 0.1300000 0.1300000
vt 0.356208175 0.849494696
vn -0.7933549 0.6087593 0.0000000
v 0.0433975 0.1300000 0.4500000
vt 0.356208205 0.724893630
vn -0.7933549 0.6087593 0.0000000
f 5035/5035/5035 5036/5036/5036 5037/5037/5037
v 0.0592893 0.1507107 0.1300000
vt 0.364169627 0.849487484
vn -0.7933549 0.6087593 0.0000000
v 0.0433975 0.1300000 0.4500000
vt 0.356208205 0.724893630
vn -0.7933549 0.6087593 0.0000000
v 0.0592893 0.1507107 0.4500000
vt 0.364169627 0.724886477
vn -0.7933549 0.6087593 0.0000000
f 5038/5038/5038 5039/5039/5039 5040/5040/5040
v 0.2265926 0.0541181 0.4500000
vt 0.413851172 0.724868894
vn 0.9238788 -0.3826851 0.0000000
v 0.2166025 0.0300000 0.4500000
vt 0.423215538 0.724874794
vn 0.9238788 -0.3826851 0.0000000
v 0.2166025 0.0300000 0.1300000
vt 0.423215538 0.849469662
vn 0.9238788 -0.3826851 0.0000000
f 5041/5041/5041 5042/5042/5042 5043/5043/5043
v 0.2265926 0.0541181 0.4500000
vt 0.413851172 0.724868894
vn 0.9238788 -0.3826851 0.0000000
v 0.2166025 0.0300000 0.1300000
vt 0.423215538 0.849469662
vn 0.9238788 -0.3826851 0.0000000
v 0.2265926 0.0541181 0.1300000
vt 0.413851172 0.849463701
vn 0.9238788 -0.3826851 0.0000000
f 5044/5044/5044 5045/5045/5045 5046/5046/5046
v 0.0334074 0.1058819 0.1300000
vt 0.346893638 0.849499226
vn -0.9914449 0.1305256 0.0000000
v 0.0300000 0.0800000 0.1300000
vt 0.336860716 0.849500954
vn -0.9914449 0.1305256 0.0000000
v 0.0300000 0.0800000 0.4500000
vt 0.336860716 0.724899948
vn -0.9914449 0.1305256 0.0000000
f 5047/5047/5047 5048/5048/5048 5049/5049/5049
v 0.0334074 0.1058819 0.1300000
vt 0.346893638 0.849499226
vn -0.9914449 0.1305256 0.0000000
v 0.0300000 0.0800000 0.4500000
vt 0.336860716 0.724899948
vn -0.9914449 0.1305256 0.0000000
v 0.0334074 0.1058819 0.4500000
vt 0.346893638 0.724898219
vn -0.9914449 0.1305256 0.0000000
f 5050/5050/5050 5051/5051/5051 5052/5052/5052
v 0.0334074 0.1058819 0.4500000
vt 0.346893638 0.724898219
vn -0.9238788 0.3826853 0.0000000
v 0.0433975 0.1300000 0.4500000
vt 0.356208205 0.724893630
vn -0.9238788 0.3826853 0.0000000
v 0.0433975 0.1300000 0.1300000
vt 0.356208175 0.849494696
vn -0.9238788 0.3826853 0.0000000
f 5053/5053/5053 5054/5054/5054 5055/5055/5055
v 0.0334074 0.1058819 0.4500000
vt 0.346893638 0.724898219
vn -0.9238788 0.3826853 0.0000000
v 0.0433975 0.1300000 0.1300000
vt 0.356208175 0.849494696
vn -0.9238788 0.3826853 0.0000000
v 0.0334074 0.1058819 0.1300000
vt 0.346893638 0.849499226
vn -0.9238788 0.3826853 0.0000000
f 5056/5056/5056 5057/5057/5057 5058/5058/5058
v 0.0334074 0.0541181 0.1300000
vt 0.326793164 0.849499583
vn -0.9238788 -0.3826852 0.0000000
v 0.0433975 0.0300000 0.1300000
vt 0.317377061 0.849495232
vn -0.9238788 -0.3826852 0.0000000
v 0.0433975 0.0300000 0.4500000
vt 0.317377061 0.724894345
vn -0.9238788 -0.3826852 0.0000000
f 5059/5059/5059 5060/5060/5060 5061/5061/5061
v 0.0334074 0.0541181 0.1300000
vt 0.326793164 0.849499583
vn -0.9238788 -0.3826852 0.0000000
v 0.0433975 0.0300000 0.4500000
vt 0.317377061 0.724894345
vn -0.9238788 -0.3826852 0.0000000
v 0.0334074 0.0541181 0.4500000
vt 0.326793164 0.724898577
vn -0.9238788 -0.3826852 0.0000000
f 5062/5062/5062 5063/5063/5063 5064/5064/5064
v 0.0433975 0.0300000 0.1300000
vt 0.317377061 0.849495232
vn -0.7933549 -0.6087595 0.0000000
v 0.0592893 0.0092893 0.1300000
vt 0.309254080 0.849488378
vn -0.7933549 -0.6087595 0.0000000
v 0.0592893 0.0092893 0.4500000
vt 0.309254080 0.724887311
vn -0.7933549 -0.6087595 0.0000000
f 5065/5065/5065 5066/5066/5066 5067/5067/5067
v 0.0433975 0.0300000 0.1300000
vt 0.317377061 0.849495232
vn -0.7933549 -0.6087595 0.0000000
v 0.0592893 0.0092893 0.4500000
vt 0.309254080 0.724887311
vn -0.7933549 -0.6087595 0.0000000
v 0.0433975 0.0300000 0.4500000
vt 0.317377061 0.724894345
vn -0.7933549 -0.6087595 0.0000000
f 5068/5068/5068 5069/5069/5069 5070/5070/5070
v 0.0592893 0.0092893 0.1300000
vt 0.170656905 0.844923675
vn -0.6087595 -0.7933548 0.0000000
v 0.0800000 -0.0066025 0.1300000
vt 0.162614465 0.844899952
vn -0.6087595 -0.7933548 0.0000000
v 0.0800000 -0.0066025 0.4500000
vt 0.162614420 0.720306158
vn -0.6087595 -0.7933548 0.0000000
f 5071/5071/5071 5072/5072/5072 5073/5073/5073
v 0.0592893 0.0092893 0.1300000
vt 0.170656905 0.844923675
vn -0.6087595 -0.7933548 0.0000000
v 0.0800000 -0.0066025 0.4500000
vt 0.162614420 0.720306158
vn -0.6087595 -0.7933548 0.0000000
v 0.0592893 0.0092893 0.4500000
vt 0.170656905 0.720330000
vn -0.6087595 -0.7933548 0.0000000
f 5074/5074/5074 5075/5075/5075 5076/5076/5076
v 0.0334074 0.0541181 0.4500000
vt 0.326793164 0.724898577
vn -0.9914449 -0.1305256 0.0000000
v 0.0300000 0.0800000 0.4500000
vt 0.336860716 0.724899948
vn -0.9914449 -0.1305256 0.0000000
v 0.0300000 0.0800000 0.1300000
vt 0.336860716 0.849500954
vn -0.9914449 -0.1305256 0.0000000
f 5077/5077/5077 5078/5078/5078 5079/5079/5079
v 0.0334074 0.0541181 0.4500000
vt 0.326793164 0.724898577
vn -0.9914449 -0.1305256 0.0000000
v 0.0300000 0.0800000 0.1300000
vt 0.336860716 0.849500954
vn -0.9914449 -0.1305256 0.0000000
v 0.0334074 0.0541181 0.1300000
vt 0.326793164 0.849499583
vn -0.9914449 -0.1305256 0.0000000
f 5080/5080/5080 5081/5081/5081 5082/5082/5082
v 0.1300000 -0.0200000 0.1300000
vt 0.143198147 0.844879925
vn 0.1305256 -0.9914449 0.0000000
v 0.1558819 -0.0165926 0.1300000
vt 0.133147582 0.844884992
vn 0.1305256 -0.9914449 0.0000000
v 0.1558819 -0.0165926 0.4500000
vt 0.133147582 0.720291197
vn 0.1305256 -0.9914449 0.0000000
f 5083/5083/5083 5084/5084/5084 5085/5085/5085
v 0.1300000 -0.0200000 0.1300000
vt 0.143198147 0.844879925
vn 0.1305256 -0.9914449 0.0000000
v 0.1558819 -0.0165926 0.4500000
vt 0.133147582 0.720291197
vn 0.1305256 -0.9914449 0.0000000
v 0.1300000 -0.0200000 0.4500000
vt 0.143198147 0.720286131
vn 0.1305256 -0.9914449 0.0000000
f 5086/5086/5086 5087/5087/5087 5088/5088/5088
v 0.1558819 -0.0165926 0.1300000
vt 0.133147582 0.844884992
vn 0.3826851 -0.9238788 0.0000000
v 0.1800000 -0.0066025 0.1300000
vt 0.123781890 0.844899952
vn 0.3826851 -0.9238788 0.0000000
v 0.1800000 -0.0066025 0.4500000
vt 0.123781934 0.720306158
vn 0.3826851 -0.9238788 0.0000000
f 5089/5089/5089 5090/5090/5090 5091/5091/5091
v 0.1558819 -0.0165926 0.1300000
vt 0.133147582 0.844884992
vn 0.3826851 -0.9238788 0.0000000
v 0.1800000 -0.0066025 0.4500000
vt 0.123781934 0.720306158
vn 0.3826851 -0.9238788 0.0000000
v 0.1558819 -0.0165926 0.4500000
vt 0.133147582 0.720291197
vn 0.3826851 -0.9238788 0.0000000
f 5092/5092/5092 5093/5093/5093 5094/5094/5094
v 0.1800000 -0.0066025 0.1300000
vt 0.123781890 0.844899952
vn 0.6087596 -0.7933547 0.0000000
v 0.2007107 0.0092893 0.1300000
vt 0.115739487 0.844923675
vn 0.6087596 -0.7933547 0.0000000
v 0.2007107 0.0092893 0.4500000
vt 0.115739487 0.720330000
vn 0.6087596 -0.7933547 0.0000000
f 5095/5095/5095 5096/5096/5096 5097/5097/5097
v 0.1800000 -0.0066025 0.1300000
vt 0.123781890 0.844899952
vn 0.6087596 -0.7933547 0.0000000
v 0.2007107 0.0092893 0.4500000
vt 0.115739487 0.720330000
vn 0.6087596 -0.7933547 0.0000000
v 0.1800000 -0.0066025 0.4500000
vt 0.123781934 0.720306158
vn 0.6087596 -0.7933547 0.0000000
f 5098/5098/5098 5099/5099/5099 5100/5100/5100
v 0.2007107 0.0092893 0.1300000
vt 0.431255937 0.849479020
vn 0.7933547 -0.6087596 0.0000000
v 0.2166025 0.0300000 0.1300000
vt 0.423215538 0.849469662
vn 0.7933547 -0.6087596 0.0000000
v 0.2166025 0.0300000 0.4500000
vt 0.423215538 0.724874794
vn 0.7933547 -0.6087596 0.0000000
f 5101/5101/5101 5102/5102/5102 5103/5103/5103
v 0.2007107 0.0092893 0.1300000
vt 0.431255937 0.849479020
vn 0.7933547 -0.6087596 0.0000000
v 0.2166025 0.0300000 0.4500000
vt 0.423215538 0.724874794
vn 0.7933547 -0.6087596 0.0000000
v 0.2007107 0.0092893 0.4500000
vt 0.431255937 0.724884152
vn 0.7933547 -0.6087596 0.0000000
f 5104/5104/5104 5105/5105/5105 5106/5106/5106
v 0.1300000 -0.0200000 0.4500000
vt 0.143198147 0.720286131
vn -0.1305256 -0.9914449 0.0000000
v 0.1041181 -0.0165926 0.4500000
vt 0.153248757 0.720291197
vn -0.1305256 -0.9914449 0.0000000
v 0.1041181 -0.0165926 0.1300000
vt 0.153248757 0.844884992
vn -0.1305256 -0.9914449 0.0000000
f 5107/5107/5107 5108/5108/5108 5109/5109/5109
v 0.1300000 -0.0200000 0.4500000
vt 0.143198147 0.720286131
vn -0.1305256 -0.9914449 0.0000000
v 0.1041181 -0.0165926 0.1300000
vt 0.153248757 0.844884992
vn -0.1305256 -0.9914449 0.0000000
v 0.1300000 -0.0200000 0.1300000
vt 0.143198147 0.844879925
vn -0.1305256 -0.9914449 0.0000000
f 5110/5110/5110 5111/5111/5111 5112/5112/5112
v 0.1041181 -0.0165926 0.4500000
vt 0.153248757 0.720291197
vn -0.3826852 -0.9238788 0.0000000
v 0.0800000 -0.0066025 0.4500000
vt 0.162614420 0.720306158
vn -0.3826852 -0.9238788 0.0000000
v 0.0800000 -0.0066025 0.1300000
vt 0.162614465 0.844899952
vn -0.3826852 -0.9238788 0.0000000
f 5113/5113/5113 5114/5114/5114 5115/5115/5115
v 0.1041181 -0.0165926 0.4500000
vt 0.153248757 0.720291197
vn -0.3826852 -0.9238788 0.0000000
v 0.0800000 -0.0066025 0.1300000
vt 0.162614465 0.844899952
vn -0.3826852 -0.9238788 0.0000000
v 0.1041181 -0.0165926 0.1300000
vt 0.153248757 0.844884992
vn -0.3826852 -0.9238788 0.0000000
f 5116/5116/5116 5117/5117/5117 5118/5118/5118
v 0.2300000 0.0800000 0.4500000
vt 0.403801024 0.724866986
vn 0.7397608 0.0973910 0.6657845
v 0.2265926 0.1058819 0.4500000
vt 0.393749982 0.724868894
vn 0.7397608 0.0973910 0.6657845
v 0.2005126 0.0988938 0.4800000
vt 0.396460176 0.713203549
vn 0.7397608 0.0973910 0.6657845
f 5119/5119/5119 5120/5120/5120 5121/5121/5121
v 0.2300000 0.0800000 0.4500000
vt 0.403801024 0.724866986
vn 0.7397606 0.0973904 0.6657848
v 0.2005126 0.0988938 0.4800000
vt 0.396460176 0.713203549
vn 0.7397606 0.0973904 0.6657848
v 0.2030000 0.0800000 0.4800000
vt 0.403797448 0.713202059
vn 0.7397606 0.0973904 0.6657848
f 5122/5122/5122 5123/5123/5123 5124/5124/5124
v 0.2265926 0.1058819 0.4500000
vt 0.393749982 0.724868894
vn 0.6893474 0.2855386 0.6657836
v 0.2166025 0.1300000 0.4500000
vt 0.384382993 0.724874794
vn 0.6893474 0.2855386 0.6657836
v 0.1932199 0.1165000 0.4800000
vt 0.389622271 0.713207781
vn 0.6893474 0.2855386 0.6657836
f 5125/5125/5125 5126/5126/5126 5127/5127/5127
v 0.2265926 0.1058819 0.4500000
vt 0.393749982 0.724868894
vn 0.6893476 0.2855362 0.6657846
v 0.1932199 0.1165000 0.4800000
vt 0.389622271 0.713207781
vn 0.6893476 0.2855362 0.6657846
v 0.2005126 0.0988938 0.4800000
vt 0.396460176 0.713203549
vn 0.6893476 0.2855362 0.6657846
f 5128/5128/5128 5129/5129/5129 5130/5130/5130
v 0.2166025 0.1300000 0.4500000
vt 0.650234401 0.893564403
vn 0.5919567 0.4542221 0.6657848
v 0.2007107 0.1507107 0.4500000
vt 0.658765376 0.900127828
vn 0.5919567 0.4542221 0.6657848
v 0.1816188 0.1316188 0.4800000
vt 0.650923252 0.908011973
vn 0.5919567 0.4542221 0.6657848
f 5131/5131/5131 5132/5132/5132 5133/5133/5133
v 0.2166025 0.1300000 0.4500000
vt 0.650234401 0.893564403
vn 0.5919557 0.4542253 0.6657836
v 0.1816188 0.1316188 0.4800000
vt 0.650923252 0.908011973
vn 0.5919557 0.4542253 0.6657836
v 0.1932199 0.1165000 0.4800000
vt 0.644695699 0.903220594
vn 0.5919557 0.4542253 0.6657836
f 5134/5134/5134 5135/5135/5135 5136/5136/5136
v 0.2007107 0.1507107 0.4500000
vt 0.658765376 0.900127828
vn 0.4542229 0.5919574 0.6657838
v 0.1800000 0.1666025 0.4500000
vt 0.665311277 0.908681393
vn 0.4542229 0.5919574 0.6657838
v 0.1665000 0.1432199 0.4800000
vt 0.655701935 0.914256036
vn 0.4542229 0.5919574 0.6657838
f 5137/5137/5137 5138/5138/5138 5139/5139/5139
v 0.2007107 0.1507107 0.4500000
vt 0.658765376 0.900127828
vn 0.4542246 0.5919546 0.6657851
v 0.1665000 0.1432199 0.4800000
vt 0.655701935 0.914256036
vn 0.4542246 0.5919546 0.6657851
v 0.1816188 0.1316188 0.4800000
vt 0.650923252 0.908011973
vn 0.4542246 0.5919546 0.6657851
f 5140/5140/5140 5141/5141/5141 5142/5142/5142
v 0.1800000 0.1666025 0.4500000
vt 0.229740217 0.720314622
vn 0.2855382 0.6893469 0.6657844
v 0.1558819 0.1765926 0.4500000
vt 0.220399886 0.720305383
vn 0.2855382 0.6893469 0.6657844
v 0.1488938 0.1505126 0.4800000
vt 0.217620492 0.708648264
vn 0.2855382 0.6893469 0.6657844
f 5143/5143/5143 5144/5144/5144 5145/5145/5145
v 0.1800000 0.1666025 0.4500000
vt 0.229740217 0.720314622
vn 0.2855365 0.6893484 0.6657835
v 0.1488938 0.1505126 0.4800000
vt 0.217620492 0.708648264
vn 0.2855365 0.6893484 0.6657835
v 0.1665000 0.1432199 0.4800000
vt 0.224439085 0.708655119
vn 0.2855365 0.6893484 0.6657835
f 5146/5146/5146 5147/5147/5147 5148/5148/5148
v 0.1558819 0.1765926 0.4500000
vt 0.220399886 0.720305383
vn 0.0973909 0.7397606 0.6657847
v 0.1300000 0.1800000 0.4500000
vt 0.210357860 0.720302105
vn 0.0973909 0.7397606 0.6657847
v 0.1300000 0.1530000 0.4800000
vt 0.210289970 0.708645940
vn 0.0973909 0.7397606 0.6657847
f 5149/5149/5149 5150/5150/5150 5151/5151/5151
v 0.1558819 0.1765926 0.4500000
vt 0.220399886 0.720305383
vn 0.0973904 0.7397609 0.6657845
v 0.1300000 0.1530000 0.4800000
vt 0.210289970 0.708645940
vn 0.0973904 0.7397609 0.6657845
v 0.1488938 0.1505126 0.4800000
vt 0.217620492 0.708648264
vn 0.0973904 0.7397609 0.6657845
f 5152/5152/5152 5153/5153/5153 5154/5154/5154
v 0.1300000 0.1800000 0.4500000
vt 0.210357860 0.720302105
vn -0.0973910 0.7397608 0.6657846
v 0.1041181 0.1765926 0.4500000
vt 0.200298846 0.720305085
vn -0.0973910 0.7397608 0.6657846
v 0.1111062 0.1505126 0.4800000
vt 0.202946857 0.708648086
vn -0.0973910 0.7397608 0.6657846
f 5155/5155/5155 5156/5156/5156 5157/5157/5157
v 0.1300000 0.1800000 0.4500000
vt 0.210357860 0.720302105
vn -0.0973904 0.7397606 0.6657848
v 0.1111062 0.1505126 0.4800000
vt 0.202946857 0.708648086
vn -0.0973904 0.7397606 0.6657848
v 0.1300000 0.1530000 0.4800000
vt 0.210289970 0.708645940
vn -0.0973904 0.7397606 0.6657848
f 5158/5158/5158 5159/5159/5159 5160/5160/5160
v 0.1041181 0.1765926 0.4500000
vt 0.200298846 0.720305085
vn -0.2855385 0.6893475 0.6657836
v 0.0800000 0.1666025 0.4500000
vt 0.190908149 0.720314026
vn -0.2855385 0.6893475 0.6657836
v 0.0935000 0.1432199 0.4800000
vt 0.196091592 0.708654583
vn -0.2855385 0.6893475 0.6657836
f 5161/5161/5161 5162/5162/5162 5163/5163/5163
v 0.1041181 0.1765926 0.4500000
vt 0.200298846 0.720305085
vn -0.2855362 0.6893476 0.6657846
v 0.0935000 0.1432199 0.4800000
vt 0.196091592 0.708654583
vn -0.2855362 0.6893476 0.6657846
v 0.1111062 0.1505126 0.4800000
vt 0.202946857 0.708648086
vn -0.2855362 0.6893476 0.6657846
f 5164/5164/5164 5165/5165/5165 5166/5166/5166
v 0.0800000 0.1666025 0.4500000
vt 0.665311277 0.949981928
vn -0.4542222 0.5919567 0.6657848
v 0.0592893 0.1507107 0.4500000
vt 0.658765376 0.958535552
vn -0.4542222 0.5919567 0.6657848
v 0.0783812 0.1316188 0.4800000
vt 0.650923252 0.950649500
vn -0.4542222 0.5919567 0.6657848
f 5167/5167/5167 5168/5168/5168 5169/5169/5169
v 0.0800000 0.1666025 0.4500000
vt 0.665311277 0.949981928
vn -0.4542253 0.5919557 0.6657836
v 0.0783812 0.1316188 0.4800000
vt 0.650923252 0.950649500
vn -0.4542253 0.5919557 0.6657836
v 0.0935000 0.1432199 0.4800000
vt 0.655701935 0.944405437
vn -0.4542253 0.5919557 0.6657836
f 5170/5170/5170 5171/5171/5171 5172/5172/5172
v 0.0592893 0.1507107 0.4500000
vt 0.658765376 0.958535552
vn -0.5919576 0.4542226 0.6657837
v 0.0433975 0.1300000 0.4500000
vt 0.650234401 0.965098917
vn -0.5919576 0.4542226 0.6657837
v 0.0667801 0.1165000 0.4800000
vt 0.644695699 0.955440938
vn -0.5919576 0.4542226 0.6657837
f 5173/5173/5173 5174/5174/5174 5175/5175/5175
v 0.0592893 0.1507107 0.4500000
vt 0.658765376 0.958535552
vn -0.5919548 0.4542245 0.6657851
v 0.0667801 0.1165000 0.4800000
vt 0.644695699 0.955440938
vn -0.5919548 0.4542245 0.6657851
v 0.0783812 0.1316188 0.4800000
vt 0.650923252 0.950649500
vn -0.5919548 0.4542245 0.6657851
f 5176/5176/5176 5177/5177/5177 5178/5178/5178
v 0.0433975 0.1300000 0.4500000
vt 0.356208205 0.724893630
vn -0.6893467 0.2855384 0.6657844
v 0.0334074 0.1058819 0.4500000
vt 0.346893638 0.724898219
vn -0.6893467 0.2855384 0.6657844
v 0.0594874 0.0988938 0.4800000
vt 0.344047517 0.713205457
vn -0.6893467 0.2855384 0.6657844
f 5179/5179/5179 5180/5180/5180 5181/5181/5181
v 0.0433975 0.1300000 0.4500000
vt 0.356208205 0.724893630
vn -0.6893486 0.2855365 0.6657834
v 0.0594874 0.0988938 0.4800000
vt 0.344047517 0.713205457
vn -0.6893486 0.2855365 0.6657834
v 0.0667801 0.1165000 0.4800000
vt 0.350847155 0.713202059
vn -0.6893486 0.2855365 0.6657834
f 5182/5182/5182 5183/5183/5183 5184/5184/5184
v 0.0334074 0.1058819 0.4500000
vt 0.346893638 0.724898219
vn -0.7397607 0.0973909 0.6657847
v 0.0300000 0.0800000 0.4500000
vt 0.336860716 0.724899948
vn -0.7397607 0.0973909 0.6657847
v 0.0570000 0.0800000 0.4800000
vt 0.336723477 0.713206589
vn -0.7397607 0.0973909 0.6657847
f 5185/5185/5185 5186/5186/5186 5187/5187/5187
v 0.0334074 0.1058819 0.4500000
vt 0.346893638 0.724898219
vn -0.7397608 0.0973907 0.6657845
v 0.0570000 0.0800000 0.4800000
vt 0.336723477 0.713206589
vn -0.7397608 0.0973907 0.6657845
v 0.0594874 0.0988938 0.4800000
vt 0.344047517 0.713205457
vn -0.7397608 0.0973907 0.6657845
f 5188/5188/5188 5189/5189/5189 5190/5190/5190
v 0.0800000 0.1666025 0.1300000
vt 0.190908149 0.844909787
vn -0.3240909 0.7824207 -0.5317735
v 0.1041181 0.1765926 0.1300000
vt 0.200298846 0.844900846
vn -0.3240909 0.7824207 -0.5317735
v 0.1090357 0.1582400 0.1000000
vt 0.202162266 0.856598437
vn -0.3240909 0.7824207 -0.5317735
f 5191/5191/5191 5192/5192/5192 5193/5193/5193
v 0.0800000 0.1666025 0.1300000
vt 0.190908149 0.844909787
vn -0.3240886 0.7824228 -0.5317718
v 0.1090357 0.1582400 0.1000000
vt 0.202162266 0.856598437
vn -0.3240886 0.7824228 -0.5317718
v 0.0895000 0.1501481 0.1000000
vt 0.194555804 0.856605768
vn -0.3240886 0.7824228 -0.5317718
f 5194/5194/5194 5195/5195/5195 5196/5196/5196
v 0.0334074 0.0541181 0.4500000
vt 0.326793164 0.724898577
vn -0.6893475 -0.2855387 0.6657835
v 0.0433975 0.0300000 0.4500000
vt 0.317377061 0.724894345
vn -0.6893475 -0.2855387 0.6657835
v 0.0667801 0.0435000 0.4800000
vt 0.322500408 0.713202417
vn -0.6893475 -0.2855387 0.6657835
f 5197/5197/5197 5198/5198/5198 5199/5199/5199
v 0.0334074 0.0541181 0.4500000
vt 0.326793164 0.724898577
vn -0.6893476 -0.2855360 0.6657846
v 0.0667801 0.0435000 0.4800000
vt 0.322500408 0.713202417
vn -0.6893476 -0.2855360 0.6657846
v 0.0594874 0.0611062 0.4800000
vt 0.329374164 0.713205576
vn -0.6893476 -0.2855360 0.6657846
f 5200/5200/5200 5201/5201/5201 5202/5202/5202
v 0.0433975 0.0300000 0.4500000
vt 0.609043598 0.965098917
vn -0.5919568 -0.4542221 0.6657848
v 0.0592893 0.0092893 0.4500000
vt 0.600512743 0.958535552
vn -0.5919568 -0.4542221 0.6657848
v 0.0783812 0.0283812 0.4800000
vt 0.608398914 0.950649500
vn -0.5919568 -0.4542221 0.6657848
f 5203/5203/5203 5204/5204/5204 5205/5205/5205
v 0.0433975 0.0300000 0.4500000
vt 0.609043598 0.965098917
vn -0.5919558 -0.4542254 0.6657835
v 0.0783812 0.0283812 0.4800000
vt 0.608398914 0.950649500
vn -0.5919558 -0.4542254 0.6657835
v 0.0667801 0.0435000 0.4800000
vt 0.614626408 0.955440938
vn -0.5919558 -0.4542254 0.6657835
f 5206/5206/5206 5207/5207/5207 5208/5208/5208
v 0.0592893 0.0092893 0.4500000
vt 0.600512743 0.958535552
vn -0.4542227 -0.5919575 0.6657838
v 0.0800000 -0.0066025 0.4500000
vt 0.593966782 0.949981928
vn -0.4542227 -0.5919575 0.6657838
v 0.0935000 0.0167801 0.4800000
vt 0.603620350 0.944405437
vn -0.4542227 -0.5919575 0.6657838
f 5209/5209/5209 5210/5210/5210 5211/5211/5211
v 0.0592893 0.0092893 0.4500000
vt 0.600512743 0.958535552
vn -0.4542243 -0.5919548 0.6657850
v 0.0935000 0.0167801 0.4800000
vt 0.603620350 0.944405437
vn -0.4542243 -0.5919548 0.6657850
v 0.0783812 0.0283812 0.4800000
vt 0.608398914 0.950649500
vn -0.4542243 -0.5919548 0.6657850
f 5212/5212/5212 5213/5213/5213 5214/5214/5214
v 0.0800000 -0.0066025 0.4500000
vt 0.162614420 0.720306158
vn -0.2855383 -0.6893468 0.6657845
v 0.1041181 -0.0165926 0.4500000
vt 0.153248757 0.720291197
vn -0.2855383 -0.6893468 0.6657845
v 0.1111062 0.0094874 0.4800000
vt 0.150535122 0.708649635
vn -0.2855383 -0.6893468 0.6657845
f 5215/5215/5215 5216/5216/5216 5217/5217/5217
v 0.0800000 -0.0066025 0.4500000
vt 0.162614420 0.720306158
vn -0.2855365 -0.6893485 0.6657835
v 0.1111062 0.0094874 0.4800000
vt 0.150535122 0.708649635
vn -0.2855365 -0.6893485 0.6657835
v 0.0935000 0.0167801 0.4800000
vt 0.157372057 0.708660543
vn -0.2855365 -0.6893485 0.6657835
f 5218/5218/5218 5219/5219/5219 5220/5220/5220
v 0.1041181 -0.0165926 0.4500000
vt 0.153248757 0.720291197
vn -0.0973909 -0.7397608 0.6657846
v 0.1300000 -0.0200000 0.4500000
vt 0.143198147 0.720286131
vn -0.0973909 -0.7397608 0.6657846
v 0.1300000 0.0070000 0.4800000
vt 0.143198147 0.708645880
vn -0.0973909 -0.7397608 0.6657846
f 5221/5221/5221 5222/5222/5222 5223/5223/5223
v 0.1041181 -0.0165926 0.4500000
vt 0.153248757 0.720291197
vn -0.0973907 -0.7397608 0.6657845
v 0.1300000 0.0070000 0.4800000
vt 0.143198147 0.708645880
vn -0.0973907 -0.7397608 0.6657845
v 0.1111062 0.0094874 0.4800000
vt 0.150535122 0.708649635
vn -0.0973907 -0.7397608 0.6657845
f 5224/5224/5224 5225/5225/5225 5226/5226/5226
v 0.1300000 -0.0200000 0.4500000
vt 0.143198147 0.720286131
vn 0.0973909 -0.7397608 0.6657845
v 0.1558819 -0.0165926 0.4500000
vt 0.133147582 0.720291197
vn 0.0973909 -0.7397608 0.6657845
v 0.1488938 0.0094874 0.4800000
vt 0.135861218 0.708649635
vn 0.0973909 -0.7397608 0.6657845
f 5227/5227/5227 5228/5228/5228 5229/5229/5229
v 0.1300000 -0.0200000 0.4500000
vt 0.143198147 0.720286131
vn 0.0973907 -0.7397607 0.6657846
v 0.1488938 0.0094874 0.4800000
vt 0.135861218 0.708649635
vn 0.0973907 -0.7397607 0.6657846
v 0.1300000 0.0070000 0.4800000
vt 0.143198147 0.708645880
vn 0.0973907 -0.7397607 0.6657846
f 5230/5230/5230 5231/5231/5231 5232/5232/5232
v 0.1558819 -0.0165926 0.4500000
vt 0.133147582 0.720291197
vn 0.2855386 -0.6893475 0.6657836
v 0.1800000 -0.0066025 0.4500000
vt 0.123781934 0.720306158
vn 0.2855386 -0.6893475 0.6657836
v 0.1665000 0.0167801 0.4800000
vt 0.129024342 0.708660543
vn 0.2855386 -0.6893475 0.6657836
f 5233/5233/5233 5234/5234/5234 5235/5235/5235
v 0.1558819 -0.0165926 0.4500000
vt 0.133147582 0.720291197
vn 0.2855361 -0.6893476 0.6657845
v 0.1665000 0.0167801 0.4800000
vt 0.129024342 0.708660543
vn 0.2855361 -0.6893476 0.6657845
v 0.1488938 0.0094874 0.4800000
vt 0.135861218 0.708649635
vn 0.2855361 -0.6893476 0.6657845
f 5236/5236/5236 5237/5237/5237 5238/5238/5238
v 0.0996891 0.0975000 0.5100000
vt 0.636891603 0.941848338
vn -0.4941944 0.3792131 0.7822847
v 0.1052513 0.1047487 0.5100000
vt 0.639877439 0.939551175
vn -0.4941944 0.3792131 0.7822847
v 0.0783812 0.1316188 0.4800000
vt 0.650923252 0.950649500
vn -0.4941944 0.3792131 0.7822847
f 5239/5239/5239 5240/5240/5240 5241/5241/5241
v 0.0996891 0.0975000 0.5100000
vt 0.636891603 0.941848338
vn -0.4941963 0.3792115 0.7822842
v 0.0783812 0.1316188 0.4800000
vt 0.650923252 0.950649500
vn -0.4941963 0.3792115 0.7822842
v 0.0667801 0.1165000 0.4800000
vt 0.644695699 0.955440938
vn -0.4941963 0.3792115 0.7822842
f 5242/5242/5242 5243/5243/5243 5244/5244/5244
v 0.2007107 0.0092893 0.4500000
vt 0.600512743 0.900127828
vn 0.5919574 -0.4542228 0.6657838
v 0.2166025 0.0300000 0.4500000
vt 0.609043598 0.893564284
vn 0.5919574 -0.4542228 0.6657838
v 0.1932199 0.0435000 0.4800000
vt 0.614626408 0.903220594
vn 0.5919574 -0.4542228 0.6657838
f 5245/5245/5245 5246/5246/5246 5247/5247/5247
v 0.2007107 0.0092893 0.4500000
vt 0.600512743 0.900127828
vn 0.5919547 -0.4542246 0.6657850
v 0.1932199 0.0435000 0.4800000
vt 0.614626408 0.903220594
vn 0.5919547 -0.4542246 0.6657850
v 0.1816188 0.0283812 0.4800000
vt 0.608398914 0.908011973
vn 0.5919547 -0.4542246 0.6657850
f 5248/5248/5248 5249/5249/5249 5250/5250/5250
v 0.2166025 0.0300000 0.4500000
vt 0.423215538 0.724874794
vn 0.6893468 -0.2855383 0.6657845
v 0.2265926 0.0541181 0.4500000
vt 0.413851172 0.724868894
vn 0.6893468 -0.2855383 0.6657845
v 0.2005126 0.0611062 0.4800000
vt 0.411134064 0.713203549
vn 0.6893468 -0.2855383 0.6657845
f 5251/5251/5251 5252/5252/5252 5253/5253/5253
v 0.2166025 0.0300000 0.4500000
vt 0.423215538 0.724874794
vn 0.6893485 -0.2855365 0.6657835
v 0.2005126 0.0611062 0.4800000
vt 0.411134064 0.713203549
vn 0.6893485 -0.2855365 0.6657835
v 0.1932199 0.0435000 0.4800000
vt 0.417970061 0.713207781
vn 0.6893485 -0.2855365 0.6657835
f 5254/5254/5254 5255/5255/5255 5256/5256/5256
v 0.2265926 0.0541181 0.4500000
vt 0.413851172 0.724868894
vn 0.7397606 -0.0973910 0.6657847
v 0.2300000 0.0800000 0.4500000
vt 0.403801024 0.724866986
vn 0.7397606 -0.0973910 0.6657847
v 0.2030000 0.0800000 0.4800000
vt 0.403797448 0.713202059
vn 0.7397606 -0.0973910 0.6657847
f 5257/5257/5257 5258/5258/5258 5259/5259/5259
v 0.2265926 0.0541181 0.4500000
vt 0.413851172 0.724868894
vn 0.7397609 -0.0973904 0.6657845
v 0.2030000 0.0800000 0.4800000
vt 0.403797448 0.713202059
vn 0.7397609 -0.0973904 0.6657845
v 0.2005126 0.0611062 0.4800000
vt 0.411134064 0.713203549
vn 0.7397609 -0.0973904 0.6657845
f 5260/5260/5260 5261/5261/5261 5262/5262/5262
v 0.2030000 0.0800000 0.4800000
vt 0.629661083 0.899181485
vn 0.6175928 0.0813068 0.7822841
v 0.2005126 0.0988938 0.4800000
vt 0.637443602 0.900208592
vn 0.6175928 0.0813068 0.7822841
v 0.1638074 0.0890587 0.5100000
vt 0.633414567 0.915367186
vn 0.6175928 0.0813068 0.7822841
f 5263/5263/5263 5264/5264/5264 5265/5265/5265
v 0.2030000 0.0800000 0.4800000
vt 0.629661083 0.899181485
vn 0.6175928 0.0813076 0.7822840
v 0.1638074 0.0890587 0.5100000
vt 0.633414567 0.915367186
vn 0.6175928 0.0813076 0.7822840
v 0.1650000 0.0800000 0.5100000
vt 0.629683197 0.914874673
vn 0.6175928 0.0813076 0.7822840
f 5266/5266/5266 5267/5267/5267 5268/5268/5268
v 0.2005126 0.0988938 0.4800000
vt 0.637443602 0.900208592
vn 0.5755048 0.2383811 0.7822844
v 0.1932199 0.1165000 0.4800000
vt 0.644695699 0.903220594
vn 0.5755048 0.2383811 0.7822844
v 0.1603109 0.0975000 0.5100000
vt 0.636891603 0.916811228
vn 0.5755048 0.2383811 0.7822844
f 5269/5269/5269 5270/5270/5270 5271/5271/5271
v 0.2005126 0.0988938 0.4800000
vt 0.637443602 0.900208592
vn 0.5755045 0.2383826 0.7822840
v 0.1603109 0.0975000 0.5100000
vt 0.636891603 0.916811228
vn 0.5755045 0.2383826 0.7822840
v 0.1638074 0.0890587 0.5100000
vt 0.633414567 0.915367186
vn 0.5755045 0.2383826 0.7822840
f 5272/5272/5272 5273/5273/5273 5274/5274/5274
v 0.1932199 0.1165000 0.4800000
vt 0.644695699 0.903220594
vn 0.4941960 0.3792113 0.7822846
v 0.1816188 0.1316188 0.4800000
vt 0.650923252 0.908011973
vn 0.4941960 0.3792113 0.7822846
v 0.1547487 0.1047487 0.5100000
vt 0.639877439 0.919108570
vn 0.4941960 0.3792113 0.7822846
f 5275/5275/5275 5276/5276/5276 5277/5277/5277
v 0.1932199 0.1165000 0.4800000
vt 0.644695699 0.903220594
vn 0.4941947 0.3792139 0.7822841
v 0.1547487 0.1047487 0.5100000
vt 0.639877439 0.919108570
vn 0.4941947 0.3792139 0.7822841
v 0.1603109 0.0975000 0.5100000
vt 0.636891603 0.916811228
vn 0.4941947 0.3792139 0.7822841
f 5278/5278/5278 5279/5279/5279 5280/5280/5280
v 0.1816188 0.1316188 0.4800000
vt 0.650923252 0.908011973
vn 0.3792116 0.4941962 0.7822843
v 0.1665000 0.1432199 0.4800000
vt 0.655701935 0.914256036
vn 0.3792116 0.4941962 0.7822843
v 0.1475000 0.1103109 0.5100000
vt 0.642168522 0.922102273
vn 0.3792116 0.4941962 0.7822843
f 5281/5281/5281 5282/5282/5282 5283/5283/5283
v 0.1816188 0.1316188 0.4800000
vt 0.650923252 0.908011973
vn 0.3792134 0.4941941 0.7822848
v 0.1475000 0.1103109 0.5100000
vt 0.642168522 0.922102273
vn 0.3792134 0.4941941 0.7822848
v 0.1547487 0.1047487 0.5100000
vt 0.639877439 0.919108570
vn 0.3792134 0.4941941 0.7822848
f 5284/5284/5284 5285/5285/5285 5286/5286/5286
v 0.1665000 0.1432199 0.4800000
vt 0.655701935 0.914256036
vn 0.2383811 0.5755048 0.7822842
v 0.1488938 0.1505126 0.4800000
vt 0.658705771 0.921527505
vn 0.2383811 0.5755048 0.7822842
v 0.1390587 0.1138074 0.5100000
vt 0.643608749 0.925588608
vn 0.2383811 0.5755048 0.7822842
f 5287/5287/5287 5288/5288/5288 5289/5289/5289
v 0.1665000 0.1432199 0.4800000
vt 0.655701935 0.914256036
vn 0.2383820 0.5755042 0.7822844
v 0.1390587 0.1138074 0.5100000
vt 0.643608749 0.925588608
vn 0.2383820 0.5755042 0.7822844
v 0.1475000 0.1103109 0.5100000
vt 0.642168522 0.922102273
vn 0.2383820 0.5755042 0.7822844
f 5290/5290/5290 5291/5291/5291 5292/5292/5292
v 0.1488938 0.1505126 0.4800000
vt 0.658705771 0.921527505
vn 0.0813068 0.6175928 0.7822840
v 0.1300000 0.1530000 0.4800000
vt 0.659730375 0.929330766
vn 0.0813068 0.6175928 0.7822840
v 0.1300000 0.1150000 0.5100000
vt 0.644099951 0.929329753
vn 0.0813068 0.6175928 0.7822840
f 5293/5293/5293 5294/5294/5294 5295/5295/5295
v 0.1488938 0.1505126 0.4800000
vt 0.658705771 0.921527505
vn 0.0813075 0.6175925 0.7822843
v 0.1300000 0.1150000 0.5100000
vt 0.644099951 0.929329753
vn 0.0813075 0.6175925 0.7822843
v 0.1390587 0.1138074 0.5100000
vt 0.643608749 0.925588608
vn 0.0813075 0.6175925 0.7822843
f 5296/5296/5296 5297/5297/5297 5298/5298/5298
v 0.1300000 0.1530000 0.4800000
vt 0.659730375 0.929330766
vn -0.0813068 0.6175927 0.7822842
v 0.1111062 0.1505126 0.4800000
vt 0.658705771 0.937134027
vn -0.0813068 0.6175927 0.7822842
v 0.1209413 0.1138074 0.5100000
vt 0.643608749 0.933071256
vn -0.0813068 0.6175927 0.7822842
f 5299/5299/5299 5300/5300/5300 5301/5301/5301
v 0.1300000 0.1530000 0.4800000
vt 0.659730375 0.929330766
vn -0.0813076 0.6175928 0.7822840
v 0.1209413 0.1138074 0.5100000
vt 0.643608749 0.933071256
vn -0.0813076 0.6175928 0.7822840
v 0.1300000 0.1150000 0.5100000
vt 0.644099951 0.929329753
vn -0.0813076 0.6175928 0.7822840
f 5302/5302/5302 5303/5303/5303 5304/5304/5304
v 0.1558819 0.1765926 0.4500000
vt 0.220399886 0.720305383
vn 0.3826849 0.9238788 0.0000000
v 0.1800000 0.1666025 0.4500000
vt 0.229740217 0.720314622
vn 0.3826849 0.9238788 0.0000000
v 0.1800000 0.1666025 0.1300000
vt 0.229740217 0.844910383
vn 0.3826849 0.9238788 0.0000000
f 5305/5305/5305 5306/5306/5306 5307/5307/5307
v 0.1558819 0.1765926 0.4500000
vt 0.220399886 0.720305383
vn 0.3826849 0.9238788 0.0000000
v 0.1800000 0.1666025 0.1300000
vt 0.229740217 0.844910383
vn 0.3826849 0.9238788 0.0000000
v 0.1558819 0.1765926 0.1300000
vt 0.220399886 0.844901145
vn 0.3826849 0.9238788 0.0000000
f 5308/5308/5308 5309/5309/5309 5310/5310/5310
v 0.0935000 0.1432199 0.4800000
vt 0.655701935 0.944405437
vn -0.3792113 0.4941960 0.7822846
v 0.0783812 0.1316188 0.4800000
vt 0.650923252 0.950649500
vn -0.3792113 0.4941960 0.7822846
v 0.1052513 0.1047487 0.5100000
vt 0.639877439 0.939551175
vn -0.3792113 0.4941960 0.7822846
f 5311/5311/5311 5312/5312/5312 5313/5313/5313
v 0.0935000 0.1432199 0.4800000
vt 0.655701935 0.944405437
vn -0.3792139 0.4941948 0.7822841
v 0.1052513 0.1047487 0.5100000
vt 0.639877439 0.939551175
vn -0.3792139 0.4941948 0.7822841
v 0.1125000 0.1103109 0.5100000
vt 0.642168522 0.936557412
vn -0.3792139 0.4941948 0.7822841
f 5314/5314/5314 5315/5315/5315 5316/5316/5316
v 0.2166025 0.0300000 0.1300000
vt 0.423215538 0.849469662
vn 0.6718807 -0.5155498 -0.5317749
v 0.2007107 0.0092893 0.1300000
vt 0.431255937 0.849479020
vn 0.6718807 -0.5155498 -0.5317749
v 0.1872756 0.0227244 0.1000000
vt 0.426036954 0.861167669
vn 0.6718807 -0.5155498 -0.5317749
f 5317/5317/5317 5318/5318/5318 5319/5319/5319
v 0.2166025 0.0300000 0.1300000
vt 0.423215538 0.849469662
vn 0.6718788 -0.5155559 -0.5317716
v 0.1872756 0.0227244 0.1000000
vt 0.426036954 0.861167669
vn 0.6718788 -0.5155559 -0.5317716
v 0.2001481 0.0395000 0.1000000
vt 0.419524282 0.861160100
vn 0.6718788 -0.5155559 -0.5317716
f 5320/5320/5320 5321/5321/5321 5322/5322/5322
v 0.0667801 0.1165000 0.4800000
vt 0.644695699 0.955440938
vn -0.5755050 0.2383811 0.7822842
v 0.0594874 0.0988938 0.4800000
vt 0.637443602 0.958452821
vn -0.5755050 0.2383811 0.7822842
v 0.0961926 0.0890587 0.5100000
vt 0.633414567 0.943292558
vn -0.5755050 0.2383811 0.7822842
f 5323/5323/5323 5324/5324/5324 5325/5325/5325
v 0.0667801 0.1165000 0.4800000
vt 0.644695699 0.955440938
vn -0.5755043 0.2383820 0.7822844
v 0.0961926 0.0890587 0.5100000
vt 0.633414567 0.943292558
vn -0.5755043 0.2383820 0.7822844
v 0.0996891 0.0975000 0.5100000
vt 0.636891603 0.941848338
vn -0.5755043 0.2383820 0.7822844
f 5326/5326/5326 5327/5327/5327 5328/5328/5328
v 0.0594874 0.0988938 0.4800000
vt 0.637443602 0.958452821
vn -0.6175928 0.0813071 0.7822841
v 0.0570000 0.0800000 0.4800000
vt 0.629661083 0.959480166
vn -0.6175928 0.0813071 0.7822841
v 0.0950000 0.0800000 0.5100000
vt 0.629683197 0.943785071
vn -0.6175928 0.0813071 0.7822841
f 5329/5329/5329 5330/5330/5330 5331/5331/5331
v 0.0594874 0.0988938 0.4800000
vt 0.637443602 0.958452821
vn -0.6175925 0.0813075 0.7822842
v 0.0950000 0.0800000 0.5100000
vt 0.629683197 0.943785071
vn -0.6175925 0.0813075 0.7822842
v 0.0961926 0.0890587 0.5100000
vt 0.633414567 0.943292558
vn -0.6175925 0.0813075 0.7822842
f 5332/5332/5332 5333/5333/5333 5334/5334/5334
v 0.0570000 0.0800000 0.4800000
vt 0.629661083 0.959480166
vn -0.6175927 -0.0813071 0.7822841
v 0.0594874 0.0611062 0.4800000
vt 0.621878624 0.958452821
vn -0.6175927 -0.0813071 0.7822841
v 0.0961926 0.0709413 0.5100000
vt 0.625951886 0.943292558
vn -0.6175927 -0.0813071 0.7822841
f 5335/5335/5335 5336/5336/5336 5337/5337/5337
v 0.0570000 0.0800000 0.4800000
vt 0.629661083 0.959480166
vn -0.6175927 -0.0813076 0.7822840
v 0.0961926 0.0709413 0.5100000
vt 0.625951886 0.943292558
vn -0.6175927 -0.0813076 0.7822840
v 0.0950000 0.0800000 0.5100000
vt 0.629683197 0.943785071
vn -0.6175927 -0.0813076 0.7822840
f 5338/5338/5338 5339/5339/5339 5340/5340/5340
v 0.0594874 0.0611062 0.4800000
vt 0.621878624 0.958452821
vn -0.5755048 -0.2383810 0.7822844
v 0.0667801 0.0435000 0.4800000
vt 0.614626408 0.955440938
vn -0.5755048 -0.2383810 0.7822844
v 0.0996891 0.0625000 0.5100000
vt 0.622474790 0.941848338
vn -0.5755048 -0.2383810 0.7822844
f 5341/5341/5341 5342/5342/5342 5343/5343/5343
v 0.0594874 0.0611062 0.4800000
vt 0.621878624 0.958452821
vn -0.5755046 -0.2383822 0.7822842
v 0.0996891 0.0625000 0.5100000
vt 0.622474790 0.941848338
vn -0.5755046 -0.2383822 0.7822842
v 0.0961926 0.0709413 0.5100000
vt 0.625951886 0.943292558
vn -0.5755046 -0.2383822 0.7822842
f 5344/5344/5344 5345/5345/5345 5346/5346/5346
v 0.0667801 0.0435000 0.4800000
vt 0.614626408 0.955440938
vn -0.4941960 -0.3792114 0.7822846
v 0.0783812 0.0283812 0.4800000
vt 0.608398914 0.950649500
vn -0.4941960 -0.3792114 0.7822846
v 0.1052513 0.0552513 0.5100000
vt 0.619489014 0.939551175
vn -0.4941960 -0.3792114 0.7822846
f 5347/5347/5347 5348/5348/5348 5349/5349/5349
v 0.0667801 0.0435000 0.4800000
vt 0.614626408 0.955440938
vn -0.4941948 -0.3792139 0.7822841
v 0.1052513 0.0552513 0.5100000
vt 0.619489014 0.939551175
vn -0.4941948 -0.3792139 0.7822841
v 0.0996891 0.0625000 0.5100000
vt 0.622474790 0.941848338
vn -0.4941948 -0.3792139 0.7822841
f 5350/5350/5350 5351/5351/5351 5352/5352/5352
v 0.1125000 0.1103109 0.5100000
vt 0.642168522 0.936557412
vn -0.2383820 0.5755047 0.7822841
v 0.1209413 0.1138074 0.5100000
vt 0.643608749 0.933071256
vn -0.2383820 0.5755047 0.7822841
v 0.1111062 0.1505126 0.4800000
vt 0.658705771 0.937134027
vn -0.2383820 0.5755047 0.7822841
f 5353/5353/5353 5354/5354/5354 5355/5355/5355
v 0.1125000 0.1103109 0.5100000
vt 0.642168522 0.936557412
vn -0.2383811 0.5755048 0.7822843
v 0.1111062 0.1505126 0.4800000
vt 0.658705771 0.937134027
vn -0.2383811 0.5755048 0.7822843
v 0.0935000 0.1432199 0.4800000
vt 0.655701935 0.944405437
vn -0.2383811 0.5755048 0.7822843
f 5356/5356/5356 5357/5357/5357 5358/5358/5358
v 0.0935000 0.0167801 0.4800000
vt 0.603620350 0.944405437
vn -0.2383811 -0.5755049 0.7822843
v 0.1111062 0.0094874 0.4800000
vt 0.600616395 0.937134027
vn -0.2383811 -0.5755049 0.7822843
v 0.1209413 0.0461926 0.5100000
vt 0.615757644 0.933071136
vn -0.2383811 -0.5755049 0.7822843
f 5359/5359/5359 5360/5360/5360 5361/5361/5361
v 0.0935000 0.0167801 0.4800000
vt 0.603620350 0.944405437
vn -0.2383814 -0.5755047 0.7822843
v 0.1209413 0.0461926 0.5100000
vt 0.615757644 0.933071136
vn -0.2383814 -0.5755047 0.7822843
v 0.1125000 0.0496891 0.5100000
vt 0.617197931 0.936557412
vn -0.2383814 -0.5755047 0.7822843
f 5362/5362/5362 5363/5363/5363 5364/5364/5364
v 0.1111062 0.0094874 0.4800000
vt 0.600616395 0.937134027
vn -0.0813071 -0.6175927 0.7822841
v 0.1300000 0.0070000 0.4800000
vt 0.599591851 0.929330766
vn -0.0813071 -0.6175927 0.7822841
v 0.1300000 0.0450000 0.5100000
vt 0.615266383 0.929329753
vn -0.0813071 -0.6175927 0.7822841
f 5365/5365/5365 5366/5366/5366 5367/5367/5367
v 0.1111062 0.0094874 0.4800000
vt 0.600616395 0.937134027
vn -0.0813076 -0.6175925 0.7822843
v 0.1300000 0.0450000 0.5100000
vt 0.615266383 0.929329753
vn -0.0813076 -0.6175925 0.7822843
v 0.1209413 0.0461926 0.5100000
vt 0.615757644 0.933071136
vn -0.0813076 -0.6175925 0.7822843
f 5368/5368/5368 5369/5369/5369 5370/5370/5370
v 0.1300000 0.0070000 0.4800000
vt 0.599591851 0.929330766
vn 0.0813070 -0.6175926 0.7822843
v 0.1488938 0.0094874 0.4800000
vt 0.600616395 0.921527505
vn 0.0813070 -0.6175926 0.7822843
v 0.1390587 0.0461926 0.5100000
vt 0.615757644 0.925588608
vn 0.0813070 -0.6175926 0.7822843
f 5371/5371/5371 5372/5372/5372 5373/5373/5373
v 0.1300000 0.0070000 0.4800000
vt 0.599591851 0.929330766
vn 0.0813076 -0.6175927 0.7822841
v 0.1390587 0.0461926 0.5100000
vt 0.615757644 0.925588608
vn 0.0813076 -0.6175927 0.7822841
v 0.1300000 0.0450000 0.5100000
vt 0.615266383 0.929329753
vn 0.0813076 -0.6175927 0.7822841
f 5374/5374/5374 5375/5375/5375 5376/5376/5376
v 0.1488938 0.0094874 0.4800000
vt 0.600616395 0.921527505
vn 0.2383811 -0.5755048 0.7822843
v 0.1665000 0.0167801 0.4800000
vt 0.603620350 0.914256036
vn 0.2383811 -0.5755048 0.7822843
v 0.1475000 0.0496891 0.5100000
vt 0.617197931 0.922102273
vn 0.2383811 -0.5755048 0.7822843
f 5377/5377/5377 5378/5378/5378 5379/5379/5379
v 0.1488938 0.0094874 0.4800000
vt 0.600616395 0.921527505
vn 0.2383817 -0.5755047 0.7822842
v 0.1475000 0.0496891 0.5100000
vt 0.617197931 0.922102273
vn 0.2383817 -0.5755047 0.7822842
v 0.1390587 0.0461926 0.5100000
vt 0.615757644 0.925588608
vn 0.2383817 -0.5755047 0.7822842
f 5380/5380/5380 5381/5381/5381 5382/5382/5382
v 0.1665000 0.0167801 0.4800000
vt 0.603620350 0.914256036
vn 0.3792113 -0.4941959 0.7822846
v 0.1816188 0.0283812 0.4800000
vt 0.608398914 0.908011973
vn 0.3792113 -0.4941959 0.7822846
v 0.1547487 0.0552513 0.5100000
vt 0.619489014 0.919108570
vn 0.3792113 -0.4941959 0.7822846
f 5383/5383/5383 5384/5384/5384 5385/5385/5385
v 0.1665000 0.0167801 0.4800000
vt 0.603620350 0.914256036
vn 0.3792142 -0.4941946 0.7822840
v 0.1547487 0.0552513 0.5100000
vt 0.619489014 0.919108570
vn 0.3792142 -0.4941946 0.7822840
v 0.1475000 0.0496891 0.5100000
vt 0.617197931 0.922102273
vn 0.3792142 -0.4941946 0.7822840
f 5386/5386/5386 5387/5387/5387 5388/5388/5388
v 0.1816188 0.0283812 0.4800000
vt 0.608398914 0.908011973
vn 0.4941963 -0.3792116 0.7822843
v 0.1932199 0.0435000 0.4800000
vt 0.614626408 0.903220594
vn 0.4941963 -0.3792116 0.7822843
v 0.1603109 0.0625000 0.5100000
vt 0.622474790 0.916811228
vn 0.4941963 -0.3792116 0.7822843
f 5389/5389/5389 5390/5390/5390 5391/5391/5391
v 0.1816188 0.0283812 0.4800000
vt 0.608398914 0.908011973
vn 0.4941938 -0.3792136 0.7822849
v 0.1603109 0.0625000 0.5100000
vt 0.622474790 0.916811228
vn 0.4941938 -0.3792136 0.7822849
v 0.1547487 0.0552513 0.5100000
vt 0.619489014 0.919108570
vn 0.4941938 -0.3792136 0.7822849
f 5392/5392/5392 5393/5393/5393 5394/5394/5394
v 0.1932199 0.0435000 0.4800000
vt 0.614626408 0.903220594
vn 0.5755050 -0.2383811 0.7822841
v 0.2005126 0.0611062 0.4800000
vt 0.621878624 0.900208592
vn 0.5755050 -0.2383811 0.7822841
v 0.1638074 0.0709413 0.5100000
vt 0.625951886 0.915367246
vn 0.5755050 -0.2383811 0.7822841
f 5395/5395/5395 5396/5396/5396 5397/5397/5397
v 0.1932199 0.0435000 0.4800000
vt 0.614626408 0.903220594
vn 0.5755041 -0.2383824 0.7822844
v 0.1638074 0.0709413 0.5100000
vt 0.625951886 0.915367246
vn 0.5755041 -0.2383824 0.7822844
v 0.1603109 0.0625000 0.5100000
vt 0.622474790 0.916811228
vn 0.5755041 -0.2383824 0.7822844
f 5398/5398/5398 5399/5399/5399 5400/5400/5400
v 0.0594874 0.0611062 0.4800000
vt 0.329374164 0.713205576
vn -0.7397607 -0.0973907 0.6657846
v 0.0570000 0.0800000 0.4800000
vt 0.336723477 0.713206589
vn -0.7397607 -0.0973907 0.6657846
v 0.0300000 0.0800000 0.4500000
vt 0.336860716 0.724899948
vn -0.7397607 -0.0973907 0.6657846
f 5401/5401/5401 5402/5402/5402 5403/5403/5403
v 0.0594874 0.0611062 0.4800000
vt 0.329374164 0.713205576
vn -0.7397608 -0.0973909 0.6657845
v 0.0300000 0.0800000 0.4500000
vt 0.336860716 0.724899948
vn -0.7397608 -0.0973909 0.6657845
v 0.0334074 0.0541181 0.4500000
vt 0.326793164 0.724898577
vn -0.7397608 -0.0973909 0.6657845
f 5404/5404/5404 5405/5405/5405 5406/5406/5406
v 0.2007107 0.1507107 0.4500000
vt 0.376338392 0.724884152
vn 0.7933547 0.6087595 0.0000000
v 0.2166025 0.1300000 0.4500000
vt 0.384382993 0.724874794
vn 0.7933547 0.6087595 0.0000000
v 0.2166025 0.1300000 0.1300000
vt 0.384382993 0.849469662
vn 0.7933547 0.6087595 0.0000000
f 5407/5407/5407 5408/5408/5408 5409/5409/5409
v 0.2007107 0.1507107 0.4500000
vt 0.376338392 0.724884152
vn 0.7933547 0.6087595 0.0000000
v 0.2166025 0.1300000 0.1300000
vt 0.384382993 0.849469662
vn 0.7933547 0.6087595 0.0000000
v 0.2007107 0.1507107 0.1300000
vt 0.376338392 0.849479020
vn 0.7933547 0.6087595 0.0000000
f 5410/5410/5410 5411/5411/5411 5412/5412/5412
o pz_barbecue_full_jorge_|_rounded_native_steel_hood
usemtl metal
v -0.3000000 0.2300000 1.0450000
vt 0.593966782 0.707961261
vn -1.0000000 0.0000000 0.0000000
v -0.3000000 0.2300000 0.8000000
vt 0.683191717 0.707962573
vn -1.0000000 0.0000000 0.0000000
v -0.3000000 -0.2450000 0.8000000
vt 0.683191717 0.881395459
vn -1.0000000 0.0000000 0.0000000
f 5413/5413/5413 5414/5414/5414 5415/5415/5415
v -0.3000000 -0.2450000 0.8000000
vt 0.683191717 0.881395459
vn -1.0000000 0.0000000 0.0000000
v -0.3000000 -0.2450000 0.9100000
vt 0.643131554 0.881394863
vn -1.0000000 0.0000000 0.0000000
v -0.3000000 -0.2300000 0.9800000
vt 0.617638707 0.875917673
vn -1.0000000 0.0000000 0.0000000
f 5416/5416/5416 5417/5417/5417 5418/5418/5418
v -0.3000000 -0.2300000 0.9800000
vt 0.617638707 0.875917673
vn -1.0000000 0.0000000 0.0000000
v -0.3000000 -0.1800000 1.0250000
vt 0.601250529 0.857661307
vn -1.0000000 0.0000000 0.0000000
v -0.3000000 -0.1100000 1.0450000
vt 0.593966782 0.832102716
vn -1.0000000 0.0000000 0.0000000
f 5419/5419/5419 5420/5420/5420 5421/5421/5421
v -0.3000000 -0.1100000 1.0450000
vt 0.593966782 0.832102716
vn -1.0000000 0.0000000 0.0000000
v -0.3000000 0.2300000 1.0450000
vt 0.593966782 0.707961261
vn -1.0000000 0.0000000 0.0000000
v -0.3000000 -0.2450000 0.8000000
vt 0.683191717 0.881395459
vn -1.0000000 0.0000000 0.0000000
f 5422/5422/5422 5423/5423/5423 5424/5424/5424
v -0.3000000 -0.2450000 0.8000000
vt 0.683191717 0.881395459
vn -1.0000000 0.0000000 0.0000000
v -0.3000000 -0.2300000 0.9800000
vt 0.617638707 0.875917673
vn -1.0000000 0.0000000 0.0000000
v -0.3000000 -0.1100000 1.0450000
vt 0.593966782 0.832102716
vn -1.0000000 0.0000000 0.0000000
f 5425/5425/5425 5426/5426/5426 5427/5427/5427
v 0.3000000 -0.2450000 0.9100000
vt 0.532635272 0.881401658
vn 1.0000000 0.0000000 0.0000000
v 0.3000000 -0.2450000 0.8000000
vt 0.492576897 0.881401777
vn 1.0000000 0.0000000 0.0000000
v 0.3000000 0.2300000 0.8000000
vt 0.492576897 0.707961380
vn 1.0000000 0.0000000 0.0000000
f 5428/5428/5428 5429/5429/5429 5430/5430/5430
v 0.3000000 0.2300000 0.8000000
vt 0.492576897 0.707961380
vn 1.0000000 0.0000000 0.0000000
v 0.3000000 0.2300000 1.0450000
vt 0.581797957 0.707961261
vn 1.0000000 0.0000000 0.0000000
v 0.3000000 -0.1100000 1.0450000
vt 0.581797957 0.832108080
vn 1.0000000 0.0000000 0.0000000
f 5431/5431/5431 5432/5432/5432 5433/5433/5433
v 0.3000000 -0.1100000 1.0450000
vt 0.581797957 0.832108080
vn 1.0000000 0.0000000 0.0000000
v 0.3000000 -0.1800000 1.0250000
vt 0.574514627 0.857667685
vn 1.0000000 0.0000000 0.0000000
v 0.3000000 -0.2300000 0.9800000
vt 0.558127046 0.875924647
vn 1.0000000 0.0000000 0.0000000
f 5434/5434/5434 5435/5435/5435 5436/5436/5436
v 0.3000000 -0.2300000 0.9800000
vt 0.558127046 0.875924647
vn 1.0000000 0.0000000 0.0000000
v 0.3000000 -0.2450000 0.9100000
vt 0.532635272 0.881401658
vn 1.0000000 0.0000000 0.0000000
v 0.3000000 0.2300000 0.8000000
vt 0.492576897 0.707961380
vn 1.0000000 0.0000000 0.0000000
f 5437/5437/5437 5438/5438/5438 5439/5439/5439
v 0.3000000 0.2300000 0.8000000
vt 0.492576897 0.707961380
vn 1.0000000 0.0000000 0.0000000
v 0.3000000 -0.1100000 1.0450000
vt 0.581797957 0.832108080
vn 1.0000000 0.0000000 0.0000000
v 0.3000000 -0.2300000 0.9800000
vt 0.558127046 0.875924647
vn 1.0000000 0.0000000 0.0000000
f 5440/5440/5440 5441/5441/5441 5442/5442/5442
v -0.3000000 -0.2450000 0.8000000
vt 0.512680471 0.006084391
vn 0.0000000 -1.0000000 0.0000000
v 0.3000000 -0.2450000 0.8000000
vt 0.512680411 0.226167828
vn 0.0000000 -1.0000000 0.0000000
v 0.3000000 -0.2450000 0.9100000
vt 0.472439200 0.226167828
vn 0.0000000 -1.0000000 0.0000000
f 5443/5443/5443 5444/5444/5444 5445/5445/5445
v -0.3000000 -0.2450000 0.8000000
vt 0.512680471 0.006084391
vn 0.0000000 -1.0000000 0.0000000
v 0.3000000 -0.2450000 0.9100000
vt 0.472439200 0.226167828
vn 0.0000000 -1.0000000 0.0000000
v -0.3000000 -0.2450000 0.9100000
vt 0.472439200 0.006084391
vn 0.0000000 -1.0000000 0.0000000
f 5446/5446/5446 5447/5447/5447 5448/5448/5448
v -0.3000000 -0.2450000 0.9100000
vt 0.472439200 0.006084391
vn 0.0000000 -0.9778024 0.2095291
v 0.3000000 -0.2450000 0.9100000
vt 0.472439200 0.226167828
vn 0.0000000 -0.9778024 0.2095291
v 0.3000000 -0.2300000 0.9800000
vt 0.446852267 0.226167828
vn 0.0000000 -0.9778024 0.2095291
f 5449/5449/5449 5450/5450/5450 5451/5451/5451
v -0.3000000 -0.2450000 0.9100000
vt 0.472439200 0.006084391
vn 0.0000000 -0.9778024 0.2095291
v 0.3000000 -0.2300000 0.9800000
vt 0.446852267 0.226167828
vn 0.0000000 -0.9778024 0.2095291
v -0.3000000 -0.2300000 0.9800000
vt 0.446852297 0.006084391
vn 0.0000000 -0.9778024 0.2095291
f 5452/5452/5452 5453/5453/5453 5454/5454/5454
v -0.3000000 -0.2300000 0.9800000
vt 0.309254110 0.486578435
vn 0.0000000 -0.6689644 0.7432944
v 0.3000000 -0.2300000 0.9800000
vt 0.309254110 0.262796015
vn 0.0000000 -0.6689644 0.7432944
v 0.3000000 -0.1800000 1.0250000
vt 0.327883005 0.262794793
vn 0.0000000 -0.6689644 0.7432944
f 5455/5455/5455 5456/5456/5456 5457/5457/5457
v -0.3000000 -0.2300000 0.9800000
vt 0.309254110 0.486578435
vn 0.0000000 -0.6689644 0.7432944
v 0.3000000 -0.1800000 1.0250000
vt 0.327883005 0.262794793
vn 0.0000000 -0.6689644 0.7432944
v -0.3000000 -0.1800000 1.0250000
vt 0.327883035 0.486577183
vn 0.0000000 -0.6689644 0.7432944
f 5458/5458/5458 5459/5459/5459 5460/5460/5460
v -0.3000000 -0.1800000 1.0250000
vt 0.327883035 0.486577183
vn 0.0000000 -0.2747208 0.9615240
v 0.3000000 -0.1800000 1.0250000
vt 0.327883005 0.262794793
vn 0.0000000 -0.2747208 0.9615240
v 0.3000000 -0.1100000 1.0450000
vt 0.353934914 0.262794256
vn 0.0000000 -0.2747208 0.9615240
f 5461/5461/5461 5462/5462/5462 5463/5463/5463
v -0.3000000 -0.1800000 1.0250000
vt 0.327883035 0.486577183
vn 0.0000000 -0.2747208 0.9615240
v 0.3000000 -0.1100000 1.0450000
vt 0.353934914 0.262794256
vn 0.0000000 -0.2747208 0.9615240
v -0.3000000 -0.1100000 1.0450000
vt 0.353934944 0.486576706
vn 0.0000000 -0.2747208 0.9615240
f 5464/5464/5464 5465/5465/5465 5466/5466/5466
v -0.3000000 -0.1100000 1.0450000
vt 0.353934944 0.486576706
vn 0.0000000 0.0000000 1.0000000
v 0.3000000 -0.1100000 1.0450000
vt 0.353934914 0.262794256
vn 0.0000000 0.0000000 1.0000000
v 0.3000000 0.2300000 1.0450000
vt 0.480408132 0.262794256
vn 0.0000000 0.0000000 1.0000000
f 5467/5467/5467 5468/5468/5468 5469/5469/5469
v -0.3000000 -0.1100000 1.0450000
vt 0.353934944 0.486576706
vn 0.0000000 0.0000000 1.0000000
v 0.3000000 0.2300000 1.0450000
vt 0.480408132 0.262794256
vn 0.0000000 0.0000000 1.0000000
v -0.3000000 0.2300000 1.0450000
vt 0.480408132 0.486576706
vn 0.0000000 0.0000000 1.0000000
f 5470/5470/5470 5471/5471/5471 5472/5472/5472
v -0.3000000 0.2300000 1.0450000
vt 0.095306344 0.262964755
vn 0.0000000 1.0000000 0.0000000
v 0.3000000 0.2300000 1.0450000
vt 0.095306344 0.482045144
vn 0.0000000 1.0000000 0.0000000
v 0.3000000 0.2300000 0.8000000
vt 0.006084402 0.482046485
vn 0.0000000 1.0000000 0.0000000
f 5473/5473/5473 5474/5474/5474 5475/5475/5475
v -0.3000000 0.2300000 1.0450000
vt 0.095306344 0.262964755
vn 0.0000000 1.0000000 0.0000000
v 0.3000000 0.2300000 0.8000000
vt 0.006084402 0.482046485
vn 0.0000000 1.0000000 0.0000000
v -0.3000000 0.2300000 0.8000000
vt 0.006084402 0.262966096
vn 0.0000000 1.0000000 0.0000000
f 5476/5476/5476 5477/5477/5477 5478/5478/5478
v -0.3000000 0.2300000 0.8000000
vt 0.115739509 0.482022047
vn 0.0000000 0.0000000 -1.0000000
v 0.3000000 0.2300000 0.8000000
vt 0.115739495 0.262939632
vn 0.0000000 0.0000000 -1.0000000
v 0.3000000 -0.2450000 0.8000000
vt 0.288719296 0.262939632
vn 0.0000000 0.0000000 -1.0000000
f 5479/5479/5479 5480/5480/5480 5481/5481/5481
v -0.3000000 0.2300000 0.8000000
vt 0.115739509 0.482022047
vn 0.0000000 0.0000000 -1.0000000
v 0.3000000 -0.2450000 0.8000000
vt 0.288719296 0.262939632
vn 0.0000000 0.0000000 -1.0000000
v -0.3000000 -0.2450000 0.8000000
vt 0.288719296 0.482022047
vn 0.0000000 0.0000000 -1.0000000
f 5482/5482/5482 5483/5483/5483 5484/5484/5484
o pz_barbecue_full_jorge_|_square_stand_leg
usemtl metal
v -0.2749129 -0.2259465 0.0370872
vt 0.115929738 0.250198573
vn -0.0604845 -0.0604793 -0.9963353
v -0.2759465 -0.2249128 0.0370872
vt 0.116314687 0.250199020
vn -0.0604845 -0.0604793 -0.9963353
v -0.2764656 -0.2230000 0.0370026
vt 0.117020160 0.250230342
vn -0.0604845 -0.0604793 -0.9963353
f 5485/5485/5485 5486/5486/5486 5487/5487/5487
v -0.2764656 -0.2230000 0.0370026
vt 0.117020160 0.250230342
vn -0.6901386 -0.2177835 -0.6901298
v -0.2749974 -0.2230000 0.0355344
vt 0.117013127 0.250770837
vn -0.6901386 -0.2177835 -0.6901298
v -0.2749129 -0.2249128 0.0360535
vt 0.116309702 0.250579476
vn -0.6901386 -0.2177835 -0.6901298
f 5488/5488/5488 5489/5489/5489 5490/5490/5490
v -0.2764656 -0.2230000 0.0370026
vt 0.117020160 0.250230342
vn -0.7933754 -0.4304397 -0.4304381
v -0.2749129 -0.2249128 0.0360535
vt 0.116309702 0.250579476
vn -0.7933754 -0.4304397 -0.4304381
v -0.2749129 -0.2259465 0.0370872
vt 0.115929738 0.250198573
vn -0.7933754 -0.4304397 -0.4304381
f 5491/5491/5491 5492/5492/5492 5493/5493/5493
v -0.2759465 -0.1850871 0.6979128
vt 0.061102502 0.006656764
vn -0.0604061 0.9963447 0.0604027
v -0.2749129 -0.1850871 0.6989465
vt 0.061482467 0.006275775
vn -0.0604061 0.9963447 0.0604027
v -0.2730000 -0.1850026 0.6994656
vt 0.062185802 0.006084391
vn -0.0604061 0.9963447 0.0604027
f 5494/5494/5494 5495/5495/5495 5496/5496/5496
v -0.2730000 -0.1850026 0.6994656
vt 0.062185802 0.006084391
vn -0.2177583 0.6901627 0.6901137
v -0.2730000 -0.1835344 0.6979973
vt 0.062189274 0.006624284
vn -0.2177583 0.6901627 0.6901137
v -0.2749129 -0.1840535 0.6979128
vt 0.061484870 0.006655874
vn -0.2177583 0.6901627 0.6901137
f 5497/5497/5497 5498/5498/5498 5499/5499/5499
v -0.2730000 -0.1850026 0.6994656
vt 0.062185802 0.006084391
vn -0.4304411 0.4304411 0.7933733
v -0.2749129 -0.1840535 0.6979128
vt 0.061484870 0.006655874
vn -0.4304411 0.4304411 0.7933733
v -0.2759465 -0.1850871 0.6979128
vt 0.061102502 0.006656764
vn -0.4304411 0.4304411 0.7933733
f 5500/5500/5500 5501/5501/5501 5502/5502/5502
v -0.2749129 -0.1850871 0.6989465
vt 0.796821713 0.467611104
vn -0.6901585 0.2177557 0.6901187
v -0.2759465 -0.1850871 0.6979128
vt 0.796820998 0.467997402
vn -0.6901585 0.2177557 0.6901187
v -0.2764656 -0.1870000 0.6979973
vt 0.796108246 0.468191296
vn -0.6901585 0.2177557 0.6901187
f 5503/5503/5503 5504/5504/5504 5505/5505/5505
v -0.2749129 -0.1850871 0.6989465
vt 0.796821713 0.467611104
vn -0.6901650 0.2177658 0.6901090
v -0.2764656 -0.1870000 0.6979973
vt 0.796108246 0.468191296
vn -0.6901650 0.2177658 0.6901090
v -0.2749974 -0.1870000 0.6994656
vt 0.796109200 0.467642695
vn -0.6901650 0.2177658 0.6901090
f 5506/5506/5506 5507/5507/5507 5508/5508/5508
v -0.2335344 -0.2249974 0.6960000
vt 0.240642041 0.007136770
vn 0.9999997 0.0000000 -0.0007878
v -0.2340535 -0.2249128 0.0370872
vt 0.241152093 0.250022322
vn 0.9999997 0.0000000 -0.0007878
v -0.2340535 -0.1850871 0.0370872
vt 0.226510629 0.250055134
vn 0.9999997 0.0000000 -0.0007878
f 5509/5509/5509 5510/5510/5510 5511/5511/5511
v -0.2340535 -0.1850871 0.0370872
vt 0.226510629 0.250055134
vn 1.0000000 0.0000000 0.0000000
v -0.2340535 -0.1850871 0.6979128
vt 0.225967914 0.006464846
vn 1.0000000 0.0000000 0.0000000
v -0.2340535 -0.2249128 0.6979128
vt 0.240609288 0.006432010
vn 1.0000000 0.0000000 0.0000000
f 5512/5512/5512 5513/5513/5513 5514/5514/5514
v -0.2340535 -0.1850871 0.0370872
vt 0.226510629 0.250055134
vn 0.3587495 0.9317434 0.0561530
v -0.2340535 -0.2249128 0.6979128
vt 0.240609288 0.006432010
vn 0.3587495 0.9317434 0.0561530
v -0.2335344 -0.2249974 0.6960000
vt 0.240642041 0.007136770
vn 0.3587495 0.9317434 0.0561530
f 5515/5515/5515 5516/5516/5516 5517/5517/5517
v -0.2350871 -0.1850871 0.6989465
vt 0.796821833 0.452729464
vn 0.0112563 0.7070824 0.7070416
v -0.2350871 -0.1840535 0.6979128
vt 0.797206223 0.452729553
vn 0.0112563 0.7070824 0.7070416
v -0.2730000 -0.1835344 0.6979973
vt 0.797399759 0.466896385
vn 0.0112563 0.7070824 0.7070416
f 5518/5518/5518 5519/5519/5519 5520/5520/5520
v -0.2350871 -0.1850871 0.6989465
vt 0.796821833 0.452729464
vn 0.0112567 0.7070871 0.7070369
v -0.2730000 -0.1835344 0.6979973
vt 0.797399759 0.466896385
vn 0.0112567 0.7070871 0.7070369
v -0.2730000 -0.1850026 0.6994656
vt 0.796853602 0.466896385
vn 0.0112567 0.7070871 0.7070369
f 5521/5521/5521 5522/5522/5522 5523/5523/5523
v -0.2350871 -0.2259465 0.0370872
vt 0.392599910 0.249695405
vn 0.5773898 -0.5773315 -0.5773295
v -0.2350871 -0.2249128 0.0360535
vt 0.392599910 0.250077873
vn 0.5773898 -0.5773315 -0.5773295
v -0.2340535 -0.2249128 0.0370872
vt 0.392219931 0.249696821
vn 0.5773898 -0.5773315 -0.5773295
f 5524/5524/5524 5525/5525/5525 5526/5526/5526
v -0.2350871 -0.2249128 0.6989465
vt 0.781979740 0.452729553
vn 0.0136905 0.0000000 0.9999064
v -0.2350871 -0.1850871 0.6989465
vt 0.796821833 0.452729464
vn 0.0136905 0.0000000 0.9999064
v -0.2730000 -0.1850026 0.6994656
vt 0.796853602 0.466896385
vn 0.0136905 0.0000000 0.9999064
f 5527/5527/5527 5528/5528/5528 5529/5529/5529
v -0.2730000 -0.1850026 0.6994656
vt 0.796853602 0.466896385
vn -0.2634662 0.2634662 0.9279931
v -0.2749129 -0.1850871 0.6989465
vt 0.796821713 0.467611104
vn -0.2634662 0.2634662 0.9279931
v -0.2749974 -0.1870000 0.6994656
vt 0.796109200 0.467642695
vn -0.2634662 0.2634662 0.9279931
f 5530/5530/5530 5531/5531/5531 5532/5532/5532
v -0.2749974 -0.1870000 0.6994656
vt 0.796109200 0.467642695
vn 0.0000000 -0.0136906 0.9999064
v -0.2749129 -0.2249128 0.6989465
vt 0.781979740 0.467611104
vn 0.0000000 -0.0136906 0.9999064
v -0.2350871 -0.2249128 0.6989465
vt 0.781979740 0.452729553
vn 0.0000000 -0.0136906 0.9999064
f 5533/5533/5533 5534/5534/5534 5535/5535/5535
v -0.2730000 -0.1850026 0.6994656
vt 0.796853602 0.466896385
vn 0.0066699 -0.0066699 0.9999555
v -0.2749974 -0.1870000 0.6994656
vt 0.796109200 0.467642695
vn 0.0066699 -0.0066699 0.9999555
v -0.2350871 -0.2249128 0.6989465
vt 0.781979740 0.452729553
vn 0.0066699 -0.0066699 0.9999555
f 5536/5536/5536 5537/5537/5537 5538/5538/5538
v -0.2350871 -0.1840535 0.0370872
vt 0.226130486 0.250056416
vn 0.5773731 0.5773649 -0.5773128
v -0.2340535 -0.1850871 0.0370872
vt 0.226510629 0.250055134
vn 0.5773731 0.5773649 -0.5773128
v -0.2350871 -0.1850871 0.0360535
vt 0.226511344 0.250436693
vn 0.5773731 0.5773649 -0.5773128
f 5539/5539/5539 5540/5540/5540 5541/5541/5541
v -0.2350871 -0.2259465 0.0370872
vt 0.392599910 0.249695405
vn 0.7071424 -0.7070709 -0.0006479
v -0.2340535 -0.2249128 0.0370872
vt 0.392219931 0.249696821
vn 0.7071424 -0.7070709 -0.0006479
v -0.2335344 -0.2249974 0.6960000
vt 0.392029077 0.006822609
vn 0.7071424 -0.7070709 -0.0006479
f 5542/5542/5542 5543/5543/5543 5544/5544/5544
v -0.2350871 -0.2259465 0.0370872
vt 0.392599910 0.249695405
vn 0.7071030 -0.7071102 -0.0006477
v -0.2335344 -0.2249974 0.6960000
vt 0.392029077 0.006822609
vn 0.7071030 -0.7071102 -0.0006477
v -0.2350026 -0.2264656 0.6960000
vt 0.392568856 0.006820562
vn 0.7071030 -0.7071102 -0.0006477
f 5545/5545/5545 5546/5546/5546 5547/5547/5547
v -0.2759465 -0.1850871 0.0370872
vt 0.061102502 0.250223100
vn -0.5773676 0.5773676 -0.5773156
v -0.2749129 -0.1840535 0.0370872
vt 0.061484870 0.250222206
vn -0.5773676 0.5773676 -0.5773156
v -0.2749129 -0.1850871 0.0360535
vt 0.061482467 0.250604093
vn -0.5773676 0.5773676 -0.5773156
f 5548/5548/5548 5549/5549/5549 5550/5550/5550
v -0.2350871 -0.2259465 0.6979128
vt 0.392599910 0.006116248
vn 0.0000000 -1.0000000 0.0000000
v -0.2749129 -0.2259465 0.6979128
vt 0.407240838 0.006116248
vn 0.0000000 -1.0000000 0.0000000
v -0.2749129 -0.2259465 0.0370872
vt 0.407240838 0.249695405
vn 0.0000000 -1.0000000 0.0000000
f 5551/5551/5551 5552/5552/5552 5553/5553/5553
v -0.2749129 -0.2259465 0.0370872
vt 0.407240838 0.249695405
vn 0.0000000 -0.9999996 -0.0007878
v -0.2350871 -0.2259465 0.0370872
vt 0.392599910 0.249695405
vn 0.0000000 -0.9999996 -0.0007878
v -0.2350026 -0.2264656 0.6960000
vt 0.392568856 0.006820562
vn 0.0000000 -0.9999996 -0.0007878
f 5554/5554/5554 5555/5555/5555 5556/5556/5556
v -0.2749129 -0.2259465 0.0370872
vt 0.407240838 0.249695405
vn -0.9318023 -0.3585957 0.0561567
v -0.2350026 -0.2264656 0.6960000
vt 0.392568856 0.006820562
vn -0.9318023 -0.3585957 0.0561567
v -0.2350871 -0.2259465 0.6979128
vt 0.392599910 0.006116248
vn -0.9318023 -0.3585957 0.0561567
f 5557/5557/5557 5558/5558/5558 5559/5559/5559
v -0.2350871 -0.1850871 0.6989465
vt 0.796821833 0.452729464
vn 0.7071322 0.0000000 0.7070813
v -0.2350871 -0.2249128 0.6989465
vt 0.781979740 0.452729553
vn 0.7071322 0.0000000 0.7070813
v -0.2340535 -0.2249128 0.6979128
vt 0.781979024 0.452343374
vn 0.7071322 0.0000000 0.7070813
f 5560/5560/5560 5561/5561/5561 5562/5562/5562
v -0.2350871 -0.1850871 0.6989465
vt 0.796821833 0.452729464
vn 0.7071322 0.0000000 0.7070813
v -0.2340535 -0.2249128 0.6979128
vt 0.781979024 0.452343374
vn 0.7071322 0.0000000 0.7070813
v -0.2340535 -0.1850871 0.6979128
vt 0.796820998 0.452343374
vn 0.7071322 0.0000000 0.7070813
f 5563/5563/5563 5564/5564/5564 5565/5565/5565
v -0.2350871 -0.2259465 0.0370872
vt 0.392599910 0.249695405
vn 0.0000000 -0.7071081 -0.7071055
v -0.2749129 -0.2259465 0.0370872
vt 0.407240838 0.249695405
vn 0.0000000 -0.7071081 -0.7071055
v -0.2749129 -0.2249128 0.0360535
vt 0.407240838 0.250077873
vn 0.0000000 -0.7071081 -0.7071055
f 5566/5566/5566 5567/5567/5567 5568/5568/5568
v -0.2350871 -0.2259465 0.0370872
vt 0.392599910 0.249695405
vn 0.0000000 -0.7071081 -0.7071055
v -0.2749129 -0.2249128 0.0360535
vt 0.407240838 0.250077873
vn 0.0000000 -0.7071081 -0.7071055
v -0.2350871 -0.2249128 0.0360535
vt 0.392599910 0.250077873
vn 0.0000000 -0.7071081 -0.7071055
f 5569/5569/5569 5570/5570/5570 5571/5571/5571
v -0.2759465 -0.2249128 0.6979128
vt 0.116314687 0.006657275
vn -0.5773780 -0.5773281 0.5773447
v -0.2749129 -0.2259465 0.6979128
vt 0.115929738 0.006656830
vn -0.5773780 -0.5773281 0.5773447
v -0.2749129 -0.2249128 0.6989465
vt 0.116309702 0.006275887
vn -0.5773780 -0.5773281 0.5773447
f 5572/5572/5572 5573/5573/5573 5574/5574/5574
v -0.2350871 -0.2259465 0.6979128
vt 0.781593859 0.452729553
vn 0.5773836 -0.5773253 0.5773420
v -0.2340535 -0.2249128 0.6979128
vt 0.781979024 0.452343374
vn 0.5773836 -0.5773253 0.5773420
v -0.2350871 -0.2249128 0.6989465
vt 0.781979740 0.452729553
vn 0.5773836 -0.5773253 0.5773420
f 5575/5575/5575 5576/5576/5576 5577/5577/5577
v -0.2764656 -0.1870000 0.6979973
vt 0.130251303 0.006626131
vn -0.7070824 -0.0112564 0.7070416
v -0.2759465 -0.2249128 0.6979128
vt 0.116314687 0.006657275
vn -0.7070824 -0.0112564 0.7070416
v -0.2749129 -0.2249128 0.6989465
vt 0.116309702 0.006275887
vn -0.7070824 -0.0112564 0.7070416
f 5578/5578/5578 5579/5579/5579 5580/5580/5580
v -0.2764656 -0.1870000 0.6979973
vt 0.130251303 0.006626131
vn -0.7070907 -0.0112569 0.7070333
v -0.2749129 -0.2249128 0.6989465
vt 0.116309702 0.006275887
vn -0.7070907 -0.0112569 0.7070333
v -0.2749974 -0.1870000 0.6994656
vt 0.130244285 0.006084391
vn -0.7070907 -0.0112569 0.7070333
f 5581/5581/5581 5582/5582/5582 5583/5583/5583
v -0.2764656 -0.1870000 0.6979973
vt 0.130251303 0.006626131
vn -0.9650967 0.2618939 0.0000000
v -0.2759465 -0.1850871 0.6979128
vt 0.130951881 0.006657053
vn -0.9650967 0.2618939 0.0000000
v -0.2759465 -0.1850871 0.0370872
vt 0.130951881 0.250198781
vn -0.9650967 0.2618939 0.0000000
f 5584/5584/5584 5585/5585/5585 5586/5586/5586
v -0.2759465 -0.1850871 0.0370872
vt 0.130951881 0.250198781
vn -0.1608488 0.0000000 0.9869791
v -0.2764656 -0.2230000 0.0370026
vt 0.117020160 0.250230342
vn -0.1608488 0.0000000 0.9869791
v -0.2759465 -0.2249128 0.0370872
vt 0.116314687 0.250199020
vn -0.1608488 0.0000000 0.9869791
f 5587/5587/5587 5588/5588/5588 5589/5589/5589
v -0.2759465 -0.2249128 0.0370872
vt 0.116314687 0.250199020
vn -0.9999063 -0.0136906 0.0000000
v -0.2759465 -0.2249128 0.6979128
vt 0.116314687 0.006657275
vn -0.9999063 -0.0136906 0.0000000
v -0.2764656 -0.1870000 0.6979973
vt 0.130251303 0.006626131
vn -0.9999063 -0.0136906 0.0000000
f 5590/5590/5590 5591/5591/5591 5592/5592/5592
v -0.2759465 -0.1850871 0.0370872
vt 0.130951881 0.250198781
vn -0.9999997 0.0000000 -0.0007854
v -0.2759465 -0.2249128 0.0370872
vt 0.116314687 0.250199020
vn -0.9999997 0.0000000 -0.0007854
v -0.2764656 -0.1870000 0.6979973
vt 0.130251303 0.006626131
vn -0.9999997 0.0000000 -0.0007854
f 5593/5593/5593 5594/5594/5594 5595/5595/5595
v -0.2350871 -0.2259465 0.6979128
vt 0.781593859 0.452729553
vn 0.0000000 -0.7070966 0.7071170
v -0.2350871 -0.2249128 0.6989465
vt 0.781979740 0.452729553
vn 0.0000000 -0.7070966 0.7071170
v -0.2749129 -0.2249128 0.6989465
vt 0.781979740 0.467611104
vn 0.0000000 -0.7070966 0.7071170
f 5596/5596/5596 5597/5597/5597 5598/5598/5598
v -0.2350871 -0.2259465 0.6979128
vt 0.781593859 0.452729553
vn 0.0000000 -0.7070966 0.7071170
v -0.2749129 -0.2249128 0.6989465
vt 0.781979740 0.467611104
vn 0.0000000 -0.7070966 0.7071170
v -0.2749129 -0.2259465 0.6979128
vt 0.781593859 0.467611104
vn 0.0000000 -0.7070966 0.7071170
f 5599/5599/5599 5600/5600/5600 5601/5601/5601
v -0.2340535 -0.1850871 0.6979128
vt 0.225967914 0.006464846
vn 0.5773669 0.5773586 0.5773253
v -0.2350871 -0.1840535 0.6979128
vt 0.225587770 0.006466269
vn 0.5773669 0.5773586 0.5773253
v -0.2350871 -0.1850871 0.6989465
vt 0.225967020 0.006084391
vn 0.5773669 0.5773586 0.5773253
f 5602/5602/5602 5603/5603/5603 5604/5604/5604
v -0.2350871 -0.1840535 0.6979128
vt 0.225587770 0.006466269
vn 0.7071119 0.7071017 0.0000000
v -0.2340535 -0.1850871 0.6979128
vt 0.225967914 0.006464846
vn 0.7071119 0.7071017 0.0000000
v -0.2340535 -0.1850871 0.0370872
vt 0.226510629 0.250055134
vn 0.7071119 0.7071017 0.0000000
f 5605/5605/5605 5606/5606/5606 5607/5607/5607
v -0.2350871 -0.1840535 0.6979128
vt 0.225587770 0.006466269
vn 0.7071119 0.7071017 0.0000000
v -0.2340535 -0.1850871 0.0370872
vt 0.226510629 0.250055134
vn 0.7071119 0.7071017 0.0000000
v -0.2350871 -0.1840535 0.0370872
vt 0.226130486 0.250056416
vn 0.7071119 0.7071017 0.0000000
f 5608/5608/5608 5609/5609/5609 5610/5610/5610
v -0.2749129 -0.1840535 0.6979128
vt 0.061484870 0.006655874
vn -0.7071068 0.7071068 0.0000000
v -0.2749129 -0.1840535 0.0370872
vt 0.061484870 0.250222206
vn -0.7071068 0.7071068 0.0000000
v -0.2759465 -0.1850871 0.0370872
vt 0.061102502 0.250223100
vn -0.7071068 0.7071068 0.0000000
f 5611/5611/5611 5612/5612/5612 5613/5613/5613
v -0.2749129 -0.1840535 0.6979128
vt 0.061484870 0.006655874
vn -0.7071068 0.7071068 0.0000000
v -0.2759465 -0.1850871 0.0370872
vt 0.061102502 0.250223100
vn -0.7071068 0.7071068 0.0000000
v -0.2759465 -0.1850871 0.6979128
vt 0.061102502 0.006656764
vn -0.7071068 0.7071068 0.0000000
f 5614/5614/5614 5615/5615/5615 5616/5616/5616
v -0.2749129 -0.2259465 0.6979128
vt 0.115929738 0.006656830
vn -0.7071373 -0.7070762 0.0000000
v -0.2759465 -0.2249128 0.6979128
vt 0.116314687 0.006657275
vn -0.7071373 -0.7070762 0.0000000
v -0.2759465 -0.2249128 0.0370872
vt 0.116314687 0.250199020
vn -0.7071373 -0.7070762 0.0000000
f 5617/5617/5617 5618/5618/5618 5619/5619/5619
v -0.2749129 -0.2259465 0.6979128
vt 0.115929738 0.006656830
vn -0.7071373 -0.7070762 0.0000000
v -0.2759465 -0.2249128 0.0370872
vt 0.116314687 0.250199020
vn -0.7071373 -0.7070762 0.0000000
v -0.2749129 -0.2259465 0.0370872
vt 0.115929738 0.250198573
vn -0.7071373 -0.7070762 0.0000000
f 5620/5620/5620 5621/5621/5621 5622/5622/5622
v -0.2749974 -0.2230000 0.0355344
vt 0.290774703 0.970371366
vn 0.0000000 0.0136906 -0.9999064
v -0.2749129 -0.1850871 0.0360535
vt 0.276826173 0.970340133
vn 0.0000000 0.0136906 -0.9999064
v -0.2350871 -0.1850871 0.0360535
vt 0.276826173 0.955648661
vn 0.0000000 0.0136906 -0.9999064
f 5623/5623/5623 5624/5624/5624 5625/5625/5625
v -0.2350871 -0.1850871 0.0360535
vt 0.276826173 0.955648661
vn 0.0000000 0.0000000 -1.0000000
v -0.2350871 -0.2249128 0.0360535
vt 0.291478664 0.955648661
vn 0.0000000 0.0000000 -1.0000000
v -0.2749129 -0.2249128 0.0360535
vt 0.291478664 0.970340133
vn 0.0000000 0.0000000 -1.0000000
f 5626/5626/5626 5627/5627/5627 5628/5628/5628
v -0.2350871 -0.1850871 0.0360535
vt 0.276826173 0.955648661
vn 0.2439420 -0.2439426 -0.9386077
v -0.2749129 -0.2249128 0.0360535
vt 0.291478664 0.970340133
vn 0.2439420 -0.2439426 -0.9386077
v -0.2749974 -0.2230000 0.0355344
vt 0.290774703 0.970371366
vn 0.2439420 -0.2439426 -0.9386077
f 5629/5629/5629 5630/5630/5630 5631/5631/5631
v -0.2350871 -0.1850871 0.0360535
vt 0.226511344 0.250436693
vn 0.7071437 0.0000000 -0.7070699
v -0.2340535 -0.1850871 0.0370872
vt 0.226510629 0.250055134
vn 0.7071437 0.0000000 -0.7070699
v -0.2340535 -0.2249128 0.0370872
vt 0.241152093 0.250022322
vn 0.7071437 0.0000000 -0.7070699
f 5632/5632/5632 5633/5633/5633 5634/5634/5634
v -0.2350871 -0.1850871 0.0360535
vt 0.226511344 0.250436693
vn 0.7071437 0.0000000 -0.7070699
v -0.2340535 -0.2249128 0.0370872
vt 0.241152093 0.250022322
vn 0.7071437 0.0000000 -0.7070699
v -0.2350871 -0.2249128 0.0360535
vt 0.241152719 0.250403851
vn 0.7071437 0.0000000 -0.7070699
f 5635/5635/5635 5636/5636/5636 5637/5637/5637
v -0.2759465 -0.1850871 0.0370872
vt 0.276826352 0.970721424
vn -0.7070939 0.0112569 -0.7070301
v -0.2749129 -0.1850871 0.0360535
vt 0.276826173 0.970340133
vn -0.7070939 0.0112569 -0.7070301
v -0.2749974 -0.2230000 0.0355344
vt 0.290774703 0.970371366
vn -0.7070939 0.0112569 -0.7070301
f 5638/5638/5638 5639/5639/5639 5640/5640/5640
v -0.2759465 -0.1850871 0.0370872
vt 0.276826352 0.970721424
vn -0.7070664 0.0112587 -0.7070575
v -0.2749974 -0.2230000 0.0355344
vt 0.290774703 0.970371366
vn -0.7070664 0.0112587 -0.7070575
v -0.2764656 -0.2230000 0.0370026
vt 0.290774971 0.970912874
vn -0.7070664 0.0112587 -0.7070575
f 5641/5641/5641 5642/5642/5642 5643/5643/5643
v -0.2350871 -0.1840535 0.6979128
vt 0.076124646 0.006656096
vn 0.0000000 1.0000000 0.0000000
v -0.2350871 -0.1840535 0.0370872
vt 0.076124646 0.250222445
vn 0.0000000 1.0000000 0.0000000
v -0.2749129 -0.1840535 0.0370872
vt 0.061484870 0.250222206
vn 0.0000000 1.0000000 0.0000000
f 5644/5644/5644 5645/5645/5645 5646/5646/5646
v -0.2749129 -0.1840535 0.0370872
vt 0.061484870 0.250222206
vn -0.2618958 0.9650962 0.0000000
v -0.2749129 -0.1840535 0.6979128
vt 0.061484870 0.006655874
vn -0.2618958 0.9650962 0.0000000
v -0.2730000 -0.1835344 0.6979973
vt 0.062189274 0.006624284
vn -0.2618958 0.9650962 0.0000000
f 5647/5647/5647 5648/5648/5648 5649/5649/5649
v -0.2749129 -0.1840535 0.0370872
vt 0.061484870 0.250222206
vn 0.0136887 0.9999060 -0.0008250
v -0.2730000 -0.1835344 0.6979973
vt 0.062189274 0.006624284
vn 0.0136887 0.9999060 -0.0008250
v -0.2350871 -0.1840535 0.6979128
vt 0.076124646 0.006656096
vn 0.0136887 0.9999060 -0.0008250
f 5650/5650/5650 5651/5651/5651 5652/5652/5652
v -0.2340535 -0.2249128 0.6979128
vt 0.240609288 0.006432010
vn 0.6901724 -0.6901027 0.2177622
v -0.2350871 -0.2259465 0.6979128
vt 0.240989253 0.006431788
vn 0.6901724 -0.6901027 0.2177622
v -0.2350026 -0.2264656 0.6960000
vt 0.241181642 0.007136370
vn 0.6901724 -0.6901027 0.2177622
f 5653/5653/5653 5654/5654/5654 5655/5655/5655
v -0.2340535 -0.2249128 0.6979128
vt 0.240609288 0.006432010
vn 0.6901265 -0.6901335 0.2178100
v -0.2350026 -0.2264656 0.6960000
vt 0.241181642 0.007136370
vn 0.6901265 -0.6901335 0.2178100
v -0.2335344 -0.2249974 0.6960000
vt 0.240642041 0.007136770
vn 0.6901265 -0.6901335 0.2178100
f 5656/5656/5656 5657/5657/5657 5658/5658/5658
v -0.2749129 -0.1840535 0.0370872
vt 0.061484870 0.250222206
vn 0.0000000 0.7071387 -0.7070749
v -0.2350871 -0.1840535 0.0370872
vt 0.076124646 0.250222445
vn 0.0000000 0.7071387 -0.7070749
v -0.2350871 -0.1850871 0.0360535
vt 0.076122157 0.250604331
vn 0.0000000 0.7071387 -0.7070749
f 5659/5659/5659 5660/5660/5660 5661/5661/5661
v -0.2749129 -0.1840535 0.0370872
vt 0.061484870 0.250222206
vn 0.0000000 0.7071387 -0.7070749
v -0.2350871 -0.1850871 0.0360535
vt 0.076122157 0.250604331
vn 0.0000000 0.7071387 -0.7070749
v -0.2749129 -0.1850871 0.0360535
vt 0.061482467 0.250604093
vn 0.0000000 0.7071387 -0.7070749
f 5662/5662/5662 5663/5663/5663 5664/5664/5664
o pz_barbecue_full_jorge_|_square_stand_leg.001
usemtl metal
v -0.2340535 0.1850871 0.6979128
vt 0.324464798 0.006432077
vn 0.1606718 0.9870080 0.0000000
v -0.2335344 0.1850026 0.6960000
vt 0.324497551 0.007136792
vn 0.1606718 0.9870080 0.0000000
v -0.2340535 0.1850871 0.0370872
vt 0.325007528 0.250021130
vn 0.1606718 0.9870080 0.0000000
f 5665/5665/5665 5666/5666/5666 5667/5667/5667
v -0.2340535 0.1850871 0.0370872
vt 0.325007528 0.250021130
vn 1.0000000 0.0000000 0.0000000
v -0.2340535 0.2249128 0.0370872
vt 0.310366154 0.250053912
vn 1.0000000 0.0000000 0.0000000
v -0.2340535 0.2249128 0.6979128
vt 0.309823424 0.006464868
vn 1.0000000 0.0000000 0.0000000
f 5668/5668/5668 5669/5669/5669 5670/5670/5670
v -0.2340535 0.1850871 0.0370872
vt 0.325007528 0.250021130
vn 1.0000000 0.0000000 0.0000000
v -0.2340535 0.2249128 0.6979128
vt 0.309823424 0.006464868
vn 1.0000000 0.0000000 0.0000000
v -0.2340535 0.1850871 0.6979128
vt 0.324464798 0.006432077
vn 1.0000000 0.0000000 0.0000000
f 5671/5671/5671 5672/5672/5672 5673/5673/5673
v -0.2340535 0.1850871 0.0370872
vt 0.325007528 0.250021130
vn 0.7071437 0.0000000 -0.7070699
v -0.2350871 0.1850871 0.0360535
vt 0.325008243 0.250402749
vn 0.7071437 0.0000000 -0.7070699
v -0.2350871 0.2249128 0.0360535
vt 0.310366929 0.250435501
vn 0.7071437 0.0000000 -0.7070699
f 5674/5674/5674 5675/5675/5675 5676/5676/5676
v -0.2340535 0.1850871 0.0370872
vt 0.325007528 0.250021130
vn 0.7071437 0.0000000 -0.7070699
v -0.2350871 0.2249128 0.0360535
vt 0.310366929 0.250435501
vn 0.7071437 0.0000000 -0.7070699
v -0.2340535 0.2249128 0.0370872
vt 0.310366154 0.250053912
vn 0.7071437 0.0000000 -0.7070699
f 5677/5677/5677 5678/5678/5678 5679/5679/5679
v -0.2759465 0.2249128 0.6979128
vt 0.033688664 0.006656830
vn -0.0604696 0.9963369 0.0604661
v -0.2749129 0.2249128 0.6989465
vt 0.034068629 0.006275797
vn -0.0604696 0.9963369 0.0604661
v -0.2730000 0.2249974 0.6994656
vt 0.034771968 0.006084391
vn -0.0604696 0.9963369 0.0604661
f 5680/5680/5680 5681/5681/5681 5682/5682/5682
v -0.2730000 0.2249974 0.6994656
vt 0.034771968 0.006084391
vn -0.2177583 0.6901627 0.6901137
v -0.2730000 0.2264656 0.6979973
vt 0.034775436 0.006624440
vn -0.2177583 0.6901627 0.6901137
v -0.2749129 0.2259465 0.6979128
vt 0.034071121 0.006655940
vn -0.2177583 0.6901627 0.6901137
f 5683/5683/5683 5684/5684/5684 5685/5685/5685
v -0.2730000 0.2249974 0.6994656
vt 0.034771968 0.006084391
vn -0.4304557 0.4304185 0.7933775
v -0.2749129 0.2259465 0.6979128
vt 0.034071121 0.006655940
vn -0.4304557 0.4304185 0.7933775
v -0.2759465 0.2249128 0.6979128
vt 0.033688664 0.006656830
vn -0.4304557 0.4304185 0.7933775
f 5686/5686/5686 5687/5687/5687 5688/5688/5688
v -0.2350871 0.1840535 0.0370872
vt 0.365188301 0.249695316
vn 0.5773731 -0.5773649 -0.5773128
v -0.2350871 0.1850871 0.0360535
vt 0.365188301 0.250077903
vn 0.5773731 -0.5773649 -0.5773128
v -0.2340535 0.1850871 0.0370872
vt 0.364808321 0.249696821
vn 0.5773731 -0.5773649 -0.5773128
f 5689/5689/5689 5690/5690/5690 5691/5691/5691
v -0.2749129 0.1840535 0.0370872
vt 0.198174194 0.250197887
vn -0.0604729 -0.0604729 -0.9963363
v -0.2759465 0.1850871 0.0370872
vt 0.198558971 0.250198334
vn -0.0604729 -0.0604729 -0.9963363
v -0.2764656 0.1870000 0.0370026
vt 0.199264526 0.250229746
vn -0.0604729 -0.0604729 -0.9963363
f 5692/5692/5692 5693/5693/5693 5694/5694/5694
v -0.2764656 0.1870000 0.0370026
vt 0.199264526 0.250229746
vn -0.6901403 -0.2177722 -0.6901316
v -0.2749974 0.1870000 0.0355344
vt 0.199257493 0.250770181
vn -0.6901403 -0.2177722 -0.6901316
v -0.2749129 0.1850871 0.0360535
vt 0.198553979 0.250578910
vn -0.6901403 -0.2177722 -0.6901316
f 5695/5695/5695 5696/5696/5696 5697/5697/5697
v -0.2764656 0.1870000 0.0370026
vt 0.199264526 0.250229746
vn -0.7933904 -0.4304445 -0.4304057
v -0.2749129 0.1850871 0.0360535
vt 0.198553979 0.250578910
vn -0.7933904 -0.4304445 -0.4304057
v -0.2749129 0.1840535 0.0370872
vt 0.198174194 0.250197887
vn -0.7933904 -0.4304445 -0.4304057
f 5698/5698/5698 5699/5699/5699 5700/5700/5700
v -0.2749974 0.2230000 0.6994656
vt 0.653951049 0.244038627
vn 0.0000000 -0.0136905 0.9999064
v -0.2749129 0.1850871 0.6989465
vt 0.639821589 0.244007036
vn 0.0000000 -0.0136905 0.9999064
v -0.2350871 0.1850871 0.6989465
vt 0.639821589 0.229125574
vn 0.0000000 -0.0136905 0.9999064
f 5701/5701/5701 5702/5702/5702 5703/5703/5703
v -0.2350871 0.1850871 0.6989465
vt 0.639821589 0.229125574
vn 0.0136905 0.0000000 0.9999064
v -0.2350871 0.2249128 0.6989465
vt 0.654663622 0.229125485
vn 0.0136905 0.0000000 0.9999064
v -0.2730000 0.2249974 0.6994656
vt 0.654695511 0.243292227
vn 0.0136905 0.0000000 0.9999064
f 5704/5704/5704 5705/5705/5705 5706/5706/5706
v -0.2730000 0.2249974 0.6994656
vt 0.654695511 0.243292227
vn -0.2634773 0.2634792 0.9279863
v -0.2749129 0.2249128 0.6989465
vt 0.654663563 0.244007036
vn -0.2634773 0.2634792 0.9279863
v -0.2749974 0.2230000 0.6994656
vt 0.653951049 0.244038627
vn -0.2634773 0.2634792 0.9279863
f 5707/5707/5707 5708/5708/5708 5709/5709/5709
v -0.2350871 0.1850871 0.6989465
vt 0.639821589 0.229125574
vn 0.0066699 -0.0066699 0.9999555
v -0.2730000 0.2249974 0.6994656
vt 0.654695511 0.243292227
vn 0.0066699 -0.0066699 0.9999555
v -0.2749974 0.2230000 0.6994656
vt 0.653951049 0.244038627
vn 0.0066699 -0.0066699 0.9999555
f 5710/5710/5710 5711/5711/5711 5712/5712/5712
v -0.2350871 0.2259465 0.0370872
vt 0.309986085 0.250055313
vn 0.5773898 0.5773315 -0.5773295
v -0.2340535 0.2249128 0.0370872
vt 0.310366154 0.250053912
vn 0.5773898 0.5773315 -0.5773295
v -0.2350871 0.2249128 0.0360535
vt 0.310366929 0.250435501
vn 0.5773898 0.5773315 -0.5773295
f 5713/5713/5713 5714/5714/5714 5715/5715/5715
v -0.2759465 0.2249128 0.0370872
vt 0.033688664 0.250223160
vn -0.5773843 0.5773343 -0.5773323
v -0.2749129 0.2259465 0.0370872
vt 0.034071121 0.250222385
vn -0.5773843 0.5773343 -0.5773323
v -0.2749129 0.2249128 0.0360535
vt 0.034068543 0.250604212
vn -0.5773843 0.5773343 -0.5773323
f 5716/5716/5716 5717/5717/5717 5718/5718/5718
v -0.2759465 0.1850871 0.6979128
vt 0.198558971 0.006657253
vn -0.7071068 -0.7071068 0.0000000
v -0.2759465 0.1850871 0.0370872
vt 0.198558971 0.250198334
vn -0.7071068 -0.7071068 0.0000000
v -0.2749129 0.1840535 0.0370872
vt 0.198174194 0.250197887
vn -0.7071068 -0.7071068 0.0000000
f 5719/5719/5719 5720/5720/5720 5721/5721/5721
v -0.2759465 0.1850871 0.6979128
vt 0.198558971 0.006657253
vn -0.7071068 -0.7071068 0.0000000
v -0.2749129 0.1840535 0.0370872
vt 0.198174194 0.250197887
vn -0.7071068 -0.7071068 0.0000000
v -0.2749129 0.1840535 0.6979128
vt 0.198174104 0.006656830
vn -0.7071068 -0.7071068 0.0000000
f 5722/5722/5722 5723/5723/5723 5724/5724/5724
v -0.2764656 0.1870000 0.0370026
vt 0.199264526 0.250229746
vn -0.9650967 -0.2618939 0.0000000
v -0.2759465 0.1850871 0.0370872
vt 0.198558971 0.250198334
vn -0.9650967 -0.2618939 0.0000000
v -0.2759465 0.1850871 0.6979128
vt 0.198558971 0.006657253
vn -0.9650967 -0.2618939 0.0000000
f 5725/5725/5725 5726/5726/5726 5727/5727/5727
v -0.2759465 0.1850871 0.6979128
vt 0.198558971 0.006657253
vn -0.1605934 0.0000000 -0.9870207
v -0.2764656 0.2230000 0.6979973
vt 0.212495670 0.006626131
vn -0.1605934 0.0000000 -0.9870207
v -0.2759465 0.2249128 0.6979128
vt 0.213196248 0.006657030
vn -0.1605934 0.0000000 -0.9870207
f 5728/5728/5728 5729/5729/5729 5730/5730/5730
v -0.2759465 0.2249128 0.6979128
vt 0.213196248 0.006657030
vn -0.9999063 0.0136906 0.0000000
v -0.2759465 0.2249128 0.0370872
vt 0.213196248 0.250198096
vn -0.9999063 0.0136906 0.0000000
v -0.2764656 0.1870000 0.0370026
vt 0.199264526 0.250229746
vn -0.9999063 0.0136906 0.0000000
f 5731/5731/5731 5732/5732/5732 5733/5733/5733
v -0.2759465 0.1850871 0.6979128
vt 0.198558971 0.006657253
vn -0.9999996 0.0000000 0.0007854
v -0.2759465 0.2249128 0.6979128
vt 0.213196248 0.006657030
vn -0.9999996 0.0000000 0.0007854
v -0.2764656 0.1870000 0.0370026
vt 0.199264526 0.250229746
vn -0.9999996 0.0000000 0.0007854
f 5734/5734/5734 5735/5735/5735 5736/5736/5736
v -0.2749129 0.2259465 0.0370872
vt 0.034071121 0.250222385
vn 0.0000000 0.7071081 -0.7071055
v -0.2350871 0.2259465 0.0370872
vt 0.048710812 0.250222474
vn 0.0000000 0.7071081 -0.7071055
v -0.2350871 0.2249128 0.0360535
vt 0.048708320 0.250604391
vn 0.0000000 0.7071081 -0.7071055
f 5737/5737/5737 5738/5738/5738 5739/5739/5739
v -0.2749129 0.2259465 0.0370872
vt 0.034071121 0.250222385
vn 0.0000000 0.7071081 -0.7071055
v -0.2350871 0.2249128 0.0360535
vt 0.048708320 0.250604391
vn 0.0000000 0.7071081 -0.7071055
v -0.2749129 0.2249128 0.0360535
vt 0.034068543 0.250604212
vn 0.0000000 0.7071081 -0.7071055
f 5740/5740/5740 5741/5741/5741 5742/5742/5742
v -0.2350871 0.2249128 0.6989465
vt 0.654663622 0.229125485
vn 0.7071322 0.0000000 0.7070813
v -0.2350871 0.1850871 0.6989465
vt 0.639821589 0.229125574
vn 0.7071322 0.0000000 0.7070813
v -0.2340535 0.1850871 0.6979128
vt 0.639820874 0.228739202
vn 0.7071322 0.0000000 0.7070813
f 5743/5743/5743 5744/5744/5744 5745/5745/5745
v -0.2350871 0.2249128 0.6989465
vt 0.654663622 0.229125485
vn 0.7071322 0.0000000 0.7070813
v -0.2340535 0.1850871 0.6979128
vt 0.639820874 0.228739202
vn 0.7071322 0.0000000 0.7070813
v -0.2340535 0.2249128 0.6979128
vt 0.654662848 0.228739202
vn 0.7071322 0.0000000 0.7070813
f 5746/5746/5746 5747/5747/5747 5748/5748/5748
v -0.2759465 0.1850871 0.6979128
vt 0.198558971 0.006657253
vn -0.5773614 -0.5773614 0.5773281
v -0.2749129 0.1840535 0.6979128
vt 0.198174104 0.006656830
vn -0.5773614 -0.5773614 0.5773281
v -0.2749129 0.1850871 0.6989465
vt 0.198554069 0.006275864
vn -0.5773614 -0.5773614 0.5773281
f 5749/5749/5749 5750/5750/5750 5751/5751/5751
v -0.2350871 0.1850871 0.0360535
vt 0.365188301 0.250077903
vn 0.0000000 -0.7071387 -0.7070749
v -0.2350871 0.1840535 0.0370872
vt 0.365188301 0.249695316
vn 0.0000000 -0.7071387 -0.7070749
v -0.2749129 0.1840535 0.0370872
vt 0.379829139 0.249695405
vn 0.0000000 -0.7071387 -0.7070749
f 5752/5752/5752 5753/5753/5753 5754/5754/5754
v -0.2350871 0.1850871 0.0360535
vt 0.365188301 0.250077903
vn 0.0000000 -0.7071387 -0.7070749
v -0.2749129 0.1840535 0.0370872
vt 0.379829139 0.249695405
vn 0.0000000 -0.7071387 -0.7070749
v -0.2749129 0.1850871 0.0360535
vt 0.379829139 0.250077903
vn 0.0000000 -0.7071387 -0.7070749
f 5755/5755/5755 5756/5756/5756 5757/5757/5757
v -0.2759465 0.2249128 0.0370872
vt 0.534974337 0.964404821
vn -0.7070939 0.0112570 -0.7070301
v -0.2749129 0.2249128 0.0360535
vt 0.534974098 0.964023590
vn -0.7070939 0.0112570 -0.7070301
v -0.2749974 0.1870000 0.0355344
vt 0.548922718 0.964054763
vn -0.7070939 0.0112570 -0.7070301
f 5758/5758/5758 5759/5759/5759 5760/5760/5760
v -0.2759465 0.2249128 0.0370872
vt 0.534974337 0.964404821
vn -0.7070664 0.0112588 -0.7070575
v -0.2749974 0.1870000 0.0355344
vt 0.548922718 0.964054763
vn -0.7070664 0.0112588 -0.7070575
v -0.2764656 0.1870000 0.0370026
vt 0.548922896 0.964596331
vn -0.7070664 0.0112588 -0.7070575
f 5761/5761/5761 5762/5762/5762 5763/5763/5763
v -0.2350871 0.1840535 0.6979128
vt 0.639435709 0.229125574
vn 0.5773669 -0.5773586 0.5773253
v -0.2340535 0.1850871 0.6979128
vt 0.639820874 0.228739202
vn 0.5773669 -0.5773586 0.5773253
v -0.2350871 0.1850871 0.6989465
vt 0.639821589 0.229125574
vn 0.5773669 -0.5773586 0.5773253
f 5764/5764/5764 5765/5765/5765 5766/5766/5766
v -0.2340535 0.2249128 0.6979128
vt 0.309823424 0.006464868
vn 0.5773836 0.5773253 0.5773420
v -0.2350871 0.2259465 0.6979128
vt 0.309443355 0.006466269
vn 0.5773836 0.5773253 0.5773420
v -0.2350871 0.2249128 0.6989465
vt 0.309822530 0.006084391
vn 0.5773836 0.5773253 0.5773420
f 5767/5767/5767 5768/5768/5768 5769/5769/5769
v -0.2749129 0.2249128 0.6989465
vt 0.654663563 0.244007036
vn -0.6901567 0.2177670 0.6901169
v -0.2759465 0.2249128 0.6979128
vt 0.654662848 0.244393319
vn -0.6901567 0.2177670 0.6901169
v -0.2764656 0.2230000 0.6979973
vt 0.653950155 0.244587302
vn -0.6901567 0.2177670 0.6901169
f 5770/5770/5770 5771/5771/5771 5772/5772/5772
v -0.2749129 0.2249128 0.6989465
vt 0.654663563 0.244007036
vn -0.6901632 0.2177771 0.6901072
v -0.2764656 0.2230000 0.6979973
vt 0.653950155 0.244587302
vn -0.6901632 0.2177771 0.6901072
v -0.2749974 0.2230000 0.6994656
vt 0.653951049 0.244038627
vn -0.6901632 0.2177771 0.6901072
f 5773/5773/5773 5774/5774/5774 5775/5775/5775
v -0.2350871 0.1840535 0.6979128
vt 0.365188301 0.006116292
vn 0.0000000 -1.0000000 0.0000000
v -0.2749129 0.1840535 0.6979128
vt 0.379829139 0.006116292
vn 0.0000000 -1.0000000 0.0000000
v -0.2749129 0.1840535 0.0370872
vt 0.379829139 0.249695405
vn 0.0000000 -1.0000000 0.0000000
f 5776/5776/5776 5777/5777/5777 5778/5778/5778
v -0.2749129 0.1840535 0.0370872
vt 0.379829139 0.249695405
vn 0.0000000 -0.9999996 -0.0007878
v -0.2350871 0.1840535 0.0370872
vt 0.365188301 0.249695316
vn 0.0000000 -0.9999996 -0.0007878
v -0.2350026 0.1835344 0.6960000
vt 0.365157247 0.006820607
vn 0.0000000 -0.9999996 -0.0007878
f 5779/5779/5779 5780/5780/5780 5781/5781/5781
v -0.2749129 0.1840535 0.0370872
vt 0.379829139 0.249695405
vn -0.9318023 -0.3585957 0.0561567
v -0.2350026 0.1835344 0.6960000
vt 0.365157247 0.006820607
vn -0.9318023 -0.3585957 0.0561567
v -0.2350871 0.1840535 0.6979128
vt 0.365188301 0.006116292
vn -0.9318023 -0.3585957 0.0561567
f 5782/5782/5782 5783/5783/5783 5784/5784/5784
v -0.2350871 0.1840535 0.0370872
vt 0.365188301 0.249695316
vn 0.7071117 -0.7071015 -0.0006478
v -0.2340535 0.1850871 0.0370872
vt 0.364808321 0.249696821
vn 0.7071117 -0.7071015 -0.0006478
v -0.2335344 0.1850026 0.6960000
vt 0.364617467 0.006822698
vn 0.7071117 -0.7071015 -0.0006478
f 5785/5785/5785 5786/5786/5786 5787/5787/5787
v -0.2350871 0.1840535 0.0370872
vt 0.365188301 0.249695316
vn 0.7071030 -0.7071102 -0.0006477
v -0.2335344 0.1850026 0.6960000
vt 0.364617467 0.006822698
vn 0.7071030 -0.7071102 -0.0006477
v -0.2350026 0.1835344 0.6960000
vt 0.365157247 0.006820607
vn 0.7071030 -0.7071102 -0.0006477
f 5788/5788/5788 5789/5789/5789 5790/5790/5790
v -0.2759465 0.2249128 0.6979128
vt 0.033688664 0.006656830
vn -0.7071373 0.7070762 0.0000000
v -0.2749129 0.2259465 0.6979128
vt 0.034071121 0.006655940
vn -0.7071373 0.7070762 0.0000000
v -0.2749129 0.2259465 0.0370872
vt 0.034071121 0.250222385
vn -0.7071373 0.7070762 0.0000000
f 5791/5791/5791 5792/5792/5792 5793/5793/5793
v -0.2759465 0.2249128 0.6979128
vt 0.033688664 0.006656830
vn -0.7071373 0.7070762 0.0000000
v -0.2749129 0.2259465 0.0370872
vt 0.034071121 0.250222385
vn -0.7071373 0.7070762 0.0000000
v -0.2759465 0.2249128 0.0370872
vt 0.033688664 0.250223160
vn -0.7071373 0.7070762 0.0000000
f 5794/5794/5794 5795/5795/5795 5796/5796/5796
v -0.2350871 0.1840535 0.6979128
vt 0.639435709 0.229125574
vn 0.0000000 -0.7071272 0.7070864
v -0.2350871 0.1850871 0.6989465
vt 0.639821589 0.229125574
vn 0.0000000 -0.7071272 0.7070864
v -0.2749129 0.1850871 0.6989465
vt 0.639821589 0.244007036
vn 0.0000000 -0.7071272 0.7070864
f 5797/5797/5797 5798/5798/5798 5799/5799/5799
v -0.2350871 0.1840535 0.6979128
vt 0.639435709 0.229125574
vn 0.0000000 -0.7071272 0.7070864
v -0.2749129 0.1850871 0.6989465
vt 0.639821589 0.244007036
vn 0.0000000 -0.7071272 0.7070864
v -0.2749129 0.1840535 0.6979128
vt 0.639435709 0.244007036
vn 0.0000000 -0.7071272 0.7070864
f 5800/5800/5800 5801/5801/5801 5802/5802/5802
v -0.2764656 0.2230000 0.6979973
vt 0.212495670 0.006626131
vn -0.7070824 -0.0112563 0.7070416
v -0.2759465 0.1850871 0.6979128
vt 0.198558971 0.006657253
vn -0.7070824 -0.0112563 0.7070416
v -0.2749129 0.1850871 0.6989465
vt 0.198554069 0.006275864
vn -0.7070824 -0.0112563 0.7070416
f 5803/5803/5803 5804/5804/5804 5805/5805/5805
v -0.2764656 0.2230000 0.6979973
vt 0.212495670 0.006626131
vn -0.7070907 -0.0112569 0.7070333
v -0.2749129 0.1850871 0.6989465
vt 0.198554069 0.006275864
vn -0.7070907 -0.0112569 0.7070333
v -0.2749974 0.2230000 0.6994656
vt 0.212488651 0.006084391
vn -0.7070907 -0.0112569 0.7070333
f 5806/5806/5806 5807/5807/5807 5808/5808/5808
v -0.2350871 0.2249128 0.0360535
vt 0.534974098 0.949332118
vn 0.0000000 0.0000000 -1.0000000
v -0.2350871 0.1850871 0.0360535
vt 0.549626589 0.949332118
vn 0.0000000 0.0000000 -1.0000000
v -0.2749129 0.1850871 0.0360535
vt 0.549626589 0.964023530
vn 0.0000000 0.0000000 -1.0000000
f 5809/5809/5809 5810/5810/5810 5811/5811/5811
v -0.2749129 0.1850871 0.0360535
vt 0.549626589 0.964023530
vn 0.9870029 0.0000000 -0.1607027
v -0.2749974 0.1870000 0.0355344
vt 0.548922718 0.964054763
vn 0.9870029 0.0000000 -0.1607027
v -0.2749129 0.2249128 0.0360535
vt 0.534974098 0.964023590
vn 0.9870029 0.0000000 -0.1607027
f 5812/5812/5812 5813/5813/5813 5814/5814/5814
v -0.2749129 0.1850871 0.0360535
vt 0.549626589 0.964023530
vn 0.0000000 0.0000000 -1.0000000
v -0.2749129 0.2249128 0.0360535
vt 0.534974098 0.964023590
vn 0.0000000 0.0000000 -1.0000000
v -0.2350871 0.2249128 0.0360535
vt 0.534974098 0.949332118
vn 0.0000000 0.0000000 -1.0000000
f 5815/5815/5815 5816/5816/5816 5817/5817/5817
v -0.2350871 0.2249128 0.6989465
vt 0.654663622 0.229125485
vn 0.0112560 0.7070518 0.7070722
v -0.2350871 0.2259465 0.6979128
vt 0.655048132 0.229125574
vn 0.0112560 0.7070518 0.7070722
v -0.2730000 0.2264656 0.6979973
vt 0.655241668 0.243292317
vn 0.0112560 0.7070518 0.7070722
f 5818/5818/5818 5819/5819/5819 5820/5820/5820
v -0.2350871 0.2249128 0.6989465
vt 0.654663622 0.229125485
vn 0.0112583 0.7070870 0.7070369
v -0.2730000 0.2264656 0.6979973
vt 0.655241668 0.243292317
vn 0.0112583 0.7070870 0.7070369
v -0.2730000 0.2249974 0.6994656
vt 0.654695511 0.243292227
vn 0.0112583 0.7070870 0.7070369
f 5821/5821/5821 5822/5822/5822 5823/5823/5823
v -0.2340535 0.1850871 0.6979128
vt 0.324464798 0.006432077
vn 0.6901416 -0.6901315 0.2177687
v -0.2350871 0.1840535 0.6979128
vt 0.324844688 0.006431788
vn 0.6901416 -0.6901315 0.2177687
v -0.2350026 0.1835344 0.6960000
vt 0.325037152 0.007136436
vn 0.6901416 -0.6901315 0.2177687
f 5824/5824/5824 5825/5825/5825 5826/5826/5826
v -0.2340535 0.1850871 0.6979128
vt 0.324464798 0.006432077
vn 0.6901314 -0.6901383 0.2177792
v -0.2350026 0.1835344 0.6960000
vt 0.325037152 0.007136436
vn 0.6901314 -0.6901383 0.2177792
v -0.2335344 0.1850026 0.6960000
vt 0.324497551 0.007136792
vn 0.6901314 -0.6901383 0.2177792
f 5827/5827/5827 5828/5828/5828 5829/5829/5829
v -0.2350871 0.2259465 0.6979128
vt 0.048710812 0.006656119
vn 0.0000000 1.0000000 0.0000000
v -0.2350871 0.2259465 0.0370872
vt 0.048710812 0.250222474
vn 0.0000000 1.0000000 0.0000000
v -0.2749129 0.2259465 0.0370872
vt 0.034071121 0.250222385
vn 0.0000000 1.0000000 0.0000000
f 5830/5830/5830 5831/5831/5831 5832/5832/5832
v -0.2749129 0.2259465 0.0370872
vt 0.034071121 0.250222385
vn -0.2618958 0.9650962 0.0000000
v -0.2749129 0.2259465 0.6979128
vt 0.034071121 0.006655940
vn -0.2618958 0.9650962 0.0000000
v -0.2730000 0.2264656 0.6979973
vt 0.034775436 0.006624440
vn -0.2618958 0.9650962 0.0000000
f 5833/5833/5833 5834/5834/5834 5835/5835/5835
v -0.2749129 0.2259465 0.0370872
vt 0.034071121 0.250222385
vn 0.0136887 0.9999060 -0.0008250
v -0.2730000 0.2264656 0.6979973
vt 0.034775436 0.006624440
vn 0.0136887 0.9999060 -0.0008250
v -0.2350871 0.2259465 0.6979128
vt 0.048710812 0.006656119
vn 0.0136887 0.9999060 -0.0008250
f 5836/5836/5836 5837/5837/5837 5838/5838/5838
v -0.2350871 0.2259465 0.6979128
vt 0.309443355 0.006466269
vn 0.7071425 0.7070711 0.0000000
v -0.2340535 0.2249128 0.6979128
vt 0.309823424 0.006464868
vn 0.7071425 0.7070711 0.0000000
v -0.2340535 0.2249128 0.0370872
vt 0.310366154 0.250053912
vn 0.7071425 0.7070711 0.0000000
f 5839/5839/5839 5840/5840/5840 5841/5841/5841
v -0.2350871 0.2259465 0.6979128
vt 0.309443355 0.006466269
vn 0.7071425 0.7070711 0.0000000
v -0.2340535 0.2249128 0.0370872
vt 0.310366154 0.250053912
vn 0.7071425 0.7070711 0.0000000
v -0.2350871 0.2259465 0.0370872
vt 0.309986085 0.250055313
vn 0.7071425 0.7070711 0.0000000
f 5842/5842/5842 5843/5843/5843 5844/5844/5844
o pz_barbecue_full_jorge_|_square_stand_leg.002
usemtl metal
v 0.2350871 -0.2259465 0.0370872
vt 0.143344641 0.250198513
vn -0.0604863 -0.0604802 -0.9963350
v 0.2340535 -0.2249128 0.0370872
vt 0.143729463 0.250198960
vn -0.0604863 -0.0604802 -0.9963350
v 0.2335344 -0.2230000 0.0370026
vt 0.144434974 0.250230372
vn -0.0604863 -0.0604802 -0.9963350
f 5845/5845/5845 5846/5846/5846 5847/5847/5847
v 0.2335344 -0.2230000 0.0370026
vt 0.144434974 0.250230372
vn -0.6901329 -0.2177748 -0.6901382
v 0.2350026 -0.2230000 0.0355344
vt 0.144427940 0.250770777
vn -0.6901329 -0.2177748 -0.6901382
v 0.2350871 -0.2249128 0.0360535
vt 0.143724471 0.250579476
vn -0.6901329 -0.2177748 -0.6901382
f 5848/5848/5848 5849/5849/5849 5850/5850/5850
v 0.2335344 -0.2230000 0.0370026
vt 0.144434974 0.250230372
vn -0.7933754 -0.4304397 -0.4304381
v 0.2350871 -0.2249128 0.0360535
vt 0.143724471 0.250579476
vn -0.7933754 -0.4304397 -0.4304381
v 0.2350871 -0.2259465 0.0370872
vt 0.143344641 0.250198513
vn -0.7933754 -0.4304397 -0.4304381
f 5851/5851/5851 5852/5852/5852 5853/5853/5853
v 0.2370000 -0.1850026 0.6994656
vt 0.768685460 0.466896385
vn 0.0112567 0.7070824 0.7070416
v 0.2749129 -0.1850871 0.6989465
vt 0.768653631 0.452729553
vn 0.0112567 0.7070824 0.7070416
v 0.2749129 -0.1840535 0.6979128
vt 0.769038141 0.452729642
vn 0.0112567 0.7070824 0.7070416
f 5854/5854/5854 5855/5855/5855 5856/5856/5856
v 0.2370000 -0.1850026 0.6994656
vt 0.768685460 0.466896385
vn 0.0112564 0.7070871 0.7070369
v 0.2749129 -0.1840535 0.6979128
vt 0.769038141 0.452729642
vn 0.0112564 0.7070871 0.7070369
v 0.2370000 -0.1835344 0.6979973
vt 0.769231677 0.466896385
vn 0.0112564 0.7070871 0.7070369
f 5857/5857/5857 5858/5858/5858 5859/5859/5859
v 0.2340535 -0.1850871 0.6979128
vt 0.088516347 0.006656830
vn -0.0604052 0.9963449 0.0604008
v 0.2350871 -0.1850871 0.6989465
vt 0.088896312 0.006275797
vn -0.0604052 0.9963449 0.0604008
v 0.2370000 -0.1850026 0.6994656
vt 0.089599647 0.006084391
vn -0.0604052 0.9963449 0.0604008
f 5860/5860/5860 5861/5861/5861 5862/5862/5862
v 0.2370000 -0.1850026 0.6994656
vt 0.089599647 0.006084391
vn -0.2177567 0.6901630 0.6901139
v 0.2370000 -0.1835344 0.6979973
vt 0.089603119 0.006624351
vn -0.2177567 0.6901630 0.6901139
v 0.2350871 -0.1840535 0.6979128
vt 0.088898629 0.006656030
vn -0.2177567 0.6901630 0.6901139
f 5863/5863/5863 5864/5864/5864 5865/5865/5865
v 0.2370000 -0.1850026 0.6994656
vt 0.089599647 0.006084391
vn -0.4304421 0.4304359 0.7933754
v 0.2350871 -0.1840535 0.6979128
vt 0.088898629 0.006656030
vn -0.4304421 0.4304359 0.7933754
v 0.2340535 -0.1850871 0.6979128
vt 0.088516347 0.006656830
vn -0.4304421 0.4304359 0.7933754
f 5866/5866/5866 5867/5867/5867 5868/5868/5868
v 0.2749129 -0.2259465 0.0370872
vt 0.420011550 0.249695003
vn 0.0000000 -0.7071081 -0.7071055
v 0.2350871 -0.2259465 0.0370872
vt 0.434652299 0.249695092
vn 0.0000000 -0.7071081 -0.7071055
v 0.2350871 -0.2249128 0.0360535
vt 0.434652299 0.250077605
vn 0.0000000 -0.7071081 -0.7071055
f 5869/5869/5869 5870/5870/5870 5871/5871/5871
v 0.2749129 -0.2259465 0.0370872
vt 0.420011550 0.249695003
vn 0.0000000 -0.7071081 -0.7071055
v 0.2350871 -0.2249128 0.0360535
vt 0.434652299 0.250077605
vn 0.0000000 -0.7071081 -0.7071055
v 0.2749129 -0.2249128 0.0360535
vt 0.420011371 0.250077605
vn 0.0000000 -0.7071081 -0.7071055
f 5872/5872/5872 5873/5873/5873 5874/5874/5874
v 0.2350871 -0.1850871 0.0360535
vt 0.088896312 0.250603586
vn 0.0000000 0.7071387 -0.7070749
v 0.2350871 -0.1840535 0.0370872
vt 0.088898629 0.250221759
vn 0.0000000 0.7071387 -0.7070749
v 0.2749129 -0.1840535 0.0370872
vt 0.103538319 0.250222027
vn 0.0000000 0.7071387 -0.7070749
f 5875/5875/5875 5876/5876/5876 5877/5877/5877
v 0.2350871 -0.1850871 0.0360535
vt 0.088896312 0.250603586
vn 0.0000000 0.7071387 -0.7070749
v 0.2749129 -0.1840535 0.0370872
vt 0.103538319 0.250222027
vn 0.0000000 0.7071387 -0.7070749
v 0.2749129 -0.1850871 0.0360535
vt 0.103535913 0.250603944
vn 0.0000000 0.7071387 -0.7070749
f 5878/5878/5878 5879/5879/5879 5880/5880/5880
v 0.2749129 -0.2259465 0.0370872
vt 0.420011550 0.249695003
vn 0.5773843 -0.5773343 -0.5773323
v 0.2749129 -0.2249128 0.0360535
vt 0.420011371 0.250077605
vn 0.5773843 -0.5773343 -0.5773323
v 0.2759465 -0.2249128 0.0370872
vt 0.419631481 0.249696612
vn 0.5773843 -0.5773343 -0.5773323
f 5881/5881/5881 5882/5882/5882 5883/5883/5883
v 0.2749129 -0.1850871 0.6989465
vt 0.768653631 0.452729553
vn 0.7071272 0.0000000 0.7070864
v 0.2749129 -0.2249128 0.6989465
vt 0.753811598 0.452729642
vn 0.7071272 0.0000000 0.7070864
v 0.2759465 -0.2249128 0.6979128
vt 0.753810942 0.452343464
vn 0.7071272 0.0000000 0.7070864
f 5884/5884/5884 5885/5885/5885 5886/5886/5886
v 0.2749129 -0.1850871 0.6989465
vt 0.768653631 0.452729553
vn 0.7071272 0.0000000 0.7070864
v 0.2759465 -0.2249128 0.6979128
vt 0.753810942 0.452343464
vn 0.7071272 0.0000000 0.7070864
v 0.2759465 -0.1850871 0.6979128
vt 0.768652976 0.452343464
vn 0.7071272 0.0000000 0.7070864
f 5887/5887/5887 5888/5888/5888 5889/5889/5889
v 0.2749129 -0.1840535 0.0370872
vt 0.282034248 0.250055522
vn 0.5773676 0.5773676 -0.5773156
v 0.2759465 -0.1850871 0.0370872
vt 0.282414287 0.250054091
vn 0.5773676 0.5773676 -0.5773156
v 0.2749129 -0.1850871 0.0360535
vt 0.282415092 0.250435770
vn 0.5773676 0.5773676 -0.5773156
f 5890/5890/5890 5891/5891/5891 5892/5892/5892
v 0.2350871 -0.2249128 0.6989465
vt 0.753811598 0.467611104
vn 0.0000000 0.0000000 1.0000000
v 0.2749129 -0.2249128 0.6989465
vt 0.753811598 0.452729642
vn 0.0000000 0.0000000 1.0000000
v 0.2749129 -0.1850871 0.6989465
vt 0.768653631 0.452729553
vn 0.0000000 0.0000000 1.0000000
f 5893/5893/5893 5894/5894/5894 5895/5895/5895
v 0.2749129 -0.1850871 0.6989465
vt 0.768653631 0.452729553
vn 0.0000000 -0.9870071 0.1606762
v 0.2370000 -0.1850026 0.6994656
vt 0.768685460 0.466896385
vn 0.0000000 -0.9870071 0.1606762
v 0.2350871 -0.1850871 0.6989465
vt 0.768653631 0.467611104
vn 0.0000000 -0.9870071 0.1606762
f 5896/5896/5896 5897/5897/5897 5898/5898/5898
v 0.2350871 -0.1850871 0.6989465
vt 0.768653631 0.467611104
vn 0.9870117 0.0000000 0.1606486
v 0.2350026 -0.1870000 0.6994656
vt 0.767941117 0.467642695
vn 0.9870117 0.0000000 0.1606486
v 0.2350871 -0.2249128 0.6989465
vt 0.753811598 0.467611104
vn 0.9870117 0.0000000 0.1606486
f 5899/5899/5899 5900/5900/5900 5901/5901/5901
v 0.2749129 -0.1850871 0.6989465
vt 0.768653631 0.452729553
vn 0.0000000 0.0000000 1.0000000
v 0.2350871 -0.1850871 0.6989465
vt 0.768653631 0.467611104
vn 0.0000000 0.0000000 1.0000000
v 0.2350871 -0.2249128 0.6989465
vt 0.753811598 0.467611104
vn 0.0000000 0.0000000 1.0000000
f 5902/5902/5902 5903/5903/5903 5904/5904/5904
v 0.2759465 -0.2249128 0.0370872
vt 0.297055691 0.250021368
vn 1.0000000 0.0000000 0.0000000
v 0.2759465 -0.1850871 0.0370872
vt 0.282414287 0.250054091
vn 1.0000000 0.0000000 0.0000000
v 0.2759465 -0.1850871 0.6979128
vt 0.281871676 0.006464846
vn 1.0000000 0.0000000 0.0000000
f 5905/5905/5905 5906/5906/5906 5907/5907/5907
v 0.2759465 -0.1850871 0.6979128
vt 0.281871676 0.006464846
vn 0.9650941 0.0000000 0.2619034
v 0.2759465 -0.2249128 0.6979128
vt 0.296512961 0.006432055
vn 0.9650941 0.0000000 0.2619034
v 0.2764656 -0.2249974 0.6960000
vt 0.296545804 0.007136770
vn 0.9650941 0.0000000 0.2619034
f 5908/5908/5908 5909/5909/5909 5910/5910/5910
v 0.2759465 -0.1850871 0.6979128
vt 0.281871676 0.006464846
vn 0.9999146 0.0130432 -0.0007861
v 0.2764656 -0.2249974 0.6960000
vt 0.296545804 0.007136770
vn 0.9999146 0.0130432 -0.0007861
v 0.2759465 -0.2249128 0.0370872
vt 0.297055691 0.250021368
vn 0.9999146 0.0130432 -0.0007861
f 5911/5911/5911 5912/5912/5912 5913/5913/5913
v 0.2340535 -0.1850871 0.0370872
vt 0.088516347 0.250222713
vn -0.5773731 0.5773649 -0.5773128
v 0.2350871 -0.1840535 0.0370872
vt 0.088898629 0.250221759
vn -0.5773731 0.5773649 -0.5773128
v 0.2350871 -0.1850871 0.0360535
vt 0.088896312 0.250603586
vn -0.5773731 0.5773649 -0.5773128
f 5914/5914/5914 5915/5915/5915 5916/5916/5916
v 0.2340535 -0.2249128 0.6979128
vt 0.143729463 0.006657231
vn -0.5773836 -0.5773253 0.5773420
v 0.2350871 -0.2259465 0.6979128
vt 0.143344641 0.006656875
vn -0.5773836 -0.5773253 0.5773420
v 0.2350871 -0.2249128 0.6989465
vt 0.143724471 0.006275887
vn -0.5773836 -0.5773253 0.5773420
f 5917/5917/5917 5918/5918/5918 5919/5919/5919
v 0.2370000 -0.1835344 0.6979973
vt 0.089603119 0.006624351
vn 0.0136905 0.9999063 0.0000000
v 0.2749129 -0.1840535 0.6979128
vt 0.103538319 0.006656119
vn 0.0136905 0.9999063 0.0000000
v 0.2749129 -0.1840535 0.0370872
vt 0.103538319 0.250222027
vn 0.0136905 0.9999063 0.0000000
f 5920/5920/5920 5921/5921/5921 5922/5922/5922
v 0.2749129 -0.1840535 0.0370872
vt 0.103538319 0.250222027
vn 0.0000000 1.0000000 0.0000000
v 0.2350871 -0.1840535 0.0370872
vt 0.088898629 0.250221759
vn 0.0000000 1.0000000 0.0000000
v 0.2350871 -0.1840535 0.6979128
vt 0.088898629 0.006656030
vn 0.0000000 1.0000000 0.0000000
f 5923/5923/5923 5924/5924/5924 5925/5925/5925
v 0.2749129 -0.1840535 0.0370872
vt 0.103538319 0.250222027
vn -0.2612140 0.9651526 -0.0157425
v 0.2350871 -0.1840535 0.6979128
vt 0.088898629 0.006656030
vn -0.2612140 0.9651526 -0.0157425
v 0.2370000 -0.1835344 0.6979973
vt 0.089603119 0.006624351
vn -0.2612140 0.9651526 -0.0157425
f 5926/5926/5926 5927/5927/5927 5928/5928/5928
v 0.2335344 -0.1870000 0.6979973
vt 0.157666117 0.006626131
vn -0.9650948 0.2619009 0.0000000
v 0.2340535 -0.1850871 0.6979128
vt 0.158366650 0.006657009
vn -0.9650948 0.2619009 0.0000000
v 0.2340535 -0.1850871 0.0370872
vt 0.158366650 0.250198781
vn -0.9650948 0.2619009 0.0000000
f 5929/5929/5929 5930/5930/5930 5931/5931/5931
v 0.2340535 -0.1850871 0.0370872
vt 0.158366650 0.250198781
vn -0.1608443 0.0000000 0.9869798
v 0.2335344 -0.2230000 0.0370026
vt 0.144434974 0.250230372
vn -0.1608443 0.0000000 0.9869798
v 0.2340535 -0.2249128 0.0370872
vt 0.143729463 0.250198960
vn -0.1608443 0.0000000 0.9869798
f 5932/5932/5932 5933/5933/5933 5934/5934/5934
v 0.2340535 -0.2249128 0.0370872
vt 0.143729463 0.250198960
vn -0.9999063 -0.0136910 0.0000000
v 0.2340535 -0.2249128 0.6979128
vt 0.143729463 0.006657231
vn -0.9999063 -0.0136910 0.0000000
v 0.2335344 -0.1870000 0.6979973
vt 0.157666117 0.006626131
vn -0.9999063 -0.0136910 0.0000000
f 5935/5935/5935 5936/5936/5936 5937/5937/5937
v 0.2340535 -0.1850871 0.0370872
vt 0.158366650 0.250198781
vn -0.9999997 0.0000000 -0.0007854
v 0.2340535 -0.2249128 0.0370872
vt 0.143729463 0.250198960
vn -0.9999997 0.0000000 -0.0007854
v 0.2335344 -0.1870000 0.6979973
vt 0.157666117 0.006626131
vn -0.9999997 0.0000000 -0.0007854
f 5938/5938/5938 5939/5939/5939 5940/5940/5940
v 0.2340535 -0.1850871 0.6979128
vt 0.088516347 0.006656830
vn -0.7071119 0.7071017 0.0000000
v 0.2350871 -0.1840535 0.6979128
vt 0.088898629 0.006656030
vn -0.7071119 0.7071017 0.0000000
v 0.2350871 -0.1840535 0.0370872
vt 0.088898629 0.250221759
vn -0.7071119 0.7071017 0.0000000
f 5941/5941/5941 5942/5942/5942 5943/5943/5943
v 0.2340535 -0.1850871 0.6979128
vt 0.088516347 0.006656830
vn -0.7071119 0.7071017 0.0000000
v 0.2350871 -0.1840535 0.0370872
vt 0.088898629 0.250221759
vn -0.7071119 0.7071017 0.0000000
v 0.2340535 -0.1850871 0.0370872
vt 0.088516347 0.250222713
vn -0.7071119 0.7071017 0.0000000
f 5944/5944/5944 5945/5945/5945 5946/5946/5946
v 0.2749129 -0.2259465 0.6979128
vt 0.753425658 0.452729642
vn 0.5773780 -0.5773281 0.5773447
v 0.2759465 -0.2249128 0.6979128
vt 0.753810942 0.452343464
vn 0.5773780 -0.5773281 0.5773447
v 0.2749129 -0.2249128 0.6989465
vt 0.753811598 0.452729642
vn 0.5773780 -0.5773281 0.5773447
f 5947/5947/5947 5948/5948/5948 5949/5949/5949
v 0.2759465 -0.1850871 0.6979128
vt 0.281871676 0.006464846
vn 0.5773614 0.5773614 0.5773281
v 0.2749129 -0.1840535 0.6979128
vt 0.281491518 0.006466269
vn 0.5773614 0.5773614 0.5773281
v 0.2749129 -0.1850871 0.6989465
vt 0.281870693 0.006084391
vn 0.5773614 0.5773614 0.5773281
f 5950/5950/5950 5951/5951/5951 5952/5952/5952
v 0.2350871 -0.2259465 0.6979128
vt 0.434652299 0.006116292
vn 0.0000000 -1.0000000 0.0000000
v 0.2350871 -0.2259465 0.0370872
vt 0.434652299 0.249695092
vn 0.0000000 -1.0000000 0.0000000
v 0.2749129 -0.2259465 0.0370872
vt 0.420011550 0.249695003
vn 0.0000000 -1.0000000 0.0000000
f 5953/5953/5953 5954/5954/5954 5955/5955/5955
v 0.2749129 -0.2259465 0.0370872
vt 0.420011550 0.249695003
vn -0.9870026 -0.1607039 0.0000000
v 0.2749974 -0.2264656 0.6960000
vt 0.419980407 0.006820607
vn -0.9870026 -0.1607039 0.0000000
v 0.2749129 -0.2259465 0.6979128
vt 0.420011461 0.006116292
vn -0.9870026 -0.1607039 0.0000000
f 5956/5956/5956 5957/5957/5957 5958/5958/5958
v 0.2749129 -0.2259465 0.0370872
vt 0.420011550 0.249695003
vn 0.0000000 -1.0000000 0.0000000
v 0.2749129 -0.2259465 0.6979128
vt 0.420011461 0.006116292
vn 0.0000000 -1.0000000 0.0000000
v 0.2350871 -0.2259465 0.6979128
vt 0.434652299 0.006116292
vn 0.0000000 -1.0000000 0.0000000
f 5959/5959/5959 5960/5960/5960 5961/5961/5961
v 0.2749129 -0.1840535 0.6979128
vt 0.281491518 0.006466269
vn 0.7071068 0.7071068 0.0000000
v 0.2759465 -0.1850871 0.6979128
vt 0.281871676 0.006464846
vn 0.7071068 0.7071068 0.0000000
v 0.2759465 -0.1850871 0.0370872
vt 0.282414287 0.250054091
vn 0.7071068 0.7071068 0.0000000
f 5962/5962/5962 5963/5963/5963 5964/5964/5964
v 0.2749129 -0.1840535 0.6979128
vt 0.281491518 0.006466269
vn 0.7071068 0.7071068 0.0000000
v 0.2759465 -0.1850871 0.0370872
vt 0.282414287 0.250054091
vn 0.7071068 0.7071068 0.0000000
v 0.2749129 -0.1840535 0.0370872
vt 0.282034248 0.250055522
vn 0.7071068 0.7071068 0.0000000
f 5965/5965/5965 5966/5966/5966 5967/5967/5967
v 0.2759465 -0.1850871 0.0370872
vt 0.282414287 0.250054091
vn 0.7071386 0.0000000 -0.7070749
v 0.2759465 -0.2249128 0.0370872
vt 0.297055691 0.250021368
vn 0.7071386 0.0000000 -0.7070749
v 0.2749129 -0.2249128 0.0360535
vt 0.297056496 0.250402927
vn 0.7071386 0.0000000 -0.7070749
f 5968/5968/5968 5969/5969/5969 5970/5970/5970
v 0.2759465 -0.1850871 0.0370872
vt 0.282414287 0.250054091
vn 0.7071386 0.0000000 -0.7070749
v 0.2749129 -0.2249128 0.0360535
vt 0.297056496 0.250402927
vn 0.7071386 0.0000000 -0.7070749
v 0.2749129 -0.1850871 0.0360535
vt 0.282415092 0.250435770
vn 0.7071386 0.0000000 -0.7070749
f 5971/5971/5971 5972/5972/5972 5973/5973/5973
v 0.2350871 -0.1850871 0.0360535
vt 0.249942765 0.970340252
vn 0.0000000 0.0000000 -1.0000000
v 0.2749129 -0.1850871 0.0360535
vt 0.249942675 0.955648720
vn 0.0000000 0.0000000 -1.0000000
v 0.2749129 -0.2249128 0.0360535
vt 0.264595091 0.955648720
vn 0.0000000 0.0000000 -1.0000000
f 5974/5974/5974 5975/5975/5975 5976/5976/5976
v 0.2749129 -0.2249128 0.0360535
vt 0.264595091 0.955648720
vn 0.0000000 -0.2619090 -0.9650927
v 0.2350871 -0.2249128 0.0360535
vt 0.264595091 0.970340192
vn 0.0000000 -0.2619090 -0.9650927
v 0.2350026 -0.2230000 0.0355344
vt 0.263891220 0.970371366
vn 0.0000000 -0.2619090 -0.9650927
f 5977/5977/5977 5978/5978/5978 5979/5979/5979
v 0.2749129 -0.2249128 0.0360535
vt 0.264595091 0.955648720
vn 0.0136589 0.0136589 -0.9998135
v 0.2350026 -0.2230000 0.0355344
vt 0.263891220 0.970371366
vn 0.0136589 0.0136589 -0.9998135
v 0.2350871 -0.1850871 0.0360535
vt 0.249942765 0.970340252
vn 0.0136589 0.0136589 -0.9998135
f 5980/5980/5980 5981/5981/5981 5982/5982/5982
v 0.2350871 -0.1850871 0.6989465
vt 0.768653631 0.467611104
vn -0.6901625 0.2177619 0.6901127
v 0.2340535 -0.1850871 0.6979128
vt 0.768652976 0.467997402
vn -0.6901625 0.2177619 0.6901127
v 0.2335344 -0.1870000 0.6979973
vt 0.767940044 0.468191385
vn -0.6901625 0.2177619 0.6901127
f 5983/5983/5983 5984/5984/5984 5985/5985/5985
v 0.2350871 -0.1850871 0.6989465
vt 0.768653631 0.467611104
vn -0.6901594 0.2177571 0.6901173
v 0.2335344 -0.1870000 0.6979973
vt 0.767940044 0.468191385
vn -0.6901594 0.2177571 0.6901173
v 0.2350026 -0.1870000 0.6994656
vt 0.767941117 0.467642695
vn -0.6901594 0.2177571 0.6901173
f 5986/5986/5986 5987/5987/5987 5988/5988/5988
v 0.2759465 -0.2249128 0.6979128
vt 0.296512961 0.006432055
vn 0.6901656 -0.6901059 0.2177735
v 0.2749129 -0.2259465 0.6979128
vt 0.296892941 0.006431744
vn 0.6901656 -0.6901059 0.2177735
v 0.2749974 -0.2264656 0.6960000
vt 0.297085315 0.007136414
vn 0.6901656 -0.6901059 0.2177735
f 5989/5989/5989 5990/5990/5990 5991/5991/5991
v 0.2759465 -0.2249128 0.6979128
vt 0.296512961 0.006432055
vn 0.6901341 -0.6901271 0.2178063
v 0.2749974 -0.2264656 0.6960000
vt 0.297085315 0.007136414
vn 0.6901341 -0.6901271 0.2178063
v 0.2764656 -0.2249974 0.6960000
vt 0.296545804 0.007136770
vn 0.6901341 -0.6901271 0.2178063
f 5992/5992/5992 5993/5993/5993 5994/5994/5994
v 0.2335344 -0.1870000 0.6979973
vt 0.157666117 0.006626131
vn -0.7070875 -0.0112567 0.7070365
v 0.2340535 -0.2249128 0.6979128
vt 0.143729463 0.006657231
vn -0.7070875 -0.0112567 0.7070365
v 0.2350871 -0.2249128 0.6989465
vt 0.143724471 0.006275887
vn -0.7070875 -0.0112567 0.7070365
f 5995/5995/5995 5996/5996/5996 5997/5997/5997
v 0.2335344 -0.1870000 0.6979973
vt 0.157666117 0.006626131
vn -0.7070835 -0.0112565 0.7070405
v 0.2350871 -0.2249128 0.6989465
vt 0.143724471 0.006275887
vn -0.7070835 -0.0112565 0.7070405
v 0.2350026 -0.1870000 0.6994656
vt 0.157659099 0.006084391
vn -0.7070835 -0.0112565 0.7070405
f 5998/5998/5998 5999/5999/5999 6000/6000/6000
v 0.2350871 -0.2249128 0.6989465
vt 0.753811598 0.467611104
vn 0.0000000 -0.7070966 0.7071170
v 0.2350871 -0.2259465 0.6979128
vt 0.753425658 0.467611194
vn 0.0000000 -0.7070966 0.7071170
v 0.2749129 -0.2259465 0.6979128
vt 0.753425658 0.452729642
vn 0.0000000 -0.7070966 0.7071170
f 6001/6001/6001 6002/6002/6002 6003/6003/6003
v 0.2350871 -0.2249128 0.6989465
vt 0.753811598 0.467611104
vn 0.0000000 -0.7070966 0.7071170
v 0.2749129 -0.2259465 0.6979128
vt 0.753425658 0.452729642
vn 0.0000000 -0.7070966 0.7071170
v 0.2749129 -0.2249128 0.6989465
vt 0.753811598 0.452729642
vn 0.0000000 -0.7070966 0.7071170
f 6004/6004/6004 6005/6005/6005 6006/6006/6006
v 0.2340535 -0.1850871 0.0370872
vt 0.249942854 0.970721483
vn -0.7070990 0.0112563 -0.7070251
v 0.2350871 -0.1850871 0.0360535
vt 0.249942765 0.970340252
vn -0.7070990 0.0112563 -0.7070251
v 0.2350026 -0.2230000 0.0355344
vt 0.263891220 0.970371366
vn -0.7070990 0.0112563 -0.7070251
f 6007/6007/6007 6008/6008/6008 6009/6009/6009
v 0.2340535 -0.1850871 0.0370872
vt 0.249942854 0.970721483
vn -0.7070593 0.0112589 -0.7070646
v 0.2350026 -0.2230000 0.0355344
vt 0.263891220 0.970371366
vn -0.7070593 0.0112589 -0.7070646
v 0.2335344 -0.2230000 0.0370026
vt 0.263891578 0.970912993
vn -0.7070593 0.0112589 -0.7070646
f 6010/6010/6010 6011/6011/6011 6012/6012/6012
v 0.2749129 -0.2259465 0.0370872
vt 0.420011550 0.249695003
vn 0.7071373 -0.7070760 -0.0006479
v 0.2759465 -0.2249128 0.0370872
vt 0.419631481 0.249696612
vn 0.7071373 -0.7070760 -0.0006479
v 0.2764656 -0.2249974 0.6960000
vt 0.419440627 0.006822698
vn 0.7071373 -0.7070760 -0.0006479
f 6013/6013/6013 6014/6014/6014 6015/6015/6015
v 0.2749129 -0.2259465 0.0370872
vt 0.420011550 0.249695003
vn 0.7071102 -0.7071031 -0.0006478
v 0.2764656 -0.2249974 0.6960000
vt 0.419440627 0.006822698
vn 0.7071102 -0.7071031 -0.0006478
v 0.2749974 -0.2264656 0.6960000
vt 0.419980407 0.006820607
vn 0.7071102 -0.7071031 -0.0006478
f 6016/6016/6016 6017/6017/6017 6018/6018/6018
v 0.2350871 -0.2259465 0.6979128
vt 0.143344641 0.006656875
vn -0.7071425 -0.7070711 0.0000000
v 0.2340535 -0.2249128 0.6979128
vt 0.143729463 0.006657231
vn -0.7071425 -0.7070711 0.0000000
v 0.2340535 -0.2249128 0.0370872
vt 0.143729463 0.250198960
vn -0.7071425 -0.7070711 0.0000000
f 6019/6019/6019 6020/6020/6020 6021/6021/6021
v 0.2350871 -0.2259465 0.6979128
vt 0.143344641 0.006656875
vn -0.7071425 -0.7070711 0.0000000
v 0.2340535 -0.2249128 0.0370872
vt 0.143729463 0.250198960
vn -0.7071425 -0.7070711 0.0000000
v 0.2350871 -0.2259465 0.0370872
vt 0.143344641 0.250198513
vn -0.7071425 -0.7070711 0.0000000
f 6022/6022/6022 6023/6023/6023 6024/6024/6024
o pz_barbecue_full_jorge_|_square_stand_leg.003
usemtl metal
v 0.2749129 0.1840535 0.0370872
vt 0.337776691 0.249695987
vn 0.7071066 -0.7071066 -0.0006477
v 0.2759465 0.1850871 0.0370872
vt 0.337396711 0.249697402
vn 0.7071066 -0.7071066 -0.0006477
v 0.2764656 0.1850026 0.6960000
vt 0.337205946 0.006822654
vn 0.7071066 -0.7071066 -0.0006477
f 6025/6025/6025 6026/6026/6026 6027/6027/6027
v 0.2749129 0.1840535 0.0370872
vt 0.337776691 0.249695987
vn 0.7071102 -0.7071031 -0.0006478
v 0.2764656 0.1850026 0.6960000
vt 0.337205946 0.006822654
vn 0.7071102 -0.7071031 -0.0006478
v 0.2749974 0.1835344 0.6960000
vt 0.337745637 0.006820585
vn 0.7071102 -0.7071031 -0.0006478
f 6028/6028/6028 6029/6029/6029 6030/6030/6030
v 0.2340535 0.2249128 0.6979128
vt 0.006274919 0.006656741
vn -0.7071425 0.7070711 0.0000000
v 0.2350871 0.2259465 0.6979128
vt 0.006657464 0.006655851
vn -0.7071425 0.7070711 0.0000000
v 0.2350871 0.2259465 0.0370872
vt 0.006657464 0.250222474
vn -0.7071425 0.7070711 0.0000000
f 6031/6031/6031 6032/6032/6032 6033/6033/6033
v 0.2340535 0.2249128 0.6979128
vt 0.006274919 0.006656741
vn -0.7071425 0.7070711 0.0000000
v 0.2350871 0.2259465 0.0370872
vt 0.006657464 0.250222474
vn -0.7071425 0.7070711 0.0000000
v 0.2340535 0.2249128 0.0370872
vt 0.006274919 0.250223517
vn -0.7071425 0.7070711 0.0000000
f 6034/6034/6034 6035/6035/6035 6036/6036/6036
v 0.2340535 0.2249128 0.6979128
vt 0.006274919 0.006656741
vn -0.0604686 0.9963371 0.0604643
v 0.2350871 0.2249128 0.6989465
vt 0.006654884 0.006275708
vn -0.0604686 0.9963371 0.0604643
v 0.2370000 0.2249974 0.6994656
vt 0.007358219 0.006084391
vn -0.0604686 0.9963371 0.0604643
f 6037/6037/6037 6038/6038/6038 6039/6039/6039
v 0.2370000 0.2249974 0.6994656
vt 0.007358219 0.006084391
vn -0.2177567 0.6901630 0.6901139
v 0.2370000 0.2264656 0.6979973
vt 0.007361779 0.006624351
vn -0.2177567 0.6901630 0.6901139
v 0.2350871 0.2259465 0.6979128
vt 0.006657464 0.006655851
vn -0.2177567 0.6901630 0.6901139
f 6040/6040/6040 6041/6041/6041 6042/6042/6042
v 0.2370000 0.2249974 0.6994656
vt 0.007358219 0.006084391
vn -0.4304568 0.4304133 0.7933797
v 0.2350871 0.2259465 0.6979128
vt 0.006657464 0.006655851
vn -0.4304568 0.4304133 0.7933797
v 0.2340535 0.2249128 0.6979128
vt 0.006274919 0.006656741
vn -0.4304568 0.4304133 0.7933797
f 6043/6043/6043 6044/6044/6044 6045/6045/6045
v 0.2335344 0.1870000 0.0370026
vt 0.171849787 0.250229806
vn -0.9650948 -0.2619009 0.0000000
v 0.2340535 0.1850871 0.0370872
vt 0.171144232 0.250198305
vn -0.9650948 -0.2619009 0.0000000
v 0.2340535 0.1850871 0.6979128
vt 0.171144232 0.006657231
vn -0.9650948 -0.2619009 0.0000000
f 6046/6046/6046 6047/6047/6047 6048/6048/6048
v 0.2340535 0.1850871 0.6979128
vt 0.171144232 0.006657231
vn -0.1605889 0.0000000 -0.9870213
v 0.2335344 0.2230000 0.6979973
vt 0.185080901 0.006626131
vn -0.1605889 0.0000000 -0.9870213
v 0.2340535 0.2249128 0.6979128
vt 0.185781434 0.006657053
vn -0.1605889 0.0000000 -0.9870213
f 6049/6049/6049 6050/6050/6050 6051/6051/6051
v 0.2340535 0.2249128 0.6979128
vt 0.185781434 0.006657053
vn -0.9999063 0.0136910 0.0000000
v 0.2340535 0.2249128 0.0370872
vt 0.185781434 0.250198126
vn -0.9999063 0.0136910 0.0000000
v 0.2335344 0.1870000 0.0370026
vt 0.171849787 0.250229806
vn -0.9999063 0.0136910 0.0000000
f 6052/6052/6052 6053/6053/6053 6054/6054/6054
v 0.2340535 0.1850871 0.6979128
vt 0.171144232 0.006657231
vn -0.9999996 0.0000000 0.0007854
v 0.2340535 0.2249128 0.6979128
vt 0.185781434 0.006657053
vn -0.9999996 0.0000000 0.0007854
v 0.2335344 0.1870000 0.0370026
vt 0.171849787 0.250229806
vn -0.9999996 0.0000000 0.0007854
f 6055/6055/6055 6056/6056/6056 6057/6057/6057
v 0.2350871 0.1840535 0.6979128
vt 0.170759365 0.006656830
vn -0.7071119 -0.7071017 0.0000000
v 0.2340535 0.1850871 0.6979128
vt 0.171144232 0.006657231
vn -0.7071119 -0.7071017 0.0000000
v 0.2340535 0.1850871 0.0370872
vt 0.171144232 0.250198305
vn -0.7071119 -0.7071017 0.0000000
f 6058/6058/6058 6059/6059/6059 6060/6060/6060
v 0.2350871 0.1840535 0.6979128
vt 0.170759365 0.006656830
vn -0.7071119 -0.7071017 0.0000000
v 0.2340535 0.1850871 0.0370872
vt 0.171144232 0.250198305
vn -0.7071119 -0.7071017 0.0000000
v 0.2350871 0.1840535 0.0370872
vt 0.170759365 0.250198036
vn -0.7071119 -0.7071017 0.0000000
f 6061/6061/6061 6062/6062/6062 6063/6063/6063
v 0.2749129 0.1840535 0.0370872
vt 0.337776691 0.249695987
vn 0.5773676 -0.5773676 -0.5773156
v 0.2749129 0.1850871 0.0360535
vt 0.337776691 0.250078440
vn 0.5773676 -0.5773676 -0.5773156
v 0.2759465 0.1850871 0.0370872
vt 0.337396711 0.249697402
vn 0.5773676 -0.5773676 -0.5773156
f 6064/6064/6064 6065/6065/6065 6066/6066/6066
v 0.2749129 0.1840535 0.0370872
vt 0.337776691 0.249695987
vn 0.0000000 -0.7071387 -0.7070749
v 0.2350871 0.1840535 0.0370872
vt 0.352417529 0.249695987
vn 0.0000000 -0.7071387 -0.7070749
v 0.2350871 0.1850871 0.0360535
vt 0.352417529 0.250078440
vn 0.0000000 -0.7071387 -0.7070749
f 6067/6067/6067 6068/6068/6068 6069/6069/6069
v 0.2749129 0.1840535 0.0370872
vt 0.337776691 0.249695987
vn 0.0000000 -0.7071387 -0.7070749
v 0.2350871 0.1850871 0.0360535
vt 0.352417529 0.250078440
vn 0.0000000 -0.7071387 -0.7070749
v 0.2749129 0.1850871 0.0360535
vt 0.337776691 0.250078440
vn 0.0000000 -0.7071387 -0.7070749
f 6070/6070/6070 6071/6071/6071 6072/6072/6072
v 0.2350871 0.1840535 0.0370872
vt 0.170759365 0.250198036
vn -0.0604747 -0.0604738 -0.9963362
v 0.2340535 0.1850871 0.0370872
vt 0.171144232 0.250198305
vn -0.0604747 -0.0604738 -0.9963362
v 0.2335344 0.1870000 0.0370026
vt 0.171849787 0.250229806
vn -0.0604747 -0.0604738 -0.9963362
f 6073/6073/6073 6074/6074/6074 6075/6075/6075
v 0.2335344 0.1870000 0.0370026
vt 0.171849787 0.250229806
vn -0.6901347 -0.2177635 -0.6901399
v 0.2350026 0.1870000 0.0355344
vt 0.171842709 0.250770211
vn -0.6901347 -0.2177635 -0.6901399
v 0.2350871 0.1850871 0.0360535
vt 0.171139240 0.250578880
vn -0.6901347 -0.2177635 -0.6901399
f 6076/6076/6076 6077/6077/6077 6078/6078/6078
v 0.2335344 0.1870000 0.0370026
vt 0.171849787 0.250229806
vn -0.7933904 -0.4304445 -0.4304057
v 0.2350871 0.1850871 0.0360535
vt 0.171139240 0.250578880
vn -0.7933904 -0.4304445 -0.4304057
v 0.2350871 0.1840535 0.0370872
vt 0.170759365 0.250198036
vn -0.7933904 -0.4304445 -0.4304057
f 6079/6079/6079 6080/6080/6080 6081/6081/6081
v 0.2749129 0.2259465 0.0370872
vt 0.254082412 0.250055879
vn 0.5773843 0.5773343 -0.5773323
v 0.2759465 0.2249128 0.0370872
vt 0.254462540 0.250054598
vn 0.5773843 0.5773343 -0.5773323
v 0.2749129 0.2249128 0.0360535
vt 0.254463255 0.250436068
vn 0.5773843 0.5773343 -0.5773323
f 6082/6082/6082 6083/6083/6083 6084/6084/6084
v 0.2350871 0.2249128 0.0360535
vt 0.006654884 0.250604481
vn 0.0000000 0.7071081 -0.7071055
v 0.2350871 0.2259465 0.0370872
vt 0.006657464 0.250222474
vn 0.0000000 0.7071081 -0.7071055
v 0.2749129 0.2259465 0.0370872
vt 0.021297066 0.250222802
vn 0.0000000 0.7071081 -0.7071055
f 6085/6085/6085 6086/6086/6086 6087/6087/6087
v 0.2350871 0.2249128 0.0360535
vt 0.006654884 0.250604481
vn 0.0000000 0.7071081 -0.7071055
v 0.2749129 0.2259465 0.0370872
vt 0.021297066 0.250222802
vn 0.0000000 0.7071081 -0.7071055
v 0.2749129 0.2249128 0.0360535
vt 0.021294663 0.250604659
vn 0.0000000 0.7071081 -0.7071055
f 6088/6088/6088 6089/6089/6089 6090/6090/6090
v 0.2340535 0.2249128 0.0370872
vt 0.006274919 0.250223517
vn -0.5773898 0.5773315 -0.5773295
v 0.2350871 0.2259465 0.0370872
vt 0.006657464 0.250222474
vn -0.5773898 0.5773315 -0.5773295
v 0.2350871 0.2249128 0.0360535
vt 0.006654884 0.250604481
vn -0.5773898 0.5773315 -0.5773295
f 6091/6091/6091 6092/6092/6092 6093/6093/6093
v 0.2340535 0.1850871 0.6979128
vt 0.171144232 0.006657231
vn -0.5773669 -0.5773586 0.5773253
v 0.2350871 0.1840535 0.6979128
vt 0.170759365 0.006656830
vn -0.5773669 -0.5773586 0.5773253
v 0.2350871 0.1850871 0.6989465
vt 0.171139240 0.006275842
vn -0.5773669 -0.5773586 0.5773253
f 6094/6094/6094 6095/6095/6095 6096/6096/6096
v 0.2350871 0.2249128 0.6989465
vt 0.824989796 0.467611104
vn -0.6901607 0.2177732 0.6901109
v 0.2340535 0.2249128 0.6979128
vt 0.824989140 0.467997402
vn -0.6901607 0.2177732 0.6901109
v 0.2335344 0.2230000 0.6979973
vt 0.824276388 0.468191296
vn -0.6901607 0.2177732 0.6901109
f 6097/6097/6097 6098/6098/6098 6099/6099/6099
v 0.2350871 0.2249128 0.6989465
vt 0.824989796 0.467611104
vn -0.6901576 0.2177684 0.6901156
v 0.2335344 0.2230000 0.6979973
vt 0.824276388 0.468191296
vn -0.6901576 0.2177684 0.6901156
v 0.2350026 0.2230000 0.6994656
vt 0.824277282 0.467642695
vn -0.6901576 0.2177684 0.6901156
f 6100/6100/6100 6101/6101/6101 6102/6102/6102
v 0.2350871 0.1840535 0.6979128
vt 0.352417529 0.006116248
vn 0.0000000 -1.0000000 0.0000000
v 0.2350871 0.1840535 0.0370872
vt 0.352417529 0.249695987
vn 0.0000000 -1.0000000 0.0000000
v 0.2749129 0.1840535 0.0370872
vt 0.337776691 0.249695987
vn 0.0000000 -1.0000000 0.0000000
f 6103/6103/6103 6104/6104/6104 6105/6105/6105
v 0.2749129 0.1840535 0.0370872
vt 0.337776691 0.249695987
vn -0.9870026 -0.1607039 0.0000000
v 0.2749974 0.1835344 0.6960000
vt 0.337745637 0.006820585
vn -0.9870026 -0.1607039 0.0000000
v 0.2749129 0.1840535 0.6979128
vt 0.337776691 0.006116248
vn -0.9870026 -0.1607039 0.0000000
f 6106/6106/6106 6107/6107/6107 6108/6108/6108
v 0.2749129 0.1840535 0.0370872
vt 0.337776691 0.249695987
vn 0.0000000 -1.0000000 0.0000000
v 0.2749129 0.1840535 0.6979128
vt 0.337776691 0.006116248
vn 0.0000000 -1.0000000 0.0000000
v 0.2350871 0.1840535 0.6979128
vt 0.352417529 0.006116248
vn 0.0000000 -1.0000000 0.0000000
f 6109/6109/6109 6110/6110/6110 6111/6111/6111
v 0.2749129 0.1840535 0.6979128
vt 0.809762001 0.452729464
vn 0.5773614 -0.5773614 0.5773281
v 0.2759465 0.1850871 0.6979128
vt 0.810147107 0.452343374
vn 0.5773614 -0.5773614 0.5773281
v 0.2749129 0.1850871 0.6989465
vt 0.810147882 0.452729642
vn 0.5773614 -0.5773614 0.5773281
f 6112/6112/6112 6113/6113/6113 6114/6114/6114
v 0.2350871 0.1850871 0.6989465
vt 0.810147822 0.467611104
vn 0.0000000 -0.7071272 0.7070864
v 0.2350871 0.1840535 0.6979128
vt 0.809761941 0.467611104
vn 0.0000000 -0.7071272 0.7070864
v 0.2749129 0.1840535 0.6979128
vt 0.809762001 0.452729464
vn 0.0000000 -0.7071272 0.7070864
f 6115/6115/6115 6116/6116/6116 6117/6117/6117
v 0.2350871 0.1850871 0.6989465
vt 0.810147822 0.467611104
vn 0.0000000 -0.7071272 0.7070864
v 0.2749129 0.1840535 0.6979128
vt 0.809762001 0.452729464
vn 0.0000000 -0.7071272 0.7070864
v 0.2749129 0.1850871 0.6989465
vt 0.810147882 0.452729642
vn 0.0000000 -0.7071272 0.7070864
f 6118/6118/6118 6119/6119/6119 6120/6120/6120
v 0.2370000 0.2264656 0.6979973
vt 0.007361779 0.006624351
vn 0.0136905 0.9999063 0.0000000
v 0.2749129 0.2259465 0.6979128
vt 0.021297066 0.006656119
vn 0.0136905 0.9999063 0.0000000
v 0.2749129 0.2259465 0.0370872
vt 0.021297066 0.250222802
vn 0.0136905 0.9999063 0.0000000
f 6121/6121/6121 6122/6122/6122 6123/6123/6123
v 0.2749129 0.2259465 0.0370872
vt 0.021297066 0.250222802
vn 0.0000000 1.0000000 0.0000000
v 0.2350871 0.2259465 0.0370872
vt 0.006657464 0.250222474
vn 0.0000000 1.0000000 0.0000000
v 0.2350871 0.2259465 0.6979128
vt 0.006657464 0.006655851
vn 0.0000000 1.0000000 0.0000000
f 6124/6124/6124 6125/6125/6125 6126/6126/6126
v 0.2749129 0.2259465 0.0370872
vt 0.021297066 0.250222802
vn -0.2612140 0.9651526 -0.0157425
v 0.2350871 0.2259465 0.6979128
vt 0.006657464 0.006655851
vn -0.2612140 0.9651526 -0.0157425
v 0.2370000 0.2264656 0.6979973
vt 0.007361779 0.006624351
vn -0.2612140 0.9651526 -0.0157425
f 6127/6127/6127 6128/6128/6128 6129/6129/6129
v 0.2759465 0.2249128 0.6979128
vt 0.253919840 0.006464846
vn 0.5773780 0.5773281 0.5773447
v 0.2749129 0.2259465 0.6979128
vt 0.253539681 0.006466269
vn 0.5773780 0.5773281 0.5773447
v 0.2749129 0.2249128 0.6989465
vt 0.253918946 0.006084391
vn 0.5773780 0.5773281 0.5773447
f 6130/6130/6130 6131/6131/6131 6132/6132/6132
v 0.2350871 0.2249128 0.0360535
vt 0.667441666 0.243268028
vn 0.0000000 0.0000000 -1.0000000
v 0.2749129 0.2249128 0.0360535
vt 0.667441666 0.228576496
vn 0.0000000 0.0000000 -1.0000000
v 0.2749129 0.1850871 0.0360535
vt 0.682094097 0.228576496
vn 0.0000000 0.0000000 -1.0000000
f 6133/6133/6133 6134/6134/6134 6135/6135/6135
v 0.2749129 0.1850871 0.0360535
vt 0.682094097 0.228576496
vn 0.0000000 -0.2618957 -0.9650962
v 0.2350871 0.1850871 0.0360535
vt 0.682094097 0.243268028
vn 0.0000000 -0.2618957 -0.9650962
v 0.2350026 0.1870000 0.0355344
vt 0.681390226 0.243299216
vn 0.0000000 -0.2618957 -0.9650962
f 6136/6136/6136 6137/6137/6137 6138/6138/6138
v 0.2749129 0.1850871 0.0360535
vt 0.682094097 0.228576496
vn 0.0136589 0.0136590 -0.9998135
v 0.2350026 0.1870000 0.0355344
vt 0.681390226 0.243299216
vn 0.0136589 0.0136590 -0.9998135
v 0.2350871 0.2249128 0.0360535
vt 0.667441666 0.243268028
vn 0.0136589 0.0136590 -0.9998135
f 6139/6139/6139 6140/6140/6140 6141/6141/6141
v 0.2350026 0.2230000 0.6994656
vt 0.824277282 0.467642695
vn 0.0000000 -0.0136905 0.9999064
v 0.2350871 0.1850871 0.6989465
vt 0.810147822 0.467611104
vn 0.0000000 -0.0136905 0.9999064
v 0.2749129 0.1850871 0.6989465
vt 0.810147882 0.452729642
vn 0.0000000 -0.0136905 0.9999064
f 6142/6142/6142 6143/6143/6143 6144/6144/6144
v 0.2749129 0.1850871 0.6989465
vt 0.810147882 0.452729642
vn 0.0136905 0.0000000 0.9999063
v 0.2749129 0.2249128 0.6989465
vt 0.824989796 0.452729553
vn 0.0136905 0.0000000 0.9999063
v 0.2370000 0.2249974 0.6994656
vt 0.825021684 0.466896296
vn 0.0136905 0.0000000 0.9999063
f 6145/6145/6145 6146/6146/6146 6147/6147/6147
v 0.2370000 0.2249974 0.6994656
vt 0.825021684 0.466896296
vn -0.2634754 0.2634754 0.9279878
v 0.2350871 0.2249128 0.6989465
vt 0.824989796 0.467611104
vn -0.2634754 0.2634754 0.9279878
v 0.2350026 0.2230000 0.6994656
vt 0.824277282 0.467642695
vn -0.2634754 0.2634754 0.9279878
f 6148/6148/6148 6149/6149/6149 6150/6150/6150
v 0.2749129 0.1850871 0.6989465
vt 0.810147882 0.452729642
vn 0.0066699 -0.0066699 0.9999555
v 0.2370000 0.2249974 0.6994656
vt 0.825021684 0.466896296
vn 0.0066699 -0.0066699 0.9999555
v 0.2350026 0.2230000 0.6994656
vt 0.824277282 0.467642695
vn 0.0066699 -0.0066699 0.9999555
f 6151/6151/6151 6152/6152/6152 6153/6153/6153
v 0.2749129 0.2259465 0.6979128
vt 0.253539681 0.006466269
vn 0.7071373 0.7070762 0.0000000
v 0.2759465 0.2249128 0.6979128
vt 0.253919840 0.006464846
vn 0.7071373 0.7070762 0.0000000
v 0.2759465 0.2249128 0.0370872
vt 0.254462540 0.250054598
vn 0.7071373 0.7070762 0.0000000
f 6154/6154/6154 6155/6155/6155 6156/6156/6156
v 0.2749129 0.2259465 0.6979128
vt 0.253539681 0.006466269
vn 0.7071373 0.7070762 0.0000000
v 0.2759465 0.2249128 0.0370872
vt 0.254462540 0.250054598
vn 0.7071373 0.7070762 0.0000000
v 0.2749129 0.2259465 0.0370872
vt 0.254082412 0.250055879
vn 0.7071373 0.7070762 0.0000000
f 6157/6157/6157 6158/6158/6158 6159/6159/6159
v 0.2759465 0.1850871 0.6979128
vt 0.268561214 0.006432055
vn 0.6901348 -0.6901348 0.2177800
v 0.2749129 0.1840535 0.6979128
vt 0.268941015 0.006431788
vn 0.6901348 -0.6901348 0.2177800
v 0.2749974 0.1835344 0.6960000
vt 0.269133478 0.007136414
vn 0.6901348 -0.6901348 0.2177800
f 6160/6160/6160 6161/6161/6161 6162/6162/6162
v 0.2759465 0.1850871 0.6979128
vt 0.268561214 0.006432055
vn 0.6901389 -0.6901319 0.2177756
v 0.2749974 0.1835344 0.6960000
vt 0.269133478 0.007136414
vn 0.6901389 -0.6901319 0.2177756
v 0.2764656 0.1850026 0.6960000
vt 0.268593878 0.007136814
vn 0.6901389 -0.6901319 0.2177756
f 6163/6163/6163 6164/6164/6164 6165/6165/6165
v 0.2335344 0.2230000 0.6979973
vt 0.185080901 0.006626131
vn -0.7070875 -0.0112567 0.7070365
v 0.2340535 0.1850871 0.6979128
vt 0.171144232 0.006657231
vn -0.7070875 -0.0112567 0.7070365
v 0.2350871 0.1850871 0.6989465
vt 0.171139240 0.006275842
vn -0.7070875 -0.0112567 0.7070365
f 6166/6166/6166 6167/6167/6167 6168/6168/6168
v 0.2335344 0.2230000 0.6979973
vt 0.185080901 0.006626131
vn -0.7070835 -0.0112564 0.7070405
v 0.2350871 0.1850871 0.6989465
vt 0.171139240 0.006275842
vn -0.7070835 -0.0112564 0.7070405
v 0.2350026 0.2230000 0.6994656
vt 0.185073823 0.006084391
vn -0.7070835 -0.0112564 0.7070405
f 6169/6169/6169 6170/6170/6170 6171/6171/6171
v 0.2759465 0.1850871 0.6979128
vt 0.268561214 0.006432055
vn 0.1606763 0.9870072 0.0000000
v 0.2764656 0.1850026 0.6960000
vt 0.268593878 0.007136814
vn 0.1606763 0.9870072 0.0000000
v 0.2759465 0.1850871 0.0370872
vt 0.269103944 0.250021666
vn 0.1606763 0.9870072 0.0000000
f 6172/6172/6172 6173/6173/6173 6174/6174/6174
v 0.2759465 0.1850871 0.0370872
vt 0.269103944 0.250021666
vn 1.0000000 0.0000000 0.0000000
v 0.2759465 0.2249128 0.0370872
vt 0.254462540 0.250054598
vn 1.0000000 0.0000000 0.0000000
v 0.2759465 0.2249128 0.6979128
vt 0.253919840 0.006464846
vn 1.0000000 0.0000000 0.0000000
f 6175/6175/6175 6176/6176/6176 6177/6177/6177
v 0.2759465 0.1850871 0.0370872
vt 0.269103944 0.250021666
vn 1.0000000 0.0000000 0.0000000
v 0.2759465 0.2249128 0.6979128
vt 0.253919840 0.006464846
vn 1.0000000 0.0000000 0.0000000
v 0.2759465 0.1850871 0.6979128
vt 0.268561214 0.006432055
vn 1.0000000 0.0000000 0.0000000
f 6178/6178/6178 6179/6179/6179 6180/6180/6180
v 0.2759465 0.2249128 0.0370872
vt 0.254462540 0.250054598
vn 0.7071386 0.0000000 -0.7070749
v 0.2759465 0.1850871 0.0370872
vt 0.269103944 0.250021666
vn 0.7071386 0.0000000 -0.7070749
v 0.2749129 0.1850871 0.0360535
vt 0.269104660 0.250403315
vn 0.7071386 0.0000000 -0.7070749
f 6181/6181/6181 6182/6182/6182 6183/6183/6183
v 0.2759465 0.2249128 0.0370872
vt 0.254462540 0.250054598
vn 0.7071386 0.0000000 -0.7070749
v 0.2749129 0.1850871 0.0360535
vt 0.269104660 0.250403315
vn 0.7071386 0.0000000 -0.7070749
v 0.2749129 0.2249128 0.0360535
vt 0.254463255 0.250436068
vn 0.7071386 0.0000000 -0.7070749
f 6184/6184/6184 6185/6185/6185 6186/6186/6186
v 0.2749129 0.2249128 0.6989465
vt 0.824989796 0.452729553
vn 0.0112560 0.7070518 0.7070721
v 0.2749129 0.2259465 0.6979128
vt 0.825374424 0.452729553
vn 0.0112560 0.7070518 0.7070721
v 0.2370000 0.2264656 0.6979973
vt 0.825567901 0.466896296
vn 0.0112560 0.7070518 0.7070721
f 6187/6187/6187 6188/6188/6188 6189/6189/6189
v 0.2749129 0.2249128 0.6989465
vt 0.824989796 0.452729553
vn 0.0112583 0.7070871 0.7070369
v 0.2370000 0.2264656 0.6979973
vt 0.825567901 0.466896296
vn 0.0112583 0.7070871 0.7070369
v 0.2370000 0.2249974 0.6994656
vt 0.825021684 0.466896296
vn 0.0112583 0.7070871 0.7070369
f 6190/6190/6190 6191/6191/6191 6192/6192/6192
v 0.2340535 0.2249128 0.0370872
vt 0.667441785 0.243649274
vn -0.7070990 0.0112563 -0.7070251
v 0.2350871 0.2249128 0.0360535
vt 0.667441666 0.243268028
vn -0.7070990 0.0112563 -0.7070251
v 0.2350026 0.1870000 0.0355344
vt 0.681390226 0.243299216
vn -0.7070990 0.0112563 -0.7070251
f 6193/6193/6193 6194/6194/6194 6195/6195/6195
v 0.2340535 0.2249128 0.0370872
vt 0.667441785 0.243649274
vn -0.7070593 0.0112590 -0.7070647
v 0.2350026 0.1870000 0.0355344
vt 0.681390226 0.243299216
vn -0.7070593 0.0112590 -0.7070647
v 0.2335344 0.1870000 0.0370026
vt 0.681390524 0.243840769
vn -0.7070593 0.0112590 -0.7070647
f 6196/6196/6196 6197/6197/6197 6198/6198/6198
v 0.2749129 0.2249128 0.6989465
vt 0.824989796 0.452729553
vn 0.7071272 0.0000000 0.7070864
v 0.2749129 0.1850871 0.6989465
vt 0.810147882 0.452729642
vn 0.7071272 0.0000000 0.7070864
v 0.2759465 0.1850871 0.6979128
vt 0.810147107 0.452343374
vn 0.7071272 0.0000000 0.7070864
f 6199/6199/6199 6200/6200/6200 6201/6201/6201
v 0.2749129 0.2249128 0.6989465
vt 0.824989796 0.452729553
vn 0.7071272 0.0000000 0.7070864
v 0.2759465 0.1850871 0.6979128
vt 0.810147107 0.452343374
vn 0.7071272 0.0000000 0.7070864
v 0.2759465 0.2249128 0.6979128
vt 0.824989140 0.452343374
vn 0.7071272 0.0000000 0.7070864
f 6202/6202/6202 6203/6203/6203 6204/6204/6204
o pz_barbecue_full_jorge_|_wheel
usemtl body
v -0.2995000 0.1550000 0.0560000
vt 0.006084472 0.937450767
vn -1.0000000 0.0000000 0.0000000
v -0.2995000 0.1576919 0.0729959
vt 0.006084396 0.931167185
vn -1.0000000 0.0000000 0.0000000
v -0.2995000 0.1655041 0.0883282
vt 0.008020706 0.925191224
vn -1.0000000 0.0000000 0.0000000
f 6205/6205/6205 6206/6206/6206 6207/6207/6207
v -0.2995000 0.1655041 0.0883282
vt 0.008020706 0.925191224
vn -1.0000000 0.0000000 0.0000000
v -0.2995000 0.1776718 0.1004959
vt 0.011703844 0.920107722
vn -1.0000000 0.0000000 0.0000000
v -0.2995000 0.1930041 0.1083081
vt 0.016773321 0.916414499
vn -1.0000000 0.0000000 0.0000000
f 6208/6208/6208 6209/6209/6209 6210/6210/6210
v -0.2995000 0.1930041 0.1083081
vt 0.016773321 0.916414499
vn -1.0000000 0.0000000 0.0000000
v -0.2995000 0.2100000 0.1110000
vt 0.022732846 0.914472759
vn -1.0000000 0.0000000 0.0000000
v -0.2995000 0.2269959 0.1083081
vt 0.028999096 0.914472759
vn -1.0000000 0.0000000 0.0000000
f 6211/6211/6211 6212/6212/6212 6213/6213/6213
v -0.2995000 0.2269959 0.1083081
vt 0.028999096 0.914472759
vn -1.0000000 0.0000000 0.0000000
v -0.2995000 0.2423282 0.1004959
vt 0.034958702 0.916414380
vn -1.0000000 0.0000000 0.0000000
v -0.2995000 0.2544959 0.0883282
vt 0.040028255 0.920107782
vn -1.0000000 0.0000000 0.0000000
f 6214/6214/6214 6215/6215/6215 6216/6216/6216
v -0.2995000 0.2544959 0.0883282
vt 0.040028255 0.920107782
vn -1.0000000 0.0000000 0.0000000
v -0.2995000 0.2623081 0.0729959
vt 0.043711543 0.925191164
vn -1.0000000 0.0000000 0.0000000
v -0.2995000 0.2650000 0.0560000
vt 0.045648001 0.931167185
vn -1.0000000 0.0000000 0.0000000
f 6217/6217/6217 6218/6218/6218 6219/6219/6219
v -0.2995000 0.2650000 0.0560000
vt 0.045648001 0.931167185
vn -1.0000000 0.0000000 0.0000000
v -0.2995000 0.2623081 0.0390041
vt 0.045648079 0.937450588
vn -1.0000000 0.0000000 0.0000000
v -0.2995000 0.2544959 0.0236718
vt 0.043711778 0.943426549
vn -1.0000000 0.0000000 0.0000000
f 6220/6220/6220 6221/6221/6221 6222/6222/6222
v -0.2995000 0.2544959 0.0236718
vt 0.043711778 0.943426549
vn -1.0000000 0.0000000 0.0000000
v -0.2995000 0.2423282 0.0115041
vt 0.040028632 0.948509991
vn -1.0000000 0.0000000 0.0000000
v -0.2995000 0.2269959 0.0036919
vt 0.034959156 0.952203274
vn -1.0000000 0.0000000 0.0000000
f 6223/6223/6223 6224/6224/6224 6225/6225/6225
v -0.2995000 0.2269959 0.0036919
vt 0.034959156 0.952203274
vn -1.0000000 0.0000000 0.0000000
v -0.2995000 0.2100000 0.0010000
vt 0.028999623 0.954145014
vn -1.0000000 0.0000000 0.0000000
v -0.2995000 0.1930041 0.0036919
vt 0.022733379 0.954144955
vn -1.0000000 0.0000000 0.0000000
f 6226/6226/6226 6227/6227/6227 6228/6228/6228
v -0.2995000 0.1930041 0.0036919
vt 0.022733379 0.954144955
vn -1.0000000 0.0000000 0.0000000
v -0.2995000 0.1776718 0.0115041
vt 0.016773768 0.952203274
vn -1.0000000 0.0000000 0.0000000
v -0.2995000 0.1655041 0.0236718
vt 0.011704228 0.948510051
vn -1.0000000 0.0000000 0.0000000
f 6229/6229/6229 6230/6230/6230 6231/6231/6231
v -0.2995000 0.1655041 0.0236718
vt 0.011704228 0.948510051
vn -1.0000000 0.0000000 0.0000000
v -0.2995000 0.1576919 0.0390041
vt 0.008020933 0.943426549
vn -1.0000000 0.0000000 0.0000000
v -0.2995000 0.1550000 0.0560000
vt 0.006084472 0.937450767
vn -1.0000000 0.0000000 0.0000000
f 6232/6232/6232 6233/6233/6233 6234/6234/6234
v -0.2995000 0.1550000 0.0560000
vt 0.006084472 0.937450767
vn -1.0000000 0.0000000 0.0000000
v -0.2995000 0.1655041 0.0883282
vt 0.008020706 0.925191224
vn -1.0000000 0.0000000 0.0000000
v -0.2995000 0.1930041 0.1083081
vt 0.016773321 0.916414499
vn -1.0000000 0.0000000 0.0000000
f 6235/6235/6235 6236/6236/6236 6237/6237/6237
v -0.2995000 0.1930041 0.1083081
vt 0.016773321 0.916414499
vn -1.0000000 0.0000000 0.0000000
v -0.2995000 0.2269959 0.1083081
vt 0.028999096 0.914472759
vn -1.0000000 0.0000000 0.0000000
v -0.2995000 0.2544959 0.0883282
vt 0.040028255 0.920107782
vn -1.0000000 0.0000000 0.0000000
f 6238/6238/6238 6239/6239/6239 6240/6240/6240
v -0.2995000 0.2544959 0.0883282
vt 0.040028255 0.920107782
vn -1.0000000 0.0000000 0.0000000
v -0.2995000 0.2650000 0.0560000
vt 0.045648001 0.931167185
vn -1.0000000 0.0000000 0.0000000
v -0.2995000 0.2544959 0.0236718
vt 0.043711778 0.943426549
vn -1.0000000 0.0000000 0.0000000
f 6241/6241/6241 6242/6242/6242 6243/6243/6243
v -0.2995000 0.2544959 0.0236718
vt 0.043711778 0.943426549
vn -1.0000000 0.0000000 0.0000000
v -0.2995000 0.2269959 0.0036919
vt 0.034959156 0.952203274
vn -1.0000000 0.0000000 0.0000000
v -0.2995000 0.1930041 0.0036919
vt 0.022733379 0.954144955
vn -1.0000000 0.0000000 0.0000000
f 6244/6244/6244 6245/6245/6245 6246/6246/6246
v -0.2995000 0.1930041 0.0036919
vt 0.022733379 0.954144955
vn -1.0000000 0.0000000 0.0000000
v -0.2995000 0.1655041 0.0236718
vt 0.011704228 0.948510051
vn -1.0000000 0.0000000 0.0000000
v -0.2995000 0.1550000 0.0560000
vt 0.006084472 0.937450767
vn -1.0000000 0.0000000 0.0000000
f 6247/6247/6247 6248/6248/6248 6249/6249/6249
v -0.2995000 0.1550000 0.0560000
vt 0.006084472 0.937450767
vn -1.0000000 0.0000000 0.0000000
v -0.2995000 0.1930041 0.1083081
vt 0.016773321 0.916414499
vn -1.0000000 0.0000000 0.0000000
v -0.2995000 0.2544959 0.0883282
vt 0.040028255 0.920107782
vn -1.0000000 0.0000000 0.0000000
f 6250/6250/6250 6251/6251/6251 6252/6252/6252
v -0.2995000 0.2544959 0.0883282
vt 0.040028255 0.920107782
vn -1.0000000 0.0000000 0.0000000
v -0.2995000 0.2544959 0.0236718
vt 0.043711778 0.943426549
vn -1.0000000 0.0000000 0.0000000
v -0.2995000 0.1930041 0.0036919
vt 0.022733379 0.954144955
vn -1.0000000 0.0000000 0.0000000
f 6253/6253/6253 6254/6254/6254 6255/6255/6255
v -0.2995000 0.2544959 0.0883282
vt 0.040028255 0.920107782
vn -1.0000000 0.0000000 0.0000000
v -0.2995000 0.1930041 0.0036919
vt 0.022733379 0.954144955
vn -1.0000000 0.0000000 0.0000000
v -0.2995000 0.1550000 0.0560000
vt 0.006084472 0.937450767
vn -1.0000000 0.0000000 0.0000000
f 6256/6256/6256 6257/6257/6257 6258/6258/6258
v -0.2745000 0.1576919 0.0729959
vt 0.976162493 0.240692571
vn 1.0000000 0.0000000 0.0000000
v -0.2745000 0.1550000 0.0560000
vt 0.971092761 0.244385734
vn 1.0000000 0.0000000 0.0000000
v -0.2745000 0.1576919 0.0390041
vt 0.965132833 0.246327356
vn 1.0000000 0.0000000 0.0000000
f 6259/6259/6259 6260/6260/6260 6261/6261/6261
v -0.2745000 0.1576919 0.0390041
vt 0.965132833 0.246327356
vn 1.0000000 0.0000000 0.0000000
v -0.2745000 0.1655041 0.0236718
vt 0.958866298 0.246327356
vn 1.0000000 0.0000000 0.0000000
v -0.2745000 0.1776718 0.0115041
vt 0.952906549 0.244385734
vn 1.0000000 0.0000000 0.0000000
f 6262/6262/6262 6263/6263/6263 6264/6264/6264
v -0.2745000 0.1776718 0.0115041
vt 0.952906549 0.244385734
vn 1.0000000 0.0000000 0.0000000
v -0.2745000 0.1930041 0.0036919
vt 0.947836816 0.240692556
vn 1.0000000 0.0000000 0.0000000
v -0.2745000 0.2100000 0.0010000
vt 0.944153488 0.235609353
vn 1.0000000 0.0000000 0.0000000
f 6265/6265/6265 6266/6266/6266 6267/6267/6267
v -0.2745000 0.2100000 0.0010000
vt 0.944153488 0.235609353
vn 1.0000000 0.0000000 0.0000000
v -0.2745000 0.2269959 0.0036919
vt 0.942216992 0.229633674
vn 1.0000000 0.0000000 0.0000000
v -0.2745000 0.2423282 0.0115041
vt 0.942217112 0.223350421
vn 1.0000000 0.0000000 0.0000000
f 6268/6268/6268 6269/6269/6269 6270/6270/6270
v -0.2745000 0.2423282 0.0115041
vt 0.942217112 0.223350421
vn 1.0000000 0.0000000 0.0000000
v -0.2745000 0.2544959 0.0236718
vt 0.944153488 0.217374772
vn 1.0000000 0.0000000 0.0000000
v -0.2745000 0.2623081 0.0390041
vt 0.947836816 0.212291539
vn 1.0000000 0.0000000 0.0000000
f 6271/6271/6271 6272/6272/6272 6273/6273/6273
v -0.2745000 0.2623081 0.0390041
vt 0.947836816 0.212291539
vn 1.0000000 0.0000000 0.0000000
v -0.2745000 0.2650000 0.0560000
vt 0.952906549 0.208598360
vn 1.0000000 0.0000000 0.0000000
v -0.2745000 0.2623081 0.0729959
vt 0.958866298 0.206656754
vn 1.0000000 0.0000000 0.0000000
f 6274/6274/6274 6275/6275/6275 6276/6276/6276
v -0.2745000 0.2623081 0.0729959
vt 0.958866298 0.206656754
vn 1.0000000 0.0000000 0.0000000
v -0.2745000 0.2544959 0.0883282
vt 0.965132892 0.206656754
vn 1.0000000 0.0000000 0.0000000
v -0.2745000 0.2423282 0.1004959
vt 0.971092641 0.208598360
vn 1.0000000 0.0000000 0.0000000
f 6277/6277/6277 6278/6278/6278 6279/6279/6279
v -0.2745000 0.2423282 0.1004959
vt 0.971092641 0.208598360
vn 1.0000000 0.0000000 0.0000000
v -0.2745000 0.2269959 0.1083081
vt 0.976162493 0.212291539
vn 1.0000000 0.0000000 0.0000000
v -0.2745000 0.2100000 0.1110000
vt 0.979845941 0.217374772
vn 1.0000000 0.0000000 0.0000000
f 6280/6280/6280 6281/6281/6281 6282/6282/6282
v -0.2745000 0.2100000 0.1110000
vt 0.979845941 0.217374772
vn 1.0000000 0.0000000 0.0000000
v -0.2745000 0.1930041 0.1083081
vt 0.981782198 0.223350421
vn 1.0000000 0.0000000 0.0000000
v -0.2745000 0.1776718 0.1004959
vt 0.981782198 0.229633659
vn 1.0000000 0.0000000 0.0000000
f 6283/6283/6283 6284/6284/6284 6285/6285/6285
v -0.2745000 0.1776718 0.1004959
vt 0.981782198 0.229633659
vn 1.0000000 0.0000000 0.0000000
v -0.2745000 0.1655041 0.0883282
vt 0.979845822 0.235609338
vn 1.0000000 0.0000000 0.0000000
v -0.2745000 0.1576919 0.0729959
vt 0.976162493 0.240692571
vn 1.0000000 0.0000000 0.0000000
f 6286/6286/6286 6287/6287/6287 6288/6288/6288
v -0.2745000 0.1576919 0.0729959
vt 0.976162493 0.240692571
vn 1.0000000 0.0000000 0.0000000
v -0.2745000 0.1576919 0.0390041
vt 0.965132833 0.246327356
vn 1.0000000 0.0000000 0.0000000
v -0.2745000 0.1776718 0.0115041
vt 0.952906549 0.244385734
vn 1.0000000 0.0000000 0.0000000
f 6289/6289/6289 6290/6290/6290 6291/6291/6291
v -0.2745000 0.1776718 0.0115041
vt 0.952906549 0.244385734
vn 1.0000000 0.0000000 0.0000000
v -0.2745000 0.2100000 0.0010000
vt 0.944153488 0.235609353
vn 1.0000000 0.0000000 0.0000000
v -0.2745000 0.2423282 0.0115041
vt 0.942217112 0.223350421
vn 1.0000000 0.0000000 0.0000000
f 6292/6292/6292 6293/6293/6293 6294/6294/6294
v -0.2745000 0.2423282 0.0115041
vt 0.942217112 0.223350421
vn 1.0000000 0.0000000 0.0000000
v -0.2745000 0.2623081 0.0390041
vt 0.947836816 0.212291539
vn 1.0000000 0.0000000 0.0000000
v -0.2745000 0.2623081 0.0729959
vt 0.958866298 0.206656754
vn 1.0000000 0.0000000 0.0000000
f 6295/6295/6295 6296/6296/6296 6297/6297/6297
v -0.2745000 0.2623081 0.0729959
vt 0.958866298 0.206656754
vn 1.0000000 0.0000000 0.0000000
v -0.2745000 0.2423282 0.1004959
vt 0.971092641 0.208598360
vn 1.0000000 0.0000000 0.0000000
v -0.2745000 0.2100000 0.1110000
vt 0.979845941 0.217374772
vn 1.0000000 0.0000000 0.0000000
f 6298/6298/6298 6299/6299/6299 6300/6300/6300
v -0.2745000 0.2100000 0.1110000
vt 0.979845941 0.217374772
vn 1.0000000 0.0000000 0.0000000
v -0.2745000 0.1776718 0.1004959
vt 0.981782198 0.229633659
vn 1.0000000 0.0000000 0.0000000
v -0.2745000 0.1576919 0.0729959
vt 0.976162493 0.240692571
vn 1.0000000 0.0000000 0.0000000
f 6301/6301/6301 6302/6302/6302 6303/6303/6303
v -0.2745000 0.1576919 0.0729959
vt 0.976162493 0.240692571
vn 1.0000000 0.0000000 0.0000000
v -0.2745000 0.1776718 0.0115041
vt 0.952906549 0.244385734
vn 1.0000000 0.0000000 0.0000000
v -0.2745000 0.2423282 0.0115041
vt 0.942217112 0.223350421
vn 1.0000000 0.0000000 0.0000000
f 6304/6304/6304 6305/6305/6305 6306/6306/6306
v -0.2745000 0.2423282 0.0115041
vt 0.942217112 0.223350421
vn 1.0000000 0.0000000 0.0000000
v -0.2745000 0.2623081 0.0729959
vt 0.958866298 0.206656754
vn 1.0000000 0.0000000 0.0000000
v -0.2745000 0.2100000 0.1110000
vt 0.979845941 0.217374772
vn 1.0000000 0.0000000 0.0000000
f 6307/6307/6307 6308/6308/6308 6309/6309/6309
v -0.2745000 0.2423282 0.0115041
vt 0.942217112 0.223350421
vn 1.0000000 0.0000000 0.0000000
v -0.2745000 0.2100000 0.1110000
vt 0.979845941 0.217374772
vn 1.0000000 0.0000000 0.0000000
v -0.2745000 0.1576919 0.0729959
vt 0.976162493 0.240692571
vn 1.0000000 0.0000000 0.0000000
f 6310/6310/6310 6311/6311/6311 6312/6312/6312
v -0.2995000 0.1550000 0.0560000
vt 0.479594260 0.820065677
vn 0.0000000 -0.9876882 -0.1564349
v -0.2995000 0.1576919 0.0390041
vt 0.479594260 0.826635182
vn 0.0000000 -0.9876882 -0.1564349
v -0.2745000 0.1576919 0.0390041
vt 0.469962448 0.826635182
vn 0.0000000 -0.9876882 -0.1564349
f 6313/6313/6313 6314/6314/6314 6315/6315/6315
v -0.2995000 0.1550000 0.0560000
vt 0.479594260 0.820065677
vn 0.0000000 -0.9876882 -0.1564349
v -0.2745000 0.1576919 0.0390041
vt 0.469962448 0.826635182
vn 0.0000000 -0.9876882 -0.1564349
v -0.2745000 0.1550000 0.0560000
vt 0.469962448 0.820065677
vn 0.0000000 -0.9876882 -0.1564349
f 6316/6316/6316 6317/6317/6317 6318/6318/6318
v -0.2745000 0.2100000 0.1110000
vt 0.265784860 0.773353696
vn 0.0000000 0.1564353 0.9876882
v -0.2745000 0.2269959 0.1083081
vt 0.265784860 0.766671181
vn 0.0000000 0.1564353 0.9876882
v -0.2995000 0.2269959 0.1083081
vt 0.275591135 0.766671181
vn 0.0000000 0.1564353 0.9876882
f 6319/6319/6319 6320/6320/6320 6321/6321/6321
v -0.2745000 0.2100000 0.1110000
vt 0.265784860 0.773353696
vn 0.0000000 0.1564353 0.9876882
v -0.2995000 0.2269959 0.1083081
vt 0.275591135 0.766671181
vn 0.0000000 0.1564353 0.9876882
v -0.2995000 0.2100000 0.1110000
vt 0.275591046 0.773353696
vn 0.0000000 0.1564353 0.9876882
f 6322/6322/6322 6323/6323/6323 6324/6324/6324
v -0.2995000 0.1655041 0.0236718
vt 0.479594260 0.832569480
vn 0.0000000 -0.7071066 -0.7071070
v -0.2995000 0.1776718 0.0115041
vt 0.479594260 0.837288022
vn 0.0000000 -0.7071066 -0.7071070
v -0.2745000 0.1776718 0.0115041
vt 0.469962358 0.837288022
vn 0.0000000 -0.7071066 -0.7071070
f 6325/6325/6325 6326/6326/6326 6327/6327/6327
v -0.2995000 0.1655041 0.0236718
vt 0.479594260 0.832569480
vn 0.0000000 -0.7071066 -0.7071070
v -0.2745000 0.1776718 0.0115041
vt 0.469962358 0.837288022
vn 0.0000000 -0.7071066 -0.7071070
v -0.2745000 0.1655041 0.0236718
vt 0.469962448 0.832569480
vn 0.0000000 -0.7071066 -0.7071070
f 6328/6328/6328 6329/6329/6329 6330/6330/6330
v -0.2745000 0.2623081 0.0390041
vt 0.704609811 0.239588991
vn 0.0000000 0.8910064 -0.4539908
v -0.2745000 0.2544959 0.0236718
vt 0.704596341 0.245519742
vn 0.0000000 0.8910064 -0.4539908
v -0.2995000 0.2544959 0.0236718
vt 0.694963515 0.245529518
vn 0.0000000 0.8910064 -0.4539908
f 6331/6331/6331 6332/6332/6332 6333/6333/6333
v -0.2745000 0.2623081 0.0390041
vt 0.704609811 0.239588991
vn 0.0000000 0.8910064 -0.4539908
v -0.2995000 0.2544959 0.0236718
vt 0.694963515 0.245529518
vn 0.0000000 0.8910064 -0.4539908
v -0.2995000 0.2623081 0.0390041
vt 0.694976807 0.239598870
vn 0.0000000 0.8910064 -0.4539908
f 6334/6334/6334 6335/6335/6335 6336/6336/6336
v -0.2995000 0.1930041 0.0036919
vt 0.578425765 0.935875833
vn 0.0000000 -0.1564353 -0.9876882
v -0.2995000 0.2100000 0.0010000
vt 0.578425825 0.942279339
vn 0.0000000 -0.1564353 -0.9876882
v -0.2745000 0.2100000 0.0010000
vt 0.569032311 0.942279339
vn 0.0000000 -0.1564353 -0.9876882
f 6337/6337/6337 6338/6338/6338 6339/6339/6339
v -0.2995000 0.1930041 0.0036919
vt 0.578425765 0.935875833
vn 0.0000000 -0.1564353 -0.9876882
v -0.2745000 0.2100000 0.0010000
vt 0.569032311 0.942279339
vn 0.0000000 -0.1564353 -0.9876882
v -0.2745000 0.1930041 0.0036919
vt 0.569032133 0.935875833
vn 0.0000000 -0.1564353 -0.9876882
f 6340/6340/6340 6341/6341/6341 6342/6342/6342
v -0.2995000 0.2100000 0.0010000
vt 0.578425825 0.942279339
vn 0.0000000 0.1564352 -0.9876882
v -0.2995000 0.2269959 0.0036919
vt 0.578425765 0.948681891
vn 0.0000000 0.1564352 -0.9876882
v -0.2745000 0.2269959 0.0036919
vt 0.569032133 0.948681891
vn 0.0000000 0.1564352 -0.9876882
f 6343/6343/6343 6344/6344/6344 6345/6345/6345
v -0.2995000 0.2100000 0.0010000
vt 0.578425825 0.942279339
vn 0.0000000 0.1564352 -0.9876882
v -0.2745000 0.2269959 0.0036919
vt 0.569032133 0.948681891
vn 0.0000000 0.1564352 -0.9876882
v -0.2745000 0.2100000 0.0010000
vt 0.569032311 0.942279339
vn 0.0000000 0.1564352 -0.9876882
f 6346/6346/6346 6347/6347/6347 6348/6348/6348
v -0.2745000 0.1930041 0.0036919
vt 0.569032133 0.935875833
vn 0.0000000 -0.4539907 -0.8910064
v -0.2745000 0.1776718 0.0115041
vt 0.569032073 0.930098116
vn 0.0000000 -0.4539907 -0.8910064
v -0.2995000 0.1776718 0.0115041
vt 0.578425467 0.930098116
vn 0.0000000 -0.4539907 -0.8910064
f 6349/6349/6349 6350/6350/6350 6351/6351/6351
v -0.2745000 0.1930041 0.0036919
vt 0.569032133 0.935875833
vn 0.0000000 -0.4539907 -0.8910064
v -0.2995000 0.1776718 0.0115041
vt 0.578425467 0.930098116
vn 0.0000000 -0.4539907 -0.8910064
v -0.2995000 0.1930041 0.0036919
vt 0.578425765 0.935875833
vn 0.0000000 -0.4539907 -0.8910064
f 6352/6352/6352 6353/6353/6353 6354/6354/6354
v -0.2995000 0.2423282 0.0115041
vt 0.694937885 0.250241548
vn 0.0000000 0.7071070 -0.7071065
v -0.2995000 0.2544959 0.0236718
vt 0.694963515 0.245529518
vn 0.0000000 0.7071070 -0.7071065
v -0.2745000 0.2544959 0.0236718
vt 0.704596341 0.245519742
vn 0.0000000 0.7071070 -0.7071065
f 6355/6355/6355 6356/6356/6356 6357/6357/6357
v -0.2995000 0.2423282 0.0115041
vt 0.694937885 0.250241548
vn 0.0000000 0.7071070 -0.7071065
v -0.2745000 0.2544959 0.0236718
vt 0.704596341 0.245519742
vn 0.0000000 0.7071070 -0.7071065
v -0.2745000 0.2423282 0.0115041
vt 0.704570651 0.250231832
vn 0.0000000 0.7071070 -0.7071065
f 6358/6358/6358 6359/6359/6359 6360/6360/6360
v -0.2745000 0.1655041 0.0236718
vt 0.469962448 0.832569480
vn 0.0000000 -0.8910064 -0.4539908
v -0.2745000 0.1576919 0.0390041
vt 0.469962448 0.826635182
vn 0.0000000 -0.8910064 -0.4539908
v -0.2995000 0.1576919 0.0390041
vt 0.479594260 0.826635182
vn 0.0000000 -0.8910064 -0.4539908
f 6361/6361/6361 6362/6362/6362 6363/6363/6363
v -0.2745000 0.1655041 0.0236718
vt 0.469962448 0.832569480
vn 0.0000000 -0.8910064 -0.4539908
v -0.2995000 0.1576919 0.0390041
vt 0.479594260 0.826635182
vn 0.0000000 -0.8910064 -0.4539908
v -0.2995000 0.1655041 0.0236718
vt 0.479594260 0.832569480
vn 0.0000000 -0.8910064 -0.4539908
f 6364/6364/6364 6365/6365/6365 6366/6366/6366
v -0.2995000 0.2623081 0.0390041
vt 0.694976807 0.239598870
vn 0.0000000 0.9876882 -0.1564349
v -0.2995000 0.2650000 0.0560000
vt 0.694976926 0.233030096
vn 0.0000000 0.9876882 -0.1564349
v -0.2745000 0.2650000 0.0560000
vt 0.704609811 0.233020306
vn 0.0000000 0.9876882 -0.1564349
f 6367/6367/6367 6368/6368/6368 6369/6369/6369
v -0.2995000 0.2623081 0.0390041
vt 0.694976807 0.239598870
vn 0.0000000 0.9876882 -0.1564349
v -0.2745000 0.2650000 0.0560000
vt 0.704609811 0.233020306
vn 0.0000000 0.9876882 -0.1564349
v -0.2745000 0.2623081 0.0390041
vt 0.704609811 0.239588991
vn 0.0000000 0.9876882 -0.1564349
f 6370/6370/6370 6371/6371/6371 6372/6372/6372
v -0.2995000 0.2650000 0.0560000
vt 0.694976926 0.233030096
vn 0.0000000 0.9876882 0.1564350
v -0.2995000 0.2623081 0.0729959
vt 0.694963515 0.226466224
vn 0.0000000 0.9876882 0.1564350
v -0.2745000 0.2623081 0.0729959
vt 0.704596341 0.226456523
vn 0.0000000 0.9876882 0.1564350
f 6373/6373/6373 6374/6374/6374 6375/6375/6375
v -0.2995000 0.2650000 0.0560000
vt 0.694976926 0.233030096
vn 0.0000000 0.9876882 0.1564350
v -0.2745000 0.2623081 0.0729959
vt 0.704596341 0.226456523
vn 0.0000000 0.9876882 0.1564350
v -0.2745000 0.2650000 0.0560000
vt 0.704609811 0.233020306
vn 0.0000000 0.9876882 0.1564350
f 6376/6376/6376 6377/6377/6377 6378/6378/6378
v -0.2995000 0.2623081 0.0729959
vt 0.694963515 0.226466224
vn 0.0000000 0.8910064 0.4539908
v -0.2995000 0.2544959 0.0883282
vt 0.694937885 0.220549807
vn 0.0000000 0.8910064 0.4539908
v -0.2745000 0.2544959 0.0883282
vt 0.704570651 0.220540017
vn 0.0000000 0.8910064 0.4539908
f 6379/6379/6379 6380/6380/6380 6381/6381/6381
v -0.2995000 0.2623081 0.0729959
vt 0.694963515 0.226466224
vn 0.0000000 0.8910064 0.4539908
v -0.2745000 0.2544959 0.0883282
vt 0.704570651 0.220540017
vn 0.0000000 0.8910064 0.4539908
v -0.2745000 0.2623081 0.0729959
vt 0.704596341 0.226456523
vn 0.0000000 0.8910064 0.4539908
f 6382/6382/6382 6383/6383/6383 6384/6384/6384
v -0.2995000 0.2544959 0.0883282
vt 0.275591671 0.755869627
vn 0.0000000 0.7071070 0.7071066
v -0.2995000 0.2423282 0.1004959
vt 0.275591403 0.760646582
vn 0.0000000 0.7071070 0.7071066
v -0.2745000 0.2423282 0.1004959
vt 0.265785009 0.760646582
vn 0.0000000 0.7071070 0.7071066
f 6385/6385/6385 6386/6386/6386 6387/6387/6387
v -0.2995000 0.2544959 0.0883282
vt 0.275591671 0.755869627
vn 0.0000000 0.7071070 0.7071066
v -0.2745000 0.2423282 0.1004959
vt 0.265785009 0.760646582
vn 0.0000000 0.7071070 0.7071066
v -0.2745000 0.2544959 0.0883282
vt 0.265785456 0.755869627
vn 0.0000000 0.7071070 0.7071066
f 6388/6388/6388 6389/6389/6389 6390/6390/6390
v -0.2995000 0.2423282 0.1004959
vt 0.275591403 0.760646582
vn 0.0000000 0.4539908 0.8910064
v -0.2995000 0.2269959 0.1083081
vt 0.275591135 0.766671181
vn 0.0000000 0.4539908 0.8910064
v -0.2745000 0.2269959 0.1083081
vt 0.265784860 0.766671181
vn 0.0000000 0.4539908 0.8910064
f 6391/6391/6391 6392/6392/6392 6393/6393/6393
v -0.2995000 0.2423282 0.1004959
vt 0.275591403 0.760646582
vn 0.0000000 0.4539908 0.8910064
v -0.2745000 0.2269959 0.1083081
vt 0.265784860 0.766671181
vn 0.0000000 0.4539908 0.8910064
v -0.2745000 0.2423282 0.1004959
vt 0.265785009 0.760646582
vn 0.0000000 0.4539908 0.8910064
f 6394/6394/6394 6395/6395/6395 6396/6396/6396
v -0.2995000 0.2100000 0.1110000
vt 0.275591046 0.773353696
vn 0.0000000 -0.1564355 0.9876882
v -0.2995000 0.1930041 0.1083081
vt 0.275591135 0.780040026
vn 0.0000000 -0.1564355 0.9876882
v -0.2745000 0.1930041 0.1083081
vt 0.265784860 0.780040026
vn 0.0000000 -0.1564355 0.9876882
f 6397/6397/6397 6398/6398/6398 6399/6399/6399
v -0.2995000 0.2100000 0.1110000
vt 0.275591046 0.773353696
vn 0.0000000 -0.1564355 0.9876882
v -0.2745000 0.1930041 0.1083081
vt 0.265784860 0.780040026
vn 0.0000000 -0.1564355 0.9876882
v -0.2745000 0.2100000 0.1110000
vt 0.265784860 0.773353696
vn 0.0000000 -0.1564355 0.9876882
f 6400/6400/6400 6401/6401/6401 6402/6402/6402
v -0.2995000 0.1930041 0.1083081
vt 0.275591135 0.780040026
vn 0.0000000 -0.4539908 0.8910064
v -0.2995000 0.1776718 0.1004959
vt 0.275591403 0.786075592
vn 0.0000000 -0.4539908 0.8910064
v -0.2745000 0.1776718 0.1004959
vt 0.265785009 0.786075592
vn 0.0000000 -0.4539908 0.8910064
f 6403/6403/6403 6404/6404/6404 6405/6405/6405
v -0.2995000 0.1930041 0.1083081
vt 0.275591135 0.780040026
vn 0.0000000 -0.4539908 0.8910064
v -0.2745000 0.1776718 0.1004959
vt 0.265785009 0.786075592
vn 0.0000000 -0.4539908 0.8910064
v -0.2745000 0.1930041 0.1083081
vt 0.265784860 0.780040026
vn 0.0000000 -0.4539908 0.8910064
f 6406/6406/6406 6407/6407/6407 6408/6408/6408
v -0.2995000 0.1776718 0.1004959
vt 0.275591403 0.786075592
vn 0.0000000 -0.7071065 0.7071070
v -0.2995000 0.1655041 0.0883282
vt 0.275591671 0.790869653
vn 0.0000000 -0.7071065 0.7071070
v -0.2745000 0.1655041 0.0883282
vt 0.265785456 0.790869653
vn 0.0000000 -0.7071065 0.7071070
f 6409/6409/6409 6410/6410/6410 6411/6411/6411
v -0.2995000 0.1776718 0.1004959
vt 0.275591403 0.786075592
vn 0.0000000 -0.7071065 0.7071070
v -0.2745000 0.1655041 0.0883282
vt 0.265785456 0.790869653
vn 0.0000000 -0.7071065 0.7071070
v -0.2745000 0.1776718 0.1004959
vt 0.265785009 0.786075592
vn 0.0000000 -0.7071065 0.7071070
f 6412/6412/6412 6413/6413/6413 6414/6414/6414
v -0.2995000 0.1655041 0.0883282
vt 0.479594260 0.807592988
vn 0.0000000 -0.8910064 0.4539908
v -0.2995000 0.1576919 0.0729959
vt 0.479594260 0.813504159
vn 0.0000000 -0.8910064 0.4539908
v -0.2745000 0.1576919 0.0729959
vt 0.469962448 0.813504159
vn 0.0000000 -0.8910064 0.4539908
f 6415/6415/6415 6416/6416/6416 6417/6417/6417
v -0.2995000 0.1655041 0.0883282
vt 0.479594260 0.807592988
vn 0.0000000 -0.8910064 0.4539908
v -0.2745000 0.1576919 0.0729959
vt 0.469962448 0.813504159
vn 0.0000000 -0.8910064 0.4539908
v -0.2745000 0.1655041 0.0883282
vt 0.469962358 0.807592988
vn 0.0000000 -0.8910064 0.4539908
f 6418/6418/6418 6419/6419/6419 6420/6420/6420
v -0.2995000 0.1576919 0.0729959
vt 0.479594260 0.813504159
vn 0.0000000 -0.9876882 0.1564350
v -0.2995000 0.1550000 0.0560000
vt 0.479594260 0.820065677
vn 0.0000000 -0.9876882 0.1564350
v -0.2745000 0.1550000 0.0560000
vt 0.469962448 0.820065677
vn 0.0000000 -0.9876882 0.1564350
f 6421/6421/6421 6422/6422/6422 6423/6423/6423
v -0.2995000 0.1576919 0.0729959
vt 0.479594260 0.813504159
vn 0.0000000 -0.9876882 0.1564350
v -0.2745000 0.1550000 0.0560000
vt 0.469962448 0.820065677
vn 0.0000000 -0.9876882 0.1564350
v -0.2745000 0.1576919 0.0729959
vt 0.469962448 0.813504159
vn 0.0000000 -0.9876882 0.1564350
f 6424/6424/6424 6425/6425/6425 6426/6426/6426
v -0.2745000 0.2423282 0.0115041
vt 0.569032073 0.954456806
vn 0.0000000 0.4539907 -0.8910064
v -0.2745000 0.2269959 0.0036919
vt 0.569032133 0.948681891
vn 0.0000000 0.4539907 -0.8910064
v -0.2995000 0.2269959 0.0036919
vt 0.578425765 0.948681891
vn 0.0000000 0.4539907 -0.8910064
f 6427/6427/6427 6428/6428/6428 6429/6429/6429
v -0.2745000 0.2423282 0.0115041
vt 0.569032073 0.954456806
vn 0.0000000 0.4539907 -0.8910064
v -0.2995000 0.2269959 0.0036919
vt 0.578425765 0.948681891
vn 0.0000000 0.4539907 -0.8910064
v -0.2995000 0.2423282 0.0115041
vt 0.578425467 0.954456806
vn 0.0000000 0.4539907 -0.8910064
f 6430/6430/6430 6431/6431/6431 6432/6432/6432
o pz_barbecue_full_jorge_|_wheel.001
usemtl body
v 0.2745000 0.1550000 0.0560000
vt 0.057816938 0.937450647
vn -1.0000000 0.0000000 0.0000000
v 0.2745000 0.1576919 0.0729959
vt 0.057816867 0.931167185
vn -1.0000000 0.0000000 0.0000000
v 0.2745000 0.1655041 0.0883282
vt 0.059753165 0.925191224
vn -1.0000000 0.0000000 0.0000000
f 6433/6433/6433 6434/6434/6434 6435/6435/6435
v 0.2745000 0.1655041 0.0883282
vt 0.059753165 0.925191224
vn -1.0000000 0.0000000 0.0000000
v 0.2745000 0.1776718 0.1004959
vt 0.063436314 0.920107901
vn -1.0000000 0.0000000 0.0000000
v 0.2745000 0.1930041 0.1083081
vt 0.068505786 0.916414499
vn -1.0000000 0.0000000 0.0000000
f 6436/6436/6436 6437/6437/6437 6438/6438/6438
v 0.2745000 0.1930041 0.1083081
vt 0.068505786 0.916414499
vn -1.0000000 0.0000000 0.0000000
v 0.2745000 0.2100000 0.1110000
vt 0.074465297 0.914472759
vn -1.0000000 0.0000000 0.0000000
v 0.2745000 0.2269959 0.1083081
vt 0.080731541 0.914472759
vn -1.0000000 0.0000000 0.0000000
f 6439/6439/6439 6440/6440/6440 6441/6441/6441
v 0.2745000 0.2269959 0.1083081
vt 0.080731541 0.914472759
vn -1.0000000 0.0000000 0.0000000
v 0.2745000 0.2423282 0.1004959
vt 0.086691156 0.916414499
vn -1.0000000 0.0000000 0.0000000
v 0.2745000 0.2544959 0.0883282
vt 0.091760695 0.920107901
vn -1.0000000 0.0000000 0.0000000
f 6442/6442/6442 6443/6443/6443 6444/6444/6444
v 0.2745000 0.2544959 0.0883282
vt 0.091760695 0.920107901
vn -1.0000000 0.0000000 0.0000000
v 0.2745000 0.2623081 0.0729959
vt 0.095443986 0.925191224
vn -1.0000000 0.0000000 0.0000000
v 0.2745000 0.2650000 0.0560000
vt 0.097380444 0.931167245
vn -1.0000000 0.0000000 0.0000000
f 6445/6445/6445 6446/6446/6446 6447/6447/6447
v 0.2745000 0.2650000 0.0560000
vt 0.097380444 0.931167245
vn -1.0000000 0.0000000 0.0000000
v 0.2745000 0.2623081 0.0390041
vt 0.097380519 0.937450588
vn -1.0000000 0.0000000 0.0000000
v 0.2745000 0.2544959 0.0236718
vt 0.095444202 0.943426609
vn -1.0000000 0.0000000 0.0000000
f 6448/6448/6448 6449/6449/6449 6450/6450/6450
v 0.2745000 0.2544959 0.0236718
vt 0.095444202 0.943426609
vn -1.0000000 0.0000000 0.0000000
v 0.2745000 0.2423282 0.0115041
vt 0.091761075 0.948510051
vn -1.0000000 0.0000000 0.0000000
v 0.2745000 0.2269959 0.0036919
vt 0.086691588 0.952203393
vn -1.0000000 0.0000000 0.0000000
f 6451/6451/6451 6452/6452/6452 6453/6453/6453
v 0.2745000 0.2269959 0.0036919
vt 0.086691588 0.952203393
vn -1.0000000 0.0000000 0.0000000
v 0.2745000 0.2100000 0.0010000
vt 0.080732077 0.954145014
vn -1.0000000 0.0000000 0.0000000
v 0.2745000 0.1930041 0.0036919
vt 0.074465834 0.954145014
vn -1.0000000 0.0000000 0.0000000
f 6454/6454/6454 6455/6455/6455 6456/6456/6456
v 0.2745000 0.1930041 0.0036919
vt 0.074465834 0.954145014
vn -1.0000000 0.0000000 0.0000000
v 0.2745000 0.1776718 0.0115041
vt 0.068506233 0.952203393
vn -1.0000000 0.0000000 0.0000000
v 0.2745000 0.1655041 0.0236718
vt 0.063436702 0.948510170
vn -1.0000000 0.0000000 0.0000000
f 6457/6457/6457 6458/6458/6458 6459/6459/6459
v 0.2745000 0.1655041 0.0236718
vt 0.063436702 0.948510170
vn -1.0000000 0.0000000 0.0000000
v 0.2745000 0.1576919 0.0390041
vt 0.059753399 0.943426609
vn -1.0000000 0.0000000 0.0000000
v 0.2745000 0.1550000 0.0560000
vt 0.057816938 0.937450647
vn -1.0000000 0.0000000 0.0000000
f 6460/6460/6460 6461/6461/6461 6462/6462/6462
v 0.2745000 0.1550000 0.0560000
vt 0.057816938 0.937450647
vn -1.0000000 0.0000000 0.0000000
v 0.2745000 0.1655041 0.0883282
vt 0.059753165 0.925191224
vn -1.0000000 0.0000000 0.0000000
v 0.2745000 0.1930041 0.1083081
vt 0.068505786 0.916414499
vn -1.0000000 0.0000000 0.0000000
f 6463/6463/6463 6464/6464/6464 6465/6465/6465
v 0.2745000 0.1930041 0.1083081
vt 0.068505786 0.916414499
vn -1.0000000 0.0000000 0.0000000
v 0.2745000 0.2269959 0.1083081
vt 0.080731541 0.914472759
vn -1.0000000 0.0000000 0.0000000
v 0.2745000 0.2544959 0.0883282
vt 0.091760695 0.920107901
vn -1.0000000 0.0000000 0.0000000
f 6466/6466/6466 6467/6467/6467 6468/6468/6468
v 0.2745000 0.2544959 0.0883282
vt 0.091760695 0.920107901
vn -1.0000000 0.0000000 0.0000000
v 0.2745000 0.2650000 0.0560000
vt 0.097380444 0.931167245
vn -1.0000000 0.0000000 0.0000000
v 0.2745000 0.2544959 0.0236718
vt 0.095444202 0.943426609
vn -1.0000000 0.0000000 0.0000000
f 6469/6469/6469 6470/6470/6470 6471/6471/6471
v 0.2745000 0.2544959 0.0236718
vt 0.095444202 0.943426609
vn -1.0000000 0.0000000 0.0000000
v 0.2745000 0.2269959 0.0036919
vt 0.086691588 0.952203393
vn -1.0000000 0.0000000 0.0000000
v 0.2745000 0.1930041 0.0036919
vt 0.074465834 0.954145014
vn -1.0000000 0.0000000 0.0000000
f 6472/6472/6472 6473/6473/6473 6474/6474/6474
v 0.2745000 0.1930041 0.0036919
vt 0.074465834 0.954145014
vn -1.0000000 0.0000000 0.0000000
v 0.2745000 0.1655041 0.0236718
vt 0.063436702 0.948510170
vn -1.0000000 0.0000000 0.0000000
v 0.2745000 0.1550000 0.0560000
vt 0.057816938 0.937450647
vn -1.0000000 0.0000000 0.0000000
f 6475/6475/6475 6476/6476/6476 6477/6477/6477
v 0.2745000 0.1550000 0.0560000
vt 0.057816938 0.937450647
vn -1.0000000 0.0000000 0.0000000
v 0.2745000 0.1930041 0.1083081
vt 0.068505786 0.916414499
vn -1.0000000 0.0000000 0.0000000
v 0.2745000 0.2544959 0.0883282
vt 0.091760695 0.920107901
vn -1.0000000 0.0000000 0.0000000
f 6478/6478/6478 6479/6479/6479 6480/6480/6480
v 0.2745000 0.2544959 0.0883282
vt 0.091760695 0.920107901
vn -1.0000000 0.0000000 0.0000000
v 0.2745000 0.2544959 0.0236718
vt 0.095444202 0.943426609
vn -1.0000000 0.0000000 0.0000000
v 0.2745000 0.1930041 0.0036919
vt 0.074465834 0.954145014
vn -1.0000000 0.0000000 0.0000000
f 6481/6481/6481 6482/6482/6482 6483/6483/6483
v 0.2745000 0.2544959 0.0883282
vt 0.091760695 0.920107901
vn -1.0000000 0.0000000 0.0000000
v 0.2745000 0.1930041 0.0036919
vt 0.074465834 0.954145014
vn -1.0000000 0.0000000 0.0000000
v 0.2745000 0.1550000 0.0560000
vt 0.057816938 0.937450647
vn -1.0000000 0.0000000 0.0000000
f 6484/6484/6484 6485/6485/6485 6486/6486/6486
v 0.2995000 0.1576919 0.0729959
vt 0.918863893 0.964034021
vn 1.0000000 0.0000000 0.0000000
v 0.2995000 0.1550000 0.0560000
vt 0.913794219 0.967727184
vn 1.0000000 0.0000000 0.0000000
v 0.2995000 0.1576919 0.0390041
vt 0.907834232 0.969668806
vn 1.0000000 0.0000000 0.0000000
f 6487/6487/6487 6488/6488/6488 6489/6489/6489
v 0.2995000 0.1576919 0.0390041
vt 0.907834232 0.969668806
vn 1.0000000 0.0000000 0.0000000
v 0.2995000 0.1655041 0.0236718
vt 0.901567817 0.969668806
vn 1.0000000 0.0000000 0.0000000
v 0.2995000 0.1776718 0.0115041
vt 0.895608068 0.967727184
vn 1.0000000 0.0000000 0.0000000
f 6490/6490/6490 6491/6491/6491 6492/6492/6492
v 0.2995000 0.1776718 0.0115041
vt 0.895608068 0.967727184
vn 1.0000000 0.0000000 0.0000000
v 0.2995000 0.1930041 0.0036919
vt 0.890538216 0.964033961
vn 1.0000000 0.0000000 0.0000000
v 0.2995000 0.2100000 0.0010000
vt 0.886854887 0.958950758
vn 1.0000000 0.0000000 0.0000000
f 6493/6493/6493 6494/6494/6494 6495/6495/6495
v 0.2995000 0.2100000 0.0010000
vt 0.886854887 0.958950758
vn 1.0000000 0.0000000 0.0000000
v 0.2995000 0.2269959 0.0036919
vt 0.884918511 0.952975094
vn 1.0000000 0.0000000 0.0000000
v 0.2995000 0.2423282 0.0115041
vt 0.884918511 0.946691871
vn 1.0000000 0.0000000 0.0000000
f 6496/6496/6496 6497/6497/6497 6498/6498/6498
v 0.2995000 0.2423282 0.0115041
vt 0.884918511 0.946691871
vn 1.0000000 0.0000000 0.0000000
v 0.2995000 0.2544959 0.0236718
vt 0.886854887 0.940716207
vn 1.0000000 0.0000000 0.0000000
v 0.2995000 0.2623081 0.0390041
vt 0.890538216 0.935632944
vn 1.0000000 0.0000000 0.0000000
f 6499/6499/6499 6500/6500/6500 6501/6501/6501
v 0.2995000 0.2623081 0.0390041
vt 0.890538216 0.935632944
vn 1.0000000 0.0000000 0.0000000
v 0.2995000 0.2650000 0.0560000
vt 0.895607889 0.931939781
vn 1.0000000 0.0000000 0.0000000
v 0.2995000 0.2623081 0.0729959
vt 0.901567876 0.929998159
vn 1.0000000 0.0000000 0.0000000
f 6502/6502/6502 6503/6503/6503 6504/6504/6504
v 0.2995000 0.2623081 0.0729959
vt 0.901567876 0.929998159
vn 1.0000000 0.0000000 0.0000000
v 0.2995000 0.2544959 0.0883282
vt 0.907834291 0.929998159
vn 1.0000000 0.0000000 0.0000000
v 0.2995000 0.2423282 0.1004959
vt 0.913794041 0.931939721
vn 1.0000000 0.0000000 0.0000000
f 6505/6505/6505 6506/6506/6506 6507/6507/6507
v 0.2995000 0.2423282 0.1004959
vt 0.913794041 0.931939721
vn 1.0000000 0.0000000 0.0000000
v 0.2995000 0.2269959 0.1083081
vt 0.918863773 0.935632944
vn 1.0000000 0.0000000 0.0000000
v 0.2995000 0.2100000 0.1110000
vt 0.922547221 0.940716147
vn 1.0000000 0.0000000 0.0000000
f 6508/6508/6508 6509/6509/6509 6510/6510/6510
v 0.2995000 0.2100000 0.1110000
vt 0.922547221 0.940716147
vn 1.0000000 0.0000000 0.0000000
v 0.2995000 0.1930041 0.1083081
vt 0.924483597 0.946691811
vn 1.0000000 0.0000000 0.0000000
v 0.2995000 0.1776718 0.1004959
vt 0.924483597 0.952975094
vn 1.0000000 0.0000000 0.0000000
f 6511/6511/6511 6512/6512/6512 6513/6513/6513
v 0.2995000 0.1776718 0.1004959
vt 0.924483597 0.952975094
vn 1.0000000 0.0000000 0.0000000
v 0.2995000 0.1655041 0.0883282
vt 0.922547221 0.958950758
vn 1.0000000 0.0000000 0.0000000
v 0.2995000 0.1576919 0.0729959
vt 0.918863893 0.964034021
vn 1.0000000 0.0000000 0.0000000
f 6514/6514/6514 6515/6515/6515 6516/6516/6516
v 0.2995000 0.1576919 0.0729959
vt 0.918863893 0.964034021
vn 1.0000000 0.0000000 0.0000000
v 0.2995000 0.1576919 0.0390041
vt 0.907834232 0.969668806
vn 1.0000000 0.0000000 0.0000000
v 0.2995000 0.1776718 0.0115041
vt 0.895608068 0.967727184
vn 1.0000000 0.0000000 0.0000000
f 6517/6517/6517 6518/6518/6518 6519/6519/6519
v 0.2995000 0.1776718 0.0115041
vt 0.895608068 0.967727184
vn 1.0000000 0.0000000 0.0000000
v 0.2995000 0.2100000 0.0010000
vt 0.886854887 0.958950758
vn 1.0000000 0.0000000 0.0000000
v 0.2995000 0.2423282 0.0115041
vt 0.884918511 0.946691871
vn 1.0000000 0.0000000 0.0000000
f 6520/6520/6520 6521/6521/6521 6522/6522/6522
v 0.2995000 0.2423282 0.0115041
vt 0.884918511 0.946691871
vn 1.0000000 0.0000000 0.0000000
v 0.2995000 0.2623081 0.0390041
vt 0.890538216 0.935632944
vn 1.0000000 0.0000000 0.0000000
v 0.2995000 0.2623081 0.0729959
vt 0.901567876 0.929998159
vn 1.0000000 0.0000000 0.0000000
f 6523/6523/6523 6524/6524/6524 6525/6525/6525
v 0.2995000 0.2623081 0.0729959
vt 0.901567876 0.929998159
vn 1.0000000 0.0000000 0.0000000
v 0.2995000 0.2423282 0.1004959
vt 0.913794041 0.931939721
vn 1.0000000 0.0000000 0.0000000
v 0.2995000 0.2100000 0.1110000
vt 0.922547221 0.940716147
vn 1.0000000 0.0000000 0.0000000
f 6526/6526/6526 6527/6527/6527 6528/6528/6528
v 0.2995000 0.2100000 0.1110000
vt 0.922547221 0.940716147
vn 1.0000000 0.0000000 0.0000000
v 0.2995000 0.1776718 0.1004959
vt 0.924483597 0.952975094
vn 1.0000000 0.0000000 0.0000000
v 0.2995000 0.1576919 0.0729959
vt 0.918863893 0.964034021
vn 1.0000000 0.0000000 0.0000000
f 6529/6529/6529 6530/6530/6530 6531/6531/6531
v 0.2995000 0.1576919 0.0729959
vt 0.918863893 0.964034021
vn 1.0000000 0.0000000 0.0000000
v 0.2995000 0.1776718 0.0115041
vt 0.895608068 0.967727184
vn 1.0000000 0.0000000 0.0000000
v 0.2995000 0.2423282 0.0115041
vt 0.884918511 0.946691871
vn 1.0000000 0.0000000 0.0000000
f 6532/6532/6532 6533/6533/6533 6534/6534/6534
v 0.2995000 0.2423282 0.0115041
vt 0.884918511 0.946691871
vn 1.0000000 0.0000000 0.0000000
v 0.2995000 0.2623081 0.0729959
vt 0.901567876 0.929998159
vn 1.0000000 0.0000000 0.0000000
v 0.2995000 0.2100000 0.1110000
vt 0.922547221 0.940716147
vn 1.0000000 0.0000000 0.0000000
f 6535/6535/6535 6536/6536/6536 6537/6537/6537
v 0.2995000 0.2423282 0.0115041
vt 0.884918511 0.946691871
vn 1.0000000 0.0000000 0.0000000
v 0.2995000 0.2100000 0.1110000
vt 0.922547221 0.940716147
vn 1.0000000 0.0000000 0.0000000
v 0.2995000 0.1576919 0.0729959
vt 0.918863893 0.964034021
vn 1.0000000 0.0000000 0.0000000
f 6538/6538/6538 6539/6539/6539 6540/6540/6540
v 0.2745000 0.1550000 0.0560000
vt 0.848949850 0.448096216
vn 0.0000000 -0.9876882 -0.1564349
v 0.2745000 0.1576919 0.0390041
vt 0.848949850 0.454665601
vn 0.0000000 -0.9876882 -0.1564349
v 0.2995000 0.1576919 0.0390041
vt 0.839317977 0.454665601
vn 0.0000000 -0.9876882 -0.1564349
f 6541/6541/6541 6542/6542/6542 6543/6543/6543
v 0.2745000 0.1550000 0.0560000
vt 0.848949850 0.448096216
vn 0.0000000 -0.9876882 -0.1564349
v 0.2995000 0.1576919 0.0390041
vt 0.839317977 0.454665601
vn 0.0000000 -0.9876882 -0.1564349
v 0.2995000 0.1550000 0.0560000
vt 0.839317977 0.448096216
vn 0.0000000 -0.9876882 -0.1564349
f 6544/6544/6544 6545/6545/6545 6546/6546/6546
v 0.2995000 0.2100000 0.1110000
vt 0.468895435 0.730686128
vn 0.0000000 0.1564353 0.9876882
v 0.2995000 0.2269959 0.1083081
vt 0.468895525 0.724003613
vn 0.0000000 0.1564353 0.9876882
v 0.2745000 0.2269959 0.1083081
vt 0.478701830 0.724003613
vn 0.0000000 0.1564353 0.9876882
f 6547/6547/6547 6548/6548/6548 6549/6549/6549
v 0.2995000 0.2100000 0.1110000
vt 0.468895435 0.730686128
vn 0.0000000 0.1564353 0.9876882
v 0.2745000 0.2269959 0.1083081
vt 0.478701830 0.724003613
vn 0.0000000 0.1564353 0.9876882
v 0.2745000 0.2100000 0.1110000
vt 0.478701741 0.730686128
vn 0.0000000 0.1564353 0.9876882
f 6550/6550/6550 6551/6551/6551 6552/6552/6552
v 0.2745000 0.1655041 0.0236718
vt 0.848949850 0.460600078
vn 0.0000000 -0.7071066 -0.7071070
v 0.2745000 0.1776718 0.0115041
vt 0.848949850 0.465318501
vn 0.0000000 -0.7071066 -0.7071070
v 0.2995000 0.1776718 0.0115041
vt 0.839318037 0.465318501
vn 0.0000000 -0.7071066 -0.7071070
f 6553/6553/6553 6554/6554/6554 6555/6555/6555
v 0.2745000 0.1655041 0.0236718
vt 0.848949850 0.460600078
vn 0.0000000 -0.7071066 -0.7071070
v 0.2995000 0.1776718 0.0115041
vt 0.839318037 0.465318501
vn 0.0000000 -0.7071066 -0.7071070
v 0.2995000 0.1655041 0.0236718
vt 0.839317977 0.460600078
vn 0.0000000 -0.7071066 -0.7071070
f 6556/6556/6556 6557/6557/6557 6558/6558/6558
v 0.2995000 0.2623081 0.0390041
vt 0.275456607 0.822087586
vn 0.0000000 0.8910064 -0.4539908
v 0.2995000 0.2544959 0.0236718
vt 0.275443166 0.828018248
vn 0.0000000 0.8910064 -0.4539908
v 0.2745000 0.2544959 0.0236718
vt 0.265810281 0.828028023
vn 0.0000000 0.8910064 -0.4539908
f 6559/6559/6559 6560/6560/6560 6561/6561/6561
v 0.2995000 0.2623081 0.0390041
vt 0.275456607 0.822087586
vn 0.0000000 0.8910064 -0.4539908
v 0.2745000 0.2544959 0.0236718
vt 0.265810281 0.828028023
vn 0.0000000 0.8910064 -0.4539908
v 0.2745000 0.2623081 0.0390041
vt 0.265823722 0.822097361
vn 0.0000000 0.8910064 -0.4539908
f 6562/6562/6562 6563/6563/6563 6564/6564/6564
v 0.2745000 0.1930041 0.0036919
vt 0.578425765 0.899348319
vn 0.0000000 -0.1564353 -0.9876882
v 0.2745000 0.2100000 0.0010000
vt 0.578425944 0.905751824
vn 0.0000000 -0.1564353 -0.9876882
v 0.2995000 0.2100000 0.0010000
vt 0.569032311 0.905751824
vn 0.0000000 -0.1564353 -0.9876882
f 6565/6565/6565 6566/6566/6566 6567/6567/6567
v 0.2745000 0.1930041 0.0036919
vt 0.578425765 0.899348319
vn 0.0000000 -0.1564353 -0.9876882
v 0.2995000 0.2100000 0.0010000
vt 0.569032311 0.905751824
vn 0.0000000 -0.1564353 -0.9876882
v 0.2995000 0.1930041 0.0036919
vt 0.569032133 0.899348319
vn 0.0000000 -0.1564353 -0.9876882
f 6568/6568/6568 6569/6569/6569 6570/6570/6570
v 0.2745000 0.2100000 0.0010000
vt 0.578425944 0.905751824
vn 0.0000000 0.1564352 -0.9876882
v 0.2745000 0.2269959 0.0036919
vt 0.578425765 0.912154377
vn 0.0000000 0.1564352 -0.9876882
v 0.2995000 0.2269959 0.0036919
vt 0.569032252 0.912154436
vn 0.0000000 0.1564352 -0.9876882
f 6571/6571/6571 6572/6572/6572 6573/6573/6573
v 0.2745000 0.2100000 0.0010000
vt 0.578425944 0.905751824
vn 0.0000000 0.1564352 -0.9876882
v 0.2995000 0.2269959 0.0036919
vt 0.569032252 0.912154436
vn 0.0000000 0.1564352 -0.9876882
v 0.2995000 0.2100000 0.0010000
vt 0.569032311 0.905751824
vn 0.0000000 0.1564352 -0.9876882
f 6574/6574/6574 6575/6575/6575 6576/6576/6576
v 0.2995000 0.1930041 0.0036919
vt 0.569032133 0.899348319
vn 0.0000000 -0.4539907 -0.8910064
v 0.2995000 0.1776718 0.0115041
vt 0.569032073 0.893570602
vn 0.0000000 -0.4539907 -0.8910064
v 0.2745000 0.1776718 0.0115041
vt 0.578425467 0.893570602
vn 0.0000000 -0.4539907 -0.8910064
f 6577/6577/6577 6578/6578/6578 6579/6579/6579
v 0.2995000 0.1930041 0.0036919
vt 0.569032133 0.899348319
vn 0.0000000 -0.4539907 -0.8910064
v 0.2745000 0.1776718 0.0115041
vt 0.578425467 0.893570602
vn 0.0000000 -0.4539907 -0.8910064
v 0.2745000 0.1930041 0.0036919
vt 0.578425765 0.899348319
vn 0.0000000 -0.4539907 -0.8910064
f 6580/6580/6580 6581/6581/6581 6582/6582/6582
v 0.2745000 0.2423282 0.0115041
vt 0.265784860 0.832740068
vn 0.0000000 0.7071070 -0.7071065
v 0.2745000 0.2544959 0.0236718
vt 0.265810281 0.828028023
vn 0.0000000 0.7071070 -0.7071065
v 0.2995000 0.2544959 0.0236718
vt 0.275443166 0.828018248
vn 0.0000000 0.7071070 -0.7071065
f 6583/6583/6583 6584/6584/6584 6585/6585/6585
v 0.2745000 0.2423282 0.0115041
vt 0.265784860 0.832740068
vn 0.0000000 0.7071070 -0.7071065
v 0.2995000 0.2544959 0.0236718
vt 0.275443166 0.828018248
vn 0.0000000 0.7071070 -0.7071065
v 0.2995000 0.2423282 0.0115041
vt 0.275417626 0.832730293
vn 0.0000000 0.7071070 -0.7071065
f 6586/6586/6586 6587/6587/6587 6588/6588/6588
v 0.2995000 0.1655041 0.0236718
vt 0.839317977 0.460600078
vn 0.0000000 -0.8910064 -0.4539908
v 0.2995000 0.1576919 0.0390041
vt 0.839317977 0.454665601
vn 0.0000000 -0.8910064 -0.4539908
v 0.2745000 0.1576919 0.0390041
vt 0.848949850 0.454665601
vn 0.0000000 -0.8910064 -0.4539908
f 6589/6589/6589 6590/6590/6590 6591/6591/6591
v 0.2995000 0.1655041 0.0236718
vt 0.839317977 0.460600078
vn 0.0000000 -0.8910064 -0.4539908
v 0.2745000 0.1576919 0.0390041
vt 0.848949850 0.454665601
vn 0.0000000 -0.8910064 -0.4539908
v 0.2745000 0.1655041 0.0236718
vt 0.848949850 0.460600078
vn 0.0000000 -0.8910064 -0.4539908
f 6592/6592/6592 6593/6593/6593 6594/6594/6594
v 0.2745000 0.2623081 0.0390041
vt 0.265823722 0.822097361
vn 0.0000000 0.9876882 -0.1564349
v 0.2745000 0.2650000 0.0560000
vt 0.265823722 0.815528631
vn 0.0000000 0.9876882 -0.1564349
v 0.2995000 0.2650000 0.0560000
vt 0.275456607 0.815518796
vn 0.0000000 0.9876882 -0.1564349
f 6595/6595/6595 6596/6596/6596 6597/6597/6597
v 0.2745000 0.2623081 0.0390041
vt 0.265823722 0.822097361
vn 0.0000000 0.9876882 -0.1564349
v 0.2995000 0.2650000 0.0560000
vt 0.275456607 0.815518796
vn 0.0000000 0.9876882 -0.1564349
v 0.2995000 0.2623081 0.0390041
vt 0.275456607 0.822087586
vn 0.0000000 0.9876882 -0.1564349
f 6598/6598/6598 6599/6599/6599 6600/6600/6600
v 0.2745000 0.2650000 0.0560000
vt 0.265823722 0.815528631
vn 0.0000000 0.9876882 0.1564350
v 0.2745000 0.2623081 0.0729959
vt 0.265810281 0.808964729
vn 0.0000000 0.9876882 0.1564350
v 0.2995000 0.2623081 0.0729959
vt 0.275443166 0.808954954
vn 0.0000000 0.9876882 0.1564350
f 6601/6601/6601 6602/6602/6602 6603/6603/6603
v 0.2745000 0.2650000 0.0560000
vt 0.265823722 0.815528631
vn 0.0000000 0.9876882 0.1564350
v 0.2995000 0.2623081 0.0729959
vt 0.275443166 0.808954954
vn 0.0000000 0.9876882 0.1564350
v 0.2995000 0.2650000 0.0560000
vt 0.275456607 0.815518796
vn 0.0000000 0.9876882 0.1564350
f 6604/6604/6604 6605/6605/6605 6606/6606/6606
v 0.2745000 0.2623081 0.0729959
vt 0.265810281 0.808964729
vn 0.0000000 0.8910064 0.4539908
v 0.2745000 0.2544959 0.0883282
vt 0.265784860 0.803048253
vn 0.0000000 0.8910064 0.4539908
v 0.2995000 0.2544959 0.0883282
vt 0.275417626 0.803038538
vn 0.0000000 0.8910064 0.4539908
f 6607/6607/6607 6608/6608/6608 6609/6609/6609
v 0.2745000 0.2623081 0.0729959
vt 0.265810281 0.808964729
vn 0.0000000 0.8910064 0.4539908
v 0.2995000 0.2544959 0.0883282
vt 0.275417626 0.803038538
vn 0.0000000 0.8910064 0.4539908
v 0.2995000 0.2623081 0.0729959
vt 0.275443166 0.808954954
vn 0.0000000 0.8910064 0.4539908
f 6610/6610/6610 6611/6611/6611 6612/6612/6612
v 0.2745000 0.2544959 0.0883282
vt 0.478702426 0.713202000
vn 0.0000000 0.7071070 0.7071066
v 0.2745000 0.2423282 0.1004959
vt 0.478702068 0.717978954
vn 0.0000000 0.7071070 0.7071066
v 0.2995000 0.2423282 0.1004959
vt 0.468895763 0.717978954
vn 0.0000000 0.7071070 0.7071066
f 6613/6613/6613 6614/6614/6614 6615/6615/6615
v 0.2745000 0.2544959 0.0883282
vt 0.478702426 0.713202000
vn 0.0000000 0.7071070 0.7071066
v 0.2995000 0.2423282 0.1004959
vt 0.468895763 0.717978954
vn 0.0000000 0.7071070 0.7071066
v 0.2995000 0.2544959 0.0883282
vt 0.468896151 0.713202000
vn 0.0000000 0.7071070 0.7071066
f 6616/6616/6616 6617/6617/6617 6618/6618/6618
v 0.2745000 0.2423282 0.1004959
vt 0.478702068 0.717978954
vn 0.0000000 0.4539908 0.8910064
v 0.2745000 0.2269959 0.1083081
vt 0.478701830 0.724003613
vn 0.0000000 0.4539908 0.8910064
v 0.2995000 0.2269959 0.1083081
vt 0.468895525 0.724003613
vn 0.0000000 0.4539908 0.8910064
f 6619/6619/6619 6620/6620/6620 6621/6621/6621
v 0.2745000 0.2423282 0.1004959
vt 0.478702068 0.717978954
vn 0.0000000 0.4539908 0.8910064
v 0.2995000 0.2269959 0.1083081
vt 0.468895525 0.724003613
vn 0.0000000 0.4539908 0.8910064
v 0.2995000 0.2423282 0.1004959
vt 0.468895763 0.717978954
vn 0.0000000 0.4539908 0.8910064
f 6622/6622/6622 6623/6623/6623 6624/6624/6624
v 0.2745000 0.2100000 0.1110000
vt 0.478701741 0.730686128
vn 0.0000000 -0.1564355 0.9876882
v 0.2745000 0.1930041 0.1083081
vt 0.478701830 0.737372458
vn 0.0000000 -0.1564355 0.9876882
v 0.2995000 0.1930041 0.1083081
vt 0.468895525 0.737372458
vn 0.0000000 -0.1564355 0.9876882
f 6625/6625/6625 6626/6626/6626 6627/6627/6627
v 0.2745000 0.2100000 0.1110000
vt 0.478701741 0.730686128
vn 0.0000000 -0.1564355 0.9876882
v 0.2995000 0.1930041 0.1083081
vt 0.468895525 0.737372458
vn 0.0000000 -0.1564355 0.9876882
v 0.2995000 0.2100000 0.1110000
vt 0.468895435 0.730686128
vn 0.0000000 -0.1564355 0.9876882
f 6628/6628/6628 6629/6629/6629 6630/6630/6630
v 0.2745000 0.1930041 0.1083081
vt 0.478701830 0.737372458
vn 0.0000000 -0.4539908 0.8910064
v 0.2745000 0.1776718 0.1004959
vt 0.478702068 0.743408084
vn 0.0000000 -0.4539908 0.8910064
v 0.2995000 0.1776718 0.1004959
vt 0.468895763 0.743408084
vn 0.0000000 -0.4539908 0.8910064
f 6631/6631/6631 6632/6632/6632 6633/6633/6633
v 0.2745000 0.1930041 0.1083081
vt 0.478701830 0.737372458
vn 0.0000000 -0.4539908 0.8910064
v 0.2995000 0.1776718 0.1004959
vt 0.468895763 0.743408084
vn 0.0000000 -0.4539908 0.8910064
v 0.2995000 0.1930041 0.1083081
vt 0.468895525 0.737372458
vn 0.0000000 -0.4539908 0.8910064
f 6634/6634/6634 6635/6635/6635 6636/6636/6636
v 0.2745000 0.1776718 0.1004959
vt 0.478702068 0.743408084
vn 0.0000000 -0.7071065 0.7071070
v 0.2745000 0.1655041 0.0883282
vt 0.478702426 0.748202145
vn 0.0000000 -0.7071065 0.7071070
v 0.2995000 0.1655041 0.0883282
vt 0.468896151 0.748202145
vn 0.0000000 -0.7071065 0.7071070
f 6637/6637/6637 6638/6638/6638 6639/6639/6639
v 0.2745000 0.1776718 0.1004959
vt 0.478702068 0.743408084
vn 0.0000000 -0.7071065 0.7071070
v 0.2995000 0.1655041 0.0883282
vt 0.468896151 0.748202145
vn 0.0000000 -0.7071065 0.7071070
v 0.2995000 0.1776718 0.1004959
vt 0.468895763 0.743408084
vn 0.0000000 -0.7071065 0.7071070
f 6640/6640/6640 6641/6641/6641 6642/6642/6642
v 0.2745000 0.1655041 0.0883282
vt 0.848949850 0.435623556
vn 0.0000000 -0.8910064 0.4539908
v 0.2745000 0.1576919 0.0729959
vt 0.848949850 0.441534728
vn 0.0000000 -0.8910064 0.4539908
v 0.2995000 0.1576919 0.0729959
vt 0.839317977 0.441534728
vn 0.0000000 -0.8910064 0.4539908
f 6643/6643/6643 6644/6644/6644 6645/6645/6645
v 0.2745000 0.1655041 0.0883282
vt 0.848949850 0.435623556
vn 0.0000000 -0.8910064 0.4539908
v 0.2995000 0.1576919 0.0729959
vt 0.839317977 0.441534728
vn 0.0000000 -0.8910064 0.4539908
v 0.2995000 0.1655041 0.0883282
vt 0.839317977 0.435623556
vn 0.0000000 -0.8910064 0.4539908
f 6646/6646/6646 6647/6647/6647 6648/6648/6648
v 0.2745000 0.1576919 0.0729959
vt 0.848949850 0.441534728
vn 0.0000000 -0.9876882 0.1564350
v 0.2745000 0.1550000 0.0560000
vt 0.848949850 0.448096216
vn 0.0000000 -0.9876882 0.1564350
v 0.2995000 0.1550000 0.0560000
vt 0.839317977 0.448096216
vn 0.0000000 -0.9876882 0.1564350
f 6649/6649/6649 6650/6650/6650 6651/6651/6651
v 0.2745000 0.1576919 0.0729959
vt 0.848949850 0.441534728
vn 0.0000000 -0.9876882 0.1564350
v 0.2995000 0.1550000 0.0560000
vt 0.839317977 0.448096216
vn 0.0000000 -0.9876882 0.1564350
v 0.2995000 0.1576919 0.0729959
vt 0.839317977 0.441534728
vn 0.0000000 -0.9876882 0.1564350
f 6652/6652/6652 6653/6653/6653 6654/6654/6654
v 0.2995000 0.2423282 0.0115041
vt 0.569032073 0.917929292
vn 0.0000000 0.4539907 -0.8910064
v 0.2995000 0.2269959 0.0036919
vt 0.569032252 0.912154436
vn 0.0000000 0.4539907 -0.8910064
v 0.2745000 0.2269959 0.0036919
vt 0.578425765 0.912154377
vn 0.0000000 0.4539907 -0.8910064
f 6655/6655/6655 6656/6656/6656 6657/6657/6657
v 0.2995000 0.2423282 0.0115041
vt 0.569032073 0.917929292
vn 0.0000000 0.4539907 -0.8910064
v 0.2745000 0.2269959 0.0036919
vt 0.578425765 0.912154377
vn 0.0000000 0.4539907 -0.8910064
v 0.2745000 0.2423282 0.0115041
vt 0.578425467 0.917929292
vn 0.0000000 0.4539907 -0.8910064
f 6658/6658/6658 6659/6659/6659 6660/6660/6660
o pz_barbecue_full_jorge_|_wheel_hub
usemtl metal
v -0.3015000 0.1870000 0.0560000
vt 0.553447187 0.238420844
vn -1.0000000 0.0000000 0.0000000
v -0.3015000 0.1887508 0.0648017
vt 0.553447127 0.235143885
vn -1.0000000 0.0000000 0.0000000
v -0.3015000 0.1937365 0.0722635
vt 0.554697633 0.232116535
vn -1.0000000 0.0000000 0.0000000
f 6661/6661/6661 6662/6662/6662 6663/6663/6663
v -0.3015000 0.1937365 0.0722635
vt 0.554697633 0.232116535
vn -1.0000000 0.0000000 0.0000000
v -0.3015000 0.2011983 0.0772492
vt 0.557008386 0.229799286
vn -1.0000000 0.0000000 0.0000000
v -0.3015000 0.2100000 0.0790000
vt 0.560027599 0.228545308
vn -1.0000000 0.0000000 0.0000000
f 6664/6664/6664 6665/6665/6665 6666/6666/6666
v -0.3015000 0.2100000 0.0790000
vt 0.560027599 0.228545308
vn -1.0000000 0.0000000 0.0000000
v -0.3015000 0.2188017 0.0772492
vt 0.563295543 0.228545308
vn -1.0000000 0.0000000 0.0000000
v -0.3015000 0.2262634 0.0722635
vt 0.566314757 0.229799286
vn -1.0000000 0.0000000 0.0000000
f 6667/6667/6667 6668/6668/6668 6669/6669/6669
v -0.3015000 0.2262634 0.0722635
vt 0.566314757 0.229799286
vn -1.0000000 0.0000000 0.0000000
v -0.3015000 0.2312492 0.0648017
vt 0.568625629 0.232116356
vn -1.0000000 0.0000000 0.0000000
v -0.3015000 0.2330000 0.0560000
vt 0.569876254 0.235143796
vn -1.0000000 0.0000000 0.0000000
f 6670/6670/6670 6671/6671/6671 6672/6672/6672
v -0.3015000 0.2330000 0.0560000
vt 0.569876254 0.235143796
vn -1.0000000 0.0000000 0.0000000
v -0.3015000 0.2312492 0.0471983
vt 0.569876373 0.238420755
vn -1.0000000 0.0000000 0.0000000
v -0.3015000 0.2262634 0.0397365
vt 0.568625808 0.241448373
vn -1.0000000 0.0000000 0.0000000
f 6673/6673/6673 6674/6674/6674 6675/6675/6675
v -0.3015000 0.2262634 0.0397365
vt 0.568625808 0.241448373
vn -1.0000000 0.0000000 0.0000000
v -0.3015000 0.2188017 0.0347508
vt 0.566315055 0.243765444
vn -1.0000000 0.0000000 0.0000000
v -0.3015000 0.2100000 0.0330000
vt 0.563295901 0.245019600
vn -1.0000000 0.0000000 0.0000000
f 6676/6676/6676 6677/6677/6677 6678/6678/6678
v -0.3015000 0.2100000 0.0330000
vt 0.563295901 0.245019600
vn -1.0000000 0.0000000 0.0000000
v -0.3015000 0.2011983 0.0347508
vt 0.560027957 0.245019600
vn -1.0000000 0.0000000 0.0000000
v -0.3015000 0.1937365 0.0397365
vt 0.557008684 0.243765533
vn -1.0000000 0.0000000 0.0000000
f 6679/6679/6679 6680/6680/6680 6681/6681/6681
v -0.3015000 0.1937365 0.0397365
vt 0.557008684 0.243765533
vn -1.0000000 0.0000000 0.0000000
v -0.3015000 0.1887508 0.0471983
vt 0.554697871 0.241448373
vn -1.0000000 0.0000000 0.0000000
v -0.3015000 0.1870000 0.0560000
vt 0.553447187 0.238420844
vn -1.0000000 0.0000000 0.0000000
f 6682/6682/6682 6683/6683/6683 6684/6684/6684
v -0.3015000 0.1870000 0.0560000
vt 0.553447187 0.238420844
vn -1.0000000 0.0000000 0.0000000
v -0.3015000 0.1937365 0.0722635
vt 0.554697633 0.232116535
vn -1.0000000 0.0000000 0.0000000
v -0.3015000 0.2100000 0.0790000
vt 0.560027599 0.228545308
vn -1.0000000 0.0000000 0.0000000
f 6685/6685/6685 6686/6686/6686 6687/6687/6687
v -0.3015000 0.2100000 0.0790000
vt 0.560027599 0.228545308
vn -1.0000000 0.0000000 0.0000000
v -0.3015000 0.2262634 0.0722635
vt 0.566314757 0.229799286
vn -1.0000000 0.0000000 0.0000000
v -0.3015000 0.2330000 0.0560000
vt 0.569876254 0.235143796
vn -1.0000000 0.0000000 0.0000000
f 6688/6688/6688 6689/6689/6689 6690/6690/6690
v -0.3015000 0.2330000 0.0560000
vt 0.569876254 0.235143796
vn -1.0000000 0.0000000 0.0000000
v -0.3015000 0.2262634 0.0397365
vt 0.568625808 0.241448373
vn -1.0000000 0.0000000 0.0000000
v -0.3015000 0.2100000 0.0330000
vt 0.563295901 0.245019600
vn -1.0000000 0.0000000 0.0000000
f 6691/6691/6691 6692/6692/6692 6693/6693/6693
v -0.3015000 0.2100000 0.0330000
vt 0.563295901 0.245019600
vn -1.0000000 0.0000000 0.0000000
v -0.3015000 0.1937365 0.0397365
vt 0.557008684 0.243765533
vn -1.0000000 0.0000000 0.0000000
v -0.3015000 0.1870000 0.0560000
vt 0.553447187 0.238420844
vn -1.0000000 0.0000000 0.0000000
f 6694/6694/6694 6695/6695/6695 6696/6696/6696
v -0.3015000 0.1870000 0.0560000
vt 0.553447187 0.238420844
vn -1.0000000 0.0000000 0.0000000
v -0.3015000 0.2100000 0.0790000
vt 0.560027599 0.228545308
vn -1.0000000 0.0000000 0.0000000
v -0.3015000 0.2330000 0.0560000
vt 0.569876254 0.235143796
vn -1.0000000 0.0000000 0.0000000
f 6697/6697/6697 6698/6698/6698 6699/6699/6699
v -0.3015000 0.2330000 0.0560000
vt 0.569876254 0.235143796
vn -1.0000000 0.0000000 0.0000000
v -0.3015000 0.2100000 0.0330000
vt 0.563295901 0.245019600
vn -1.0000000 0.0000000 0.0000000
v -0.3015000 0.1870000 0.0560000
vt 0.553447187 0.238420844
vn -1.0000000 0.0000000 0.0000000
f 6700/6700/6700 6701/6701/6701 6702/6702/6702
v -0.2725000 0.1887508 0.0648017
vt 0.594913363 0.243764907
vn 1.0000000 0.0000000 0.0000000
v -0.2725000 0.1870000 0.0560000
vt 0.591894090 0.245018885
vn 1.0000000 0.0000000 0.0000000
v -0.2725000 0.1887508 0.0471983
vt 0.588626027 0.245018974
vn 1.0000000 0.0000000 0.0000000
f 6703/6703/6703 6704/6704/6704 6705/6705/6705
v -0.2725000 0.1887508 0.0471983
vt 0.588626027 0.245018974
vn 1.0000000 0.0000000 0.0000000
v -0.2725000 0.1937365 0.0397365
vt 0.585606635 0.243764997
vn 1.0000000 0.0000000 0.0000000
v -0.2725000 0.2011983 0.0347508
vt 0.583295822 0.241448015
vn 1.0000000 0.0000000 0.0000000
f 6706/6706/6706 6707/6707/6707 6708/6708/6708
v -0.2725000 0.2011983 0.0347508
vt 0.583295822 0.241448015
vn 1.0000000 0.0000000 0.0000000
v -0.2725000 0.2100000 0.0330000
vt 0.582045138 0.238420576
vn 1.0000000 0.0000000 0.0000000
v -0.2725000 0.2188017 0.0347508
vt 0.582045138 0.235143796
vn 1.0000000 0.0000000 0.0000000
f 6709/6709/6709 6710/6710/6710 6711/6711/6711
v -0.2725000 0.2188017 0.0347508
vt 0.582045138 0.235143796
vn 1.0000000 0.0000000 0.0000000
v -0.2725000 0.2262634 0.0397365
vt 0.583295763 0.232116446
vn 1.0000000 0.0000000 0.0000000
v -0.2725000 0.2312492 0.0471983
vt 0.585606635 0.229799375
vn 1.0000000 0.0000000 0.0000000
f 6712/6712/6712 6713/6713/6713 6714/6714/6714
v -0.2725000 0.2312492 0.0471983
vt 0.585606635 0.229799375
vn 1.0000000 0.0000000 0.0000000
v -0.2725000 0.2330000 0.0560000
vt 0.588625968 0.228545308
vn 1.0000000 0.0000000 0.0000000
v -0.2725000 0.2312492 0.0648017
vt 0.591894031 0.228545308
vn 1.0000000 0.0000000 0.0000000
f 6715/6715/6715 6716/6716/6716 6717/6717/6717
v -0.2725000 0.2312492 0.0648017
vt 0.591894031 0.228545308
vn 1.0000000 0.0000000 0.0000000
v -0.2725000 0.2262634 0.0722635
vt 0.594913363 0.229799286
vn 1.0000000 0.0000000 0.0000000
v -0.2725000 0.2188017 0.0772492
vt 0.597224236 0.232116356
vn 1.0000000 0.0000000 0.0000000
f 6718/6718/6718 6719/6719/6719 6720/6720/6720
v -0.2725000 0.2188017 0.0772492
vt 0.597224236 0.232116356
vn 1.0000000 0.0000000 0.0000000
v -0.2725000 0.2100000 0.0790000
vt 0.598474920 0.235143706
vn 1.0000000 0.0000000 0.0000000
v -0.2725000 0.2011983 0.0772492
vt 0.598474920 0.238420486
vn 1.0000000 0.0000000 0.0000000
f 6721/6721/6721 6722/6722/6722 6723/6723/6723
v -0.2725000 0.2011983 0.0772492
vt 0.598474920 0.238420486
vn 1.0000000 0.0000000 0.0000000
v -0.2725000 0.1937365 0.0722635
vt 0.597224295 0.241447926
vn 1.0000000 0.0000000 0.0000000
v -0.2725000 0.1887508 0.0648017
vt 0.594913363 0.243764907
vn 1.0000000 0.0000000 0.0000000
f 6724/6724/6724 6725/6725/6725 6726/6726/6726
v -0.2725000 0.1887508 0.0648017
vt 0.594913363 0.243764907
vn 1.0000000 0.0000000 0.0000000
v -0.2725000 0.1887508 0.0471983
vt 0.588626027 0.245018974
vn 1.0000000 0.0000000 0.0000000
v -0.2725000 0.2011983 0.0347508
vt 0.583295822 0.241448015
vn 1.0000000 0.0000000 0.0000000
f 6727/6727/6727 6728/6728/6728 6729/6729/6729
v -0.2725000 0.2011983 0.0347508
vt 0.583295822 0.241448015
vn 1.0000000 0.0000000 0.0000000
v -0.2725000 0.2188017 0.0347508
vt 0.582045138 0.235143796
vn 1.0000000 0.0000000 0.0000000
v -0.2725000 0.2312492 0.0471983
vt 0.585606635 0.229799375
vn 1.0000000 0.0000000 0.0000000
f 6730/6730/6730 6731/6731/6731 6732/6732/6732
v -0.2725000 0.2312492 0.0471983
vt 0.585606635 0.229799375
vn 1.0000000 0.0000000 0.0000000
v -0.2725000 0.2312492 0.0648017
vt 0.591894031 0.228545308
vn 1.0000000 0.0000000 0.0000000
v -0.2725000 0.2188017 0.0772492
vt 0.597224236 0.232116356
vn 1.0000000 0.0000000 0.0000000
f 6733/6733/6733 6734/6734/6734 6735/6735/6735
v -0.2725000 0.2188017 0.0772492
vt 0.597224236 0.232116356
vn 1.0000000 0.0000000 0.0000000
v -0.2725000 0.2011983 0.0772492
vt 0.598474920 0.238420486
vn 1.0000000 0.0000000 0.0000000
v -0.2725000 0.1887508 0.0648017
vt 0.594913363 0.243764907
vn 1.0000000 0.0000000 0.0000000
f 6736/6736/6736 6737/6737/6737 6738/6738/6738
v -0.2725000 0.1887508 0.0648017
vt 0.594913363 0.243764907
vn 1.0000000 0.0000000 0.0000000
v -0.2725000 0.2011983 0.0347508
vt 0.583295822 0.241448015
vn 1.0000000 0.0000000 0.0000000
v -0.2725000 0.2312492 0.0471983
vt 0.585606635 0.229799375
vn 1.0000000 0.0000000 0.0000000
f 6739/6739/6739 6740/6740/6740 6741/6741/6741
v -0.2725000 0.2312492 0.0471983
vt 0.585606635 0.229799375
vn 1.0000000 0.0000000 0.0000000
v -0.2725000 0.2188017 0.0772492
vt 0.597224236 0.232116356
vn 1.0000000 0.0000000 0.0000000
v -0.2725000 0.1887508 0.0648017
vt 0.594913363 0.243764907
vn 1.0000000 0.0000000 0.0000000
f 6742/6742/6742 6743/6743/6743 6744/6744/6744
v -0.3015000 0.1870000 0.0560000
vt 0.976889789 0.680129707
vn 0.0000000 -0.9807847 -0.1950935
v -0.3015000 0.1887508 0.0471983
vt 0.976889789 0.683508575
vn 0.0000000 -0.9807847 -0.1950935
v -0.2725000 0.1887508 0.0471983
vt 0.965795398 0.683508575
vn 0.0000000 -0.9807847 -0.1950935
f 6745/6745/6745 6746/6746/6746 6747/6747/6747
v -0.3015000 0.1870000 0.0560000
vt 0.976889789 0.680129707
vn 0.0000000 -0.9807847 -0.1950935
v -0.2725000 0.1887508 0.0471983
vt 0.965795398 0.683508575
vn 0.0000000 -0.9807847 -0.1950935
v -0.2725000 0.1870000 0.0560000
vt 0.965795398 0.680129707
vn 0.0000000 -0.9807847 -0.1950935
f 6748/6748/6748 6749/6749/6749 6750/6750/6750
v -0.3015000 0.1887508 0.0471983
vt 0.976889789 0.683508575
vn 0.0000000 -0.8314761 -0.5555605
v -0.3015000 0.1937365 0.0397365
vt 0.976889789 0.686378121
vn 0.0000000 -0.8314761 -0.5555605
v -0.2725000 0.1937365 0.0397365
vt 0.965795398 0.686378121
vn 0.0000000 -0.8314761 -0.5555605
f 6751/6751/6751 6752/6752/6752 6753/6753/6753
v -0.3015000 0.1887508 0.0471983
vt 0.976889789 0.683508575
vn 0.0000000 -0.8314761 -0.5555605
v -0.2725000 0.1937365 0.0397365
vt 0.965795398 0.686378121
vn 0.0000000 -0.8314761 -0.5555605
v -0.2725000 0.1887508 0.0471983
vt 0.965795398 0.683508575
vn 0.0000000 -0.8314761 -0.5555605
f 6754/6754/6754 6755/6755/6755 6756/6756/6756
v -0.3015000 0.1937365 0.0397365
vt 0.975931883 0.507737160
vn 0.0000000 -0.5555611 -0.8314757
v -0.3015000 0.2011983 0.0347508
vt 0.975931942 0.510600328
vn 0.0000000 -0.5555611 -0.8314757
v -0.2725000 0.2011983 0.0347508
vt 0.964837611 0.510600328
vn 0.0000000 -0.5555611 -0.8314757
f 6757/6757/6757 6758/6758/6758 6759/6759/6759
v -0.3015000 0.1937365 0.0397365
vt 0.975931883 0.507737160
vn 0.0000000 -0.5555611 -0.8314757
v -0.2725000 0.2011983 0.0347508
vt 0.964837611 0.510600328
vn 0.0000000 -0.5555611 -0.8314757
v -0.2725000 0.1937365 0.0397365
vt 0.964837432 0.507737160
vn 0.0000000 -0.5555611 -0.8314757
f 6760/6760/6760 6761/6761/6761 6762/6762/6762
v -0.3015000 0.2011983 0.0347508
vt 0.975931942 0.510600328
vn 0.0000000 -0.1950940 -0.9807845
v -0.3015000 0.2100000 0.0330000
vt 0.975932062 0.513976872
vn 0.0000000 -0.1950940 -0.9807845
v -0.2725000 0.2100000 0.0330000
vt 0.964837611 0.513976872
vn 0.0000000 -0.1950940 -0.9807845
f 6763/6763/6763 6764/6764/6764 6765/6765/6765
v -0.3015000 0.2011983 0.0347508
vt 0.975931942 0.510600328
vn 0.0000000 -0.1950940 -0.9807845
v -0.2725000 0.2100000 0.0330000
vt 0.964837611 0.513976872
vn 0.0000000 -0.1950940 -0.9807845
v -0.2725000 0.2011983 0.0347508
vt 0.964837611 0.510600328
vn 0.0000000 -0.1950940 -0.9807845
f 6766/6766/6766 6767/6767/6767 6768/6768/6768
v -0.3015000 0.2100000 0.0330000
vt 0.975932062 0.513976872
vn 0.0000000 0.1950936 -0.9807846
v -0.3015000 0.2188017 0.0347508
vt 0.975931942 0.517352760
vn 0.0000000 0.1950936 -0.9807846
v -0.2725000 0.2188017 0.0347508
vt 0.964837611 0.517352760
vn 0.0000000 0.1950936 -0.9807846
f 6769/6769/6769 6770/6770/6770 6771/6771/6771
v -0.3015000 0.2100000 0.0330000
vt 0.975932062 0.513976872
vn 0.0000000 0.1950936 -0.9807846
v -0.2725000 0.2188017 0.0347508
vt 0.964837611 0.517352760
vn 0.0000000 0.1950936 -0.9807846
v -0.2725000 0.2100000 0.0330000
vt 0.964837611 0.513976872
vn 0.0000000 0.1950936 -0.9807846
f 6772/6772/6772 6773/6773/6773 6774/6774/6774
v -0.3015000 0.2188017 0.0347508
vt 0.975931942 0.517352760
vn 0.0000000 0.5555665 -0.8314721
v -0.3015000 0.2262634 0.0397365
vt 0.975931883 0.520213962
vn 0.0000000 0.5555665 -0.8314721
v -0.2725000 0.2262634 0.0397365
vt 0.964837432 0.520213962
vn 0.0000000 0.5555665 -0.8314721
f 6775/6775/6775 6776/6776/6776 6777/6777/6777
v -0.3015000 0.2188017 0.0347508
vt 0.975931942 0.517352760
vn 0.0000000 0.5555665 -0.8314721
v -0.2725000 0.2262634 0.0397365
vt 0.964837432 0.520213962
vn 0.0000000 0.5555665 -0.8314721
v -0.2725000 0.2188017 0.0347508
vt 0.964837611 0.517352760
vn 0.0000000 0.5555665 -0.8314721
f 6778/6778/6778 6779/6779/6779 6780/6780/6780
v -0.3015000 0.2262634 0.0397365
vt 0.842697978 0.975736678
vn 0.0000000 0.8314707 -0.5555685
v -0.3015000 0.2312492 0.0471983
vt 0.842710435 0.972869933
vn 0.0000000 0.8314707 -0.5555685
v -0.2725000 0.2312492 0.0471983
vt 0.853804588 0.972869933
vn 0.0000000 0.8314707 -0.5555685
f 6781/6781/6781 6782/6782/6782 6783/6783/6783
v -0.3015000 0.2262634 0.0397365
vt 0.842697978 0.975736678
vn 0.0000000 0.8314707 -0.5555685
v -0.2725000 0.2312492 0.0471983
vt 0.853804588 0.972869933
vn 0.0000000 0.8314707 -0.5555685
v -0.2725000 0.2262634 0.0397365
vt 0.853792310 0.975736678
vn 0.0000000 0.8314707 -0.5555685
f 6784/6784/6784 6785/6785/6785 6786/6786/6786
v -0.3015000 0.2312492 0.0471983
vt 0.842710435 0.972869933
vn 0.0000000 0.9807847 -0.1950935
v -0.3015000 0.2330000 0.0560000
vt 0.842714608 0.969492078
vn 0.0000000 0.9807847 -0.1950935
v -0.2725000 0.2330000 0.0560000
vt 0.853808939 0.969492078
vn 0.0000000 0.9807847 -0.1950935
f 6787/6787/6787 6788/6788/6788 6789/6789/6789
v -0.3015000 0.2312492 0.0471983
vt 0.842710435 0.972869933
vn 0.0000000 0.9807847 -0.1950935
v -0.2725000 0.2330000 0.0560000
vt 0.853808939 0.969492078
vn 0.0000000 0.9807847 -0.1950935
v -0.2725000 0.2312492 0.0471983
vt 0.853804588 0.972869933
vn 0.0000000 0.9807847 -0.1950935
f 6790/6790/6790 6791/6791/6791 6792/6792/6792
v -0.3015000 0.2312492 0.0648017
vt 0.842710137 0.966117501
vn 0.0000000 0.8314707 0.5555685
v -0.3015000 0.2262634 0.0722635
vt 0.842697799 0.963259757
vn 0.0000000 0.8314707 0.5555685
v -0.2725000 0.2262634 0.0722635
vt 0.853792071 0.963259757
vn 0.0000000 0.8314707 0.5555685
f 6793/6793/6793 6794/6794/6794 6795/6795/6795
v -0.3015000 0.2312492 0.0648017
vt 0.842710137 0.966117501
vn 0.0000000 0.8314707 0.5555685
v -0.2725000 0.2262634 0.0722635
vt 0.853792071 0.963259757
vn 0.0000000 0.8314707 0.5555685
v -0.2725000 0.2312492 0.0648017
vt 0.853804588 0.966117501
vn 0.0000000 0.8314707 0.5555685
f 6796/6796/6796 6797/6797/6797 6798/6798/6798
v -0.3015000 0.2262634 0.0722635
vt 0.975931942 0.483091444
vn 0.0000000 0.5555665 0.8314721
v -0.3015000 0.2188017 0.0772492
vt 0.975931644 0.485950261
vn 0.0000000 0.5555665 0.8314721
v -0.2725000 0.2188017 0.0772492
vt 0.964837372 0.485950261
vn 0.0000000 0.5555665 0.8314721
f 6799/6799/6799 6800/6800/6800 6801/6801/6801
v -0.3015000 0.2262634 0.0722635
vt 0.975931942 0.483091444
vn 0.0000000 0.5555665 0.8314721
v -0.2725000 0.2188017 0.0772492
vt 0.964837372 0.485950261
vn 0.0000000 0.5555665 0.8314721
v -0.2725000 0.2262634 0.0722635
vt 0.964837372 0.483091444
vn 0.0000000 0.5555665 0.8314721
f 6802/6802/6802 6803/6803/6803 6804/6804/6804
v -0.2725000 0.2312492 0.0648017
vt 0.853804588 0.966117501
vn 0.0000000 0.9807847 0.1950936
v -0.2725000 0.2330000 0.0560000
vt 0.853808939 0.969492078
vn 0.0000000 0.9807847 0.1950936
v -0.3015000 0.2330000 0.0560000
vt 0.842714608 0.969492078
vn 0.0000000 0.9807847 0.1950936
f 6805/6805/6805 6806/6806/6806 6807/6807/6807
v -0.2725000 0.2312492 0.0648017
vt 0.853804588 0.966117501
vn 0.0000000 0.9807847 0.1950936
v -0.3015000 0.2330000 0.0560000
vt 0.842714608 0.969492078
vn 0.0000000 0.9807847 0.1950936
v -0.3015000 0.2312492 0.0648017
vt 0.842710137 0.966117501
vn 0.0000000 0.9807847 0.1950936
f 6808/6808/6808 6809/6809/6809 6810/6810/6810
v -0.3015000 0.2100000 0.0790000
vt 0.975931644 0.489325255
vn 0.0000000 -0.1950944 0.9807845
v -0.3015000 0.2011983 0.0772492
vt 0.975931644 0.492702693
vn 0.0000000 -0.1950944 0.9807845
v -0.2725000 0.2011983 0.0772492
vt 0.964837372 0.492702693
vn 0.0000000 -0.1950944 0.9807845
f 6811/6811/6811 6812/6812/6812 6813/6813/6813
v -0.3015000 0.2100000 0.0790000
vt 0.975931644 0.489325255
vn 0.0000000 -0.1950944 0.9807845
v -0.2725000 0.2011983 0.0772492
vt 0.964837372 0.492702693
vn 0.0000000 -0.1950944 0.9807845
v -0.2725000 0.2100000 0.0790000
vt 0.964837372 0.489325255
vn 0.0000000 -0.1950944 0.9807845
f 6814/6814/6814 6815/6815/6815 6816/6816/6816
v -0.3015000 0.2011983 0.0772492
vt 0.975931644 0.492702693
vn 0.0000000 -0.5555611 0.8314757
v -0.3015000 0.1937365 0.0722635
vt 0.975931942 0.495568365
vn 0.0000000 -0.5555611 0.8314757
v -0.2725000 0.1937365 0.0722635
vt 0.964837372 0.495568365
vn 0.0000000 -0.5555611 0.8314757
f 6817/6817/6817 6818/6818/6818 6819/6819/6819
v -0.3015000 0.2011983 0.0772492
vt 0.975931644 0.492702693
vn 0.0000000 -0.5555611 0.8314757
v -0.2725000 0.1937365 0.0722635
vt 0.964837372 0.495568365
vn 0.0000000 -0.5555611 0.8314757
v -0.2725000 0.2011983 0.0772492
vt 0.964837372 0.492702693
vn 0.0000000 -0.5555611 0.8314757
f 6820/6820/6820 6821/6821/6821 6822/6822/6822
v -0.3015000 0.1937365 0.0722635
vt 0.976889789 0.673901320
vn 0.0000000 -0.8314761 0.5555605
v -0.3015000 0.1887508 0.0648017
vt 0.976889789 0.676756203
vn 0.0000000 -0.8314761 0.5555605
v -0.2725000 0.1887508 0.0648017
vt 0.965795398 0.676756203
vn 0.0000000 -0.8314761 0.5555605
f 6823/6823/6823 6824/6824/6824 6825/6825/6825
v -0.3015000 0.1937365 0.0722635
vt 0.976889789 0.673901320
vn 0.0000000 -0.8314761 0.5555605
v -0.2725000 0.1887508 0.0648017
vt 0.965795398 0.676756203
vn 0.0000000 -0.8314761 0.5555605
v -0.2725000 0.1937365 0.0722635
vt 0.965795398 0.673901320
vn 0.0000000 -0.8314761 0.5555605
f 6826/6826/6826 6827/6827/6827 6828/6828/6828
v -0.2725000 0.2100000 0.0790000
vt 0.964837372 0.489325255
vn 0.0000000 0.1950941 0.9807846
v -0.2725000 0.2188017 0.0772492
vt 0.964837372 0.485950261
vn 0.0000000 0.1950941 0.9807846
v -0.3015000 0.2188017 0.0772492
vt 0.975931644 0.485950261
vn 0.0000000 0.1950941 0.9807846
f 6829/6829/6829 6830/6830/6830 6831/6831/6831
v -0.2725000 0.2100000 0.0790000
vt 0.964837372 0.489325255
vn 0.0000000 0.1950941 0.9807846
v -0.3015000 0.2188017 0.0772492
vt 0.975931644 0.485950261
vn 0.0000000 0.1950941 0.9807846
v -0.3015000 0.2100000 0.0790000
vt 0.975931644 0.489325255
vn 0.0000000 0.1950941 0.9807846
f 6832/6832/6832 6833/6833/6833 6834/6834/6834
v -0.2725000 0.1870000 0.0560000
vt 0.965795398 0.680129707
vn 0.0000000 -0.9807847 0.1950936
v -0.2725000 0.1887508 0.0648017
vt 0.965795398 0.676756203
vn 0.0000000 -0.9807847 0.1950936
v -0.3015000 0.1887508 0.0648017
vt 0.976889789 0.676756203
vn 0.0000000 -0.9807847 0.1950936
f 6835/6835/6835 6836/6836/6836 6837/6837/6837
v -0.2725000 0.1870000 0.0560000
vt 0.965795398 0.680129707
vn 0.0000000 -0.9807847 0.1950936
v -0.3015000 0.1887508 0.0648017
vt 0.976889789 0.676756203
vn 0.0000000 -0.9807847 0.1950936
v -0.3015000 0.1870000 0.0560000
vt 0.976889789 0.680129707
vn 0.0000000 -0.9807847 0.1950936
f 6838/6838/6838 6839/6839/6839 6840/6840/6840
o pz_barbecue_full_jorge_|_wheel_hub.001
usemtl metal
v 0.2725000 0.1870000 0.0560000
vt 0.524849236 0.238420844
vn -1.0000000 0.0000000 0.0000000
v 0.2725000 0.1887508 0.0648017
vt 0.524849236 0.235143885
vn -1.0000000 0.0000000 0.0000000
v 0.2725000 0.1937365 0.0722635
vt 0.526099801 0.232116356
vn -1.0000000 0.0000000 0.0000000
f 6841/6841/6841 6842/6842/6842 6843/6843/6843
v 0.2725000 0.1937365 0.0722635
vt 0.526099801 0.232116356
vn -1.0000000 0.0000000 0.0000000
v 0.2725000 0.2011983 0.0772492
vt 0.528410614 0.229799375
vn -1.0000000 0.0000000 0.0000000
v 0.2725000 0.2100000 0.0790000
vt 0.531429768 0.228545308
vn -1.0000000 0.0000000 0.0000000
f 6844/6844/6844 6845/6845/6845 6846/6846/6846
v 0.2725000 0.2100000 0.0790000
vt 0.531429768 0.228545308
vn -1.0000000 0.0000000 0.0000000
v 0.2725000 0.2188017 0.0772492
vt 0.534697711 0.228545398
vn -1.0000000 0.0000000 0.0000000
v 0.2725000 0.2262634 0.0722635
vt 0.537716925 0.229799375
vn -1.0000000 0.0000000 0.0000000
f 6847/6847/6847 6848/6848/6848 6849/6849/6849
v 0.2725000 0.2262634 0.0722635
vt 0.537716925 0.229799375
vn -1.0000000 0.0000000 0.0000000
v 0.2725000 0.2312492 0.0648017
vt 0.540027738 0.232116625
vn -1.0000000 0.0000000 0.0000000
v 0.2725000 0.2330000 0.0560000
vt 0.541278362 0.235144153
vn -1.0000000 0.0000000 0.0000000
f 6850/6850/6850 6851/6851/6851 6852/6852/6852
v 0.2725000 0.2330000 0.0560000
vt 0.541278362 0.235144153
vn -1.0000000 0.0000000 0.0000000
v 0.2725000 0.2312492 0.0471983
vt 0.541278362 0.238421023
vn -1.0000000 0.0000000 0.0000000
v 0.2725000 0.2262634 0.0397365
vt 0.540027797 0.241448551
vn -1.0000000 0.0000000 0.0000000
f 6853/6853/6853 6854/6854/6854 6855/6855/6855
v 0.2725000 0.2262634 0.0397365
vt 0.540027797 0.241448551
vn -1.0000000 0.0000000 0.0000000
v 0.2725000 0.2188017 0.0347508
vt 0.537716985 0.243765622
vn -1.0000000 0.0000000 0.0000000
v 0.2725000 0.2100000 0.0330000
vt 0.534697771 0.245019779
vn -1.0000000 0.0000000 0.0000000
f 6856/6856/6856 6857/6857/6857 6858/6858/6858
v 0.2725000 0.2100000 0.0330000
vt 0.534697771 0.245019779
vn -1.0000000 0.0000000 0.0000000
v 0.2725000 0.2011983 0.0347508
vt 0.531429827 0.245019510
vn -1.0000000 0.0000000 0.0000000
v 0.2725000 0.1937365 0.0397365
vt 0.528410614 0.243765533
vn -1.0000000 0.0000000 0.0000000
f 6859/6859/6859 6860/6860/6860 6861/6861/6861
v 0.2725000 0.1937365 0.0397365
vt 0.528410614 0.243765533
vn -1.0000000 0.0000000 0.0000000
v 0.2725000 0.1887508 0.0471983
vt 0.526099861 0.241448283
vn -1.0000000 0.0000000 0.0000000
v 0.2725000 0.1870000 0.0560000
vt 0.524849236 0.238420844
vn -1.0000000 0.0000000 0.0000000
f 6862/6862/6862 6863/6863/6863 6864/6864/6864
v 0.2725000 0.1870000 0.0560000
vt 0.524849236 0.238420844
vn -1.0000000 0.0000000 0.0000000
v 0.2725000 0.1937365 0.0722635
vt 0.526099801 0.232116356
vn -1.0000000 0.0000000 0.0000000
v 0.2725000 0.2100000 0.0790000
vt 0.531429768 0.228545308
vn -1.0000000 0.0000000 0.0000000
f 6865/6865/6865 6866/6866/6866 6867/6867/6867
v 0.2725000 0.2100000 0.0790000
vt 0.531429768 0.228545308
vn -1.0000000 0.0000000 0.0000000
v 0.2725000 0.2262634 0.0722635
vt 0.537716925 0.229799375
vn -1.0000000 0.0000000 0.0000000
v 0.2725000 0.2330000 0.0560000
vt 0.541278362 0.235144153
vn -1.0000000 0.0000000 0.0000000
f 6868/6868/6868 6869/6869/6869 6870/6870/6870
v 0.2725000 0.2330000 0.0560000
vt 0.541278362 0.235144153
vn -1.0000000 0.0000000 0.0000000
v 0.2725000 0.2262634 0.0397365
vt 0.540027797 0.241448551
vn -1.0000000 0.0000000 0.0000000
v 0.2725000 0.2100000 0.0330000
vt 0.534697771 0.245019779
vn -1.0000000 0.0000000 0.0000000
f 6871/6871/6871 6872/6872/6872 6873/6873/6873
v 0.2725000 0.2100000 0.0330000
vt 0.534697771 0.245019779
vn -1.0000000 0.0000000 0.0000000
v 0.2725000 0.1937365 0.0397365
vt 0.528410614 0.243765533
vn -1.0000000 0.0000000 0.0000000
v 0.2725000 0.1870000 0.0560000
vt 0.524849236 0.238420844
vn -1.0000000 0.0000000 0.0000000
f 6874/6874/6874 6875/6875/6875 6876/6876/6876
v 0.2725000 0.1870000 0.0560000
vt 0.524849236 0.238420844
vn -1.0000000 0.0000000 0.0000000
v 0.2725000 0.2100000 0.0790000
vt 0.531429768 0.228545308
vn -1.0000000 0.0000000 0.0000000
v 0.2725000 0.2330000 0.0560000
vt 0.541278362 0.235144153
vn -1.0000000 0.0000000 0.0000000
f 6877/6877/6877 6878/6878/6878 6879/6879/6879
v 0.2725000 0.2330000 0.0560000
vt 0.541278362 0.235144153
vn -1.0000000 0.0000000 0.0000000
v 0.2725000 0.2100000 0.0330000
vt 0.534697771 0.245019779
vn -1.0000000 0.0000000 0.0000000
v 0.2725000 0.1870000 0.0560000
vt 0.524849236 0.238420844
vn -1.0000000 0.0000000 0.0000000
f 6880/6880/6880 6881/6881/6881 6882/6882/6882
v 0.3015000 0.1887508 0.0648017
vt 0.623511970 0.243764877
vn 1.0000000 0.0000000 0.0000000
v 0.3015000 0.1870000 0.0560000
vt 0.620492637 0.245018899
vn 1.0000000 0.0000000 0.0000000
v 0.3015000 0.1887508 0.0471983
vt 0.617224693 0.245018870
vn 1.0000000 0.0000000 0.0000000
f 6883/6883/6883 6884/6884/6884 6885/6885/6885
v 0.3015000 0.1887508 0.0471983
vt 0.617224693 0.245018870
vn 1.0000000 0.0000000 0.0000000
v 0.3015000 0.1937365 0.0397365
vt 0.614205241 0.243764967
vn 1.0000000 0.0000000 0.0000000
v 0.3015000 0.2011983 0.0347508
vt 0.611894310 0.241447896
vn 1.0000000 0.0000000 0.0000000
f 6886/6886/6886 6887/6887/6887 6888/6888/6888
v 0.3015000 0.2011983 0.0347508
vt 0.611894310 0.241447896
vn 1.0000000 0.0000000 0.0000000
v 0.3015000 0.2100000 0.0330000
vt 0.610643744 0.238420516
vn 1.0000000 0.0000000 0.0000000
v 0.3015000 0.2188017 0.0347508
vt 0.610643744 0.235143736
vn 1.0000000 0.0000000 0.0000000
f 6889/6889/6889 6890/6890/6890 6891/6891/6891
v 0.3015000 0.2188017 0.0347508
vt 0.610643744 0.235143736
vn 1.0000000 0.0000000 0.0000000
v 0.3015000 0.2262634 0.0397365
vt 0.611894310 0.232116342
vn 1.0000000 0.0000000 0.0000000
v 0.3015000 0.2312492 0.0471983
vt 0.614205241 0.229799271
vn 1.0000000 0.0000000 0.0000000
f 6892/6892/6892 6893/6893/6893 6894/6894/6894
v 0.3015000 0.2312492 0.0471983
vt 0.614205241 0.229799271
vn 1.0000000 0.0000000 0.0000000
v 0.3015000 0.2330000 0.0560000
vt 0.617224574 0.228545278
vn 1.0000000 0.0000000 0.0000000
v 0.3015000 0.2312492 0.0648017
vt 0.620492637 0.228545278
vn 1.0000000 0.0000000 0.0000000
f 6895/6895/6895 6896/6896/6896 6897/6897/6897
v 0.3015000 0.2312492 0.0648017
vt 0.620492637 0.228545278
vn 1.0000000 0.0000000 0.0000000
v 0.3015000 0.2262634 0.0722635
vt 0.623511970 0.229799271
vn 1.0000000 0.0000000 0.0000000
v 0.3015000 0.2188017 0.0772492
vt 0.625822902 0.232116297
vn 1.0000000 0.0000000 0.0000000
f 6898/6898/6898 6899/6899/6899 6900/6900/6900
v 0.3015000 0.2188017 0.0772492
vt 0.625822902 0.232116297
vn 1.0000000 0.0000000 0.0000000
v 0.3015000 0.2100000 0.0790000
vt 0.627073526 0.235143647
vn 1.0000000 0.0000000 0.0000000
v 0.3015000 0.2011983 0.0772492
vt 0.627073407 0.238420457
vn 1.0000000 0.0000000 0.0000000
f 6901/6901/6901 6902/6902/6902 6903/6903/6903
v 0.3015000 0.2011983 0.0772492
vt 0.627073407 0.238420457
vn 1.0000000 0.0000000 0.0000000
v 0.3015000 0.1937365 0.0722635
vt 0.625822902 0.241447851
vn 1.0000000 0.0000000 0.0000000
v 0.3015000 0.1887508 0.0648017
vt 0.623511970 0.243764877
vn 1.0000000 0.0000000 0.0000000
f 6904/6904/6904 6905/6905/6905 6906/6906/6906
v 0.3015000 0.1887508 0.0648017
vt 0.623511970 0.243764877
vn 1.0000000 0.0000000 0.0000000
v 0.3015000 0.1887508 0.0471983
vt 0.617224693 0.245018870
vn 1.0000000 0.0000000 0.0000000
v 0.3015000 0.2011983 0.0347508
vt 0.611894310 0.241447896
vn 1.0000000 0.0000000 0.0000000
f 6907/6907/6907 6908/6908/6908 6909/6909/6909
v 0.3015000 0.2011983 0.0347508
vt 0.611894310 0.241447896
vn 1.0000000 0.0000000 0.0000000
v 0.3015000 0.2188017 0.0347508
vt 0.610643744 0.235143736
vn 1.0000000 0.0000000 0.0000000
v 0.3015000 0.2312492 0.0471983
vt 0.614205241 0.229799271
vn 1.0000000 0.0000000 0.0000000
f 6910/6910/6910 6911/6911/6911 6912/6912/6912
v 0.3015000 0.2312492 0.0471983
vt 0.614205241 0.229799271
vn 1.0000000 0.0000000 0.0000000
v 0.3015000 0.2312492 0.0648017
vt 0.620492637 0.228545278
vn 1.0000000 0.0000000 0.0000000
v 0.3015000 0.2188017 0.0772492
vt 0.625822902 0.232116297
vn 1.0000000 0.0000000 0.0000000
f 6913/6913/6913 6914/6914/6914 6915/6915/6915
v 0.3015000 0.2188017 0.0772492
vt 0.625822902 0.232116297
vn 1.0000000 0.0000000 0.0000000
v 0.3015000 0.2011983 0.0772492
vt 0.627073407 0.238420457
vn 1.0000000 0.0000000 0.0000000
v 0.3015000 0.1887508 0.0648017
vt 0.623511970 0.243764877
vn 1.0000000 0.0000000 0.0000000
f 6916/6916/6916 6917/6917/6917 6918/6918/6918
v 0.3015000 0.1887508 0.0648017
vt 0.623511970 0.243764877
vn 1.0000000 0.0000000 0.0000000
v 0.3015000 0.2011983 0.0347508
vt 0.611894310 0.241447896
vn 1.0000000 0.0000000 0.0000000
v 0.3015000 0.2312492 0.0471983
vt 0.614205241 0.229799271
vn 1.0000000 0.0000000 0.0000000
f 6919/6919/6919 6920/6920/6920 6921/6921/6921
v 0.3015000 0.2312492 0.0471983
vt 0.614205241 0.229799271
vn 1.0000000 0.0000000 0.0000000
v 0.3015000 0.2188017 0.0772492
vt 0.625822902 0.232116297
vn 1.0000000 0.0000000 0.0000000
v 0.3015000 0.1887508 0.0648017
vt 0.623511970 0.243764877
vn 1.0000000 0.0000000 0.0000000
f 6922/6922/6922 6923/6923/6923 6924/6924/6924
v 0.2725000 0.1870000 0.0560000
vt 0.975931883 0.563256800
vn 0.0000000 -0.9807847 -0.1950935
v 0.2725000 0.1887508 0.0471983
vt 0.975931883 0.566635668
vn 0.0000000 -0.9807847 -0.1950935
v 0.3015000 0.1887508 0.0471983
vt 0.964837432 0.566635668
vn 0.0000000 -0.9807847 -0.1950935
f 6925/6925/6925 6926/6926/6926 6927/6927/6927
v 0.2725000 0.1870000 0.0560000
vt 0.975931883 0.563256800
vn 0.0000000 -0.9807847 -0.1950935
v 0.3015000 0.1887508 0.0471983
vt 0.964837432 0.566635668
vn 0.0000000 -0.9807847 -0.1950935
v 0.3015000 0.1870000 0.0560000
vt 0.964837432 0.563256800
vn 0.0000000 -0.9807847 -0.1950935
f 6928/6928/6928 6929/6929/6929 6930/6930/6930
v 0.2725000 0.1887508 0.0471983
vt 0.975931883 0.566635668
vn 0.0000000 -0.8314761 -0.5555605
v 0.2725000 0.1937365 0.0397365
vt 0.975931883 0.569505274
vn 0.0000000 -0.8314761 -0.5555605
v 0.3015000 0.1937365 0.0397365
vt 0.964837432 0.569505274
vn 0.0000000 -0.8314761 -0.5555605
f 6931/6931/6931 6932/6932/6932 6933/6933/6933
v 0.2725000 0.1887508 0.0471983
vt 0.975931883 0.566635668
vn 0.0000000 -0.8314761 -0.5555605
v 0.3015000 0.1937365 0.0397365
vt 0.964837432 0.569505274
vn 0.0000000 -0.8314761 -0.5555605
v 0.3015000 0.1887508 0.0471983
vt 0.964837432 0.566635668
vn 0.0000000 -0.8314761 -0.5555605
f 6934/6934/6934 6935/6935/6935 6936/6936/6936
v 0.2725000 0.1937365 0.0397365
vt 0.976889729 0.698546946
vn 0.0000000 -0.5555611 -0.8314757
v 0.2725000 0.2011983 0.0347508
vt 0.976889908 0.701410115
vn 0.0000000 -0.5555611 -0.8314757
v 0.3015000 0.2011983 0.0347508
vt 0.965795398 0.701410115
vn 0.0000000 -0.5555611 -0.8314757
f 6937/6937/6937 6938/6938/6938 6939/6939/6939
v 0.2725000 0.1937365 0.0397365
vt 0.976889729 0.698546946
vn 0.0000000 -0.5555611 -0.8314757
v 0.3015000 0.2011983 0.0347508
vt 0.965795398 0.701410115
vn 0.0000000 -0.5555611 -0.8314757
v 0.3015000 0.1937365 0.0397365
vt 0.965795398 0.698546946
vn 0.0000000 -0.5555611 -0.8314757
f 6940/6940/6940 6941/6941/6941 6942/6942/6942
v 0.2725000 0.2011983 0.0347508
vt 0.976889908 0.701410115
vn 0.0000000 -0.1950940 -0.9807845
v 0.2725000 0.2100000 0.0330000
vt 0.976889908 0.704786539
vn 0.0000000 -0.1950940 -0.9807845
v 0.3015000 0.2100000 0.0330000
vt 0.965795457 0.704786539
vn 0.0000000 -0.1950940 -0.9807845
f 6943/6943/6943 6944/6944/6944 6945/6945/6945
v 0.2725000 0.2011983 0.0347508
vt 0.976889908 0.701410115
vn 0.0000000 -0.1950940 -0.9807845
v 0.3015000 0.2100000 0.0330000
vt 0.965795457 0.704786539
vn 0.0000000 -0.1950940 -0.9807845
v 0.3015000 0.2011983 0.0347508
vt 0.965795398 0.701410115
vn 0.0000000 -0.1950940 -0.9807845
f 6946/6946/6946 6947/6947/6947 6948/6948/6948
v 0.2725000 0.2100000 0.0330000
vt 0.976889908 0.704786539
vn 0.0000000 0.1950936 -0.9807846
v 0.2725000 0.2188017 0.0347508
vt 0.976889908 0.708162367
vn 0.0000000 0.1950936 -0.9807846
v 0.3015000 0.2188017 0.0347508
vt 0.965795398 0.708162367
vn 0.0000000 0.1950936 -0.9807846
f 6949/6949/6949 6950/6950/6950 6951/6951/6951
v 0.2725000 0.2100000 0.0330000
vt 0.976889908 0.704786539
vn 0.0000000 0.1950936 -0.9807846
v 0.3015000 0.2188017 0.0347508
vt 0.965795398 0.708162367
vn 0.0000000 0.1950936 -0.9807846
v 0.3015000 0.2100000 0.0330000
vt 0.965795457 0.704786539
vn 0.0000000 0.1950936 -0.9807846
f 6952/6952/6952 6953/6953/6953 6954/6954/6954
v 0.2725000 0.2188017 0.0347508
vt 0.976889908 0.708162367
vn 0.0000000 0.5555665 -0.8314721
v 0.2725000 0.2262634 0.0397365
vt 0.976889729 0.711023688
vn 0.0000000 0.5555665 -0.8314721
v 0.3015000 0.2262634 0.0397365
vt 0.965795398 0.711023688
vn 0.0000000 0.5555665 -0.8314721
f 6955/6955/6955 6956/6956/6956 6957/6957/6957
v 0.2725000 0.2188017 0.0347508
vt 0.976889908 0.708162367
vn 0.0000000 0.5555665 -0.8314721
v 0.3015000 0.2262634 0.0397365
vt 0.965795398 0.711023688
vn 0.0000000 0.5555665 -0.8314721
v 0.3015000 0.2188017 0.0347508
vt 0.965795398 0.708162367
vn 0.0000000 0.5555665 -0.8314721
f 6958/6958/6958 6959/6959/6959 6960/6960/6960
v 0.2725000 0.2262634 0.0397365
vt 0.677480280 0.961771667
vn 0.0000000 0.8314707 -0.5555685
v 0.2725000 0.2312492 0.0471983
vt 0.677492499 0.958904922
vn 0.0000000 0.8314707 -0.5555685
v 0.3015000 0.2312492 0.0471983
vt 0.688586950 0.958904922
vn 0.0000000 0.8314707 -0.5555685
f 6961/6961/6961 6962/6962/6962 6963/6963/6963
v 0.2725000 0.2262634 0.0397365
vt 0.677480280 0.961771667
vn 0.0000000 0.8314707 -0.5555685
v 0.3015000 0.2312492 0.0471983
vt 0.688586950 0.958904922
vn 0.0000000 0.8314707 -0.5555685
v 0.3015000 0.2262634 0.0397365
vt 0.688574553 0.961771667
vn 0.0000000 0.8314707 -0.5555685
f 6964/6964/6964 6965/6965/6965 6966/6966/6966
v 0.2725000 0.2312492 0.0471983
vt 0.677492499 0.958904922
vn 0.0000000 0.9807847 -0.1950935
v 0.2725000 0.2330000 0.0560000
vt 0.677496910 0.955527067
vn 0.0000000 0.9807847 -0.1950935
v 0.3015000 0.2330000 0.0560000
vt 0.688591182 0.955527067
vn 0.0000000 0.9807847 -0.1950935
f 6967/6967/6967 6968/6968/6968 6969/6969/6969
v 0.2725000 0.2312492 0.0471983
vt 0.677492499 0.958904922
vn 0.0000000 0.9807847 -0.1950935
v 0.3015000 0.2330000 0.0560000
vt 0.688591182 0.955527067
vn 0.0000000 0.9807847 -0.1950935
v 0.3015000 0.2312492 0.0471983
vt 0.688586950 0.958904922
vn 0.0000000 0.9807847 -0.1950935
f 6970/6970/6970 6971/6971/6971 6972/6972/6972
v 0.2725000 0.2312492 0.0648017
vt 0.677492499 0.952152431
vn 0.0000000 0.8314707 0.5555685
v 0.2725000 0.2262634 0.0722635
vt 0.677480102 0.949294686
vn 0.0000000 0.8314707 0.5555685
v 0.3015000 0.2262634 0.0722635
vt 0.688574374 0.949294686
vn 0.0000000 0.8314707 0.5555685
f 6973/6973/6973 6974/6974/6974 6975/6975/6975
v 0.2725000 0.2312492 0.0648017
vt 0.677492499 0.952152431
vn 0.0000000 0.8314707 0.5555685
v 0.3015000 0.2262634 0.0722635
vt 0.688574374 0.949294686
vn 0.0000000 0.8314707 0.5555685
v 0.3015000 0.2312492 0.0648017
vt 0.688586831 0.952152431
vn 0.0000000 0.8314707 0.5555685
f 6976/6976/6976 6977/6977/6977 6978/6978/6978
v 0.2725000 0.2262634 0.0722635
vt 0.975932062 0.532382786
vn 0.0000000 0.5555665 0.8314721
v 0.2725000 0.2188017 0.0772492
vt 0.975931883 0.535241604
vn 0.0000000 0.5555665 0.8314721
v 0.3015000 0.2188017 0.0772492
vt 0.964837432 0.535241604
vn 0.0000000 0.5555665 0.8314721
f 6979/6979/6979 6980/6980/6980 6981/6981/6981
v 0.2725000 0.2262634 0.0722635
vt 0.975932062 0.532382786
vn 0.0000000 0.5555665 0.8314721
v 0.3015000 0.2188017 0.0772492
vt 0.964837432 0.535241604
vn 0.0000000 0.5555665 0.8314721
v 0.3015000 0.2262634 0.0722635
vt 0.964837611 0.532382786
vn 0.0000000 0.5555665 0.8314721
f 6982/6982/6982 6983/6983/6983 6984/6984/6984
v 0.3015000 0.2312492 0.0648017
vt 0.688586831 0.952152431
vn 0.0000000 0.9807847 0.1950936
v 0.3015000 0.2330000 0.0560000
vt 0.688591182 0.955527067
vn 0.0000000 0.9807847 0.1950936
v 0.2725000 0.2330000 0.0560000
vt 0.677496910 0.955527067
vn 0.0000000 0.9807847 0.1950936
f 6985/6985/6985 6986/6986/6986 6987/6987/6987
v 0.3015000 0.2312492 0.0648017
vt 0.688586831 0.952152431
vn 0.0000000 0.9807847 0.1950936
v 0.2725000 0.2330000 0.0560000
vt 0.677496910 0.955527067
vn 0.0000000 0.9807847 0.1950936
v 0.2725000 0.2312492 0.0648017
vt 0.677492499 0.952152431
vn 0.0000000 0.9807847 0.1950936
f 6988/6988/6988 6989/6989/6989 6990/6990/6990
v 0.2725000 0.2100000 0.0790000
vt 0.975931704 0.538616598
vn 0.0000000 -0.1950944 0.9807845
v 0.2725000 0.2011983 0.0772492
vt 0.975931883 0.541993976
vn 0.0000000 -0.1950944 0.9807845
v 0.3015000 0.2011983 0.0772492
vt 0.964837432 0.541993976
vn 0.0000000 -0.1950944 0.9807845
f 6991/6991/6991 6992/6992/6992 6993/6993/6993
v 0.2725000 0.2100000 0.0790000
vt 0.975931704 0.538616598
vn 0.0000000 -0.1950944 0.9807845
v 0.3015000 0.2011983 0.0772492
vt 0.964837432 0.541993976
vn 0.0000000 -0.1950944 0.9807845
v 0.3015000 0.2100000 0.0790000
vt 0.964837432 0.538616598
vn 0.0000000 -0.1950944 0.9807845
f 6994/6994/6994 6995/6995/6995 6996/6996/6996
v 0.2725000 0.2011983 0.0772492
vt 0.975931883 0.541993976
vn 0.0000000 -0.5555611 0.8314757
v 0.2725000 0.1937365 0.0722635
vt 0.975932062 0.544859588
vn 0.0000000 -0.5555611 0.8314757
v 0.3015000 0.1937365 0.0722635
vt 0.964837611 0.544859588
vn 0.0000000 -0.5555611 0.8314757
f 6997/6997/6997 6998/6998/6998 6999/6999/6999
v 0.2725000 0.2011983 0.0772492
vt 0.975931883 0.541993976
vn 0.0000000 -0.5555611 0.8314757
v 0.3015000 0.1937365 0.0722635
vt 0.964837611 0.544859588
vn 0.0000000 -0.5555611 0.8314757
v 0.3015000 0.2011983 0.0772492
vt 0.964837432 0.541993976
vn 0.0000000 -0.5555611 0.8314757
f 7000/7000/7000 7001/7001/7001 7002/7002/7002
v 0.2725000 0.1937365 0.0722635
vt 0.975931883 0.557028413
vn 0.0000000 -0.8314761 0.5555605
v 0.2725000 0.1887508 0.0648017
vt 0.975931883 0.559883296
vn 0.0000000 -0.8314761 0.5555605
v 0.3015000 0.1887508 0.0648017
vt 0.964837432 0.559883296
vn 0.0000000 -0.8314761 0.5555605
f 7003/7003/7003 7004/7004/7004 7005/7005/7005
v 0.2725000 0.1937365 0.0722635
vt 0.975931883 0.557028413
vn 0.0000000 -0.8314761 0.5555605
v 0.3015000 0.1887508 0.0648017
vt 0.964837432 0.559883296
vn 0.0000000 -0.8314761 0.5555605
v 0.3015000 0.1937365 0.0722635
vt 0.964837432 0.557028413
vn 0.0000000 -0.8314761 0.5555605
f 7006/7006/7006 7007/7007/7007 7008/7008/7008
v 0.3015000 0.2100000 0.0790000
vt 0.964837432 0.538616598
vn 0.0000000 0.1950941 0.9807846
v 0.3015000 0.2188017 0.0772492
vt 0.964837432 0.535241604
vn 0.0000000 0.1950941 0.9807846
v 0.2725000 0.2188017 0.0772492
vt 0.975931883 0.535241604
vn 0.0000000 0.1950941 0.9807846
f 7009/7009/7009 7010/7010/7010 7011/7011/7011
v 0.3015000 0.2100000 0.0790000
vt 0.964837432 0.538616598
vn 0.0000000 0.1950941 0.9807846
v 0.2725000 0.2188017 0.0772492
vt 0.975931883 0.535241604
vn 0.0000000 0.1950941 0.9807846
v 0.2725000 0.2100000 0.0790000
vt 0.975931704 0.538616598
vn 0.0000000 0.1950941 0.9807846
f 7012/7012/7012 7013/7013/7013 7014/7014/7014
v 0.3015000 0.1870000 0.0560000
vt 0.964837432 0.563256800
vn 0.0000000 -0.9807847 0.1950936
v 0.3015000 0.1887508 0.0648017
vt 0.964837432 0.559883296
vn 0.0000000 -0.9807847 0.1950936
v 0.2725000 0.1887508 0.0648017
vt 0.975931883 0.559883296
vn 0.0000000 -0.9807847 0.1950936
f 7015/7015/7015 7016/7016/7016 7017/7017/7017
v 0.3015000 0.1870000 0.0560000
vt 0.964837432 0.563256800
vn 0.0000000 -0.9807847 0.1950936
v 0.2725000 0.1887508 0.0648017
vt 0.975931883 0.559883296
vn 0.0000000 -0.9807847 0.1950936
v 0.2725000 0.1870000 0.0560000
vt 0.975931883 0.563256800
vn 0.0000000 -0.9807847 0.1950936
f 7018/7018/7018 7019/7019/7019 7020/7020/7020
