# Native source pixel textures; geometry preserved.
mtllib pz_counter_dark_oak_floor__sink_inset_rect.mtl
usemtl native
o 
v -0.50000000 -0.10625000 0.80999990
vt 0.276729345 0.768920774
vn -0.9999999 0.0000000 0.0000000
v -0.50000000 0.48125000 0.80999990
vt 0.276729345 0.983477821
vn -0.9999999 0.0000000 0.0000000
v -0.50000000 -0.10625000 0.03000000
vt 0.004667105 0.768920836
vn -0.9999999 0.0000000 0.0000000
f 1/1/1 2/2/2 3/3/3
v -0.50000000 0.48125000 0.03000000
vt 0.004667114 0.983477884
vn -0.9999999 0.0000000 -0.0000000
v -0.50000000 -0.10625000 0.03000000
vt 0.004667105 0.768920836
vn -0.9999999 0.0000000 -0.0000000
v -0.50000000 0.48125000 0.80999990
vt 0.276729345 0.983477821
vn -0.9999999 0.0000000 -0.0000000
f 4/4/4 5/5/5 6/6/6
v -0.50000000 0.48125000 0.80999990
vt 0.332075119 0.758304400
vn 0.0000000 1.0000000 -0.0000000
v 0.50000000 0.48125000 0.80999990
vt 0.004205165 0.758304463
vn 0.0000000 1.0000000 -0.0000000
v -0.50000000 0.48125000 0.03000000
vt 0.332075089 0.473445713
vn 0.0000000 1.0000000 -0.0000000
f 7/7/7 8/8/8 9/9/9
v 0.50000000 0.48125000 0.03000000
vt 0.004205153 0.473445806
vn -0.0000000 1.0000000 0.0000000
v -0.50000000 0.48125000 0.03000000
vt 0.332075089 0.473445713
vn -0.0000000 1.0000000 0.0000000
v 0.50000000 0.48125000 0.80999990
vt 0.004205165 0.758304463
vn -0.0000000 1.0000000 0.0000000
f 10/10/10 11/11/11 12/12/12
v 0.50000000 0.48125000 0.03000000
vt 0.659329355 0.762298147
vn 0.9999999 -0.0000000 0.0000000
v 0.50000000 0.48125000 0.80999990
vt 0.931391656 0.762298147
vn 0.9999999 -0.0000000 0.0000000
v 0.50000000 -0.10625000 0.80999990
vt 0.931391656 0.976855132
vn 0.9999999 -0.0000000 0.0000000
f 13/13/13 14/14/14 15/15/15
v 0.50000000 -0.10625000 0.80999990
vt 0.931391656 0.976855132
vn 0.9999999 0.0000000 -0.0000000
v 0.50000000 -0.10625000 0.03000000
vt 0.659329355 0.976855132
vn 0.9999999 0.0000000 -0.0000000
v 0.50000000 0.48125000 0.03000000
vt 0.659329355 0.762298147
vn 0.9999999 0.0000000 -0.0000000
f 16/16/16 17/17/17 18/18/18
v 0.4274999 -0.1062500 0.1050000
vt 0.615852058 0.709669617
vn 0.0000000 -1.0000000 0.0000000
v 0.3796153 -0.1062500 0.1050000
vt 0.615852058 0.692181984
vn 0.0000000 -1.0000000 0.0000000
v 0.50000000 -0.10625000 0.03000000
vt 0.642011940 0.725190769
vn 0.0000000 -1.0000000 0.0000000
f 19/19/19 20/20/20 21/21/21
v 0.50000000 -0.10625000 0.80999990
vt 0.369949579 0.725190769
vn 0.0000000 -1.0000000 0.0000000
v -0.50000000 -0.10625000 0.80999990
vt 0.369949698 0.381899438
vn 0.0000000 -1.0000000 0.0000000
v -0.4037182 -0.1062500 0.7550000
vt 0.389133543 0.406105775
vn 0.0000000 -1.0000000 0.0000000
f 22/22/22 23/23/23 24/24/24
v 0.50000000 -0.10625000 0.80999990
vt 0.369949579 0.725190769
vn 0.0000000 -1.0000000 0.0000000
v -0.4037182 -0.1062500 0.7550000
vt 0.389133543 0.406105775
vn 0.0000000 -1.0000000 0.0000000
v -0.0373973 -0.1062500 0.7550000
vt 0.389133453 0.539887411
vn 0.0000000 -1.0000000 0.0000000
f 25/25/25 26/26/26 27/27/27
v 0.4274999 -0.1062500 0.1050000
vt 0.615852058 0.709669617
vn -0.0000000 -1.0000000 -0.0000000
v 0.50000000 -0.10625000 0.03000000
vt 0.642011940 0.725190769
vn -0.0000000 -1.0000000 -0.0000000
v 0.50000000 -0.10625000 0.80999990
vt 0.369949579 0.725190769
vn -0.0000000 -1.0000000 -0.0000000
f 28/28/28 29/29/29 30/30/30
v 0.4274999 -0.1062500 0.1439959
vt 0.602250338 0.709669554
vn -0.0000000 -1.0000000 0.0000000
v 0.4274999 -0.1062500 0.1050000
vt 0.615852058 0.709669617
vn -0.0000000 -1.0000000 0.0000000
v 0.50000000 -0.10625000 0.80999990
vt 0.369949579 0.725190769
vn -0.0000000 -1.0000000 0.0000000
f 31/31/31 32/32/32 33/33/33
v 0.50000000 -0.10625000 0.80999990
vt 0.369949579 0.725190769
vn 0.0000000 -1.0000000 0.0000000
v -0.0373973 -0.1062500 0.7550000
vt 0.389133453 0.539887411
vn 0.0000000 -1.0000000 0.0000000
v -0.0124999 -0.1062500 0.7550000
vt 0.389133453 0.548980089
vn 0.0000000 -1.0000000 0.0000000
f 34/34/34 35/35/35 36/36/36
v -0.0124999 -0.1062500 0.7550000
vt 0.389133453 0.548980089
vn 0.0000000 -1.0000000 0.0000000
v -0.0124999 -0.1062500 0.4303721
vt 0.502362967 0.548980151
vn 0.0000000 -1.0000000 0.0000000
v 0.0125000 -0.1062500 0.4096275
vt 0.509598613 0.558110149
vn 0.0000000 -1.0000000 0.0000000
f 37/37/37 38/38/38 39/39/39
v -0.0124999 -0.1062500 0.7550000
vt 0.389133453 0.548980089
vn -0.0000000 -1.0000000 -0.0000000
v 0.0125000 -0.1062500 0.4096275
vt 0.509598613 0.558110149
vn -0.0000000 -1.0000000 -0.0000000
v 0.0125000 -0.1062500 0.7160041
vt 0.402735144 0.558110087
vn -0.0000000 -1.0000000 -0.0000000
f 40/40/40 41/41/41 42/42/42
v 0.4274999 -0.1062500 0.7550000
vt 0.389133394 0.709669617
vn -0.0000000 -1.0000000 0.0000000
v 0.4274999 -0.1062500 0.1439959
vt 0.602250338 0.709669554
vn -0.0000000 -1.0000000 0.0000000
v 0.50000000 -0.10625000 0.80999990
vt 0.369949579 0.725190769
vn -0.0000000 -1.0000000 0.0000000
f 43/43/43 44/44/44 45/45/45
v 0.4026025 -0.1062500 0.7550000
vt 0.389133394 0.700576939
vn -0.0000000 -1.0000000 0.0000000
v 0.4274999 -0.1062500 0.7550000
vt 0.389133394 0.709669617
vn -0.0000000 -1.0000000 0.0000000
v 0.50000000 -0.10625000 0.80999990
vt 0.369949579 0.725190769
vn -0.0000000 -1.0000000 0.0000000
f 46/46/46 47/47/47 48/48/48
v -0.0124999 -0.1062500 0.7550000
vt 0.389133453 0.548980089
vn -0.0000000 -1.0000000 -0.0000000
v 0.0125000 -0.1062500 0.7160041
vt 0.402735144 0.558110087
vn -0.0000000 -1.0000000 -0.0000000
v 0.0125000 -0.1062500 0.7550000
vt 0.389133453 0.558110087
vn -0.0000000 -1.0000000 -0.0000000
f 49/49/49 50/50/50 51/51/51
v 0.0125000 -0.1062500 0.7550000
vt 0.389133453 0.558110087
vn -0.0000000 -0.9999999 0.0000000
v 0.4026025 -0.1062500 0.7550000
vt 0.389133394 0.700576939
vn -0.0000000 -0.9999999 0.0000000
v 0.50000000 -0.10625000 0.80999990
vt 0.369949579 0.725190769
vn -0.0000000 -0.9999999 0.0000000
f 52/52/52 53/53/53 54/54/54
v 0.0125000 -0.1062500 0.7550000
vt 0.389133453 0.558110087
vn 0.0000000 -1.0000000 -0.0000000
v 0.50000000 -0.10625000 0.80999990
vt 0.369949579 0.725190769
vn 0.0000000 -1.0000000 -0.0000000
v -0.0124999 -0.1062500 0.7550000
vt 0.389133453 0.548980089
vn 0.0000000 -1.0000000 -0.0000000
f 55/55/55 56/56/56 57/57/57
v 0.0125000 -0.1062500 0.4096275
vt 0.509598613 0.558110149
vn 0.0000000 -1.0000000 0.0000000
v -0.0124999 -0.1062500 0.4303721
vt 0.502362967 0.548980151
vn 0.0000000 -1.0000000 0.0000000
v -0.0124999 -0.1062500 0.1439959
vt 0.602250278 0.548980151
vn 0.0000000 -1.0000000 0.0000000
f 58/58/58 59/59/59 60/60/60
v 0.0125000 -0.1062500 0.4096275
vt 0.509598613 0.558110149
vn 0.0000000 -1.0000000 0.0000000
v -0.0124999 -0.1062500 0.1439959
vt 0.602250278 0.548980151
vn 0.0000000 -1.0000000 0.0000000
v -0.0124999 -0.1062500 0.1050000
vt 0.615851998 0.548980151
vn 0.0000000 -1.0000000 0.0000000
f 61/61/61 62/62/62 63/63/63
v 0.0125000 -0.1062500 0.1050000
vt 0.615851998 0.558110087
vn 0.0000000 -0.9999999 0.0000000
v 0.0125000 -0.1062500 0.4096275
vt 0.509598613 0.558110149
vn 0.0000000 -0.9999999 0.0000000
v -0.0124999 -0.1062500 0.1050000
vt 0.615851998 0.548980151
vn 0.0000000 -0.9999999 0.0000000
f 64/64/64 65/65/65 66/66/66
v 0.50000000 -0.10625000 0.03000000
vt 0.642011940 0.725190769
vn 0.0000000 -1.0000000 0.0000000
v 0.3796153 -0.1062500 0.1050000
vt 0.615852058 0.692181984
vn 0.0000000 -1.0000000 0.0000000
v 0.0373974 -0.1062500 0.1050000
vt 0.615852058 0.567202703
vn 0.0000000 -1.0000000 0.0000000
f 67/67/67 68/68/68 69/69/69
v -0.4274998 -0.1062500 0.7550000
vt 0.389133543 0.397420684
vn -0.0000000 -1.0000000 -0.0000000
v -0.4037182 -0.1062500 0.7550000
vt 0.389133543 0.406105775
vn -0.0000000 -1.0000000 -0.0000000
v -0.50000000 -0.10625000 0.80999990
vt 0.369949698 0.381899438
vn -0.0000000 -1.0000000 -0.0000000
f 70/70/70 71/71/71 72/72/72
v -0.4274998 -0.1062500 0.7160041
vt 0.402735204 0.397420716
vn 0.0000000 -1.0000000 0.0000000
v -0.4274998 -0.1062500 0.7550000
vt 0.389133543 0.397420684
vn 0.0000000 -1.0000000 0.0000000
v -0.50000000 -0.10625000 0.80999990
vt 0.369949698 0.381899438
vn 0.0000000 -1.0000000 0.0000000
f 73/73/73 74/74/74 75/75/75
v -0.50000000 -0.10625000 0.03000000
vt 0.642011940 0.381899562
vn -0.0000000 -1.0000000 -0.0000000
v 0.50000000 -0.10625000 0.03000000
vt 0.642011940 0.725190769
vn -0.0000000 -1.0000000 -0.0000000
v 0.0373974 -0.1062500 0.1050000
vt 0.615852058 0.567202703
vn -0.0000000 -1.0000000 -0.0000000
f 76/76/76 77/77/77 78/78/78
v -0.50000000 -0.10625000 0.03000000
vt 0.642011940 0.381899562
vn 0.0000000 -1.0000000 -0.0000000
v 0.0373974 -0.1062500 0.1050000
vt 0.615852058 0.567202703
vn 0.0000000 -1.0000000 -0.0000000
v 0.0125000 -0.1062500 0.1050000
vt 0.615851998 0.558110087
vn 0.0000000 -1.0000000 -0.0000000
f 79/79/79 80/80/80 81/81/81
v -0.4274998 -0.1062500 0.7160041
vt 0.402735204 0.397420716
vn 0.0000000 -1.0000000 0.0000000
v -0.50000000 -0.10625000 0.80999990
vt 0.369949698 0.381899438
vn 0.0000000 -1.0000000 0.0000000
v -0.50000000 -0.10625000 0.03000000
vt 0.642011940 0.381899562
vn 0.0000000 -1.0000000 0.0000000
f 82/82/82 83/83/83 84/84/84
v -0.4274998 -0.1062500 0.1050000
vt 0.615852058 0.397420777
vn 0.0000000 -1.0000000 0.0000000
v -0.4274998 -0.1062500 0.7160041
vt 0.402735204 0.397420716
vn 0.0000000 -1.0000000 0.0000000
v -0.50000000 -0.10625000 0.03000000
vt 0.642011940 0.381899562
vn 0.0000000 -1.0000000 0.0000000
f 85/85/85 86/86/86 87/87/87
v -0.50000000 -0.10625000 0.03000000
vt 0.642011940 0.381899562
vn 0.0000000 -1.0000000 -0.0000000
v 0.0125000 -0.1062500 0.1050000
vt 0.615851998 0.558110087
vn 0.0000000 -1.0000000 -0.0000000
v -0.0124999 -0.1062500 0.1050000
vt 0.615851998 0.548980151
vn 0.0000000 -1.0000000 -0.0000000
f 88/88/88 89/89/89 90/90/90
v -0.4026024 -0.1062500 0.1050000
vt 0.615852058 0.406513424
vn 0.0000000 -1.0000000 0.0000000
v -0.4274998 -0.1062500 0.1050000
vt 0.615852058 0.397420777
vn 0.0000000 -1.0000000 0.0000000
v -0.50000000 -0.10625000 0.03000000
vt 0.642011940 0.381899562
vn 0.0000000 -1.0000000 0.0000000
f 91/91/91 92/92/92 93/93/93
v -0.0124999 -0.1062500 0.1050000
vt 0.615851998 0.548980151
vn 0.0000000 -0.9999999 0.0000000
v -0.4026024 -0.1062500 0.1050000
vt 0.615852058 0.406513424
vn 0.0000000 -0.9999999 0.0000000
v -0.50000000 -0.10625000 0.03000000
vt 0.642011940 0.381899562
vn 0.0000000 -0.9999999 0.0000000
f 94/94/94 95/95/95 96/96/96
v -0.3300001 0.4625000 0.0300000
vt 0.659275234 0.652694297
vn 0.0000000 0.0000000 -1.0000000
v -0.4400001 0.4625000 0.0300000
vt 0.659278095 0.692738664
vn 0.0000000 0.0000000 -1.0000000
v -0.50000000 0.48125000 0.03000000
vt 0.652758002 0.703666827
vn 0.0000000 0.0000000 -1.0000000
f 97/97/97 98/98/98 99/99/99
v 0.50000000 0.48125000 0.03000000
vt 0.652758002 0.361588866
vn 0.0000000 0.0000000 -1.0000000
v 0.50000000 -0.10625000 0.03000000
vt 0.856827021 0.361879720
vn 0.0000000 0.0000000 -1.0000000
v 0.4399999 -0.0875000 0.0300000
vt 0.850320101 0.372779269
vn 0.0000000 0.0000000 -1.0000000
f 100/100/100 101/101/101 102/102/102
v 0.50000000 0.48125000 0.03000000
vt 0.652758002 0.361588866
vn 0.0000000 0.0000000 -0.9999999
v 0.4399999 -0.0875000 0.0300000
vt 0.850320101 0.372779269
vn 0.0000000 0.0000000 -0.9999999
v 0.4399999 0.3921875 0.0300000
vt 0.683702290 0.372543367
vn 0.0000000 0.0000000 -0.9999999
f 103/103/103 104/104/104 105/105/105
v -0.3300001 0.4625000 0.0300000
vt 0.659275234 0.652694297
vn -0.0000000 -0.0000000 -1.0000000
v -0.50000000 0.48125000 0.03000000
vt 0.652758002 0.703666827
vn -0.0000000 -0.0000000 -1.0000000
v 0.50000000 0.48125000 0.03000000
vt 0.652758002 0.361588866
vn -0.0000000 -0.0000000 -1.0000000
f 106/106/106 107/107/107 108/108/108
v 0.50000000 0.48125000 0.03000000
vt 0.652758002 0.361588866
vn 0.0000000 0.0000000 -1.0000000
v 0.4399999 0.3921875 0.0300000
vt 0.683702290 0.372543367
vn 0.0000000 0.0000000 -1.0000000
v 0.4399999 0.4625000 0.0300000
vt 0.659274340 0.372516749
vn 0.0000000 0.0000000 -1.0000000
f 109/109/109 110/110/110 111/111/111
v 0.50000000 0.48125000 0.03000000
vt 0.652758002 0.361588866
vn 0.0000000 0.0000000 -1.0000000
v 0.4399999 0.4625000 0.0300000
vt 0.659274340 0.372516749
vn 0.0000000 0.0000000 -1.0000000
v -0.3300001 0.4625000 0.0300000
vt 0.659275234 0.652694297
vn 0.0000000 0.0000000 -1.0000000
f 112/112/112 113/113/113 114/114/114
v 0.4399999 -0.1000000 0.0300000
vt 0.854663491 0.372791407
vn -0.0000000 -0.0000000 -1.0000000
v 0.4399999 -0.0875000 0.0300000
vt 0.850320101 0.372779269
vn -0.0000000 -0.0000000 -1.0000000
v 0.50000000 -0.10625000 0.03000000
vt 0.856827021 0.361879720
vn -0.0000000 -0.0000000 -1.0000000
f 115/115/115 116/116/116 117/117/117
v -0.50000000 -0.10625000 0.03000000
vt 0.857070088 0.703472863
vn -0.0000000 -0.0000000 -1.0000000
v -0.50000000 0.48125000 0.03000000
vt 0.652758002 0.703666827
vn -0.0000000 -0.0000000 -1.0000000
v -0.4400001 0.4625000 0.0300000
vt 0.659278095 0.692738664
vn -0.0000000 -0.0000000 -1.0000000
f 118/118/118 119/119/119 120/120/120
v -0.50000000 -0.10625000 0.03000000
vt 0.857070088 0.703472863
vn -0.0000000 0.0000000 -1.0000000
v -0.4400001 0.4625000 0.0300000
vt 0.659278095 0.692738664
vn -0.0000000 0.0000000 -1.0000000
v -0.4400001 -0.0296875 0.0300000
vt 0.830435574 0.692578087
vn -0.0000000 0.0000000 -1.0000000
f 121/121/121 122/122/122 123/123/123
v 0.4399999 -0.1000000 0.0300000
vt 0.854663491 0.372791407
vn 0.0000000 0.0000000 -1.0000000
v 0.50000000 -0.10625000 0.03000000
vt 0.856827021 0.361879720
vn 0.0000000 0.0000000 -1.0000000
v -0.50000000 -0.10625000 0.03000000
vt 0.857070088 0.703472863
vn 0.0000000 0.0000000 -1.0000000
f 124/124/124 125/125/125 126/126/126
v 0.3299999 -0.1000000 0.0300000
vt 0.854369104 0.412762008
vn 0.0000000 0.0000000 -0.9999999
v 0.4399999 -0.1000000 0.0300000
vt 0.854663491 0.372791407
vn 0.0000000 0.0000000 -0.9999999
v -0.50000000 -0.10625000 0.03000000
vt 0.857070088 0.703472863
vn 0.0000000 0.0000000 -0.9999999
f 127/127/127 128/128/128 129/129/129
v -0.50000000 -0.10625000 0.03000000
vt 0.857070088 0.703472863
vn -0.0000000 0.0000000 -1.0000000
v -0.4400001 -0.0296875 0.0300000
vt 0.830435574 0.692578087
vn -0.0000000 0.0000000 -1.0000000
v -0.4400001 -0.1000000 0.0300000
vt 0.854877234 0.692551315
vn -0.0000000 0.0000000 -1.0000000
f 130/130/130 131/131/131 132/132/132
v -0.50000000 -0.10625000 0.03000000
vt 0.857070088 0.703472863
vn -0.0000000 0.0000000 -1.0000000
v -0.4400001 -0.1000000 0.0300000
vt 0.854877234 0.692551315
vn -0.0000000 0.0000000 -1.0000000
v 0.3299999 -0.1000000 0.0300000
vt 0.854369104 0.412762008
vn -0.0000000 0.0000000 -1.0000000
f 133/133/133 134/134/134 135/135/135
v 0.2304161 0.3395007 0.8099999
vt 0.612999141 0.094023761
vn 0.0000000 0.0000000 1.0000000
v 0.2336176 0.3335111 0.8099999
vt 0.610893488 0.092850753
vn 0.0000000 0.0000000 1.0000000
v 0.50000000 0.48125000 0.80999990
vt 0.662568986 0.006092421
vn 0.0000000 0.0000000 1.0000000
f 136/136/136 137/137/137 138/138/138
v -0.50000000 0.48125000 0.80999990
vt 0.662568927 0.350237108
vn 0.0000000 -0.0000000 1.0000000
v -0.50000000 -0.10625000 0.80999990
vt 0.456779689 0.351005539
vn 0.0000000 -0.0000000 1.0000000
v -0.2336177 0.0414890 0.8099999
vt 0.508927286 0.264570365
vn 0.0000000 -0.0000000 1.0000000
f 139/139/139 140/140/140 141/141/141
v -0.50000000 0.48125000 0.80999990
vt 0.662568927 0.350237108
vn 0.0000000 0.0000000 1.0000000
v -0.2336177 0.0414890 0.8099999
vt 0.508927286 0.264570365
vn 0.0000000 0.0000000 1.0000000
v -0.2345746 0.0432792 0.8099999
vt 0.509627879 0.264943690
vn 0.0000000 0.0000000 1.0000000
f 142/142/142 143/143/143 144/144/144
v 0.2248198 0.3463198 0.8099999
vt 0.615398288 0.096075374
vn 0.0000000 0.0000000 1.0000000
v 0.2304161 0.3395007 0.8099999
vt 0.612999141 0.094023761
vn 0.0000000 0.0000000 1.0000000
v 0.50000000 0.48125000 0.80999990
vt 0.662568986 0.006092421
vn 0.0000000 0.0000000 1.0000000
f 145/145/145 146/146/146 147/147/147
v 0.2180007 0.3519161 0.8099999
vt 0.617368758 0.098576552
vn 0.0000000 0.0000000 1.0000000
v 0.2248198 0.3463198 0.8099999
vt 0.615398288 0.096075374
vn 0.0000000 0.0000000 1.0000000
v 0.50000000 0.48125000 0.80999990
vt 0.662568986 0.006092421
vn 0.0000000 0.0000000 1.0000000
f 148/148/148 149/149/149 150/150/150
v -0.50000000 0.48125000 0.80999990
vt 0.662568927 0.350237108
vn 0.0000000 0.0000000 0.9999999
v -0.2345746 0.0432792 0.8099999
vt 0.509627879 0.264943690
vn 0.0000000 0.0000000 0.9999999
v -0.2371353 0.0517209 0.8099999
vt 0.512603939 0.265881123
vn 0.0000000 0.0000000 0.9999999
f 151/151/151 152/152/152 153/153/153
v -0.50000000 0.48125000 0.80999990
vt 0.662568927 0.350237108
vn 0.0000000 0.0000000 0.9999999
v -0.2371353 0.0517209 0.8099999
vt 0.512603939 0.265881123
vn 0.0000000 0.0000000 0.9999999
v -0.2380000 0.0605000 0.8099999
vt 0.515694201 0.266200777
vn 0.0000000 0.0000000 0.9999999
f 154/154/154 155/155/155 156/156/156
v 0.2102208 0.3560746 0.8099999
vt 0.618835092 0.101430796
vn 0.0000000 0.0000000 1.0000000
v 0.2180007 0.3519161 0.8099999
vt 0.617368758 0.098576552
vn 0.0000000 0.0000000 1.0000000
v 0.50000000 0.48125000 0.80999990
vt 0.662568986 0.006092421
vn 0.0000000 0.0000000 1.0000000
f 157/157/157 158/158/158 159/159/159
v 0.2017791 0.3586353 0.8099999
vt 0.619741082 0.104527682
vn 0.0000000 0.0000000 1.0000000
v 0.2102208 0.3560746 0.8099999
vt 0.618835092 0.101430796
vn 0.0000000 0.0000000 1.0000000
v 0.50000000 0.48125000 0.80999990
vt 0.662568986 0.006092421
vn 0.0000000 0.0000000 1.0000000
f 160/160/160 161/161/161 162/162/162
v -0.50000000 0.48125000 0.80999990
vt 0.662568927 0.350237108
vn 0.0000000 0.0000000 1.0000000
v -0.2380000 0.0605000 0.8099999
vt 0.515694201 0.266200777
vn 0.0000000 0.0000000 1.0000000
v -0.2371353 0.3232791 0.8099999
vt 0.607857168 0.265916664
vn 0.0000000 0.0000000 1.0000000
f 163/163/163 164/164/164 165/165/165
v -0.50000000 0.48125000 0.80999990
vt 0.662568927 0.350237108
vn 0.0000000 0.0000000 1.0000000
v -0.2371353 0.3232791 0.8099999
vt 0.607857168 0.265916664
vn 0.0000000 0.0000000 1.0000000
v -0.2345746 0.3317207 0.8099999
vt 0.610781312 0.264984942
vn 0.0000000 0.0000000 1.0000000
f 166/166/166 167/167/167 168/168/168
v 0.2017791 0.3586353 0.8099999
vt 0.619741082 0.104527682
vn -0.0000000 0.0000000 1.0000000
v 0.50000000 0.48125000 0.80999990
vt 0.662568986 0.006092421
vn -0.0000000 0.0000000 1.0000000
v -0.50000000 0.48125000 0.80999990
vt 0.662568927 0.350237108
vn -0.0000000 0.0000000 1.0000000
f 169/169/169 170/170/170 171/171/171
v -0.1930000 0.3595000 0.8099999
vt 0.620396137 0.249889147
vn 0.0000000 0.0000000 1.0000000
v 0.2017791 0.3586353 0.8099999
vt 0.619741082 0.104527682
vn 0.0000000 0.0000000 1.0000000
v -0.50000000 0.48125000 0.80999990
vt 0.662568927 0.350237108
vn 0.0000000 0.0000000 1.0000000
f 172/172/172 173/173/173 174/174/174
v -0.50000000 0.48125000 0.80999990
vt 0.662568927 0.350237108
vn 0.0000000 0.0000000 1.0000000
v -0.2345746 0.3317207 0.8099999
vt 0.610781312 0.264984942
vn 0.0000000 0.0000000 1.0000000
v -0.2304161 0.3395007 0.8099999
vt 0.613475978 0.263473604
vn 0.0000000 0.0000000 1.0000000
f 175/175/175 176/176/176 177/177/177
v -0.50000000 0.48125000 0.80999990
vt 0.662568927 0.350237108
vn 0.0000000 0.0000000 1.0000000
v -0.2304161 0.3395007 0.8099999
vt 0.613475978 0.263473604
vn 0.0000000 0.0000000 1.0000000
v -0.2248198 0.3463198 0.8099999
vt 0.615837455 0.261440816
vn 0.0000000 0.0000000 1.0000000
f 178/178/178 179/179/179 180/180/180
v -0.2017791 0.3586353 0.8099999
vt 0.620098710 0.253075613
vn 0.0000000 0.0000000 1.0000000
v -0.1930000 0.3595000 0.8099999
vt 0.620396137 0.249889147
vn 0.0000000 0.0000000 1.0000000
v -0.50000000 0.48125000 0.80999990
vt 0.662568927 0.350237108
vn 0.0000000 0.0000000 1.0000000
f 181/181/181 182/182/182 183/183/183
v -0.2102208 0.3560746 0.8099999
vt 0.619213760 0.256139978
vn 0.0000000 0.0000000 1.0000000
v -0.2017791 0.3586353 0.8099999
vt 0.620098710 0.253075613
vn 0.0000000 0.0000000 1.0000000
v -0.50000000 0.48125000 0.80999990
vt 0.662568927 0.350237108
vn 0.0000000 0.0000000 1.0000000
f 184/184/184 185/185/185 186/186/186
v -0.50000000 0.48125000 0.80999990
vt 0.662568927 0.350237108
vn 0.0000000 0.0000000 1.0000000
v -0.2248198 0.3463198 0.8099999
vt 0.615837455 0.261440816
vn 0.0000000 0.0000000 1.0000000
v -0.2180007 0.3519161 0.8099999
vt 0.617774785 0.258964523
vn 0.0000000 0.0000000 1.0000000
f 187/187/187 188/188/188 189/189/189
v -0.50000000 0.48125000 0.80999990
vt 0.662568927 0.350237108
vn 0.0000000 0.0000000 1.0000000
v -0.2180007 0.3519161 0.8099999
vt 0.617774785 0.258964523
vn 0.0000000 0.0000000 1.0000000
v -0.2102208 0.3560746 0.8099999
vt 0.619213760 0.256139978
vn 0.0000000 0.0000000 1.0000000
f 190/190/190 191/191/191 192/192/192
v -0.2304161 0.0354993 0.8099999
vt 0.506832480 0.263391038
vn -0.0000000 0.0000000 1.0000000
v -0.2336177 0.0414890 0.8099999
vt 0.508927286 0.264570365
vn -0.0000000 0.0000000 1.0000000
v -0.50000000 -0.10625000 0.80999990
vt 0.456779689 0.351005539
vn -0.0000000 0.0000000 1.0000000
f 193/193/193 194/194/194 195/195/195
v 0.50000000 -0.10625000 0.80999990
vt 0.459194809 0.006382238
vn -0.0000000 0.0000000 1.0000000
v 0.50000000 0.48125000 0.80999990
vt 0.662568986 0.006092421
vn -0.0000000 0.0000000 1.0000000
v 0.2336176 0.3335111 0.8099999
vt 0.610893488 0.092850753
vn -0.0000000 0.0000000 1.0000000
f 196/196/196 197/197/197 198/198/198
v 0.50000000 -0.10625000 0.80999990
vt 0.459194809 0.006382238
vn -0.0000000 -0.0000000 1.0000000
v 0.2336176 0.3335111 0.8099999
vt 0.610893488 0.092850753
vn -0.0000000 -0.0000000 1.0000000
v 0.2345746 0.3317207 0.8099999
vt 0.610219955 0.092483606
vn -0.0000000 -0.0000000 1.0000000
f 199/199/199 200/200/200 201/201/201
v -0.2248198 0.0286802 0.8099999
vt 0.504451454 0.261332226
vn -0.0000000 0.0000000 1.0000000
v -0.2304161 0.0354993 0.8099999
vt 0.506832480 0.263391038
vn -0.0000000 0.0000000 1.0000000
v -0.50000000 -0.10625000 0.80999990
vt 0.456779689 0.351005539
vn -0.0000000 0.0000000 1.0000000
f 202/202/202 203/203/203 204/204/204
v -0.2180007 0.0230839 0.8099999
vt 0.502501070 0.258826023
vn -0.0000000 0.0000000 1.0000000
v -0.2248198 0.0286802 0.8099999
vt 0.504451454 0.261332226
vn -0.0000000 0.0000000 1.0000000
v -0.50000000 -0.10625000 0.80999990
vt 0.456779689 0.351005539
vn -0.0000000 0.0000000 1.0000000
f 205/205/205 206/206/206 207/207/207
v 0.50000000 -0.10625000 0.80999990
vt 0.459194809 0.006382238
vn -0.0000000 -0.0000000 0.9999999
v 0.2345746 0.3317207 0.8099999
vt 0.610219955 0.092483606
vn -0.0000000 -0.0000000 0.9999999
v 0.2371353 0.3232791 0.8099999
vt 0.607275367 0.091528185
vn -0.0000000 -0.0000000 0.9999999
f 208/208/208 209/209/209 210/210/210
v 0.50000000 -0.10625000 0.80999990
vt 0.459194809 0.006382238
vn -0.0000000 -0.0000000 0.9999999
v 0.2371353 0.3232791 0.8099999
vt 0.607275367 0.091528185
vn -0.0000000 -0.0000000 0.9999999
v 0.2380000 0.3145000 0.8099999
vt 0.604211092 0.091190830
vn -0.0000000 -0.0000000 0.9999999
f 211/211/211 212/212/212 213/213/213
v -0.2102208 0.0189254 0.8099999
vt 0.501056135 0.255968855
vn -0.0000000 0.0000000 1.0000000
v -0.2180007 0.0230839 0.8099999
vt 0.502501070 0.258826023
vn -0.0000000 0.0000000 1.0000000
v -0.50000000 -0.10625000 0.80999990
vt 0.456779689 0.351005539
vn -0.0000000 0.0000000 1.0000000
f 214/214/214 215/215/215 216/216/216
v -0.2017791 0.0163647 0.8099999
vt 0.500172317 0.252870540
vn -0.0000000 0.0000000 0.9999999
v -0.2102208 0.0189254 0.8099999
vt 0.501056135 0.255968855
vn -0.0000000 0.0000000 0.9999999
v -0.50000000 -0.10625000 0.80999990
vt 0.456779689 0.351005539
vn -0.0000000 0.0000000 0.9999999
f 217/217/217 218/218/218 219/219/219
v 0.50000000 -0.10625000 0.80999990
vt 0.459194809 0.006382238
vn -0.0000000 0.0000000 0.9999999
v 0.2380000 0.3145000 0.8099999
vt 0.604211092 0.091190830
vn -0.0000000 0.0000000 0.9999999
v 0.2371353 0.0517209 0.8099999
vt 0.513625801 0.091624286
vn -0.0000000 0.0000000 0.9999999
f 220/220/220 221/221/221 222/222/222
v 0.50000000 -0.10625000 0.80999990
vt 0.459194809 0.006382238
vn -0.0000000 0.0000000 1.0000000
v 0.2371353 0.0517209 0.8099999
vt 0.513625801 0.091624286
vn -0.0000000 0.0000000 1.0000000
v 0.2345746 0.0432792 0.8099999
vt 0.510675371 0.092541692
vn -0.0000000 0.0000000 1.0000000
f 223/223/223 224/224/224 225/225/225
v -0.2017791 0.0163647 0.8099999
vt 0.500172317 0.252870540
vn 0.0000000 -0.0000000 1.0000000
v -0.50000000 -0.10625000 0.80999990
vt 0.456779689 0.351005539
vn 0.0000000 -0.0000000 1.0000000
v 0.50000000 -0.10625000 0.80999990
vt 0.459194809 0.006382238
vn 0.0000000 -0.0000000 1.0000000
f 226/226/226 227/227/227 228/228/228
v 0.1930000 0.0155000 0.8099999
vt 0.500887334 0.107678053
vn -0.0000000 -0.0000000 1.0000000
v -0.2017791 0.0163647 0.8099999
vt 0.500172317 0.252870540
vn -0.0000000 -0.0000000 1.0000000
v 0.50000000 -0.10625000 0.80999990
vt 0.459194809 0.006382238
vn -0.0000000 -0.0000000 1.0000000
f 229/229/229 230/230/230 231/231/231
v 0.50000000 -0.10625000 0.80999990
vt 0.459194809 0.006382238
vn -0.0000000 0.0000000 0.9999999
v 0.2345746 0.0432792 0.8099999
vt 0.510675371 0.092541692
vn -0.0000000 0.0000000 0.9999999
v 0.2304161 0.0354993 0.8099999
vt 0.507951856 0.094044426
vn -0.0000000 0.0000000 0.9999999
f 232/232/232 233/233/233 234/234/234
v 0.50000000 -0.10625000 0.80999990
vt 0.459194809 0.006382238
vn -0.0000000 0.0000000 1.0000000
v 0.2304161 0.0354993 0.8099999
vt 0.507951856 0.094044426
vn -0.0000000 0.0000000 1.0000000
v 0.2248198 0.0286802 0.8099999
vt 0.505559921 0.096074859
vn -0.0000000 0.0000000 1.0000000
f 235/235/235 236/236/236 237/237/237
v 0.2017791 0.0163647 0.8099999
vt 0.501209557 0.104470275
vn 0.0000000 -0.0000000 1.0000000
v 0.1930000 0.0155000 0.8099999
vt 0.500887334 0.107678053
vn 0.0000000 -0.0000000 1.0000000
v 0.50000000 -0.10625000 0.80999990
vt 0.459194809 0.006382238
vn 0.0000000 -0.0000000 1.0000000
f 238/238/238 239/239/239 240/240/240
v 0.2102208 0.0189254 0.8099999
vt 0.502122641 0.101389832
vn 0.0000000 -0.0000000 1.0000000
v 0.2017791 0.0163647 0.8099999
vt 0.501209557 0.104470275
vn 0.0000000 -0.0000000 1.0000000
v 0.50000000 -0.10625000 0.80999990
vt 0.459194809 0.006382238
vn 0.0000000 -0.0000000 1.0000000
f 241/241/241 242/242/242 243/243/243
v 0.50000000 -0.10625000 0.80999990
vt 0.459194809 0.006382238
vn -0.0000000 0.0000000 1.0000000
v 0.2248198 0.0286802 0.8099999
vt 0.505559921 0.096074859
vn -0.0000000 0.0000000 1.0000000
v 0.2180007 0.0230839 0.8099999
vt 0.503591657 0.098555115
vn -0.0000000 0.0000000 1.0000000
f 244/244/244 245/245/245 246/246/246
v 0.50000000 -0.10625000 0.80999990
vt 0.459194809 0.006382238
vn -0.0000000 0.0000000 1.0000000
v 0.2180007 0.0230839 0.8099999
vt 0.503591657 0.098555115
vn -0.0000000 0.0000000 1.0000000
v 0.2102208 0.0189254 0.8099999
vt 0.502122641 0.101389832
vn -0.0000000 0.0000000 1.0000000
f 247/247/247 248/248/248 249/249/249
v -0.3849999 -0.1265626 0.6950000
vt 0.581922114 0.436702767
vn -1.0000000 0.0000000 0.0000000
v -0.3849999 -0.1209376 0.6950000
vt 0.581922114 0.438757024
vn -1.0000000 0.0000000 0.0000000
v -0.3849999 -0.1265626 0.1650000
vt 0.397057086 0.436702767
vn -1.0000000 0.0000000 0.0000000
f 250/250/250 251/251/251 252/252/252
v -0.3849999 -0.1209376 0.1650000
vt 0.397057086 0.438757024
vn -1.0000000 0.0000000 -0.0000000
v -0.3849999 -0.1265626 0.1650000
vt 0.397057086 0.436702767
vn -1.0000000 0.0000000 -0.0000000
v -0.3849999 -0.1209376 0.6950000
vt 0.581922114 0.438757024
vn -1.0000000 0.0000000 -0.0000000
f 253/253/253 254/254/254 255/255/255
v -0.0549999 -0.1209376 0.1715663
vt 0.399762183 0.471349892
vn 1.0000000 -0.0000000 0.0000000
v -0.0549999 -0.1209376 0.6950000
vt 0.578759491 0.471512340
vn 1.0000000 -0.0000000 0.0000000
v -0.0549999 -0.1265626 0.6950000
vt 0.578757823 0.473526376
vn 1.0000000 -0.0000000 0.0000000
f 256/256/256 257/257/257 258/258/258
v -0.0549999 -0.1209376 0.1715663
vt 0.399762183 0.471349892
vn 0.9999999 -0.0000000 -0.0000000
v -0.0549999 -0.1265626 0.6950000
vt 0.578757823 0.473526376
vn 0.9999999 -0.0000000 -0.0000000
v -0.0549999 -0.1209376 0.1650000
vt 0.397514731 0.471512371
vn 0.9999999 -0.0000000 -0.0000000
f 259/259/259 260/260/260 261/261/261
v -0.0549999 -0.1265626 0.6950000
vt 0.578757823 0.473526376
vn 1.0000000 0.0000000 -0.0000000
v -0.0549999 -0.1265626 0.1650000
vt 0.397514731 0.473526407
vn 1.0000000 0.0000000 -0.0000000
v -0.0549999 -0.1209376 0.1650000
vt 0.397514731 0.471512371
vn 1.0000000 0.0000000 -0.0000000
f 262/262/262 263/263/263 264/264/264
v -0.0549999 -0.1265626 0.1650000
vt 0.640430629 0.766740608
vn 0.0000000 -1.0000000 0.0000000
v -0.0549999 -0.1265626 0.6950000
vt 0.640430629 0.960298316
vn 0.0000000 -1.0000000 0.0000000
v -0.3849999 -0.1265626 0.6950000
vt 0.525327265 0.960298316
vn 0.0000000 -1.0000000 0.0000000
f 265/265/265 266/266/266 267/267/267
v -0.3849999 -0.1265626 0.6950000
vt 0.525327265 0.960298316
vn 0.0000000 -1.0000000 0.0000000
v -0.3849999 -0.1265626 0.1650000
vt 0.525327265 0.766740608
vn 0.0000000 -1.0000000 0.0000000
v -0.0549999 -0.1265626 0.1650000
vt 0.640430629 0.766740608
vn 0.0000000 -1.0000000 0.0000000
f 268/268/268 269/269/269 270/270/270
v -0.0549999 -0.1265626 0.1650000
vt 0.124542877 0.235107500
vn -0.0000000 -0.0000000 -1.0000000
v -0.3849999 -0.1209376 0.1650000
vt 0.126504838 0.114589925
vn -0.0000000 -0.0000000 -1.0000000
v -0.0549999 -0.1209376 0.1650000
vt 0.126504779 0.235107500
vn -0.0000000 -0.0000000 -1.0000000
f 271/271/271 272/272/272 273/273/273
v -0.3849999 -0.1209376 0.1650000
vt 0.126504838 0.114589925
vn 0.0000000 0.0000000 -1.0000000
v -0.0549999 -0.1265626 0.1650000
vt 0.124542877 0.235107500
vn 0.0000000 0.0000000 -1.0000000
v -0.3849999 -0.1265626 0.1650000
vt 0.124542877 0.114589855
vn 0.0000000 0.0000000 -1.0000000
f 274/274/274 275/275/275 276/276/276
v -0.3849999 -0.1209376 0.6950000
vt 0.159712330 0.235107500
vn 0.0000000 -0.0000000 1.0000000
v -0.3849999 -0.1265626 0.6950000
vt 0.157750338 0.235107500
vn 0.0000000 -0.0000000 1.0000000
v -0.0549999 -0.1209376 0.6950000
vt 0.159712330 0.114590448
vn 0.0000000 -0.0000000 1.0000000
f 277/277/277 278/278/278 279/279/279
v -0.0549999 -0.1265626 0.6950000
vt 0.157750338 0.114590448
vn -0.0000000 0.0000000 1.0000000
v -0.0549999 -0.1209376 0.6950000
vt 0.159712330 0.114590448
vn -0.0000000 0.0000000 1.0000000
v -0.3849999 -0.1265626 0.6950000
vt 0.157750338 0.235107500
vn -0.0000000 0.0000000 1.0000000
f 280/280/280 281/281/281 282/282/282
v 0.0549999 -0.1265626 0.6950000
vt 0.581922114 0.448292582
vn -1.0000000 0.0000000 0.0000000
v 0.0549999 -0.1209376 0.6950000
vt 0.581922114 0.450346839
vn -1.0000000 0.0000000 0.0000000
v 0.0549999 -0.1265626 0.1650000
vt 0.397059351 0.448292582
vn -1.0000000 0.0000000 0.0000000
f 283/283/283 284/284/284 285/285/285
v 0.0549999 -0.1209376 0.1650000
vt 0.397059351 0.450346839
vn -1.0000000 0.0000000 -0.0000000
v 0.0549999 -0.1265626 0.1650000
vt 0.397059351 0.448292582
vn -1.0000000 0.0000000 -0.0000000
v 0.0549999 -0.1209376 0.6950000
vt 0.581922114 0.450346839
vn -1.0000000 0.0000000 -0.0000000
f 286/286/286 287/287/287 288/288/288
v 0.3850000 -0.1209376 0.1715661
vt 0.399761498 0.459760108
vn 0.9999999 -0.0000000 0.0000000
v 0.3850000 -0.1209376 0.6950000
vt 0.578759491 0.459922525
vn 0.9999999 -0.0000000 0.0000000
v 0.3850000 -0.1265626 0.6950000
vt 0.578757823 0.461936560
vn 0.9999999 -0.0000000 0.0000000
f 289/289/289 290/290/290 291/291/291
v 0.3850000 -0.1209376 0.1715661
vt 0.399761498 0.459760108
vn 0.9999999 -0.0000000 -0.0000000
v 0.3850000 -0.1265626 0.6950000
vt 0.578757823 0.461936560
vn 0.9999999 -0.0000000 -0.0000000
v 0.3850000 -0.1209376 0.1650000
vt 0.397513956 0.459922557
vn 0.9999999 -0.0000000 -0.0000000
f 292/292/292 293/293/293 294/294/294
v 0.3850000 -0.1265626 0.6950000
vt 0.578757823 0.461936560
vn 1.0000000 0.0000000 -0.0000000
v 0.3850000 -0.1265626 0.1650000
vt 0.397513956 0.461936623
vn 1.0000000 0.0000000 -0.0000000
v 0.3850000 -0.1209376 0.1650000
vt 0.397513956 0.459922557
vn 1.0000000 0.0000000 -0.0000000
f 295/295/295 296/296/296 297/297/297
v 0.3850000 -0.1265626 0.1650000
vt 0.397059321 0.568248538
vn 0.0000000 -1.0000000 0.0000000
v 0.3850000 -0.1265626 0.6950000
vt 0.581922174 0.568248476
vn 0.0000000 -1.0000000 0.0000000
v 0.0549999 -0.1265626 0.6950000
vt 0.581922114 0.688765637
vn 0.0000000 -1.0000000 0.0000000
f 298/298/298 299/299/299 300/300/300
v 0.0549999 -0.1265626 0.6950000
vt 0.581922114 0.688765637
vn 0.0000000 -1.0000000 0.0000000
v 0.0549999 -0.1265626 0.1650000
vt 0.397059321 0.688765700
vn 0.0000000 -1.0000000 0.0000000
v 0.3850000 -0.1265626 0.1650000
vt 0.397059321 0.568248538
vn 0.0000000 -1.0000000 0.0000000
f 301/301/301 302/302/302 303/303/303
v 0.3850000 -0.1265626 0.1650000
vt 0.146681190 0.235107438
vn -0.0000000 -0.0000000 -1.0000000
v 0.0549999 -0.1209376 0.1650000
vt 0.148643166 0.114590385
vn -0.0000000 -0.0000000 -1.0000000
v 0.3850000 -0.1209376 0.1650000
vt 0.148643166 0.235107500
vn -0.0000000 -0.0000000 -1.0000000
f 304/304/304 305/305/305 306/306/306
v 0.0549999 -0.1209376 0.1650000
vt 0.148643166 0.114590385
vn 0.0000000 0.0000000 -1.0000000
v 0.3850000 -0.1265626 0.1650000
vt 0.146681190 0.235107438
vn 0.0000000 0.0000000 -1.0000000
v 0.0549999 -0.1265626 0.1650000
vt 0.146681190 0.114590385
vn 0.0000000 0.0000000 -1.0000000
f 307/307/307 308/308/308 309/309/309
v 0.0549999 -0.1209376 0.6950000
vt 0.137573972 0.235107563
vn 0.0000000 -0.0000000 1.0000000
v 0.0549999 -0.1265626 0.6950000
vt 0.135611981 0.235107563
vn 0.0000000 -0.0000000 1.0000000
v 0.3850000 -0.1209376 0.6950000
vt 0.137573957 0.114590448
vn 0.0000000 -0.0000000 1.0000000
f 310/310/310 311/311/311 312/312/312
v 0.3850000 -0.1265626 0.6950000
vt 0.135611951 0.114590448
vn -0.0000000 0.0000000 1.0000000
v 0.3850000 -0.1209376 0.6950000
vt 0.137573957 0.114590448
vn -0.0000000 0.0000000 1.0000000
v 0.0549999 -0.1265626 0.6950000
vt 0.135611981 0.235107563
vn -0.0000000 0.0000000 1.0000000
f 313/313/313 314/314/314 315/315/315
v -0.4274998 -0.1209376 0.7550000
vt 0.828606546 0.619226810
vn -1.0000000 0.0000000 0.0000000
v -0.4274998 -0.1062500 0.7550000
vt 0.823483527 0.619226810
vn -1.0000000 0.0000000 0.0000000
v -0.4274998 -0.1062500 0.7160041
vt 0.823483467 0.604985399
vn -1.0000000 0.0000000 0.0000000
f 316/316/316 317/317/317 318/318/318
v -0.4274998 -0.1209376 0.7550000
vt 0.828606546 0.619226810
vn -1.0000000 0.0000000 0.0000000
v -0.4274998 -0.1062500 0.7160041
vt 0.823483467 0.604985399
vn -1.0000000 0.0000000 0.0000000
v -0.4274998 -0.1209376 0.1050000
vt 0.828606546 0.381845018
vn -1.0000000 0.0000000 0.0000000
f 319/319/319 320/320/320 321/321/321
v -0.4274998 -0.1209376 0.1050000
vt 0.828606546 0.381845018
vn -1.0000000 -0.0000000 0.0000000
v -0.4274998 -0.1062500 0.7160041
vt 0.823483467 0.604985399
vn -1.0000000 -0.0000000 0.0000000
v -0.4274998 -0.1062500 0.1050000
vt 0.823483527 0.381845018
vn -1.0000000 -0.0000000 0.0000000
f 322/322/322 323/323/323 324/324/324
v -0.0124999 -0.1062500 0.4303721
vt 0.844419599 0.500670887
vn 1.0000000 -0.0000000 0.0000000
v -0.0124999 -0.1062500 0.7550000
vt 0.844419599 0.619226810
vn 1.0000000 -0.0000000 0.0000000
v -0.0124999 -0.1209376 0.7550000
vt 0.839296639 0.619226810
vn 1.0000000 -0.0000000 0.0000000
f 325/325/325 326/326/326 327/327/327
v -0.0124999 -0.1062500 0.4303721
vt 0.844419599 0.500670887
vn 1.0000000 -0.0000000 -0.0000000
v -0.0124999 -0.1209376 0.7550000
vt 0.839296639 0.619226810
vn 1.0000000 -0.0000000 -0.0000000
v -0.0124999 -0.1062500 0.1439959
vt 0.844419599 0.396085712
vn 1.0000000 -0.0000000 -0.0000000
f 328/328/328 329/329/329 330/330/330
v -0.0124999 -0.1209376 0.7550000
vt 0.839296639 0.619226810
vn 1.0000000 0.0000000 -0.0000000
v -0.0124999 -0.1209376 0.1050000
vt 0.839296699 0.381845579
vn 1.0000000 0.0000000 -0.0000000
v -0.0124999 -0.1062500 0.1050000
vt 0.844419599 0.381845579
vn 1.0000000 0.0000000 -0.0000000
f 331/331/331 332/332/332 333/333/333
v -0.0124999 -0.1209376 0.7550000
vt 0.839296639 0.619226810
vn 1.0000000 0.0000000 0.0000000
v -0.0124999 -0.1062500 0.1050000
vt 0.844419599 0.381845579
vn 1.0000000 0.0000000 0.0000000
v -0.0124999 -0.1062500 0.1439959
vt 0.844419599 0.396085712
vn 1.0000000 0.0000000 0.0000000
f 334/334/334 335/335/335 336/336/336
v -0.4274998 -0.1209376 0.7550000
vt 0.668042243 0.619226810
vn -0.0000000 -1.0000000 -0.0000000
v -0.3849999 -0.1209376 0.6884339
vt 0.682866096 0.594916721
vn -0.0000000 -1.0000000 -0.0000000
v -0.3849999 -0.1209376 0.6950000
vt 0.682866096 0.597314690
vn -0.0000000 -1.0000000 -0.0000000
f 337/337/337 338/338/338 339/339/339
v -0.0549999 -0.1209376 0.6950000
vt 0.797969460 0.597314690
vn 0.0000000 -1.0000000 0.0000000
v -0.0549999 -0.1209376 0.1715663
vt 0.797969460 0.406154796
vn 0.0000000 -1.0000000 0.0000000
v -0.0124999 -0.1209376 0.1050000
vt 0.812793374 0.381844519
vn 0.0000000 -1.0000000 0.0000000
f 340/340/340 341/341/341 342/342/342
v -0.4274998 -0.1209376 0.7550000
vt 0.668042243 0.619226810
vn 0.0000000 -1.0000000 0.0000000
v -0.3849999 -0.1209376 0.6950000
vt 0.682866096 0.597314690
vn 0.0000000 -1.0000000 0.0000000
v -0.0549999 -0.1209376 0.6950000
vt 0.797969460 0.597314690
vn 0.0000000 -1.0000000 0.0000000
f 343/343/343 344/344/344 345/345/345
v -0.0549999 -0.1209376 0.6950000
vt 0.797969460 0.597314690
vn -0.0000000 -1.0000000 -0.0000000
v -0.0124999 -0.1209376 0.1050000
vt 0.812793374 0.381844519
vn -0.0000000 -1.0000000 -0.0000000
v -0.0124999 -0.1209376 0.7550000
vt 0.812793434 0.619226810
vn -0.0000000 -1.0000000 -0.0000000
f 346/346/346 347/347/347 348/348/348
v -0.0549999 -0.1209376 0.6950000
vt 0.797969460 0.597314690
vn 0.0000000 -1.0000000 -0.0000000
v -0.0124999 -0.1209376 0.7550000
vt 0.812793434 0.619226810
vn 0.0000000 -1.0000000 -0.0000000
v -0.4274998 -0.1209376 0.7550000
vt 0.668042243 0.619226810
vn 0.0000000 -1.0000000 -0.0000000
f 349/349/349 350/350/350 351/351/351
v -0.0124999 -0.1209376 0.1050000
vt 0.812793374 0.381844519
vn 0.0000000 -1.0000000 0.0000000
v -0.0549999 -0.1209376 0.1715663
vt 0.797969460 0.406154796
vn 0.0000000 -1.0000000 0.0000000
v -0.0549999 -0.1209376 0.1650000
vt 0.797969460 0.403756764
vn 0.0000000 -1.0000000 0.0000000
f 352/352/352 353/353/353 354/354/354
v -0.3849999 -0.1209376 0.1650000
vt 0.682866096 0.403756764
vn 0.0000000 -1.0000000 0.0000000
v -0.3849999 -0.1209376 0.6884339
vt 0.682866096 0.594916721
vn 0.0000000 -1.0000000 0.0000000
v -0.4274998 -0.1209376 0.7550000
vt 0.668042243 0.619226810
vn 0.0000000 -1.0000000 0.0000000
f 355/355/355 356/356/356 357/357/357
v -0.0124999 -0.1209376 0.1050000
vt 0.812793374 0.381844519
vn 0.0000000 -1.0000000 0.0000000
v -0.0549999 -0.1209376 0.1650000
vt 0.797969460 0.403756764
vn 0.0000000 -1.0000000 0.0000000
v -0.3849999 -0.1209376 0.1650000
vt 0.682866096 0.403756764
vn 0.0000000 -1.0000000 0.0000000
f 358/358/358 359/359/359 360/360/360
v -0.3849999 -0.1209376 0.1650000
vt 0.682866096 0.403756764
vn 0.0000000 -1.0000000 0.0000000
v -0.4274998 -0.1209376 0.7550000
vt 0.668042243 0.619226810
vn 0.0000000 -1.0000000 0.0000000
v -0.4274998 -0.1209376 0.1050000
vt 0.668042243 0.381844519
vn 0.0000000 -1.0000000 0.0000000
f 361/361/361 362/362/362 363/363/363
v -0.3849999 -0.1209376 0.1650000
vt 0.682866096 0.403756764
vn 0.0000000 -1.0000000 0.0000000
v -0.4274998 -0.1209376 0.1050000
vt 0.668042243 0.381844519
vn 0.0000000 -1.0000000 0.0000000
v -0.0124999 -0.1209376 0.1050000
vt 0.812793374 0.381844519
vn 0.0000000 -1.0000000 0.0000000
f 364/364/364 365/365/365 366/366/366
v -0.4026024 -0.1062500 0.1050000
vt 0.067617260 0.255817125
vn 0.0000000 0.0000000 -0.9999999
v -0.0124999 -0.1062500 0.1050000
vt 0.067617230 0.113350351
vn 0.0000000 0.0000000 -0.9999999
v -0.0124999 -0.1209376 0.1050000
vt 0.072740242 0.113350288
vn 0.0000000 0.0000000 -0.9999999
f 367/367/367 368/368/368 369/369/369
v -0.0124999 -0.1209376 0.1050000
vt 0.072740242 0.113350288
vn 0.0000000 0.0000000 -1.0000000
v -0.4274998 -0.1209376 0.1050000
vt 0.072740257 0.264909865
vn 0.0000000 0.0000000 -1.0000000
v -0.4274998 -0.1062500 0.1050000
vt 0.067617245 0.264909865
vn 0.0000000 0.0000000 -1.0000000
f 370/370/370 371/371/371 372/372/372
v -0.0124999 -0.1209376 0.1050000
vt 0.072740242 0.113350288
vn -0.0000000 -0.0000000 -1.0000000
v -0.4274998 -0.1062500 0.1050000
vt 0.067617245 0.264909865
vn -0.0000000 -0.0000000 -1.0000000
v -0.4026024 -0.1062500 0.1050000
vt 0.067617260 0.255817125
vn -0.0000000 -0.0000000 -1.0000000
f 373/373/373 374/374/374 375/375/375
v -0.4274998 -0.1062500 0.7550000
vt 0.096080862 0.113350421
vn 0.0000000 -0.0000000 0.9999999
v -0.4274998 -0.1209376 0.7550000
vt 0.101203859 0.113350421
vn 0.0000000 -0.0000000 0.9999999
v -0.0373973 -0.1062500 0.7550000
vt 0.096080609 0.255817250
vn 0.0000000 -0.0000000 0.9999999
f 376/376/376 377/377/377 378/378/378
v -0.0124999 -0.1209376 0.7550000
vt 0.101203591 0.264909803
vn -0.0000000 0.0000000 0.9999999
v -0.0124999 -0.1062500 0.7550000
vt 0.096080624 0.264909803
vn -0.0000000 0.0000000 0.9999999
v -0.0373973 -0.1062500 0.7550000
vt 0.096080609 0.255817250
vn -0.0000000 0.0000000 0.9999999
f 379/379/379 380/380/380 381/381/381
v -0.0124999 -0.1209376 0.7550000
vt 0.101203591 0.264909803
vn -0.0000000 0.0000000 1.0000000
v -0.0373973 -0.1062500 0.7550000
vt 0.096080609 0.255817250
vn -0.0000000 0.0000000 1.0000000
v -0.4274998 -0.1209376 0.7550000
vt 0.101203859 0.113350421
vn -0.0000000 0.0000000 1.0000000
f 382/382/382 383/383/383 384/384/384
v 0.0125000 -0.1209376 0.7550000
vt 0.347888231 0.711945266
vn -1.0000000 0.0000000 0.0000000
v 0.0125000 -0.1062500 0.7550000
vt 0.342765212 0.711945266
vn -1.0000000 0.0000000 0.0000000
v 0.0125000 -0.1062500 0.7160041
vt 0.342765212 0.697703917
vn -1.0000000 0.0000000 0.0000000
f 385/385/385 386/386/386 387/387/387
v 0.0125000 -0.1209376 0.7550000
vt 0.347888231 0.711945266
vn -1.0000000 0.0000000 0.0000000
v 0.0125000 -0.1062500 0.7160041
vt 0.342765212 0.697703917
vn -1.0000000 0.0000000 0.0000000
v 0.0125000 -0.1209376 0.1050000
vt 0.347888231 0.474562787
vn -1.0000000 0.0000000 0.0000000
f 388/388/388 389/389/389 390/390/390
v 0.0125000 -0.1062500 0.1050000
vt 0.342765212 0.474562787
vn -1.0000000 0.0000000 -0.0000000
v 0.0125000 -0.1209376 0.1050000
vt 0.347888231 0.474562787
vn -1.0000000 0.0000000 -0.0000000
v 0.0125000 -0.1062500 0.7160041
vt 0.342765212 0.697703917
vn -1.0000000 0.0000000 -0.0000000
f 391/391/391 392/392/392 393/393/393
v 0.4274999 -0.1062500 0.1439959
vt 0.362120003 0.488803232
vn 1.0000000 -0.0000000 0.0000000
v 0.4274999 -0.1062500 0.7550000
vt 0.362120003 0.711945266
vn 1.0000000 -0.0000000 0.0000000
v 0.4274999 -0.1209376 0.7550000
vt 0.356997013 0.711945266
vn 1.0000000 -0.0000000 0.0000000
f 394/394/394 395/395/395 396/396/396
v 0.4274999 -0.1209376 0.7550000
vt 0.356997013 0.711945266
vn 1.0000000 0.0000000 -0.0000000
v 0.4274999 -0.1209376 0.1050000
vt 0.356997013 0.474563037
vn 1.0000000 0.0000000 -0.0000000
v 0.4274999 -0.1062500 0.1050000
vt 0.362120003 0.474563037
vn 1.0000000 0.0000000 -0.0000000
f 397/397/397 398/398/398 399/399/399
v 0.4274999 -0.1209376 0.7550000
vt 0.356997013 0.711945266
vn 1.0000000 0.0000000 0.0000000
v 0.4274999 -0.1062500 0.1050000
vt 0.362120003 0.474563037
vn 1.0000000 0.0000000 0.0000000
v 0.4274999 -0.1062500 0.1439959
vt 0.362120003 0.488803232
vn 1.0000000 0.0000000 0.0000000
f 400/400/400 401/401/401 402/402/402
v 0.0125000 -0.1209376 0.7550000
vt 0.512344539 0.920561808
vn -0.0000000 -1.0000000 -0.0000000
v 0.0549999 -0.1209376 0.6884339
vt 0.489126384 0.905040718
vn -0.0000000 -1.0000000 -0.0000000
v 0.0549999 -0.1209376 0.6950000
vt 0.491416633 0.905040718
vn -0.0000000 -1.0000000 -0.0000000
f 403/403/403 404/404/404 405/405/405
v 0.3850000 -0.1209376 0.6950000
vt 0.491416633 0.784523494
vn 0.0000000 -1.0000000 0.0000000
v 0.3850000 -0.1209376 0.1715661
vt 0.308843970 0.784523494
vn 0.0000000 -1.0000000 0.0000000
v 0.4274999 -0.1209376 0.1050000
vt 0.285625875 0.769002341
vn 0.0000000 -1.0000000 0.0000000
f 406/406/406 407/407/407 408/408/408
v 0.0125000 -0.1209376 0.7550000
vt 0.512344539 0.920561808
vn 0.0000000 -1.0000000 0.0000000
v 0.0549999 -0.1209376 0.6950000
vt 0.491416633 0.905040718
vn 0.0000000 -1.0000000 0.0000000
v 0.3850000 -0.1209376 0.6950000
vt 0.491416633 0.784523494
vn 0.0000000 -1.0000000 0.0000000
f 409/409/409 410/410/410 411/411/411
v 0.3850000 -0.1209376 0.6950000
vt 0.491416633 0.784523494
vn -0.0000000 -1.0000000 -0.0000000
v 0.4274999 -0.1209376 0.1050000
vt 0.285625875 0.769002341
vn -0.0000000 -1.0000000 -0.0000000
v 0.4274999 -0.1209376 0.7550000
vt 0.512344539 0.769002341
vn -0.0000000 -1.0000000 -0.0000000
f 412/412/412 413/413/413 414/414/414
v 0.3850000 -0.1209376 0.6950000
vt 0.491416633 0.784523494
vn 0.0000000 -1.0000000 -0.0000000
v 0.4274999 -0.1209376 0.7550000
vt 0.512344539 0.769002341
vn 0.0000000 -1.0000000 -0.0000000
v 0.0125000 -0.1209376 0.7550000
vt 0.512344539 0.920561808
vn 0.0000000 -1.0000000 -0.0000000
f 415/415/415 416/416/416 417/417/417
v 0.4274999 -0.1209376 0.1050000
vt 0.285625875 0.769002341
vn 0.0000000 -1.0000000 0.0000000
v 0.3850000 -0.1209376 0.1715661
vt 0.308843970 0.784523494
vn 0.0000000 -1.0000000 0.0000000
v 0.3850000 -0.1209376 0.1650000
vt 0.306553781 0.784523494
vn 0.0000000 -1.0000000 0.0000000
f 418/418/418 419/419/419 420/420/420
v 0.0549999 -0.1209376 0.1650000
vt 0.306553781 0.905040718
vn 0.0000000 -1.0000000 0.0000000
v 0.0549999 -0.1209376 0.6884339
vt 0.489126384 0.905040718
vn 0.0000000 -1.0000000 0.0000000
v 0.0125000 -0.1209376 0.7550000
vt 0.512344539 0.920561808
vn 0.0000000 -1.0000000 0.0000000
f 421/421/421 422/422/422 423/423/423
v 0.4274999 -0.1209376 0.1050000
vt 0.285625875 0.769002341
vn 0.0000000 -1.0000000 0.0000000
v 0.3850000 -0.1209376 0.1650000
vt 0.306553781 0.784523494
vn 0.0000000 -1.0000000 0.0000000
v 0.0549999 -0.1209376 0.1650000
vt 0.306553781 0.905040718
vn 0.0000000 -1.0000000 0.0000000
f 424/424/424 425/425/425 426/426/426
v 0.0549999 -0.1209376 0.1650000
vt 0.306553781 0.905040718
vn 0.0000000 -1.0000000 0.0000000
v 0.0125000 -0.1209376 0.7550000
vt 0.512344539 0.920561808
vn 0.0000000 -1.0000000 0.0000000
v 0.0125000 -0.1209376 0.1050000
vt 0.285625905 0.920561808
vn 0.0000000 -1.0000000 0.0000000
f 427/427/427 428/428/428 429/429/429
v 0.0549999 -0.1209376 0.1650000
vt 0.306553781 0.905040718
vn 0.0000000 -1.0000000 0.0000000
v 0.0125000 -0.1209376 0.1050000
vt 0.285625905 0.920561808
vn 0.0000000 -1.0000000 0.0000000
v 0.4274999 -0.1209376 0.1050000
vt 0.285625875 0.769002341
vn 0.0000000 -1.0000000 0.0000000
f 430/430/430 431/431/431 432/432/432
v 0.3796153 -0.1062500 0.1050000
vt 0.115435421 0.247422232
vn 0.0000000 0.0000000 -1.0000000
v 0.4274999 -0.1062500 0.1050000
vt 0.115435392 0.264909865
vn 0.0000000 0.0000000 -1.0000000
v 0.4274999 -0.1209376 0.1050000
vt 0.110312380 0.264909803
vn 0.0000000 0.0000000 -1.0000000
f 433/433/433 434/434/434 435/435/435
v 0.3796153 -0.1062500 0.1050000
vt 0.115435421 0.247422232
vn 0.0000000 0.0000000 -1.0000000
v 0.4274999 -0.1209376 0.1050000
vt 0.110312380 0.264909803
vn 0.0000000 0.0000000 -1.0000000
v 0.0373974 -0.1062500 0.1050000
vt 0.115435645 0.122443037
vn 0.0000000 0.0000000 -1.0000000
f 436/436/436 437/437/437 438/438/438
v 0.0373974 -0.1062500 0.1050000
vt 0.115435645 0.122443037
vn 0.0000000 0.0000000 -1.0000000
v 0.4274999 -0.1209376 0.1050000
vt 0.110312380 0.264909803
vn 0.0000000 0.0000000 -1.0000000
v 0.0125000 -0.1209376 0.1050000
vt 0.110312648 0.113350554
vn 0.0000000 0.0000000 -1.0000000
f 439/439/439 440/440/440 441/441/441
v 0.0373974 -0.1062500 0.1050000
vt 0.115435645 0.122443037
vn 0.0000000 0.0000000 -1.0000000
v 0.0125000 -0.1209376 0.1050000
vt 0.110312648 0.113350554
vn 0.0000000 0.0000000 -1.0000000
v 0.0125000 -0.1062500 0.1050000
vt 0.115435630 0.113350554
vn 0.0000000 0.0000000 -1.0000000
f 442/442/442 443/443/443 444/444/444
v 0.0125000 -0.1062500 0.7550000
vt 0.081849039 0.113350421
vn 0.0000000 -0.0000000 0.9999999
v 0.0125000 -0.1209376 0.7550000
vt 0.086972058 0.113350484
vn 0.0000000 -0.0000000 0.9999999
v 0.4026025 -0.1062500 0.7550000
vt 0.081848726 0.255817250
vn 0.0000000 -0.0000000 0.9999999
f 445/445/445 446/446/446 447/447/447
v 0.4274999 -0.1209376 0.7550000
vt 0.086971708 0.264909865
vn -0.0000000 0.0000000 1.0000000
v 0.4274999 -0.1062500 0.7550000
vt 0.081848726 0.264909865
vn -0.0000000 0.0000000 1.0000000
v 0.4026025 -0.1062500 0.7550000
vt 0.081848726 0.255817250
vn -0.0000000 0.0000000 1.0000000
f 448/448/448 449/449/449 450/450/450
v 0.4274999 -0.1209376 0.7550000
vt 0.086971708 0.264909865
vn -0.0000000 0.0000000 1.0000000
v 0.4026025 -0.1062500 0.7550000
vt 0.081848726 0.255817250
vn -0.0000000 0.0000000 1.0000000
v 0.0125000 -0.1209376 0.7550000
vt 0.086972058 0.113350484
vn -0.0000000 0.0000000 1.0000000
f 451/451/451 452/452/452 453/453/453
v -0.4400001 -0.1000000 0.0300000
vt 0.594572604 0.412265957
vn -1.0000000 0.0000000 0.0000000
v -0.4400001 -0.0296875 0.0300000
vt 0.570047736 0.412265957
vn -1.0000000 0.0000000 0.0000000
v -0.4400001 -0.1000000 0.0150000
vt 0.594572604 0.406787865
vn -1.0000000 0.0000000 0.0000000
f 454/454/454 455/455/455 456/456/456
v -0.4400001 0.4625000 0.0300000
vt 0.398373783 0.412265957
vn -1.0000000 0.0000000 0.0000000
v -0.4400001 0.4625000 0.0150000
vt 0.398373783 0.406787865
vn -1.0000000 0.0000000 0.0000000
v -0.4400001 -0.1000000 0.0150000
vt 0.594572604 0.406787865
vn -1.0000000 0.0000000 0.0000000
f 457/457/457 458/458/458 459/459/459
v -0.4400001 0.4625000 0.0300000
vt 0.398373783 0.412265957
vn -0.9999999 0.0000000 -0.0000000
v -0.4400001 -0.1000000 0.0150000
vt 0.594572604 0.406787865
vn -0.9999999 0.0000000 -0.0000000
v -0.4400001 -0.0296875 0.0300000
vt 0.570047736 0.412265957
vn -0.9999999 0.0000000 -0.0000000
f 460/460/460 461/461/461 462/462/462
v -0.4400001 0.4625000 0.0300000
vt 0.341395885 0.752826464
vn -0.0000003 0.9999999 0.0000020
v -0.3300001 0.4625000 0.0300000
vt 0.379763275 0.752826340
vn -0.0000003 0.9999999 0.0000020
v -0.4400001 0.4625000 0.0150000
vt 0.341395915 0.758304400
vn -0.0000003 0.9999999 0.0000020
f 463/463/463 464/464/464 465/465/465
v -0.3300001 0.4625000 0.0300000
vt 0.379763275 0.752826340
vn 0.0000000 1.0000000 -0.0000000
v 0.4399999 0.4625000 0.0300000
vt 0.648337185 0.752826340
vn 0.0000000 1.0000000 -0.0000000
v 0.4399999 0.4625000 0.0150000
vt 0.648337185 0.758304400
vn 0.0000000 1.0000000 -0.0000000
f 466/466/466 467/467/467 468/468/468
v -0.3300001 0.4625000 0.0300000
vt 0.379763275 0.752826340
vn 0.0000000 1.0000000 -0.0000000
v 0.4399999 0.4625000 0.0150000
vt 0.648337185 0.758304400
vn 0.0000000 1.0000000 -0.0000000
v -0.4400001 0.4625000 0.0150000
vt 0.341395915 0.758304400
vn 0.0000000 1.0000000 -0.0000000
f 469/469/469 470/470/470 471/471/471
v 0.4399999 0.3921875 0.0300000
vt 0.570047915 0.427167179
vn 1.0000000 0.0000000 0.0000000
v 0.4399999 0.4625000 0.0150000
vt 0.594572604 0.421689180
vn 1.0000000 0.0000000 0.0000000
v 0.4399999 0.4625000 0.0300000
vt 0.594572604 0.427167179
vn 1.0000000 0.0000000 0.0000000
f 472/472/472 473/473/473 474/474/474
v 0.4399999 -0.0875000 0.0300000
vt 0.402733833 0.427166960
vn 1.0000000 0.0000000 0.0000000
v 0.4399999 -0.1000000 0.0300000
vt 0.398373902 0.427166960
vn 1.0000000 0.0000000 0.0000000
v 0.4399999 -0.1000000 0.0150000
vt 0.398373902 0.421688868
vn 1.0000000 0.0000000 0.0000000
f 475/475/475 476/476/476 477/477/477
v 0.4399999 -0.1000000 0.0150000
vt 0.398373902 0.421688868
vn 1.0000000 0.0000000 0.0000000
v 0.4399999 0.4625000 0.0150000
vt 0.594572604 0.421689180
vn 1.0000000 0.0000000 0.0000000
v 0.4399999 0.3921875 0.0300000
vt 0.570047915 0.427167179
vn 1.0000000 0.0000000 0.0000000
f 478/478/478 479/479/479 480/480/480
v 0.4399999 -0.1000000 0.0150000
vt 0.398373902 0.421688868
vn 1.0000000 -0.0000000 0.0000000
v 0.4399999 0.3921875 0.0300000
vt 0.570047915 0.427167179
vn 1.0000000 -0.0000000 0.0000000
v 0.4399999 -0.0875000 0.0300000
vt 0.402733833 0.427166960
vn 1.0000000 -0.0000000 0.0000000
f 481/481/481 482/482/482 483/483/483
v 0.3299999 -0.1000000 0.0300000
vt 0.609969735 0.741747522
vn -0.0000000 -0.9999999 -0.0000000
v 0.4399999 -0.1000000 0.0150000
vt 0.648337185 0.736269462
vn -0.0000000 -0.9999999 -0.0000000
v 0.4399999 -0.1000000 0.0300000
vt 0.648337185 0.741747461
vn -0.0000000 -0.9999999 -0.0000000
f 484/484/484 485/485/485 486/486/486
v -0.4400001 -0.1000000 0.0300000
vt 0.341395050 0.741747461
vn 0.0000000 -1.0000000 0.0000000
v -0.4400001 -0.1000000 0.0150000
vt 0.341395050 0.736269399
vn 0.0000000 -1.0000000 0.0000000
v 0.4399999 -0.1000000 0.0150000
vt 0.648337185 0.736269462
vn 0.0000000 -1.0000000 0.0000000
f 487/487/487 488/488/488 489/489/489
v -0.4400001 -0.1000000 0.0300000
vt 0.341395050 0.741747461
vn -0.0000000 -1.0000000 -0.0000000
v 0.4399999 -0.1000000 0.0150000
vt 0.648337185 0.736269462
vn -0.0000000 -1.0000000 -0.0000000
v 0.3299999 -0.1000000 0.0300000
vt 0.609969735 0.741747522
vn -0.0000000 -1.0000000 -0.0000000
f 490/490/490 491/491/491 492/492/492
v 0.4399999 -0.1000000 0.0150000
vt 0.670359194 0.331137348
vn -0.0000000 -0.0000000 -0.9999999
v -0.4400001 0.4625000 0.0150000
vt 0.866557956 0.009758319
vn -0.0000000 -0.0000000 -0.9999999
v 0.4399999 0.4625000 0.0150000
vt 0.866557956 0.331137348
vn -0.0000000 -0.0000000 -0.9999999
f 493/493/493 494/494/494 495/495/495
v -0.4400001 0.4625000 0.0150000
vt 0.866557956 0.009758319
vn 0.0000000 0.0000000 -0.9999999
v 0.4399999 -0.1000000 0.0150000
vt 0.670359194 0.331137348
vn 0.0000000 0.0000000 -0.9999999
v -0.4400001 -0.1000000 0.0150000
vt 0.670359135 0.009758319
vn 0.0000000 0.0000000 -0.9999999
f 496/496/496 497/497/497 498/498/498
v -0.5000001 -0.1250000 0.9100000
vt 0.876045883 0.751681650
vn -1.0000000 0.0000000 0.0000000
v -0.5000001 0.5000000 0.9100000
vt 0.658047318 0.751681650
vn -1.0000000 0.0000000 0.0000000
v -0.5000001 -0.1250000 0.8100000
vt 0.876045883 0.715161283
vn -1.0000000 0.0000000 0.0000000
f 499/499/499 500/500/500 501/501/501
v -0.5000001 0.5000000 0.8100000
vt 0.658047318 0.715161345
vn -1.0000000 0.0000000 -0.0000000
v -0.5000001 -0.1250000 0.8100000
vt 0.876045883 0.715161283
vn -1.0000000 0.0000000 -0.0000000
v -0.5000001 0.5000000 0.9100000
vt 0.658047318 0.751681650
vn -1.0000000 0.0000000 -0.0000000
f 502/502/502 503/503/503 504/504/504
v -0.5000001 0.5000000 0.9100000
vt 0.358166754 0.419716584
vn 0.0000000 1.0000000 -0.0000000
v 0.4999999 0.5000000 0.9100000
vt 0.009368812 0.419716584
vn 0.0000000 1.0000000 -0.0000000
v -0.5000001 0.5000000 0.8100000
vt 0.358166754 0.383196185
vn 0.0000000 1.0000000 -0.0000000
f 505/505/505 506/506/506 507/507/507
v 0.4999999 0.5000000 0.8100000
vt 0.009368808 0.383196341
vn -0.0000000 1.0000000 0.0000000
v -0.5000001 0.5000000 0.8100000
vt 0.358166754 0.383196185
vn -0.0000000 1.0000000 0.0000000
v 0.4999999 0.5000000 0.9100000
vt 0.009368812 0.419716584
vn -0.0000000 1.0000000 0.0000000
f 508/508/508 509/509/509 510/510/510
v 0.4999999 0.5000000 0.8100000
vt 0.901346803 0.589424492
vn 1.0000000 -0.0000000 0.0000000
v 0.4999999 0.5000000 0.9100000
vt 0.866466999 0.589424492
vn 1.0000000 -0.0000000 0.0000000
v 0.4999999 -0.1250000 0.9100000
vt 0.866466999 0.361172417
vn 1.0000000 -0.0000000 0.0000000
f 511/511/511 512/512/512 513/513/513
v 0.4999999 -0.1250000 0.9100000
vt 0.866466999 0.361172417
vn 1.0000000 0.0000000 -0.0000000
v 0.4999999 -0.1250000 0.8100000
vt 0.901346803 0.361172417
vn 1.0000000 0.0000000 -0.0000000
v 0.4999999 0.5000000 0.8100000
vt 0.901346803 0.589424492
vn 1.0000000 0.0000000 -0.0000000
f 514/514/514 515/515/515 516/516/516
v 0.4999999 -0.1250000 0.8100000
vt 0.007787639 0.464420155
vn 0.0000000 -1.0000000 0.0000000
v 0.4999999 -0.1250000 0.9100000
vt 0.007787636 0.427899788
vn 0.0000000 -1.0000000 0.0000000
v -0.5000001 -0.1250000 0.9100000
vt 0.356585443 0.427899725
vn 0.0000000 -1.0000000 0.0000000
f 517/517/517 518/518/518 519/519/519
v -0.5000001 -0.1250000 0.9100000
vt 0.356585443 0.427899725
vn 0.0000000 -1.0000000 0.0000000
v -0.5000001 -0.1250000 0.8100000
vt 0.356585443 0.464420092
vn 0.0000000 -1.0000000 0.0000000
v 0.4999999 -0.1250000 0.8100000
vt 0.007787639 0.464420155
vn 0.0000000 -1.0000000 0.0000000
f 520/520/520 521/521/521 522/522/522
v -0.2304161 0.3395007 0.8099999
vt 0.164727345 0.106861879
vn -0.0000093 -0.0000149 -1.0000000
v -0.2336177 0.3335110 0.8100000
vt 0.162434518 0.105572792
vn -0.0000093 -0.0000149 -1.0000000
v -0.5000001 0.5000000 0.8100000
vt 0.222964734 0.003970070
vn -0.0000093 -0.0000149 -1.0000000
f 523/523/523 524/524/524 525/525/525
v 0.4999999 0.5000000 0.8100000
vt 0.219364107 0.372570171
vn 0.0000000 0.0000000 -1.0000000
v 0.4999999 -0.1250000 0.8100000
vt 0.003964325 0.375013043
vn 0.0000000 0.0000000 -1.0000000
v 0.2336176 0.0414889 0.8100000
vt 0.061731890 0.277773306
vn 0.0000000 0.0000000 -1.0000000
f 526/526/526 527/527/527 528/528/528
v 0.4999999 0.5000000 0.8100000
vt 0.219364107 0.372570171
vn 0.0014332 -0.0008326 -0.9999986
v 0.2336176 0.0414889 0.8100000
vt 0.061731890 0.277773306
vn 0.0014332 -0.0008326 -0.9999986
v 0.2345746 0.0432792 0.8099999
vt 0.062442269 0.278161795
vn 0.0014332 -0.0008326 -0.9999986
f 529/529/529 530/530/530 531/531/531
v -0.2248198 0.3463198 0.8099999
vt 0.167240798 0.109010412
vn -0.0000003 0.0000002 -1.0000000
v -0.2304161 0.3395007 0.8099999
vt 0.164727345 0.106861879
vn -0.0000003 0.0000002 -1.0000000
v -0.5000001 0.5000000 0.8100000
vt 0.222964734 0.003970070
vn -0.0000003 0.0000002 -1.0000000
f 532/532/532 533/533/533 534/534/534
v -0.2180007 0.3519161 0.8099999
vt 0.169294029 0.111607854
vn -0.0000003 0.0000003 -1.0000000
v -0.2248198 0.3463198 0.8099999
vt 0.167240798 0.109010412
vn -0.0000003 0.0000003 -1.0000000
v -0.5000001 0.5000000 0.8100000
vt 0.222964734 0.003970070
vn -0.0000003 0.0000003 -1.0000000
f 535/535/535 536/536/536 537/537/537
v 0.4999999 0.5000000 0.8100000
vt 0.219364107 0.372570171
vn 0.0000009 -0.0000003 -1.0000000
v 0.2345746 0.0432792 0.8099999
vt 0.062442269 0.278161795
vn 0.0000009 -0.0000003 -1.0000000
v 0.2371353 0.0517209 0.8099999
vt 0.065371662 0.279080225
vn 0.0000009 -0.0000003 -1.0000000
f 538/538/538 539/539/539 540/540/540
v 0.4999999 0.5000000 0.8100000
vt 0.219364107 0.372570171
vn 0.0000005 -0.0000000 -1.0000000
v 0.2371353 0.0517209 0.8099999
vt 0.065371662 0.279080225
vn 0.0000005 -0.0000000 -1.0000000
v 0.2380000 0.3145000 0.8099999
vt 0.155875608 0.278100605
vn 0.0000005 -0.0000000 -1.0000000
f 541/541/541 542/542/542 543/543/543
v -0.2102208 0.3560746 0.8099999
vt 0.170822412 0.114565735
vn -0.0000002 0.0000004 -1.0000000
v -0.2180007 0.3519161 0.8099999
vt 0.169294029 0.111607854
vn -0.0000002 0.0000004 -1.0000000
v -0.5000001 0.5000000 0.8100000
vt 0.222964734 0.003970070
vn -0.0000002 0.0000004 -1.0000000
f 544/544/544 545/545/545 546/546/546
v -0.2017791 0.3586353 0.8099999
vt 0.171769157 0.117773028
vn -0.0000002 0.0000005 -1.0000000
v -0.2102208 0.3560746 0.8099999
vt 0.170822412 0.114565735
vn -0.0000002 0.0000005 -1.0000000
v -0.5000001 0.5000000 0.8100000
vt 0.222964734 0.003970070
vn -0.0000002 0.0000005 -1.0000000
f 547/547/547 548/548/548 549/549/549
v 0.4999999 0.5000000 0.8100000
vt 0.219364107 0.372570171
vn 0.0000004 0.0000000 -1.0000000
v 0.2380000 0.3145000 0.8099999
vt 0.155875608 0.278100605
vn 0.0000004 0.0000000 -1.0000000
v 0.2371353 0.3232791 0.8099999
vt 0.158915073 0.277801077
vn 0.0000004 0.0000000 -1.0000000
f 550/550/550 551/551/551 552/552/552
v 0.4999999 0.5000000 0.8100000
vt 0.219364107 0.372570171
vn 0.0000004 0.0000001 -1.0000000
v 0.2371353 0.3232791 0.8099999
vt 0.158915073 0.277801077
vn 0.0000004 0.0000001 -1.0000000
v 0.2345746 0.3317207 0.8099999
vt 0.161840305 0.276887266
vn 0.0000004 0.0000001 -1.0000000
f 553/553/553 554/554/554 555/555/555
v -0.2017791 0.3586353 0.8099999
vt 0.171769157 0.117773028
vn 0.0000000 0.0000008 -1.0000000
v -0.5000001 0.5000000 0.8100000
vt 0.222964734 0.003970070
vn 0.0000000 0.0000008 -1.0000000
v 0.4999999 0.5000000 0.8100000
vt 0.219364107 0.372570171
vn 0.0000000 0.0000008 -1.0000000
f 556/556/556 557/557/557 558/558/558
v -0.1930000 0.3595000 0.8099999
vt 0.172063276 0.121041366
vn -0.0000002 0.0000017 -1.0000000
v -0.2017791 0.3586353 0.8099999
vt 0.171769157 0.117773028
vn -0.0000002 0.0000017 -1.0000000
v 0.4999999 0.5000000 0.8100000
vt 0.219364107 0.372570171
vn -0.0000002 0.0000017 -1.0000000
f 559/559/559 560/560/560 561/561/561
v 0.4999999 0.5000000 0.8100000
vt 0.219364107 0.372570171
vn 0.0000003 0.0000002 -1.0000000
v 0.2345746 0.3317207 0.8099999
vt 0.161840305 0.276887266
vn 0.0000003 0.0000002 -1.0000000
v 0.2304161 0.3395007 0.8099999
vt 0.164539009 0.275394276
vn 0.0000003 0.0000002 -1.0000000
f 562/562/562 563/563/563 564/564/564
v 0.4999999 0.5000000 0.8100000
vt 0.219364107 0.372570171
vn 0.0000003 0.0000002 -1.0000000
v 0.2304161 0.3395007 0.8099999
vt 0.164539009 0.275394276
vn 0.0000003 0.0000002 -1.0000000
v 0.2248198 0.3463198 0.8099999
vt 0.166907310 0.273379616
vn 0.0000003 0.0000002 -1.0000000
f 565/565/565 566/566/566 567/567/567
v 0.2017791 0.3586353 0.8099999
vt 0.171203732 0.265064950
vn 0.0000000 0.0000008 -0.9999999
v -0.1930000 0.3595000 0.8099999
vt 0.172063276 0.121041366
vn 0.0000000 0.0000008 -0.9999999
v 0.4999999 0.5000000 0.8100000
vt 0.219364107 0.372570171
vn 0.0000000 0.0000008 -0.9999999
f 568/568/568 569/569/569 570/570/570
v 0.2102208 0.3560746 0.8099999
vt 0.170304939 0.268113431
vn 0.0000002 0.0000005 -1.0000000
v 0.2017791 0.3586353 0.8099999
vt 0.171203732 0.265064950
vn 0.0000002 0.0000005 -1.0000000
v 0.4999999 0.5000000 0.8100000
vt 0.219364107 0.372570171
vn 0.0000002 0.0000005 -1.0000000
f 571/571/571 572/572/572 573/573/573
v 0.4999999 0.5000000 0.8100000
vt 0.219364107 0.372570171
vn 0.0000003 0.0000003 -1.0000000
v 0.2248198 0.3463198 0.8099999
vt 0.166907310 0.273379616
vn 0.0000003 0.0000003 -1.0000000
v 0.2180007 0.3519161 0.8099999
vt 0.168854237 0.270921079
vn 0.0000003 0.0000003 -1.0000000
f 574/574/574 575/575/575 576/576/576
v 0.4999999 0.5000000 0.8100000
vt 0.219364107 0.372570171
vn 0.0000002 0.0000004 -1.0000000
v 0.2180007 0.3519161 0.8099999
vt 0.168854237 0.270921079
vn 0.0000002 0.0000004 -1.0000000
v 0.2102208 0.3560746 0.8099999
vt 0.170304939 0.268113431
vn 0.0000002 0.0000004 -1.0000000
f 577/577/577 578/578/578 579/579/579
v 0.2304161 0.0354993 0.8099999
vt 0.059639234 0.276611017
vn 0.0000093 0.0000149 -0.9999999
v 0.2336176 0.0414889 0.8100000
vt 0.061731890 0.277773306
vn 0.0000093 0.0000149 -0.9999999
v 0.4999999 -0.1250000 0.8100000
vt 0.003964325 0.375013043
vn 0.0000093 0.0000149 -0.9999999
f 580/580/580 581/581/581 582/582/582
v -0.5000001 -0.1250000 0.8100000
vt 0.003964340 0.010952028
vn -0.0000000 -0.0000000 -1.0000000
v -0.5000001 0.5000000 0.8100000
vt 0.222964734 0.003970070
vn -0.0000000 -0.0000000 -1.0000000
v -0.2336177 0.3335110 0.8100000
vt 0.162434518 0.105572792
vn -0.0000000 -0.0000000 -1.0000000
f 583/583/583 584/584/584 585/585/585
v -0.5000001 -0.1250000 0.8100000
vt 0.003964340 0.010952028
vn -0.0014331 0.0008326 -0.9999986
v -0.2336177 0.3335110 0.8100000
vt 0.162434518 0.105572792
vn -0.0014331 0.0008326 -0.9999986
v -0.2345746 0.3317207 0.8099999
vt 0.161484256 0.105058300
vn -0.0014331 0.0008326 -0.9999986
f 586/586/586 587/587/587 588/588/588
v 0.2248198 0.0286802 0.8099999
vt 0.057254504 0.274574295
vn 0.0000003 -0.0000002 -1.0000000
v 0.2304161 0.0354993 0.8099999
vt 0.059639234 0.276611017
vn 0.0000003 -0.0000002 -1.0000000
v 0.4999999 -0.1250000 0.8100000
vt 0.003964325 0.375013043
vn 0.0000003 -0.0000002 -1.0000000
f 589/589/589 590/590/590 591/591/591
v 0.2180007 0.0230839 0.8099999
vt 0.055294760 0.272089141
vn 0.0000003 -0.0000003 -1.0000000
v 0.2248198 0.0286802 0.8099999
vt 0.057254504 0.274574295
vn 0.0000003 -0.0000003 -1.0000000
v 0.4999999 -0.1250000 0.8100000
vt 0.003964325 0.375013043
vn 0.0000003 -0.0000003 -1.0000000
f 592/592/592 593/593/593 594/594/594
v -0.5000001 -0.1250000 0.8100000
vt 0.003964340 0.010952028
vn -0.0000009 0.0000003 -1.0000000
v -0.2345746 0.3317207 0.8099999
vt 0.161484256 0.105058300
vn -0.0000009 0.0000003 -1.0000000
v -0.2371353 0.3232791 0.8099999
vt 0.158466712 0.104120672
vn -0.0000009 0.0000003 -1.0000000
f 595/595/595 596/596/596 597/597/597
v -0.5000001 -0.1250000 0.8100000
vt 0.003964340 0.010952028
vn -0.0000005 0.0000000 -1.0000000
v -0.2371353 0.3232791 0.8099999
vt 0.158466712 0.104120672
vn -0.0000005 0.0000000 -1.0000000
v -0.2380000 0.0605000 0.8099999
vt 0.067859620 0.104738598
vn -0.0000005 0.0000000 -1.0000000
f 598/598/598 599/599/599 600/600/600
v 0.2102208 0.0189254 0.8099999
vt 0.053835515 0.269250850
vn 0.0000002 -0.0000004 -1.0000000
v 0.2180007 0.0230839 0.8099999
vt 0.055294760 0.272089141
vn 0.0000002 -0.0000004 -1.0000000
v 0.4999999 -0.1250000 0.8100000
vt 0.003964325 0.375013043
vn 0.0000002 -0.0000004 -1.0000000
f 601/601/601 602/602/602 603/603/603
v 0.2017791 0.0163647 0.8099999
vt 0.052933112 0.266168262
vn 0.0000002 -0.0000005 -1.0000000
v 0.2102208 0.0189254 0.8099999
vt 0.053835515 0.269250850
vn 0.0000002 -0.0000005 -1.0000000
v 0.4999999 -0.1250000 0.8100000
vt 0.003964325 0.375013043
vn 0.0000002 -0.0000005 -1.0000000
f 604/604/604 605/605/605 606/606/606
v -0.5000001 -0.1250000 0.8100000
vt 0.003964340 0.010952028
vn -0.0000004 -0.0000000 -1.0000000
v -0.2380000 0.0605000 0.8099999
vt 0.067859620 0.104738598
vn -0.0000004 -0.0000000 -1.0000000
v -0.2371353 0.0517209 0.8099999
vt 0.064835541 0.105058089
vn -0.0000004 -0.0000000 -1.0000000
f 607/607/607 608/608/608 609/609/609
v -0.5000001 -0.1250000 0.8100000
vt 0.003964340 0.010952028
vn -0.0000004 -0.0000001 -1.0000000
v -0.2371353 0.0517209 0.8099999
vt 0.064835541 0.105058089
vn -0.0000004 -0.0000001 -1.0000000
v -0.2345746 0.0432792 0.8099999
vt 0.061929770 0.105991886
vn -0.0000004 -0.0000001 -1.0000000
f 610/610/610 611/611/611 612/612/612
v 0.2017791 0.0163647 0.8099999
vt 0.052933112 0.266168262
vn 0.0000000 -0.0000008 -1.0000000
v 0.4999999 -0.1250000 0.8100000
vt 0.003964325 0.375013043
vn 0.0000000 -0.0000008 -1.0000000
v -0.5000001 -0.1250000 0.8100000
vt 0.003964340 0.010952028
vn 0.0000000 -0.0000008 -1.0000000
f 613/613/613 614/614/614 615/615/615
v 0.1930000 0.0155000 0.8099999
vt 0.052630462 0.262949625
vn 0.0000002 -0.0000017 -1.0000000
v 0.2017791 0.0163647 0.8099999
vt 0.052933112 0.266168262
vn 0.0000002 -0.0000017 -1.0000000
v -0.5000001 -0.1250000 0.8100000
vt 0.003964340 0.010952028
vn 0.0000002 -0.0000017 -1.0000000
f 616/616/616 617/617/617 618/618/618
v -0.5000001 -0.1250000 0.8100000
vt 0.003964340 0.010952028
vn -0.0000003 -0.0000002 -1.0000000
v -0.2345746 0.0432792 0.8099999
vt 0.061929770 0.105991886
vn -0.0000003 -0.0000002 -1.0000000
v -0.2304161 0.0354993 0.8099999
vt 0.059253674 0.107503919
vn -0.0000003 -0.0000002 -1.0000000
f 619/619/619 620/620/620 621/621/621
v -0.5000001 -0.1250000 0.8100000
vt 0.003964340 0.010952028
vn -0.0000003 -0.0000002 -1.0000000
v -0.2304161 0.0354993 0.8099999
vt 0.059253674 0.107503919
vn -0.0000003 -0.0000002 -1.0000000
v -0.2248198 0.0286802 0.8099999
vt 0.056910295 0.109535997
vn -0.0000003 -0.0000002 -1.0000000
f 622/622/622 623/623/623 624/624/624
v -0.2017791 0.0163647 0.8099999
vt 0.052694742 0.117891230
vn -0.0000000 -0.0000008 -1.0000000
v 0.1930000 0.0155000 0.8099999
vt 0.052630462 0.262949625
vn -0.0000000 -0.0000008 -1.0000000
v -0.5000001 -0.1250000 0.8100000
vt 0.003964340 0.010952028
vn -0.0000000 -0.0000008 -1.0000000
f 625/625/625 626/626/626 627/627/627
v -0.2102208 0.0189254 0.8099999
vt 0.053566404 0.114831296
vn -0.0000002 -0.0000005 -1.0000000
v -0.2017791 0.0163647 0.8099999
vt 0.052694742 0.117891230
vn -0.0000002 -0.0000005 -1.0000000
v -0.5000001 -0.1250000 0.8100000
vt 0.003964340 0.010952028
vn -0.0000002 -0.0000005 -1.0000000
f 628/628/628 629/629/629 630/630/630
v -0.5000001 -0.1250000 0.8100000
vt 0.003964340 0.010952028
vn -0.0000003 -0.0000003 -1.0000000
v -0.2248198 0.0286802 0.8099999
vt 0.056910295 0.109535997
vn -0.0000003 -0.0000003 -1.0000000
v -0.2180007 0.0230839 0.8099999
vt 0.054989893 0.112010113
vn -0.0000003 -0.0000003 -1.0000000
f 631/631/631 632/632/632 633/633/633
v -0.5000001 -0.1250000 0.8100000
vt 0.003964340 0.010952028
vn -0.0000002 -0.0000004 -1.0000000
v -0.2180007 0.0230839 0.8099999
vt 0.054989893 0.112010113
vn -0.0000002 -0.0000004 -1.0000000
v -0.2102208 0.0189254 0.8099999
vt 0.053566404 0.114831296
vn -0.0000002 -0.0000004 -1.0000000
f 634/634/634 635/635/635 636/636/636
v 0.2304161 0.3395007 0.9100000
vt 0.392081112 0.103888505
vn 0.0000000 0.0000000 1.0000000
v 0.2336176 0.3335111 0.9100000
vt 0.389954269 0.102714250
vn 0.0000000 0.0000000 1.0000000
v 0.4999999 0.5000000 0.9100000
vt 0.448301315 0.004257256
vn 0.0000000 0.0000000 1.0000000
f 637/637/637 638/638/638 639/639/639
v -0.5000001 0.5000000 0.9100000
vt 0.448301435 0.370978857
vn 0.0000000 -0.0000000 1.0000000
v -0.5000001 -0.1250000 0.9100000
vt 0.228457958 0.373357355
vn 0.0000000 -0.0000000 1.0000000
v -0.2336177 0.0414890 0.9100000
vt 0.287773818 0.275743606
vn 0.0000000 -0.0000000 1.0000000
f 640/640/640 641/641/641 642/642/642
v -0.5000001 0.5000000 0.9100000
vt 0.448301435 0.370978857
vn 0.0000000 0.0000000 1.0000000
v -0.2336177 0.0414890 0.9100000
vt 0.287773818 0.275743606
vn 0.0000000 0.0000000 1.0000000
v -0.2345746 0.0432792 0.9100000
vt 0.288516015 0.276143423
vn 0.0000000 0.0000000 1.0000000
f 643/643/643 644/644/644 645/645/645
v 0.2248198 0.3463198 0.9100000
vt 0.394506425 0.105948013
vn 0.0000000 0.0000000 1.0000000
v 0.2304161 0.3395007 0.9100000
vt 0.392081112 0.103888505
vn 0.0000000 0.0000000 1.0000000
v 0.4999999 0.5000000 0.9100000
vt 0.448301315 0.004257256
vn 0.0000000 0.0000000 1.0000000
f 646/646/646 647/647/647 648/648/648
v 0.2180007 0.3519161 0.9100000
vt 0.396500856 0.108461478
vn 0.0000000 0.0000000 1.0000000
v 0.2248198 0.3463198 0.9100000
vt 0.394506425 0.105948013
vn 0.0000000 0.0000000 1.0000000
v 0.4999999 0.5000000 0.9100000
vt 0.448301315 0.004257256
vn 0.0000000 0.0000000 1.0000000
f 649/649/649 650/650/650 651/651/651
v -0.5000001 0.5000000 0.9100000
vt 0.448301435 0.370978857
vn 0.0000000 0.0000000 1.0000000
v -0.2345746 0.0432792 0.9100000
vt 0.288516015 0.276143423
vn 0.0000000 0.0000000 1.0000000
v -0.2371353 0.0517209 0.9100000
vt 0.291545540 0.277087034
vn 0.0000000 0.0000000 1.0000000
f 652/652/652 653/653/653 654/654/654
v -0.5000001 0.5000000 0.9100000
vt 0.448301435 0.370978857
vn 0.0000000 0.0000000 1.0000000
v -0.2371353 0.0517209 0.9100000
vt 0.291545540 0.277087034
vn 0.0000000 0.0000000 1.0000000
v -0.2380000 0.0605000 0.9100000
vt 0.294680357 0.277413991
vn 0.0000000 0.0000000 1.0000000
f 655/655/655 656/656/656 657/657/657
v 0.2102208 0.3560746 0.9100000
vt 0.397988141 0.111331526
vn 0.0000000 0.0000000 1.0000000
v 0.2180007 0.3519161 0.9100000
vt 0.396500856 0.108461478
vn 0.0000000 0.0000000 1.0000000
v 0.4999999 0.5000000 0.9100000
vt 0.448301315 0.004257256
vn 0.0000000 0.0000000 1.0000000
f 658/658/658 659/659/659 660/660/660
v 0.2017791 0.3586353 0.9100000
vt 0.398911297 0.114446777
vn 0.0000000 0.0000000 1.0000000
v 0.2102208 0.3560746 0.9100000
vt 0.397988141 0.111331526
vn 0.0000000 0.0000000 1.0000000
v 0.4999999 0.5000000 0.9100000
vt 0.448301315 0.004257256
vn 0.0000000 0.0000000 1.0000000
f 661/661/661 662/662/662 663/663/663
v -0.5000001 0.5000000 0.9100000
vt 0.448301435 0.370978857
vn 0.0000000 0.0000000 1.0000000
v -0.2380000 0.0605000 0.9100000
vt 0.294680357 0.277413991
vn 0.0000000 0.0000000 1.0000000
v -0.2371353 0.3232791 0.9100000
vt 0.387684524 0.277210883
vn 0.0000000 0.0000000 1.0000000
f 664/664/664 665/665/665 666/666/666
v -0.5000001 0.5000000 0.9100000
vt 0.448301435 0.370978857
vn 0.0000000 0.0000000 1.0000000
v -0.2371353 0.3232791 0.9100000
vt 0.387684524 0.277210883
vn 0.0000000 0.0000000 1.0000000
v -0.2345746 0.3317207 0.9100000
vt 0.390574157 0.276281844
vn 0.0000000 0.0000000 1.0000000
f 667/667/667 668/668/668 669/669/669
v 0.2017791 0.3586353 0.9100000
vt 0.398911297 0.114446777
vn -0.0000000 0.0000000 1.0000000
v 0.4999999 0.5000000 0.9100000
vt 0.448301315 0.004257256
vn -0.0000000 0.0000000 1.0000000
v -0.5000001 0.5000000 0.9100000
vt 0.448301435 0.370978857
vn -0.0000000 0.0000000 1.0000000
f 670/670/670 671/671/671 672/672/672
v -0.1930000 0.3595000 0.9100000
vt 0.400047779 0.261327420
vn 0.0000000 0.0000000 1.0000000
v 0.2017791 0.3586353 0.9100000
vt 0.398911297 0.114446777
vn 0.0000000 0.0000000 1.0000000
v -0.5000001 0.5000000 0.9100000
vt 0.448301435 0.370978857
vn 0.0000000 0.0000000 1.0000000
f 673/673/673 674/674/674 675/675/675
v -0.5000001 0.5000000 0.9100000
vt 0.448301435 0.370978857
vn 0.0000000 0.0000000 1.0000000
v -0.2345746 0.3317207 0.9100000
vt 0.390574157 0.276281844
vn 0.0000000 0.0000000 1.0000000
v -0.2304161 0.3395007 0.9100000
vt 0.393235654 0.274780087
vn 0.0000000 0.0000000 1.0000000
f 676/676/676 677/677/677 678/678/678
v -0.5000001 0.5000000 0.9100000
vt 0.448301435 0.370978857
vn 0.0000000 0.0000000 1.0000000
v -0.2304161 0.3395007 0.9100000
vt 0.393235654 0.274780087
vn 0.0000000 0.0000000 1.0000000
v -0.2248198 0.3463198 0.9100000
vt 0.395566434 0.272763337
vn 0.0000000 0.0000000 1.0000000
f 679/679/679 680/680/680 681/681/681
v -0.2017791 0.3586353 0.9100000
vt 0.399761081 0.264479217
vn 0.0000000 0.0000000 1.0000000
v -0.1930000 0.3595000 0.9100000
vt 0.400047779 0.261327420
vn 0.0000000 0.0000000 1.0000000
v -0.5000001 0.5000000 0.9100000
vt 0.448301435 0.370978857
vn 0.0000000 0.0000000 1.0000000
f 682/682/682 683/683/683 684/684/684
v -0.2102208 0.3560746 0.9100000
vt 0.398893148 0.267512004
vn 0.0000000 0.0000000 1.0000000
v -0.2017791 0.3586353 0.9100000
vt 0.399761081 0.264479217
vn 0.0000000 0.0000000 1.0000000
v -0.5000001 0.5000000 0.9100000
vt 0.448301435 0.370978857
vn 0.0000000 0.0000000 1.0000000
f 685/685/685 686/686/686 687/687/687
v -0.5000001 0.5000000 0.9100000
vt 0.448301435 0.370978857
vn 0.0000000 0.0000000 1.0000000
v -0.2248198 0.3463198 0.9100000
vt 0.395566434 0.272763337
vn 0.0000000 0.0000000 1.0000000
v -0.2180007 0.3519161 0.9100000
vt 0.397476733 0.270309168
vn 0.0000000 0.0000000 1.0000000
f 688/688/688 689/689/689 690/690/690
v -0.5000001 0.5000000 0.9100000
vt 0.448301435 0.370978857
vn 0.0000000 0.0000000 1.0000000
v -0.2180007 0.3519161 0.9100000
vt 0.397476733 0.270309168
vn 0.0000000 0.0000000 1.0000000
v -0.2102208 0.3560746 0.9100000
vt 0.398893148 0.267512004
vn 0.0000000 0.0000000 1.0000000
f 691/691/691 692/692/692 693/693/693
v -0.2304161 0.0354993 0.9100000
vt 0.285673320 0.274550268
vn -0.0000000 0.0000000 1.0000000
v -0.2336177 0.0414890 0.9100000
vt 0.287773818 0.275743606
vn -0.0000000 0.0000000 1.0000000
v -0.5000001 -0.1250000 0.9100000
vt 0.228457958 0.373357355
vn -0.0000000 0.0000000 1.0000000
f 694/694/694 695/695/695 696/696/696
v 0.4999999 -0.1250000 0.9100000
vt 0.232938960 0.005701682
vn -0.0000000 0.0000000 1.0000000
v 0.4999999 0.5000000 0.9100000
vt 0.448301315 0.004257256
vn -0.0000000 0.0000000 1.0000000
v 0.2336176 0.3335111 0.9100000
vt 0.389954269 0.102714250
vn -0.0000000 0.0000000 1.0000000
f 697/697/697 698/698/698 699/699/699
v 0.4999999 -0.1250000 0.9100000
vt 0.232938960 0.005701682
vn -0.0000000 -0.0000000 1.0000000
v 0.2336176 0.3335111 0.9100000
vt 0.389954269 0.102714250
vn -0.0000000 -0.0000000 1.0000000
v 0.2345746 0.3317207 0.9100000
vt 0.389231890 0.102307754
vn -0.0000000 -0.0000000 1.0000000
f 700/700/700 701/701/701 702/702/702
v -0.2248198 0.0286802 0.9100000
vt 0.283287883 0.272471797
vn -0.0000000 0.0000000 1.0000000
v -0.2304161 0.0354993 0.9100000
vt 0.285673320 0.274550268
vn -0.0000000 0.0000000 1.0000000
v -0.5000001 -0.1250000 0.9100000
vt 0.228457958 0.373357355
vn -0.0000000 0.0000000 1.0000000
f 703/703/703 704/704/704 705/705/705
v -0.2180007 0.0230839 0.9100000
vt 0.281336427 0.269944829
vn -0.0000000 0.0000000 1.0000000
v -0.2248198 0.0286802 0.9100000
vt 0.283287883 0.272471797
vn -0.0000000 0.0000000 1.0000000
v -0.5000001 -0.1250000 0.9100000
vt 0.228457958 0.373357355
vn -0.0000000 0.0000000 1.0000000
f 706/706/706 707/707/707 708/708/708
v 0.4999999 -0.1250000 0.9100000
vt 0.232938960 0.005701682
vn -0.0000000 -0.0000000 1.0000000
v 0.2345746 0.3317207 0.9100000
vt 0.389231890 0.102307754
vn -0.0000000 -0.0000000 1.0000000
v 0.2371353 0.3232791 0.9100000
vt 0.386275351 0.101338806
vn -0.0000000 -0.0000000 1.0000000
f 709/709/709 710/710/710 711/711/711
v 0.4999999 -0.1250000 0.9100000
vt 0.232938960 0.005701682
vn -0.0000000 -0.0000000 1.0000000
v 0.2371353 0.3232791 0.9100000
vt 0.386275351 0.101338806
vn -0.0000000 -0.0000000 1.0000000
v 0.2380000 0.3145000 0.9100000
vt 0.383202374 0.100991083
vn -0.0000000 -0.0000000 1.0000000
f 712/712/712 713/713/713 714/714/714
v -0.2102208 0.0189254 0.9100000
vt 0.279893965 0.267066472
vn -0.0000000 0.0000000 1.0000000
v -0.2180007 0.0230839 0.9100000
vt 0.281336427 0.269944829
vn -0.0000000 0.0000000 1.0000000
v -0.5000001 -0.1250000 0.9100000
vt 0.228457958 0.373357355
vn -0.0000000 0.0000000 1.0000000
f 715/715/715 716/716/716 717/717/717
v -0.2017791 0.0163647 0.9100000
vt 0.279016078 0.263947406
vn -0.0000000 0.0000000 1.0000000
v -0.2102208 0.0189254 0.9100000
vt 0.279893965 0.267066472
vn -0.0000000 0.0000000 1.0000000
v -0.5000001 -0.1250000 0.9100000
vt 0.228457958 0.373357355
vn -0.0000000 0.0000000 1.0000000
f 718/718/718 719/719/719 720/720/720
v 0.4999999 -0.1250000 0.9100000
vt 0.232938960 0.005701682
vn -0.0000000 0.0000000 1.0000000
v 0.2380000 0.3145000 0.9100000
vt 0.383202374 0.100991083
vn -0.0000000 0.0000000 1.0000000
v 0.2371353 0.0517209 0.9100000
vt 0.293284178 0.101944118
vn -0.0000000 0.0000000 1.0000000
f 721/721/721 722/722/722 723/723/723
v 0.4999999 -0.1250000 0.9100000
vt 0.232938960 0.005701682
vn -0.0000000 0.0000000 1.0000000
v 0.2371353 0.0517209 0.9100000
vt 0.293284178 0.101944118
vn -0.0000000 0.0000000 1.0000000
v 0.2345746 0.0432792 0.9100000
vt 0.290328175 0.102852562
vn -0.0000000 0.0000000 1.0000000
f 724/724/724 725/725/725 726/726/726
v -0.2017791 0.0163647 0.9100000
vt 0.279016078 0.263947406
vn 0.0000000 -0.0000000 1.0000000
v -0.5000001 -0.1250000 0.9100000
vt 0.228457958 0.373357355
vn 0.0000000 -0.0000000 1.0000000
v 0.4999999 -0.1250000 0.9100000
vt 0.232938960 0.005701682
vn 0.0000000 -0.0000000 1.0000000
f 727/727/727 728/728/728 729/729/729
v 0.1930000 0.0155000 0.9100000
vt 0.280472696 0.117978726
vn -0.0000000 -0.0000000 1.0000000
v -0.2017791 0.0163647 0.9100000
vt 0.279016078 0.263947406
vn -0.0000000 -0.0000000 1.0000000
v 0.4999999 -0.1250000 0.9100000
vt 0.232938960 0.005701682
vn -0.0000000 -0.0000000 1.0000000
f 730/730/730 731/731/731 732/732/732
v 0.4999999 -0.1250000 0.9100000
vt 0.232938960 0.005701682
vn -0.0000000 0.0000000 1.0000000
v 0.2345746 0.0432792 0.9100000
vt 0.290328175 0.102852562
vn -0.0000000 0.0000000 1.0000000
v 0.2304161 0.0354993 0.9100000
vt 0.287596703 0.104347908
vn -0.0000000 0.0000000 1.0000000
f 733/733/733 734/734/734 735/735/735
v 0.4999999 -0.1250000 0.9100000
vt 0.232938960 0.005701682
vn -0.0000000 0.0000000 1.0000000
v 0.2304161 0.0354993 0.9100000
vt 0.287596703 0.104347908
vn -0.0000000 0.0000000 1.0000000
v 0.2248198 0.0286802 0.9100000
vt 0.285194844 0.106372903
vn -0.0000000 0.0000000 1.0000000
f 736/736/736 737/737/737 738/738/738
v 0.2017791 0.0163647 0.9100000
vt 0.280807734 0.114766416
vn 0.0000000 -0.0000000 1.0000000
v 0.1930000 0.0155000 0.9100000
vt 0.280472696 0.117978726
vn 0.0000000 -0.0000000 1.0000000
v 0.4999999 -0.1250000 0.9100000
vt 0.232938960 0.005701682
vn 0.0000000 -0.0000000 1.0000000
f 739/739/739 740/740/740 741/741/741
v 0.2102208 0.0189254 0.9100000
vt 0.281733721 0.111684062
vn 0.0000000 -0.0000000 1.0000000
v 0.2017791 0.0163647 0.9100000
vt 0.280807734 0.114766416
vn 0.0000000 -0.0000000 1.0000000
v 0.4999999 -0.1250000 0.9100000
vt 0.232938960 0.005701682
vn 0.0000000 -0.0000000 1.0000000
f 742/742/742 743/743/743 744/744/744
v 0.4999999 -0.1250000 0.9100000
vt 0.232938960 0.005701682
vn -0.0000000 0.0000000 1.0000000
v 0.2248198 0.0286802 0.9100000
vt 0.285194844 0.106372903
vn -0.0000000 0.0000000 1.0000000
v 0.2180007 0.0230839 0.9100000
vt 0.283215106 0.108849953
vn -0.0000000 0.0000000 1.0000000
f 745/745/745 746/746/746 747/747/747
v 0.4999999 -0.1250000 0.9100000
vt 0.232938960 0.005701682
vn -0.0000000 0.0000000 1.0000000
v 0.2180007 0.0230839 0.9100000
vt 0.283215106 0.108849953
vn -0.0000000 0.0000000 1.0000000
v 0.2102208 0.0189254 0.9100000
vt 0.281733721 0.111684062
vn -0.0000000 0.0000000 1.0000000
f 748/748/748 749/749/749 750/750/750
v 0.2304161 0.0354993 0.6600000
vt 0.883538365 0.007727219
vn 0.0000000 0.0000000 1.0000000
v 0.2345746 0.0432792 0.6600000
vt 0.886255145 0.006214820
vn 0.0000000 0.0000000 1.0000000
v 0.2371353 0.0517209 0.6600000
vt 0.889201522 0.005286359
vn 0.0000000 0.0000000 1.0000000
f 751/751/751 752/752/752 753/753/753
v 0.2371353 0.0517209 0.6600000
vt 0.889201522 0.005286359
vn 0.0000000 0.0000000 0.9999999
v 0.2380000 0.3145000 0.6600000
vt 0.980858862 0.005180859
vn 0.0000000 0.0000000 0.9999999
v 0.2371353 0.3232791 0.6600000
vt 0.983920276 0.005503609
vn 0.0000000 0.0000000 0.9999999
f 754/754/754 755/755/755 756/756/756
v 0.2371353 0.3232791 0.6600000
vt 0.983920276 0.005503609
vn 0.0000000 0.0000000 1.0000000
v 0.2345746 0.3317207 0.6600000
vt 0.986862779 0.006445554
vn 0.0000000 0.0000000 1.0000000
v 0.2304161 0.3395007 0.6600000
vt 0.989573240 0.007970516
vn 0.0000000 0.0000000 1.0000000
f 757/757/757 758/758/758 759/759/759
v 0.2304161 0.3395007 0.6600000
vt 0.989573240 0.007970516
vn 0.0000000 0.0000000 0.9999999
v 0.2248198 0.3463198 0.6600000
vt 0.991947412 0.010019694
vn 0.0000000 0.0000000 0.9999999
v 0.2180007 0.3519161 0.6600000
vt 0.993894219 0.012514619
vn 0.0000000 0.0000000 0.9999999
f 760/760/760 761/761/761 762/762/762
v 0.2180007 0.3519161 0.6600000
vt 0.993894219 0.012514619
vn 0.0000000 0.0000000 1.0000000
v 0.2102208 0.3560746 0.6600000
vt 0.995338678 0.015359067
vn 0.0000000 0.0000000 1.0000000
v 0.2017791 0.3586353 0.6600000
vt 0.996225357 0.018443983
vn 0.0000000 0.0000000 1.0000000
f 763/763/763 764/764/764 765/765/765
v 0.2017791 0.3586353 0.6600000
vt 0.996225357 0.018443983
vn -0.0000000 0.0000000 1.0000000
v -0.1930000 0.3595000 0.6600000
vt 0.996225357 0.162619155
vn -0.0000000 0.0000000 1.0000000
v -0.2017791 0.3586353 0.6600000
vt 0.995917141 0.165824562
vn -0.0000000 0.0000000 1.0000000
f 766/766/766 767/767/767 768/768/768
v -0.2017791 0.3586353 0.6600000
vt 0.995917141 0.165824562
vn 0.0000000 0.0000000 1.0000000
v -0.2102208 0.3560746 0.6600000
vt 0.995017469 0.168905543
vn 0.0000000 0.0000000 1.0000000
v -0.2180007 0.3519161 0.6600000
vt 0.993561089 0.171743475
vn 0.0000000 0.0000000 1.0000000
f 769/769/769 770/770/770 771/771/771
v -0.2180007 0.3519161 0.6600000
vt 0.993561089 0.171743475
vn 0.0000000 0.0000000 0.9999999
v -0.2248198 0.3463198 0.6600000
vt 0.991603911 0.174229316
vn 0.0000000 0.0000000 0.9999999
v -0.2304161 0.3395007 0.6600000
vt 0.989221156 0.176267581
vn 0.0000000 0.0000000 0.9999999
f 772/772/772 773/773/773 774/774/774
v -0.2304161 0.3395007 0.6600000
vt 0.989221156 0.176267581
vn 0.0000000 0.0000000 1.0000000
v -0.2345746 0.3317207 0.6600000
vt 0.986504316 0.177780105
vn 0.0000000 0.0000000 1.0000000
v -0.2371353 0.3232791 0.6600000
vt 0.983557999 0.178708504
vn 0.0000000 0.0000000 1.0000000
f 775/775/775 776/776/776 777/777/777
v -0.2371353 0.3232791 0.6600000
vt 0.983557999 0.178708504
vn 0.0000000 -0.0000000 1.0000000
v -0.2380000 0.0605000 0.6600000
vt 0.891900778 0.178814145
vn 0.0000000 -0.0000000 1.0000000
v -0.2371353 0.0517209 0.6600000
vt 0.888839245 0.178491323
vn 0.0000000 -0.0000000 1.0000000
f 778/778/778 779/779/779 780/780/780
v -0.2371353 0.0517209 0.6600000
vt 0.888839245 0.178491323
vn 0.0000000 0.0000000 1.0000000
v -0.2345746 0.0432792 0.6600000
vt 0.885896802 0.177549382
vn 0.0000000 0.0000000 1.0000000
v -0.2304161 0.0354993 0.6600000
vt 0.883186340 0.176024486
vn 0.0000000 0.0000000 1.0000000
f 781/781/781 782/782/782 783/783/783
v -0.2304161 0.0354993 0.6600000
vt 0.883186340 0.176024486
vn 0.0000000 0.0000000 0.9999999
v -0.2248198 0.0286802 0.6600000
vt 0.880812168 0.173975237
vn 0.0000000 0.0000000 0.9999999
v -0.2180007 0.0230839 0.6600000
vt 0.878865302 0.171480315
vn 0.0000000 0.0000000 0.9999999
f 784/784/784 785/785/785 786/786/786
v -0.2180007 0.0230839 0.6600000
vt 0.878865302 0.171480315
vn 0.0000000 0.0000000 1.0000000
v -0.2102208 0.0189254 0.6600000
vt 0.877420902 0.168635799
vn 0.0000000 0.0000000 1.0000000
v -0.2017791 0.0163647 0.6600000
vt 0.876534164 0.165550887
vn 0.0000000 0.0000000 1.0000000
f 787/787/787 788/788/788 789/789/789
v -0.2017791 0.0163647 0.6600000
vt 0.876534164 0.165550887
vn 0.0000000 0.0000000 1.0000000
v 0.1930000 0.0155000 0.6600000
vt 0.876534164 0.021375777
vn 0.0000000 0.0000000 1.0000000
v 0.2017791 0.0163647 0.6600000
vt 0.876842380 0.018170298
vn 0.0000000 0.0000000 1.0000000
f 790/790/790 791/791/791 792/792/792
v 0.2017791 0.0163647 0.6600000
vt 0.876842380 0.018170298
vn 0.0000000 0.0000000 1.0000000
v 0.2102208 0.0189254 0.6600000
vt 0.877742052 0.015089461
vn 0.0000000 0.0000000 1.0000000
v 0.2180007 0.0230839 0.6600000
vt 0.879198551 0.012251525
vn 0.0000000 0.0000000 1.0000000
f 793/793/793 794/794/794 795/795/795
v 0.2180007 0.0230839 0.6600000
vt 0.879198551 0.012251525
vn 0.0000000 0.0000000 0.9999999
v 0.2248198 0.0286802 0.6600000
vt 0.881155670 0.009765675
vn 0.0000000 0.0000000 0.9999999
v 0.2304161 0.0354993 0.6600000
vt 0.883538365 0.007727219
vn 0.0000000 0.0000000 0.9999999
f 796/796/796 797/797/797 798/798/798
v 0.2304161 0.0354993 0.6600000
vt 0.883538365 0.007727219
vn 0.0000000 0.0000000 1.0000000
v 0.2371353 0.0517209 0.6600000
vt 0.889201522 0.005286359
vn 0.0000000 0.0000000 1.0000000
v 0.2371353 0.3232791 0.6600000
vt 0.983920276 0.005503609
vn 0.0000000 0.0000000 1.0000000
f 799/799/799 800/800/800 801/801/801
v 0.2371353 0.3232791 0.6600000
vt 0.983920276 0.005503609
vn 0.0000000 0.0000000 1.0000000
v 0.2304161 0.3395007 0.6600000
vt 0.989573240 0.007970516
vn 0.0000000 0.0000000 1.0000000
v 0.2180007 0.3519161 0.6600000
vt 0.993894219 0.012514619
vn 0.0000000 0.0000000 1.0000000
f 802/802/802 803/803/803 804/804/804
v 0.2180007 0.3519161 0.6600000
vt 0.993894219 0.012514619
vn -0.0000000 0.0000000 0.9999999
v 0.2017791 0.3586353 0.6600000
vt 0.996225357 0.018443983
vn -0.0000000 0.0000000 0.9999999
v -0.2017791 0.3586353 0.6600000
vt 0.995917141 0.165824562
vn -0.0000000 0.0000000 0.9999999
f 805/805/805 806/806/806 807/807/807
v -0.2017791 0.3586353 0.6600000
vt 0.995917141 0.165824562
vn 0.0000000 0.0000000 1.0000000
v -0.2180007 0.3519161 0.6600000
vt 0.993561089 0.171743475
vn 0.0000000 0.0000000 1.0000000
v -0.2304161 0.3395007 0.6600000
vt 0.989221156 0.176267581
vn 0.0000000 0.0000000 1.0000000
f 808/808/808 809/809/809 810/810/810
v -0.2304161 0.3395007 0.6600000
vt 0.989221156 0.176267581
vn 0.0000000 0.0000000 1.0000000
v -0.2371353 0.3232791 0.6600000
vt 0.983557999 0.178708504
vn 0.0000000 0.0000000 1.0000000
v -0.2371353 0.0517209 0.6600000
vt 0.888839245 0.178491323
vn 0.0000000 0.0000000 1.0000000
f 811/811/811 812/812/812 813/813/813
v -0.2371353 0.0517209 0.6600000
vt 0.888839245 0.178491323
vn 0.0000000 0.0000000 1.0000000
v -0.2304161 0.0354993 0.6600000
vt 0.883186340 0.176024486
vn 0.0000000 0.0000000 1.0000000
v -0.2180007 0.0230839 0.6600000
vt 0.878865302 0.171480315
vn 0.0000000 0.0000000 1.0000000
f 814/814/814 815/815/815 816/816/816
v -0.2180007 0.0230839 0.6600000
vt 0.878865302 0.171480315
vn 0.0000000 0.0000000 1.0000000
v -0.2017791 0.0163647 0.6600000
vt 0.876534164 0.165550887
vn 0.0000000 0.0000000 1.0000000
v 0.2017791 0.0163647 0.6600000
vt 0.876842380 0.018170298
vn 0.0000000 0.0000000 1.0000000
f 817/817/817 818/818/818 819/819/819
v 0.2017791 0.0163647 0.6600000
vt 0.876842380 0.018170298
vn 0.0000000 0.0000000 1.0000000
v 0.2180007 0.0230839 0.6600000
vt 0.879198551 0.012251525
vn 0.0000000 0.0000000 1.0000000
v 0.2304161 0.0354993 0.6600000
vt 0.883538365 0.007727219
vn 0.0000000 0.0000000 1.0000000
f 820/820/820 821/821/821 822/822/822
v 0.2304161 0.0354993 0.6600000
vt 0.883538365 0.007727219
vn 0.0000000 0.0000000 1.0000000
v 0.2371353 0.3232791 0.6600000
vt 0.983920276 0.005503609
vn 0.0000000 0.0000000 1.0000000
v 0.2180007 0.3519161 0.6600000
vt 0.993894219 0.012514619
vn 0.0000000 0.0000000 1.0000000
f 823/823/823 824/824/824 825/825/825
v 0.2180007 0.3519161 0.6600000
vt 0.993894219 0.012514619
vn -0.0000000 0.0000000 1.0000000
v -0.2017791 0.3586353 0.6600000
vt 0.995917141 0.165824562
vn -0.0000000 0.0000000 1.0000000
v -0.2304161 0.3395007 0.6600000
vt 0.989221156 0.176267581
vn -0.0000000 0.0000000 1.0000000
f 826/826/826 827/827/827 828/828/828
v -0.2304161 0.3395007 0.6600000
vt 0.989221156 0.176267581
vn 0.0000000 -0.0000000 1.0000000
v -0.2371353 0.0517209 0.6600000
vt 0.888839245 0.178491323
vn 0.0000000 -0.0000000 1.0000000
v -0.2180007 0.0230839 0.6600000
vt 0.878865302 0.171480315
vn 0.0000000 -0.0000000 1.0000000
f 829/829/829 830/830/830 831/831/831
v -0.2180007 0.0230839 0.6600000
vt 0.878865302 0.171480315
vn 0.0000000 0.0000000 1.0000000
v 0.2017791 0.0163647 0.6600000
vt 0.876842380 0.018170298
vn 0.0000000 0.0000000 1.0000000
v 0.2304161 0.0354993 0.6600000
vt 0.883538365 0.007727219
vn 0.0000000 0.0000000 1.0000000
f 832/832/832 833/833/833 834/834/834
v 0.2304161 0.0354993 0.6600000
vt 0.883538365 0.007727219
vn -0.0000000 0.0000000 1.0000000
v 0.2180007 0.3519161 0.6600000
vt 0.993894219 0.012514619
vn -0.0000000 0.0000000 1.0000000
v -0.2304161 0.3395007 0.6600000
vt 0.989221156 0.176267581
vn -0.0000000 0.0000000 1.0000000
f 835/835/835 836/836/836 837/837/837
v -0.2304161 0.3395007 0.6600000
vt 0.989221156 0.176267581
vn 0.0000000 0.0000000 1.0000000
v -0.2180007 0.0230839 0.6600000
vt 0.878865302 0.171480315
vn 0.0000000 0.0000000 1.0000000
v 0.2304161 0.0354993 0.6600000
vt 0.883538365 0.007727219
vn 0.0000000 0.0000000 1.0000000
f 838/838/838 839/839/839 840/840/840
v 0.2371353 0.3232791 0.6600000
vt 0.510626733 0.212197099
vn -0.9951847 -0.0980181 -0.0000000
v 0.2380000 0.3145000 0.6600000
vt 0.510626733 0.208975373
vn -0.9951847 -0.0980181 -0.0000000
v 0.2380000 0.3145000 0.8099999
vt 0.562946439 0.208975435
vn -0.9951847 -0.0980181 -0.0000000
f 841/841/841 842/842/842 843/843/843
v 0.2371353 0.3232791 0.6600000
vt 0.510626733 0.212197099
vn -0.9951847 -0.0980181 0.0000000
v 0.2380000 0.3145000 0.8099999
vt 0.562946439 0.208975435
vn -0.9951847 -0.0980181 0.0000000
v 0.2371353 0.3232791 0.8099999
vt 0.562946439 0.212197099
vn -0.9951847 -0.0980181 0.0000000
f 844/844/844 845/845/845 846/846/846
v 0.2371353 0.3232791 0.8099999
vt 0.610385597 0.113007044
vn -0.9951847 -0.0980181 -0.0000000
v 0.2380000 0.3145000 0.8099999
vt 0.610385597 0.116228740
vn -0.9951847 -0.0980181 -0.0000000
v 0.2380000 0.3145000 0.9100000
vt 0.575505793 0.116228740
vn -0.9951847 -0.0980181 -0.0000000
f 847/847/847 848/848/848 849/849/849
v 0.2371353 0.3232791 0.8099999
vt 0.610385597 0.113007044
vn -0.9951847 -0.0980181 0.0000000
v 0.2380000 0.3145000 0.9100000
vt 0.575505793 0.116228740
vn -0.9951847 -0.0980181 0.0000000
v 0.2371353 0.3232791 0.9100000
vt 0.575505793 0.113007044
vn -0.9951847 -0.0980181 0.0000000
f 850/850/850 851/851/851 852/852/852
v 0.2345746 0.3317207 0.6600000
vt 0.510626733 0.215418685
vn -0.9569406 -0.2902839 -0.0000000
v 0.2371353 0.3232791 0.6600000
vt 0.510626733 0.212197099
vn -0.9569406 -0.2902839 -0.0000000
v 0.2371353 0.3232791 0.8099999
vt 0.562946439 0.212197099
vn -0.9569406 -0.2902839 -0.0000000
f 853/853/853 854/854/854 855/855/855
v 0.2345746 0.3317207 0.6600000
vt 0.510626733 0.215418685
vn -0.9569406 -0.2902839 0.0000000
v 0.2371353 0.3232791 0.8099999
vt 0.562946439 0.212197099
vn -0.9569406 -0.2902839 0.0000000
v 0.2345746 0.3317207 0.8099999
vt 0.562946379 0.215418685
vn -0.9569406 -0.2902839 0.0000000
f 856/856/856 857/857/857 858/858/858
v 0.2345746 0.3317207 0.8099999
vt 0.610385656 0.109785459
vn -0.9569407 -0.2902839 -0.0000000
v 0.2371353 0.3232791 0.8099999
vt 0.610385597 0.113007044
vn -0.9569407 -0.2902839 -0.0000000
v 0.2371353 0.3232791 0.9100000
vt 0.575505793 0.113007044
vn -0.9569407 -0.2902839 -0.0000000
f 859/859/859 860/860/860 861/861/861
v 0.2345746 0.3317207 0.8099999
vt 0.610385656 0.109785459
vn -0.9569407 -0.2902839 0.0000000
v 0.2371353 0.3232791 0.9100000
vt 0.575505793 0.113007044
vn -0.9569407 -0.2902839 0.0000000
v 0.2345746 0.3317207 0.9100000
vt 0.575505793 0.109785459
vn -0.9569407 -0.2902839 0.0000000
f 862/862/862 863/863/863 864/864/864
v 0.2304161 0.3395007 0.8099999
vt 0.562946379 0.218640411
vn -0.8819215 -0.4713963 0.0000000
v 0.2304161 0.3395007 0.6600000
vt 0.510626733 0.218640411
vn -0.8819215 -0.4713963 0.0000000
v 0.2345746 0.3317207 0.6600000
vt 0.510626733 0.215418685
vn -0.8819215 -0.4713963 0.0000000
f 865/865/865 866/866/866 867/867/867
v 0.2345746 0.3317207 0.6600000
vt 0.510626733 0.215418685
vn -0.8819194 -0.4714003 -0.0000000
v 0.2345746 0.3317207 0.8099999
vt 0.562946379 0.215418685
vn -0.8819194 -0.4714003 -0.0000000
v 0.2336176 0.3335111 0.8099999
vt 0.562946379 0.216160078
vn -0.8819194 -0.4714003 -0.0000000
f 868/868/868 869/869/869 870/870/870
v 0.2345746 0.3317207 0.6600000
vt 0.510626733 0.215418685
vn -0.8819221 -0.4713951 -0.0000001
v 0.2336176 0.3335111 0.8099999
vt 0.562946379 0.216160078
vn -0.8819221 -0.4713951 -0.0000001
v 0.2304161 0.3395007 0.8099999
vt 0.562946379 0.218640411
vn -0.8819221 -0.4713951 -0.0000001
f 871/871/871 872/872/872 873/873/873
v 0.2304161 0.3395007 0.9100000
vt 0.575505793 0.106563763
vn -0.8819215 -0.4713963 0.0000000
v 0.2304161 0.3395007 0.8099999
vt 0.610385597 0.106563763
vn -0.8819215 -0.4713963 0.0000000
v 0.2345746 0.3317207 0.8099999
vt 0.610385656 0.109785459
vn -0.8819215 -0.4713963 0.0000000
f 874/874/874 875/875/875 876/876/876
v 0.2345746 0.3317207 0.8099999
vt 0.610385656 0.109785459
vn -0.8819227 -0.4713942 -0.0000000
v 0.2345746 0.3317207 0.9100000
vt 0.575505793 0.109785459
vn -0.8819227 -0.4713942 -0.0000000
v 0.2336176 0.3335111 0.9100000
vt 0.575505793 0.109044058
vn -0.8819227 -0.4713942 -0.0000000
f 877/877/877 878/878/878 879/879/879
v 0.2345746 0.3317207 0.8099999
vt 0.610385656 0.109785459
vn -0.8819211 -0.4713969 0.0000001
v 0.2336176 0.3335111 0.9100000
vt 0.575505793 0.109044058
vn -0.8819211 -0.4713969 0.0000001
v 0.2304161 0.3395007 0.9100000
vt 0.575505793 0.106563763
vn -0.8819211 -0.4713969 0.0000001
f 880/880/880 881/881/881 882/882/882
v 0.2248198 0.3463198 0.6600000
vt 0.510626733 0.221861997
vn -0.7730099 -0.6343940 -0.0000000
v 0.2304161 0.3395007 0.6600000
vt 0.510626733 0.218640411
vn -0.7730099 -0.6343940 -0.0000000
v 0.2304161 0.3395007 0.8099999
vt 0.562946379 0.218640411
vn -0.7730099 -0.6343940 -0.0000000
f 883/883/883 884/884/884 885/885/885
v 0.2248198 0.3463198 0.6600000
vt 0.510626733 0.221861997
vn -0.7730099 -0.6343940 0.0000000
v 0.2304161 0.3395007 0.8099999
vt 0.562946379 0.218640411
vn -0.7730099 -0.6343940 0.0000000
v 0.2248198 0.3463198 0.8099999
vt 0.562946379 0.221861997
vn -0.7730099 -0.6343940 0.0000000
f 886/886/886 887/887/887 888/888/888
v 0.2248198 0.3463198 0.8099999
vt 0.610385597 0.103342139
vn -0.7730099 -0.6343940 -0.0000000
v 0.2304161 0.3395007 0.8099999
vt 0.610385597 0.106563763
vn -0.7730099 -0.6343940 -0.0000000
v 0.2304161 0.3395007 0.9100000
vt 0.575505793 0.106563763
vn -0.7730099 -0.6343940 -0.0000000
f 889/889/889 890/890/890 891/891/891
v 0.2248198 0.3463198 0.8099999
vt 0.610385597 0.103342139
vn -0.7730099 -0.6343940 0.0000000
v 0.2304161 0.3395007 0.9100000
vt 0.575505793 0.106563763
vn -0.7730099 -0.6343940 0.0000000
v 0.2248198 0.3463198 0.9100000
vt 0.575505793 0.103342139
vn -0.7730099 -0.6343940 0.0000000
f 892/892/892 893/893/893 894/894/894
v 0.2180007 0.3519161 0.8099999
vt 0.400461137 0.483317681
vn -0.6343941 -0.7730097 0.0000000
v 0.2180007 0.3519161 0.6600000
vt 0.400461167 0.538098170
vn -0.6343941 -0.7730097 0.0000000
v 0.2248198 0.3463198 0.6600000
vt 0.397384226 0.538098107
vn -0.6343941 -0.7730097 0.0000000
f 895/895/895 896/896/896 897/897/897
v 0.2180007 0.3519161 0.8099999
vt 0.400461137 0.483317681
vn -0.6343941 -0.7730097 -0.0000000
v 0.2248198 0.3463198 0.6600000
vt 0.397384226 0.538098107
vn -0.6343941 -0.7730097 -0.0000000
v 0.2248198 0.3463198 0.8099999
vt 0.397384226 0.483317681
vn -0.6343941 -0.7730097 -0.0000000
f 898/898/898 899/899/899 900/900/900
v 0.2180007 0.3519161 0.9100000
vt 0.318233013 0.794634360
vn -0.6343942 -0.7730098 0.0000000
v 0.2180007 0.3519161 0.8099999
vt 0.318233013 0.831154728
vn -0.6343942 -0.7730098 0.0000000
v 0.2248198 0.3463198 0.8099999
vt 0.315156013 0.831154728
vn -0.6343942 -0.7730098 0.0000000
f 901/901/901 902/902/902 903/903/903
v 0.2180007 0.3519161 0.9100000
vt 0.318233013 0.794634360
vn -0.6343942 -0.7730098 -0.0000000
v 0.2248198 0.3463198 0.8099999
vt 0.315156013 0.831154728
vn -0.6343942 -0.7730098 -0.0000000
v 0.2248198 0.3463198 0.9100000
vt 0.315156013 0.794634299
vn -0.6343942 -0.7730098 -0.0000000
f 904/904/904 905/905/905 906/906/906
v 0.2102208 0.3560746 0.8099999
vt 0.403538078 0.483317681
vn -0.4713957 -0.8819218 0.0000000
v 0.2102208 0.3560746 0.6600000
vt 0.403538078 0.538098107
vn -0.4713957 -0.8819218 0.0000000
v 0.2180007 0.3519161 0.6600000
vt 0.400461167 0.538098170
vn -0.4713957 -0.8819218 0.0000000
f 907/907/907 908/908/908 909/909/909
v 0.2102208 0.3560746 0.8099999
vt 0.403538078 0.483317681
vn -0.4713957 -0.8819218 -0.0000000
v 0.2180007 0.3519161 0.6600000
vt 0.400461167 0.538098170
vn -0.4713957 -0.8819218 -0.0000000
v 0.2180007 0.3519161 0.8099999
vt 0.400461137 0.483317681
vn -0.4713957 -0.8819218 -0.0000000
f 910/910/910 911/911/911 912/912/912
v 0.2102208 0.3560746 0.9100000
vt 0.321309894 0.794634236
vn -0.4713957 -0.8819218 0.0000000
v 0.2102208 0.3560746 0.8099999
vt 0.321309894 0.831154728
vn -0.4713957 -0.8819218 0.0000000
v 0.2180007 0.3519161 0.8099999
vt 0.318233013 0.831154728
vn -0.4713957 -0.8819218 0.0000000
f 913/913/913 914/914/914 915/915/915
v 0.2102208 0.3560746 0.9100000
vt 0.321309894 0.794634236
vn -0.4713957 -0.8819218 -0.0000000
v 0.2180007 0.3519161 0.8099999
vt 0.318233013 0.831154728
vn -0.4713957 -0.8819218 -0.0000000
v 0.2180007 0.3519161 0.9100000
vt 0.318233013 0.794634360
vn -0.4713957 -0.8819218 -0.0000000
f 916/916/916 917/917/917 918/918/918
v 0.2017791 0.3586353 0.8099999
vt 0.406615019 0.483317681
vn -0.2902854 -0.9569402 0.0000000
v 0.2017791 0.3586353 0.6600000
vt 0.406615019 0.538098170
vn -0.2902854 -0.9569402 0.0000000
v 0.2102208 0.3560746 0.6600000
vt 0.403538078 0.538098107
vn -0.2902854 -0.9569402 0.0000000
f 919/919/919 920/920/920 921/921/921
v 0.2017791 0.3586353 0.8099999
vt 0.406615019 0.483317681
vn -0.2902854 -0.9569402 -0.0000000
v 0.2102208 0.3560746 0.6600000
vt 0.403538078 0.538098107
vn -0.2902854 -0.9569402 -0.0000000
v 0.2102208 0.3560746 0.8099999
vt 0.403538078 0.483317681
vn -0.2902854 -0.9569402 -0.0000000
f 922/922/922 923/923/923 924/924/924
v 0.2017791 0.3586353 0.9100000
vt 0.324386835 0.794634236
vn -0.2902854 -0.9569401 0.0000000
v 0.2017791 0.3586353 0.8099999
vt 0.324386835 0.831154728
vn -0.2902854 -0.9569401 0.0000000
v 0.2102208 0.3560746 0.8099999
vt 0.321309894 0.831154728
vn -0.2902854 -0.9569401 0.0000000
f 925/925/925 926/926/926 927/927/927
v 0.2017791 0.3586353 0.9100000
vt 0.324386835 0.794634236
vn -0.2902854 -0.9569401 -0.0000000
v 0.2102208 0.3560746 0.8099999
vt 0.321309894 0.831154728
vn -0.2902854 -0.9569401 -0.0000000
v 0.2102208 0.3560746 0.9100000
vt 0.321309894 0.794634236
vn -0.2902854 -0.9569401 -0.0000000
f 928/928/928 929/929/929 930/930/930
v -0.1930000 0.3595000 0.8099999
vt 0.544313431 0.483317681
vn -0.0021902 -0.9999976 0.0000000
v -0.1930000 0.3595000 0.6600000
vt 0.544313431 0.538098107
vn -0.0021902 -0.9999976 0.0000000
v 0.2017791 0.3586353 0.6600000
vt 0.406615019 0.538098170
vn -0.0021902 -0.9999976 0.0000000
f 931/931/931 932/932/932 933/933/933
v -0.1930000 0.3595000 0.8099999
vt 0.544313431 0.483317681
vn -0.0021902 -0.9999976 -0.0000000
v 0.2017791 0.3586353 0.6600000
vt 0.406615019 0.538098170
vn -0.0021902 -0.9999976 -0.0000000
v 0.2017791 0.3586353 0.8099999
vt 0.406615019 0.483317681
vn -0.0021902 -0.9999976 -0.0000000
f 934/934/934 935/935/935 936/936/936
v -0.1930000 0.3595000 0.9100000
vt 0.462085247 0.794634360
vn -0.0021902 -0.9999977 0.0000000
v -0.1930000 0.3595000 0.8099999
vt 0.462085247 0.831154665
vn -0.0021902 -0.9999977 0.0000000
v 0.2017791 0.3586353 0.8099999
vt 0.324386835 0.831154728
vn -0.0021902 -0.9999977 0.0000000
f 937/937/937 938/938/938 939/939/939
v -0.1930000 0.3595000 0.9100000
vt 0.462085247 0.794634360
vn -0.0021902 -0.9999977 -0.0000000
v 0.2017791 0.3586353 0.8099999
vt 0.324386835 0.831154728
vn -0.0021902 -0.9999977 -0.0000000
v 0.2017791 0.3586353 0.9100000
vt 0.324386835 0.794634236
vn -0.0021902 -0.9999977 -0.0000000
f 940/940/940 941/941/941 942/942/942
v -0.2017791 0.3586353 0.8099999
vt 0.547390342 0.483317681
vn 0.0980163 -0.9951847 0.0000000
v -0.2017791 0.3586353 0.6600000
vt 0.547390342 0.538098107
vn 0.0980163 -0.9951847 0.0000000
v -0.1930000 0.3595000 0.6600000
vt 0.544313431 0.538098107
vn 0.0980163 -0.9951847 0.0000000
f 943/943/943 944/944/944 945/945/945
v -0.2017791 0.3586353 0.8099999
vt 0.547390342 0.483317681
vn 0.0980163 -0.9951847 0.0000000
v -0.1930000 0.3595000 0.6600000
vt 0.544313431 0.538098107
vn 0.0980163 -0.9951847 0.0000000
v -0.1930000 0.3595000 0.8099999
vt 0.544313431 0.483317681
vn 0.0980163 -0.9951847 0.0000000
f 946/946/946 947/947/947 948/948/948
v -0.2017791 0.3586353 0.9100000
vt 0.465162188 0.794634360
vn 0.0980163 -0.9951849 0.0000000
v -0.2017791 0.3586353 0.8099999
vt 0.465162188 0.831154665
vn 0.0980163 -0.9951849 0.0000000
v -0.1930000 0.3595000 0.8099999
vt 0.462085247 0.831154665
vn 0.0980163 -0.9951849 0.0000000
f 949/949/949 950/950/950 951/951/951
v -0.2017791 0.3586353 0.9100000
vt 0.465162188 0.794634360
vn 0.0980163 -0.9951849 0.0000000
v -0.1930000 0.3595000 0.8099999
vt 0.462085247 0.831154665
vn 0.0980163 -0.9951849 0.0000000
v -0.1930000 0.3595000 0.9100000
vt 0.462085247 0.794634360
vn 0.0980163 -0.9951849 0.0000000
f 952/952/952 953/953/953 954/954/954
v -0.2102208 0.3560746 0.8099999
vt 0.550467372 0.483317681
vn 0.2902854 -0.9569402 0.0000000
v -0.2102208 0.3560746 0.6600000
vt 0.550467372 0.538098107
vn 0.2902854 -0.9569402 0.0000000
v -0.2017791 0.3586353 0.6600000
vt 0.547390342 0.538098107
vn 0.2902854 -0.9569402 0.0000000
f 955/955/955 956/956/956 957/957/957
v -0.2102208 0.3560746 0.8099999
vt 0.550467372 0.483317681
vn 0.2902854 -0.9569402 0.0000000
v -0.2017791 0.3586353 0.6600000
vt 0.547390342 0.538098107
vn 0.2902854 -0.9569402 0.0000000
v -0.2017791 0.3586353 0.8099999
vt 0.547390342 0.483317681
vn 0.2902854 -0.9569402 0.0000000
f 958/958/958 959/959/959 960/960/960
v -0.2102208 0.3560746 0.9100000
vt 0.468239188 0.794634236
vn 0.2902854 -0.9569401 0.0000000
v -0.2102208 0.3560746 0.8099999
vt 0.468239188 0.831154665
vn 0.2902854 -0.9569401 0.0000000
v -0.2017791 0.3586353 0.8099999
vt 0.465162188 0.831154665
vn 0.2902854 -0.9569401 0.0000000
f 961/961/961 962/962/962 963/963/963
v -0.2102208 0.3560746 0.9100000
vt 0.468239188 0.794634236
vn 0.2902854 -0.9569401 0.0000000
v -0.2017791 0.3586353 0.8099999
vt 0.465162188 0.831154665
vn 0.2902854 -0.9569401 0.0000000
v -0.2017791 0.3586353 0.9100000
vt 0.465162188 0.794634360
vn 0.2902854 -0.9569401 0.0000000
f 964/964/964 965/965/965 966/966/966
v -0.2180007 0.3519161 0.8099999
vt 0.553544283 0.483317619
vn 0.4713957 -0.8819218 0.0000000
v -0.2180007 0.3519161 0.6600000
vt 0.553544283 0.538098107
vn 0.4713957 -0.8819218 0.0000000
v -0.2102208 0.3560746 0.6600000
vt 0.550467372 0.538098107
vn 0.4713957 -0.8819218 0.0000000
f 967/967/967 968/968/968 969/969/969
v -0.2180007 0.3519161 0.8099999
vt 0.553544283 0.483317619
vn 0.4713957 -0.8819218 0.0000000
v -0.2102208 0.3560746 0.6600000
vt 0.550467372 0.538098107
vn 0.4713957 -0.8819218 0.0000000
v -0.2102208 0.3560746 0.8099999
vt 0.550467372 0.483317681
vn 0.4713957 -0.8819218 0.0000000
f 970/970/970 971/971/971 972/972/972
v -0.2180007 0.3519161 0.9100000
vt 0.471316129 0.794634236
vn 0.4713957 -0.8819218 0.0000000
v -0.2180007 0.3519161 0.8099999
vt 0.471316129 0.831154665
vn 0.4713957 -0.8819218 0.0000000
v -0.2102208 0.3560746 0.8099999
vt 0.468239188 0.831154665
vn 0.4713957 -0.8819218 0.0000000
f 973/973/973 974/974/974 975/975/975
v -0.2180007 0.3519161 0.9100000
vt 0.471316129 0.794634236
vn 0.4713957 -0.8819218 0.0000000
v -0.2102208 0.3560746 0.8099999
vt 0.468239188 0.831154665
vn 0.4713957 -0.8819218 0.0000000
v -0.2102208 0.3560746 0.9100000
vt 0.468239188 0.794634236
vn 0.4713957 -0.8819218 0.0000000
f 976/976/976 977/977/977 978/978/978
v -0.2248198 0.3463198 0.8099999
vt 0.556621134 0.483317681
vn 0.6343941 -0.7730097 0.0000000
v -0.2248198 0.3463198 0.6600000
vt 0.556621194 0.538098107
vn 0.6343941 -0.7730097 0.0000000
v -0.2180007 0.3519161 0.6600000
vt 0.553544283 0.538098107
vn 0.6343941 -0.7730097 0.0000000
f 979/979/979 980/980/980 981/981/981
v -0.2248198 0.3463198 0.8099999
vt 0.556621134 0.483317681
vn 0.6343941 -0.7730097 0.0000000
v -0.2180007 0.3519161 0.6600000
vt 0.553544283 0.538098107
vn 0.6343941 -0.7730097 0.0000000
v -0.2180007 0.3519161 0.8099999
vt 0.553544283 0.483317619
vn 0.6343941 -0.7730097 0.0000000
f 982/982/982 983/983/983 984/984/984
v -0.2248198 0.3463198 0.9100000
vt 0.474393010 0.794634236
vn 0.6343942 -0.7730098 0.0000000
v -0.2248198 0.3463198 0.8099999
vt 0.474393010 0.831154665
vn 0.6343942 -0.7730098 0.0000000
v -0.2180007 0.3519161 0.8099999
vt 0.471316129 0.831154665
vn 0.6343942 -0.7730098 0.0000000
f 985/985/985 986/986/986 987/987/987
v -0.2248198 0.3463198 0.9100000
vt 0.474393010 0.794634236
vn 0.6343942 -0.7730098 0.0000000
v -0.2180007 0.3519161 0.8099999
vt 0.471316129 0.831154665
vn 0.6343942 -0.7730098 0.0000000
v -0.2180007 0.3519161 0.9100000
vt 0.471316129 0.794634236
vn 0.6343942 -0.7730098 0.0000000
f 988/988/988 989/989/989 990/990/990
v -0.2304161 0.3395007 0.8099999
vt 0.341562927 0.119809126
vn 0.7730099 -0.6343940 0.0000000
v -0.2304161 0.3395007 0.6600000
vt 0.289243311 0.119809126
vn 0.7730099 -0.6343940 0.0000000
v -0.2248198 0.3463198 0.6600000
vt 0.289243311 0.116587532
vn 0.7730099 -0.6343940 0.0000000
f 991/991/991 992/992/992 993/993/993
v -0.2304161 0.3395007 0.8099999
vt 0.341562927 0.119809126
vn 0.7730099 -0.6343940 0.0000000
v -0.2248198 0.3463198 0.6600000
vt 0.289243311 0.116587532
vn 0.7730099 -0.6343940 0.0000000
v -0.2248198 0.3463198 0.8099999
vt 0.341562927 0.116587469
vn 0.7730099 -0.6343940 0.0000000
f 994/994/994 995/995/995 996/996/996
v -0.2304161 0.3395007 0.9100000
vt 0.389002264 0.114842233
vn 0.7730099 -0.6343940 0.0000000
v -0.2304161 0.3395007 0.8099999
vt 0.354122430 0.114842233
vn 0.7730099 -0.6343940 0.0000000
v -0.2248198 0.3463198 0.8099999
vt 0.354122430 0.111620569
vn 0.7730099 -0.6343940 0.0000000
f 997/997/997 998/998/998 999/999/999
v -0.2304161 0.3395007 0.9100000
vt 0.389002264 0.114842233
vn 0.7730099 -0.6343940 0.0000000
v -0.2248198 0.3463198 0.8099999
vt 0.354122430 0.111620569
vn 0.7730099 -0.6343940 0.0000000
v -0.2248198 0.3463198 0.9100000
vt 0.389002264 0.111620569
vn 0.7730099 -0.6343940 0.0000000
f 1000/1000/1000 1001/1001/1001 1002/1002/1002
v -0.2345746 0.3317207 0.8099999
vt 0.341562927 0.123030852
vn 0.8819215 -0.4713963 0.0000000
v -0.2345746 0.3317207 0.6600000
vt 0.289243311 0.123030852
vn 0.8819215 -0.4713963 0.0000000
v -0.2304161 0.3395007 0.6600000
vt 0.289243311 0.119809126
vn 0.8819215 -0.4713963 0.0000000
f 1003/1003/1003 1004/1004/1004 1005/1005/1005
v -0.2345746 0.3317207 0.8099999
vt 0.341562927 0.123030852
vn 0.8819215 -0.4713963 0.0000000
v -0.2304161 0.3395007 0.6600000
vt 0.289243311 0.119809126
vn 0.8819215 -0.4713963 0.0000000
v -0.2304161 0.3395007 0.8099999
vt 0.341562927 0.119809126
vn 0.8819215 -0.4713963 0.0000000
f 1006/1006/1006 1007/1007/1007 1008/1008/1008
v -0.2304161 0.3395007 0.9100000
vt 0.389002264 0.114842233
vn 0.8819215 -0.4713963 0.0000000
v -0.2345746 0.3317207 0.9100000
vt 0.389002264 0.118063889
vn 0.8819215 -0.4713963 0.0000000
v -0.2345746 0.3317207 0.8099999
vt 0.354122430 0.118063889
vn 0.8819215 -0.4713963 0.0000000
f 1009/1009/1009 1010/1010/1010 1011/1011/1011
v -0.2336177 0.3335110 0.8100000
vt 0.354122490 0.117322559
vn 0.8819213 -0.4713965 0.0000000
v -0.2304161 0.3395007 0.8099999
vt 0.354122430 0.114842233
vn 0.8819213 -0.4713965 0.0000000
v -0.2304161 0.3395007 0.9100000
vt 0.389002264 0.114842233
vn 0.8819213 -0.4713965 0.0000000
f 1012/1012/1012 1013/1013/1013 1014/1014/1014
v -0.2345746 0.3317207 0.8099999
vt 0.354122430 0.118063889
vn 0.8819219 -0.4713954 -0.0000001
v -0.2336177 0.3335110 0.8100000
vt 0.354122490 0.117322559
vn 0.8819219 -0.4713954 -0.0000001
v -0.2304161 0.3395007 0.9100000
vt 0.389002264 0.114842233
vn 0.8819219 -0.4713954 -0.0000001
f 1015/1015/1015 1016/1016/1016 1017/1017/1017
v -0.2371353 0.3232791 0.8099999
vt 0.341562927 0.126252446
vn 0.9569406 -0.2902839 0.0000000
v -0.2371353 0.3232791 0.6600000
vt 0.289243311 0.126252446
vn 0.9569406 -0.2902839 0.0000000
v -0.2345746 0.3317207 0.6600000
vt 0.289243311 0.123030852
vn 0.9569406 -0.2902839 0.0000000
f 1018/1018/1018 1019/1019/1019 1020/1020/1020
v -0.2371353 0.3232791 0.8099999
vt 0.341562927 0.126252446
vn 0.9569406 -0.2902839 0.0000000
v -0.2345746 0.3317207 0.6600000
vt 0.289243311 0.123030852
vn 0.9569406 -0.2902839 0.0000000
v -0.2345746 0.3317207 0.8099999
vt 0.341562927 0.123030852
vn 0.9569406 -0.2902839 0.0000000
f 1021/1021/1021 1022/1022/1022 1023/1023/1023
v -0.2371353 0.3232791 0.9100000
vt 0.389002264 0.121285616
vn 0.9569407 -0.2902839 0.0000000
v -0.2371353 0.3232791 0.8099999
vt 0.354122460 0.121285616
vn 0.9569407 -0.2902839 0.0000000
v -0.2345746 0.3317207 0.8099999
vt 0.354122430 0.118063889
vn 0.9569407 -0.2902839 0.0000000
f 1024/1024/1024 1025/1025/1025 1026/1026/1026
v -0.2371353 0.3232791 0.9100000
vt 0.389002264 0.121285616
vn 0.9569407 -0.2902839 0.0000000
v -0.2345746 0.3317207 0.8099999
vt 0.354122430 0.118063889
vn 0.9569407 -0.2902839 0.0000000
v -0.2345746 0.3317207 0.9100000
vt 0.389002264 0.118063889
vn 0.9569407 -0.2902839 0.0000000
f 1027/1027/1027 1028/1028/1028 1029/1029/1029
v -0.2380000 0.0605000 0.8099999
vt 0.341562927 0.222220860
vn 0.9999946 -0.0032905 0.0000000
v -0.2380000 0.0605000 0.6600000
vt 0.289243311 0.222220860
vn 0.9999946 -0.0032905 0.0000000
v -0.2371353 0.3232791 0.6600000
vt 0.289243311 0.126252446
vn 0.9999946 -0.0032905 0.0000000
f 1030/1030/1030 1031/1031/1031 1032/1032/1032
v -0.2380000 0.0605000 0.8099999
vt 0.341562927 0.222220860
vn 0.9999946 -0.0032905 0.0000000
v -0.2371353 0.3232791 0.6600000
vt 0.289243311 0.126252446
vn 0.9999946 -0.0032905 0.0000000
v -0.2371353 0.3232791 0.8099999
vt 0.341562927 0.126252446
vn 0.9999946 -0.0032905 0.0000000
f 1033/1033/1033 1034/1034/1034 1035/1035/1035
v -0.2380000 0.0605000 0.9100000
vt 0.389002293 0.217253906
vn 0.9999946 -0.0032905 0.0000000
v -0.2380000 0.0605000 0.8099999
vt 0.354122460 0.217253906
vn 0.9999946 -0.0032905 0.0000000
v -0.2371353 0.3232791 0.8099999
vt 0.354122460 0.121285616
vn 0.9999946 -0.0032905 0.0000000
f 1036/1036/1036 1037/1037/1037 1038/1038/1038
v -0.2380000 0.0605000 0.9100000
vt 0.389002293 0.217253906
vn 0.9999946 -0.0032905 0.0000000
v -0.2371353 0.3232791 0.8099999
vt 0.354122460 0.121285616
vn 0.9999946 -0.0032905 0.0000000
v -0.2371353 0.3232791 0.9100000
vt 0.389002264 0.121285616
vn 0.9999946 -0.0032905 0.0000000
f 1039/1039/1039 1040/1040/1040 1041/1041/1041
v -0.2371353 0.0517209 0.8099999
vt 0.341562927 0.225442524
vn 0.9951846 0.0980180 -0.0000000
v -0.2371353 0.0517209 0.6600000
vt 0.289243311 0.225442524
vn 0.9951846 0.0980180 -0.0000000
v -0.2380000 0.0605000 0.6600000
vt 0.289243311 0.222220860
vn 0.9951846 0.0980180 -0.0000000
f 1042/1042/1042 1043/1043/1043 1044/1044/1044
v -0.2371353 0.0517209 0.8099999
vt 0.341562927 0.225442524
vn 0.9951846 0.0980180 0.0000000
v -0.2380000 0.0605000 0.6600000
vt 0.289243311 0.222220860
vn 0.9951846 0.0980180 0.0000000
v -0.2380000 0.0605000 0.8099999
vt 0.341562927 0.222220860
vn 0.9951846 0.0980180 0.0000000
f 1045/1045/1045 1046/1046/1046 1047/1047/1047
v -0.2371353 0.0517209 0.9100000
vt 0.389002293 0.220475553
vn 0.9951847 0.0980180 -0.0000000
v -0.2371353 0.0517209 0.8099999
vt 0.354122430 0.220475553
vn 0.9951847 0.0980180 -0.0000000
v -0.2380000 0.0605000 0.8099999
vt 0.354122460 0.217253906
vn 0.9951847 0.0980180 -0.0000000
f 1048/1048/1048 1049/1049/1049 1050/1050/1050
v -0.2371353 0.0517209 0.9100000
vt 0.389002293 0.220475553
vn 0.9951847 0.0980180 0.0000000
v -0.2380000 0.0605000 0.8099999
vt 0.354122460 0.217253906
vn 0.9951847 0.0980180 0.0000000
v -0.2380000 0.0605000 0.9100000
vt 0.389002293 0.217253906
vn 0.9951847 0.0980180 0.0000000
f 1051/1051/1051 1052/1052/1052 1053/1053/1053
v -0.2345746 0.0432792 0.8099999
vt 0.341562927 0.228664188
vn 0.9569407 0.2902837 -0.0000000
v -0.2345746 0.0432792 0.6600000
vt 0.289243311 0.228664188
vn 0.9569407 0.2902837 -0.0000000
v -0.2371353 0.0517209 0.6600000
vt 0.289243311 0.225442524
vn 0.9569407 0.2902837 -0.0000000
f 1054/1054/1054 1055/1055/1055 1056/1056/1056
v -0.2345746 0.0432792 0.8099999
vt 0.341562927 0.228664188
vn 0.9569407 0.2902837 0.0000000
v -0.2371353 0.0517209 0.6600000
vt 0.289243311 0.225442524
vn 0.9569407 0.2902837 0.0000000
v -0.2371353 0.0517209 0.8099999
vt 0.341562927 0.225442524
vn 0.9569407 0.2902837 0.0000000
f 1057/1057/1057 1058/1058/1058 1059/1059/1059
v -0.2345746 0.0432792 0.9100000
vt 0.389002293 0.223697217
vn 0.9569407 0.2902837 -0.0000000
v -0.2345746 0.0432792 0.8099999
vt 0.354122460 0.223697217
vn 0.9569407 0.2902837 -0.0000000
v -0.2371353 0.0517209 0.8099999
vt 0.354122430 0.220475553
vn 0.9569407 0.2902837 -0.0000000
f 1060/1060/1060 1061/1061/1061 1062/1062/1062
v -0.2345746 0.0432792 0.9100000
vt 0.389002293 0.223697217
vn 0.9569407 0.2902837 0.0000000
v -0.2371353 0.0517209 0.8099999
vt 0.354122430 0.220475553
vn 0.9569407 0.2902837 0.0000000
v -0.2371353 0.0517209 0.9100000
vt 0.389002293 0.220475553
vn 0.9569407 0.2902837 0.0000000
f 1063/1063/1063 1064/1064/1064 1065/1065/1065
v -0.2336177 0.0414890 0.8099999
vt 0.341562927 0.229405518
vn 0.8819211 0.4713970 -0.0000000
v -0.2304161 0.0354993 0.8099999
vt 0.341562927 0.231885836
vn 0.8819211 0.4713970 -0.0000000
v -0.2304161 0.0354993 0.6600000
vt 0.289243311 0.231885836
vn 0.8819211 0.4713970 -0.0000000
f 1066/1066/1066 1067/1067/1067 1068/1068/1068
v -0.2304161 0.0354993 0.6600000
vt 0.289243311 0.231885836
vn 0.8819210 0.4713971 0.0000000
v -0.2345746 0.0432792 0.6600000
vt 0.289243311 0.228664188
vn 0.8819210 0.4713971 0.0000000
v -0.2345746 0.0432792 0.8099999
vt 0.341562927 0.228664188
vn 0.8819210 0.4713971 0.0000000
f 1069/1069/1069 1070/1070/1070 1071/1071/1071
v -0.2304161 0.0354993 0.6600000
vt 0.289243311 0.231885836
vn 0.8819208 0.4713977 -0.0000000
v -0.2345746 0.0432792 0.8099999
vt 0.341562927 0.228664188
vn 0.8819208 0.4713977 -0.0000000
v -0.2336177 0.0414890 0.8099999
vt 0.341562927 0.229405518
vn 0.8819208 0.4713977 -0.0000000
f 1072/1072/1072 1073/1073/1073 1074/1074/1074
v -0.2336177 0.0414890 0.9100000
vt 0.389002293 0.224438548
vn 0.8819208 0.4713978 -0.0000000
v -0.2304161 0.0354993 0.9100000
vt 0.389002293 0.226918882
vn 0.8819208 0.4713978 -0.0000000
v -0.2304161 0.0354993 0.8099999
vt 0.354122430 0.226918882
vn 0.8819208 0.4713978 -0.0000000
f 1075/1075/1075 1076/1076/1076 1077/1077/1077
v -0.2304161 0.0354993 0.8099999
vt 0.354122430 0.226918882
vn 0.8819210 0.4713972 0.0000000
v -0.2345746 0.0432792 0.8099999
vt 0.354122460 0.223697217
vn 0.8819210 0.4713972 0.0000000
v -0.2345746 0.0432792 0.9100000
vt 0.389002293 0.223697217
vn 0.8819210 0.4713972 0.0000000
f 1078/1078/1078 1079/1079/1079 1080/1080/1080
v -0.2304161 0.0354993 0.8099999
vt 0.354122430 0.226918882
vn 0.8819222 0.4713950 0.0000002
v -0.2345746 0.0432792 0.9100000
vt 0.389002293 0.223697217
vn 0.8819222 0.4713950 0.0000002
v -0.2336177 0.0414890 0.9100000
vt 0.389002293 0.224438548
vn 0.8819222 0.4713950 0.0000002
f 1081/1081/1081 1082/1082/1082 1083/1083/1083
v -0.2248198 0.0286802 0.8099999
vt 0.341562986 0.235107500
vn 0.7730106 0.6343931 -0.0000000
v -0.2248198 0.0286802 0.6600000
vt 0.289243311 0.235107500
vn 0.7730106 0.6343931 -0.0000000
v -0.2304161 0.0354993 0.6600000
vt 0.289243311 0.231885836
vn 0.7730106 0.6343931 -0.0000000
f 1084/1084/1084 1085/1085/1085 1086/1086/1086
v -0.2248198 0.0286802 0.8099999
vt 0.341562986 0.235107500
vn 0.7730106 0.6343931 0.0000000
v -0.2304161 0.0354993 0.6600000
vt 0.289243311 0.231885836
vn 0.7730106 0.6343931 0.0000000
v -0.2304161 0.0354993 0.8099999
vt 0.341562927 0.231885836
vn 0.7730106 0.6343931 0.0000000
f 1087/1087/1087 1088/1088/1088 1089/1089/1089
v -0.2248198 0.0286802 0.9100000
vt 0.389002293 0.230140467
vn 0.7730106 0.6343932 -0.0000000
v -0.2248198 0.0286802 0.8099999
vt 0.354122460 0.230140467
vn 0.7730106 0.6343932 -0.0000000
v -0.2304161 0.0354993 0.8099999
vt 0.354122430 0.226918882
vn 0.7730106 0.6343932 -0.0000000
f 1090/1090/1090 1091/1091/1091 1092/1092/1092
v -0.2248198 0.0286802 0.9100000
vt 0.389002293 0.230140467
vn 0.7730106 0.6343932 0.0000000
v -0.2304161 0.0354993 0.8099999
vt 0.354122430 0.226918882
vn 0.7730106 0.6343932 0.0000000
v -0.2304161 0.0354993 0.9100000
vt 0.389002293 0.226918882
vn 0.7730106 0.6343932 0.0000000
f 1093/1093/1093 1094/1094/1094 1095/1095/1095
v -0.2180007 0.0230839 0.6600000
vt 0.694058716 0.415985419
vn 0.6343932 0.7730104 0.0000000
v -0.2248198 0.0286802 0.6600000
vt 0.694058716 0.412763756
vn 0.6343932 0.7730104 0.0000000
v -0.2248198 0.0286802 0.8099999
vt 0.746378362 0.412763756
vn 0.6343932 0.7730104 0.0000000
f 1096/1096/1096 1097/1097/1097 1098/1098/1098
v -0.2180007 0.0230839 0.6600000
vt 0.694058716 0.415985419
vn 0.6343932 0.7730104 0.0000000
v -0.2248198 0.0286802 0.8099999
vt 0.746378362 0.412763756
vn 0.6343932 0.7730104 0.0000000
v -0.2180007 0.0230839 0.8099999
vt 0.746378362 0.415985389
vn 0.6343932 0.7730104 0.0000000
f 1099/1099/1099 1100/1100/1100 1101/1101/1101
v -0.2180007 0.0230839 0.8099999
vt 0.825529635 0.630721329
vn 0.6343933 0.7730104 0.0000000
v -0.2248198 0.0286802 0.8099999
vt 0.828606546 0.630721390
vn 0.6343933 0.7730104 0.0000000
v -0.2248198 0.0286802 0.9100000
vt 0.828606546 0.667241758
vn 0.6343933 0.7730104 0.0000000
f 1102/1102/1102 1103/1103/1103 1104/1104/1104
v -0.2180007 0.0230839 0.8099999
vt 0.825529635 0.630721329
vn 0.6343933 0.7730104 0.0000000
v -0.2248198 0.0286802 0.9100000
vt 0.828606546 0.667241758
vn 0.6343933 0.7730104 0.0000000
v -0.2180007 0.0230839 0.9100000
vt 0.825529635 0.667241758
vn 0.6343933 0.7730104 0.0000000
f 1105/1105/1105 1106/1106/1106 1107/1107/1107
v -0.2102208 0.0189254 0.6600000
vt 0.694058716 0.419207083
vn 0.4713965 0.8819215 0.0000000
v -0.2180007 0.0230839 0.6600000
vt 0.694058716 0.415985419
vn 0.4713965 0.8819215 0.0000000
v -0.2180007 0.0230839 0.8099999
vt 0.746378362 0.415985389
vn 0.4713965 0.8819215 0.0000000
f 1108/1108/1108 1109/1109/1109 1110/1110/1110
v -0.2102208 0.0189254 0.6600000
vt 0.694058716 0.419207083
vn 0.4713965 0.8819215 0.0000000
v -0.2180007 0.0230839 0.8099999
vt 0.746378362 0.415985389
vn 0.4713965 0.8819215 0.0000000
v -0.2102208 0.0189254 0.8099999
vt 0.746378362 0.419207052
vn 0.4713965 0.8819215 0.0000000
f 1111/1111/1111 1112/1112/1112 1113/1113/1113
v -0.2102208 0.0189254 0.8099999
vt 0.822452664 0.630721390
vn 0.4713965 0.8819214 0.0000000
v -0.2180007 0.0230839 0.8099999
vt 0.825529635 0.630721329
vn 0.4713965 0.8819214 0.0000000
v -0.2180007 0.0230839 0.9100000
vt 0.825529635 0.667241758
vn 0.4713965 0.8819214 0.0000000
f 1114/1114/1114 1115/1115/1115 1116/1116/1116
v -0.2102208 0.0189254 0.8099999
vt 0.822452664 0.630721390
vn 0.4713965 0.8819214 0.0000000
v -0.2180007 0.0230839 0.9100000
vt 0.825529635 0.667241758
vn 0.4713965 0.8819214 0.0000000
v -0.2102208 0.0189254 0.9100000
vt 0.822452664 0.667241758
vn 0.4713965 0.8819214 0.0000000
f 1117/1117/1117 1118/1118/1118 1119/1119/1119
v -0.2017791 0.0163647 0.6600000
vt 0.694058716 0.422428716
vn 0.2902848 0.9569404 0.0000000
v -0.2102208 0.0189254 0.6600000
vt 0.694058716 0.419207083
vn 0.2902848 0.9569404 0.0000000
v -0.2102208 0.0189254 0.8099999
vt 0.746378362 0.419207052
vn 0.2902848 0.9569404 0.0000000
f 1120/1120/1120 1121/1121/1121 1122/1122/1122
v -0.2017791 0.0163647 0.6600000
vt 0.694058716 0.422428716
vn 0.2902848 0.9569404 0.0000000
v -0.2102208 0.0189254 0.8099999
vt 0.746378362 0.419207052
vn 0.2902848 0.9569404 0.0000000
v -0.2017791 0.0163647 0.8099999
vt 0.746378362 0.422428716
vn 0.2902848 0.9569404 0.0000000
f 1123/1123/1123 1124/1124/1124 1125/1125/1125
v -0.2017791 0.0163647 0.8099999
vt 0.819375753 0.630721390
vn 0.2902848 0.9569404 0.0000000
v -0.2102208 0.0189254 0.8099999
vt 0.822452664 0.630721390
vn 0.2902848 0.9569404 0.0000000
v -0.2102208 0.0189254 0.9100000
vt 0.822452664 0.667241758
vn 0.2902848 0.9569404 0.0000000
f 1126/1126/1126 1127/1127/1127 1128/1128/1128
v -0.2017791 0.0163647 0.8099999
vt 0.819375753 0.630721390
vn 0.2902848 0.9569404 0.0000000
v -0.2102208 0.0189254 0.9100000
vt 0.822452664 0.667241758
vn 0.2902848 0.9569404 0.0000000
v -0.2017791 0.0163647 0.9100000
vt 0.819375753 0.667241758
vn 0.2902848 0.9569404 0.0000000
f 1129/1129/1129 1130/1130/1130 1131/1131/1131
v 0.1930000 0.0155000 0.9100000
vt 0.681677341 0.667241758
vn 0.0021902 0.9999977 -0.0000000
v 0.1930000 0.0155000 0.8099999
vt 0.681677282 0.630721390
vn 0.0021902 0.9999977 -0.0000000
v -0.2017791 0.0163647 0.8099999
vt 0.819375753 0.630721390
vn 0.0021902 0.9999977 -0.0000000
f 1132/1132/1132 1133/1133/1133 1134/1134/1134
v 0.1930000 0.0155000 0.9100000
vt 0.681677341 0.667241758
vn 0.0021902 0.9999977 0.0000000
v -0.2017791 0.0163647 0.8099999
vt 0.819375753 0.630721390
vn 0.0021902 0.9999977 0.0000000
v -0.2017791 0.0163647 0.9100000
vt 0.819375753 0.667241758
vn 0.0021902 0.9999977 0.0000000
f 1135/1135/1135 1136/1136/1136 1137/1137/1137
v 0.1930000 0.0155000 0.6600000
vt 0.694058716 0.566603709
vn 0.0021902 0.9999976 0.0000000
v -0.2017791 0.0163647 0.6600000
vt 0.694058716 0.422428716
vn 0.0021902 0.9999976 0.0000000
v -0.2017791 0.0163647 0.8099999
vt 0.746378362 0.422428716
vn 0.0021902 0.9999976 0.0000000
f 1138/1138/1138 1139/1139/1139 1140/1140/1140
v 0.1930000 0.0155000 0.6600000
vt 0.694058716 0.566603709
vn 0.0021902 0.9999976 0.0000000
v -0.2017791 0.0163647 0.8099999
vt 0.746378362 0.422428716
vn 0.0021902 0.9999976 0.0000000
v 0.1930000 0.0155000 0.8099999
vt 0.746378362 0.566603709
vn 0.0021902 0.9999976 0.0000000
f 1141/1141/1141 1142/1142/1142 1143/1143/1143
v 0.2017791 0.0163647 0.6600000
vt 0.694058716 0.569825342
vn -0.0980171 0.9951847 0.0000000
v 0.1930000 0.0155000 0.6600000
vt 0.694058716 0.566603709
vn -0.0980171 0.9951847 0.0000000
v 0.1930000 0.0155000 0.8099999
vt 0.746378362 0.566603709
vn -0.0980171 0.9951847 0.0000000
f 1144/1144/1144 1145/1145/1145 1146/1146/1146
v 0.2017791 0.0163647 0.6600000
vt 0.694058716 0.569825342
vn -0.0980171 0.9951847 0.0000000
v 0.1930000 0.0155000 0.8099999
vt 0.746378362 0.566603709
vn -0.0980171 0.9951847 0.0000000
v 0.2017791 0.0163647 0.8099999
vt 0.746378362 0.569825342
vn -0.0980171 0.9951847 0.0000000
f 1147/1147/1147 1148/1148/1148 1149/1149/1149
v 0.2017791 0.0163647 0.8099999
vt 0.678600430 0.630721390
vn -0.0980171 0.9951847 0.0000000
v 0.1930000 0.0155000 0.8099999
vt 0.681677282 0.630721390
vn -0.0980171 0.9951847 0.0000000
v 0.1930000 0.0155000 0.9100000
vt 0.681677341 0.667241758
vn -0.0980171 0.9951847 0.0000000
f 1150/1150/1150 1151/1151/1151 1152/1152/1152
v 0.2017791 0.0163647 0.8099999
vt 0.678600430 0.630721390
vn -0.0980171 0.9951847 0.0000000
v 0.1930000 0.0155000 0.9100000
vt 0.681677341 0.667241758
vn -0.0980171 0.9951847 0.0000000
v 0.2017791 0.0163647 0.9100000
vt 0.678600430 0.667241758
vn -0.0980171 0.9951847 0.0000000
f 1153/1153/1153 1154/1154/1154 1155/1155/1155
v 0.2102208 0.0189254 0.6600000
vt 0.694058716 0.573047037
vn -0.2902848 0.9569404 0.0000000
v 0.2017791 0.0163647 0.6600000
vt 0.694058716 0.569825342
vn -0.2902848 0.9569404 0.0000000
v 0.2017791 0.0163647 0.8099999
vt 0.746378362 0.569825342
vn -0.2902848 0.9569404 0.0000000
f 1156/1156/1156 1157/1157/1157 1158/1158/1158
v 0.2102208 0.0189254 0.6600000
vt 0.694058716 0.573047037
vn -0.2902848 0.9569404 0.0000000
v 0.2017791 0.0163647 0.8099999
vt 0.746378362 0.569825342
vn -0.2902848 0.9569404 0.0000000
v 0.2102208 0.0189254 0.8099999
vt 0.746378362 0.573046975
vn -0.2902848 0.9569404 0.0000000
f 1159/1159/1159 1160/1160/1160 1161/1161/1161
v 0.2102208 0.0189254 0.8099999
vt 0.675523400 0.630721390
vn -0.2902848 0.9569404 0.0000000
v 0.2017791 0.0163647 0.8099999
vt 0.678600430 0.630721390
vn -0.2902848 0.9569404 0.0000000
v 0.2017791 0.0163647 0.9100000
vt 0.678600430 0.667241758
vn -0.2902848 0.9569404 0.0000000
f 1162/1162/1162 1163/1163/1163 1164/1164/1164
v 0.2102208 0.0189254 0.8099999
vt 0.675523400 0.630721390
vn -0.2902848 0.9569404 0.0000000
v 0.2017791 0.0163647 0.9100000
vt 0.678600430 0.667241758
vn -0.2902848 0.9569404 0.0000000
v 0.2102208 0.0189254 0.9100000
vt 0.675523400 0.667241758
vn -0.2902848 0.9569404 0.0000000
f 1165/1165/1165 1166/1166/1166 1167/1167/1167
v 0.2180007 0.0230839 0.6600000
vt 0.694058716 0.576268732
vn -0.4713965 0.8819215 0.0000000
v 0.2102208 0.0189254 0.6600000
vt 0.694058716 0.573047037
vn -0.4713965 0.8819215 0.0000000
v 0.2102208 0.0189254 0.8099999
vt 0.746378362 0.573046975
vn -0.4713965 0.8819215 0.0000000
f 1168/1168/1168 1169/1169/1169 1170/1170/1170
v 0.2180007 0.0230839 0.6600000
vt 0.694058716 0.576268732
vn -0.4713965 0.8819215 0.0000000
v 0.2102208 0.0189254 0.8099999
vt 0.746378362 0.573046975
vn -0.4713965 0.8819215 0.0000000
v 0.2180007 0.0230839 0.8099999
vt 0.746378362 0.576268670
vn -0.4713965 0.8819215 0.0000000
f 1171/1171/1171 1172/1172/1172 1173/1173/1173
v 0.2180007 0.0230839 0.8099999
vt 0.672446549 0.630721390
vn -0.4713965 0.8819214 0.0000000
v 0.2102208 0.0189254 0.8099999
vt 0.675523400 0.630721390
vn -0.4713965 0.8819214 0.0000000
v 0.2102208 0.0189254 0.9100000
vt 0.675523400 0.667241758
vn -0.4713965 0.8819214 0.0000000
f 1174/1174/1174 1175/1175/1175 1176/1176/1176
v 0.2180007 0.0230839 0.8099999
vt 0.672446549 0.630721390
vn -0.4713965 0.8819214 0.0000000
v 0.2102208 0.0189254 0.9100000
vt 0.675523400 0.667241758
vn -0.4713965 0.8819214 0.0000000
v 0.2180007 0.0230839 0.9100000
vt 0.672446549 0.667241758
vn -0.4713965 0.8819214 0.0000000
f 1177/1177/1177 1178/1178/1178 1179/1179/1179
v 0.2248198 0.0286802 0.6600000
vt 0.694058776 0.579490365
vn -0.6343932 0.7730104 0.0000000
v 0.2180007 0.0230839 0.6600000
vt 0.694058716 0.576268732
vn -0.6343932 0.7730104 0.0000000
v 0.2180007 0.0230839 0.8099999
vt 0.746378362 0.576268670
vn -0.6343932 0.7730104 0.0000000
f 1180/1180/1180 1181/1181/1181 1182/1182/1182
v 0.2248198 0.0286802 0.6600000
vt 0.694058776 0.579490365
vn -0.6343932 0.7730104 0.0000000
v 0.2180007 0.0230839 0.8099999
vt 0.746378362 0.576268670
vn -0.6343932 0.7730104 0.0000000
v 0.2248198 0.0286802 0.8099999
vt 0.746378362 0.579490365
vn -0.6343932 0.7730104 0.0000000
f 1183/1183/1183 1184/1184/1184 1185/1185/1185
v 0.2248198 0.0286802 0.8099999
vt 0.669369638 0.630721390
vn -0.6343933 0.7730104 0.0000000
v 0.2180007 0.0230839 0.8099999
vt 0.672446549 0.630721390
vn -0.6343933 0.7730104 0.0000000
v 0.2180007 0.0230839 0.9100000
vt 0.672446549 0.667241758
vn -0.6343933 0.7730104 0.0000000
f 1186/1186/1186 1187/1187/1187 1188/1188/1188
v 0.2248198 0.0286802 0.8099999
vt 0.669369638 0.630721390
vn -0.6343933 0.7730104 0.0000000
v 0.2180007 0.0230839 0.9100000
vt 0.672446549 0.667241758
vn -0.6343933 0.7730104 0.0000000
v 0.2248198 0.0286802 0.9100000
vt 0.669369638 0.667241758
vn -0.6343933 0.7730104 0.0000000
f 1189/1189/1189 1190/1190/1190 1191/1191/1191
v 0.2304161 0.0354993 0.6600000
vt 0.510626733 0.106563763
vn -0.7730106 0.6343931 0.0000000
v 0.2248198 0.0286802 0.6600000
vt 0.510626733 0.103342107
vn -0.7730106 0.6343931 0.0000000
v 0.2248198 0.0286802 0.8099999
vt 0.562946379 0.103342107
vn -0.7730106 0.6343931 0.0000000
f 1192/1192/1192 1193/1193/1193 1194/1194/1194
v 0.2304161 0.0354993 0.6600000
vt 0.510626733 0.106563763
vn -0.7730106 0.6343931 0.0000000
v 0.2248198 0.0286802 0.8099999
vt 0.562946379 0.103342107
vn -0.7730106 0.6343931 0.0000000
v 0.2304161 0.0354993 0.8099999
vt 0.562946439 0.106563763
vn -0.7730106 0.6343931 0.0000000
f 1195/1195/1195 1196/1196/1196 1197/1197/1197
v 0.2304161 0.0354993 0.8099999
vt 0.610385597 0.218640380
vn -0.7730106 0.6343932 0.0000000
v 0.2248198 0.0286802 0.8099999
vt 0.610385597 0.221861997
vn -0.7730106 0.6343932 0.0000000
v 0.2248198 0.0286802 0.9100000
vt 0.575505793 0.221861997
vn -0.7730106 0.6343932 0.0000000
f 1198/1198/1198 1199/1199/1199 1200/1200/1200
v 0.2304161 0.0354993 0.8099999
vt 0.610385597 0.218640380
vn -0.7730106 0.6343932 0.0000000
v 0.2248198 0.0286802 0.9100000
vt 0.575505793 0.221861997
vn -0.7730106 0.6343932 0.0000000
v 0.2304161 0.0354993 0.9100000
vt 0.575505793 0.218640380
vn -0.7730106 0.6343932 0.0000000
f 1201/1201/1201 1202/1202/1202 1203/1203/1203
v 0.2345746 0.0432792 0.6600000
vt 0.510626733 0.109785419
vn -0.8819210 0.4713971 0.0000000
v 0.2304161 0.0354993 0.6600000
vt 0.510626733 0.106563763
vn -0.8819210 0.4713971 0.0000000
v 0.2304161 0.0354993 0.8099999
vt 0.562946439 0.106563763
vn -0.8819210 0.4713971 0.0000000
f 1204/1204/1204 1205/1205/1205 1206/1206/1206
v 0.2345746 0.0432792 0.6600000
vt 0.510626733 0.109785419
vn -0.8819210 0.4713971 0.0000000
v 0.2304161 0.0354993 0.8099999
vt 0.562946439 0.106563763
vn -0.8819210 0.4713971 0.0000000
v 0.2345746 0.0432792 0.8099999
vt 0.562946439 0.109785419
vn -0.8819210 0.4713971 0.0000000
f 1207/1207/1207 1208/1208/1208 1209/1209/1209
v 0.2304161 0.0354993 0.8099999
vt 0.610385597 0.218640380
vn -0.8819210 0.4713972 0.0000000
v 0.2304161 0.0354993 0.9100000
vt 0.575505793 0.218640380
vn -0.8819210 0.4713972 0.0000000
v 0.2345746 0.0432792 0.9100000
vt 0.575505793 0.215418747
vn -0.8819210 0.4713972 0.0000000
f 1210/1210/1210 1211/1211/1211 1212/1212/1212
v 0.2345746 0.0432792 0.9100000
vt 0.575505793 0.215418747
vn -0.8819209 0.4713973 0.0000000
v 0.2345746 0.0432792 0.8099999
vt 0.610385656 0.215418717
vn -0.8819209 0.4713973 0.0000000
v 0.2336176 0.0414889 0.8100000
vt 0.610385597 0.216160047
vn -0.8819209 0.4713973 0.0000000
f 1213/1213/1213 1214/1214/1214 1215/1215/1215
v 0.2345746 0.0432792 0.9100000
vt 0.575505793 0.215418747
vn -0.8819211 0.4713972 0.0000000
v 0.2336176 0.0414889 0.8100000
vt 0.610385597 0.216160047
vn -0.8819211 0.4713972 0.0000000
v 0.2304161 0.0354993 0.8099999
vt 0.610385597 0.218640380
vn -0.8819211 0.4713972 0.0000000
f 1216/1216/1216 1217/1217/1217 1218/1218/1218
v 0.2371353 0.0517209 0.6600000
vt 0.510626733 0.113007083
vn -0.9569407 0.2902837 0.0000000
v 0.2345746 0.0432792 0.6600000
vt 0.510626733 0.109785419
vn -0.9569407 0.2902837 0.0000000
v 0.2345746 0.0432792 0.8099999
vt 0.562946439 0.109785419
vn -0.9569407 0.2902837 0.0000000
f 1219/1219/1219 1220/1220/1220 1221/1221/1221
v 0.2371353 0.0517209 0.6600000
vt 0.510626733 0.113007083
vn -0.9569407 0.2902837 0.0000000
v 0.2345746 0.0432792 0.8099999
vt 0.562946439 0.109785419
vn -0.9569407 0.2902837 0.0000000
v 0.2371353 0.0517209 0.8099999
vt 0.562946439 0.113007083
vn -0.9569407 0.2902837 0.0000000
f 1222/1222/1222 1223/1223/1223 1224/1224/1224
v 0.2371353 0.0517209 0.8099999
vt 0.610385716 0.212197052
vn -0.9569407 0.2902837 0.0000000
v 0.2345746 0.0432792 0.8099999
vt 0.610385656 0.215418717
vn -0.9569407 0.2902837 0.0000000
v 0.2345746 0.0432792 0.9100000
vt 0.575505793 0.215418747
vn -0.9569407 0.2902837 0.0000000
f 1225/1225/1225 1226/1226/1226 1227/1227/1227
v 0.2371353 0.0517209 0.8099999
vt 0.610385716 0.212197052
vn -0.9569407 0.2902837 0.0000000
v 0.2345746 0.0432792 0.9100000
vt 0.575505793 0.215418747
vn -0.9569407 0.2902837 0.0000000
v 0.2371353 0.0517209 0.9100000
vt 0.575505793 0.212197052
vn -0.9569407 0.2902837 0.0000000
f 1228/1228/1228 1229/1229/1229 1230/1230/1230
v 0.2380000 0.3145000 0.6600000
vt 0.510626733 0.208975373
vn -0.9999946 0.0032905 0.0000000
v 0.2371353 0.0517209 0.6600000
vt 0.510626733 0.113007083
vn -0.9999946 0.0032905 0.0000000
v 0.2371353 0.0517209 0.8099999
vt 0.562946439 0.113007083
vn -0.9999946 0.0032905 0.0000000
f 1231/1231/1231 1232/1232/1232 1233/1233/1233
v 0.2380000 0.3145000 0.6600000
vt 0.510626733 0.208975373
vn -0.9999946 0.0032905 0.0000000
v 0.2371353 0.0517209 0.8099999
vt 0.562946439 0.113007083
vn -0.9999946 0.0032905 0.0000000
v 0.2380000 0.3145000 0.8099999
vt 0.562946439 0.208975435
vn -0.9999946 0.0032905 0.0000000
f 1234/1234/1234 1235/1235/1235 1236/1236/1236
v 0.2380000 0.3145000 0.8099999
vt 0.610385597 0.116228740
vn -0.9999946 0.0032905 0.0000000
v 0.2371353 0.0517209 0.8099999
vt 0.610385716 0.212197052
vn -0.9999946 0.0032905 0.0000000
v 0.2371353 0.0517209 0.9100000
vt 0.575505793 0.212197052
vn -0.9999946 0.0032905 0.0000000
f 1237/1237/1237 1238/1238/1238 1239/1239/1239
v 0.2380000 0.3145000 0.8099999
vt 0.610385597 0.116228740
vn -0.9999946 0.0032905 0.0000000
v 0.2371353 0.0517209 0.9100000
vt 0.575505793 0.212197052
vn -0.9999946 0.0032905 0.0000000
v 0.2380000 0.3145000 0.9100000
vt 0.575505793 0.116228740
vn -0.9999946 0.0032905 0.0000000
f 1240/1240/1240 1241/1241/1241 1242/1242/1242
