# Geometry preserved. Connected per-surface UVs; flat native plastic/metal swatches.
mtllib pz_chair_seating_indoor_02_blue_plastic_fidelity_r1.mtl
o pz_chair_seating_indoor_02_blue_plastic_fidelity_r1
usemtl body
g seat
v 0.000000000 0.000000000 0.382732123
vt 0.489516109 0.162130788
vn 0.000000000 0.092283264 0.995732725
v -0.123414844 -0.175169453 0.398966610
vt 0.333704352 0.271392822
vn 0.000000000 0.092283264 0.995732725
v 0.123414844 -0.175169453 0.398966610
vt 0.333704382 0.052868742
vn 0.000000000 0.092283264 0.995732725
f 1/1/1 2/2/2 3/3/3
g seat
v -0.123414844 -0.175169453 0.398966610
vt 0.732692301 0.454375237
vn 0.000000000 -1.000000000 0.000000000
v -0.123414844 -0.175169453 0.370637566
vt 0.757533014 0.454736352
vn 0.000000000 -1.000000000 0.000000000
v 0.123414844 -0.175169453 0.370637566
vt 0.764581621 0.664906085
vn 0.000000000 -1.000000000 0.000000000
f 4/4/4 5/5/5 6/6/6
g seat
v -0.123414844 -0.175169453 0.398966610
vt 0.732692301 0.454375237
vn -0.000000000 -1.000000000 -0.000000000
v 0.123414844 -0.175169453 0.370637566
vt 0.764581621 0.664906085
vn -0.000000000 -1.000000000 -0.000000000
v 0.123414844 -0.175169453 0.398966610
vt 0.739740849 0.664545000
vn -0.000000000 -1.000000000 -0.000000000
f 7/7/7 8/8/8 9/9/9
g seat
v 0.000000000 0.000000000 0.382732123
vt 0.489516109 0.162130788
vn -0.113492221 0.012112682 0.993465006
v 0.123414844 -0.175169453 0.398966610
vt 0.333704382 0.052868742
vn -0.113492221 0.012112682 0.993465006
v 0.183131695 -0.115452595 0.405060500
vt 0.386822015 0.000000025
vn -0.113492221 0.012112682 0.993465006
f 10/10/10 11/11/11 12/12/12
g seat
v 0.123414844 -0.175169453 0.398966610
vt 0.217294142 0.869618893
vn 0.707106829 -0.707106769 0.000000000
v 0.123414844 -0.175169453 0.370637566
vt 0.192178458 0.869618893
vn 0.707106829 -0.707106769 0.000000000
v 0.183131695 -0.115452595 0.370637566
vt 0.191889688 0.794935465
vn 0.707106829 -0.707106769 0.000000000
f 13/13/13 14/14/14 15/15/15
g seat
v 0.123414844 -0.175169453 0.398966610
vt 0.217294142 0.869618893
vn 0.707106829 -0.707106769 0.000000000
v 0.183131695 -0.115452595 0.370637566
vt 0.191889688 0.794935465
vn 0.707106829 -0.707106769 0.000000000
v 0.183131695 -0.115452595 0.405060500
vt 0.222408041 0.794935465
vn 0.707106829 -0.707106769 0.000000000
f 16/16/16 17/17/17 18/18/18
g seat
v 0.000000000 0.000000000 0.382732123
vt 0.489516109 0.162130788
vn -0.121028975 0.000000000 0.992649019
v 0.183131695 -0.115452595 0.405060500
vt 0.386822015 0.000000025
vn -0.121028975 0.000000000 0.992649019
v 0.183131695 0.115452595 0.405060500
vt 0.592210293 0.000000040
vn -0.121028975 0.000000000 0.992649019
f 19/19/19 20/20/20 21/21/21
g seat
v 0.183131695 -0.115452595 0.405060500
vt 0.810189128 0.635893881
vn 1.000000000 0.000000000 -0.000000000
v 0.183131695 -0.115452595 0.370637566
vt 0.779580295 0.636159420
vn 1.000000000 0.000000000 -0.000000000
v 0.183131695 0.115452595 0.370637566
vt 0.780637264 0.461917818
vn 1.000000000 0.000000000 -0.000000000
f 22/22/22 23/23/23 24/24/24
g seat
v 0.183131695 -0.115452595 0.405060500
vt 0.810189128 0.635893881
vn 1.000000000 0.000000000 0.000000000
v 0.183131695 0.115452595 0.370637566
vt 0.780637264 0.461917818
vn 1.000000000 0.000000000 0.000000000
v 0.183131695 0.115452595 0.405060500
vt 0.811246157 0.461652279
vn 1.000000000 0.000000000 0.000000000
f 25/25/25 26/26/26 27/27/27
g seat
v 0.000000000 0.000000000 0.382732123
vt 0.489516109 0.162130788
vn -0.113492221 -0.012112685 0.993465126
v 0.183131695 0.115452595 0.405060500
vt 0.592210293 0.000000040
vn -0.113492221 -0.012112685 0.993465126
v 0.123414844 0.175169453 0.398966610
vt 0.645327926 0.052868769
vn -0.113492221 -0.012112685 0.993465126
f 28/28/28 29/29/29 30/30/30
g seat
v 0.183131695 0.115452595 0.405060500
vt 0.811246157 0.461652279
vn 0.707106829 0.707106769 -0.000000000
v 0.183131695 0.115452595 0.370637566
vt 0.780637264 0.461917818
vn 0.707106829 0.707106769 -0.000000000
v 0.123414844 0.175169453 0.370637566
vt 0.779580295 0.389210016
vn 0.707106829 0.707106769 -0.000000000
f 31/31/31 32/32/32 33/33/33
g seat
v 0.183131695 0.115452595 0.405060500
vt 0.811246157 0.461652279
vn 0.707106829 0.707106769 0.000000000
v 0.123414844 0.175169453 0.370637566
vt 0.779580295 0.389210016
vn 0.707106829 0.707106769 0.000000000
v 0.123414844 0.175169453 0.398966610
vt 0.804770470 0.388991535
vn 0.707106829 0.707106769 0.000000000
f 34/34/34 35/35/35 36/36/36
g seat
v 0.000000000 0.000000000 0.382732123
vt 0.489516109 0.162130788
vn 0.000000000 -0.092283264 0.995732725
v 0.123414844 0.175169453 0.398966610
vt 0.645327926 0.052868769
vn 0.000000000 -0.092283264 0.995732725
v -0.123414844 0.175169453 0.398966610
vt 0.645327926 0.271392852
vn 0.000000000 -0.092283264 0.995732725
f 37/37/37 38/38/38 39/39/39
g seat
v 0.123414844 0.175169453 0.398966610
vt 0.253906935 0.670161009
vn 0.000000000 1.000000000 0.000000000
v 0.123414844 0.175169453 0.370637566
vt 0.278843939 0.670164227
vn 0.000000000 1.000000000 0.000000000
v -0.123414844 0.175169453 0.370637566
vt 0.278843939 0.888688207
vn 0.000000000 1.000000000 0.000000000
f 40/40/40 41/41/41 42/42/42
g seat
v 0.123414844 0.175169453 0.398966610
vt 0.253906935 0.670161009
vn -0.000000000 1.000000000 0.000000000
v -0.123414844 0.175169453 0.370637566
vt 0.278843939 0.888688207
vn -0.000000000 1.000000000 0.000000000
v -0.123414844 0.175169453 0.398966610
vt 0.253906935 0.888685048
vn -0.000000000 1.000000000 0.000000000
f 43/43/43 44/44/44 45/45/45
g seat
v 0.000000000 0.000000000 0.382732123
vt 0.489516109 0.162130788
vn 0.113492221 -0.012112682 0.993465006
v -0.123414844 0.175169453 0.398966610
vt 0.645327926 0.271392852
vn 0.113492221 -0.012112682 0.993465006
v -0.183131695 0.115452595 0.405060500
vt 0.592210233 0.324261546
vn 0.113492221 -0.012112682 0.993465006
f 46/46/46 47/47/47 48/48/48
g seat
v -0.123414844 0.175169453 0.398966610
vt 0.758896053 0.000000026
vn -0.707106829 0.707106769 0.000000000
v -0.123414844 0.175169453 0.370637566
vt 0.784072936 0.000000028
vn -0.707106829 0.707106769 0.000000000
v -0.183131695 0.115452595 0.370637566
vt 0.786267340 0.052868761
vn -0.707106829 0.707106769 0.000000000
f 49/49/49 50/50/50 51/51/51
g seat
v -0.123414844 0.175169453 0.398966610
vt 0.758896053 0.000000026
vn -0.707106829 0.707106769 0.000000000
v -0.183131695 0.115452595 0.370637566
vt 0.786267340 0.052868761
vn -0.707106829 0.707106769 0.000000000
v -0.183131695 0.115452595 0.405060500
vt 0.755674601 0.052868757
vn -0.707106829 0.707106769 0.000000000
f 52/52/52 53/53/53 54/54/54
g seat
v 0.000000000 0.000000000 0.382732123
vt 0.489516109 0.162130788
vn 0.121028975 -0.000000000 0.992649019
v -0.183131695 0.115452595 0.405060500
vt 0.592210233 0.324261546
vn 0.121028975 -0.000000000 0.992649019
v -0.183131695 -0.115452595 0.405060500
vt 0.386821985 0.324261546
vn 0.121028975 -0.000000000 0.992649019
f 55/55/55 56/56/56 57/57/57
g seat
v -0.183131695 0.115452595 0.405060500
vt 0.755674601 0.052868757
vn -1.000000000 0.000000000 0.000000000
v -0.183131695 0.115452595 0.370637566
vt 0.786267340 0.052868761
vn -1.000000000 0.000000000 0.000000000
v -0.183131695 -0.115452595 0.370637566
vt 0.786267340 0.257294506
vn -1.000000000 0.000000000 0.000000000
f 58/58/58 59/59/59 60/60/60
g seat
v -0.183131695 0.115452595 0.405060500
vt 0.755674601 0.052868757
vn -1.000000000 0.000000000 0.000000000
v -0.183131695 -0.115452595 0.370637566
vt 0.786267340 0.257294506
vn -1.000000000 0.000000000 0.000000000
v -0.183131695 -0.115452595 0.405060500
vt 0.755674601 0.257294506
vn -1.000000000 0.000000000 0.000000000
f 61/61/61 62/62/62 63/63/63
g seat
v 0.000000000 0.000000000 0.382732123
vt 0.489516109 0.162130788
vn 0.113492221 0.012112685 0.993465126
v -0.183131695 -0.115452595 0.405060500
vt 0.386821985 0.324261546
vn 0.113492221 0.012112685 0.993465126
v -0.123414844 -0.175169453 0.398966610
vt 0.333704352 0.271392822
vn 0.113492221 0.012112685 0.993465126
f 64/64/64 65/65/65 66/66/66
g seat
v -0.183131695 -0.115452595 0.405060500
vt 0.734397352 0.388991416
vn -0.707106829 -0.707106769 0.000000000
v -0.183131695 -0.115452595 0.370637566
vt 0.764581621 0.389430195
vn -0.707106829 -0.707106769 0.000000000
v -0.123414844 -0.175169453 0.370637566
vt 0.757533014 0.454736352
vn -0.707106829 -0.707106769 0.000000000
f 67/67/67 68/68/68 69/69/69
g seat
v -0.183131695 -0.115452595 0.405060500
vt 0.734397352 0.388991416
vn -0.707106829 -0.707106769 -0.000000000
v -0.123414844 -0.175169453 0.370637566
vt 0.757533014 0.454736352
vn -0.707106829 -0.707106769 -0.000000000
v -0.123414844 -0.175169453 0.398966610
vt 0.732692301 0.454375237
vn -0.707106829 -0.707106769 -0.000000000
f 70/70/70 71/71/71 72/72/72
g seat
v -0.183131695 -0.115452595 0.370637566
vt 0.386822045 0.339189917
vn 0.000000000 -0.000000000 -0.999999940
v -0.183131695 0.115452595 0.370637566
vt 0.592210293 0.339189947
vn 0.000000000 -0.000000000 -0.999999940
v -0.123414844 0.175169453 0.370637566
vt 0.645327926 0.392058671
vn 0.000000000 -0.000000000 -0.999999940
f 73/73/73 74/74/74 75/75/75
g seat
v -0.183131695 -0.115452595 0.370637566
vt 0.386822045 0.339189917
vn -0.000000000 0.000000000 -1.000000000
v -0.123414844 0.175169453 0.370637566
vt 0.645327926 0.392058671
vn -0.000000000 0.000000000 -1.000000000
v 0.123414844 0.175169453 0.370637566
vt 0.645327926 0.610582769
vn -0.000000000 0.000000000 -1.000000000
f 76/76/76 77/77/77 78/78/78
g seat
v -0.183131695 -0.115452595 0.370637566
vt 0.386822045 0.339189917
vn -0.000000000 0.000000000 -1.000000000
v 0.123414844 0.175169453 0.370637566
vt 0.645327926 0.610582769
vn -0.000000000 0.000000000 -1.000000000
v 0.183131695 0.115452595 0.370637566
vt 0.592210293 0.663451433
vn -0.000000000 0.000000000 -1.000000000
f 79/79/79 80/80/80 81/81/81
g seat
v -0.183131695 -0.115452595 0.370637566
vt 0.386822045 0.339189917
vn -0.000000000 0.000000000 -1.000000000
v 0.183131695 0.115452595 0.370637566
vt 0.592210293 0.663451433
vn -0.000000000 0.000000000 -1.000000000
v 0.183131695 -0.115452595 0.370637566
vt 0.386822015 0.663451433
vn -0.000000000 0.000000000 -1.000000000
f 82/82/82 83/83/83 84/84/84
g seat
v -0.183131695 -0.115452595 0.370637566
vt 0.386822045 0.339189917
vn 0.000000000 0.000000000 -1.000000000
v 0.183131695 -0.115452595 0.370637566
vt 0.386822015 0.663451433
vn 0.000000000 0.000000000 -1.000000000
v 0.123414844 -0.175169453 0.370637566
vt 0.333704382 0.610582769
vn 0.000000000 0.000000000 -1.000000000
f 85/85/85 86/86/86 87/87/87
g seat
v -0.183131695 -0.115452595 0.370637566
vt 0.386822045 0.339189917
vn 0.000000000 0.000000000 -0.999999940
v 0.123414844 -0.175169453 0.370637566
vt 0.333704382 0.610582769
vn 0.000000000 0.000000000 -0.999999940
v -0.123414844 -0.175169453 0.370637566
vt 0.333704412 0.392058641
vn 0.000000000 0.000000000 -0.999999940
f 88/88/88 89/89/89 90/90/90
g back
v -0.179150581 -0.097935647 0.393896312
vt 0.000000008 0.383714706
vn 0.440559119 0.886485517 0.141601771
v -0.173672542 -0.111312225 0.460595638
vt 0.004869806 0.323575437
vn 0.440559119 0.886485517 0.141601771
v -0.130254418 -0.132909819 0.460720658
vt 0.043473046 0.320718765
vn 0.440559119 0.886485517 0.141601771
f 91/91/91 92/92/92 93/93/93
g back
v -0.179150581 -0.097935647 0.393896312
vt 0.000000008 0.383714706
vn 0.429322243 0.890299439 0.151820049
v -0.130254418 -0.132909819 0.460720658
vt 0.043473046 0.320718765
vn 0.429322243 0.890299439 0.151820049
v -0.134362936 -0.119533248 0.393896312
vt 0.039821431 0.380967587
vn 0.429322243 0.890299439 0.151820049
f 94/94/94 95/95/95 96/96/96
g back
v -0.179150581 -0.113063917 0.393896312
vt 0.238908276 0.780007005
vn -0.429322064 -0.890299439 -0.151820153
v -0.134362936 -0.134661511 0.393896312
vt 0.195358917 0.777721167
vn -0.429322064 -0.890299439 -0.151820153
v -0.130254418 -0.148038089 0.460720658
vt 0.190014541 0.717512250
vn -0.429322064 -0.890299439 -0.151820153
f 97/97/97 98/98/98 99/99/99
g back
v -0.179150581 -0.113063917 0.393896312
vt 0.238908276 0.780007005
vn -0.440559119 -0.886485517 -0.141601771
v -0.130254418 -0.148038089 0.460720658
vt 0.190014541 0.717512250
vn -0.440559119 -0.886485517 -0.141601771
v -0.173672542 -0.126440495 0.460595638
vt 0.232389331 0.719935179
vn -0.440559119 -0.886485517 -0.141601771
f 100/100/100 101/101/101 102/102/102
g back
v -0.134362936 -0.119533248 0.393896312
vt 0.039821431 0.380967587
vn 0.329869390 0.929361045 0.165753812
v -0.130254418 -0.132909819 0.460720658
vt 0.043473046 0.320718765
vn 0.329869390 0.929361045 0.165753812
v -0.086836271 -0.148336679 0.460809976
vt 0.082081117 0.318678290
vn 0.329869390 0.929361045 0.165753812
f 103/103/103 104/104/104 105/105/105
g back
v -0.134362936 -0.119533248 0.393896312
vt 0.039821431 0.380967587
vn 0.320754707 0.931223512 0.173029408
v -0.086836271 -0.148336679 0.460809976
vt 0.082081117 0.318678290
vn 0.320754707 0.931223512 0.173029408
v -0.089575291 -0.134960100 0.393896312
vt 0.079647638 0.379005373
vn 0.320754707 0.931223512 0.173029408
f 106/106/106 107/107/107 108/108/108
g back
v -0.134362936 -0.134661511 0.393896312
vt 0.195358917 0.777721167
vn -0.320754826 -0.931223452 -0.173029378
v -0.089575291 -0.150088370 0.393896312
vt 0.153302088 0.776349604
vn -0.320754826 -0.931223452 -0.173029378
v -0.086836271 -0.163464949 0.460809976
vt 0.149131492 0.716034830
vn -0.320754826 -0.931223452 -0.173029378
f 109/109/109 110/110/110 111/111/111
g back
v -0.134362936 -0.134661511 0.393896312
vt 0.195358917 0.777721167
vn -0.329869390 -0.929361045 -0.165753916
v -0.086836271 -0.163464949 0.460809976
vt 0.149131492 0.716034830
vn -0.329869390 -0.929361045 -0.165753916
v -0.130254418 -0.148038089 0.460720658
vt 0.190014541 0.717512250
vn -0.329869390 -0.929361045 -0.165753916
f 112/112/112 113/113/113 114/114/114
g back
v -0.089575291 -0.134960100 0.393896312
vt 0.079647638 0.379005373
vn 0.204730481 0.961404502 0.183812112
v -0.086836271 -0.148336679 0.460809976
vt 0.082081117 0.318678290
vn 0.204730481 0.961404502 0.183812112
v -0.043418135 -0.157592788 0.460863560
vt 0.120693959 0.317454010
vn 0.204730481 0.961404502 0.183812112
f 115/115/115 116/116/116 117/117/117
g back
v -0.089575291 -0.134960100 0.393896312
vt 0.079647638 0.379005373
vn 0.198778555 0.961832106 0.188058987
v -0.043418135 -0.157592788 0.460863560
vt 0.120693959 0.317454010
vn 0.198778555 0.961832106 0.188058987
v -0.044787645 -0.144216210 0.393896312
vt 0.119478650 0.377828032
vn 0.198778555 0.961832106 0.188058987
f 118/118/118 119/119/119 120/120/120
g back
v -0.089575291 -0.150088370 0.393896312
vt 0.153302088 0.776349604
vn -0.198778540 -0.961832106 -0.188058972
v -0.044787645 -0.159344479 0.393896312
vt 0.112737797 0.775892496
vn -0.198778540 -0.961832106 -0.188058972
v -0.043418135 -0.172721058 0.460863560
vt 0.109740227 0.715502977
vn -0.198778540 -0.961832106 -0.188058972
f 121/121/121 122/122/122 123/123/123
g back
v -0.089575291 -0.150088370 0.393896312
vt 0.153302088 0.776349604
vn -0.204730481 -0.961404443 -0.183812127
v -0.043418135 -0.172721058 0.460863560
vt 0.109740227 0.715502977
vn -0.204730481 -0.961404443 -0.183812127
v -0.086836271 -0.163464949 0.460809976
vt 0.149131492 0.716034830
vn -0.204730481 -0.961404443 -0.183812127
f 124/124/124 125/125/125 126/126/126
g back
v -0.044787645 -0.144216210 0.393896312
vt 0.119478650 0.377828032
vn 0.069456406 0.978531778 0.194039404
v -0.043418135 -0.157592788 0.460863560
vt 0.120693959 0.317454010
vn 0.069456406 0.978531778 0.194039404
v 0.000000000 -0.160678163 0.460881442
vt 0.159311607 0.317045867
vn 0.069456406 0.978531778 0.194039404
f 127/127/127 128/128/128 129/129/129
g back
v -0.044787645 -0.144216210 0.393896312
vt 0.119478650 0.377828032
vn 0.067401521 0.978408098 0.195382953
v 0.000000000 -0.160678163 0.460881442
vt 0.159311607 0.317045867
vn 0.067401521 0.978408098 0.195382953
v 0.000000000 -0.147301584 0.393896312
vt 0.159314469 0.377435565
vn 0.067401521 0.978408098 0.195382953
f 130/130/130 131/131/131 132/132/132
g back
v -0.044787645 -0.159344479 0.393896312
vt 0.112737797 0.775892496
vn -0.067401528 -0.978408098 -0.195382953
v 0.000000000 -0.162429854 0.393896312
vt 0.073666006 0.776349604
vn -0.067401528 -0.978408098 -0.195382953
v 0.000000000 -0.175806433 0.460881442
vt 0.071840733 0.715916574
vn -0.067401528 -0.978408098 -0.195382953
f 133/133/133 134/134/134 135/135/135
g back
v -0.044787645 -0.159344479 0.393896312
vt 0.112737797 0.775892496
vn -0.069456406 -0.978531778 -0.194039434
v 0.000000000 -0.175806433 0.460881442
vt 0.071840733 0.715916574
vn -0.069456406 -0.978531778 -0.194039434
v -0.043418135 -0.172721058 0.460863560
vt 0.109740227 0.715502977
vn -0.069456406 -0.978531778 -0.194039434
f 136/136/136 137/137/137 138/138/138
g back
v 0.000000000 -0.147301584 0.393896312
vt 0.159314469 0.377435565
vn -0.069437347 0.978271306 0.195355624
v 0.000000000 -0.160678163 0.460881442
vt 0.159311607 0.317045867
vn -0.069437347 0.978271306 0.195355624
v 0.043418135 -0.157592788 0.460863560
vt 0.197934061 0.317454010
vn -0.069437347 0.978271306 0.195355624
f 139/139/139 140/140/140 141/141/141
g back
v 0.000000000 -0.147301584 0.393896312
vt 0.159314469 0.377435565
vn -0.067418955 0.978660941 0.194106877
v 0.043418135 -0.157592788 0.460863560
vt 0.197934061 0.317454010
vn -0.067418955 0.978660941 0.194106877
v 0.044787645 -0.144216210 0.393896312
vt 0.199155092 0.377828032
vn -0.067418955 0.978660941 0.194106877
f 142/142/142 143/143/143 144/144/144
g back
v 0.000000000 -0.162429854 0.393896312
vt 0.073666006 0.776349604
vn 0.067418940 -0.978660882 -0.194106862
v 0.044787645 -0.159344479 0.393896312
vt 0.036086742 0.777721167
vn 0.067418940 -0.978660882 -0.194106862
v 0.043418135 -0.172721058 0.460863560
vt 0.035433009 0.717275739
vn 0.067418940 -0.978660882 -0.194106862
f 145/145/145 146/146/146 147/147/147
g back
v 0.000000000 -0.162429854 0.393896312
vt 0.073666006 0.776349604
vn 0.069437347 -0.978271306 -0.195355624
v 0.043418135 -0.172721058 0.460863560
vt 0.035433009 0.717275739
vn 0.069437347 -0.978271306 -0.195355624
v 0.000000000 -0.175806433 0.460881442
vt 0.071840733 0.715916574
vn 0.069437347 -0.978271306 -0.195355624
f 148/148/148 149/149/149 150/150/150
g back
v 0.044787645 -0.144216210 0.393896312
vt 0.199155092 0.377828032
vn -0.204572171 0.960684478 0.187711269
v 0.043418135 -0.157592788 0.460863560
vt 0.197934061 0.317454010
vn -0.204572171 0.960684478 0.187711269
v 0.086836271 -0.148336679 0.460809976
vt 0.236561313 0.318678260
vn -0.204572171 0.960684478 0.187711269
f 151/151/151 152/152/152 153/153/153
g back
v 0.044787645 -0.144216210 0.393896312
vt 0.199155092 0.377828032
vn -0.198923647 0.962534070 0.184275627
v 0.086836271 -0.148336679 0.460809976
vt 0.236561313 0.318678260
vn -0.198923647 0.962534070 0.184275627
v 0.089575291 -0.134960100 0.393896312
vt 0.239000499 0.379005343
vn -0.198923647 0.962534070 0.184275627
f 154/154/154 155/155/155 156/156/156
g back
v 0.044787645 -0.159344479 0.393896312
vt 0.036086742 0.777721167
vn 0.198923618 -0.962534070 -0.184275627
v 0.089575291 -0.150088370 0.393896312
vt 0.000000000 0.780007005
vn 0.198923618 -0.962534070 -0.184275627
v 0.086836271 -0.163464949 0.460809976
vt 0.000517044 0.719580352
vn 0.198923618 -0.962534070 -0.184275627
f 157/157/157 158/158/158 159/159/159
g back
v 0.044787645 -0.159344479 0.393896312
vt 0.036086742 0.777721167
vn 0.204572171 -0.960684478 -0.187711298
v 0.086836271 -0.163464949 0.460809976
vt 0.000517044 0.719580352
vn 0.204572171 -0.960684478 -0.187711298
v 0.043418135 -0.172721058 0.460863560
vt 0.035433009 0.717275739
vn 0.204572171 -0.960684478 -0.187711298
f 160/160/160 161/161/161 162/162/162
g back
v 0.089575291 -0.134960100 0.393896312
vt 0.239000499 0.379005343
vn -0.329493910 0.928340971 0.172095448
v 0.086836271 -0.148336679 0.460809976
vt 0.236561313 0.318678260
vn -0.329493910 0.928340971 0.172095448
v 0.130254418 -0.132909819 0.460720658
vt 0.275193334 0.320718735
vn -0.329493910 0.928340971 0.172095448
f 163/163/163 164/164/164 165/165/165
g back
v 0.089575291 -0.134960100 0.393896312
vt 0.239000499 0.379005343
vn -0.321100801 0.932228327 0.166866869
v 0.130254418 -0.132909819 0.460720658
vt 0.275193334 0.320718735
vn -0.321100801 0.932228327 0.166866869
v 0.134362936 -0.119533248 0.393896312
vt 0.278850704 0.380967557
vn -0.321100801 0.932228327 0.166866869
f 166/166/166 167/167/167 168/168/168
g back
v 0.089575291 -0.150088370 0.393896312
vt 0.740675926 0.362811714
vn 0.321100950 -0.932228327 -0.166866943
v 0.134362936 -0.134661511 0.393896312
vt 0.702293575 0.367967039
vn 0.321100950 -0.932228327 -0.166866943
v 0.130254418 -0.148038089 0.460720658
vt 0.702801049 0.307543486
vn 0.321100950 -0.932228327 -0.166866943
f 169/169/169 170/170/170 171/171/171
g back
v 0.089575291 -0.150088370 0.393896312
vt 0.740675926 0.362811714
vn 0.329493910 -0.928340971 -0.172095448
v 0.130254418 -0.148038089 0.460720658
vt 0.702801049 0.307543486
vn 0.329493910 -0.928340971 -0.172095448
v 0.086836271 -0.163464949 0.460809976
vt 0.740270495 0.302396178
vn 0.329493910 -0.928340971 -0.172095448
f 172/172/172 173/173/173 174/174/174
g back
v 0.134362936 -0.119533248 0.393896312
vt 0.278850704 0.380967557
vn -0.439976126 0.885363162 0.150176898
v 0.130254418 -0.132909819 0.460720658
vt 0.275193334 0.320718735
vn -0.439976126 0.885363162 0.150176898
v 0.173672542 -0.111312225 0.460595638
vt 0.313830167 0.323575377
vn -0.439976126 0.885363162 0.150176898
f 175/175/175 176/176/176 177/177/177
g back
v 0.134362936 -0.119533248 0.393896312
vt 0.278850704 0.380967557
vn -0.429863632 0.891422153 0.143470243
v 0.173672542 -0.111312225 0.460595638
vt 0.313830167 0.323575377
vn -0.429863632 0.891422153 0.143470243
v 0.179150581 -0.097935647 0.393896312
vt 0.318705738 0.383714676
vn -0.429863632 0.891422153 0.143470243
f 178/178/178 179/179/179 180/180/180
g back
v 0.134362936 -0.134661511 0.393896312
vt 0.702293575 0.367967039
vn 0.429863542 -0.891422272 -0.143470258
v 0.179150581 -0.113063917 0.393896312
vt 0.660326600 0.374063075
vn 0.429863542 -0.891422272 -0.143470258
v 0.173672542 -0.126440495 0.460595638
vt 0.661752343 0.313662499
vn 0.429863542 -0.891422272 -0.143470258
f 181/181/181 182/182/182 183/183/183
g back
v 0.134362936 -0.134661511 0.393896312
vt 0.702293575 0.367967039
vn 0.439976126 -0.885363162 -0.150176987
v 0.173672542 -0.126440495 0.460595638
vt 0.661752343 0.313662499
vn 0.439976126 -0.885363162 -0.150176987
v 0.130254418 -0.148038089 0.460720658
vt 0.702801049 0.307543486
vn 0.439976126 -0.885363162 -0.150176987
f 184/184/184 185/185/185 186/186/186
g back
v -0.173672542 -0.111312225 0.460595638
vt 0.004869806 0.323575437
vn 0.449448854 0.881688356 0.143601611
v -0.168194517 -0.124688797 0.525580108
vt 0.009739384 0.264938563
vn 0.449448854 0.881688356 0.143601611
v -0.126145899 -0.146286398 0.526580453
vt 0.047124565 0.261315018
vn 0.449448854 0.881688356 0.143601611
f 187/187/187 188/188/188 189/189/189
g back
v -0.173672542 -0.111312225 0.460595638
vt 0.004869806 0.323575437
vn 0.439824730 0.885071158 0.152326584
v -0.126145899 -0.146286398 0.526580453
vt 0.047124565 0.261315018
vn 0.439824730 0.885071158 0.152326584
v -0.130254418 -0.132909819 0.460720658
vt 0.043473046 0.320718765
vn 0.439824730 0.885071158 0.152326584
f 190/190/190 191/191/191 192/192/192
g back
v -0.173672542 -0.126440495 0.460595638
vt 0.232389331 0.719935179
vn -0.439824700 -0.885071099 -0.152326569
v -0.130254418 -0.148038089 0.460720658
vt 0.190014541 0.717512250
vn -0.439824700 -0.885071099 -0.152326569
v -0.126145899 -0.161414668 0.526580453
vt 0.184649840 0.658145070
vn -0.439824700 -0.885071099 -0.152326569
f 193/193/193 194/194/194 195/195/195
g back
v -0.173672542 -0.126440495 0.460595638
vt 0.232389331 0.719935179
vn -0.449448735 -0.881688416 -0.143601745
v -0.126145899 -0.161414668 0.526580453
vt 0.184649840 0.658145070
vn -0.449448735 -0.881688416 -0.143601745
v -0.168194517 -0.139817074 0.525580108
vt 0.225834295 0.661359668
vn -0.449448735 -0.881688416 -0.143601745
f 196/196/196 197/197/197 198/198/198
g back
v -0.130254418 -0.132909819 0.460720658
vt 0.043473046 0.320718765
vn 0.337081820 0.926517844 0.167154059
v -0.126145899 -0.146286398 0.526580453
vt 0.047124565 0.261315018
vn 0.337081820 0.926517844 0.167154059
v -0.084097259 -0.161713257 0.527294934
vt 0.084514536 0.258726835
vn 0.337081820 0.926517844 0.167154059
f 199/199/199 200/200/200 201/201/201
g back
v -0.130254418 -0.132909819 0.460720658
vt 0.043473046 0.320718765
vn 0.329428703 0.928163767 0.173172191
v -0.084097259 -0.161713257 0.527294934
vt 0.084514536 0.258726835
vn 0.329428703 0.928163767 0.173172191
v -0.086836271 -0.148336679 0.460809976
vt 0.082081117 0.318678290
vn 0.329428703 0.928163767 0.173172191
f 202/202/202 203/203/203 204/204/204
g back
v -0.130254418 -0.148038089 0.460720658
vt 0.190014541 0.717512250
vn -0.329428762 -0.928163767 -0.173172221
v -0.086836271 -0.163464949 0.460809976
vt 0.149131492 0.716034830
vn -0.329428762 -0.928163767 -0.173172221
v -0.084097259 -0.176841527 0.527294934
vt 0.144951880 0.656094193
vn -0.329428762 -0.928163767 -0.173172221
f 205/205/205 206/206/206 207/207/207
g back
v -0.130254418 -0.148038089 0.460720658
vt 0.190014541 0.717512250
vn -0.337081820 -0.926517844 -0.167154059
v -0.084097259 -0.176841527 0.527294934
vt 0.144951880 0.656094193
vn -0.337081820 -0.926517844 -0.167154059
v -0.126145899 -0.161414668 0.526580453
vt 0.184649840 0.658145070
vn -0.337081820 -0.926517844 -0.167154059
f 208/208/208 209/209/209 210/210/210
g back
v 0.086836271 -0.148336679 0.460809976
vt 0.236561313 0.318678260
vn -0.336693585 0.925701559 0.172377527
v 0.084097259 -0.161713257 0.527294934
vt 0.234122083 0.258726776
vn -0.336693585 0.925701559 0.172377527
v 0.126145899 -0.146286398 0.526580453
vt 0.271535873 0.261314958
vn -0.336693585 0.925701559 0.172377527
f 211/211/211 212/212/212 213/213/213
g back
v 0.086836271 -0.148336679 0.460809976
vt 0.236561313 0.318678260
vn -0.329731226 0.928986013 0.168113887
v 0.126145899 -0.146286398 0.526580453
vt 0.271535873 0.261314958
vn -0.329731226 0.928986013 0.168113887
v 0.130254418 -0.132909819 0.460720658
vt 0.275193334 0.320718735
vn -0.329731226 0.928986013 0.168113887
f 214/214/214 215/215/215 216/216/216
g back
v 0.086836271 -0.163464949 0.460809976
vt 0.740270495 0.302396178
vn 0.329731286 -0.928986013 -0.168113917
v 0.130254418 -0.148038089 0.460720658
vt 0.702801049 0.307543486
vn 0.329731286 -0.928986013 -0.168113917
v 0.126145899 -0.161414668 0.526580453
vt 0.703452349 0.247959003
vn 0.329731286 -0.928986013 -0.168113917
f 217/217/217 218/218/218 219/219/219
g back
v 0.086836271 -0.163464949 0.460809976
vt 0.740270495 0.302396178
vn 0.336693615 -0.925701559 -0.172377527
v 0.126145899 -0.161414668 0.526580453
vt 0.703452349 0.247959003
vn 0.336693615 -0.925701559 -0.172377527
v 0.084097259 -0.176841527 0.527294934
vt 0.739928961 0.242353603
vn 0.336693615 -0.925701559 -0.172377527
f 220/220/220 221/221/221 222/222/222
g back
v 0.130254418 -0.132909819 0.460720658
vt 0.275193334 0.320718735
vn -0.448815078 0.880792379 0.150896668
v 0.126145899 -0.146286398 0.526580453
vt 0.271535873 0.261314958
vn -0.448815078 0.880792379 0.150896668
v 0.168194517 -0.124688797 0.525580108
vt 0.308954448 0.264938533
vn -0.448815078 0.880792379 0.150896668
f 223/223/223 224/224/224 225/225/225
g back
v 0.130254418 -0.132909819 0.460720658
vt 0.275193334 0.320718735
vn -0.440314412 0.886014760 0.145262197
v 0.168194517 -0.124688797 0.525580108
vt 0.308954448 0.264938533
vn -0.440314412 0.886014760 0.145262197
v 0.173672542 -0.111312225 0.460595638
vt 0.313830167 0.323575377
vn -0.440314412 0.886014760 0.145262197
f 226/226/226 227/227/227 228/228/228
g back
v 0.130254418 -0.148038089 0.460720658
vt 0.702801049 0.307543486
vn 0.440314353 -0.886014640 -0.145262271
v 0.173672542 -0.126440495 0.460595638
vt 0.661752343 0.313662499
vn 0.440314353 -0.886014640 -0.145262271
v 0.168194517 -0.139817074 0.525580108
vt 0.663433731 0.254753679
vn 0.440314353 -0.886014640 -0.145262271
f 229/229/229 230/230/230 231/231/231
g back
v 0.130254418 -0.148038089 0.460720658
vt 0.702801049 0.307543486
vn 0.448814929 -0.880792439 -0.150896668
v 0.168194517 -0.139817074 0.525580108
vt 0.663433731 0.254753679
vn 0.448814929 -0.880792439 -0.150896668
v 0.126145899 -0.161414668 0.526580453
vt 0.703452349 0.247959003
vn 0.448814929 -0.880792439 -0.150896668
f 232/232/232 233/233/233 234/234/234
g back
v -0.168194517 -0.124688797 0.525580108
vt 0.009739384 0.264938563
vn 0.453687817 0.877923131 0.153030142
v -0.160319865 -0.143917635 0.612548649
vt 0.016738653 0.186296284
vn 0.453687817 0.877923131 0.153030142
v -0.120239899 -0.165515229 0.617627621
vt 0.052373204 0.179099292
vn 0.453687817 0.877923131 0.153030142
f 235/235/235 236/236/236 237/237/237
g back
v -0.168194517 -0.124688797 0.525580108
vt 0.009739384 0.264938563
vn 0.448285550 0.880034089 0.156780824
v -0.120239899 -0.165515229 0.617627621
vt 0.052373204 0.179099292
vn 0.448285550 0.880034089 0.156780824
v -0.126145899 -0.146286398 0.526580453
vt 0.047124565 0.261315018
vn 0.448285550 0.880034089 0.156780824
f 238/238/238 239/239/239 240/240/240
g back
v -0.168194517 -0.139817074 0.525580108
vt 0.225834295 0.661359668
vn -0.448285460 -0.880034029 -0.156780854
v -0.126145899 -0.161414668 0.526580453
vt 0.184649840 0.658145070
vn -0.448285460 -0.880034029 -0.156780854
v -0.120239899 -0.180643499 0.617627621
vt 0.176861748 0.575968921
vn -0.448285460 -0.880034029 -0.156780854
f 241/241/241 242/242/242 243/243/243
g back
v -0.168194517 -0.139817074 0.525580108
vt 0.225834295 0.661359668
vn -0.453687817 -0.877923131 -0.153030083
v -0.120239899 -0.180643499 0.617627621
vt 0.176861748 0.575968921
vn -0.453687817 -0.877923131 -0.153030083
v -0.160319865 -0.159045905 0.612548649
vt 0.216275737 0.582782805
vn -0.453687817 -0.877923131 -0.153030083
f 244/244/244 245/245/245 246/246/246
g back
v -0.126145899 -0.146286398 0.526580453
vt 0.047124565 0.261315018
vn 0.340096921 0.924312234 0.173150152
v -0.120239899 -0.165515229 0.617627621
vt 0.052373204 0.179099292
vn 0.340096921 0.924312234 0.173150152
v -0.080159932 -0.180942088 0.621255457
vt 0.088012390 0.173958555
vn 0.340096921 0.924312234 0.173150152
f 247/247/247 248/248/248 249/249/249
g back
v -0.126145899 -0.146286398 0.526580453
vt 0.047124565 0.261315018
vn 0.336475939 0.925241351 0.175249070
v -0.080159932 -0.180942088 0.621255457
vt 0.088012390 0.173958555
vn 0.336475939 0.925241351 0.175249070
v -0.084097259 -0.161713257 0.527294934
vt 0.084514536 0.258726835
vn 0.336475939 0.925241351 0.175249070
f 250/250/250 251/251/251 252/252/252
g back
v -0.126145899 -0.161414668 0.526580453
vt 0.184649840 0.658145070
vn -0.336475939 -0.925241411 -0.175249070
v -0.084097259 -0.176841527 0.527294934
vt 0.144951880 0.656094193
vn -0.336475939 -0.925241411 -0.175249070
v -0.080159932 -0.196070358 0.621255457
vt 0.138909727 0.571335733
vn -0.336475939 -0.925241411 -0.175249070
f 253/253/253 254/254/254 255/255/255
g back
v -0.126145899 -0.161414668 0.526580453
vt 0.184649840 0.658145070
vn -0.340097010 -0.924312294 -0.173150182
v -0.080159932 -0.196070358 0.621255457
vt 0.138909727 0.571335733
vn -0.340097010 -0.924312294 -0.173150182
v -0.120239899 -0.180643499 0.617627621
vt 0.176861748 0.575968921
vn -0.340097010 -0.924312294 -0.173150182
f 256/256/256 257/257/257 258/258/258
g back
v 0.084097259 -0.161713257 0.527294934
vt 0.234122083 0.258726776
vn -0.339851439 0.924078763 0.174869701
v 0.080159932 -0.180942088 0.621255457
vt 0.230615497 0.173958540
vn -0.339851439 0.924078763 0.174869701
v 0.120239899 -0.165515229 0.617627621
vt 0.266277850 0.179099247
vn -0.339851439 0.924078763 0.174869701
f 259/259/259 260/260/260 261/261/261
g back
v 0.084097259 -0.161713257 0.527294934
vt 0.234122083 0.258726776
vn -0.336599171 0.925502121 0.173628345
v 0.120239899 -0.165515229 0.617627621
vt 0.266277850 0.179099247
vn -0.336599171 0.925502121 0.173628345
v 0.126145899 -0.146286398 0.526580453
vt 0.271535873 0.261314958
vn -0.336599171 0.925502121 0.173628345
f 262/262/262 263/263/263 264/264/264
g back
v 0.084097259 -0.176841527 0.527294934
vt 0.739928961 0.242353603
vn 0.336599171 -0.925502121 -0.173628345
v 0.126145899 -0.161414668 0.526580453
vt 0.703452349 0.247959003
vn 0.336599171 -0.925502121 -0.173628345
v 0.120239899 -0.180643499 0.617627621
vt 0.704929233 0.165460601
vn 0.336599171 -0.925502121 -0.173628345
f 265/265/265 266/266/266 267/267/267
g back
v 0.084097259 -0.176841527 0.527294934
vt 0.739928961 0.242353603
vn 0.339851469 -0.924078822 -0.174869701
v 0.120239899 -0.180643499 0.617627621
vt 0.704929233 0.165460601
vn 0.339851469 -0.924078822 -0.174869701
v 0.080159932 -0.196070358 0.621255457
vt 0.739678264 0.157444224
vn 0.339851469 -0.924078822 -0.174869701
f 268/268/268 269/269/269 270/270/270
g back
v 0.126145899 -0.146286398 0.526580453
vt 0.271535873 0.261314958
vn -0.453179330 0.877669454 0.155964002
v 0.120239899 -0.165515229 0.617627621
vt 0.266277850 0.179099247
vn -0.453179330 0.877669454 0.155964002
v 0.160319865 -0.143917635 0.612548649
vt 0.301944882 0.186296269
vn -0.453179330 0.877669454 0.155964002
f 271/271/271 272/272/272 273/273/273
g back
v 0.126145899 -0.146286398 0.526580453
vt 0.271535873 0.261314958
vn -0.448534071 0.880391002 0.154042438
v 0.160319865 -0.143917635 0.612548649
vt 0.301944882 0.186296269
vn -0.448534071 0.880391002 0.154042438
v 0.168194517 -0.124688797 0.525580108
vt 0.308954448 0.264938533
vn -0.448534071 0.880391002 0.154042438
f 274/274/274 275/275/275 276/276/276
g back
v 0.126145899 -0.161414668 0.526580453
vt 0.703452349 0.247959003
vn 0.448533922 -0.880391002 -0.154042378
v 0.168194517 -0.139817074 0.525580108
vt 0.663433731 0.254753679
vn 0.448533922 -0.880391002 -0.154042378
v 0.160319865 -0.159045905 0.612548649
vt 0.666811764 0.175679862
vn 0.448533922 -0.880391002 -0.154042378
f 277/277/277 278/278/278 279/279/279
g back
v 0.126145899 -0.161414668 0.526580453
vt 0.703452349 0.247959003
vn 0.453179300 -0.877669454 -0.155963987
v 0.160319865 -0.159045905 0.612548649
vt 0.666811764 0.175679862
vn 0.453179300 -0.877669454 -0.155963987
v 0.120239899 -0.180643499 0.617627621
vt 0.704929233 0.165460601
vn 0.453179300 -0.877669454 -0.155963987
f 280/280/280 281/281/281 282/282/282
g back
v -0.160319865 -0.143917635 0.612548649
vt 0.016738653 0.186296284
vn 0.431632996 0.883554935 0.181724295
v -0.152445197 -0.163146451 0.687336385
vt 0.023736589 0.118326046
vn 0.431632996 0.883554935 0.181724295
v -0.114333898 -0.184744060 0.701823056
vt 0.057621077 0.102886610
vn 0.431632996 0.883554935 0.181724295
f 283/283/283 284/284/284 285/285/285
g back
v -0.160319865 -0.143917635 0.612548649
vt 0.016738653 0.186296284
vn 0.450950325 0.876491189 0.168543443
v -0.114333898 -0.184744060 0.701823056
vt 0.057621077 0.102886610
vn 0.450950325 0.876491189 0.168543443
v -0.120239899 -0.165515229 0.617627621
vt 0.052373204 0.179099292
vn 0.450950325 0.876491189 0.168543443
f 286/286/286 287/287/287 288/288/288
g back
v -0.160319865 -0.159045905 0.612548649
vt 0.216275737 0.582782805
vn -0.450950325 -0.876491189 -0.168543443
v -0.120239899 -0.180643499 0.617627621
vt 0.176861748 0.575968921
vn -0.450950325 -0.876491189 -0.168543443
v -0.114333898 -0.199872330 0.701823056
vt 0.168929428 0.499771655
vn -0.450950325 -0.876491189 -0.168543443
f 289/289/289 290/290/290 291/291/291
g back
v -0.160319865 -0.159045905 0.612548649
vt 0.216275737 0.582782805
vn -0.431632996 -0.883554935 -0.181724280
v -0.114333898 -0.199872330 0.701823056
vt 0.168929428 0.499771655
vn -0.431632996 -0.883554935 -0.181724280
v -0.152445197 -0.178274721 0.687336385
vt 0.206460759 0.514834821
vn -0.431632996 -0.883554935 -0.181724280
f 292/292/292 293/293/293 294/294/294
g back
v -0.120239899 -0.165515229 0.617627621
vt 0.052373204 0.179099292
vn 0.323926568 0.927013218 0.188992083
v -0.114333898 -0.184744060 0.701823056
vt 0.057621077 0.102886610
vn 0.323926568 0.927013218 0.188992083
v -0.076222599 -0.200170904 0.712170720
vt 0.091509901 0.091858387
vn 0.323926568 0.927013218 0.188992083
f 295/295/295 296/296/296 297/297/297
g back
v -0.120239899 -0.165515229 0.617627621
vt 0.052373204 0.179099292
vn 0.339026153 0.923280597 0.180593818
v -0.076222599 -0.200170904 0.712170720
vt 0.091509901 0.091858387
vn 0.339026153 0.923280597 0.180593818
v -0.080159932 -0.180942088 0.621255457
vt 0.088012390 0.173958555
vn 0.339026153 0.923280597 0.180593818
f 298/298/298 299/299/299 300/300/300
g back
v -0.120239899 -0.180643499 0.617627621
vt 0.176861748 0.575968921
vn -0.339026153 -0.923280656 -0.180593818
v -0.080159932 -0.196070358 0.621255457
vt 0.138909727 0.571335733
vn -0.339026153 -0.923280656 -0.180593818
v -0.076222599 -0.215299174 0.712170720
vt 0.132803500 0.489234507
vn -0.339026153 -0.923280656 -0.180593818
f 301/301/301 302/302/302 303/303/303
g back
v -0.120239899 -0.180643499 0.617627621
vt 0.176861748 0.575968921
vn -0.323926568 -0.927013218 -0.188992083
v -0.076222599 -0.215299174 0.712170720
vt 0.132803500 0.489234507
vn -0.323926568 -0.927013218 -0.188992083
v -0.114333898 -0.199872330 0.701823056
vt 0.168929428 0.499771655
vn -0.323926568 -0.927013218 -0.188992083
f 304/304/304 305/305/305 306/306/306
g back
v -0.080159932 -0.180942088 0.621255457
vt 0.088012390 0.173958555
vn 0.201504514 0.960018575 0.194319740
v -0.076222599 -0.200170904 0.712170720
vt 0.091509901 0.091858387
vn 0.201504514 0.960018575 0.194319740
v -0.038111299 -0.209427029 0.718379319
vt 0.125403076 0.085241422
vn 0.201504514 0.960018575 0.194319740
f 307/307/307 308/308/308 309/309/309
g back
v -0.080159932 -0.180942088 0.621255457
vt 0.088012390 0.173958555
vn 0.211130053 0.958851516 0.189810172
v -0.038111299 -0.209427029 0.718379319
vt 0.125403076 0.085241422
vn 0.211130053 0.958851516 0.189810172
v -0.040079966 -0.190198198 0.623432100
vt 0.123656206 0.170874193
vn 0.211130053 0.958851516 0.189810172
f 310/310/310 311/311/311 312/312/312
g back
v -0.080159932 -0.196070358 0.621255457
vt 0.138909727 0.571335733
vn -0.211130038 -0.958851457 -0.189810157
v -0.040079966 -0.205326468 0.623432100
vt 0.102419689 0.568883061
vn -0.211130038 -0.958851457 -0.189810157
v -0.038111299 -0.224555299 0.718379319
vt 0.098082945 0.483223408
vn -0.211130038 -0.958851457 -0.189810157
f 313/313/313 314/314/314 315/315/315
g back
v -0.080159932 -0.196070358 0.621255457
vt 0.138909727 0.571335733
vn -0.201504469 -0.960018575 -0.194319740
v -0.038111299 -0.224555299 0.718379319
vt 0.098082945 0.483223408
vn -0.201504469 -0.960018575 -0.194319740
v -0.076222599 -0.215299174 0.712170720
vt 0.132803500 0.489234507
vn -0.201504469 -0.960018575 -0.194319740
f 316/316/316 317/317/317 318/318/318
g back
v -0.040079966 -0.190198198 0.623432100
vt 0.123656206 0.170874193
vn 0.068502806 0.978075564 0.196660742
v -0.038111299 -0.209427029 0.718379319
vt 0.125403076 0.085241422
vn 0.068502806 0.978075564 0.196660742
v 0.000000000 -0.212512389 0.720448792
vt 0.159300566 0.083035812
vn 0.068502806 0.978075564 0.196660742
f 319/319/319 320/320/320 321/321/321
g back
v -0.040079966 -0.190198198 0.623432100
vt 0.123656206 0.170874193
vn 0.071759067 0.978110135 0.195323452
v 0.000000000 -0.212512389 0.720448792
vt 0.159300566 0.083035812
vn 0.071759067 0.978110135 0.195323452
v 0.000000000 -0.193283558 0.624157667
vt 0.159304664 0.169845998
vn 0.071759067 0.978110135 0.195323452
f 322/322/322 323/323/323 324/324/324
g back
v -0.040079966 -0.205326468 0.623432100
vt 0.102419689 0.568883061
vn -0.071759440 -0.978110135 -0.195323288
v 0.000000000 -0.208411843 0.624157667
vt 0.067391612 0.568610966
vn -0.071759440 -0.978110135 -0.195323288
v 0.000000000 -0.227640659 0.720448792
vt 0.064767793 0.481738448
vn -0.071759440 -0.978110135 -0.195323288
f 325/325/325 326/326/326 327/327/327
g back
v -0.040079966 -0.205326468 0.623432100
vt 0.102419689 0.568883061
vn -0.068502814 -0.978075624 -0.196660772
v 0.000000000 -0.227640659 0.720448792
vt 0.064767793 0.481738448
vn -0.068502814 -0.978075624 -0.196660772
v -0.038111299 -0.224555299 0.718379319
vt 0.098082945 0.483223408
vn -0.068502814 -0.978075624 -0.196660772
f 328/328/328 329/329/329 330/330/330
g back
v 0.000000000 -0.193283558 0.624157667
vt 0.159304664 0.169845998
vn -0.068593524 0.978328407 0.195367038
v 0.000000000 -0.212512389 0.720448792
vt 0.159300566 0.083035812
vn -0.068593524 0.978328407 0.195367038
v 0.038111299 -0.209427029 0.718379319
vt 0.193202391 0.085241422
vn -0.068593524 0.978328407 0.195367038
f 331/331/331 332/332/332 333/333/333
g back
v 0.000000000 -0.193283558 0.624157667
vt 0.159304664 0.169845998
vn -0.071718134 0.977867067 0.196551844
v 0.038111299 -0.209427029 0.718379319
vt 0.193202391 0.085241422
vn -0.071718134 0.977867067 0.196551844
v 0.040079966 -0.190198198 0.623432100
vt 0.194957763 0.170874164
vn -0.071718134 0.977867067 0.196551844
f 334/334/334 335/335/335 336/336/336
g back
v 0.000000000 -0.208411843 0.624157667
vt 0.067391612 0.568610966
vn 0.071718477 -0.977866948 -0.196551815
v 0.040079966 -0.205326468 0.623432100
vt 0.033825517 0.570519507
vn 0.071718477 -0.977866948 -0.196551815
v 0.038111299 -0.224555299 0.718379319
vt 0.032858010 0.484779507
vn 0.071718477 -0.977866948 -0.196551815
f 337/337/337 338/338/338 339/339/339
g back
v 0.000000000 -0.208411843 0.624157667
vt 0.067391612 0.568610966
vn 0.068593539 -0.978328466 -0.195366919
v 0.038111299 -0.224555299 0.718379319
vt 0.032858010 0.484779507
vn 0.068593539 -0.978328466 -0.195366919
v 0.000000000 -0.227640659 0.720448792
vt 0.064767793 0.481738448
vn 0.068593539 -0.978328466 -0.195366919
f 340/340/340 341/341/341 342/342/342
g back
v 0.040079966 -0.190198198 0.623432100
vt 0.194957763 0.170874164
vn -0.202302247 0.960644782 0.190356404
v 0.038111299 -0.209427029 0.718379319
vt 0.193202391 0.085241422
vn -0.202302247 0.960644782 0.190356404
v 0.076222599 -0.200170904 0.712170720
vt 0.227108568 0.091858380
vn -0.202302247 0.960644782 0.190356404
f 343/343/343 344/344/344 345/345/345
g back
v 0.040079966 -0.190198198 0.623432100
vt 0.194957763 0.170874164
vn -0.210774288 0.958185911 0.193530679
v 0.076222599 -0.200170904 0.712170720
vt 0.227108568 0.091858380
vn -0.210774288 0.958185911 0.193530679
v 0.080159932 -0.180942088 0.621255457
vt 0.230615497 0.173958540
vn -0.210774288 0.958185911 0.193530679
f 346/346/346 347/347/347 348/348/348
g back
v 0.040079966 -0.205326468 0.623432100
vt 0.033825517 0.570519507
vn 0.210774288 -0.958185852 -0.193530664
v 0.080159932 -0.196070358 0.621255457
vt 0.001721401 0.574608564
vn 0.210774288 -0.958185852 -0.193530664
v 0.076222599 -0.215299174 0.712170720
vt 0.002353632 0.492346615
vn 0.210774288 -0.958185852 -0.193530664
f 349/349/349 350/350/350 351/351/351
g back
v 0.040079966 -0.205326468 0.623432100
vt 0.033825517 0.570519507
vn 0.202302232 -0.960644782 -0.190356389
v 0.076222599 -0.215299174 0.712170720
vt 0.002353632 0.492346615
vn 0.202302232 -0.960644782 -0.190356389
v 0.038111299 -0.224555299 0.718379319
vt 0.032858010 0.484779507
vn 0.202302232 -0.960644782 -0.190356389
f 352/352/352 353/353/353 354/354/354
g back
v 0.080159932 -0.180942088 0.621255457
vt 0.230615497 0.173958540
vn -0.326060623 0.927648425 0.182079121
v 0.076222599 -0.200170904 0.712170720
vt 0.227108568 0.091858380
vn -0.326060623 0.927648425 0.182079121
v 0.114333898 -0.184744060 0.701823056
vt 0.261019081 0.102886595
vn -0.326060623 0.927648425 0.182079121
f 355/355/355 356/356/356 357/357/357
g back
v 0.080159932 -0.180942088 0.621255457
vt 0.230615497 0.173958540
vn -0.338097245 0.922358632 0.186935008
v 0.114333898 -0.184744060 0.701823056
vt 0.261019081 0.102886595
vn -0.338097245 0.922358632 0.186935008
v 0.120239899 -0.165515229 0.617627621
vt 0.266277850 0.179099247
vn -0.338097245 0.922358632 0.186935008
f 358/358/358 359/359/359 360/360/360
g back
v 0.080159932 -0.196070358 0.621255457
vt 0.739678264 0.157444224
vn 0.338097245 -0.922358632 -0.186935022
v 0.120239899 -0.180643499 0.617627621
vt 0.704929233 0.165460601
vn 0.338097245 -0.922358632 -0.186935022
v 0.114333898 -0.199872330 0.701823056
vt 0.707427502 0.088922143
vn 0.338097245 -0.922358632 -0.186935022
f 361/361/361 362/362/362 363/363/363
g back
v 0.080159932 -0.196070358 0.621255457
vt 0.739678264 0.157444224
vn 0.326060653 -0.927648485 -0.182079136
v 0.114333898 -0.199872330 0.701823056
vt 0.707427502 0.088922143
vn 0.326060653 -0.927648485 -0.182079136
v 0.076222599 -0.215299174 0.712170720
vt 0.739881575 0.075183824
vn 0.326060653 -0.927648485 -0.182079136
f 364/364/364 365/365/365 366/366/366
g back
v 0.120239899 -0.165515229 0.617627621
vt 0.266277850 0.179099247
vn -0.435674518 0.883662879 0.171252877
v 0.114333898 -0.184744060 0.701823056
vt 0.261019081 0.102886595
vn -0.435674518 0.883662879 0.171252877
v 0.152445197 -0.163146451 0.687336385
vt 0.294933885 0.118326023
vn -0.435674518 0.883662879 0.171252877
f 367/367/367 368/368/368 369/369/369
g back
v 0.120239899 -0.165515229 0.617627621
vt 0.266277850 0.179099247
vn -0.449258506 0.875529647 0.177805036
v 0.152445197 -0.163146451 0.687336385
vt 0.294933885 0.118326023
vn -0.449258506 0.875529647 0.177805036
v 0.160319865 -0.143917635 0.612548649
vt 0.301944882 0.186296269
vn -0.449258506 0.875529647 0.177805036
f 370/370/370 371/371/371 372/372/372
g back
v 0.120239899 -0.180643499 0.617627621
vt 0.704929233 0.165460601
vn 0.449258536 -0.875529647 -0.177805036
v 0.160319865 -0.159045905 0.612548649
vt 0.666811764 0.175679862
vn 0.449258536 -0.875529647 -0.177805036
v 0.152445197 -0.178274721 0.687336385
vt 0.672005713 0.107201464
vn 0.449258536 -0.875529647 -0.177805036
f 373/373/373 374/374/374 375/375/375
g back
v 0.120239899 -0.180643499 0.617627621
vt 0.704929233 0.165460601
vn 0.435674518 -0.883662879 -0.171252877
v 0.152445197 -0.178274721 0.687336385
vt 0.672005713 0.107201464
vn 0.435674518 -0.883662879 -0.171252877
v 0.114333898 -0.199872330 0.701823056
vt 0.707427502 0.088922143
vn 0.435674518 -0.883662879 -0.171252877
f 376/376/376 377/377/377 378/378/378
g back
v -0.152445197 -0.163146451 0.687336385
vt 0.023736589 0.118326046
vn 0.325299084 0.909834266 0.257647097
v -0.144912913 -0.181539252 0.742777169
vt 0.030428426 0.067412779
vn 0.325299084 0.909834266 0.257647097
v -0.108684681 -0.203136846 0.773304284
vt 0.062639765 0.037919644
vn 0.325299084 0.909834266 0.257647097
f 379/379/379 380/380/380 381/381/381
g back
v -0.152445197 -0.163146451 0.687336385
vt 0.023736589 0.118326046
vn 0.426998347 0.883298695 0.193534970
v -0.108684681 -0.203136846 0.773304284
vt 0.062639765 0.037919644
vn 0.426998347 0.883298695 0.193534970
v -0.114333898 -0.184744060 0.701823056
vt 0.057621077 0.102886610
vn 0.426998347 0.883298695 0.193534970
f 382/382/382 383/383/383 384/384/384
g back
v -0.152445197 -0.178274721 0.687336385
vt 0.206460759 0.514834821
vn -0.426998407 -0.883298695 -0.193535000
v -0.114333898 -0.199872330 0.701823056
vt 0.168929428 0.499771655
vn -0.426998407 -0.883298695 -0.193535000
v -0.108684681 -0.218265116 0.773304284
vt 0.161151394 0.434787363
vn -0.426998407 -0.883298695 -0.193535000
f 385/385/385 386/386/386 387/387/387
g back
v -0.152445197 -0.178274721 0.687336385
vt 0.206460759 0.514834821
vn -0.325299084 -0.909834266 -0.257647097
v -0.108684681 -0.218265116 0.773304284
vt 0.161151394 0.434787363
vn -0.325299084 -0.909834266 -0.257647097
v -0.144912913 -0.196667522 0.742777169
vt 0.196733683 0.463885784
vn -0.325299084 -0.909834266 -0.257647097
f 388/388/388 389/389/389 390/390/390
g back
v -0.114333898 -0.184744060 0.701823056
vt 0.057621077 0.102886610
vn 0.266906410 0.938201785 0.220314264
v -0.108684681 -0.203136846 0.773304284
vt 0.062639765 0.037919644
vn 0.266906410 0.938201785 0.220314264
v -0.072456457 -0.218563706 0.795109332
vt 0.094854906 0.016853204
vn 0.266906410 0.938201785 0.220314264
f 391/391/391 392/392/392 393/393/393
g back
v -0.114333898 -0.184744060 0.701823056
vt 0.057621077 0.102886610
vn 0.323347896 0.926833510 0.190855518
v -0.072456457 -0.218563706 0.795109332
vt 0.094854906 0.016853204
vn 0.323347896 0.926833510 0.190855518
v -0.076222599 -0.200170904 0.712170720
vt 0.091509901 0.091858387
vn 0.323347896 0.926833510 0.190855518
f 394/394/394 395/395/395 396/396/396
g back
v -0.114333898 -0.199872330 0.701823056
vt 0.168929428 0.499771655
vn -0.323347867 -0.926833510 -0.190855488
v -0.076222599 -0.215299174 0.712170720
vt 0.132803500 0.489234507
vn -0.323347867 -0.926833510 -0.190855488
v -0.072456457 -0.233691975 0.795109332
vt 0.126878038 0.414214075
vn -0.323347867 -0.926833510 -0.190855488
f 397/397/397 398/398/398 399/399/399
g back
v -0.114333898 -0.199872330 0.701823056
vt 0.168929428 0.499771655
vn -0.266906381 -0.938201785 -0.220314264
v -0.072456457 -0.233691975 0.795109332
vt 0.126878038 0.414214075
vn -0.266906381 -0.938201785 -0.220314264
v -0.108684681 -0.218265116 0.773304284
vt 0.161151394 0.434787363
vn -0.266906381 -0.938201785 -0.220314264
f 400/400/400 401/401/401 402/402/402
g back
v -0.076222599 -0.200170904 0.712170720
vt 0.091509901 0.091858387
vn 0.171803951 0.963385820 0.205842912
v -0.072456457 -0.218563706 0.795109332
vt 0.094854906 0.016853204
vn 0.171803951 0.963385820 0.205842912
v -0.036228228 -0.227819815 0.808192372
vt 0.127073869 0.004213294
vn 0.171803951 0.963385820 0.205842912
f 403/403/403 404/404/404 405/405/405
g back
v -0.076222599 -0.200170904 0.712170720
vt 0.091509901 0.091858387
vn 0.201885238 0.960319161 0.192430615
v -0.036228228 -0.227819815 0.808192372
vt 0.127073869 0.004213294
vn 0.201885238 0.960319161 0.192430615
v -0.038111299 -0.209427029 0.718379319
vt 0.125403076 0.085241422
vn 0.201885238 0.960319161 0.192430615
f 406/406/406 407/407/407 408/408/408
g back
v -0.076222599 -0.215299174 0.712170720
vt 0.132803500 0.489234507
vn -0.201885238 -0.960319102 -0.192430586
v -0.038111299 -0.224555299 0.718379319
vt 0.098082945 0.483223408
vn -0.201885238 -0.960319102 -0.192430586
v -0.036228228 -0.242948085 0.808192372
vt 0.093913577 0.402165979
vn -0.201885238 -0.960319102 -0.192430586
f 409/409/409 410/410/410 411/411/411
g back
v -0.076222599 -0.215299174 0.712170720
vt 0.132803500 0.489234507
vn -0.171803966 -0.963385761 -0.205842912
v -0.036228228 -0.242948085 0.808192372
vt 0.093913577 0.402165979
vn -0.171803966 -0.963385761 -0.205842912
v -0.072456457 -0.233691975 0.795109332
vt 0.126878038 0.414214075
vn -0.171803966 -0.963385761 -0.205842912
f 412/412/412 413/413/413 414/414/414
g back
v -0.038111299 -0.209427029 0.718379319
vt 0.125403076 0.085241422
vn 0.059343066 0.978185236 0.199078023
v -0.036228228 -0.227819815 0.808192372
vt 0.127073869 0.004213294
vn 0.059343066 0.978185236 0.199078023
v 0.000000000 -0.230905190 0.812553346
vt 0.159296647 0.000000022
vn 0.059343066 0.978185236 0.199078023
f 415/415/415 416/416/416 417/417/417
g back
v -0.038111299 -0.209427029 0.718379319
vt 0.125403076 0.085241422
vn 0.068593547 0.978328466 0.195367113
v 0.000000000 -0.230905190 0.812553346
vt 0.159296647 0.000000022
vn 0.068593547 0.978328466 0.195367113
v 0.000000000 -0.212512389 0.720448792
vt 0.159300566 0.083035812
vn 0.068593547 0.978328466 0.195367113
f 418/418/418 419/419/419 420/420/420
g back
v -0.038111299 -0.224555299 0.718379319
vt 0.098082945 0.483223408
vn -0.068593524 -0.978328466 -0.195367113
v 0.000000000 -0.227640659 0.720448792
vt 0.064767793 0.481738448
vn -0.068593524 -0.978328466 -0.195367113
v 0.000000000 -0.246033460 0.812553346
vt 0.062258024 0.398642987
vn -0.068593524 -0.978328466 -0.195367113
f 421/421/421 422/422/422 423/423/423
g back
v -0.038111299 -0.224555299 0.718379319
vt 0.098082945 0.483223408
vn -0.059343062 -0.978185236 -0.199078023
v 0.000000000 -0.246033460 0.812553346
vt 0.062258024 0.398642987
vn -0.059343062 -0.978185236 -0.199078023
v -0.036228228 -0.242948085 0.808192372
vt 0.093913577 0.402165979
vn -0.059343062 -0.978185236 -0.199078023
f 424/424/424 425/425/425 426/426/426
g back
v 0.000000000 -0.212512389 0.720448792
vt 0.159300566 0.083035812
vn -0.059835747 0.978881180 0.195477486
v 0.000000000 -0.230905190 0.812553346
vt 0.159296647 0.000000022
vn -0.059835747 0.978881180 0.195477486
v 0.036228228 -0.227819815 0.808192372
vt 0.191523254 0.004213284
vn -0.059835747 0.978881180 0.195477486
f 427/427/427 428/428/428 429/429/429
g back
v 0.000000000 -0.212512389 0.720448792
vt 0.159300566 0.083035812
vn -0.068353817 0.977657318 0.198780984
v 0.036228228 -0.227819815 0.808192372
vt 0.191523254 0.004213284
vn -0.068353817 0.977657318 0.198780984
v 0.038111299 -0.209427029 0.718379319
vt 0.193202391 0.085241422
vn -0.068353817 0.977657318 0.198780984
f 430/430/430 431/431/431 432/432/432
g back
v 0.000000000 -0.227640659 0.720448792
vt 0.064767793 0.481738448
vn 0.068353817 -0.977657378 -0.198780984
v 0.038111299 -0.224555299 0.718379319
vt 0.032858010 0.484779507
vn 0.068353817 -0.977657378 -0.198780984
v 0.036228228 -0.242948085 0.808192372
vt 0.031911388 0.403645188
vn 0.068353817 -0.977657378 -0.198780984
f 433/433/433 434/434/434 435/435/435
g back
v 0.000000000 -0.227640659 0.720448792
vt 0.064767793 0.481738448
vn 0.059835747 -0.978881121 -0.195477486
v 0.036228228 -0.242948085 0.808192372
vt 0.031911388 0.403645188
vn 0.059835747 -0.978881121 -0.195477486
v 0.000000000 -0.246033460 0.812553346
vt 0.062258024 0.398642987
vn 0.059835747 -0.978881121 -0.195477486
f 436/436/436 437/437/437 438/438/438
g back
v 0.038111299 -0.209427029 0.718379319
vt 0.193202391 0.085241422
vn -0.176522598 0.965004683 0.193921924
v 0.036228228 -0.227819815 0.808192372
vt 0.191523254 0.004213284
vn -0.176522598 0.965004683 0.193921924
v 0.072456457 -0.218563706 0.795109332
vt 0.223753676 0.016853185
vn -0.176522598 0.965004683 0.193921924
f 439/439/439 440/440/440 441/441/441
g back
v 0.038111299 -0.209427029 0.718379319
vt 0.193202391 0.085241422
vn -0.199641988 0.958505273 0.203496486
v 0.072456457 -0.218563706 0.795109332
vt 0.223753676 0.016853185
vn -0.199641988 0.958505273 0.203496486
v 0.076222599 -0.200170904 0.712170720
vt 0.227108568 0.091858380
vn -0.199641988 0.958505273 0.203496486
f 442/442/442 443/443/443 444/444/444
g back
v 0.038111299 -0.224555299 0.718379319
vt 0.032858010 0.484779507
vn 0.199641988 -0.958505273 -0.203496486
v 0.076222599 -0.215299174 0.712170720
vt 0.002353632 0.492346615
vn 0.199641988 -0.958505273 -0.203496486
v 0.072456457 -0.233691975 0.795109332
vt 0.002873658 0.417172462
vn 0.199641988 -0.958505273 -0.203496486
f 445/445/445 446/446/446 447/447/447
g back
v 0.038111299 -0.224555299 0.718379319
vt 0.032858010 0.484779507
vn 0.176522583 -0.965004742 -0.193921924
v 0.072456457 -0.233691975 0.795109332
vt 0.002873658 0.417172462
vn 0.176522583 -0.965004742 -0.193921924
v 0.036228228 -0.242948085 0.808192372
vt 0.031911388 0.403645188
vn 0.176522583 -0.965004742 -0.193921924
f 448/448/448 449/449/449 450/450/450
g back
v 0.076222599 -0.200170904 0.712170720
vt 0.227108568 0.091858380
vn -0.282290787 0.939204931 0.195463404
v 0.072456457 -0.218563706 0.795109332
vt 0.223753676 0.016853185
vn -0.282290787 0.939204931 0.195463404
v 0.108684681 -0.203136846 0.773304284
vt 0.255987883 0.037919614
vn -0.282290787 0.939204931 0.195463404
f 451/451/451 452/452/452 453/453/453
g back
v 0.076222599 -0.200170904 0.712170720
vt 0.227108568 0.091858380
vn -0.316402465 0.924435019 0.212860227
v 0.108684681 -0.203136846 0.773304284
vt 0.255987883 0.037919614
vn -0.316402465 0.924435019 0.212860227
v 0.114333898 -0.184744060 0.701823056
vt 0.261019081 0.102886595
vn -0.316402465 0.924435019 0.212860227
f 454/454/454 455/455/455 456/456/456
g back
v 0.076222599 -0.215299174 0.712170720
vt 0.739881575 0.075183824
vn 0.316402465 -0.924435019 -0.212860227
v 0.114333898 -0.199872330 0.701823056
vt 0.707427502 0.088922143
vn 0.316402465 -0.924435019 -0.212860227
v 0.108684681 -0.218265116 0.773304284
vt 0.711166859 0.023586722
vn 0.316402465 -0.924435019 -0.212860227
f 457/457/457 458/458/458 459/459/459
g back
v 0.076222599 -0.215299174 0.712170720
vt 0.739881575 0.075183824
vn 0.282290787 -0.939204991 -0.195463404
v 0.108684681 -0.218265116 0.773304284
vt 0.711166859 0.023586722
vn 0.282290787 -0.939204991 -0.195463404
v 0.072456457 -0.233691975 0.795109332
vt 0.740675926 0.000000000
vn 0.282290787 -0.939204991 -0.195463404
f 460/460/460 461/461/461 462/462/462
g back
v 0.114333898 -0.184744060 0.701823056
vt 0.261019081 0.102886595
vn -0.368561387 0.906893015 0.204224318
v 0.108684681 -0.203136846 0.773304284
vt 0.255987883 0.037919614
vn -0.368561387 0.906893015 0.204224318
v 0.144912913 -0.181539252 0.742777169
vt 0.288225949 0.067412741
vn -0.368561387 0.906893015 0.204224318
f 463/463/463 464/464/464 465/465/465
g back
v 0.114333898 -0.184744060 0.701823056
vt 0.261019081 0.102886595
vn -0.409361482 0.881132364 0.236704201
v 0.144912913 -0.181539252 0.742777169
vt 0.288225949 0.067412741
vn -0.409361482 0.881132364 0.236704201
v 0.152445197 -0.163146451 0.687336385
vt 0.294933885 0.118326023
vn -0.409361482 0.881132364 0.236704201
f 466/466/466 467/467/467 468/468/468
g back
v 0.114333898 -0.199872330 0.701823056
vt 0.707427502 0.088922143
vn 0.409361452 -0.881132424 -0.236704186
v 0.152445197 -0.178274721 0.687336385
vt 0.672005713 0.107201464
vn 0.409361452 -0.881132424 -0.236704186
v 0.144912913 -0.196667522 0.742777169
vt 0.679373324 0.055700939
vn 0.409361452 -0.881132424 -0.236704186
f 469/469/469 470/470/470 471/471/471
g back
v 0.114333898 -0.199872330 0.701823056
vt 0.707427502 0.088922143
vn 0.368561357 -0.906892955 -0.204224318
v 0.144912913 -0.196667522 0.742777169
vt 0.679373324 0.055700939
vn 0.368561357 -0.906892955 -0.204224318
v 0.108684681 -0.218265116 0.773304284
vt 0.711166859 0.023586722
vn 0.368561357 -0.906892955 -0.204224318
f 472/472/472 473/473/473 474/474/474
g back
v -0.179150581 -0.097935647 0.393896312
vt 0.814354300 0.321690172
vn -0.996644318 0.000000000 0.081854753
v -0.179150581 -0.113063917 0.393896312
vt 0.801266015 0.318578482
vn -0.996644318 0.000000000 0.081854753
v -0.173672542 -0.126440495 0.460595638
vt 0.803512156 0.258246541
vn -0.996644318 0.000000000 0.081854753
f 475/475/475 476/476/476 477/477/477
g back
v -0.179150581 -0.097935647 0.393896312
vt 0.814354300 0.321690172
vn -0.996644318 0.000000000 0.081854753
v -0.173672542 -0.126440495 0.460595638
vt 0.803512156 0.258246541
vn -0.996644318 0.000000000 0.081854753
v -0.173672542 -0.111312225 0.460595638
vt 0.816600442 0.261358261
vn -0.996644318 0.000000000 0.081854753
f 478/478/478 479/479/479 480/480/480
g back
v -0.134362936 -0.119533248 0.393896312
vt 0.679537416 0.666552305
vn 0.000000000 0.000000000 -1.000000000
v -0.134362936 -0.134661511 0.393896312
vt 0.692993879 0.666552305
vn 0.000000000 0.000000000 -1.000000000
v -0.179150581 -0.113063917 0.393896312
vt 0.673783064 0.706203759
vn 0.000000000 0.000000000 -1.000000000
f 481/481/481 482/482/482 483/483/483
g back
v -0.134362936 -0.119533248 0.393896312
vt 0.679537416 0.666552305
vn 0.000000000 0.000000000 -1.000000000
v -0.179150581 -0.113063917 0.393896312
vt 0.673783064 0.706203759
vn 0.000000000 0.000000000 -1.000000000
v -0.179150581 -0.097935647 0.393896312
vt 0.660326600 0.706203759
vn 0.000000000 0.000000000 -1.000000000
f 484/484/484 485/485/485 486/486/486
g back
v -0.089575291 -0.134960100 0.393896312
vt 0.693259537 0.626900733
vn 0.000000000 0.000000000 -1.000000000
v -0.089575291 -0.150088370 0.393896312
vt 0.706716001 0.626900733
vn 0.000000000 0.000000000 -1.000000000
v -0.134362936 -0.134661511 0.393896312
vt 0.692993879 0.666552305
vn 0.000000000 0.000000000 -1.000000000
f 487/487/487 488/488/488 489/489/489
g back
v -0.089575291 -0.134960100 0.393896312
vt 0.693259537 0.626900733
vn 0.000000000 0.000000000 -1.000000000
v -0.134362936 -0.134661511 0.393896312
vt 0.692993879 0.666552305
vn 0.000000000 0.000000000 -1.000000000
v -0.134362936 -0.119533248 0.393896312
vt 0.679537416 0.666552305
vn 0.000000000 0.000000000 -1.000000000
f 490/490/490 491/491/491 492/492/492
g back
v -0.086836271 -0.148336679 0.460809976
vt 0.660326540 0.721132159
vn -0.001234151 0.000000000 0.999999285
v -0.086836271 -0.163464949 0.460809976
vt 0.673783004 0.721132159
vn -0.001234151 0.000000000 0.999999285
v -0.043418135 -0.172721058 0.460863560
vt 0.682016194 0.759571254
vn -0.001234151 0.000000000 0.999999285
f 493/493/493 494/494/494 495/495/495
g back
v -0.086836271 -0.148336679 0.460809976
vt 0.660326540 0.721132159
vn -0.001234151 0.000000000 0.999999285
v -0.043418135 -0.172721058 0.460863560
vt 0.682016194 0.759571254
vn -0.001234151 0.000000000 0.999999285
v -0.043418135 -0.157592788 0.460863560
vt 0.668559730 0.759571254
vn -0.001234151 0.000000000 0.999999285
f 496/496/496 497/497/497 498/498/498
g back
v -0.044787645 -0.144216210 0.393896312
vt 0.701492727 0.587249160
vn 0.000000000 0.000000000 -1.000000000
v -0.044787645 -0.159344479 0.393896312
vt 0.714949191 0.587249160
vn 0.000000000 0.000000000 -1.000000000
v -0.089575291 -0.150088370 0.393896312
vt 0.706716001 0.626900733
vn 0.000000000 0.000000000 -1.000000000
f 499/499/499 500/500/500 501/501/501
g back
v -0.044787645 -0.144216210 0.393896312
vt 0.701492727 0.587249160
vn 0.000000000 0.000000000 -1.000000000
v -0.089575291 -0.150088370 0.393896312
vt 0.706716001 0.626900733
vn 0.000000000 0.000000000 -1.000000000
v -0.089575291 -0.134960100 0.393896312
vt 0.693259537 0.626900733
vn 0.000000000 0.000000000 -1.000000000
f 502/502/502 503/503/503 504/504/504
g back
v -0.043418135 -0.157592788 0.460863560
vt 0.668559730 0.759571254
vn -0.000411842 0.000000000 0.999999940
v -0.043418135 -0.172721058 0.460863560
vt 0.682016194 0.759571254
vn -0.000411842 0.000000000 0.999999940
v 0.000000000 -0.175806433 0.460881442
vt 0.684760630 0.798010349
vn -0.000411842 0.000000000 0.999999940
f 505/505/505 506/506/506 507/507/507
g back
v -0.043418135 -0.157592788 0.460863560
vt 0.668559730 0.759571254
vn -0.000411842 0.000000000 0.999999940
v 0.000000000 -0.175806433 0.460881442
vt 0.684760630 0.798010349
vn -0.000411842 0.000000000 0.999999940
v 0.000000000 -0.160678163 0.460881442
vt 0.671304166 0.798010349
vn -0.000411842 0.000000000 0.999999940
f 508/508/508 509/509/509 510/510/510
g back
v 0.000000000 -0.147301584 0.393896312
vt 0.704237163 0.547597647
vn 0.000000000 0.000000000 -1.000000000
v 0.000000000 -0.162429854 0.393896312
vt 0.717693627 0.547597647
vn 0.000000000 0.000000000 -1.000000000
v -0.044787645 -0.159344479 0.393896312
vt 0.714949191 0.587249160
vn 0.000000000 0.000000000 -1.000000000
f 511/511/511 512/512/512 513/513/513
g back
v 0.000000000 -0.147301584 0.393896312
vt 0.704237163 0.547597647
vn 0.000000000 0.000000000 -1.000000000
v -0.044787645 -0.159344479 0.393896312
vt 0.714949191 0.587249160
vn 0.000000000 0.000000000 -1.000000000
v -0.044787645 -0.144216210 0.393896312
vt 0.701492727 0.587249160
vn 0.000000000 0.000000000 -1.000000000
f 514/514/514 515/515/515 516/516/516
g back
v 0.000000000 -0.160678163 0.460881442
vt 0.671304166 0.798010349
vn 0.000411842 -0.000000000 0.999999940
v 0.000000000 -0.175806433 0.460881442
vt 0.684760630 0.798010349
vn 0.000411842 -0.000000000 0.999999940
v 0.043418135 -0.172721058 0.460863560
vt 0.682016253 0.836449385
vn 0.000411842 -0.000000000 0.999999940
f 517/517/517 518/518/518 519/519/519
g back
v 0.000000000 -0.160678163 0.460881442
vt 0.671304166 0.798010349
vn 0.000411842 0.000000000 0.999999940
v 0.043418135 -0.172721058 0.460863560
vt 0.682016253 0.836449385
vn 0.000411842 0.000000000 0.999999940
v 0.043418135 -0.157592788 0.460863560
vt 0.668559790 0.836449444
vn 0.000411842 0.000000000 0.999999940
f 520/520/520 521/521/521 522/522/522
g back
v 0.044787645 -0.144216210 0.393896312
vt 0.701492727 0.507946074
vn 0.000000000 0.000000000 -1.000000000
v 0.044787645 -0.159344479 0.393896312
vt 0.714949191 0.507946074
vn 0.000000000 0.000000000 -1.000000000
v 0.000000000 -0.162429854 0.393896312
vt 0.717693627 0.547597647
vn 0.000000000 0.000000000 -1.000000000
f 523/523/523 524/524/524 525/525/525
g back
v 0.044787645 -0.144216210 0.393896312
vt 0.701492727 0.507946074
vn 0.000000000 0.000000000 -1.000000000
v 0.000000000 -0.162429854 0.393896312
vt 0.717693627 0.547597647
vn 0.000000000 0.000000000 -1.000000000
v 0.000000000 -0.147301584 0.393896312
vt 0.704237163 0.547597647
vn 0.000000000 0.000000000 -1.000000000
f 526/526/526 527/527/527 528/528/528
g back
v 0.043418135 -0.157592788 0.460863560
vt 0.668559790 0.836449444
vn 0.001234151 -0.000000000 0.999999285
v 0.043418135 -0.172721058 0.460863560
vt 0.682016253 0.836449385
vn 0.001234151 -0.000000000 0.999999285
v 0.086836271 -0.163464949 0.460809976
vt 0.673783004 0.874888539
vn 0.001234151 -0.000000000 0.999999285
f 529/529/529 530/530/530 531/531/531
g back
v 0.043418135 -0.157592788 0.460863560
vt 0.668559790 0.836449444
vn 0.001234151 0.000000000 0.999999285
v 0.086836271 -0.163464949 0.460809976
vt 0.673783004 0.874888539
vn 0.001234151 0.000000000 0.999999285
v 0.086836271 -0.148336679 0.460809976
vt 0.660326540 0.874888539
vn 0.001234151 0.000000000 0.999999285
f 532/532/532 533/533/533 534/534/534
g back
v 0.089575291 -0.134960100 0.393896312
vt 0.693259537 0.468294531
vn 0.000000000 0.000000000 -1.000000000
v 0.089575291 -0.150088370 0.393896312
vt 0.706716001 0.468294531
vn 0.000000000 0.000000000 -1.000000000
v 0.044787645 -0.159344479 0.393896312
vt 0.714949191 0.507946074
vn 0.000000000 0.000000000 -1.000000000
f 535/535/535 536/536/536 537/537/537
g back
v 0.089575291 -0.134960100 0.393896312
vt 0.693259537 0.468294531
vn 0.000000000 0.000000000 -1.000000000
v 0.044787645 -0.159344479 0.393896312
vt 0.714949191 0.507946074
vn 0.000000000 0.000000000 -1.000000000
v 0.044787645 -0.144216210 0.393896312
vt 0.701492727 0.507946074
vn 0.000000000 0.000000000 -1.000000000
f 538/538/538 539/539/539 540/540/540
g back
v 0.134362936 -0.119533248 0.393896312
vt 0.679537416 0.428642958
vn 0.000000000 0.000000000 -1.000000000
v 0.134362936 -0.134661511 0.393896312
vt 0.692993879 0.428642958
vn 0.000000000 0.000000000 -1.000000000
v 0.089575291 -0.150088370 0.393896312
vt 0.706716001 0.468294531
vn 0.000000000 0.000000000 -1.000000000
f 541/541/541 542/542/542 543/543/543
g back
v 0.134362936 -0.119533248 0.393896312
vt 0.679537416 0.428642958
vn 0.000000000 0.000000000 -1.000000000
v 0.089575291 -0.150088370 0.393896312
vt 0.706716001 0.468294531
vn 0.000000000 0.000000000 -1.000000000
v 0.089575291 -0.134960100 0.393896312
vt 0.693259537 0.468294531
vn 0.000000000 0.000000000 -1.000000000
f 544/544/544 545/545/545 546/546/546
g back
v 0.173672542 -0.111312225 0.460595638
vt 0.904455364 0.642148137
vn 0.996644318 -0.000000000 0.081854753
v 0.173672542 -0.126440495 0.460595638
vt 0.915816426 0.640580356
vn 0.996644318 -0.000000000 0.081854753
v 0.179150581 -0.113063917 0.393896312
vt 0.917286158 0.699831069
vn 0.996644318 -0.000000000 0.081854753
f 547/547/547 548/548/548 549/549/549
g back
v 0.173672542 -0.111312225 0.460595638
vt 0.904455364 0.642148137
vn 0.996644318 0.000000000 0.081854753
v 0.179150581 -0.113063917 0.393896312
vt 0.917286158 0.699831069
vn 0.996644318 0.000000000 0.081854753
v 0.179150581 -0.097935647 0.393896312
vt 0.905925035 0.701398909
vn 0.996644318 0.000000000 0.081854753
f 550/550/550 551/551/551 552/552/552
g back
v 0.179150581 -0.097935647 0.393896312
vt 0.660326600 0.388991416
vn 0.000000000 0.000000000 -1.000000000
v 0.179150581 -0.113063917 0.393896312
vt 0.673783064 0.388991416
vn 0.000000000 0.000000000 -1.000000000
v 0.134362936 -0.134661511 0.393896312
vt 0.692993879 0.428642958
vn 0.000000000 0.000000000 -1.000000000
f 553/553/553 554/554/554 555/555/555
g back
v 0.179150581 -0.097935647 0.393896312
vt 0.660326600 0.388991416
vn 0.000000000 0.000000000 -1.000000000
v 0.134362936 -0.134661511 0.393896312
vt 0.692993879 0.428642958
vn 0.000000000 0.000000000 -1.000000000
v 0.134362936 -0.119533248 0.393896312
vt 0.679537416 0.428642958
vn 0.000000000 0.000000000 -1.000000000
f 556/556/556 557/557/557 558/558/558
g back
v -0.173672542 -0.111312225 0.460595638
vt 0.816600442 0.261358261
vn -0.996465862 0.000000000 0.083999522
v -0.173672542 -0.126440495 0.460595638
vt 0.803512156 0.258246541
vn -0.996465862 0.000000000 0.083999522
v -0.168194517 -0.139817074 0.525580108
vt 0.805404305 0.199390069
vn -0.996465862 0.000000000 0.083999522
f 559/559/559 560/560/560 561/561/561
g back
v -0.173672542 -0.111312225 0.460595638
vt 0.816600442 0.261358261
vn -0.996465862 0.000000000 0.083999522
v -0.168194517 -0.139817074 0.525580108
vt 0.805404305 0.199390069
vn -0.996465862 0.000000000 0.083999522
v -0.168194517 -0.124688797 0.525580108
vt 0.818492532 0.202501789
vn -0.996465862 0.000000000 0.083999522
f 562/562/562 563/563/563 564/564/564
g back
v -0.084097259 -0.161713257 0.527294934
vt 0.165490091 0.881568670
vn 0.999152422 0.000000000 -0.041162554
v -0.084097259 -0.176841527 0.527294934
vt 0.176778316 0.879545391
vn 0.999152422 0.000000000 -0.041162554
v -0.086836271 -0.163464949 0.460809976
vt 0.176891059 0.939378321
vn 0.999152422 0.000000000 -0.041162554
f 565/565/565 566/566/566 567/567/567
g back
v -0.084097259 -0.161713257 0.527294934
vt 0.165490091 0.881568670
vn 0.999152422 0.000000000 -0.041162554
v -0.086836271 -0.163464949 0.460809976
vt 0.176891059 0.939378321
vn 0.999152422 0.000000000 -0.041162554
v -0.086836271 -0.148336679 0.460809976
vt 0.165602848 0.941401601
vn 0.999152422 0.000000000 -0.041162554
f 568/568/568 569/569/569 570/570/570
g back
v 0.086836271 -0.148336679 0.460809976
vt 0.717576325 0.868397474
vn -0.999152422 0.000000000 -0.041162554
v 0.086836271 -0.163464949 0.460809976
vt 0.704390705 0.865723610
vn -0.999152422 0.000000000 -0.041162554
v 0.084097259 -0.176841527 0.527294934
vt 0.704508066 0.805831015
vn -0.999152422 0.000000000 -0.041162554
f 571/571/571 572/572/572 573/573/573
g back
v 0.086836271 -0.148336679 0.460809976
vt 0.717576325 0.868397474
vn -0.999152422 -0.000000000 -0.041162554
v 0.084097259 -0.176841527 0.527294934
vt 0.704508066 0.805831015
vn -0.999152422 -0.000000000 -0.041162554
v 0.084097259 -0.161713257 0.527294934
vt 0.717693627 0.808504820
vn -0.999152422 -0.000000000 -0.041162554
f 574/574/574 575/575/575 576/576/576
g back
v 0.168194517 -0.124688797 0.525580108
vt 0.903217316 0.584397614
vn 0.996465862 -0.000000000 0.083999522
v 0.168194517 -0.139817074 0.525580108
vt 0.914578438 0.582829833
vn 0.996465862 -0.000000000 0.083999522
v 0.173672542 -0.126440495 0.460595638
vt 0.915816426 0.640580356
vn 0.996465862 -0.000000000 0.083999522
f 577/577/577 578/578/578 579/579/579
g back
v 0.168194517 -0.124688797 0.525580108
vt 0.903217316 0.584397614
vn 0.996465862 0.000000000 0.083999522
v 0.173672542 -0.126440495 0.460595638
vt 0.915816426 0.640580356
vn 0.996465862 0.000000000 0.083999522
v 0.173672542 -0.111312225 0.460595638
vt 0.904455364 0.642148137
vn 0.996465862 0.000000000 0.083999522
f 580/580/580 581/581/581 582/582/582
g back
v -0.168194517 -0.124688797 0.525580108
vt 0.818492532 0.202501789
vn -0.995925784 0.000000000 0.090177089
v -0.168194517 -0.139817074 0.525580108
vt 0.805404305 0.199390069
vn -0.995925784 0.000000000 0.090177089
v -0.160319865 -0.159045905 0.612548649
vt 0.806793094 0.120330296
vn -0.995925784 0.000000000 0.090177089
f 583/583/583 584/584/584 585/585/585
g back
v -0.168194517 -0.124688797 0.525580108
vt 0.818492532 0.202501789
vn -0.995925725 0.000000000 0.090177082
v -0.160319865 -0.159045905 0.612548649
vt 0.806793094 0.120330296
vn -0.995925725 0.000000000 0.090177082
v -0.160319865 -0.143917635 0.612548649
vt 0.819881320 0.123442024
vn -0.995925725 0.000000000 0.090177082
f 586/586/586 587/587/587 588/588/588
g back
v -0.080159932 -0.180942088 0.621255457
vt 0.165602833 0.796958685
vn 0.999123156 0.000000000 -0.041867305
v -0.080159932 -0.196070358 0.621255457
vt 0.176891059 0.794935465
vn 0.999123156 0.000000000 -0.041867305
v -0.084097259 -0.176841527 0.527294934
vt 0.176778316 0.879545391
vn 0.999123156 0.000000000 -0.041867305
f 589/589/589 590/590/590 591/591/591
g back
v -0.080159932 -0.180942088 0.621255457
vt 0.165602833 0.796958685
vn 0.999123156 0.000000000 -0.041867305
v -0.084097259 -0.176841527 0.527294934
vt 0.176778316 0.879545391
vn 0.999123156 0.000000000 -0.041867305
v -0.084097259 -0.161713257 0.527294934
vt 0.165490091 0.881568670
vn 0.999123156 0.000000000 -0.041867305
f 592/592/592 593/593/593 594/594/594
g back
v 0.084097259 -0.161713257 0.527294934
vt 0.717693627 0.808504820
vn -0.999123156 0.000000000 -0.041867305
v 0.084097259 -0.176841527 0.527294934
vt 0.704508066 0.805831015
vn -0.999123156 0.000000000 -0.041867305
v 0.080159932 -0.196070358 0.621255457
vt 0.704390764 0.721132219
vn -0.999123156 0.000000000 -0.041867305
f 595/595/595 596/596/596 597/597/597
g back
v 0.084097259 -0.161713257 0.527294934
vt 0.717693627 0.808504820
vn -0.999123156 -0.000000000 -0.041867305
v 0.080159932 -0.196070358 0.621255457
vt 0.704390764 0.721132219
vn -0.999123156 -0.000000000 -0.041867305
v 0.080159932 -0.180942088 0.621255457
vt 0.717576325 0.723806083
vn -0.999123156 -0.000000000 -0.041867305
f 598/598/598 599/599/599 600/600/600
g back
v 0.160319865 -0.143917635 0.612548649
vt 0.902308583 0.507020712
vn 0.995925725 -0.000000000 0.090177082
v 0.160319865 -0.159045905 0.612548649
vt 0.913669765 0.505452931
vn 0.995925725 -0.000000000 0.090177082
v 0.168194517 -0.139817074 0.525580108
vt 0.914578438 0.582829833
vn 0.995925725 -0.000000000 0.090177082
f 601/601/601 602/602/602 603/603/603
g back
v 0.160319865 -0.143917635 0.612548649
vt 0.902308583 0.507020712
vn 0.995925784 0.000000000 0.090177089
v 0.168194517 -0.139817074 0.525580108
vt 0.914578438 0.582829833
vn 0.995925784 0.000000000 0.090177089
v 0.168194517 -0.124688797 0.525580108
vt 0.903217316 0.584397614
vn 0.995925784 0.000000000 0.090177089
f 604/604/604 605/605/605 606/606/606
g back
v -0.160319865 -0.143917635 0.612548649
vt 0.819881320 0.123442024
vn -0.994502306 0.000000000 0.104714692
v -0.160319865 -0.159045905 0.612548649
vt 0.806793094 0.120330296
vn -0.994502306 0.000000000 0.104714692
v -0.152445197 -0.178274721 0.687336385
vt 0.805666804 0.051750429
vn -0.994502306 0.000000000 0.104714692
f 607/607/607 608/608/608 609/609/609
g back
v -0.160319865 -0.143917635 0.612548649
vt 0.819881320 0.123442024
vn -0.994502306 0.000000000 0.104714692
v -0.152445197 -0.178274721 0.687336385
vt 0.805666804 0.051750429
vn -0.994502306 0.000000000 0.104714692
v -0.152445197 -0.163146451 0.687336385
vt 0.818755031 0.054862157
vn -0.994502306 0.000000000 0.104714692
f 610/610/610 611/611/611 612/612/612
g back
v -0.040079966 -0.190198198 0.623432100
vt 0.008233252 0.901386619
vn 0.054227583 0.000000000 -0.998528600
v -0.040079966 -0.205326468 0.623432100
vt 0.021689720 0.901386619
vn 0.054227583 0.000000000 -0.998528600
v -0.080159932 -0.196070358 0.621255457
vt 0.013456492 0.936870337
vn 0.054227583 0.000000000 -0.998528600
f 613/613/613 614/614/614 615/615/615
g back
v -0.040079966 -0.190198198 0.623432100
vt 0.008233252 0.901386619
vn 0.054227583 0.000000000 -0.998528600
v -0.080159932 -0.196070358 0.621255457
vt 0.013456492 0.936870337
vn 0.054227583 0.000000000 -0.998528600
v -0.080159932 -0.180942088 0.621255457
vt 0.000000024 0.936870337
vn 0.054227583 0.000000000 -0.998528600
f 616/616/616 617/617/617 618/618/618
g back
v 0.000000000 -0.193283558 0.624157667
vt 0.010977651 0.865902901
vn 0.018100027 0.000000000 -0.999836147
v 0.000000000 -0.208411843 0.624157667
vt 0.024434133 0.865902901
vn 0.018100027 0.000000000 -0.999836147
v -0.040079966 -0.205326468 0.623432100
vt 0.021689720 0.901386619
vn 0.018100027 0.000000000 -0.999836147
f 619/619/619 620/620/620 621/621/621
g back
v 0.000000000 -0.193283558 0.624157667
vt 0.010977651 0.865902901
vn 0.018100027 0.000000000 -0.999836147
v -0.040079966 -0.205326468 0.623432100
vt 0.021689720 0.901386619
vn 0.018100027 0.000000000 -0.999836147
v -0.040079966 -0.190198198 0.623432100
vt 0.008233252 0.901386619
vn 0.018100027 0.000000000 -0.999836147
f 622/622/622 623/623/623 624/624/624
g back
v 0.040079966 -0.190198198 0.623432100
vt 0.008233247 0.830419183
vn -0.018100027 0.000000000 -0.999836147
v 0.040079966 -0.205326468 0.623432100
vt 0.021689717 0.830419183
vn -0.018100027 0.000000000 -0.999836147
v 0.000000000 -0.208411843 0.624157667
vt 0.024434133 0.865902901
vn -0.018100027 0.000000000 -0.999836147
f 625/625/625 626/626/626 627/627/627
g back
v 0.040079966 -0.190198198 0.623432100
vt 0.008233247 0.830419183
vn -0.018100027 -0.000000000 -0.999836147
v 0.000000000 -0.208411843 0.624157667
vt 0.024434133 0.865902901
vn -0.018100027 -0.000000000 -0.999836147
v 0.000000000 -0.193283558 0.624157667
vt 0.010977651 0.865902901
vn -0.018100027 -0.000000000 -0.999836147
f 628/628/628 629/629/629 630/630/630
g back
v 0.080159932 -0.180942088 0.621255457
vt 0.000000013 0.794935465
vn -0.054227583 0.000000000 -0.998528600
v 0.080159932 -0.196070358 0.621255457
vt 0.013456482 0.794935465
vn -0.054227583 0.000000000 -0.998528600
v 0.040079966 -0.205326468 0.623432100
vt 0.021689717 0.830419183
vn -0.054227583 0.000000000 -0.998528600
f 631/631/631 632/632/632 633/633/633
g back
v 0.080159932 -0.180942088 0.621255457
vt 0.000000013 0.794935465
vn -0.054227583 -0.000000000 -0.998528600
v 0.040079966 -0.205326468 0.623432100
vt 0.021689717 0.830419183
vn -0.054227583 -0.000000000 -0.998528600
v 0.040079966 -0.190198198 0.623432100
vt 0.008233247 0.830419183
vn -0.054227583 -0.000000000 -0.998528600
f 634/634/634 635/635/635 636/636/636
g back
v 0.152445197 -0.163146451 0.687336385
vt 0.903045595 0.440299422
vn 0.994502306 -0.000000000 0.104714692
v 0.152445197 -0.178274721 0.687336385
vt 0.914406717 0.438731611
vn 0.994502306 -0.000000000 0.104714692
v 0.160319865 -0.159045905 0.612548649
vt 0.913669765 0.505452931
vn 0.994502306 -0.000000000 0.104714692
f 637/637/637 638/638/638 639/639/639
g back
v 0.152445197 -0.163146451 0.687336385
vt 0.903045595 0.440299422
vn 0.994502306 0.000000000 0.104714692
v 0.160319865 -0.159045905 0.612548649
vt 0.913669765 0.505452931
vn 0.994502306 0.000000000 0.104714692
v 0.160319865 -0.143917635 0.612548649
vt 0.902308583 0.507020712
vn 0.994502306 0.000000000 0.104714692
f 640/640/640 641/641/641 642/642/642
g back
v -0.152445197 -0.163146451 0.687336385
vt 0.818755031 0.054862157
vn -0.990896642 0.000000000 0.134624973
v -0.152445197 -0.178274721 0.687336385
vt 0.805666804 0.051750429
vn -0.990896642 0.000000000 0.134624973
v -0.144912913 -0.196667522 0.742777169
vt 0.801266015 0.000000072
vn -0.990896642 0.000000000 0.134624973
f 643/643/643 644/644/644 645/645/645
g back
v -0.152445197 -0.163146451 0.687336385
vt 0.818755031 0.054862157
vn -0.990896642 0.000000000 0.134624973
v -0.144912913 -0.196667522 0.742777169
vt 0.801266015 0.000000072
vn -0.990896642 0.000000000 0.134624973
v -0.144912913 -0.181539252 0.742777169
vt 0.814354300 0.003111801
vn -0.990896642 0.000000000 0.134624973
f 646/646/646 647/647/647 648/648/648
g back
v -0.144912913 -0.181539252 0.742777169
vt 0.253906935 0.398643017
vn -0.644371986 0.000000000 0.764712155
v -0.144912913 -0.196667522 0.742777169
vt 0.267363399 0.398643017
vn -0.644371986 0.000000000 0.764712155
v -0.108684681 -0.218265116 0.773304284
vt 0.286574274 0.430716723
vn -0.644371986 0.000000000 0.764712155
f 649/649/649 650/650/650 651/651/651
g back
v -0.144912913 -0.181539252 0.742777169
vt 0.253906935 0.398643017
vn -0.644371986 0.000000000 0.764712155
v -0.108684681 -0.218265116 0.773304284
vt 0.286574274 0.430716723
vn -0.644371986 0.000000000 0.764712155
v -0.108684681 -0.203136846 0.773304284
vt 0.273117810 0.430716723
vn -0.644371986 0.000000000 0.764712155
f 652/652/652 653/653/653 654/654/654
g back
v -0.108684681 -0.203136846 0.773304284
vt 0.273117810 0.430716723
vn -0.515679717 0.000000000 0.856781423
v -0.108684681 -0.218265116 0.773304284
vt 0.286574274 0.430716723
vn -0.515679717 0.000000000 0.856781423
v -0.072456457 -0.233691975 0.795109332
vt 0.300296336 0.462790430
vn -0.515679717 0.000000000 0.856781423
f 655/655/655 656/656/656 657/657/657
g back
v -0.108684681 -0.203136846 0.773304284
vt 0.273117810 0.430716723
vn -0.515679717 0.000000000 0.856781423
v -0.072456457 -0.233691975 0.795109332
vt 0.300296336 0.462790430
vn -0.515679717 0.000000000 0.856781423
v -0.072456457 -0.218563706 0.795109332
vt 0.286839873 0.462790430
vn -0.515679717 0.000000000 0.856781423
f 658/658/658 659/659/659 660/660/660
g back
v -0.072456457 -0.218563706 0.795109332
vt 0.286839873 0.462790430
vn -0.339658827 0.000000000 0.940548778
v -0.072456457 -0.233691975 0.795109332
vt 0.300296336 0.462790430
vn -0.339658827 0.000000000 0.940548778
v -0.036228228 -0.242948085 0.808192372
vt 0.308529586 0.494864106
vn -0.339658827 0.000000000 0.940548778
f 661/661/661 662/662/662 663/663/663
g back
v -0.072456457 -0.218563706 0.795109332
vt 0.286839873 0.462790430
vn -0.339658827 0.000000000 0.940548778
v -0.036228228 -0.242948085 0.808192372
vt 0.308529586 0.494864106
vn -0.339658827 0.000000000 0.940548778
v -0.036228228 -0.227819815 0.808192372
vt 0.295073122 0.494864106
vn -0.339658827 0.000000000 0.940548778
f 664/664/664 665/665/665 666/666/666
g back
v -0.036228228 -0.227819815 0.808192372
vt 0.295073122 0.494864106
vn -0.119512267 0.000000000 0.992832780
v -0.036228228 -0.242948085 0.808192372
vt 0.308529586 0.494864106
vn -0.119512267 0.000000000 0.992832780
v 0.000000000 -0.246033460 0.812553346
vt 0.311273992 0.526937842
vn -0.119512267 0.000000000 0.992832780
f 667/667/667 668/668/668 669/669/669
g back
v -0.036228228 -0.227819815 0.808192372
vt 0.295073122 0.494864106
vn -0.119512267 0.000000000 0.992832780
v 0.000000000 -0.246033460 0.812553346
vt 0.311273992 0.526937842
vn -0.119512267 0.000000000 0.992832780
v 0.000000000 -0.230905190 0.812553346
vt 0.297817528 0.526937842
vn -0.119512267 0.000000000 0.992832780
f 670/670/670 671/671/671 672/672/672
g back
v 0.000000000 -0.230905190 0.812553346
vt 0.297817528 0.526937842
vn 0.119512267 -0.000000000 0.992832780
v 0.000000000 -0.246033460 0.812553346
vt 0.311273992 0.526937842
vn 0.119512267 -0.000000000 0.992832780
v 0.036228228 -0.242948085 0.808192372
vt 0.308529586 0.559011459
vn 0.119512267 -0.000000000 0.992832780
f 673/673/673 674/674/674 675/675/675
g back
v 0.000000000 -0.230905190 0.812553346
vt 0.297817528 0.526937842
vn 0.119512267 0.000000000 0.992832780
v 0.036228228 -0.242948085 0.808192372
vt 0.308529586 0.559011459
vn 0.119512267 0.000000000 0.992832780
v 0.036228228 -0.227819815 0.808192372
vt 0.295073122 0.559011459
vn 0.119512267 0.000000000 0.992832780
f 676/676/676 677/677/677 678/678/678
g back
v 0.036228228 -0.227819815 0.808192372
vt 0.295073122 0.559011459
vn 0.339658827 -0.000000000 0.940548778
v 0.036228228 -0.242948085 0.808192372
vt 0.308529586 0.559011459
vn 0.339658827 -0.000000000 0.940548778
v 0.072456457 -0.233691975 0.795109332
vt 0.300296366 0.591085196
vn 0.339658827 -0.000000000 0.940548778
f 679/679/679 680/680/680 681/681/681
g back
v 0.036228228 -0.227819815 0.808192372
vt 0.295073122 0.559011459
vn 0.339658827 0.000000000 0.940548778
v 0.072456457 -0.233691975 0.795109332
vt 0.300296366 0.591085196
vn 0.339658827 0.000000000 0.940548778
v 0.072456457 -0.218563706 0.795109332
vt 0.286839902 0.591085196
vn 0.339658827 0.000000000 0.940548778
f 682/682/682 683/683/683 684/684/684
g back
v 0.072456457 -0.218563706 0.795109332
vt 0.286839902 0.591085196
vn 0.515679717 -0.000000000 0.856781423
v 0.072456457 -0.233691975 0.795109332
vt 0.300296366 0.591085196
vn 0.515679717 -0.000000000 0.856781423
v 0.108684681 -0.218265116 0.773304284
vt 0.286574274 0.623158872
vn 0.515679717 -0.000000000 0.856781423
f 685/685/685 686/686/686 687/687/687
g back
v 0.072456457 -0.218563706 0.795109332
vt 0.286839902 0.591085196
vn 0.515679717 0.000000000 0.856781423
v 0.108684681 -0.218265116 0.773304284
vt 0.286574274 0.623158872
vn 0.515679717 0.000000000 0.856781423
v 0.108684681 -0.203136846 0.773304284
vt 0.273117810 0.623158872
vn 0.515679717 0.000000000 0.856781423
f 688/688/688 689/689/689 690/690/690
g back
v 0.108684681 -0.203136846 0.773304284
vt 0.273117810 0.623158872
vn 0.644371986 -0.000000000 0.764712155
v 0.108684681 -0.218265116 0.773304284
vt 0.286574274 0.623158872
vn 0.644371986 -0.000000000 0.764712155
v 0.144912913 -0.196667522 0.742777169
vt 0.267363429 0.655232608
vn 0.644371986 -0.000000000 0.764712155
f 691/691/691 692/692/692 693/693/693
g back
v 0.108684681 -0.203136846 0.773304284
vt 0.273117810 0.623158872
vn 0.644371986 0.000000000 0.764712155
v 0.144912913 -0.196667522 0.742777169
vt 0.267363429 0.655232608
vn 0.644371986 0.000000000 0.764712155
v 0.144912913 -0.181539252 0.742777169
vt 0.253906965 0.655232608
vn 0.644371986 0.000000000 0.764712155
f 694/694/694 695/695/695 696/696/696
g back
v 0.144912913 -0.181539252 0.742777169
vt 0.905924976 0.390559077
vn 0.990896642 -0.000000000 0.134624973
v 0.144912913 -0.196667522 0.742777169
vt 0.917286158 0.388991296
vn 0.990896642 -0.000000000 0.134624973
v 0.152445197 -0.178274721 0.687336385
vt 0.914406717 0.438731611
vn 0.990896642 -0.000000000 0.134624973
f 697/697/697 698/698/698 699/699/699
g back
v 0.144912913 -0.181539252 0.742777169
vt 0.905924976 0.390559077
vn 0.990896642 0.000000000 0.134624973
v 0.152445197 -0.178274721 0.687336385
vt 0.914406717 0.438731611
vn 0.990896642 0.000000000 0.134624973
v 0.152445197 -0.163146451 0.687336385
vt 0.903045595 0.440299422
vn 0.990896642 0.000000000 0.134624973
f 700/700/700 701/701/701 702/702/702
g frame
v -0.203902230 -0.187922999 0.001408219
vt 0.892465174 0.348299712
vn -0.079920553 -0.099900752 -0.991782486
v -0.186426789 -0.187922999 0.000000000
vt 0.878973365 0.355983406
vn -0.079920553 -0.099900752 -0.991782486
v -0.177599639 -0.203037322 0.000811127
vt 0.865481675 0.348250359
vn -0.079920553 -0.099900752 -0.991782486
f 703/703/703 704/704/704 705/705/705
g frame
v -0.203902230 -0.187922999 0.001408219
vt 0.892465174 0.348299712
vn -0.079920560 -0.099900775 -0.991782546
v -0.177599639 -0.203037322 0.000811127
vt 0.865481675 0.348250359
vn -0.079920560 -0.099900775 -0.991782546
v -0.186247915 -0.218151644 0.003030472
vt 0.865481675 0.332833648
vn -0.079920560 -0.099900775 -0.991782546
f 706/706/706 707/707/707 708/708/708
g frame
v -0.203902230 -0.187922999 0.001408219
vt 0.892465174 0.348299712
vn -0.079920545 -0.099900760 -0.991782486
v -0.186247915 -0.218151644 0.003030472
vt 0.865481675 0.332833648
vn -0.079920545 -0.099900760 -0.991782486
v -0.203723356 -0.218151644 0.004438691
vt 0.878973424 0.325149953
vn -0.079920545 -0.099900760 -0.991782486
f 709/709/709 710/710/710 711/711/711
g frame
v -0.203902230 -0.187922999 0.001408219
vt 0.892465174 0.348299712
vn -0.079920694 -0.099900775 -0.991782546
v -0.203723356 -0.218151644 0.004438691
vt 0.878973424 0.325149953
vn -0.079920694 -0.099900775 -0.991782546
v -0.212550506 -0.203037322 0.003627565
vt 0.892465174 0.332882971
vn -0.079920694 -0.099900775 -0.991782546
f 712/712/712 713/713/713 714/714/714
g frame
v -0.204592034 -0.195075065 0.111420035
vt 0.618969798 0.941511452
vn 0.079920419 0.099900380 0.991782486
v -0.196567342 -0.208815366 0.112157419
vt 0.618969798 0.927424133
vn 0.079920419 0.099900380 0.991782486
v -0.180680588 -0.208815366 0.110877223
vt 0.631172299 0.920331001
vn 0.079920419 0.099900380 0.991782486
f 715/715/715 716/716/716 717/717/717
g frame
v -0.204592034 -0.195075065 0.111420035
vt 0.618969798 0.941511452
vn 0.079920612 0.099900723 0.991782546
v -0.180680588 -0.208815366 0.110877223
vt 0.631172299 0.920331001
vn 0.079920612 0.099900723 0.991782546
v -0.172818512 -0.195075065 0.108859636
vt 0.643374801 0.927325070
vn 0.079920612 0.099900723 0.991782546
f 718/718/718 719/719/719 720/720/720
g frame
v -0.204592034 -0.195075065 0.111420035
vt 0.618969798 0.941511452
vn 0.079920620 0.099900514 0.991782546
v -0.172818512 -0.195075065 0.108859636
vt 0.643374801 0.927325070
vn 0.079920620 0.099900514 0.991782546
v -0.180843189 -0.181334779 0.108122252
vt 0.643374801 0.941412330
vn 0.079920620 0.099900514 0.991782546
f 721/721/721 722/722/722 723/723/723
g frame
v -0.204592034 -0.195075065 0.111420035
vt 0.618969798 0.941511452
vn 0.079920337 0.099900976 0.991782486
v -0.180843189 -0.181334779 0.108122252
vt 0.643374801 0.941412330
vn 0.079920337 0.099900976 0.991782486
v -0.196729958 -0.181334779 0.109402448
vt 0.631172299 0.948505521
vn 0.079920337 0.099900976 0.991782486
f 724/724/724 725/725/725 726/726/726
g frame
v -0.212550506 -0.203037322 0.003627565
vt 0.094935335 0.890827835
vn -0.861494303 -0.497748047 0.100372329
v -0.203723356 -0.218151644 0.004438691
vt 0.081451215 0.890944660
vn -0.861494303 -0.497748047 0.100372329
v -0.196567342 -0.208815366 0.112157419
vt 0.081451215 0.795041561
vn -0.861494303 -0.497748047 0.100372329
f 727/727/727 728/728/728 729/729/729
g frame
v -0.212550506 -0.203037322 0.003627565
vt 0.094935335 0.890827835
vn -0.861494064 -0.497748375 0.100372285
v -0.196567342 -0.208815366 0.112157419
vt 0.081451215 0.795041561
vn -0.861494064 -0.497748375 0.100372285
v -0.204592034 -0.195075065 0.111420035
vt 0.093709521 0.794935405
vn -0.861494064 -0.497748375 0.100372285
f 730/730/730 731/731/731 732/732/732
g frame
v -0.203723356 -0.218151644 0.004438691
vt 0.268915743 0.996095896
vn 0.006921297 -0.996280611 0.085890576
v -0.186247915 -0.218151644 0.003030472
vt 0.253906935 0.997424781
vn 0.006921297 -0.996280611 0.085890576
v -0.180680588 -0.208815366 0.110877223
vt 0.255271375 0.904824793
vn 0.006921297 -0.996280611 0.085890576
f 733/733/733 734/734/734 735/735/735
g frame
v -0.203723356 -0.218151644 0.004438691
vt 0.268915743 0.996095896
vn 0.006921285 -0.996280491 0.085890561
v -0.180680588 -0.208815366 0.110877223
vt 0.255271375 0.904824793
vn 0.006921285 -0.996280491 0.085890561
v -0.196567342 -0.208815366 0.112157419
vt 0.268915743 0.903616607
vn 0.006921285 -0.996280491 0.085890561
f 736/736/736 737/737/737 738/738/738
g frame
v -0.186247915 -0.218151644 0.003030472
vt 0.945845723 0.972506762
vn 0.867843330 -0.496834695 -0.001789415
v -0.177599639 -0.203037322 0.000811127
vt 0.930951297 0.973423004
vn 0.867843330 -0.496834695 -0.001789415
v -0.172818512 -0.195075065 0.108859636
vt 0.932305336 0.877955317
vn 0.867843330 -0.496834695 -0.001789415
f 739/739/739 740/740/740 741/741/741
g frame
v -0.186247915 -0.218151644 0.003030472
vt 0.945845723 0.972506762
vn 0.867843270 -0.496834815 -0.001789390
v -0.172818512 -0.195075065 0.108859636
vt 0.932305336 0.877955317
vn 0.867843270 -0.496834815 -0.001789390
v -0.180680588 -0.208815366 0.110877223
vt 0.945845723 0.877122343
vn 0.867843270 -0.496834815 -0.001789390
f 742/742/742 743/743/743 744/744/744
g frame
v -0.177599639 -0.203037322 0.000811127
vt 0.979946017 0.206790119
vn 0.862833440 0.499890804 -0.075017929
v -0.186426789 -0.187922999 0.000000000
vt 0.964364827 0.206886351
vn 0.862833440 0.499890804 -0.075017929
v -0.180843189 -0.181334779 0.108122252
vt 0.965781331 0.110996939
vn 0.862833440 0.499890804 -0.075017929
f 745/745/745 746/746/746 747/747/747
g frame
v -0.177599639 -0.203037322 0.000811127
vt 0.979946017 0.206790119
vn 0.862833381 0.499890804 -0.075017922
v -0.180843189 -0.181334779 0.108122252
vt 0.965781331 0.110996939
vn 0.862833381 0.499890804 -0.075017922
v -0.172818512 -0.195075065 0.108859636
vt 0.979946017 0.110909462
vn 0.862833381 0.499890804 -0.075017922
f 748/748/748 749/749/749 750/750/750
g frame
v -0.186426789 -0.187922999 0.000000000
vt 0.207482085 0.978726029
vn -0.004880770 0.998152077 -0.060568422
v -0.203902230 -0.187922999 0.001408219
vt 0.191889733 0.978543103
vn -0.004880770 0.998152077 -0.060568422
v -0.196729958 -0.181334779 0.109402448
vt 0.191889733 0.884547293
vn -0.004880770 0.998152077 -0.060568422
f 751/751/751 752/752/752 753/753/753
g frame
v -0.186426789 -0.187922999 0.000000000
vt 0.207482085 0.978726029
vn -0.004880757 0.998152137 -0.060568422
v -0.196729958 -0.181334779 0.109402448
vt 0.191889733 0.884547293
vn -0.004880757 0.998152137 -0.060568422
v -0.180843189 -0.181334779 0.108122252
vt 0.206064597 0.884713650
vn -0.004880757 0.998152137 -0.060568422
f 754/754/754 755/755/755 756/756/756
g frame
v -0.203902230 -0.187922999 0.001408219
vt 0.108471982 0.891315341
vn -0.865923941 0.499444216 0.027040185
v -0.212550506 -0.203037322 0.003627565
vt 0.094935335 0.890827835
vn -0.865923941 0.499444216 0.027040185
v -0.204592034 -0.195075065 0.111420035
vt 0.093709521 0.794935405
vn -0.865923941 0.499444216 0.027040185
f 757/757/757 758/758/758 759/759/759
g frame
v -0.203902230 -0.187922999 0.001408219
vt 0.108471982 0.891315341
vn -0.865923643 0.499444723 0.027040217
v -0.204592034 -0.195075065 0.111420035
vt 0.093709521 0.794935405
vn -0.865923643 0.499444723 0.027040217
v -0.196729958 -0.181334779 0.109402448
vt 0.106015548 0.795378506
vn -0.865923643 0.499444723 0.027040217
f 760/760/760 761/761/761 762/762/762
g frame
v -0.197238788 -0.181845456 0.107338957
vt 0.299565345 0.958494723
vn -0.197952703 -0.323576331 -0.925263822
v -0.181574702 -0.181845456 0.103987753
vt 0.287856728 0.950977683
vn -0.197952703 -0.323576331 -0.925263822
v -0.173041180 -0.195075065 0.106788635
vt 0.287856728 0.937039971
vn -0.197952703 -0.323576331 -0.925263822
f 763/763/763 764/764/764 765/765/765
g frame
v -0.197238788 -0.181845456 0.107338957
vt 0.299565345 0.958494723
vn -0.197952420 -0.323575854 -0.925264001
v -0.173041180 -0.195075065 0.106788635
vt 0.287856728 0.937039971
vn -0.197952420 -0.323575854 -0.925264001
v -0.180171758 -0.208304673 0.112940714
vt 0.299565345 0.930619359
vn -0.197952420 -0.323575854 -0.925264001
f 766/766/766 767/767/767 768/768/768
g frame
v -0.197238788 -0.181845456 0.107338957
vt 0.299565345 0.958494723
vn -0.197952718 -0.323576033 -0.925263882
v -0.180171758 -0.208304673 0.112940714
vt 0.299565345 0.930619359
vn -0.197952718 -0.323576033 -0.925263882
v -0.195835844 -0.208304673 0.116291918
vt 0.311273932 0.938136399
vn -0.197952718 -0.323576033 -0.925263882
f 769/769/769 770/770/770 771/771/771
g frame
v -0.197238788 -0.181845456 0.107338957
vt 0.299565345 0.958494723
vn -0.197952121 -0.323576033 -0.925264120
v -0.195835844 -0.208304673 0.116291918
vt 0.311273932 0.938136399
vn -0.197952121 -0.323576033 -0.925264120
v -0.204369366 -0.195075065 0.113491036
vt 0.311273932 0.952074051
vn -0.197952121 -0.323576033 -0.925264120
f 772/772/772 773/773/773 774/774/774
g frame
v -0.161399260 -0.127395958 0.377375036
vt 0.797693074 0.350991994
vn 0.197952732 0.323576510 0.925263703
v -0.153719097 -0.139302611 0.379895836
vt 0.808731556 0.344938815
vn 0.197952732 0.323576510 0.925263703
v -0.139621422 -0.139302611 0.376879752
vt 0.819770038 0.350860506
vn 0.197952732 0.323576510 0.925263703
f 775/775/775 776/776/776 777/777/777
g frame
v -0.161399260 -0.127395958 0.377375036
vt 0.797693074 0.350991994
vn 0.197951928 0.323575020 0.925264418
v -0.139621422 -0.139302611 0.376879752
vt 0.819770038 0.350860506
vn 0.197951928 0.323575020 0.925264418
v -0.133203909 -0.127395958 0.371342897
vt 0.819770038 0.362835377
vn 0.197951928 0.323575020 0.925264418
f 778/778/778 779/779/779 780/780/780
g frame
v -0.161399260 -0.127395958 0.377375036
vt 0.797693074 0.350991994
vn 0.197951794 0.323576391 0.925263941
v -0.133203909 -0.127395958 0.371342897
vt 0.819770038 0.362835377
vn 0.197951794 0.323576391 0.925263941
v -0.140884072 -0.115489319 0.368822098
vt 0.808731556 0.368888587
vn 0.197951794 0.323576391 0.925263941
f 781/781/781 782/782/782 783/783/783
g frame
v -0.161399260 -0.127395958 0.377375036
vt 0.797693074 0.350991994
vn 0.197952852 0.323574811 0.925264299
v -0.140884072 -0.115489319 0.368822098
vt 0.808731556 0.368888587
vn 0.197952852 0.323574811 0.925264299
v -0.154981747 -0.115489319 0.371838182
vt 0.797693074 0.362966865
vn 0.197952852 0.323574811 0.925264299
f 784/784/784 785/785/785 786/786/786
g frame
v -0.204369366 -0.195075065 0.113491036
vt 0.846976340 0.242510065
vn -0.835564911 -0.483885914 0.260164589
v -0.195835844 -0.208304673 0.116291918
vt 0.834880173 0.242638052
vn -0.835564911 -0.483885914 0.260164589
v -0.153719097 -0.139302611 0.379895836
vt 0.837357581 0.000115184
vn -0.835564911 -0.483885914 0.260164589
f 787/787/787 788/788/788 789/789/789
g frame
v -0.204369366 -0.195075065 0.113491036
vt 0.846976340 0.242510065
vn -0.835565269 -0.483885348 0.260164529
v -0.153719097 -0.139302611 0.379895836
vt 0.837357581 0.000115184
vn -0.835565269 -0.483885348 0.260164529
v -0.161399260 -0.127395958 0.377375036
vt 0.848244071 0.000000008
vn -0.835565269 -0.483885348 0.260164529
f 790/790/790 791/791/791 792/792/792
g frame
v -0.195835844 -0.208304673 0.116291918
vt 0.915945828 0.935689628
vn 0.052423641 -0.968095362 0.245036826
v -0.180171758 -0.208304673 0.112940714
vt 0.902308822 0.938171566
vn 0.052423641 -0.968095362 0.245036826
v -0.139621422 -0.139302611 0.376879752
vt 0.902308822 0.718561113
vn 0.052423641 -0.968095362 0.245036826
f 793/793/793 794/794/794 795/795/795
g frame
v -0.195835844 -0.208304673 0.116291918
vt 0.915945828 0.935689628
vn 0.052423652 -0.968095362 0.245036796
v -0.139621422 -0.139302611 0.376879752
vt 0.902308822 0.718561113
vn 0.052423652 -0.968095362 0.245036796
v -0.153719097 -0.139302611 0.379895836
vt 0.914582193 0.716327429
vn 0.052423652 -0.968095362 0.245036796
f 796/796/796 797/797/797 798/798/798
g frame
v -0.180171758 -0.208304673 0.112940714
vt 0.488398492 0.919272184
vn 0.878291488 -0.478021681 -0.009966396
v -0.173041180 -0.195075065 0.106788635
vt 0.474675626 0.921378374
vn 0.878291488 -0.478021681 -0.009966396
v -0.133203909 -0.127395958 0.371342897
vt 0.474675596 0.680275381
vn 0.878291488 -0.478021681 -0.009966396
f 799/799/799 800/800/800 801/801/801
g frame
v -0.180171758 -0.208304673 0.112940714
vt 0.488398492 0.919272184
vn 0.878291786 -0.478021204 -0.009966630
v -0.133203909 -0.127395958 0.371342897
vt 0.474675596 0.680275381
vn 0.878291786 -0.478021204 -0.009966630
v -0.139621422 -0.139302611 0.376879752
vt 0.487026185 0.678379834
vn 0.878291786 -0.478021204 -0.009966630
f 802/802/802 803/803/803 804/804/804
g frame
v -0.173041180 -0.195075065 0.106788635
vt 0.517607272 0.916251063
vn 0.836843491 0.486749262 -0.250535816
v -0.181574702 -0.181845456 0.103987753
vt 0.503397107 0.916803360
vn 0.836843491 0.486749262 -0.250535816
v -0.140884072 -0.115489319 0.368822098
vt 0.504818141 0.678876936
vn 0.836843491 0.486749262 -0.250535816
f 805/805/805 806/806/806 807/807/807
g frame
v -0.173041180 -0.195075065 0.106788635
vt 0.517607272 0.916251063
vn 0.836843550 0.486748964 -0.250535756
v -0.140884072 -0.115489319 0.368822098
vt 0.504818141 0.678876936
vn 0.836843550 0.486748964 -0.250535756
v -0.133203909 -0.127395958 0.371342897
vt 0.517607272 0.678379774
vn 0.836843550 0.486748964 -0.250535756
f 808/808/808 809/809/809 810/810/810
g frame
v -0.181574702 -0.181845456 0.103987753
vt 0.633198678 0.905402720
vn -0.050371896 0.970581114 -0.235446632
v -0.197238788 -0.181845456 0.107338957
vt 0.618969798 0.904803336
vn -0.050371896 0.970581114 -0.235446632
v -0.154981747 -0.115489319 0.371838182
vt 0.618969798 0.678379893
vn -0.050371896 0.970581114 -0.235446632
f 811/811/811 812/812/812 813/813/813
g frame
v -0.181574702 -0.181845456 0.103987753
vt 0.633198678 0.905402720
vn -0.050371908 0.970581114 -0.235446602
v -0.154981747 -0.115489319 0.371838182
vt 0.618969798 0.678379893
vn -0.050371908 0.970581114 -0.235446602
v -0.140884072 -0.115489319 0.368822098
vt 0.631775737 0.678919315
vn -0.050371908 0.970581114 -0.235446602
f 814/814/814 815/815/815 816/816/816
g frame
v -0.197238788 -0.181845456 0.107338957
vt 0.859653950 0.244702443
vn -0.876346529 0.481296152 0.019262269
v -0.204369366 -0.195075065 0.113491036
vt 0.846976340 0.242510065
vn -0.876346529 0.481296152 0.019262269
v -0.161399260 -0.127395958 0.377375036
vt 0.848244071 0.000000008
vn -0.876346529 0.481296152 0.019262269
f 817/817/817 818/818/818 819/819/819
g frame
v -0.197238788 -0.181845456 0.107338957
vt 0.859653950 0.244702443
vn -0.876346409 0.481295973 0.019262308
v -0.161399260 -0.127395958 0.377375036
vt 0.848244071 0.000000008
vn -0.876346409 0.481295973 0.019262308
v -0.154981747 -0.115489319 0.371838182
vt 0.859653950 0.001973152
vn -0.876346409 0.481295973 0.019262308
f 820/820/820 821/821/821 822/822/822
g frame
v -0.203723356 0.218151644 0.004438691
vt 0.920955718 0.355983377
vn -0.079920545 0.099900782 -0.991782486
v -0.186247915 0.218151644 0.003030472
vt 0.907463908 0.348299682
vn -0.079920545 0.099900782 -0.991782486
v -0.177599639 0.203037322 0.000811127
vt 0.907463908 0.332882941
vn -0.079920545 0.099900782 -0.991782486
f 823/823/823 824/824/824 825/825/825
g frame
v -0.203723356 0.218151644 0.004438691
vt 0.920955718 0.355983377
vn -0.079920553 0.099900760 -0.991782546
v -0.177599639 0.203037322 0.000811127
vt 0.907463908 0.332882941
vn -0.079920553 0.099900760 -0.991782546
v -0.186426789 0.187922999 0.000000000
vt 0.920955718 0.325149924
vn -0.079920553 0.099900760 -0.991782546
f 826/826/826 827/827/827 828/828/828
g frame
v -0.203723356 0.218151644 0.004438691
vt 0.920955718 0.355983377
vn -0.079920553 0.099900767 -0.991782486
v -0.186426789 0.187922999 0.000000000
vt 0.920955718 0.325149924
vn -0.079920553 0.099900767 -0.991782486
v -0.203902230 0.187922999 0.001408219
vt 0.934447467 0.332833618
vn -0.079920553 0.099900767 -0.991782486
f 829/829/829 830/830/830 831/831/831
g frame
v -0.203723356 0.218151644 0.004438691
vt 0.920955718 0.355983377
vn -0.079920694 0.099900767 -0.991782546
v -0.203902230 0.187922999 0.001408219
vt 0.934447467 0.332833618
vn -0.079920694 0.099900767 -0.991782546
v -0.212550506 0.203037322 0.003627565
vt 0.934447467 0.348250329
vn -0.079920694 0.099900767 -0.991782546
f 832/832/832 833/833/833 834/834/834
g frame
v -0.204592034 0.195075065 0.111420035
vt 0.732692361 0.928762853
vn 0.079920337 -0.099900968 0.991782486
v -0.196729958 0.181334779 0.109402448
vt 0.744894862 0.921768785
vn 0.079920337 -0.099900968 0.991782486
v -0.180843189 0.181334779 0.108122252
vt 0.757097363 0.928861916
vn 0.079920337 -0.099900968 0.991782486
f 835/835/835 836/836/836 837/837/837
g frame
v -0.204592034 0.195075065 0.111420035
vt 0.732692361 0.928762853
vn 0.079920620 -0.099900514 0.991782546
v -0.180843189 0.181334779 0.108122252
vt 0.757097363 0.928861916
vn 0.079920620 -0.099900514 0.991782546
v -0.172818512 0.195075065 0.108859636
vt 0.757097363 0.942949235
vn 0.079920620 -0.099900514 0.991782546
f 838/838/838 839/839/839 840/840/840
g frame
v -0.204592034 0.195075065 0.111420035
vt 0.732692361 0.928762853
vn 0.079920612 -0.099900715 0.991782546
v -0.172818512 0.195075065 0.108859636
vt 0.757097363 0.942949235
vn 0.079920612 -0.099900715 0.991782546
v -0.180680588 0.208815366 0.110877223
vt 0.744894862 0.949943244
vn 0.079920612 -0.099900715 0.991782546
f 841/841/841 842/842/842 843/843/843
g frame
v -0.204592034 0.195075065 0.111420035
vt 0.732692361 0.928762853
vn 0.079920419 -0.099900387 0.991782486
v -0.180680588 0.208815366 0.110877223
vt 0.744894862 0.949943244
vn 0.079920419 -0.099900387 0.991782486
v -0.196567342 0.208815366 0.112157419
vt 0.732692361 0.942850113
vn 0.079920419 -0.099900387 0.991782486
f 844/844/844 845/845/845 846/846/846
g frame
v -0.212550506 0.203037322 0.003627565
vt 0.137007296 0.890827835
vn -0.865923941 -0.499444246 0.027040269
v -0.203902230 0.187922999 0.001408219
vt 0.123470642 0.891315341
vn -0.865923941 -0.499444246 0.027040269
v -0.196729958 0.181334779 0.109402448
vt 0.125927091 0.795378506
vn -0.865923941 -0.499444246 0.027040269
f 847/847/847 848/848/848 849/849/849
g frame
v -0.212550506 0.203037322 0.003627565
vt 0.137007296 0.890827835
vn -0.865923643 -0.499444723 0.027040124
v -0.196729958 0.181334779 0.109402448
vt 0.125927091 0.795378506
vn -0.865923643 -0.499444723 0.027040124
v -0.204592034 0.195075065 0.111420035
vt 0.138233125 0.794935405
vn -0.865923643 -0.499444723 0.027040124
f 850/850/850 851/851/851 852/852/852
g frame
v -0.203902230 0.187922999 0.001408219
vt 0.237530902 0.979767442
vn -0.004880770 -0.998152137 -0.060568422
v -0.186426789 0.187922999 0.000000000
vt 0.222480759 0.980499685
vn -0.004880770 -0.998152137 -0.060568422
v -0.180843189 0.181334779 0.108122252
vt 0.223848954 0.885212898
vn -0.004880770 -0.998152137 -0.060568422
f 853/853/853 854/854/854 855/855/855
g frame
v -0.203902230 0.187922999 0.001408219
vt 0.237530902 0.979767442
vn -0.004880757 -0.998152137 -0.060568422
v -0.180843189 0.181334779 0.108122252
vt 0.223848954 0.885212898
vn -0.004880757 -0.998152137 -0.060568422
v -0.196729958 0.181334779 0.109402448
vt 0.237530902 0.884547234
vn -0.004880757 -0.998152137 -0.060568422
f 856/856/856 857/857/857 858/858/858
g frame
v -0.186426789 0.187922999 0.000000000
vt 0.675183892 0.985918880
vn 0.862833440 -0.499890834 -0.075017937
v -0.177599639 0.203037322 0.000811127
vt 0.660326600 0.985827148
vn 0.862833440 -0.499890834 -0.075017937
v -0.172818512 0.195075065 0.108859636
vt 0.660326600 0.889816999
vn 0.862833440 -0.499890834 -0.075017937
f 859/859/859 860/860/860 861/861/861
g frame
v -0.186426789 0.187922999 0.000000000
vt 0.675183892 0.985918880
vn 0.862833440 -0.499890804 -0.075017922
v -0.172818512 0.195075065 0.108859636
vt 0.660326600 0.889816999
vn 0.862833440 -0.499890804 -0.075017922
v -0.180843189 0.181334779 0.108122252
vt 0.673833251 0.889900386
vn 0.862833440 -0.499890804 -0.075017922
f 862/862/862 863/863/863 864/864/864
g frame
v -0.177599639 0.203037322 0.000811127
vt 0.850483000 0.355983347
vn 0.867843330 0.496834725 -0.001789396
v -0.186247915 0.218151644 0.003030472
vt 0.834879994 0.355563313
vn 0.867843330 0.496834725 -0.001789396
v -0.180680588 0.208815366 0.110877223
vt 0.834879994 0.259630799
vn 0.867843330 0.496834725 -0.001789396
f 865/865/865 866/866/866 867/867/867
g frame
v -0.177599639 0.203037322 0.000811127
vt 0.850483000 0.355983347
vn 0.867843270 0.496834815 -0.001789405
v -0.180680588 0.208815366 0.110877223
vt 0.834879994 0.259630799
vn 0.867843270 0.496834815 -0.001789405
v -0.172818512 0.195075065 0.108859636
vt 0.849064589 0.260012627
vn 0.867843270 0.496834815 -0.001789405
f 868/868/868 869/869/869 870/870/870
g frame
v -0.186247915 0.218151644 0.003030472
vt 0.979956806 0.095981084
vn 0.006921297 0.996280611 0.085890576
v -0.203723356 0.218151644 0.004438691
vt 0.964364767 0.095774189
vn 0.006921297 0.996280611 0.085890576
v -0.196567342 0.208815366 0.112157419
vt 0.964364767 0.000000037
vn 0.006921297 0.996280611 0.085890576
f 871/871/871 872/872/872 873/873/873
g frame
v -0.186247915 0.218151644 0.003030472
vt 0.979956806 0.095981084
vn 0.006921286 0.996280551 0.085890569
v -0.196567342 0.208815366 0.112157419
vt 0.964364767 0.000000037
vn 0.006921286 0.996280551 0.085890569
v -0.180680588 0.208815366 0.110877223
vt 0.978539348 0.000188117
vn 0.006921286 0.996280551 0.085890569
f 874/874/874 875/875/875 876/876/876
g frame
v -0.203723356 0.218151644 0.004438691
vt 0.150491416 0.890944660
vn -0.861494184 0.497748017 0.100372277
v -0.212550506 0.203037322 0.003627565
vt 0.137007296 0.890827835
vn -0.861494184 0.497748017 0.100372277
v -0.204592034 0.195075065 0.111420035
vt 0.138233125 0.794935405
vn -0.861494184 0.497748017 0.100372277
f 877/877/877 878/878/878 879/879/879
g frame
v -0.203723356 0.218151644 0.004438691
vt 0.150491416 0.890944660
vn -0.861494005 0.497748315 0.100372329
v -0.204592034 0.195075065 0.111420035
vt 0.138233125 0.794935405
vn -0.861494005 0.497748315 0.100372329
v -0.196567342 0.208815366 0.112157419
vt 0.150491416 0.795041561
vn -0.861494005 0.497748315 0.100372329
f 880/880/880 881/881/881 882/882/882
g frame
v -0.195835844 0.208304673 0.116291918
vt 0.584549785 0.954497933
vn -0.197952732 0.323575675 -0.925264001
v -0.180171758 0.208304673 0.112940714
vt 0.572841227 0.962014973
vn -0.197952732 0.323575675 -0.925264001
v -0.173041180 0.195075065 0.106788635
vt 0.561132550 0.955594361
vn -0.197952732 0.323575675 -0.925264001
f 883/883/883 884/884/884 885/885/885
g frame
v -0.195835844 0.208304673 0.116291918
vt 0.584549785 0.954497933
vn -0.197952390 0.323576212 -0.925263941
v -0.173041180 0.195075065 0.106788635
vt 0.561132550 0.955594361
vn -0.197952390 0.323576212 -0.925263941
v -0.181574702 0.181845456 0.103987753
vt 0.561132550 0.941656709
vn -0.197952390 0.323576212 -0.925263941
f 886/886/886 887/887/887 888/888/888
g frame
v -0.195835844 0.208304673 0.116291918
vt 0.584549785 0.954497933
vn -0.197952718 0.323576003 -0.925263882
v -0.181574702 0.181845456 0.103987753
vt 0.561132550 0.941656709
vn -0.197952718 0.323576003 -0.925263882
v -0.197238788 0.181845456 0.107338957
vt 0.572841227 0.934139669
vn -0.197952718 0.323576003 -0.925263882
f 889/889/889 890/890/890 891/891/891
g frame
v -0.195835844 0.208304673 0.116291918
vt 0.584549785 0.954497933
vn -0.197952092 0.323576033 -0.925264060
v -0.197238788 0.181845456 0.107338957
vt 0.572841227 0.934139669
vn -0.197952092 0.323576033 -0.925264060
v -0.204369366 0.195075065 0.113491036
vt 0.584549785 0.940560281
vn -0.197952092 0.323576033 -0.925264060
f 892/892/892 893/893/893 894/894/894
g frame
v -0.161399260 0.127395958 0.377375036
vt 0.865481794 0.304168403
vn 0.197952852 -0.323574841 0.925264299
v -0.154981747 0.115489319 0.371838182
vt 0.865481794 0.292193472
vn 0.197952852 -0.323574841 0.925264299
v -0.140884072 0.115489319 0.368822098
vt 0.876520276 0.286271811
vn 0.197952852 -0.323574841 0.925264299
f 895/895/895 896/896/896 897/897/897
g frame
v -0.161399260 0.127395958 0.377375036
vt 0.865481794 0.304168403
vn 0.197951823 -0.323576391 0.925263941
v -0.140884072 0.115489319 0.368822098
vt 0.876520276 0.286271811
vn 0.197951823 -0.323576391 0.925263941
v -0.133203909 0.127395958 0.371342897
vt 0.887558758 0.292324960
vn 0.197951823 -0.323576391 0.925263941
f 898/898/898 899/899/899 900/900/900
g frame
v -0.161399260 0.127395958 0.377375036
vt 0.865481794 0.304168403
vn 0.197951928 -0.323575020 0.925264418
v -0.133203909 0.127395958 0.371342897
vt 0.887558758 0.292324960
vn 0.197951928 -0.323575020 0.925264418
v -0.139621422 0.139302611 0.376879752
vt 0.887558758 0.304299861
vn 0.197951928 -0.323575020 0.925264418
f 901/901/901 902/902/902 903/903/903
g frame
v -0.161399260 0.127395958 0.377375036
vt 0.865481794 0.304168403
vn 0.197952732 -0.323576540 0.925263703
v -0.139621422 0.139302611 0.376879752
vt 0.887558758 0.304299861
vn 0.197952732 -0.323576540 0.925263703
v -0.153719097 0.139302611 0.379895836
vt 0.876520276 0.310221553
vn 0.197952732 -0.323576540 0.925263703
f 904/904/904 905/905/905 906/906/906
g frame
v -0.204369366 0.195075065 0.113491036
vt 0.838922501 0.631501555
vn -0.876346409 -0.481296152 0.019262269
v -0.197238788 0.181845456 0.107338957
vt 0.826244831 0.633693933
vn -0.876346409 -0.481296152 0.019262269
v -0.154981747 0.115489319 0.371838182
vt 0.826244831 0.390964597
vn -0.876346409 -0.481296152 0.019262269
f 907/907/907 908/908/908 909/909/909
g frame
v -0.204369366 0.195075065 0.113491036
vt 0.838922501 0.631501555
vn -0.876346409 -0.481295973 0.019262316
v -0.154981747 0.115489319 0.371838182
vt 0.826244831 0.390964597
vn -0.876346409 -0.481295973 0.019262316
v -0.161399260 0.127395958 0.377375036
vt 0.837654650 0.388991445
vn -0.876346409 -0.481295973 0.019262316
f 910/910/910 911/911/911 912/912/912
g frame
v -0.197238788 0.181845456 0.107338957
vt 0.376767188 0.922603428
vn -0.050371896 -0.970581114 -0.235446632
v -0.181574702 0.181845456 0.103987753
vt 0.362918735 0.923239052
vn -0.050371896 -0.970581114 -0.235446632
v -0.140884072 0.115489319 0.368822098
vt 0.364303619 0.678951979
vn -0.050371896 -0.970581114 -0.235446632
f 913/913/913 914/914/914 915/915/915
g frame
v -0.197238788 0.181845456 0.107338957
vt 0.376767188 0.922603428
vn -0.050371908 -0.970581055 -0.235446602
v -0.140884072 0.115489319 0.368822098
vt 0.364303619 0.678951979
vn -0.050371908 -0.970581055 -0.235446602
v -0.154981747 0.115489319 0.371838182
vt 0.376767188 0.678379953
vn -0.050371908 -0.970581055 -0.235446602
f 916/916/916 917/917/917 918/918/918
g frame
v -0.181574702 0.181845456 0.103987753
vt 0.574763417 0.919211328
vn 0.836843550 -0.486749262 -0.250535816
v -0.173041180 0.195075065 0.106788635
vt 0.561132550 0.917756677
vn 0.836843550 -0.486749262 -0.250535816
v -0.133203909 0.127395958 0.371342897
vt 0.562495649 0.678379893
vn 0.836843550 -0.486749262 -0.250535816
f 919/919/919 920/920/920 921/921/921
g frame
v -0.181574702 0.181845456 0.103987753
vt 0.574763417 0.919211328
vn 0.836843610 -0.486749053 -0.250535786
v -0.133203909 0.127395958 0.371342897
vt 0.562495649 0.678379893
vn 0.836843610 -0.486749053 -0.250535786
v -0.140884072 0.115489319 0.368822098
vt 0.574763417 0.679689050
vn 0.836843610 -0.486749053 -0.250535786
f 922/922/922 923/923/923 924/924/924
g frame
v -0.173041180 0.195075065 0.106788635
vt 0.311273932 0.915691078
vn 0.878291428 0.478021711 -0.009966436
v -0.180171758 0.208304673 0.112940714
vt 0.296916723 0.914235473
vn 0.878291428 0.478021711 -0.009966436
v -0.139621422 0.139302611 0.376879752
vt 0.298352450 0.670161068
vn 0.878291428 0.478021711 -0.009966436
f 925/925/925 926/926/926 927/927/927
g frame
v -0.173041180 0.195075065 0.106788635
vt 0.311273932 0.915691078
vn 0.878291786 0.478021175 -0.009966586
v -0.139621422 0.139302611 0.376879752
vt 0.298352450 0.670161068
vn 0.878291786 0.478021175 -0.009966586
v -0.133203909 0.127395958 0.371342897
vt 0.311273932 0.671471119
vn 0.878291786 0.478021175 -0.009966586
f 928/928/928 929/929/929 930/930/930
g frame
v -0.180171758 0.208304673 0.112940714
vt 0.347920090 0.921838760
vn 0.052423637 0.968095422 0.245036811
v -0.195835844 0.208304673 0.116291918
vt 0.333704412 0.920984864
vn 0.052423637 0.968095422 0.245036811
v -0.153719097 0.139302611 0.379895836
vt 0.335125983 0.678379953
vn 0.052423637 0.968095422 0.245036811
f 931/931/931 932/932/932 933/933/933
g frame
v -0.180171758 0.208304673 0.112940714
vt 0.347920090 0.921838760
vn 0.052423652 0.968095362 0.245036796
v -0.153719097 0.139302611 0.379895836
vt 0.335125983 0.678379953
vn 0.052423652 0.968095362 0.245036796
v -0.139621422 0.139302611 0.376879752
vt 0.347920090 0.679148436
vn 0.052423652 0.968095362 0.245036796
f 934/934/934 935/935/935 936/936/936
g frame
v -0.195835844 0.208304673 0.116291918
vt 0.851018667 0.631629527
vn -0.835564911 0.483885974 0.260164618
v -0.204369366 0.195075065 0.113491036
vt 0.838922501 0.631501555
vn -0.835564911 0.483885974 0.260164618
v -0.161399260 0.127395958 0.377375036
vt 0.837654650 0.388991445
vn -0.835564911 0.483885974 0.260164618
f 937/937/937 938/938/938 939/939/939
g frame
v -0.195835844 0.208304673 0.116291918
vt 0.851018667 0.631629527
vn -0.835565329 0.483885318 0.260164469
v -0.161399260 0.127395958 0.377375036
vt 0.837654650 0.388991445
vn -0.835565329 0.483885318 0.260164469
v -0.153719097 0.139302611 0.379895836
vt 0.848541200 0.389106631
vn -0.835565329 0.483885318 0.260164469
f 940/940/940 941/941/941 942/942/942
g frame
v 0.186426789 -0.187922999 0.000000000
vt 0.094943002 0.937077105
vn 0.079920553 -0.099900827 -0.991782486
v 0.203902230 -0.187922999 0.001408219
vt 0.081451237 0.929393470
vn 0.079920553 -0.099900827 -0.991782486
v 0.212550506 -0.203037322 0.003627565
vt 0.081451237 0.913976789
vn 0.079920553 -0.099900827 -0.991782486
f 943/943/943 944/944/944 945/945/945
g frame
v 0.186426789 -0.187922999 0.000000000
vt 0.094943002 0.937077105
vn 0.079920620 -0.099900723 -0.991782546
v 0.212550506 -0.203037322 0.003627565
vt 0.081451237 0.913976789
vn 0.079920620 -0.099900723 -0.991782546
v 0.203723356 -0.218151644 0.004438691
vt 0.094942987 0.906243742
vn 0.079920620 -0.099900723 -0.991782546
f 946/946/946 947/947/947 948/948/948
g frame
v 0.186426789 -0.187922999 0.000000000
vt 0.094943002 0.937077105
vn 0.079920545 -0.099900767 -0.991782486
v 0.203723356 -0.218151644 0.004438691
vt 0.094942987 0.906243742
vn 0.079920545 -0.099900767 -0.991782486
v 0.186247915 -0.218151644 0.003030472
vt 0.108434752 0.913927436
vn 0.079920545 -0.099900767 -0.991782486
f 949/949/949 950/950/950 951/951/951
g frame
v 0.186426789 -0.187922999 0.000000000
vt 0.094943002 0.937077105
vn 0.079920582 -0.099900767 -0.991782546
v 0.186247915 -0.218151644 0.003030472
vt 0.108434752 0.913927436
vn 0.079920582 -0.099900767 -0.991782546
v 0.177599639 -0.203037322 0.000811127
vt 0.108434752 0.929344118
vn 0.079920582 -0.099900767 -0.991782546
f 952/952/952 953/953/953 954/954/954
g frame
v 0.172818512 -0.195075065 0.108859636
vt 0.039432824 0.913523555
vn -0.079920419 0.099900827 0.991782486
v 0.180680588 -0.208815366 0.110877223
vt 0.051635329 0.906529486
vn -0.079920419 0.099900827 0.991782486
v 0.196567342 -0.208815366 0.112157419
vt 0.063837819 0.913622677
vn -0.079920419 0.099900827 0.991782486
f 955/955/955 956/956/956 957/957/957
g frame
v 0.172818512 -0.195075065 0.108859636
vt 0.039432824 0.913523555
vn -0.079920612 0.099900499 0.991782546
v 0.196567342 -0.208815366 0.112157419
vt 0.063837819 0.913622677
vn -0.079920612 0.099900499 0.991782546
v 0.204592034 -0.195075065 0.111420035
vt 0.063837826 0.927709937
vn -0.079920612 0.099900499 0.991782546
f 958/958/958 959/959/959 960/960/960
g frame
v 0.172818512 -0.195075065 0.108859636
vt 0.039432824 0.913523555
vn -0.079920612 0.099900812 0.991782427
v 0.204592034 -0.195075065 0.111420035
vt 0.063837826 0.927709937
vn -0.079920612 0.099900812 0.991782427
v 0.196729958 -0.181334779 0.109402448
vt 0.051635329 0.934704006
vn -0.079920612 0.099900812 0.991782427
f 961/961/961 962/962/962 963/963/963
g frame
v 0.172818512 -0.195075065 0.108859636
vt 0.039432824 0.913523555
vn -0.079920344 0.099900365 0.991782606
v 0.196729958 -0.181334779 0.109402448
vt 0.051635329 0.934704006
vn -0.079920344 0.099900365 0.991782606
v 0.180843189 -0.181334779 0.108122252
vt 0.039432824 0.927610755
vn -0.079920344 0.099900365 0.991782606
f 964/964/964 965/965/965 966/966/966
g frame
v 0.177599639 -0.203037322 0.000811127
vt 0.053024568 0.891600966
vn -0.867843330 -0.496834725 -0.001789396
v 0.186247915 -0.218151644 0.003030472
vt 0.039432790 0.890487552
vn -0.867843330 -0.496834725 -0.001789396
v 0.180680588 -0.208815366 0.110877223
vt 0.039432790 0.794935286
vn -0.867843330 -0.496834725 -0.001789396
f 967/967/967 968/968/968 969/969/969
g frame
v 0.177599639 -0.203037322 0.000811127
vt 0.053024568 0.891600966
vn -0.867843270 -0.496834815 -0.001789405
v 0.180680588 -0.208815366 0.110877223
vt 0.039432790 0.794935286
vn -0.867843270 -0.496834815 -0.001789405
v 0.172818512 -0.195075065 0.108859636
vt 0.051788956 0.795947492
vn -0.867843270 -0.496834815 -0.001789405
f 970/970/970 971/971/971 972/972/972
g frame
v 0.186247915 -0.218151644 0.003030472
vt 0.850999057 0.999395132
vn -0.006921297 -0.996280611 0.085890576
v 0.203723356 -0.218151644 0.004438691
vt 0.836061358 1.000000000
vn -0.006921297 -0.996280611 0.085890576
v 0.196567342 -0.208815366 0.112157419
vt 0.837419271 0.906648397
vn -0.006921297 -0.996280611 0.085890576
f 973/973/973 974/974/974 975/975/975
g frame
v 0.186247915 -0.218151644 0.003030472
vt 0.850999057 0.999395132
vn -0.006921286 -0.996280551 0.085890569
v 0.196567342 -0.208815366 0.112157419
vt 0.837419271 0.906648397
vn -0.006921286 -0.996280551 0.085890569
v 0.180680588 -0.208815366 0.110877223
vt 0.850999057 0.906098545
vn -0.006921286 -0.996280551 0.085890569
f 976/976/976 977/977/977 978/978/978
g frame
v 0.203723356 -0.218151644 0.004438691
vt 0.999913096 0.948651612
vn 0.861494184 -0.497748017 0.100372277
v 0.212550506 -0.203037322 0.003627565
vt 0.985049903 0.949606240
vn 0.861494184 -0.497748017 0.100372277
v 0.204592034 -0.195075065 0.111420035
vt 0.986401081 0.855303109
vn 0.861494184 -0.497748017 0.100372277
f 979/979/979 980/980/980 981/981/981
g frame
v 0.203723356 -0.218151644 0.004438691
vt 0.999913096 0.948651612
vn 0.861494005 -0.497748315 0.100372329
v 0.204592034 -0.195075065 0.111420035
vt 0.986401081 0.855303109
vn 0.861494005 -0.497748315 0.100372329
v 0.196567342 -0.208815366 0.112157419
vt 0.999913096 0.854435205
vn 0.861494005 -0.497748315 0.100372329
f 982/982/982 983/983/983 984/984/984
g frame
v 0.212550506 -0.203037322 0.003627565
vt 0.976546228 0.484830767
vn 0.865923941 0.499444246 0.027040269
v 0.203902230 -0.187922999 0.001408219
vt 0.960945189 0.485215068
vn 0.865923941 0.499444246 0.027040269
v 0.196729958 -0.181334779 0.109402448
vt 0.962363482 0.389340758
vn 0.865923941 0.499444246 0.027040269
f 985/985/985 986/986/986 987/987/987
g frame
v 0.212550506 -0.203037322 0.003627565
vt 0.976546228 0.484830767
vn 0.865923643 0.499444723 0.027040124
v 0.196729958 -0.181334779 0.109402448
vt 0.962363482 0.389340758
vn 0.865923643 0.499444723 0.027040124
v 0.204592034 -0.195075065 0.111420035
vt 0.976546228 0.388991386
vn 0.865923643 0.499444723 0.027040124
f 988/988/988 989/989/989 990/990/990
g frame
v 0.203902230 -0.187922999 0.001408219
vt 0.717693627 0.977319300
vn 0.004880770 0.998152137 -0.060568422
v 0.186426789 -0.187922999 0.000000000
vt 0.702100992 0.977507949
vn 0.004880770 0.998152137 -0.060568422
v 0.180843189 -0.181334779 0.108122252
vt 0.703518510 0.883497298
vn 0.004880770 0.998152137 -0.060568422
f 991/991/991 992/992/992 993/993/993
g frame
v 0.203902230 -0.187922999 0.001408219
vt 0.717693627 0.977319300
vn 0.004880757 0.998152137 -0.060568422
v 0.180843189 -0.181334779 0.108122252
vt 0.703518510 0.883497298
vn 0.004880757 0.998152137 -0.060568422
v 0.196729958 -0.181334779 0.109402448
vt 0.717693627 0.883325815
vn 0.004880757 0.998152137 -0.060568422
f 994/994/994 995/995/995 996/996/996
g frame
v 0.186426789 -0.187922999 0.000000000
vt 0.066452540 0.890836656
vn -0.862833440 0.499890834 -0.075017937
v 0.177599639 -0.203037322 0.000811127
vt 0.053024568 0.891600966
vn -0.862833440 0.499890834 -0.075017937
v 0.172818512 -0.195075065 0.108859636
vt 0.051788956 0.795947492
vn -0.862833440 0.499890834 -0.075017937
f 997/997/997 998/998/998 999/999/999
g frame
v 0.186426789 -0.187922999 0.000000000
vt 0.066452540 0.890836656
vn -0.862833440 0.499890804 -0.075017922
v 0.172818512 -0.195075065 0.108859636
vt 0.051788956 0.795947492
vn -0.862833440 0.499890804 -0.075017922
v 0.180843189 -0.181334779 0.108122252
vt 0.063996196 0.795252621
vn -0.862833440 0.499890804 -0.075017922
f 1000/1000/1000 1001/1001/1001 1002/1002/1002
g frame
v 0.181574702 -0.181845456 0.103987753
vt 0.498092800 0.956665158
vn 0.197952732 -0.323575675 -0.925264001
v 0.197238788 -0.181845456 0.107338957
vt 0.486384183 0.964182198
vn 0.197952732 -0.323575675 -0.925264001
v 0.204369366 -0.195075065 0.113491036
vt 0.474675566 0.957761586
vn 0.197952732 -0.323575675 -0.925264001
f 1003/1003/1003 1004/1004/1004 1005/1005/1005
g frame
v 0.181574702 -0.181845456 0.103987753
vt 0.498092800 0.956665158
vn 0.197952390 -0.323576212 -0.925263941
v 0.204369366 -0.195075065 0.113491036
vt 0.474675566 0.957761586
vn 0.197952390 -0.323576212 -0.925263941
v 0.195835844 -0.208304673 0.116291918
vt 0.474675566 0.943823874
vn 0.197952390 -0.323576212 -0.925263941
f 1006/1006/1006 1007/1007/1007 1008/1008/1008
g frame
v 0.181574702 -0.181845456 0.103987753
vt 0.498092800 0.956665158
vn 0.197952718 -0.323576003 -0.925263882
v 0.195835844 -0.208304673 0.116291918
vt 0.474675566 0.943823874
vn 0.197952718 -0.323576003 -0.925263882
v 0.180171758 -0.208304673 0.112940714
vt 0.486384183 0.936306834
vn 0.197952718 -0.323576003 -0.925263882
f 1009/1009/1009 1010/1010/1010 1011/1011/1011
g frame
v 0.181574702 -0.181845456 0.103987753
vt 0.498092800 0.956665158
vn 0.197952092 -0.323576033 -0.925264060
v 0.180171758 -0.208304673 0.112940714
vt 0.486384183 0.936306834
vn 0.197952092 -0.323576033 -0.925264060
v 0.173041180 -0.195075065 0.106788635
vt 0.498092800 0.942727506
vn 0.197952092 -0.323576033 -0.925264060
f 1012/1012/1012 1013/1013/1013 1014/1014/1014
g frame
v 0.133203909 -0.127395958 0.371342897
vt 0.902557433 0.304168373
vn -0.197952867 0.323574454 0.925264359
v 0.139621422 -0.139302611 0.376879752
vt 0.902557433 0.292193472
vn -0.197952867 0.323574454 0.925264359
v 0.153719097 -0.139302611 0.379895836
vt 0.913595915 0.286271781
vn -0.197952867 0.323574454 0.925264359
f 1015/1015/1015 1016/1016/1016 1017/1017/1017
g frame
v 0.133203909 -0.127395958 0.371342897
vt 0.902557433 0.304168373
vn -0.197951853 0.323576033 0.925264120
v 0.153719097 -0.139302611 0.379895836
vt 0.913595915 0.286271781
vn -0.197951853 0.323576033 0.925264120
v 0.161399260 -0.127395958 0.377375036
vt 0.924634397 0.292324960
vn -0.197951853 0.323576033 0.925264120
f 1018/1018/1018 1019/1019/1019 1020/1020/1020
g frame
v 0.133203909 -0.127395958 0.371342897
vt 0.902557433 0.304168373
vn -0.197951868 0.323575377 0.925264299
v 0.161399260 -0.127395958 0.377375036
vt 0.924634397 0.292324960
vn -0.197951868 0.323575377 0.925264299
v 0.154981747 -0.115489319 0.371838182
vt 0.924634397 0.304299831
vn -0.197951868 0.323575377 0.925264299
f 1021/1021/1021 1022/1022/1022 1023/1023/1023
g frame
v 0.133203909 -0.127395958 0.371342897
vt 0.902557433 0.304168373
vn -0.197952718 0.323576897 0.925263643
v 0.154981747 -0.115489319 0.371838182
vt 0.924634397 0.304299831
vn -0.197952718 0.323576897 0.925263643
v 0.140884072 -0.115489319 0.368822098
vt 0.913595915 0.310221553
vn -0.197952718 0.323576897 0.925263643
f 1024/1024/1024 1025/1025/1025 1026/1026/1026
g frame
v 0.173041180 -0.195075065 0.106788635
vt 0.792392135 0.893635631
vn -0.878291428 -0.478021711 -0.009966436
v 0.180171758 -0.208304673 0.112940714
vt 0.779580235 0.890972376
vn -0.878291428 -0.478021711 -0.009966436
v 0.139621422 -0.139302611 0.376879752
vt 0.782055616 0.651087761
vn -0.878291428 -0.478021711 -0.009966436
f 1027/1027/1027 1028/1028/1028 1029/1029/1029
g frame
v 0.173041180 -0.195075065 0.106788635
vt 0.792392135 0.893635631
vn -0.878291786 -0.478021175 -0.009966586
v 0.139621422 -0.139302611 0.376879752
vt 0.782055616 0.651087761
vn -0.878291786 -0.478021175 -0.009966586
v 0.133203909 -0.127395958 0.371342897
vt 0.793586373 0.653484702
vn -0.878291786 -0.478021175 -0.009966586
f 1030/1030/1030 1031/1031/1031 1032/1032/1032
g frame
v 0.180171758 -0.208304673 0.112940714
vt 0.945845485 0.861338794
vn -0.052423637 -0.968095422 0.245036811
v 0.195835844 -0.208304673 0.116291918
vt 0.932284892 0.862193942
vn -0.052423637 -0.968095422 0.245036811
v 0.153719097 -0.139302611 0.379895836
vt 0.932284832 0.634041607
vn -0.052423637 -0.968095422 0.245036811
f 1033/1033/1033 1034/1034/1034 1035/1035/1035
g frame
v 0.180171758 -0.208304673 0.112940714
vt 0.945845485 0.861338794
vn -0.052423652 -0.968095362 0.245036796
v 0.153719097 -0.139302611 0.379895836
vt 0.932284832 0.634041607
vn -0.052423652 -0.968095362 0.245036796
v 0.139621422 -0.139302611 0.376879752
vt 0.944489419 0.633271933
vn -0.052423652 -0.968095362 0.245036796
f 1036/1036/1036 1037/1037/1037 1038/1038/1038
g frame
v 0.195835844 -0.208304673 0.116291918
vt 0.945946515 0.616305888
vn 0.835564911 -0.483885974 0.260164618
v 0.204369366 -0.195075065 0.113491036
vt 0.932284951 0.618343651
vn 0.835564911 -0.483885974 0.260164618
v 0.161399260 -0.127395958 0.377375036
vt 0.932284951 0.390825421
vn 0.835564911 -0.483885974 0.260164618
f 1039/1039/1039 1040/1040/1040 1041/1041/1041
g frame
v 0.195835844 -0.208304673 0.116291918
vt 0.945946515 0.616305888
vn 0.835565329 -0.483885318 0.260164469
v 0.161399260 -0.127395958 0.377375036
vt 0.932284951 0.390825421
vn 0.835565329 -0.483885318 0.260164469
v 0.153719097 -0.139302611 0.379895836
vt 0.944580317 0.388991416
vn 0.835565329 -0.483885318 0.260164469
f 1042/1042/1042 1043/1043/1043 1044/1044/1044
g frame
v 0.204369366 -0.195075065 0.113491036
vt 0.887310028 0.915867150
vn 0.876346409 0.481296152 0.019262269
v 0.197238788 -0.181845456 0.107338957
vt 0.872962356 0.917280793
vn 0.876346409 0.481296152 0.019262269
v 0.154981747 -0.115489319 0.371838182
vt 0.872962296 0.673069656
vn 0.876346409 0.481296152 0.019262269
f 1045/1045/1045 1046/1046/1046 1047/1047/1047
g frame
v 0.204369366 -0.195075065 0.113491036
vt 0.887310028 0.915867150
vn 0.876346409 0.481295973 0.019262316
v 0.154981747 -0.115489319 0.371838182
vt 0.872962296 0.673069656
vn 0.876346409 0.481295973 0.019262316
v 0.161399260 -0.127395958 0.377375036
vt 0.885875225 0.671797395
vn 0.876346409 0.481295973 0.019262316
f 1048/1048/1048 1049/1049/1049 1050/1050/1050
g frame
v 0.197238788 -0.181845456 0.107338957
vt 0.746921420 0.906231046
vn 0.050371896 0.970581114 -0.235446632
v 0.181574702 -0.181845456 0.103987753
vt 0.732692242 0.906840324
vn 0.050371896 0.970581114 -0.235446632
v 0.140884072 -0.115489319 0.368822098
vt 0.734115124 0.680382729
vn 0.050371896 0.970581114 -0.235446632
f 1051/1051/1051 1052/1052/1052 1053/1053/1053
g frame
v 0.197238788 -0.181845456 0.107338957
vt 0.746921420 0.906231046
vn 0.050371908 0.970581055 -0.235446602
v 0.140884072 -0.115489319 0.368822098
vt 0.734115124 0.680382729
vn 0.050371908 0.970581055 -0.235446602
v 0.154981747 -0.115489319 0.371838182
vt 0.746921420 0.679834425
vn 0.050371908 0.970581055 -0.235446602
f 1054/1054/1054 1055/1055/1055 1056/1056/1056
g frame
v 0.181574702 -0.181845456 0.103987753
vt 0.804334402 0.892869234
vn -0.836843550 0.486749262 -0.250535816
v 0.173041180 -0.195075065 0.106788635
vt 0.792392135 0.893635631
vn -0.836843550 0.486749262 -0.250535816
v 0.133203909 -0.127395958 0.371342897
vt 0.793586373 0.653484702
vn -0.836843550 0.486749262 -0.250535816
f 1057/1057/1057 1058/1058/1058 1059/1059/1059
g frame
v 0.181574702 -0.181845456 0.103987753
vt 0.804334402 0.892869234
vn -0.836843610 0.486749053 -0.250535786
v 0.133203909 -0.127395958 0.371342897
vt 0.793586373 0.653484702
vn -0.836843610 0.486749053 -0.250535786
v 0.140884072 -0.115489319 0.368822098
vt 0.804334402 0.652794957
vn -0.836843610 0.486749053 -0.250535786
f 1060/1060/1060 1061/1061/1061 1062/1062/1062
g frame
v 0.186247915 0.218151644 0.003030472
vt 0.150416926 0.929393411
vn 0.079920545 0.099900678 -0.991782486
v 0.203723356 0.218151644 0.004438691
vt 0.136925161 0.937077105
vn 0.079920545 0.099900678 -0.991782486
v 0.212550506 0.203037322 0.003627565
vt 0.123433419 0.929344058
vn 0.079920545 0.099900678 -0.991782486
f 1063/1063/1063 1064/1064/1064 1065/1065/1065
g frame
v 0.186247915 0.218151644 0.003030472
vt 0.150416926 0.929393411
vn 0.079920620 0.099900797 -0.991782546
v 0.212550506 0.203037322 0.003627565
vt 0.123433419 0.929344058
vn 0.079920620 0.099900797 -0.991782546
v 0.203902230 0.187922999 0.001408219
vt 0.123433419 0.913927376
vn 0.079920620 0.099900797 -0.991782546
f 1066/1066/1066 1067/1067/1067 1068/1068/1068
g frame
v 0.186247915 0.218151644 0.003030472
vt 0.150416926 0.929393411
vn 0.079920553 0.099900767 -0.991782486
v 0.203902230 0.187922999 0.001408219
vt 0.123433419 0.913927376
vn 0.079920553 0.099900767 -0.991782486
v 0.186426789 0.187922999 0.000000000
vt 0.136925176 0.906243682
vn 0.079920553 0.099900767 -0.991782486
f 1069/1069/1069 1070/1070/1070 1071/1071/1071
g frame
v 0.186247915 0.218151644 0.003030472
vt 0.150416926 0.929393411
vn 0.079920560 0.099900767 -0.991782546
v 0.186426789 0.187922999 0.000000000
vt 0.136925176 0.906243682
vn 0.079920560 0.099900767 -0.991782546
v 0.177599639 0.203037322 0.000811127
vt 0.150416926 0.913976729
vn 0.079920560 0.099900767 -0.991782546
f 1072/1072/1072 1073/1073/1073 1074/1074/1074
g frame
v 0.172818512 0.195075065 0.108859636
vt 0.779929399 0.929744422
vn -0.079920344 -0.099900365 0.991782606
v 0.180843189 0.181334779 0.108122252
vt 0.779929399 0.915657222
vn -0.079920344 -0.099900365 0.991782606
v 0.196729958 0.181334779 0.109402448
vt 0.792131841 0.908563972
vn -0.079920344 -0.099900365 0.991782606
f 1075/1075/1075 1076/1076/1076 1077/1077/1077
g frame
v 0.172818512 0.195075065 0.108859636
vt 0.779929399 0.929744422
vn -0.079920605 -0.099900819 0.991782427
v 0.196729958 0.181334779 0.109402448
vt 0.792131841 0.908563972
vn -0.079920605 -0.099900819 0.991782427
v 0.204592034 0.195075065 0.111420035
vt 0.804334402 0.915558040
vn -0.079920605 -0.099900819 0.991782427
f 1078/1078/1078 1079/1079/1079 1080/1080/1080
g frame
v 0.172818512 0.195075065 0.108859636
vt 0.779929399 0.929744422
vn -0.079920612 -0.099900499 0.991782546
v 0.204592034 0.195075065 0.111420035
vt 0.804334402 0.915558040
vn -0.079920612 -0.099900499 0.991782546
v 0.196567342 0.208815366 0.112157419
vt 0.804334402 0.929645360
vn -0.079920612 -0.099900499 0.991782546
f 1081/1081/1081 1082/1082/1082 1083/1083/1083
g frame
v 0.172818512 0.195075065 0.108859636
vt 0.779929399 0.929744422
vn -0.079920419 -0.099900834 0.991782486
v 0.196567342 0.208815366 0.112157419
vt 0.804334402 0.929645360
vn -0.079920419 -0.099900834 0.991782486
v 0.180680588 0.208815366 0.110877223
vt 0.792131841 0.936738491
vn -0.079920419 -0.099900834 0.991782486
f 1084/1084/1084 1085/1085/1085 1086/1086/1086
g frame
v 0.177599639 0.203037322 0.000811127
vt 0.769102573 0.368888617
vn -0.862833440 -0.499890804 -0.075017929
v 0.186426789 0.187922999 0.000000000
vt 0.755674601 0.368124276
vn -0.862833440 -0.499890804 -0.075017929
v 0.180843189 0.181334779 0.108122252
vt 0.758130968 0.272540271
vn -0.862833440 -0.499890804 -0.075017929
f 1087/1087/1087 1088/1088/1088 1089/1089/1089
g frame
v 0.177599639 0.203037322 0.000811127
vt 0.769102573 0.368888617
vn -0.862833381 -0.499890804 -0.075017922
v 0.180843189 0.181334779 0.108122252
vt 0.758130968 0.272540271
vn -0.862833381 -0.499890804 -0.075017922
v 0.172818512 0.195075065 0.108859636
vt 0.770338178 0.273235112
vn -0.862833381 -0.499890804 -0.075017922
f 1090/1090/1090 1091/1091/1091 1092/1092/1092
g frame
v 0.186426789 0.187922999 0.000000000
vt 0.999999940 0.728863776
vn 0.004880770 -0.998152077 -0.060568422
v 0.203902230 0.187922999 0.001408219
vt 0.985049903 0.728863776
vn 0.004880770 -0.998152077 -0.060568422
v 0.196729958 0.181334779 0.109402448
vt 0.986240745 0.633271992
vn 0.004880770 -0.998152077 -0.060568422
f 1093/1093/1093 1094/1094/1094 1095/1095/1095
g frame
v 0.186426789 0.187922999 0.000000000
vt 0.999999940 0.728863776
vn 0.004880757 -0.998152137 -0.060568422
v 0.196729958 0.181334779 0.109402448
vt 0.986240745 0.633271992
vn 0.004880757 -0.998152137 -0.060568422
v 0.180843189 0.181334779 0.108122252
vt 0.999831736 0.633271992
vn 0.004880757 -0.998152137 -0.060568422
f 1096/1096/1096 1097/1097/1097 1098/1098/1098
g frame
v 0.203902230 0.187922999 0.001408219
vt 0.999870420 0.839506865
vn 0.865923941 -0.499444216 0.027040185
v 0.212550506 0.203037322 0.003627565
vt 0.985050023 0.839467764
vn 0.865923941 -0.499444216 0.027040185
v 0.204592034 0.195075065 0.111420035
vt 0.985049963 0.743792117
vn 0.865923941 -0.499444216 0.027040185
f 1099/1099/1099 1100/1100/1100 1101/1101/1101
g frame
v 0.203902230 0.187922999 0.001408219
vt 0.999870420 0.839506865
vn 0.865923643 -0.499444723 0.027040217
v 0.204592034 0.195075065 0.111420035
vt 0.985049963 0.743792117
vn 0.865923643 -0.499444723 0.027040217
v 0.196729958 0.181334779 0.109402448
vt 0.998523176 0.743827701
vn 0.865923643 -0.499444723 0.027040217
f 1102/1102/1102 1103/1103/1103 1104/1104/1104
g frame
v 0.212550506 0.203037322 0.003627565
vt 0.979946554 0.317110777
vn 0.861494303 0.497748047 0.100372329
v 0.203723356 0.218151644 0.004438691
vt 0.964364767 0.316992491
vn 0.861494303 0.497748047 0.100372329
v 0.196567342 0.208815366 0.112157419
vt 0.964364767 0.221814767
vn 0.861494303 0.497748047 0.100372329
f 1105/1105/1105 1106/1106/1106 1107/1107/1107
g frame
v 0.212550506 0.203037322 0.003627565
vt 0.979946554 0.317110777
vn 0.861494064 0.497748375 0.100372285
v 0.196567342 0.208815366 0.112157419
vt 0.964364767 0.221814767
vn 0.861494064 0.497748375 0.100372285
v 0.204592034 0.195075065 0.111420035
vt 0.978530049 0.221922293
vn 0.861494064 0.497748375 0.100372285
f 1108/1108/1108 1109/1109/1109 1110/1110/1110
g frame
v 0.203723356 0.218151644 0.004438691
vt 0.976537526 0.595917046
vn -0.006921297 0.996280611 0.085890576
v 0.186247915 0.218151644 0.003030472
vt 0.960945189 0.596125484
vn -0.006921297 0.996280611 0.085890576
v 0.180680588 0.208815366 0.110877223
vt 0.962362707 0.500333011
vn -0.006921297 0.996280611 0.085890576
f 1111/1111/1111 1112/1112/1112 1113/1113/1113
g frame
v 0.203723356 0.218151644 0.004438691
vt 0.976537526 0.595917046
vn -0.006921285 0.996280491 0.085890561
v 0.180680588 0.208815366 0.110877223
vt 0.962362707 0.500333011
vn -0.006921285 0.996280491 0.085890561
v 0.196567342 0.208815366 0.112157419
vt 0.976537526 0.500143528
vn -0.006921285 0.996280491 0.085890561
f 1114/1114/1114 1115/1115/1115 1116/1116/1116
g frame
v 0.186247915 0.218151644 0.003030472
vt 0.782694340 0.367775202
vn -0.867843330 0.496834695 -0.001789415
v 0.177599639 0.203037322 0.000811127
vt 0.769102573 0.368888617
vn -0.867843330 0.496834695 -0.001789415
v 0.172818512 0.195075065 0.108859636
vt 0.770338178 0.273235112
vn -0.867843330 0.496834695 -0.001789415
f 1117/1117/1117 1118/1118/1118 1119/1119/1119
g frame
v 0.186247915 0.218151644 0.003030472
vt 0.782694340 0.367775202
vn -0.867843270 0.496834815 -0.001789390
v 0.172818512 0.195075065 0.108859636
vt 0.770338178 0.273235112
vn -0.867843270 0.496834815 -0.001789390
v 0.180680588 0.208815366 0.110877223
vt 0.782694340 0.272222906
vn -0.867843270 0.496834815 -0.001789390
f 1120/1120/1120 1121/1121/1121 1122/1122/1122
g frame
v 0.180171758 0.208304673 0.112940714
vt 0.534425199 0.965292633
vn 0.197952703 0.323576331 -0.925263822
v 0.195835844 0.208304673 0.116291918
vt 0.522716641 0.957775593
vn 0.197952703 0.323576331 -0.925263822
v 0.204369366 0.195075065 0.113491036
vt 0.522716641 0.943837941
vn 0.197952703 0.323576331 -0.925263822
f 1123/1123/1123 1124/1124/1124 1125/1125/1125
g frame
v 0.180171758 0.208304673 0.112940714
vt 0.534425199 0.965292633
vn 0.197952420 0.323575854 -0.925264001
v 0.204369366 0.195075065 0.113491036
vt 0.522716641 0.943837941
vn 0.197952420 0.323575854 -0.925264001
v 0.197238788 0.181845456 0.107338957
vt 0.534425259 0.937417269
vn 0.197952420 0.323575854 -0.925264001
f 1126/1126/1126 1127/1127/1127 1128/1128/1128
g frame
v 0.180171758 0.208304673 0.112940714
vt 0.534425199 0.965292633
vn 0.197952718 0.323576033 -0.925263882
v 0.197238788 0.181845456 0.107338957
vt 0.534425259 0.937417269
vn 0.197952718 0.323576033 -0.925263882
v 0.181574702 0.181845456 0.103987753
vt 0.546133816 0.944934309
vn 0.197952718 0.323576033 -0.925263882
f 1129/1129/1129 1130/1130/1130 1131/1131/1131
g frame
v 0.180171758 0.208304673 0.112940714
vt 0.534425199 0.965292633
vn 0.197952121 0.323576033 -0.925264120
v 0.181574702 0.181845456 0.103987753
vt 0.546133816 0.944934309
vn 0.197952121 0.323576033 -0.925264120
v 0.173041180 0.195075065 0.106788635
vt 0.546133816 0.958872020
vn 0.197952121 0.323576033 -0.925264120
f 1132/1132/1132 1133/1133/1133 1134/1134/1134
g frame
v 0.133203909 0.127395958 0.371342897
vt 0.354690194 0.944220424
vn -0.197952718 -0.323576897 0.925263643
v 0.140884072 0.115489319 0.368822098
vt 0.365728676 0.938167274
vn -0.197952718 -0.323576897 0.925263643
v 0.154981747 0.115489319 0.371838182
vt 0.376767159 0.944088995
vn -0.197952718 -0.323576897 0.925263643
f 1135/1135/1135 1136/1136/1136 1137/1137/1137
g frame
v 0.133203909 0.127395958 0.371342897
vt 0.354690194 0.944220424
vn -0.197951868 -0.323575348 0.925264299
v 0.154981747 0.115489319 0.371838182
vt 0.376767159 0.944088995
vn -0.197951868 -0.323575348 0.925264299
v 0.161399260 0.127395958 0.377375036
vt 0.376767159 0.956063867
vn -0.197951868 -0.323575348 0.925264299
f 1138/1138/1138 1139/1139/1139 1140/1140/1140
g frame
v 0.133203909 0.127395958 0.371342897
vt 0.354690194 0.944220424
vn -0.197951853 -0.323576033 0.925264120
v 0.161399260 0.127395958 0.377375036
vt 0.376767159 0.956063867
vn -0.197951853 -0.323576033 0.925264120
v 0.153719097 0.139302611 0.379895836
vt 0.365728676 0.962117076
vn -0.197951853 -0.323576033 0.925264120
f 1141/1141/1141 1142/1142/1142 1143/1143/1143
g frame
v 0.133203909 0.127395958 0.371342897
vt 0.354690194 0.944220424
vn -0.197952867 -0.323574424 0.925264359
v 0.153719097 0.139302611 0.379895836
vt 0.365728676 0.962117076
vn -0.197952867 -0.323574424 0.925264359
v 0.139621422 0.139302611 0.376879752
vt 0.354690194 0.956195295
vn -0.197952867 -0.323574424 0.925264359
f 1144/1144/1144 1145/1145/1145 1146/1146/1146
g frame
v 0.173041180 0.195075065 0.106788635
vt 0.838187099 0.891170204
vn -0.836843491 -0.486749262 -0.250535816
v 0.181574702 0.181845456 0.103987753
vt 0.826244831 0.890403748
vn -0.836843491 -0.486749262 -0.250535816
v 0.140884072 0.115489319 0.368822098
vt 0.826244831 0.650329471
vn -0.836843491 -0.486749262 -0.250535816
f 1147/1147/1147 1148/1148/1148 1149/1149/1149
g frame
v 0.173041180 0.195075065 0.106788635
vt 0.838187099 0.891170204
vn -0.836843550 -0.486748964 -0.250535756
v 0.140884072 0.115489319 0.368822098
vt 0.826244831 0.650329471
vn -0.836843550 -0.486748964 -0.250535756
v 0.133203909 0.127395958 0.371342897
vt 0.836992919 0.651019216
vn -0.836843550 -0.486748964 -0.250535756
f 1150/1150/1150 1151/1151/1151 1152/1152/1152
g frame
v 0.181574702 0.181845456 0.103987753
vt 0.546133876 0.922489047
vn 0.050371896 -0.970581114 -0.235446632
v 0.197238788 0.181845456 0.107338957
vt 0.532605946 0.921221077
vn 0.050371896 -0.970581114 -0.235446632
v 0.154981747 0.115489319 0.371838182
vt 0.533958733 0.678380013
vn 0.050371896 -0.970581114 -0.235446632
f 1153/1153/1153 1154/1154/1154 1155/1155/1155
g frame
v 0.181574702 0.181845456 0.103987753
vt 0.546133876 0.922489047
vn 0.050371908 -0.970581114 -0.235446602
v 0.154981747 0.115489319 0.371838182
vt 0.533958733 0.678380013
vn 0.050371908 -0.970581114 -0.235446602
v 0.140884072 0.115489319 0.368822098
vt 0.546133876 0.679521203
vn 0.050371908 -0.970581114 -0.235446602
f 1156/1156/1156 1157/1157/1157 1158/1158/1158
g frame
v 0.197238788 0.181845456 0.107338957
vt 0.459676921 0.923964918
vn 0.876346529 -0.481296152 0.019262269
v 0.204369366 0.195075065 0.113491036
vt 0.446152627 0.922541916
vn 0.876346529 -0.481296152 0.019262269
v 0.161399260 0.127395958 0.377375036
vt 0.447505057 0.678379953
vn 0.876346529 -0.481296152 0.019262269
f 1159/1159/1159 1160/1160/1160 1161/1161/1161
g frame
v 0.197238788 0.181845456 0.107338957
vt 0.459676921 0.923964918
vn 0.876346409 -0.481295973 0.019262308
v 0.161399260 0.127395958 0.377375036
vt 0.447505057 0.678379953
vn 0.876346409 -0.481295973 0.019262308
v 0.154981747 0.115489319 0.371838182
vt 0.459676921 0.679660678
vn 0.876346409 -0.481295973 0.019262308
f 1162/1162/1162 1163/1163/1163 1164/1164/1164
g frame
v 0.204369366 0.195075065 0.113491036
vt 0.603971183 0.912939787
vn 0.835564911 0.483885914 0.260164589
v 0.195835844 0.208304673 0.116291918
vt 0.589762092 0.912430763
vn 0.835564911 0.483885914 0.260164589
v 0.153719097 0.139302611 0.379895836
vt 0.589762032 0.678379893
vn 0.835564911 0.483885914 0.260164589
f 1165/1165/1165 1166/1166/1166 1167/1167/1167
g frame
v 0.204369366 0.195075065 0.113491036
vt 0.603971183 0.912939787
vn 0.835565269 0.483885348 0.260164529
v 0.153719097 0.139302611 0.379895836
vt 0.589762032 0.678379893
vn 0.835565269 0.483885348 0.260164529
v 0.161399260 0.127395958 0.377375036
vt 0.602550268 0.678837955
vn 0.835565269 0.483885348 0.260164529
f 1168/1168/1168 1169/1169/1169 1170/1170/1170
g frame
v 0.195835844 0.208304673 0.116291918
vt 0.925160527 0.242612302
vn -0.052423641 0.968095362 0.245036826
v 0.180171758 0.208304673 0.112940714
vt 0.910943925 0.243463308
vn -0.052423641 0.968095362 0.245036826
v 0.139621422 0.139302611 0.376879752
vt 0.910943925 0.000765963
vn -0.052423641 0.968095362 0.245036826
f 1171/1171/1171 1172/1172/1172 1173/1173/1173
g frame
v 0.195835844 0.208304673 0.116291918
vt 0.925160527 0.242612302
vn -0.052423652 0.968095362 0.245036796
v 0.139621422 0.139302611 0.376879752
vt 0.910943925 0.000765963
vn -0.052423652 0.968095362 0.245036796
v 0.153719097 0.139302611 0.379895836
vt 0.923738897 0.000000039
vn -0.052423652 0.968095362 0.245036796
f 1174/1174/1174 1175/1175/1175 1176/1176/1176
g frame
v 0.180171758 0.208304673 0.112940714
vt 0.850998998 0.888506949
vn -0.878291488 0.478021681 -0.009966396
v 0.173041180 0.195075065 0.106788635
vt 0.838187099 0.891170204
vn -0.878291488 0.478021681 -0.009966396
v 0.133203909 0.127395958 0.371342897
vt 0.836992919 0.651019216
vn -0.878291488 0.478021681 -0.009966396
f 1177/1177/1177 1178/1178/1178 1179/1179/1179
g frame
v 0.180171758 0.208304673 0.112940714
vt 0.850998998 0.888506949
vn -0.878291786 0.478021204 -0.009966630
v 0.133203909 0.127395958 0.371342897
vt 0.836992919 0.651019216
vn -0.878291786 0.478021204 -0.009966630
v 0.139621422 0.139302611 0.376879752
vt 0.848523617 0.648622334
vn -0.878291786 0.478021204 -0.009966630
f 1180/1180/1180 1181/1181/1181 1182/1182/1182
g frame
v -0.151282713 -0.127395958 0.381801754
vt 0.872962475 0.932209074
vn -1.000000000 0.000000000 0.000000000
v -0.151282713 -0.117045045 0.369707227
vt 0.886947513 0.934372783
vn -1.000000000 0.000000000 0.000000000
v -0.151282713 -0.127395958 0.357612669
vt 0.886947513 0.948459387
vn -1.000000000 0.000000000 0.000000000
f 1183/1183/1183 1184/1184/1184 1185/1185/1185
g frame
v -0.151282713 -0.127395958 0.381801754
vt 0.872962475 0.932209074
vn -1.000000000 0.000000000 0.000000000
v -0.151282713 -0.127395958 0.357612669
vt 0.886947513 0.948459387
vn -1.000000000 0.000000000 0.000000000
v -0.151282713 -0.137746885 0.369707227
vt 0.872962415 0.946295679
vn -1.000000000 0.000000000 0.000000000
f 1186/1186/1186 1187/1187/1187 1188/1188/1188
g frame
v 0.151282713 -0.137746885 0.369707227
vt 0.339691550 0.951511383
vn 1.000000000 0.000000000 0.000000000
v 0.151282713 -0.127395958 0.357612669
vt 0.327102154 0.955526352
vn 1.000000000 0.000000000 0.000000000
v 0.151282713 -0.117045045 0.369707227
vt 0.327102154 0.942182243
vn 1.000000000 0.000000000 0.000000000
f 1189/1189/1189 1190/1190/1190 1191/1191/1191
g frame
v 0.151282713 -0.137746885 0.369707227
vt 0.339691550 0.951511383
vn 1.000000000 0.000000000 0.000000000
v 0.151282713 -0.117045045 0.369707227
vt 0.327102154 0.942182243
vn 1.000000000 0.000000000 0.000000000
v 0.151282713 -0.127395958 0.381801754
vt 0.339691490 0.938167393
vn 1.000000000 0.000000000 0.000000000
f 1192/1192/1192 1193/1193/1193 1194/1194/1194
g frame
v -0.151282713 -0.137746885 0.369707227
vt 0.418959290 0.680328071
vn -0.000000000 -0.759747922 -0.650217772
v -0.151282713 -0.127395958 0.357612669
vt 0.431153953 0.678379893
vn -0.000000000 -0.759747922 -0.650217772
v 0.151282713 -0.127395958 0.357612669
vt 0.431153983 0.936150849
vn -0.000000000 -0.759747922 -0.650217772
f 1195/1195/1195 1196/1196/1196 1197/1197/1197
g frame
v -0.151282713 -0.137746885 0.369707227
vt 0.418959290 0.680328071
vn 0.000000000 -0.759747922 -0.650217772
v 0.151282713 -0.127395958 0.357612669
vt 0.431153983 0.936150849
vn 0.000000000 -0.759747922 -0.650217772
v 0.151282713 -0.137746885 0.369707227
vt 0.418959260 0.938099027
vn 0.000000000 -0.759747922 -0.650217772
f 1198/1198/1198 1199/1199/1199 1200/1200/1200
g frame
v -0.151282713 -0.127395958 0.357612669
vt 0.895945251 0.267877519
vn 0.000000000 0.759748340 -0.650217175
v -0.151282713 -0.117045045 0.369707227
vt 0.886621714 0.267868161
vn 0.000000000 0.759748340 -0.650217175
v 0.151282713 -0.117045045 0.369707227
vt 0.886621714 0.000000020
vn 0.000000000 0.759748340 -0.650217175
f 1201/1201/1201 1202/1202/1202 1203/1203/1203
g frame
v -0.151282713 -0.127395958 0.357612669
vt 0.895945251 0.267877519
vn 0.000000000 0.759748340 -0.650217175
v 0.151282713 -0.117045045 0.369707227
vt 0.886621714 0.000000020
vn 0.000000000 0.759748340 -0.650217175
v 0.151282713 -0.127395958 0.357612669
vt 0.895945251 0.000009390
vn 0.000000000 0.759748340 -0.650217175
f 1204/1204/1204 1205/1205/1205 1206/1206/1206
g frame
v -0.151282713 -0.117045045 0.369707227
vt 0.886621714 0.267868161
vn 0.000000000 0.759747624 0.650218129
v -0.151282713 -0.127395958 0.381801754
vt 0.874652505 0.267874807
vn 0.000000000 0.759747624 0.650218129
v 0.151282713 -0.127395958 0.381801754
vt 0.874652505 0.000006670
vn 0.000000000 0.759747624 0.650218129
f 1207/1207/1207 1208/1208/1208 1209/1209/1209
g frame
v -0.151282713 -0.117045045 0.369707227
vt 0.886621714 0.267868161
vn 0.000000000 0.759747624 0.650218129
v 0.151282713 -0.127395958 0.381801754
vt 0.874652505 0.000006670
vn 0.000000000 0.759747624 0.650218129
v 0.151282713 -0.117045045 0.369707227
vt 0.886621714 0.000000020
vn 0.000000000 0.759747624 0.650218129
f 1210/1210/1210 1211/1211/1211 1212/1212/1212
g frame
v -0.151282713 -0.127395958 0.381801754
vt 0.949366212 0.267868280
vn 0.000000000 -0.759747148 0.650218725
v -0.151282713 -0.137746885 0.369707227
vt 0.940159202 0.267868280
vn 0.000000000 -0.759747148 0.650218725
v 0.151282713 -0.137746885 0.369707227
vt 0.940159202 0.000000027
vn 0.000000000 -0.759747148 0.650218725
f 1213/1213/1213 1214/1214/1214 1215/1215/1215
g frame
v -0.151282713 -0.127395958 0.381801754
vt 0.949366212 0.267868280
vn 0.000000000 -0.759747148 0.650218725
v 0.151282713 -0.137746885 0.369707227
vt 0.940159202 0.000000027
vn 0.000000000 -0.759747148 0.650218725
v 0.151282713 -0.127395958 0.381801754
vt 0.949366271 0.000000027
vn 0.000000000 -0.759747148 0.650218725
f 1216/1216/1216 1217/1217/1217 1218/1218/1218
g frame
v -0.151282713 0.127395958 0.381801754
vt 0.963431120 0.339733034
vn -1.000000000 0.000000000 0.000000000
v -0.151282713 0.137746885 0.369707227
vt 0.963431120 0.353819728
vn -1.000000000 0.000000000 0.000000000
v -0.151282713 0.127395958 0.357612669
vt 0.949446082 0.355983406
vn -1.000000000 0.000000000 0.000000000
f 1219/1219/1219 1220/1220/1220 1221/1221/1221
g frame
v -0.151282713 0.127395958 0.381801754
vt 0.963431120 0.339733034
vn -1.000000000 0.000000000 0.000000000
v -0.151282713 0.127395958 0.357612669
vt 0.949446082 0.355983406
vn -1.000000000 0.000000000 0.000000000
v -0.151282713 0.117045045 0.369707227
vt 0.949446082 0.341896743
vn -1.000000000 0.000000000 0.000000000
f 1222/1222/1222 1223/1223/1223 1224/1224/1224
g frame
v 0.151282713 0.117045045 0.369707227
vt 0.458742023 0.952237368
vn 1.000000000 0.000000000 0.000000000
v 0.151282713 0.127395958 0.357612669
vt 0.446152598 0.956252158
vn 1.000000000 0.000000000 0.000000000
v 0.151282713 0.137746885 0.369707227
vt 0.446152598 0.942908108
vn 1.000000000 0.000000000 0.000000000
f 1225/1225/1225 1226/1226/1226 1227/1227/1227
g frame
v 0.151282713 0.117045045 0.369707227
vt 0.458742023 0.952237368
vn 1.000000000 0.000000000 0.000000000
v 0.151282713 0.137746885 0.369707227
vt 0.446152598 0.942908108
vn 1.000000000 0.000000000 0.000000000
v 0.151282713 0.127395958 0.381801754
vt 0.458742023 0.938893259
vn 1.000000000 0.000000000 0.000000000
f 1228/1228/1228 1229/1229/1229 1230/1230/1230
g frame
v -0.151282713 0.117045045 0.369707227
vt 0.391765982 0.680328131
vn -0.000000000 -0.759748340 -0.650217175
v -0.151282713 0.127395958 0.357612669
vt 0.403960675 0.678379953
vn -0.000000000 -0.759748340 -0.650217175
v 0.151282713 0.127395958 0.357612669
vt 0.403960675 0.936150908
vn -0.000000000 -0.759748340 -0.650217175
f 1231/1231/1231 1232/1232/1232 1233/1233/1233
g frame
v -0.151282713 0.117045045 0.369707227
vt 0.391765982 0.680328131
vn 0.000000000 -0.759748340 -0.650217175
v 0.151282713 0.127395958 0.357612669
vt 0.403960675 0.936150908
vn 0.000000000 -0.759748340 -0.650217175
v 0.151282713 0.117045045 0.369707227
vt 0.391765952 0.938099086
vn 0.000000000 -0.759748340 -0.650217175
f 1234/1234/1234 1235/1235/1235 1236/1236/1236
g frame
v -0.151282713 0.127395958 0.357612669
vt 0.887310028 0.656868935
vn 0.000000000 0.759747922 -0.650217772
v -0.151282713 0.137746885 0.369707227
vt 0.877986431 0.656859577
vn 0.000000000 0.759747922 -0.650217772
v 0.151282713 0.137746885 0.369707227
vt 0.877986491 0.388991386
vn 0.000000000 0.759747922 -0.650217772
f 1237/1237/1237 1238/1238/1238 1239/1239/1239
g frame
v -0.151282713 0.127395958 0.357612669
vt 0.887310028 0.656868935
vn 0.000000000 0.759747922 -0.650217772
v 0.151282713 0.137746885 0.369707227
vt 0.877986491 0.388991386
vn 0.000000000 0.759747922 -0.650217772
v 0.151282713 0.127395958 0.357612669
vt 0.887310028 0.389000773
vn 0.000000000 0.759747922 -0.650217772
f 1240/1240/1240 1241/1241/1241 1242/1242/1242
g frame
v -0.151282713 0.137746885 0.369707227
vt 0.877986431 0.656859577
vn 0.000000000 0.759747148 0.650218725
v -0.151282713 0.127395958 0.381801754
vt 0.866017342 0.656866193
vn 0.000000000 0.759747148 0.650218725
v 0.151282713 0.127395958 0.381801754
vt 0.866017342 0.388998091
vn 0.000000000 0.759747148 0.650218725
f 1243/1243/1243 1244/1244/1244 1245/1245/1245
g frame
v -0.151282713 0.137746885 0.369707227
vt 0.877986431 0.656859577
vn 0.000000000 0.759747148 0.650218725
v 0.151282713 0.127395958 0.381801754
vt 0.866017342 0.388998091
vn 0.000000000 0.759747148 0.650218725
v 0.151282713 0.137746885 0.369707227
vt 0.877986491 0.388991386
vn 0.000000000 0.759747148 0.650218725
f 1246/1246/1246 1247/1247/1247 1248/1248/1248
g frame
v -0.151282713 0.127395958 0.381801754
vt 0.970051289 0.901140213
vn 0.000000000 -0.759747624 0.650218129
v -0.151282713 0.117045045 0.369707227
vt 0.960844278 0.901140213
vn 0.000000000 -0.759747624 0.650218129
v 0.151282713 0.117045045 0.369707227
vt 0.960844278 0.633272052
vn 0.000000000 -0.759747624 0.650218129
f 1249/1249/1249 1250/1250/1250 1251/1251/1251
g frame
v -0.151282713 0.127395958 0.381801754
vt 0.970051289 0.901140213
vn 0.000000000 -0.759747624 0.650218129
v 0.151282713 0.117045045 0.369707227
vt 0.960844278 0.633272052
vn 0.000000000 -0.759747624 0.650218129
v 0.151282713 0.127395958 0.381801754
vt 0.970051348 0.633272052
vn 0.000000000 -0.759747624 0.650218129
f 1252/1252/1252 1253/1253/1253 1254/1254/1254
