# G015 native chair fidelity candidate; tile units XYZ, Z up.
# Surface charts and native palette swatches; 32x32 PNG, nearest sampling.
mtllib pz_house_stool_blue_fidelity_r1.mtl
o pz_house_stool_blue_fidelity_r1
usemtl pz_house_stool_blue_fidelity_r1_PS1
g seat
v 0.176807143 -0.128457909 0.679805094
vt 0.389049796 0.643775408
vn 0.000000000 0.000000000 -1.000000000
v 0.067534319 -0.207849262 0.679805094
vt 0.303112296 0.578125000
vn 0.000000000 0.000000000 -1.000000000
v -0.067534319 -0.207849262 0.679805094
vt 0.196887704 0.578125000
vn 0.000000000 0.000000000 -1.000000000
f 1/1/1 2/2/2 3/3/3
g seat
v 0.176807143 -0.128457909 0.679805094
vt 0.389049796 0.643775408
vn -0.000000000 0.000000000 -1.000000000
v -0.067534319 -0.207849262 0.679805094
vt 0.196887704 0.578125000
vn -0.000000000 0.000000000 -1.000000000
v -0.176807143 -0.128457909 0.679805094
vt 0.110950204 0.643775408
vn -0.000000000 0.000000000 -1.000000000
f 4/4/4 5/5/5 6/6/6
g seat
v 0.176807143 -0.128457909 0.679805094
vt 0.389049796 0.643775408
vn 0.000000000 0.000000000 -1.000000000
v -0.176807143 -0.128457909 0.679805094
vt 0.110950204 0.643775408
vn 0.000000000 0.000000000 -1.000000000
v -0.218545648 0.000000000 0.679805094
vt 0.078125000 0.750000000
vn 0.000000000 0.000000000 -1.000000000
f 7/7/7 8/8/8 9/9/9
g seat
v 0.176807143 -0.128457909 0.679805094
vt 0.389049796 0.643775408
vn 0.000000000 0.000000000 -1.000000000
v -0.218545648 0.000000000 0.679805094
vt 0.078125000 0.750000000
vn 0.000000000 0.000000000 -1.000000000
v -0.176807143 0.128457909 0.679805094
vt 0.110950204 0.856224592
vn 0.000000000 0.000000000 -1.000000000
f 10/10/10 11/11/11 12/12/12
g seat
v 0.176807143 -0.128457909 0.679805094
vt 0.389049796 0.643775408
vn 0.000000000 0.000000000 -1.000000000
v -0.176807143 0.128457909 0.679805094
vt 0.110950204 0.856224592
vn 0.000000000 0.000000000 -1.000000000
v -0.067534319 0.207849262 0.679805094
vt 0.196887704 0.921875000
vn 0.000000000 0.000000000 -1.000000000
f 13/13/13 14/14/14 15/15/15
g seat
v 0.176807143 -0.128457909 0.679805094
vt 0.389049796 0.643775408
vn 0.000000000 0.000000000 -1.000000000
v -0.067534319 0.207849262 0.679805094
vt 0.196887704 0.921875000
vn 0.000000000 0.000000000 -1.000000000
v 0.067534319 0.207849262 0.679805094
vt 0.303112296 0.921875000
vn 0.000000000 0.000000000 -1.000000000
f 16/16/16 17/17/17 18/18/18
g seat
v 0.176807143 -0.128457909 0.679805094
vt 0.389049796 0.643775408
vn 0.000000000 0.000000000 -1.000000000
v 0.067534319 0.207849262 0.679805094
vt 0.303112296 0.921875000
vn 0.000000000 0.000000000 -1.000000000
v 0.176807143 0.128457909 0.679805094
vt 0.389049796 0.856224592
vn 0.000000000 0.000000000 -1.000000000
f 19/19/19 20/20/20 21/21/21
g seat
v 0.176807143 -0.128457909 0.679805094
vt 0.389049796 0.643775408
vn 0.000000000 0.000000000 -1.000000000
v 0.176807143 0.128457909 0.679805094
vt 0.389049796 0.856224592
vn 0.000000000 0.000000000 -1.000000000
v 0.218545648 0.000000000 0.679805094
vt 0.421875000 0.750000000
vn 0.000000000 0.000000000 -1.000000000
f 22/22/22 23/23/23 24/24/24
g seat
v 0.183578344 0.000000000 0.745673529
vt 0.394375000 0.750000000
vn 0.000000000 0.000000000 1.000000000
v 0.148518000 0.107904643 0.745673529
vt 0.366801828 0.839228657
vn 0.000000000 0.000000000 1.000000000
v 0.056728828 0.174593380 0.745673529
vt 0.294614328 0.894375000
vn 0.000000000 0.000000000 1.000000000
f 25/25/25 26/26/26 27/27/27
g seat
v 0.183578344 0.000000000 0.745673529
vt 0.394375000 0.750000000
vn 0.000000000 0.000000000 1.000000000
v 0.056728828 0.174593380 0.745673529
vt 0.294614328 0.894375000
vn 0.000000000 0.000000000 1.000000000
v -0.056728828 0.174593380 0.745673529
vt 0.205385672 0.894375000
vn 0.000000000 0.000000000 1.000000000
f 28/28/28 29/29/29 30/30/30
g seat
v 0.183578344 0.000000000 0.745673529
vt 0.394375000 0.750000000
vn 0.000000000 0.000000000 1.000000000
v -0.056728828 0.174593380 0.745673529
vt 0.205385672 0.894375000
vn 0.000000000 0.000000000 1.000000000
v -0.148518000 0.107904643 0.745673529
vt 0.133198172 0.839228657
vn 0.000000000 0.000000000 1.000000000
f 31/31/31 32/32/32 33/33/33
g seat
v 0.183578344 0.000000000 0.745673529
vt 0.394375000 0.750000000
vn 0.000000000 0.000000000 1.000000000
v -0.148518000 0.107904643 0.745673529
vt 0.133198172 0.839228657
vn 0.000000000 0.000000000 1.000000000
v -0.183578344 0.000000000 0.745673529
vt 0.105625000 0.750000000
vn 0.000000000 0.000000000 1.000000000
f 34/34/34 35/35/35 36/36/36
g seat
v 0.183578344 0.000000000 0.745673529
vt 0.394375000 0.750000000
vn 0.000000000 0.000000000 1.000000000
v -0.183578344 0.000000000 0.745673529
vt 0.105625000 0.750000000
vn 0.000000000 0.000000000 1.000000000
v -0.148518000 -0.107904643 0.745673529
vt 0.133198172 0.660771343
vn 0.000000000 0.000000000 1.000000000
f 37/37/37 38/38/38 39/39/39
g seat
v 0.183578344 0.000000000 0.745673529
vt 0.394375000 0.750000000
vn 0.000000000 0.000000000 1.000000000
v -0.148518000 -0.107904643 0.745673529
vt 0.133198172 0.660771343
vn 0.000000000 0.000000000 1.000000000
v -0.056728828 -0.174593380 0.745673529
vt 0.205385672 0.605625000
vn 0.000000000 0.000000000 1.000000000
f 40/40/40 41/41/41 42/42/42
g seat
v 0.183578344 0.000000000 0.745673529
vt 0.394375000 0.750000000
vn 0.000000000 0.000000000 1.000000000
v -0.056728828 -0.174593380 0.745673529
vt 0.205385672 0.605625000
vn 0.000000000 0.000000000 1.000000000
v 0.056728828 -0.174593380 0.745673529
vt 0.294614328 0.605625000
vn 0.000000000 0.000000000 1.000000000
f 43/43/43 44/44/44 45/45/45
g seat
v 0.183578344 0.000000000 0.745673529
vt 0.394375000 0.750000000
vn 0.000000000 0.000000000 1.000000000
v 0.056728828 -0.174593380 0.745673529
vt 0.294614328 0.605625000
vn 0.000000000 0.000000000 1.000000000
v 0.148518000 -0.107904643 0.745673529
vt 0.366801828 0.660771343
vn 0.000000000 0.000000000 1.000000000
f 46/46/46 47/47/47 48/48/48
g seat
v 0.218545648 0.000000000 0.679805094
vt 0.250000000 0.578125000
vn 0.951056516 0.309016994 0.000000000
v 0.176807143 0.128457909 0.679805094
vt 0.356224592 0.578125000
vn 0.951056516 0.309016994 0.000000000
v 0.176807143 0.128457909 0.731558864
vt 0.356224592 0.848214284
vn 0.951056516 0.309016994 0.000000000
f 49/49/49 50/50/50 51/51/51
g seat
v 0.218545648 0.000000000 0.679805094
vt 0.250000000 0.578125000
vn 0.951056516 0.309016994 -0.000000000
v 0.176807143 0.128457909 0.731558864
vt 0.356224592 0.848214284
vn 0.951056516 0.309016994 -0.000000000
v 0.218545648 0.000000000 0.731558864
vt 0.250000000 0.848214284
vn 0.951056516 0.309016994 -0.000000000
f 52/52/52 53/53/53 54/54/54
g seat
v 0.176807143 0.128457909 0.679805094
vt 0.389049796 0.578125000
vn 0.587785252 0.809016994 0.000000000
v 0.067534319 0.207849262 0.679805094
vt 0.303112296 0.578125000
vn 0.587785252 0.809016994 0.000000000
v 0.067534319 0.207849262 0.731558864
vt 0.303112296 0.848214284
vn 0.587785252 0.809016994 0.000000000
f 55/55/55 56/56/56 57/57/57
g seat
v 0.176807143 0.128457909 0.679805094
vt 0.389049796 0.578125000
vn 0.587785252 0.809016994 -0.000000000
v 0.067534319 0.207849262 0.731558864
vt 0.303112296 0.848214284
vn 0.587785252 0.809016994 -0.000000000
v 0.176807143 0.128457909 0.731558864
vt 0.389049796 0.848214284
vn 0.587785252 0.809016994 -0.000000000
f 58/58/58 59/59/59 60/60/60
g seat
v 0.067534319 0.207849262 0.679805094
vt 0.303112296 0.578125000
vn 0.000000000 1.000000000 0.000000000
v -0.067534319 0.207849262 0.679805094
vt 0.196887704 0.578125000
vn 0.000000000 1.000000000 0.000000000
v -0.067534319 0.207849262 0.731558864
vt 0.196887704 0.848214284
vn 0.000000000 1.000000000 0.000000000
f 61/61/61 62/62/62 63/63/63
g seat
v 0.067534319 0.207849262 0.679805094
vt 0.303112296 0.578125000
vn 0.000000000 1.000000000 -0.000000000
v -0.067534319 0.207849262 0.731558864
vt 0.196887704 0.848214284
vn 0.000000000 1.000000000 -0.000000000
v 0.067534319 0.207849262 0.731558864
vt 0.303112296 0.848214284
vn 0.000000000 1.000000000 -0.000000000
f 64/64/64 65/65/65 66/66/66
g seat
v -0.067534319 0.207849262 0.679805094
vt 0.196887704 0.578125000
vn -0.587785252 0.809016994 0.000000000
v -0.176807143 0.128457909 0.679805094
vt 0.110950204 0.578125000
vn -0.587785252 0.809016994 0.000000000
v -0.176807143 0.128457909 0.731558864
vt 0.110950204 0.848214284
vn -0.587785252 0.809016994 0.000000000
f 67/67/67 68/68/68 69/69/69
g seat
v -0.067534319 0.207849262 0.679805094
vt 0.196887704 0.578125000
vn -0.587785252 0.809016994 0.000000000
v -0.176807143 0.128457909 0.731558864
vt 0.110950204 0.848214284
vn -0.587785252 0.809016994 0.000000000
v -0.067534319 0.207849262 0.731558864
vt 0.196887704 0.848214284
vn -0.587785252 0.809016994 0.000000000
f 70/70/70 71/71/71 72/72/72
g seat
v -0.176807143 0.128457909 0.679805094
vt 0.356224592 0.578125000
vn -0.951056516 0.309016994 0.000000000
v -0.218545648 0.000000000 0.679805094
vt 0.250000000 0.578125000
vn -0.951056516 0.309016994 0.000000000
v -0.218545648 0.000000000 0.731558864
vt 0.250000000 0.848214284
vn -0.951056516 0.309016994 0.000000000
f 73/73/73 74/74/74 75/75/75
g seat
v -0.176807143 0.128457909 0.679805094
vt 0.356224592 0.578125000
vn -0.951056516 0.309016994 0.000000000
v -0.218545648 0.000000000 0.731558864
vt 0.250000000 0.848214284
vn -0.951056516 0.309016994 0.000000000
v -0.176807143 0.128457909 0.731558864
vt 0.356224592 0.848214284
vn -0.951056516 0.309016994 0.000000000
f 76/76/76 77/77/77 78/78/78
g seat
v -0.218545648 0.000000000 0.679805094
vt 0.250000000 0.578125000
vn -0.951056516 -0.309016994 0.000000000
v -0.176807143 -0.128457909 0.679805094
vt 0.143775408 0.578125000
vn -0.951056516 -0.309016994 0.000000000
v -0.176807143 -0.128457909 0.731558864
vt 0.143775408 0.848214284
vn -0.951056516 -0.309016994 0.000000000
f 79/79/79 80/80/80 81/81/81
g seat
v -0.218545648 0.000000000 0.679805094
vt 0.250000000 0.578125000
vn -0.951056516 -0.309016994 0.000000000
v -0.176807143 -0.128457909 0.731558864
vt 0.143775408 0.848214284
vn -0.951056516 -0.309016994 0.000000000
v -0.218545648 0.000000000 0.731558864
vt 0.250000000 0.848214284
vn -0.951056516 -0.309016994 0.000000000
f 82/82/82 83/83/83 84/84/84
g seat
v -0.176807143 -0.128457909 0.679805094
vt 0.110950204 0.578125000
vn -0.587785252 -0.809016994 0.000000000
v -0.067534319 -0.207849262 0.679805094
vt 0.196887704 0.578125000
vn -0.587785252 -0.809016994 0.000000000
v -0.067534319 -0.207849262 0.731558864
vt 0.196887704 0.848214284
vn -0.587785252 -0.809016994 0.000000000
f 85/85/85 86/86/86 87/87/87
g seat
v -0.176807143 -0.128457909 0.679805094
vt 0.110950204 0.578125000
vn -0.587785252 -0.809016994 0.000000000
v -0.067534319 -0.207849262 0.731558864
vt 0.196887704 0.848214284
vn -0.587785252 -0.809016994 0.000000000
v -0.176807143 -0.128457909 0.731558864
vt 0.110950204 0.848214284
vn -0.587785252 -0.809016994 0.000000000
f 88/88/88 89/89/89 90/90/90
g seat
v -0.067534319 -0.207849262 0.679805094
vt 0.196887704 0.578125000
vn -0.000000000 -1.000000000 0.000000000
v 0.067534319 -0.207849262 0.679805094
vt 0.303112296 0.578125000
vn -0.000000000 -1.000000000 0.000000000
v 0.067534319 -0.207849262 0.731558864
vt 0.303112296 0.848214284
vn -0.000000000 -1.000000000 0.000000000
f 91/91/91 92/92/92 93/93/93
g seat
v -0.067534319 -0.207849262 0.679805094
vt 0.196887704 0.578125000
vn -0.000000000 -1.000000000 0.000000000
v 0.067534319 -0.207849262 0.731558864
vt 0.303112296 0.848214284
vn -0.000000000 -1.000000000 0.000000000
v -0.067534319 -0.207849262 0.731558864
vt 0.196887704 0.848214284
vn -0.000000000 -1.000000000 0.000000000
f 94/94/94 95/95/95 96/96/96
g seat
v 0.067534319 -0.207849262 0.679805094
vt 0.303112296 0.578125000
vn 0.587785252 -0.809016994 0.000000000
v 0.176807143 -0.128457909 0.679805094
vt 0.389049796 0.578125000
vn 0.587785252 -0.809016994 0.000000000
v 0.176807143 -0.128457909 0.731558864
vt 0.389049796 0.848214284
vn 0.587785252 -0.809016994 0.000000000
f 97/97/97 98/98/98 99/99/99
g seat
v 0.067534319 -0.207849262 0.679805094
vt 0.303112296 0.578125000
vn 0.587785252 -0.809016994 0.000000000
v 0.176807143 -0.128457909 0.731558864
vt 0.389049796 0.848214284
vn 0.587785252 -0.809016994 0.000000000
v 0.067534319 -0.207849262 0.731558864
vt 0.303112296 0.848214284
vn 0.587785252 -0.809016994 0.000000000
f 100/100/100 101/101/101 102/102/102
g seat
v 0.176807143 -0.128457909 0.679805094
vt 0.143775408 0.578125000
vn 0.951056516 -0.309016994 0.000000000
v 0.218545648 0.000000000 0.679805094
vt 0.250000000 0.578125000
vn 0.951056516 -0.309016994 0.000000000
v 0.218545648 0.000000000 0.731558864
vt 0.250000000 0.848214284
vn 0.951056516 -0.309016994 0.000000000
f 103/103/103 104/104/104 105/105/105
g seat
v 0.176807143 -0.128457909 0.679805094
vt 0.143775408 0.578125000
vn 0.951056516 -0.309016994 0.000000000
v 0.218545648 0.000000000 0.731558864
vt 0.250000000 0.848214284
vn 0.951056516 -0.309016994 0.000000000
v 0.176807143 -0.128457909 0.731558864
vt 0.143775408 0.848214284
vn 0.951056516 -0.309016994 0.000000000
f 106/106/106 107/107/107 108/108/108
g seat
v 0.218545648 0.000000000 0.731558864
vt 0.421875000 0.750000000
vn 0.371571255 0.120730819 0.920520978
v 0.176807143 0.128457909 0.731558864
vt 0.389049796 0.856224592
vn 0.371571255 0.120730819 0.920520978
v 0.148518000 0.107904643 0.745673529
vt 0.366801828 0.839228657
vn 0.371571255 0.120730819 0.920520978
f 109/109/109 110/110/110 111/111/111
g seat
v 0.218545648 0.000000000 0.731558864
vt 0.421875000 0.750000000
vn 0.371571255 0.120730819 0.920520978
v 0.148518000 0.107904643 0.745673529
vt 0.366801828 0.839228657
vn 0.371571255 0.120730819 0.920520978
v 0.183578344 0.000000000 0.745673529
vt 0.394375000 0.750000000
vn 0.371571255 0.120730819 0.920520978
f 112/112/112 113/113/113 114/114/114
g seat
v 0.176807143 0.128457909 0.731558864
vt 0.389049796 0.856224592
vn 0.229643665 0.316077389 0.920520978
v 0.067534319 0.207849262 0.731558864
vt 0.303112296 0.921875000
vn 0.229643665 0.316077389 0.920520978
v 0.056728828 0.174593380 0.745673529
vt 0.294614328 0.894375000
vn 0.229643665 0.316077389 0.920520978
f 115/115/115 116/116/116 117/117/117
g seat
v 0.176807143 0.128457909 0.731558864
vt 0.389049796 0.856224592
vn 0.229643665 0.316077389 0.920520978
v 0.056728828 0.174593380 0.745673529
vt 0.294614328 0.894375000
vn 0.229643665 0.316077389 0.920520978
v 0.148518000 0.107904643 0.745673529
vt 0.366801828 0.839228657
vn 0.229643665 0.316077389 0.920520978
f 118/118/118 119/119/119 120/120/120
g seat
v 0.067534319 0.207849262 0.731558864
vt 0.303112296 0.921875000
vn 0.000000000 0.390693139 0.920520978
v -0.067534319 0.207849262 0.731558864
vt 0.196887704 0.921875000
vn 0.000000000 0.390693139 0.920520978
v -0.056728828 0.174593380 0.745673529
vt 0.205385672 0.894375000
vn 0.000000000 0.390693139 0.920520978
f 121/121/121 122/122/122 123/123/123
g seat
v 0.067534319 0.207849262 0.731558864
vt 0.303112296 0.921875000
vn 0.000000000 0.390693139 0.920520978
v -0.056728828 0.174593380 0.745673529
vt 0.205385672 0.894375000
vn 0.000000000 0.390693139 0.920520978
v 0.056728828 0.174593380 0.745673529
vt 0.294614328 0.894375000
vn 0.000000000 0.390693139 0.920520978
f 124/124/124 125/125/125 126/126/126
g seat
v -0.067534319 0.207849262 0.731558864
vt 0.196887704 0.921875000
vn -0.229643665 0.316077389 0.920520978
v -0.176807143 0.128457909 0.731558864
vt 0.110950204 0.856224592
vn -0.229643665 0.316077389 0.920520978
v -0.148518000 0.107904643 0.745673529
vt 0.133198172 0.839228657
vn -0.229643665 0.316077389 0.920520978
f 127/127/127 128/128/128 129/129/129
g seat
v -0.067534319 0.207849262 0.731558864
vt 0.196887704 0.921875000
vn -0.229643665 0.316077389 0.920520978
v -0.148518000 0.107904643 0.745673529
vt 0.133198172 0.839228657
vn -0.229643665 0.316077389 0.920520978
v -0.056728828 0.174593380 0.745673529
vt 0.205385672 0.894375000
vn -0.229643665 0.316077389 0.920520978
f 130/130/130 131/131/131 132/132/132
g seat
v -0.176807143 0.128457909 0.731558864
vt 0.110950204 0.856224592
vn -0.371571255 0.120730819 0.920520978
v -0.218545648 0.000000000 0.731558864
vt 0.078125000 0.750000000
vn -0.371571255 0.120730819 0.920520978
v -0.183578344 0.000000000 0.745673529
vt 0.105625000 0.750000000
vn -0.371571255 0.120730819 0.920520978
f 133/133/133 134/134/134 135/135/135
g seat
v -0.176807143 0.128457909 0.731558864
vt 0.110950204 0.856224592
vn -0.371571255 0.120730819 0.920520978
v -0.183578344 0.000000000 0.745673529
vt 0.105625000 0.750000000
vn -0.371571255 0.120730819 0.920520978
v -0.148518000 0.107904643 0.745673529
vt 0.133198172 0.839228657
vn -0.371571255 0.120730819 0.920520978
f 136/136/136 137/137/137 138/138/138
g seat
v -0.218545648 0.000000000 0.731558864
vt 0.078125000 0.750000000
vn -0.371571255 -0.120730819 0.920520978
v -0.176807143 -0.128457909 0.731558864
vt 0.110950204 0.643775408
vn -0.371571255 -0.120730819 0.920520978
v -0.148518000 -0.107904643 0.745673529
vt 0.133198172 0.660771343
vn -0.371571255 -0.120730819 0.920520978
f 139/139/139 140/140/140 141/141/141
g seat
v -0.218545648 0.000000000 0.731558864
vt 0.078125000 0.750000000
vn -0.371571255 -0.120730819 0.920520978
v -0.148518000 -0.107904643 0.745673529
vt 0.133198172 0.660771343
vn -0.371571255 -0.120730819 0.920520978
v -0.183578344 0.000000000 0.745673529
vt 0.105625000 0.750000000
vn -0.371571255 -0.120730819 0.920520978
f 142/142/142 143/143/143 144/144/144
g seat
v -0.176807143 -0.128457909 0.731558864
vt 0.110950204 0.643775408
vn -0.229643665 -0.316077389 0.920520978
v -0.067534319 -0.207849262 0.731558864
vt 0.196887704 0.578125000
vn -0.229643665 -0.316077389 0.920520978
v -0.056728828 -0.174593380 0.745673529
vt 0.205385672 0.605625000
vn -0.229643665 -0.316077389 0.920520978
f 145/145/145 146/146/146 147/147/147
g seat
v -0.176807143 -0.128457909 0.731558864
vt 0.110950204 0.643775408
vn -0.229643665 -0.316077389 0.920520978
v -0.056728828 -0.174593380 0.745673529
vt 0.205385672 0.605625000
vn -0.229643665 -0.316077389 0.920520978
v -0.148518000 -0.107904643 0.745673529
vt 0.133198172 0.660771343
vn -0.229643665 -0.316077389 0.920520978
f 148/148/148 149/149/149 150/150/150
g seat
v -0.067534319 -0.207849262 0.731558864
vt 0.196887704 0.578125000
vn -0.000000000 -0.390693139 0.920520978
v 0.067534319 -0.207849262 0.731558864
vt 0.303112296 0.578125000
vn -0.000000000 -0.390693139 0.920520978
v 0.056728828 -0.174593380 0.745673529
vt 0.294614328 0.605625000
vn -0.000000000 -0.390693139 0.920520978
f 151/151/151 152/152/152 153/153/153
g seat
v -0.067534319 -0.207849262 0.731558864
vt 0.196887704 0.578125000
vn -0.000000000 -0.390693139 0.920520978
v 0.056728828 -0.174593380 0.745673529
vt 0.294614328 0.605625000
vn -0.000000000 -0.390693139 0.920520978
v -0.056728828 -0.174593380 0.745673529
vt 0.205385672 0.605625000
vn -0.000000000 -0.390693139 0.920520978
f 154/154/154 155/155/155 156/156/156
g seat
v 0.067534319 -0.207849262 0.731558864
vt 0.303112296 0.578125000
vn 0.229643665 -0.316077389 0.920520978
v 0.176807143 -0.128457909 0.731558864
vt 0.389049796 0.643775408
vn 0.229643665 -0.316077389 0.920520978
v 0.148518000 -0.107904643 0.745673529
vt 0.366801828 0.660771343
vn 0.229643665 -0.316077389 0.920520978
f 157/157/157 158/158/158 159/159/159
g seat
v 0.067534319 -0.207849262 0.731558864
vt 0.303112296 0.578125000
vn 0.229643665 -0.316077389 0.920520978
v 0.148518000 -0.107904643 0.745673529
vt 0.366801828 0.660771343
vn 0.229643665 -0.316077389 0.920520978
v 0.056728828 -0.174593380 0.745673529
vt 0.294614328 0.605625000
vn 0.229643665 -0.316077389 0.920520978
f 160/160/160 161/161/161 162/162/162
g seat
v 0.176807143 -0.128457909 0.731558864
vt 0.389049796 0.643775408
vn 0.371571255 -0.120730819 0.920520978
v 0.218545648 0.000000000 0.731558864
vt 0.421875000 0.750000000
vn 0.371571255 -0.120730819 0.920520978
v 0.183578344 0.000000000 0.745673529
vt 0.394375000 0.750000000
vn 0.371571255 -0.120730819 0.920520978
f 163/163/163 164/164/164 165/165/165
g seat
v 0.176807143 -0.128457909 0.731558864
vt 0.389049796 0.643775408
vn 0.371571255 -0.120730819 0.920520978
v 0.183578344 0.000000000 0.745673529
vt 0.394375000 0.750000000
vn 0.371571255 -0.120730819 0.920520978
v 0.148518000 -0.107904643 0.745673529
vt 0.366801828 0.660771343
vn 0.371571255 -0.120730819 0.920520978
f 166/166/166 167/167/167 168/168/168
g wood
v 0.191541124 0.154766727 0.002306836
vt 0.887319260 0.860955037
vn 0.062636458 0.062636458 -0.996068948
v 0.154856937 0.154766727 0.000000000
vt 0.861019710 0.860955037
vn 0.062636458 0.062636458 -0.996068948
v 0.154676958 0.191451355 0.002295546
vt 0.860890680 0.887254903
vn 0.062636458 0.062636458 -0.996068948
f 169/169/169 170/170/170 171/171/171
g wood
v 0.191541124 0.154766727 0.002306836
vt 0.887319260 0.860955037
vn 0.062636458 0.062636458 -0.996068948
v 0.154676958 0.191451355 0.002295546
vt 0.860890680 0.887254903
vn 0.062636458 0.062636458 -0.996068948
v 0.191361145 0.191451355 0.004602382
vt 0.887190230 0.887254903
vn 0.062636458 0.062636458 -0.996068948
f 172/172/172 173/173/173 174/174/174
g wood
v 0.138611179 0.138701390 0.677401397
vt 0.849372835 0.849437509
vn -0.062636458 -0.062636458 0.996068948
v 0.101926993 0.138701390 0.675094561
vt 0.823073286 0.849437509
vn -0.062636458 -0.062636458 0.996068948
v 0.102106972 0.102016761 0.672799015
vt 0.823202316 0.823137642
vn -0.062636458 -0.062636458 0.996068948
f 175/175/175 176/176/176 177/177/177
g wood
v 0.138611179 0.138701390 0.677401397
vt 0.849372835 0.849437509
vn -0.062636458 -0.062636458 0.996068948
v 0.102106972 0.102016761 0.672799015
vt 0.823202316 0.823137642
vn -0.062636458 -0.062636458 0.996068948
v 0.138791159 0.102016761 0.675105851
vt 0.849501866 0.823137642
vn -0.062636458 -0.062636458 0.996068948
f 178/178/178 179/179/179 180/180/180
g wood
v 0.191361145 0.191451355 0.004602382
vt 0.887190230 0.580460497
vn -0.004891203 0.996958409 0.077781788
v 0.154676958 0.191451355 0.002295546
vt 0.860890680 0.579289884
vn -0.004891203 0.996958409 0.077781788
v 0.101926993 0.138701390 0.675094561
vt 0.823073286 0.920704387
vn -0.004891203 0.996958409 0.077781788
f 181/181/181 182/182/182 183/183/183
g wood
v 0.191361145 0.191451355 0.004602382
vt 0.887190230 0.580460497
vn -0.004891203 0.996958409 0.077781788
v 0.101926993 0.138701390 0.675094561
vt 0.823073286 0.920704387
vn -0.004891203 0.996958409 0.077781788
v 0.138611179 0.138701390 0.677401397
vt 0.849372835 0.921875000
vn -0.004891203 0.996958409 0.077781788
f 184/184/184 185/185/185 186/186/186
g wood
v 0.154676958 0.191451355 0.002295546
vt 0.887254903 0.579289884
vn -0.996940524 -0.000000000 -0.078163875
v 0.154856937 0.154766727 0.000000000
vt 0.860955037 0.578125000
vn -0.996940524 -0.000000000 -0.078163875
v 0.102106972 0.102016761 0.672799015
vt 0.823137642 0.919539503
vn -0.996940524 -0.000000000 -0.078163875
f 187/187/187 188/188/188 189/189/189
g wood
v 0.154676958 0.191451355 0.002295546
vt 0.887254903 0.579289884
vn -0.996940524 0.000000000 -0.078163875
v 0.102106972 0.102016761 0.672799015
vt 0.823137642 0.919539503
vn -0.996940524 0.000000000 -0.078163875
v 0.101926993 0.138701390 0.675094561
vt 0.849437509 0.920704387
vn -0.996940524 0.000000000 -0.078163875
f 190/190/190 191/191/191 192/192/192
g wood
v 0.154856937 0.154766727 0.000000000
vt 0.861019710 0.578125000
vn 0.004891203 -0.996958409 -0.077781788
v 0.191541124 0.154766727 0.002306836
vt 0.887319260 0.579295613
vn 0.004891203 -0.996958409 -0.077781788
v 0.138791159 0.102016761 0.675105851
vt 0.849501866 0.920710116
vn 0.004891203 -0.996958409 -0.077781788
f 193/193/193 194/194/194 195/195/195
g wood
v 0.154856937 0.154766727 0.000000000
vt 0.861019710 0.578125000
vn 0.004891203 -0.996958409 -0.077781788
v 0.138791159 0.102016761 0.675105851
vt 0.849501866 0.920710116
vn 0.004891203 -0.996958409 -0.077781788
v 0.102106972 0.102016761 0.672799015
vt 0.823202316 0.919539503
vn 0.004891203 -0.996958409 -0.077781788
f 196/196/196 197/197/197 198/198/198
g wood
v 0.191541124 0.154766727 0.002306836
vt 0.860955037 0.579295613
vn 0.996940524 0.000000000 0.078163875
v 0.191361145 0.191451355 0.004602382
vt 0.887254903 0.580460497
vn 0.996940524 0.000000000 0.078163875
v 0.138611179 0.138701390 0.677401397
vt 0.849437509 0.921875000
vn 0.996940524 0.000000000 0.078163875
f 199/199/199 200/200/200 201/201/201
g wood
v 0.191541124 0.154766727 0.002306836
vt 0.860955037 0.579295613
vn 0.996940524 0.000000000 0.078163875
v 0.138611179 0.138701390 0.677401397
vt 0.849437509 0.921875000
vn 0.996940524 0.000000000 0.078163875
v 0.138791159 0.102016761 0.675105851
vt 0.823137642 0.920710116
vn 0.996940524 0.000000000 0.078163875
f 202/202/202 203/203/203 204/204/204
g wood
v -0.154856937 0.154766727 0.000000000
vt 0.638980290 0.860955037
vn -0.062636458 0.062636458 -0.996068948
v -0.191541124 0.154766727 0.002306836
vt 0.612680740 0.860955037
vn -0.062636458 0.062636458 -0.996068948
v -0.191361145 0.191451355 0.004602382
vt 0.612809770 0.887254903
vn -0.062636458 0.062636458 -0.996068948
f 205/205/205 206/206/206 207/207/207
g wood
v -0.154856937 0.154766727 0.000000000
vt 0.638980290 0.860955037
vn -0.062636458 0.062636458 -0.996068948
v -0.191361145 0.191451355 0.004602382
vt 0.612809770 0.887254903
vn -0.062636458 0.062636458 -0.996068948
v -0.154676958 0.191451355 0.002295546
vt 0.639109320 0.887254903
vn -0.062636458 0.062636458 -0.996068948
f 208/208/208 209/209/209 210/210/210
g wood
v -0.101926993 0.138701390 0.675094561
vt 0.676926714 0.849437509
vn 0.062636458 -0.062636458 0.996068948
v -0.138611179 0.138701390 0.677401397
vt 0.650627165 0.849437509
vn 0.062636458 -0.062636458 0.996068948
v -0.138791159 0.102016761 0.675105851
vt 0.650498134 0.823137642
vn 0.062636458 -0.062636458 0.996068948
f 211/211/211 212/212/212 213/213/213
g wood
v -0.101926993 0.138701390 0.675094561
vt 0.676926714 0.849437509
vn 0.062636458 -0.062636458 0.996068948
v -0.138791159 0.102016761 0.675105851
vt 0.650498134 0.823137642
vn 0.062636458 -0.062636458 0.996068948
v -0.102106972 0.102016761 0.672799015
vt 0.676797684 0.823137642
vn 0.062636458 -0.062636458 0.996068948
f 214/214/214 215/215/215 216/216/216
g wood
v -0.154676958 0.191451355 0.002295546
vt 0.639109320 0.579289884
vn 0.004891203 0.996958409 0.077781788
v -0.191361145 0.191451355 0.004602382
vt 0.612809770 0.580460497
vn 0.004891203 0.996958409 0.077781788
v -0.138611179 0.138701390 0.677401397
vt 0.650627165 0.921875000
vn 0.004891203 0.996958409 0.077781788
f 217/217/217 218/218/218 219/219/219
g wood
v -0.154676958 0.191451355 0.002295546
vt 0.639109320 0.579289884
vn 0.004891203 0.996958409 0.077781788
v -0.138611179 0.138701390 0.677401397
vt 0.650627165 0.921875000
vn 0.004891203 0.996958409 0.077781788
v -0.101926993 0.138701390 0.675094561
vt 0.676926714 0.920704387
vn 0.004891203 0.996958409 0.077781788
f 220/220/220 221/221/221 222/222/222
g wood
v -0.191361145 0.191451355 0.004602382
vt 0.887254903 0.580460497
vn -0.996940524 -0.000000000 0.078163875
v -0.191541124 0.154766727 0.002306836
vt 0.860955037 0.579295613
vn -0.996940524 -0.000000000 0.078163875
v -0.138791159 0.102016761 0.675105851
vt 0.823137642 0.920710116
vn -0.996940524 -0.000000000 0.078163875
f 223/223/223 224/224/224 225/225/225
g wood
v -0.191361145 0.191451355 0.004602382
vt 0.887254903 0.580460497
vn -0.996940524 0.000000000 0.078163875
v -0.138791159 0.102016761 0.675105851
vt 0.823137642 0.920710116
vn -0.996940524 0.000000000 0.078163875
v -0.138611179 0.138701390 0.677401397
vt 0.849437509 0.921875000
vn -0.996940524 0.000000000 0.078163875
f 226/226/226 227/227/227 228/228/228
g wood
v -0.191541124 0.154766727 0.002306836
vt 0.612680740 0.579295613
vn -0.004891203 -0.996958409 -0.077781788
v -0.154856937 0.154766727 0.000000000
vt 0.638980290 0.578125000
vn -0.004891203 -0.996958409 -0.077781788
v -0.102106972 0.102016761 0.672799015
vt 0.676797684 0.919539503
vn -0.004891203 -0.996958409 -0.077781788
f 229/229/229 230/230/230 231/231/231
g wood
v -0.191541124 0.154766727 0.002306836
vt 0.612680740 0.579295613
vn -0.004891203 -0.996958409 -0.077781788
v -0.102106972 0.102016761 0.672799015
vt 0.676797684 0.919539503
vn -0.004891203 -0.996958409 -0.077781788
v -0.138791159 0.102016761 0.675105851
vt 0.650498134 0.920710116
vn -0.004891203 -0.996958409 -0.077781788
f 232/232/232 233/233/233 234/234/234
g wood
v -0.154856937 0.154766727 0.000000000
vt 0.860955037 0.578125000
vn 0.996940524 -0.000000000 -0.078163875
v -0.154676958 0.191451355 0.002295546
vt 0.887254903 0.579289884
vn 0.996940524 -0.000000000 -0.078163875
v -0.101926993 0.138701390 0.675094561
vt 0.849437509 0.920704387
vn 0.996940524 -0.000000000 -0.078163875
f 235/235/235 236/236/236 237/237/237
g wood
v -0.154856937 0.154766727 0.000000000
vt 0.860955037 0.578125000
vn 0.996940524 -0.000000000 -0.078163875
v -0.101926993 0.138701390 0.675094561
vt 0.849437509 0.920704387
vn 0.996940524 -0.000000000 -0.078163875
v -0.102106972 0.102016761 0.672799015
vt 0.823137642 0.919539503
vn 0.996940524 -0.000000000 -0.078163875
f 238/238/238 239/239/239 240/240/240
g wood
v -0.154676958 -0.191451355 0.002295546
vt 0.639109320 0.612745097
vn -0.062636458 -0.062636458 -0.996068948
v -0.191361145 -0.191451355 0.004602382
vt 0.612809770 0.612745097
vn -0.062636458 -0.062636458 -0.996068948
v -0.191541124 -0.154766727 0.002306836
vt 0.612680740 0.639044963
vn -0.062636458 -0.062636458 -0.996068948
f 241/241/241 242/242/242 243/243/243
g wood
v -0.154676958 -0.191451355 0.002295546
vt 0.639109320 0.612745097
vn -0.062636458 -0.062636458 -0.996068948
v -0.191541124 -0.154766727 0.002306836
vt 0.612680740 0.639044963
vn -0.062636458 -0.062636458 -0.996068948
v -0.154856937 -0.154766727 0.000000000
vt 0.638980290 0.639044963
vn -0.062636458 -0.062636458 -0.996068948
f 244/244/244 245/245/245 246/246/246
g wood
v -0.102106972 -0.102016761 0.672799015
vt 0.676797684 0.676862358
vn 0.062636458 0.062636458 0.996068948
v -0.138791159 -0.102016761 0.675105851
vt 0.650498134 0.676862358
vn 0.062636458 0.062636458 0.996068948
v -0.138611179 -0.138701390 0.677401397
vt 0.650627165 0.650562491
vn 0.062636458 0.062636458 0.996068948
f 247/247/247 248/248/248 249/249/249
g wood
v -0.102106972 -0.102016761 0.672799015
vt 0.676797684 0.676862358
vn 0.062636458 0.062636458 0.996068948
v -0.138611179 -0.138701390 0.677401397
vt 0.650627165 0.650562491
vn 0.062636458 0.062636458 0.996068948
v -0.101926993 -0.138701390 0.675094561
vt 0.676926714 0.650562491
vn 0.062636458 0.062636458 0.996068948
f 250/250/250 251/251/251 252/252/252
g wood
v -0.154856937 -0.154766727 0.000000000
vt 0.638980290 0.578125000
vn -0.004891203 0.996958409 -0.077781788
v -0.191541124 -0.154766727 0.002306836
vt 0.612680740 0.579295613
vn -0.004891203 0.996958409 -0.077781788
v -0.138791159 -0.102016761 0.675105851
vt 0.650498134 0.920710116
vn -0.004891203 0.996958409 -0.077781788
f 253/253/253 254/254/254 255/255/255
g wood
v -0.154856937 -0.154766727 0.000000000
vt 0.638980290 0.578125000
vn -0.004891203 0.996958409 -0.077781788
v -0.138791159 -0.102016761 0.675105851
vt 0.650498134 0.920710116
vn -0.004891203 0.996958409 -0.077781788
v -0.102106972 -0.102016761 0.672799015
vt 0.676797684 0.919539503
vn -0.004891203 0.996958409 -0.077781788
f 256/256/256 257/257/257 258/258/258
g wood
v -0.191541124 -0.154766727 0.002306836
vt 0.639044963 0.579295613
vn -0.996940524 0.000000000 0.078163875
v -0.191361145 -0.191451355 0.004602382
vt 0.612745097 0.580460497
vn -0.996940524 0.000000000 0.078163875
v -0.138611179 -0.138701390 0.677401397
vt 0.650562491 0.921875000
vn -0.996940524 0.000000000 0.078163875
f 259/259/259 260/260/260 261/261/261
g wood
v -0.191541124 -0.154766727 0.002306836
vt 0.639044963 0.579295613
vn -0.996940524 -0.000000000 0.078163875
v -0.138611179 -0.138701390 0.677401397
vt 0.650562491 0.921875000
vn -0.996940524 -0.000000000 0.078163875
v -0.138791159 -0.102016761 0.675105851
vt 0.676862358 0.920710116
vn -0.996940524 -0.000000000 0.078163875
f 262/262/262 263/263/263 264/264/264
g wood
v -0.191361145 -0.191451355 0.004602382
vt 0.612809770 0.580460497
vn 0.004891203 -0.996958409 0.077781788
v -0.154676958 -0.191451355 0.002295546
vt 0.639109320 0.579289884
vn 0.004891203 -0.996958409 0.077781788
v -0.101926993 -0.138701390 0.675094561
vt 0.676926714 0.920704387
vn 0.004891203 -0.996958409 0.077781788
f 265/265/265 266/266/266 267/267/267
g wood
v -0.191361145 -0.191451355 0.004602382
vt 0.612809770 0.580460497
vn 0.004891203 -0.996958409 0.077781788
v -0.101926993 -0.138701390 0.675094561
vt 0.676926714 0.920704387
vn 0.004891203 -0.996958409 0.077781788
v -0.138611179 -0.138701390 0.677401397
vt 0.650627165 0.921875000
vn 0.004891203 -0.996958409 0.077781788
f 268/268/268 269/269/269 270/270/270
g wood
v -0.154676958 -0.191451355 0.002295546
vt 0.612745097 0.579289884
vn 0.996940524 -0.000000000 -0.078163875
v -0.154856937 -0.154766727 0.000000000
vt 0.639044963 0.578125000
vn 0.996940524 -0.000000000 -0.078163875
v -0.102106972 -0.102016761 0.672799015
vt 0.676862358 0.919539503
vn 0.996940524 -0.000000000 -0.078163875
f 271/271/271 272/272/272 273/273/273
g wood
v -0.154676958 -0.191451355 0.002295546
vt 0.612745097 0.579289884
vn 0.996940524 0.000000000 -0.078163875
v -0.102106972 -0.102016761 0.672799015
vt 0.676862358 0.919539503
vn 0.996940524 0.000000000 -0.078163875
v -0.101926993 -0.138701390 0.675094561
vt 0.650562491 0.920704387
vn 0.996940524 0.000000000 -0.078163875
f 274/274/274 275/275/275 276/276/276
g wood
v 0.191361145 -0.191451355 0.004602382
vt 0.887190230 0.612745097
vn 0.062636458 -0.062636458 -0.996068948
v 0.154676958 -0.191451355 0.002295546
vt 0.860890680 0.612745097
vn 0.062636458 -0.062636458 -0.996068948
v 0.154856937 -0.154766727 0.000000000
vt 0.861019710 0.639044963
vn 0.062636458 -0.062636458 -0.996068948
f 277/277/277 278/278/278 279/279/279
g wood
v 0.191361145 -0.191451355 0.004602382
vt 0.887190230 0.612745097
vn 0.062636458 -0.062636458 -0.996068948
v 0.154856937 -0.154766727 0.000000000
vt 0.861019710 0.639044963
vn 0.062636458 -0.062636458 -0.996068948
v 0.191541124 -0.154766727 0.002306836
vt 0.887319260 0.639044963
vn 0.062636458 -0.062636458 -0.996068948
f 280/280/280 281/281/281 282/282/282
g wood
v 0.138791159 -0.102016761 0.675105851
vt 0.849501866 0.676862358
vn -0.062636458 0.062636458 0.996068948
v 0.102106972 -0.102016761 0.672799015
vt 0.823202316 0.676862358
vn -0.062636458 0.062636458 0.996068948
v 0.101926993 -0.138701390 0.675094561
vt 0.823073286 0.650562491
vn -0.062636458 0.062636458 0.996068948
f 283/283/283 284/284/284 285/285/285
g wood
v 0.138791159 -0.102016761 0.675105851
vt 0.849501866 0.676862358
vn -0.062636458 0.062636458 0.996068948
v 0.101926993 -0.138701390 0.675094561
vt 0.823073286 0.650562491
vn -0.062636458 0.062636458 0.996068948
v 0.138611179 -0.138701390 0.677401397
vt 0.849372835 0.650562491
vn -0.062636458 0.062636458 0.996068948
f 286/286/286 287/287/287 288/288/288
g wood
v 0.191541124 -0.154766727 0.002306836
vt 0.887319260 0.579295613
vn 0.004891203 0.996958409 -0.077781788
v 0.154856937 -0.154766727 0.000000000
vt 0.861019710 0.578125000
vn 0.004891203 0.996958409 -0.077781788
v 0.102106972 -0.102016761 0.672799015
vt 0.823202316 0.919539503
vn 0.004891203 0.996958409 -0.077781788
f 289/289/289 290/290/290 291/291/291
g wood
v 0.191541124 -0.154766727 0.002306836
vt 0.887319260 0.579295613
vn 0.004891203 0.996958409 -0.077781788
v 0.102106972 -0.102016761 0.672799015
vt 0.823202316 0.919539503
vn 0.004891203 0.996958409 -0.077781788
v 0.138791159 -0.102016761 0.675105851
vt 0.849501866 0.920710116
vn 0.004891203 0.996958409 -0.077781788
f 292/292/292 293/293/293 294/294/294
g wood
v 0.154856937 -0.154766727 0.000000000
vt 0.639044963 0.578125000
vn -0.996940524 0.000000000 -0.078163875
v 0.154676958 -0.191451355 0.002295546
vt 0.612745097 0.579289884
vn -0.996940524 0.000000000 -0.078163875
v 0.101926993 -0.138701390 0.675094561
vt 0.650562491 0.920704387
vn -0.996940524 0.000000000 -0.078163875
f 295/295/295 296/296/296 297/297/297
g wood
v 0.154856937 -0.154766727 0.000000000
vt 0.639044963 0.578125000
vn -0.996940524 0.000000000 -0.078163875
v 0.101926993 -0.138701390 0.675094561
vt 0.650562491 0.920704387
vn -0.996940524 0.000000000 -0.078163875
v 0.102106972 -0.102016761 0.672799015
vt 0.676862358 0.919539503
vn -0.996940524 0.000000000 -0.078163875
f 298/298/298 299/299/299 300/300/300
g wood
v 0.154676958 -0.191451355 0.002295546
vt 0.860890680 0.579289884
vn -0.004891203 -0.996958409 0.077781788
v 0.191361145 -0.191451355 0.004602382
vt 0.887190230 0.580460497
vn -0.004891203 -0.996958409 0.077781788
v 0.138611179 -0.138701390 0.677401397
vt 0.849372835 0.921875000
vn -0.004891203 -0.996958409 0.077781788
f 301/301/301 302/302/302 303/303/303
g wood
v 0.154676958 -0.191451355 0.002295546
vt 0.860890680 0.579289884
vn -0.004891203 -0.996958409 0.077781788
v 0.138611179 -0.138701390 0.677401397
vt 0.849372835 0.921875000
vn -0.004891203 -0.996958409 0.077781788
v 0.101926993 -0.138701390 0.675094561
vt 0.823073286 0.920704387
vn -0.004891203 -0.996958409 0.077781788
f 304/304/304 305/305/305 306/306/306
g wood
v 0.191361145 -0.191451355 0.004602382
vt 0.612745097 0.580460497
vn 0.996940524 -0.000000000 0.078163875
v 0.191541124 -0.154766727 0.002306836
vt 0.639044963 0.579295613
vn 0.996940524 -0.000000000 0.078163875
v 0.138791159 -0.102016761 0.675105851
vt 0.676862358 0.920710116
vn 0.996940524 -0.000000000 0.078163875
f 307/307/307 308/308/308 309/309/309
g wood
v 0.191361145 -0.191451355 0.004602382
vt 0.612745097 0.580460497
vn 0.996940524 0.000000000 0.078163875
v 0.138791159 -0.102016761 0.675105851
vt 0.676862358 0.920710116
vn 0.996940524 0.000000000 0.078163875
v 0.138611179 -0.138701390 0.677401397
vt 0.650562491 0.921875000
vn 0.996940524 0.000000000 0.078163875
f 310/310/310 311/311/311 312/312/312
g wood
v 0.191227442 -0.000000000 0.394688868
vt 0.887094376 0.778411417
vn 0.382683432 -0.923879533 -0.000000000
v 0.174725194 -0.006835455 0.378692248
vt 0.875263619 0.770293869
vn 0.382683432 -0.923879533 -0.000000000
v 0.191227442 0.000000000 0.362695628
vt 0.887094376 0.762176321
vn 0.382683432 -0.923879533 -0.000000000
f 313/313/313 314/314/314 315/315/315
g wood
v 0.191227442 -0.000000000 0.394688868
vt 0.887094376 0.778411417
vn 0.382683432 -0.923879533 -0.000000000
v 0.191227442 0.000000000 0.362695628
vt 0.887094376 0.762176321
vn 0.382683432 -0.923879533 -0.000000000
v 0.207729689 0.006835455 0.378692248
vt 0.898925132 0.770293869
vn 0.382683432 -0.923879533 -0.000000000
f 316/316/316 317/317/317 318/318/318
g wood
v 0.151720468 0.142053676 0.378692248
vt 0.858771119 0.770293869
vn -0.382683432 0.923879533 0.000000000
v 0.135218221 0.135218221 0.362695628
vt 0.846940363 0.762176321
vn -0.382683432 0.923879533 0.000000000
v 0.118715973 0.128382766 0.378692248
vt 0.835109606 0.770293869
vn -0.382683432 0.923879533 0.000000000
f 319/319/319 320/320/320 321/321/321
g wood
v 0.151720468 0.142053676 0.378692248
vt 0.858771119 0.770293869
vn -0.382683432 0.923879533 -0.000000000
v 0.118715973 0.128382766 0.378692248
vt 0.835109606 0.770293869
vn -0.382683432 0.923879533 -0.000000000
v 0.135218221 0.135218221 0.394688868
vt 0.846940363 0.778411417
vn -0.382683432 0.923879533 -0.000000000
f 322/322/322 323/323/323 324/324/324
g wood
v 0.207729689 0.006835455 0.378692248
vt 0.898925132 0.754900460
vn 0.616357257 0.255303535 -0.744932102
v 0.191227442 0.000000000 0.362695628
vt 0.887094376 0.750000000
vn 0.616357257 0.255303535 -0.744932102
v 0.135218221 0.135218221 0.362695628
vt 0.846940363 0.846940363
vn 0.616357257 0.255303535 -0.744932102
f 325/325/325 326/326/326 327/327/327
g wood
v 0.207729689 0.006835455 0.378692248
vt 0.898925132 0.754900460
vn 0.616357257 0.255303535 -0.744932102
v 0.135218221 0.135218221 0.362695628
vt 0.846940363 0.846940363
vn 0.616357257 0.255303535 -0.744932102
v 0.151720468 0.142053676 0.378692248
vt 0.858771119 0.851840823
vn 0.616357257 0.255303535 -0.744932102
f 328/328/328 329/329/329 330/330/330
g wood
v 0.191227442 0.000000000 0.362695628
vt 0.887094376 0.750000000
vn -0.616357257 -0.255303535 -0.744932102
v 0.174725194 -0.006835455 0.378692248
vt 0.875263619 0.745099540
vn -0.616357257 -0.255303535 -0.744932102
v 0.118715973 0.128382766 0.378692248
vt 0.835109606 0.842039903
vn -0.616357257 -0.255303535 -0.744932102
f 331/331/331 332/332/332 333/333/333
g wood
v 0.191227442 0.000000000 0.362695628
vt 0.887094376 0.750000000
vn -0.616357257 -0.255303535 -0.744932102
v 0.118715973 0.128382766 0.378692248
vt 0.835109606 0.842039903
vn -0.616357257 -0.255303535 -0.744932102
v 0.135218221 0.135218221 0.362695628
vt 0.846940363 0.846940363
vn -0.616357257 -0.255303535 -0.744932102
f 334/334/334 335/335/335 336/336/336
g wood
v 0.174725194 -0.006835455 0.378692248
vt 0.875263619 0.745099540
vn -0.616357257 -0.255303535 0.744932102
v 0.191227442 -0.000000000 0.394688868
vt 0.887094376 0.750000000
vn -0.616357257 -0.255303535 0.744932102
v 0.135218221 0.135218221 0.394688868
vt 0.846940363 0.846940363
vn -0.616357257 -0.255303535 0.744932102
f 337/337/337 338/338/338 339/339/339
g wood
v 0.174725194 -0.006835455 0.378692248
vt 0.875263619 0.745099540
vn -0.616357257 -0.255303535 0.744932102
v 0.135218221 0.135218221 0.394688868
vt 0.846940363 0.846940363
vn -0.616357257 -0.255303535 0.744932102
v 0.118715973 0.128382766 0.378692248
vt 0.835109606 0.842039903
vn -0.616357257 -0.255303535 0.744932102
f 340/340/340 341/341/341 342/342/342
g wood
v 0.191227442 -0.000000000 0.394688868
vt 0.887094376 0.750000000
vn 0.616357257 0.255303535 0.744932102
v 0.207729689 0.006835455 0.378692248
vt 0.898925132 0.754900460
vn 0.616357257 0.255303535 0.744932102
v 0.151720468 0.142053676 0.378692248
vt 0.858771119 0.851840823
vn 0.616357257 0.255303535 0.744932102
f 343/343/343 344/344/344 345/345/345
g wood
v 0.191227442 -0.000000000 0.394688868
vt 0.887094376 0.750000000
vn 0.616357257 0.255303535 0.744932102
v 0.151720468 0.142053676 0.378692248
vt 0.858771119 0.851840823
vn 0.616357257 0.255303535 0.744932102
v 0.135218221 0.135218221 0.394688868
vt 0.846940363 0.846940363
vn 0.616357257 0.255303535 0.744932102
f 346/346/346 347/347/347 348/348/348
g wood
v 0.135218221 0.135218221 0.394688868
vt 0.846940363 0.778411417
vn 0.923879533 -0.382683432 0.000000000
v 0.128382766 0.118715973 0.378692248
vt 0.835109606 0.770293869
vn 0.923879533 -0.382683432 0.000000000
v 0.135218221 0.135218221 0.362695628
vt 0.846940363 0.762176321
vn 0.923879533 -0.382683432 0.000000000
f 349/349/349 350/350/350 351/351/351
g wood
v 0.135218221 0.135218221 0.394688868
vt 0.846940363 0.778411417
vn 0.923879533 -0.382683432 0.000000000
v 0.135218221 0.135218221 0.362695628
vt 0.846940363 0.762176321
vn 0.923879533 -0.382683432 0.000000000
v 0.142053676 0.151720468 0.378692248
vt 0.858771119 0.770293869
vn 0.923879533 -0.382683432 0.000000000
f 352/352/352 353/353/353 354/354/354
g wood
v 0.006835455 0.207729689 0.378692248
vt 0.898925132 0.770293869
vn -0.923879533 0.382683432 0.000000000
v 0.000000000 0.191227442 0.362695628
vt 0.887094376 0.762176321
vn -0.923879533 0.382683432 0.000000000
v -0.006835455 0.174725194 0.378692248
vt 0.875263619 0.770293869
vn -0.923879533 0.382683432 0.000000000
f 355/355/355 356/356/356 357/357/357
g wood
v 0.006835455 0.207729689 0.378692248
vt 0.898925132 0.770293869
vn -0.923879533 0.382683432 -0.000000000
v -0.006835455 0.174725194 0.378692248
vt 0.875263619 0.770293869
vn -0.923879533 0.382683432 -0.000000000
v 0.000000000 0.191227442 0.394688868
vt 0.887094376 0.778411417
vn -0.923879533 0.382683432 -0.000000000
f 358/358/358 359/359/359 360/360/360
g wood
v 0.142053676 0.151720468 0.378692248
vt 0.851840823 0.858771119
vn 0.255303535 0.616357257 -0.744932102
v 0.135218221 0.135218221 0.362695628
vt 0.846940363 0.846940363
vn 0.255303535 0.616357257 -0.744932102
v 0.000000000 0.191227442 0.362695628
vt 0.750000000 0.887094376
vn 0.255303535 0.616357257 -0.744932102
f 361/361/361 362/362/362 363/363/363
g wood
v 0.142053676 0.151720468 0.378692248
vt 0.851840823 0.858771119
vn 0.255303535 0.616357257 -0.744932102
v 0.000000000 0.191227442 0.362695628
vt 0.750000000 0.887094376
vn 0.255303535 0.616357257 -0.744932102
v 0.006835455 0.207729689 0.378692248
vt 0.754900460 0.898925132
vn 0.255303535 0.616357257 -0.744932102
f 364/364/364 365/365/365 366/366/366
g wood
v 0.135218221 0.135218221 0.362695628
vt 0.846940363 0.846940363
vn -0.255303535 -0.616357257 -0.744932102
v 0.128382766 0.118715973 0.378692248
vt 0.842039903 0.835109606
vn -0.255303535 -0.616357257 -0.744932102
v -0.006835455 0.174725194 0.378692248
vt 0.745099540 0.875263619
vn -0.255303535 -0.616357257 -0.744932102
f 367/367/367 368/368/368 369/369/369
g wood
v 0.135218221 0.135218221 0.362695628
vt 0.846940363 0.846940363
vn -0.255303535 -0.616357257 -0.744932102
v -0.006835455 0.174725194 0.378692248
vt 0.745099540 0.875263619
vn -0.255303535 -0.616357257 -0.744932102
v 0.000000000 0.191227442 0.362695628
vt 0.750000000 0.887094376
vn -0.255303535 -0.616357257 -0.744932102
f 370/370/370 371/371/371 372/372/372
g wood
v 0.128382766 0.118715973 0.378692248
vt 0.842039903 0.835109606
vn -0.255303535 -0.616357257 0.744932102
v 0.135218221 0.135218221 0.394688868
vt 0.846940363 0.846940363
vn -0.255303535 -0.616357257 0.744932102
v 0.000000000 0.191227442 0.394688868
vt 0.750000000 0.887094376
vn -0.255303535 -0.616357257 0.744932102
f 373/373/373 374/374/374 375/375/375
g wood
v 0.128382766 0.118715973 0.378692248
vt 0.842039903 0.835109606
vn -0.255303535 -0.616357257 0.744932102
v 0.000000000 0.191227442 0.394688868
vt 0.750000000 0.887094376
vn -0.255303535 -0.616357257 0.744932102
v -0.006835455 0.174725194 0.378692248
vt 0.745099540 0.875263619
vn -0.255303535 -0.616357257 0.744932102
f 376/376/376 377/377/377 378/378/378
g wood
v 0.135218221 0.135218221 0.394688868
vt 0.846940363 0.846940363
vn 0.255303535 0.616357257 0.744932102
v 0.142053676 0.151720468 0.378692248
vt 0.851840823 0.858771119
vn 0.255303535 0.616357257 0.744932102
v 0.006835455 0.207729689 0.378692248
vt 0.754900460 0.898925132
vn 0.255303535 0.616357257 0.744932102
f 379/379/379 380/380/380 381/381/381
g wood
v 0.135218221 0.135218221 0.394688868
vt 0.846940363 0.846940363
vn 0.255303535 0.616357257 0.744932102
v 0.006835455 0.207729689 0.378692248
vt 0.754900460 0.898925132
vn 0.255303535 0.616357257 0.744932102
v 0.000000000 0.191227442 0.394688868
vt 0.750000000 0.887094376
vn 0.255303535 0.616357257 0.744932102
f 382/382/382 383/383/383 384/384/384
g wood
v 0.000000000 0.191227442 0.394688868
vt 0.887094376 0.778411417
vn 0.923879533 0.382683432 -0.000000000
v 0.006835455 0.174725194 0.378692248
vt 0.875263619 0.770293869
vn 0.923879533 0.382683432 -0.000000000
v 0.000000000 0.191227442 0.362695628
vt 0.887094376 0.762176321
vn 0.923879533 0.382683432 -0.000000000
f 385/385/385 386/386/386 387/387/387
g wood
v 0.000000000 0.191227442 0.394688868
vt 0.887094376 0.778411417
vn 0.923879533 0.382683432 -0.000000000
v 0.000000000 0.191227442 0.362695628
vt 0.887094376 0.762176321
vn 0.923879533 0.382683432 -0.000000000
v -0.006835455 0.207729689 0.378692248
vt 0.898925132 0.770293869
vn 0.923879533 0.382683432 -0.000000000
f 388/388/388 389/389/389 390/390/390
g wood
v -0.142053676 0.151720468 0.378692248
vt 0.858771119 0.770293869
vn -0.923879533 -0.382683432 0.000000000
v -0.135218221 0.135218221 0.362695628
vt 0.846940363 0.762176321
vn -0.923879533 -0.382683432 0.000000000
v -0.128382766 0.118715973 0.378692248
vt 0.835109606 0.770293869
vn -0.923879533 -0.382683432 0.000000000
f 391/391/391 392/392/392 393/393/393
g wood
v -0.142053676 0.151720468 0.378692248
vt 0.858771119 0.770293869
vn -0.923879533 -0.382683432 -0.000000000
v -0.128382766 0.118715973 0.378692248
vt 0.835109606 0.770293869
vn -0.923879533 -0.382683432 -0.000000000
v -0.135218221 0.135218221 0.394688868
vt 0.846940363 0.778411417
vn -0.923879533 -0.382683432 -0.000000000
f 394/394/394 395/395/395 396/396/396
g wood
v -0.006835455 0.207729689 0.378692248
vt 0.745099540 0.898925132
vn -0.255303535 0.616357257 -0.744932102
v 0.000000000 0.191227442 0.362695628
vt 0.750000000 0.887094376
vn -0.255303535 0.616357257 -0.744932102
v -0.135218221 0.135218221 0.362695628
vt 0.653059637 0.846940363
vn -0.255303535 0.616357257 -0.744932102
f 397/397/397 398/398/398 399/399/399
g wood
v -0.006835455 0.207729689 0.378692248
vt 0.745099540 0.898925132
vn -0.255303535 0.616357257 -0.744932102
v -0.135218221 0.135218221 0.362695628
vt 0.653059637 0.846940363
vn -0.255303535 0.616357257 -0.744932102
v -0.142053676 0.151720468 0.378692248
vt 0.648159177 0.858771119
vn -0.255303535 0.616357257 -0.744932102
f 400/400/400 401/401/401 402/402/402
g wood
v 0.000000000 0.191227442 0.362695628
vt 0.750000000 0.887094376
vn 0.255303535 -0.616357257 -0.744932102
v 0.006835455 0.174725194 0.378692248
vt 0.754900460 0.875263619
vn 0.255303535 -0.616357257 -0.744932102
v -0.128382766 0.118715973 0.378692248
vt 0.657960097 0.835109606
vn 0.255303535 -0.616357257 -0.744932102
f 403/403/403 404/404/404 405/405/405
g wood
v 0.000000000 0.191227442 0.362695628
vt 0.750000000 0.887094376
vn 0.255303535 -0.616357257 -0.744932102
v -0.128382766 0.118715973 0.378692248
vt 0.657960097 0.835109606
vn 0.255303535 -0.616357257 -0.744932102
v -0.135218221 0.135218221 0.362695628
vt 0.653059637 0.846940363
vn 0.255303535 -0.616357257 -0.744932102
f 406/406/406 407/407/407 408/408/408
g wood
v 0.006835455 0.174725194 0.378692248
vt 0.754900460 0.875263619
vn 0.255303535 -0.616357257 0.744932102
v 0.000000000 0.191227442 0.394688868
vt 0.750000000 0.887094376
vn 0.255303535 -0.616357257 0.744932102
v -0.135218221 0.135218221 0.394688868
vt 0.653059637 0.846940363
vn 0.255303535 -0.616357257 0.744932102
f 409/409/409 410/410/410 411/411/411
g wood
v 0.006835455 0.174725194 0.378692248
vt 0.754900460 0.875263619
vn 0.255303535 -0.616357257 0.744932102
v -0.135218221 0.135218221 0.394688868
vt 0.653059637 0.846940363
vn 0.255303535 -0.616357257 0.744932102
v -0.128382766 0.118715973 0.378692248
vt 0.657960097 0.835109606
vn 0.255303535 -0.616357257 0.744932102
f 412/412/412 413/413/413 414/414/414
g wood
v 0.000000000 0.191227442 0.394688868
vt 0.750000000 0.887094376
vn -0.255303535 0.616357257 0.744932102
v -0.006835455 0.207729689 0.378692248
vt 0.745099540 0.898925132
vn -0.255303535 0.616357257 0.744932102
v -0.142053676 0.151720468 0.378692248
vt 0.648159177 0.858771119
vn -0.255303535 0.616357257 0.744932102
f 415/415/415 416/416/416 417/417/417
g wood
v 0.000000000 0.191227442 0.394688868
vt 0.750000000 0.887094376
vn -0.255303535 0.616357257 0.744932102
v -0.142053676 0.151720468 0.378692248
vt 0.648159177 0.858771119
vn -0.255303535 0.616357257 0.744932102
v -0.135218221 0.135218221 0.394688868
vt 0.653059637 0.846940363
vn -0.255303535 0.616357257 0.744932102
f 418/418/418 419/419/419 420/420/420
g wood
v -0.135218221 0.135218221 0.394688868
vt 0.653059637 0.778411417
vn 0.382683432 0.923879533 0.000000000
v -0.118715973 0.128382766 0.378692248
vt 0.664890394 0.770293869
vn 0.382683432 0.923879533 0.000000000
v -0.135218221 0.135218221 0.362695628
vt 0.653059637 0.762176321
vn 0.382683432 0.923879533 0.000000000
f 421/421/421 422/422/422 423/423/423
g wood
v -0.135218221 0.135218221 0.394688868
vt 0.653059637 0.778411417
vn 0.382683432 0.923879533 0.000000000
v -0.135218221 0.135218221 0.362695628
vt 0.653059637 0.762176321
vn 0.382683432 0.923879533 0.000000000
v -0.151720468 0.142053676 0.378692248
vt 0.641228881 0.770293869
vn 0.382683432 0.923879533 0.000000000
f 424/424/424 425/425/425 426/426/426
g wood
v -0.207729689 0.006835455 0.378692248
vt 0.601074868 0.770293869
vn -0.382683432 -0.923879533 0.000000000
v -0.191227442 0.000000000 0.362695628
vt 0.612905624 0.762176321
vn -0.382683432 -0.923879533 0.000000000
v -0.174725194 -0.006835455 0.378692248
vt 0.624736381 0.770293869
vn -0.382683432 -0.923879533 0.000000000
f 427/427/427 428/428/428 429/429/429
g wood
v -0.207729689 0.006835455 0.378692248
vt 0.601074868 0.770293869
vn -0.382683432 -0.923879533 -0.000000000
v -0.174725194 -0.006835455 0.378692248
vt 0.624736381 0.770293869
vn -0.382683432 -0.923879533 -0.000000000
v -0.191227442 0.000000000 0.394688868
vt 0.612905624 0.778411417
vn -0.382683432 -0.923879533 -0.000000000
f 430/430/430 431/431/431 432/432/432
g wood
v -0.151720468 0.142053676 0.378692248
vt 0.641228881 0.851840823
vn -0.616357257 0.255303535 -0.744932102
v -0.135218221 0.135218221 0.362695628
vt 0.653059637 0.846940363
vn -0.616357257 0.255303535 -0.744932102
v -0.191227442 0.000000000 0.362695628
vt 0.612905624 0.750000000
vn -0.616357257 0.255303535 -0.744932102
f 433/433/433 434/434/434 435/435/435
g wood
v -0.151720468 0.142053676 0.378692248
vt 0.641228881 0.851840823
vn -0.616357257 0.255303535 -0.744932102
v -0.191227442 0.000000000 0.362695628
vt 0.612905624 0.750000000
vn -0.616357257 0.255303535 -0.744932102
v -0.207729689 0.006835455 0.378692248
vt 0.601074868 0.754900460
vn -0.616357257 0.255303535 -0.744932102
f 436/436/436 437/437/437 438/438/438
g wood
v -0.135218221 0.135218221 0.362695628
vt 0.653059637 0.846940363
vn 0.616357257 -0.255303535 -0.744932102
v -0.118715973 0.128382766 0.378692248
vt 0.664890394 0.842039903
vn 0.616357257 -0.255303535 -0.744932102
v -0.174725194 -0.006835455 0.378692248
vt 0.624736381 0.745099540
vn 0.616357257 -0.255303535 -0.744932102
f 439/439/439 440/440/440 441/441/441
g wood
v -0.135218221 0.135218221 0.362695628
vt 0.653059637 0.846940363
vn 0.616357257 -0.255303535 -0.744932102
v -0.174725194 -0.006835455 0.378692248
vt 0.624736381 0.745099540
vn 0.616357257 -0.255303535 -0.744932102
v -0.191227442 0.000000000 0.362695628
vt 0.612905624 0.750000000
vn 0.616357257 -0.255303535 -0.744932102
f 442/442/442 443/443/443 444/444/444
g wood
v -0.118715973 0.128382766 0.378692248
vt 0.664890394 0.842039903
vn 0.616357257 -0.255303535 0.744932102
v -0.135218221 0.135218221 0.394688868
vt 0.653059637 0.846940363
vn 0.616357257 -0.255303535 0.744932102
v -0.191227442 0.000000000 0.394688868
vt 0.612905624 0.750000000
vn 0.616357257 -0.255303535 0.744932102
f 445/445/445 446/446/446 447/447/447
g wood
v -0.118715973 0.128382766 0.378692248
vt 0.664890394 0.842039903
vn 0.616357257 -0.255303535 0.744932102
v -0.191227442 0.000000000 0.394688868
vt 0.612905624 0.750000000
vn 0.616357257 -0.255303535 0.744932102
v -0.174725194 -0.006835455 0.378692248
vt 0.624736381 0.745099540
vn 0.616357257 -0.255303535 0.744932102
f 448/448/448 449/449/449 450/450/450
g wood
v -0.135218221 0.135218221 0.394688868
vt 0.653059637 0.846940363
vn -0.616357257 0.255303535 0.744932102
v -0.151720468 0.142053676 0.378692248
vt 0.641228881 0.851840823
vn -0.616357257 0.255303535 0.744932102
v -0.207729689 0.006835455 0.378692248
vt 0.601074868 0.754900460
vn -0.616357257 0.255303535 0.744932102
f 451/451/451 452/452/452 453/453/453
g wood
v -0.135218221 0.135218221 0.394688868
vt 0.653059637 0.846940363
vn -0.616357257 0.255303535 0.744932102
v -0.207729689 0.006835455 0.378692248
vt 0.601074868 0.754900460
vn -0.616357257 0.255303535 0.744932102
v -0.191227442 0.000000000 0.394688868
vt 0.612905624 0.750000000
vn -0.616357257 0.255303535 0.744932102
f 454/454/454 455/455/455 456/456/456
g wood
v -0.191227442 0.000000000 0.394688868
vt 0.612905624 0.778411417
vn -0.382683432 0.923879533 -0.000000000
v -0.174725194 0.006835455 0.378692248
vt 0.624736381 0.770293869
vn -0.382683432 0.923879533 -0.000000000
v -0.191227442 0.000000000 0.362695628
vt 0.612905624 0.762176321
vn -0.382683432 0.923879533 -0.000000000
f 457/457/457 458/458/458 459/459/459
g wood
v -0.191227442 0.000000000 0.394688868
vt 0.612905624 0.778411417
vn -0.382683432 0.923879533 -0.000000000
v -0.191227442 0.000000000 0.362695628
vt 0.612905624 0.762176321
vn -0.382683432 0.923879533 -0.000000000
v -0.207729689 -0.006835455 0.378692248
vt 0.601074868 0.770293869
vn -0.382683432 0.923879533 -0.000000000
f 460/460/460 461/461/461 462/462/462
g wood
v -0.151720468 -0.142053676 0.378692248
vt 0.641228881 0.770293869
vn 0.382683432 -0.923879533 0.000000000
v -0.135218221 -0.135218221 0.362695628
vt 0.653059637 0.762176321
vn 0.382683432 -0.923879533 0.000000000
v -0.118715973 -0.128382766 0.378692248
vt 0.664890394 0.770293869
vn 0.382683432 -0.923879533 0.000000000
f 463/463/463 464/464/464 465/465/465
g wood
v -0.151720468 -0.142053676 0.378692248
vt 0.641228881 0.770293869
vn 0.382683432 -0.923879533 -0.000000000
v -0.118715973 -0.128382766 0.378692248
vt 0.664890394 0.770293869
vn 0.382683432 -0.923879533 -0.000000000
v -0.135218221 -0.135218221 0.394688868
vt 0.653059637 0.778411417
vn 0.382683432 -0.923879533 -0.000000000
f 466/466/466 467/467/467 468/468/468
g wood
v -0.207729689 -0.006835455 0.378692248
vt 0.601074868 0.745099540
vn -0.616357257 -0.255303535 -0.744932102
v -0.191227442 0.000000000 0.362695628
vt 0.612905624 0.750000000
vn -0.616357257 -0.255303535 -0.744932102
v -0.135218221 -0.135218221 0.362695628
vt 0.653059637 0.653059637
vn -0.616357257 -0.255303535 -0.744932102
f 469/469/469 470/470/470 471/471/471
g wood
v -0.207729689 -0.006835455 0.378692248
vt 0.601074868 0.745099540
vn -0.616357257 -0.255303535 -0.744932102
v -0.135218221 -0.135218221 0.362695628
vt 0.653059637 0.653059637
vn -0.616357257 -0.255303535 -0.744932102
v -0.151720468 -0.142053676 0.378692248
vt 0.641228881 0.648159177
vn -0.616357257 -0.255303535 -0.744932102
f 472/472/472 473/473/473 474/474/474
g wood
v -0.191227442 0.000000000 0.362695628
vt 0.612905624 0.750000000
vn 0.616357257 0.255303535 -0.744932102
v -0.174725194 0.006835455 0.378692248
vt 0.624736381 0.754900460
vn 0.616357257 0.255303535 -0.744932102
v -0.118715973 -0.128382766 0.378692248
vt 0.664890394 0.657960097
vn 0.616357257 0.255303535 -0.744932102
f 475/475/475 476/476/476 477/477/477
g wood
v -0.191227442 0.000000000 0.362695628
vt 0.612905624 0.750000000
vn 0.616357257 0.255303535 -0.744932102
v -0.118715973 -0.128382766 0.378692248
vt 0.664890394 0.657960097
vn 0.616357257 0.255303535 -0.744932102
v -0.135218221 -0.135218221 0.362695628
vt 0.653059637 0.653059637
vn 0.616357257 0.255303535 -0.744932102
f 478/478/478 479/479/479 480/480/480
g wood
v -0.174725194 0.006835455 0.378692248
vt 0.624736381 0.754900460
vn 0.616357257 0.255303535 0.744932102
v -0.191227442 0.000000000 0.394688868
vt 0.612905624 0.750000000
vn 0.616357257 0.255303535 0.744932102
v -0.135218221 -0.135218221 0.394688868
vt 0.653059637 0.653059637
vn 0.616357257 0.255303535 0.744932102
f 481/481/481 482/482/482 483/483/483
g wood
v -0.174725194 0.006835455 0.378692248
vt 0.624736381 0.754900460
vn 0.616357257 0.255303535 0.744932102
v -0.135218221 -0.135218221 0.394688868
vt 0.653059637 0.653059637
vn 0.616357257 0.255303535 0.744932102
v -0.118715973 -0.128382766 0.378692248
vt 0.664890394 0.657960097
vn 0.616357257 0.255303535 0.744932102
f 484/484/484 485/485/485 486/486/486
g wood
v -0.191227442 0.000000000 0.394688868
vt 0.612905624 0.750000000
vn -0.616357257 -0.255303535 0.744932102
v -0.207729689 -0.006835455 0.378692248
vt 0.601074868 0.745099540
vn -0.616357257 -0.255303535 0.744932102
v -0.151720468 -0.142053676 0.378692248
vt 0.641228881 0.648159177
vn -0.616357257 -0.255303535 0.744932102
f 487/487/487 488/488/488 489/489/489
g wood
v -0.191227442 0.000000000 0.394688868
vt 0.612905624 0.750000000
vn -0.616357257 -0.255303535 0.744932102
v -0.151720468 -0.142053676 0.378692248
vt 0.641228881 0.648159177
vn -0.616357257 -0.255303535 0.744932102
v -0.135218221 -0.135218221 0.394688868
vt 0.653059637 0.653059637
vn -0.616357257 -0.255303535 0.744932102
f 490/490/490 491/491/491 492/492/492
g wood
v -0.135218221 -0.135218221 0.394688868
vt 0.653059637 0.778411417
vn -0.923879533 0.382683432 0.000000000
v -0.128382766 -0.118715973 0.378692248
vt 0.664890394 0.770293869
vn -0.923879533 0.382683432 0.000000000
v -0.135218221 -0.135218221 0.362695628
vt 0.653059637 0.762176321
vn -0.923879533 0.382683432 0.000000000
f 493/493/493 494/494/494 495/495/495
g wood
v -0.135218221 -0.135218221 0.394688868
vt 0.653059637 0.778411417
vn -0.923879533 0.382683432 0.000000000
v -0.135218221 -0.135218221 0.362695628
vt 0.653059637 0.762176321
vn -0.923879533 0.382683432 0.000000000
v -0.142053676 -0.151720468 0.378692248
vt 0.641228881 0.770293869
vn -0.923879533 0.382683432 0.000000000
f 496/496/496 497/497/497 498/498/498
g wood
v -0.006835455 -0.207729689 0.378692248
vt 0.601074868 0.770293869
vn 0.923879533 -0.382683432 0.000000000
v -0.000000000 -0.191227442 0.362695628
vt 0.612905624 0.762176321
vn 0.923879533 -0.382683432 0.000000000
v 0.006835455 -0.174725194 0.378692248
vt 0.624736381 0.770293869
vn 0.923879533 -0.382683432 0.000000000
f 499/499/499 500/500/500 501/501/501
g wood
v -0.006835455 -0.207729689 0.378692248
vt 0.601074868 0.770293869
vn 0.923879533 -0.382683432 -0.000000000
v 0.006835455 -0.174725194 0.378692248
vt 0.624736381 0.770293869
vn 0.923879533 -0.382683432 -0.000000000
v -0.000000000 -0.191227442 0.394688868
vt 0.612905624 0.778411417
vn 0.923879533 -0.382683432 -0.000000000
f 502/502/502 503/503/503 504/504/504
g wood
v -0.142053676 -0.151720468 0.378692248
vt 0.648159177 0.641228881
vn -0.255303535 -0.616357257 -0.744932102
v -0.135218221 -0.135218221 0.362695628
vt 0.653059637 0.653059637
vn -0.255303535 -0.616357257 -0.744932102
v -0.000000000 -0.191227442 0.362695628
vt 0.750000000 0.612905624
vn -0.255303535 -0.616357257 -0.744932102
f 505/505/505 506/506/506 507/507/507
g wood
v -0.142053676 -0.151720468 0.378692248
vt 0.648159177 0.641228881
vn -0.255303535 -0.616357257 -0.744932102
v -0.000000000 -0.191227442 0.362695628
vt 0.750000000 0.612905624
vn -0.255303535 -0.616357257 -0.744932102
v -0.006835455 -0.207729689 0.378692248
vt 0.745099540 0.601074868
vn -0.255303535 -0.616357257 -0.744932102
f 508/508/508 509/509/509 510/510/510
g wood
v -0.135218221 -0.135218221 0.362695628
vt 0.653059637 0.653059637
vn 0.255303535 0.616357257 -0.744932102
v -0.128382766 -0.118715973 0.378692248
vt 0.657960097 0.664890394
vn 0.255303535 0.616357257 -0.744932102
v 0.006835455 -0.174725194 0.378692248
vt 0.754900460 0.624736381
vn 0.255303535 0.616357257 -0.744932102
f 511/511/511 512/512/512 513/513/513
g wood
v -0.135218221 -0.135218221 0.362695628
vt 0.653059637 0.653059637
vn 0.255303535 0.616357257 -0.744932102
v 0.006835455 -0.174725194 0.378692248
vt 0.754900460 0.624736381
vn 0.255303535 0.616357257 -0.744932102
v -0.000000000 -0.191227442 0.362695628
vt 0.750000000 0.612905624
vn 0.255303535 0.616357257 -0.744932102
f 514/514/514 515/515/515 516/516/516
g wood
v -0.128382766 -0.118715973 0.378692248
vt 0.657960097 0.664890394
vn 0.255303535 0.616357257 0.744932102
v -0.135218221 -0.135218221 0.394688868
vt 0.653059637 0.653059637
vn 0.255303535 0.616357257 0.744932102
v -0.000000000 -0.191227442 0.394688868
vt 0.750000000 0.612905624
vn 0.255303535 0.616357257 0.744932102
f 517/517/517 518/518/518 519/519/519
g wood
v -0.128382766 -0.118715973 0.378692248
vt 0.657960097 0.664890394
vn 0.255303535 0.616357257 0.744932102
v -0.000000000 -0.191227442 0.394688868
vt 0.750000000 0.612905624
vn 0.255303535 0.616357257 0.744932102
v 0.006835455 -0.174725194 0.378692248
vt 0.754900460 0.624736381
vn 0.255303535 0.616357257 0.744932102
f 520/520/520 521/521/521 522/522/522
g wood
v -0.135218221 -0.135218221 0.394688868
vt 0.653059637 0.653059637
vn -0.255303535 -0.616357257 0.744932102
v -0.142053676 -0.151720468 0.378692248
vt 0.648159177 0.641228881
vn -0.255303535 -0.616357257 0.744932102
v -0.006835455 -0.207729689 0.378692248
vt 0.745099540 0.601074868
vn -0.255303535 -0.616357257 0.744932102
f 523/523/523 524/524/524 525/525/525
g wood
v -0.135218221 -0.135218221 0.394688868
vt 0.653059637 0.653059637
vn -0.255303535 -0.616357257 0.744932102
v -0.006835455 -0.207729689 0.378692248
vt 0.745099540 0.601074868
vn -0.255303535 -0.616357257 0.744932102
v -0.000000000 -0.191227442 0.394688868
vt 0.750000000 0.612905624
vn -0.255303535 -0.616357257 0.744932102
f 526/526/526 527/527/527 528/528/528
g wood
v -0.000000000 -0.191227442 0.394688868
vt 0.612905624 0.778411417
vn -0.923879533 -0.382683432 -0.000000000
v -0.006835455 -0.174725194 0.378692248
vt 0.624736381 0.770293869
vn -0.923879533 -0.382683432 -0.000000000
v -0.000000000 -0.191227442 0.362695628
vt 0.612905624 0.762176321
vn -0.923879533 -0.382683432 -0.000000000
f 529/529/529 530/530/530 531/531/531
g wood
v -0.000000000 -0.191227442 0.394688868
vt 0.612905624 0.778411417
vn -0.923879533 -0.382683432 -0.000000000
v -0.000000000 -0.191227442 0.362695628
vt 0.612905624 0.762176321
vn -0.923879533 -0.382683432 -0.000000000
v 0.006835455 -0.207729689 0.378692248
vt 0.601074868 0.770293869
vn -0.923879533 -0.382683432 -0.000000000
f 532/532/532 533/533/533 534/534/534
g wood
v 0.142053676 -0.151720468 0.378692248
vt 0.641228881 0.770293869
vn 0.923879533 0.382683432 0.000000000
v 0.135218221 -0.135218221 0.362695628
vt 0.653059637 0.762176321
vn 0.923879533 0.382683432 0.000000000
v 0.128382766 -0.118715973 0.378692248
vt 0.664890394 0.770293869
vn 0.923879533 0.382683432 0.000000000
f 535/535/535 536/536/536 537/537/537
g wood
v 0.142053676 -0.151720468 0.378692248
vt 0.641228881 0.770293869
vn 0.923879533 0.382683432 -0.000000000
v 0.128382766 -0.118715973 0.378692248
vt 0.664890394 0.770293869
vn 0.923879533 0.382683432 -0.000000000
v 0.135218221 -0.135218221 0.394688868
vt 0.653059637 0.778411417
vn 0.923879533 0.382683432 -0.000000000
f 538/538/538 539/539/539 540/540/540
g wood
v 0.006835455 -0.207729689 0.378692248
vt 0.754900460 0.601074868
vn 0.255303535 -0.616357257 -0.744932102
v -0.000000000 -0.191227442 0.362695628
vt 0.750000000 0.612905624
vn 0.255303535 -0.616357257 -0.744932102
v 0.135218221 -0.135218221 0.362695628
vt 0.846940363 0.653059637
vn 0.255303535 -0.616357257 -0.744932102
f 541/541/541 542/542/542 543/543/543
g wood
v 0.006835455 -0.207729689 0.378692248
vt 0.754900460 0.601074868
vn 0.255303535 -0.616357257 -0.744932102
v 0.135218221 -0.135218221 0.362695628
vt 0.846940363 0.653059637
vn 0.255303535 -0.616357257 -0.744932102
v 0.142053676 -0.151720468 0.378692248
vt 0.851840823 0.641228881
vn 0.255303535 -0.616357257 -0.744932102
f 544/544/544 545/545/545 546/546/546
g wood
v -0.000000000 -0.191227442 0.362695628
vt 0.750000000 0.612905624
vn -0.255303535 0.616357257 -0.744932102
v -0.006835455 -0.174725194 0.378692248
vt 0.745099540 0.624736381
vn -0.255303535 0.616357257 -0.744932102
v 0.128382766 -0.118715973 0.378692248
vt 0.842039903 0.664890394
vn -0.255303535 0.616357257 -0.744932102
f 547/547/547 548/548/548 549/549/549
g wood
v -0.000000000 -0.191227442 0.362695628
vt 0.750000000 0.612905624
vn -0.255303535 0.616357257 -0.744932102
v 0.128382766 -0.118715973 0.378692248
vt 0.842039903 0.664890394
vn -0.255303535 0.616357257 -0.744932102
v 0.135218221 -0.135218221 0.362695628
vt 0.846940363 0.653059637
vn -0.255303535 0.616357257 -0.744932102
f 550/550/550 551/551/551 552/552/552
g wood
v -0.006835455 -0.174725194 0.378692248
vt 0.745099540 0.624736381
vn -0.255303535 0.616357257 0.744932102
v -0.000000000 -0.191227442 0.394688868
vt 0.750000000 0.612905624
vn -0.255303535 0.616357257 0.744932102
v 0.135218221 -0.135218221 0.394688868
vt 0.846940363 0.653059637
vn -0.255303535 0.616357257 0.744932102
f 553/553/553 554/554/554 555/555/555
g wood
v -0.006835455 -0.174725194 0.378692248
vt 0.745099540 0.624736381
vn -0.255303535 0.616357257 0.744932102
v 0.135218221 -0.135218221 0.394688868
vt 0.846940363 0.653059637
vn -0.255303535 0.616357257 0.744932102
v 0.128382766 -0.118715973 0.378692248
vt 0.842039903 0.664890394
vn -0.255303535 0.616357257 0.744932102
f 556/556/556 557/557/557 558/558/558
g wood
v -0.000000000 -0.191227442 0.394688868
vt 0.750000000 0.612905624
vn 0.255303535 -0.616357257 0.744932102
v 0.006835455 -0.207729689 0.378692248
vt 0.754900460 0.601074868
vn 0.255303535 -0.616357257 0.744932102
v 0.142053676 -0.151720468 0.378692248
vt 0.851840823 0.641228881
vn 0.255303535 -0.616357257 0.744932102
f 559/559/559 560/560/560 561/561/561
g wood
v -0.000000000 -0.191227442 0.394688868
vt 0.750000000 0.612905624
vn 0.255303535 -0.616357257 0.744932102
v 0.142053676 -0.151720468 0.378692248
vt 0.851840823 0.641228881
vn 0.255303535 -0.616357257 0.744932102
v 0.135218221 -0.135218221 0.394688868
vt 0.846940363 0.653059637
vn 0.255303535 -0.616357257 0.744932102
f 562/562/562 563/563/563 564/564/564
g wood
v 0.135218221 -0.135218221 0.394688868
vt 0.846940363 0.778411417
vn -0.382683432 -0.923879533 -0.000000000
v 0.118715973 -0.128382766 0.378692248
vt 0.835109606 0.770293869
vn -0.382683432 -0.923879533 -0.000000000
v 0.135218221 -0.135218221 0.362695628
vt 0.846940363 0.762176321
vn -0.382683432 -0.923879533 -0.000000000
f 565/565/565 566/566/566 567/567/567
g wood
v 0.135218221 -0.135218221 0.394688868
vt 0.846940363 0.778411417
vn -0.382683432 -0.923879533 -0.000000000
v 0.135218221 -0.135218221 0.362695628
vt 0.846940363 0.762176321
vn -0.382683432 -0.923879533 -0.000000000
v 0.151720468 -0.142053676 0.378692248
vt 0.858771119 0.770293869
vn -0.382683432 -0.923879533 -0.000000000
f 568/568/568 569/569/569 570/570/570
g wood
v 0.207729689 -0.006835455 0.378692248
vt 0.898925132 0.770293869
vn 0.382683432 0.923879533 0.000000000
v 0.191227442 -0.000000000 0.362695628
vt 0.887094376 0.762176321
vn 0.382683432 0.923879533 0.000000000
v 0.174725194 0.006835455 0.378692248
vt 0.875263619 0.770293869
vn 0.382683432 0.923879533 0.000000000
f 571/571/571 572/572/572 573/573/573
g wood
v 0.207729689 -0.006835455 0.378692248
vt 0.898925132 0.770293869
vn 0.382683432 0.923879533 -0.000000000
v 0.174725194 0.006835455 0.378692248
vt 0.875263619 0.770293869
vn 0.382683432 0.923879533 -0.000000000
v 0.191227442 0.000000000 0.394688868
vt 0.887094376 0.778411417
vn 0.382683432 0.923879533 -0.000000000
f 574/574/574 575/575/575 576/576/576
g wood
v 0.151720468 -0.142053676 0.378692248
vt 0.858771119 0.648159177
vn 0.616357257 -0.255303535 -0.744932102
v 0.135218221 -0.135218221 0.362695628
vt 0.846940363 0.653059637
vn 0.616357257 -0.255303535 -0.744932102
v 0.191227442 -0.000000000 0.362695628
vt 0.887094376 0.750000000
vn 0.616357257 -0.255303535 -0.744932102
f 577/577/577 578/578/578 579/579/579
g wood
v 0.151720468 -0.142053676 0.378692248
vt 0.858771119 0.648159177
vn 0.616357257 -0.255303535 -0.744932102
v 0.191227442 -0.000000000 0.362695628
vt 0.887094376 0.750000000
vn 0.616357257 -0.255303535 -0.744932102
v 0.207729689 -0.006835455 0.378692248
vt 0.898925132 0.745099540
vn 0.616357257 -0.255303535 -0.744932102
f 580/580/580 581/581/581 582/582/582
g wood
v 0.135218221 -0.135218221 0.362695628
vt 0.846940363 0.653059637
vn -0.616357257 0.255303535 -0.744932102
v 0.118715973 -0.128382766 0.378692248
vt 0.835109606 0.657960097
vn -0.616357257 0.255303535 -0.744932102
v 0.174725194 0.006835455 0.378692248
vt 0.875263619 0.754900460
vn -0.616357257 0.255303535 -0.744932102
f 583/583/583 584/584/584 585/585/585
g wood
v 0.135218221 -0.135218221 0.362695628
vt 0.846940363 0.653059637
vn -0.616357257 0.255303535 -0.744932102
v 0.174725194 0.006835455 0.378692248
vt 0.875263619 0.754900460
vn -0.616357257 0.255303535 -0.744932102
v 0.191227442 -0.000000000 0.362695628
vt 0.887094376 0.750000000
vn -0.616357257 0.255303535 -0.744932102
f 586/586/586 587/587/587 588/588/588
g wood
v 0.118715973 -0.128382766 0.378692248
vt 0.835109606 0.657960097
vn -0.616357257 0.255303535 0.744932102
v 0.135218221 -0.135218221 0.394688868
vt 0.846940363 0.653059637
vn -0.616357257 0.255303535 0.744932102
v 0.191227442 0.000000000 0.394688868
vt 0.887094376 0.750000000
vn -0.616357257 0.255303535 0.744932102
f 589/589/589 590/590/590 591/591/591
g wood
v 0.118715973 -0.128382766 0.378692248
vt 0.835109606 0.657960097
vn -0.616357257 0.255303535 0.744932102
v 0.191227442 0.000000000 0.394688868
vt 0.887094376 0.750000000
vn -0.616357257 0.255303535 0.744932102
v 0.174725194 0.006835455 0.378692248
vt 0.875263619 0.754900460
vn -0.616357257 0.255303535 0.744932102
f 592/592/592 593/593/593 594/594/594
g wood
v 0.135218221 -0.135218221 0.394688868
vt 0.846940363 0.653059637
vn 0.616357257 -0.255303535 0.744932102
v 0.151720468 -0.142053676 0.378692248
vt 0.858771119 0.648159177
vn 0.616357257 -0.255303535 0.744932102
v 0.207729689 -0.006835455 0.378692248
vt 0.898925132 0.745099540
vn 0.616357257 -0.255303535 0.744932102
f 595/595/595 596/596/596 597/597/597
g wood
v 0.135218221 -0.135218221 0.394688868
vt 0.846940363 0.653059637
vn 0.616357257 -0.255303535 0.744932102
v 0.207729689 -0.006835455 0.378692248
vt 0.898925132 0.745099540
vn 0.616357257 -0.255303535 0.744932102
v 0.191227442 0.000000000 0.394688868
vt 0.887094376 0.750000000
vn 0.616357257 -0.255303535 0.744932102
f 598/598/598 599/599/599 600/600/600
g wood
v 0.216444247 -0.000000000 0.670395318
vt 0.905172755 0.918319738
vn 0.382683432 -0.923879533 -0.000000000
v 0.193146957 -0.009650054 0.647811854
vt 0.888470511 0.906859670
vn 0.382683432 -0.923879533 -0.000000000
v 0.216444247 0.000000000 0.625228391
vt 0.905172755 0.895399603
vn 0.382683432 -0.923879533 -0.000000000
f 601/601/601 602/602/602 603/603/603
g wood
v 0.216444247 -0.000000000 0.670395318
vt 0.905172755 0.918319738
vn 0.382683432 -0.923879533 -0.000000000
v 0.216444247 0.000000000 0.625228391
vt 0.905172755 0.895399603
vn 0.382683432 -0.923879533 -0.000000000
v 0.239741538 0.009650054 0.647811854
vt 0.921875000 0.906859670
vn 0.382683432 -0.923879533 -0.000000000
f 604/604/604 605/605/605 606/606/606
g wood
v 0.176346486 0.162699249 0.647811854
vt 0.876425952 0.906859670
vn -0.382683432 0.923879533 -0.000000000
v 0.153049195 0.153049195 0.625228391
vt 0.859723707 0.895399603
vn -0.382683432 0.923879533 -0.000000000
v 0.129751905 0.143399141 0.647811854
vt 0.843021463 0.906859670
vn -0.382683432 0.923879533 -0.000000000
f 607/607/607 608/608/608 609/609/609
g wood
v 0.176346486 0.162699249 0.647811854
vt 0.876425952 0.906859670
vn -0.382683432 0.923879533 0.000000000
v 0.129751905 0.143399141 0.647811854
vt 0.843021463 0.906859670
vn -0.382683432 0.923879533 0.000000000
v 0.153049195 0.153049195 0.670395318
vt 0.859723707 0.918319738
vn -0.382683432 0.923879533 0.000000000
f 610/610/610 611/611/611 612/612/612
g wood
v 0.239741538 0.009650054 0.647811854
vt 0.921875000 0.756918296
vn 0.616357257 0.255303535 -0.744932102
v 0.216444247 0.000000000 0.625228391
vt 0.905172755 0.750000000
vn 0.616357257 0.255303535 -0.744932102
v 0.153049195 0.153049195 0.625228391
vt 0.859723707 0.859723707
vn 0.616357257 0.255303535 -0.744932102
f 613/613/613 614/614/614 615/615/615
g wood
v 0.239741538 0.009650054 0.647811854
vt 0.921875000 0.756918296
vn 0.616357257 0.255303535 -0.744932102
v 0.153049195 0.153049195 0.625228391
vt 0.859723707 0.859723707
vn 0.616357257 0.255303535 -0.744932102
v 0.176346486 0.162699249 0.647811854
vt 0.876425952 0.866642004
vn 0.616357257 0.255303535 -0.744932102
f 616/616/616 617/617/617 618/618/618
g wood
v 0.216444247 0.000000000 0.625228391
vt 0.905172755 0.750000000
vn -0.616357257 -0.255303535 -0.744932102
v 0.193146957 -0.009650054 0.647811854
vt 0.888470511 0.743081704
vn -0.616357257 -0.255303535 -0.744932102
v 0.129751905 0.143399141 0.647811854
vt 0.843021463 0.852805411
vn -0.616357257 -0.255303535 -0.744932102
f 619/619/619 620/620/620 621/621/621
g wood
v 0.216444247 0.000000000 0.625228391
vt 0.905172755 0.750000000
vn -0.616357257 -0.255303535 -0.744932102
v 0.129751905 0.143399141 0.647811854
vt 0.843021463 0.852805411
vn -0.616357257 -0.255303535 -0.744932102
v 0.153049195 0.153049195 0.625228391
vt 0.859723707 0.859723707
vn -0.616357257 -0.255303535 -0.744932102
f 622/622/622 623/623/623 624/624/624
g wood
v 0.193146957 -0.009650054 0.647811854
vt 0.888470511 0.743081704
vn -0.616357257 -0.255303535 0.744932102
v 0.216444247 -0.000000000 0.670395318
vt 0.905172755 0.750000000
vn -0.616357257 -0.255303535 0.744932102
v 0.153049195 0.153049195 0.670395318
vt 0.859723707 0.859723707
vn -0.616357257 -0.255303535 0.744932102
f 625/625/625 626/626/626 627/627/627
g wood
v 0.193146957 -0.009650054 0.647811854
vt 0.888470511 0.743081704
vn -0.616357257 -0.255303535 0.744932102
v 0.153049195 0.153049195 0.670395318
vt 0.859723707 0.859723707
vn -0.616357257 -0.255303535 0.744932102
v 0.129751905 0.143399141 0.647811854
vt 0.843021463 0.852805411
vn -0.616357257 -0.255303535 0.744932102
f 628/628/628 629/629/629 630/630/630
g wood
v 0.216444247 -0.000000000 0.670395318
vt 0.905172755 0.750000000
vn 0.616357257 0.255303535 0.744932102
v 0.239741538 0.009650054 0.647811854
vt 0.921875000 0.756918296
vn 0.616357257 0.255303535 0.744932102
v 0.176346486 0.162699249 0.647811854
vt 0.876425952 0.866642004
vn 0.616357257 0.255303535 0.744932102
f 631/631/631 632/632/632 633/633/633
g wood
v 0.216444247 -0.000000000 0.670395318
vt 0.905172755 0.750000000
vn 0.616357257 0.255303535 0.744932102
v 0.176346486 0.162699249 0.647811854
vt 0.876425952 0.866642004
vn 0.616357257 0.255303535 0.744932102
v 0.153049195 0.153049195 0.670395318
vt 0.859723707 0.859723707
vn 0.616357257 0.255303535 0.744932102
f 634/634/634 635/635/635 636/636/636
g wood
v 0.153049195 0.153049195 0.670395318
vt 0.859723707 0.918319738
vn 0.923879533 -0.382683432 0.000000000
v 0.143399141 0.129751905 0.647811854
vt 0.843021463 0.906859670
vn 0.923879533 -0.382683432 0.000000000
v 0.153049195 0.153049195 0.625228391
vt 0.859723707 0.895399603
vn 0.923879533 -0.382683432 0.000000000
f 637/637/637 638/638/638 639/639/639
g wood
v 0.153049195 0.153049195 0.670395318
vt 0.859723707 0.918319738
vn 0.923879533 -0.382683432 0.000000000
v 0.153049195 0.153049195 0.625228391
vt 0.859723707 0.895399603
vn 0.923879533 -0.382683432 0.000000000
v 0.162699249 0.176346486 0.647811854
vt 0.876425952 0.906859670
vn 0.923879533 -0.382683432 0.000000000
f 640/640/640 641/641/641 642/642/642
g wood
v 0.009650054 0.239741538 0.647811854
vt 0.921875000 0.906859670
vn -0.923879533 0.382683432 -0.000000000
v 0.000000000 0.216444247 0.625228391
vt 0.905172755 0.895399603
vn -0.923879533 0.382683432 -0.000000000
v -0.009650054 0.193146957 0.647811854
vt 0.888470511 0.906859670
vn -0.923879533 0.382683432 -0.000000000
f 643/643/643 644/644/644 645/645/645
g wood
v 0.009650054 0.239741538 0.647811854
vt 0.921875000 0.906859670
vn -0.923879533 0.382683432 0.000000000
v -0.009650054 0.193146957 0.647811854
vt 0.888470511 0.906859670
vn -0.923879533 0.382683432 0.000000000
v 0.000000000 0.216444247 0.670395318
vt 0.905172755 0.918319738
vn -0.923879533 0.382683432 0.000000000
f 646/646/646 647/647/647 648/648/648
g wood
v 0.162699249 0.176346486 0.647811854
vt 0.866642004 0.876425952
vn 0.255303535 0.616357257 -0.744932102
v 0.153049195 0.153049195 0.625228391
vt 0.859723707 0.859723707
vn 0.255303535 0.616357257 -0.744932102
v 0.000000000 0.216444247 0.625228391
vt 0.750000000 0.905172755
vn 0.255303535 0.616357257 -0.744932102
f 649/649/649 650/650/650 651/651/651
g wood
v 0.162699249 0.176346486 0.647811854
vt 0.866642004 0.876425952
vn 0.255303535 0.616357257 -0.744932102
v 0.000000000 0.216444247 0.625228391
vt 0.750000000 0.905172755
vn 0.255303535 0.616357257 -0.744932102
v 0.009650054 0.239741538 0.647811854
vt 0.756918296 0.921875000
vn 0.255303535 0.616357257 -0.744932102
f 652/652/652 653/653/653 654/654/654
g wood
v 0.153049195 0.153049195 0.625228391
vt 0.859723707 0.859723707
vn -0.255303535 -0.616357257 -0.744932102
v 0.143399141 0.129751905 0.647811854
vt 0.852805411 0.843021463
vn -0.255303535 -0.616357257 -0.744932102
v -0.009650054 0.193146957 0.647811854
vt 0.743081704 0.888470511
vn -0.255303535 -0.616357257 -0.744932102
f 655/655/655 656/656/656 657/657/657
g wood
v 0.153049195 0.153049195 0.625228391
vt 0.859723707 0.859723707
vn -0.255303535 -0.616357257 -0.744932102
v -0.009650054 0.193146957 0.647811854
vt 0.743081704 0.888470511
vn -0.255303535 -0.616357257 -0.744932102
v 0.000000000 0.216444247 0.625228391
vt 0.750000000 0.905172755
vn -0.255303535 -0.616357257 -0.744932102
f 658/658/658 659/659/659 660/660/660
g wood
v 0.143399141 0.129751905 0.647811854
vt 0.852805411 0.843021463
vn -0.255303535 -0.616357257 0.744932102
v 0.153049195 0.153049195 0.670395318
vt 0.859723707 0.859723707
vn -0.255303535 -0.616357257 0.744932102
v 0.000000000 0.216444247 0.670395318
vt 0.750000000 0.905172755
vn -0.255303535 -0.616357257 0.744932102
f 661/661/661 662/662/662 663/663/663
g wood
v 0.143399141 0.129751905 0.647811854
vt 0.852805411 0.843021463
vn -0.255303535 -0.616357257 0.744932102
v 0.000000000 0.216444247 0.670395318
vt 0.750000000 0.905172755
vn -0.255303535 -0.616357257 0.744932102
v -0.009650054 0.193146957 0.647811854
vt 0.743081704 0.888470511
vn -0.255303535 -0.616357257 0.744932102
f 664/664/664 665/665/665 666/666/666
g wood
v 0.153049195 0.153049195 0.670395318
vt 0.859723707 0.859723707
vn 0.255303535 0.616357257 0.744932102
v 0.162699249 0.176346486 0.647811854
vt 0.866642004 0.876425952
vn 0.255303535 0.616357257 0.744932102
v 0.009650054 0.239741538 0.647811854
vt 0.756918296 0.921875000
vn 0.255303535 0.616357257 0.744932102
f 667/667/667 668/668/668 669/669/669
g wood
v 0.153049195 0.153049195 0.670395318
vt 0.859723707 0.859723707
vn 0.255303535 0.616357257 0.744932102
v 0.009650054 0.239741538 0.647811854
vt 0.756918296 0.921875000
vn 0.255303535 0.616357257 0.744932102
v 0.000000000 0.216444247 0.670395318
vt 0.750000000 0.905172755
vn 0.255303535 0.616357257 0.744932102
f 670/670/670 671/671/671 672/672/672
g wood
v 0.000000000 0.216444247 0.670395318
vt 0.905172755 0.918319738
vn 0.923879533 0.382683432 -0.000000000
v 0.009650054 0.193146957 0.647811854
vt 0.888470511 0.906859670
vn 0.923879533 0.382683432 -0.000000000
v 0.000000000 0.216444247 0.625228391
vt 0.905172755 0.895399603
vn 0.923879533 0.382683432 -0.000000000
f 673/673/673 674/674/674 675/675/675
g wood
v 0.000000000 0.216444247 0.670395318
vt 0.905172755 0.918319738
vn 0.923879533 0.382683432 -0.000000000
v 0.000000000 0.216444247 0.625228391
vt 0.905172755 0.895399603
vn 0.923879533 0.382683432 -0.000000000
v -0.009650054 0.239741538 0.647811854
vt 0.921875000 0.906859670
vn 0.923879533 0.382683432 -0.000000000
f 676/676/676 677/677/677 678/678/678
g wood
v -0.162699249 0.176346486 0.647811854
vt 0.876425952 0.906859670
vn -0.923879533 -0.382683432 -0.000000000
v -0.153049195 0.153049195 0.625228391
vt 0.859723707 0.895399603
vn -0.923879533 -0.382683432 -0.000000000
v -0.143399141 0.129751905 0.647811854
vt 0.843021463 0.906859670
vn -0.923879533 -0.382683432 -0.000000000
f 679/679/679 680/680/680 681/681/681
g wood
v -0.162699249 0.176346486 0.647811854
vt 0.876425952 0.906859670
vn -0.923879533 -0.382683432 0.000000000
v -0.143399141 0.129751905 0.647811854
vt 0.843021463 0.906859670
vn -0.923879533 -0.382683432 0.000000000
v -0.153049195 0.153049195 0.670395318
vt 0.859723707 0.918319738
vn -0.923879533 -0.382683432 0.000000000
f 682/682/682 683/683/683 684/684/684
g wood
v -0.009650054 0.239741538 0.647811854
vt 0.743081704 0.921875000
vn -0.255303535 0.616357257 -0.744932102
v 0.000000000 0.216444247 0.625228391
vt 0.750000000 0.905172755
vn -0.255303535 0.616357257 -0.744932102
v -0.153049195 0.153049195 0.625228391
vt 0.640276293 0.859723707
vn -0.255303535 0.616357257 -0.744932102
f 685/685/685 686/686/686 687/687/687
g wood
v -0.009650054 0.239741538 0.647811854
vt 0.743081704 0.921875000
vn -0.255303535 0.616357257 -0.744932102
v -0.153049195 0.153049195 0.625228391
vt 0.640276293 0.859723707
vn -0.255303535 0.616357257 -0.744932102
v -0.162699249 0.176346486 0.647811854
vt 0.633357996 0.876425952
vn -0.255303535 0.616357257 -0.744932102
f 688/688/688 689/689/689 690/690/690
g wood
v 0.000000000 0.216444247 0.625228391
vt 0.750000000 0.905172755
vn 0.255303535 -0.616357257 -0.744932102
v 0.009650054 0.193146957 0.647811854
vt 0.756918296 0.888470511
vn 0.255303535 -0.616357257 -0.744932102
v -0.143399141 0.129751905 0.647811854
vt 0.647194589 0.843021463
vn 0.255303535 -0.616357257 -0.744932102
f 691/691/691 692/692/692 693/693/693
g wood
v 0.000000000 0.216444247 0.625228391
vt 0.750000000 0.905172755
vn 0.255303535 -0.616357257 -0.744932102
v -0.143399141 0.129751905 0.647811854
vt 0.647194589 0.843021463
vn 0.255303535 -0.616357257 -0.744932102
v -0.153049195 0.153049195 0.625228391
vt 0.640276293 0.859723707
vn 0.255303535 -0.616357257 -0.744932102
f 694/694/694 695/695/695 696/696/696
g wood
v 0.009650054 0.193146957 0.647811854
vt 0.756918296 0.888470511
vn 0.255303535 -0.616357257 0.744932102
v 0.000000000 0.216444247 0.670395318
vt 0.750000000 0.905172755
vn 0.255303535 -0.616357257 0.744932102
v -0.153049195 0.153049195 0.670395318
vt 0.640276293 0.859723707
vn 0.255303535 -0.616357257 0.744932102
f 697/697/697 698/698/698 699/699/699
g wood
v 0.009650054 0.193146957 0.647811854
vt 0.756918296 0.888470511
vn 0.255303535 -0.616357257 0.744932102
v -0.153049195 0.153049195 0.670395318
vt 0.640276293 0.859723707
vn 0.255303535 -0.616357257 0.744932102
v -0.143399141 0.129751905 0.647811854
vt 0.647194589 0.843021463
vn 0.255303535 -0.616357257 0.744932102
f 700/700/700 701/701/701 702/702/702
g wood
v 0.000000000 0.216444247 0.670395318
vt 0.750000000 0.905172755
vn -0.255303535 0.616357257 0.744932102
v -0.009650054 0.239741538 0.647811854
vt 0.743081704 0.921875000
vn -0.255303535 0.616357257 0.744932102
v -0.162699249 0.176346486 0.647811854
vt 0.633357996 0.876425952
vn -0.255303535 0.616357257 0.744932102
f 703/703/703 704/704/704 705/705/705
g wood
v 0.000000000 0.216444247 0.670395318
vt 0.750000000 0.905172755
vn -0.255303535 0.616357257 0.744932102
v -0.162699249 0.176346486 0.647811854
vt 0.633357996 0.876425952
vn -0.255303535 0.616357257 0.744932102
v -0.153049195 0.153049195 0.670395318
vt 0.640276293 0.859723707
vn -0.255303535 0.616357257 0.744932102
f 706/706/706 707/707/707 708/708/708
g wood
v -0.153049195 0.153049195 0.670395318
vt 0.640276293 0.918319738
vn 0.382683432 0.923879533 0.000000000
v -0.129751905 0.143399141 0.647811854
vt 0.656978537 0.906859670
vn 0.382683432 0.923879533 0.000000000
v -0.153049195 0.153049195 0.625228391
vt 0.640276293 0.895399603
vn 0.382683432 0.923879533 0.000000000
f 709/709/709 710/710/710 711/711/711
g wood
v -0.153049195 0.153049195 0.670395318
vt 0.640276293 0.918319738
vn 0.382683432 0.923879533 0.000000000
v -0.153049195 0.153049195 0.625228391
vt 0.640276293 0.895399603
vn 0.382683432 0.923879533 0.000000000
v -0.176346486 0.162699249 0.647811854
vt 0.623574048 0.906859670
vn 0.382683432 0.923879533 0.000000000
f 712/712/712 713/713/713 714/714/714
g wood
v -0.239741538 0.009650054 0.647811854
vt 0.578125000 0.906859670
vn -0.382683432 -0.923879533 0.000000000
v -0.216444247 0.000000000 0.625228391
vt 0.594827245 0.895399603
vn -0.382683432 -0.923879533 0.000000000
v -0.193146957 -0.009650054 0.647811854
vt 0.611529489 0.906859670
vn -0.382683432 -0.923879533 0.000000000
f 715/715/715 716/716/716 717/717/717
g wood
v -0.239741538 0.009650054 0.647811854
vt 0.578125000 0.906859670
vn -0.382683432 -0.923879533 -0.000000000
v -0.193146957 -0.009650054 0.647811854
vt 0.611529489 0.906859670
vn -0.382683432 -0.923879533 -0.000000000
v -0.216444247 0.000000000 0.670395318
vt 0.594827245 0.918319738
vn -0.382683432 -0.923879533 -0.000000000
f 718/718/718 719/719/719 720/720/720
g wood
v -0.176346486 0.162699249 0.647811854
vt 0.623574048 0.866642004
vn -0.616357257 0.255303535 -0.744932102
v -0.153049195 0.153049195 0.625228391
vt 0.640276293 0.859723707
vn -0.616357257 0.255303535 -0.744932102
v -0.216444247 0.000000000 0.625228391
vt 0.594827245 0.750000000
vn -0.616357257 0.255303535 -0.744932102
f 721/721/721 722/722/722 723/723/723
g wood
v -0.176346486 0.162699249 0.647811854
vt 0.623574048 0.866642004
vn -0.616357257 0.255303535 -0.744932102
v -0.216444247 0.000000000 0.625228391
vt 0.594827245 0.750000000
vn -0.616357257 0.255303535 -0.744932102
v -0.239741538 0.009650054 0.647811854
vt 0.578125000 0.756918296
vn -0.616357257 0.255303535 -0.744932102
f 724/724/724 725/725/725 726/726/726
g wood
v -0.153049195 0.153049195 0.625228391
vt 0.640276293 0.859723707
vn 0.616357257 -0.255303535 -0.744932102
v -0.129751905 0.143399141 0.647811854
vt 0.656978537 0.852805411
vn 0.616357257 -0.255303535 -0.744932102
v -0.193146957 -0.009650054 0.647811854
vt 0.611529489 0.743081704
vn 0.616357257 -0.255303535 -0.744932102
f 727/727/727 728/728/728 729/729/729
g wood
v -0.153049195 0.153049195 0.625228391
vt 0.640276293 0.859723707
vn 0.616357257 -0.255303535 -0.744932102
v -0.193146957 -0.009650054 0.647811854
vt 0.611529489 0.743081704
vn 0.616357257 -0.255303535 -0.744932102
v -0.216444247 0.000000000 0.625228391
vt 0.594827245 0.750000000
vn 0.616357257 -0.255303535 -0.744932102
f 730/730/730 731/731/731 732/732/732
g wood
v -0.129751905 0.143399141 0.647811854
vt 0.656978537 0.852805411
vn 0.616357257 -0.255303535 0.744932102
v -0.153049195 0.153049195 0.670395318
vt 0.640276293 0.859723707
vn 0.616357257 -0.255303535 0.744932102
v -0.216444247 0.000000000 0.670395318
vt 0.594827245 0.750000000
vn 0.616357257 -0.255303535 0.744932102
f 733/733/733 734/734/734 735/735/735
g wood
v -0.129751905 0.143399141 0.647811854
vt 0.656978537 0.852805411
vn 0.616357257 -0.255303535 0.744932102
v -0.216444247 0.000000000 0.670395318
vt 0.594827245 0.750000000
vn 0.616357257 -0.255303535 0.744932102
v -0.193146957 -0.009650054 0.647811854
vt 0.611529489 0.743081704
vn 0.616357257 -0.255303535 0.744932102
f 736/736/736 737/737/737 738/738/738
g wood
v -0.153049195 0.153049195 0.670395318
vt 0.640276293 0.859723707
vn -0.616357257 0.255303535 0.744932102
v -0.176346486 0.162699249 0.647811854
vt 0.623574048 0.866642004
vn -0.616357257 0.255303535 0.744932102
v -0.239741538 0.009650054 0.647811854
vt 0.578125000 0.756918296
vn -0.616357257 0.255303535 0.744932102
f 739/739/739 740/740/740 741/741/741
g wood
v -0.153049195 0.153049195 0.670395318
vt 0.640276293 0.859723707
vn -0.616357257 0.255303535 0.744932102
v -0.239741538 0.009650054 0.647811854
vt 0.578125000 0.756918296
vn -0.616357257 0.255303535 0.744932102
v -0.216444247 0.000000000 0.670395318
vt 0.594827245 0.750000000
vn -0.616357257 0.255303535 0.744932102
f 742/742/742 743/743/743 744/744/744
g wood
v -0.216444247 0.000000000 0.670395318
vt 0.594827245 0.918319738
vn -0.382683432 0.923879533 -0.000000000
v -0.193146957 0.009650054 0.647811854
vt 0.611529489 0.906859670
vn -0.382683432 0.923879533 -0.000000000
v -0.216444247 0.000000000 0.625228391
vt 0.594827245 0.895399603
vn -0.382683432 0.923879533 -0.000000000
f 745/745/745 746/746/746 747/747/747
g wood
v -0.216444247 0.000000000 0.670395318
vt 0.594827245 0.918319738
vn -0.382683432 0.923879533 -0.000000000
v -0.216444247 0.000000000 0.625228391
vt 0.594827245 0.895399603
vn -0.382683432 0.923879533 -0.000000000
v -0.239741538 -0.009650054 0.647811854
vt 0.578125000 0.906859670
vn -0.382683432 0.923879533 -0.000000000
f 748/748/748 749/749/749 750/750/750
g wood
v -0.176346486 -0.162699249 0.647811854
vt 0.623574048 0.906859670
vn 0.382683432 -0.923879533 -0.000000000
v -0.153049195 -0.153049195 0.625228391
vt 0.640276293 0.895399603
vn 0.382683432 -0.923879533 -0.000000000
v -0.129751905 -0.143399141 0.647811854
vt 0.656978537 0.906859670
vn 0.382683432 -0.923879533 -0.000000000
f 751/751/751 752/752/752 753/753/753
g wood
v -0.176346486 -0.162699249 0.647811854
vt 0.623574048 0.906859670
vn 0.382683432 -0.923879533 0.000000000
v -0.129751905 -0.143399141 0.647811854
vt 0.656978537 0.906859670
vn 0.382683432 -0.923879533 0.000000000
v -0.153049195 -0.153049195 0.670395318
vt 0.640276293 0.918319738
vn 0.382683432 -0.923879533 0.000000000
f 754/754/754 755/755/755 756/756/756
g wood
v -0.239741538 -0.009650054 0.647811854
vt 0.578125000 0.743081704
vn -0.616357257 -0.255303535 -0.744932102
v -0.216444247 0.000000000 0.625228391
vt 0.594827245 0.750000000
vn -0.616357257 -0.255303535 -0.744932102
v -0.153049195 -0.153049195 0.625228391
vt 0.640276293 0.640276293
vn -0.616357257 -0.255303535 -0.744932102
f 757/757/757 758/758/758 759/759/759
g wood
v -0.239741538 -0.009650054 0.647811854
vt 0.578125000 0.743081704
vn -0.616357257 -0.255303535 -0.744932102
v -0.153049195 -0.153049195 0.625228391
vt 0.640276293 0.640276293
vn -0.616357257 -0.255303535 -0.744932102
v -0.176346486 -0.162699249 0.647811854
vt 0.623574048 0.633357996
vn -0.616357257 -0.255303535 -0.744932102
f 760/760/760 761/761/761 762/762/762
g wood
v -0.216444247 0.000000000 0.625228391
vt 0.594827245 0.750000000
vn 0.616357257 0.255303535 -0.744932102
v -0.193146957 0.009650054 0.647811854
vt 0.611529489 0.756918296
vn 0.616357257 0.255303535 -0.744932102
v -0.129751905 -0.143399141 0.647811854
vt 0.656978537 0.647194589
vn 0.616357257 0.255303535 -0.744932102
f 763/763/763 764/764/764 765/765/765
g wood
v -0.216444247 0.000000000 0.625228391
vt 0.594827245 0.750000000
vn 0.616357257 0.255303535 -0.744932102
v -0.129751905 -0.143399141 0.647811854
vt 0.656978537 0.647194589
vn 0.616357257 0.255303535 -0.744932102
v -0.153049195 -0.153049195 0.625228391
vt 0.640276293 0.640276293
vn 0.616357257 0.255303535 -0.744932102
f 766/766/766 767/767/767 768/768/768
g wood
v -0.193146957 0.009650054 0.647811854
vt 0.611529489 0.756918296
vn 0.616357257 0.255303535 0.744932102
v -0.216444247 0.000000000 0.670395318
vt 0.594827245 0.750000000
vn 0.616357257 0.255303535 0.744932102
v -0.153049195 -0.153049195 0.670395318
vt 0.640276293 0.640276293
vn 0.616357257 0.255303535 0.744932102
f 769/769/769 770/770/770 771/771/771
g wood
v -0.193146957 0.009650054 0.647811854
vt 0.611529489 0.756918296
vn 0.616357257 0.255303535 0.744932102
v -0.153049195 -0.153049195 0.670395318
vt 0.640276293 0.640276293
vn 0.616357257 0.255303535 0.744932102
v -0.129751905 -0.143399141 0.647811854
vt 0.656978537 0.647194589
vn 0.616357257 0.255303535 0.744932102
f 772/772/772 773/773/773 774/774/774
g wood
v -0.216444247 0.000000000 0.670395318
vt 0.594827245 0.750000000
vn -0.616357257 -0.255303535 0.744932102
v -0.239741538 -0.009650054 0.647811854
vt 0.578125000 0.743081704
vn -0.616357257 -0.255303535 0.744932102
v -0.176346486 -0.162699249 0.647811854
vt 0.623574048 0.633357996
vn -0.616357257 -0.255303535 0.744932102
f 775/775/775 776/776/776 777/777/777
g wood
v -0.216444247 0.000000000 0.670395318
vt 0.594827245 0.750000000
vn -0.616357257 -0.255303535 0.744932102
v -0.176346486 -0.162699249 0.647811854
vt 0.623574048 0.633357996
vn -0.616357257 -0.255303535 0.744932102
v -0.153049195 -0.153049195 0.670395318
vt 0.640276293 0.640276293
vn -0.616357257 -0.255303535 0.744932102
f 778/778/778 779/779/779 780/780/780
g wood
v -0.153049195 -0.153049195 0.670395318
vt 0.640276293 0.918319738
vn -0.923879533 0.382683432 0.000000000
v -0.143399141 -0.129751905 0.647811854
vt 0.656978537 0.906859670
vn -0.923879533 0.382683432 0.000000000
v -0.153049195 -0.153049195 0.625228391
vt 0.640276293 0.895399603
vn -0.923879533 0.382683432 0.000000000
f 781/781/781 782/782/782 783/783/783
g wood
v -0.153049195 -0.153049195 0.670395318
vt 0.640276293 0.918319738
vn -0.923879533 0.382683432 0.000000000
v -0.153049195 -0.153049195 0.625228391
vt 0.640276293 0.895399603
vn -0.923879533 0.382683432 0.000000000
v -0.162699249 -0.176346486 0.647811854
vt 0.623574048 0.906859670
vn -0.923879533 0.382683432 0.000000000
f 784/784/784 785/785/785 786/786/786
g wood
v -0.009650054 -0.239741538 0.647811854
vt 0.578125000 0.906859670
vn 0.923879533 -0.382683432 0.000000000
v -0.000000000 -0.216444247 0.625228391
vt 0.594827245 0.895399603
vn 0.923879533 -0.382683432 0.000000000
v 0.009650054 -0.193146957 0.647811854
vt 0.611529489 0.906859670
vn 0.923879533 -0.382683432 0.000000000
f 787/787/787 788/788/788 789/789/789
g wood
v -0.009650054 -0.239741538 0.647811854
vt 0.578125000 0.906859670
vn 0.923879533 -0.382683432 -0.000000000
v 0.009650054 -0.193146957 0.647811854
vt 0.611529489 0.906859670
vn 0.923879533 -0.382683432 -0.000000000
v -0.000000000 -0.216444247 0.670395318
vt 0.594827245 0.918319738
vn 0.923879533 -0.382683432 -0.000000000
f 790/790/790 791/791/791 792/792/792
g wood
v -0.162699249 -0.176346486 0.647811854
vt 0.633357996 0.623574048
vn -0.255303535 -0.616357257 -0.744932102
v -0.153049195 -0.153049195 0.625228391
vt 0.640276293 0.640276293
vn -0.255303535 -0.616357257 -0.744932102
v -0.000000000 -0.216444247 0.625228391
vt 0.750000000 0.594827245
vn -0.255303535 -0.616357257 -0.744932102
f 793/793/793 794/794/794 795/795/795
g wood
v -0.162699249 -0.176346486 0.647811854
vt 0.633357996 0.623574048
vn -0.255303535 -0.616357257 -0.744932102
v -0.000000000 -0.216444247 0.625228391
vt 0.750000000 0.594827245
vn -0.255303535 -0.616357257 -0.744932102
v -0.009650054 -0.239741538 0.647811854
vt 0.743081704 0.578125000
vn -0.255303535 -0.616357257 -0.744932102
f 796/796/796 797/797/797 798/798/798
g wood
v -0.153049195 -0.153049195 0.625228391
vt 0.640276293 0.640276293
vn 0.255303535 0.616357257 -0.744932102
v -0.143399141 -0.129751905 0.647811854
vt 0.647194589 0.656978537
vn 0.255303535 0.616357257 -0.744932102
v 0.009650054 -0.193146957 0.647811854
vt 0.756918296 0.611529489
vn 0.255303535 0.616357257 -0.744932102
f 799/799/799 800/800/800 801/801/801
g wood
v -0.153049195 -0.153049195 0.625228391
vt 0.640276293 0.640276293
vn 0.255303535 0.616357257 -0.744932102
v 0.009650054 -0.193146957 0.647811854
vt 0.756918296 0.611529489
vn 0.255303535 0.616357257 -0.744932102
v -0.000000000 -0.216444247 0.625228391
vt 0.750000000 0.594827245
vn 0.255303535 0.616357257 -0.744932102
f 802/802/802 803/803/803 804/804/804
g wood
v -0.143399141 -0.129751905 0.647811854
vt 0.647194589 0.656978537
vn 0.255303535 0.616357257 0.744932102
v -0.153049195 -0.153049195 0.670395318
vt 0.640276293 0.640276293
vn 0.255303535 0.616357257 0.744932102
v -0.000000000 -0.216444247 0.670395318
vt 0.750000000 0.594827245
vn 0.255303535 0.616357257 0.744932102
f 805/805/805 806/806/806 807/807/807
g wood
v -0.143399141 -0.129751905 0.647811854
vt 0.647194589 0.656978537
vn 0.255303535 0.616357257 0.744932102
v -0.000000000 -0.216444247 0.670395318
vt 0.750000000 0.594827245
vn 0.255303535 0.616357257 0.744932102
v 0.009650054 -0.193146957 0.647811854
vt 0.756918296 0.611529489
vn 0.255303535 0.616357257 0.744932102
f 808/808/808 809/809/809 810/810/810
g wood
v -0.153049195 -0.153049195 0.670395318
vt 0.640276293 0.640276293
vn -0.255303535 -0.616357257 0.744932102
v -0.162699249 -0.176346486 0.647811854
vt 0.633357996 0.623574048
vn -0.255303535 -0.616357257 0.744932102
v -0.009650054 -0.239741538 0.647811854
vt 0.743081704 0.578125000
vn -0.255303535 -0.616357257 0.744932102
f 811/811/811 812/812/812 813/813/813
g wood
v -0.153049195 -0.153049195 0.670395318
vt 0.640276293 0.640276293
vn -0.255303535 -0.616357257 0.744932102
v -0.009650054 -0.239741538 0.647811854
vt 0.743081704 0.578125000
vn -0.255303535 -0.616357257 0.744932102
v -0.000000000 -0.216444247 0.670395318
vt 0.750000000 0.594827245
vn -0.255303535 -0.616357257 0.744932102
f 814/814/814 815/815/815 816/816/816
g wood
v -0.000000000 -0.216444247 0.670395318
vt 0.594827245 0.918319738
vn -0.923879533 -0.382683432 -0.000000000
v -0.009650054 -0.193146957 0.647811854
vt 0.611529489 0.906859670
vn -0.923879533 -0.382683432 -0.000000000
v -0.000000000 -0.216444247 0.625228391
vt 0.594827245 0.895399603
vn -0.923879533 -0.382683432 -0.000000000
f 817/817/817 818/818/818 819/819/819
g wood
v -0.000000000 -0.216444247 0.670395318
vt 0.594827245 0.918319738
vn -0.923879533 -0.382683432 -0.000000000
v -0.000000000 -0.216444247 0.625228391
vt 0.594827245 0.895399603
vn -0.923879533 -0.382683432 -0.000000000
v 0.009650054 -0.239741538 0.647811854
vt 0.578125000 0.906859670
vn -0.923879533 -0.382683432 -0.000000000
f 820/820/820 821/821/821 822/822/822
g wood
v 0.162699249 -0.176346486 0.647811854
vt 0.623574048 0.906859670
vn 0.923879533 0.382683432 -0.000000000
v 0.153049195 -0.153049195 0.625228391
vt 0.640276293 0.895399603
vn 0.923879533 0.382683432 -0.000000000
v 0.143399141 -0.129751905 0.647811854
vt 0.656978537 0.906859670
vn 0.923879533 0.382683432 -0.000000000
f 823/823/823 824/824/824 825/825/825
g wood
v 0.162699249 -0.176346486 0.647811854
vt 0.623574048 0.906859670
vn 0.923879533 0.382683432 0.000000000
v 0.143399141 -0.129751905 0.647811854
vt 0.656978537 0.906859670
vn 0.923879533 0.382683432 0.000000000
v 0.153049195 -0.153049195 0.670395318
vt 0.640276293 0.918319738
vn 0.923879533 0.382683432 0.000000000
f 826/826/826 827/827/827 828/828/828
g wood
v 0.009650054 -0.239741538 0.647811854
vt 0.756918296 0.578125000
vn 0.255303535 -0.616357257 -0.744932102
v -0.000000000 -0.216444247 0.625228391
vt 0.750000000 0.594827245
vn 0.255303535 -0.616357257 -0.744932102
v 0.153049195 -0.153049195 0.625228391
vt 0.859723707 0.640276293
vn 0.255303535 -0.616357257 -0.744932102
f 829/829/829 830/830/830 831/831/831
g wood
v 0.009650054 -0.239741538 0.647811854
vt 0.756918296 0.578125000
vn 0.255303535 -0.616357257 -0.744932102
v 0.153049195 -0.153049195 0.625228391
vt 0.859723707 0.640276293
vn 0.255303535 -0.616357257 -0.744932102
v 0.162699249 -0.176346486 0.647811854
vt 0.866642004 0.623574048
vn 0.255303535 -0.616357257 -0.744932102
f 832/832/832 833/833/833 834/834/834
g wood
v -0.000000000 -0.216444247 0.625228391
vt 0.750000000 0.594827245
vn -0.255303535 0.616357257 -0.744932102
v -0.009650054 -0.193146957 0.647811854
vt 0.743081704 0.611529489
vn -0.255303535 0.616357257 -0.744932102
v 0.143399141 -0.129751905 0.647811854
vt 0.852805411 0.656978537
vn -0.255303535 0.616357257 -0.744932102
f 835/835/835 836/836/836 837/837/837
g wood
v -0.000000000 -0.216444247 0.625228391
vt 0.750000000 0.594827245
vn -0.255303535 0.616357257 -0.744932102
v 0.143399141 -0.129751905 0.647811854
vt 0.852805411 0.656978537
vn -0.255303535 0.616357257 -0.744932102
v 0.153049195 -0.153049195 0.625228391
vt 0.859723707 0.640276293
vn -0.255303535 0.616357257 -0.744932102
f 838/838/838 839/839/839 840/840/840
g wood
v -0.009650054 -0.193146957 0.647811854
vt 0.743081704 0.611529489
vn -0.255303535 0.616357257 0.744932102
v -0.000000000 -0.216444247 0.670395318
vt 0.750000000 0.594827245
vn -0.255303535 0.616357257 0.744932102
v 0.153049195 -0.153049195 0.670395318
vt 0.859723707 0.640276293
vn -0.255303535 0.616357257 0.744932102
f 841/841/841 842/842/842 843/843/843
g wood
v -0.009650054 -0.193146957 0.647811854
vt 0.743081704 0.611529489
vn -0.255303535 0.616357257 0.744932102
v 0.153049195 -0.153049195 0.670395318
vt 0.859723707 0.640276293
vn -0.255303535 0.616357257 0.744932102
v 0.143399141 -0.129751905 0.647811854
vt 0.852805411 0.656978537
vn -0.255303535 0.616357257 0.744932102
f 844/844/844 845/845/845 846/846/846
g wood
v -0.000000000 -0.216444247 0.670395318
vt 0.750000000 0.594827245
vn 0.255303535 -0.616357257 0.744932102
v 0.009650054 -0.239741538 0.647811854
vt 0.756918296 0.578125000
vn 0.255303535 -0.616357257 0.744932102
v 0.162699249 -0.176346486 0.647811854
vt 0.866642004 0.623574048
vn 0.255303535 -0.616357257 0.744932102
f 847/847/847 848/848/848 849/849/849
g wood
v -0.000000000 -0.216444247 0.670395318
vt 0.750000000 0.594827245
vn 0.255303535 -0.616357257 0.744932102
v 0.162699249 -0.176346486 0.647811854
vt 0.866642004 0.623574048
vn 0.255303535 -0.616357257 0.744932102
v 0.153049195 -0.153049195 0.670395318
vt 0.859723707 0.640276293
vn 0.255303535 -0.616357257 0.744932102
f 850/850/850 851/851/851 852/852/852
g wood
v 0.153049195 -0.153049195 0.670395318
vt 0.859723707 0.918319738
vn -0.382683432 -0.923879533 -0.000000000
v 0.129751905 -0.143399141 0.647811854
vt 0.843021463 0.906859670
vn -0.382683432 -0.923879533 -0.000000000
v 0.153049195 -0.153049195 0.625228391
vt 0.859723707 0.895399603
vn -0.382683432 -0.923879533 -0.000000000
f 853/853/853 854/854/854 855/855/855
g wood
v 0.153049195 -0.153049195 0.670395318
vt 0.859723707 0.918319738
vn -0.382683432 -0.923879533 -0.000000000
v 0.153049195 -0.153049195 0.625228391
vt 0.859723707 0.895399603
vn -0.382683432 -0.923879533 -0.000000000
v 0.176346486 -0.162699249 0.647811854
vt 0.876425952 0.906859670
vn -0.382683432 -0.923879533 -0.000000000
f 856/856/856 857/857/857 858/858/858
g wood
v 0.239741538 -0.009650054 0.647811854
vt 0.921875000 0.906859670
vn 0.382683432 0.923879533 0.000000000
v 0.216444247 -0.000000000 0.625228391
vt 0.905172755 0.895399603
vn 0.382683432 0.923879533 0.000000000
v 0.193146957 0.009650054 0.647811854
vt 0.888470511 0.906859670
vn 0.382683432 0.923879533 0.000000000
f 859/859/859 860/860/860 861/861/861
g wood
v 0.239741538 -0.009650054 0.647811854
vt 0.921875000 0.906859670
vn 0.382683432 0.923879533 -0.000000000
v 0.193146957 0.009650054 0.647811854
vt 0.888470511 0.906859670
vn 0.382683432 0.923879533 -0.000000000
v 0.216444247 0.000000000 0.670395318
vt 0.905172755 0.918319738
vn 0.382683432 0.923879533 -0.000000000
f 862/862/862 863/863/863 864/864/864
g wood
v 0.176346486 -0.162699249 0.647811854
vt 0.876425952 0.633357996
vn 0.616357257 -0.255303535 -0.744932102
v 0.153049195 -0.153049195 0.625228391
vt 0.859723707 0.640276293
vn 0.616357257 -0.255303535 -0.744932102
v 0.216444247 -0.000000000 0.625228391
vt 0.905172755 0.750000000
vn 0.616357257 -0.255303535 -0.744932102
f 865/865/865 866/866/866 867/867/867
g wood
v 0.176346486 -0.162699249 0.647811854
vt 0.876425952 0.633357996
vn 0.616357257 -0.255303535 -0.744932102
v 0.216444247 -0.000000000 0.625228391
vt 0.905172755 0.750000000
vn 0.616357257 -0.255303535 -0.744932102
v 0.239741538 -0.009650054 0.647811854
vt 0.921875000 0.743081704
vn 0.616357257 -0.255303535 -0.744932102
f 868/868/868 869/869/869 870/870/870
g wood
v 0.153049195 -0.153049195 0.625228391
vt 0.859723707 0.640276293
vn -0.616357257 0.255303535 -0.744932102
v 0.129751905 -0.143399141 0.647811854
vt 0.843021463 0.647194589
vn -0.616357257 0.255303535 -0.744932102
v 0.193146957 0.009650054 0.647811854
vt 0.888470511 0.756918296
vn -0.616357257 0.255303535 -0.744932102
f 871/871/871 872/872/872 873/873/873
g wood
v 0.153049195 -0.153049195 0.625228391
vt 0.859723707 0.640276293
vn -0.616357257 0.255303535 -0.744932102
v 0.193146957 0.009650054 0.647811854
vt 0.888470511 0.756918296
vn -0.616357257 0.255303535 -0.744932102
v 0.216444247 -0.000000000 0.625228391
vt 0.905172755 0.750000000
vn -0.616357257 0.255303535 -0.744932102
f 874/874/874 875/875/875 876/876/876
g wood
v 0.129751905 -0.143399141 0.647811854
vt 0.843021463 0.647194589
vn -0.616357257 0.255303535 0.744932102
v 0.153049195 -0.153049195 0.670395318
vt 0.859723707 0.640276293
vn -0.616357257 0.255303535 0.744932102
v 0.216444247 0.000000000 0.670395318
vt 0.905172755 0.750000000
vn -0.616357257 0.255303535 0.744932102
f 877/877/877 878/878/878 879/879/879
g wood
v 0.129751905 -0.143399141 0.647811854
vt 0.843021463 0.647194589
vn -0.616357257 0.255303535 0.744932102
v 0.216444247 0.000000000 0.670395318
vt 0.905172755 0.750000000
vn -0.616357257 0.255303535 0.744932102
v 0.193146957 0.009650054 0.647811854
vt 0.888470511 0.756918296
vn -0.616357257 0.255303535 0.744932102
f 880/880/880 881/881/881 882/882/882
g wood
v 0.153049195 -0.153049195 0.670395318
vt 0.859723707 0.640276293
vn 0.616357257 -0.255303535 0.744932102
v 0.176346486 -0.162699249 0.647811854
vt 0.876425952 0.633357996
vn 0.616357257 -0.255303535 0.744932102
v 0.239741538 -0.009650054 0.647811854
vt 0.921875000 0.743081704
vn 0.616357257 -0.255303535 0.744932102
f 883/883/883 884/884/884 885/885/885
g wood
v 0.153049195 -0.153049195 0.670395318
vt 0.859723707 0.640276293
vn 0.616357257 -0.255303535 0.744932102
v 0.239741538 -0.009650054 0.647811854
vt 0.921875000 0.743081704
vn 0.616357257 -0.255303535 0.744932102
v 0.216444247 0.000000000 0.670395318
vt 0.905172755 0.750000000
vn 0.616357257 -0.255303535 0.744932102
f 886/886/886 887/887/887 888/888/888
