# Physical native .18 props; X/Y ground, Z up.
mtllib pz_native_electrical_176.mtl
usemtl Native_pz_native_electrical_176
o meter_octagonal_housing
v -0.143670551 -0.543697034 1.809400234
vt 0.003906250 0.007812500
vn 0.881171234 0.000000000 0.472797268
v -0.175666963 -0.543697034 1.869033231
vt 0.246093750 0.007812500
vn 0.881171234 0.000000000 0.472797268
v -0.175666963 -0.658401748 1.869033231
vt 0.246093750 0.492187500
vn 0.881171234 0.000000000 0.472797268
f 1/1/1 2/2/2 3/3/3
v -0.143670551 -0.543697034 1.809400234
vt 0.003906250 0.007812500
vn 0.881171234 0.000000000 0.472797268
v -0.175666963 -0.658401748 1.869033231
vt 0.246093750 0.492187500
vn 0.881171234 0.000000000 0.472797268
v -0.143670551 -0.658401748 1.809400234
vt 0.003906250 0.492187500
vn 0.881171234 0.000000000 0.472797268
f 4/4/4 5/5/5 6/6/6
v -0.175666963 -0.543697034 1.869033231
vt 0.003906250 0.007812500
vn 0.304574621 0.000000000 0.952488478
v -0.252913136 -0.543697034 1.893734027
vt 0.246093750 0.007812500
vn 0.304574621 0.000000000 0.952488478
v -0.252913136 -0.658401748 1.893734027
vt 0.246093750 0.492187500
vn 0.304574621 0.000000000 0.952488478
f 7/7/7 8/8/8 9/9/9
v -0.175666963 -0.543697034 1.869033231
vt 0.003906250 0.007812500
vn 0.304574621 0.000000000 0.952488478
v -0.252913136 -0.658401748 1.893734027
vt 0.246093750 0.492187500
vn 0.304574621 0.000000000 0.952488478
v -0.175666963 -0.658401748 1.869033231
vt 0.003906250 0.492187500
vn 0.304574621 0.000000000 0.952488478
f 10/10/10 11/11/11 12/12/12
v -0.252913136 -0.543697034 1.893734027
vt 0.003906250 0.007812500
vn -0.304574621 0.000000000 0.952488478
v -0.330159308 -0.543697034 1.869033231
vt 0.246093750 0.007812500
vn -0.304574621 0.000000000 0.952488478
v -0.330159308 -0.658401748 1.869033231
vt 0.246093750 0.492187500
vn -0.304574621 0.000000000 0.952488478
f 13/13/13 14/14/14 15/15/15
v -0.252913136 -0.543697034 1.893734027
vt 0.003906250 0.007812500
vn -0.304574621 0.000000000 0.952488478
v -0.330159308 -0.658401748 1.869033231
vt 0.246093750 0.492187500
vn -0.304574621 0.000000000 0.952488478
v -0.252913136 -0.658401748 1.893734027
vt 0.003906250 0.492187500
vn -0.304574621 0.000000000 0.952488478
f 16/16/16 17/17/17 18/18/18
v -0.330159308 -0.543697034 1.869033231
vt 0.003906250 0.007812500
vn -0.881171234 0.000000000 0.472797268
v -0.362155720 -0.543697034 1.809400234
vt 0.246093750 0.007812500
vn -0.881171234 0.000000000 0.472797268
v -0.362155720 -0.658401748 1.809400234
vt 0.246093750 0.492187500
vn -0.881171234 0.000000000 0.472797268
f 19/19/19 20/20/20 21/21/21
v -0.330159308 -0.543697034 1.869033231
vt 0.003906250 0.007812500
vn -0.881171234 0.000000000 0.472797268
v -0.362155720 -0.658401748 1.809400234
vt 0.246093750 0.492187500
vn -0.881171234 0.000000000 0.472797268
v -0.330159308 -0.658401748 1.869033231
vt 0.003906250 0.492187500
vn -0.881171234 0.000000000 0.472797268
f 22/22/22 23/23/23 24/24/24
v -0.362155720 -0.543697034 1.809400234
vt 0.003906250 0.007812500
vn -0.881171234 0.000000000 -0.472797268
v -0.330159308 -0.543697034 1.749767237
vt 0.246093750 0.007812500
vn -0.881171234 0.000000000 -0.472797268
v -0.330159308 -0.658401748 1.749767237
vt 0.246093750 0.492187500
vn -0.881171234 0.000000000 -0.472797268
f 25/25/25 26/26/26 27/27/27
v -0.362155720 -0.543697034 1.809400234
vt 0.003906250 0.007812500
vn -0.881171234 -0.000000000 -0.472797268
v -0.330159308 -0.658401748 1.749767237
vt 0.246093750 0.492187500
vn -0.881171234 -0.000000000 -0.472797268
v -0.362155720 -0.658401748 1.809400234
vt 0.003906250 0.492187500
vn -0.881171234 -0.000000000 -0.472797268
f 28/28/28 29/29/29 30/30/30
v -0.330159308 -0.543697034 1.749767237
vt 0.003906250 0.007812500
vn -0.304574621 0.000000000 -0.952488478
v -0.252913136 -0.543697034 1.725066441
vt 0.246093750 0.007812500
vn -0.304574621 0.000000000 -0.952488478
v -0.252913136 -0.658401748 1.725066441
vt 0.246093750 0.492187500
vn -0.304574621 0.000000000 -0.952488478
f 31/31/31 32/32/32 33/33/33
v -0.330159308 -0.543697034 1.749767237
vt 0.003906250 0.007812500
vn -0.304574621 -0.000000000 -0.952488478
v -0.252913136 -0.658401748 1.725066441
vt 0.246093750 0.492187500
vn -0.304574621 -0.000000000 -0.952488478
v -0.330159308 -0.658401748 1.749767237
vt 0.003906250 0.492187500
vn -0.304574621 -0.000000000 -0.952488478
f 34/34/34 35/35/35 36/36/36
v -0.252913136 -0.543697034 1.725066441
vt 0.003906250 0.007812500
vn 0.304574621 0.000000000 -0.952488478
v -0.175666963 -0.543697034 1.749767237
vt 0.246093750 0.007812500
vn 0.304574621 0.000000000 -0.952488478
v -0.175666963 -0.658401748 1.749767237
vt 0.246093750 0.492187500
vn 0.304574621 0.000000000 -0.952488478
f 37/37/37 38/38/38 39/39/39
v -0.252913136 -0.543697034 1.725066441
vt 0.003906250 0.007812500
vn 0.304574621 0.000000000 -0.952488478
v -0.175666963 -0.658401748 1.749767237
vt 0.246093750 0.492187500
vn 0.304574621 0.000000000 -0.952488478
v -0.252913136 -0.658401748 1.725066441
vt 0.003906250 0.492187500
vn 0.304574621 0.000000000 -0.952488478
f 40/40/40 41/41/41 42/42/42
v -0.175666963 -0.543697034 1.749767237
vt 0.003906250 0.007812500
vn 0.881171234 0.000000000 -0.472797268
v -0.143670551 -0.543697034 1.809400234
vt 0.246093750 0.007812500
vn 0.881171234 0.000000000 -0.472797268
v -0.143670551 -0.658401748 1.809400234
vt 0.246093750 0.492187500
vn 0.881171234 0.000000000 -0.472797268
f 43/43/43 44/44/44 45/45/45
v -0.175666963 -0.543697034 1.749767237
vt 0.003906250 0.007812500
vn 0.881171234 0.000000000 -0.472797268
v -0.143670551 -0.658401748 1.809400234
vt 0.246093750 0.492187500
vn 0.881171234 0.000000000 -0.472797268
v -0.175666963 -0.658401748 1.749767237
vt 0.003906250 0.492187500
vn 0.881171234 0.000000000 -0.472797268
f 46/46/46 47/47/47 48/48/48
o meter_back
v -0.175666963 -0.543697034 1.749767237
vt 0.230468750 0.250000000
vn 0.000000000 1.000000000 0.000000000
v -0.252913136 -0.543697034 1.725066441
vt 0.199577668 0.399155337
vn 0.000000000 1.000000000 0.000000000
v -0.330159308 -0.543697034 1.749767237
vt 0.125000000 0.460937500
vn 0.000000000 1.000000000 0.000000000
f 49/49/49 50/50/50 51/51/51
v -0.175666963 -0.543697034 1.749767237
vt 0.230468750 0.250000000
vn 0.000000000 1.000000000 0.000000000
v -0.330159308 -0.543697034 1.749767237
vt 0.125000000 0.460937500
vn 0.000000000 1.000000000 0.000000000
v -0.362155720 -0.543697034 1.809400234
vt 0.050422332 0.399155337
vn 0.000000000 1.000000000 0.000000000
f 52/52/52 53/53/53 54/54/54
v -0.175666963 -0.543697034 1.749767237
vt 0.230468750 0.250000000
vn 0.000000000 1.000000000 0.000000000
v -0.362155720 -0.543697034 1.809400234
vt 0.050422332 0.399155337
vn 0.000000000 1.000000000 0.000000000
v -0.330159308 -0.543697034 1.869033231
vt 0.019531250 0.250000000
vn 0.000000000 1.000000000 0.000000000
f 55/55/55 56/56/56 57/57/57
v -0.175666963 -0.543697034 1.749767237
vt 0.230468750 0.250000000
vn 0.000000000 1.000000000 0.000000000
v -0.330159308 -0.543697034 1.869033231
vt 0.019531250 0.250000000
vn 0.000000000 1.000000000 0.000000000
v -0.252913136 -0.543697034 1.893734027
vt 0.050422332 0.100844663
vn 0.000000000 1.000000000 0.000000000
f 58/58/58 59/59/59 60/60/60
v -0.175666963 -0.543697034 1.749767237
vt 0.230468750 0.250000000
vn 0.000000000 1.000000000 -0.000000000
v -0.252913136 -0.543697034 1.893734027
vt 0.050422332 0.100844663
vn 0.000000000 1.000000000 -0.000000000
v -0.175666963 -0.543697034 1.869033231
vt 0.125000000 0.039062500
vn 0.000000000 1.000000000 -0.000000000
f 61/61/61 62/62/62 63/63/63
v -0.175666963 -0.543697034 1.749767237
vt 0.230468750 0.250000000
vn 0.000000000 1.000000000 0.000000000
v -0.175666963 -0.543697034 1.869033231
vt 0.125000000 0.039062500
vn 0.000000000 1.000000000 0.000000000
v -0.143670551 -0.543697034 1.809400234
vt 0.199577668 0.100844663
vn 0.000000000 1.000000000 0.000000000
f 64/64/64 65/65/65 66/66/66
o meter_face
v -0.143670551 -0.658401748 1.809400234
vt 0.980468750 0.750000000
vn 0.000000000 -1.000000000 0.000000000
v -0.175666963 -0.658401748 1.869033231
vt 0.949577668 0.899155337
vn 0.000000000 -1.000000000 0.000000000
v -0.252913136 -0.658401748 1.893734027
vt 0.875000000 0.960937500
vn 0.000000000 -1.000000000 0.000000000
f 67/67/67 68/68/68 69/69/69
v -0.143670551 -0.658401748 1.809400234
vt 0.980468750 0.750000000
vn 0.000000000 -1.000000000 0.000000000
v -0.252913136 -0.658401748 1.893734027
vt 0.875000000 0.960937500
vn 0.000000000 -1.000000000 0.000000000
v -0.330159308 -0.658401748 1.869033231
vt 0.800422332 0.899155337
vn 0.000000000 -1.000000000 0.000000000
f 70/70/70 71/71/71 72/72/72
v -0.143670551 -0.658401748 1.809400234
vt 0.980468750 0.750000000
vn 0.000000000 -1.000000000 0.000000000
v -0.330159308 -0.658401748 1.869033231
vt 0.800422332 0.899155337
vn 0.000000000 -1.000000000 0.000000000
v -0.362155720 -0.658401748 1.809400234
vt 0.769531250 0.750000000
vn 0.000000000 -1.000000000 0.000000000
f 73/73/73 74/74/74 75/75/75
v -0.143670551 -0.658401748 1.809400234
vt 0.980468750 0.750000000
vn -0.000000000 -1.000000000 0.000000000
v -0.362155720 -0.658401748 1.809400234
vt 0.769531250 0.750000000
vn -0.000000000 -1.000000000 0.000000000
v -0.330159308 -0.658401748 1.749767237
vt 0.800422332 0.600844663
vn -0.000000000 -1.000000000 0.000000000
f 76/76/76 77/77/77 78/78/78
v -0.143670551 -0.658401748 1.809400234
vt 0.980468750 0.750000000
vn 0.000000000 -1.000000000 0.000000000
v -0.330159308 -0.658401748 1.749767237
vt 0.800422332 0.600844663
vn 0.000000000 -1.000000000 0.000000000
v -0.252913136 -0.658401748 1.725066441
vt 0.875000000 0.539062500
vn 0.000000000 -1.000000000 0.000000000
f 79/79/79 80/80/80 81/81/81
v -0.143670551 -0.658401748 1.809400234
vt 0.980468750 0.750000000
vn 0.000000000 -1.000000000 0.000000000
v -0.252913136 -0.658401748 1.725066441
vt 0.875000000 0.539062500
vn 0.000000000 -1.000000000 0.000000000
v -0.175666963 -0.658401748 1.749767237
vt 0.949577668 0.600844663
vn 0.000000000 -1.000000000 0.000000000
f 82/82/82 83/83/83 84/84/84
o meter_octagonal_housing
v -0.143670551 -0.543697034 1.598565751
vt 0.003906250 0.007812500
vn 0.881171234 0.000000000 0.472797268
v -0.175666963 -0.543697034 1.658198748
vt 0.246093750 0.007812500
vn 0.881171234 0.000000000 0.472797268
v -0.175666963 -0.658401748 1.658198748
vt 0.246093750 0.492187500
vn 0.881171234 0.000000000 0.472797268
f 85/85/85 86/86/86 87/87/87
v -0.143670551 -0.543697034 1.598565751
vt 0.003906250 0.007812500
vn 0.881171234 0.000000000 0.472797268
v -0.175666963 -0.658401748 1.658198748
vt 0.246093750 0.492187500
vn 0.881171234 0.000000000 0.472797268
v -0.143670551 -0.658401748 1.598565751
vt 0.003906250 0.492187500
vn 0.881171234 0.000000000 0.472797268
f 88/88/88 89/89/89 90/90/90
v -0.175666963 -0.543697034 1.658198748
vt 0.003906250 0.007812500
vn 0.304574621 0.000000000 0.952488478
v -0.252913136 -0.543697034 1.682899544
vt 0.246093750 0.007812500
vn 0.304574621 0.000000000 0.952488478
v -0.252913136 -0.658401748 1.682899544
vt 0.246093750 0.492187500
vn 0.304574621 0.000000000 0.952488478
f 91/91/91 92/92/92 93/93/93
v -0.175666963 -0.543697034 1.658198748
vt 0.003906250 0.007812500
vn 0.304574621 0.000000000 0.952488478
v -0.252913136 -0.658401748 1.682899544
vt 0.246093750 0.492187500
vn 0.304574621 0.000000000 0.952488478
v -0.175666963 -0.658401748 1.658198748
vt 0.003906250 0.492187500
vn 0.304574621 0.000000000 0.952488478
f 94/94/94 95/95/95 96/96/96
v -0.252913136 -0.543697034 1.682899544
vt 0.003906250 0.007812500
vn -0.304574621 0.000000000 0.952488478
v -0.330159308 -0.543697034 1.658198748
vt 0.246093750 0.007812500
vn -0.304574621 0.000000000 0.952488478
v -0.330159308 -0.658401748 1.658198748
vt 0.246093750 0.492187500
vn -0.304574621 0.000000000 0.952488478
f 97/97/97 98/98/98 99/99/99
v -0.252913136 -0.543697034 1.682899544
vt 0.003906250 0.007812500
vn -0.304574621 0.000000000 0.952488478
v -0.330159308 -0.658401748 1.658198748
vt 0.246093750 0.492187500
vn -0.304574621 0.000000000 0.952488478
v -0.252913136 -0.658401748 1.682899544
vt 0.003906250 0.492187500
vn -0.304574621 0.000000000 0.952488478
f 100/100/100 101/101/101 102/102/102
v -0.330159308 -0.543697034 1.658198748
vt 0.003906250 0.007812500
vn -0.881171234 0.000000000 0.472797268
v -0.362155720 -0.543697034 1.598565751
vt 0.246093750 0.007812500
vn -0.881171234 0.000000000 0.472797268
v -0.362155720 -0.658401748 1.598565751
vt 0.246093750 0.492187500
vn -0.881171234 0.000000000 0.472797268
f 103/103/103 104/104/104 105/105/105
v -0.330159308 -0.543697034 1.658198748
vt 0.003906250 0.007812500
vn -0.881171234 0.000000000 0.472797268
v -0.362155720 -0.658401748 1.598565751
vt 0.246093750 0.492187500
vn -0.881171234 0.000000000 0.472797268
v -0.330159308 -0.658401748 1.658198748
vt 0.003906250 0.492187500
vn -0.881171234 0.000000000 0.472797268
f 106/106/106 107/107/107 108/108/108
v -0.362155720 -0.543697034 1.598565751
vt 0.003906250 0.007812500
vn -0.881171234 0.000000000 -0.472797268
v -0.330159308 -0.543697034 1.538932754
vt 0.246093750 0.007812500
vn -0.881171234 0.000000000 -0.472797268
v -0.330159308 -0.658401748 1.538932754
vt 0.246093750 0.492187500
vn -0.881171234 0.000000000 -0.472797268
f 109/109/109 110/110/110 111/111/111
v -0.362155720 -0.543697034 1.598565751
vt 0.003906250 0.007812500
vn -0.881171234 -0.000000000 -0.472797268
v -0.330159308 -0.658401748 1.538932754
vt 0.246093750 0.492187500
vn -0.881171234 -0.000000000 -0.472797268
v -0.362155720 -0.658401748 1.598565751
vt 0.003906250 0.492187500
vn -0.881171234 -0.000000000 -0.472797268
f 112/112/112 113/113/113 114/114/114
v -0.330159308 -0.543697034 1.538932754
vt 0.003906250 0.007812500
vn -0.304574621 0.000000000 -0.952488478
v -0.252913136 -0.543697034 1.514231958
vt 0.246093750 0.007812500
vn -0.304574621 0.000000000 -0.952488478
v -0.252913136 -0.658401748 1.514231958
vt 0.246093750 0.492187500
vn -0.304574621 0.000000000 -0.952488478
f 115/115/115 116/116/116 117/117/117
v -0.330159308 -0.543697034 1.538932754
vt 0.003906250 0.007812500
vn -0.304574621 -0.000000000 -0.952488478
v -0.252913136 -0.658401748 1.514231958
vt 0.246093750 0.492187500
vn -0.304574621 -0.000000000 -0.952488478
v -0.330159308 -0.658401748 1.538932754
vt 0.003906250 0.492187500
vn -0.304574621 -0.000000000 -0.952488478
f 118/118/118 119/119/119 120/120/120
v -0.252913136 -0.543697034 1.514231958
vt 0.003906250 0.007812500
vn 0.304574621 0.000000000 -0.952488478
v -0.175666963 -0.543697034 1.538932754
vt 0.246093750 0.007812500
vn 0.304574621 0.000000000 -0.952488478
v -0.175666963 -0.658401748 1.538932754
vt 0.246093750 0.492187500
vn 0.304574621 0.000000000 -0.952488478
f 121/121/121 122/122/122 123/123/123
v -0.252913136 -0.543697034 1.514231958
vt 0.003906250 0.007812500
vn 0.304574621 0.000000000 -0.952488478
v -0.175666963 -0.658401748 1.538932754
vt 0.246093750 0.492187500
vn 0.304574621 0.000000000 -0.952488478
v -0.252913136 -0.658401748 1.514231958
vt 0.003906250 0.492187500
vn 0.304574621 0.000000000 -0.952488478
f 124/124/124 125/125/125 126/126/126
v -0.175666963 -0.543697034 1.538932754
vt 0.003906250 0.007812500
vn 0.881171234 0.000000000 -0.472797268
v -0.143670551 -0.543697034 1.598565751
vt 0.246093750 0.007812500
vn 0.881171234 0.000000000 -0.472797268
v -0.143670551 -0.658401748 1.598565751
vt 0.246093750 0.492187500
vn 0.881171234 0.000000000 -0.472797268
f 127/127/127 128/128/128 129/129/129
v -0.175666963 -0.543697034 1.538932754
vt 0.003906250 0.007812500
vn 0.881171234 0.000000000 -0.472797268
v -0.143670551 -0.658401748 1.598565751
vt 0.246093750 0.492187500
vn 0.881171234 0.000000000 -0.472797268
v -0.175666963 -0.658401748 1.538932754
vt 0.003906250 0.492187500
vn 0.881171234 0.000000000 -0.472797268
f 130/130/130 131/131/131 132/132/132
o meter_back
v -0.175666963 -0.543697034 1.538932754
vt 0.230468750 0.250000000
vn 0.000000000 1.000000000 0.000000000
v -0.252913136 -0.543697034 1.514231958
vt 0.199577668 0.399155337
vn 0.000000000 1.000000000 0.000000000
v -0.330159308 -0.543697034 1.538932754
vt 0.125000000 0.460937500
vn 0.000000000 1.000000000 0.000000000
f 133/133/133 134/134/134 135/135/135
v -0.175666963 -0.543697034 1.538932754
vt 0.230468750 0.250000000
vn 0.000000000 1.000000000 0.000000000
v -0.330159308 -0.543697034 1.538932754
vt 0.125000000 0.460937500
vn 0.000000000 1.000000000 0.000000000
v -0.362155720 -0.543697034 1.598565751
vt 0.050422332 0.399155337
vn 0.000000000 1.000000000 0.000000000
f 136/136/136 137/137/137 138/138/138
v -0.175666963 -0.543697034 1.538932754
vt 0.230468750 0.250000000
vn 0.000000000 1.000000000 0.000000000
v -0.362155720 -0.543697034 1.598565751
vt 0.050422332 0.399155337
vn 0.000000000 1.000000000 0.000000000
v -0.330159308 -0.543697034 1.658198748
vt 0.019531250 0.250000000
vn 0.000000000 1.000000000 0.000000000
f 139/139/139 140/140/140 141/141/141
v -0.175666963 -0.543697034 1.538932754
vt 0.230468750 0.250000000
vn 0.000000000 1.000000000 0.000000000
v -0.330159308 -0.543697034 1.658198748
vt 0.019531250 0.250000000
vn 0.000000000 1.000000000 0.000000000
v -0.252913136 -0.543697034 1.682899544
vt 0.050422332 0.100844663
vn 0.000000000 1.000000000 0.000000000
f 142/142/142 143/143/143 144/144/144
v -0.175666963 -0.543697034 1.538932754
vt 0.230468750 0.250000000
vn 0.000000000 1.000000000 -0.000000000
v -0.252913136 -0.543697034 1.682899544
vt 0.050422332 0.100844663
vn 0.000000000 1.000000000 -0.000000000
v -0.175666963 -0.543697034 1.658198748
vt 0.125000000 0.039062500
vn 0.000000000 1.000000000 -0.000000000
f 145/145/145 146/146/146 147/147/147
v -0.175666963 -0.543697034 1.538932754
vt 0.230468750 0.250000000
vn 0.000000000 1.000000000 0.000000000
v -0.175666963 -0.543697034 1.658198748
vt 0.125000000 0.039062500
vn 0.000000000 1.000000000 0.000000000
v -0.143670551 -0.543697034 1.598565751
vt 0.199577668 0.100844663
vn 0.000000000 1.000000000 0.000000000
f 148/148/148 149/149/149 150/150/150
o meter_face
v -0.143670551 -0.658401748 1.598565751
vt 0.980468750 0.750000000
vn 0.000000000 -1.000000000 0.000000000
v -0.175666963 -0.658401748 1.658198748
vt 0.949577668 0.899155337
vn 0.000000000 -1.000000000 0.000000000
v -0.252913136 -0.658401748 1.682899544
vt 0.875000000 0.960937500
vn 0.000000000 -1.000000000 0.000000000
f 151/151/151 152/152/152 153/153/153
v -0.143670551 -0.658401748 1.598565751
vt 0.980468750 0.750000000
vn 0.000000000 -1.000000000 0.000000000
v -0.252913136 -0.658401748 1.682899544
vt 0.875000000 0.960937500
vn 0.000000000 -1.000000000 0.000000000
v -0.330159308 -0.658401748 1.658198748
vt 0.800422332 0.899155337
vn 0.000000000 -1.000000000 0.000000000
f 154/154/154 155/155/155 156/156/156
v -0.143670551 -0.658401748 1.598565751
vt 0.980468750 0.750000000
vn 0.000000000 -1.000000000 0.000000000
v -0.330159308 -0.658401748 1.658198748
vt 0.800422332 0.899155337
vn 0.000000000 -1.000000000 0.000000000
v -0.362155720 -0.658401748 1.598565751
vt 0.769531250 0.750000000
vn 0.000000000 -1.000000000 0.000000000
f 157/157/157 158/158/158 159/159/159
v -0.143670551 -0.658401748 1.598565751
vt 0.980468750 0.750000000
vn -0.000000000 -1.000000000 0.000000000
v -0.362155720 -0.658401748 1.598565751
vt 0.769531250 0.750000000
vn -0.000000000 -1.000000000 0.000000000
v -0.330159308 -0.658401748 1.538932754
vt 0.800422332 0.600844663
vn -0.000000000 -1.000000000 0.000000000
f 160/160/160 161/161/161 162/162/162
v -0.143670551 -0.658401748 1.598565751
vt 0.980468750 0.750000000
vn 0.000000000 -1.000000000 0.000000000
v -0.330159308 -0.658401748 1.538932754
vt 0.800422332 0.600844663
vn 0.000000000 -1.000000000 0.000000000
v -0.252913136 -0.658401748 1.514231958
vt 0.875000000 0.539062500
vn 0.000000000 -1.000000000 0.000000000
f 163/163/163 164/164/164 165/165/165
v -0.143670551 -0.658401748 1.598565751
vt 0.980468750 0.750000000
vn 0.000000000 -1.000000000 0.000000000
v -0.252913136 -0.658401748 1.514231958
vt 0.875000000 0.539062500
vn 0.000000000 -1.000000000 0.000000000
v -0.175666963 -0.658401748 1.538932754
vt 0.949577668 0.600844663
vn 0.000000000 -1.000000000 0.000000000
f 166/166/166 167/167/167 168/168/168
o meter_octagonal_housing
v -0.143670551 -0.543697034 1.387731268
vt 0.003906250 0.007812500
vn 0.881171234 0.000000000 0.472797268
v -0.175666963 -0.543697034 1.447364265
vt 0.246093750 0.007812500
vn 0.881171234 0.000000000 0.472797268
v -0.175666963 -0.658401748 1.447364265
vt 0.246093750 0.492187500
vn 0.881171234 0.000000000 0.472797268
f 169/169/169 170/170/170 171/171/171
v -0.143670551 -0.543697034 1.387731268
vt 0.003906250 0.007812500
vn 0.881171234 0.000000000 0.472797268
v -0.175666963 -0.658401748 1.447364265
vt 0.246093750 0.492187500
vn 0.881171234 0.000000000 0.472797268
v -0.143670551 -0.658401748 1.387731268
vt 0.003906250 0.492187500
vn 0.881171234 0.000000000 0.472797268
f 172/172/172 173/173/173 174/174/174
v -0.175666963 -0.543697034 1.447364265
vt 0.003906250 0.007812500
vn 0.304574621 0.000000000 0.952488478
v -0.252913136 -0.543697034 1.472065061
vt 0.246093750 0.007812500
vn 0.304574621 0.000000000 0.952488478
v -0.252913136 -0.658401748 1.472065061
vt 0.246093750 0.492187500
vn 0.304574621 0.000000000 0.952488478
f 175/175/175 176/176/176 177/177/177
v -0.175666963 -0.543697034 1.447364265
vt 0.003906250 0.007812500
vn 0.304574621 0.000000000 0.952488478
v -0.252913136 -0.658401748 1.472065061
vt 0.246093750 0.492187500
vn 0.304574621 0.000000000 0.952488478
v -0.175666963 -0.658401748 1.447364265
vt 0.003906250 0.492187500
vn 0.304574621 0.000000000 0.952488478
f 178/178/178 179/179/179 180/180/180
v -0.252913136 -0.543697034 1.472065061
vt 0.003906250 0.007812500
vn -0.304574621 0.000000000 0.952488478
v -0.330159308 -0.543697034 1.447364265
vt 0.246093750 0.007812500
vn -0.304574621 0.000000000 0.952488478
v -0.330159308 -0.658401748 1.447364265
vt 0.246093750 0.492187500
vn -0.304574621 0.000000000 0.952488478
f 181/181/181 182/182/182 183/183/183
v -0.252913136 -0.543697034 1.472065061
vt 0.003906250 0.007812500
vn -0.304574621 0.000000000 0.952488478
v -0.330159308 -0.658401748 1.447364265
vt 0.246093750 0.492187500
vn -0.304574621 0.000000000 0.952488478
v -0.252913136 -0.658401748 1.472065061
vt 0.003906250 0.492187500
vn -0.304574621 0.000000000 0.952488478
f 184/184/184 185/185/185 186/186/186
v -0.330159308 -0.543697034 1.447364265
vt 0.003906250 0.007812500
vn -0.881171234 0.000000000 0.472797268
v -0.362155720 -0.543697034 1.387731268
vt 0.246093750 0.007812500
vn -0.881171234 0.000000000 0.472797268
v -0.362155720 -0.658401748 1.387731268
vt 0.246093750 0.492187500
vn -0.881171234 0.000000000 0.472797268
f 187/187/187 188/188/188 189/189/189
v -0.330159308 -0.543697034 1.447364265
vt 0.003906250 0.007812500
vn -0.881171234 0.000000000 0.472797268
v -0.362155720 -0.658401748 1.387731268
vt 0.246093750 0.492187500
vn -0.881171234 0.000000000 0.472797268
v -0.330159308 -0.658401748 1.447364265
vt 0.003906250 0.492187500
vn -0.881171234 0.000000000 0.472797268
f 190/190/190 191/191/191 192/192/192
v -0.362155720 -0.543697034 1.387731268
vt 0.003906250 0.007812500
vn -0.881171234 0.000000000 -0.472797268
v -0.330159308 -0.543697034 1.328098271
vt 0.246093750 0.007812500
vn -0.881171234 0.000000000 -0.472797268
v -0.330159308 -0.658401748 1.328098271
vt 0.246093750 0.492187500
vn -0.881171234 0.000000000 -0.472797268
f 193/193/193 194/194/194 195/195/195
v -0.362155720 -0.543697034 1.387731268
vt 0.003906250 0.007812500
vn -0.881171234 -0.000000000 -0.472797268
v -0.330159308 -0.658401748 1.328098271
vt 0.246093750 0.492187500
vn -0.881171234 -0.000000000 -0.472797268
v -0.362155720 -0.658401748 1.387731268
vt 0.003906250 0.492187500
vn -0.881171234 -0.000000000 -0.472797268
f 196/196/196 197/197/197 198/198/198
v -0.330159308 -0.543697034 1.328098271
vt 0.003906250 0.007812500
vn -0.304574621 0.000000000 -0.952488478
v -0.252913136 -0.543697034 1.303397475
vt 0.246093750 0.007812500
vn -0.304574621 0.000000000 -0.952488478
v -0.252913136 -0.658401748 1.303397475
vt 0.246093750 0.492187500
vn -0.304574621 0.000000000 -0.952488478
f 199/199/199 200/200/200 201/201/201
v -0.330159308 -0.543697034 1.328098271
vt 0.003906250 0.007812500
vn -0.304574621 -0.000000000 -0.952488478
v -0.252913136 -0.658401748 1.303397475
vt 0.246093750 0.492187500
vn -0.304574621 -0.000000000 -0.952488478
v -0.330159308 -0.658401748 1.328098271
vt 0.003906250 0.492187500
vn -0.304574621 -0.000000000 -0.952488478
f 202/202/202 203/203/203 204/204/204
v -0.252913136 -0.543697034 1.303397475
vt 0.003906250 0.007812500
vn 0.304574621 0.000000000 -0.952488478
v -0.175666963 -0.543697034 1.328098271
vt 0.246093750 0.007812500
vn 0.304574621 0.000000000 -0.952488478
v -0.175666963 -0.658401748 1.328098271
vt 0.246093750 0.492187500
vn 0.304574621 0.000000000 -0.952488478
f 205/205/205 206/206/206 207/207/207
v -0.252913136 -0.543697034 1.303397475
vt 0.003906250 0.007812500
vn 0.304574621 0.000000000 -0.952488478
v -0.175666963 -0.658401748 1.328098271
vt 0.246093750 0.492187500
vn 0.304574621 0.000000000 -0.952488478
v -0.252913136 -0.658401748 1.303397475
vt 0.003906250 0.492187500
vn 0.304574621 0.000000000 -0.952488478
f 208/208/208 209/209/209 210/210/210
v -0.175666963 -0.543697034 1.328098271
vt 0.003906250 0.007812500
vn 0.881171234 0.000000000 -0.472797268
v -0.143670551 -0.543697034 1.387731268
vt 0.246093750 0.007812500
vn 0.881171234 0.000000000 -0.472797268
v -0.143670551 -0.658401748 1.387731268
vt 0.246093750 0.492187500
vn 0.881171234 0.000000000 -0.472797268
f 211/211/211 212/212/212 213/213/213
v -0.175666963 -0.543697034 1.328098271
vt 0.003906250 0.007812500
vn 0.881171234 0.000000000 -0.472797268
v -0.143670551 -0.658401748 1.387731268
vt 0.246093750 0.492187500
vn 0.881171234 0.000000000 -0.472797268
v -0.175666963 -0.658401748 1.328098271
vt 0.003906250 0.492187500
vn 0.881171234 0.000000000 -0.472797268
f 214/214/214 215/215/215 216/216/216
o meter_back
v -0.175666963 -0.543697034 1.328098271
vt 0.230468750 0.250000000
vn 0.000000000 1.000000000 0.000000000
v -0.252913136 -0.543697034 1.303397475
vt 0.199577668 0.399155337
vn 0.000000000 1.000000000 0.000000000
v -0.330159308 -0.543697034 1.328098271
vt 0.125000000 0.460937500
vn 0.000000000 1.000000000 0.000000000
f 217/217/217 218/218/218 219/219/219
v -0.175666963 -0.543697034 1.328098271
vt 0.230468750 0.250000000
vn 0.000000000 1.000000000 0.000000000
v -0.330159308 -0.543697034 1.328098271
vt 0.125000000 0.460937500
vn 0.000000000 1.000000000 0.000000000
v -0.362155720 -0.543697034 1.387731268
vt 0.050422332 0.399155337
vn 0.000000000 1.000000000 0.000000000
f 220/220/220 221/221/221 222/222/222
v -0.175666963 -0.543697034 1.328098271
vt 0.230468750 0.250000000
vn 0.000000000 1.000000000 0.000000000
v -0.362155720 -0.543697034 1.387731268
vt 0.050422332 0.399155337
vn 0.000000000 1.000000000 0.000000000
v -0.330159308 -0.543697034 1.447364265
vt 0.019531250 0.250000000
vn 0.000000000 1.000000000 0.000000000
f 223/223/223 224/224/224 225/225/225
v -0.175666963 -0.543697034 1.328098271
vt 0.230468750 0.250000000
vn 0.000000000 1.000000000 0.000000000
v -0.330159308 -0.543697034 1.447364265
vt 0.019531250 0.250000000
vn 0.000000000 1.000000000 0.000000000
v -0.252913136 -0.543697034 1.472065061
vt 0.050422332 0.100844663
vn 0.000000000 1.000000000 0.000000000
f 226/226/226 227/227/227 228/228/228
v -0.175666963 -0.543697034 1.328098271
vt 0.230468750 0.250000000
vn 0.000000000 1.000000000 -0.000000000
v -0.252913136 -0.543697034 1.472065061
vt 0.050422332 0.100844663
vn 0.000000000 1.000000000 -0.000000000
v -0.175666963 -0.543697034 1.447364265
vt 0.125000000 0.039062500
vn 0.000000000 1.000000000 -0.000000000
f 229/229/229 230/230/230 231/231/231
v -0.175666963 -0.543697034 1.328098271
vt 0.230468750 0.250000000
vn 0.000000000 1.000000000 0.000000000
v -0.175666963 -0.543697034 1.447364265
vt 0.125000000 0.039062500
vn 0.000000000 1.000000000 0.000000000
v -0.143670551 -0.543697034 1.387731268
vt 0.199577668 0.100844663
vn 0.000000000 1.000000000 0.000000000
f 232/232/232 233/233/233 234/234/234
o meter_face
v -0.143670551 -0.658401748 1.387731268
vt 0.980468750 0.750000000
vn 0.000000000 -1.000000000 0.000000000
v -0.175666963 -0.658401748 1.447364265
vt 0.949577668 0.899155337
vn 0.000000000 -1.000000000 0.000000000
v -0.252913136 -0.658401748 1.472065061
vt 0.875000000 0.960937500
vn 0.000000000 -1.000000000 0.000000000
f 235/235/235 236/236/236 237/237/237
v -0.143670551 -0.658401748 1.387731268
vt 0.980468750 0.750000000
vn 0.000000000 -1.000000000 0.000000000
v -0.252913136 -0.658401748 1.472065061
vt 0.875000000 0.960937500
vn 0.000000000 -1.000000000 0.000000000
v -0.330159308 -0.658401748 1.447364265
vt 0.800422332 0.899155337
vn 0.000000000 -1.000000000 0.000000000
f 238/238/238 239/239/239 240/240/240
v -0.143670551 -0.658401748 1.387731268
vt 0.980468750 0.750000000
vn 0.000000000 -1.000000000 0.000000000
v -0.330159308 -0.658401748 1.447364265
vt 0.800422332 0.899155337
vn 0.000000000 -1.000000000 0.000000000
v -0.362155720 -0.658401748 1.387731268
vt 0.769531250 0.750000000
vn 0.000000000 -1.000000000 0.000000000
f 241/241/241 242/242/242 243/243/243
v -0.143670551 -0.658401748 1.387731268
vt 0.980468750 0.750000000
vn -0.000000000 -1.000000000 0.000000000
v -0.362155720 -0.658401748 1.387731268
vt 0.769531250 0.750000000
vn -0.000000000 -1.000000000 0.000000000
v -0.330159308 -0.658401748 1.328098271
vt 0.800422332 0.600844663
vn -0.000000000 -1.000000000 0.000000000
f 244/244/244 245/245/245 246/246/246
v -0.143670551 -0.658401748 1.387731268
vt 0.980468750 0.750000000
vn 0.000000000 -1.000000000 0.000000000
v -0.330159308 -0.658401748 1.328098271
vt 0.800422332 0.600844663
vn 0.000000000 -1.000000000 0.000000000
v -0.252913136 -0.658401748 1.303397475
vt 0.875000000 0.539062500
vn 0.000000000 -1.000000000 0.000000000
f 247/247/247 248/248/248 249/249/249
v -0.143670551 -0.658401748 1.387731268
vt 0.980468750 0.750000000
vn 0.000000000 -1.000000000 0.000000000
v -0.252913136 -0.658401748 1.303397475
vt 0.875000000 0.539062500
vn 0.000000000 -1.000000000 0.000000000
v -0.175666963 -0.658401748 1.328098271
vt 0.949577668 0.600844663
vn 0.000000000 -1.000000000 0.000000000
f 250/250/250 251/251/251 252/252/252
o panel_case
v 0.233216367 -0.510924258 1.809400234
vt 0.003906250 0.507812500
vn 0.000000000 -0.000000000 -1.000000000
v 0.233216367 -0.614704714 1.809400234
vt 0.246093750 0.507812500
vn 0.000000000 -0.000000000 -1.000000000
v 0.025655456 -0.614704714 1.809400234
vt 0.246093750 0.992187500
vn 0.000000000 -0.000000000 -1.000000000
f 253/253/253 254/254/254 255/255/255
v 0.233216367 -0.510924258 1.809400234
vt 0.003906250 0.507812500
vn -0.000000000 0.000000000 -1.000000000
v 0.025655456 -0.614704714 1.809400234
vt 0.246093750 0.992187500
vn -0.000000000 0.000000000 -1.000000000
v 0.025655456 -0.510924258 1.809400234
vt 0.003906250 0.992187500
vn -0.000000000 0.000000000 -1.000000000
f 256/256/256 257/257/257 258/258/258
v 0.025655456 -0.614704714 1.994934579
vt 0.003906250 0.507812500
vn 0.000000000 0.000000000 1.000000000
v 0.233216367 -0.614704714 1.994934579
vt 0.246093750 0.507812500
vn 0.000000000 0.000000000 1.000000000
v 0.233216367 -0.510924258 1.994934579
vt 0.246093750 0.992187500
vn 0.000000000 0.000000000 1.000000000
f 259/259/259 260/260/260 261/261/261
v 0.025655456 -0.614704714 1.994934579
vt 0.003906250 0.507812500
vn 0.000000000 0.000000000 1.000000000
v 0.233216367 -0.510924258 1.994934579
vt 0.246093750 0.992187500
vn 0.000000000 0.000000000 1.000000000
v 0.025655456 -0.510924258 1.994934579
vt 0.003906250 0.992187500
vn 0.000000000 0.000000000 1.000000000
f 262/262/262 263/263/263 264/264/264
v 0.025655456 -0.510924258 1.994934579
vt 0.003906250 0.507812500
vn -0.000000000 1.000000000 0.000000000
v 0.233216367 -0.510924258 1.994934579
vt 0.246093750 0.507812500
vn -0.000000000 1.000000000 0.000000000
v 0.233216367 -0.510924258 1.809400234
vt 0.246093750 0.992187500
vn -0.000000000 1.000000000 0.000000000
f 265/265/265 266/266/266 267/267/267
v 0.025655456 -0.510924258 1.994934579
vt 0.003906250 0.507812500
vn 0.000000000 1.000000000 0.000000000
v 0.233216367 -0.510924258 1.809400234
vt 0.246093750 0.992187500
vn 0.000000000 1.000000000 0.000000000
v 0.025655456 -0.510924258 1.809400234
vt 0.003906250 0.992187500
vn 0.000000000 1.000000000 0.000000000
f 268/268/268 269/269/269 270/270/270
v 0.233216367 -0.510924258 1.994934579
vt 0.003906250 0.507812500
vn 1.000000000 0.000000000 0.000000000
v 0.233216367 -0.614704714 1.994934579
vt 0.246093750 0.507812500
vn 1.000000000 0.000000000 0.000000000
v 0.233216367 -0.614704714 1.809400234
vt 0.246093750 0.992187500
vn 1.000000000 0.000000000 0.000000000
f 271/271/271 272/272/272 273/273/273
v 0.233216367 -0.510924258 1.994934579
vt 0.003906250 0.507812500
vn 1.000000000 0.000000000 0.000000000
v 0.233216367 -0.614704714 1.809400234
vt 0.246093750 0.992187500
vn 1.000000000 0.000000000 0.000000000
v 0.233216367 -0.510924258 1.809400234
vt 0.003906250 0.992187500
vn 1.000000000 0.000000000 0.000000000
f 274/274/274 275/275/275 276/276/276
v 0.233216367 -0.614704714 1.994934579
vt 0.253906250 0.507812500
vn -0.000000000 -1.000000000 0.000000000
v 0.025655456 -0.614704714 1.994934579
vt 0.496093750 0.507812500
vn -0.000000000 -1.000000000 0.000000000
v 0.025655456 -0.614704714 1.809400234
vt 0.496093750 0.992187500
vn -0.000000000 -1.000000000 0.000000000
f 277/277/277 278/278/278 279/279/279
v 0.233216367 -0.614704714 1.994934579
vt 0.253906250 0.507812500
vn 0.000000000 -1.000000000 -0.000000000
v 0.025655456 -0.614704714 1.809400234
vt 0.496093750 0.992187500
vn 0.000000000 -1.000000000 -0.000000000
v 0.233216367 -0.614704714 1.809400234
vt 0.253906250 0.992187500
vn 0.000000000 -1.000000000 -0.000000000
f 280/280/280 281/281/281 282/282/282
v 0.025655456 -0.614704714 1.994934579
vt 0.003906250 0.507812500
vn -1.000000000 0.000000000 0.000000000
v 0.025655456 -0.510924258 1.994934579
vt 0.246093750 0.507812500
vn -1.000000000 0.000000000 0.000000000
v 0.025655456 -0.510924258 1.809400234
vt 0.246093750 0.992187500
vn -1.000000000 0.000000000 0.000000000
f 283/283/283 284/284/284 285/285/285
v 0.025655456 -0.614704714 1.994934579
vt 0.003906250 0.507812500
vn -1.000000000 0.000000000 0.000000000
v 0.025655456 -0.510924258 1.809400234
vt 0.246093750 0.992187500
vn -1.000000000 0.000000000 0.000000000
v 0.025655456 -0.614704714 1.809400234
vt 0.003906250 0.992187500
vn -1.000000000 0.000000000 0.000000000
f 286/286/286 287/287/287 288/288/288
v 0.255064883 -0.510924258 1.434114854
vt 0.003906250 0.507812500
vn 0.000000000 -0.000000000 -1.000000000
v 0.255064883 -0.614704714 1.434114854
vt 0.246093750 0.507812500
vn 0.000000000 -0.000000000 -1.000000000
v 0.003806939 -0.614704714 1.434114854
vt 0.246093750 0.992187500
vn 0.000000000 -0.000000000 -1.000000000
f 289/289/289 290/290/290 291/291/291
v 0.255064883 -0.510924258 1.434114854
vt 0.003906250 0.507812500
vn -0.000000000 0.000000000 -1.000000000
v 0.003806939 -0.614704714 1.434114854
vt 0.246093750 0.992187500
vn -0.000000000 0.000000000 -1.000000000
v 0.003806939 -0.510924258 1.434114854
vt 0.003906250 0.992187500
vn -0.000000000 0.000000000 -1.000000000
f 292/292/292 293/293/293 294/294/294
v 0.003806939 -0.614704714 1.678682855
vt 0.003906250 0.507812500
vn 0.000000000 0.000000000 1.000000000
v 0.255064883 -0.614704714 1.678682855
vt 0.246093750 0.507812500
vn 0.000000000 0.000000000 1.000000000
v 0.255064883 -0.510924258 1.678682855
vt 0.246093750 0.992187500
vn 0.000000000 0.000000000 1.000000000
f 295/295/295 296/296/296 297/297/297
v 0.003806939 -0.614704714 1.678682855
vt 0.003906250 0.507812500
vn 0.000000000 0.000000000 1.000000000
v 0.255064883 -0.510924258 1.678682855
vt 0.246093750 0.992187500
vn 0.000000000 0.000000000 1.000000000
v 0.003806939 -0.510924258 1.678682855
vt 0.003906250 0.992187500
vn 0.000000000 0.000000000 1.000000000
f 298/298/298 299/299/299 300/300/300
v 0.003806939 -0.510924258 1.678682855
vt 0.003906250 0.507812500
vn -0.000000000 1.000000000 0.000000000
v 0.255064883 -0.510924258 1.678682855
vt 0.246093750 0.507812500
vn -0.000000000 1.000000000 0.000000000
v 0.255064883 -0.510924258 1.434114854
vt 0.246093750 0.992187500
vn -0.000000000 1.000000000 0.000000000
f 301/301/301 302/302/302 303/303/303
v 0.003806939 -0.510924258 1.678682855
vt 0.003906250 0.507812500
vn 0.000000000 1.000000000 0.000000000
v 0.255064883 -0.510924258 1.434114854
vt 0.246093750 0.992187500
vn 0.000000000 1.000000000 0.000000000
v 0.003806939 -0.510924258 1.434114854
vt 0.003906250 0.992187500
vn 0.000000000 1.000000000 0.000000000
f 304/304/304 305/305/305 306/306/306
v 0.255064883 -0.510924258 1.678682855
vt 0.003906250 0.507812500
vn 1.000000000 0.000000000 0.000000000
v 0.255064883 -0.614704714 1.678682855
vt 0.246093750 0.507812500
vn 1.000000000 0.000000000 0.000000000
v 0.255064883 -0.614704714 1.434114854
vt 0.246093750 0.992187500
vn 1.000000000 0.000000000 0.000000000
f 307/307/307 308/308/308 309/309/309
v 0.255064883 -0.510924258 1.678682855
vt 0.003906250 0.507812500
vn 1.000000000 0.000000000 0.000000000
v 0.255064883 -0.614704714 1.434114854
vt 0.246093750 0.992187500
vn 1.000000000 0.000000000 0.000000000
v 0.255064883 -0.510924258 1.434114854
vt 0.003906250 0.992187500
vn 1.000000000 0.000000000 0.000000000
f 310/310/310 311/311/311 312/312/312
v 0.255064883 -0.614704714 1.678682855
vt 0.253906250 0.507812500
vn -0.000000000 -1.000000000 0.000000000
v 0.003806939 -0.614704714 1.678682855
vt 0.496093750 0.507812500
vn -0.000000000 -1.000000000 0.000000000
v 0.003806939 -0.614704714 1.434114854
vt 0.496093750 0.992187500
vn -0.000000000 -1.000000000 0.000000000
f 313/313/313 314/314/314 315/315/315
v 0.255064883 -0.614704714 1.678682855
vt 0.253906250 0.507812500
vn 0.000000000 -1.000000000 -0.000000000
v 0.003806939 -0.614704714 1.434114854
vt 0.496093750 0.992187500
vn 0.000000000 -1.000000000 -0.000000000
v 0.255064883 -0.614704714 1.434114854
vt 0.253906250 0.992187500
vn 0.000000000 -1.000000000 -0.000000000
f 316/316/316 317/317/317 318/318/318
v 0.003806939 -0.614704714 1.678682855
vt 0.003906250 0.507812500
vn -1.000000000 0.000000000 0.000000000
v 0.003806939 -0.510924258 1.678682855
vt 0.246093750 0.507812500
vn -1.000000000 0.000000000 0.000000000
v 0.003806939 -0.510924258 1.434114854
vt 0.246093750 0.992187500
vn -1.000000000 0.000000000 0.000000000
f 319/319/319 320/320/320 321/321/321
v 0.003806939 -0.614704714 1.678682855
vt 0.003906250 0.507812500
vn -1.000000000 0.000000000 0.000000000
v 0.003806939 -0.510924258 1.434114854
vt 0.246093750 0.992187500
vn -1.000000000 0.000000000 0.000000000
v 0.003806939 -0.614704714 1.434114854
vt 0.003906250 0.992187500
vn -1.000000000 0.000000000 0.000000000
f 322/322/322 323/323/323 324/324/324
v 0.151284428 -0.510924258 1.067262854
vt 0.003906250 0.507812500
vn 0.000000000 -0.000000000 -1.000000000
v 0.151284428 -0.614704714 1.067262854
vt 0.246093750 0.507812500
vn 0.000000000 -0.000000000 -1.000000000
v -0.089049258 -0.614704714 1.067262854
vt 0.246093750 0.992187500
vn 0.000000000 -0.000000000 -1.000000000
f 325/325/325 326/326/326 327/327/327
v 0.151284428 -0.510924258 1.067262854
vt 0.003906250 0.507812500
vn -0.000000000 0.000000000 -1.000000000
v -0.089049258 -0.614704714 1.067262854
vt 0.246093750 0.992187500
vn -0.000000000 0.000000000 -1.000000000
v -0.089049258 -0.510924258 1.067262854
vt 0.003906250 0.992187500
vn -0.000000000 0.000000000 -1.000000000
f 328/328/328 329/329/329 330/330/330
v -0.089049258 -0.614704714 1.320264234
vt 0.003906250 0.507812500
vn 0.000000000 0.000000000 1.000000000
v 0.151284428 -0.614704714 1.320264234
vt 0.246093750 0.507812500
vn 0.000000000 0.000000000 1.000000000
v 0.151284428 -0.510924258 1.320264234
vt 0.246093750 0.992187500
vn 0.000000000 0.000000000 1.000000000
f 331/331/331 332/332/332 333/333/333
v -0.089049258 -0.614704714 1.320264234
vt 0.003906250 0.507812500
vn 0.000000000 0.000000000 1.000000000
v 0.151284428 -0.510924258 1.320264234
vt 0.246093750 0.992187500
vn 0.000000000 0.000000000 1.000000000
v -0.089049258 -0.510924258 1.320264234
vt 0.003906250 0.992187500
vn 0.000000000 0.000000000 1.000000000
f 334/334/334 335/335/335 336/336/336
v -0.089049258 -0.510924258 1.320264234
vt 0.003906250 0.507812500
vn -0.000000000 1.000000000 0.000000000
v 0.151284428 -0.510924258 1.320264234
vt 0.246093750 0.507812500
vn -0.000000000 1.000000000 0.000000000
v 0.151284428 -0.510924258 1.067262854
vt 0.246093750 0.992187500
vn -0.000000000 1.000000000 0.000000000
f 337/337/337 338/338/338 339/339/339
v -0.089049258 -0.510924258 1.320264234
vt 0.003906250 0.507812500
vn 0.000000000 1.000000000 0.000000000
v 0.151284428 -0.510924258 1.067262854
vt 0.246093750 0.992187500
vn 0.000000000 1.000000000 0.000000000
v -0.089049258 -0.510924258 1.067262854
vt 0.003906250 0.992187500
vn 0.000000000 1.000000000 0.000000000
f 340/340/340 341/341/341 342/342/342
v 0.151284428 -0.510924258 1.320264234
vt 0.003906250 0.507812500
vn 1.000000000 0.000000000 0.000000000
v 0.151284428 -0.614704714 1.320264234
vt 0.246093750 0.507812500
vn 1.000000000 0.000000000 0.000000000
v 0.151284428 -0.614704714 1.067262854
vt 0.246093750 0.992187500
vn 1.000000000 0.000000000 0.000000000
f 343/343/343 344/344/344 345/345/345
v 0.151284428 -0.510924258 1.320264234
vt 0.003906250 0.507812500
vn 1.000000000 0.000000000 0.000000000
v 0.151284428 -0.614704714 1.067262854
vt 0.246093750 0.992187500
vn 1.000000000 0.000000000 0.000000000
v 0.151284428 -0.510924258 1.067262854
vt 0.003906250 0.992187500
vn 1.000000000 0.000000000 0.000000000
f 346/346/346 347/347/347 348/348/348
v 0.151284428 -0.614704714 1.320264234
vt 0.253906250 0.507812500
vn -0.000000000 -1.000000000 0.000000000
v -0.089049258 -0.614704714 1.320264234
vt 0.496093750 0.507812500
vn -0.000000000 -1.000000000 0.000000000
v -0.089049258 -0.614704714 1.067262854
vt 0.496093750 0.992187500
vn -0.000000000 -1.000000000 0.000000000
f 349/349/349 350/350/350 351/351/351
v 0.151284428 -0.614704714 1.320264234
vt 0.253906250 0.507812500
vn 0.000000000 -1.000000000 -0.000000000
v -0.089049258 -0.614704714 1.067262854
vt 0.496093750 0.992187500
vn 0.000000000 -1.000000000 -0.000000000
v 0.151284428 -0.614704714 1.067262854
vt 0.253906250 0.992187500
vn 0.000000000 -1.000000000 -0.000000000
f 352/352/352 353/353/353 354/354/354
v -0.089049258 -0.614704714 1.320264234
vt 0.003906250 0.507812500
vn -1.000000000 0.000000000 0.000000000
v -0.089049258 -0.510924258 1.320264234
vt 0.246093750 0.507812500
vn -1.000000000 0.000000000 0.000000000
v -0.089049258 -0.510924258 1.067262854
vt 0.246093750 0.992187500
vn -1.000000000 0.000000000 0.000000000
f 355/355/355 356/356/356 357/357/357
v -0.089049258 -0.614704714 1.320264234
vt 0.003906250 0.507812500
vn -1.000000000 0.000000000 0.000000000
v -0.089049258 -0.510924258 1.067262854
vt 0.246093750 0.992187500
vn -1.000000000 0.000000000 0.000000000
v -0.089049258 -0.614704714 1.067262854
vt 0.003906250 0.992187500
vn -1.000000000 0.000000000 0.000000000
f 358/358/358 359/359/359 360/360/360
v -0.138208422 -0.510924258 1.046179406
vt 0.003906250 0.507812500
vn 0.000000000 -0.000000000 -1.000000000
v -0.138208422 -0.614704714 1.046179406
vt 0.246093750 0.507812500
vn 0.000000000 -0.000000000 -1.000000000
v -0.433163400 -0.614704714 1.046179406
vt 0.246093750 0.992187500
vn 0.000000000 -0.000000000 -1.000000000
f 361/361/361 362/362/362 363/363/363
v -0.138208422 -0.510924258 1.046179406
vt 0.003906250 0.507812500
vn -0.000000000 0.000000000 -1.000000000
v -0.433163400 -0.614704714 1.046179406
vt 0.246093750 0.992187500
vn -0.000000000 0.000000000 -1.000000000
v -0.433163400 -0.510924258 1.046179406
vt 0.003906250 0.992187500
vn -0.000000000 0.000000000 -1.000000000
f 364/364/364 365/365/365 366/366/366
v -0.433163400 -0.614704714 1.273880647
vt 0.003906250 0.507812500
vn 0.000000000 0.000000000 1.000000000
v -0.138208422 -0.614704714 1.273880647
vt 0.246093750 0.507812500
vn 0.000000000 0.000000000 1.000000000
v -0.138208422 -0.510924258 1.273880647
vt 0.246093750 0.992187500
vn 0.000000000 0.000000000 1.000000000
f 367/367/367 368/368/368 369/369/369
v -0.433163400 -0.614704714 1.273880647
vt 0.003906250 0.507812500
vn 0.000000000 0.000000000 1.000000000
v -0.138208422 -0.510924258 1.273880647
vt 0.246093750 0.992187500
vn 0.000000000 0.000000000 1.000000000
v -0.433163400 -0.510924258 1.273880647
vt 0.003906250 0.992187500
vn 0.000000000 0.000000000 1.000000000
f 370/370/370 371/371/371 372/372/372
v -0.433163400 -0.510924258 1.273880647
vt 0.003906250 0.507812500
vn -0.000000000 1.000000000 0.000000000
v -0.138208422 -0.510924258 1.273880647
vt 0.246093750 0.507812500
vn -0.000000000 1.000000000 0.000000000
v -0.138208422 -0.510924258 1.046179406
vt 0.246093750 0.992187500
vn -0.000000000 1.000000000 0.000000000
f 373/373/373 374/374/374 375/375/375
v -0.433163400 -0.510924258 1.273880647
vt 0.003906250 0.507812500
vn 0.000000000 1.000000000 0.000000000
v -0.138208422 -0.510924258 1.046179406
vt 0.246093750 0.992187500
vn 0.000000000 1.000000000 0.000000000
v -0.433163400 -0.510924258 1.046179406
vt 0.003906250 0.992187500
vn 0.000000000 1.000000000 0.000000000
f 376/376/376 377/377/377 378/378/378
v -0.138208422 -0.510924258 1.273880647
vt 0.003906250 0.507812500
vn 1.000000000 0.000000000 0.000000000
v -0.138208422 -0.614704714 1.273880647
vt 0.246093750 0.507812500
vn 1.000000000 0.000000000 0.000000000
v -0.138208422 -0.614704714 1.046179406
vt 0.246093750 0.992187500
vn 1.000000000 0.000000000 0.000000000
f 379/379/379 380/380/380 381/381/381
v -0.138208422 -0.510924258 1.273880647
vt 0.003906250 0.507812500
vn 1.000000000 0.000000000 0.000000000
v -0.138208422 -0.614704714 1.046179406
vt 0.246093750 0.992187500
vn 1.000000000 0.000000000 0.000000000
v -0.138208422 -0.510924258 1.046179406
vt 0.003906250 0.992187500
vn 1.000000000 0.000000000 0.000000000
f 382/382/382 383/383/383 384/384/384
v -0.138208422 -0.614704714 1.273880647
vt 0.503906250 0.507812500
vn -0.000000000 -1.000000000 0.000000000
v -0.433163400 -0.614704714 1.273880647
vt 0.746093750 0.507812500
vn -0.000000000 -1.000000000 0.000000000
v -0.433163400 -0.614704714 1.046179406
vt 0.746093750 0.992187500
vn -0.000000000 -1.000000000 0.000000000
f 385/385/385 386/386/386 387/387/387
v -0.138208422 -0.614704714 1.273880647
vt 0.503906250 0.507812500
vn 0.000000000 -1.000000000 -0.000000000
v -0.433163400 -0.614704714 1.046179406
vt 0.746093750 0.992187500
vn 0.000000000 -1.000000000 -0.000000000
v -0.138208422 -0.614704714 1.046179406
vt 0.503906250 0.992187500
vn 0.000000000 -1.000000000 -0.000000000
f 388/388/388 389/389/389 390/390/390
v -0.433163400 -0.614704714 1.273880647
vt 0.003906250 0.507812500
vn -1.000000000 0.000000000 0.000000000
v -0.433163400 -0.510924258 1.273880647
vt 0.246093750 0.507812500
vn -1.000000000 0.000000000 0.000000000
v -0.433163400 -0.510924258 1.046179406
vt 0.246093750 0.992187500
vn -1.000000000 0.000000000 0.000000000
f 391/391/391 392/392/392 393/393/393
v -0.433163400 -0.614704714 1.273880647
vt 0.003906250 0.507812500
vn -1.000000000 0.000000000 0.000000000
v -0.433163400 -0.510924258 1.046179406
vt 0.246093750 0.992187500
vn -1.000000000 0.000000000 0.000000000
v -0.433163400 -0.614704714 1.046179406
vt 0.003906250 0.992187500
vn -1.000000000 0.000000000 0.000000000
f 394/394/394 395/395/395 396/396/396
o conduit
v -0.635262182 -0.541512182 0.949195544
vt 0.003906250 0.507812500
vn -0.707106781 0.707106781 0.000000000
v -0.648371292 -0.554621292 0.949195544
vt 0.246093750 0.507812500
vn -0.707106781 0.707106781 0.000000000
v -0.648371292 -0.554621292 1.193763544
vt 0.246093750 0.992187500
vn -0.707106781 0.707106781 0.000000000
f 397/397/397 398/398/398 399/399/399
v -0.635262182 -0.541512182 0.949195544
vt 0.003906250 0.507812500
vn -0.707106781 0.707106781 0.000000000
v -0.648371292 -0.554621292 1.193763544
vt 0.246093750 0.992187500
vn -0.707106781 0.707106781 0.000000000
v -0.635262182 -0.541512182 1.193763544
vt 0.003906250 0.992187500
vn -0.707106781 0.707106781 0.000000000
f 400/400/400 401/401/401 402/402/402
v -0.648371292 -0.554621292 0.949195544
vt 0.003906250 0.507812500
vn -0.707106781 -0.707106781 0.000000000
v -0.635262182 -0.567730403 0.949195544
vt 0.246093750 0.507812500
vn -0.707106781 -0.707106781 0.000000000
v -0.635262182 -0.567730403 1.193763544
vt 0.246093750 0.992187500
vn -0.707106781 -0.707106781 0.000000000
f 403/403/403 404/404/404 405/405/405
v -0.648371292 -0.554621292 0.949195544
vt 0.003906250 0.507812500
vn -0.707106781 -0.707106781 0.000000000
v -0.635262182 -0.567730403 1.193763544
vt 0.246093750 0.992187500
vn -0.707106781 -0.707106781 0.000000000
v -0.648371292 -0.554621292 1.193763544
vt 0.003906250 0.992187500
vn -0.707106781 -0.707106781 0.000000000
f 406/406/406 407/407/407 408/408/408
v -0.635262182 -0.567730403 0.949195544
vt 0.003906250 0.507812500
vn 0.707106781 -0.707106781 0.000000000
v -0.622153072 -0.554621292 0.949195544
vt 0.246093750 0.507812500
vn 0.707106781 -0.707106781 0.000000000
v -0.622153072 -0.554621292 1.193763544
vt 0.246093750 0.992187500
vn 0.707106781 -0.707106781 0.000000000
f 409/409/409 410/410/410 411/411/411
v -0.635262182 -0.567730403 0.949195544
vt 0.003906250 0.507812500
vn 0.707106781 -0.707106781 0.000000000
v -0.622153072 -0.554621292 1.193763544
vt 0.246093750 0.992187500
vn 0.707106781 -0.707106781 0.000000000
v -0.635262182 -0.567730403 1.193763544
vt 0.003906250 0.992187500
vn 0.707106781 -0.707106781 0.000000000
f 412/412/412 413/413/413 414/414/414
v -0.622153072 -0.554621292 0.949195544
vt 0.003906250 0.507812500
vn 0.707106781 0.707106781 0.000000000
v -0.635262182 -0.541512182 0.949195544
vt 0.246093750 0.507812500
vn 0.707106781 0.707106781 0.000000000
v -0.635262182 -0.541512182 1.193763544
vt 0.246093750 0.992187500
vn 0.707106781 0.707106781 0.000000000
f 415/415/415 416/416/416 417/417/417
v -0.622153072 -0.554621292 0.949195544
vt 0.003906250 0.507812500
vn 0.707106781 0.707106781 -0.000000000
v -0.635262182 -0.541512182 1.193763544
vt 0.246093750 0.992187500
vn 0.707106781 0.707106781 -0.000000000
v -0.622153072 -0.554621292 1.193763544
vt 0.003906250 0.992187500
vn 0.707106781 0.707106781 -0.000000000
f 418/418/418 419/419/419 420/420/420
o conduit_end
v -0.622153072 -0.554621292 0.949195544
vt 0.003906250 0.507812500
vn -0.000000000 0.000000000 -1.000000000
v -0.635262182 -0.567730403 0.949195544
vt 0.246093750 0.507812500
vn -0.000000000 0.000000000 -1.000000000
v -0.648371292 -0.554621292 0.949195544
vt 0.246093750 0.992187500
vn -0.000000000 0.000000000 -1.000000000
f 421/421/421 422/422/422 423/423/423
v -0.622153072 -0.554621292 0.949195544
vt 0.003906250 0.507812500
vn 0.000000000 0.000000000 -1.000000000
v -0.648371292 -0.554621292 0.949195544
vt 0.246093750 0.992187500
vn 0.000000000 0.000000000 -1.000000000
v -0.635262182 -0.541512182 0.949195544
vt 0.003906250 0.992187500
vn 0.000000000 0.000000000 -1.000000000
f 424/424/424 425/425/425 426/426/426
v -0.635262182 -0.541512182 1.193763544
vt 0.003906250 0.507812500
vn 0.000000000 0.000000000 1.000000000
v -0.648371292 -0.554621292 1.193763544
vt 0.246093750 0.507812500
vn 0.000000000 0.000000000 1.000000000
v -0.635262182 -0.567730403 1.193763544
vt 0.246093750 0.992187500
vn 0.000000000 0.000000000 1.000000000
f 427/427/427 428/428/428 429/429/429
v -0.635262182 -0.541512182 1.193763544
vt 0.003906250 0.507812500
vn 0.000000000 0.000000000 1.000000000
v -0.635262182 -0.567730403 1.193763544
vt 0.246093750 0.992187500
vn 0.000000000 0.000000000 1.000000000
v -0.622153072 -0.554621292 1.193763544
vt 0.003906250 0.992187500
vn 0.000000000 0.000000000 1.000000000
f 430/430/430 431/431/431 432/432/432
o conduit
v -0.635262182 -0.567730403 1.193763544
vt 0.003906250 0.507812500
vn 0.612048622 -0.684291162 -0.396411515
v -0.623537038 -0.554621292 1.189237718
vt 0.246093750 0.507812500
vn 0.612048622 -0.684291162 -0.396411515
v -0.579840004 -0.554621292 1.256704752
vt 0.246093750 0.992187500
vn 0.612048622 -0.684291162 -0.396411515
f 433/433/433 434/434/434 435/435/435
v -0.635262182 -0.567730403 1.193763544
vt 0.003906250 0.507812500
vn 0.612048622 -0.684291162 -0.396411515
v -0.579840004 -0.554621292 1.256704752
vt 0.246093750 0.992187500
vn 0.612048622 -0.684291162 -0.396411515
v -0.591565148 -0.567730403 1.261230579
vt 0.003906250 0.992187500
vn 0.612048622 -0.684291162 -0.396411515
f 436/436/436 437/437/437 438/438/438
v -0.623537038 -0.554621292 1.189237718
vt 0.003906250 0.507812500
vn 0.612048622 0.684291162 -0.396411515
v -0.635262182 -0.541512182 1.193763544
vt 0.246093750 0.507812500
vn 0.612048622 0.684291162 -0.396411515
v -0.591565148 -0.541512182 1.261230579
vt 0.246093750 0.992187500
vn 0.612048622 0.684291162 -0.396411515
f 439/439/439 440/440/440 441/441/441
v -0.623537038 -0.554621292 1.189237718
vt 0.003906250 0.507812500
vn 0.612048622 0.684291162 -0.396411515
v -0.591565148 -0.541512182 1.261230579
vt 0.246093750 0.992187500
vn 0.612048622 0.684291162 -0.396411515
v -0.579840004 -0.554621292 1.256704752
vt 0.003906250 0.992187500
vn 0.612048622 0.684291162 -0.396411515
f 442/442/442 443/443/443 444/444/444
v -0.635262182 -0.541512182 1.193763544
vt 0.003906250 0.507812500
vn -0.612048622 0.684291162 0.396411515
v -0.646987327 -0.554621292 1.198289370
vt 0.246093750 0.507812500
vn -0.612048622 0.684291162 0.396411515
v -0.603290293 -0.554621292 1.265756405
vt 0.246093750 0.992187500
vn -0.612048622 0.684291162 0.396411515
f 445/445/445 446/446/446 447/447/447
v -0.635262182 -0.541512182 1.193763544
vt 0.003906250 0.507812500
vn -0.612048622 0.684291162 0.396411515
v -0.603290293 -0.554621292 1.265756405
vt 0.246093750 0.992187500
vn -0.612048622 0.684291162 0.396411515
v -0.591565148 -0.541512182 1.261230579
vt 0.003906250 0.992187500
vn -0.612048622 0.684291162 0.396411515
f 448/448/448 449/449/449 450/450/450
v -0.646987327 -0.554621292 1.198289370
vt 0.003906250 0.507812500
vn -0.612048622 -0.684291162 0.396411515
v -0.635262182 -0.567730403 1.193763544
vt 0.246093750 0.507812500
vn -0.612048622 -0.684291162 0.396411515
v -0.591565148 -0.567730403 1.261230579
vt 0.246093750 0.992187500
vn -0.612048622 -0.684291162 0.396411515
f 451/451/451 452/452/452 453/453/453
v -0.646987327 -0.554621292 1.198289370
vt 0.003906250 0.507812500
vn -0.612048622 -0.684291162 0.396411515
v -0.591565148 -0.567730403 1.261230579
vt 0.246093750 0.992187500
vn -0.612048622 -0.684291162 0.396411515
v -0.603290293 -0.554621292 1.265756405
vt 0.003906250 0.992187500
vn -0.612048622 -0.684291162 0.396411515
f 454/454/454 455/455/455 456/456/456
o conduit_end
v -0.646987327 -0.554621292 1.198289370
vt 0.003906250 0.507812500
vn -0.360098575 -0.000000000 -0.932914260
v -0.635262182 -0.541512182 1.193763544
vt 0.246093750 0.507812500
vn -0.360098575 -0.000000000 -0.932914260
v -0.623537038 -0.554621292 1.189237718
vt 0.246093750 0.992187500
vn -0.360098575 -0.000000000 -0.932914260
f 457/457/457 458/458/458 459/459/459
v -0.646987327 -0.554621292 1.198289370
vt 0.003906250 0.507812500
vn -0.360098575 0.000000000 -0.932914260
v -0.623537038 -0.554621292 1.189237718
vt 0.246093750 0.992187500
vn -0.360098575 0.000000000 -0.932914260
v -0.635262182 -0.567730403 1.193763544
vt 0.003906250 0.992187500
vn -0.360098575 0.000000000 -0.932914260
f 460/460/460 461/461/461 462/462/462
v -0.591565148 -0.567730403 1.261230579
vt 0.003906250 0.507812500
vn 0.360098575 -0.000000000 0.932914260
v -0.579840004 -0.554621292 1.256704752
vt 0.246093750 0.507812500
vn 0.360098575 -0.000000000 0.932914260
v -0.591565148 -0.541512182 1.261230579
vt 0.246093750 0.992187500
vn 0.360098575 -0.000000000 0.932914260
f 463/463/463 464/464/464 465/465/465
v -0.591565148 -0.567730403 1.261230579
vt 0.003906250 0.507812500
vn 0.360098575 -0.000000000 0.932914260
v -0.591565148 -0.541512182 1.261230579
vt 0.246093750 0.992187500
vn 0.360098575 -0.000000000 0.932914260
v -0.603290293 -0.554621292 1.265756405
vt 0.003906250 0.992187500
vn 0.360098575 -0.000000000 0.932914260
f 466/466/466 467/467/467 468/468/468
o conduit
v -0.591565148 -0.541512182 1.261230579
vt 0.003906250 0.507812500
vn -0.706935089 0.707063319 0.017442574
v -0.604671881 -0.554621292 1.261423307
vt 0.246093750 0.507812500
vn -0.706935089 0.707063319 0.017442574
v -0.582823364 -0.554621292 2.146928135
vt 0.246093750 0.992187500
vn -0.706935089 0.707063319 0.017442574
f 469/469/469 470/470/470 471/471/471
v -0.591565148 -0.541512182 1.261230579
vt 0.003906250 0.507812500
vn -0.706935089 0.707063319 0.017442574
v -0.582823364 -0.554621292 2.146928135
vt 0.246093750 0.992187500
vn -0.706935089 0.707063319 0.017442574
v -0.569716631 -0.541512182 2.146735407
vt 0.003906250 0.992187500
vn -0.706935089 0.707063319 0.017442574
f 472/472/472 473/473/473 474/474/474
v -0.604671881 -0.554621292 1.261423307
vt 0.003906250 0.507812500
vn -0.706935089 -0.707063319 0.017442574
v -0.591565148 -0.567730403 1.261230579
vt 0.246093750 0.507812500
vn -0.706935089 -0.707063319 0.017442574
v -0.569716631 -0.567730403 2.146735407
vt 0.246093750 0.992187500
vn -0.706935089 -0.707063319 0.017442574
f 475/475/475 476/476/476 477/477/477
v -0.604671881 -0.554621292 1.261423307
vt 0.003906250 0.507812500
vn -0.706935089 -0.707063319 0.017442574
v -0.569716631 -0.567730403 2.146735407
vt 0.246093750 0.992187500
vn -0.706935089 -0.707063319 0.017442574
v -0.582823364 -0.554621292 2.146928135
vt 0.003906250 0.992187500
vn -0.706935089 -0.707063319 0.017442574
f 478/478/478 479/479/479 480/480/480
v -0.591565148 -0.567730403 1.261230579
vt 0.003906250 0.507812500
vn 0.706935089 -0.707063319 -0.017442574
v -0.578458416 -0.554621292 1.261037851
vt 0.246093750 0.507812500
vn 0.706935089 -0.707063319 -0.017442574
v -0.556609899 -0.554621292 2.146542679
vt 0.246093750 0.992187500
vn 0.706935089 -0.707063319 -0.017442574
f 481/481/481 482/482/482 483/483/483
v -0.591565148 -0.567730403 1.261230579
vt 0.003906250 0.507812500
vn 0.706935089 -0.707063319 -0.017442574
v -0.556609899 -0.554621292 2.146542679
vt 0.246093750 0.992187500
vn 0.706935089 -0.707063319 -0.017442574
v -0.569716631 -0.567730403 2.146735407
vt 0.003906250 0.992187500
vn 0.706935089 -0.707063319 -0.017442574
f 484/484/484 485/485/485 486/486/486
v -0.578458416 -0.554621292 1.261037851
vt 0.003906250 0.507812500
vn 0.706935089 0.707063319 -0.017442574
v -0.591565148 -0.541512182 1.261230579
vt 0.246093750 0.507812500
vn 0.706935089 0.707063319 -0.017442574
v -0.569716631 -0.541512182 2.146735407
vt 0.246093750 0.992187500
vn 0.706935089 0.707063319 -0.017442574
f 487/487/487 488/488/488 489/489/489
v -0.578458416 -0.554621292 1.261037851
vt 0.003906250 0.507812500
vn 0.706935089 0.707063319 -0.017442574
v -0.569716631 -0.541512182 2.146735407
vt 0.246093750 0.992187500
vn 0.706935089 0.707063319 -0.017442574
v -0.556609899 -0.554621292 2.146542679
vt 0.003906250 0.992187500
vn 0.706935089 0.707063319 -0.017442574
f 490/490/490 491/491/491 492/492/492
o conduit_end
v -0.578458416 -0.554621292 1.261037851
vt 0.003906250 0.507812500
vn -0.014702914 0.000000000 -0.999891906
v -0.591565148 -0.567730403 1.261230579
vt 0.246093750 0.507812500
vn -0.014702914 0.000000000 -0.999891906
v -0.604671881 -0.554621292 1.261423307
vt 0.246093750 0.992187500
vn -0.014702914 0.000000000 -0.999891906
f 493/493/493 494/494/494 495/495/495
v -0.578458416 -0.554621292 1.261037851
vt 0.003906250 0.507812500
vn -0.014702914 -0.000000000 -0.999891906
v -0.604671881 -0.554621292 1.261423307
vt 0.246093750 0.992187500
vn -0.014702914 -0.000000000 -0.999891906
v -0.591565148 -0.541512182 1.261230579
vt 0.003906250 0.992187500
vn -0.014702914 -0.000000000 -0.999891906
f 496/496/496 497/497/497 498/498/498
v -0.569716631 -0.541512182 2.146735407
vt 0.003906250 0.507812500
vn 0.014702914 0.000000000 0.999891906
v -0.582823364 -0.554621292 2.146928135
vt 0.246093750 0.507812500
vn 0.014702914 0.000000000 0.999891906
v -0.569716631 -0.567730403 2.146735407
vt 0.246093750 0.992187500
vn 0.014702914 0.000000000 0.999891906
f 499/499/499 500/500/500 501/501/501
v -0.569716631 -0.541512182 2.146735407
vt 0.003906250 0.507812500
vn 0.014702914 0.000000000 0.999891906
v -0.569716631 -0.567730403 2.146735407
vt 0.246093750 0.992187500
vn 0.014702914 0.000000000 0.999891906
v -0.556609899 -0.554621292 2.146542679
vt 0.003906250 0.992187500
vn 0.014702914 0.000000000 0.999891906
f 502/502/502 503/503/503 504/504/504
o conduit
v -0.569716631 -0.541512182 2.146735407
vt 0.003906250 0.507812500
vn -0.704322132 0.706402852 -0.070180800
v -0.582787128 -0.554621292 2.145959234
vt 0.246093750 0.507812500
vn -0.704322132 0.706402852 -0.070180800
v -0.593711387 -0.554621292 2.255593165
vt 0.246093750 0.992187500
vn -0.704322132 0.706402852 -0.070180800
f 505/505/505 506/506/506 507/507/507
v -0.569716631 -0.541512182 2.146735407
vt 0.003906250 0.507812500
vn -0.704322132 0.706402852 -0.070180800
v -0.593711387 -0.554621292 2.255593165
vt 0.246093750 0.992187500
vn -0.704322132 0.706402852 -0.070180800
v -0.580640890 -0.541512182 2.256369338
vt 0.003906250 0.992187500
vn -0.704322132 0.706402852 -0.070180800
f 508/508/508 509/509/509 510/510/510
v -0.582787128 -0.554621292 2.145959234
vt 0.003906250 0.507812500
vn -0.704322132 -0.706402852 -0.070180800
v -0.569716631 -0.567730403 2.146735407
vt 0.246093750 0.507812500
vn -0.704322132 -0.706402852 -0.070180800
v -0.580640890 -0.567730403 2.256369338
vt 0.246093750 0.992187500
vn -0.704322132 -0.706402852 -0.070180800
f 511/511/511 512/512/512 513/513/513
v -0.582787128 -0.554621292 2.145959234
vt 0.003906250 0.507812500
vn -0.704322132 -0.706402852 -0.070180800
v -0.580640890 -0.567730403 2.256369338
vt 0.246093750 0.992187500
vn -0.704322132 -0.706402852 -0.070180800
v -0.593711387 -0.554621292 2.255593165
vt 0.003906250 0.992187500
vn -0.704322132 -0.706402852 -0.070180800
f 514/514/514 515/515/515 516/516/516
v -0.569716631 -0.567730403 2.146735407
vt 0.003906250 0.507812500
vn 0.704322132 -0.706402852 0.070180800
v -0.556646134 -0.554621292 2.147511579
vt 0.246093750 0.507812500
vn 0.704322132 -0.706402852 0.070180800
v -0.567570393 -0.554621292 2.257145511
vt 0.246093750 0.992187500
vn 0.704322132 -0.706402852 0.070180800
f 517/517/517 518/518/518 519/519/519
v -0.569716631 -0.567730403 2.146735407
vt 0.003906250 0.507812500
vn 0.704322132 -0.706402852 0.070180800
v -0.567570393 -0.554621292 2.257145511
vt 0.246093750 0.992187500
vn 0.704322132 -0.706402852 0.070180800
v -0.580640890 -0.567730403 2.256369338
vt 0.003906250 0.992187500
vn 0.704322132 -0.706402852 0.070180800
f 520/520/520 521/521/521 522/522/522
v -0.556646134 -0.554621292 2.147511579
vt 0.003906250 0.507812500
vn 0.704322132 0.706402852 0.070180800
v -0.569716631 -0.541512182 2.146735407
vt 0.246093750 0.507812500
vn 0.704322132 0.706402852 0.070180800
v -0.580640890 -0.541512182 2.256369338
vt 0.246093750 0.992187500
vn 0.704322132 0.706402852 0.070180800
f 523/523/523 524/524/524 525/525/525
v -0.556646134 -0.554621292 2.147511579
vt 0.003906250 0.507812500
vn 0.704322132 0.706402852 0.070180800
v -0.580640890 -0.541512182 2.256369338
vt 0.246093750 0.992187500
vn 0.704322132 0.706402852 0.070180800
v -0.567570393 -0.554621292 2.257145511
vt 0.003906250 0.992187500
vn 0.704322132 0.706402852 0.070180800
f 526/526/526 527/527/527 528/528/528
o conduit_end
v -0.556646134 -0.554621292 2.147511579
vt 0.003906250 0.507812500
vn 0.059279142 -0.000000000 -0.998241445
v -0.569716631 -0.567730403 2.146735407
vt 0.246093750 0.507812500
vn 0.059279142 -0.000000000 -0.998241445
v -0.582787128 -0.554621292 2.145959234
vt 0.246093750 0.992187500
vn 0.059279142 -0.000000000 -0.998241445
f 529/529/529 530/530/530 531/531/531
v -0.556646134 -0.554621292 2.147511579
vt 0.003906250 0.507812500
vn 0.059279142 0.000000000 -0.998241445
v -0.582787128 -0.554621292 2.145959234
vt 0.246093750 0.992187500
vn 0.059279142 0.000000000 -0.998241445
v -0.569716631 -0.541512182 2.146735407
vt 0.003906250 0.992187500
vn 0.059279142 0.000000000 -0.998241445
f 532/532/532 533/533/533 534/534/534
v -0.580640890 -0.541512182 2.256369338
vt 0.003906250 0.507812500
vn -0.059279142 0.000000000 0.998241445
v -0.593711387 -0.554621292 2.255593165
vt 0.246093750 0.507812500
vn -0.059279142 0.000000000 0.998241445
v -0.580640890 -0.567730403 2.256369338
vt 0.246093750 0.992187500
vn -0.059279142 0.000000000 0.998241445
f 535/535/535 536/536/536 537/537/537
v -0.580640890 -0.541512182 2.256369338
vt 0.003906250 0.507812500
vn -0.059279142 0.000000000 0.998241445
v -0.580640890 -0.567730403 2.256369338
vt 0.246093750 0.992187500
vn -0.059279142 0.000000000 0.998241445
v -0.567570393 -0.554621292 2.257145511
vt 0.003906250 0.992187500
vn -0.059279142 0.000000000 0.998241445
f 538/538/538 539/539/539 540/540/540
o conduit
v -0.449549788 -0.530587924 1.817833613
vt 0.003906250 0.507812500
vn -0.707106781 0.707106781 0.000000000
v -0.462658898 -0.543697034 1.817833613
vt 0.246093750 0.507812500
vn -0.707106781 0.707106781 0.000000000
v -0.462658898 -0.543697034 2.315402993
vt 0.246093750 0.992187500
vn -0.707106781 0.707106781 0.000000000
f 541/541/541 542/542/542 543/543/543
v -0.449549788 -0.530587924 1.817833613
vt 0.003906250 0.507812500
vn -0.707106781 0.707106781 0.000000000
v -0.462658898 -0.543697034 2.315402993
vt 0.246093750 0.992187500
vn -0.707106781 0.707106781 0.000000000
v -0.449549788 -0.530587924 2.315402993
vt 0.003906250 0.992187500
vn -0.707106781 0.707106781 0.000000000
f 544/544/544 545/545/545 546/546/546
v -0.462658898 -0.543697034 1.817833613
vt 0.003906250 0.507812500
vn -0.707106781 -0.707106781 0.000000000
v -0.449549788 -0.556806144 1.817833613
vt 0.246093750 0.507812500
vn -0.707106781 -0.707106781 0.000000000
v -0.449549788 -0.556806144 2.315402993
vt 0.246093750 0.992187500
vn -0.707106781 -0.707106781 0.000000000
f 547/547/547 548/548/548 549/549/549
v -0.462658898 -0.543697034 1.817833613
vt 0.003906250 0.507812500
vn -0.707106781 -0.707106781 0.000000000
v -0.449549788 -0.556806144 2.315402993
vt 0.246093750 0.992187500
vn -0.707106781 -0.707106781 0.000000000
v -0.462658898 -0.543697034 2.315402993
vt 0.003906250 0.992187500
vn -0.707106781 -0.707106781 0.000000000
f 550/550/550 551/551/551 552/552/552
v -0.449549788 -0.556806144 1.817833613
vt 0.003906250 0.507812500
vn 0.707106781 -0.707106781 0.000000000
v -0.436440678 -0.543697034 1.817833613
vt 0.246093750 0.507812500
vn 0.707106781 -0.707106781 0.000000000
v -0.436440678 -0.543697034 2.315402993
vt 0.246093750 0.992187500
vn 0.707106781 -0.707106781 0.000000000
f 553/553/553 554/554/554 555/555/555
v -0.449549788 -0.556806144 1.817833613
vt 0.003906250 0.507812500
vn 0.707106781 -0.707106781 0.000000000
v -0.436440678 -0.543697034 2.315402993
vt 0.246093750 0.992187500
vn 0.707106781 -0.707106781 0.000000000
v -0.449549788 -0.556806144 2.315402993
vt 0.003906250 0.992187500
vn 0.707106781 -0.707106781 0.000000000
f 556/556/556 557/557/557 558/558/558
v -0.436440678 -0.543697034 1.817833613
vt 0.003906250 0.507812500
vn 0.707106781 0.707106781 0.000000000
v -0.449549788 -0.530587924 1.817833613
vt 0.246093750 0.507812500
vn 0.707106781 0.707106781 0.000000000
v -0.449549788 -0.530587924 2.315402993
vt 0.246093750 0.992187500
vn 0.707106781 0.707106781 0.000000000
f 559/559/559 560/560/560 561/561/561
v -0.436440678 -0.543697034 1.817833613
vt 0.003906250 0.507812500
vn 0.707106781 0.707106781 -0.000000000
v -0.449549788 -0.530587924 2.315402993
vt 0.246093750 0.992187500
vn 0.707106781 0.707106781 -0.000000000
v -0.436440678 -0.543697034 2.315402993
vt 0.003906250 0.992187500
vn 0.707106781 0.707106781 -0.000000000
f 562/562/562 563/563/563 564/564/564
o conduit_end
v -0.436440678 -0.543697034 1.817833613
vt 0.003906250 0.507812500
vn -0.000000000 0.000000000 -1.000000000
v -0.449549788 -0.556806144 1.817833613
vt 0.246093750 0.507812500
vn -0.000000000 0.000000000 -1.000000000
v -0.462658898 -0.543697034 1.817833613
vt 0.246093750 0.992187500
vn -0.000000000 0.000000000 -1.000000000
f 565/565/565 566/566/566 567/567/567
v -0.436440678 -0.543697034 1.817833613
vt 0.003906250 0.507812500
vn 0.000000000 0.000000000 -1.000000000
v -0.462658898 -0.543697034 1.817833613
vt 0.246093750 0.992187500
vn 0.000000000 0.000000000 -1.000000000
v -0.449549788 -0.530587924 1.817833613
vt 0.003906250 0.992187500
vn 0.000000000 0.000000000 -1.000000000
f 568/568/568 569/569/569 570/570/570
v -0.449549788 -0.530587924 2.315402993
vt 0.003906250 0.507812500
vn 0.000000000 0.000000000 1.000000000
v -0.462658898 -0.543697034 2.315402993
vt 0.246093750 0.507812500
vn 0.000000000 0.000000000 1.000000000
v -0.449549788 -0.556806144 2.315402993
vt 0.246093750 0.992187500
vn 0.000000000 0.000000000 1.000000000
f 571/571/571 572/572/572 573/573/573
v -0.449549788 -0.530587924 2.315402993
vt 0.003906250 0.507812500
vn 0.000000000 0.000000000 1.000000000
v -0.449549788 -0.556806144 2.315402993
vt 0.246093750 0.992187500
vn 0.000000000 0.000000000 1.000000000
v -0.436440678 -0.543697034 2.315402993
vt 0.003906250 0.992187500
vn 0.000000000 0.000000000 1.000000000
f 574/574/574 575/575/575 576/576/576
o conduit
v -0.449549788 -0.556806144 2.315402993
vt 0.003906250 0.507812500
vn 0.462351122 -0.653863228 -0.598910944
v -0.440280247 -0.543697034 2.308247033
vt 0.246093750 0.507812500
vn 0.462351122 -0.653863228 -0.598910944
v -0.374734697 -0.543697034 2.358847309
vt 0.246093750 0.992187500
vn 0.462351122 -0.653863228 -0.598910944
f 577/577/577 578/578/578 579/579/579
v -0.449549788 -0.556806144 2.315402993
vt 0.003906250 0.507812500
vn 0.462351122 -0.653863228 -0.598910944
v -0.374734697 -0.543697034 2.358847309
vt 0.246093750 0.992187500
vn 0.462351122 -0.653863228 -0.598910944
v -0.384004237 -0.556806144 2.366003269
vt 0.003906250 0.992187500
vn 0.462351122 -0.653863228 -0.598910944
f 580/580/580 581/581/581 582/582/582
v -0.440280247 -0.543697034 2.308247033
vt 0.003906250 0.507812500
vn 0.462351122 0.653863228 -0.598910944
v -0.449549788 -0.530587924 2.315402993
vt 0.246093750 0.507812500
vn 0.462351122 0.653863228 -0.598910944
v -0.384004237 -0.530587924 2.366003269
vt 0.246093750 0.992187500
vn 0.462351122 0.653863228 -0.598910944
f 583/583/583 584/584/584 585/585/585
v -0.440280247 -0.543697034 2.308247033
vt 0.003906250 0.507812500
vn 0.462351122 0.653863228 -0.598910944
v -0.384004237 -0.530587924 2.366003269
vt 0.246093750 0.992187500
vn 0.462351122 0.653863228 -0.598910944
v -0.374734697 -0.543697034 2.358847309
vt 0.003906250 0.992187500
vn 0.462351122 0.653863228 -0.598910944
f 586/586/586 587/587/587 588/588/588
v -0.449549788 -0.530587924 2.315402993
vt 0.003906250 0.507812500
vn -0.462351122 0.653863228 0.598910944
v -0.458819329 -0.543697034 2.322558953
vt 0.246093750 0.507812500
vn -0.462351122 0.653863228 0.598910944
v -0.393273778 -0.543697034 2.373159228
vt 0.246093750 0.992187500
vn -0.462351122 0.653863228 0.598910944
f 589/589/589 590/590/590 591/591/591
v -0.449549788 -0.530587924 2.315402993
vt 0.003906250 0.507812500
vn -0.462351122 0.653863228 0.598910944
v -0.393273778 -0.543697034 2.373159228
vt 0.246093750 0.992187500
vn -0.462351122 0.653863228 0.598910944
v -0.384004237 -0.530587924 2.366003269
vt 0.003906250 0.992187500
vn -0.462351122 0.653863228 0.598910944
f 592/592/592 593/593/593 594/594/594
v -0.458819329 -0.543697034 2.322558953
vt 0.003906250 0.507812500
vn -0.462351122 -0.653863228 0.598910944
v -0.449549788 -0.556806144 2.315402993
vt 0.246093750 0.507812500
vn -0.462351122 -0.653863228 0.598910944
v -0.384004237 -0.556806144 2.366003269
vt 0.246093750 0.992187500
vn -0.462351122 -0.653863228 0.598910944
f 595/595/595 596/596/596 597/597/597
v -0.458819329 -0.543697034 2.322558953
vt 0.003906250 0.507812500
vn -0.462351122 -0.653863228 0.598910944
v -0.384004237 -0.556806144 2.366003269
vt 0.246093750 0.992187500
vn -0.462351122 -0.653863228 0.598910944
v -0.393273778 -0.543697034 2.373159228
vt 0.003906250 0.992187500
vn -0.462351122 -0.653863228 0.598910944
f 598/598/598 599/599/599 600/600/600
o conduit_end
v -0.458819329 -0.543697034 2.322558953
vt 0.003906250 0.507812500
vn -0.611080255 0.000000000 -0.791568647
v -0.449549788 -0.530587924 2.315402993
vt 0.246093750 0.507812500
vn -0.611080255 0.000000000 -0.791568647
v -0.440280247 -0.543697034 2.308247033
vt 0.246093750 0.992187500
vn -0.611080255 0.000000000 -0.791568647
f 601/601/601 602/602/602 603/603/603
v -0.458819329 -0.543697034 2.322558953
vt 0.003906250 0.507812500
vn -0.611080255 -0.000000000 -0.791568647
v -0.440280247 -0.543697034 2.308247033
vt 0.246093750 0.992187500
vn -0.611080255 -0.000000000 -0.791568647
v -0.449549788 -0.556806144 2.315402993
vt 0.003906250 0.992187500
vn -0.611080255 -0.000000000 -0.791568647
f 604/604/604 605/605/605 606/606/606
v -0.384004237 -0.556806144 2.366003269
vt 0.003906250 0.507812500
vn 0.611080255 -0.000000000 0.791568647
v -0.374734697 -0.543697034 2.358847309
vt 0.246093750 0.507812500
vn 0.611080255 -0.000000000 0.791568647
v -0.384004237 -0.530587924 2.366003269
vt 0.246093750 0.992187500
vn 0.611080255 -0.000000000 0.791568647
f 607/607/607 608/608/608 609/609/609
v -0.384004237 -0.556806144 2.366003269
vt 0.003906250 0.507812500
vn 0.611080255 -0.000000000 0.791568647
v -0.384004237 -0.530587924 2.366003269
vt 0.246093750 0.992187500
vn 0.611080255 -0.000000000 0.791568647
v -0.393273778 -0.543697034 2.373159228
vt 0.003906250 0.992187500
vn 0.611080255 -0.000000000 0.791568647
f 610/610/610 611/611/611 612/612/612
o conduit
v -0.384004237 -0.556806144 2.366003269
vt 0.003906250 0.507812500
vn 0.000000000 -0.611080255 -0.791568647
v -0.384004237 -0.543697034 2.355883214
vt 0.246093750 0.507812500
vn 0.000000000 -0.611080255 -0.791568647
v -0.110897775 -0.543697034 2.355883214
vt 0.246093750 0.992187500
vn 0.000000000 -0.611080255 -0.791568647
f 613/613/613 614/614/614 615/615/615
v -0.384004237 -0.556806144 2.366003269
vt 0.003906250 0.507812500
vn 0.000000000 -0.611080255 -0.791568647
v -0.110897775 -0.543697034 2.355883214
vt 0.246093750 0.992187500
vn 0.000000000 -0.611080255 -0.791568647
v -0.110897775 -0.556806144 2.366003269
vt 0.003906250 0.992187500
vn 0.000000000 -0.611080255 -0.791568647
f 616/616/616 617/617/617 618/618/618
v -0.384004237 -0.543697034 2.355883214
vt 0.003906250 0.507812500
vn 0.000000000 0.611080255 -0.791568647
v -0.384004237 -0.530587924 2.366003269
vt 0.246093750 0.507812500
vn 0.000000000 0.611080255 -0.791568647
v -0.110897775 -0.530587924 2.366003269
vt 0.246093750 0.992187500
vn 0.000000000 0.611080255 -0.791568647
f 619/619/619 620/620/620 621/621/621
v -0.384004237 -0.543697034 2.355883214
vt 0.003906250 0.507812500
vn 0.000000000 0.611080255 -0.791568647
v -0.110897775 -0.530587924 2.366003269
vt 0.246093750 0.992187500
vn 0.000000000 0.611080255 -0.791568647
v -0.110897775 -0.543697034 2.355883214
vt 0.003906250 0.992187500
vn 0.000000000 0.611080255 -0.791568647
f 622/622/622 623/623/623 624/624/624
v -0.384004237 -0.530587924 2.366003269
vt 0.003906250 0.507812500
vn 0.000000000 0.611080255 0.791568647
v -0.384004237 -0.543697034 2.376123324
vt 0.246093750 0.507812500
vn 0.000000000 0.611080255 0.791568647
v -0.110897775 -0.543697034 2.376123324
vt 0.246093750 0.992187500
vn 0.000000000 0.611080255 0.791568647
f 625/625/625 626/626/626 627/627/627
v -0.384004237 -0.530587924 2.366003269
vt 0.003906250 0.507812500
vn -0.000000000 0.611080255 0.791568647
v -0.110897775 -0.543697034 2.376123324
vt 0.246093750 0.992187500
vn -0.000000000 0.611080255 0.791568647
v -0.110897775 -0.530587924 2.366003269
vt 0.003906250 0.992187500
vn -0.000000000 0.611080255 0.791568647
f 628/628/628 629/629/629 630/630/630
v -0.384004237 -0.543697034 2.376123324
vt 0.003906250 0.507812500
vn 0.000000000 -0.611080255 0.791568647
v -0.384004237 -0.556806144 2.366003269
vt 0.246093750 0.507812500
vn 0.000000000 -0.611080255 0.791568647
v -0.110897775 -0.556806144 2.366003269
vt 0.246093750 0.992187500
vn 0.000000000 -0.611080255 0.791568647
f 631/631/631 632/632/632 633/633/633
v -0.384004237 -0.543697034 2.376123324
vt 0.003906250 0.507812500
vn 0.000000000 -0.611080255 0.791568647
v -0.110897775 -0.556806144 2.366003269
vt 0.246093750 0.992187500
vn 0.000000000 -0.611080255 0.791568647
v -0.110897775 -0.543697034 2.376123324
vt 0.003906250 0.992187500
vn 0.000000000 -0.611080255 0.791568647
f 634/634/634 635/635/635 636/636/636
o conduit_end
v -0.384004237 -0.543697034 2.376123324
vt 0.003906250 0.507812500
vn -1.000000000 0.000000000 0.000000000
v -0.384004237 -0.530587924 2.366003269
vt 0.246093750 0.507812500
vn -1.000000000 0.000000000 0.000000000
v -0.384004237 -0.543697034 2.355883214
vt 0.246093750 0.992187500
vn -1.000000000 0.000000000 0.000000000
f 637/637/637 638/638/638 639/639/639
v -0.384004237 -0.543697034 2.376123324
vt 0.003906250 0.507812500
vn -1.000000000 0.000000000 -0.000000000
v -0.384004237 -0.543697034 2.355883214
vt 0.246093750 0.992187500
vn -1.000000000 0.000000000 -0.000000000
v -0.384004237 -0.556806144 2.366003269
vt 0.003906250 0.992187500
vn -1.000000000 0.000000000 -0.000000000
f 640/640/640 641/641/641 642/642/642
v -0.110897775 -0.556806144 2.366003269
vt 0.003906250 0.507812500
vn 1.000000000 -0.000000000 0.000000000
v -0.110897775 -0.543697034 2.355883214
vt 0.246093750 0.507812500
vn 1.000000000 -0.000000000 0.000000000
v -0.110897775 -0.530587924 2.366003269
vt 0.246093750 0.992187500
vn 1.000000000 -0.000000000 0.000000000
f 643/643/643 644/644/644 645/645/645
v -0.110897775 -0.556806144 2.366003269
vt 0.003906250 0.507812500
vn 1.000000000 0.000000000 0.000000000
v -0.110897775 -0.530587924 2.366003269
vt 0.246093750 0.992187500
vn 1.000000000 0.000000000 0.000000000
v -0.110897775 -0.543697034 2.376123324
vt 0.003906250 0.992187500
vn 1.000000000 0.000000000 0.000000000
f 646/646/646 647/647/647 648/648/648
o conduit
v -0.110897775 -0.556806144 2.366003269
vt 0.003906250 0.507812500
vn -0.280476215 -0.627163884 -0.726635091
v -0.116760348 -0.543697034 2.356951616
vt 0.246093750 0.507812500
vn -0.280476215 -0.627163884 -0.726635091
v 0.014330754 -0.543697034 2.306351340
vt 0.246093750 0.992187500
vn -0.280476215 -0.627163884 -0.726635091
f 649/649/649 650/650/650 651/651/651
v -0.110897775 -0.556806144 2.366003269
vt 0.003906250 0.507812500
vn -0.280476215 -0.627163884 -0.726635091
v 0.014330754 -0.543697034 2.306351340
vt 0.246093750 0.992187500
vn -0.280476215 -0.627163884 -0.726635091
v 0.020193326 -0.556806144 2.315402993
vt 0.003906250 0.992187500
vn -0.280476215 -0.627163884 -0.726635091
f 652/652/652 653/653/653 654/654/654
v -0.116760348 -0.543697034 2.356951616
vt 0.003906250 0.507812500
vn -0.280476215 0.627163884 -0.726635091
v -0.110897775 -0.530587924 2.366003269
vt 0.246093750 0.507812500
vn -0.280476215 0.627163884 -0.726635091
v 0.020193326 -0.530587924 2.315402993
vt 0.246093750 0.992187500
vn -0.280476215 0.627163884 -0.726635091
f 655/655/655 656/656/656 657/657/657
v -0.116760348 -0.543697034 2.356951616
vt 0.003906250 0.507812500
vn -0.280476215 0.627163884 -0.726635091
v 0.020193326 -0.530587924 2.315402993
vt 0.246093750 0.992187500
vn -0.280476215 0.627163884 -0.726635091
v 0.014330754 -0.543697034 2.306351340
vt 0.003906250 0.992187500
vn -0.280476215 0.627163884 -0.726635091
f 658/658/658 659/659/659 660/660/660
v -0.110897775 -0.530587924 2.366003269
vt 0.003906250 0.507812500
vn 0.280476215 0.627163884 0.726635091
v -0.105035203 -0.543697034 2.375054921
vt 0.246093750 0.507812500
vn 0.280476215 0.627163884 0.726635091
v 0.026055899 -0.543697034 2.324454645
vt 0.246093750 0.992187500
vn 0.280476215 0.627163884 0.726635091
f 661/661/661 662/662/662 663/663/663
v -0.110897775 -0.530587924 2.366003269
vt 0.003906250 0.507812500
vn 0.280476215 0.627163884 0.726635091
v 0.026055899 -0.543697034 2.324454645
vt 0.246093750 0.992187500
vn 0.280476215 0.627163884 0.726635091
v 0.020193326 -0.530587924 2.315402993
vt 0.003906250 0.992187500
vn 0.280476215 0.627163884 0.726635091
f 664/664/664 665/665/665 666/666/666
v -0.105035203 -0.543697034 2.375054921
vt 0.003906250 0.507812500
vn 0.280476215 -0.627163884 0.726635091
v -0.110897775 -0.556806144 2.366003269
vt 0.246093750 0.507812500
vn 0.280476215 -0.627163884 0.726635091
v 0.020193326 -0.556806144 2.315402993
vt 0.246093750 0.992187500
vn 0.280476215 -0.627163884 0.726635091
f 667/667/667 668/668/668 669/669/669
v -0.105035203 -0.543697034 2.375054921
vt 0.003906250 0.507812500
vn 0.280476215 -0.627163884 0.726635091
v 0.020193326 -0.556806144 2.315402993
vt 0.246093750 0.992187500
vn 0.280476215 -0.627163884 0.726635091
v 0.026055899 -0.543697034 2.324454645
vt 0.003906250 0.992187500
vn 0.280476215 -0.627163884 0.726635091
f 670/670/670 671/671/671 672/672/672
o conduit_end
v -0.105035203 -0.543697034 2.375054921
vt 0.003906250 0.507812500
vn -0.839332365 0.000000000 0.543618599
v -0.110897775 -0.530587924 2.366003269
vt 0.246093750 0.507812500
vn -0.839332365 0.000000000 0.543618599
v -0.116760348 -0.543697034 2.356951616
vt 0.246093750 0.992187500
vn -0.839332365 0.000000000 0.543618599
f 673/673/673 674/674/674 675/675/675
v -0.105035203 -0.543697034 2.375054921
vt 0.003906250 0.507812500
vn -0.839332365 0.000000000 0.543618599
v -0.116760348 -0.543697034 2.356951616
vt 0.246093750 0.992187500
vn -0.839332365 0.000000000 0.543618599
v -0.110897775 -0.556806144 2.366003269
vt 0.003906250 0.992187500
vn -0.839332365 0.000000000 0.543618599
f 676/676/676 677/677/677 678/678/678
v 0.020193326 -0.556806144 2.315402993
vt 0.003906250 0.507812500
vn 0.839332365 0.000000000 -0.543618599
v 0.014330754 -0.543697034 2.306351340
vt 0.246093750 0.507812500
vn 0.839332365 0.000000000 -0.543618599
v 0.020193326 -0.530587924 2.315402993
vt 0.246093750 0.992187500
vn 0.839332365 0.000000000 -0.543618599
f 679/679/679 680/680/680 681/681/681
v 0.020193326 -0.556806144 2.315402993
vt 0.003906250 0.507812500
vn 0.839332365 0.000000000 -0.543618599
v 0.020193326 -0.530587924 2.315402993
vt 0.246093750 0.992187500
vn 0.839332365 0.000000000 -0.543618599
v 0.026055899 -0.543697034 2.324454645
vt 0.003906250 0.992187500
vn 0.839332365 0.000000000 -0.543618599
f 682/682/682 683/683/683 684/684/684
o conduit
v 0.020193326 -0.556806144 2.315402993
vt 0.003906250 0.507812500
vn -0.325493523 -0.632645691 -0.702718575
v 0.013448745 -0.543697034 2.306725117
vt 0.246093750 0.507812500
vn -0.325493523 -0.632645691 -0.702718575
v 0.122691329 -0.543697034 2.256124841
vt 0.246093750 0.992187500
vn -0.325493523 -0.632645691 -0.702718575
f 685/685/685 686/686/686 687/687/687
v 0.020193326 -0.556806144 2.315402993
vt 0.003906250 0.507812500
vn -0.325493523 -0.632645691 -0.702718575
v 0.122691329 -0.543697034 2.256124841
vt 0.246093750 0.992187500
vn -0.325493523 -0.632645691 -0.702718575
v 0.129435911 -0.556806144 2.264802717
vt 0.003906250 0.992187500
vn -0.325493523 -0.632645691 -0.702718575
f 688/688/688 689/689/689 690/690/690
v 0.013448745 -0.543697034 2.306725117
vt 0.003906250 0.507812500
vn -0.325493523 0.632645691 -0.702718575
v 0.020193326 -0.530587924 2.315402993
vt 0.246093750 0.507812500
vn -0.325493523 0.632645691 -0.702718575
v 0.129435911 -0.530587924 2.264802717
vt 0.246093750 0.992187500
vn -0.325493523 0.632645691 -0.702718575
f 691/691/691 692/692/692 693/693/693
v 0.013448745 -0.543697034 2.306725117
vt 0.003906250 0.507812500
vn -0.325493523 0.632645691 -0.702718575
v 0.129435911 -0.530587924 2.264802717
vt 0.246093750 0.992187500
vn -0.325493523 0.632645691 -0.702718575
v 0.122691329 -0.543697034 2.256124841
vt 0.003906250 0.992187500
vn -0.325493523 0.632645691 -0.702718575
f 694/694/694 695/695/695 696/696/696
v 0.020193326 -0.530587924 2.315402993
vt 0.003906250 0.507812500
vn 0.325493523 0.632645691 0.702718575
v 0.026937908 -0.543697034 2.324080869
vt 0.246093750 0.507812500
vn 0.325493523 0.632645691 0.702718575
v 0.136180493 -0.543697034 2.273480593
vt 0.246093750 0.992187500
vn 0.325493523 0.632645691 0.702718575
f 697/697/697 698/698/698 699/699/699
v 0.020193326 -0.530587924 2.315402993
vt 0.003906250 0.507812500
vn 0.325493523 0.632645691 0.702718575
v 0.136180493 -0.543697034 2.273480593
vt 0.246093750 0.992187500
vn 0.325493523 0.632645691 0.702718575
v 0.129435911 -0.530587924 2.264802717
vt 0.003906250 0.992187500
vn 0.325493523 0.632645691 0.702718575
f 700/700/700 701/701/701 702/702/702
v 0.026937908 -0.543697034 2.324080869
vt 0.003906250 0.507812500
vn 0.325493523 -0.632645691 0.702718575
v 0.020193326 -0.556806144 2.315402993
vt 0.246093750 0.507812500
vn 0.325493523 -0.632645691 0.702718575
v 0.129435911 -0.556806144 2.264802717
vt 0.246093750 0.992187500
vn 0.325493523 -0.632645691 0.702718575
f 703/703/703 704/704/704 705/705/705
v 0.026937908 -0.543697034 2.324080869
vt 0.003906250 0.507812500
vn 0.325493523 -0.632645691 0.702718575
v 0.129435911 -0.556806144 2.264802717
vt 0.246093750 0.992187500
vn 0.325493523 -0.632645691 0.702718575
v 0.136180493 -0.543697034 2.273480593
vt 0.003906250 0.992187500
vn 0.325493523 -0.632645691 0.702718575
f 706/706/706 707/707/707 708/708/708
o conduit_end
v 0.026937908 -0.543697034 2.324080869
vt 0.003906250 0.507812500
vn -0.789567228 -0.000000000 0.613664072
v 0.020193326 -0.530587924 2.315402993
vt 0.246093750 0.507812500
vn -0.789567228 -0.000000000 0.613664072
v 0.013448745 -0.543697034 2.306725117
vt 0.246093750 0.992187500
vn -0.789567228 -0.000000000 0.613664072
f 709/709/709 710/710/710 711/711/711
v 0.026937908 -0.543697034 2.324080869
vt 0.003906250 0.507812500
vn -0.789567228 0.000000000 0.613664072
v 0.013448745 -0.543697034 2.306725117
vt 0.246093750 0.992187500
vn -0.789567228 0.000000000 0.613664072
v 0.020193326 -0.556806144 2.315402993
vt 0.003906250 0.992187500
vn -0.789567228 0.000000000 0.613664072
f 712/712/712 713/713/713 714/714/714
v 0.129435911 -0.556806144 2.264802717
vt 0.003906250 0.507812500
vn 0.789567228 0.000000000 -0.613664072
v 0.122691329 -0.543697034 2.256124841
vt 0.246093750 0.507812500
vn 0.789567228 0.000000000 -0.613664072
v 0.129435911 -0.530587924 2.264802717
vt 0.246093750 0.992187500
vn 0.789567228 0.000000000 -0.613664072
f 715/715/715 716/716/716 717/717/717
v 0.129435911 -0.556806144 2.264802717
vt 0.003906250 0.507812500
vn 0.789567228 0.000000000 -0.613664072
v 0.129435911 -0.530587924 2.264802717
vt 0.246093750 0.992187500
vn 0.789567228 0.000000000 -0.613664072
v 0.136180493 -0.543697034 2.273480593
vt 0.003906250 0.992187500
vn 0.789567228 0.000000000 -0.613664072
f 718/718/718 719/719/719 720/720/720
o conduit
v 0.129435911 -0.556806144 2.264802717
vt 0.003906250 0.507812500
vn -0.707106781 -0.707106781 0.000000000
v 0.116326801 -0.543697034 2.264802717
vt 0.246093750 0.507812500
vn -0.707106781 -0.707106781 0.000000000
v 0.116326801 -0.543697034 2.003367958
vt 0.246093750 0.992187500
vn -0.707106781 -0.707106781 0.000000000
f 721/721/721 722/722/722 723/723/723
v 0.129435911 -0.556806144 2.264802717
vt 0.003906250 0.507812500
vn -0.707106781 -0.707106781 -0.000000000
v 0.116326801 -0.543697034 2.003367958
vt 0.246093750 0.992187500
vn -0.707106781 -0.707106781 -0.000000000
v 0.129435911 -0.556806144 2.003367958
vt 0.003906250 0.992187500
vn -0.707106781 -0.707106781 -0.000000000
f 724/724/724 725/725/725 726/726/726
v 0.116326801 -0.543697034 2.264802717
vt 0.003906250 0.507812500
vn -0.707106781 0.707106781 0.000000000
v 0.129435911 -0.530587924 2.264802717
vt 0.246093750 0.507812500
vn -0.707106781 0.707106781 0.000000000
v 0.129435911 -0.530587924 2.003367958
vt 0.246093750 0.992187500
vn -0.707106781 0.707106781 0.000000000
f 727/727/727 728/728/728 729/729/729
v 0.116326801 -0.543697034 2.264802717
vt 0.003906250 0.507812500
vn -0.707106781 0.707106781 0.000000000
v 0.129435911 -0.530587924 2.003367958
vt 0.246093750 0.992187500
vn -0.707106781 0.707106781 0.000000000
v 0.116326801 -0.543697034 2.003367958
vt 0.003906250 0.992187500
vn -0.707106781 0.707106781 0.000000000
f 730/730/730 731/731/731 732/732/732
v 0.129435911 -0.530587924 2.264802717
vt 0.003906250 0.507812500
vn 0.707106781 0.707106781 0.000000000
v 0.142545021 -0.543697034 2.264802717
vt 0.246093750 0.507812500
vn 0.707106781 0.707106781 0.000000000
v 0.142545021 -0.543697034 2.003367958
vt 0.246093750 0.992187500
vn 0.707106781 0.707106781 0.000000000
f 733/733/733 734/734/734 735/735/735
v 0.129435911 -0.530587924 2.264802717
vt 0.003906250 0.507812500
vn 0.707106781 0.707106781 0.000000000
v 0.142545021 -0.543697034 2.003367958
vt 0.246093750 0.992187500
vn 0.707106781 0.707106781 0.000000000
v 0.129435911 -0.530587924 2.003367958
vt 0.003906250 0.992187500
vn 0.707106781 0.707106781 0.000000000
f 736/736/736 737/737/737 738/738/738
v 0.142545021 -0.543697034 2.264802717
vt 0.003906250 0.507812500
vn 0.707106781 -0.707106781 0.000000000
v 0.129435911 -0.556806144 2.264802717
vt 0.246093750 0.507812500
vn 0.707106781 -0.707106781 0.000000000
v 0.129435911 -0.556806144 2.003367958
vt 0.246093750 0.992187500
vn 0.707106781 -0.707106781 0.000000000
f 739/739/739 740/740/740 741/741/741
v 0.142545021 -0.543697034 2.264802717
vt 0.003906250 0.507812500
vn 0.707106781 -0.707106781 0.000000000
v 0.129435911 -0.556806144 2.003367958
vt 0.246093750 0.992187500
vn 0.707106781 -0.707106781 0.000000000
v 0.142545021 -0.543697034 2.003367958
vt 0.003906250 0.992187500
vn 0.707106781 -0.707106781 0.000000000
f 742/742/742 743/743/743 744/744/744
o conduit_end
v 0.142545021 -0.543697034 2.264802717
vt 0.003906250 0.507812500
vn 0.000000000 0.000000000 1.000000000
v 0.129435911 -0.530587924 2.264802717
vt 0.246093750 0.507812500
vn 0.000000000 0.000000000 1.000000000
v 0.116326801 -0.543697034 2.264802717
vt 0.246093750 0.992187500
vn 0.000000000 0.000000000 1.000000000
f 745/745/745 746/746/746 747/747/747
v 0.142545021 -0.543697034 2.264802717
vt 0.003906250 0.507812500
vn 0.000000000 0.000000000 1.000000000
v 0.116326801 -0.543697034 2.264802717
vt 0.246093750 0.992187500
vn 0.000000000 0.000000000 1.000000000
v 0.129435911 -0.556806144 2.264802717
vt 0.003906250 0.992187500
vn 0.000000000 0.000000000 1.000000000
f 748/748/748 749/749/749 750/750/750
v 0.129435911 -0.556806144 2.003367958
vt 0.003906250 0.507812500
vn 0.000000000 0.000000000 -1.000000000
v 0.116326801 -0.543697034 2.003367958
vt 0.246093750 0.507812500
vn 0.000000000 0.000000000 -1.000000000
v 0.129435911 -0.530587924 2.003367958
vt 0.246093750 0.992187500
vn 0.000000000 0.000000000 -1.000000000
f 751/751/751 752/752/752 753/753/753
v 0.129435911 -0.556806144 2.003367958
vt 0.003906250 0.507812500
vn 0.000000000 0.000000000 -1.000000000
v 0.129435911 -0.530587924 2.003367958
vt 0.246093750 0.992187500
vn 0.000000000 0.000000000 -1.000000000
v 0.142545021 -0.543697034 2.003367958
vt 0.003906250 0.992187500
vn 0.000000000 0.000000000 -1.000000000
f 754/754/754 755/755/755 756/756/756
o conduit
v -0.034427966 -0.530587924 1.168463406
vt 0.003906250 0.507812500
vn -0.707106781 0.707106781 0.000000000
v -0.047537076 -0.543697034 1.168463406
vt 0.246093750 0.507812500
vn -0.707106781 0.707106781 0.000000000
v -0.047537076 -0.543697034 2.104568510
vt 0.246093750 0.992187500
vn -0.707106781 0.707106781 0.000000000
f 757/757/757 758/758/758 759/759/759
v -0.034427966 -0.530587924 1.168463406
vt 0.003906250 0.507812500
vn -0.707106781 0.707106781 0.000000000
v -0.047537076 -0.543697034 2.104568510
vt 0.246093750 0.992187500
vn -0.707106781 0.707106781 0.000000000
v -0.034427966 -0.530587924 2.104568510
vt 0.003906250 0.992187500
vn -0.707106781 0.707106781 0.000000000
f 760/760/760 761/761/761 762/762/762
v -0.047537076 -0.543697034 1.168463406
vt 0.003906250 0.507812500
vn -0.707106781 -0.707106781 0.000000000
v -0.034427966 -0.556806144 1.168463406
vt 0.246093750 0.507812500
vn -0.707106781 -0.707106781 0.000000000
v -0.034427966 -0.556806144 2.104568510
vt 0.246093750 0.992187500
vn -0.707106781 -0.707106781 0.000000000
f 763/763/763 764/764/764 765/765/765
v -0.047537076 -0.543697034 1.168463406
vt 0.003906250 0.507812500
vn -0.707106781 -0.707106781 0.000000000
v -0.034427966 -0.556806144 2.104568510
vt 0.246093750 0.992187500
vn -0.707106781 -0.707106781 0.000000000
v -0.047537076 -0.543697034 2.104568510
vt 0.003906250 0.992187500
vn -0.707106781 -0.707106781 0.000000000
f 766/766/766 767/767/767 768/768/768
v -0.034427966 -0.556806144 1.168463406
vt 0.003906250 0.507812500
vn 0.707106781 -0.707106781 0.000000000
v -0.021318856 -0.543697034 1.168463406
vt 0.246093750 0.507812500
vn 0.707106781 -0.707106781 0.000000000
v -0.021318856 -0.543697034 2.104568510
vt 0.246093750 0.992187500
vn 0.707106781 -0.707106781 0.000000000
f 769/769/769 770/770/770 771/771/771
v -0.034427966 -0.556806144 1.168463406
vt 0.003906250 0.507812500
vn 0.707106781 -0.707106781 0.000000000
v -0.021318856 -0.543697034 2.104568510
vt 0.246093750 0.992187500
vn 0.707106781 -0.707106781 0.000000000
v -0.034427966 -0.556806144 2.104568510
vt 0.003906250 0.992187500
vn 0.707106781 -0.707106781 0.000000000
f 772/772/772 773/773/773 774/774/774
v -0.021318856 -0.543697034 1.168463406
vt 0.003906250 0.507812500
vn 0.707106781 0.707106781 0.000000000
v -0.034427966 -0.530587924 1.168463406
vt 0.246093750 0.507812500
vn 0.707106781 0.707106781 0.000000000
v -0.034427966 -0.530587924 2.104568510
vt 0.246093750 0.992187500
vn 0.707106781 0.707106781 0.000000000
f 775/775/775 776/776/776 777/777/777
v -0.021318856 -0.543697034 1.168463406
vt 0.003906250 0.507812500
vn 0.707106781 0.707106781 -0.000000000
v -0.034427966 -0.530587924 2.104568510
vt 0.246093750 0.992187500
vn 0.707106781 0.707106781 -0.000000000
v -0.021318856 -0.543697034 2.104568510
vt 0.003906250 0.992187500
vn 0.707106781 0.707106781 -0.000000000
f 778/778/778 779/779/779 780/780/780
o conduit_end
v -0.021318856 -0.543697034 1.168463406
vt 0.003906250 0.507812500
vn -0.000000000 0.000000000 -1.000000000
v -0.034427966 -0.556806144 1.168463406
vt 0.246093750 0.507812500
vn -0.000000000 0.000000000 -1.000000000
v -0.047537076 -0.543697034 1.168463406
vt 0.246093750 0.992187500
vn -0.000000000 0.000000000 -1.000000000
f 781/781/781 782/782/782 783/783/783
v -0.021318856 -0.543697034 1.168463406
vt 0.003906250 0.507812500
vn 0.000000000 0.000000000 -1.000000000
v -0.047537076 -0.543697034 1.168463406
vt 0.246093750 0.992187500
vn 0.000000000 0.000000000 -1.000000000
v -0.034427966 -0.530587924 1.168463406
vt 0.003906250 0.992187500
vn 0.000000000 0.000000000 -1.000000000
f 784/784/784 785/785/785 786/786/786
v -0.034427966 -0.530587924 2.104568510
vt 0.003906250 0.507812500
vn 0.000000000 0.000000000 1.000000000
v -0.047537076 -0.543697034 2.104568510
vt 0.246093750 0.507812500
vn 0.000000000 0.000000000 1.000000000
v -0.034427966 -0.556806144 2.104568510
vt 0.246093750 0.992187500
vn 0.000000000 0.000000000 1.000000000
f 787/787/787 788/788/788 789/789/789
v -0.034427966 -0.530587924 2.104568510
vt 0.003906250 0.507812500
vn 0.000000000 0.000000000 1.000000000
v -0.034427966 -0.556806144 2.104568510
vt 0.246093750 0.992187500
vn 0.000000000 0.000000000 1.000000000
v -0.021318856 -0.543697034 2.104568510
vt 0.003906250 0.992187500
vn 0.000000000 0.000000000 1.000000000
f 790/790/790 791/791/791 792/792/792
o conduit
v -0.034427966 -0.556806144 2.104568510
vt 0.003906250 0.507812500
vn 0.502045095 -0.661232438 -0.557424780
v -0.024474788 -0.543697034 2.097982465
vt 0.246093750 0.507812500
vn 0.502045095 -0.661232438 -0.557424780
v 0.041070763 -0.543697034 2.157016121
vt 0.246093750 0.992187500
vn 0.502045095 -0.661232438 -0.557424780
f 793/793/793 794/794/794 795/795/795
v -0.034427966 -0.556806144 2.104568510
vt 0.003906250 0.507812500
vn 0.502045095 -0.661232438 -0.557424780
v 0.041070763 -0.543697034 2.157016121
vt 0.246093750 0.992187500
vn 0.502045095 -0.661232438 -0.557424780
v 0.031117585 -0.556806144 2.163602165
vt 0.003906250 0.992187500
vn 0.502045095 -0.661232438 -0.557424780
f 796/796/796 797/797/797 798/798/798
v -0.024474788 -0.543697034 2.097982465
vt 0.003906250 0.507812500
vn 0.502045095 0.661232438 -0.557424780
v -0.034427966 -0.530587924 2.104568510
vt 0.246093750 0.507812500
vn 0.502045095 0.661232438 -0.557424780
v 0.031117585 -0.530587924 2.163602165
vt 0.246093750 0.992187500
vn 0.502045095 0.661232438 -0.557424780
f 799/799/799 800/800/800 801/801/801
v -0.024474788 -0.543697034 2.097982465
vt 0.003906250 0.507812500
vn 0.502045095 0.661232438 -0.557424780
v 0.031117585 -0.530587924 2.163602165
vt 0.246093750 0.992187500
vn 0.502045095 0.661232438 -0.557424780
v 0.041070763 -0.543697034 2.157016121
vt 0.003906250 0.992187500
vn 0.502045095 0.661232438 -0.557424780
f 802/802/802 803/803/803 804/804/804
v -0.034427966 -0.530587924 2.104568510
vt 0.003906250 0.507812500
vn -0.502045095 0.661232438 0.557424780
v -0.044381145 -0.543697034 2.111154555
vt 0.246093750 0.507812500
vn -0.502045095 0.661232438 0.557424780
v 0.021164406 -0.543697034 2.170188210
vt 0.246093750 0.992187500
vn -0.502045095 0.661232438 0.557424780
f 805/805/805 806/806/806 807/807/807
v -0.034427966 -0.530587924 2.104568510
vt 0.003906250 0.507812500
vn -0.502045095 0.661232438 0.557424780
v 0.021164406 -0.543697034 2.170188210
vt 0.246093750 0.992187500
vn -0.502045095 0.661232438 0.557424780
v 0.031117585 -0.530587924 2.163602165
vt 0.003906250 0.992187500
vn -0.502045095 0.661232438 0.557424780
f 808/808/808 809/809/809 810/810/810
v -0.044381145 -0.543697034 2.111154555
vt 0.003906250 0.507812500
vn -0.502045095 -0.661232438 0.557424780
v -0.034427966 -0.556806144 2.104568510
vt 0.246093750 0.507812500
vn -0.502045095 -0.661232438 0.557424780
v 0.031117585 -0.556806144 2.163602165
vt 0.246093750 0.992187500
vn -0.502045095 -0.661232438 0.557424780
f 811/811/811 812/812/812 813/813/813
v -0.044381145 -0.543697034 2.111154555
vt 0.003906250 0.507812500
vn -0.502045095 -0.661232438 0.557424780
v 0.031117585 -0.556806144 2.163602165
vt 0.246093750 0.992187500
vn -0.502045095 -0.661232438 0.557424780
v 0.021164406 -0.543697034 2.170188210
vt 0.003906250 0.992187500
vn -0.502045095 -0.661232438 0.557424780
f 814/814/814 815/815/815 816/816/816
o conduit_end
v -0.044381145 -0.543697034 2.111154555
vt 0.003906250 0.507812500
vn -0.551830913 -0.000000000 -0.833956020
v -0.034427966 -0.530587924 2.104568510
vt 0.246093750 0.507812500
vn -0.551830913 -0.000000000 -0.833956020
v -0.024474788 -0.543697034 2.097982465
vt 0.246093750 0.992187500
vn -0.551830913 -0.000000000 -0.833956020
f 817/817/817 818/818/818 819/819/819
v -0.044381145 -0.543697034 2.111154555
vt 0.003906250 0.507812500
vn -0.551830913 0.000000000 -0.833956020
v -0.024474788 -0.543697034 2.097982465
vt 0.246093750 0.992187500
vn -0.551830913 0.000000000 -0.833956020
v -0.034427966 -0.556806144 2.104568510
vt 0.003906250 0.992187500
vn -0.551830913 0.000000000 -0.833956020
f 820/820/820 821/821/821 822/822/822
v 0.031117585 -0.556806144 2.163602165
vt 0.003906250 0.507812500
vn 0.551830913 -0.000000000 0.833956020
v 0.041070763 -0.543697034 2.157016121
vt 0.246093750 0.507812500
vn 0.551830913 -0.000000000 0.833956020
v 0.031117585 -0.530587924 2.163602165
vt 0.246093750 0.992187500
vn 0.551830913 -0.000000000 0.833956020
f 823/823/823 824/824/824 825/825/825
v 0.031117585 -0.556806144 2.163602165
vt 0.003906250 0.507812500
vn 0.551830913 -0.000000000 0.833956020
v 0.031117585 -0.530587924 2.163602165
vt 0.246093750 0.992187500
vn 0.551830913 -0.000000000 0.833956020
v 0.021164406 -0.543697034 2.170188210
vt 0.003906250 0.992187500
vn 0.551830913 -0.000000000 0.833956020
f 826/826/826 827/827/827 828/828/828
o conduit
v 0.031117585 -0.556806144 2.163602165
vt 0.003906250 0.507812500
vn 0.133358684 -0.614753157 -0.777363504
v 0.033961350 -0.543697034 2.153723098
vt 0.246093750 0.507812500
vn 0.133358684 -0.614753157 -0.777363504
v 0.328916329 -0.543697034 2.204323374
vt 0.246093750 0.992187500
vn 0.133358684 -0.614753157 -0.777363504
f 829/829/829 830/830/830 831/831/831
v 0.031117585 -0.556806144 2.163602165
vt 0.003906250 0.507812500
vn 0.133358684 -0.614753157 -0.777363504
v 0.328916329 -0.543697034 2.204323374
vt 0.246093750 0.992187500
vn 0.133358684 -0.614753157 -0.777363504
v 0.326072564 -0.556806144 2.214202441
vt 0.003906250 0.992187500
vn 0.133358684 -0.614753157 -0.777363504
f 832/832/832 833/833/833 834/834/834
v 0.033961350 -0.543697034 2.153723098
vt 0.003906250 0.507812500
vn 0.133358684 0.614753157 -0.777363504
v 0.031117585 -0.530587924 2.163602165
vt 0.246093750 0.507812500
vn 0.133358684 0.614753157 -0.777363504
v 0.326072564 -0.530587924 2.214202441
vt 0.246093750 0.992187500
vn 0.133358684 0.614753157 -0.777363504
f 835/835/835 836/836/836 837/837/837
v 0.033961350 -0.543697034 2.153723098
vt 0.003906250 0.507812500
vn 0.133358684 0.614753157 -0.777363504
v 0.326072564 -0.530587924 2.214202441
vt 0.246093750 0.992187500
vn 0.133358684 0.614753157 -0.777363504
v 0.328916329 -0.543697034 2.204323374
vt 0.003906250 0.992187500
vn 0.133358684 0.614753157 -0.777363504
f 838/838/838 839/839/839 840/840/840
v 0.031117585 -0.530587924 2.163602165
vt 0.003906250 0.507812500
vn -0.133358684 0.614753157 0.777363504
v 0.028273819 -0.543697034 2.173481232
vt 0.246093750 0.507812500
vn -0.133358684 0.614753157 0.777363504
v 0.323228798 -0.543697034 2.224081508
vt 0.246093750 0.992187500
vn -0.133358684 0.614753157 0.777363504
f 841/841/841 842/842/842 843/843/843
v 0.031117585 -0.530587924 2.163602165
vt 0.003906250 0.507812500
vn -0.133358684 0.614753157 0.777363504
v 0.323228798 -0.543697034 2.224081508
vt 0.246093750 0.992187500
vn -0.133358684 0.614753157 0.777363504
v 0.326072564 -0.530587924 2.214202441
vt 0.003906250 0.992187500
vn -0.133358684 0.614753157 0.777363504
f 844/844/844 845/845/845 846/846/846
v 0.028273819 -0.543697034 2.173481232
vt 0.003906250 0.507812500
vn -0.133358684 -0.614753157 0.777363504
v 0.031117585 -0.556806144 2.163602165
vt 0.246093750 0.507812500
vn -0.133358684 -0.614753157 0.777363504
v 0.326072564 -0.556806144 2.214202441
vt 0.246093750 0.992187500
vn -0.133358684 -0.614753157 0.777363504
f 847/847/847 848/848/848 849/849/849
v 0.028273819 -0.543697034 2.173481232
vt 0.003906250 0.507812500
vn -0.133358684 -0.614753157 0.777363504
v 0.326072564 -0.556806144 2.214202441
vt 0.246093750 0.992187500
vn -0.133358684 -0.614753157 0.777363504
v 0.323228798 -0.543697034 2.224081508
vt 0.003906250 0.992187500
vn -0.133358684 -0.614753157 0.777363504
f 850/850/850 851/851/851 852/852/852
o conduit_end
v 0.028273819 -0.543697034 2.173481232
vt 0.003906250 0.507812500
vn -0.960977976 0.000000000 -0.276624890
v 0.031117585 -0.530587924 2.163602165
vt 0.246093750 0.507812500
vn -0.960977976 0.000000000 -0.276624890
v 0.033961350 -0.543697034 2.153723098
vt 0.246093750 0.992187500
vn -0.960977976 0.000000000 -0.276624890
f 853/853/853 854/854/854 855/855/855
v 0.028273819 -0.543697034 2.173481232
vt 0.003906250 0.507812500
vn -0.960977976 0.000000000 -0.276624890
v 0.033961350 -0.543697034 2.153723098
vt 0.246093750 0.992187500
vn -0.960977976 0.000000000 -0.276624890
v 0.031117585 -0.556806144 2.163602165
vt 0.003906250 0.992187500
vn -0.960977976 0.000000000 -0.276624890
f 856/856/856 857/857/857 858/858/858
v 0.326072564 -0.556806144 2.214202441
vt 0.003906250 0.507812500
vn 0.960977976 -0.000000000 0.276624890
v 0.328916329 -0.543697034 2.204323374
vt 0.246093750 0.507812500
vn 0.960977976 -0.000000000 0.276624890
v 0.326072564 -0.530587924 2.214202441
vt 0.246093750 0.992187500
vn 0.960977976 -0.000000000 0.276624890
f 859/859/859 860/860/860 861/861/861
v 0.326072564 -0.556806144 2.214202441
vt 0.003906250 0.507812500
vn 0.960977976 -0.000000000 0.276624890
v 0.326072564 -0.530587924 2.214202441
vt 0.246093750 0.992187500
vn 0.960977976 -0.000000000 0.276624890
v 0.323228798 -0.543697034 2.224081508
vt 0.003906250 0.992187500
vn 0.960977976 -0.000000000 0.276624890
f 862/862/862 863/863/863 864/864/864
o conduit
v 0.326072564 -0.556806144 2.214202441
vt 0.003906250 0.507812500
vn -0.509006911 -0.662578511 -0.549455805
v 0.316001866 -0.543697034 2.207723740
vt 0.246093750 0.507812500
vn -0.509006911 -0.662578511 -0.549455805
v 0.370623159 -0.543697034 2.157123464
vt 0.246093750 0.992187500
vn -0.509006911 -0.662578511 -0.549455805
f 865/865/865 866/866/866 867/867/867
v 0.326072564 -0.556806144 2.214202441
vt 0.003906250 0.507812500
vn -0.509006911 -0.662578511 -0.549455805
v 0.370623159 -0.543697034 2.157123464
vt 0.246093750 0.992187500
vn -0.509006911 -0.662578511 -0.549455805
v 0.380693856 -0.556806144 2.163602165
vt 0.003906250 0.992187500
vn -0.509006911 -0.662578511 -0.549455805
f 868/868/868 869/869/869 870/870/870
v 0.316001866 -0.543697034 2.207723740
vt 0.003906250 0.507812500
vn -0.509006911 0.662578511 -0.549455805
v 0.326072564 -0.530587924 2.214202441
vt 0.246093750 0.507812500
vn -0.509006911 0.662578511 -0.549455805
v 0.380693856 -0.530587924 2.163602165
vt 0.246093750 0.992187500
vn -0.509006911 0.662578511 -0.549455805
f 871/871/871 872/872/872 873/873/873
v 0.316001866 -0.543697034 2.207723740
vt 0.003906250 0.507812500
vn -0.509006911 0.662578511 -0.549455805
v 0.380693856 -0.530587924 2.163602165
vt 0.246093750 0.992187500
vn -0.509006911 0.662578511 -0.549455805
v 0.370623159 -0.543697034 2.157123464
vt 0.003906250 0.992187500
vn -0.509006911 0.662578511 -0.549455805
f 874/874/874 875/875/875 876/876/876
v 0.326072564 -0.530587924 2.214202441
vt 0.003906250 0.507812500
vn 0.509006911 0.662578511 0.549455805
v 0.336143261 -0.543697034 2.220681143
vt 0.246093750 0.507812500
vn 0.509006911 0.662578511 0.549455805
v 0.390764553 -0.543697034 2.170080867
vt 0.246093750 0.992187500
vn 0.509006911 0.662578511 0.549455805
f 877/877/877 878/878/878 879/879/879
v 0.326072564 -0.530587924 2.214202441
vt 0.003906250 0.507812500
vn 0.509006911 0.662578511 0.549455805
v 0.390764553 -0.543697034 2.170080867
vt 0.246093750 0.992187500
vn 0.509006911 0.662578511 0.549455805
v 0.380693856 -0.530587924 2.163602165
vt 0.003906250 0.992187500
vn 0.509006911 0.662578511 0.549455805
f 880/880/880 881/881/881 882/882/882
v 0.336143261 -0.543697034 2.220681143
vt 0.003906250 0.507812500
vn 0.509006911 -0.662578511 0.549455805
v 0.326072564 -0.556806144 2.214202441
vt 0.246093750 0.507812500
vn 0.509006911 -0.662578511 0.549455805
v 0.380693856 -0.556806144 2.163602165
vt 0.246093750 0.992187500
vn 0.509006911 -0.662578511 0.549455805
f 883/883/883 884/884/884 885/885/885
v 0.336143261 -0.543697034 2.220681143
vt 0.003906250 0.507812500
vn 0.509006911 -0.662578511 0.549455805
v 0.380693856 -0.556806144 2.163602165
vt 0.246093750 0.992187500
vn 0.509006911 -0.662578511 0.549455805
v 0.390764553 -0.543697034 2.170080867
vt 0.003906250 0.992187500
vn 0.509006911 -0.662578511 0.549455805
f 886/886/886 887/887/887 888/888/888
o conduit_end
v 0.336143261 -0.543697034 2.220681143
vt 0.003906250 0.507812500
vn -0.541034203 0.000000000 0.841000589
v 0.326072564 -0.530587924 2.214202441
vt 0.246093750 0.507812500
vn -0.541034203 0.000000000 0.841000589
v 0.316001866 -0.543697034 2.207723740
vt 0.246093750 0.992187500
vn -0.541034203 0.000000000 0.841000589
f 889/889/889 890/890/890 891/891/891
v 0.336143261 -0.543697034 2.220681143
vt 0.003906250 0.507812500
vn -0.541034203 -0.000000000 0.841000589
v 0.316001866 -0.543697034 2.207723740
vt 0.246093750 0.992187500
vn -0.541034203 -0.000000000 0.841000589
v 0.326072564 -0.556806144 2.214202441
vt 0.003906250 0.992187500
vn -0.541034203 -0.000000000 0.841000589
f 892/892/892 893/893/893 894/894/894
v 0.380693856 -0.556806144 2.163602165
vt 0.003906250 0.507812500
vn 0.541034203 0.000000000 -0.841000589
v 0.370623159 -0.543697034 2.157123464
vt 0.246093750 0.507812500
vn 0.541034203 0.000000000 -0.841000589
v 0.380693856 -0.530587924 2.163602165
vt 0.246093750 0.992187500
vn 0.541034203 0.000000000 -0.841000589
f 895/895/895 896/896/896 897/897/897
v 0.380693856 -0.556806144 2.163602165
vt 0.003906250 0.507812500
vn 0.541034203 0.000000000 -0.841000589
v 0.380693856 -0.530587924 2.163602165
vt 0.246093750 0.992187500
vn 0.541034203 0.000000000 -0.841000589
v 0.390764553 -0.543697034 2.170080867
vt 0.003906250 0.992187500
vn 0.541034203 0.000000000 -0.841000589
f 898/898/898 899/899/899 900/900/900
o conduit
v 0.380693856 -0.556806144 2.163602165
vt 0.003906250 0.507812500
vn -0.707106781 -0.707106781 0.000000000
v 0.367584746 -0.543697034 2.163602165
vt 0.246093750 0.507812500
vn -0.707106781 -0.707106781 0.000000000
v 0.367584746 -0.543697034 1.202196923
vt 0.246093750 0.992187500
vn -0.707106781 -0.707106781 0.000000000
f 901/901/901 902/902/902 903/903/903
v 0.380693856 -0.556806144 2.163602165
vt 0.003906250 0.507812500
vn -0.707106781 -0.707106781 -0.000000000
v 0.367584746 -0.543697034 1.202196923
vt 0.246093750 0.992187500
vn -0.707106781 -0.707106781 -0.000000000
v 0.380693856 -0.556806144 1.202196923
vt 0.003906250 0.992187500
vn -0.707106781 -0.707106781 -0.000000000
f 904/904/904 905/905/905 906/906/906
v 0.367584746 -0.543697034 2.163602165
vt 0.003906250 0.507812500
vn -0.707106781 0.707106781 0.000000000
v 0.380693856 -0.530587924 2.163602165
vt 0.246093750 0.507812500
vn -0.707106781 0.707106781 0.000000000
v 0.380693856 -0.530587924 1.202196923
vt 0.246093750 0.992187500
vn -0.707106781 0.707106781 0.000000000
f 907/907/907 908/908/908 909/909/909
v 0.367584746 -0.543697034 2.163602165
vt 0.003906250 0.507812500
vn -0.707106781 0.707106781 0.000000000
v 0.380693856 -0.530587924 1.202196923
vt 0.246093750 0.992187500
vn -0.707106781 0.707106781 0.000000000
v 0.367584746 -0.543697034 1.202196923
vt 0.003906250 0.992187500
vn -0.707106781 0.707106781 0.000000000
f 910/910/910 911/911/911 912/912/912
v 0.380693856 -0.530587924 2.163602165
vt 0.003906250 0.507812500
vn 0.707106781 0.707106781 0.000000000
v 0.393802966 -0.543697034 2.163602165
vt 0.246093750 0.507812500
vn 0.707106781 0.707106781 0.000000000
v 0.393802966 -0.543697034 1.202196923
vt 0.246093750 0.992187500
vn 0.707106781 0.707106781 0.000000000
f 913/913/913 914/914/914 915/915/915
v 0.380693856 -0.530587924 2.163602165
vt 0.003906250 0.507812500
vn 0.707106781 0.707106781 0.000000000
v 0.393802966 -0.543697034 1.202196923
vt 0.246093750 0.992187500
vn 0.707106781 0.707106781 0.000000000
v 0.380693856 -0.530587924 1.202196923
vt 0.003906250 0.992187500
vn 0.707106781 0.707106781 0.000000000
f 916/916/916 917/917/917 918/918/918
v 0.393802966 -0.543697034 2.163602165
vt 0.003906250 0.507812500
vn 0.707106781 -0.707106781 0.000000000
v 0.380693856 -0.556806144 2.163602165
vt 0.246093750 0.507812500
vn 0.707106781 -0.707106781 0.000000000
v 0.380693856 -0.556806144 1.202196923
vt 0.246093750 0.992187500
vn 0.707106781 -0.707106781 0.000000000
f 919/919/919 920/920/920 921/921/921
v 0.393802966 -0.543697034 2.163602165
vt 0.003906250 0.507812500
vn 0.707106781 -0.707106781 0.000000000
v 0.380693856 -0.556806144 1.202196923
vt 0.246093750 0.992187500
vn 0.707106781 -0.707106781 0.000000000
v 0.393802966 -0.543697034 1.202196923
vt 0.003906250 0.992187500
vn 0.707106781 -0.707106781 0.000000000
f 922/922/922 923/923/923 924/924/924
o conduit_end
v 0.393802966 -0.543697034 2.163602165
vt 0.003906250 0.507812500
vn 0.000000000 0.000000000 1.000000000
v 0.380693856 -0.530587924 2.163602165
vt 0.246093750 0.507812500
vn 0.000000000 0.000000000 1.000000000
v 0.367584746 -0.543697034 2.163602165
vt 0.246093750 0.992187500
vn 0.000000000 0.000000000 1.000000000
f 925/925/925 926/926/926 927/927/927
v 0.393802966 -0.543697034 2.163602165
vt 0.003906250 0.507812500
vn 0.000000000 0.000000000 1.000000000
v 0.367584746 -0.543697034 2.163602165
vt 0.246093750 0.992187500
vn 0.000000000 0.000000000 1.000000000
v 0.380693856 -0.556806144 2.163602165
vt 0.003906250 0.992187500
vn 0.000000000 0.000000000 1.000000000
f 928/928/928 929/929/929 930/930/930
v 0.380693856 -0.556806144 1.202196923
vt 0.003906250 0.507812500
vn 0.000000000 0.000000000 -1.000000000
v 0.367584746 -0.543697034 1.202196923
vt 0.246093750 0.507812500
vn 0.000000000 0.000000000 -1.000000000
v 0.380693856 -0.530587924 1.202196923
vt 0.246093750 0.992187500
vn 0.000000000 0.000000000 -1.000000000
f 931/931/931 932/932/932 933/933/933
v 0.380693856 -0.556806144 1.202196923
vt 0.003906250 0.507812500
vn 0.000000000 0.000000000 -1.000000000
v 0.380693856 -0.530587924 1.202196923
vt 0.246093750 0.992187500
vn 0.000000000 0.000000000 -1.000000000
v 0.393802966 -0.543697034 1.202196923
vt 0.003906250 0.992187500
vn 0.000000000 0.000000000 -1.000000000
f 934/934/934 935/935/935 936/936/936
o conduit
v 0.380693856 -0.556806144 1.202196923
vt 0.003906250 0.507812500
vn -0.625819876 -0.687437303 0.368482616
v 0.368759761 -0.543697034 1.206384632
vt 0.246093750 0.507812500
vn -0.625819876 -0.687437303 0.368482616
v 0.314138469 -0.543697034 1.113617459
vt 0.246093750 0.992187500
vn -0.625819876 -0.687437303 0.368482616
f 937/937/937 938/938/938 939/939/939
v 0.380693856 -0.556806144 1.202196923
vt 0.003906250 0.507812500
vn -0.625819876 -0.687437303 0.368482616
v 0.314138469 -0.543697034 1.113617459
vt 0.246093750 0.992187500
vn -0.625819876 -0.687437303 0.368482616
v 0.326072564 -0.556806144 1.109429751
vt 0.003906250 0.992187500
vn -0.625819876 -0.687437303 0.368482616
f 940/940/940 941/941/941 942/942/942
v 0.368759761 -0.543697034 1.206384632
vt 0.003906250 0.507812500
vn -0.625819876 0.687437303 0.368482616
v 0.380693856 -0.530587924 1.202196923
vt 0.246093750 0.507812500
vn -0.625819876 0.687437303 0.368482616
v 0.326072564 -0.530587924 1.109429751
vt 0.246093750 0.992187500
vn -0.625819876 0.687437303 0.368482616
f 943/943/943 944/944/944 945/945/945
v 0.368759761 -0.543697034 1.206384632
vt 0.003906250 0.507812500
vn -0.625819876 0.687437303 0.368482616
v 0.326072564 -0.530587924 1.109429751
vt 0.246093750 0.992187500
vn -0.625819876 0.687437303 0.368482616
v 0.314138469 -0.543697034 1.113617459
vt 0.003906250 0.992187500
vn -0.625819876 0.687437303 0.368482616
f 946/946/946 947/947/947 948/948/948
v 0.380693856 -0.530587924 1.202196923
vt 0.003906250 0.507812500
vn 0.625819876 0.687437303 -0.368482616
v 0.392627950 -0.543697034 1.198009215
vt 0.246093750 0.507812500
vn 0.625819876 0.687437303 -0.368482616
v 0.338006658 -0.543697034 1.105242042
vt 0.246093750 0.992187500
vn 0.625819876 0.687437303 -0.368482616
f 949/949/949 950/950/950 951/951/951
v 0.380693856 -0.530587924 1.202196923
vt 0.003906250 0.507812500
vn 0.625819876 0.687437303 -0.368482616
v 0.338006658 -0.543697034 1.105242042
vt 0.246093750 0.992187500
vn 0.625819876 0.687437303 -0.368482616
v 0.326072564 -0.530587924 1.109429751
vt 0.003906250 0.992187500
vn 0.625819876 0.687437303 -0.368482616
f 952/952/952 953/953/953 954/954/954
v 0.392627950 -0.543697034 1.198009215
vt 0.003906250 0.507812500
vn 0.625819876 -0.687437303 -0.368482616
v 0.380693856 -0.556806144 1.202196923
vt 0.246093750 0.507812500
vn 0.625819876 -0.687437303 -0.368482616
v 0.326072564 -0.556806144 1.109429751
vt 0.246093750 0.992187500
vn 0.625819876 -0.687437303 -0.368482616
f 955/955/955 956/956/956 957/957/957
v 0.392627950 -0.543697034 1.198009215
vt 0.003906250 0.507812500
vn 0.625819876 -0.687437303 -0.368482616
v 0.326072564 -0.556806144 1.109429751
vt 0.246093750 0.992187500
vn 0.625819876 -0.687437303 -0.368482616
v 0.338006658 -0.543697034 1.105242042
vt 0.003906250 0.992187500
vn 0.625819876 -0.687437303 -0.368482616
f 958/958/958 959/959/959 960/960/960
o conduit_end
v 0.392627950 -0.543697034 1.198009215
vt 0.003906250 0.507812500
vn 0.331109330 -0.000000000 0.943592397
v 0.380693856 -0.530587924 1.202196923
vt 0.246093750 0.507812500
vn 0.331109330 -0.000000000 0.943592397
v 0.368759761 -0.543697034 1.206384632
vt 0.246093750 0.992187500
vn 0.331109330 -0.000000000 0.943592397
f 961/961/961 962/962/962 963/963/963
v 0.392627950 -0.543697034 1.198009215
vt 0.003906250 0.507812500
vn 0.331109330 0.000000000 0.943592397
v 0.368759761 -0.543697034 1.206384632
vt 0.246093750 0.992187500
vn 0.331109330 0.000000000 0.943592397
v 0.380693856 -0.556806144 1.202196923
vt 0.003906250 0.992187500
vn 0.331109330 0.000000000 0.943592397
f 964/964/964 965/965/965 966/966/966
v 0.326072564 -0.556806144 1.109429751
vt 0.003906250 0.507812500
vn -0.331109330 0.000000000 -0.943592397
v 0.314138469 -0.543697034 1.113617459
vt 0.246093750 0.507812500
vn -0.331109330 0.000000000 -0.943592397
v 0.326072564 -0.530587924 1.109429751
vt 0.246093750 0.992187500
vn -0.331109330 0.000000000 -0.943592397
f 967/967/967 968/968/968 969/969/969
v 0.326072564 -0.556806144 1.109429751
vt 0.003906250 0.507812500
vn -0.331109330 0.000000000 -0.943592397
v 0.326072564 -0.530587924 1.109429751
vt 0.246093750 0.992187500
vn -0.331109330 0.000000000 -0.943592397
v 0.338006658 -0.543697034 1.105242042
vt 0.003906250 0.992187500
vn -0.331109330 0.000000000 -0.943592397
f 970/970/970 971/971/971 972/972/972
o conduit
v 0.326072564 -0.530587924 1.109429751
vt 0.003906250 0.507812500
vn 0.195734046 0.618965401 -0.760637900
v 0.330218028 -0.543697034 1.099829024
vt 0.246093750 0.507812500
vn 0.195734046 0.618965401 -0.760637900
v 0.166354151 -0.543697034 1.057662127
vt 0.246093750 0.992187500
vn 0.195734046 0.618965401 -0.760637900
f 973/973/973 974/974/974 975/975/975
v 0.326072564 -0.530587924 1.109429751
vt 0.003906250 0.507812500
vn 0.195734046 0.618965401 -0.760637900
v 0.166354151 -0.543697034 1.057662127
vt 0.246093750 0.992187500
vn 0.195734046 0.618965401 -0.760637900
v 0.162208686 -0.530587924 1.067262854
vt 0.003906250 0.992187500
vn 0.195734046 0.618965401 -0.760637900
f 976/976/976 977/977/977 978/978/978
v 0.330218028 -0.543697034 1.099829024
vt 0.003906250 0.507812500
vn 0.195734046 -0.618965401 -0.760637900
v 0.326072564 -0.556806144 1.109429751
vt 0.246093750 0.507812500
vn 0.195734046 -0.618965401 -0.760637900
v 0.162208686 -0.556806144 1.067262854
vt 0.246093750 0.992187500
vn 0.195734046 -0.618965401 -0.760637900
f 979/979/979 980/980/980 981/981/981
v 0.330218028 -0.543697034 1.099829024
vt 0.003906250 0.507812500
vn 0.195734046 -0.618965401 -0.760637900
v 0.162208686 -0.556806144 1.067262854
vt 0.246093750 0.992187500
vn 0.195734046 -0.618965401 -0.760637900
v 0.166354151 -0.543697034 1.057662127
vt 0.003906250 0.992187500
vn 0.195734046 -0.618965401 -0.760637900
f 982/982/982 983/983/983 984/984/984
v 0.326072564 -0.556806144 1.109429751
vt 0.003906250 0.507812500
vn -0.195734046 -0.618965401 0.760637900
v 0.321927099 -0.543697034 1.119030478
vt 0.246093750 0.507812500
vn -0.195734046 -0.618965401 0.760637900
v 0.158063222 -0.543697034 1.076863582
vt 0.246093750 0.992187500
vn -0.195734046 -0.618965401 0.760637900
f 985/985/985 986/986/986 987/987/987
v 0.326072564 -0.556806144 1.109429751
vt 0.003906250 0.507812500
vn -0.195734046 -0.618965401 0.760637900
v 0.158063222 -0.543697034 1.076863582
vt 0.246093750 0.992187500
vn -0.195734046 -0.618965401 0.760637900
v 0.162208686 -0.556806144 1.067262854
vt 0.003906250 0.992187500
vn -0.195734046 -0.618965401 0.760637900
f 988/988/988 989/989/989 990/990/990
v 0.321927099 -0.543697034 1.119030478
vt 0.003906250 0.507812500
vn -0.195734046 0.618965401 0.760637900
v 0.326072564 -0.530587924 1.109429751
vt 0.246093750 0.507812500
vn -0.195734046 0.618965401 0.760637900
v 0.162208686 -0.530587924 1.067262854
vt 0.246093750 0.992187500
vn -0.195734046 0.618965401 0.760637900
f 991/991/991 992/992/992 993/993/993
v 0.321927099 -0.543697034 1.119030478
vt 0.003906250 0.507812500
vn -0.195734046 0.618965401 0.760637900
v 0.162208686 -0.530587924 1.067262854
vt 0.246093750 0.992187500
vn -0.195734046 0.618965401 0.760637900
v 0.158063222 -0.543697034 1.076863582
vt 0.003906250 0.992187500
vn -0.195734046 0.618965401 0.760637900
f 994/994/994 995/995/995 996/996/996
o conduit_end
v 0.321927099 -0.543697034 1.119030478
vt 0.003906250 0.507812500
vn 0.918072933 0.000000000 0.396411515
v 0.326072564 -0.556806144 1.109429751
vt 0.246093750 0.507812500
vn 0.918072933 0.000000000 0.396411515
v 0.330218028 -0.543697034 1.099829024
vt 0.246093750 0.992187500
vn 0.918072933 0.000000000 0.396411515
f 997/997/997 998/998/998 999/999/999
v 0.321927099 -0.543697034 1.119030478
vt 0.003906250 0.507812500
vn 0.918072933 0.000000000 0.396411515
v 0.330218028 -0.543697034 1.099829024
vt 0.246093750 0.992187500
vn 0.918072933 0.000000000 0.396411515
v 0.326072564 -0.530587924 1.109429751
vt 0.003906250 0.992187500
vn 0.918072933 0.000000000 0.396411515
f 1000/1000/1000 1001/1001/1001 1002/1002/1002
v 0.162208686 -0.530587924 1.067262854
vt 0.003906250 0.507812500
vn -0.918072933 -0.000000000 -0.396411515
v 0.166354151 -0.543697034 1.057662127
vt 0.246093750 0.507812500
vn -0.918072933 -0.000000000 -0.396411515
v 0.162208686 -0.556806144 1.067262854
vt 0.246093750 0.992187500
vn -0.918072933 -0.000000000 -0.396411515
f 1003/1003/1003 1004/1004/1004 1005/1005/1005
v 0.162208686 -0.530587924 1.067262854
vt 0.003906250 0.507812500
vn -0.918072933 -0.000000000 -0.396411515
v 0.162208686 -0.556806144 1.067262854
vt 0.246093750 0.992187500
vn -0.918072933 -0.000000000 -0.396411515
v 0.158063222 -0.543697034 1.076863582
vt 0.003906250 0.992187500
vn -0.918072933 -0.000000000 -0.396411515
f 1006/1006/1006 1007/1007/1007 1008/1008/1008
o conduit
v 0.020193326 -0.545881886 1.041962716
vt 0.003906250 0.507812500
vn -0.130559477 -0.614601023 -0.777958742
v 0.017408563 -0.532772775 1.032073638
vt 0.246093750 0.507812500
vn -0.130559477 -0.614601023 -0.777958742
v 0.268666508 -0.532772775 0.989906741
vt 0.246093750 0.992187500
vn -0.130559477 -0.614601023 -0.777958742
f 1009/1009/1009 1010/1010/1010 1011/1011/1011
v 0.020193326 -0.545881886 1.041962716
vt 0.003906250 0.507812500
vn -0.130559477 -0.614601023 -0.777958742
v 0.268666508 -0.532772775 0.989906741
vt 0.246093750 0.992187500
vn -0.130559477 -0.614601023 -0.777958742
v 0.271451271 -0.545881886 0.999795820
vt 0.003906250 0.992187500
vn -0.130559477 -0.614601023 -0.777958742
f 1012/1012/1012 1013/1013/1013 1014/1014/1014
v 0.017408563 -0.532772775 1.032073638
vt 0.003906250 0.507812500
vn -0.130559477 0.614601023 -0.777958742
v 0.020193326 -0.519663665 1.041962716
vt 0.246093750 0.507812500
vn -0.130559477 0.614601023 -0.777958742
v 0.271451271 -0.519663665 0.999795820
vt 0.246093750 0.992187500
vn -0.130559477 0.614601023 -0.777958742
f 1015/1015/1015 1016/1016/1016 1017/1017/1017
v 0.017408563 -0.532772775 1.032073638
vt 0.003906250 0.507812500
vn -0.130559477 0.614601023 -0.777958742
v 0.271451271 -0.519663665 0.999795820
vt 0.246093750 0.992187500
vn -0.130559477 0.614601023 -0.777958742
v 0.268666508 -0.532772775 0.989906741
vt 0.003906250 0.992187500
vn -0.130559477 0.614601023 -0.777958742
f 1018/1018/1018 1019/1019/1019 1020/1020/1020
v 0.020193326 -0.519663665 1.041962716
vt 0.003906250 0.507812500
vn 0.130559477 0.614601023 0.777958742
v 0.022978090 -0.532772775 1.051851795
vt 0.246093750 0.507812500
vn 0.130559477 0.614601023 0.777958742
v 0.274236035 -0.532772775 1.009684898
vt 0.246093750 0.992187500
vn 0.130559477 0.614601023 0.777958742
f 1021/1021/1021 1022/1022/1022 1023/1023/1023
v 0.020193326 -0.519663665 1.041962716
vt 0.003906250 0.507812500
vn 0.130559477 0.614601023 0.777958742
v 0.274236035 -0.532772775 1.009684898
vt 0.246093750 0.992187500
vn 0.130559477 0.614601023 0.777958742
v 0.271451271 -0.519663665 0.999795820
vt 0.003906250 0.992187500
vn 0.130559477 0.614601023 0.777958742
f 1024/1024/1024 1025/1025/1025 1026/1026/1026
v 0.022978090 -0.532772775 1.051851795
vt 0.003906250 0.507812500
vn 0.130559477 -0.614601023 0.777958742
v 0.020193326 -0.545881886 1.041962716
vt 0.246093750 0.507812500
vn 0.130559477 -0.614601023 0.777958742
v 0.271451271 -0.545881886 0.999795820
vt 0.246093750 0.992187500
vn 0.130559477 -0.614601023 0.777958742
f 1027/1027/1027 1028/1028/1028 1029/1029/1029
v 0.022978090 -0.532772775 1.051851795
vt 0.003906250 0.507812500
vn 0.130559477 -0.614601023 0.777958742
v 0.271451271 -0.545881886 0.999795820
vt 0.246093750 0.992187500
vn 0.130559477 -0.614601023 0.777958742
v 0.274236035 -0.532772775 1.009684898
vt 0.003906250 0.992187500
vn 0.130559477 -0.614601023 0.777958742
f 1030/1030/1030 1031/1031/1031 1032/1032/1032
o conduit_end
v 0.022978090 -0.532772775 1.051851795
vt 0.003906250 0.507812500
vn -0.962563107 0.000000000 0.271057678
v 0.020193326 -0.519663665 1.041962716
vt 0.246093750 0.507812500
vn -0.962563107 0.000000000 0.271057678
v 0.017408563 -0.532772775 1.032073638
vt 0.246093750 0.992187500
vn -0.962563107 0.000000000 0.271057678
f 1033/1033/1033 1034/1034/1034 1035/1035/1035
v 0.022978090 -0.532772775 1.051851795
vt 0.003906250 0.507812500
vn -0.962563107 -0.000000000 0.271057678
v 0.017408563 -0.532772775 1.032073638
vt 0.246093750 0.992187500
vn -0.962563107 -0.000000000 0.271057678
v 0.020193326 -0.545881886 1.041962716
vt 0.003906250 0.992187500
vn -0.962563107 -0.000000000 0.271057678
f 1036/1036/1036 1037/1037/1037 1038/1038/1038
v 0.271451271 -0.545881886 0.999795820
vt 0.003906250 0.507812500
vn 0.962563107 0.000000000 -0.271057678
v 0.268666508 -0.532772775 0.989906741
vt 0.246093750 0.507812500
vn 0.962563107 0.000000000 -0.271057678
v 0.271451271 -0.519663665 0.999795820
vt 0.246093750 0.992187500
vn 0.962563107 0.000000000 -0.271057678
f 1039/1039/1039 1040/1040/1040 1041/1041/1041
v 0.271451271 -0.545881886 0.999795820
vt 0.003906250 0.507812500
vn 0.962563107 0.000000000 -0.271057678
v 0.271451271 -0.519663665 0.999795820
vt 0.246093750 0.992187500
vn 0.962563107 0.000000000 -0.271057678
v 0.274236035 -0.532772775 1.009684898
vt 0.003906250 0.992187500
vn 0.962563107 0.000000000 -0.271057678
f 1042/1042/1042 1043/1043/1043 1044/1044/1044
o conduit
v 0.271451271 -0.545881886 0.999795820
vt 0.003906250 0.507812500
vn 0.612048622 -0.684291162 -0.396411515
v 0.283176416 -0.532772775 0.995269993
vt 0.246093750 0.507812500
vn 0.612048622 -0.684291162 -0.396411515
v 0.337797708 -0.532772775 1.079603787
vt 0.246093750 0.992187500
vn 0.612048622 -0.684291162 -0.396411515
f 1045/1045/1045 1046/1046/1046 1047/1047/1047
v 0.271451271 -0.545881886 0.999795820
vt 0.003906250 0.507812500
vn 0.612048622 -0.684291162 -0.396411515
v 0.337797708 -0.532772775 1.079603787
vt 0.246093750 0.992187500
vn 0.612048622 -0.684291162 -0.396411515
v 0.326072564 -0.545881886 1.084129613
vt 0.003906250 0.992187500
vn 0.612048622 -0.684291162 -0.396411515
f 1048/1048/1048 1049/1049/1049 1050/1050/1050
v 0.283176416 -0.532772775 0.995269993
vt 0.003906250 0.507812500
vn 0.612048622 0.684291162 -0.396411515
v 0.271451271 -0.519663665 0.999795820
vt 0.246093750 0.507812500
vn 0.612048622 0.684291162 -0.396411515
v 0.326072564 -0.519663665 1.084129613
vt 0.246093750 0.992187500
vn 0.612048622 0.684291162 -0.396411515
f 1051/1051/1051 1052/1052/1052 1053/1053/1053
v 0.283176416 -0.532772775 0.995269993
vt 0.003906250 0.507812500
vn 0.612048622 0.684291162 -0.396411515
v 0.326072564 -0.519663665 1.084129613
vt 0.246093750 0.992187500
vn 0.612048622 0.684291162 -0.396411515
v 0.337797708 -0.532772775 1.079603787
vt 0.003906250 0.992187500
vn 0.612048622 0.684291162 -0.396411515
f 1054/1054/1054 1055/1055/1055 1056/1056/1056
v 0.271451271 -0.519663665 0.999795820
vt 0.003906250 0.507812500
vn -0.612048622 0.684291162 0.396411515
v 0.259726127 -0.532772775 1.004321646
vt 0.246093750 0.507812500
vn -0.612048622 0.684291162 0.396411515
v 0.314347419 -0.532772775 1.088655439
vt 0.246093750 0.992187500
vn -0.612048622 0.684291162 0.396411515
f 1057/1057/1057 1058/1058/1058 1059/1059/1059
v 0.271451271 -0.519663665 0.999795820
vt 0.003906250 0.507812500
vn -0.612048622 0.684291162 0.396411515
v 0.314347419 -0.532772775 1.088655439
vt 0.246093750 0.992187500
vn -0.612048622 0.684291162 0.396411515
v 0.326072564 -0.519663665 1.084129613
vt 0.003906250 0.992187500
vn -0.612048622 0.684291162 0.396411515
f 1060/1060/1060 1061/1061/1061 1062/1062/1062
v 0.259726127 -0.532772775 1.004321646
vt 0.003906250 0.507812500
vn -0.612048622 -0.684291162 0.396411515
v 0.271451271 -0.545881886 0.999795820
vt 0.246093750 0.507812500
vn -0.612048622 -0.684291162 0.396411515
v 0.326072564 -0.545881886 1.084129613
vt 0.246093750 0.992187500
vn -0.612048622 -0.684291162 0.396411515
f 1063/1063/1063 1064/1064/1064 1065/1065/1065
v 0.259726127 -0.532772775 1.004321646
vt 0.003906250 0.507812500
vn -0.612048622 -0.684291162 0.396411515
v 0.326072564 -0.545881886 1.084129613
vt 0.246093750 0.992187500
vn -0.612048622 -0.684291162 0.396411515
v 0.314347419 -0.532772775 1.088655439
vt 0.003906250 0.992187500
vn -0.612048622 -0.684291162 0.396411515
f 1066/1066/1066 1067/1067/1067 1068/1068/1068
o conduit_end
v 0.259726127 -0.532772775 1.004321646
vt 0.003906250 0.507812500
vn -0.360098575 -0.000000000 -0.932914260
v 0.271451271 -0.519663665 0.999795820
vt 0.246093750 0.507812500
vn -0.360098575 -0.000000000 -0.932914260
v 0.283176416 -0.532772775 0.995269993
vt 0.246093750 0.992187500
vn -0.360098575 -0.000000000 -0.932914260
f 1069/1069/1069 1070/1070/1070 1071/1071/1071
v 0.259726127 -0.532772775 1.004321646
vt 0.003906250 0.507812500
vn -0.360098575 0.000000000 -0.932914260
v 0.283176416 -0.532772775 0.995269993
vt 0.246093750 0.992187500
vn -0.360098575 0.000000000 -0.932914260
v 0.271451271 -0.545881886 0.999795820
vt 0.003906250 0.992187500
vn -0.360098575 0.000000000 -0.932914260
f 1072/1072/1072 1073/1073/1073 1074/1074/1074
v 0.326072564 -0.545881886 1.084129613
vt 0.003906250 0.507812500
vn 0.360098575 -0.000000000 0.932914260
v 0.337797708 -0.532772775 1.079603787
vt 0.246093750 0.507812500
vn 0.360098575 -0.000000000 0.932914260
v 0.326072564 -0.519663665 1.084129613
vt 0.246093750 0.992187500
vn 0.360098575 -0.000000000 0.932914260
f 1075/1075/1075 1076/1076/1076 1077/1077/1077
v 0.326072564 -0.545881886 1.084129613
vt 0.003906250 0.507812500
vn 0.360098575 -0.000000000 0.932914260
v 0.326072564 -0.519663665 1.084129613
vt 0.246093750 0.992187500
vn 0.360098575 -0.000000000 0.932914260
v 0.314347419 -0.532772775 1.088655439
vt 0.003906250 0.992187500
vn 0.360098575 -0.000000000 0.932914260
f 1078/1078/1078 1079/1079/1079 1080/1080/1080
o conduit
v 0.326072564 -0.519663665 1.084129613
vt 0.003906250 0.507812500
vn -0.707106781 0.707106781 0.000000000
v 0.312963453 -0.532772775 1.084129613
vt 0.246093750 0.507812500
vn -0.707106781 0.707106781 0.000000000
v 0.312963453 -0.532772775 2.399736786
vt 0.246093750 0.992187500
vn -0.707106781 0.707106781 0.000000000
f 1081/1081/1081 1082/1082/1082 1083/1083/1083
v 0.326072564 -0.519663665 1.084129613
vt 0.003906250 0.507812500
vn -0.707106781 0.707106781 0.000000000
v 0.312963453 -0.532772775 2.399736786
vt 0.246093750 0.992187500
vn -0.707106781 0.707106781 0.000000000
v 0.326072564 -0.519663665 2.399736786
vt 0.003906250 0.992187500
vn -0.707106781 0.707106781 0.000000000
f 1084/1084/1084 1085/1085/1085 1086/1086/1086
v 0.312963453 -0.532772775 1.084129613
vt 0.003906250 0.507812500
vn -0.707106781 -0.707106781 0.000000000
v 0.326072564 -0.545881886 1.084129613
vt 0.246093750 0.507812500
vn -0.707106781 -0.707106781 0.000000000
v 0.326072564 -0.545881886 2.399736786
vt 0.246093750 0.992187500
vn -0.707106781 -0.707106781 0.000000000
f 1087/1087/1087 1088/1088/1088 1089/1089/1089
v 0.312963453 -0.532772775 1.084129613
vt 0.003906250 0.507812500
vn -0.707106781 -0.707106781 0.000000000
v 0.326072564 -0.545881886 2.399736786
vt 0.246093750 0.992187500
vn -0.707106781 -0.707106781 0.000000000
v 0.312963453 -0.532772775 2.399736786
vt 0.003906250 0.992187500
vn -0.707106781 -0.707106781 0.000000000
f 1090/1090/1090 1091/1091/1091 1092/1092/1092
v 0.326072564 -0.545881886 1.084129613
vt 0.003906250 0.507812500
vn 0.707106781 -0.707106781 0.000000000
v 0.339181674 -0.532772775 1.084129613
vt 0.246093750 0.507812500
vn 0.707106781 -0.707106781 0.000000000
v 0.339181674 -0.532772775 2.399736786
vt 0.246093750 0.992187500
vn 0.707106781 -0.707106781 0.000000000
f 1093/1093/1093 1094/1094/1094 1095/1095/1095
v 0.326072564 -0.545881886 1.084129613
vt 0.003906250 0.507812500
vn 0.707106781 -0.707106781 0.000000000
v 0.339181674 -0.532772775 2.399736786
vt 0.246093750 0.992187500
vn 0.707106781 -0.707106781 0.000000000
v 0.326072564 -0.545881886 2.399736786
vt 0.003906250 0.992187500
vn 0.707106781 -0.707106781 0.000000000
f 1096/1096/1096 1097/1097/1097 1098/1098/1098
v 0.339181674 -0.532772775 1.084129613
vt 0.003906250 0.507812500
vn 0.707106781 0.707106781 0.000000000
v 0.326072564 -0.519663665 1.084129613
vt 0.246093750 0.507812500
vn 0.707106781 0.707106781 0.000000000
v 0.326072564 -0.519663665 2.399736786
vt 0.246093750 0.992187500
vn 0.707106781 0.707106781 0.000000000
f 1099/1099/1099 1100/1100/1100 1101/1101/1101
v 0.339181674 -0.532772775 1.084129613
vt 0.003906250 0.507812500
vn 0.707106781 0.707106781 -0.000000000
v 0.326072564 -0.519663665 2.399736786
vt 0.246093750 0.992187500
vn 0.707106781 0.707106781 -0.000000000
v 0.339181674 -0.532772775 2.399736786
vt 0.003906250 0.992187500
vn 0.707106781 0.707106781 -0.000000000
f 1102/1102/1102 1103/1103/1103 1104/1104/1104
o conduit_end
v 0.339181674 -0.532772775 1.084129613
vt 0.003906250 0.507812500
vn -0.000000000 0.000000000 -1.000000000
v 0.326072564 -0.545881886 1.084129613
vt 0.246093750 0.507812500
vn -0.000000000 0.000000000 -1.000000000
v 0.312963453 -0.532772775 1.084129613
vt 0.246093750 0.992187500
vn -0.000000000 0.000000000 -1.000000000
f 1105/1105/1105 1106/1106/1106 1107/1107/1107
v 0.339181674 -0.532772775 1.084129613
vt 0.003906250 0.507812500
vn 0.000000000 0.000000000 -1.000000000
v 0.312963453 -0.532772775 1.084129613
vt 0.246093750 0.992187500
vn 0.000000000 0.000000000 -1.000000000
v 0.326072564 -0.519663665 1.084129613
vt 0.003906250 0.992187500
vn 0.000000000 0.000000000 -1.000000000
f 1108/1108/1108 1109/1109/1109 1110/1110/1110
v 0.326072564 -0.519663665 2.399736786
vt 0.003906250 0.507812500
vn 0.000000000 0.000000000 1.000000000
v 0.312963453 -0.532772775 2.399736786
vt 0.246093750 0.507812500
vn 0.000000000 0.000000000 1.000000000
v 0.326072564 -0.545881886 2.399736786
vt 0.246093750 0.992187500
vn 0.000000000 0.000000000 1.000000000
f 1111/1111/1111 1112/1112/1112 1113/1113/1113
v 0.326072564 -0.519663665 2.399736786
vt 0.003906250 0.507812500
vn 0.000000000 0.000000000 1.000000000
v 0.326072564 -0.545881886 2.399736786
vt 0.246093750 0.992187500
vn 0.000000000 0.000000000 1.000000000
v 0.339181674 -0.532772775 2.399736786
vt 0.003906250 0.992187500
vn 0.000000000 0.000000000 1.000000000
f 1114/1114/1114 1115/1115/1115 1116/1116/1116
o conduit
v -0.329382945 -0.563360699 1.185330165
vt 0.003906250 0.507812500
vn -0.707106781 0.707106781 0.000000000
v -0.342492055 -0.576469809 1.185330165
vt 0.246093750 0.507812500
vn -0.707106781 0.707106781 0.000000000
v -0.342492055 -0.576469809 1.286530716
vt 0.246093750 0.992187500
vn -0.707106781 0.707106781 0.000000000
f 1117/1117/1117 1118/1118/1118 1119/1119/1119
v -0.329382945 -0.563360699 1.185330165
vt 0.003906250 0.507812500
vn -0.707106781 0.707106781 0.000000000
v -0.342492055 -0.576469809 1.286530716
vt 0.246093750 0.992187500
vn -0.707106781 0.707106781 0.000000000
v -0.329382945 -0.563360699 1.286530716
vt 0.003906250 0.992187500
vn -0.707106781 0.707106781 0.000000000
f 1120/1120/1120 1121/1121/1121 1122/1122/1122
v -0.342492055 -0.576469809 1.185330165
vt 0.003906250 0.507812500
vn -0.707106781 -0.707106781 0.000000000
v -0.329382945 -0.589578919 1.185330165
vt 0.246093750 0.507812500
vn -0.707106781 -0.707106781 0.000000000
v -0.329382945 -0.589578919 1.286530716
vt 0.246093750 0.992187500
vn -0.707106781 -0.707106781 0.000000000
f 1123/1123/1123 1124/1124/1124 1125/1125/1125
v -0.342492055 -0.576469809 1.185330165
vt 0.003906250 0.507812500
vn -0.707106781 -0.707106781 0.000000000
v -0.329382945 -0.589578919 1.286530716
vt 0.246093750 0.992187500
vn -0.707106781 -0.707106781 0.000000000
v -0.342492055 -0.576469809 1.286530716
vt 0.003906250 0.992187500
vn -0.707106781 -0.707106781 0.000000000
f 1126/1126/1126 1127/1127/1127 1128/1128/1128
v -0.329382945 -0.589578919 1.185330165
vt 0.003906250 0.507812500
vn 0.707106781 -0.707106781 0.000000000
v -0.316273835 -0.576469809 1.185330165
vt 0.246093750 0.507812500
vn 0.707106781 -0.707106781 0.000000000
v -0.316273835 -0.576469809 1.286530716
vt 0.246093750 0.992187500
vn 0.707106781 -0.707106781 0.000000000
f 1129/1129/1129 1130/1130/1130 1131/1131/1131
v -0.329382945 -0.589578919 1.185330165
vt 0.003906250 0.507812500
vn 0.707106781 -0.707106781 0.000000000
v -0.316273835 -0.576469809 1.286530716
vt 0.246093750 0.992187500
vn 0.707106781 -0.707106781 0.000000000
v -0.329382945 -0.589578919 1.286530716
vt 0.003906250 0.992187500
vn 0.707106781 -0.707106781 0.000000000
f 1132/1132/1132 1133/1133/1133 1134/1134/1134
v -0.316273835 -0.576469809 1.185330165
vt 0.003906250 0.507812500
vn 0.707106781 0.707106781 0.000000000
v -0.329382945 -0.563360699 1.185330165
vt 0.246093750 0.507812500
vn 0.707106781 0.707106781 0.000000000
v -0.329382945 -0.563360699 1.286530716
vt 0.246093750 0.992187500
vn 0.707106781 0.707106781 0.000000000
f 1135/1135/1135 1136/1136/1136 1137/1137/1137
v -0.316273835 -0.576469809 1.185330165
vt 0.003906250 0.507812500
vn 0.707106781 0.707106781 -0.000000000
v -0.329382945 -0.563360699 1.286530716
vt 0.246093750 0.992187500
vn 0.707106781 0.707106781 -0.000000000
v -0.316273835 -0.576469809 1.286530716
vt 0.003906250 0.992187500
vn 0.707106781 0.707106781 -0.000000000
f 1138/1138/1138 1139/1139/1139 1140/1140/1140
o conduit_end
v -0.316273835 -0.576469809 1.185330165
vt 0.003906250 0.507812500
vn -0.000000000 0.000000000 -1.000000000
v -0.329382945 -0.589578919 1.185330165
vt 0.246093750 0.507812500
vn -0.000000000 0.000000000 -1.000000000
v -0.342492055 -0.576469809 1.185330165
vt 0.246093750 0.992187500
vn -0.000000000 0.000000000 -1.000000000
f 1141/1141/1141 1142/1142/1142 1143/1143/1143
v -0.316273835 -0.576469809 1.185330165
vt 0.003906250 0.507812500
vn 0.000000000 0.000000000 -1.000000000
v -0.342492055 -0.576469809 1.185330165
vt 0.246093750 0.992187500
vn 0.000000000 0.000000000 -1.000000000
v -0.329382945 -0.563360699 1.185330165
vt 0.003906250 0.992187500
vn 0.000000000 0.000000000 -1.000000000
f 1144/1144/1144 1145/1145/1145 1146/1146/1146
v -0.329382945 -0.563360699 1.286530716
vt 0.003906250 0.507812500
vn 0.000000000 0.000000000 1.000000000
v -0.342492055 -0.576469809 1.286530716
vt 0.246093750 0.507812500
vn 0.000000000 0.000000000 1.000000000
v -0.329382945 -0.589578919 1.286530716
vt 0.246093750 0.992187500
vn 0.000000000 0.000000000 1.000000000
f 1147/1147/1147 1148/1148/1148 1149/1149/1149
v -0.329382945 -0.563360699 1.286530716
vt 0.003906250 0.507812500
vn 0.000000000 0.000000000 1.000000000
v -0.329382945 -0.589578919 1.286530716
vt 0.246093750 0.992187500
vn 0.000000000 0.000000000 1.000000000
v -0.316273835 -0.576469809 1.286530716
vt 0.003906250 0.992187500
vn 0.000000000 0.000000000 1.000000000
f 1150/1150/1150 1151/1151/1151 1152/1152/1152
o conduit
v -0.329382945 -0.589578919 1.286530716
vt 0.003906250 0.507812500
vn 0.525588455 -0.665847822 -0.529531354
v -0.319035240 -0.576469809 1.280317604
vt 0.246093750 0.507812500
vn 0.525588455 -0.665847822 -0.529531354
v -0.242565430 -0.576469809 1.356218017
vt 0.246093750 0.992187500
vn 0.525588455 -0.665847822 -0.529531354
f 1153/1153/1153 1154/1154/1154 1155/1155/1155
v -0.329382945 -0.589578919 1.286530716
vt 0.003906250 0.507812500
vn 0.525588455 -0.665847822 -0.529531354
v -0.242565430 -0.576469809 1.356218017
vt 0.246093750 0.992187500
vn 0.525588455 -0.665847822 -0.529531354
v -0.252913136 -0.589578919 1.362431130
vt 0.003906250 0.992187500
vn 0.525588455 -0.665847822 -0.529531354
f 1156/1156/1156 1157/1157/1157 1158/1158/1158
v -0.319035240 -0.576469809 1.280317604
vt 0.003906250 0.507812500
vn 0.525588455 0.665847822 -0.529531354
v -0.329382945 -0.563360699 1.286530716
vt 0.246093750 0.507812500
vn 0.525588455 0.665847822 -0.529531354
v -0.252913136 -0.563360699 1.362431130
vt 0.246093750 0.992187500
vn 0.525588455 0.665847822 -0.529531354
f 1159/1159/1159 1160/1160/1160 1161/1161/1161
v -0.319035240 -0.576469809 1.280317604
vt 0.003906250 0.507812500
vn 0.525588455 0.665847822 -0.529531354
v -0.252913136 -0.563360699 1.362431130
vt 0.246093750 0.992187500
vn 0.525588455 0.665847822 -0.529531354
v -0.242565430 -0.576469809 1.356218017
vt 0.003906250 0.992187500
vn 0.525588455 0.665847822 -0.529531354
f 1162/1162/1162 1163/1163/1163 1164/1164/1164
v -0.329382945 -0.563360699 1.286530716
vt 0.003906250 0.507812500
vn -0.525588455 0.665847822 0.529531354
v -0.339730650 -0.576469809 1.292743829
vt 0.246093750 0.507812500
vn -0.525588455 0.665847822 0.529531354
v -0.263260841 -0.576469809 1.368644243
vt 0.246093750 0.992187500
vn -0.525588455 0.665847822 0.529531354
f 1165/1165/1165 1166/1166/1166 1167/1167/1167
v -0.329382945 -0.563360699 1.286530716
vt 0.003906250 0.507812500
vn -0.525588455 0.665847822 0.529531354
v -0.263260841 -0.576469809 1.368644243
vt 0.246093750 0.992187500
vn -0.525588455 0.665847822 0.529531354
v -0.252913136 -0.563360699 1.362431130
vt 0.003906250 0.992187500
vn -0.525588455 0.665847822 0.529531354
f 1168/1168/1168 1169/1169/1169 1170/1170/1170
v -0.339730650 -0.576469809 1.292743829
vt 0.003906250 0.507812500
vn -0.525588455 -0.665847822 0.529531354
v -0.329382945 -0.589578919 1.286530716
vt 0.246093750 0.507812500
vn -0.525588455 -0.665847822 0.529531354
v -0.252913136 -0.589578919 1.362431130
vt 0.246093750 0.992187500
vn -0.525588455 -0.665847822 0.529531354
f 1171/1171/1171 1172/1172/1172 1173/1173/1173
v -0.339730650 -0.576469809 1.292743829
vt 0.003906250 0.507812500
vn -0.525588455 -0.665847822 0.529531354
v -0.252913136 -0.589578919 1.362431130
vt 0.246093750 0.992187500
vn -0.525588455 -0.665847822 0.529531354
v -0.263260841 -0.576469809 1.368644243
vt 0.003906250 0.992187500
vn -0.525588455 -0.665847822 0.529531354
f 1174/1174/1174 1175/1175/1175 1176/1176/1176
o conduit_end
v -0.339730650 -0.576469809 1.292743829
vt 0.003906250 0.507812500
vn -0.514769249 -0.000000000 -0.857328770
v -0.329382945 -0.563360699 1.286530716
vt 0.246093750 0.507812500
vn -0.514769249 -0.000000000 -0.857328770
v -0.319035240 -0.576469809 1.280317604
vt 0.246093750 0.992187500
vn -0.514769249 -0.000000000 -0.857328770
f 1177/1177/1177 1178/1178/1178 1179/1179/1179
v -0.339730650 -0.576469809 1.292743829
vt 0.003906250 0.507812500
vn -0.514769249 0.000000000 -0.857328770
v -0.319035240 -0.576469809 1.280317604
vt 0.246093750 0.992187500
vn -0.514769249 0.000000000 -0.857328770
v -0.329382945 -0.589578919 1.286530716
vt 0.003906250 0.992187500
vn -0.514769249 0.000000000 -0.857328770
f 1180/1180/1180 1181/1181/1181 1182/1182/1182
v -0.252913136 -0.589578919 1.362431130
vt 0.003906250 0.507812500
vn 0.514769249 -0.000000000 0.857328770
v -0.242565430 -0.576469809 1.356218017
vt 0.246093750 0.507812500
vn 0.514769249 -0.000000000 0.857328770
v -0.252913136 -0.563360699 1.362431130
vt 0.246093750 0.992187500
vn 0.514769249 -0.000000000 0.857328770
f 1183/1183/1183 1184/1184/1184 1185/1185/1185
v -0.252913136 -0.589578919 1.362431130
vt 0.003906250 0.507812500
vn 0.514769249 -0.000000000 0.857328770
v -0.252913136 -0.563360699 1.362431130
vt 0.246093750 0.992187500
vn 0.514769249 -0.000000000 0.857328770
v -0.263260841 -0.576469809 1.368644243
vt 0.003906250 0.992187500
vn 0.514769249 -0.000000000 0.857328770
f 1186/1186/1186 1187/1187/1187 1188/1188/1188
o conduit
v -0.252913136 -0.600503178 1.396164648
vt 0.003906250 0.507812500
vn 0.120430447 -0.614077201 -0.780003653
v -0.250342228 -0.587394068 1.386241117
vt 0.246093750 0.507812500
vn 0.120430447 -0.614077201 -0.780003653
v -0.141099643 -0.587394068 1.403107876
vt 0.246093750 0.992187500
vn 0.120430447 -0.614077201 -0.780003653
f 1189/1189/1189 1190/1190/1190 1191/1191/1191
v -0.252913136 -0.600503178 1.396164648
vt 0.003906250 0.507812500
vn 0.120430447 -0.614077201 -0.780003653
v -0.141099643 -0.587394068 1.403107876
vt 0.246093750 0.992187500
vn 0.120430447 -0.614077201 -0.780003653
v -0.143670551 -0.600503178 1.413031406
vt 0.003906250 0.992187500
vn 0.120430447 -0.614077201 -0.780003653
f 1192/1192/1192 1193/1193/1193 1194/1194/1194
v -0.250342228 -0.587394068 1.386241117
vt 0.003906250 0.507812500
vn 0.120430447 0.614077201 -0.780003653
v -0.252913136 -0.574284958 1.396164648
vt 0.246093750 0.507812500
vn 0.120430447 0.614077201 -0.780003653
v -0.143670551 -0.574284958 1.413031406
vt 0.246093750 0.992187500
vn 0.120430447 0.614077201 -0.780003653
f 1195/1195/1195 1196/1196/1196 1197/1197/1197
v -0.250342228 -0.587394068 1.386241117
vt 0.003906250 0.507812500
vn 0.120430447 0.614077201 -0.780003653
v -0.143670551 -0.574284958 1.413031406
vt 0.246093750 0.992187500
vn 0.120430447 0.614077201 -0.780003653
v -0.141099643 -0.587394068 1.403107876
vt 0.003906250 0.992187500
vn 0.120430447 0.614077201 -0.780003653
f 1198/1198/1198 1199/1199/1199 1200/1200/1200
v -0.252913136 -0.574284958 1.396164648
vt 0.003906250 0.507812500
vn -0.120430447 0.614077201 0.780003653
v -0.255484044 -0.587394068 1.406088178
vt 0.246093750 0.507812500
vn -0.120430447 0.614077201 0.780003653
v -0.146241459 -0.587394068 1.422954937
vt 0.246093750 0.992187500
vn -0.120430447 0.614077201 0.780003653
f 1201/1201/1201 1202/1202/1202 1203/1203/1203
v -0.252913136 -0.574284958 1.396164648
vt 0.003906250 0.507812500
vn -0.120430447 0.614077201 0.780003653
v -0.146241459 -0.587394068 1.422954937
vt 0.246093750 0.992187500
vn -0.120430447 0.614077201 0.780003653
v -0.143670551 -0.574284958 1.413031406
vt 0.003906250 0.992187500
vn -0.120430447 0.614077201 0.780003653
f 1204/1204/1204 1205/1205/1205 1206/1206/1206
v -0.255484044 -0.587394068 1.406088178
vt 0.003906250 0.507812500
vn -0.120430447 -0.614077201 0.780003653
v -0.252913136 -0.600503178 1.396164648
vt 0.246093750 0.507812500
vn -0.120430447 -0.614077201 0.780003653
v -0.143670551 -0.600503178 1.413031406
vt 0.246093750 0.992187500
vn -0.120430447 -0.614077201 0.780003653
f 1207/1207/1207 1208/1208/1208 1209/1209/1209
v -0.255484044 -0.587394068 1.406088178
vt 0.003906250 0.507812500
vn -0.120430447 -0.614077201 0.780003653
v -0.143670551 -0.600503178 1.413031406
vt 0.246093750 0.992187500
vn -0.120430447 -0.614077201 0.780003653
v -0.146241459 -0.587394068 1.422954937
vt 0.003906250 0.992187500
vn -0.120430447 -0.614077201 0.780003653
f 1210/1210/1210 1211/1211/1211 1212/1212/1212
o conduit_end
v -0.255484044 -0.587394068 1.406088178
vt 0.003906250 0.507812500
vn -0.968040941 0.000000000 -0.250792217
v -0.252913136 -0.574284958 1.396164648
vt 0.246093750 0.507812500
vn -0.968040941 0.000000000 -0.250792217
v -0.250342228 -0.587394068 1.386241117
vt 0.246093750 0.992187500
vn -0.968040941 0.000000000 -0.250792217
f 1213/1213/1213 1214/1214/1214 1215/1215/1215
v -0.255484044 -0.587394068 1.406088178
vt 0.003906250 0.507812500
vn -0.968040941 0.000000000 -0.250792217
v -0.250342228 -0.587394068 1.386241117
vt 0.246093750 0.992187500
vn -0.968040941 0.000000000 -0.250792217
v -0.252913136 -0.600503178 1.396164648
vt 0.003906250 0.992187500
vn -0.968040941 0.000000000 -0.250792217
f 1216/1216/1216 1217/1217/1217 1218/1218/1218
v -0.143670551 -0.600503178 1.413031406
vt 0.003906250 0.507812500
vn 0.968040941 -0.000000000 0.250792217
v -0.141099643 -0.587394068 1.403107876
vt 0.246093750 0.507812500
vn 0.968040941 -0.000000000 0.250792217
v -0.143670551 -0.574284958 1.413031406
vt 0.246093750 0.992187500
vn 0.968040941 -0.000000000 0.250792217
f 1219/1219/1219 1220/1220/1220 1221/1221/1221
v -0.143670551 -0.600503178 1.413031406
vt 0.003906250 0.507812500
vn 0.968040941 -0.000000000 0.250792217
v -0.143670551 -0.574284958 1.413031406
vt 0.246093750 0.992187500
vn 0.968040941 -0.000000000 0.250792217
v -0.146241459 -0.587394068 1.422954937
vt 0.003906250 0.992187500
vn 0.968040941 -0.000000000 0.250792217
f 1222/1222/1222 1223/1223/1223 1224/1224/1224
o conduit
v -0.143670551 -0.600503178 1.413031406
vt 0.003906250 0.507812500
vn 0.048770005 -0.611572748 -0.789683646
v -0.142625162 -0.587394068 1.402943581
vt 0.246093750 0.507812500
vn 0.048770005 -0.611572748 -0.789683646
v 0.130481300 -0.587394068 1.419810339
vt 0.246093750 0.992187500
vn 0.048770005 -0.611572748 -0.789683646
f 1225/1225/1225 1226/1226/1226 1227/1227/1227
v -0.143670551 -0.600503178 1.413031406
vt 0.003906250 0.507812500
vn 0.048770005 -0.611572748 -0.789683646
v 0.130481300 -0.587394068 1.419810339
vt 0.246093750 0.992187500
vn 0.048770005 -0.611572748 -0.789683646
v 0.129435911 -0.600503178 1.429898165
vt 0.003906250 0.992187500
vn 0.048770005 -0.611572748 -0.789683646
f 1228/1228/1228 1229/1229/1229 1230/1230/1230
v -0.142625162 -0.587394068 1.402943581
vt 0.003906250 0.507812500
vn 0.048770005 0.611572748 -0.789683646
v -0.143670551 -0.574284958 1.413031406
vt 0.246093750 0.507812500
vn 0.048770005 0.611572748 -0.789683646
v 0.129435911 -0.574284958 1.429898165
vt 0.246093750 0.992187500
vn 0.048770005 0.611572748 -0.789683646
f 1231/1231/1231 1232/1232/1232 1233/1233/1233
v -0.142625162 -0.587394068 1.402943581
vt 0.003906250 0.507812500
vn 0.048770005 0.611572748 -0.789683646
v 0.129435911 -0.574284958 1.429898165
vt 0.246093750 0.992187500
vn 0.048770005 0.611572748 -0.789683646
v 0.130481300 -0.587394068 1.419810339
vt 0.003906250 0.992187500
vn 0.048770005 0.611572748 -0.789683646
f 1234/1234/1234 1235/1235/1235 1236/1236/1236
v -0.143670551 -0.574284958 1.413031406
vt 0.003906250 0.507812500
vn -0.048770005 0.611572748 0.789683646
v -0.144715940 -0.587394068 1.423119232
vt 0.246093750 0.507812500
vn -0.048770005 0.611572748 0.789683646
v 0.128390522 -0.587394068 1.439985990
vt 0.246093750 0.992187500
vn -0.048770005 0.611572748 0.789683646
f 1237/1237/1237 1238/1238/1238 1239/1239/1239
v -0.143670551 -0.574284958 1.413031406
vt 0.003906250 0.507812500
vn -0.048770005 0.611572748 0.789683646
v 0.128390522 -0.587394068 1.439985990
vt 0.246093750 0.992187500
vn -0.048770005 0.611572748 0.789683646
v 0.129435911 -0.574284958 1.429898165
vt 0.003906250 0.992187500
vn -0.048770005 0.611572748 0.789683646
f 1240/1240/1240 1241/1241/1241 1242/1242/1242
v -0.144715940 -0.587394068 1.423119232
vt 0.003906250 0.507812500
vn -0.048770005 -0.611572748 0.789683646
v -0.143670551 -0.600503178 1.413031406
vt 0.246093750 0.507812500
vn -0.048770005 -0.611572748 0.789683646
v 0.129435911 -0.600503178 1.429898165
vt 0.246093750 0.992187500
vn -0.048770005 -0.611572748 0.789683646
f 1243/1243/1243 1244/1244/1244 1245/1245/1245
v -0.144715940 -0.587394068 1.423119232
vt 0.003906250 0.507812500
vn -0.048770005 -0.611572748 0.789683646
v 0.129435911 -0.600503178 1.429898165
vt 0.246093750 0.992187500
vn -0.048770005 -0.611572748 0.789683646
v 0.128390522 -0.587394068 1.439985990
vt 0.003906250 0.992187500
vn -0.048770005 -0.611572748 0.789683646
f 1246/1246/1246 1247/1247/1247 1248/1248/1248
o conduit_end
v -0.144715940 -0.587394068 1.423119232
vt 0.003906250 0.507812500
vn -0.994673403 0.000000000 -0.103076776
v -0.143670551 -0.574284958 1.413031406
vt 0.246093750 0.507812500
vn -0.994673403 0.000000000 -0.103076776
v -0.142625162 -0.587394068 1.402943581
vt 0.246093750 0.992187500
vn -0.994673403 0.000000000 -0.103076776
f 1249/1249/1249 1250/1250/1250 1251/1251/1251
v -0.144715940 -0.587394068 1.423119232
vt 0.003906250 0.507812500
vn -0.994673403 -0.000000000 -0.103076776
v -0.142625162 -0.587394068 1.402943581
vt 0.246093750 0.992187500
vn -0.994673403 -0.000000000 -0.103076776
v -0.143670551 -0.600503178 1.413031406
vt 0.003906250 0.992187500
vn -0.994673403 -0.000000000 -0.103076776
f 1252/1252/1252 1253/1253/1253 1254/1254/1254
v 0.129435911 -0.600503178 1.429898165
vt 0.003906250 0.507812500
vn 0.994673403 -0.000000000 0.103076776
v 0.130481300 -0.587394068 1.419810339
vt 0.246093750 0.507812500
vn 0.994673403 -0.000000000 0.103076776
v 0.129435911 -0.574284958 1.429898165
vt 0.246093750 0.992187500
vn 0.994673403 -0.000000000 0.103076776
f 1255/1255/1255 1256/1256/1256 1257/1257/1257
v 0.129435911 -0.600503178 1.429898165
vt 0.003906250 0.507812500
vn 0.994673403 -0.000000000 0.103076776
v 0.129435911 -0.574284958 1.429898165
vt 0.246093750 0.992187500
vn 0.994673403 -0.000000000 0.103076776
v 0.128390522 -0.587394068 1.439985990
vt 0.003906250 0.992187500
vn 0.994673403 -0.000000000 0.103076776
f 1258/1258/1258 1259/1259/1259 1260/1260/1260
o conduit
v -0.252913136 -0.600503178 1.598565751
vt 0.003906250 0.507812500
vn 0.080941802 -0.612435863 -0.786365524
v -0.251180587 -0.587394068 1.588534470
vt 0.246093750 0.507812500
vn 0.080941802 -0.612435863 -0.786365524
v -0.087316710 -0.587394068 1.605401229
vt 0.246093750 0.992187500
vn 0.080941802 -0.612435863 -0.786365524
f 1261/1261/1261 1262/1262/1262 1263/1263/1263
v -0.252913136 -0.600503178 1.598565751
vt 0.003906250 0.507812500
vn 0.080941802 -0.612435863 -0.786365524
v -0.087316710 -0.587394068 1.605401229
vt 0.246093750 0.992187500
vn 0.080941802 -0.612435863 -0.786365524
v -0.089049258 -0.600503178 1.615432510
vt 0.003906250 0.992187500
vn 0.080941802 -0.612435863 -0.786365524
f 1264/1264/1264 1265/1265/1265 1266/1266/1266
v -0.251180587 -0.587394068 1.588534470
vt 0.003906250 0.507812500
vn 0.080941802 0.612435863 -0.786365524
v -0.252913136 -0.574284958 1.598565751
vt 0.246093750 0.507812500
vn 0.080941802 0.612435863 -0.786365524
v -0.089049258 -0.574284958 1.615432510
vt 0.246093750 0.992187500
vn 0.080941802 0.612435863 -0.786365524
f 1267/1267/1267 1268/1268/1268 1269/1269/1269
v -0.251180587 -0.587394068 1.588534470
vt 0.003906250 0.507812500
vn 0.080941802 0.612435863 -0.786365524
v -0.089049258 -0.574284958 1.615432510
vt 0.246093750 0.992187500
vn 0.080941802 0.612435863 -0.786365524
v -0.087316710 -0.587394068 1.605401229
vt 0.003906250 0.992187500
vn 0.080941802 0.612435863 -0.786365524
f 1270/1270/1270 1271/1271/1271 1272/1272/1272
v -0.252913136 -0.574284958 1.598565751
vt 0.003906250 0.507812500
vn -0.080941802 0.612435863 0.786365524
v -0.254645684 -0.587394068 1.608597032
vt 0.246093750 0.507812500
vn -0.080941802 0.612435863 0.786365524
v -0.090781807 -0.587394068 1.625463791
vt 0.246093750 0.992187500
vn -0.080941802 0.612435863 0.786365524
f 1273/1273/1273 1274/1274/1274 1275/1275/1275
v -0.252913136 -0.574284958 1.598565751
vt 0.003906250 0.507812500
vn -0.080941802 0.612435863 0.786365524
v -0.090781807 -0.587394068 1.625463791
vt 0.246093750 0.992187500
vn -0.080941802 0.612435863 0.786365524
v -0.089049258 -0.574284958 1.615432510
vt 0.003906250 0.992187500
vn -0.080941802 0.612435863 0.786365524
f 1276/1276/1276 1277/1277/1277 1278/1278/1278
v -0.254645684 -0.587394068 1.608597032
vt 0.003906250 0.507812500
vn -0.080941802 -0.612435863 0.786365524
v -0.252913136 -0.600503178 1.598565751
vt 0.246093750 0.507812500
vn -0.080941802 -0.612435863 0.786365524
v -0.089049258 -0.600503178 1.615432510
vt 0.246093750 0.992187500
vn -0.080941802 -0.612435863 0.786365524
f 1279/1279/1279 1280/1280/1280 1281/1281/1281
v -0.254645684 -0.587394068 1.608597032
vt 0.003906250 0.507812500
vn -0.080941802 -0.612435863 0.786365524
v -0.089049258 -0.600503178 1.615432510
vt 0.246093750 0.992187500
vn -0.080941802 -0.612435863 0.786365524
v -0.090781807 -0.587394068 1.625463791
vt 0.003906250 0.992187500
vn -0.080941802 -0.612435863 0.786365524
f 1282/1282/1282 1283/1283/1283 1284/1284/1284
o conduit_end
v -0.254645684 -0.587394068 1.608597032
vt 0.003906250 0.507812500
vn -0.985410441 0.000000000 -0.170194777
v -0.252913136 -0.574284958 1.598565751
vt 0.246093750 0.507812500
vn -0.985410441 0.000000000 -0.170194777
v -0.251180587 -0.587394068 1.588534470
vt 0.246093750 0.992187500
vn -0.985410441 0.000000000 -0.170194777
f 1285/1285/1285 1286/1286/1286 1287/1287/1287
v -0.254645684 -0.587394068 1.608597032
vt 0.003906250 0.507812500
vn -0.985410441 0.000000000 -0.170194777
v -0.251180587 -0.587394068 1.588534470
vt 0.246093750 0.992187500
vn -0.985410441 0.000000000 -0.170194777
v -0.252913136 -0.600503178 1.598565751
vt 0.003906250 0.992187500
vn -0.985410441 0.000000000 -0.170194777
f 1288/1288/1288 1289/1289/1289 1290/1290/1290
v -0.089049258 -0.600503178 1.615432510
vt 0.003906250 0.507812500
vn 0.985410441 -0.000000000 0.170194777
v -0.087316710 -0.587394068 1.605401229
vt 0.246093750 0.507812500
vn 0.985410441 -0.000000000 0.170194777
v -0.089049258 -0.574284958 1.615432510
vt 0.246093750 0.992187500
vn 0.985410441 -0.000000000 0.170194777
f 1291/1291/1291 1292/1292/1292 1293/1293/1293
v -0.089049258 -0.600503178 1.615432510
vt 0.003906250 0.507812500
vn 0.985410441 -0.000000000 0.170194777
v -0.089049258 -0.574284958 1.615432510
vt 0.246093750 0.992187500
vn 0.985410441 -0.000000000 0.170194777
v -0.090781807 -0.587394068 1.625463791
vt 0.003906250 0.992187500
vn 0.985410441 -0.000000000 0.170194777
f 1294/1294/1294 1295/1295/1295 1296/1296/1296
o conduit
v -0.089049258 -0.600503178 1.615432510
vt 0.003906250 0.507812500
vn 0.306044055 -0.630183280 -0.713586764
v -0.082682912 -0.587394068 1.606585990
vt 0.246093750 0.507812500
vn 0.306044055 -0.630183280 -0.713586764
v 0.113953741 -0.587394068 1.690919783
vt 0.246093750 0.992187500
vn 0.306044055 -0.630183280 -0.713586764
f 1297/1297/1297 1298/1298/1298 1299/1299/1299
v -0.089049258 -0.600503178 1.615432510
vt 0.003906250 0.507812500
vn 0.306044055 -0.630183280 -0.713586764
v 0.113953741 -0.587394068 1.690919783
vt 0.246093750 0.992187500
vn 0.306044055 -0.630183280 -0.713586764
v 0.107587394 -0.600503178 1.699766303
vt 0.003906250 0.992187500
vn 0.306044055 -0.630183280 -0.713586764
f 1300/1300/1300 1301/1301/1301 1302/1302/1302
v -0.082682912 -0.587394068 1.606585990
vt 0.003906250 0.507812500
vn 0.306044055 0.630183280 -0.713586764
v -0.089049258 -0.574284958 1.615432510
vt 0.246093750 0.507812500
vn 0.306044055 0.630183280 -0.713586764
v 0.107587394 -0.574284958 1.699766303
vt 0.246093750 0.992187500
vn 0.306044055 0.630183280 -0.713586764
f 1303/1303/1303 1304/1304/1304 1305/1305/1305
v -0.082682912 -0.587394068 1.606585990
vt 0.003906250 0.507812500
vn 0.306044055 0.630183280 -0.713586764
v 0.107587394 -0.574284958 1.699766303
vt 0.246093750 0.992187500
vn 0.306044055 0.630183280 -0.713586764
v 0.113953741 -0.587394068 1.690919783
vt 0.003906250 0.992187500
vn 0.306044055 0.630183280 -0.713586764
f 1306/1306/1306 1307/1307/1307 1308/1308/1308
v -0.089049258 -0.574284958 1.615432510
vt 0.003906250 0.507812500
vn -0.306044055 0.630183280 0.713586764
v -0.095415605 -0.587394068 1.624279030
vt 0.246093750 0.507812500
vn -0.306044055 0.630183280 0.713586764
v 0.101221047 -0.587394068 1.708612823
vt 0.246093750 0.992187500
vn -0.306044055 0.630183280 0.713586764
f 1309/1309/1309 1310/1310/1310 1311/1311/1311
v -0.089049258 -0.574284958 1.615432510
vt 0.003906250 0.507812500
vn -0.306044055 0.630183280 0.713586764
v 0.101221047 -0.587394068 1.708612823
vt 0.246093750 0.992187500
vn -0.306044055 0.630183280 0.713586764
v 0.107587394 -0.574284958 1.699766303
vt 0.003906250 0.992187500
vn -0.306044055 0.630183280 0.713586764
f 1312/1312/1312 1313/1313/1313 1314/1314/1314
v -0.095415605 -0.587394068 1.624279030
vt 0.003906250 0.507812500
vn -0.306044055 -0.630183280 0.713586764
v -0.089049258 -0.600503178 1.615432510
vt 0.246093750 0.507812500
vn -0.306044055 -0.630183280 0.713586764
v 0.107587394 -0.600503178 1.699766303
vt 0.246093750 0.992187500
vn -0.306044055 -0.630183280 0.713586764
f 1315/1315/1315 1316/1316/1316 1317/1317/1317
v -0.095415605 -0.587394068 1.624279030
vt 0.003906250 0.507812500
vn -0.306044055 -0.630183280 0.713586764
v 0.107587394 -0.600503178 1.699766303
vt 0.246093750 0.992187500
vn -0.306044055 -0.630183280 0.713586764
v 0.101221047 -0.587394068 1.708612823
vt 0.003906250 0.992187500
vn -0.306044055 -0.630183280 0.713586764
f 1318/1318/1318 1319/1319/1319 1320/1320/1320
o conduit_end
v -0.095415605 -0.587394068 1.624279030
vt 0.003906250 0.507812500
vn -0.811671261 0.000000000 -0.584114513
v -0.089049258 -0.574284958 1.615432510
vt 0.246093750 0.507812500
vn -0.811671261 0.000000000 -0.584114513
v -0.082682912 -0.587394068 1.606585990
vt 0.246093750 0.992187500
vn -0.811671261 0.000000000 -0.584114513
f 1321/1321/1321 1322/1322/1322 1323/1323/1323
v -0.095415605 -0.587394068 1.624279030
vt 0.003906250 0.507812500
vn -0.811671261 -0.000000000 -0.584114513
v -0.082682912 -0.587394068 1.606585990
vt 0.246093750 0.992187500
vn -0.811671261 -0.000000000 -0.584114513
v -0.089049258 -0.600503178 1.615432510
vt 0.003906250 0.992187500
vn -0.811671261 -0.000000000 -0.584114513
f 1324/1324/1324 1325/1325/1325 1326/1326/1326
v 0.107587394 -0.600503178 1.699766303
vt 0.003906250 0.507812500
vn 0.811671261 -0.000000000 0.584114513
v 0.113953741 -0.587394068 1.690919783
vt 0.246093750 0.507812500
vn 0.811671261 -0.000000000 0.584114513
v 0.107587394 -0.574284958 1.699766303
vt 0.246093750 0.992187500
vn 0.811671261 -0.000000000 0.584114513
f 1327/1327/1327 1328/1328/1328 1329/1329/1329
v 0.107587394 -0.600503178 1.699766303
vt 0.003906250 0.507812500
vn 0.811671261 -0.000000000 0.584114513
v 0.107587394 -0.574284958 1.699766303
vt 0.246093750 0.992187500
vn 0.811671261 -0.000000000 0.584114513
v 0.101221047 -0.587394068 1.708612823
vt 0.003906250 0.992187500
vn 0.811671261 -0.000000000 0.584114513
f 1330/1330/1330 1331/1331/1331 1332/1332/1332
o conduit
v -0.252913136 -0.600503178 1.800966855
vt 0.003906250 0.507812500
vn 0.223033307 -0.621298901 -0.751161647
v -0.248207239 -0.587394068 1.791521346
vt 0.246093750 0.507812500
vn 0.223033307 -0.621298901 -0.751161647
v -0.106191879 -0.587394068 1.833688242
vt 0.246093750 0.992187500
vn 0.223033307 -0.621298901 -0.751161647
f 1333/1333/1333 1334/1334/1334 1335/1335/1335
v -0.252913136 -0.600503178 1.800966855
vt 0.003906250 0.507812500
vn 0.223033307 -0.621298901 -0.751161647
v -0.106191879 -0.587394068 1.833688242
vt 0.246093750 0.992187500
vn 0.223033307 -0.621298901 -0.751161647
v -0.110897775 -0.600503178 1.843133751
vt 0.003906250 0.992187500
vn 0.223033307 -0.621298901 -0.751161647
f 1336/1336/1336 1337/1337/1337 1338/1338/1338
v -0.248207239 -0.587394068 1.791521346
vt 0.003906250 0.507812500
vn 0.223033307 0.621298901 -0.751161647
v -0.252913136 -0.574284958 1.800966855
vt 0.246093750 0.507812500
vn 0.223033307 0.621298901 -0.751161647
v -0.110897775 -0.574284958 1.843133751
vt 0.246093750 0.992187500
vn 0.223033307 0.621298901 -0.751161647
f 1339/1339/1339 1340/1340/1340 1341/1341/1341
v -0.248207239 -0.587394068 1.791521346
vt 0.003906250 0.507812500
vn 0.223033307 0.621298901 -0.751161647
v -0.110897775 -0.574284958 1.843133751
vt 0.246093750 0.992187500
vn 0.223033307 0.621298901 -0.751161647
v -0.106191879 -0.587394068 1.833688242
vt 0.003906250 0.992187500
vn 0.223033307 0.621298901 -0.751161647
f 1342/1342/1342 1343/1343/1343 1344/1344/1344
v -0.252913136 -0.574284958 1.800966855
vt 0.003906250 0.507812500
vn -0.223033307 0.621298901 0.751161647
v -0.257619032 -0.587394068 1.810412364
vt 0.246093750 0.507812500
vn -0.223033307 0.621298901 0.751161647
v -0.115603672 -0.587394068 1.852579260
vt 0.246093750 0.992187500
vn -0.223033307 0.621298901 0.751161647
f 1345/1345/1345 1346/1346/1346 1347/1347/1347
v -0.252913136 -0.574284958 1.800966855
vt 0.003906250 0.507812500
vn -0.223033307 0.621298901 0.751161647
v -0.115603672 -0.587394068 1.852579260
vt 0.246093750 0.992187500
vn -0.223033307 0.621298901 0.751161647
v -0.110897775 -0.574284958 1.843133751
vt 0.003906250 0.992187500
vn -0.223033307 0.621298901 0.751161647
f 1348/1348/1348 1349/1349/1349 1350/1350/1350
v -0.257619032 -0.587394068 1.810412364
vt 0.003906250 0.507812500
vn -0.223033307 -0.621298901 0.751161647
v -0.252913136 -0.600503178 1.800966855
vt 0.246093750 0.507812500
vn -0.223033307 -0.621298901 0.751161647
v -0.110897775 -0.600503178 1.843133751
vt 0.246093750 0.992187500
vn -0.223033307 -0.621298901 0.751161647
f 1351/1351/1351 1352/1352/1352 1353/1353/1353
v -0.257619032 -0.587394068 1.810412364
vt 0.003906250 0.507812500
vn -0.223033307 -0.621298901 0.751161647
v -0.110897775 -0.600503178 1.843133751
vt 0.246093750 0.992187500
vn -0.223033307 -0.621298901 0.751161647
v -0.115603672 -0.587394068 1.852579260
vt 0.003906250 0.992187500
vn -0.223033307 -0.621298901 0.751161647
f 1354/1354/1354 1355/1355/1355 1356/1356/1356
o conduit_end
v -0.257619032 -0.587394068 1.810412364
vt 0.003906250 0.507812500
vn -0.895065278 -0.000000000 -0.445935139
v -0.252913136 -0.574284958 1.800966855
vt 0.246093750 0.507812500
vn -0.895065278 -0.000000000 -0.445935139
v -0.248207239 -0.587394068 1.791521346
vt 0.246093750 0.992187500
vn -0.895065278 -0.000000000 -0.445935139
f 1357/1357/1357 1358/1358/1358 1359/1359/1359
v -0.257619032 -0.587394068 1.810412364
vt 0.003906250 0.507812500
vn -0.895065278 0.000000000 -0.445935139
v -0.248207239 -0.587394068 1.791521346
vt 0.246093750 0.992187500
vn -0.895065278 0.000000000 -0.445935139
v -0.252913136 -0.600503178 1.800966855
vt 0.003906250 0.992187500
vn -0.895065278 0.000000000 -0.445935139
f 1360/1360/1360 1361/1361/1361 1362/1362/1362
v -0.110897775 -0.600503178 1.843133751
vt 0.003906250 0.507812500
vn 0.895065278 -0.000000000 0.445935139
v -0.106191879 -0.587394068 1.833688242
vt 0.246093750 0.507812500
vn 0.895065278 -0.000000000 0.445935139
v -0.110897775 -0.574284958 1.843133751
vt 0.246093750 0.992187500
vn 0.895065278 -0.000000000 0.445935139
f 1363/1363/1363 1364/1364/1364 1365/1365/1365
v -0.110897775 -0.600503178 1.843133751
vt 0.003906250 0.507812500
vn 0.895065278 -0.000000000 0.445935139
v -0.110897775 -0.574284958 1.843133751
vt 0.246093750 0.992187500
vn 0.895065278 -0.000000000 0.445935139
v -0.115603672 -0.587394068 1.852579260
vt 0.003906250 0.992187500
vn 0.895065278 -0.000000000 0.445935139
f 1366/1366/1366 1367/1367/1367 1368/1368/1368
o conduit
v -0.110897775 -0.600503178 1.843133751
vt 0.003906250 0.507812500
vn 0.365998056 -0.638225090 -0.677284399
v -0.103380194 -0.587394068 1.834843079
vt 0.246093750 0.507812500
vn 0.365998056 -0.638225090 -0.677284399
v 0.115104975 -0.587394068 1.952910389
vt 0.246093750 0.992187500
vn 0.365998056 -0.638225090 -0.677284399
f 1369/1369/1369 1370/1370/1370 1371/1371/1371
v -0.110897775 -0.600503178 1.843133751
vt 0.003906250 0.507812500
vn 0.365998056 -0.638225090 -0.677284399
v 0.115104975 -0.587394068 1.952910389
vt 0.246093750 0.992187500
vn 0.365998056 -0.638225090 -0.677284399
v 0.107587394 -0.600503178 1.961201062
vt 0.003906250 0.992187500
vn 0.365998056 -0.638225090 -0.677284399
f 1372/1372/1372 1373/1373/1373 1374/1374/1374
v -0.103380194 -0.587394068 1.834843079
vt 0.003906250 0.507812500
vn 0.365998056 0.638225090 -0.677284399
v -0.110897775 -0.574284958 1.843133751
vt 0.246093750 0.507812500
vn 0.365998056 0.638225090 -0.677284399
v 0.107587394 -0.574284958 1.961201062
vt 0.246093750 0.992187500
vn 0.365998056 0.638225090 -0.677284399
f 1375/1375/1375 1376/1376/1376 1377/1377/1377
v -0.103380194 -0.587394068 1.834843079
vt 0.003906250 0.507812500
vn 0.365998056 0.638225090 -0.677284399
v 0.107587394 -0.574284958 1.961201062
vt 0.246093750 0.992187500
vn 0.365998056 0.638225090 -0.677284399
v 0.115104975 -0.587394068 1.952910389
vt 0.003906250 0.992187500
vn 0.365998056 0.638225090 -0.677284399
f 1378/1378/1378 1379/1379/1379 1380/1380/1380
v -0.110897775 -0.574284958 1.843133751
vt 0.003906250 0.507812500
vn -0.365998056 0.638225090 0.677284399
v -0.118415356 -0.587394068 1.851424424
vt 0.246093750 0.507812500
vn -0.365998056 0.638225090 0.677284399
v 0.100069813 -0.587394068 1.969491734
vt 0.246093750 0.992187500
vn -0.365998056 0.638225090 0.677284399
f 1381/1381/1381 1382/1382/1382 1383/1383/1383
v -0.110897775 -0.574284958 1.843133751
vt 0.003906250 0.507812500
vn -0.365998056 0.638225090 0.677284399
v 0.100069813 -0.587394068 1.969491734
vt 0.246093750 0.992187500
vn -0.365998056 0.638225090 0.677284399
v 0.107587394 -0.574284958 1.961201062
vt 0.003906250 0.992187500
vn -0.365998056 0.638225090 0.677284399
f 1384/1384/1384 1385/1385/1385 1386/1386/1386
v -0.118415356 -0.587394068 1.851424424
vt 0.003906250 0.507812500
vn -0.365998056 -0.638225090 0.677284399
v -0.110897775 -0.600503178 1.843133751
vt 0.246093750 0.507812500
vn -0.365998056 -0.638225090 0.677284399
v 0.107587394 -0.600503178 1.961201062
vt 0.246093750 0.992187500
vn -0.365998056 -0.638225090 0.677284399
f 1387/1387/1387 1388/1388/1388 1389/1389/1389
v -0.118415356 -0.587394068 1.851424424
vt 0.003906250 0.507812500
vn -0.365998056 -0.638225090 0.677284399
v 0.107587394 -0.600503178 1.961201062
vt 0.246093750 0.992187500
vn -0.365998056 -0.638225090 0.677284399
v 0.100069813 -0.587394068 1.969491734
vt 0.003906250 0.992187500
vn -0.365998056 -0.638225090 0.677284399
f 1390/1390/1390 1391/1391/1391 1392/1392/1392
o conduit_end
v -0.118415356 -0.587394068 1.851424424
vt 0.003906250 0.507812500
vn -0.740801994 0.000000000 -0.671723459
v -0.110897775 -0.574284958 1.843133751
vt 0.246093750 0.507812500
vn -0.740801994 0.000000000 -0.671723459
v -0.103380194 -0.587394068 1.834843079
vt 0.246093750 0.992187500
vn -0.740801994 0.000000000 -0.671723459
f 1393/1393/1393 1394/1394/1394 1395/1395/1395
v -0.118415356 -0.587394068 1.851424424
vt 0.003906250 0.507812500
vn -0.740801994 0.000000000 -0.671723459
v -0.103380194 -0.587394068 1.834843079
vt 0.246093750 0.992187500
vn -0.740801994 0.000000000 -0.671723459
v -0.110897775 -0.600503178 1.843133751
vt 0.003906250 0.992187500
vn -0.740801994 0.000000000 -0.671723459
f 1396/1396/1396 1397/1397/1397 1398/1398/1398
v 0.107587394 -0.600503178 1.961201062
vt 0.003906250 0.507812500
vn 0.740801994 -0.000000000 0.671723459
v 0.115104975 -0.587394068 1.952910389
vt 0.246093750 0.507812500
vn 0.740801994 -0.000000000 0.671723459
v 0.107587394 -0.574284958 1.961201062
vt 0.246093750 0.992187500
vn 0.740801994 -0.000000000 0.671723459
f 1399/1399/1399 1400/1400/1400 1401/1401/1401
v 0.107587394 -0.600503178 1.961201062
vt 0.003906250 0.507812500
vn 0.740801994 -0.000000000 0.671723459
v 0.107587394 -0.574284958 1.961201062
vt 0.246093750 0.992187500
vn 0.740801994 -0.000000000 0.671723459
v 0.100069813 -0.587394068 1.969491734
vt 0.003906250 0.992187500
vn 0.740801994 -0.000000000 0.671723459
f 1402/1402/1402 1403/1403/1403 1404/1404/1404
