# Physical native .18 props; X/Y ground, Z up.
mtllib pz_native_electrical_201.mtl
usemtl Native_pz_native_electrical_201
o conduit
v -0.484375000 0.501000000 0.051031036
vt 0.003906250 0.507812500
vn -0.267261242 -0.707106781 -0.654653671
v -0.488910574 0.513000000 0.039921195
vt 0.246093750 0.507812500
vn -0.267261242 -0.707106781 -0.654653671
v -0.473285574 0.513000000 0.033542316
vt 0.246093750 0.992187500
vn -0.267261242 -0.707106781 -0.654653671
f 1/1/1 2/2/2 3/3/3
v -0.484375000 0.501000000 0.051031036
vt 0.003906250 0.507812500
vn -0.267261242 -0.707106781 -0.654653671
v -0.473285574 0.513000000 0.033542316
vt 0.246093750 0.992187500
vn -0.267261242 -0.707106781 -0.654653671
v -0.468750000 0.501000000 0.044652157
vt 0.003906250 0.992187500
vn -0.267261242 -0.707106781 -0.654653671
f 4/4/4 5/5/5 6/6/6
v -0.488910574 0.513000000 0.039921195
vt 0.003906250 0.507812500
vn -0.267261242 0.707106781 -0.654653671
v -0.484375000 0.525000000 0.051031036
vt 0.246093750 0.507812500
vn -0.267261242 0.707106781 -0.654653671
v -0.468750000 0.525000000 0.044652157
vt 0.246093750 0.992187500
vn -0.267261242 0.707106781 -0.654653671
f 7/7/7 8/8/8 9/9/9
v -0.488910574 0.513000000 0.039921195
vt 0.003906250 0.507812500
vn -0.267261242 0.707106781 -0.654653671
v -0.468750000 0.525000000 0.044652157
vt 0.246093750 0.992187500
vn -0.267261242 0.707106781 -0.654653671
v -0.473285574 0.513000000 0.033542316
vt 0.003906250 0.992187500
vn -0.267261242 0.707106781 -0.654653671
f 10/10/10 11/11/11 12/12/12
v -0.484375000 0.525000000 0.051031036
vt 0.003906250 0.507812500
vn 0.267261242 0.707106781 0.654653671
v -0.479839426 0.513000000 0.062140878
vt 0.246093750 0.507812500
vn 0.267261242 0.707106781 0.654653671
v -0.464214426 0.513000000 0.055761998
vt 0.246093750 0.992187500
vn 0.267261242 0.707106781 0.654653671
f 13/13/13 14/14/14 15/15/15
v -0.484375000 0.525000000 0.051031036
vt 0.003906250 0.507812500
vn 0.267261242 0.707106781 0.654653671
v -0.464214426 0.513000000 0.055761998
vt 0.246093750 0.992187500
vn 0.267261242 0.707106781 0.654653671
v -0.468750000 0.525000000 0.044652157
vt 0.003906250 0.992187500
vn 0.267261242 0.707106781 0.654653671
f 16/16/16 17/17/17 18/18/18
v -0.479839426 0.513000000 0.062140878
vt 0.003906250 0.507812500
vn 0.267261242 -0.707106781 0.654653671
v -0.484375000 0.501000000 0.051031036
vt 0.246093750 0.507812500
vn 0.267261242 -0.707106781 0.654653671
v -0.468750000 0.501000000 0.044652157
vt 0.246093750 0.992187500
vn 0.267261242 -0.707106781 0.654653671
f 19/19/19 20/20/20 21/21/21
v -0.479839426 0.513000000 0.062140878
vt 0.003906250 0.507812500
vn 0.267261242 -0.707106781 0.654653671
v -0.468750000 0.501000000 0.044652157
vt 0.246093750 0.992187500
vn 0.267261242 -0.707106781 0.654653671
v -0.464214426 0.513000000 0.055761998
vt 0.003906250 0.992187500
vn 0.267261242 -0.707106781 0.654653671
f 22/22/22 23/23/23 24/24/24
o conduit_end
v -0.479839426 0.513000000 0.062140878
vt 0.003906250 0.507812500
vn -0.925820100 0.000000000 0.377964473
v -0.484375000 0.525000000 0.051031036
vt 0.246093750 0.507812500
vn -0.925820100 0.000000000 0.377964473
v -0.488910574 0.513000000 0.039921195
vt 0.246093750 0.992187500
vn -0.925820100 0.000000000 0.377964473
f 25/25/25 26/26/26 27/27/27
v -0.479839426 0.513000000 0.062140878
vt 0.003906250 0.507812500
vn -0.925820100 0.000000000 0.377964473
v -0.488910574 0.513000000 0.039921195
vt 0.246093750 0.992187500
vn -0.925820100 0.000000000 0.377964473
v -0.484375000 0.501000000 0.051031036
vt 0.003906250 0.992187500
vn -0.925820100 0.000000000 0.377964473
f 28/28/28 29/29/29 30/30/30
v -0.468750000 0.501000000 0.044652157
vt 0.003906250 0.507812500
vn 0.925820100 0.000000000 -0.377964473
v -0.473285574 0.513000000 0.033542316
vt 0.246093750 0.507812500
vn 0.925820100 0.000000000 -0.377964473
v -0.468750000 0.525000000 0.044652157
vt 0.246093750 0.992187500
vn 0.925820100 0.000000000 -0.377964473
f 31/31/31 32/32/32 33/33/33
v -0.468750000 0.501000000 0.044652157
vt 0.003906250 0.507812500
vn 0.925820100 0.000000000 -0.377964473
v -0.468750000 0.525000000 0.044652157
vt 0.246093750 0.992187500
vn 0.925820100 0.000000000 -0.377964473
v -0.464214426 0.513000000 0.055761998
vt 0.003906250 0.992187500
vn 0.925820100 0.000000000 -0.377964473
f 34/34/34 35/35/35 36/36/36
o conduit
v -0.468750000 0.501000000 0.044652157
vt 0.003906250 0.507812500
vn 0.321412173 -0.707106781 -0.629836657
v -0.463295455 0.513000000 0.033963474
vt 0.246093750 0.507812500
vn 0.321412173 -0.707106781 -0.629836657
v -0.338295455 0.513000000 0.097752270
vt 0.246093750 0.992187500
vn 0.321412173 -0.707106781 -0.629836657
f 37/37/37 38/38/38 39/39/39
v -0.468750000 0.501000000 0.044652157
vt 0.003906250 0.507812500
vn 0.321412173 -0.707106781 -0.629836657
v -0.338295455 0.513000000 0.097752270
vt 0.246093750 0.992187500
vn 0.321412173 -0.707106781 -0.629836657
v -0.343750000 0.501000000 0.108440952
vt 0.003906250 0.992187500
vn 0.321412173 -0.707106781 -0.629836657
f 40/40/40 41/41/41 42/42/42
v -0.463295455 0.513000000 0.033963474
vt 0.003906250 0.507812500
vn 0.321412173 0.707106781 -0.629836657
v -0.468750000 0.525000000 0.044652157
vt 0.246093750 0.507812500
vn 0.321412173 0.707106781 -0.629836657
v -0.343750000 0.525000000 0.108440952
vt 0.246093750 0.992187500
vn 0.321412173 0.707106781 -0.629836657
f 43/43/43 44/44/44 45/45/45
v -0.463295455 0.513000000 0.033963474
vt 0.003906250 0.507812500
vn 0.321412173 0.707106781 -0.629836657
v -0.343750000 0.525000000 0.108440952
vt 0.246093750 0.992187500
vn 0.321412173 0.707106781 -0.629836657
v -0.338295455 0.513000000 0.097752270
vt 0.003906250 0.992187500
vn 0.321412173 0.707106781 -0.629836657
f 46/46/46 47/47/47 48/48/48
v -0.468750000 0.525000000 0.044652157
vt 0.003906250 0.507812500
vn -0.321412173 0.707106781 0.629836657
v -0.474204545 0.513000000 0.055340839
vt 0.246093750 0.507812500
vn -0.321412173 0.707106781 0.629836657
v -0.349204545 0.513000000 0.119129635
vt 0.246093750 0.992187500
vn -0.321412173 0.707106781 0.629836657
f 49/49/49 50/50/50 51/51/51
v -0.468750000 0.525000000 0.044652157
vt 0.003906250 0.507812500
vn -0.321412173 0.707106781 0.629836657
v -0.349204545 0.513000000 0.119129635
vt 0.246093750 0.992187500
vn -0.321412173 0.707106781 0.629836657
v -0.343750000 0.525000000 0.108440952
vt 0.003906250 0.992187500
vn -0.321412173 0.707106781 0.629836657
f 52/52/52 53/53/53 54/54/54
v -0.474204545 0.513000000 0.055340839
vt 0.003906250 0.507812500
vn -0.321412173 -0.707106781 0.629836657
v -0.468750000 0.501000000 0.044652157
vt 0.246093750 0.507812500
vn -0.321412173 -0.707106781 0.629836657
v -0.343750000 0.501000000 0.108440952
vt 0.246093750 0.992187500
vn -0.321412173 -0.707106781 0.629836657
f 55/55/55 56/56/56 57/57/57
v -0.474204545 0.513000000 0.055340839
vt 0.003906250 0.507812500
vn -0.321412173 -0.707106781 0.629836657
v -0.343750000 0.501000000 0.108440952
vt 0.246093750 0.992187500
vn -0.321412173 -0.707106781 0.629836657
v -0.349204545 0.513000000 0.119129635
vt 0.003906250 0.992187500
vn -0.321412173 -0.707106781 0.629836657
f 58/58/58 59/59/59 60/60/60
o conduit_end
v -0.474204545 0.513000000 0.055340839
vt 0.003906250 0.507812500
vn -0.890723543 0.000000000 -0.454545455
v -0.468750000 0.525000000 0.044652157
vt 0.246093750 0.507812500
vn -0.890723543 0.000000000 -0.454545455
v -0.463295455 0.513000000 0.033963474
vt 0.246093750 0.992187500
vn -0.890723543 0.000000000 -0.454545455
f 61/61/61 62/62/62 63/63/63
v -0.474204545 0.513000000 0.055340839
vt 0.003906250 0.507812500
vn -0.890723543 0.000000000 -0.454545455
v -0.463295455 0.513000000 0.033963474
vt 0.246093750 0.992187500
vn -0.890723543 0.000000000 -0.454545455
v -0.468750000 0.501000000 0.044652157
vt 0.003906250 0.992187500
vn -0.890723543 0.000000000 -0.454545455
f 64/64/64 65/65/65 66/66/66
v -0.343750000 0.501000000 0.108440952
vt 0.003906250 0.507812500
vn 0.890723543 -0.000000000 0.454545455
v -0.338295455 0.513000000 0.097752270
vt 0.246093750 0.507812500
vn 0.890723543 -0.000000000 0.454545455
v -0.343750000 0.525000000 0.108440952
vt 0.246093750 0.992187500
vn 0.890723543 -0.000000000 0.454545455
f 67/67/67 68/68/68 69/69/69
v -0.343750000 0.501000000 0.108440952
vt 0.003906250 0.507812500
vn 0.890723543 -0.000000000 0.454545455
v -0.343750000 0.525000000 0.108440952
vt 0.246093750 0.992187500
vn 0.890723543 -0.000000000 0.454545455
v -0.349204545 0.513000000 0.119129635
vt 0.003906250 0.992187500
vn 0.890723543 -0.000000000 0.454545455
f 70/70/70 71/71/71 72/72/72
o conduit
v -0.343750000 0.501000000 0.108440952
vt 0.003906250 0.507812500
vn -0.694879229 -0.707106781 -0.130930734
v -0.355542492 0.513000000 0.106218984
vt 0.246093750 0.507812500
vn -0.694879229 -0.707106781 -0.130930734
v -0.339917492 0.513000000 0.023293550
vt 0.246093750 0.992187500
vn -0.694879229 -0.707106781 -0.130930734
f 73/73/73 74/74/74 75/75/75
v -0.343750000 0.501000000 0.108440952
vt 0.003906250 0.507812500
vn -0.694879229 -0.707106781 -0.130930734
v -0.339917492 0.513000000 0.023293550
vt 0.246093750 0.992187500
vn -0.694879229 -0.707106781 -0.130930734
v -0.328125000 0.501000000 0.025515518
vt 0.003906250 0.992187500
vn -0.694879229 -0.707106781 -0.130930734
f 76/76/76 77/77/77 78/78/78
v -0.355542492 0.513000000 0.106218984
vt 0.003906250 0.507812500
vn -0.694879229 0.707106781 -0.130930734
v -0.343750000 0.525000000 0.108440952
vt 0.246093750 0.507812500
vn -0.694879229 0.707106781 -0.130930734
v -0.328125000 0.525000000 0.025515518
vt 0.246093750 0.992187500
vn -0.694879229 0.707106781 -0.130930734
f 79/79/79 80/80/80 81/81/81
v -0.355542492 0.513000000 0.106218984
vt 0.003906250 0.507812500
vn -0.694879229 0.707106781 -0.130930734
v -0.328125000 0.525000000 0.025515518
vt 0.246093750 0.992187500
vn -0.694879229 0.707106781 -0.130930734
v -0.339917492 0.513000000 0.023293550
vt 0.003906250 0.992187500
vn -0.694879229 0.707106781 -0.130930734
f 82/82/82 83/83/83 84/84/84
v -0.343750000 0.525000000 0.108440952
vt 0.003906250 0.507812500
vn 0.694879229 0.707106781 0.130930734
v -0.331957508 0.513000000 0.110662920
vt 0.246093750 0.507812500
vn 0.694879229 0.707106781 0.130930734
v -0.316332508 0.513000000 0.027737486
vt 0.246093750 0.992187500
vn 0.694879229 0.707106781 0.130930734
f 85/85/85 86/86/86 87/87/87
v -0.343750000 0.525000000 0.108440952
vt 0.003906250 0.507812500
vn 0.694879229 0.707106781 0.130930734
v -0.316332508 0.513000000 0.027737486
vt 0.246093750 0.992187500
vn 0.694879229 0.707106781 0.130930734
v -0.328125000 0.525000000 0.025515518
vt 0.003906250 0.992187500
vn 0.694879229 0.707106781 0.130930734
f 88/88/88 89/89/89 90/90/90
v -0.331957508 0.513000000 0.110662920
vt 0.003906250 0.507812500
vn 0.694879229 -0.707106781 0.130930734
v -0.343750000 0.501000000 0.108440952
vt 0.246093750 0.507812500
vn 0.694879229 -0.707106781 0.130930734
v -0.328125000 0.501000000 0.025515518
vt 0.246093750 0.992187500
vn 0.694879229 -0.707106781 0.130930734
f 91/91/91 92/92/92 93/93/93
v -0.331957508 0.513000000 0.110662920
vt 0.003906250 0.507812500
vn 0.694879229 -0.707106781 0.130930734
v -0.328125000 0.501000000 0.025515518
vt 0.246093750 0.992187500
vn 0.694879229 -0.707106781 0.130930734
v -0.316332508 0.513000000 0.027737486
vt 0.003906250 0.992187500
vn 0.694879229 -0.707106781 0.130930734
f 94/94/94 95/95/95 96/96/96
o conduit_end
v -0.331957508 0.513000000 0.110662920
vt 0.003906250 0.507812500
vn -0.185164020 0.000000000 0.982707630
v -0.343750000 0.525000000 0.108440952
vt 0.246093750 0.507812500
vn -0.185164020 0.000000000 0.982707630
v -0.355542492 0.513000000 0.106218984
vt 0.246093750 0.992187500
vn -0.185164020 0.000000000 0.982707630
f 97/97/97 98/98/98 99/99/99
v -0.331957508 0.513000000 0.110662920
vt 0.003906250 0.507812500
vn -0.185164020 0.000000000 0.982707630
v -0.355542492 0.513000000 0.106218984
vt 0.246093750 0.992187500
vn -0.185164020 0.000000000 0.982707630
v -0.343750000 0.501000000 0.108440952
vt 0.003906250 0.992187500
vn -0.185164020 0.000000000 0.982707630
f 100/100/100 101/101/101 102/102/102
v -0.328125000 0.501000000 0.025515518
vt 0.003906250 0.507812500
vn 0.185164020 0.000000000 -0.982707630
v -0.339917492 0.513000000 0.023293550
vt 0.246093750 0.507812500
vn 0.185164020 0.000000000 -0.982707630
v -0.328125000 0.525000000 0.025515518
vt 0.246093750 0.992187500
vn 0.185164020 0.000000000 -0.982707630
f 103/103/103 104/104/104 105/105/105
v -0.328125000 0.501000000 0.025515518
vt 0.003906250 0.507812500
vn 0.185164020 0.000000000 -0.982707630
v -0.328125000 0.525000000 0.025515518
vt 0.246093750 0.992187500
vn 0.185164020 0.000000000 -0.982707630
v -0.316332508 0.513000000 0.027737486
vt 0.003906250 0.992187500
vn 0.185164020 0.000000000 -0.982707630
f 106/106/106 107/107/107 108/108/108
o conduit
v -0.328125000 0.501000000 0.025515518
vt 0.003906250 0.507812500
vn 0.447213595 -0.707106781 -0.547722558
v -0.320535534 0.513000000 0.016220358
vt 0.246093750 0.507812500
vn 0.447213595 -0.707106781 -0.547722558
v -0.242410534 0.513000000 0.080009154
vt 0.246093750 0.992187500
vn 0.447213595 -0.707106781 -0.547722558
f 109/109/109 110/110/110 111/111/111
v -0.328125000 0.501000000 0.025515518
vt 0.003906250 0.507812500
vn 0.447213595 -0.707106781 -0.547722558
v -0.242410534 0.513000000 0.080009154
vt 0.246093750 0.992187500
vn 0.447213595 -0.707106781 -0.547722558
v -0.250000000 0.501000000 0.089304314
vt 0.003906250 0.992187500
vn 0.447213595 -0.707106781 -0.547722558
f 112/112/112 113/113/113 114/114/114
v -0.320535534 0.513000000 0.016220358
vt 0.003906250 0.507812500
vn 0.447213595 0.707106781 -0.547722558
v -0.328125000 0.525000000 0.025515518
vt 0.246093750 0.507812500
vn 0.447213595 0.707106781 -0.547722558
v -0.250000000 0.525000000 0.089304314
vt 0.246093750 0.992187500
vn 0.447213595 0.707106781 -0.547722558
f 115/115/115 116/116/116 117/117/117
v -0.320535534 0.513000000 0.016220358
vt 0.003906250 0.507812500
vn 0.447213595 0.707106781 -0.547722558
v -0.250000000 0.525000000 0.089304314
vt 0.246093750 0.992187500
vn 0.447213595 0.707106781 -0.547722558
v -0.242410534 0.513000000 0.080009154
vt 0.003906250 0.992187500
vn 0.447213595 0.707106781 -0.547722558
f 118/118/118 119/119/119 120/120/120
v -0.328125000 0.525000000 0.025515518
vt 0.003906250 0.507812500
vn -0.447213595 0.707106781 0.547722558
v -0.335714466 0.513000000 0.034810678
vt 0.246093750 0.507812500
vn -0.447213595 0.707106781 0.547722558
v -0.257589466 0.513000000 0.098599474
vt 0.246093750 0.992187500
vn -0.447213595 0.707106781 0.547722558
f 121/121/121 122/122/122 123/123/123
v -0.328125000 0.525000000 0.025515518
vt 0.003906250 0.507812500
vn -0.447213595 0.707106781 0.547722558
v -0.257589466 0.513000000 0.098599474
vt 0.246093750 0.992187500
vn -0.447213595 0.707106781 0.547722558
v -0.250000000 0.525000000 0.089304314
vt 0.003906250 0.992187500
vn -0.447213595 0.707106781 0.547722558
f 124/124/124 125/125/125 126/126/126
v -0.335714466 0.513000000 0.034810678
vt 0.003906250 0.507812500
vn -0.447213595 -0.707106781 0.547722558
v -0.328125000 0.501000000 0.025515518
vt 0.246093750 0.507812500
vn -0.447213595 -0.707106781 0.547722558
v -0.250000000 0.501000000 0.089304314
vt 0.246093750 0.992187500
vn -0.447213595 -0.707106781 0.547722558
f 127/127/127 128/128/128 129/129/129
v -0.335714466 0.513000000 0.034810678
vt 0.003906250 0.507812500
vn -0.447213595 -0.707106781 0.547722558
v -0.250000000 0.501000000 0.089304314
vt 0.246093750 0.992187500
vn -0.447213595 -0.707106781 0.547722558
v -0.257589466 0.513000000 0.098599474
vt 0.003906250 0.992187500
vn -0.447213595 -0.707106781 0.547722558
f 130/130/130 131/131/131 132/132/132
o conduit_end
v -0.335714466 0.513000000 0.034810678
vt 0.003906250 0.507812500
vn -0.774596669 0.000000000 -0.632455532
v -0.328125000 0.525000000 0.025515518
vt 0.246093750 0.507812500
vn -0.774596669 0.000000000 -0.632455532
v -0.320535534 0.513000000 0.016220358
vt 0.246093750 0.992187500
vn -0.774596669 0.000000000 -0.632455532
f 133/133/133 134/134/134 135/135/135
v -0.335714466 0.513000000 0.034810678
vt 0.003906250 0.507812500
vn -0.774596669 0.000000000 -0.632455532
v -0.320535534 0.513000000 0.016220358
vt 0.246093750 0.992187500
vn -0.774596669 0.000000000 -0.632455532
v -0.328125000 0.501000000 0.025515518
vt 0.003906250 0.992187500
vn -0.774596669 0.000000000 -0.632455532
f 136/136/136 137/137/137 138/138/138
v -0.250000000 0.501000000 0.089304314
vt 0.003906250 0.507812500
vn 0.774596669 -0.000000000 0.632455532
v -0.242410534 0.513000000 0.080009154
vt 0.246093750 0.507812500
vn 0.774596669 -0.000000000 0.632455532
v -0.250000000 0.525000000 0.089304314
vt 0.246093750 0.992187500
vn 0.774596669 -0.000000000 0.632455532
f 139/139/139 140/140/140 141/141/141
v -0.250000000 0.501000000 0.089304314
vt 0.003906250 0.507812500
vn 0.774596669 -0.000000000 0.632455532
v -0.250000000 0.525000000 0.089304314
vt 0.246093750 0.992187500
vn 0.774596669 -0.000000000 0.632455532
v -0.257589466 0.513000000 0.098599474
vt 0.003906250 0.992187500
vn 0.774596669 -0.000000000 0.632455532
f 142/142/142 143/143/143 144/144/144
o conduit
v -0.250000000 0.501000000 0.089304314
vt 0.003906250 0.507812500
vn -0.569802882 -0.707106781 -0.418717895
v -0.259669876 0.513000000 0.082198435
vt 0.246093750 0.507812500
vn -0.569802882 -0.707106781 -0.418717895
v -0.212794876 0.513000000 0.018409640
vt 0.246093750 0.992187500
vn -0.569802882 -0.707106781 -0.418717895
f 145/145/145 146/146/146 147/147/147
v -0.250000000 0.501000000 0.089304314
vt 0.003906250 0.507812500
vn -0.569802882 -0.707106781 -0.418717895
v -0.212794876 0.513000000 0.018409640
vt 0.246093750 0.992187500
vn -0.569802882 -0.707106781 -0.418717895
v -0.203125000 0.501000000 0.025515518
vt 0.003906250 0.992187500
vn -0.569802882 -0.707106781 -0.418717895
f 148/148/148 149/149/149 150/150/150
v -0.259669876 0.513000000 0.082198435
vt 0.003906250 0.507812500
vn -0.569802882 0.707106781 -0.418717895
v -0.250000000 0.525000000 0.089304314
vt 0.246093750 0.507812500
vn -0.569802882 0.707106781 -0.418717895
v -0.203125000 0.525000000 0.025515518
vt 0.246093750 0.992187500
vn -0.569802882 0.707106781 -0.418717895
f 151/151/151 152/152/152 153/153/153
v -0.259669876 0.513000000 0.082198435
vt 0.003906250 0.507812500
vn -0.569802882 0.707106781 -0.418717895
v -0.203125000 0.525000000 0.025515518
vt 0.246093750 0.992187500
vn -0.569802882 0.707106781 -0.418717895
v -0.212794876 0.513000000 0.018409640
vt 0.003906250 0.992187500
vn -0.569802882 0.707106781 -0.418717895
f 154/154/154 155/155/155 156/156/156
v -0.250000000 0.525000000 0.089304314
vt 0.003906250 0.507812500
vn 0.569802882 0.707106781 0.418717895
v -0.240330124 0.513000000 0.096410192
vt 0.246093750 0.507812500
vn 0.569802882 0.707106781 0.418717895
v -0.193455124 0.513000000 0.032621396
vt 0.246093750 0.992187500
vn 0.569802882 0.707106781 0.418717895
f 157/157/157 158/158/158 159/159/159
v -0.250000000 0.525000000 0.089304314
vt 0.003906250 0.507812500
vn 0.569802882 0.707106781 0.418717895
v -0.193455124 0.513000000 0.032621396
vt 0.246093750 0.992187500
vn 0.569802882 0.707106781 0.418717895
v -0.203125000 0.525000000 0.025515518
vt 0.003906250 0.992187500
vn 0.569802882 0.707106781 0.418717895
f 160/160/160 161/161/161 162/162/162
v -0.240330124 0.513000000 0.096410192
vt 0.003906250 0.507812500
vn 0.569802882 -0.707106781 0.418717895
v -0.250000000 0.501000000 0.089304314
vt 0.246093750 0.507812500
vn 0.569802882 -0.707106781 0.418717895
v -0.203125000 0.501000000 0.025515518
vt 0.246093750 0.992187500
vn 0.569802882 -0.707106781 0.418717895
f 163/163/163 164/164/164 165/165/165
v -0.240330124 0.513000000 0.096410192
vt 0.003906250 0.507812500
vn 0.569802882 -0.707106781 0.418717895
v -0.203125000 0.501000000 0.025515518
vt 0.246093750 0.992187500
vn 0.569802882 -0.707106781 0.418717895
v -0.193455124 0.513000000 0.032621396
vt 0.003906250 0.992187500
vn 0.569802882 -0.707106781 0.418717895
f 166/166/166 167/167/167 168/168/168
o conduit_end
v -0.240330124 0.513000000 0.096410192
vt 0.003906250 0.507812500
vn -0.592156525 0.000000000 0.805822964
v -0.250000000 0.525000000 0.089304314
vt 0.246093750 0.507812500
vn -0.592156525 0.000000000 0.805822964
v -0.259669876 0.513000000 0.082198435
vt 0.246093750 0.992187500
vn -0.592156525 0.000000000 0.805822964
f 169/169/169 170/170/170 171/171/171
v -0.240330124 0.513000000 0.096410192
vt 0.003906250 0.507812500
vn -0.592156525 0.000000000 0.805822964
v -0.259669876 0.513000000 0.082198435
vt 0.246093750 0.992187500
vn -0.592156525 0.000000000 0.805822964
v -0.250000000 0.501000000 0.089304314
vt 0.003906250 0.992187500
vn -0.592156525 0.000000000 0.805822964
f 172/172/172 173/173/173 174/174/174
v -0.203125000 0.501000000 0.025515518
vt 0.003906250 0.507812500
vn 0.592156525 0.000000000 -0.805822964
v -0.212794876 0.513000000 0.018409640
vt 0.246093750 0.507812500
vn 0.592156525 0.000000000 -0.805822964
v -0.203125000 0.525000000 0.025515518
vt 0.246093750 0.992187500
vn 0.592156525 0.000000000 -0.805822964
f 175/175/175 176/176/176 177/177/177
v -0.203125000 0.501000000 0.025515518
vt 0.003906250 0.507812500
vn 0.592156525 0.000000000 -0.805822964
v -0.203125000 0.525000000 0.025515518
vt 0.246093750 0.992187500
vn 0.592156525 0.000000000 -0.805822964
v -0.193455124 0.513000000 0.032621396
vt 0.003906250 0.992187500
vn 0.592156525 0.000000000 -0.805822964
f 178/178/178 179/179/179 180/180/180
o conduit
v -0.203125000 0.501000000 0.025515518
vt 0.003906250 0.507812500
vn 0.635000635 -0.707106781 -0.311085508
v -0.192348682 0.513000000 0.020236222
vt 0.246093750 0.507812500
vn 0.635000635 -0.707106781 -0.311085508
v -0.161098682 0.513000000 0.084025017
vt 0.246093750 0.992187500
vn 0.635000635 -0.707106781 -0.311085508
f 181/181/181 182/182/182 183/183/183
v -0.203125000 0.501000000 0.025515518
vt 0.003906250 0.507812500
vn 0.635000635 -0.707106781 -0.311085508
v -0.161098682 0.513000000 0.084025017
vt 0.246093750 0.992187500
vn 0.635000635 -0.707106781 -0.311085508
v -0.171875000 0.501000000 0.089304314
vt 0.003906250 0.992187500
vn 0.635000635 -0.707106781 -0.311085508
f 184/184/184 185/185/185 186/186/186
v -0.192348682 0.513000000 0.020236222
vt 0.003906250 0.507812500
vn 0.635000635 0.707106781 -0.311085508
v -0.203125000 0.525000000 0.025515518
vt 0.246093750 0.507812500
vn 0.635000635 0.707106781 -0.311085508
v -0.171875000 0.525000000 0.089304314
vt 0.246093750 0.992187500
vn 0.635000635 0.707106781 -0.311085508
f 187/187/187 188/188/188 189/189/189
v -0.192348682 0.513000000 0.020236222
vt 0.003906250 0.507812500
vn 0.635000635 0.707106781 -0.311085508
v -0.171875000 0.525000000 0.089304314
vt 0.246093750 0.992187500
vn 0.635000635 0.707106781 -0.311085508
v -0.161098682 0.513000000 0.084025017
vt 0.003906250 0.992187500
vn 0.635000635 0.707106781 -0.311085508
f 190/190/190 191/191/191 192/192/192
v -0.203125000 0.525000000 0.025515518
vt 0.003906250 0.507812500
vn -0.635000635 0.707106781 0.311085508
v -0.213901318 0.513000000 0.030794814
vt 0.246093750 0.507812500
vn -0.635000635 0.707106781 0.311085508
v -0.182651318 0.513000000 0.094583610
vt 0.246093750 0.992187500
vn -0.635000635 0.707106781 0.311085508
f 193/193/193 194/194/194 195/195/195
v -0.203125000 0.525000000 0.025515518
vt 0.003906250 0.507812500
vn -0.635000635 0.707106781 0.311085508
v -0.182651318 0.513000000 0.094583610
vt 0.246093750 0.992187500
vn -0.635000635 0.707106781 0.311085508
v -0.171875000 0.525000000 0.089304314
vt 0.003906250 0.992187500
vn -0.635000635 0.707106781 0.311085508
f 196/196/196 197/197/197 198/198/198
v -0.213901318 0.513000000 0.030794814
vt 0.003906250 0.507812500
vn -0.635000635 -0.707106781 0.311085508
v -0.203125000 0.501000000 0.025515518
vt 0.246093750 0.507812500
vn -0.635000635 -0.707106781 0.311085508
v -0.171875000 0.501000000 0.089304314
vt 0.246093750 0.992187500
vn -0.635000635 -0.707106781 0.311085508
f 199/199/199 200/200/200 201/201/201
v -0.213901318 0.513000000 0.030794814
vt 0.003906250 0.507812500
vn -0.635000635 -0.707106781 0.311085508
v -0.171875000 0.501000000 0.089304314
vt 0.246093750 0.992187500
vn -0.635000635 -0.707106781 0.311085508
v -0.182651318 0.513000000 0.094583610
vt 0.003906250 0.992187500
vn -0.635000635 -0.707106781 0.311085508
f 202/202/202 203/203/203 204/204/204
o conduit_end
v -0.213901318 0.513000000 0.030794814
vt 0.003906250 0.507812500
vn -0.439941345 0.000000000 -0.898026510
v -0.203125000 0.525000000 0.025515518
vt 0.246093750 0.507812500
vn -0.439941345 0.000000000 -0.898026510
v -0.192348682 0.513000000 0.020236222
vt 0.246093750 0.992187500
vn -0.439941345 0.000000000 -0.898026510
f 205/205/205 206/206/206 207/207/207
v -0.213901318 0.513000000 0.030794814
vt 0.003906250 0.507812500
vn -0.439941345 0.000000000 -0.898026510
v -0.192348682 0.513000000 0.020236222
vt 0.246093750 0.992187500
vn -0.439941345 0.000000000 -0.898026510
v -0.203125000 0.501000000 0.025515518
vt 0.003906250 0.992187500
vn -0.439941345 0.000000000 -0.898026510
f 208/208/208 209/209/209 210/210/210
v -0.171875000 0.501000000 0.089304314
vt 0.003906250 0.507812500
vn 0.439941345 -0.000000000 0.898026510
v -0.161098682 0.513000000 0.084025017
vt 0.246093750 0.507812500
vn 0.439941345 -0.000000000 0.898026510
v -0.171875000 0.525000000 0.089304314
vt 0.246093750 0.992187500
vn 0.439941345 -0.000000000 0.898026510
f 211/211/211 212/212/212 213/213/213
v -0.171875000 0.501000000 0.089304314
vt 0.003906250 0.507812500
vn 0.439941345 -0.000000000 0.898026510
v -0.171875000 0.525000000 0.089304314
vt 0.246093750 0.992187500
vn 0.439941345 -0.000000000 0.898026510
v -0.182651318 0.513000000 0.094583610
vt 0.003906250 0.992187500
vn 0.439941345 -0.000000000 0.898026510
f 214/214/214 215/215/215 216/216/216
o conduit
v -0.171875000 0.501000000 0.089304314
vt 0.003906250 0.507812500
vn -0.267261242 -0.707106781 -0.654653671
v -0.176410574 0.513000000 0.078194472
vt 0.246093750 0.507812500
vn -0.267261242 -0.707106781 -0.654653671
v -0.035785574 0.513000000 0.020784556
vt 0.246093750 0.992187500
vn -0.267261242 -0.707106781 -0.654653671
f 217/217/217 218/218/218 219/219/219
v -0.171875000 0.501000000 0.089304314
vt 0.003906250 0.507812500
vn -0.267261242 -0.707106781 -0.654653671
v -0.035785574 0.513000000 0.020784556
vt 0.246093750 0.992187500
vn -0.267261242 -0.707106781 -0.654653671
v -0.031250000 0.501000000 0.031894398
vt 0.003906250 0.992187500
vn -0.267261242 -0.707106781 -0.654653671
f 220/220/220 221/221/221 222/222/222
v -0.176410574 0.513000000 0.078194472
vt 0.003906250 0.507812500
vn -0.267261242 0.707106781 -0.654653671
v -0.171875000 0.525000000 0.089304314
vt 0.246093750 0.507812500
vn -0.267261242 0.707106781 -0.654653671
v -0.031250000 0.525000000 0.031894398
vt 0.246093750 0.992187500
vn -0.267261242 0.707106781 -0.654653671
f 223/223/223 224/224/224 225/225/225
v -0.176410574 0.513000000 0.078194472
vt 0.003906250 0.507812500
vn -0.267261242 0.707106781 -0.654653671
v -0.031250000 0.525000000 0.031894398
vt 0.246093750 0.992187500
vn -0.267261242 0.707106781 -0.654653671
v -0.035785574 0.513000000 0.020784556
vt 0.003906250 0.992187500
vn -0.267261242 0.707106781 -0.654653671
f 226/226/226 227/227/227 228/228/228
v -0.171875000 0.525000000 0.089304314
vt 0.003906250 0.507812500
vn 0.267261242 0.707106781 0.654653671
v -0.167339426 0.513000000 0.100414155
vt 0.246093750 0.507812500
vn 0.267261242 0.707106781 0.654653671
v -0.026714426 0.513000000 0.043004239
vt 0.246093750 0.992187500
vn 0.267261242 0.707106781 0.654653671
f 229/229/229 230/230/230 231/231/231
v -0.171875000 0.525000000 0.089304314
vt 0.003906250 0.507812500
vn 0.267261242 0.707106781 0.654653671
v -0.026714426 0.513000000 0.043004239
vt 0.246093750 0.992187500
vn 0.267261242 0.707106781 0.654653671
v -0.031250000 0.525000000 0.031894398
vt 0.003906250 0.992187500
vn 0.267261242 0.707106781 0.654653671
f 232/232/232 233/233/233 234/234/234
v -0.167339426 0.513000000 0.100414155
vt 0.003906250 0.507812500
vn 0.267261242 -0.707106781 0.654653671
v -0.171875000 0.501000000 0.089304314
vt 0.246093750 0.507812500
vn 0.267261242 -0.707106781 0.654653671
v -0.031250000 0.501000000 0.031894398
vt 0.246093750 0.992187500
vn 0.267261242 -0.707106781 0.654653671
f 235/235/235 236/236/236 237/237/237
v -0.167339426 0.513000000 0.100414155
vt 0.003906250 0.507812500
vn 0.267261242 -0.707106781 0.654653671
v -0.031250000 0.501000000 0.031894398
vt 0.246093750 0.992187500
vn 0.267261242 -0.707106781 0.654653671
v -0.026714426 0.513000000 0.043004239
vt 0.003906250 0.992187500
vn 0.267261242 -0.707106781 0.654653671
f 238/238/238 239/239/239 240/240/240
o conduit_end
v -0.167339426 0.513000000 0.100414155
vt 0.003906250 0.507812500
vn -0.925820100 0.000000000 0.377964473
v -0.171875000 0.525000000 0.089304314
vt 0.246093750 0.507812500
vn -0.925820100 0.000000000 0.377964473
v -0.176410574 0.513000000 0.078194472
vt 0.246093750 0.992187500
vn -0.925820100 0.000000000 0.377964473
f 241/241/241 242/242/242 243/243/243
v -0.167339426 0.513000000 0.100414155
vt 0.003906250 0.507812500
vn -0.925820100 0.000000000 0.377964473
v -0.176410574 0.513000000 0.078194472
vt 0.246093750 0.992187500
vn -0.925820100 0.000000000 0.377964473
v -0.171875000 0.501000000 0.089304314
vt 0.003906250 0.992187500
vn -0.925820100 0.000000000 0.377964473
f 244/244/244 245/245/245 246/246/246
v -0.031250000 0.501000000 0.031894398
vt 0.003906250 0.507812500
vn 0.925820100 0.000000000 -0.377964473
v -0.035785574 0.513000000 0.020784556
vt 0.246093750 0.507812500
vn 0.925820100 0.000000000 -0.377964473
v -0.031250000 0.525000000 0.031894398
vt 0.246093750 0.992187500
vn 0.925820100 0.000000000 -0.377964473
f 247/247/247 248/248/248 249/249/249
v -0.031250000 0.501000000 0.031894398
vt 0.003906250 0.507812500
vn 0.925820100 0.000000000 -0.377964473
v -0.031250000 0.525000000 0.031894398
vt 0.246093750 0.992187500
vn 0.925820100 0.000000000 -0.377964473
v -0.026714426 0.513000000 0.043004239
vt 0.003906250 0.992187500
vn 0.925820100 0.000000000 -0.377964473
f 250/250/250 251/251/251 252/252/252
o conduit
v -0.031250000 0.501000000 0.031894398
vt 0.003906250 0.507812500
vn 0.048001536 -0.707106781 -0.705475622
v -0.030435387 0.513000000 0.019922079
vt 0.246093750 0.507812500
vn 0.048001536 -0.707106781 -0.705475622
v 0.157064613 0.513000000 0.032679838
vt 0.246093750 0.992187500
vn 0.048001536 -0.707106781 -0.705475622
f 253/253/253 254/254/254 255/255/255
v -0.031250000 0.501000000 0.031894398
vt 0.003906250 0.507812500
vn 0.048001536 -0.707106781 -0.705475622
v 0.157064613 0.513000000 0.032679838
vt 0.246093750 0.992187500
vn 0.048001536 -0.707106781 -0.705475622
v 0.156250000 0.501000000 0.044652157
vt 0.003906250 0.992187500
vn 0.048001536 -0.707106781 -0.705475622
f 256/256/256 257/257/257 258/258/258
v -0.030435387 0.513000000 0.019922079
vt 0.003906250 0.507812500
vn 0.048001536 0.707106781 -0.705475622
v -0.031250000 0.525000000 0.031894398
vt 0.246093750 0.507812500
vn 0.048001536 0.707106781 -0.705475622
v 0.156250000 0.525000000 0.044652157
vt 0.246093750 0.992187500
vn 0.048001536 0.707106781 -0.705475622
f 259/259/259 260/260/260 261/261/261
v -0.030435387 0.513000000 0.019922079
vt 0.003906250 0.507812500
vn 0.048001536 0.707106781 -0.705475622
v 0.156250000 0.525000000 0.044652157
vt 0.246093750 0.992187500
vn 0.048001536 0.707106781 -0.705475622
v 0.157064613 0.513000000 0.032679838
vt 0.003906250 0.992187500
vn 0.048001536 0.707106781 -0.705475622
f 262/262/262 263/263/263 264/264/264
v -0.031250000 0.525000000 0.031894398
vt 0.003906250 0.507812500
vn -0.048001536 0.707106781 0.705475622
v -0.032064613 0.513000000 0.043866716
vt 0.246093750 0.507812500
vn -0.048001536 0.707106781 0.705475622
v 0.155435387 0.513000000 0.056624475
vt 0.246093750 0.992187500
vn -0.048001536 0.707106781 0.705475622
f 265/265/265 266/266/266 267/267/267
v -0.031250000 0.525000000 0.031894398
vt 0.003906250 0.507812500
vn -0.048001536 0.707106781 0.705475622
v 0.155435387 0.513000000 0.056624475
vt 0.246093750 0.992187500
vn -0.048001536 0.707106781 0.705475622
v 0.156250000 0.525000000 0.044652157
vt 0.003906250 0.992187500
vn -0.048001536 0.707106781 0.705475622
f 268/268/268 269/269/269 270/270/270
v -0.032064613 0.513000000 0.043866716
vt 0.003906250 0.507812500
vn -0.048001536 -0.707106781 0.705475622
v -0.031250000 0.501000000 0.031894398
vt 0.246093750 0.507812500
vn -0.048001536 -0.707106781 0.705475622
v 0.156250000 0.501000000 0.044652157
vt 0.246093750 0.992187500
vn -0.048001536 -0.707106781 0.705475622
f 271/271/271 272/272/272 273/273/273
v -0.032064613 0.513000000 0.043866716
vt 0.003906250 0.507812500
vn -0.048001536 -0.707106781 0.705475622
v 0.156250000 0.501000000 0.044652157
vt 0.246093750 0.992187500
vn -0.048001536 -0.707106781 0.705475622
v 0.155435387 0.513000000 0.056624475
vt 0.003906250 0.992187500
vn -0.048001536 -0.707106781 0.705475622
f 274/274/274 275/275/275 276/276/276
o conduit_end
v -0.032064613 0.513000000 0.043866716
vt 0.003906250 0.507812500
vn -0.997693192 -0.000000000 -0.067884423
v -0.031250000 0.525000000 0.031894398
vt 0.246093750 0.507812500
vn -0.997693192 -0.000000000 -0.067884423
v -0.030435387 0.513000000 0.019922079
vt 0.246093750 0.992187500
vn -0.997693192 -0.000000000 -0.067884423
f 277/277/277 278/278/278 279/279/279
v -0.032064613 0.513000000 0.043866716
vt 0.003906250 0.507812500
vn -0.997693192 0.000000000 -0.067884423
v -0.030435387 0.513000000 0.019922079
vt 0.246093750 0.992187500
vn -0.997693192 0.000000000 -0.067884423
v -0.031250000 0.501000000 0.031894398
vt 0.003906250 0.992187500
vn -0.997693192 0.000000000 -0.067884423
f 280/280/280 281/281/281 282/282/282
v 0.156250000 0.501000000 0.044652157
vt 0.003906250 0.507812500
vn 0.997693192 -0.000000000 0.067884423
v 0.157064613 0.513000000 0.032679838
vt 0.246093750 0.507812500
vn 0.997693192 -0.000000000 0.067884423
v 0.156250000 0.525000000 0.044652157
vt 0.246093750 0.992187500
vn 0.997693192 -0.000000000 0.067884423
f 283/283/283 284/284/284 285/285/285
v 0.156250000 0.501000000 0.044652157
vt 0.003906250 0.507812500
vn 0.997693192 -0.000000000 0.067884423
v 0.156250000 0.525000000 0.044652157
vt 0.246093750 0.992187500
vn 0.997693192 -0.000000000 0.067884423
v 0.155435387 0.513000000 0.056624475
vt 0.003906250 0.992187500
vn 0.997693192 -0.000000000 0.067884423
f 286/286/286 287/287/287 288/288/288
o conduit
v 0.156250000 0.501000000 0.044652157
vt 0.003906250 0.507812500
vn 0.267261242 -0.707106781 -0.654653671
v 0.160785574 0.513000000 0.033542316
vt 0.246093750 0.507812500
vn 0.267261242 -0.707106781 -0.654653671
v 0.317035574 0.513000000 0.097331111
vt 0.246093750 0.992187500
vn 0.267261242 -0.707106781 -0.654653671
f 289/289/289 290/290/290 291/291/291
v 0.156250000 0.501000000 0.044652157
vt 0.003906250 0.507812500
vn 0.267261242 -0.707106781 -0.654653671
v 0.317035574 0.513000000 0.097331111
vt 0.246093750 0.992187500
vn 0.267261242 -0.707106781 -0.654653671
v 0.312500000 0.501000000 0.108440952
vt 0.003906250 0.992187500
vn 0.267261242 -0.707106781 -0.654653671
f 292/292/292 293/293/293 294/294/294
v 0.160785574 0.513000000 0.033542316
vt 0.003906250 0.507812500
vn 0.267261242 0.707106781 -0.654653671
v 0.156250000 0.525000000 0.044652157
vt 0.246093750 0.507812500
vn 0.267261242 0.707106781 -0.654653671
v 0.312500000 0.525000000 0.108440952
vt 0.246093750 0.992187500
vn 0.267261242 0.707106781 -0.654653671
f 295/295/295 296/296/296 297/297/297
v 0.160785574 0.513000000 0.033542316
vt 0.003906250 0.507812500
vn 0.267261242 0.707106781 -0.654653671
v 0.312500000 0.525000000 0.108440952
vt 0.246093750 0.992187500
vn 0.267261242 0.707106781 -0.654653671
v 0.317035574 0.513000000 0.097331111
vt 0.003906250 0.992187500
vn 0.267261242 0.707106781 -0.654653671
f 298/298/298 299/299/299 300/300/300
v 0.156250000 0.525000000 0.044652157
vt 0.003906250 0.507812500
vn -0.267261242 0.707106781 0.654653671
v 0.151714426 0.513000000 0.055761998
vt 0.246093750 0.507812500
vn -0.267261242 0.707106781 0.654653671
v 0.307964426 0.513000000 0.119550793
vt 0.246093750 0.992187500
vn -0.267261242 0.707106781 0.654653671
f 301/301/301 302/302/302 303/303/303
v 0.156250000 0.525000000 0.044652157
vt 0.003906250 0.507812500
vn -0.267261242 0.707106781 0.654653671
v 0.307964426 0.513000000 0.119550793
vt 0.246093750 0.992187500
vn -0.267261242 0.707106781 0.654653671
v 0.312500000 0.525000000 0.108440952
vt 0.003906250 0.992187500
vn -0.267261242 0.707106781 0.654653671
f 304/304/304 305/305/305 306/306/306
v 0.151714426 0.513000000 0.055761998
vt 0.003906250 0.507812500
vn -0.267261242 -0.707106781 0.654653671
v 0.156250000 0.501000000 0.044652157
vt 0.246093750 0.507812500
vn -0.267261242 -0.707106781 0.654653671
v 0.312500000 0.501000000 0.108440952
vt 0.246093750 0.992187500
vn -0.267261242 -0.707106781 0.654653671
f 307/307/307 308/308/308 309/309/309
v 0.151714426 0.513000000 0.055761998
vt 0.003906250 0.507812500
vn -0.267261242 -0.707106781 0.654653671
v 0.312500000 0.501000000 0.108440952
vt 0.246093750 0.992187500
vn -0.267261242 -0.707106781 0.654653671
v 0.307964426 0.513000000 0.119550793
vt 0.003906250 0.992187500
vn -0.267261242 -0.707106781 0.654653671
f 310/310/310 311/311/311 312/312/312
o conduit_end
v 0.151714426 0.513000000 0.055761998
vt 0.003906250 0.507812500
vn -0.925820100 0.000000000 -0.377964473
v 0.156250000 0.525000000 0.044652157
vt 0.246093750 0.507812500
vn -0.925820100 0.000000000 -0.377964473
v 0.160785574 0.513000000 0.033542316
vt 0.246093750 0.992187500
vn -0.925820100 0.000000000 -0.377964473
f 313/313/313 314/314/314 315/315/315
v 0.151714426 0.513000000 0.055761998
vt 0.003906250 0.507812500
vn -0.925820100 0.000000000 -0.377964473
v 0.160785574 0.513000000 0.033542316
vt 0.246093750 0.992187500
vn -0.925820100 0.000000000 -0.377964473
v 0.156250000 0.501000000 0.044652157
vt 0.003906250 0.992187500
vn -0.925820100 0.000000000 -0.377964473
f 316/316/316 317/317/317 318/318/318
v 0.312500000 0.501000000 0.108440952
vt 0.003906250 0.507812500
vn 0.925820100 -0.000000000 0.377964473
v 0.317035574 0.513000000 0.097331111
vt 0.246093750 0.507812500
vn 0.925820100 -0.000000000 0.377964473
v 0.312500000 0.525000000 0.108440952
vt 0.246093750 0.992187500
vn 0.925820100 -0.000000000 0.377964473
f 319/319/319 320/320/320 321/321/321
v 0.312500000 0.501000000 0.108440952
vt 0.003906250 0.507812500
vn 0.925820100 -0.000000000 0.377964473
v 0.312500000 0.525000000 0.108440952
vt 0.246093750 0.992187500
vn 0.925820100 -0.000000000 0.377964473
v 0.307964426 0.513000000 0.119550793
vt 0.003906250 0.992187500
vn 0.925820100 -0.000000000 0.377964473
f 322/322/322 323/323/323 324/324/324
o conduit
v 0.312500000 0.501000000 0.108440952
vt 0.003906250 0.507812500
vn -0.579324122 -0.707106781 -0.405442427
v 0.302668544 0.513000000 0.101560366
vt 0.246093750 0.507812500
vn -0.579324122 -0.707106781 -0.405442427
v 0.333918544 0.513000000 0.056908209
vt 0.246093750 0.992187500
vn -0.579324122 -0.707106781 -0.405442427
f 325/325/325 326/326/326 327/327/327
v 0.312500000 0.501000000 0.108440952
vt 0.003906250 0.507812500
vn -0.579324122 -0.707106781 -0.405442427
v 0.333918544 0.513000000 0.056908209
vt 0.246093750 0.992187500
vn -0.579324122 -0.707106781 -0.405442427
v 0.343750000 0.501000000 0.063788795
vt 0.003906250 0.992187500
vn -0.579324122 -0.707106781 -0.405442427
f 328/328/328 329/329/329 330/330/330
v 0.302668544 0.513000000 0.101560366
vt 0.003906250 0.507812500
vn -0.579324122 0.707106781 -0.405442427
v 0.312500000 0.525000000 0.108440952
vt 0.246093750 0.507812500
vn -0.579324122 0.707106781 -0.405442427
v 0.343750000 0.525000000 0.063788795
vt 0.246093750 0.992187500
vn -0.579324122 0.707106781 -0.405442427
f 331/331/331 332/332/332 333/333/333
v 0.302668544 0.513000000 0.101560366
vt 0.003906250 0.507812500
vn -0.579324122 0.707106781 -0.405442427
v 0.343750000 0.525000000 0.063788795
vt 0.246093750 0.992187500
vn -0.579324122 0.707106781 -0.405442427
v 0.333918544 0.513000000 0.056908209
vt 0.003906250 0.992187500
vn -0.579324122 0.707106781 -0.405442427
f 334/334/334 335/335/335 336/336/336
v 0.312500000 0.525000000 0.108440952
vt 0.003906250 0.507812500
vn 0.579324122 0.707106781 0.405442427
v 0.322331456 0.513000000 0.115321538
vt 0.246093750 0.507812500
vn 0.579324122 0.707106781 0.405442427
v 0.353581456 0.513000000 0.070669382
vt 0.246093750 0.992187500
vn 0.579324122 0.707106781 0.405442427
f 337/337/337 338/338/338 339/339/339
v 0.312500000 0.525000000 0.108440952
vt 0.003906250 0.507812500
vn 0.579324122 0.707106781 0.405442427
v 0.353581456 0.513000000 0.070669382
vt 0.246093750 0.992187500
vn 0.579324122 0.707106781 0.405442427
v 0.343750000 0.525000000 0.063788795
vt 0.003906250 0.992187500
vn 0.579324122 0.707106781 0.405442427
f 340/340/340 341/341/341 342/342/342
v 0.322331456 0.513000000 0.115321538
vt 0.003906250 0.507812500
vn 0.579324122 -0.707106781 0.405442427
v 0.312500000 0.501000000 0.108440952
vt 0.246093750 0.507812500
vn 0.579324122 -0.707106781 0.405442427
v 0.343750000 0.501000000 0.063788795
vt 0.246093750 0.992187500
vn 0.579324122 -0.707106781 0.405442427
f 343/343/343 344/344/344 345/345/345
v 0.322331456 0.513000000 0.115321538
vt 0.003906250 0.507812500
vn 0.579324122 -0.707106781 0.405442427
v 0.343750000 0.501000000 0.063788795
vt 0.246093750 0.992187500
vn 0.579324122 -0.707106781 0.405442427
v 0.353581456 0.513000000 0.070669382
vt 0.003906250 0.992187500
vn 0.579324122 -0.707106781 0.405442427
f 346/346/346 347/347/347 348/348/348
o conduit_end
v 0.322331456 0.513000000 0.115321538
vt 0.003906250 0.507812500
vn -0.573382179 0.000000000 0.819288030
v 0.312500000 0.525000000 0.108440952
vt 0.246093750 0.507812500
vn -0.573382179 0.000000000 0.819288030
v 0.302668544 0.513000000 0.101560366
vt 0.246093750 0.992187500
vn -0.573382179 0.000000000 0.819288030
f 349/349/349 350/350/350 351/351/351
v 0.322331456 0.513000000 0.115321538
vt 0.003906250 0.507812500
vn -0.573382179 0.000000000 0.819288030
v 0.302668544 0.513000000 0.101560366
vt 0.246093750 0.992187500
vn -0.573382179 0.000000000 0.819288030
v 0.312500000 0.501000000 0.108440952
vt 0.003906250 0.992187500
vn -0.573382179 0.000000000 0.819288030
f 352/352/352 353/353/353 354/354/354
v 0.343750000 0.501000000 0.063788795
vt 0.003906250 0.507812500
vn 0.573382179 0.000000000 -0.819288030
v 0.333918544 0.513000000 0.056908209
vt 0.246093750 0.507812500
vn 0.573382179 0.000000000 -0.819288030
v 0.343750000 0.525000000 0.063788795
vt 0.246093750 0.992187500
vn 0.573382179 0.000000000 -0.819288030
f 355/355/355 356/356/356 357/357/357
v 0.343750000 0.501000000 0.063788795
vt 0.003906250 0.507812500
vn 0.573382179 0.000000000 -0.819288030
v 0.343750000 0.525000000 0.063788795
vt 0.246093750 0.992187500
vn 0.573382179 0.000000000 -0.819288030
v 0.353581456 0.513000000 0.070669382
vt 0.003906250 0.992187500
vn 0.573382179 0.000000000 -0.819288030
f 358/358/358 359/359/359 360/360/360
o conduit
v 0.343750000 0.501000000 0.063788795
vt 0.003906250 0.507812500
vn 0.468487481 -0.707106781 -0.529640898
v 0.351700496 0.513000000 0.054800491
vt 0.246093750 0.507812500
vn 0.468487481 -0.707106781 -0.529640898
v 0.445450496 0.513000000 0.137725925
vt 0.246093750 0.992187500
vn 0.468487481 -0.707106781 -0.529640898
f 361/361/361 362/362/362 363/363/363
v 0.343750000 0.501000000 0.063788795
vt 0.003906250 0.507812500
vn 0.468487481 -0.707106781 -0.529640898
v 0.445450496 0.513000000 0.137725925
vt 0.246093750 0.992187500
vn 0.468487481 -0.707106781 -0.529640898
v 0.437500000 0.501000000 0.146714229
vt 0.003906250 0.992187500
vn 0.468487481 -0.707106781 -0.529640898
f 364/364/364 365/365/365 366/366/366
v 0.351700496 0.513000000 0.054800491
vt 0.003906250 0.507812500
vn 0.468487481 0.707106781 -0.529640898
v 0.343750000 0.525000000 0.063788795
vt 0.246093750 0.507812500
vn 0.468487481 0.707106781 -0.529640898
v 0.437500000 0.525000000 0.146714229
vt 0.246093750 0.992187500
vn 0.468487481 0.707106781 -0.529640898
f 367/367/367 368/368/368 369/369/369
v 0.351700496 0.513000000 0.054800491
vt 0.003906250 0.507812500
vn 0.468487481 0.707106781 -0.529640898
v 0.437500000 0.525000000 0.146714229
vt 0.246093750 0.992187500
vn 0.468487481 0.707106781 -0.529640898
v 0.445450496 0.513000000 0.137725925
vt 0.003906250 0.992187500
vn 0.468487481 0.707106781 -0.529640898
f 370/370/370 371/371/371 372/372/372
v 0.343750000 0.525000000 0.063788795
vt 0.003906250 0.507812500
vn -0.468487481 0.707106781 0.529640898
v 0.335799504 0.513000000 0.072777099
vt 0.246093750 0.507812500
vn -0.468487481 0.707106781 0.529640898
v 0.429549504 0.513000000 0.155702533
vt 0.246093750 0.992187500
vn -0.468487481 0.707106781 0.529640898
f 373/373/373 374/374/374 375/375/375
v 0.343750000 0.525000000 0.063788795
vt 0.003906250 0.507812500
vn -0.468487481 0.707106781 0.529640898
v 0.429549504 0.513000000 0.155702533
vt 0.246093750 0.992187500
vn -0.468487481 0.707106781 0.529640898
v 0.437500000 0.525000000 0.146714229
vt 0.003906250 0.992187500
vn -0.468487481 0.707106781 0.529640898
f 376/376/376 377/377/377 378/378/378
v 0.335799504 0.513000000 0.072777099
vt 0.003906250 0.507812500
vn -0.468487481 -0.707106781 0.529640898
v 0.343750000 0.501000000 0.063788795
vt 0.246093750 0.507812500
vn -0.468487481 -0.707106781 0.529640898
v 0.437500000 0.501000000 0.146714229
vt 0.246093750 0.992187500
vn -0.468487481 -0.707106781 0.529640898
f 379/379/379 380/380/380 381/381/381
v 0.335799504 0.513000000 0.072777099
vt 0.003906250 0.507812500
vn -0.468487481 -0.707106781 0.529640898
v 0.437500000 0.501000000 0.146714229
vt 0.246093750 0.992187500
vn -0.468487481 -0.707106781 0.529640898
v 0.429549504 0.513000000 0.155702533
vt 0.003906250 0.992187500
vn -0.468487481 -0.707106781 0.529640898
f 382/382/382 383/383/383 384/384/384
o conduit_end
v 0.335799504 0.513000000 0.072777099
vt 0.003906250 0.507812500
vn -0.749025341 0.000000000 -0.662541349
v 0.343750000 0.525000000 0.063788795
vt 0.246093750 0.507812500
vn -0.749025341 0.000000000 -0.662541349
v 0.351700496 0.513000000 0.054800491
vt 0.246093750 0.992187500
vn -0.749025341 0.000000000 -0.662541349
f 385/385/385 386/386/386 387/387/387
v 0.335799504 0.513000000 0.072777099
vt 0.003906250 0.507812500
vn -0.749025341 0.000000000 -0.662541349
v 0.351700496 0.513000000 0.054800491
vt 0.246093750 0.992187500
vn -0.749025341 0.000000000 -0.662541349
v 0.343750000 0.501000000 0.063788795
vt 0.003906250 0.992187500
vn -0.749025341 0.000000000 -0.662541349
f 388/388/388 389/389/389 390/390/390
v 0.437500000 0.501000000 0.146714229
vt 0.003906250 0.507812500
vn 0.749025341 -0.000000000 0.662541349
v 0.445450496 0.513000000 0.137725925
vt 0.246093750 0.507812500
vn 0.749025341 -0.000000000 0.662541349
v 0.437500000 0.525000000 0.146714229
vt 0.246093750 0.992187500
vn 0.749025341 -0.000000000 0.662541349
f 391/391/391 392/392/392 393/393/393
v 0.437500000 0.501000000 0.146714229
vt 0.003906250 0.507812500
vn 0.749025341 -0.000000000 0.662541349
v 0.437500000 0.525000000 0.146714229
vt 0.246093750 0.992187500
vn 0.749025341 -0.000000000 0.662541349
v 0.429549504 0.513000000 0.155702533
vt 0.003906250 0.992187500
vn 0.749025341 -0.000000000 0.662541349
f 394/394/394 395/395/395 396/396/396
o conduit
v 0.437500000 0.501000000 0.146714229
vt 0.003906250 0.507812500
vn 0.071795816 -0.707106781 -0.703452458
v 0.438718415 0.513000000 0.134776245
vt 0.246093750 0.507812500
vn 0.071795816 -0.707106781 -0.703452458
v 0.501218415 0.513000000 0.141155125
vt 0.246093750 0.992187500
vn 0.071795816 -0.707106781 -0.703452458
f 397/397/397 398/398/398 399/399/399
v 0.437500000 0.501000000 0.146714229
vt 0.003906250 0.507812500
vn 0.071795816 -0.707106781 -0.703452458
v 0.501218415 0.513000000 0.141155125
vt 0.246093750 0.992187500
vn 0.071795816 -0.707106781 -0.703452458
v 0.500000000 0.501000000 0.153093109
vt 0.003906250 0.992187500
vn 0.071795816 -0.707106781 -0.703452458
f 400/400/400 401/401/401 402/402/402
v 0.438718415 0.513000000 0.134776245
vt 0.003906250 0.507812500
vn 0.071795816 0.707106781 -0.703452458
v 0.437500000 0.525000000 0.146714229
vt 0.246093750 0.507812500
vn 0.071795816 0.707106781 -0.703452458
v 0.500000000 0.525000000 0.153093109
vt 0.246093750 0.992187500
vn 0.071795816 0.707106781 -0.703452458
f 403/403/403 404/404/404 405/405/405
v 0.438718415 0.513000000 0.134776245
vt 0.003906250 0.507812500
vn 0.071795816 0.707106781 -0.703452458
v 0.500000000 0.525000000 0.153093109
vt 0.246093750 0.992187500
vn 0.071795816 0.707106781 -0.703452458
v 0.501218415 0.513000000 0.141155125
vt 0.003906250 0.992187500
vn 0.071795816 0.707106781 -0.703452458
f 406/406/406 407/407/407 408/408/408
v 0.437500000 0.525000000 0.146714229
vt 0.003906250 0.507812500
vn -0.071795816 0.707106781 0.703452458
v 0.436281585 0.513000000 0.158652213
vt 0.246093750 0.507812500
vn -0.071795816 0.707106781 0.703452458
v 0.498781585 0.513000000 0.165031093
vt 0.246093750 0.992187500
vn -0.071795816 0.707106781 0.703452458
f 409/409/409 410/410/410 411/411/411
v 0.437500000 0.525000000 0.146714229
vt 0.003906250 0.507812500
vn -0.071795816 0.707106781 0.703452458
v 0.498781585 0.513000000 0.165031093
vt 0.246093750 0.992187500
vn -0.071795816 0.707106781 0.703452458
v 0.500000000 0.525000000 0.153093109
vt 0.003906250 0.992187500
vn -0.071795816 0.707106781 0.703452458
f 412/412/412 413/413/413 414/414/414
v 0.436281585 0.513000000 0.158652213
vt 0.003906250 0.507812500
vn -0.071795816 -0.707106781 0.703452458
v 0.437500000 0.501000000 0.146714229
vt 0.246093750 0.507812500
vn -0.071795816 -0.707106781 0.703452458
v 0.500000000 0.501000000 0.153093109
vt 0.246093750 0.992187500
vn -0.071795816 -0.707106781 0.703452458
f 415/415/415 416/416/416 417/417/417
v 0.436281585 0.513000000 0.158652213
vt 0.003906250 0.507812500
vn -0.071795816 -0.707106781 0.703452458
v 0.500000000 0.501000000 0.153093109
vt 0.246093750 0.992187500
vn -0.071795816 -0.707106781 0.703452458
v 0.498781585 0.513000000 0.165031093
vt 0.003906250 0.992187500
vn -0.071795816 -0.707106781 0.703452458
f 418/418/418 419/419/419 420/420/420
o conduit_end
v 0.436281585 0.513000000 0.158652213
vt 0.003906250 0.507812500
vn -0.994832007 0.000000000 -0.101534617
v 0.437500000 0.525000000 0.146714229
vt 0.246093750 0.507812500
vn -0.994832007 0.000000000 -0.101534617
v 0.438718415 0.513000000 0.134776245
vt 0.246093750 0.992187500
vn -0.994832007 0.000000000 -0.101534617
f 421/421/421 422/422/422 423/423/423
v 0.436281585 0.513000000 0.158652213
vt 0.003906250 0.507812500
vn -0.994832007 0.000000000 -0.101534617
v 0.438718415 0.513000000 0.134776245
vt 0.246093750 0.992187500
vn -0.994832007 0.000000000 -0.101534617
v 0.437500000 0.501000000 0.146714229
vt 0.003906250 0.992187500
vn -0.994832007 0.000000000 -0.101534617
f 424/424/424 425/425/425 426/426/426
v 0.500000000 0.501000000 0.153093109
vt 0.003906250 0.507812500
vn 0.994832007 -0.000000000 0.101534617
v 0.501218415 0.513000000 0.141155125
vt 0.246093750 0.507812500
vn 0.994832007 -0.000000000 0.101534617
v 0.500000000 0.525000000 0.153093109
vt 0.246093750 0.992187500
vn 0.994832007 -0.000000000 0.101534617
f 427/427/427 428/428/428 429/429/429
v 0.500000000 0.501000000 0.153093109
vt 0.003906250 0.507812500
vn 0.994832007 -0.000000000 0.101534617
v 0.500000000 0.525000000 0.153093109
vt 0.246093750 0.992187500
vn 0.994832007 -0.000000000 0.101534617
v 0.498781585 0.513000000 0.165031093
vt 0.003906250 0.992187500
vn 0.994832007 -0.000000000 0.101534617
f 430/430/430 431/431/431 432/432/432
o conduit
v -0.250217266 0.492000000 0.075309003
vt 0.253906250 0.007812500
vn 0.072923405 -0.707106781 -0.703336461
v -0.248051551 0.513000000 0.054420976
vt 0.496093750 0.007812500
vn 0.072923405 -0.707106781 -0.703336461
v -0.224179520 0.513000000 0.056896078
vt 0.496093750 0.492187500
vn 0.072923405 -0.707106781 -0.703336461
f 433/433/433 434/434/434 435/435/435
v -0.250217266 0.492000000 0.075309003
vt 0.253906250 0.007812500
vn 0.072923405 -0.707106781 -0.703336461
v -0.224179520 0.513000000 0.056896078
vt 0.496093750 0.492187500
vn 0.072923405 -0.707106781 -0.703336461
v -0.226345234 0.492000000 0.077784106
vt 0.253906250 0.492187500
vn 0.072923405 -0.707106781 -0.703336461
f 436/436/436 437/437/437 438/438/438
v -0.248051551 0.513000000 0.054420976
vt 0.253906250 0.007812500
vn 0.072923405 0.707106781 -0.703336461
v -0.250217266 0.534000000 0.075309003
vt 0.496093750 0.007812500
vn 0.072923405 0.707106781 -0.703336461
v -0.226345234 0.534000000 0.077784106
vt 0.496093750 0.492187500
vn 0.072923405 0.707106781 -0.703336461
f 439/439/439 440/440/440 441/441/441
v -0.248051551 0.513000000 0.054420976
vt 0.253906250 0.007812500
vn 0.072923405 0.707106781 -0.703336461
v -0.226345234 0.534000000 0.077784106
vt 0.496093750 0.492187500
vn 0.072923405 0.707106781 -0.703336461
v -0.224179520 0.513000000 0.056896078
vt 0.253906250 0.492187500
vn 0.072923405 0.707106781 -0.703336461
f 442/442/442 443/443/443 444/444/444
v -0.250217266 0.534000000 0.075309003
vt 0.253906250 0.007812500
vn -0.072923405 0.707106781 0.703336461
v -0.252382980 0.513000000 0.096197030
vt 0.496093750 0.007812500
vn -0.072923405 0.707106781 0.703336461
v -0.228510949 0.513000000 0.098672133
vt 0.496093750 0.492187500
vn -0.072923405 0.707106781 0.703336461
f 445/445/445 446/446/446 447/447/447
v -0.250217266 0.534000000 0.075309003
vt 0.253906250 0.007812500
vn -0.072923405 0.707106781 0.703336461
v -0.228510949 0.513000000 0.098672133
vt 0.496093750 0.492187500
vn -0.072923405 0.707106781 0.703336461
v -0.226345234 0.534000000 0.077784106
vt 0.253906250 0.492187500
vn -0.072923405 0.707106781 0.703336461
f 448/448/448 449/449/449 450/450/450
v -0.252382980 0.513000000 0.096197030
vt 0.253906250 0.007812500
vn -0.072923405 -0.707106781 0.703336461
v -0.250217266 0.492000000 0.075309003
vt 0.496093750 0.007812500
vn -0.072923405 -0.707106781 0.703336461
v -0.226345234 0.492000000 0.077784106
vt 0.496093750 0.492187500
vn -0.072923405 -0.707106781 0.703336461
f 451/451/451 452/452/452 453/453/453
v -0.252382980 0.513000000 0.096197030
vt 0.253906250 0.007812500
vn -0.072923405 -0.707106781 0.703336461
v -0.226345234 0.492000000 0.077784106
vt 0.496093750 0.492187500
vn -0.072923405 -0.707106781 0.703336461
v -0.228510949 0.513000000 0.098672133
vt 0.253906250 0.492187500
vn -0.072923405 -0.707106781 0.703336461
f 454/454/454 455/455/455 456/456/456
o conduit_end
v -0.252382980 0.513000000 0.096197030
vt 0.253906250 0.007812500
vn -0.994667962 0.000000000 -0.103129269
v -0.250217266 0.534000000 0.075309003
vt 0.496093750 0.007812500
vn -0.994667962 0.000000000 -0.103129269
v -0.248051551 0.513000000 0.054420976
vt 0.496093750 0.492187500
vn -0.994667962 0.000000000 -0.103129269
f 457/457/457 458/458/458 459/459/459
v -0.252382980 0.513000000 0.096197030
vt 0.253906250 0.007812500
vn -0.994667962 0.000000000 -0.103129269
v -0.248051551 0.513000000 0.054420976
vt 0.496093750 0.492187500
vn -0.994667962 0.000000000 -0.103129269
v -0.250217266 0.492000000 0.075309003
vt 0.253906250 0.492187500
vn -0.994667962 0.000000000 -0.103129269
f 460/460/460 461/461/461 462/462/462
v -0.226345234 0.492000000 0.077784106
vt 0.253906250 0.007812500
vn 0.994667962 -0.000000000 0.103129269
v -0.224179520 0.513000000 0.056896078
vt 0.496093750 0.007812500
vn 0.994667962 -0.000000000 0.103129269
v -0.226345234 0.534000000 0.077784106
vt 0.496093750 0.492187500
vn 0.994667962 -0.000000000 0.103129269
f 463/463/463 464/464/464 465/465/465
v -0.226345234 0.492000000 0.077784106
vt 0.253906250 0.007812500
vn 0.994667962 -0.000000000 0.103129269
v -0.226345234 0.534000000 0.077784106
vt 0.496093750 0.492187500
vn 0.994667962 -0.000000000 0.103129269
v -0.228510949 0.513000000 0.098672133
vt 0.253906250 0.492187500
vn 0.994667962 -0.000000000 0.103129269
f 466/466/466 467/467/467 468/468/468
o conduit
v 0.241970234 0.492000000 0.126340040
vt 0.253906250 0.007812500
vn 0.072923405 -0.707106781 -0.703336461
v 0.244135949 0.513000000 0.105452012
vt 0.496093750 0.007812500
vn 0.072923405 -0.707106781 -0.703336461
v 0.268007980 0.513000000 0.107927115
vt 0.496093750 0.492187500
vn 0.072923405 -0.707106781 -0.703336461
f 469/469/469 470/470/470 471/471/471
v 0.241970234 0.492000000 0.126340040
vt 0.253906250 0.007812500
vn 0.072923405 -0.707106781 -0.703336461
v 0.268007980 0.513000000 0.107927115
vt 0.496093750 0.492187500
vn 0.072923405 -0.707106781 -0.703336461
v 0.265842266 0.492000000 0.128815142
vt 0.253906250 0.492187500
vn 0.072923405 -0.707106781 -0.703336461
f 472/472/472 473/473/473 474/474/474
v 0.244135949 0.513000000 0.105452012
vt 0.253906250 0.007812500
vn 0.072923405 0.707106781 -0.703336461
v 0.241970234 0.534000000 0.126340040
vt 0.496093750 0.007812500
vn 0.072923405 0.707106781 -0.703336461
v 0.265842266 0.534000000 0.128815142
vt 0.496093750 0.492187500
vn 0.072923405 0.707106781 -0.703336461
f 475/475/475 476/476/476 477/477/477
v 0.244135949 0.513000000 0.105452012
vt 0.253906250 0.007812500
vn 0.072923405 0.707106781 -0.703336461
v 0.265842266 0.534000000 0.128815142
vt 0.496093750 0.492187500
vn 0.072923405 0.707106781 -0.703336461
v 0.268007980 0.513000000 0.107927115
vt 0.253906250 0.492187500
vn 0.072923405 0.707106781 -0.703336461
f 478/478/478 479/479/479 480/480/480
v 0.241970234 0.534000000 0.126340040
vt 0.253906250 0.007812500
vn -0.072923405 0.707106781 0.703336461
v 0.239804520 0.513000000 0.147228067
vt 0.496093750 0.007812500
vn -0.072923405 0.707106781 0.703336461
v 0.263676551 0.513000000 0.149703169
vt 0.496093750 0.492187500
vn -0.072923405 0.707106781 0.703336461
f 481/481/481 482/482/482 483/483/483
v 0.241970234 0.534000000 0.126340040
vt 0.253906250 0.007812500
vn -0.072923405 0.707106781 0.703336461
v 0.263676551 0.513000000 0.149703169
vt 0.496093750 0.492187500
vn -0.072923405 0.707106781 0.703336461
v 0.265842266 0.534000000 0.128815142
vt 0.253906250 0.492187500
vn -0.072923405 0.707106781 0.703336461
f 484/484/484 485/485/485 486/486/486
v 0.239804520 0.513000000 0.147228067
vt 0.253906250 0.007812500
vn -0.072923405 -0.707106781 0.703336461
v 0.241970234 0.492000000 0.126340040
vt 0.496093750 0.007812500
vn -0.072923405 -0.707106781 0.703336461
v 0.265842266 0.492000000 0.128815142
vt 0.496093750 0.492187500
vn -0.072923405 -0.707106781 0.703336461
f 487/487/487 488/488/488 489/489/489
v 0.239804520 0.513000000 0.147228067
vt 0.253906250 0.007812500
vn -0.072923405 -0.707106781 0.703336461
v 0.265842266 0.492000000 0.128815142
vt 0.496093750 0.492187500
vn -0.072923405 -0.707106781 0.703336461
v 0.263676551 0.513000000 0.149703169
vt 0.253906250 0.492187500
vn -0.072923405 -0.707106781 0.703336461
f 490/490/490 491/491/491 492/492/492
o conduit_end
v 0.239804520 0.513000000 0.147228067
vt 0.253906250 0.007812500
vn -0.994667962 -0.000000000 -0.103129269
v 0.241970234 0.534000000 0.126340040
vt 0.496093750 0.007812500
vn -0.994667962 -0.000000000 -0.103129269
v 0.244135949 0.513000000 0.105452012
vt 0.496093750 0.492187500
vn -0.994667962 -0.000000000 -0.103129269
f 493/493/493 494/494/494 495/495/495
v 0.239804520 0.513000000 0.147228067
vt 0.253906250 0.007812500
vn -0.994667962 0.000000000 -0.103129269
v 0.244135949 0.513000000 0.105452012
vt 0.496093750 0.492187500
vn -0.994667962 0.000000000 -0.103129269
v 0.241970234 0.492000000 0.126340040
vt 0.253906250 0.492187500
vn -0.994667962 0.000000000 -0.103129269
f 496/496/496 497/497/497 498/498/498
v 0.265842266 0.492000000 0.128815142
vt 0.253906250 0.007812500
vn 0.994667962 -0.000000000 0.103129269
v 0.268007980 0.513000000 0.107927115
vt 0.496093750 0.007812500
vn 0.994667962 -0.000000000 0.103129269
v 0.265842266 0.534000000 0.128815142
vt 0.496093750 0.492187500
vn 0.994667962 -0.000000000 0.103129269
f 499/499/499 500/500/500 501/501/501
v 0.265842266 0.492000000 0.128815142
vt 0.253906250 0.007812500
vn 0.994667962 -0.000000000 0.103129269
v 0.265842266 0.534000000 0.128815142
vt 0.496093750 0.492187500
vn 0.994667962 -0.000000000 0.103129269
v 0.263676551 0.513000000 0.149703169
vt 0.253906250 0.492187500
vn 0.994667962 -0.000000000 0.103129269
f 502/502/502 503/503/503 504/504/504
o conduit
v -0.484375000 0.501000000 0.012757759
vt 0.003906250 0.507812500
vn -0.267261242 -0.707106781 -0.654653671
v -0.488910574 0.513000000 0.001647918
vt 0.246093750 0.507812500
vn -0.267261242 -0.707106781 -0.654653671
v -0.473285574 0.513000000 -0.004730962
vt 0.246093750 0.992187500
vn -0.267261242 -0.707106781 -0.654653671
f 505/505/505 506/506/506 507/507/507
v -0.484375000 0.501000000 0.012757759
vt 0.003906250 0.507812500
vn -0.267261242 -0.707106781 -0.654653671
v -0.473285574 0.513000000 -0.004730962
vt 0.246093750 0.992187500
vn -0.267261242 -0.707106781 -0.654653671
v -0.468750000 0.501000000 0.006378880
vt 0.003906250 0.992187500
vn -0.267261242 -0.707106781 -0.654653671
f 508/508/508 509/509/509 510/510/510
v -0.488910574 0.513000000 0.001647918
vt 0.003906250 0.507812500
vn -0.267261242 0.707106781 -0.654653671
v -0.484375000 0.525000000 0.012757759
vt 0.246093750 0.507812500
vn -0.267261242 0.707106781 -0.654653671
v -0.468750000 0.525000000 0.006378880
vt 0.246093750 0.992187500
vn -0.267261242 0.707106781 -0.654653671
f 511/511/511 512/512/512 513/513/513
v -0.488910574 0.513000000 0.001647918
vt 0.003906250 0.507812500
vn -0.267261242 0.707106781 -0.654653671
v -0.468750000 0.525000000 0.006378880
vt 0.246093750 0.992187500
vn -0.267261242 0.707106781 -0.654653671
v -0.473285574 0.513000000 -0.004730962
vt 0.003906250 0.992187500
vn -0.267261242 0.707106781 -0.654653671
f 514/514/514 515/515/515 516/516/516
v -0.484375000 0.525000000 0.012757759
vt 0.003906250 0.507812500
vn 0.267261242 0.707106781 0.654653671
v -0.479839426 0.513000000 0.023867600
vt 0.246093750 0.507812500
vn 0.267261242 0.707106781 0.654653671
v -0.464214426 0.513000000 0.017488721
vt 0.246093750 0.992187500
vn 0.267261242 0.707106781 0.654653671
f 517/517/517 518/518/518 519/519/519
v -0.484375000 0.525000000 0.012757759
vt 0.003906250 0.507812500
vn 0.267261242 0.707106781 0.654653671
v -0.464214426 0.513000000 0.017488721
vt 0.246093750 0.992187500
vn 0.267261242 0.707106781 0.654653671
v -0.468750000 0.525000000 0.006378880
vt 0.003906250 0.992187500
vn 0.267261242 0.707106781 0.654653671
f 520/520/520 521/521/521 522/522/522
v -0.479839426 0.513000000 0.023867600
vt 0.003906250 0.507812500
vn 0.267261242 -0.707106781 0.654653671
v -0.484375000 0.501000000 0.012757759
vt 0.246093750 0.507812500
vn 0.267261242 -0.707106781 0.654653671
v -0.468750000 0.501000000 0.006378880
vt 0.246093750 0.992187500
vn 0.267261242 -0.707106781 0.654653671
f 523/523/523 524/524/524 525/525/525
v -0.479839426 0.513000000 0.023867600
vt 0.003906250 0.507812500
vn 0.267261242 -0.707106781 0.654653671
v -0.468750000 0.501000000 0.006378880
vt 0.246093750 0.992187500
vn 0.267261242 -0.707106781 0.654653671
v -0.464214426 0.513000000 0.017488721
vt 0.003906250 0.992187500
vn 0.267261242 -0.707106781 0.654653671
f 526/526/526 527/527/527 528/528/528
o conduit_end
v -0.479839426 0.513000000 0.023867600
vt 0.003906250 0.507812500
vn -0.925820100 0.000000000 0.377964473
v -0.484375000 0.525000000 0.012757759
vt 0.246093750 0.507812500
vn -0.925820100 0.000000000 0.377964473
v -0.488910574 0.513000000 0.001647918
vt 0.246093750 0.992187500
vn -0.925820100 0.000000000 0.377964473
f 529/529/529 530/530/530 531/531/531
v -0.479839426 0.513000000 0.023867600
vt 0.003906250 0.507812500
vn -0.925820100 0.000000000 0.377964473
v -0.488910574 0.513000000 0.001647918
vt 0.246093750 0.992187500
vn -0.925820100 0.000000000 0.377964473
v -0.484375000 0.501000000 0.012757759
vt 0.003906250 0.992187500
vn -0.925820100 0.000000000 0.377964473
f 532/532/532 533/533/533 534/534/534
v -0.468750000 0.501000000 0.006378880
vt 0.003906250 0.507812500
vn 0.925820100 -0.000000000 -0.377964473
v -0.473285574 0.513000000 -0.004730962
vt 0.246093750 0.507812500
vn 0.925820100 -0.000000000 -0.377964473
v -0.468750000 0.525000000 0.006378880
vt 0.246093750 0.992187500
vn 0.925820100 -0.000000000 -0.377964473
f 535/535/535 536/536/536 537/537/537
v -0.468750000 0.501000000 0.006378880
vt 0.003906250 0.507812500
vn 0.925820100 -0.000000000 -0.377964473
v -0.468750000 0.525000000 0.006378880
vt 0.246093750 0.992187500
vn 0.925820100 -0.000000000 -0.377964473
v -0.464214426 0.513000000 0.017488721
vt 0.003906250 0.992187500
vn 0.925820100 -0.000000000 -0.377964473
f 538/538/538 539/539/539 540/540/540
o conduit
v -0.468750000 0.501000000 0.006378880
vt 0.003906250 0.507812500
vn 0.321412173 -0.707106781 -0.629836657
v -0.463295455 0.513000000 -0.004309803
vt 0.246093750 0.507812500
vn 0.321412173 -0.707106781 -0.629836657
v -0.338295455 0.513000000 0.059478992
vt 0.246093750 0.992187500
vn 0.321412173 -0.707106781 -0.629836657
f 541/541/541 542/542/542 543/543/543
v -0.468750000 0.501000000 0.006378880
vt 0.003906250 0.507812500
vn 0.321412173 -0.707106781 -0.629836657
v -0.338295455 0.513000000 0.059478992
vt 0.246093750 0.992187500
vn 0.321412173 -0.707106781 -0.629836657
v -0.343750000 0.501000000 0.070167675
vt 0.003906250 0.992187500
vn 0.321412173 -0.707106781 -0.629836657
f 544/544/544 545/545/545 546/546/546
v -0.463295455 0.513000000 -0.004309803
vt 0.003906250 0.507812500
vn 0.321412173 0.707106781 -0.629836657
v -0.468750000 0.525000000 0.006378880
vt 0.246093750 0.507812500
vn 0.321412173 0.707106781 -0.629836657
v -0.343750000 0.525000000 0.070167675
vt 0.246093750 0.992187500
vn 0.321412173 0.707106781 -0.629836657
f 547/547/547 548/548/548 549/549/549
v -0.463295455 0.513000000 -0.004309803
vt 0.003906250 0.507812500
vn 0.321412173 0.707106781 -0.629836657
v -0.343750000 0.525000000 0.070167675
vt 0.246093750 0.992187500
vn 0.321412173 0.707106781 -0.629836657
v -0.338295455 0.513000000 0.059478992
vt 0.003906250 0.992187500
vn 0.321412173 0.707106781 -0.629836657
f 550/550/550 551/551/551 552/552/552
v -0.468750000 0.525000000 0.006378880
vt 0.003906250 0.507812500
vn -0.321412173 0.707106781 0.629836657
v -0.474204545 0.513000000 0.017067562
vt 0.246093750 0.507812500
vn -0.321412173 0.707106781 0.629836657
v -0.349204545 0.513000000 0.080856357
vt 0.246093750 0.992187500
vn -0.321412173 0.707106781 0.629836657
f 553/553/553 554/554/554 555/555/555
v -0.468750000 0.525000000 0.006378880
vt 0.003906250 0.507812500
vn -0.321412173 0.707106781 0.629836657
v -0.349204545 0.513000000 0.080856357
vt 0.246093750 0.992187500
vn -0.321412173 0.707106781 0.629836657
v -0.343750000 0.525000000 0.070167675
vt 0.003906250 0.992187500
vn -0.321412173 0.707106781 0.629836657
f 556/556/556 557/557/557 558/558/558
v -0.474204545 0.513000000 0.017067562
vt 0.003906250 0.507812500
vn -0.321412173 -0.707106781 0.629836657
v -0.468750000 0.501000000 0.006378880
vt 0.246093750 0.507812500
vn -0.321412173 -0.707106781 0.629836657
v -0.343750000 0.501000000 0.070167675
vt 0.246093750 0.992187500
vn -0.321412173 -0.707106781 0.629836657
f 559/559/559 560/560/560 561/561/561
v -0.474204545 0.513000000 0.017067562
vt 0.003906250 0.507812500
vn -0.321412173 -0.707106781 0.629836657
v -0.343750000 0.501000000 0.070167675
vt 0.246093750 0.992187500
vn -0.321412173 -0.707106781 0.629836657
v -0.349204545 0.513000000 0.080856357
vt 0.003906250 0.992187500
vn -0.321412173 -0.707106781 0.629836657
f 562/562/562 563/563/563 564/564/564
o conduit_end
v -0.474204545 0.513000000 0.017067562
vt 0.003906250 0.507812500
vn -0.890723543 -0.000000000 -0.454545455
v -0.468750000 0.525000000 0.006378880
vt 0.246093750 0.507812500
vn -0.890723543 -0.000000000 -0.454545455
v -0.463295455 0.513000000 -0.004309803
vt 0.246093750 0.992187500
vn -0.890723543 -0.000000000 -0.454545455
f 565/565/565 566/566/566 567/567/567
v -0.474204545 0.513000000 0.017067562
vt 0.003906250 0.507812500
vn -0.890723543 0.000000000 -0.454545455
v -0.463295455 0.513000000 -0.004309803
vt 0.246093750 0.992187500
vn -0.890723543 0.000000000 -0.454545455
v -0.468750000 0.501000000 0.006378880
vt 0.003906250 0.992187500
vn -0.890723543 0.000000000 -0.454545455
f 568/568/568 569/569/569 570/570/570
v -0.343750000 0.501000000 0.070167675
vt 0.003906250 0.507812500
vn 0.890723543 -0.000000000 0.454545455
v -0.338295455 0.513000000 0.059478992
vt 0.246093750 0.507812500
vn 0.890723543 -0.000000000 0.454545455
v -0.343750000 0.525000000 0.070167675
vt 0.246093750 0.992187500
vn 0.890723543 -0.000000000 0.454545455
f 571/571/571 572/572/572 573/573/573
v -0.343750000 0.501000000 0.070167675
vt 0.003906250 0.507812500
vn 0.890723543 -0.000000000 0.454545455
v -0.343750000 0.525000000 0.070167675
vt 0.246093750 0.992187500
vn 0.890723543 -0.000000000 0.454545455
v -0.349204545 0.513000000 0.080856357
vt 0.003906250 0.992187500
vn 0.890723543 -0.000000000 0.454545455
f 574/574/574 575/575/575 576/576/576
o conduit
v -0.343750000 0.501000000 0.070167675
vt 0.003906250 0.507812500
vn -0.694879229 -0.707106781 -0.130930734
v -0.355542492 0.513000000 0.067945707
vt 0.246093750 0.507812500
vn -0.694879229 -0.707106781 -0.130930734
v -0.339917492 0.513000000 -0.014979727
vt 0.246093750 0.992187500
vn -0.694879229 -0.707106781 -0.130930734
f 577/577/577 578/578/578 579/579/579
v -0.343750000 0.501000000 0.070167675
vt 0.003906250 0.507812500
vn -0.694879229 -0.707106781 -0.130930734
v -0.339917492 0.513000000 -0.014979727
vt 0.246093750 0.992187500
vn -0.694879229 -0.707106781 -0.130930734
v -0.328125000 0.501000000 -0.012757759
vt 0.003906250 0.992187500
vn -0.694879229 -0.707106781 -0.130930734
f 580/580/580 581/581/581 582/582/582
v -0.355542492 0.513000000 0.067945707
vt 0.003906250 0.507812500
vn -0.694879229 0.707106781 -0.130930734
v -0.343750000 0.525000000 0.070167675
vt 0.246093750 0.507812500
vn -0.694879229 0.707106781 -0.130930734
v -0.328125000 0.525000000 -0.012757759
vt 0.246093750 0.992187500
vn -0.694879229 0.707106781 -0.130930734
f 583/583/583 584/584/584 585/585/585
v -0.355542492 0.513000000 0.067945707
vt 0.003906250 0.507812500
vn -0.694879229 0.707106781 -0.130930734
v -0.328125000 0.525000000 -0.012757759
vt 0.246093750 0.992187500
vn -0.694879229 0.707106781 -0.130930734
v -0.339917492 0.513000000 -0.014979727
vt 0.003906250 0.992187500
vn -0.694879229 0.707106781 -0.130930734
f 586/586/586 587/587/587 588/588/588
v -0.343750000 0.525000000 0.070167675
vt 0.003906250 0.507812500
vn 0.694879229 0.707106781 0.130930734
v -0.331957508 0.513000000 0.072389643
vt 0.246093750 0.507812500
vn 0.694879229 0.707106781 0.130930734
v -0.316332508 0.513000000 -0.010535791
vt 0.246093750 0.992187500
vn 0.694879229 0.707106781 0.130930734
f 589/589/589 590/590/590 591/591/591
v -0.343750000 0.525000000 0.070167675
vt 0.003906250 0.507812500
vn 0.694879229 0.707106781 0.130930734
v -0.316332508 0.513000000 -0.010535791
vt 0.246093750 0.992187500
vn 0.694879229 0.707106781 0.130930734
v -0.328125000 0.525000000 -0.012757759
vt 0.003906250 0.992187500
vn 0.694879229 0.707106781 0.130930734
f 592/592/592 593/593/593 594/594/594
v -0.331957508 0.513000000 0.072389643
vt 0.003906250 0.507812500
vn 0.694879229 -0.707106781 0.130930734
v -0.343750000 0.501000000 0.070167675
vt 0.246093750 0.507812500
vn 0.694879229 -0.707106781 0.130930734
v -0.328125000 0.501000000 -0.012757759
vt 0.246093750 0.992187500
vn 0.694879229 -0.707106781 0.130930734
f 595/595/595 596/596/596 597/597/597
v -0.331957508 0.513000000 0.072389643
vt 0.003906250 0.507812500
vn 0.694879229 -0.707106781 0.130930734
v -0.328125000 0.501000000 -0.012757759
vt 0.246093750 0.992187500
vn 0.694879229 -0.707106781 0.130930734
v -0.316332508 0.513000000 -0.010535791
vt 0.003906250 0.992187500
vn 0.694879229 -0.707106781 0.130930734
f 598/598/598 599/599/599 600/600/600
o conduit_end
v -0.331957508 0.513000000 0.072389643
vt 0.003906250 0.507812500
vn -0.185164020 0.000000000 0.982707630
v -0.343750000 0.525000000 0.070167675
vt 0.246093750 0.507812500
vn -0.185164020 0.000000000 0.982707630
v -0.355542492 0.513000000 0.067945707
vt 0.246093750 0.992187500
vn -0.185164020 0.000000000 0.982707630
f 601/601/601 602/602/602 603/603/603
v -0.331957508 0.513000000 0.072389643
vt 0.003906250 0.507812500
vn -0.185164020 0.000000000 0.982707630
v -0.355542492 0.513000000 0.067945707
vt 0.246093750 0.992187500
vn -0.185164020 0.000000000 0.982707630
v -0.343750000 0.501000000 0.070167675
vt 0.003906250 0.992187500
vn -0.185164020 0.000000000 0.982707630
f 604/604/604 605/605/605 606/606/606
v -0.328125000 0.501000000 -0.012757759
vt 0.003906250 0.507812500
vn 0.185164020 0.000000000 -0.982707630
v -0.339917492 0.513000000 -0.014979727
vt 0.246093750 0.507812500
vn 0.185164020 0.000000000 -0.982707630
v -0.328125000 0.525000000 -0.012757759
vt 0.246093750 0.992187500
vn 0.185164020 0.000000000 -0.982707630
f 607/607/607 608/608/608 609/609/609
v -0.328125000 0.501000000 -0.012757759
vt 0.003906250 0.507812500
vn 0.185164020 0.000000000 -0.982707630
v -0.328125000 0.525000000 -0.012757759
vt 0.246093750 0.992187500
vn 0.185164020 0.000000000 -0.982707630
v -0.316332508 0.513000000 -0.010535791
vt 0.003906250 0.992187500
vn 0.185164020 0.000000000 -0.982707630
f 610/610/610 611/611/611 612/612/612
o conduit
v -0.328125000 0.501000000 -0.012757759
vt 0.003906250 0.507812500
vn 0.447213595 -0.707106781 -0.547722558
v -0.320535534 0.513000000 -0.022052919
vt 0.246093750 0.507812500
vn 0.447213595 -0.707106781 -0.547722558
v -0.242410534 0.513000000 0.041735876
vt 0.246093750 0.992187500
vn 0.447213595 -0.707106781 -0.547722558
f 613/613/613 614/614/614 615/615/615
v -0.328125000 0.501000000 -0.012757759
vt 0.003906250 0.507812500
vn 0.447213595 -0.707106781 -0.547722558
v -0.242410534 0.513000000 0.041735876
vt 0.246093750 0.992187500
vn 0.447213595 -0.707106781 -0.547722558
v -0.250000000 0.501000000 0.051031036
vt 0.003906250 0.992187500
vn 0.447213595 -0.707106781 -0.547722558
f 616/616/616 617/617/617 618/618/618
v -0.320535534 0.513000000 -0.022052919
vt 0.003906250 0.507812500
vn 0.447213595 0.707106781 -0.547722558
v -0.328125000 0.525000000 -0.012757759
vt 0.246093750 0.507812500
vn 0.447213595 0.707106781 -0.547722558
v -0.250000000 0.525000000 0.051031036
vt 0.246093750 0.992187500
vn 0.447213595 0.707106781 -0.547722558
f 619/619/619 620/620/620 621/621/621
v -0.320535534 0.513000000 -0.022052919
vt 0.003906250 0.507812500
vn 0.447213595 0.707106781 -0.547722558
v -0.250000000 0.525000000 0.051031036
vt 0.246093750 0.992187500
vn 0.447213595 0.707106781 -0.547722558
v -0.242410534 0.513000000 0.041735876
vt 0.003906250 0.992187500
vn 0.447213595 0.707106781 -0.547722558
f 622/622/622 623/623/623 624/624/624
v -0.328125000 0.525000000 -0.012757759
vt 0.003906250 0.507812500
vn -0.447213595 0.707106781 0.547722558
v -0.335714466 0.513000000 -0.003462599
vt 0.246093750 0.507812500
vn -0.447213595 0.707106781 0.547722558
v -0.257589466 0.513000000 0.060326196
vt 0.246093750 0.992187500
vn -0.447213595 0.707106781 0.547722558
f 625/625/625 626/626/626 627/627/627
v -0.328125000 0.525000000 -0.012757759
vt 0.003906250 0.507812500
vn -0.447213595 0.707106781 0.547722558
v -0.257589466 0.513000000 0.060326196
vt 0.246093750 0.992187500
vn -0.447213595 0.707106781 0.547722558
v -0.250000000 0.525000000 0.051031036
vt 0.003906250 0.992187500
vn -0.447213595 0.707106781 0.547722558
f 628/628/628 629/629/629 630/630/630
v -0.335714466 0.513000000 -0.003462599
vt 0.003906250 0.507812500
vn -0.447213595 -0.707106781 0.547722558
v -0.328125000 0.501000000 -0.012757759
vt 0.246093750 0.507812500
vn -0.447213595 -0.707106781 0.547722558
v -0.250000000 0.501000000 0.051031036
vt 0.246093750 0.992187500
vn -0.447213595 -0.707106781 0.547722558
f 631/631/631 632/632/632 633/633/633
v -0.335714466 0.513000000 -0.003462599
vt 0.003906250 0.507812500
vn -0.447213595 -0.707106781 0.547722558
v -0.250000000 0.501000000 0.051031036
vt 0.246093750 0.992187500
vn -0.447213595 -0.707106781 0.547722558
v -0.257589466 0.513000000 0.060326196
vt 0.003906250 0.992187500
vn -0.447213595 -0.707106781 0.547722558
f 634/634/634 635/635/635 636/636/636
o conduit_end
v -0.335714466 0.513000000 -0.003462599
vt 0.003906250 0.507812500
vn -0.774596669 0.000000000 -0.632455532
v -0.328125000 0.525000000 -0.012757759
vt 0.246093750 0.507812500
vn -0.774596669 0.000000000 -0.632455532
v -0.320535534 0.513000000 -0.022052919
vt 0.246093750 0.992187500
vn -0.774596669 0.000000000 -0.632455532
f 637/637/637 638/638/638 639/639/639
v -0.335714466 0.513000000 -0.003462599
vt 0.003906250 0.507812500
vn -0.774596669 -0.000000000 -0.632455532
v -0.320535534 0.513000000 -0.022052919
vt 0.246093750 0.992187500
vn -0.774596669 -0.000000000 -0.632455532
v -0.328125000 0.501000000 -0.012757759
vt 0.003906250 0.992187500
vn -0.774596669 -0.000000000 -0.632455532
f 640/640/640 641/641/641 642/642/642
v -0.250000000 0.501000000 0.051031036
vt 0.003906250 0.507812500
vn 0.774596669 -0.000000000 0.632455532
v -0.242410534 0.513000000 0.041735876
vt 0.246093750 0.507812500
vn 0.774596669 -0.000000000 0.632455532
v -0.250000000 0.525000000 0.051031036
vt 0.246093750 0.992187500
vn 0.774596669 -0.000000000 0.632455532
f 643/643/643 644/644/644 645/645/645
v -0.250000000 0.501000000 0.051031036
vt 0.003906250 0.507812500
vn 0.774596669 -0.000000000 0.632455532
v -0.250000000 0.525000000 0.051031036
vt 0.246093750 0.992187500
vn 0.774596669 -0.000000000 0.632455532
v -0.257589466 0.513000000 0.060326196
vt 0.003906250 0.992187500
vn 0.774596669 -0.000000000 0.632455532
f 646/646/646 647/647/647 648/648/648
o conduit
v -0.250000000 0.501000000 0.051031036
vt 0.003906250 0.507812500
vn -0.569802882 -0.707106781 -0.418717895
v -0.259669876 0.513000000 0.043925158
vt 0.246093750 0.507812500
vn -0.569802882 -0.707106781 -0.418717895
v -0.212794876 0.513000000 -0.019863637
vt 0.246093750 0.992187500
vn -0.569802882 -0.707106781 -0.418717895
f 649/649/649 650/650/650 651/651/651
v -0.250000000 0.501000000 0.051031036
vt 0.003906250 0.507812500
vn -0.569802882 -0.707106781 -0.418717895
v -0.212794876 0.513000000 -0.019863637
vt 0.246093750 0.992187500
vn -0.569802882 -0.707106781 -0.418717895
v -0.203125000 0.501000000 -0.012757759
vt 0.003906250 0.992187500
vn -0.569802882 -0.707106781 -0.418717895
f 652/652/652 653/653/653 654/654/654
v -0.259669876 0.513000000 0.043925158
vt 0.003906250 0.507812500
vn -0.569802882 0.707106781 -0.418717895
v -0.250000000 0.525000000 0.051031036
vt 0.246093750 0.507812500
vn -0.569802882 0.707106781 -0.418717895
v -0.203125000 0.525000000 -0.012757759
vt 0.246093750 0.992187500
vn -0.569802882 0.707106781 -0.418717895
f 655/655/655 656/656/656 657/657/657
v -0.259669876 0.513000000 0.043925158
vt 0.003906250 0.507812500
vn -0.569802882 0.707106781 -0.418717895
v -0.203125000 0.525000000 -0.012757759
vt 0.246093750 0.992187500
vn -0.569802882 0.707106781 -0.418717895
v -0.212794876 0.513000000 -0.019863637
vt 0.003906250 0.992187500
vn -0.569802882 0.707106781 -0.418717895
f 658/658/658 659/659/659 660/660/660
v -0.250000000 0.525000000 0.051031036
vt 0.003906250 0.507812500
vn 0.569802882 0.707106781 0.418717895
v -0.240330124 0.513000000 0.058136915
vt 0.246093750 0.507812500
vn 0.569802882 0.707106781 0.418717895
v -0.193455124 0.513000000 -0.005651881
vt 0.246093750 0.992187500
vn 0.569802882 0.707106781 0.418717895
f 661/661/661 662/662/662 663/663/663
v -0.250000000 0.525000000 0.051031036
vt 0.003906250 0.507812500
vn 0.569802882 0.707106781 0.418717895
v -0.193455124 0.513000000 -0.005651881
vt 0.246093750 0.992187500
vn 0.569802882 0.707106781 0.418717895
v -0.203125000 0.525000000 -0.012757759
vt 0.003906250 0.992187500
vn 0.569802882 0.707106781 0.418717895
f 664/664/664 665/665/665 666/666/666
v -0.240330124 0.513000000 0.058136915
vt 0.003906250 0.507812500
vn 0.569802882 -0.707106781 0.418717895
v -0.250000000 0.501000000 0.051031036
vt 0.246093750 0.507812500
vn 0.569802882 -0.707106781 0.418717895
v -0.203125000 0.501000000 -0.012757759
vt 0.246093750 0.992187500
vn 0.569802882 -0.707106781 0.418717895
f 667/667/667 668/668/668 669/669/669
v -0.240330124 0.513000000 0.058136915
vt 0.003906250 0.507812500
vn 0.569802882 -0.707106781 0.418717895
v -0.203125000 0.501000000 -0.012757759
vt 0.246093750 0.992187500
vn 0.569802882 -0.707106781 0.418717895
v -0.193455124 0.513000000 -0.005651881
vt 0.003906250 0.992187500
vn 0.569802882 -0.707106781 0.418717895
f 670/670/670 671/671/671 672/672/672
o conduit_end
v -0.240330124 0.513000000 0.058136915
vt 0.003906250 0.507812500
vn -0.592156525 0.000000000 0.805822964
v -0.250000000 0.525000000 0.051031036
vt 0.246093750 0.507812500
vn -0.592156525 0.000000000 0.805822964
v -0.259669876 0.513000000 0.043925158
vt 0.246093750 0.992187500
vn -0.592156525 0.000000000 0.805822964
f 673/673/673 674/674/674 675/675/675
v -0.240330124 0.513000000 0.058136915
vt 0.003906250 0.507812500
vn -0.592156525 0.000000000 0.805822964
v -0.259669876 0.513000000 0.043925158
vt 0.246093750 0.992187500
vn -0.592156525 0.000000000 0.805822964
v -0.250000000 0.501000000 0.051031036
vt 0.003906250 0.992187500
vn -0.592156525 0.000000000 0.805822964
f 676/676/676 677/677/677 678/678/678
v -0.203125000 0.501000000 -0.012757759
vt 0.003906250 0.507812500
vn 0.592156525 -0.000000000 -0.805822964
v -0.212794876 0.513000000 -0.019863637
vt 0.246093750 0.507812500
vn 0.592156525 -0.000000000 -0.805822964
v -0.203125000 0.525000000 -0.012757759
vt 0.246093750 0.992187500
vn 0.592156525 -0.000000000 -0.805822964
f 679/679/679 680/680/680 681/681/681
v -0.203125000 0.501000000 -0.012757759
vt 0.003906250 0.507812500
vn 0.592156525 -0.000000000 -0.805822964
v -0.203125000 0.525000000 -0.012757759
vt 0.246093750 0.992187500
vn 0.592156525 -0.000000000 -0.805822964
v -0.193455124 0.513000000 -0.005651881
vt 0.003906250 0.992187500
vn 0.592156525 -0.000000000 -0.805822964
f 682/682/682 683/683/683 684/684/684
o conduit
v -0.203125000 0.501000000 -0.012757759
vt 0.003906250 0.507812500
vn 0.635000635 -0.707106781 -0.311085508
v -0.192348682 0.513000000 -0.018037055
vt 0.246093750 0.507812500
vn 0.635000635 -0.707106781 -0.311085508
v -0.161098682 0.513000000 0.045751740
vt 0.246093750 0.992187500
vn 0.635000635 -0.707106781 -0.311085508
f 685/685/685 686/686/686 687/687/687
v -0.203125000 0.501000000 -0.012757759
vt 0.003906250 0.507812500
vn 0.635000635 -0.707106781 -0.311085508
v -0.161098682 0.513000000 0.045751740
vt 0.246093750 0.992187500
vn 0.635000635 -0.707106781 -0.311085508
v -0.171875000 0.501000000 0.051031036
vt 0.003906250 0.992187500
vn 0.635000635 -0.707106781 -0.311085508
f 688/688/688 689/689/689 690/690/690
v -0.192348682 0.513000000 -0.018037055
vt 0.003906250 0.507812500
vn 0.635000635 0.707106781 -0.311085508
v -0.203125000 0.525000000 -0.012757759
vt 0.246093750 0.507812500
vn 0.635000635 0.707106781 -0.311085508
v -0.171875000 0.525000000 0.051031036
vt 0.246093750 0.992187500
vn 0.635000635 0.707106781 -0.311085508
f 691/691/691 692/692/692 693/693/693
v -0.192348682 0.513000000 -0.018037055
vt 0.003906250 0.507812500
vn 0.635000635 0.707106781 -0.311085508
v -0.171875000 0.525000000 0.051031036
vt 0.246093750 0.992187500
vn 0.635000635 0.707106781 -0.311085508
v -0.161098682 0.513000000 0.045751740
vt 0.003906250 0.992187500
vn 0.635000635 0.707106781 -0.311085508
f 694/694/694 695/695/695 696/696/696
v -0.203125000 0.525000000 -0.012757759
vt 0.003906250 0.507812500
vn -0.635000635 0.707106781 0.311085508
v -0.213901318 0.513000000 -0.007478463
vt 0.246093750 0.507812500
vn -0.635000635 0.707106781 0.311085508
v -0.182651318 0.513000000 0.056310332
vt 0.246093750 0.992187500
vn -0.635000635 0.707106781 0.311085508
f 697/697/697 698/698/698 699/699/699
v -0.203125000 0.525000000 -0.012757759
vt 0.003906250 0.507812500
vn -0.635000635 0.707106781 0.311085508
v -0.182651318 0.513000000 0.056310332
vt 0.246093750 0.992187500
vn -0.635000635 0.707106781 0.311085508
v -0.171875000 0.525000000 0.051031036
vt 0.003906250 0.992187500
vn -0.635000635 0.707106781 0.311085508
f 700/700/700 701/701/701 702/702/702
v -0.213901318 0.513000000 -0.007478463
vt 0.003906250 0.507812500
vn -0.635000635 -0.707106781 0.311085508
v -0.203125000 0.501000000 -0.012757759
vt 0.246093750 0.507812500
vn -0.635000635 -0.707106781 0.311085508
v -0.171875000 0.501000000 0.051031036
vt 0.246093750 0.992187500
vn -0.635000635 -0.707106781 0.311085508
f 703/703/703 704/704/704 705/705/705
v -0.213901318 0.513000000 -0.007478463
vt 0.003906250 0.507812500
vn -0.635000635 -0.707106781 0.311085508
v -0.171875000 0.501000000 0.051031036
vt 0.246093750 0.992187500
vn -0.635000635 -0.707106781 0.311085508
v -0.182651318 0.513000000 0.056310332
vt 0.003906250 0.992187500
vn -0.635000635 -0.707106781 0.311085508
f 706/706/706 707/707/707 708/708/708
o conduit_end
v -0.213901318 0.513000000 -0.007478463
vt 0.003906250 0.507812500
vn -0.439941345 0.000000000 -0.898026510
v -0.203125000 0.525000000 -0.012757759
vt 0.246093750 0.507812500
vn -0.439941345 0.000000000 -0.898026510
v -0.192348682 0.513000000 -0.018037055
vt 0.246093750 0.992187500
vn -0.439941345 0.000000000 -0.898026510
f 709/709/709 710/710/710 711/711/711
v -0.213901318 0.513000000 -0.007478463
vt 0.003906250 0.507812500
vn -0.439941345 -0.000000000 -0.898026510
v -0.192348682 0.513000000 -0.018037055
vt 0.246093750 0.992187500
vn -0.439941345 -0.000000000 -0.898026510
v -0.203125000 0.501000000 -0.012757759
vt 0.003906250 0.992187500
vn -0.439941345 -0.000000000 -0.898026510
f 712/712/712 713/713/713 714/714/714
v -0.171875000 0.501000000 0.051031036
vt 0.003906250 0.507812500
vn 0.439941345 -0.000000000 0.898026510
v -0.161098682 0.513000000 0.045751740
vt 0.246093750 0.507812500
vn 0.439941345 -0.000000000 0.898026510
v -0.171875000 0.525000000 0.051031036
vt 0.246093750 0.992187500
vn 0.439941345 -0.000000000 0.898026510
f 715/715/715 716/716/716 717/717/717
v -0.171875000 0.501000000 0.051031036
vt 0.003906250 0.507812500
vn 0.439941345 -0.000000000 0.898026510
v -0.171875000 0.525000000 0.051031036
vt 0.246093750 0.992187500
vn 0.439941345 -0.000000000 0.898026510
v -0.182651318 0.513000000 0.056310332
vt 0.003906250 0.992187500
vn 0.439941345 -0.000000000 0.898026510
f 718/718/718 719/719/719 720/720/720
o conduit
v -0.171875000 0.501000000 0.051031036
vt 0.003906250 0.507812500
vn -0.267261242 -0.707106781 -0.654653671
v -0.176410574 0.513000000 0.039921195
vt 0.246093750 0.507812500
vn -0.267261242 -0.707106781 -0.654653671
v -0.035785574 0.513000000 -0.017488721
vt 0.246093750 0.992187500
vn -0.267261242 -0.707106781 -0.654653671
f 721/721/721 722/722/722 723/723/723
v -0.171875000 0.501000000 0.051031036
vt 0.003906250 0.507812500
vn -0.267261242 -0.707106781 -0.654653671
v -0.035785574 0.513000000 -0.017488721
vt 0.246093750 0.992187500
vn -0.267261242 -0.707106781 -0.654653671
v -0.031250000 0.501000000 -0.006378880
vt 0.003906250 0.992187500
vn -0.267261242 -0.707106781 -0.654653671
f 724/724/724 725/725/725 726/726/726
v -0.176410574 0.513000000 0.039921195
vt 0.003906250 0.507812500
vn -0.267261242 0.707106781 -0.654653671
v -0.171875000 0.525000000 0.051031036
vt 0.246093750 0.507812500
vn -0.267261242 0.707106781 -0.654653671
v -0.031250000 0.525000000 -0.006378880
vt 0.246093750 0.992187500
vn -0.267261242 0.707106781 -0.654653671
f 727/727/727 728/728/728 729/729/729
v -0.176410574 0.513000000 0.039921195
vt 0.003906250 0.507812500
vn -0.267261242 0.707106781 -0.654653671
v -0.031250000 0.525000000 -0.006378880
vt 0.246093750 0.992187500
vn -0.267261242 0.707106781 -0.654653671
v -0.035785574 0.513000000 -0.017488721
vt 0.003906250 0.992187500
vn -0.267261242 0.707106781 -0.654653671
f 730/730/730 731/731/731 732/732/732
v -0.171875000 0.525000000 0.051031036
vt 0.003906250 0.507812500
vn 0.267261242 0.707106781 0.654653671
v -0.167339426 0.513000000 0.062140878
vt 0.246093750 0.507812500
vn 0.267261242 0.707106781 0.654653671
v -0.026714426 0.513000000 0.004730962
vt 0.246093750 0.992187500
vn 0.267261242 0.707106781 0.654653671
f 733/733/733 734/734/734 735/735/735
v -0.171875000 0.525000000 0.051031036
vt 0.003906250 0.507812500
vn 0.267261242 0.707106781 0.654653671
v -0.026714426 0.513000000 0.004730962
vt 0.246093750 0.992187500
vn 0.267261242 0.707106781 0.654653671
v -0.031250000 0.525000000 -0.006378880
vt 0.003906250 0.992187500
vn 0.267261242 0.707106781 0.654653671
f 736/736/736 737/737/737 738/738/738
v -0.167339426 0.513000000 0.062140878
vt 0.003906250 0.507812500
vn 0.267261242 -0.707106781 0.654653671
v -0.171875000 0.501000000 0.051031036
vt 0.246093750 0.507812500
vn 0.267261242 -0.707106781 0.654653671
v -0.031250000 0.501000000 -0.006378880
vt 0.246093750 0.992187500
vn 0.267261242 -0.707106781 0.654653671
f 739/739/739 740/740/740 741/741/741
v -0.167339426 0.513000000 0.062140878
vt 0.003906250 0.507812500
vn 0.267261242 -0.707106781 0.654653671
v -0.031250000 0.501000000 -0.006378880
vt 0.246093750 0.992187500
vn 0.267261242 -0.707106781 0.654653671
v -0.026714426 0.513000000 0.004730962
vt 0.003906250 0.992187500
vn 0.267261242 -0.707106781 0.654653671
f 742/742/742 743/743/743 744/744/744
o conduit_end
v -0.167339426 0.513000000 0.062140878
vt 0.003906250 0.507812500
vn -0.925820100 0.000000000 0.377964473
v -0.171875000 0.525000000 0.051031036
vt 0.246093750 0.507812500
vn -0.925820100 0.000000000 0.377964473
v -0.176410574 0.513000000 0.039921195
vt 0.246093750 0.992187500
vn -0.925820100 0.000000000 0.377964473
f 745/745/745 746/746/746 747/747/747
v -0.167339426 0.513000000 0.062140878
vt 0.003906250 0.507812500
vn -0.925820100 0.000000000 0.377964473
v -0.176410574 0.513000000 0.039921195
vt 0.246093750 0.992187500
vn -0.925820100 0.000000000 0.377964473
v -0.171875000 0.501000000 0.051031036
vt 0.003906250 0.992187500
vn -0.925820100 0.000000000 0.377964473
f 748/748/748 749/749/749 750/750/750
v -0.031250000 0.501000000 -0.006378880
vt 0.003906250 0.507812500
vn 0.925820100 -0.000000000 -0.377964473
v -0.035785574 0.513000000 -0.017488721
vt 0.246093750 0.507812500
vn 0.925820100 -0.000000000 -0.377964473
v -0.031250000 0.525000000 -0.006378880
vt 0.246093750 0.992187500
vn 0.925820100 -0.000000000 -0.377964473
f 751/751/751 752/752/752 753/753/753
v -0.031250000 0.501000000 -0.006378880
vt 0.003906250 0.507812500
vn 0.925820100 -0.000000000 -0.377964473
v -0.031250000 0.525000000 -0.006378880
vt 0.246093750 0.992187500
vn 0.925820100 -0.000000000 -0.377964473
v -0.026714426 0.513000000 0.004730962
vt 0.003906250 0.992187500
vn 0.925820100 -0.000000000 -0.377964473
f 754/754/754 755/755/755 756/756/756
o conduit
v -0.031250000 0.501000000 -0.006378880
vt 0.003906250 0.507812500
vn 0.048001536 -0.707106781 -0.705475622
v -0.030435387 0.513000000 -0.018351198
vt 0.246093750 0.507812500
vn 0.048001536 -0.707106781 -0.705475622
v 0.157064613 0.513000000 -0.005593439
vt 0.246093750 0.992187500
vn 0.048001536 -0.707106781 -0.705475622
f 757/757/757 758/758/758 759/759/759
v -0.031250000 0.501000000 -0.006378880
vt 0.003906250 0.507812500
vn 0.048001536 -0.707106781 -0.705475622
v 0.157064613 0.513000000 -0.005593439
vt 0.246093750 0.992187500
vn 0.048001536 -0.707106781 -0.705475622
v 0.156250000 0.501000000 0.006378880
vt 0.003906250 0.992187500
vn 0.048001536 -0.707106781 -0.705475622
f 760/760/760 761/761/761 762/762/762
v -0.030435387 0.513000000 -0.018351198
vt 0.003906250 0.507812500
vn 0.048001536 0.707106781 -0.705475622
v -0.031250000 0.525000000 -0.006378880
vt 0.246093750 0.507812500
vn 0.048001536 0.707106781 -0.705475622
v 0.156250000 0.525000000 0.006378880
vt 0.246093750 0.992187500
vn 0.048001536 0.707106781 -0.705475622
f 763/763/763 764/764/764 765/765/765
v -0.030435387 0.513000000 -0.018351198
vt 0.003906250 0.507812500
vn 0.048001536 0.707106781 -0.705475622
v 0.156250000 0.525000000 0.006378880
vt 0.246093750 0.992187500
vn 0.048001536 0.707106781 -0.705475622
v 0.157064613 0.513000000 -0.005593439
vt 0.003906250 0.992187500
vn 0.048001536 0.707106781 -0.705475622
f 766/766/766 767/767/767 768/768/768
v -0.031250000 0.525000000 -0.006378880
vt 0.003906250 0.507812500
vn -0.048001536 0.707106781 0.705475622
v -0.032064613 0.513000000 0.005593439
vt 0.246093750 0.507812500
vn -0.048001536 0.707106781 0.705475622
v 0.155435387 0.513000000 0.018351198
vt 0.246093750 0.992187500
vn -0.048001536 0.707106781 0.705475622
f 769/769/769 770/770/770 771/771/771
v -0.031250000 0.525000000 -0.006378880
vt 0.003906250 0.507812500
vn -0.048001536 0.707106781 0.705475622
v 0.155435387 0.513000000 0.018351198
vt 0.246093750 0.992187500
vn -0.048001536 0.707106781 0.705475622
v 0.156250000 0.525000000 0.006378880
vt 0.003906250 0.992187500
vn -0.048001536 0.707106781 0.705475622
f 772/772/772 773/773/773 774/774/774
v -0.032064613 0.513000000 0.005593439
vt 0.003906250 0.507812500
vn -0.048001536 -0.707106781 0.705475622
v -0.031250000 0.501000000 -0.006378880
vt 0.246093750 0.507812500
vn -0.048001536 -0.707106781 0.705475622
v 0.156250000 0.501000000 0.006378880
vt 0.246093750 0.992187500
vn -0.048001536 -0.707106781 0.705475622
f 775/775/775 776/776/776 777/777/777
v -0.032064613 0.513000000 0.005593439
vt 0.003906250 0.507812500
vn -0.048001536 -0.707106781 0.705475622
v 0.156250000 0.501000000 0.006378880
vt 0.246093750 0.992187500
vn -0.048001536 -0.707106781 0.705475622
v 0.155435387 0.513000000 0.018351198
vt 0.003906250 0.992187500
vn -0.048001536 -0.707106781 0.705475622
f 778/778/778 779/779/779 780/780/780
o conduit_end
v -0.032064613 0.513000000 0.005593439
vt 0.003906250 0.507812500
vn -0.997693192 0.000000000 -0.067884423
v -0.031250000 0.525000000 -0.006378880
vt 0.246093750 0.507812500
vn -0.997693192 0.000000000 -0.067884423
v -0.030435387 0.513000000 -0.018351198
vt 0.246093750 0.992187500
vn -0.997693192 0.000000000 -0.067884423
f 781/781/781 782/782/782 783/783/783
v -0.032064613 0.513000000 0.005593439
vt 0.003906250 0.507812500
vn -0.997693192 0.000000000 -0.067884423
v -0.030435387 0.513000000 -0.018351198
vt 0.246093750 0.992187500
vn -0.997693192 0.000000000 -0.067884423
v -0.031250000 0.501000000 -0.006378880
vt 0.003906250 0.992187500
vn -0.997693192 0.000000000 -0.067884423
f 784/784/784 785/785/785 786/786/786
v 0.156250000 0.501000000 0.006378880
vt 0.003906250 0.507812500
vn 0.997693192 0.000000000 0.067884423
v 0.157064613 0.513000000 -0.005593439
vt 0.246093750 0.507812500
vn 0.997693192 0.000000000 0.067884423
v 0.156250000 0.525000000 0.006378880
vt 0.246093750 0.992187500
vn 0.997693192 0.000000000 0.067884423
f 787/787/787 788/788/788 789/789/789
v 0.156250000 0.501000000 0.006378880
vt 0.003906250 0.507812500
vn 0.997693192 0.000000000 0.067884423
v 0.156250000 0.525000000 0.006378880
vt 0.246093750 0.992187500
vn 0.997693192 0.000000000 0.067884423
v 0.155435387 0.513000000 0.018351198
vt 0.003906250 0.992187500
vn 0.997693192 0.000000000 0.067884423
f 790/790/790 791/791/791 792/792/792
o conduit
v 0.156250000 0.501000000 0.006378880
vt 0.003906250 0.507812500
vn 0.267261242 -0.707106781 -0.654653671
v 0.160785574 0.513000000 -0.004730962
vt 0.246093750 0.507812500
vn 0.267261242 -0.707106781 -0.654653671
v 0.317035574 0.513000000 0.059057834
vt 0.246093750 0.992187500
vn 0.267261242 -0.707106781 -0.654653671
f 793/793/793 794/794/794 795/795/795
v 0.156250000 0.501000000 0.006378880
vt 0.003906250 0.507812500
vn 0.267261242 -0.707106781 -0.654653671
v 0.317035574 0.513000000 0.059057834
vt 0.246093750 0.992187500
vn 0.267261242 -0.707106781 -0.654653671
v 0.312500000 0.501000000 0.070167675
vt 0.003906250 0.992187500
vn 0.267261242 -0.707106781 -0.654653671
f 796/796/796 797/797/797 798/798/798
v 0.160785574 0.513000000 -0.004730962
vt 0.003906250 0.507812500
vn 0.267261242 0.707106781 -0.654653671
v 0.156250000 0.525000000 0.006378880
vt 0.246093750 0.507812500
vn 0.267261242 0.707106781 -0.654653671
v 0.312500000 0.525000000 0.070167675
vt 0.246093750 0.992187500
vn 0.267261242 0.707106781 -0.654653671
f 799/799/799 800/800/800 801/801/801
v 0.160785574 0.513000000 -0.004730962
vt 0.003906250 0.507812500
vn 0.267261242 0.707106781 -0.654653671
v 0.312500000 0.525000000 0.070167675
vt 0.246093750 0.992187500
vn 0.267261242 0.707106781 -0.654653671
v 0.317035574 0.513000000 0.059057834
vt 0.003906250 0.992187500
vn 0.267261242 0.707106781 -0.654653671
f 802/802/802 803/803/803 804/804/804
v 0.156250000 0.525000000 0.006378880
vt 0.003906250 0.507812500
vn -0.267261242 0.707106781 0.654653671
v 0.151714426 0.513000000 0.017488721
vt 0.246093750 0.507812500
vn -0.267261242 0.707106781 0.654653671
v 0.307964426 0.513000000 0.081277516
vt 0.246093750 0.992187500
vn -0.267261242 0.707106781 0.654653671
f 805/805/805 806/806/806 807/807/807
v 0.156250000 0.525000000 0.006378880
vt 0.003906250 0.507812500
vn -0.267261242 0.707106781 0.654653671
v 0.307964426 0.513000000 0.081277516
vt 0.246093750 0.992187500
vn -0.267261242 0.707106781 0.654653671
v 0.312500000 0.525000000 0.070167675
vt 0.003906250 0.992187500
vn -0.267261242 0.707106781 0.654653671
f 808/808/808 809/809/809 810/810/810
v 0.151714426 0.513000000 0.017488721
vt 0.003906250 0.507812500
vn -0.267261242 -0.707106781 0.654653671
v 0.156250000 0.501000000 0.006378880
vt 0.246093750 0.507812500
vn -0.267261242 -0.707106781 0.654653671
v 0.312500000 0.501000000 0.070167675
vt 0.246093750 0.992187500
vn -0.267261242 -0.707106781 0.654653671
f 811/811/811 812/812/812 813/813/813
v 0.151714426 0.513000000 0.017488721
vt 0.003906250 0.507812500
vn -0.267261242 -0.707106781 0.654653671
v 0.312500000 0.501000000 0.070167675
vt 0.246093750 0.992187500
vn -0.267261242 -0.707106781 0.654653671
v 0.307964426 0.513000000 0.081277516
vt 0.003906250 0.992187500
vn -0.267261242 -0.707106781 0.654653671
f 814/814/814 815/815/815 816/816/816
o conduit_end
v 0.151714426 0.513000000 0.017488721
vt 0.003906250 0.507812500
vn -0.925820100 -0.000000000 -0.377964473
v 0.156250000 0.525000000 0.006378880
vt 0.246093750 0.507812500
vn -0.925820100 -0.000000000 -0.377964473
v 0.160785574 0.513000000 -0.004730962
vt 0.246093750 0.992187500
vn -0.925820100 -0.000000000 -0.377964473
f 817/817/817 818/818/818 819/819/819
v 0.151714426 0.513000000 0.017488721
vt 0.003906250 0.507812500
vn -0.925820100 0.000000000 -0.377964473
v 0.160785574 0.513000000 -0.004730962
vt 0.246093750 0.992187500
vn -0.925820100 0.000000000 -0.377964473
v 0.156250000 0.501000000 0.006378880
vt 0.003906250 0.992187500
vn -0.925820100 0.000000000 -0.377964473
f 820/820/820 821/821/821 822/822/822
v 0.312500000 0.501000000 0.070167675
vt 0.003906250 0.507812500
vn 0.925820100 -0.000000000 0.377964473
v 0.317035574 0.513000000 0.059057834
vt 0.246093750 0.507812500
vn 0.925820100 -0.000000000 0.377964473
v 0.312500000 0.525000000 0.070167675
vt 0.246093750 0.992187500
vn 0.925820100 -0.000000000 0.377964473
f 823/823/823 824/824/824 825/825/825
v 0.312500000 0.501000000 0.070167675
vt 0.003906250 0.507812500
vn 0.925820100 -0.000000000 0.377964473
v 0.312500000 0.525000000 0.070167675
vt 0.246093750 0.992187500
vn 0.925820100 -0.000000000 0.377964473
v 0.307964426 0.513000000 0.081277516
vt 0.003906250 0.992187500
vn 0.925820100 -0.000000000 0.377964473
f 826/826/826 827/827/827 828/828/828
o conduit
v 0.312500000 0.501000000 0.070167675
vt 0.003906250 0.507812500
vn -0.579324122 -0.707106781 -0.405442427
v 0.302668544 0.513000000 0.063287089
vt 0.246093750 0.507812500
vn -0.579324122 -0.707106781 -0.405442427
v 0.333918544 0.513000000 0.018634932
vt 0.246093750 0.992187500
vn -0.579324122 -0.707106781 -0.405442427
f 829/829/829 830/830/830 831/831/831
v 0.312500000 0.501000000 0.070167675
vt 0.003906250 0.507812500
vn -0.579324122 -0.707106781 -0.405442427
v 0.333918544 0.513000000 0.018634932
vt 0.246093750 0.992187500
vn -0.579324122 -0.707106781 -0.405442427
v 0.343750000 0.501000000 0.025515518
vt 0.003906250 0.992187500
vn -0.579324122 -0.707106781 -0.405442427
f 832/832/832 833/833/833 834/834/834
v 0.302668544 0.513000000 0.063287089
vt 0.003906250 0.507812500
vn -0.579324122 0.707106781 -0.405442427
v 0.312500000 0.525000000 0.070167675
vt 0.246093750 0.507812500
vn -0.579324122 0.707106781 -0.405442427
v 0.343750000 0.525000000 0.025515518
vt 0.246093750 0.992187500
vn -0.579324122 0.707106781 -0.405442427
f 835/835/835 836/836/836 837/837/837
v 0.302668544 0.513000000 0.063287089
vt 0.003906250 0.507812500
vn -0.579324122 0.707106781 -0.405442427
v 0.343750000 0.525000000 0.025515518
vt 0.246093750 0.992187500
vn -0.579324122 0.707106781 -0.405442427
v 0.333918544 0.513000000 0.018634932
vt 0.003906250 0.992187500
vn -0.579324122 0.707106781 -0.405442427
f 838/838/838 839/839/839 840/840/840
v 0.312500000 0.525000000 0.070167675
vt 0.003906250 0.507812500
vn 0.579324122 0.707106781 0.405442427
v 0.322331456 0.513000000 0.077048261
vt 0.246093750 0.507812500
vn 0.579324122 0.707106781 0.405442427
v 0.353581456 0.513000000 0.032396104
vt 0.246093750 0.992187500
vn 0.579324122 0.707106781 0.405442427
f 841/841/841 842/842/842 843/843/843
v 0.312500000 0.525000000 0.070167675
vt 0.003906250 0.507812500
vn 0.579324122 0.707106781 0.405442427
v 0.353581456 0.513000000 0.032396104
vt 0.246093750 0.992187500
vn 0.579324122 0.707106781 0.405442427
v 0.343750000 0.525000000 0.025515518
vt 0.003906250 0.992187500
vn 0.579324122 0.707106781 0.405442427
f 844/844/844 845/845/845 846/846/846
v 0.322331456 0.513000000 0.077048261
vt 0.003906250 0.507812500
vn 0.579324122 -0.707106781 0.405442427
v 0.312500000 0.501000000 0.070167675
vt 0.246093750 0.507812500
vn 0.579324122 -0.707106781 0.405442427
v 0.343750000 0.501000000 0.025515518
vt 0.246093750 0.992187500
vn 0.579324122 -0.707106781 0.405442427
f 847/847/847 848/848/848 849/849/849
v 0.322331456 0.513000000 0.077048261
vt 0.003906250 0.507812500
vn 0.579324122 -0.707106781 0.405442427
v 0.343750000 0.501000000 0.025515518
vt 0.246093750 0.992187500
vn 0.579324122 -0.707106781 0.405442427
v 0.353581456 0.513000000 0.032396104
vt 0.003906250 0.992187500
vn 0.579324122 -0.707106781 0.405442427
f 850/850/850 851/851/851 852/852/852
o conduit_end
v 0.322331456 0.513000000 0.077048261
vt 0.003906250 0.507812500
vn -0.573382179 0.000000000 0.819288030
v 0.312500000 0.525000000 0.070167675
vt 0.246093750 0.507812500
vn -0.573382179 0.000000000 0.819288030
v 0.302668544 0.513000000 0.063287089
vt 0.246093750 0.992187500
vn -0.573382179 0.000000000 0.819288030
f 853/853/853 854/854/854 855/855/855
v 0.322331456 0.513000000 0.077048261
vt 0.003906250 0.507812500
vn -0.573382179 0.000000000 0.819288030
v 0.302668544 0.513000000 0.063287089
vt 0.246093750 0.992187500
vn -0.573382179 0.000000000 0.819288030
v 0.312500000 0.501000000 0.070167675
vt 0.003906250 0.992187500
vn -0.573382179 0.000000000 0.819288030
f 856/856/856 857/857/857 858/858/858
v 0.343750000 0.501000000 0.025515518
vt 0.003906250 0.507812500
vn 0.573382179 0.000000000 -0.819288030
v 0.333918544 0.513000000 0.018634932
vt 0.246093750 0.507812500
vn 0.573382179 0.000000000 -0.819288030
v 0.343750000 0.525000000 0.025515518
vt 0.246093750 0.992187500
vn 0.573382179 0.000000000 -0.819288030
f 859/859/859 860/860/860 861/861/861
v 0.343750000 0.501000000 0.025515518
vt 0.003906250 0.507812500
vn 0.573382179 0.000000000 -0.819288030
v 0.343750000 0.525000000 0.025515518
vt 0.246093750 0.992187500
vn 0.573382179 0.000000000 -0.819288030
v 0.353581456 0.513000000 0.032396104
vt 0.003906250 0.992187500
vn 0.573382179 0.000000000 -0.819288030
f 862/862/862 863/863/863 864/864/864
o conduit
v 0.343750000 0.501000000 0.025515518
vt 0.003906250 0.507812500
vn 0.338061702 -0.707106781 -0.621059003
v 0.349487097 0.513000000 0.014975797
vt 0.246093750 0.507812500
vn 0.338061702 -0.707106781 -0.621059003
v 0.443237097 0.513000000 0.066006834
vt 0.246093750 0.992187500
vn 0.338061702 -0.707106781 -0.621059003
f 865/865/865 866/866/866 867/867/867
v 0.343750000 0.501000000 0.025515518
vt 0.003906250 0.507812500
vn 0.338061702 -0.707106781 -0.621059003
v 0.443237097 0.513000000 0.066006834
vt 0.246093750 0.992187500
vn 0.338061702 -0.707106781 -0.621059003
v 0.437500000 0.501000000 0.076546554
vt 0.003906250 0.992187500
vn 0.338061702 -0.707106781 -0.621059003
f 868/868/868 869/869/869 870/870/870
v 0.349487097 0.513000000 0.014975797
vt 0.003906250 0.507812500
vn 0.338061702 0.707106781 -0.621059003
v 0.343750000 0.525000000 0.025515518
vt 0.246093750 0.507812500
vn 0.338061702 0.707106781 -0.621059003
v 0.437500000 0.525000000 0.076546554
vt 0.246093750 0.992187500
vn 0.338061702 0.707106781 -0.621059003
f 871/871/871 872/872/872 873/873/873
v 0.349487097 0.513000000 0.014975797
vt 0.003906250 0.507812500
vn 0.338061702 0.707106781 -0.621059003
v 0.437500000 0.525000000 0.076546554
vt 0.246093750 0.992187500
vn 0.338061702 0.707106781 -0.621059003
v 0.443237097 0.513000000 0.066006834
vt 0.003906250 0.992187500
vn 0.338061702 0.707106781 -0.621059003
f 874/874/874 875/875/875 876/876/876
v 0.343750000 0.525000000 0.025515518
vt 0.003906250 0.507812500
vn -0.338061702 0.707106781 0.621059003
v 0.338012903 0.513000000 0.036055239
vt 0.246093750 0.507812500
vn -0.338061702 0.707106781 0.621059003
v 0.431762903 0.513000000 0.087086275
vt 0.246093750 0.992187500
vn -0.338061702 0.707106781 0.621059003
f 877/877/877 878/878/878 879/879/879
v 0.343750000 0.525000000 0.025515518
vt 0.003906250 0.507812500
vn -0.338061702 0.707106781 0.621059003
v 0.431762903 0.513000000 0.087086275
vt 0.246093750 0.992187500
vn -0.338061702 0.707106781 0.621059003
v 0.437500000 0.525000000 0.076546554
vt 0.003906250 0.992187500
vn -0.338061702 0.707106781 0.621059003
f 880/880/880 881/881/881 882/882/882
v 0.338012903 0.513000000 0.036055239
vt 0.003906250 0.507812500
vn -0.338061702 -0.707106781 0.621059003
v 0.343750000 0.501000000 0.025515518
vt 0.246093750 0.507812500
vn -0.338061702 -0.707106781 0.621059003
v 0.437500000 0.501000000 0.076546554
vt 0.246093750 0.992187500
vn -0.338061702 -0.707106781 0.621059003
f 883/883/883 884/884/884 885/885/885
v 0.338012903 0.513000000 0.036055239
vt 0.003906250 0.507812500
vn -0.338061702 -0.707106781 0.621059003
v 0.437500000 0.501000000 0.076546554
vt 0.246093750 0.992187500
vn -0.338061702 -0.707106781 0.621059003
v 0.431762903 0.513000000 0.087086275
vt 0.003906250 0.992187500
vn -0.338061702 -0.707106781 0.621059003
f 886/886/886 887/887/887 888/888/888
o conduit_end
v 0.338012903 0.513000000 0.036055239
vt 0.003906250 0.507812500
vn -0.878310066 0.000000000 -0.478091444
v 0.343750000 0.525000000 0.025515518
vt 0.246093750 0.507812500
vn -0.878310066 0.000000000 -0.478091444
v 0.349487097 0.513000000 0.014975797
vt 0.246093750 0.992187500
vn -0.878310066 0.000000000 -0.478091444
f 889/889/889 890/890/890 891/891/891
v 0.338012903 0.513000000 0.036055239
vt 0.003906250 0.507812500
vn -0.878310066 -0.000000000 -0.478091444
v 0.349487097 0.513000000 0.014975797
vt 0.246093750 0.992187500
vn -0.878310066 -0.000000000 -0.478091444
v 0.343750000 0.501000000 0.025515518
vt 0.003906250 0.992187500
vn -0.878310066 -0.000000000 -0.478091444
f 892/892/892 893/893/893 894/894/894
v 0.437500000 0.501000000 0.076546554
vt 0.003906250 0.507812500
vn 0.878310066 -0.000000000 0.478091444
v 0.443237097 0.513000000 0.066006834
vt 0.246093750 0.507812500
vn 0.878310066 -0.000000000 0.478091444
v 0.437500000 0.525000000 0.076546554
vt 0.246093750 0.992187500
vn 0.878310066 -0.000000000 0.478091444
f 895/895/895 896/896/896 897/897/897
v 0.437500000 0.501000000 0.076546554
vt 0.003906250 0.507812500
vn 0.878310066 -0.000000000 0.478091444
v 0.437500000 0.525000000 0.076546554
vt 0.246093750 0.992187500
vn 0.878310066 -0.000000000 0.478091444
v 0.431762903 0.513000000 0.087086275
vt 0.003906250 0.992187500
vn 0.878310066 -0.000000000 0.478091444
f 898/898/898 899/899/899 900/900/900
o conduit
v 0.437500000 0.501000000 0.076546554
vt 0.003906250 0.507812500
vn -0.547722558 -0.707106781 -0.447213596
v 0.428204840 0.513000000 0.068957088
vt 0.246093750 0.507812500
vn -0.547722558 -0.707106781 -0.447213596
v 0.443829840 0.513000000 0.049820449
vt 0.246093750 0.992187500
vn -0.547722558 -0.707106781 -0.447213596
f 901/901/901 902/902/902 903/903/903
v 0.437500000 0.501000000 0.076546554
vt 0.003906250 0.507812500
vn -0.547722558 -0.707106781 -0.447213596
v 0.443829840 0.513000000 0.049820449
vt 0.246093750 0.992187500
vn -0.547722558 -0.707106781 -0.447213596
v 0.453125000 0.501000000 0.057409916
vt 0.003906250 0.992187500
vn -0.547722558 -0.707106781 -0.447213596
f 904/904/904 905/905/905 906/906/906
v 0.428204840 0.513000000 0.068957088
vt 0.003906250 0.507812500
vn -0.547722558 0.707106781 -0.447213596
v 0.437500000 0.525000000 0.076546554
vt 0.246093750 0.507812500
vn -0.547722558 0.707106781 -0.447213596
v 0.453125000 0.525000000 0.057409916
vt 0.246093750 0.992187500
vn -0.547722558 0.707106781 -0.447213596
f 907/907/907 908/908/908 909/909/909
v 0.428204840 0.513000000 0.068957088
vt 0.003906250 0.507812500
vn -0.547722558 0.707106781 -0.447213596
v 0.453125000 0.525000000 0.057409916
vt 0.246093750 0.992187500
vn -0.547722558 0.707106781 -0.447213596
v 0.443829840 0.513000000 0.049820449
vt 0.003906250 0.992187500
vn -0.547722558 0.707106781 -0.447213596
f 910/910/910 911/911/911 912/912/912
v 0.437500000 0.525000000 0.076546554
vt 0.003906250 0.507812500
vn 0.547722558 0.707106781 0.447213596
v 0.446795160 0.513000000 0.084136021
vt 0.246093750 0.507812500
vn 0.547722558 0.707106781 0.447213596
v 0.462420160 0.513000000 0.064999382
vt 0.246093750 0.992187500
vn 0.547722558 0.707106781 0.447213596
f 913/913/913 914/914/914 915/915/915
v 0.437500000 0.525000000 0.076546554
vt 0.003906250 0.507812500
vn 0.547722558 0.707106781 0.447213596
v 0.462420160 0.513000000 0.064999382
vt 0.246093750 0.992187500
vn 0.547722558 0.707106781 0.447213596
v 0.453125000 0.525000000 0.057409916
vt 0.003906250 0.992187500
vn 0.547722558 0.707106781 0.447213596
f 916/916/916 917/917/917 918/918/918
v 0.446795160 0.513000000 0.084136021
vt 0.003906250 0.507812500
vn 0.547722558 -0.707106781 0.447213596
v 0.437500000 0.501000000 0.076546554
vt 0.246093750 0.507812500
vn 0.547722558 -0.707106781 0.447213596
v 0.453125000 0.501000000 0.057409916
vt 0.246093750 0.992187500
vn 0.547722558 -0.707106781 0.447213596
f 919/919/919 920/920/920 921/921/921
v 0.446795160 0.513000000 0.084136021
vt 0.003906250 0.507812500
vn 0.547722558 -0.707106781 0.447213596
v 0.453125000 0.501000000 0.057409916
vt 0.246093750 0.992187500
vn 0.547722558 -0.707106781 0.447213596
v 0.462420160 0.513000000 0.064999382
vt 0.003906250 0.992187500
vn 0.547722558 -0.707106781 0.447213596
f 922/922/922 923/923/923 924/924/924
o conduit_end
v 0.446795160 0.513000000 0.084136021
vt 0.003906250 0.507812500
vn -0.632455532 0.000000000 0.774596669
v 0.437500000 0.525000000 0.076546554
vt 0.246093750 0.507812500
vn -0.632455532 0.000000000 0.774596669
v 0.428204840 0.513000000 0.068957088
vt 0.246093750 0.992187500
vn -0.632455532 0.000000000 0.774596669
f 925/925/925 926/926/926 927/927/927
v 0.446795160 0.513000000 0.084136021
vt 0.003906250 0.507812500
vn -0.632455532 0.000000000 0.774596669
v 0.428204840 0.513000000 0.068957088
vt 0.246093750 0.992187500
vn -0.632455532 0.000000000 0.774596669
v 0.437500000 0.501000000 0.076546554
vt 0.003906250 0.992187500
vn -0.632455532 0.000000000 0.774596669
f 928/928/928 929/929/929 930/930/930
v 0.453125000 0.501000000 0.057409916
vt 0.003906250 0.507812500
vn 0.632455532 0.000000000 -0.774596669
v 0.443829840 0.513000000 0.049820449
vt 0.246093750 0.507812500
vn 0.632455532 0.000000000 -0.774596669
v 0.453125000 0.525000000 0.057409916
vt 0.246093750 0.992187500
vn 0.632455532 0.000000000 -0.774596669
f 931/931/931 932/932/932 933/933/933
v 0.453125000 0.501000000 0.057409916
vt 0.003906250 0.507812500
vn 0.632455532 0.000000000 -0.774596669
v 0.453125000 0.525000000 0.057409916
vt 0.246093750 0.992187500
vn 0.632455532 0.000000000 -0.774596669
v 0.462420160 0.513000000 0.064999382
vt 0.003906250 0.992187500
vn 0.632455532 0.000000000 -0.774596669
f 934/934/934 935/935/935 936/936/936
o conduit
v 0.453125000 0.501000000 0.057409916
vt 0.003906250 0.507812500
vn 0.397778642 -0.707106781 -0.584612822
v 0.459875527 0.513000000 0.047488707
vt 0.246093750 0.507812500
vn 0.397778642 -0.707106781 -0.584612822
v 0.506750527 0.513000000 0.079383105
vt 0.246093750 0.992187500
vn 0.397778642 -0.707106781 -0.584612822
f 937/937/937 938/938/938 939/939/939
v 0.453125000 0.501000000 0.057409916
vt 0.003906250 0.507812500
vn 0.397778642 -0.707106781 -0.584612822
v 0.506750527 0.513000000 0.079383105
vt 0.246093750 0.992187500
vn 0.397778642 -0.707106781 -0.584612822
v 0.500000000 0.501000000 0.089304314
vt 0.003906250 0.992187500
vn 0.397778642 -0.707106781 -0.584612822
f 940/940/940 941/941/941 942/942/942
v 0.459875527 0.513000000 0.047488707
vt 0.003906250 0.507812500
vn 0.397778642 0.707106781 -0.584612822
v 0.453125000 0.525000000 0.057409916
vt 0.246093750 0.507812500
vn 0.397778642 0.707106781 -0.584612822
v 0.500000000 0.525000000 0.089304314
vt 0.246093750 0.992187500
vn 0.397778642 0.707106781 -0.584612822
f 943/943/943 944/944/944 945/945/945
v 0.459875527 0.513000000 0.047488707
vt 0.003906250 0.507812500
vn 0.397778642 0.707106781 -0.584612822
v 0.500000000 0.525000000 0.089304314
vt 0.246093750 0.992187500
vn 0.397778642 0.707106781 -0.584612822
v 0.506750527 0.513000000 0.079383105
vt 0.003906250 0.992187500
vn 0.397778642 0.707106781 -0.584612822
f 946/946/946 947/947/947 948/948/948
v 0.453125000 0.525000000 0.057409916
vt 0.003906250 0.507812500
vn -0.397778642 0.707106781 0.584612822
v 0.446374473 0.513000000 0.067331124
vt 0.246093750 0.507812500
vn -0.397778642 0.707106781 0.584612822
v 0.493249473 0.513000000 0.099225522
vt 0.246093750 0.992187500
vn -0.397778642 0.707106781 0.584612822
f 949/949/949 950/950/950 951/951/951
v 0.453125000 0.525000000 0.057409916
vt 0.003906250 0.507812500
vn -0.397778642 0.707106781 0.584612822
v 0.493249473 0.513000000 0.099225522
vt 0.246093750 0.992187500
vn -0.397778642 0.707106781 0.584612822
v 0.500000000 0.525000000 0.089304314
vt 0.003906250 0.992187500
vn -0.397778642 0.707106781 0.584612822
f 952/952/952 953/953/953 954/954/954
v 0.446374473 0.513000000 0.067331124
vt 0.003906250 0.507812500
vn -0.397778642 -0.707106781 0.584612822
v 0.453125000 0.501000000 0.057409916
vt 0.246093750 0.507812500
vn -0.397778642 -0.707106781 0.584612822
v 0.500000000 0.501000000 0.089304314
vt 0.246093750 0.992187500
vn -0.397778642 -0.707106781 0.584612822
f 955/955/955 956/956/956 957/957/957
v 0.446374473 0.513000000 0.067331124
vt 0.003906250 0.507812500
vn -0.397778642 -0.707106781 0.584612822
v 0.500000000 0.501000000 0.089304314
vt 0.246093750 0.992187500
vn -0.397778642 -0.707106781 0.584612822
v 0.493249473 0.513000000 0.099225522
vt 0.003906250 0.992187500
vn -0.397778642 -0.707106781 0.584612822
f 958/958/958 959/959/959 960/960/960
o conduit_end
v 0.446374473 0.513000000 0.067331124
vt 0.003906250 0.507812500
vn -0.826767382 -0.000000000 -0.562543950
v 0.453125000 0.525000000 0.057409916
vt 0.246093750 0.507812500
vn -0.826767382 -0.000000000 -0.562543950
v 0.459875527 0.513000000 0.047488707
vt 0.246093750 0.992187500
vn -0.826767382 -0.000000000 -0.562543950
f 961/961/961 962/962/962 963/963/963
v 0.446374473 0.513000000 0.067331124
vt 0.003906250 0.507812500
vn -0.826767382 0.000000000 -0.562543950
v 0.459875527 0.513000000 0.047488707
vt 0.246093750 0.992187500
vn -0.826767382 0.000000000 -0.562543950
v 0.453125000 0.501000000 0.057409916
vt 0.003906250 0.992187500
vn -0.826767382 0.000000000 -0.562543950
f 964/964/964 965/965/965 966/966/966
v 0.500000000 0.501000000 0.089304314
vt 0.003906250 0.507812500
vn 0.826767382 -0.000000000 0.562543950
v 0.506750527 0.513000000 0.079383105
vt 0.246093750 0.507812500
vn 0.826767382 -0.000000000 0.562543950
v 0.500000000 0.525000000 0.089304314
vt 0.246093750 0.992187500
vn 0.826767382 -0.000000000 0.562543950
f 967/967/967 968/968/968 969/969/969
v 0.500000000 0.501000000 0.089304314
vt 0.003906250 0.507812500
vn 0.826767382 -0.000000000 0.562543950
v 0.500000000 0.525000000 0.089304314
vt 0.246093750 0.992187500
vn 0.826767382 -0.000000000 0.562543950
v 0.493249473 0.513000000 0.099225522
vt 0.003906250 0.992187500
vn 0.826767382 -0.000000000 0.562543950
f 970/970/970 971/971/971 972/972/972
o conduit
v -0.250245133 0.492000000 0.030964067
vt 0.253906250 0.007812500
vn 0.054820244 -0.707106781 -0.704978539
v -0.248617054 0.513000000 0.010027273
vt 0.496093750 0.007812500
vn 0.054820244 -0.707106781 -0.704978539
v -0.224689289 0.513000000 0.011887934
vt 0.496093750 0.492187500
vn 0.054820244 -0.707106781 -0.704978539
f 973/973/973 974/974/974 975/975/975
v -0.250245133 0.492000000 0.030964067
vt 0.253906250 0.007812500
vn 0.054820244 -0.707106781 -0.704978539
v -0.224689289 0.513000000 0.011887934
vt 0.496093750 0.492187500
vn 0.054820244 -0.707106781 -0.704978539
v -0.226317367 0.492000000 0.032824728
vt 0.253906250 0.492187500
vn 0.054820244 -0.707106781 -0.704978539
f 976/976/976 977/977/977 978/978/978
v -0.248617054 0.513000000 0.010027273
vt 0.253906250 0.007812500
vn 0.054820244 0.707106781 -0.704978539
v -0.250245133 0.534000000 0.030964067
vt 0.496093750 0.007812500
vn 0.054820244 0.707106781 -0.704978539
v -0.226317367 0.534000000 0.032824728
vt 0.496093750 0.492187500
vn 0.054820244 0.707106781 -0.704978539
f 979/979/979 980/980/980 981/981/981
v -0.248617054 0.513000000 0.010027273
vt 0.253906250 0.007812500
vn 0.054820244 0.707106781 -0.704978539
v -0.226317367 0.534000000 0.032824728
vt 0.496093750 0.492187500
vn 0.054820244 0.707106781 -0.704978539
v -0.224689289 0.513000000 0.011887934
vt 0.253906250 0.492187500
vn 0.054820244 0.707106781 -0.704978539
f 982/982/982 983/983/983 984/984/984
v -0.250245133 0.534000000 0.030964067
vt 0.253906250 0.007812500
vn -0.054820244 0.707106781 0.704978539
v -0.251873211 0.513000000 0.051900862
vt 0.496093750 0.007812500
vn -0.054820244 0.707106781 0.704978539
v -0.227945446 0.513000000 0.053761523
vt 0.496093750 0.492187500
vn -0.054820244 0.707106781 0.704978539
f 985/985/985 986/986/986 987/987/987
v -0.250245133 0.534000000 0.030964067
vt 0.253906250 0.007812500
vn -0.054820244 0.707106781 0.704978539
v -0.227945446 0.513000000 0.053761523
vt 0.496093750 0.492187500
vn -0.054820244 0.707106781 0.704978539
v -0.226317367 0.534000000 0.032824728
vt 0.253906250 0.492187500
vn -0.054820244 0.707106781 0.704978539
f 988/988/988 989/989/989 990/990/990
v -0.251873211 0.513000000 0.051900862
vt 0.253906250 0.007812500
vn -0.054820244 -0.707106781 0.704978539
v -0.250245133 0.492000000 0.030964067
vt 0.496093750 0.007812500
vn -0.054820244 -0.707106781 0.704978539
v -0.226317367 0.492000000 0.032824728
vt 0.496093750 0.492187500
vn -0.054820244 -0.707106781 0.704978539
f 991/991/991 992/992/992 993/993/993
v -0.251873211 0.513000000 0.051900862
vt 0.253906250 0.007812500
vn -0.054820244 -0.707106781 0.704978539
v -0.226317367 0.492000000 0.032824728
vt 0.496093750 0.492187500
vn -0.054820244 -0.707106781 0.704978539
v -0.227945446 0.513000000 0.053761523
vt 0.253906250 0.492187500
vn -0.054820244 -0.707106781 0.704978539
f 994/994/994 995/995/995 996/996/996
o conduit_end
v -0.251873211 0.513000000 0.051900862
vt 0.253906250 0.007812500
vn -0.996990211 0.000000000 -0.077527533
v -0.250245133 0.534000000 0.030964067
vt 0.496093750 0.007812500
vn -0.996990211 0.000000000 -0.077527533
v -0.248617054 0.513000000 0.010027273
vt 0.496093750 0.492187500
vn -0.996990211 0.000000000 -0.077527533
f 997/997/997 998/998/998 999/999/999
v -0.251873211 0.513000000 0.051900862
vt 0.253906250 0.007812500
vn -0.996990211 -0.000000000 -0.077527533
v -0.248617054 0.513000000 0.010027273
vt 0.496093750 0.492187500
vn -0.996990211 -0.000000000 -0.077527533
v -0.250245133 0.492000000 0.030964067
vt 0.253906250 0.492187500
vn -0.996990211 -0.000000000 -0.077527533
f 1000/1000/1000 1001/1001/1001 1002/1002/1002
v -0.226317367 0.492000000 0.032824728
vt 0.253906250 0.007812500
vn 0.996990211 -0.000000000 0.077527533
v -0.224689289 0.513000000 0.011887934
vt 0.496093750 0.007812500
vn 0.996990211 -0.000000000 0.077527533
v -0.226317367 0.534000000 0.032824728
vt 0.496093750 0.492187500
vn 0.996990211 -0.000000000 0.077527533
f 1003/1003/1003 1004/1004/1004 1005/1005/1005
v -0.226317367 0.492000000 0.032824728
vt 0.253906250 0.007812500
vn 0.996990211 -0.000000000 0.077527533
v -0.226317367 0.534000000 0.032824728
vt 0.496093750 0.492187500
vn 0.996990211 -0.000000000 0.077527533
v -0.227945446 0.513000000 0.053761523
vt 0.253906250 0.492187500
vn 0.996990211 -0.000000000 0.077527533
f 1006/1006/1006 1007/1007/1007 1008/1008/1008
o conduit
v 0.241942367 0.492000000 0.069237345
vt 0.253906250 0.007812500
vn 0.054820244 -0.707106781 -0.704978539
v 0.243570446 0.513000000 0.048300550
vt 0.496093750 0.007812500
vn 0.054820244 -0.707106781 -0.704978539
v 0.267498211 0.513000000 0.050161211
vt 0.496093750 0.492187500
vn 0.054820244 -0.707106781 -0.704978539
f 1009/1009/1009 1010/1010/1010 1011/1011/1011
v 0.241942367 0.492000000 0.069237345
vt 0.253906250 0.007812500
vn 0.054820244 -0.707106781 -0.704978539
v 0.267498211 0.513000000 0.050161211
vt 0.496093750 0.492187500
vn 0.054820244 -0.707106781 -0.704978539
v 0.265870133 0.492000000 0.071098005
vt 0.253906250 0.492187500
vn 0.054820244 -0.707106781 -0.704978539
f 1012/1012/1012 1013/1013/1013 1014/1014/1014
v 0.243570446 0.513000000 0.048300550
vt 0.253906250 0.007812500
vn 0.054820244 0.707106781 -0.704978539
v 0.241942367 0.534000000 0.069237345
vt 0.496093750 0.007812500
vn 0.054820244 0.707106781 -0.704978539
v 0.265870133 0.534000000 0.071098005
vt 0.496093750 0.492187500
vn 0.054820244 0.707106781 -0.704978539
f 1015/1015/1015 1016/1016/1016 1017/1017/1017
v 0.243570446 0.513000000 0.048300550
vt 0.253906250 0.007812500
vn 0.054820244 0.707106781 -0.704978539
v 0.265870133 0.534000000 0.071098005
vt 0.496093750 0.492187500
vn 0.054820244 0.707106781 -0.704978539
v 0.267498211 0.513000000 0.050161211
vt 0.253906250 0.492187500
vn 0.054820244 0.707106781 -0.704978539
f 1018/1018/1018 1019/1019/1019 1020/1020/1020
v 0.241942367 0.534000000 0.069237345
vt 0.253906250 0.007812500
vn -0.054820244 0.707106781 0.704978539
v 0.240314289 0.513000000 0.090174139
vt 0.496093750 0.007812500
vn -0.054820244 0.707106781 0.704978539
v 0.264242054 0.513000000 0.092034800
vt 0.496093750 0.492187500
vn -0.054820244 0.707106781 0.704978539
f 1021/1021/1021 1022/1022/1022 1023/1023/1023
v 0.241942367 0.534000000 0.069237345
vt 0.253906250 0.007812500
vn -0.054820244 0.707106781 0.704978539
v 0.264242054 0.513000000 0.092034800
vt 0.496093750 0.492187500
vn -0.054820244 0.707106781 0.704978539
v 0.265870133 0.534000000 0.071098005
vt 0.253906250 0.492187500
vn -0.054820244 0.707106781 0.704978539
f 1024/1024/1024 1025/1025/1025 1026/1026/1026
v 0.240314289 0.513000000 0.090174139
vt 0.253906250 0.007812500
vn -0.054820244 -0.707106781 0.704978539
v 0.241942367 0.492000000 0.069237345
vt 0.496093750 0.007812500
vn -0.054820244 -0.707106781 0.704978539
v 0.265870133 0.492000000 0.071098005
vt 0.496093750 0.492187500
vn -0.054820244 -0.707106781 0.704978539
f 1027/1027/1027 1028/1028/1028 1029/1029/1029
v 0.240314289 0.513000000 0.090174139
vt 0.253906250 0.007812500
vn -0.054820244 -0.707106781 0.704978539
v 0.265870133 0.492000000 0.071098005
vt 0.496093750 0.492187500
vn -0.054820244 -0.707106781 0.704978539
v 0.264242054 0.513000000 0.092034800
vt 0.253906250 0.492187500
vn -0.054820244 -0.707106781 0.704978539
f 1030/1030/1030 1031/1031/1031 1032/1032/1032
o conduit_end
v 0.240314289 0.513000000 0.090174139
vt 0.253906250 0.007812500
vn -0.996990211 0.000000000 -0.077527533
v 0.241942367 0.534000000 0.069237345
vt 0.496093750 0.007812500
vn -0.996990211 0.000000000 -0.077527533
v 0.243570446 0.513000000 0.048300550
vt 0.496093750 0.492187500
vn -0.996990211 0.000000000 -0.077527533
f 1033/1033/1033 1034/1034/1034 1035/1035/1035
v 0.240314289 0.513000000 0.090174139
vt 0.253906250 0.007812500
vn -0.996990211 0.000000000 -0.077527533
v 0.243570446 0.513000000 0.048300550
vt 0.496093750 0.492187500
vn -0.996990211 0.000000000 -0.077527533
v 0.241942367 0.492000000 0.069237345
vt 0.253906250 0.492187500
vn -0.996990211 0.000000000 -0.077527533
f 1036/1036/1036 1037/1037/1037 1038/1038/1038
v 0.265870133 0.492000000 0.071098005
vt 0.253906250 0.007812500
vn 0.996990211 -0.000000000 0.077527533
v 0.267498211 0.513000000 0.050161211
vt 0.496093750 0.007812500
vn 0.996990211 -0.000000000 0.077527533
v 0.265870133 0.534000000 0.071098005
vt 0.496093750 0.492187500
vn 0.996990211 -0.000000000 0.077527533
f 1039/1039/1039 1040/1040/1040 1041/1041/1041
v 0.265870133 0.492000000 0.071098005
vt 0.253906250 0.007812500
vn 0.996990211 -0.000000000 0.077527533
v 0.265870133 0.534000000 0.071098005
vt 0.496093750 0.492187500
vn 0.996990211 -0.000000000 0.077527533
v 0.264242054 0.513000000 0.092034800
vt 0.253906250 0.492187500
vn 0.996990211 -0.000000000 0.077527533
f 1042/1042/1042 1043/1043/1043 1044/1044/1044
