# Native geometry authored with Blender MCP in an isolated background process.
mtllib pz_street_pole_06.mtl
o pz_street_pole_06_|_tapered_native_street_pole
usemtl metal
v 0.0710000 0.0000000 0.0150000
vt 0.569995063 0.097201593
vt 0.569995063 0.057500053
vt 0.578235484 0.023117511
vt 0.578235484 0.023117511
vt 0.592508547 0.003266773
vt 0.608989590 0.003266772
vt 0.608989590 0.003266772
vt 0.623262519 0.023117449
vt 0.631503074 0.057500053
vt 0.631503074 0.057500053
vt 0.631503006 0.097201586
vt 0.623262519 0.131584078
vt 0.623262519 0.131584078
vt 0.608989590 0.151434869
vt 0.592508547 0.151434869
vt 0.592508547 0.151434869
vt 0.578235550 0.131584078
vt 0.569995063 0.097201593
vt 0.569995063 0.097201593
vt 0.578235484 0.023117511
vt 0.608989590 0.003266772
vt 0.608989590 0.003266772
vt 0.631503074 0.057500053
vt 0.623262519 0.131584078
vt 0.623262519 0.131584078
vt 0.592508547 0.151434869
vt 0.569995063 0.097201593
vt 0.608989590 0.003266772
vt 0.623262519 0.131584078
vt 0.569995063 0.097201593
vt 0.776149995 0.708726883
vt 0.781175558 0.715716541
vt 0.784077154 0.727823079
vt 0.784077154 0.727823079
vt 0.784077154 0.741802454
vt 0.781175558 0.753908992
vt 0.781175558 0.753908992
vt 0.776149995 0.760898650
vt 0.770346803 0.760898650
vt 0.770346803 0.760898650
vt 0.765321036 0.753908992
vt 0.762419442 0.741802394
vt 0.762419442 0.741802394
vt 0.762419442 0.727823079
vt 0.765321036 0.715716541
vt 0.765321036 0.715716541
vt 0.770346803 0.708726883
vt 0.776149995 0.708726883
vt 0.776149995 0.708726883
vt 0.784077154 0.727823079
vt 0.781175558 0.753908992
vt 0.781175558 0.753908992
vt 0.770346803 0.760898650
vt 0.762419442 0.741802394
vt 0.762419442 0.741802394
vt 0.765321036 0.715716541
vt 0.776149995 0.708726883
vt 0.781175558 0.753908992
vt 0.762419442 0.741802394
vt 0.776149995 0.708726883
vt 0.135044443 0.996553123
vt 0.094470549 0.996733308
vt 0.095514436 0.973863184
vt 0.135044443 0.996553123
vt 0.095514436 0.973863184
vt 0.137802705 0.973675251
vt 0.094470549 0.996733308
vt 0.047372750 0.996733308
vt 0.046426549 0.973863184
vt 0.094470549 0.996733308
vt 0.046426549 0.973863184
vt 0.095514436 0.973863184
vt 0.047372750 0.996733308
vt 0.006370835 0.996553123
vt 0.003692185 0.973675251
vt 0.047372750 0.996733308
vt 0.003692185 0.973675251
vt 0.046426549 0.973863184
vt 0.418373832 0.994661152
vt 0.377325837 0.995333970
vt 0.378225633 0.972605109
vt 0.418373832 0.994661152
vt 0.378225633 0.972605109
vt 0.421008011 0.971904039
vt 0.377325837 0.995333970
vt 0.330190157 0.995334029
vt 0.329098295 0.972605228
vt 0.377325837 0.995333970
vt 0.329098295 0.972605228
vt 0.378225633 0.972605109
vt 0.330190157 0.995334029
vt 0.289596827 0.994661272
vt 0.286789748 0.971904099
vt 0.330190157 0.995334029
vt 0.286789748 0.971904099
vt 0.329098295 0.972605228
vt 0.559803843 0.994660616
vt 0.519210311 0.995333433
vt 0.520301970 0.972604811
vt 0.559803843 0.994660616
vt 0.520301970 0.972604811
vt 0.562610685 0.971903443
vt 0.519210311 0.995333433
vt 0.472074665 0.995333433
vt 0.471174631 0.972604811
vt 0.519210311 0.995333433
vt 0.471174631 0.972604811
vt 0.520301970 0.972604811
vt 0.472074665 0.995333433
vt 0.431026771 0.994660616
vt 0.428392389 0.971903443
vt 0.472074665 0.995333433
vt 0.428392389 0.971903443
vt 0.471174631 0.972604811
vt 0.276771125 0.994661450
vt 0.235723130 0.995334268
vt 0.236622977 0.972605407
vt 0.276771125 0.994661450
vt 0.236622977 0.972605407
vt 0.279405404 0.971904397
vt 0.235723130 0.995334268
vt 0.188587501 0.995334387
vt 0.187495688 0.972605526
vt 0.235723130 0.995334268
vt 0.187495688 0.972605526
vt 0.236622977 0.972605407
vt 0.188587501 0.995334387
vt 0.147994153 0.994661570
vt 0.145187075 0.971904397
vt 0.188587501 0.995334387
vt 0.145187075 0.971904397
vt 0.187495688 0.972605526
vt 0.137802705 0.973675251
vt 0.095514436 0.973863184
vt 0.087989293 0.944510996
vt 0.137802705 0.973675251
vt 0.087989293 0.944510996
vt 0.117705398 0.944378972
vt 0.095514436 0.973863184
vt 0.046426549 0.973863184
vt 0.053495167 0.944510996
vt 0.095514436 0.973863184
vt 0.053495167 0.944510996
vt 0.087989293 0.944510996
vt 0.046426549 0.973863184
vt 0.003692185 0.973675251
vt 0.023465582 0.944378972
vt 0.046426549 0.973863184
vt 0.023465582 0.944378972
vt 0.053495167 0.944510996
vt 0.421008011 0.971904039
vt 0.378225633 0.972605109
vt 0.371109143 0.942764580
vt 0.421008011 0.971904039
vt 0.371109143 0.942764580
vt 0.401172495 0.942271888
vt 0.378225633 0.972605109
vt 0.329098295 0.972605228
vt 0.336587330 0.942764699
vt 0.378225633 0.972605109
vt 0.336587330 0.942764699
vt 0.371109143 0.942764580
vt 0.329098295 0.972605228
vt 0.286789748 0.971904099
vt 0.306856943 0.942271948
vt 0.329098295 0.972605228
vt 0.306856943 0.942271948
vt 0.336587330 0.942764699
vt 0.562610685 0.971903443
vt 0.520301970 0.972604811
vt 0.512812802 0.942763984
vt 0.562610685 0.971903443
vt 0.512812802 0.942763984
vt 0.542543357 0.942271352
vt 0.520301970 0.972604811
vt 0.471174631 0.972604811
vt 0.478291021 0.942763984
vt 0.520301970 0.972604811
vt 0.478291021 0.942763984
vt 0.512812802 0.942763984
vt 0.471174631 0.972604811
vt 0.428392389 0.971903443
vt 0.448227703 0.942271352
vt 0.471174631 0.972604811
vt 0.448227703 0.942271352
vt 0.478291021 0.942763984
vt 0.279405404 0.971904397
vt 0.236622977 0.972605407
vt 0.229506503 0.942764938
vt 0.279405404 0.971904397
vt 0.229506503 0.942764938
vt 0.259569804 0.942272186
vt 0.236622977 0.972605407
vt 0.187495688 0.972605526
vt 0.194984672 0.942765057
vt 0.236622977 0.972605407
vt 0.194984672 0.942765057
vt 0.229506503 0.942764938
vt 0.187495688 0.972605526
vt 0.145187075 0.971904397
vt 0.165254319 0.942272305
vt 0.187495688 0.972605526
vt 0.165254319 0.942272305
vt 0.194984672 0.942765057
vt 0.117705398 0.944378972
vt 0.087989293 0.944510996
vt 0.081838679 0.911033332
vt 0.117705398 0.944378972
vt 0.081838679 0.911033332
vt 0.101268397 0.910947025
vt 0.087989293 0.944510996
vt 0.053495167 0.944510996
vt 0.059284732 0.911033332
vt 0.087989293 0.944510996
vt 0.059284732 0.911033332
vt 0.081838679 0.911033332
vt 0.053495167 0.944510996
vt 0.023465582 0.944378972
vt 0.039650052 0.910947025
vt 0.053495167 0.944510996
vt 0.039650052 0.910947025
vt 0.059284732 0.911033332
vt 0.401172495 0.942271888
vt 0.371109143 0.942764580
vt 0.365261793 0.908913732
vt 0.401172495 0.942271888
vt 0.365261793 0.908913732
vt 0.384918516 0.908591449
vt 0.371109143 0.942764580
vt 0.336587330 0.942764699
vt 0.342689733 0.908913791
vt 0.371109143 0.942764580
vt 0.342689733 0.908913791
vt 0.365261793 0.908913732
vt 0.336587330 0.942764699
vt 0.306856943 0.942271948
vt 0.323250709 0.908591509
vt 0.336587330 0.942764699
vt 0.323250709 0.908591509
vt 0.342689733 0.908913791
vt 0.542543357 0.942271352
vt 0.512812802 0.942763984
vt 0.506710264 0.908913076
vt 0.542543357 0.942271352
vt 0.506710264 0.908913076
vt 0.526149286 0.908590913
vt 0.512812802 0.942763984
vt 0.478291021 0.942763984
vt 0.484138135 0.908913076
vt 0.512812802 0.942763984
vt 0.484138135 0.908913076
vt 0.506710264 0.908913076
vt 0.478291021 0.942763984
vt 0.448227703 0.942271352
vt 0.464481446 0.908590913
vt 0.478291021 0.942763984
vt 0.464481446 0.908590913
vt 0.484138135 0.908913076
vt 0.259569804 0.942272186
vt 0.229506503 0.942764938
vt 0.223659137 0.908914030
vt 0.259569804 0.942272186
vt 0.223659137 0.908914030
vt 0.243315859 0.908591747
vt 0.229506503 0.942764938
vt 0.194984672 0.942765057
vt 0.201087075 0.908914030
vt 0.229506503 0.942764938
vt 0.201087075 0.908914030
vt 0.223659137 0.908914030
vt 0.194984672 0.942765057
vt 0.165254319 0.942272305
vt 0.181648019 0.908591866
vt 0.194984672 0.942765057
vt 0.181648019 0.908591866
vt 0.201087075 0.908914030
vt 0.101268397 0.910947025
vt 0.081838679 0.911033332
vt 0.079350697 0.003330278
vt 0.101268397 0.910947025
vt 0.079350697 0.003330278
vt 0.093637311 0.003266734
vt 0.081838679 0.911033332
vt 0.059284732 0.911033332
vt 0.062767028 0.003330215
vt 0.081838679 0.911033332
vt 0.062767028 0.003330215
vt 0.079350697 0.003330278
vt 0.059284732 0.911033332
vt 0.039650052 0.910947025
vt 0.048329709 0.003266756
vt 0.059284732 0.911033332
vt 0.048329709 0.003266756
vt 0.062767028 0.003330215
vt 0.384918516 0.908591449
vt 0.365261793 0.908913732
vt 0.359996198 0.003503597
vt 0.384918516 0.908591449
vt 0.359996198 0.003503597
vt 0.374449774 0.003266749
vt 0.365261793 0.908913732
vt 0.342689733 0.908913791
vt 0.343399216 0.003503646
vt 0.365261793 0.908913732
vt 0.343399216 0.003503646
vt 0.359996198 0.003503597
vt 0.342689733 0.908913791
vt 0.323250709 0.908591509
vt 0.329105739 0.003266750
vt 0.342689733 0.908913791
vt 0.329105739 0.003266750
vt 0.343399216 0.003503646
vt 0.526149286 0.908590913
vt 0.506710264 0.908913076
vt 0.505992897 0.003503646
vt 0.526149286 0.908590913
vt 0.505992897 0.003503646
vt 0.520286442 0.003266737
vt 0.506710264 0.908913076
vt 0.484138135 0.908913076
vt 0.489395883 0.003503712
vt 0.506710264 0.908913076
vt 0.489395883 0.003503712
vt 0.505992897 0.003503646
vt 0.484138135 0.908913076
vt 0.464481446 0.908590913
vt 0.474942407 0.003266778
vt 0.484138135 0.908913076
vt 0.474942407 0.003266778
vt 0.489395883 0.003503712
vt 0.243315859 0.908591747
vt 0.223659137 0.908914030
vt 0.218393473 0.003503614
vt 0.243315859 0.908591747
vt 0.218393473 0.003503614
vt 0.232847083 0.003266766
vt 0.223659137 0.908914030
vt 0.201087075 0.908914030
vt 0.201796542 0.003503663
vt 0.223659137 0.908914030
vt 0.201796542 0.003503663
vt 0.218393473 0.003503614
vt 0.201087075 0.908914030
vt 0.181648019 0.908591866
vt 0.187503115 0.003266766
vt 0.201087075 0.908914030
vt 0.187503115 0.003266766
vt 0.201796542 0.003503663
vt 0.687889991 0.421011508
vt 0.697413227 0.444142967
vt 0.687889991 0.443901539
vt 0.697413227 0.421252906
vt 0.697413227 0.444142967
vt 0.687889991 0.421011508
vt 0.704797673 0.422224939
vt 0.715420957 0.441531301
vt 0.704797740 0.442744821
vt 0.715420957 0.421011418
vt 0.715420957 0.441531301
vt 0.704797673 0.422224939
vt 0.930110704 0.090614766
vt 0.930110704 0.121188700
vt 0.908295621 0.121965513
vt 0.930110704 0.090614766
vt 0.908295621 0.121965513
vt 0.908295621 0.092216097
vt 0.951925518 0.092216097
vt 0.951925653 0.121965513
vt 0.930110704 0.121188700
vt 0.951925518 0.092216097
vt 0.930110704 0.121188700
vt 0.930110704 0.090614766
vt 0.879094812 0.147407100
vt 0.879094812 0.118480317
vt 0.900911243 0.119257227
vt 0.879094812 0.147407100
vt 0.900911243 0.119257227
vt 0.900911109 0.149008527
vt 0.857278516 0.149008527
vt 0.857278516 0.119257197
vt 0.879094812 0.118480317
vt 0.857278516 0.149008527
vt 0.879094812 0.118480317
vt 0.879094812 0.147407100
vt 0.930110704 0.121188700
vt 0.930110704 0.146619365
vt 0.908295621 0.148612753
vt 0.930110704 0.121188700
vt 0.908295621 0.148612753
vt 0.908295621 0.121965513
vt 0.951925653 0.121965513
vt 0.951925518 0.148612753
vt 0.930110704 0.146619365
vt 0.951925653 0.121965513
vt 0.930110704 0.146619365
vt 0.930110704 0.121188700
vt 0.879094812 0.118480317
vt 0.879094812 0.090614766
vt 0.900911243 0.092608295
vt 0.879094812 0.118480317
vt 0.900911243 0.092608295
vt 0.900911243 0.119257227
vt 0.857278516 0.119257197
vt 0.857278516 0.092608295
vt 0.879094812 0.090614766
vt 0.857278516 0.119257197
vt 0.879094812 0.090614766
vt 0.879094812 0.118480317
vt 0.899166823 0.318174213
vt 0.925092887 0.302421272
vt 0.951392369 0.303950995
vt 0.899166823 0.318174213
vt 0.951392369 0.303950995
vt 0.922587751 0.321601957
vt 0.939940800 0.528436184
vt 0.910118053 0.511382043
vt 0.936645036 0.509992898
vt 0.939940800 0.528436184
vt 0.936645036 0.509992898
vt 0.963487907 0.525209665
vt 0.607079917 0.792262197
vt 0.572773376 0.774249732
vt 0.599906938 0.773328066
vt 0.607079917 0.792262197
vt 0.599906938 0.773328066
vt 0.631102438 0.789585114
vt 0.875534967 0.775395513
vt 0.906730736 0.759138584
vt 0.933864367 0.760060191
vt 0.875534967 0.775395513
vt 0.933864367 0.760060191
vt 0.899557488 0.778072476
vt 0.925092887 0.302421272
vt 0.927475346 0.285071254
vt 0.954295783 0.284195930
vt 0.925092887 0.302421272
vt 0.954295783 0.284195930
vt 0.951392369 0.303950995
vt 0.910118053 0.511382043
vt 0.907111902 0.491856903
vt 0.934178502 0.492842257
vt 0.910118053 0.511382043
vt 0.934178502 0.492842257
vt 0.936645036 0.509992898
vt 0.572773376 0.774249732
vt 0.569995063 0.752778947
vt 0.597596091 0.754182637
vt 0.572773376 0.774249732
vt 0.597596091 0.754182637
vt 0.599906938 0.773328066
vt 0.906730736 0.759138584
vt 0.909041516 0.739993274
vt 0.936642745 0.738589585
vt 0.906730736 0.759138584
vt 0.936642745 0.738589585
vt 0.933864367 0.760060191
vt 0.927475346 0.285071254
vt 0.914262919 0.266714513
vt 0.940566108 0.264782578
vt 0.927475346 0.285071254
vt 0.940566108 0.264782578
vt 0.954295783 0.284195930
vt 0.907111902 0.491856903
vt 0.921326964 0.472421527
vt 0.947858057 0.474461377
vt 0.907111902 0.491856903
vt 0.947858057 0.474461377
vt 0.934178502 0.492842257
vt 0.569995063 0.752778947
vt 0.586778317 0.732381344
vt 0.613755653 0.734830916
vt 0.569995063 0.752778947
vt 0.613755653 0.734830916
vt 0.597596091 0.754182637
vt 0.909041516 0.739993274
vt 0.892881684 0.720641434
vt 0.919859156 0.718191803
vt 0.909041516 0.739993274
vt 0.919859156 0.718191803
vt 0.936642745 0.738589585
vt 0.914262919 0.266714513
vt 0.899166688 0.244271919
vt 0.925865392 0.243051901
vt 0.914262919 0.266714513
vt 0.925865392 0.243051901
vt 0.940566108 0.264782578
vt 0.921326964 0.472421527
vt 0.936547487 0.450676382
vt 0.963487907 0.452004969
vt 0.921326964 0.472421527
vt 0.963487907 0.452004969
vt 0.947858057 0.474461377
vt 0.586778317 0.732381344
vt 0.603652651 0.711447537
vt 0.631102438 0.713190794
vt 0.586778317 0.732381344
vt 0.631102438 0.713190794
vt 0.613755653 0.734830916
vt 0.892881684 0.720641434
vt 0.875534967 0.699001372
vt 0.902984956 0.697258234
vt 0.892881684 0.720641434
vt 0.902984956 0.697258234
vt 0.919859156 0.718191803
vt 0.796104044 0.769549727
vt 0.791461532 0.750179172
vt 0.791461532 0.727812231
vt 0.791461532 0.727812231
vt 0.796104044 0.708441675
vt 0.804145123 0.697258174
vt 0.804145123 0.697258174
vt 0.813430213 0.697258174
vt 0.821471360 0.708441675
vt 0.821471360 0.708441675
vt 0.826113872 0.727812111
vt 0.826113872 0.750179172
vt 0.826113872 0.750179172
vt 0.821471360 0.769549608
vt 0.813430213 0.780733109
vt 0.813430213 0.780733109
vt 0.804145189 0.780733168
vt 0.796104044 0.769549727
vt 0.796104044 0.769549727
vt 0.791461532 0.727812231
vt 0.804145123 0.697258174
vt 0.804145123 0.697258174
vt 0.821471360 0.708441675
vt 0.826113872 0.750179172
vt 0.826113872 0.750179172
vt 0.813430213 0.780733109
vt 0.796104044 0.769549727
vt 0.804145123 0.697258174
vt 0.826113872 0.750179172
vt 0.796104044 0.769549727
vt 0.674372659 0.467451632
vt 0.681336392 0.496507257
vt 0.681336392 0.530057847
vt 0.681336392 0.530057847
vt 0.674372659 0.559113503
vt 0.662311007 0.575888872
vt 0.662311007 0.575888872
vt 0.648383337 0.575888872
vt 0.636321685 0.559113622
vt 0.636321685 0.559113622
vt 0.629357883 0.530057907
vt 0.629357883 0.496507376
vt 0.629357883 0.496507376
vt 0.636321617 0.467451692
vt 0.648383202 0.450676382
vt 0.648383202 0.450676382
vt 0.662310939 0.450676382
vt 0.674372659 0.467451632
vt 0.674372659 0.467451632
vt 0.681336392 0.530057847
vt 0.662311007 0.575888872
vt 0.662311007 0.575888872
vt 0.636321685 0.559113622
vt 0.629357883 0.496507376
vt 0.629357883 0.496507376
vt 0.648383202 0.450676382
vt 0.674372659 0.467451632
vt 0.662311007 0.575888872
vt 0.629357883 0.496507376
vt 0.674372659 0.467451632
vt 0.833423875 0.315731883
vt 0.833540287 0.336237252
vt 0.776668254 0.325441003
vt 0.833423875 0.315731883
vt 0.776668254 0.325441003
vt 0.776450050 0.286993593
vt 0.833540287 0.336237252
vt 0.833540219 0.360039651
vt 0.776668322 0.370070606
vt 0.833540287 0.336237252
vt 0.776668322 0.370070606
vt 0.776668254 0.325441003
vt 0.833540219 0.360039651
vt 0.833423943 0.380761325
vt 0.776450185 0.408923715
vt 0.833540219 0.360039651
vt 0.776450185 0.408923715
vt 0.776668322 0.370070606
vt 0.639323523 0.097570486
vt 0.638887452 0.076746665
vt 0.694773154 0.086713955
vt 0.639323523 0.097570486
vt 0.694773154 0.086713955
vt 0.695590661 0.125758603
vt 0.638887452 0.076746665
vt 0.638887452 0.052834611
vt 0.694773221 0.041878831
vt 0.638887452 0.076746665
vt 0.694773221 0.041878831
vt 0.694773154 0.086713955
vt 0.638887452 0.052834611
vt 0.639323590 0.032241475
vt 0.695590729 0.003266704
vt 0.638887452 0.052834611
vt 0.695590729 0.003266704
vt 0.694773221 0.041878831
vt 0.730342503 0.315968543
vt 0.730778440 0.336561799
vt 0.674893007 0.325605899
vt 0.730342503 0.315968543
vt 0.674893007 0.325605899
vt 0.674075432 0.286993593
vt 0.730778440 0.336561799
vt 0.730778440 0.360473782
vt 0.674893007 0.370441079
vt 0.730778440 0.336561799
vt 0.674893007 0.370441079
vt 0.674893007 0.325605899
vt 0.730778440 0.360473782
vt 0.730342435 0.381297559
vt 0.674075432 0.409485549
vt 0.730778440 0.360473782
vt 0.674075432 0.409485549
vt 0.674893007 0.370441079
vt 0.689156707 0.674005389
vt 0.688720771 0.653181553
vt 0.744606338 0.663148820
vt 0.689156707 0.674005389
vt 0.744606338 0.663148820
vt 0.745423913 0.702193499
vt 0.688720771 0.653181553
vt 0.688720771 0.629269540
vt 0.744606406 0.618313730
vt 0.688720771 0.653181553
vt 0.744606406 0.618313730
vt 0.744606338 0.663148820
vt 0.688720771 0.629269540
vt 0.689156707 0.608676374
vt 0.745423845 0.579701662
vt 0.688720771 0.629269540
vt 0.745423845 0.579701662
vt 0.744606406 0.618313730
vt 0.776450050 0.286993593
vt 0.776668254 0.325441003
vt 0.738337367 0.330035746
vt 0.776450050 0.286993593
vt 0.738337367 0.330035746
vt 0.738162818 0.299277723
vt 0.776668254 0.325441003
vt 0.776668322 0.370070606
vt 0.738337367 0.365739405
vt 0.776668254 0.325441003
vt 0.738337367 0.365739405
vt 0.738337367 0.330035746
vt 0.776668322 0.370070606
vt 0.776450185 0.408923715
vt 0.738162818 0.396821946
vt 0.776668322 0.370070606
vt 0.738162818 0.396821946
vt 0.738337367 0.365739405
vt 0.695590661 0.125758603
vt 0.694773154 0.086713955
vt 0.733589762 0.082313366
vt 0.695590661 0.125758603
vt 0.733589762 0.082313366
vt 0.734243700 0.113549069
vt 0.694773154 0.086713955
vt 0.694773221 0.041878831
vt 0.733589762 0.046445314
vt 0.694773154 0.086713955
vt 0.733589762 0.046445314
vt 0.733589762 0.082313366
vt 0.694773221 0.041878831
vt 0.695590729 0.003266704
vt 0.734243768 0.015555670
vt 0.694773221 0.041878831
vt 0.734243768 0.015555670
vt 0.733589762 0.046445314
vt 0.674075432 0.286993593
vt 0.674893007 0.325605899
vt 0.636076332 0.330172122
vt 0.674075432 0.286993593
vt 0.636076332 0.330172122
vt 0.635422258 0.299282312
vt 0.674893007 0.325605899
vt 0.674893007 0.370441079
vt 0.636076332 0.366040200
vt 0.674893007 0.325605899
vt 0.636076332 0.366040200
vt 0.636076332 0.330172122
vt 0.674893007 0.370441079
vt 0.674075432 0.409485549
vt 0.635422258 0.397275835
vt 0.674893007 0.370441079
vt 0.635422258 0.397275835
vt 0.636076332 0.366040200
vt 0.745423913 0.702193499
vt 0.744606338 0.663148820
vt 0.783423013 0.658748269
vt 0.745423913 0.702193499
vt 0.783423013 0.658748269
vt 0.784076885 0.689984024
vt 0.744606338 0.663148820
vt 0.744606406 0.618313730
vt 0.783423013 0.622880280
vt 0.744606338 0.663148820
vt 0.783423013 0.622880280
vt 0.783423013 0.658748269
vt 0.744606406 0.618313730
vt 0.745423845 0.579701662
vt 0.784077019 0.591990530
vt 0.744606406 0.618313730
vt 0.784077019 0.591990530
vt 0.783423013 0.622880280
vt 0.620261624 0.176700711
vt 0.628037880 0.209146246
vt 0.628037813 0.246611074
vt 0.628037813 0.246611074
vt 0.620261557 0.279056549
vt 0.606792728 0.297788918
vt 0.606792728 0.297788918
vt 0.591240216 0.297788918
vt 0.577771454 0.279056370
vt 0.577771454 0.279056370
vt 0.569995131 0.246611014
vt 0.569995063 0.209146187
vt 0.569995063 0.209146187
vt 0.577771454 0.176700652
vt 0.591240148 0.157968238
vt 0.591240148 0.157968238
vt 0.606792728 0.157968238
vt 0.620261624 0.176700711
vt 0.620261624 0.176700711
vt 0.628037813 0.246611074
vt 0.606792728 0.297788918
vt 0.606792728 0.297788918
vt 0.577771454 0.279056370
vt 0.569995063 0.209146187
vt 0.569995063 0.209146187
vt 0.591240148 0.157968238
vt 0.620261624 0.176700711
vt 0.606792728 0.297788918
vt 0.569995063 0.209146187
vt 0.620261624 0.176700711
vt 0.653202418 0.428266615
vt 0.654595179 0.422455490
vt 0.657007550 0.419100523
vt 0.657007550 0.419100523
vt 0.659793070 0.419100523
vt 0.662205374 0.422455430
vt 0.662205374 0.422455430
vt 0.663598134 0.428266674
vt 0.663598134 0.434976757
vt 0.663598134 0.434976757
vt 0.662205374 0.440787882
vt 0.659793070 0.444142967
vt 0.659793070 0.444142967
vt 0.657007550 0.444142967
vt 0.654595179 0.440787882
vt 0.654595179 0.440787882
vt 0.653202418 0.434976757
vt 0.653202418 0.428266615
vt 0.653202418 0.428266615
vt 0.657007550 0.419100523
vt 0.662205374 0.422455430
vt 0.662205374 0.422455430
vt 0.663598134 0.434976757
vt 0.659793070 0.444142967
vt 0.659793070 0.444142967
vt 0.654595179 0.440787882
vt 0.653202418 0.428266615
vt 0.662205374 0.422455430
vt 0.659793070 0.444142967
vt 0.653202418 0.428266615
vt 0.841283668 0.450676322
vt 0.841485366 0.486217767
vt 0.806566992 0.496386409
vt 0.841283668 0.450676322
vt 0.806566992 0.496386409
vt 0.806461697 0.477820009
vt 0.841485366 0.486217767
vt 0.841485366 0.527473867
vt 0.806566992 0.517938077
vt 0.841485366 0.486217767
vt 0.806566992 0.517938077
vt 0.806566992 0.496386409
vt 0.841485366 0.527473867
vt 0.841283668 0.563390255
vt 0.806461629 0.536700368
vt 0.841485366 0.527473867
vt 0.806461629 0.536700368
vt 0.806566992 0.517938077
vt 0.891041332 0.157968208
vt 0.891782310 0.193356976
vt 0.856543064 0.202782214
vt 0.891041332 0.157968208
vt 0.856543064 0.202782214
vt 0.856155968 0.184295416
vt 0.891782310 0.193356976
vt 0.891782310 0.233994290
vt 0.856543064 0.224010587
vt 0.891782310 0.193356976
vt 0.856543064 0.224010587
vt 0.856543064 0.202782214
vt 0.891782310 0.233994290
vt 0.891041400 0.268991292
vt 0.856156102 0.242292687
vt 0.891782310 0.233994290
vt 0.856156102 0.242292687
vt 0.856543064 0.224010587
vt 0.849610857 0.561699390
vt 0.848869744 0.526702464
vt 0.884108992 0.516718566
vt 0.849610857 0.561699390
vt 0.884108992 0.516718566
vt 0.884496019 0.535000443
vt 0.848869744 0.526702464
vt 0.848869744 0.486065120
vt 0.884108992 0.495490134
vt 0.848869744 0.526702464
vt 0.884108992 0.495490134
vt 0.884108992 0.516718566
vt 0.848869744 0.486065120
vt 0.849610789 0.450676411
vt 0.884496019 0.477003455
vt 0.848869744 0.486065120
vt 0.884496019 0.477003455
vt 0.884108992 0.495490134
vt 0.891041197 0.275524646
vt 0.891782242 0.310913414
vt 0.856542928 0.320338547
vt 0.891041197 0.275524646
vt 0.856542928 0.320338547
vt 0.856155833 0.301851869
vt 0.891782242 0.310913414
vt 0.891782310 0.351550728
vt 0.856542928 0.341566920
vt 0.891782242 0.310913414
vt 0.856542928 0.341566920
vt 0.856542928 0.320338547
vt 0.891782310 0.351550728
vt 0.891041332 0.386547744
vt 0.856155968 0.359848946
vt 0.891782310 0.351550728
vt 0.856155968 0.359848946
vt 0.856542928 0.341566920
vt 0.806461697 0.477820009
vt 0.806566992 0.496386409
vt 0.791497573 0.503700316
vt 0.806461697 0.477820009
vt 0.791497573 0.503700316
vt 0.791461532 0.497334629
vt 0.806566992 0.496386409
vt 0.806566992 0.517938077
vt 0.791497641 0.511089325
vt 0.806566992 0.496386409
vt 0.791497641 0.511089325
vt 0.791497573 0.503700316
vt 0.806566992 0.517938077
vt 0.806461629 0.536700368
vt 0.791461532 0.517522216
vt 0.806566992 0.517938077
vt 0.791461532 0.517522216
vt 0.791497641 0.511089325
vt 0.856155968 0.184295416
vt 0.856543064 0.202782214
vt 0.841057379 0.209536195
vt 0.856155968 0.184295416
vt 0.841057379 0.209536195
vt 0.840924665 0.203197956
vt 0.856543064 0.202782214
vt 0.856543064 0.224010587
vt 0.841057447 0.216814563
vt 0.856543064 0.202782214
vt 0.841057447 0.216814563
vt 0.841057379 0.209536195
vt 0.856543064 0.224010587
vt 0.856156102 0.242292687
vt 0.840924665 0.223082602
vt 0.856543064 0.224010587
vt 0.840924665 0.223082602
vt 0.841057447 0.216814563
vt 0.884496019 0.535000443
vt 0.884108992 0.516718566
vt 0.899594877 0.509522378
vt 0.884496019 0.535000443
vt 0.899594877 0.509522378
vt 0.899727660 0.515790462
vt 0.884108992 0.516718566
vt 0.884108992 0.495490134
vt 0.899594877 0.502243996
vt 0.884108992 0.516718566
vt 0.899594877 0.502243996
vt 0.899594877 0.509522378
vt 0.884108992 0.495490134
vt 0.884496019 0.477003455
vt 0.899727592 0.495905727
vt 0.884108992 0.495490134
vt 0.899727592 0.495905727
vt 0.899594877 0.502243996
vt 0.856155833 0.301851869
vt 0.856542928 0.320338547
vt 0.841057245 0.327092648
vt 0.856155833 0.301851869
vt 0.841057245 0.327092648
vt 0.840924665 0.320754260
vt 0.856542928 0.320338547
vt 0.856542928 0.341566920
vt 0.841057245 0.334370822
vt 0.856542928 0.320338547
vt 0.841057245 0.334370822
vt 0.841057245 0.327092648
vt 0.856542928 0.341566920
vt 0.856155968 0.359848946
vt 0.840924665 0.340639055
vt 0.856542928 0.341566920
vt 0.840924665 0.340639055
vt 0.841057245 0.334370822
vt 0.680505681 0.444143057
vt 0.670982445 0.421011508
vt 0.680505681 0.421252936
vt 0.670982445 0.443901598
vt 0.670982445 0.421011508
vt 0.680505681 0.444143057
vt 0.722805335 0.440886289
vt 0.733773205 0.422218233
vt 0.733773205 0.442093104
vt 0.722805133 0.421011508
vt 0.733773205 0.422218233
vt 0.722805335 0.440886289
vt 0.897350050 0.842603803
vt 0.897350050 0.812029958
vt 0.919164999 0.811253130
vt 0.897350050 0.842603803
vt 0.919164999 0.811253130
vt 0.919164864 0.841002524
vt 0.875534967 0.841002524
vt 0.875534967 0.811253130
vt 0.897350050 0.812029958
vt 0.875534967 0.841002524
vt 0.897350050 0.812029958
vt 0.897350050 0.842603803
vt 0.929762144 0.581303060
vt 0.929762144 0.610229790
vt 0.907945713 0.609452903
vt 0.929762144 0.581303060
vt 0.907945713 0.609452903
vt 0.907945713 0.579701662
vt 0.951578439 0.579701662
vt 0.951578439 0.609452903
vt 0.929762144 0.610229790
vt 0.951578439 0.579701662
vt 0.929762144 0.610229790
vt 0.929762144 0.581303060
vt 0.897350050 0.812029958
vt 0.897350050 0.786599219
vt 0.919164864 0.784605861
vt 0.897350050 0.812029958
vt 0.919164864 0.784605861
vt 0.919164999 0.811253130
vt 0.875534967 0.811253130
vt 0.875534967 0.784605861
vt 0.897350050 0.786599219
vt 0.875534967 0.811253130
vt 0.897350050 0.786599219
vt 0.897350050 0.812029958
vt 0.929762144 0.610229790
vt 0.929762144 0.638095319
vt 0.907945713 0.636101842
vt 0.929762144 0.610229790
vt 0.907945713 0.636101842
vt 0.907945713 0.609452903
vt 0.951578439 0.609452903
vt 0.951578439 0.636101842
vt 0.929762144 0.638095319
vt 0.951578439 0.609452903
vt 0.929762144 0.638095319
vt 0.929762144 0.610229790
vt 0.899166688 0.403257579
vt 0.925092752 0.387504667
vt 0.951392235 0.389034450
vt 0.899166688 0.403257579
vt 0.951392235 0.389034450
vt 0.922587683 0.406685412
vt 0.930874249 0.236518428
vt 0.902070169 0.218867272
vt 0.928369384 0.217337549
vt 0.930874249 0.236518428
vt 0.928369384 0.217337549
vt 0.954295446 0.233090386
vt 0.894363168 0.084081352
vt 0.860056829 0.066068850
vt 0.887190325 0.065147176
vt 0.894363168 0.084081352
vt 0.887190325 0.065147176
vt 0.918385891 0.081404276
vt 0.688720838 0.787606299
vt 0.718681150 0.770796418
vt 0.745518497 0.771934390
vt 0.688720838 0.787606299
vt 0.745518497 0.771934390
vt 0.712570493 0.790556490
vt 0.925092752 0.387504667
vt 0.927475143 0.370154738
vt 0.954295582 0.369279414
vt 0.925092752 0.387504667
vt 0.954295582 0.369279414
vt 0.951392235 0.389034450
vt 0.902070169 0.218867272
vt 0.899166688 0.199112326
vt 0.925987058 0.199987590
vt 0.902070169 0.218867272
vt 0.925987058 0.199987590
vt 0.928369384 0.217337549
vt 0.860056829 0.066068850
vt 0.857278449 0.044598069
vt 0.884879544 0.046001643
vt 0.860056829 0.066068850
vt 0.884879544 0.046001643
vt 0.887190325 0.065147176
vt 0.718681150 0.770796418
vt 0.720900580 0.751393497
vt 0.748186730 0.750172734
vt 0.718681150 0.770796418
vt 0.748186730 0.750172734
vt 0.745518497 0.771934390
vt 0.927475143 0.370154738
vt 0.914262650 0.351798028
vt 0.940566040 0.349866062
vt 0.927475143 0.370154738
vt 0.940566040 0.349866062
vt 0.954295582 0.369279414
vt 0.899166688 0.199112326
vt 0.912896163 0.179698870
vt 0.939199418 0.181630746
vt 0.899166688 0.199112326
vt 0.939199418 0.181630746
vt 0.925987058 0.199987590
vt 0.857278449 0.044598069
vt 0.874061702 0.024200575
vt 0.901039040 0.026650062
vt 0.857278449 0.044598069
vt 0.901039040 0.026650062
vt 0.884879544 0.046001643
vt 0.720900580 0.751393497
vt 0.705380606 0.731992722
vt 0.732067993 0.729720533
vt 0.720900580 0.751393497
vt 0.732067993 0.729720533
vt 0.748186730 0.750172734
vt 0.914262650 0.351798028
vt 0.899166688 0.329355448
vt 0.925865325 0.328135401
vt 0.914262650 0.351798028
vt 0.925865325 0.328135401
vt 0.940566040 0.349866062
vt 0.912896163 0.179698870
vt 0.927596810 0.157968193
vt 0.954295446 0.159188077
vt 0.912896163 0.179698870
vt 0.954295446 0.159188077
vt 0.939199418 0.181630746
vt 0.874061702 0.024200575
vt 0.890935970 0.003266736
vt 0.918385891 0.005009884
vt 0.874061702 0.024200575
vt 0.918385891 0.005009884
vt 0.901039040 0.026650062
vt 0.705380606 0.731992722
vt 0.688720838 0.710289657
vt 0.715861878 0.708726883
vt 0.705380606 0.731992722
vt 0.715861878 0.708726883
vt 0.732067993 0.729720533
vt 0.838140762 0.769549608
vt 0.833498250 0.750179172
vt 0.833498250 0.727812111
vt 0.833498250 0.727812111
vt 0.838140762 0.708441675
vt 0.846181841 0.697258174
vt 0.846181841 0.697258174
vt 0.855466931 0.697258174
vt 0.863508078 0.708441675
vt 0.863508078 0.708441675
vt 0.868150588 0.727812111
vt 0.868150588 0.750179112
vt 0.868150588 0.750179112
vt 0.863508078 0.769549608
vt 0.855466931 0.780733109
vt 0.855466931 0.780733109
vt 0.846181907 0.780733109
vt 0.838140762 0.769549608
vt 0.838140762 0.769549608
vt 0.833498250 0.727812111
vt 0.846181841 0.697258174
vt 0.846181841 0.697258174
vt 0.863508078 0.708441675
vt 0.868150588 0.750179112
vt 0.868150588 0.750179112
vt 0.855466931 0.780733109
vt 0.838140762 0.769549608
vt 0.846181841 0.697258174
vt 0.868150588 0.750179112
vt 0.838140762 0.769549608
vt 0.602948120 0.575888932
vt 0.589020449 0.575888932
vt 0.576958797 0.559113503
vt 0.576958797 0.559113503
vt 0.569995063 0.530057967
vt 0.569995063 0.496507347
vt 0.569995063 0.496507347
vt 0.576958865 0.467451632
vt 0.589020516 0.450676411
vt 0.589020516 0.450676411
vt 0.602948120 0.450676411
vt 0.615009771 0.467451781
vt 0.615009771 0.467451781
vt 0.621973573 0.496507466
vt 0.621973573 0.530057967
vt 0.621973573 0.530057967
vt 0.615009771 0.559113562
vt 0.602948120 0.575888932
vt 0.602948120 0.575888932
vt 0.576958797 0.559113503
vt 0.569995063 0.496507347
vt 0.569995063 0.496507347
vt 0.589020516 0.450676411
vt 0.615009771 0.467451781
vt 0.615009771 0.467451781
vt 0.621973573 0.530057967
vt 0.602948120 0.575888932
vt 0.569995063 0.496507347
vt 0.615009771 0.467451781
vt 0.602948120 0.575888932
vt 0.833423809 0.186706647
vt 0.833540153 0.207212016
vt 0.776668322 0.196415767
vt 0.833423809 0.186706647
vt 0.776668322 0.196415767
vt 0.776450050 0.157968223
vt 0.833540153 0.207212016
vt 0.833540219 0.231014416
vt 0.776668322 0.241045311
vt 0.833540153 0.207212016
vt 0.776668322 0.241045311
vt 0.776668322 0.196415767
vt 0.833540219 0.231014416
vt 0.833423809 0.251736134
vt 0.776450050 0.279898465
vt 0.833540219 0.231014416
vt 0.776450050 0.279898465
vt 0.776668322 0.241045311
vt 0.570431068 0.676726043
vt 0.569994996 0.655902207
vt 0.625880631 0.665869474
vt 0.570431068 0.676726043
vt 0.625880631 0.665869474
vt 0.626698138 0.704914093
vt 0.569994996 0.655902207
vt 0.569994996 0.631990194
vt 0.625880698 0.621034384
vt 0.569994996 0.655902207
vt 0.625880698 0.621034384
vt 0.625880631 0.665869474
vt 0.569994996 0.631990194
vt 0.570431068 0.611396968
vt 0.626698206 0.582422316
vt 0.569994996 0.631990194
vt 0.626698206 0.582422316
vt 0.625880698 0.621034384
vt 0.635858262 0.251485497
vt 0.635422123 0.230892316
vt 0.691307556 0.241847798
vt 0.635858262 0.251485497
vt 0.691307556 0.241847798
vt 0.692125199 0.280460179
vt 0.635422123 0.230892316
vt 0.635422123 0.206980199
vt 0.691307556 0.197012797
vt 0.635422123 0.230892316
vt 0.691307556 0.197012797
vt 0.691307556 0.241847798
vt 0.635422123 0.206980199
vt 0.635858195 0.186156437
vt 0.692125199 0.157968208
vt 0.635422123 0.206980199
vt 0.692125199 0.157968208
vt 0.691307556 0.197012797
vt 0.689156909 0.544980109
vt 0.688720838 0.524156332
vt 0.744606472 0.534123600
vt 0.689156909 0.544980109
vt 0.744606472 0.534123600
vt 0.745424047 0.573168218
vt 0.688720838 0.524156332
vt 0.688720838 0.500244319
vt 0.744606607 0.489288509
vt 0.688720838 0.524156332
vt 0.744606607 0.489288509
vt 0.744606472 0.534123600
vt 0.688720838 0.500244319
vt 0.689156976 0.479651153
vt 0.745424115 0.450676382
vt 0.688720838 0.500244319
vt 0.745424115 0.450676382
vt 0.744606607 0.489288509
vt 0.776450050 0.157968223
vt 0.776668322 0.196415767
vt 0.738337367 0.201010451
vt 0.776450050 0.157968223
vt 0.738337367 0.201010451
vt 0.738162818 0.170252487
vt 0.776668322 0.196415767
vt 0.776668322 0.241045311
vt 0.738337367 0.236714095
vt 0.776668322 0.196415767
vt 0.738337367 0.236714095
vt 0.738337367 0.201010451
vt 0.776668322 0.241045311
vt 0.776450050 0.279898465
vt 0.738162818 0.267796695
vt 0.776668322 0.241045311
vt 0.738162818 0.267796695
vt 0.738337367 0.236714095
vt 0.626698138 0.704914093
vt 0.625880631 0.665869474
vt 0.664697306 0.661468923
vt 0.626698138 0.704914093
vt 0.664697306 0.661468923
vt 0.665351245 0.692704618
vt 0.625880631 0.665869474
vt 0.625880698 0.621034384
vt 0.664697306 0.625600934
vt 0.625880631 0.665869474
vt 0.664697306 0.625600934
vt 0.664697306 0.661468923
vt 0.625880698 0.621034384
vt 0.626698206 0.582422316
vt 0.665351312 0.594711185
vt 0.625880698 0.621034384
vt 0.665351312 0.594711185
vt 0.664697306 0.625600934
vt 0.692125199 0.280460179
vt 0.691307556 0.241847798
vt 0.730124299 0.237281501
vt 0.692125199 0.280460179
vt 0.730124299 0.237281501
vt 0.730778440 0.268171310
vt 0.691307556 0.241847798
vt 0.691307556 0.197012797
vt 0.730124299 0.201413393
vt 0.691307556 0.241847798
vt 0.730124299 0.201413393
vt 0.730124299 0.237281501
vt 0.691307556 0.197012797
vt 0.692125199 0.157968208
vt 0.730778372 0.170177802
vt 0.691307556 0.197012797
vt 0.730778372 0.170177802
vt 0.730124299 0.201413393
vt 0.745424047 0.573168218
vt 0.744606472 0.534123600
vt 0.783423148 0.529723048
vt 0.745424047 0.573168218
vt 0.783423148 0.529723048
vt 0.784077019 0.560958743
vt 0.744606472 0.534123600
vt 0.744606607 0.489288509
vt 0.783423148 0.493855000
vt 0.744606472 0.534123600
vt 0.783423148 0.493855000
vt 0.783423148 0.529723048
vt 0.744606607 0.489288509
vt 0.745424115 0.450676382
vt 0.784077154 0.462965310
vt 0.744606607 0.489288509
vt 0.784077154 0.462965310
vt 0.783423148 0.493855000
vt 0.620261624 0.323054761
vt 0.628037880 0.355500251
vt 0.628037813 0.392965078
vt 0.628037813 0.392965078
vt 0.620261557 0.425410569
vt 0.606792728 0.444142967
vt 0.606792728 0.444142967
vt 0.591240216 0.444142967
vt 0.577771387 0.425410539
vt 0.577771387 0.425410539
vt 0.569995063 0.392965078
vt 0.569995063 0.355500251
vt 0.569995063 0.355500251
vt 0.577771387 0.323054761
vt 0.591240148 0.304322362
vt 0.591240148 0.304322362
vt 0.606792728 0.304322362
vt 0.620261624 0.323054761
vt 0.620261624 0.323054761
vt 0.628037813 0.392965078
vt 0.606792728 0.444142967
vt 0.606792728 0.444142967
vt 0.577771387 0.425410539
vt 0.569995063 0.355500251
vt 0.569995063 0.355500251
vt 0.591240148 0.304322362
vt 0.620261624 0.323054761
vt 0.606792728 0.444142967
vt 0.569995063 0.355500251
vt 0.620261624 0.323054761
vt 0.642012909 0.419100523
vt 0.644425214 0.422455609
vt 0.645817974 0.428266674
vt 0.645817974 0.428266674
vt 0.645818041 0.434976816
vt 0.644425214 0.440787941
vt 0.644425214 0.440787941
vt 0.642012909 0.444142967
vt 0.639227390 0.444142967
vt 0.639227390 0.444142967
vt 0.636815085 0.440787941
vt 0.635422258 0.434976816
vt 0.635422258 0.434976816
vt 0.635422258 0.428266674
vt 0.636815085 0.422455668
vt 0.636815085 0.422455668
vt 0.639227322 0.419100523
vt 0.642012909 0.419100523
vt 0.642012909 0.419100523
vt 0.645817974 0.428266674
vt 0.644425214 0.440787941
vt 0.644425214 0.440787941
vt 0.639227390 0.444142967
vt 0.635422258 0.434976816
vt 0.635422258 0.434976816
vt 0.636815085 0.422455668
vt 0.642012909 0.419100523
vt 0.644425214 0.440787941
vt 0.635422258 0.434976816
vt 0.642012909 0.419100523
vt 0.741830181 0.115980640
vt 0.741628280 0.080439255
vt 0.776546656 0.070270553
vt 0.741830181 0.115980640
vt 0.776546656 0.070270553
vt 0.776652086 0.088837020
vt 0.741628280 0.080439255
vt 0.741628280 0.039183069
vt 0.776546588 0.048718799
vt 0.741628280 0.080439255
vt 0.776546588 0.048718799
vt 0.776546656 0.070270553
vt 0.741628280 0.039183069
vt 0.741830047 0.003266705
vt 0.776651883 0.029956516
vt 0.741628280 0.039183069
vt 0.776651883 0.029956516
vt 0.776546588 0.048718799
vt 0.841577998 0.579701543
vt 0.842319042 0.615090370
vt 0.807079795 0.624515653
vt 0.841577998 0.579701543
vt 0.807079795 0.624515653
vt 0.806692700 0.606028914
vt 0.842319042 0.615090370
vt 0.842319109 0.655727684
vt 0.807079795 0.645744026
vt 0.842319042 0.615090370
vt 0.807079795 0.645744026
vt 0.807079795 0.624515653
vt 0.842319109 0.655727684
vt 0.841578200 0.690724730
vt 0.806692768 0.664026082
vt 0.842319109 0.655727684
vt 0.806692768 0.664026082
vt 0.807079795 0.645744026
vt 0.899820223 0.579701602
vt 0.900561268 0.614698768
vt 0.865322088 0.624682248
vt 0.899820223 0.579701602
vt 0.865322088 0.624682248
vt 0.864934926 0.606400251
vt 0.900561268 0.614698768
vt 0.900561268 0.655335844
vt 0.865322088 0.645910621
vt 0.900561268 0.614698768
vt 0.865322088 0.645910621
vt 0.865322088 0.624682248
vt 0.900561268 0.655335844
vt 0.899820155 0.690724611
vt 0.864934858 0.664397299
vt 0.900561268 0.655335844
vt 0.864934858 0.664397299
vt 0.865322088 0.645910621
vt 0.849153093 0.003266703
vt 0.849894071 0.038655471
vt 0.814654823 0.048080586
vt 0.849153093 0.003266703
vt 0.814654823 0.048080586
vt 0.814267729 0.029593913
vt 0.849894071 0.038655471
vt 0.849894071 0.079292782
vt 0.814654823 0.069309130
vt 0.849894071 0.038655471
vt 0.814654823 0.069309130
vt 0.814654823 0.048080586
vt 0.849894071 0.079292782
vt 0.849153161 0.114289798
vt 0.814267797 0.087591000
vt 0.849894071 0.079292782
vt 0.814267797 0.087591000
vt 0.814654823 0.069309130
vt 0.776652086 0.088837020
vt 0.776546656 0.070270553
vt 0.791615939 0.062956668
vt 0.776652086 0.088837020
vt 0.791615939 0.062956668
vt 0.791652116 0.069322348
vt 0.776546656 0.070270553
vt 0.776546588 0.048718799
vt 0.791615939 0.055567566
vt 0.776546656 0.070270553
vt 0.791615939 0.055567566
vt 0.791615939 0.062956668
vt 0.776546588 0.048718799
vt 0.776651883 0.029956516
vt 0.791652048 0.049134772
vt 0.776546588 0.048718799
vt 0.791652048 0.049134772
vt 0.791615939 0.055567566
vt 0.806692700 0.606028914
vt 0.807079795 0.624515653
vt 0.791594112 0.631269634
vt 0.806692700 0.606028914
vt 0.791594112 0.631269634
vt 0.791461464 0.624931276
vt 0.807079795 0.624515653
vt 0.807079795 0.645744026
vt 0.791594112 0.638547957
vt 0.807079795 0.624515653
vt 0.791594112 0.638547957
vt 0.791594112 0.631269634
vt 0.807079795 0.645744026
vt 0.806692768 0.664026082
vt 0.791461464 0.644816041
vt 0.807079795 0.645744026
vt 0.791461464 0.644816041
vt 0.791594112 0.638547957
vt 0.864934926 0.606400251
vt 0.865322088 0.624682248
vt 0.849836203 0.631878197
vt 0.864934926 0.606400251
vt 0.849836203 0.631878197
vt 0.849703421 0.625610113
vt 0.865322088 0.624682248
vt 0.865322088 0.645910621
vt 0.849836135 0.639156520
vt 0.865322088 0.624682248
vt 0.849836135 0.639156520
vt 0.849836203 0.631878197
vt 0.865322088 0.645910621
vt 0.864934858 0.664397299
vt 0.849703421 0.645494759
vt 0.865322088 0.645910621
vt 0.849703421 0.645494759
vt 0.849836135 0.639156520
vt 0.814267729 0.029593913
vt 0.814654823 0.048080586
vt 0.799169140 0.054834690
vt 0.814267729 0.029593913
vt 0.799169140 0.054834690
vt 0.799036358 0.048496321
vt 0.814654823 0.048080586
vt 0.814654823 0.069309130
vt 0.799169208 0.062113117
vt 0.814654823 0.048080586
vt 0.799169208 0.062113117
vt 0.799169140 0.054834690
vt 0.814654823 0.069309130
vt 0.814267797 0.087591000
vt 0.799036358 0.068381093
vt 0.814654823 0.069309130
vt 0.799036358 0.068381093
vt 0.799169208 0.062113117
vn 0.0000000 0.0000000 -1.0000000
v 0.0614878 -0.0355000 0.0150000
vn 0.0000000 0.0000000 -1.0000000
v 0.0355000 -0.0614878 0.0150000
vn 0.0000000 0.0000000 -1.0000000
f 1/1/1 2/2/2 3/3/3
v 0.0355000 -0.0614878 0.0150000
vn 0.0000000 0.0000000 -1.0000000
v -0.0000000 -0.0710000 0.0150000
vn 0.0000000 0.0000000 -1.0000000
v -0.0355000 -0.0614878 0.0150000
vn 0.0000000 0.0000000 -1.0000000
f 4/4/4 5/5/5 6/6/6
v -0.0355000 -0.0614878 0.0150000
vn 0.0000000 0.0000000 -1.0000000
v -0.0614878 -0.0355000 0.0150000
vn 0.0000000 0.0000000 -1.0000000
v -0.0710000 0.0000000 0.0150000
vn 0.0000000 0.0000000 -1.0000000
f 7/7/7 8/8/8 9/9/9
v -0.0710000 0.0000000 0.0150000
vn 0.0000000 0.0000000 -1.0000000
v -0.0614878 0.0355000 0.0150000
vn 0.0000000 0.0000000 -1.0000000
v -0.0355000 0.0614878 0.0150000
vn 0.0000000 0.0000000 -1.0000000
f 10/10/10 11/11/11 12/12/12
v -0.0355000 0.0614878 0.0150000
vn -0.0000000 0.0000000 -1.0000000
v 0.0000000 0.0710000 0.0150000
vn -0.0000000 0.0000000 -1.0000000
v 0.0355000 0.0614878 0.0150000
vn -0.0000000 0.0000000 -1.0000000
f 13/13/13 14/14/14 15/15/15
v 0.0355000 0.0614878 0.0150000
vn 0.0000000 0.0000000 -1.0000000
v 0.0614878 0.0355000 0.0150000
vn 0.0000000 0.0000000 -1.0000000
v 0.0710000 0.0000000 0.0150000
vn 0.0000000 0.0000000 -1.0000000
f 16/16/16 17/17/17 18/18/18
v 0.0710000 0.0000000 0.0150000
vn 0.0000000 0.0000000 -1.0000000
v 0.0355000 -0.0614878 0.0150000
vn 0.0000000 0.0000000 -1.0000000
v -0.0355000 -0.0614878 0.0150000
vn 0.0000000 0.0000000 -1.0000000
f 19/19/19 20/20/20 21/21/21
v -0.0355000 -0.0614878 0.0150000
vn 0.0000000 -0.0000000 -1.0000000
v -0.0710000 0.0000000 0.0150000
vn 0.0000000 -0.0000000 -1.0000000
v -0.0355000 0.0614878 0.0150000
vn 0.0000000 -0.0000000 -1.0000000
f 22/22/22 23/23/23 24/24/24
v -0.0355000 0.0614878 0.0150000
vn 0.0000000 0.0000000 -1.0000000
v 0.0355000 0.0614878 0.0150000
vn 0.0000000 0.0000000 -1.0000000
v 0.0710000 0.0000000 0.0150000
vn 0.0000000 0.0000000 -1.0000000
f 25/25/25 26/26/26 27/27/27
v -0.0355000 -0.0614878 0.0150000
vn -0.0000000 -0.0000000 -1.0000000
v -0.0355000 0.0614878 0.0150000
vn -0.0000000 -0.0000000 -1.0000000
v 0.0710000 0.0000000 0.0150000
vn -0.0000000 -0.0000000 -1.0000000
f 28/28/28 29/29/29 30/30/30
v 0.0216506 -0.0125000 2.4000001
vn 0.0000000 0.0000000 1.0000000
v 0.0250000 0.0000000 2.4000001
vn 0.0000000 0.0000000 1.0000000
v 0.0216506 0.0125000 2.4000001
vn 0.0000000 0.0000000 1.0000000
f 31/31/31 32/32/32 33/33/33
v 0.0216506 0.0125000 2.4000001
vn 0.0000000 0.0000000 1.0000000
v 0.0125000 0.0216506 2.4000001
vn 0.0000000 0.0000000 1.0000000
v 0.0000000 0.0250000 2.4000001
vn 0.0000000 0.0000000 1.0000000
f 34/34/34 35/35/35 36/36/36
v 0.0000000 0.0250000 2.4000001
vn 0.0000000 0.0000000 1.0000000
v -0.0125000 0.0216506 2.4000001
vn 0.0000000 0.0000000 1.0000000
v -0.0216506 0.0125000 2.4000001
vn 0.0000000 0.0000000 1.0000000
f 37/37/37 38/38/38 39/39/39
v -0.0216506 0.0125000 2.4000001
vn 0.0000000 -0.0000000 1.0000000
v -0.0250000 0.0000000 2.4000001
vn 0.0000000 -0.0000000 1.0000000
v -0.0216506 -0.0125000 2.4000001
vn 0.0000000 -0.0000000 1.0000000
f 40/40/40 41/41/41 42/42/42
v -0.0216506 -0.0125000 2.4000001
vn 0.0000000 0.0000000 1.0000000
v -0.0125000 -0.0216506 2.4000001
vn 0.0000000 0.0000000 1.0000000
v -0.0000000 -0.0250000 2.4000001
vn 0.0000000 0.0000000 1.0000000
f 43/43/43 44/44/44 45/45/45
v -0.0000000 -0.0250000 2.4000001
vn 0.0000000 0.0000000 1.0000000
v 0.0125000 -0.0216506 2.4000001
vn 0.0000000 0.0000000 1.0000000
v 0.0216506 -0.0125000 2.4000001
vn 0.0000000 0.0000000 1.0000000
f 46/46/46 47/47/47 48/48/48
v 0.0216506 -0.0125000 2.4000001
vn 0.0000000 0.0000000 1.0000000
v 0.0216506 0.0125000 2.4000001
vn 0.0000000 0.0000000 1.0000000
v 0.0000000 0.0250000 2.4000001
vn 0.0000000 0.0000000 1.0000000
f 49/49/49 50/50/50 51/51/51
v 0.0000000 0.0250000 2.4000001
vn 0.0000000 0.0000000 1.0000000
v -0.0216506 0.0125000 2.4000001
vn 0.0000000 0.0000000 1.0000000
v -0.0216506 -0.0125000 2.4000001
vn 0.0000000 0.0000000 1.0000000
f 52/52/52 53/53/53 54/54/54
v -0.0216506 -0.0125000 2.4000001
vn 0.0000000 0.0000000 1.0000000
v -0.0000000 -0.0250000 2.4000001
vn 0.0000000 0.0000000 1.0000000
v 0.0216506 -0.0125000 2.4000001
vn 0.0000000 0.0000000 1.0000000
f 55/55/55 56/56/56 57/57/57
v 0.0000000 0.0250000 2.4000001
vn 0.0000000 -0.0000000 1.0000000
v -0.0216506 -0.0125000 2.4000001
vn 0.0000000 -0.0000000 1.0000000
v 0.0216506 -0.0125000 2.4000001
vn 0.0000000 -0.0000000 1.0000000
f 58/58/58 59/59/59 60/60/60
v 0.0710000 0.0000000 0.0150000
vn 0.9645879 0.2584606 -0.0526138
v 0.0614878 0.0355000 0.0150000
vn 0.9645879 0.2584606 -0.0526138
v 0.0640859 0.0370000 0.0700000
vn 0.9645879 0.2584606 -0.0526138
f 61/61/61 62/62/62 63/63/63
v 0.0710000 0.0000000 0.0150000
vn 0.9645879 0.2584606 -0.0526139
v 0.0640859 0.0370000 0.0700000
vn 0.9645879 0.2584606 -0.0526139
v 0.0740000 0.0000000 0.0700000
vn 0.9645879 0.2584606 -0.0526139
f 64/64/64 65/65/65 66/66/66
v 0.0614878 0.0355000 0.0150000
vn 0.7061274 0.7061274 -0.0526138
v 0.0355000 0.0614878 0.0150000
vn 0.7061274 0.7061274 -0.0526138
v 0.0370000 0.0640859 0.0700000
vn 0.7061274 0.7061274 -0.0526138
f 67/67/67 68/68/68 69/69/69
v 0.0614878 0.0355000 0.0150000
vn 0.7061274 0.7061274 -0.0526139
v 0.0370000 0.0640859 0.0700000
vn 0.7061274 0.7061274 -0.0526139
v 0.0640859 0.0370000 0.0700000
vn 0.7061274 0.7061274 -0.0526139
f 70/70/70 71/71/71 72/72/72
v 0.0355000 0.0614878 0.0150000
vn 0.2584606 0.9645879 -0.0526139
v 0.0000000 0.0710000 0.0150000
vn 0.2584606 0.9645879 -0.0526139
v 0.0000000 0.0740000 0.0700000
vn 0.2584606 0.9645879 -0.0526139
f 73/73/73 74/74/74 75/75/75
v 0.0355000 0.0614878 0.0150000
vn 0.2584606 0.9645879 -0.0526138
v 0.0000000 0.0740000 0.0700000
vn 0.2584606 0.9645879 -0.0526138
v 0.0370000 0.0640859 0.0700000
vn 0.2584606 0.9645879 -0.0526138
f 76/76/76 77/77/77 78/78/78
v 0.0000000 0.0710000 0.0150000
vn -0.2584606 0.9645879 -0.0526138
v -0.0355000 0.0614878 0.0150000
vn -0.2584606 0.9645879 -0.0526138
v -0.0370000 0.0640859 0.0700000
vn -0.2584606 0.9645879 -0.0526138
f 79/79/79 80/80/80 81/81/81
v 0.0000000 0.0710000 0.0150000
vn -0.2584606 0.9645879 -0.0526139
v -0.0370000 0.0640859 0.0700000
vn -0.2584606 0.9645879 -0.0526139
v 0.0000000 0.0740000 0.0700000
vn -0.2584606 0.9645879 -0.0526139
f 82/82/82 83/83/83 84/84/84
v -0.0355000 0.0614878 0.0150000
vn -0.7061274 0.7061274 -0.0526138
v -0.0614878 0.0355000 0.0150000
vn -0.7061274 0.7061274 -0.0526138
v -0.0640859 0.0370000 0.0700000
vn -0.7061274 0.7061274 -0.0526138
f 85/85/85 86/86/86 87/87/87
v -0.0355000 0.0614878 0.0150000
vn -0.7061274 0.7061274 -0.0526139
v -0.0640859 0.0370000 0.0700000
vn -0.7061274 0.7061274 -0.0526139
v -0.0370000 0.0640859 0.0700000
vn -0.7061274 0.7061274 -0.0526139
f 88/88/88 89/89/89 90/90/90
v -0.0614878 0.0355000 0.0150000
vn -0.9645879 0.2584606 -0.0526139
v -0.0710000 0.0000000 0.0150000
vn -0.9645879 0.2584606 -0.0526139
v -0.0740000 0.0000000 0.0700000
vn -0.9645879 0.2584606 -0.0526139
f 91/91/91 92/92/92 93/93/93
v -0.0614878 0.0355000 0.0150000
vn -0.9645879 0.2584606 -0.0526138
v -0.0740000 0.0000000 0.0700000
vn -0.9645879 0.2584606 -0.0526138
v -0.0640859 0.0370000 0.0700000
vn -0.9645879 0.2584606 -0.0526138
f 94/94/94 95/95/95 96/96/96
v -0.0710000 0.0000000 0.0150000
vn -0.9645879 -0.2584606 -0.0526138
v -0.0614878 -0.0355000 0.0150000
vn -0.9645879 -0.2584606 -0.0526138
v -0.0640859 -0.0370000 0.0700000
vn -0.9645879 -0.2584606 -0.0526138
f 97/97/97 98/98/98 99/99/99
v -0.0710000 0.0000000 0.0150000
vn -0.9645879 -0.2584606 -0.0526139
v -0.0640859 -0.0370000 0.0700000
vn -0.9645879 -0.2584606 -0.0526139
v -0.0740000 0.0000000 0.0700000
vn -0.9645879 -0.2584606 -0.0526139
f 100/100/100 101/101/101 102/102/102
v -0.0614878 -0.0355000 0.0150000
vn -0.7061274 -0.7061274 -0.0526138
v -0.0355000 -0.0614878 0.0150000
vn -0.7061274 -0.7061274 -0.0526138
v -0.0370000 -0.0640859 0.0700000
vn -0.7061274 -0.7061274 -0.0526138
f 103/103/103 104/104/104 105/105/105
v -0.0614878 -0.0355000 0.0150000
vn -0.7061274 -0.7061274 -0.0526139
v -0.0370000 -0.0640859 0.0700000
vn -0.7061274 -0.7061274 -0.0526139
v -0.0640859 -0.0370000 0.0700000
vn -0.7061274 -0.7061274 -0.0526139
f 106/106/106 107/107/107 108/108/108
v -0.0355000 -0.0614878 0.0150000
vn -0.2584606 -0.9645879 -0.0526139
v -0.0000000 -0.0710000 0.0150000
vn -0.2584606 -0.9645879 -0.0526139
v -0.0000000 -0.0740000 0.0700000
vn -0.2584606 -0.9645879 -0.0526139
f 109/109/109 110/110/110 111/111/111
v -0.0355000 -0.0614878 0.0150000
vn -0.2584606 -0.9645879 -0.0526138
v -0.0000000 -0.0740000 0.0700000
vn -0.2584606 -0.9645879 -0.0526138
v -0.0370000 -0.0640859 0.0700000
vn -0.2584606 -0.9645879 -0.0526138
f 112/112/112 113/113/113 114/114/114
v -0.0000000 -0.0710000 0.0150000
vn 0.2584606 -0.9645879 -0.0526138
v 0.0355000 -0.0614878 0.0150000
vn 0.2584606 -0.9645879 -0.0526138
v 0.0370000 -0.0640859 0.0700000
vn 0.2584606 -0.9645879 -0.0526138
f 115/115/115 116/116/116 117/117/117
v -0.0000000 -0.0710000 0.0150000
vn 0.2584606 -0.9645879 -0.0526139
v 0.0370000 -0.0640859 0.0700000
vn 0.2584606 -0.9645879 -0.0526139
v -0.0000000 -0.0740000 0.0700000
vn 0.2584606 -0.9645879 -0.0526139
f 118/118/118 119/119/119 120/120/120
v 0.0355000 -0.0614878 0.0150000
vn 0.7061274 -0.7061274 -0.0526138
v 0.0614878 -0.0355000 0.0150000
vn 0.7061274 -0.7061274 -0.0526138
v 0.0640859 -0.0370000 0.0700000
vn 0.7061274 -0.7061274 -0.0526138
f 121/121/121 122/122/122 123/123/123
v 0.0355000 -0.0614878 0.0150000
vn 0.7061274 -0.7061274 -0.0526139
v 0.0640859 -0.0370000 0.0700000
vn 0.7061274 -0.7061274 -0.0526139
v 0.0370000 -0.0640859 0.0700000
vn 0.7061274 -0.7061274 -0.0526139
f 124/124/124 125/125/125 126/126/126
v 0.0614878 -0.0355000 0.0150000
vn 0.9645879 -0.2584606 -0.0526139
v 0.0710000 0.0000000 0.0150000
vn 0.9645879 -0.2584606 -0.0526139
v 0.0740000 0.0000000 0.0700000
vn 0.9645879 -0.2584606 -0.0526139
f 127/127/127 128/128/128 129/129/129
v 0.0614878 -0.0355000 0.0150000
vn 0.9645879 -0.2584606 -0.0526138
v 0.0740000 0.0000000 0.0700000
vn 0.9645879 -0.2584606 -0.0526138
v 0.0640859 -0.0370000 0.0700000
vn 0.9645879 -0.2584606 -0.0526138
f 130/130/130 131/131/131 132/132/132
v 0.0740000 0.0000000 0.0700000
vn 0.9242742 0.2476586 0.2904862
v 0.0640859 0.0370000 0.0700000
vn 0.9242742 0.2476586 0.2904862
v 0.0450333 0.0260000 0.1400000
vn 0.9242742 0.2476586 0.2904862
f 133/133/133 134/134/134 135/135/135
v 0.0740000 0.0000000 0.0700000
vn 0.9242743 0.2476586 0.2904862
v 0.0450333 0.0260000 0.1400000
vn 0.9242743 0.2476586 0.2904862
v 0.0520000 0.0000000 0.1400000
vn 0.9242743 0.2476586 0.2904862
f 136/136/136 137/137/137 138/138/138
v 0.0640859 0.0370000 0.0700000
vn 0.6766158 0.6766158 0.2904862
v 0.0370000 0.0640859 0.0700000
vn 0.6766158 0.6766158 0.2904862
v 0.0260000 0.0450333 0.1400000
vn 0.6766158 0.6766158 0.2904862
f 139/139/139 140/140/140 141/141/141
v 0.0640859 0.0370000 0.0700000
vn 0.6766157 0.6766157 0.2904862
v 0.0260000 0.0450333 0.1400000
vn 0.6766157 0.6766157 0.2904862
v 0.0450333 0.0260000 0.1400000
vn 0.6766157 0.6766157 0.2904862
f 142/142/142 143/143/143 144/144/144
v 0.0370000 0.0640859 0.0700000
vn 0.2476586 0.9242742 0.2904862
v 0.0000000 0.0740000 0.0700000
vn 0.2476586 0.9242742 0.2904862
v 0.0000000 0.0520000 0.1400000
vn 0.2476586 0.9242742 0.2904862
f 145/145/145 146/146/146 147/147/147
v 0.0370000 0.0640859 0.0700000
vn 0.2476586 0.9242743 0.2904862
v 0.0000000 0.0520000 0.1400000
vn 0.2476586 0.9242743 0.2904862
v 0.0260000 0.0450333 0.1400000
vn 0.2476586 0.9242743 0.2904862
f 148/148/148 149/149/149 150/150/150
v 0.0000000 0.0740000 0.0700000
vn -0.2476586 0.9242742 0.2904862
v -0.0370000 0.0640859 0.0700000
vn -0.2476586 0.9242742 0.2904862
v -0.0260000 0.0450333 0.1400000
vn -0.2476586 0.9242742 0.2904862
f 151/151/151 152/152/152 153/153/153
v 0.0000000 0.0740000 0.0700000
vn -0.2476586 0.9242743 0.2904862
v -0.0260000 0.0450333 0.1400000
vn -0.2476586 0.9242743 0.2904862
v 0.0000000 0.0520000 0.1400000
vn -0.2476586 0.9242743 0.2904862
f 154/154/154 155/155/155 156/156/156
v -0.0370000 0.0640859 0.0700000
vn -0.6766158 0.6766158 0.2904862
v -0.0640859 0.0370000 0.0700000
vn -0.6766158 0.6766158 0.2904862
v -0.0450333 0.0260000 0.1400000
vn -0.6766158 0.6766158 0.2904862
f 157/157/157 158/158/158 159/159/159
v -0.0370000 0.0640859 0.0700000
vn -0.6766157 0.6766157 0.2904862
v -0.0450333 0.0260000 0.1400000
vn -0.6766157 0.6766157 0.2904862
v -0.0260000 0.0450333 0.1400000
vn -0.6766157 0.6766157 0.2904862
f 160/160/160 161/161/161 162/162/162
v -0.0640859 0.0370000 0.0700000
vn -0.9242742 0.2476586 0.2904862
v -0.0740000 0.0000000 0.0700000
vn -0.9242742 0.2476586 0.2904862
v -0.0520000 0.0000000 0.1400000
vn -0.9242742 0.2476586 0.2904862
f 163/163/163 164/164/164 165/165/165
v -0.0640859 0.0370000 0.0700000
vn -0.9242743 0.2476586 0.2904862
v -0.0520000 0.0000000 0.1400000
vn -0.9242743 0.2476586 0.2904862
v -0.0450333 0.0260000 0.1400000
vn -0.9242743 0.2476586 0.2904862
f 166/166/166 167/167/167 168/168/168
v -0.0740000 0.0000000 0.0700000
vn -0.9242742 -0.2476586 0.2904862
v -0.0640859 -0.0370000 0.0700000
vn -0.9242742 -0.2476586 0.2904862
v -0.0450333 -0.0260000 0.1400000
vn -0.9242742 -0.2476586 0.2904862
f 169/169/169 170/170/170 171/171/171
v -0.0740000 0.0000000 0.0700000
vn -0.9242743 -0.2476586 0.2904862
v -0.0450333 -0.0260000 0.1400000
vn -0.9242743 -0.2476586 0.2904862
v -0.0520000 0.0000000 0.1400000
vn -0.9242743 -0.2476586 0.2904862
f 172/172/172 173/173/173 174/174/174
v -0.0640859 -0.0370000 0.0700000
vn -0.6766158 -0.6766158 0.2904862
v -0.0370000 -0.0640859 0.0700000
vn -0.6766158 -0.6766158 0.2904862
v -0.0260000 -0.0450333 0.1400000
vn -0.6766158 -0.6766158 0.2904862
f 175/175/175 176/176/176 177/177/177
v -0.0640859 -0.0370000 0.0700000
vn -0.6766157 -0.6766157 0.2904862
v -0.0260000 -0.0450333 0.1400000
vn -0.6766157 -0.6766157 0.2904862
v -0.0450333 -0.0260000 0.1400000
vn -0.6766157 -0.6766157 0.2904862
f 178/178/178 179/179/179 180/180/180
v -0.0370000 -0.0640859 0.0700000
vn -0.2476586 -0.9242742 0.2904862
v -0.0000000 -0.0740000 0.0700000
vn -0.2476586 -0.9242742 0.2904862
v -0.0000000 -0.0520000 0.1400000
vn -0.2476586 -0.9242742 0.2904862
f 181/181/181 182/182/182 183/183/183
v -0.0370000 -0.0640859 0.0700000
vn -0.2476586 -0.9242743 0.2904862
v -0.0000000 -0.0520000 0.1400000
vn -0.2476586 -0.9242743 0.2904862
v -0.0260000 -0.0450333 0.1400000
vn -0.2476586 -0.9242743 0.2904862
f 184/184/184 185/185/185 186/186/186
v -0.0000000 -0.0740000 0.0700000
vn 0.2476586 -0.9242742 0.2904862
v 0.0370000 -0.0640859 0.0700000
vn 0.2476586 -0.9242742 0.2904862
v 0.0260000 -0.0450333 0.1400000
vn 0.2476586 -0.9242742 0.2904862
f 187/187/187 188/188/188 189/189/189
v -0.0000000 -0.0740000 0.0700000
vn 0.2476586 -0.9242743 0.2904862
v 0.0260000 -0.0450333 0.1400000
vn 0.2476586 -0.9242743 0.2904862
v -0.0000000 -0.0520000 0.1400000
vn 0.2476586 -0.9242743 0.2904862
f 190/190/190 191/191/191 192/192/192
v 0.0370000 -0.0640859 0.0700000
vn 0.6766158 -0.6766158 0.2904862
v 0.0640859 -0.0370000 0.0700000
vn 0.6766158 -0.6766158 0.2904862
v 0.0450333 -0.0260000 0.1400000
vn 0.6766158 -0.6766158 0.2904862
f 193/193/193 194/194/194 195/195/195
v 0.0370000 -0.0640859 0.0700000
vn 0.6766157 -0.6766157 0.2904862
v 0.0450333 -0.0260000 0.1400000
vn 0.6766157 -0.6766157 0.2904862
v 0.0260000 -0.0450333 0.1400000
vn 0.6766157 -0.6766157 0.2904862
f 196/196/196 197/197/197 198/198/198
v 0.0640859 -0.0370000 0.0700000
vn 0.9242742 -0.2476586 0.2904862
v 0.0740000 0.0000000 0.0700000
vn 0.9242742 -0.2476586 0.2904862
v 0.0520000 0.0000000 0.1400000
vn 0.9242742 -0.2476586 0.2904862
f 199/199/199 200/200/200 201/201/201
v 0.0640859 -0.0370000 0.0700000
vn 0.9242743 -0.2476586 0.2904862
v 0.0520000 0.0000000 0.1400000
vn 0.9242743 -0.2476586 0.2904862
v 0.0450333 -0.0260000 0.1400000
vn 0.9242743 -0.2476586 0.2904862
f 202/202/202 203/203/203 204/204/204
v 0.0520000 0.0000000 0.1400000
vn 0.9438912 0.2529149 0.2123755
v 0.0450333 0.0260000 0.1400000
vn 0.9438912 0.2529149 0.2123755
v 0.0294449 0.0170000 0.2200000
vn 0.9438912 0.2529149 0.2123755
f 205/205/205 206/206/206 207/207/207
v 0.0520000 0.0000000 0.1400000
vn 0.9438913 0.2529150 0.2123755
v 0.0294449 0.0170000 0.2200000
vn 0.9438913 0.2529150 0.2123755
v 0.0340000 0.0000000 0.2200000
vn 0.9438913 0.2529150 0.2123755
f 208/208/208 209/209/209 210/210/210
v 0.0450333 0.0260000 0.1400000
vn 0.6909763 0.6909763 0.2123755
v 0.0260000 0.0450333 0.1400000
vn 0.6909763 0.6909763 0.2123755
v 0.0170000 0.0294449 0.2200000
vn 0.6909763 0.6909763 0.2123755
f 211/211/211 212/212/212 213/213/213
v 0.0450333 0.0260000 0.1400000
vn 0.6909764 0.6909764 0.2123755
v 0.0170000 0.0294449 0.2200000
vn 0.6909764 0.6909764 0.2123755
v 0.0294449 0.0170000 0.2200000
vn 0.6909764 0.6909764 0.2123755
f 214/214/214 215/215/215 216/216/216
v 0.0260000 0.0450333 0.1400000
vn 0.2529149 0.9438912 0.2123755
v 0.0000000 0.0520000 0.1400000
vn 0.2529149 0.9438912 0.2123755
v 0.0000000 0.0340000 0.2200000
vn 0.2529149 0.9438912 0.2123755
f 217/217/217 218/218/218 219/219/219
v 0.0260000 0.0450333 0.1400000
vn 0.2529150 0.9438913 0.2123755
v 0.0000000 0.0340000 0.2200000
vn 0.2529150 0.9438913 0.2123755
v 0.0170000 0.0294449 0.2200000
vn 0.2529150 0.9438913 0.2123755
f 220/220/220 221/221/221 222/222/222
v 0.0000000 0.0520000 0.1400000
vn -0.2529149 0.9438912 0.2123755
v -0.0260000 0.0450333 0.1400000
vn -0.2529149 0.9438912 0.2123755
v -0.0170000 0.0294449 0.2200000
vn -0.2529149 0.9438912 0.2123755
f 223/223/223 224/224/224 225/225/225
v 0.0000000 0.0520000 0.1400000
vn -0.2529150 0.9438913 0.2123755
v -0.0170000 0.0294449 0.2200000
vn -0.2529150 0.9438913 0.2123755
v 0.0000000 0.0340000 0.2200000
vn -0.2529150 0.9438913 0.2123755
f 226/226/226 227/227/227 228/228/228
v -0.0260000 0.0450333 0.1400000
vn -0.6909763 0.6909763 0.2123755
v -0.0450333 0.0260000 0.1400000
vn -0.6909763 0.6909763 0.2123755
v -0.0294449 0.0170000 0.2200000
vn -0.6909763 0.6909763 0.2123755
f 229/229/229 230/230/230 231/231/231
v -0.0260000 0.0450333 0.1400000
vn -0.6909764 0.6909764 0.2123755
v -0.0294449 0.0170000 0.2200000
vn -0.6909764 0.6909764 0.2123755
v -0.0170000 0.0294449 0.2200000
vn -0.6909764 0.6909764 0.2123755
f 232/232/232 233/233/233 234/234/234
v -0.0450333 0.0260000 0.1400000
vn -0.9438912 0.2529149 0.2123755
v -0.0520000 0.0000000 0.1400000
vn -0.9438912 0.2529149 0.2123755
v -0.0340000 0.0000000 0.2200000
vn -0.9438912 0.2529149 0.2123755
f 235/235/235 236/236/236 237/237/237
v -0.0450333 0.0260000 0.1400000
vn -0.9438913 0.2529150 0.2123755
v -0.0340000 0.0000000 0.2200000
vn -0.9438913 0.2529150 0.2123755
v -0.0294449 0.0170000 0.2200000
vn -0.9438913 0.2529150 0.2123755
f 238/238/238 239/239/239 240/240/240
v -0.0520000 0.0000000 0.1400000
vn -0.9438912 -0.2529149 0.2123755
v -0.0450333 -0.0260000 0.1400000
vn -0.9438912 -0.2529149 0.2123755
v -0.0294449 -0.0170000 0.2200000
vn -0.9438912 -0.2529149 0.2123755
f 241/241/241 242/242/242 243/243/243
v -0.0520000 0.0000000 0.1400000
vn -0.9438913 -0.2529150 0.2123755
v -0.0294449 -0.0170000 0.2200000
vn -0.9438913 -0.2529150 0.2123755
v -0.0340000 0.0000000 0.2200000
vn -0.9438913 -0.2529150 0.2123755
f 244/244/244 245/245/245 246/246/246
v -0.0450333 -0.0260000 0.1400000
vn -0.6909763 -0.6909763 0.2123755
v -0.0260000 -0.0450333 0.1400000
vn -0.6909763 -0.6909763 0.2123755
v -0.0170000 -0.0294449 0.2200000
vn -0.6909763 -0.6909763 0.2123755
f 247/247/247 248/248/248 249/249/249
v -0.0450333 -0.0260000 0.1400000
vn -0.6909764 -0.6909764 0.2123755
v -0.0170000 -0.0294449 0.2200000
vn -0.6909764 -0.6909764 0.2123755
v -0.0294449 -0.0170000 0.2200000
vn -0.6909764 -0.6909764 0.2123755
f 250/250/250 251/251/251 252/252/252
v -0.0260000 -0.0450333 0.1400000
vn -0.2529149 -0.9438912 0.2123755
v -0.0000000 -0.0520000 0.1400000
vn -0.2529149 -0.9438912 0.2123755
v -0.0000000 -0.0340000 0.2200000
vn -0.2529149 -0.9438912 0.2123755
f 253/253/253 254/254/254 255/255/255
v -0.0260000 -0.0450333 0.1400000
vn -0.2529150 -0.9438913 0.2123755
v -0.0000000 -0.0340000 0.2200000
vn -0.2529150 -0.9438913 0.2123755
v -0.0170000 -0.0294449 0.2200000
vn -0.2529150 -0.9438913 0.2123755
f 256/256/256 257/257/257 258/258/258
v -0.0000000 -0.0520000 0.1400000
vn 0.2529149 -0.9438912 0.2123755
v 0.0260000 -0.0450333 0.1400000
vn 0.2529149 -0.9438912 0.2123755
v 0.0170000 -0.0294449 0.2200000
vn 0.2529149 -0.9438912 0.2123755
f 259/259/259 260/260/260 261/261/261
v -0.0000000 -0.0520000 0.1400000
vn 0.2529150 -0.9438913 0.2123755
v 0.0170000 -0.0294449 0.2200000
vn 0.2529150 -0.9438913 0.2123755
v -0.0000000 -0.0340000 0.2200000
vn 0.2529150 -0.9438913 0.2123755
f 262/262/262 263/263/263 264/264/264
v 0.0260000 -0.0450333 0.1400000
vn 0.6909763 -0.6909763 0.2123755
v 0.0450333 -0.0260000 0.1400000
vn 0.6909763 -0.6909763 0.2123755
v 0.0294449 -0.0170000 0.2200000
vn 0.6909763 -0.6909763 0.2123755
f 265/265/265 266/266/266 267/267/267
v 0.0260000 -0.0450333 0.1400000
vn 0.6909764 -0.6909764 0.2123755
v 0.0294449 -0.0170000 0.2200000
vn 0.6909764 -0.6909764 0.2123755
v 0.0170000 -0.0294449 0.2200000
vn 0.6909764 -0.6909764 0.2123755
f 268/268/268 269/269/269 270/270/270
v 0.0450333 -0.0260000 0.1400000
vn 0.9438912 -0.2529149 0.2123755
v 0.0520000 0.0000000 0.1400000
vn 0.9438912 -0.2529149 0.2123755
v 0.0340000 0.0000000 0.2200000
vn 0.9438912 -0.2529149 0.2123755
f 271/271/271 272/272/272 273/273/273
v 0.0450333 -0.0260000 0.1400000
vn 0.9438913 -0.2529150 0.2123755
v 0.0340000 0.0000000 0.2200000
vn 0.9438913 -0.2529150 0.2123755
v 0.0294449 -0.0170000 0.2200000
vn 0.9438913 -0.2529150 0.2123755
f 274/274/274 275/275/275 276/276/276
v 0.0340000 0.0000000 0.2200000
vn 0.9659181 0.2588170 0.0039877
v 0.0294449 0.0170000 0.2200000
vn 0.9659181 0.2588170 0.0039877
v 0.0216506 0.0125000 2.4000001
vn 0.9659181 0.2588170 0.0039877
f 277/277/277 278/278/278 279/279/279
v 0.0340000 0.0000000 0.2200000
vn 0.9659181 0.2588170 0.0039877
v 0.0216506 0.0125000 2.4000001
vn 0.9659181 0.2588170 0.0039877
v 0.0250000 0.0000000 2.4000001
vn 0.9659181 0.2588170 0.0039877
f 280/280/280 281/281/281 282/282/282
v 0.0294449 0.0170000 0.2200000
vn 0.7071012 0.7071012 0.0039877
v 0.0170000 0.0294449 0.2200000
vn 0.7071012 0.7071012 0.0039877
v 0.0125000 0.0216506 2.4000001
vn 0.7071012 0.7071012 0.0039877
f 283/283/283 284/284/284 285/285/285
v 0.0294449 0.0170000 0.2200000
vn 0.7071012 0.7071012 0.0039877
v 0.0125000 0.0216506 2.4000001
vn 0.7071012 0.7071012 0.0039877
v 0.0216506 0.0125000 2.4000001
vn 0.7071012 0.7071012 0.0039877
f 286/286/286 287/287/287 288/288/288
v 0.0170000 0.0294449 0.2200000
vn 0.2588170 0.9659181 0.0039877
v 0.0000000 0.0340000 0.2200000
vn 0.2588170 0.9659181 0.0039877
v 0.0000000 0.0250000 2.4000001
vn 0.2588170 0.9659181 0.0039877
f 289/289/289 290/290/290 291/291/291
v 0.0170000 0.0294449 0.2200000
vn 0.2588170 0.9659181 0.0039877
v 0.0000000 0.0250000 2.4000001
vn 0.2588170 0.9659181 0.0039877
v 0.0125000 0.0216506 2.4000001
vn 0.2588170 0.9659181 0.0039877
f 292/292/292 293/293/293 294/294/294
v 0.0000000 0.0340000 0.2200000
vn -0.2588170 0.9659181 0.0039877
v -0.0170000 0.0294449 0.2200000
vn -0.2588170 0.9659181 0.0039877
v -0.0125000 0.0216506 2.4000001
vn -0.2588170 0.9659181 0.0039877
f 295/295/295 296/296/296 297/297/297
v 0.0000000 0.0340000 0.2200000
vn -0.2588170 0.9659181 0.0039877
v -0.0125000 0.0216506 2.4000001
vn -0.2588170 0.9659181 0.0039877
v 0.0000000 0.0250000 2.4000001
vn -0.2588170 0.9659181 0.0039877
f 298/298/298 299/299/299 300/300/300
v -0.0170000 0.0294449 0.2200000
vn -0.7071012 0.7071012 0.0039877
v -0.0294449 0.0170000 0.2200000
vn -0.7071012 0.7071012 0.0039877
v -0.0216506 0.0125000 2.4000001
vn -0.7071012 0.7071012 0.0039877
f 301/301/301 302/302/302 303/303/303
v -0.0170000 0.0294449 0.2200000
vn -0.7071012 0.7071012 0.0039877
v -0.0216506 0.0125000 2.4000001
vn -0.7071012 0.7071012 0.0039877
v -0.0125000 0.0216506 2.4000001
vn -0.7071012 0.7071012 0.0039877
f 304/304/304 305/305/305 306/306/306
v -0.0294449 0.0170000 0.2200000
vn -0.9659181 0.2588170 0.0039877
v -0.0340000 0.0000000 0.2200000
vn -0.9659181 0.2588170 0.0039877
v -0.0250000 0.0000000 2.4000001
vn -0.9659181 0.2588170 0.0039877
f 307/307/307 308/308/308 309/309/309
v -0.0294449 0.0170000 0.2200000
vn -0.9659181 0.2588170 0.0039877
v -0.0250000 0.0000000 2.4000001
vn -0.9659181 0.2588170 0.0039877
v -0.0216506 0.0125000 2.4000001
vn -0.9659181 0.2588170 0.0039877
f 310/310/310 311/311/311 312/312/312
v -0.0340000 0.0000000 0.2200000
vn -0.9659181 -0.2588170 0.0039877
v -0.0294449 -0.0170000 0.2200000
vn -0.9659181 -0.2588170 0.0039877
v -0.0216506 -0.0125000 2.4000001
vn -0.9659181 -0.2588170 0.0039877
f 313/313/313 314/314/314 315/315/315
v -0.0340000 0.0000000 0.2200000
vn -0.9659181 -0.2588170 0.0039877
v -0.0216506 -0.0125000 2.4000001
vn -0.9659181 -0.2588170 0.0039877
v -0.0250000 0.0000000 2.4000001
vn -0.9659181 -0.2588170 0.0039877
f 316/316/316 317/317/317 318/318/318
v -0.0294449 -0.0170000 0.2200000
vn -0.7071012 -0.7071012 0.0039877
v -0.0170000 -0.0294449 0.2200000
vn -0.7071012 -0.7071012 0.0039877
v -0.0125000 -0.0216506 2.4000001
vn -0.7071012 -0.7071012 0.0039877
f 319/319/319 320/320/320 321/321/321
v -0.0294449 -0.0170000 0.2200000
vn -0.7071012 -0.7071012 0.0039877
v -0.0125000 -0.0216506 2.4000001
vn -0.7071012 -0.7071012 0.0039877
v -0.0216506 -0.0125000 2.4000001
vn -0.7071012 -0.7071012 0.0039877
f 322/322/322 323/323/323 324/324/324
v -0.0170000 -0.0294449 0.2200000
vn -0.2588170 -0.9659181 0.0039877
v -0.0000000 -0.0340000 0.2200000
vn -0.2588170 -0.9659181 0.0039877
v -0.0000000 -0.0250000 2.4000001
vn -0.2588170 -0.9659181 0.0039877
f 325/325/325 326/326/326 327/327/327
v -0.0170000 -0.0294449 0.2200000
vn -0.2588170 -0.9659181 0.0039877
v -0.0000000 -0.0250000 2.4000001
vn -0.2588170 -0.9659181 0.0039877
v -0.0125000 -0.0216506 2.4000001
vn -0.2588170 -0.9659181 0.0039877
f 328/328/328 329/329/329 330/330/330
v -0.0000000 -0.0340000 0.2200000
vn 0.2588170 -0.9659181 0.0039877
v 0.0170000 -0.0294449 0.2200000
vn 0.2588170 -0.9659181 0.0039877
v 0.0125000 -0.0216506 2.4000001
vn 0.2588170 -0.9659181 0.0039877
f 331/331/331 332/332/332 333/333/333
v -0.0000000 -0.0340000 0.2200000
vn 0.2588170 -0.9659181 0.0039877
v 0.0125000 -0.0216506 2.4000001
vn 0.2588170 -0.9659181 0.0039877
v -0.0000000 -0.0250000 2.4000001
vn 0.2588170 -0.9659181 0.0039877
f 334/334/334 335/335/335 336/336/336
v 0.0170000 -0.0294449 0.2200000
vn 0.7071012 -0.7071012 0.0039877
v 0.0294449 -0.0170000 0.2200000
vn 0.7071012 -0.7071012 0.0039877
v 0.0216506 -0.0125000 2.4000001
vn 0.7071012 -0.7071012 0.0039877
f 337/337/337 338/338/338 339/339/339
v 0.0170000 -0.0294449 0.2200000
vn 0.7071012 -0.7071012 0.0039877
v 0.0216506 -0.0125000 2.4000001
vn 0.7071012 -0.7071012 0.0039877
v 0.0125000 -0.0216506 2.4000001
vn 0.7071012 -0.7071012 0.0039877
f 340/340/340 341/341/341 342/342/342
v 0.0294449 -0.0170000 0.2200000
vn 0.9659181 -0.2588170 0.0039877
v 0.0340000 0.0000000 0.2200000
vn 0.9659181 -0.2588170 0.0039877
v 0.0250000 0.0000000 2.4000001
vn 0.9659181 -0.2588170 0.0039877
f 343/343/343 344/344/344 345/345/345
v 0.0294449 -0.0170000 0.2200000
vn 0.9659181 -0.2588170 0.0039877
v 0.0250000 0.0000000 2.4000001
vn 0.9659181 -0.2588170 0.0039877
v 0.0216506 -0.0125000 2.4000001
vn 0.9659181 -0.2588170 0.0039877
f 346/346/346 347/347/347 348/348/348
o pz_street_pole_06_|_EDITABLE_ornamental_lamp_arm
usemtl metal
v -0.2300000 -0.0150000 2.2000000
vn -0.3799128 0.0000000 0.9250222
v -0.2300000 0.0150000 2.2000000
vn -0.3799128 0.0000000 0.9250222
v -0.2438753 -0.0000000 2.1943014
vn -0.3799128 0.0000000 0.9250222
f 349/349/349 350/350/350 351/351/351
v -0.2161247 -0.0000000 2.2056987
vn -0.3799128 0.0000000 0.9250222
v -0.2300000 0.0150000 2.2000000
vn -0.3799128 0.0000000 0.9250222
v -0.2300000 -0.0150000 2.2000000
vn -0.3799128 0.0000000 0.9250222
f 352/352/352 353/353/353 354/354/354
v -0.0000000 0.0150000 2.0200000
vn 0.9741526 0.0000002 -0.2258912
v 0.0000000 -0.0150000 2.0200000
vn 0.9741526 0.0000002 -0.2258912
v -0.0033883 -0.0000000 2.0053878
vn 0.9741526 0.0000002 -0.2258912
f 355/355/355 356/356/356 357/357/357
v 0.0033883 -0.0000000 2.0346122
vn 0.9741526 0.0000002 -0.2258911
v 0.0000000 -0.0150000 2.0200000
vn 0.9741526 0.0000002 -0.2258911
v -0.0000000 0.0150000 2.0200000
vn 0.9741526 0.0000002 -0.2258911
f 358/358/358 359/359/359 360/360/360
v 0.0033883 -0.0000000 2.0346122
vn 0.0831350 -0.7070972 0.7022122
v -0.0613042 -0.0000000 2.0422711
vn 0.0831350 -0.7070972 0.7022122
v -0.0629480 -0.0150000 2.0273614
vn 0.0831350 -0.7070972 0.7022122
f 361/361/361 362/362/362 363/363/363
v 0.0033883 -0.0000000 2.0346122
vn 0.0823878 -0.7049012 0.7045046
v -0.0629480 -0.0150000 2.0273614
vn 0.0823878 -0.7049012 0.7045046
v 0.0000000 -0.0150000 2.0200000
vn 0.0823878 -0.7049012 0.7045046
f 364/364/364 365/365/365 366/366/366
v -0.0000000 0.0150000 2.0200000
vn 0.0821331 0.7071010 0.7023264
v -0.0629480 0.0150000 2.0273614
vn 0.0821331 0.7071010 0.7023264
v -0.0613042 -0.0000000 2.0422711
vn 0.0821331 0.7071010 0.7023264
f 367/367/367 368/368/368 369/369/369
v -0.0000000 0.0150000 2.0200000
vn 0.0833858 0.7049574 0.7043308
v -0.0613042 -0.0000000 2.0422711
vn 0.0833858 0.7049574 0.7043308
v 0.0033883 -0.0000000 2.0346122
vn 0.0833858 0.7049574 0.7043308
f 370/370/370 371/371/371 372/372/372
v -0.0033883 -0.0000000 2.0053878
vn -0.0810737 0.7071041 -0.7024465
v -0.0645918 -0.0000000 2.0124516
vn -0.0810737 0.7071041 -0.7024465
v -0.0629480 0.0150000 2.0273614
vn -0.0810737 0.7071041 -0.7024465
f 373/373/373 374/374/374 375/375/375
v -0.0033883 -0.0000000 2.0053878
vn -0.0823878 0.7049012 -0.7045045
v -0.0629480 0.0150000 2.0273614
vn -0.0823878 0.7049012 -0.7045045
v -0.0000000 0.0150000 2.0200000
vn -0.0823878 0.7049012 -0.7045045
f 376/376/376 377/377/377 378/378/378
v 0.0000000 -0.0150000 2.0200000
vn -0.0821331 -0.7071010 -0.7023263
v -0.0629480 -0.0150000 2.0273614
vn -0.0821331 -0.7071010 -0.7023263
v -0.0645918 -0.0000000 2.0124516
vn -0.0821331 -0.7071010 -0.7023263
f 379/379/379 380/380/380 381/381/381
v 0.0000000 -0.0150000 2.0200000
vn -0.0813323 -0.7048409 -0.7046874
v -0.0645918 -0.0000000 2.0124516
vn -0.0813323 -0.7048409 -0.7046874
v -0.0033883 -0.0000000 2.0053878
vn -0.0813323 -0.7048409 -0.7046874
f 382/382/382 383/383/383 384/384/384
v -0.0613042 -0.0000000 2.0422711
vn 0.0702323 -0.7009013 0.7097921
v -0.1151141 -0.0000000 2.0475955
vn 0.0702323 -0.7009013 0.7097921
v -0.1193320 -0.0150000 2.0332007
vn 0.0702323 -0.7009013 0.7097921
f 385/385/385 386/386/386 387/387/387
v -0.0613042 -0.0000000 2.0422711
vn 0.0728418 -0.7071010 0.7033507
v -0.1193320 -0.0150000 2.0332007
vn 0.0728418 -0.7071010 0.7033507
v -0.0629480 -0.0150000 2.0273614
vn 0.0728418 -0.7071010 0.7033507
f 388/388/388 389/389/389 390/390/390
v -0.0629480 0.0150000 2.0273614
vn 0.0734442 0.7012047 0.7091672
v -0.1193320 0.0150000 2.0332007
vn 0.0734442 0.7012047 0.7091672
v -0.1151141 -0.0000000 2.0475955
vn 0.0734442 0.7012047 0.7091672
f 391/391/391 392/392/392 393/393/393
v -0.0629480 0.0150000 2.0273614
vn 0.0696286 0.7070866 0.7036905
v -0.1151141 -0.0000000 2.0475955
vn 0.0696286 0.7070866 0.7036905
v -0.0613042 -0.0000000 2.0422711
vn 0.0696286 0.7070866 0.7036905
f 394/394/394 395/395/395 396/396/396
v -0.0645918 -0.0000000 2.0124516
vn -0.0763698 0.7014744 -0.7085910
v -0.1235499 -0.0000000 2.0188060
vn -0.0763698 0.7014744 -0.7085910
v -0.1193320 0.0150000 2.0332007
vn -0.0763698 0.7014744 -0.7085910
f 397/397/397 398/398/398 399/399/399
v -0.0645918 -0.0000000 2.0124516
vn -0.0728417 0.7071009 -0.7033508
v -0.1193320 0.0150000 2.0332007
vn -0.0728417 0.7071009 -0.7033508
v -0.0629480 0.0150000 2.0273614
vn -0.0728417 0.7071009 -0.7033508
f 400/400/400 401/401/401 402/402/402
v -0.0629480 -0.0150000 2.0273614
vn -0.0734441 -0.7012047 -0.7091671
v -0.1193320 -0.0150000 2.0332007
vn -0.0734441 -0.7012047 -0.7091671
v -0.1235499 -0.0000000 2.0188060
vn -0.0734441 -0.7012047 -0.7091671
f 403/403/403 404/404/404 405/405/405
v -0.0629480 -0.0150000 2.0273614
vn -0.0757710 -0.7071077 -0.7030345
v -0.1235499 -0.0000000 2.0188060
vn -0.0757710 -0.7071077 -0.7030345
v -0.0645918 -0.0000000 2.0124516
vn -0.0757710 -0.7071077 -0.7030345
f 406/406/406 407/407/407 408/408/408
v -0.1151141 -0.0000000 2.0475955
vn 0.3208031 -0.6966773 0.6416589
v -0.1627855 -0.0000000 2.0714293
vn 0.3208031 -0.6966773 0.6416589
v -0.1725000 -0.0150000 2.0599999
vn 0.3208031 -0.6966773 0.6416589
f 409/409/409 410/410/410 411/411/411
v -0.1151141 -0.0000000 2.0475955
vn 0.3209053 -0.7012047 0.6366568
v -0.1725000 -0.0150000 2.0599999
vn 0.3209053 -0.7012047 0.6366568
v -0.1193320 -0.0150000 2.0332007
vn 0.3209053 -0.7012047 0.6366568
f 412/412/412 413/413/413 414/414/414
v -0.1193320 0.0150000 2.0332007
vn 0.3227720 0.6969627 0.6403602
v -0.1725000 0.0150000 2.0599999
vn 0.3227720 0.6969627 0.6403602
v -0.1627855 -0.0000000 2.0714293
vn 0.3227720 0.6969627 0.6403602
f 415/415/415 416/416/416 417/417/417
v -0.1193320 0.0150000 2.0332007
vn 0.3187312 0.7014166 0.6375148
v -0.1627855 -0.0000000 2.0714293
vn 0.3187312 0.7014166 0.6375148
v -0.1151141 -0.0000000 2.0475955
vn 0.3187312 0.7014166 0.6375148
f 418/418/418 419/419/419 420/420/420
v -0.1235499 -0.0000000 2.0188060
vn -0.3243646 0.6971910 -0.6393061
v -0.1822145 -0.0000000 2.0485706
vn -0.3243646 0.6971910 -0.6393061
v -0.1725000 0.0150000 2.0599999
vn -0.3243646 0.6971910 -0.6393061
f 421/421/421 422/422/422 423/423/423
v -0.1235499 -0.0000000 2.0188060
vn -0.3209053 0.7012046 -0.6366569
v -0.1725000 0.0150000 2.0599999
vn -0.3209053 0.7012046 -0.6366569
v -0.1193320 0.0150000 2.0332007
vn -0.3209053 0.7012046 -0.6366569
f 424/424/424 425/425/425 426/426/426
v -0.1193320 -0.0150000 2.0332007
vn -0.3227719 -0.6969628 -0.6403602
v -0.1725000 -0.0150000 2.0599999
vn -0.3227719 -0.6969628 -0.6403602
v -0.1822145 -0.0000000 2.0485706
vn -0.3227719 -0.6969628 -0.6403602
f 427/427/427 428/428/428 429/429/429
v -0.1193320 -0.0150000 2.0332007
vn -0.3226663 -0.7010300 -0.6359586
v -0.1822145 -0.0000000 2.0485706
vn -0.3226663 -0.7010300 -0.6359586
v -0.1235499 -0.0000000 2.0188060
vn -0.3226663 -0.7010300 -0.6359586
f 430/430/430 431/431/431 432/432/432
v -0.1627855 -0.0000000 2.0714293
vn 0.5780541 -0.7014568 0.4169075
v -0.1889018 -0.0000000 2.1076403
vn 0.5780541 -0.7014568 0.4169075
v -0.2024288 -0.0150000 2.1011579
vn 0.5780541 -0.7014568 0.4169075
f 433/433/433 434/434/434 435/435/435
v -0.1627855 -0.0000000 2.0714293
vn 0.5799796 -0.6969625 0.4217427
v -0.2024288 -0.0150000 2.1011579
vn 0.5799796 -0.6969625 0.4217427
v -0.1725000 -0.0150000 2.0599999
vn 0.5799796 -0.6969625 0.4217427
f 436/436/436 437/437/437 438/438/438
v -0.1725000 0.0150000 2.0599999
vn 0.5766256 0.7012041 0.4193038
v -0.2024288 0.0150000 2.1011579
vn 0.5766256 0.7012041 0.4193038
v -0.1889018 -0.0000000 2.1076403
vn 0.5766256 0.7012041 0.4193038
f 439/439/439 440/440/440 441/441/441
v -0.1725000 0.0150000 2.0599999
vn 0.5818881 0.6966212 0.4196726
v -0.1889018 -0.0000000 2.1076403
vn 0.5818881 0.6966212 0.4196726
v -0.1627855 -0.0000000 2.0714293
vn 0.5818881 0.6966212 0.4196726
f 442/442/442 443/443/443 444/444/444
v -0.1822145 -0.0000000 2.0485706
vn -0.5755055 0.7010028 -0.4211753
v -0.2159557 -0.0000000 2.0946755
vn -0.5755055 0.7010028 -0.4211753
v -0.2024288 0.0150000 2.1011579
vn -0.5755055 0.7010028 -0.4211753
f 445/445/445 446/446/446 447/447/447
v -0.1822145 -0.0000000 2.0485706
vn -0.5799797 0.6969625 -0.4217428
v -0.2024288 0.0150000 2.1011579
vn -0.5799797 0.6969625 -0.4217428
v -0.1725000 0.0150000 2.0599999
vn -0.5799797 0.6969625 -0.4217428
f 448/448/448 449/449/449 450/450/450
v -0.1725000 -0.0150000 2.0599999
vn -0.5766256 -0.7012042 -0.4193038
v -0.2024288 -0.0150000 2.1011579
vn -0.5766256 -0.7012042 -0.4193038
v -0.2159557 -0.0000000 2.0946755
vn -0.5766256 -0.7012042 -0.4193038
f 451/451/451 452/452/452 453/453/453
v -0.1725000 -0.0150000 2.0599999
vn -0.5784862 -0.6972252 -0.4233567
v -0.2159557 -0.0000000 2.0946755
vn -0.5784862 -0.6972252 -0.4233567
v -0.1822145 -0.0000000 2.0485706
vn -0.5784862 -0.6972252 -0.4233567
f 454/454/454 455/455/455 456/456/456
v -0.1889018 -0.0000000 2.1076403
vn 0.6834269 -0.7070817 0.1815573
v -0.2006705 -0.0000000 2.1519403
vn 0.6834269 -0.7070817 0.1815573
v -0.2151204 -0.0150000 2.1479154
vn 0.6834269 -0.7070817 0.1815573
f 457/457/457 458/458/458 459/459/459
v -0.1889018 -0.0000000 2.1076403
vn 0.6880633 -0.7012047 0.1867644
v -0.2151204 -0.0150000 2.1479154
vn 0.6880633 -0.7012047 0.1867644
v -0.2024288 -0.0150000 2.1011579
vn 0.6880633 -0.7012047 0.1867644
f 460/460/460 461/461/461 462/462/462
v -0.2024288 0.0150000 2.1011579
vn 0.6824216 0.7070993 0.1852331
v -0.2151204 0.0150000 2.1479154
vn 0.6824216 0.7070993 0.1852331
v -0.2006705 -0.0000000 2.1519403
vn 0.6824216 0.7070993 0.1852331
f 463/463/463 464/464/464 465/465/465
v -0.2024288 0.0150000 2.1011579
vn 0.6894006 0.7008459 0.1831443
v -0.2006705 -0.0000000 2.1519403
vn 0.6894006 0.7008459 0.1831443
v -0.1889018 -0.0000000 2.1076403
vn 0.6894006 0.7008459 0.1831443
f 466/466/466 467/467/467 468/468/468
v -0.2159557 -0.0000000 2.0946755
vn -0.6815106 0.7071065 -0.1885299
v -0.2295703 -0.0000000 2.1438904
vn -0.6815106 0.7071065 -0.1885299
v -0.2151204 0.0150000 2.1479154
vn -0.6815106 0.7071065 -0.1885299
f 469/469/469 470/470/470 471/471/471
v -0.2159557 -0.0000000 2.0946755
vn -0.6880634 0.7012045 -0.1867643
v -0.2151204 0.0150000 2.1479154
vn -0.6880634 0.7012045 -0.1867643
v -0.2024288 0.0150000 2.1011579
vn -0.6880634 0.7012045 -0.1867643
f 472/472/472 473/473/473 474/474/474
v -0.2024288 -0.0150000 2.1011579
vn -0.6824216 -0.7070995 -0.1852329
v -0.2151204 -0.0150000 2.1479154
vn -0.6824216 -0.7070995 -0.1852329
v -0.2295703 -0.0000000 2.1438904
vn -0.6824216 -0.7070995 -0.1852329
f 475/475/475 476/476/476 477/477/477
v -0.2024288 -0.0150000 2.1011579
vn -0.6868554 -0.7015172 -0.1900085
v -0.2295703 -0.0000000 2.1438904
vn -0.6868554 -0.7015172 -0.1900085
v -0.2159557 -0.0000000 2.0946755
vn -0.6868554 -0.7015172 -0.1900085
f 478/478/478 479/479/479 480/480/480
v -0.2006705 -0.0000000 2.1519403
vn 0.6816319 -0.7049683 0.1959529
v -0.2161247 -0.0000000 2.2056987
vn 0.6816319 -0.7049683 0.1959529
v -0.2300000 -0.0150000 2.2000000
vn 0.6816319 -0.7049683 0.1959529
f 481/481/481 482/482/482 483/483/483
v -0.2006705 -0.0000000 2.1519403
vn 0.6799130 -0.7070994 0.1942387
v -0.2300000 -0.0150000 2.2000000
vn 0.6799130 -0.7070994 0.1942387
v -0.2151204 -0.0150000 2.1479154
vn 0.6799130 -0.7070994 0.1942387
f 484/484/484 485/485/485 486/486/486
v -0.2151204 0.0150000 2.1479154
vn 0.6820185 0.7049028 0.1948401
v -0.2300000 0.0150000 2.2000000
vn 0.6820185 0.7049028 0.1948401
v -0.2161247 -0.0000000 2.2056987
vn 0.6820185 0.7049028 0.1948401
f 487/487/487 488/488/488 489/489/489
v -0.2151204 0.0150000 2.1479154
vn 0.6795943 0.7070950 0.1953671
v -0.2161247 -0.0000000 2.2056987
vn 0.6795943 0.7070950 0.1953671
v -0.2006705 -0.0000000 2.1519403
vn 0.6795943 0.7070950 0.1953671
f 490/490/490 491/491/491 492/492/492
v -0.2295703 -0.0000000 2.1438904
vn -0.6824299 0.7048321 -0.1936520
v -0.2438753 -0.0000000 2.1943014
vn -0.6824299 0.7048321 -0.1936520
v -0.2300000 0.0150000 2.2000000
vn -0.6824299 0.7048321 -0.1936520
f 493/493/493 494/494/494 495/495/495
v -0.2295703 -0.0000000 2.1438904
vn -0.6799131 0.7070994 -0.1942388
v -0.2300000 0.0150000 2.2000000
vn -0.6799131 0.7070994 -0.1942388
v -0.2151204 0.0150000 2.1479154
vn -0.6799131 0.7070994 -0.1942388
f 496/496/496 497/497/497 498/498/498
v -0.2151204 -0.0150000 2.1479154
vn -0.6820183 -0.7049030 -0.1948403
v -0.2300000 -0.0150000 2.2000000
vn -0.6820183 -0.7049030 -0.1948403
v -0.2438753 -0.0000000 2.1943014
vn -0.6820183 -0.7049030 -0.1948403
f 499/499/499 500/500/500 501/501/501
v -0.2151204 -0.0150000 2.1479154
vn -0.6802523 -0.7071030 -0.1930340
v -0.2438753 -0.0000000 2.1943014
vn -0.6802523 -0.7071030 -0.1930340
v -0.2295703 -0.0000000 2.1438904
vn -0.6802523 -0.7071030 -0.1930340
f 502/502/502 503/503/503 504/504/504
o pz_street_pole_06_|_curved_native_lantern_glass
usemtl glass
v -0.1900000 0.0000000 2.2000000
vn 0.0000000 0.0000000 -1.0000000
v -0.1953590 -0.0200000 2.2000000
vn 0.0000000 0.0000000 -1.0000000
v -0.2100000 -0.0346410 2.2000000
vn 0.0000000 0.0000000 -1.0000000
f 505/505/505 506/506/506 507/507/507
v -0.2100000 -0.0346410 2.2000000
vn 0.0000000 0.0000000 -0.9999999
v -0.2300000 -0.0400000 2.2000000
vn 0.0000000 0.0000000 -0.9999999
v -0.2500000 -0.0346410 2.2000000
vn 0.0000000 0.0000000 -0.9999999
f 508/508/508 509/509/509 510/510/510
v -0.2500000 -0.0346410 2.2000000
vn 0.0000000 0.0000000 -0.9999999
v -0.2646410 -0.0200000 2.2000000
vn 0.0000000 0.0000000 -0.9999999
v -0.2700000 0.0000000 2.2000000
vn 0.0000000 0.0000000 -0.9999999
f 511/511/511 512/512/512 513/513/513
v -0.2700000 0.0000000 2.2000000
vn 0.0000000 0.0000000 -0.9999999
v -0.2646410 0.0200000 2.2000000
vn 0.0000000 0.0000000 -0.9999999
v -0.2500000 0.0346410 2.2000000
vn 0.0000000 0.0000000 -0.9999999
f 514/514/514 515/515/515 516/516/516
v -0.2500000 0.0346410 2.2000000
vn -0.0000000 0.0000000 -0.9999999
v -0.2300000 0.0400000 2.2000000
vn -0.0000000 0.0000000 -0.9999999
v -0.2100000 0.0346410 2.2000000
vn -0.0000000 0.0000000 -0.9999999
f 517/517/517 518/518/518 519/519/519
v -0.2100000 0.0346410 2.2000000
vn 0.0000000 0.0000000 -1.0000000
v -0.1953590 0.0200000 2.2000000
vn 0.0000000 0.0000000 -1.0000000
v -0.1900000 0.0000000 2.2000000
vn 0.0000000 0.0000000 -1.0000000
f 520/520/520 521/521/521 522/522/522
v -0.1900000 0.0000000 2.2000000
vn 0.0000000 0.0000000 -1.0000000
v -0.2100000 -0.0346410 2.2000000
vn 0.0000000 0.0000000 -1.0000000
v -0.2500000 -0.0346410 2.2000000
vn 0.0000000 0.0000000 -1.0000000
f 523/523/523 524/524/524 525/525/525
v -0.2500000 -0.0346410 2.2000000
vn 0.0000000 -0.0000000 -1.0000000
v -0.2700000 0.0000000 2.2000000
vn 0.0000000 -0.0000000 -1.0000000
v -0.2500000 0.0346410 2.2000000
vn 0.0000000 -0.0000000 -1.0000000
f 526/526/526 527/527/527 528/528/528
v -0.2500000 0.0346410 2.2000000
vn 0.0000000 0.0000000 -1.0000000
v -0.2100000 0.0346410 2.2000000
vn 0.0000000 0.0000000 -1.0000000
v -0.1900000 0.0000000 2.2000000
vn 0.0000000 0.0000000 -1.0000000
f 529/529/529 530/530/530 531/531/531
v -0.2500000 -0.0346410 2.2000000
vn -0.0000000 -0.0000000 -1.0000000
v -0.2500000 0.0346410 2.2000000
vn -0.0000000 -0.0000000 -1.0000000
v -0.1900000 0.0000000 2.2000000
vn -0.0000000 -0.0000000 -1.0000000
f 532/532/532 533/533/533 534/534/534
v -0.1780385 -0.0300000 2.4000001
vn 0.0000000 0.0000000 1.0000000
v -0.1700000 0.0000000 2.4000001
vn 0.0000000 0.0000000 1.0000000
v -0.1780385 0.0300000 2.4000001
vn 0.0000000 0.0000000 1.0000000
f 535/535/535 536/536/536 537/537/537
v -0.1780385 0.0300000 2.4000001
vn 0.0000000 0.0000000 1.0000000
v -0.2000000 0.0519615 2.4000001
vn 0.0000000 0.0000000 1.0000000
v -0.2300000 0.0600000 2.4000001
vn 0.0000000 0.0000000 1.0000000
f 538/538/538 539/539/539 540/540/540
v -0.2300000 0.0600000 2.4000001
vn 0.0000000 0.0000000 1.0000000
v -0.2600000 0.0519615 2.4000001
vn 0.0000000 0.0000000 1.0000000
v -0.2819615 0.0300000 2.4000001
vn 0.0000000 0.0000000 1.0000000
f 541/541/541 542/542/542 543/543/543
v -0.2819615 0.0300000 2.4000001
vn 0.0000000 -0.0000000 1.0000000
v -0.2900000 0.0000000 2.4000001
vn 0.0000000 -0.0000000 1.0000000
v -0.2819615 -0.0300000 2.4000001
vn 0.0000000 -0.0000000 1.0000000
f 544/544/544 545/545/545 546/546/546
v -0.2819615 -0.0300000 2.4000001
vn 0.0000000 0.0000000 1.0000000
v -0.2600000 -0.0519615 2.4000001
vn 0.0000000 0.0000000 1.0000000
v -0.2300000 -0.0600000 2.4000001
vn 0.0000000 0.0000000 1.0000000
f 547/547/547 548/548/548 549/549/549
v -0.2300000 -0.0600000 2.4000001
vn 0.0000000 0.0000000 1.0000000
v -0.2000000 -0.0519615 2.4000001
vn 0.0000000 0.0000000 1.0000000
v -0.1780385 -0.0300000 2.4000001
vn 0.0000000 0.0000000 1.0000000
f 550/550/550 551/551/551 552/552/552
v -0.1780385 -0.0300000 2.4000001
vn 0.0000000 0.0000000 1.0000000
v -0.1780385 0.0300000 2.4000001
vn 0.0000000 0.0000000 1.0000000
v -0.2300000 0.0600000 2.4000001
vn 0.0000000 0.0000000 1.0000000
f 553/553/553 554/554/554 555/555/555
v -0.2300000 0.0600000 2.4000001
vn 0.0000000 0.0000000 1.0000000
v -0.2819615 0.0300000 2.4000001
vn 0.0000000 0.0000000 1.0000000
v -0.2819615 -0.0300000 2.4000001
vn 0.0000000 0.0000000 1.0000000
f 556/556/556 557/557/557 558/558/558
v -0.2819615 -0.0300000 2.4000001
vn 0.0000000 0.0000000 1.0000000
v -0.2300000 -0.0600000 2.4000001
vn 0.0000000 0.0000000 1.0000000
v -0.1780385 -0.0300000 2.4000001
vn 0.0000000 0.0000000 1.0000000
f 559/559/559 560/560/560 561/561/561
v -0.2300000 0.0600000 2.4000001
vn 0.0000000 -0.0000000 1.0000000
v -0.2819615 -0.0300000 2.4000001
vn 0.0000000 -0.0000000 1.0000000
v -0.1780385 -0.0300000 2.4000001
vn 0.0000000 -0.0000000 1.0000000
f 562/562/562 563/563/563 564/564/564
v -0.1900000 0.0000000 2.2000000
vn 0.9297333 0.2491211 -0.2711724
v -0.1953590 0.0200000 2.2000000
vn 0.9297333 0.2491211 -0.2711724
v -0.1650481 0.0375000 2.3199999
vn 0.9297333 0.2491211 -0.2711724
f 565/565/565 566/566/566 567/567/567
v -0.1900000 0.0000000 2.2000000
vn 0.9297333 0.2491212 -0.2711724
v -0.1650481 0.0375000 2.3199999
vn 0.9297333 0.2491212 -0.2711724
v -0.1550000 0.0000000 2.3199999
vn 0.9297333 0.2491212 -0.2711724
f 568/568/568 569/569/569 570/570/570
v -0.1953590 0.0200000 2.2000000
vn 0.6806121 0.6806121 -0.2711725
v -0.2100000 0.0346410 2.2000000
vn 0.6806121 0.6806121 -0.2711725
v -0.1925000 0.0649519 2.3199999
vn 0.6806121 0.6806121 -0.2711725
f 571/571/571 572/572/572 573/573/573
v -0.1953590 0.0200000 2.2000000
vn 0.6806120 0.6806120 -0.2711725
v -0.1925000 0.0649519 2.3199999
vn 0.6806120 0.6806120 -0.2711725
v -0.1650481 0.0375000 2.3199999
vn 0.6806120 0.6806120 -0.2711725
f 574/574/574 575/575/575 576/576/576
v -0.2100000 0.0346410 2.2000000
vn 0.2491211 0.9297333 -0.2711725
v -0.2300000 0.0400000 2.2000000
vn 0.2491211 0.9297333 -0.2711725
v -0.2300000 0.0750000 2.3199999
vn 0.2491211 0.9297333 -0.2711725
f 577/577/577 578/578/578 579/579/579
v -0.2100000 0.0346410 2.2000000
vn 0.2491213 0.9297333 -0.2711725
v -0.2300000 0.0750000 2.3199999
vn 0.2491213 0.9297333 -0.2711725
v -0.1925000 0.0649519 2.3199999
vn 0.2491213 0.9297333 -0.2711725
f 580/580/580 581/581/581 582/582/582
v -0.2300000 0.0400000 2.2000000
vn -0.2491212 0.9297332 -0.2711725
v -0.2500000 0.0346410 2.2000000
vn -0.2491212 0.9297332 -0.2711725
v -0.2675000 0.0649519 2.3199999
vn -0.2491212 0.9297332 -0.2711725
f 583/583/583 584/584/584 585/585/585
v -0.2300000 0.0400000 2.2000000
vn -0.2491213 0.9297333 -0.2711725
v -0.2675000 0.0649519 2.3199999
vn -0.2491213 0.9297333 -0.2711725
v -0.2300000 0.0750000 2.3199999
vn -0.2491213 0.9297333 -0.2711725
f 586/586/586 587/587/587 588/588/588
v -0.2500000 0.0346410 2.2000000
vn -0.6806120 0.6806120 -0.2711725
v -0.2646410 0.0200000 2.2000000
vn -0.6806120 0.6806120 -0.2711725
v -0.2949519 0.0375000 2.3199999
vn -0.6806120 0.6806120 -0.2711725
f 589/589/589 590/590/590 591/591/591
v -0.2500000 0.0346410 2.2000000
vn -0.6806120 0.6806120 -0.2711726
v -0.2949519 0.0375000 2.3199999
vn -0.6806120 0.6806120 -0.2711726
v -0.2675000 0.0649519 2.3199999
vn -0.6806120 0.6806120 -0.2711726
f 592/592/592 593/593/593 594/594/594
v -0.2646410 0.0200000 2.2000000
vn -0.9297333 0.2491218 -0.2711724
v -0.2700000 0.0000000 2.2000000
vn -0.9297333 0.2491218 -0.2711724
v -0.3050000 0.0000000 2.3199999
vn -0.9297333 0.2491218 -0.2711724
f 595/595/595 596/596/596 597/597/597
v -0.2646410 0.0200000 2.2000000
vn -0.9297333 0.2491212 -0.2711725
v -0.3050000 0.0000000 2.3199999
vn -0.9297333 0.2491212 -0.2711725
v -0.2949519 0.0375000 2.3199999
vn -0.9297333 0.2491212 -0.2711725
f 598/598/598 599/599/599 600/600/600
v -0.2700000 0.0000000 2.2000000
vn -0.9297332 -0.2491217 -0.2711726
v -0.2646410 -0.0200000 2.2000000
vn -0.9297332 -0.2491217 -0.2711726
v -0.2949519 -0.0375000 2.3199999
vn -0.9297332 -0.2491217 -0.2711726
f 601/601/601 602/602/602 603/603/603
v -0.2700000 0.0000000 2.2000000
vn -0.9297333 -0.2491212 -0.2711724
v -0.2949519 -0.0375000 2.3199999
vn -0.9297333 -0.2491212 -0.2711724
v -0.3050000 0.0000000 2.3199999
vn -0.9297333 -0.2491212 -0.2711724
f 604/604/604 605/605/605 606/606/606
v -0.2646410 -0.0200000 2.2000000
vn -0.6806120 -0.6806120 -0.2711725
v -0.2500000 -0.0346410 2.2000000
vn -0.6806120 -0.6806120 -0.2711725
v -0.2675000 -0.0649519 2.3199999
vn -0.6806120 -0.6806120 -0.2711725
f 607/607/607 608/608/608 609/609/609
v -0.2646410 -0.0200000 2.2000000
vn -0.6806120 -0.6806120 -0.2711726
v -0.2675000 -0.0649519 2.3199999
vn -0.6806120 -0.6806120 -0.2711726
v -0.2949519 -0.0375000 2.3199999
vn -0.6806120 -0.6806120 -0.2711726
f 610/610/610 611/611/611 612/612/612
v -0.2500000 -0.0346410 2.2000000
vn -0.2491212 -0.9297332 -0.2711725
v -0.2300000 -0.0400000 2.2000000
vn -0.2491212 -0.9297332 -0.2711725
v -0.2300000 -0.0750000 2.3199999
vn -0.2491212 -0.9297332 -0.2711725
f 613/613/613 614/614/614 615/615/615
v -0.2500000 -0.0346410 2.2000000
vn -0.2491213 -0.9297333 -0.2711725
v -0.2300000 -0.0750000 2.3199999
vn -0.2491213 -0.9297333 -0.2711725
v -0.2675000 -0.0649519 2.3199999
vn -0.2491213 -0.9297333 -0.2711725
f 616/616/616 617/617/617 618/618/618
v -0.2300000 -0.0400000 2.2000000
vn 0.2491211 -0.9297335 -0.2711725
v -0.2100000 -0.0346410 2.2000000
vn 0.2491211 -0.9297335 -0.2711725
v -0.1925000 -0.0649519 2.3199999
vn 0.2491211 -0.9297335 -0.2711725
f 619/619/619 620/620/620 621/621/621
v -0.2300000 -0.0400000 2.2000000
vn 0.2491213 -0.9297333 -0.2711725
v -0.1925000 -0.0649519 2.3199999
vn 0.2491213 -0.9297333 -0.2711725
v -0.2300000 -0.0750000 2.3199999
vn 0.2491213 -0.9297333 -0.2711725
f 622/622/622 623/623/623 624/624/624
v -0.2100000 -0.0346410 2.2000000
vn 0.6806121 -0.6806121 -0.2711725
v -0.1953590 -0.0200000 2.2000000
vn 0.6806121 -0.6806121 -0.2711725
v -0.1650481 -0.0375000 2.3199999
vn 0.6806121 -0.6806121 -0.2711725
f 625/625/625 626/626/626 627/627/627
v -0.2100000 -0.0346410 2.2000000
vn 0.6806120 -0.6806120 -0.2711725
v -0.1650481 -0.0375000 2.3199999
vn 0.6806120 -0.6806120 -0.2711725
v -0.1925000 -0.0649519 2.3199999
vn 0.6806120 -0.6806120 -0.2711725
f 628/628/628 629/629/629 630/630/630
v -0.1953590 -0.0200000 2.2000000
vn 0.9297333 -0.2491211 -0.2711725
v -0.1900000 0.0000000 2.2000000
vn 0.9297333 -0.2491211 -0.2711725
v -0.1550000 0.0000000 2.3199999
vn 0.9297333 -0.2491211 -0.2711725
f 631/631/631 632/632/632 633/633/633
v -0.1953590 -0.0200000 2.2000000
vn 0.9297333 -0.2491212 -0.2711724
v -0.1550000 0.0000000 2.3199999
vn 0.9297333 -0.2491212 -0.2711724
v -0.1650481 -0.0375000 2.3199999
vn 0.9297333 -0.2491212 -0.2711724
f 634/634/634 635/635/635 636/636/636
v -0.1550000 0.0000000 2.3199999
vn 0.9504635 0.2546758 0.1782116
v -0.1650481 0.0375000 2.3199999
vn 0.9504635 0.2546758 0.1782116
v -0.1780385 0.0300000 2.4000001
vn 0.9504635 0.2546758 0.1782116
f 637/637/637 638/638/638 639/639/639
v -0.1550000 0.0000000 2.3199999
vn 0.9504635 0.2546760 0.1782115
v -0.1780385 0.0300000 2.4000001
vn 0.9504635 0.2546760 0.1782115
v -0.1700000 0.0000000 2.4000001
vn 0.9504635 0.2546760 0.1782115
f 640/640/640 641/641/641 642/642/642
v -0.1650481 0.0375000 2.3199999
vn 0.6957875 0.6957875 0.1782116
v -0.1925000 0.0649519 2.3199999
vn 0.6957875 0.6957875 0.1782116
v -0.2000000 0.0519615 2.4000001
vn 0.6957875 0.6957875 0.1782116
f 643/643/643 644/644/644 645/645/645
v -0.1650481 0.0375000 2.3199999
vn 0.6957875 0.6957875 0.1782116
v -0.2000000 0.0519615 2.4000001
vn 0.6957875 0.6957875 0.1782116
v -0.1780385 0.0300000 2.4000001
vn 0.6957875 0.6957875 0.1782116
f 646/646/646 647/647/647 648/648/648
v -0.1925000 0.0649519 2.3199999
vn 0.2546760 0.9504635 0.1782116
v -0.2300000 0.0750000 2.3199999
vn 0.2546760 0.9504635 0.1782116
v -0.2300000 0.0600000 2.4000001
vn 0.2546760 0.9504635 0.1782116
f 649/649/649 650/650/650 651/651/651
v -0.1925000 0.0649519 2.3199999
vn 0.2546759 0.9504635 0.1782116
v -0.2300000 0.0600000 2.4000001
vn 0.2546759 0.9504635 0.1782116
v -0.2000000 0.0519615 2.4000001
vn 0.2546759 0.9504635 0.1782116
f 652/652/652 653/653/653 654/654/654
v -0.2300000 0.0750000 2.3199999
vn -0.2546760 0.9504635 0.1782116
v -0.2675000 0.0649519 2.3199999
vn -0.2546760 0.9504635 0.1782116
v -0.2600000 0.0519615 2.4000001
vn -0.2546760 0.9504635 0.1782116
f 655/655/655 656/656/656 657/657/657
v -0.2300000 0.0750000 2.3199999
vn -0.2546760 0.9504635 0.1782116
v -0.2600000 0.0519615 2.4000001
vn -0.2546760 0.9504635 0.1782116
v -0.2300000 0.0600000 2.4000001
vn -0.2546760 0.9504635 0.1782116
f 658/658/658 659/659/659 660/660/660
v -0.2675000 0.0649519 2.3199999
vn -0.6957875 0.6957875 0.1782116
v -0.2949519 0.0375000 2.3199999
vn -0.6957875 0.6957875 0.1782116
v -0.2819615 0.0300000 2.4000001
vn -0.6957875 0.6957875 0.1782116
f 661/661/661 662/662/662 663/663/663
v -0.2675000 0.0649519 2.3199999
vn -0.6957872 0.6957878 0.1782117
v -0.2819615 0.0300000 2.4000001
vn -0.6957872 0.6957878 0.1782117
v -0.2600000 0.0519615 2.4000001
vn -0.6957872 0.6957878 0.1782117
f 664/664/664 665/665/665 666/666/666
v -0.2949519 0.0375000 2.3199999
vn -0.9504635 0.2546758 0.1782117
v -0.3050000 0.0000000 2.3199999
vn -0.9504635 0.2546758 0.1782117
v -0.2900000 0.0000000 2.4000001
vn -0.9504635 0.2546758 0.1782117
f 667/667/667 668/668/668 669/669/669
v -0.2949519 0.0375000 2.3199999
vn -0.9504635 0.2546755 0.1782116
v -0.2900000 0.0000000 2.4000001
vn -0.9504635 0.2546755 0.1782116
v -0.2819615 0.0300000 2.4000001
vn -0.9504635 0.2546755 0.1782116
f 670/670/670 671/671/671 672/672/672
v -0.3050000 0.0000000 2.3199999
vn -0.9504635 -0.2546758 0.1782116
v -0.2949519 -0.0375000 2.3199999
vn -0.9504635 -0.2546758 0.1782116
v -0.2819615 -0.0300000 2.4000001
vn -0.9504635 -0.2546758 0.1782116
f 673/673/673 674/674/674 675/675/675
v -0.3050000 0.0000000 2.3199999
vn -0.9504635 -0.2546755 0.1782117
v -0.2819615 -0.0300000 2.4000001
vn -0.9504635 -0.2546755 0.1782117
v -0.2900000 0.0000000 2.4000001
vn -0.9504635 -0.2546755 0.1782117
f 676/676/676 677/677/677 678/678/678
v -0.2949519 -0.0375000 2.3199999
vn -0.6957875 -0.6957875 0.1782117
v -0.2675000 -0.0649519 2.3199999
vn -0.6957875 -0.6957875 0.1782117
v -0.2600000 -0.0519615 2.4000001
vn -0.6957875 -0.6957875 0.1782117
f 679/679/679 680/680/680 681/681/681
v -0.2949519 -0.0375000 2.3199999
vn -0.6957873 -0.6957878 0.1782116
v -0.2600000 -0.0519615 2.4000001
vn -0.6957873 -0.6957878 0.1782116
v -0.2819615 -0.0300000 2.4000001
vn -0.6957873 -0.6957878 0.1782116
f 682/682/682 683/683/683 684/684/684
v -0.2675000 -0.0649519 2.3199999
vn -0.2546760 -0.9504635 0.1782116
v -0.2300000 -0.0750000 2.3199999
vn -0.2546760 -0.9504635 0.1782116
v -0.2300000 -0.0600000 2.4000001
vn -0.2546760 -0.9504635 0.1782116
f 685/685/685 686/686/686 687/687/687
v -0.2675000 -0.0649519 2.3199999
vn -0.2546760 -0.9504635 0.1782116
v -0.2300000 -0.0600000 2.4000001
vn -0.2546760 -0.9504635 0.1782116
v -0.2600000 -0.0519615 2.4000001
vn -0.2546760 -0.9504635 0.1782116
f 688/688/688 689/689/689 690/690/690
v -0.2300000 -0.0750000 2.3199999
vn 0.2546760 -0.9504635 0.1782116
v -0.1925000 -0.0649519 2.3199999
vn 0.2546760 -0.9504635 0.1782116
v -0.2000000 -0.0519615 2.4000001
vn 0.2546760 -0.9504635 0.1782116
f 691/691/691 692/692/692 693/693/693
v -0.2300000 -0.0750000 2.3199999
vn 0.2546759 -0.9504634 0.1782116
v -0.2000000 -0.0519615 2.4000001
vn 0.2546759 -0.9504634 0.1782116
v -0.2300000 -0.0600000 2.4000001
vn 0.2546759 -0.9504634 0.1782116
f 694/694/694 695/695/695 696/696/696
v -0.1925000 -0.0649519 2.3199999
vn 0.6957875 -0.6957875 0.1782116
v -0.1650481 -0.0375000 2.3199999
vn 0.6957875 -0.6957875 0.1782116
v -0.1780385 -0.0300000 2.4000001
vn 0.6957875 -0.6957875 0.1782116
f 697/697/697 698/698/698 699/699/699
v -0.1925000 -0.0649519 2.3199999
vn 0.6957875 -0.6957875 0.1782116
v -0.1780385 -0.0300000 2.4000001
vn 0.6957875 -0.6957875 0.1782116
v -0.2000000 -0.0519615 2.4000001
vn 0.6957875 -0.6957875 0.1782116
f 700/700/700 701/701/701 702/702/702
v -0.1650481 -0.0375000 2.3199999
vn 0.9504635 -0.2546758 0.1782115
v -0.1550000 0.0000000 2.3199999
vn 0.9504635 -0.2546758 0.1782115
v -0.1700000 0.0000000 2.4000001
vn 0.9504635 -0.2546758 0.1782115
f 703/703/703 704/704/704 705/705/705
v -0.1650481 -0.0375000 2.3199999
vn 0.9504635 -0.2546760 0.1782116
v -0.1700000 0.0000000 2.4000001
vn 0.9504635 -0.2546760 0.1782116
v -0.1780385 -0.0300000 2.4000001
vn 0.9504635 -0.2546760 0.1782116
f 706/706/706 707/707/707 708/708/708
o pz_street_pole_06_|_lantern_cap
usemtl metal
v -0.1630000 0.0000000 2.4000001
vn 0.0000000 0.0000000 -1.0000000
v -0.1719763 -0.0335000 2.4000001
vn 0.0000000 0.0000000 -1.0000000
v -0.1965000 -0.0580237 2.4000001
vn 0.0000000 0.0000000 -1.0000000
f 709/709/709 710/710/710 711/711/711
v -0.1965000 -0.0580237 2.4000001
vn 0.0000000 0.0000000 -1.0000000
v -0.2300000 -0.0670000 2.4000001
vn 0.0000000 0.0000000 -1.0000000
v -0.2635000 -0.0580237 2.4000001
vn 0.0000000 0.0000000 -1.0000000
f 712/712/712 713/713/713 714/714/714
v -0.2635000 -0.0580237 2.4000001
vn 0.0000000 0.0000000 -1.0000000
v -0.2880237 -0.0335000 2.4000001
vn 0.0000000 0.0000000 -1.0000000
v -0.2970000 0.0000000 2.4000001
vn 0.0000000 0.0000000 -1.0000000
f 715/715/715 716/716/716 717/717/717
v -0.2970000 0.0000000 2.4000001
vn 0.0000000 0.0000000 -1.0000000
v -0.2880237 0.0335000 2.4000001
vn 0.0000000 0.0000000 -1.0000000
v -0.2635000 0.0580237 2.4000001
vn 0.0000000 0.0000000 -1.0000000
f 718/718/718 719/719/719 720/720/720
v -0.2635000 0.0580237 2.4000001
vn -0.0000000 0.0000000 -1.0000000
v -0.2300000 0.0670000 2.4000001
vn -0.0000000 0.0000000 -1.0000000
v -0.1965000 0.0580237 2.4000001
vn -0.0000000 0.0000000 -1.0000000
f 721/721/721 722/722/722 723/723/723
v -0.1965000 0.0580237 2.4000001
vn 0.0000000 0.0000000 -1.0000000
v -0.1719763 0.0335000 2.4000001
vn 0.0000000 0.0000000 -1.0000000
v -0.1630000 0.0000000 2.4000001
vn 0.0000000 0.0000000 -1.0000000
f 724/724/724 725/725/725 726/726/726
v -0.1630000 0.0000000 2.4000001
vn 0.0000000 0.0000000 -0.9999999
v -0.1965000 -0.0580237 2.4000001
vn 0.0000000 0.0000000 -0.9999999
v -0.2635000 -0.0580237 2.4000001
vn 0.0000000 0.0000000 -0.9999999
f 727/727/727 728/728/728 729/729/729
v -0.2635000 -0.0580237 2.4000001
vn 0.0000000 -0.0000000 -1.0000000
v -0.2970000 0.0000000 2.4000001
vn 0.0000000 -0.0000000 -1.0000000
v -0.2635000 0.0580237 2.4000001
vn 0.0000000 -0.0000000 -1.0000000
f 730/730/730 731/731/731 732/732/732
v -0.2635000 0.0580237 2.4000001
vn 0.0000000 0.0000000 -0.9999999
v -0.1965000 0.0580237 2.4000001
vn 0.0000000 0.0000000 -0.9999999
v -0.1630000 0.0000000 2.4000001
vn 0.0000000 0.0000000 -0.9999999
f 733/733/733 734/734/734 735/735/735
v -0.2635000 -0.0580237 2.4000001
vn -0.0000000 -0.0000000 -1.0000000
v -0.2635000 0.0580237 2.4000001
vn -0.0000000 -0.0000000 -1.0000000
v -0.1630000 0.0000000 2.4000001
vn -0.0000000 -0.0000000 -1.0000000
f 736/736/736 737/737/737 738/738/738
v -0.2196077 -0.0060000 2.5000000
vn 0.0000000 0.0000000 1.0000000
v -0.2180000 0.0000000 2.5000000
vn 0.0000000 0.0000000 1.0000000
v -0.2196077 0.0060000 2.5000000
vn 0.0000000 0.0000000 1.0000000
f 739/739/739 740/740/740 741/741/741
v -0.2196077 0.0060000 2.5000000
vn 0.0000000 0.0000000 1.0000000
v -0.2240000 0.0103923 2.5000000
vn 0.0000000 0.0000000 1.0000000
v -0.2300000 0.0120000 2.5000000
vn 0.0000000 0.0000000 1.0000000
f 742/742/742 743/743/743 744/744/744
v -0.2300000 0.0120000 2.5000000
vn 0.0000000 0.0000000 1.0000000
v -0.2360000 0.0103923 2.5000000
vn 0.0000000 0.0000000 1.0000000
v -0.2403923 0.0060000 2.5000000
vn 0.0000000 0.0000000 1.0000000
f 745/745/745 746/746/746 747/747/747
v -0.2403923 0.0060000 2.5000000
vn 0.0000000 -0.0000000 1.0000000
v -0.2420000 0.0000000 2.5000000
vn 0.0000000 -0.0000000 1.0000000
v -0.2403923 -0.0060000 2.5000000
vn 0.0000000 -0.0000000 1.0000000
f 748/748/748 749/749/749 750/750/750
v -0.2403923 -0.0060000 2.5000000
vn 0.0000000 0.0000000 1.0000000
v -0.2360000 -0.0103923 2.5000000
vn 0.0000000 0.0000000 1.0000000
v -0.2300000 -0.0120000 2.5000000
vn 0.0000000 0.0000000 1.0000000
f 751/751/751 752/752/752 753/753/753
v -0.2300000 -0.0120000 2.5000000
vn 0.0000000 0.0000000 1.0000000
v -0.2240000 -0.0103923 2.5000000
vn 0.0000000 0.0000000 1.0000000
v -0.2196077 -0.0060000 2.5000000
vn 0.0000000 0.0000000 1.0000000
f 754/754/754 755/755/755 756/756/756
v -0.2196077 -0.0060000 2.5000000
vn 0.0000000 0.0000000 1.0000000
v -0.2196077 0.0060000 2.5000000
vn 0.0000000 0.0000000 1.0000000
v -0.2300000 0.0120000 2.5000000
vn 0.0000000 0.0000000 1.0000000
f 757/757/757 758/758/758 759/759/759
v -0.2300000 0.0120000 2.5000000
vn 0.0000000 0.0000000 1.0000000
v -0.2403923 0.0060000 2.5000000
vn 0.0000000 0.0000000 1.0000000
v -0.2403923 -0.0060000 2.5000000
vn 0.0000000 0.0000000 1.0000000
f 760/760/760 761/761/761 762/762/762
v -0.2403923 -0.0060000 2.5000000
vn 0.0000000 0.0000000 1.0000000
v -0.2300000 -0.0120000 2.5000000
vn 0.0000000 0.0000000 1.0000000
v -0.2196077 -0.0060000 2.5000000
vn 0.0000000 0.0000000 1.0000000
f 763/763/763 764/764/764 765/765/765
v -0.2300000 0.0120000 2.5000000
vn 0.0000000 -0.0000000 0.9999999
v -0.2403923 -0.0060000 2.5000000
vn 0.0000000 -0.0000000 0.9999999
v -0.2196077 -0.0060000 2.5000000
vn 0.0000000 -0.0000000 0.9999999
f 766/766/766 767/767/767 768/768/768
v -0.1630000 0.0000000 2.4000001
vn 0.8836154 0.2367640 0.4039388
v -0.1719763 0.0335000 2.4000001
vn 0.8836154 0.2367640 0.4039388
v -0.1996891 0.0175000 2.4700000
vn 0.8836154 0.2367640 0.4039388
f 769/769/769 770/770/770 771/771/771
v -0.1630000 0.0000000 2.4000001
vn 0.8836154 0.2367641 0.4039387
v -0.1996891 0.0175000 2.4700000
vn 0.8836154 0.2367641 0.4039387
v -0.1950000 0.0000000 2.4700000
vn 0.8836154 0.2367641 0.4039387
f 772/772/772 773/773/773 774/774/774
v -0.1719763 0.0335000 2.4000001
vn 0.6468512 0.6468514 0.4039389
v -0.1965000 0.0580237 2.4000001
vn 0.6468512 0.6468514 0.4039389
v -0.2125000 0.0303109 2.4700000
vn 0.6468512 0.6468514 0.4039389
f 775/775/775 776/776/776 777/777/777
v -0.1719763 0.0335000 2.4000001
vn 0.6468511 0.6468516 0.4039387
v -0.2125000 0.0303109 2.4700000
vn 0.6468511 0.6468516 0.4039387
v -0.1996891 0.0175000 2.4700000
vn 0.6468511 0.6468516 0.4039387
f 778/778/778 779/779/779 780/780/780
v -0.1965000 0.0580237 2.4000001
vn 0.2367640 0.8836153 0.4039389
v -0.2300000 0.0670000 2.4000001
vn 0.2367640 0.8836153 0.4039389
v -0.2300000 0.0350000 2.4700000
vn 0.2367640 0.8836153 0.4039389
f 781/781/781 782/782/782 783/783/783
v -0.1965000 0.0580237 2.4000001
vn 0.2367640 0.8836154 0.4039388
v -0.2300000 0.0350000 2.4700000
vn 0.2367640 0.8836154 0.4039388
v -0.2125000 0.0303109 2.4700000
vn 0.2367640 0.8836154 0.4039388
f 784/784/784 785/785/785 786/786/786
v -0.2300000 0.0670000 2.4000001
vn -0.2367641 0.8836154 0.4039389
v -0.2635000 0.0580237 2.4000001
vn -0.2367641 0.8836154 0.4039389
v -0.2475000 0.0303109 2.4700000
vn -0.2367641 0.8836154 0.4039389
f 787/787/787 788/788/788 789/789/789
v -0.2300000 0.0670000 2.4000001
vn -0.2367640 0.8836154 0.4039388
v -0.2475000 0.0303109 2.4700000
vn -0.2367640 0.8836154 0.4039388
v -0.2300000 0.0350000 2.4700000
vn -0.2367640 0.8836154 0.4039388
f 790/790/790 791/791/791 792/792/792
v -0.2635000 0.0580237 2.4000001
vn -0.6468512 0.6468514 0.4039389
v -0.2880237 0.0335000 2.4000001
vn -0.6468512 0.6468514 0.4039389
v -0.2603109 0.0175000 2.4700000
vn -0.6468512 0.6468514 0.4039389
f 793/793/793 794/794/794 795/795/795
v -0.2635000 0.0580237 2.4000001
vn -0.6468515 0.6468512 0.4039389
v -0.2603109 0.0175000 2.4700000
vn -0.6468515 0.6468512 0.4039389
v -0.2475000 0.0303109 2.4700000
vn -0.6468515 0.6468512 0.4039389
f 796/796/796 797/797/797 798/798/798
v -0.2880237 0.0335000 2.4000001
vn -0.8836154 0.2367636 0.4039389
v -0.2970000 0.0000000 2.4000001
vn -0.8836154 0.2367636 0.4039389
v -0.2650000 0.0000000 2.4700000
vn -0.8836154 0.2367636 0.4039389
f 799/799/799 800/800/800 801/801/801
v -0.2880237 0.0335000 2.4000001
vn -0.8836156 0.2367634 0.4039389
v -0.2650000 0.0000000 2.4700000
vn -0.8836156 0.2367634 0.4039389
v -0.2603109 0.0175000 2.4700000
vn -0.8836156 0.2367634 0.4039389
f 802/802/802 803/803/803 804/804/804
v -0.2970000 0.0000000 2.4000001
vn -0.8836155 -0.2367636 0.4039389
v -0.2880237 -0.0335000 2.4000001
vn -0.8836155 -0.2367636 0.4039389
v -0.2603109 -0.0175000 2.4700000
vn -0.8836155 -0.2367636 0.4039389
f 805/805/805 806/806/806 807/807/807
v -0.2970000 0.0000000 2.4000001
vn -0.8836155 -0.2367634 0.4039390
v -0.2603109 -0.0175000 2.4700000
vn -0.8836155 -0.2367634 0.4039390
v -0.2650000 0.0000000 2.4700000
vn -0.8836155 -0.2367634 0.4039390
f 808/808/808 809/809/809 810/810/810
v -0.2880237 -0.0335000 2.4000001
vn -0.6468512 -0.6468514 0.4039389
v -0.2635000 -0.0580237 2.4000001
vn -0.6468512 -0.6468514 0.4039389
v -0.2475000 -0.0303109 2.4700000
vn -0.6468512 -0.6468514 0.4039389
f 811/811/811 812/812/812 813/813/813
v -0.2880237 -0.0335000 2.4000001
vn -0.6468514 -0.6468512 0.4039389
v -0.2475000 -0.0303109 2.4700000
vn -0.6468514 -0.6468512 0.4039389
v -0.2603109 -0.0175000 2.4700000
vn -0.6468514 -0.6468512 0.4039389
f 814/814/814 815/815/815 816/816/816
v -0.2635000 -0.0580237 2.4000001
vn -0.2367640 -0.8836153 0.4039389
v -0.2300000 -0.0670000 2.4000001
vn -0.2367640 -0.8836153 0.4039389
v -0.2300000 -0.0350000 2.4700000
vn -0.2367640 -0.8836153 0.4039389
f 817/817/817 818/818/818 819/819/819
v -0.2635000 -0.0580237 2.4000001
vn -0.2367640 -0.8836154 0.4039388
v -0.2300000 -0.0350000 2.4700000
vn -0.2367640 -0.8836154 0.4039388
v -0.2475000 -0.0303109 2.4700000
vn -0.2367640 -0.8836154 0.4039388
f 820/820/820 821/821/821 822/822/822
v -0.2300000 -0.0670000 2.4000001
vn 0.2367641 -0.8836154 0.4039389
v -0.1965000 -0.0580237 2.4000001
vn 0.2367641 -0.8836154 0.4039389
v -0.2125000 -0.0303109 2.4700000
vn 0.2367641 -0.8836154 0.4039389
f 823/823/823 824/824/824 825/825/825
v -0.2300000 -0.0670000 2.4000001
vn 0.2367640 -0.8836154 0.4039388
v -0.2125000 -0.0303109 2.4700000
vn 0.2367640 -0.8836154 0.4039388
v -0.2300000 -0.0350000 2.4700000
vn 0.2367640 -0.8836154 0.4039388
f 826/826/826 827/827/827 828/828/828
v -0.1965000 -0.0580237 2.4000001
vn 0.6468513 -0.6468515 0.4039388
v -0.1719763 -0.0335000 2.4000001
vn 0.6468513 -0.6468515 0.4039388
v -0.1996891 -0.0175000 2.4700000
vn 0.6468513 -0.6468515 0.4039388
f 829/829/829 830/830/830 831/831/831
v -0.1965000 -0.0580237 2.4000001
vn 0.6468511 -0.6468516 0.4039389
v -0.1996891 -0.0175000 2.4700000
vn 0.6468511 -0.6468516 0.4039389
v -0.2125000 -0.0303109 2.4700000
vn 0.6468511 -0.6468516 0.4039389
f 832/832/832 833/833/833 834/834/834
v -0.1719763 -0.0335000 2.4000001
vn 0.8836154 -0.2367640 0.4039387
v -0.1630000 0.0000000 2.4000001
vn 0.8836154 -0.2367640 0.4039387
v -0.1950000 0.0000000 2.4700000
vn 0.8836154 -0.2367640 0.4039387
f 835/835/835 836/836/836 837/837/837
v -0.1719763 -0.0335000 2.4000001
vn 0.8836154 -0.2367641 0.4039388
v -0.1950000 0.0000000 2.4700000
vn 0.8836154 -0.2367641 0.4039388
v -0.1996891 -0.0175000 2.4700000
vn 0.8836154 -0.2367641 0.4039388
f 838/838/838 839/839/839 840/840/840
v -0.1950000 0.0000000 2.4700000
vn 0.7762497 0.2079955 0.5951255
v -0.1996891 0.0175000 2.4700000
vn 0.7762497 0.2079955 0.5951255
v -0.2196077 0.0060000 2.5000000
vn 0.7762497 0.2079955 0.5951255
f 841/841/841 842/842/842 843/843/843
v -0.1950000 0.0000000 2.4700000
vn 0.7762495 0.2079962 0.5951253
v -0.2196077 0.0060000 2.5000000
vn 0.7762495 0.2079962 0.5951253
v -0.2180000 0.0000000 2.5000000
vn 0.7762495 0.2079962 0.5951253
f 844/844/844 845/845/845 846/846/846
v -0.1996891 0.0175000 2.4700000
vn 0.5682540 0.5682544 0.5951254
v -0.2125000 0.0303109 2.4700000
vn 0.5682540 0.5682544 0.5951254
v -0.2240000 0.0103923 2.5000000
vn 0.5682540 0.5682544 0.5951254
f 847/847/847 848/848/848 849/849/849
v -0.1996891 0.0175000 2.4700000
vn 0.5682538 0.5682547 0.5951254
v -0.2240000 0.0103923 2.5000000
vn 0.5682538 0.5682547 0.5951254
v -0.2196077 0.0060000 2.5000000
vn 0.5682538 0.5682547 0.5951254
f 850/850/850 851/851/851 852/852/852
v -0.2125000 0.0303109 2.4700000
vn 0.2079955 0.7762498 0.5951254
v -0.2300000 0.0350000 2.4700000
vn 0.2079955 0.7762498 0.5951254
v -0.2300000 0.0120000 2.5000000
vn 0.2079955 0.7762498 0.5951254
f 853/853/853 854/854/854 855/855/855
v -0.2125000 0.0303109 2.4700000
vn 0.2079956 0.7762496 0.5951254
v -0.2300000 0.0120000 2.5000000
vn 0.2079956 0.7762496 0.5951254
v -0.2240000 0.0103923 2.5000000
vn 0.2079956 0.7762496 0.5951254
f 856/856/856 857/857/857 858/858/858
v -0.2300000 0.0350000 2.4700000
vn -0.2079955 0.7762498 0.5951254
v -0.2475000 0.0303109 2.4700000
vn -0.2079955 0.7762498 0.5951254
v -0.2360000 0.0103923 2.5000000
vn -0.2079955 0.7762498 0.5951254
f 859/859/859 860/860/860 861/861/861
v -0.2300000 0.0350000 2.4700000
vn -0.2079956 0.7762496 0.5951253
v -0.2360000 0.0103923 2.5000000
vn -0.2079956 0.7762496 0.5951253
v -0.2300000 0.0120000 2.5000000
vn -0.2079956 0.7762496 0.5951253
f 862/862/862 863/863/863 864/864/864
v -0.2475000 0.0303109 2.4700000
vn -0.5682543 0.5682541 0.5951255
v -0.2603109 0.0175000 2.4700000
vn -0.5682543 0.5682541 0.5951255
v -0.2403923 0.0060000 2.5000000
vn -0.5682543 0.5682541 0.5951255
f 865/865/865 866/866/866 867/867/867
v -0.2475000 0.0303109 2.4700000
vn -0.5682548 0.5682538 0.5951253
v -0.2403923 0.0060000 2.5000000
vn -0.5682548 0.5682538 0.5951253
v -0.2360000 0.0103923 2.5000000
vn -0.5682548 0.5682538 0.5951253
f 868/868/868 869/869/869 870/870/870
v -0.2603109 0.0175000 2.4700000
vn -0.7762500 0.2079949 0.5951252
v -0.2650000 0.0000000 2.4700000
vn -0.7762500 0.2079949 0.5951252
v -0.2420000 0.0000000 2.5000000
vn -0.7762500 0.2079949 0.5951252
f 871/871/871 872/872/872 873/873/873
v -0.2603109 0.0175000 2.4700000
vn -0.7762494 0.2079962 0.5951256
v -0.2420000 0.0000000 2.5000000
vn -0.7762494 0.2079962 0.5951256
v -0.2403923 0.0060000 2.5000000
vn -0.7762494 0.2079962 0.5951256
f 874/874/874 875/875/875 876/876/876
v -0.2650000 0.0000000 2.4700000
vn -0.7762498 -0.2079949 0.5951254
v -0.2603109 -0.0175000 2.4700000
vn -0.7762498 -0.2079949 0.5951254
v -0.2403923 -0.0060000 2.5000000
vn -0.7762498 -0.2079949 0.5951254
f 877/877/877 878/878/878 879/879/879
v -0.2650000 0.0000000 2.4700000
vn -0.7762498 -0.2079963 0.5951251
v -0.2403923 -0.0060000 2.5000000
vn -0.7762498 -0.2079963 0.5951251
v -0.2420000 0.0000000 2.5000000
vn -0.7762498 -0.2079963 0.5951251
f 880/880/880 881/881/881 882/882/882
v -0.2603109 -0.0175000 2.4700000
vn -0.5682544 -0.5682542 0.5951254
v -0.2475000 -0.0303109 2.4700000
vn -0.5682544 -0.5682542 0.5951254
v -0.2360000 -0.0103923 2.5000000
vn -0.5682544 -0.5682542 0.5951254
f 883/883/883 884/884/884 885/885/885
v -0.2603109 -0.0175000 2.4700000
vn -0.5682546 -0.5682536 0.5951255
v -0.2360000 -0.0103923 2.5000000
vn -0.5682546 -0.5682536 0.5951255
v -0.2403923 -0.0060000 2.5000000
vn -0.5682546 -0.5682536 0.5951255
f 886/886/886 887/887/887 888/888/888
v -0.2475000 -0.0303109 2.4700000
vn -0.2079955 -0.7762498 0.5951254
v -0.2300000 -0.0350000 2.4700000
vn -0.2079955 -0.7762498 0.5951254
v -0.2300000 -0.0120000 2.5000000
vn -0.2079955 -0.7762498 0.5951254
f 889/889/889 890/890/890 891/891/891
v -0.2475000 -0.0303109 2.4700000
vn -0.2079956 -0.7762496 0.5951254
v -0.2300000 -0.0120000 2.5000000
vn -0.2079956 -0.7762496 0.5951254
v -0.2360000 -0.0103923 2.5000000
vn -0.2079956 -0.7762496 0.5951254
f 892/892/892 893/893/893 894/894/894
v -0.2300000 -0.0350000 2.4700000
vn 0.2079955 -0.7762498 0.5951254
v -0.2125000 -0.0303109 2.4700000
vn 0.2079955 -0.7762498 0.5951254
v -0.2240000 -0.0103923 2.5000000
vn 0.2079955 -0.7762498 0.5951254
f 895/895/895 896/896/896 897/897/897
v -0.2300000 -0.0350000 2.4700000
vn 0.2079956 -0.7762496 0.5951253
v -0.2240000 -0.0103923 2.5000000
vn 0.2079956 -0.7762496 0.5951253
v -0.2300000 -0.0120000 2.5000000
vn 0.2079956 -0.7762496 0.5951253
f 898/898/898 899/899/899 900/900/900
v -0.2125000 -0.0303109 2.4700000
vn 0.5682540 -0.5682544 0.5951254
v -0.1996891 -0.0175000 2.4700000
vn 0.5682540 -0.5682544 0.5951254
v -0.2196077 -0.0060000 2.5000000
vn 0.5682540 -0.5682544 0.5951254
f 901/901/901 902/902/902 903/903/903
v -0.2125000 -0.0303109 2.4700000
vn 0.5682537 -0.5682546 0.5951254
v -0.2196077 -0.0060000 2.5000000
vn 0.5682537 -0.5682546 0.5951254
v -0.2240000 -0.0103923 2.5000000
vn 0.5682537 -0.5682546 0.5951254
f 904/904/904 905/905/905 906/906/906
v -0.1996891 -0.0175000 2.4700000
vn 0.7762497 -0.2079955 0.5951254
v -0.1950000 0.0000000 2.4700000
vn 0.7762497 -0.2079955 0.5951254
v -0.2180000 0.0000000 2.5000000
vn 0.7762497 -0.2079955 0.5951254
f 907/907/907 908/908/908 909/909/909
v -0.1996891 -0.0175000 2.4700000
vn 0.7762494 -0.2079962 0.5951256
v -0.2180000 0.0000000 2.5000000
vn 0.7762494 -0.2079962 0.5951256
v -0.2196077 -0.0060000 2.5000000
vn 0.7762494 -0.2079962 0.5951256
f 910/910/910 911/911/911 912/912/912
o pz_street_pole_06_|_EDITABLE_ornamental_lamp_arm.001
usemtl metal
v 0.2300000 0.0150000 2.2000000
vn 0.3799128 -0.0000000 0.9250222
v 0.2300000 -0.0150000 2.2000000
vn 0.3799128 -0.0000000 0.9250222
v 0.2438753 0.0000000 2.1943014
vn 0.3799128 -0.0000000 0.9250222
f 913/913/913 914/914/914 915/915/915
v 0.2161247 -0.0000000 2.2056987
vn 0.3799128 0.0000000 0.9250222
v 0.2300000 -0.0150000 2.2000000
vn 0.3799128 0.0000000 0.9250222
v 0.2300000 0.0150000 2.2000000
vn 0.3799128 0.0000000 0.9250222
f 916/916/916 917/917/917 918/918/918
v -0.0000000 -0.0150000 2.0200000
vn -0.9741526 0.0000001 -0.2258912
v 0.0000000 0.0150000 2.0200000
vn -0.9741526 0.0000001 -0.2258912
v 0.0033883 0.0000000 2.0053878
vn -0.9741526 0.0000001 -0.2258912
f 919/919/919 920/920/920 921/921/921
v -0.0033883 -0.0000000 2.0346122
vn -0.9741526 0.0000001 -0.2258912
v 0.0000000 0.0150000 2.0200000
vn -0.9741526 0.0000001 -0.2258912
v -0.0000000 -0.0150000 2.0200000
vn -0.9741526 0.0000001 -0.2258912
f 922/922/922 923/923/923 924/924/924
v -0.0033883 -0.0000000 2.0346122
vn -0.0831350 0.7070972 0.7022122
v 0.0613042 -0.0000000 2.0422711
vn -0.0831350 0.7070972 0.7022122
v 0.0629480 0.0150000 2.0273614
vn -0.0831350 0.7070972 0.7022122
f 925/925/925 926/926/926 927/927/927
v -0.0033883 -0.0000000 2.0346122
vn -0.0823878 0.7049012 0.7045045
v 0.0629480 0.0150000 2.0273614
vn -0.0823878 0.7049012 0.7045045
v 0.0000000 0.0150000 2.0200000
vn -0.0823878 0.7049012 0.7045045
f 928/928/928 929/929/929 930/930/930
v -0.0000000 -0.0150000 2.0200000
vn -0.0821331 -0.7071010 0.7023264
v 0.0629480 -0.0150000 2.0273614
vn -0.0821331 -0.7071010 0.7023264
v 0.0613042 -0.0000000 2.0422711
vn -0.0821331 -0.7071010 0.7023264
f 931/931/931 932/932/932 933/933/933
v -0.0000000 -0.0150000 2.0200000
vn -0.0833858 -0.7049574 0.7043308
v 0.0613042 -0.0000000 2.0422711
vn -0.0833858 -0.7049574 0.7043308
v -0.0033883 -0.0000000 2.0346122
vn -0.0833858 -0.7049574 0.7043308
f 934/934/934 935/935/935 936/936/936
v 0.0033883 0.0000000 2.0053878
vn 0.0810737 -0.7071041 -0.7024465
v 0.0645918 0.0000000 2.0124516
vn 0.0810737 -0.7071041 -0.7024465
v 0.0629480 -0.0150000 2.0273614
vn 0.0810737 -0.7071041 -0.7024465
f 937/937/937 938/938/938 939/939/939
v 0.0033883 0.0000000 2.0053878
vn 0.0823878 -0.7049011 -0.7045045
v 0.0629480 -0.0150000 2.0273614
vn 0.0823878 -0.7049011 -0.7045045
v -0.0000000 -0.0150000 2.0200000
vn 0.0823878 -0.7049011 -0.7045045
f 940/940/940 941/941/941 942/942/942
v 0.0000000 0.0150000 2.0200000
vn 0.0821331 0.7071010 -0.7023263
v 0.0629480 0.0150000 2.0273614
vn 0.0821331 0.7071010 -0.7023263
v 0.0645918 0.0000000 2.0124516
vn 0.0821331 0.7071010 -0.7023263
f 943/943/943 944/944/944 945/945/945
v 0.0000000 0.0150000 2.0200000
vn 0.0813323 0.7048410 -0.7046873
v 0.0645918 0.0000000 2.0124516
vn 0.0813323 0.7048410 -0.7046873
v 0.0033883 0.0000000 2.0053878
vn 0.0813323 0.7048410 -0.7046873
f 946/946/946 947/947/947 948/948/948
v 0.0613042 -0.0000000 2.0422711
vn -0.0702323 0.7009013 0.7097921
v 0.1151141 -0.0000000 2.0475955
vn -0.0702323 0.7009013 0.7097921
v 0.1193320 0.0150000 2.0332007
vn -0.0702323 0.7009013 0.7097921
f 949/949/949 950/950/950 951/951/951
v 0.0613042 -0.0000000 2.0422711
vn -0.0728418 0.7071010 0.7033507
v 0.1193320 0.0150000 2.0332007
vn -0.0728418 0.7071010 0.7033507
v 0.0629480 0.0150000 2.0273614
vn -0.0728418 0.7071010 0.7033507
f 952/952/952 953/953/953 954/954/954
v 0.0629480 -0.0150000 2.0273614
vn -0.0734442 -0.7012047 0.7091672
v 0.1193320 -0.0150000 2.0332007
vn -0.0734442 -0.7012047 0.7091672
v 0.1151141 -0.0000000 2.0475955
vn -0.0734442 -0.7012047 0.7091672
f 955/955/955 956/956/956 957/957/957
v 0.0629480 -0.0150000 2.0273614
vn -0.0696286 -0.7070866 0.7036905
v 0.1151141 -0.0000000 2.0475955
vn -0.0696286 -0.7070866 0.7036905
v 0.0613042 -0.0000000 2.0422711
vn -0.0696286 -0.7070866 0.7036905
f 958/958/958 959/959/959 960/960/960
v 0.0645918 0.0000000 2.0124516
vn 0.0763698 -0.7014744 -0.7085911
v 0.1235499 0.0000000 2.0188060
vn 0.0763698 -0.7014744 -0.7085911
v 0.1193320 -0.0150000 2.0332007
vn 0.0763698 -0.7014744 -0.7085911
f 961/961/961 962/962/962 963/963/963
v 0.0645918 0.0000000 2.0124516
vn 0.0728417 -0.7071009 -0.7033508
v 0.1193320 -0.0150000 2.0332007
vn 0.0728417 -0.7071009 -0.7033508
v 0.0629480 -0.0150000 2.0273614
vn 0.0728417 -0.7071009 -0.7033508
f 964/964/964 965/965/965 966/966/966
v 0.0629480 0.0150000 2.0273614
vn 0.0734441 0.7012047 -0.7091670
v 0.1193320 0.0150000 2.0332007
vn 0.0734441 0.7012047 -0.7091670
v 0.1235499 0.0000000 2.0188060
vn 0.0734441 0.7012047 -0.7091670
f 967/967/967 968/968/968 969/969/969
v 0.0629480 0.0150000 2.0273614
vn 0.0757710 0.7071077 -0.7030344
v 0.1235499 0.0000000 2.0188060
vn 0.0757710 0.7071077 -0.7030344
v 0.0645918 0.0000000 2.0124516
vn 0.0757710 0.7071077 -0.7030344
f 970/970/970 971/971/971 972/972/972
v 0.1151141 -0.0000000 2.0475955
vn -0.3208031 0.6966772 0.6416590
v 0.1627855 -0.0000000 2.0714293
vn -0.3208031 0.6966772 0.6416590
v 0.1725000 0.0150000 2.0599999
vn -0.3208031 0.6966772 0.6416590
f 973/973/973 974/974/974 975/975/975
v 0.1151141 -0.0000000 2.0475955
vn -0.3209053 0.7012047 0.6366569
v 0.1725000 0.0150000 2.0599999
vn -0.3209053 0.7012047 0.6366569
v 0.1193320 0.0150000 2.0332007
vn -0.3209053 0.7012047 0.6366569
f 976/976/976 977/977/977 978/978/978
v 0.1193320 -0.0150000 2.0332007
vn -0.3227719 -0.6969628 0.6403602
v 0.1725000 -0.0150000 2.0599999
vn -0.3227719 -0.6969628 0.6403602
v 0.1627855 -0.0000000 2.0714293
vn -0.3227719 -0.6969628 0.6403602
f 979/979/979 980/980/980 981/981/981
v 0.1193320 -0.0150000 2.0332007
vn -0.3187312 -0.7014167 0.6375148
v 0.1627855 -0.0000000 2.0714293
vn -0.3187312 -0.7014167 0.6375148
v 0.1151141 -0.0000000 2.0475955
vn -0.3187312 -0.7014167 0.6375148
f 982/982/982 983/983/983 984/984/984
v 0.1235499 0.0000000 2.0188060
vn 0.3243647 -0.6971909 -0.6393061
v 0.1822145 0.0000000 2.0485706
vn 0.3243647 -0.6971909 -0.6393061
v 0.1725000 -0.0150000 2.0599999
vn 0.3243647 -0.6971909 -0.6393061
f 985/985/985 986/986/986 987/987/987
v 0.1235499 0.0000000 2.0188060
vn 0.3209053 -0.7012045 -0.6366569
v 0.1725000 -0.0150000 2.0599999
vn 0.3209053 -0.7012045 -0.6366569
v 0.1193320 -0.0150000 2.0332007
vn 0.3209053 -0.7012045 -0.6366569
f 988/988/988 989/989/989 990/990/990
v 0.1193320 0.0150000 2.0332007
vn 0.3227719 0.6969628 -0.6403601
v 0.1725000 0.0150000 2.0599999
vn 0.3227719 0.6969628 -0.6403601
v 0.1822145 0.0000000 2.0485706
vn 0.3227719 0.6969628 -0.6403601
f 991/991/991 992/992/992 993/993/993
v 0.1193320 0.0150000 2.0332007
vn 0.3226662 0.7010300 -0.6359586
v 0.1822145 0.0000000 2.0485706
vn 0.3226662 0.7010300 -0.6359586
v 0.1235499 0.0000000 2.0188060
vn 0.3226662 0.7010300 -0.6359586
f 994/994/994 995/995/995 996/996/996
v 0.1627855 -0.0000000 2.0714293
vn -0.5780542 0.7014567 0.4169075
v 0.1889018 -0.0000000 2.1076403
vn -0.5780542 0.7014567 0.4169075
v 0.2024288 0.0150000 2.1011579
vn -0.5780542 0.7014567 0.4169075
f 997/997/997 998/998/998 999/999/999
v 0.1627855 -0.0000000 2.0714293
vn -0.5799796 0.6969625 0.4217427
v 0.2024288 0.0150000 2.1011579
vn -0.5799796 0.6969625 0.4217427
v 0.1725000 0.0150000 2.0599999
vn -0.5799796 0.6969625 0.4217427
f 1000/1000/1000 1001/1001/1001 1002/1002/1002
v 0.1725000 -0.0150000 2.0599999
vn -0.5766256 -0.7012042 0.4193037
v 0.2024288 -0.0150000 2.1011579
vn -0.5766256 -0.7012042 0.4193037
v 0.1889018 -0.0000000 2.1076403
vn -0.5766256 -0.7012042 0.4193037
f 1003/1003/1003 1004/1004/1004 1005/1005/1005
v 0.1725000 -0.0150000 2.0599999
vn -0.5818881 -0.6966212 0.4196726
v 0.1889018 -0.0000000 2.1076403
vn -0.5818881 -0.6966212 0.4196726
v 0.1627855 -0.0000000 2.0714293
vn -0.5818881 -0.6966212 0.4196726
f 1006/1006/1006 1007/1007/1007 1008/1008/1008
v 0.1822145 0.0000000 2.0485706
vn 0.5755056 -0.7010026 -0.4211754
v 0.2159557 0.0000000 2.0946755
vn 0.5755056 -0.7010026 -0.4211754
v 0.2024288 -0.0150000 2.1011579
vn 0.5755056 -0.7010026 -0.4211754
f 1009/1009/1009 1010/1010/1010 1011/1011/1011
v 0.1822145 0.0000000 2.0485706
vn 0.5799797 -0.6969624 -0.4217428
v 0.2024288 -0.0150000 2.1011579
vn 0.5799797 -0.6969624 -0.4217428
v 0.1725000 -0.0150000 2.0599999
vn 0.5799797 -0.6969624 -0.4217428
f 1012/1012/1012 1013/1013/1013 1014/1014/1014
v 0.1725000 0.0150000 2.0599999
vn 0.5766255 0.7012042 -0.4193037
v 0.2024288 0.0150000 2.1011579
vn 0.5766255 0.7012042 -0.4193037
v 0.2159557 0.0000000 2.0946755
vn 0.5766255 0.7012042 -0.4193037
f 1015/1015/1015 1016/1016/1016 1017/1017/1017
v 0.1725000 0.0150000 2.0599999
vn 0.5784861 0.6972252 -0.4233567
v 0.2159557 0.0000000 2.0946755
vn 0.5784861 0.6972252 -0.4233567
v 0.1822145 0.0000000 2.0485706
vn 0.5784861 0.6972252 -0.4233567
f 1018/1018/1018 1019/1019/1019 1020/1020/1020
v 0.1889018 -0.0000000 2.1076403
vn -0.6834270 0.7070816 0.1815574
v 0.2006705 -0.0000000 2.1519403
vn -0.6834270 0.7070816 0.1815574
v 0.2151204 0.0150000 2.1479154
vn -0.6834270 0.7070816 0.1815574
f 1021/1021/1021 1022/1022/1022 1023/1023/1023
v 0.1889018 -0.0000000 2.1076403
vn -0.6880634 0.7012045 0.1867644
v 0.2151204 0.0150000 2.1479154
vn -0.6880634 0.7012045 0.1867644
v 0.2024288 0.0150000 2.1011579
vn -0.6880634 0.7012045 0.1867644
f 1024/1024/1024 1025/1025/1025 1026/1026/1026
v 0.2024288 -0.0150000 2.1011579
vn -0.6824216 -0.7070995 0.1852330
v 0.2151204 -0.0150000 2.1479154
vn -0.6824216 -0.7070995 0.1852330
v 0.2006705 -0.0000000 2.1519403
vn -0.6824216 -0.7070995 0.1852330
f 1027/1027/1027 1028/1028/1028 1029/1029/1029
v 0.2024288 -0.0150000 2.1011579
vn -0.6894005 -0.7008460 0.1831443
v 0.2006705 -0.0000000 2.1519403
vn -0.6894005 -0.7008460 0.1831443
v 0.1889018 -0.0000000 2.1076403
vn -0.6894005 -0.7008460 0.1831443
f 1030/1030/1030 1031/1031/1031 1032/1032/1032
v 0.2159557 0.0000000 2.0946755
vn 0.6815107 -0.7071065 -0.1885300
v 0.2295703 0.0000000 2.1438904
vn 0.6815107 -0.7071065 -0.1885300
v 0.2151204 -0.0150000 2.1479154
vn 0.6815107 -0.7071065 -0.1885300
f 1033/1033/1033 1034/1034/1034 1035/1035/1035
v 0.2159557 0.0000000 2.0946755
vn 0.6880635 -0.7012045 -0.1867643
v 0.2151204 -0.0150000 2.1479154
vn 0.6880635 -0.7012045 -0.1867643
v 0.2024288 -0.0150000 2.1011579
vn 0.6880635 -0.7012045 -0.1867643
f 1036/1036/1036 1037/1037/1037 1038/1038/1038
v 0.2024288 0.0150000 2.1011579
vn 0.6824214 0.7070995 -0.1852329
v 0.2151204 0.0150000 2.1479154
vn 0.6824214 0.7070995 -0.1852329
v 0.2295703 0.0000000 2.1438904
vn 0.6824214 0.7070995 -0.1852329
f 1039/1039/1039 1040/1040/1040 1041/1041/1041
v 0.2024288 0.0150000 2.1011579
vn 0.6868554 0.7015173 -0.1900085
v 0.2295703 0.0000000 2.1438904
vn 0.6868554 0.7015173 -0.1900085
v 0.2159557 0.0000000 2.0946755
vn 0.6868554 0.7015173 -0.1900085
f 1042/1042/1042 1043/1043/1043 1044/1044/1044
v 0.2006705 -0.0000000 2.1519403
vn -0.6816321 0.7049683 0.1959529
v 0.2161247 -0.0000000 2.2056987
vn -0.6816321 0.7049683 0.1959529
v 0.2300000 0.0150000 2.2000000
vn -0.6816321 0.7049683 0.1959529
f 1045/1045/1045 1046/1046/1046 1047/1047/1047
v 0.2006705 -0.0000000 2.1519403
vn -0.6799131 0.7070994 0.1942387
v 0.2300000 0.0150000 2.2000000
vn -0.6799131 0.7070994 0.1942387
v 0.2151204 0.0150000 2.1479154
vn -0.6799131 0.7070994 0.1942387
f 1048/1048/1048 1049/1049/1049 1050/1050/1050
v 0.2151204 -0.0150000 2.1479154
vn -0.6820184 -0.7049030 0.1948401
v 0.2300000 -0.0150000 2.2000000
vn -0.6820184 -0.7049030 0.1948401
v 0.2161247 -0.0000000 2.2056987
vn -0.6820184 -0.7049030 0.1948401
f 1051/1051/1051 1052/1052/1052 1053/1053/1053
v 0.2151204 -0.0150000 2.1479154
vn -0.6795942 -0.7070950 0.1953670
v 0.2161247 -0.0000000 2.2056987
vn -0.6795942 -0.7070950 0.1953670
v 0.2006705 -0.0000000 2.1519403
vn -0.6795942 -0.7070950 0.1953670
f 1054/1054/1054 1055/1055/1055 1056/1056/1056
v 0.2295703 0.0000000 2.1438904
vn 0.6824300 -0.7048320 -0.1936520
v 0.2438753 0.0000000 2.1943014
vn 0.6824300 -0.7048320 -0.1936520
v 0.2300000 -0.0150000 2.2000000
vn 0.6824300 -0.7048320 -0.1936520
f 1057/1057/1057 1058/1058/1058 1059/1059/1059
v 0.2295703 0.0000000 2.1438904
vn 0.6799131 -0.7070993 -0.1942388
v 0.2300000 -0.0150000 2.2000000
vn 0.6799131 -0.7070993 -0.1942388
v 0.2151204 -0.0150000 2.1479154
vn 0.6799131 -0.7070993 -0.1942388
f 1060/1060/1060 1061/1061/1061 1062/1062/1062
v 0.2151204 0.0150000 2.1479154
vn 0.6820183 0.7049031 -0.1948403
v 0.2300000 0.0150000 2.2000000
vn 0.6820183 0.7049031 -0.1948403
v 0.2438753 0.0000000 2.1943014
vn 0.6820183 0.7049031 -0.1948403
f 1063/1063/1063 1064/1064/1064 1065/1065/1065
v 0.2151204 0.0150000 2.1479154
vn 0.6802522 0.7071031 -0.1930340
v 0.2438753 0.0000000 2.1943014
vn 0.6802522 0.7071031 -0.1930340
v 0.2295703 0.0000000 2.1438904
vn 0.6802522 0.7071031 -0.1930340
f 1066/1066/1066 1067/1067/1067 1068/1068/1068
o pz_street_pole_06_|_curved_native_lantern_glass.001
usemtl glass
v 0.2700000 0.0000000 2.2000000
vn 0.0000000 0.0000000 -0.9999999
v 0.2646410 -0.0200000 2.2000000
vn 0.0000000 0.0000000 -0.9999999
v 0.2500000 -0.0346410 2.2000000
vn 0.0000000 0.0000000 -0.9999999
f 1069/1069/1069 1070/1070/1070 1071/1071/1071
v 0.2500000 -0.0346410 2.2000000
vn 0.0000000 0.0000000 -0.9999999
v 0.2300000 -0.0400000 2.2000000
vn 0.0000000 0.0000000 -0.9999999
v 0.2100000 -0.0346410 2.2000000
vn 0.0000000 0.0000000 -0.9999999
f 1072/1072/1072 1073/1073/1073 1074/1074/1074
v 0.2100000 -0.0346410 2.2000000
vn 0.0000000 0.0000000 -1.0000000
v 0.1953590 -0.0200000 2.2000000
vn 0.0000000 0.0000000 -1.0000000
v 0.1900000 0.0000000 2.2000000
vn 0.0000000 0.0000000 -1.0000000
f 1075/1075/1075 1076/1076/1076 1077/1077/1077
v 0.1900000 0.0000000 2.2000000
vn 0.0000000 0.0000000 -1.0000000
v 0.1953590 0.0200000 2.2000000
vn 0.0000000 0.0000000 -1.0000000
v 0.2100000 0.0346410 2.2000000
vn 0.0000000 0.0000000 -1.0000000
f 1078/1078/1078 1079/1079/1079 1080/1080/1080
v 0.2100000 0.0346410 2.2000000
vn -0.0000000 0.0000000 -0.9999999
v 0.2300000 0.0400000 2.2000000
vn -0.0000000 0.0000000 -0.9999999
v 0.2500000 0.0346410 2.2000000
vn -0.0000000 0.0000000 -0.9999999
f 1081/1081/1081 1082/1082/1082 1083/1083/1083
v 0.2500000 0.0346410 2.2000000
vn 0.0000000 0.0000000 -0.9999999
v 0.2646410 0.0200000 2.2000000
vn 0.0000000 0.0000000 -0.9999999
v 0.2700000 0.0000000 2.2000000
vn 0.0000000 0.0000000 -0.9999999
f 1084/1084/1084 1085/1085/1085 1086/1086/1086
v 0.2700000 0.0000000 2.2000000
vn 0.0000000 0.0000000 -1.0000000
v 0.2500000 -0.0346410 2.2000000
vn 0.0000000 0.0000000 -1.0000000
v 0.2100000 -0.0346410 2.2000000
vn 0.0000000 0.0000000 -1.0000000
f 1087/1087/1087 1088/1088/1088 1089/1089/1089
v 0.2100000 -0.0346410 2.2000000
vn 0.0000000 -0.0000000 -1.0000000
v 0.1900000 0.0000000 2.2000000
vn 0.0000000 -0.0000000 -1.0000000
v 0.2100000 0.0346410 2.2000000
vn 0.0000000 -0.0000000 -1.0000000
f 1090/1090/1090 1091/1091/1091 1092/1092/1092
v 0.2100000 0.0346410 2.2000000
vn 0.0000000 0.0000000 -1.0000000
v 0.2500000 0.0346410 2.2000000
vn 0.0000000 0.0000000 -1.0000000
v 0.2700000 0.0000000 2.2000000
vn 0.0000000 0.0000000 -1.0000000
f 1093/1093/1093 1094/1094/1094 1095/1095/1095
v 0.2100000 -0.0346410 2.2000000
vn -0.0000000 -0.0000000 -1.0000000
v 0.2100000 0.0346410 2.2000000
vn -0.0000000 -0.0000000 -1.0000000
v 0.2700000 0.0000000 2.2000000
vn -0.0000000 -0.0000000 -1.0000000
f 1096/1096/1096 1097/1097/1097 1098/1098/1098
v 0.2819615 -0.0300000 2.4000001
vn 0.0000000 0.0000000 1.0000000
v 0.2900000 0.0000000 2.4000001
vn 0.0000000 0.0000000 1.0000000
v 0.2819615 0.0300000 2.4000001
vn 0.0000000 0.0000000 1.0000000
f 1099/1099/1099 1100/1100/1100 1101/1101/1101
v 0.2819615 0.0300000 2.4000001
vn 0.0000000 0.0000000 1.0000000
v 0.2600000 0.0519615 2.4000001
vn 0.0000000 0.0000000 1.0000000
v 0.2300000 0.0600000 2.4000001
vn 0.0000000 0.0000000 1.0000000
f 1102/1102/1102 1103/1103/1103 1104/1104/1104
v 0.2300000 0.0600000 2.4000001
vn 0.0000000 0.0000000 1.0000000
v 0.2000000 0.0519615 2.4000001
vn 0.0000000 0.0000000 1.0000000
v 0.1780385 0.0300000 2.4000001
vn 0.0000000 0.0000000 1.0000000
f 1105/1105/1105 1106/1106/1106 1107/1107/1107
v 0.1780385 0.0300000 2.4000001
vn 0.0000000 -0.0000000 1.0000000
v 0.1700000 0.0000000 2.4000001
vn 0.0000000 -0.0000000 1.0000000
v 0.1780385 -0.0300000 2.4000001
vn 0.0000000 -0.0000000 1.0000000
f 1108/1108/1108 1109/1109/1109 1110/1110/1110
v 0.1780385 -0.0300000 2.4000001
vn 0.0000000 0.0000000 1.0000000
v 0.2000000 -0.0519615 2.4000001
vn 0.0000000 0.0000000 1.0000000
v 0.2300000 -0.0600000 2.4000001
vn 0.0000000 0.0000000 1.0000000
f 1111/1111/1111 1112/1112/1112 1113/1113/1113
v 0.2300000 -0.0600000 2.4000001
vn 0.0000000 0.0000000 1.0000000
v 0.2600000 -0.0519615 2.4000001
vn 0.0000000 0.0000000 1.0000000
v 0.2819615 -0.0300000 2.4000001
vn 0.0000000 0.0000000 1.0000000
f 1114/1114/1114 1115/1115/1115 1116/1116/1116
v 0.2819615 -0.0300000 2.4000001
vn 0.0000000 0.0000000 1.0000000
v 0.2819615 0.0300000 2.4000001
vn 0.0000000 0.0000000 1.0000000
v 0.2300000 0.0600000 2.4000001
vn 0.0000000 0.0000000 1.0000000
f 1117/1117/1117 1118/1118/1118 1119/1119/1119
v 0.2300000 0.0600000 2.4000001
vn 0.0000000 0.0000000 1.0000000
v 0.1780385 0.0300000 2.4000001
vn 0.0000000 0.0000000 1.0000000
v 0.1780385 -0.0300000 2.4000001
vn 0.0000000 0.0000000 1.0000000
f 1120/1120/1120 1121/1121/1121 1122/1122/1122
v 0.1780385 -0.0300000 2.4000001
vn 0.0000000 0.0000000 1.0000000
v 0.2300000 -0.0600000 2.4000001
vn 0.0000000 0.0000000 1.0000000
v 0.2819615 -0.0300000 2.4000001
vn 0.0000000 0.0000000 1.0000000
f 1123/1123/1123 1124/1124/1124 1125/1125/1125
v 0.2300000 0.0600000 2.4000001
vn 0.0000000 -0.0000000 1.0000000
v 0.1780385 -0.0300000 2.4000001
vn 0.0000000 -0.0000000 1.0000000
v 0.2819615 -0.0300000 2.4000001
vn 0.0000000 -0.0000000 1.0000000
f 1126/1126/1126 1127/1127/1127 1128/1128/1128
v 0.2700000 0.0000000 2.2000000
vn 0.9297332 0.2491217 -0.2711726
v 0.2646410 0.0200000 2.2000000
vn 0.9297332 0.2491217 -0.2711726
v 0.2949519 0.0375000 2.3199999
vn 0.9297332 0.2491217 -0.2711726
f 1129/1129/1129 1130/1130/1130 1131/1131/1131
v 0.2700000 0.0000000 2.2000000
vn 0.9297333 0.2491212 -0.2711724
v 0.2949519 0.0375000 2.3199999
vn 0.9297333 0.2491212 -0.2711724
v 0.3050000 0.0000000 2.3199999
vn 0.9297333 0.2491212 -0.2711724
f 1132/1132/1132 1133/1133/1133 1134/1134/1134
v 0.2646410 0.0200000 2.2000000
vn 0.6806120 0.6806120 -0.2711725
v 0.2500000 0.0346410 2.2000000
vn 0.6806120 0.6806120 -0.2711725
v 0.2675000 0.0649519 2.3199999
vn 0.6806120 0.6806120 -0.2711725
f 1135/1135/1135 1136/1136/1136 1137/1137/1137
v 0.2646410 0.0200000 2.2000000
vn 0.6806120 0.6806120 -0.2711726
v 0.2675000 0.0649519 2.3199999
vn 0.6806120 0.6806120 -0.2711726
v 0.2949519 0.0375000 2.3199999
vn 0.6806120 0.6806120 -0.2711726
f 1138/1138/1138 1139/1139/1139 1140/1140/1140
v 0.2500000 0.0346410 2.2000000
vn 0.2491212 0.9297332 -0.2711725
v 0.2300000 0.0400000 2.2000000
vn 0.2491212 0.9297332 -0.2711725
v 0.2300000 0.0750000 2.3199999
vn 0.2491212 0.9297332 -0.2711725
f 1141/1141/1141 1142/1142/1142 1143/1143/1143
v 0.2500000 0.0346410 2.2000000
vn 0.2491213 0.9297333 -0.2711725
v 0.2300000 0.0750000 2.3199999
vn 0.2491213 0.9297333 -0.2711725
v 0.2675000 0.0649519 2.3199999
vn 0.2491213 0.9297333 -0.2711725
f 1144/1144/1144 1145/1145/1145 1146/1146/1146
v 0.2300000 0.0400000 2.2000000
vn -0.2491211 0.9297335 -0.2711725
v 0.2100000 0.0346410 2.2000000
vn -0.2491211 0.9297335 -0.2711725
v 0.1925000 0.0649519 2.3199999
vn -0.2491211 0.9297335 -0.2711725
f 1147/1147/1147 1148/1148/1148 1149/1149/1149
v 0.2300000 0.0400000 2.2000000
vn -0.2491213 0.9297333 -0.2711725
v 0.1925000 0.0649519 2.3199999
vn -0.2491213 0.9297333 -0.2711725
v 0.2300000 0.0750000 2.3199999
vn -0.2491213 0.9297333 -0.2711725
f 1150/1150/1150 1151/1151/1151 1152/1152/1152
v 0.2100000 0.0346410 2.2000000
vn -0.6806121 0.6806121 -0.2711725
v 0.1953590 0.0200000 2.2000000
vn -0.6806121 0.6806121 -0.2711725
v 0.1650481 0.0375000 2.3199999
vn -0.6806121 0.6806121 -0.2711725
f 1153/1153/1153 1154/1154/1154 1155/1155/1155
v 0.2100000 0.0346410 2.2000000
vn -0.6806120 0.6806120 -0.2711725
v 0.1650481 0.0375000 2.3199999
vn -0.6806120 0.6806120 -0.2711725
v 0.1925000 0.0649519 2.3199999
vn -0.6806120 0.6806120 -0.2711725
f 1156/1156/1156 1157/1157/1157 1158/1158/1158
v 0.1953590 0.0200000 2.2000000
vn -0.9297333 0.2491211 -0.2711725
v 0.1900000 0.0000000 2.2000000
vn -0.9297333 0.2491211 -0.2711725
v 0.1550000 0.0000000 2.3199999
vn -0.9297333 0.2491211 -0.2711725
f 1159/1159/1159 1160/1160/1160 1161/1161/1161
v 0.1953590 0.0200000 2.2000000
vn -0.9297333 0.2491212 -0.2711724
v 0.1550000 0.0000000 2.3199999
vn -0.9297333 0.2491212 -0.2711724
v 0.1650481 0.0375000 2.3199999
vn -0.9297333 0.2491212 -0.2711724
f 1162/1162/1162 1163/1163/1163 1164/1164/1164
v 0.1900000 0.0000000 2.2000000
vn -0.9297333 -0.2491211 -0.2711724
v 0.1953590 -0.0200000 2.2000000
vn -0.9297333 -0.2491211 -0.2711724
v 0.1650481 -0.0375000 2.3199999
vn -0.9297333 -0.2491211 -0.2711724
f 1165/1165/1165 1166/1166/1166 1167/1167/1167
v 0.1900000 0.0000000 2.2000000
vn -0.9297333 -0.2491212 -0.2711724
v 0.1650481 -0.0375000 2.3199999
vn -0.9297333 -0.2491212 -0.2711724
v 0.1550000 0.0000000 2.3199999
vn -0.9297333 -0.2491212 -0.2711724
f 1168/1168/1168 1169/1169/1169 1170/1170/1170
v 0.1953590 -0.0200000 2.2000000
vn -0.6806121 -0.6806121 -0.2711725
v 0.2100000 -0.0346410 2.2000000
vn -0.6806121 -0.6806121 -0.2711725
v 0.1925000 -0.0649519 2.3199999
vn -0.6806121 -0.6806121 -0.2711725
f 1171/1171/1171 1172/1172/1172 1173/1173/1173
v 0.1953590 -0.0200000 2.2000000
vn -0.6806120 -0.6806120 -0.2711725
v 0.1925000 -0.0649519 2.3199999
vn -0.6806120 -0.6806120 -0.2711725
v 0.1650481 -0.0375000 2.3199999
vn -0.6806120 -0.6806120 -0.2711725
f 1174/1174/1174 1175/1175/1175 1176/1176/1176
v 0.2100000 -0.0346410 2.2000000
vn -0.2491211 -0.9297333 -0.2711725
v 0.2300000 -0.0400000 2.2000000
vn -0.2491211 -0.9297333 -0.2711725
v 0.2300000 -0.0750000 2.3199999
vn -0.2491211 -0.9297333 -0.2711725
f 1177/1177/1177 1178/1178/1178 1179/1179/1179
v 0.2100000 -0.0346410 2.2000000
vn -0.2491213 -0.9297333 -0.2711725
v 0.2300000 -0.0750000 2.3199999
vn -0.2491213 -0.9297333 -0.2711725
v 0.1925000 -0.0649519 2.3199999
vn -0.2491213 -0.9297333 -0.2711725
f 1180/1180/1180 1181/1181/1181 1182/1182/1182
v 0.2300000 -0.0400000 2.2000000
vn 0.2491212 -0.9297332 -0.2711725
v 0.2500000 -0.0346410 2.2000000
vn 0.2491212 -0.9297332 -0.2711725
v 0.2675000 -0.0649519 2.3199999
vn 0.2491212 -0.9297332 -0.2711725
f 1183/1183/1183 1184/1184/1184 1185/1185/1185
v 0.2300000 -0.0400000 2.2000000
vn 0.2491213 -0.9297333 -0.2711725
v 0.2675000 -0.0649519 2.3199999
vn 0.2491213 -0.9297333 -0.2711725
v 0.2300000 -0.0750000 2.3199999
vn 0.2491213 -0.9297333 -0.2711725
f 1186/1186/1186 1187/1187/1187 1188/1188/1188
v 0.2500000 -0.0346410 2.2000000
vn 0.6806120 -0.6806120 -0.2711725
v 0.2646410 -0.0200000 2.2000000
vn 0.6806120 -0.6806120 -0.2711725
v 0.2949519 -0.0375000 2.3199999
vn 0.6806120 -0.6806120 -0.2711725
f 1189/1189/1189 1190/1190/1190 1191/1191/1191
v 0.2500000 -0.0346410 2.2000000
vn 0.6806120 -0.6806120 -0.2711726
v 0.2949519 -0.0375000 2.3199999
vn 0.6806120 -0.6806120 -0.2711726
v 0.2675000 -0.0649519 2.3199999
vn 0.6806120 -0.6806120 -0.2711726
f 1192/1192/1192 1193/1193/1193 1194/1194/1194
v 0.2646410 -0.0200000 2.2000000
vn 0.9297333 -0.2491218 -0.2711724
v 0.2700000 0.0000000 2.2000000
vn 0.9297333 -0.2491218 -0.2711724
v 0.3050000 0.0000000 2.3199999
vn 0.9297333 -0.2491218 -0.2711724
f 1195/1195/1195 1196/1196/1196 1197/1197/1197
v 0.2646410 -0.0200000 2.2000000
vn 0.9297333 -0.2491212 -0.2711725
v 0.3050000 0.0000000 2.3199999
vn 0.9297333 -0.2491212 -0.2711725
v 0.2949519 -0.0375000 2.3199999
vn 0.9297333 -0.2491212 -0.2711725
f 1198/1198/1198 1199/1199/1199 1200/1200/1200
v 0.3050000 0.0000000 2.3199999
vn 0.9504635 0.2546758 0.1782116
v 0.2949519 0.0375000 2.3199999
vn 0.9504635 0.2546758 0.1782116
v 0.2819615 0.0300000 2.4000001
vn 0.9504635 0.2546758 0.1782116
f 1201/1201/1201 1202/1202/1202 1203/1203/1203
v 0.3050000 0.0000000 2.3199999
vn 0.9504635 0.2546755 0.1782117
v 0.2819615 0.0300000 2.4000001
vn 0.9504635 0.2546755 0.1782117
v 0.2900000 0.0000000 2.4000001
vn 0.9504635 0.2546755 0.1782117
f 1204/1204/1204 1205/1205/1205 1206/1206/1206
v 0.2949519 0.0375000 2.3199999
vn 0.6957875 0.6957875 0.1782117
v 0.2675000 0.0649519 2.3199999
vn 0.6957875 0.6957875 0.1782117
v 0.2600000 0.0519615 2.4000001
vn 0.6957875 0.6957875 0.1782117
f 1207/1207/1207 1208/1208/1208 1209/1209/1209
v 0.2949519 0.0375000 2.3199999
vn 0.6957873 0.6957878 0.1782116
v 0.2600000 0.0519615 2.4000001
vn 0.6957873 0.6957878 0.1782116
v 0.2819615 0.0300000 2.4000001
vn 0.6957873 0.6957878 0.1782116
f 1210/1210/1210 1211/1211/1211 1212/1212/1212
v 0.2675000 0.0649519 2.3199999
vn 0.2546760 0.9504635 0.1782116
v 0.2300000 0.0750000 2.3199999
vn 0.2546760 0.9504635 0.1782116
v 0.2300000 0.0600000 2.4000001
vn 0.2546760 0.9504635 0.1782116
f 1213/1213/1213 1214/1214/1214 1215/1215/1215
v 0.2675000 0.0649519 2.3199999
vn 0.2546760 0.9504635 0.1782116
v 0.2300000 0.0600000 2.4000001
vn 0.2546760 0.9504635 0.1782116
v 0.2600000 0.0519615 2.4000001
vn 0.2546760 0.9504635 0.1782116
f 1216/1216/1216 1217/1217/1217 1218/1218/1218
v 0.2300000 0.0750000 2.3199999
vn -0.2546760 0.9504635 0.1782116
v 0.1925000 0.0649519 2.3199999
vn -0.2546760 0.9504635 0.1782116
v 0.2000000 0.0519615 2.4000001
vn -0.2546760 0.9504635 0.1782116
f 1219/1219/1219 1220/1220/1220 1221/1221/1221
v 0.2300000 0.0750000 2.3199999
vn -0.2546759 0.9504634 0.1782116
v 0.2000000 0.0519615 2.4000001
vn -0.2546759 0.9504634 0.1782116
v 0.2300000 0.0600000 2.4000001
vn -0.2546759 0.9504634 0.1782116
f 1222/1222/1222 1223/1223/1223 1224/1224/1224
v 0.1925000 0.0649519 2.3199999
vn -0.6957875 0.6957875 0.1782116
v 0.1650481 0.0375000 2.3199999
vn -0.6957875 0.6957875 0.1782116
v 0.1780385 0.0300000 2.4000001
vn -0.6957875 0.6957875 0.1782116
f 1225/1225/1225 1226/1226/1226 1227/1227/1227
v 0.1925000 0.0649519 2.3199999
vn -0.6957875 0.6957875 0.1782116
v 0.1780385 0.0300000 2.4000001
vn -0.6957875 0.6957875 0.1782116
v 0.2000000 0.0519615 2.4000001
vn -0.6957875 0.6957875 0.1782116
f 1228/1228/1228 1229/1229/1229 1230/1230/1230
v 0.1650481 0.0375000 2.3199999
vn -0.9504635 0.2546758 0.1782115
v 0.1550000 0.0000000 2.3199999
vn -0.9504635 0.2546758 0.1782115
v 0.1700000 0.0000000 2.4000001
vn -0.9504635 0.2546758 0.1782115
f 1231/1231/1231 1232/1232/1232 1233/1233/1233
v 0.1650481 0.0375000 2.3199999
vn -0.9504635 0.2546760 0.1782116
v 0.1700000 0.0000000 2.4000001
vn -0.9504635 0.2546760 0.1782116
v 0.1780385 0.0300000 2.4000001
vn -0.9504635 0.2546760 0.1782116
f 1234/1234/1234 1235/1235/1235 1236/1236/1236
v 0.1550000 0.0000000 2.3199999
vn -0.9504635 -0.2546758 0.1782116
v 0.1650481 -0.0375000 2.3199999
vn -0.9504635 -0.2546758 0.1782116
v 0.1780385 -0.0300000 2.4000001
vn -0.9504635 -0.2546758 0.1782116
f 1237/1237/1237 1238/1238/1238 1239/1239/1239
v 0.1550000 0.0000000 2.3199999
vn -0.9504635 -0.2546760 0.1782115
v 0.1780385 -0.0300000 2.4000001
vn -0.9504635 -0.2546760 0.1782115
v 0.1700000 0.0000000 2.4000001
vn -0.9504635 -0.2546760 0.1782115
f 1240/1240/1240 1241/1241/1241 1242/1242/1242
v 0.1650481 -0.0375000 2.3199999
vn -0.6957875 -0.6957875 0.1782116
v 0.1925000 -0.0649519 2.3199999
vn -0.6957875 -0.6957875 0.1782116
v 0.2000000 -0.0519615 2.4000001
vn -0.6957875 -0.6957875 0.1782116
f 1243/1243/1243 1244/1244/1244 1245/1245/1245
v 0.1650481 -0.0375000 2.3199999
vn -0.6957875 -0.6957875 0.1782116
v 0.2000000 -0.0519615 2.4000001
vn -0.6957875 -0.6957875 0.1782116
v 0.1780385 -0.0300000 2.4000001
vn -0.6957875 -0.6957875 0.1782116
f 1246/1246/1246 1247/1247/1247 1248/1248/1248
v 0.1925000 -0.0649519 2.3199999
vn -0.2546760 -0.9504635 0.1782116
v 0.2300000 -0.0750000 2.3199999
vn -0.2546760 -0.9504635 0.1782116
v 0.2300000 -0.0600000 2.4000001
vn -0.2546760 -0.9504635 0.1782116
f 1249/1249/1249 1250/1250/1250 1251/1251/1251
v 0.1925000 -0.0649519 2.3199999
vn -0.2546759 -0.9504635 0.1782116
v 0.2300000 -0.0600000 2.4000001
vn -0.2546759 -0.9504635 0.1782116
v 0.2000000 -0.0519615 2.4000001
vn -0.2546759 -0.9504635 0.1782116
f 1252/1252/1252 1253/1253/1253 1254/1254/1254
v 0.2300000 -0.0750000 2.3199999
vn 0.2546760 -0.9504635 0.1782116
v 0.2675000 -0.0649519 2.3199999
vn 0.2546760 -0.9504635 0.1782116
v 0.2600000 -0.0519615 2.4000001
vn 0.2546760 -0.9504635 0.1782116
f 1255/1255/1255 1256/1256/1256 1257/1257/1257
v 0.2300000 -0.0750000 2.3199999
vn 0.2546760 -0.9504635 0.1782116
v 0.2600000 -0.0519615 2.4000001
vn 0.2546760 -0.9504635 0.1782116
v 0.2300000 -0.0600000 2.4000001
vn 0.2546760 -0.9504635 0.1782116
f 1258/1258/1258 1259/1259/1259 1260/1260/1260
v 0.2675000 -0.0649519 2.3199999
vn 0.6957875 -0.6957875 0.1782116
v 0.2949519 -0.0375000 2.3199999
vn 0.6957875 -0.6957875 0.1782116
v 0.2819615 -0.0300000 2.4000001
vn 0.6957875 -0.6957875 0.1782116
f 1261/1261/1261 1262/1262/1262 1263/1263/1263
v 0.2675000 -0.0649519 2.3199999
vn 0.6957872 -0.6957878 0.1782117
v 0.2819615 -0.0300000 2.4000001
vn 0.6957872 -0.6957878 0.1782117
v 0.2600000 -0.0519615 2.4000001
vn 0.6957872 -0.6957878 0.1782117
f 1264/1264/1264 1265/1265/1265 1266/1266/1266
v 0.2949519 -0.0375000 2.3199999
vn 0.9504635 -0.2546758 0.1782117
v 0.3050000 0.0000000 2.3199999
vn 0.9504635 -0.2546758 0.1782117
v 0.2900000 0.0000000 2.4000001
vn 0.9504635 -0.2546758 0.1782117
f 1267/1267/1267 1268/1268/1268 1269/1269/1269
v 0.2949519 -0.0375000 2.3199999
vn 0.9504635 -0.2546755 0.1782116
v 0.2900000 0.0000000 2.4000001
vn 0.9504635 -0.2546755 0.1782116
v 0.2819615 -0.0300000 2.4000001
vn 0.9504635 -0.2546755 0.1782116
f 1270/1270/1270 1271/1271/1271 1272/1272/1272
o pz_street_pole_06_|_lantern_cap.001
usemtl metal
v 0.2970000 0.0000000 2.4000001
vn 0.0000000 0.0000000 -1.0000000
v 0.2880237 -0.0335000 2.4000001
vn 0.0000000 0.0000000 -1.0000000
v 0.2635000 -0.0580237 2.4000001
vn 0.0000000 0.0000000 -1.0000000
f 1273/1273/1273 1274/1274/1274 1275/1275/1275
v 0.2635000 -0.0580237 2.4000001
vn 0.0000000 0.0000000 -1.0000000
v 0.2300000 -0.0670000 2.4000001
vn 0.0000000 0.0000000 -1.0000000
v 0.1965000 -0.0580237 2.4000001
vn 0.0000000 0.0000000 -1.0000000
f 1276/1276/1276 1277/1277/1277 1278/1278/1278
v 0.1965000 -0.0580237 2.4000001
vn 0.0000000 0.0000000 -1.0000000
v 0.1719763 -0.0335000 2.4000001
vn 0.0000000 0.0000000 -1.0000000
v 0.1630000 0.0000000 2.4000001
vn 0.0000000 0.0000000 -1.0000000
f 1279/1279/1279 1280/1280/1280 1281/1281/1281
v 0.1630000 0.0000000 2.4000001
vn 0.0000000 0.0000000 -1.0000000
v 0.1719763 0.0335000 2.4000001
vn 0.0000000 0.0000000 -1.0000000
v 0.1965000 0.0580237 2.4000001
vn 0.0000000 0.0000000 -1.0000000
f 1282/1282/1282 1283/1283/1283 1284/1284/1284
v 0.1965000 0.0580237 2.4000001
vn -0.0000000 0.0000000 -1.0000000
v 0.2300000 0.0670000 2.4000001
vn -0.0000000 0.0000000 -1.0000000
v 0.2635000 0.0580237 2.4000001
vn -0.0000000 0.0000000 -1.0000000
f 1285/1285/1285 1286/1286/1286 1287/1287/1287
v 0.2635000 0.0580237 2.4000001
vn 0.0000000 0.0000000 -1.0000000
v 0.2880237 0.0335000 2.4000001
vn 0.0000000 0.0000000 -1.0000000
v 0.2970000 0.0000000 2.4000001
vn 0.0000000 0.0000000 -1.0000000
f 1288/1288/1288 1289/1289/1289 1290/1290/1290
v 0.2970000 0.0000000 2.4000001
vn 0.0000000 0.0000000 -0.9999999
v 0.2635000 -0.0580237 2.4000001
vn 0.0000000 0.0000000 -0.9999999
v 0.1965000 -0.0580237 2.4000001
vn 0.0000000 0.0000000 -0.9999999
f 1291/1291/1291 1292/1292/1292 1293/1293/1293
v 0.1965000 -0.0580237 2.4000001
vn 0.0000000 -0.0000000 -0.9999999
v 0.1630000 0.0000000 2.4000001
vn 0.0000000 -0.0000000 -0.9999999
v 0.1965000 0.0580237 2.4000001
vn 0.0000000 -0.0000000 -0.9999999
f 1294/1294/1294 1295/1295/1295 1296/1296/1296
v 0.1965000 0.0580237 2.4000001
vn 0.0000000 0.0000000 -0.9999999
v 0.2635000 0.0580237 2.4000001
vn 0.0000000 0.0000000 -0.9999999
v 0.2970000 0.0000000 2.4000001
vn 0.0000000 0.0000000 -0.9999999
f 1297/1297/1297 1298/1298/1298 1299/1299/1299
v 0.1965000 -0.0580237 2.4000001
vn -0.0000000 -0.0000000 -1.0000000
v 0.1965000 0.0580237 2.4000001
vn -0.0000000 -0.0000000 -1.0000000
v 0.2970000 0.0000000 2.4000001
vn -0.0000000 -0.0000000 -1.0000000
f 1300/1300/1300 1301/1301/1301 1302/1302/1302
v 0.2403923 -0.0060000 2.5000000
vn 0.0000000 0.0000000 1.0000000
v 0.2420000 0.0000000 2.5000000
vn 0.0000000 0.0000000 1.0000000
v 0.2403923 0.0060000 2.5000000
vn 0.0000000 0.0000000 1.0000000
f 1303/1303/1303 1304/1304/1304 1305/1305/1305
v 0.2403923 0.0060000 2.5000000
vn 0.0000000 0.0000000 1.0000000
v 0.2360000 0.0103923 2.5000000
vn 0.0000000 0.0000000 1.0000000
v 0.2300000 0.0120000 2.5000000
vn 0.0000000 0.0000000 1.0000000
f 1306/1306/1306 1307/1307/1307 1308/1308/1308
v 0.2300000 0.0120000 2.5000000
vn 0.0000000 0.0000000 1.0000000
v 0.2240000 0.0103923 2.5000000
vn 0.0000000 0.0000000 1.0000000
v 0.2196077 0.0060000 2.5000000
vn 0.0000000 0.0000000 1.0000000
f 1309/1309/1309 1310/1310/1310 1311/1311/1311
v 0.2196077 0.0060000 2.5000000
vn 0.0000000 -0.0000000 1.0000000
v 0.2180000 0.0000000 2.5000000
vn 0.0000000 -0.0000000 1.0000000
v 0.2196077 -0.0060000 2.5000000
vn 0.0000000 -0.0000000 1.0000000
f 1312/1312/1312 1313/1313/1313 1314/1314/1314
v 0.2196077 -0.0060000 2.5000000
vn 0.0000000 0.0000000 1.0000000
v 0.2240000 -0.0103923 2.5000000
vn 0.0000000 0.0000000 1.0000000
v 0.2300000 -0.0120000 2.5000000
vn 0.0000000 0.0000000 1.0000000
f 1315/1315/1315 1316/1316/1316 1317/1317/1317
v 0.2300000 -0.0120000 2.5000000
vn 0.0000000 0.0000000 1.0000000
v 0.2360000 -0.0103923 2.5000000
vn 0.0000000 0.0000000 1.0000000
v 0.2403923 -0.0060000 2.5000000
vn 0.0000000 0.0000000 1.0000000
f 1318/1318/1318 1319/1319/1319 1320/1320/1320
v 0.2403923 -0.0060000 2.5000000
vn 0.0000000 0.0000000 1.0000000
v 0.2403923 0.0060000 2.5000000
vn 0.0000000 0.0000000 1.0000000
v 0.2300000 0.0120000 2.5000000
vn 0.0000000 0.0000000 1.0000000
f 1321/1321/1321 1322/1322/1322 1323/1323/1323
v 0.2300000 0.0120000 2.5000000
vn 0.0000000 0.0000000 1.0000000
v 0.2196077 0.0060000 2.5000000
vn 0.0000000 0.0000000 1.0000000
v 0.2196077 -0.0060000 2.5000000
vn 0.0000000 0.0000000 1.0000000
f 1324/1324/1324 1325/1325/1325 1326/1326/1326
v 0.2196077 -0.0060000 2.5000000
vn 0.0000000 0.0000000 1.0000000
v 0.2300000 -0.0120000 2.5000000
vn 0.0000000 0.0000000 1.0000000
v 0.2403923 -0.0060000 2.5000000
vn 0.0000000 0.0000000 1.0000000
f 1327/1327/1327 1328/1328/1328 1329/1329/1329
v 0.2300000 0.0120000 2.5000000
vn 0.0000000 -0.0000000 0.9999999
v 0.2196077 -0.0060000 2.5000000
vn 0.0000000 -0.0000000 0.9999999
v 0.2403923 -0.0060000 2.5000000
vn 0.0000000 -0.0000000 0.9999999
f 1330/1330/1330 1331/1331/1331 1332/1332/1332
v 0.2970000 0.0000000 2.4000001
vn 0.8836155 0.2367636 0.4039389
v 0.2880237 0.0335000 2.4000001
vn 0.8836155 0.2367636 0.4039389
v 0.2603109 0.0175000 2.4700000
vn 0.8836155 0.2367636 0.4039389
f 1333/1333/1333 1334/1334/1334 1335/1335/1335
v 0.2970000 0.0000000 2.4000001
vn 0.8836155 0.2367634 0.4039390
v 0.2603109 0.0175000 2.4700000
vn 0.8836155 0.2367634 0.4039390
v 0.2650000 0.0000000 2.4700000
vn 0.8836155 0.2367634 0.4039390
f 1336/1336/1336 1337/1337/1337 1338/1338/1338
v 0.2880237 0.0335000 2.4000001
vn 0.6468512 0.6468514 0.4039389
v 0.2635000 0.0580237 2.4000001
vn 0.6468512 0.6468514 0.4039389
v 0.2475000 0.0303109 2.4700000
vn 0.6468512 0.6468514 0.4039389
f 1339/1339/1339 1340/1340/1340 1341/1341/1341
v 0.2880237 0.0335000 2.4000001
vn 0.6468514 0.6468512 0.4039389
v 0.2475000 0.0303109 2.4700000
vn 0.6468514 0.6468512 0.4039389
v 0.2603109 0.0175000 2.4700000
vn 0.6468514 0.6468512 0.4039389
f 1342/1342/1342 1343/1343/1343 1344/1344/1344
v 0.2635000 0.0580237 2.4000001
vn 0.2367640 0.8836153 0.4039389
v 0.2300000 0.0670000 2.4000001
vn 0.2367640 0.8836153 0.4039389
v 0.2300000 0.0350000 2.4700000
vn 0.2367640 0.8836153 0.4039389
f 1345/1345/1345 1346/1346/1346 1347/1347/1347
v 0.2635000 0.0580237 2.4000001
vn 0.2367640 0.8836154 0.4039388
v 0.2300000 0.0350000 2.4700000
vn 0.2367640 0.8836154 0.4039388
v 0.2475000 0.0303109 2.4700000
vn 0.2367640 0.8836154 0.4039388
f 1348/1348/1348 1349/1349/1349 1350/1350/1350
v 0.2300000 0.0670000 2.4000001
vn -0.2367641 0.8836154 0.4039389
v 0.1965000 0.0580237 2.4000001
vn -0.2367641 0.8836154 0.4039389
v 0.2125000 0.0303109 2.4700000
vn -0.2367641 0.8836154 0.4039389
f 1351/1351/1351 1352/1352/1352 1353/1353/1353
v 0.2300000 0.0670000 2.4000001
vn -0.2367640 0.8836154 0.4039388
v 0.2125000 0.0303109 2.4700000
vn -0.2367640 0.8836154 0.4039388
v 0.2300000 0.0350000 2.4700000
vn -0.2367640 0.8836154 0.4039388
f 1354/1354/1354 1355/1355/1355 1356/1356/1356
v 0.1965000 0.0580237 2.4000001
vn -0.6468513 0.6468515 0.4039388
v 0.1719763 0.0335000 2.4000001
vn -0.6468513 0.6468515 0.4039388
v 0.1996891 0.0175000 2.4700000
vn -0.6468513 0.6468515 0.4039388
f 1357/1357/1357 1358/1358/1358 1359/1359/1359
v 0.1965000 0.0580237 2.4000001
vn -0.6468511 0.6468516 0.4039389
v 0.1996891 0.0175000 2.4700000
vn -0.6468511 0.6468516 0.4039389
v 0.2125000 0.0303109 2.4700000
vn -0.6468511 0.6468516 0.4039389
f 1360/1360/1360 1361/1361/1361 1362/1362/1362
v 0.1719763 0.0335000 2.4000001
vn -0.8836154 0.2367640 0.4039387
v 0.1630000 0.0000000 2.4000001
vn -0.8836154 0.2367640 0.4039387
v 0.1950000 0.0000000 2.4700000
vn -0.8836154 0.2367640 0.4039387
f 1363/1363/1363 1364/1364/1364 1365/1365/1365
v 0.1719763 0.0335000 2.4000001
vn -0.8836154 0.2367641 0.4039388
v 0.1950000 0.0000000 2.4700000
vn -0.8836154 0.2367641 0.4039388
v 0.1996891 0.0175000 2.4700000
vn -0.8836154 0.2367641 0.4039388
f 1366/1366/1366 1367/1367/1367 1368/1368/1368
v 0.1630000 0.0000000 2.4000001
vn -0.8836154 -0.2367640 0.4039388
v 0.1719763 -0.0335000 2.4000001
vn -0.8836154 -0.2367640 0.4039388
v 0.1996891 -0.0175000 2.4700000
vn -0.8836154 -0.2367640 0.4039388
f 1369/1369/1369 1370/1370/1370 1371/1371/1371
v 0.1630000 0.0000000 2.4000001
vn -0.8836154 -0.2367641 0.4039387
v 0.1996891 -0.0175000 2.4700000
vn -0.8836154 -0.2367641 0.4039387
v 0.1950000 0.0000000 2.4700000
vn -0.8836154 -0.2367641 0.4039387
f 1372/1372/1372 1373/1373/1373 1374/1374/1374
v 0.1719763 -0.0335000 2.4000001
vn -0.6468512 -0.6468514 0.4039389
v 0.1965000 -0.0580237 2.4000001
vn -0.6468512 -0.6468514 0.4039389
v 0.2125000 -0.0303109 2.4700000
vn -0.6468512 -0.6468514 0.4039389
f 1375/1375/1375 1376/1376/1376 1377/1377/1377
v 0.1719763 -0.0335000 2.4000001
vn -0.6468511 -0.6468516 0.4039387
v 0.2125000 -0.0303109 2.4700000
vn -0.6468511 -0.6468516 0.4039387
v 0.1996891 -0.0175000 2.4700000
vn -0.6468511 -0.6468516 0.4039387
f 1378/1378/1378 1379/1379/1379 1380/1380/1380
v 0.1965000 -0.0580237 2.4000001
vn -0.2367640 -0.8836153 0.4039389
v 0.2300000 -0.0670000 2.4000001
vn -0.2367640 -0.8836153 0.4039389
v 0.2300000 -0.0350000 2.4700000
vn -0.2367640 -0.8836153 0.4039389
f 1381/1381/1381 1382/1382/1382 1383/1383/1383
v 0.1965000 -0.0580237 2.4000001
vn -0.2367640 -0.8836154 0.4039388
v 0.2300000 -0.0350000 2.4700000
vn -0.2367640 -0.8836154 0.4039388
v 0.2125000 -0.0303109 2.4700000
vn -0.2367640 -0.8836154 0.4039388
f 1384/1384/1384 1385/1385/1385 1386/1386/1386
v 0.2300000 -0.0670000 2.4000001
vn 0.2367641 -0.8836154 0.4039389
v 0.2635000 -0.0580237 2.4000001
vn 0.2367641 -0.8836154 0.4039389
v 0.2475000 -0.0303109 2.4700000
vn 0.2367641 -0.8836154 0.4039389
f 1387/1387/1387 1388/1388/1388 1389/1389/1389
v 0.2300000 -0.0670000 2.4000001
vn 0.2367640 -0.8836154 0.4039388
v 0.2475000 -0.0303109 2.4700000
vn 0.2367640 -0.8836154 0.4039388
v 0.2300000 -0.0350000 2.4700000
vn 0.2367640 -0.8836154 0.4039388
f 1390/1390/1390 1391/1391/1391 1392/1392/1392
v 0.2635000 -0.0580237 2.4000001
vn 0.6468512 -0.6468514 0.4039389
v 0.2880237 -0.0335000 2.4000001
vn 0.6468512 -0.6468514 0.4039389
v 0.2603109 -0.0175000 2.4700000
vn 0.6468512 -0.6468514 0.4039389
f 1393/1393/1393 1394/1394/1394 1395/1395/1395
v 0.2635000 -0.0580237 2.4000001
vn 0.6468515 -0.6468512 0.4039389
v 0.2603109 -0.0175000 2.4700000
vn 0.6468515 -0.6468512 0.4039389
v 0.2475000 -0.0303109 2.4700000
vn 0.6468515 -0.6468512 0.4039389
f 1396/1396/1396 1397/1397/1397 1398/1398/1398
v 0.2880237 -0.0335000 2.4000001
vn 0.8836154 -0.2367636 0.4039389
v 0.2970000 0.0000000 2.4000001
vn 0.8836154 -0.2367636 0.4039389
v 0.2650000 0.0000000 2.4700000
vn 0.8836154 -0.2367636 0.4039389
f 1399/1399/1399 1400/1400/1400 1401/1401/1401
v 0.2880237 -0.0335000 2.4000001
vn 0.8836156 -0.2367634 0.4039389
v 0.2650000 0.0000000 2.4700000
vn 0.8836156 -0.2367634 0.4039389
v 0.2603109 -0.0175000 2.4700000
vn 0.8836156 -0.2367634 0.4039389
f 1402/1402/1402 1403/1403/1403 1404/1404/1404
v 0.2650000 0.0000000 2.4700000
vn 0.7762498 0.2079949 0.5951254
v 0.2603109 0.0175000 2.4700000
vn 0.7762498 0.2079949 0.5951254
v 0.2403923 0.0060000 2.5000000
vn 0.7762498 0.2079949 0.5951254
f 1405/1405/1405 1406/1406/1406 1407/1407/1407
v 0.2650000 0.0000000 2.4700000
vn 0.7762498 0.2079963 0.5951251
v 0.2403923 0.0060000 2.5000000
vn 0.7762498 0.2079963 0.5951251
v 0.2420000 0.0000000 2.5000000
vn 0.7762498 0.2079963 0.5951251
f 1408/1408/1408 1409/1409/1409 1410/1410/1410
v 0.2603109 0.0175000 2.4700000
vn 0.5682544 0.5682542 0.5951254
v 0.2475000 0.0303109 2.4700000
vn 0.5682544 0.5682542 0.5951254
v 0.2360000 0.0103923 2.5000000
vn 0.5682544 0.5682542 0.5951254
f 1411/1411/1411 1412/1412/1412 1413/1413/1413
v 0.2603109 0.0175000 2.4700000
vn 0.5682546 0.5682536 0.5951255
v 0.2360000 0.0103923 2.5000000
vn 0.5682546 0.5682536 0.5951255
v 0.2403923 0.0060000 2.5000000
vn 0.5682546 0.5682536 0.5951255
f 1414/1414/1414 1415/1415/1415 1416/1416/1416
v 0.2475000 0.0303109 2.4700000
vn 0.2079955 0.7762498 0.5951254
v 0.2300000 0.0350000 2.4700000
vn 0.2079955 0.7762498 0.5951254
v 0.2300000 0.0120000 2.5000000
vn 0.2079955 0.7762498 0.5951254
f 1417/1417/1417 1418/1418/1418 1419/1419/1419
v 0.2475000 0.0303109 2.4700000
vn 0.2079956 0.7762496 0.5951254
v 0.2300000 0.0120000 2.5000000
vn 0.2079956 0.7762496 0.5951254
v 0.2360000 0.0103923 2.5000000
vn 0.2079956 0.7762496 0.5951254
f 1420/1420/1420 1421/1421/1421 1422/1422/1422
v 0.2300000 0.0350000 2.4700000
vn -0.2079955 0.7762498 0.5951254
v 0.2125000 0.0303109 2.4700000
vn -0.2079955 0.7762498 0.5951254
v 0.2240000 0.0103923 2.5000000
vn -0.2079955 0.7762498 0.5951254
f 1423/1423/1423 1424/1424/1424 1425/1425/1425
v 0.2300000 0.0350000 2.4700000
vn -0.2079956 0.7762496 0.5951253
v 0.2240000 0.0103923 2.5000000
vn -0.2079956 0.7762496 0.5951253
v 0.2300000 0.0120000 2.5000000
vn -0.2079956 0.7762496 0.5951253
f 1426/1426/1426 1427/1427/1427 1428/1428/1428
v 0.2125000 0.0303109 2.4700000
vn -0.5682540 0.5682544 0.5951254
v 0.1996891 0.0175000 2.4700000
vn -0.5682540 0.5682544 0.5951254
v 0.2196077 0.0060000 2.5000000
vn -0.5682540 0.5682544 0.5951254
f 1429/1429/1429 1430/1430/1430 1431/1431/1431
v 0.2125000 0.0303109 2.4700000
vn -0.5682537 0.5682546 0.5951254
v 0.2196077 0.0060000 2.5000000
vn -0.5682537 0.5682546 0.5951254
v 0.2240000 0.0103923 2.5000000
vn -0.5682537 0.5682546 0.5951254
f 1432/1432/1432 1433/1433/1433 1434/1434/1434
v 0.1996891 0.0175000 2.4700000
vn -0.7762497 0.2079955 0.5951254
v 0.1950000 0.0000000 2.4700000
vn -0.7762497 0.2079955 0.5951254
v 0.2180000 0.0000000 2.5000000
vn -0.7762497 0.2079955 0.5951254
f 1435/1435/1435 1436/1436/1436 1437/1437/1437
v 0.1996891 0.0175000 2.4700000
vn -0.7762494 0.2079962 0.5951256
v 0.2180000 0.0000000 2.5000000
vn -0.7762494 0.2079962 0.5951256
v 0.2196077 0.0060000 2.5000000
vn -0.7762494 0.2079962 0.5951256
f 1438/1438/1438 1439/1439/1439 1440/1440/1440
v 0.1950000 0.0000000 2.4700000
vn -0.7762497 -0.2079955 0.5951255
v 0.1996891 -0.0175000 2.4700000
vn -0.7762497 -0.2079955 0.5951255
v 0.2196077 -0.0060000 2.5000000
vn -0.7762497 -0.2079955 0.5951255
f 1441/1441/1441 1442/1442/1442 1443/1443/1443
v 0.1950000 0.0000000 2.4700000
vn -0.7762495 -0.2079962 0.5951253
v 0.2196077 -0.0060000 2.5000000
vn -0.7762495 -0.2079962 0.5951253
v 0.2180000 0.0000000 2.5000000
vn -0.7762495 -0.2079962 0.5951253
f 1444/1444/1444 1445/1445/1445 1446/1446/1446
v 0.1996891 -0.0175000 2.4700000
vn -0.5682540 -0.5682544 0.5951254
v 0.2125000 -0.0303109 2.4700000
vn -0.5682540 -0.5682544 0.5951254
v 0.2240000 -0.0103923 2.5000000
vn -0.5682540 -0.5682544 0.5951254
f 1447/1447/1447 1448/1448/1448 1449/1449/1449
v 0.1996891 -0.0175000 2.4700000
vn -0.5682538 -0.5682547 0.5951254
v 0.2240000 -0.0103923 2.5000000
vn -0.5682538 -0.5682547 0.5951254
v 0.2196077 -0.0060000 2.5000000
vn -0.5682538 -0.5682547 0.5951254
f 1450/1450/1450 1451/1451/1451 1452/1452/1452
v 0.2125000 -0.0303109 2.4700000
vn -0.2079955 -0.7762498 0.5951254
v 0.2300000 -0.0350000 2.4700000
vn -0.2079955 -0.7762498 0.5951254
v 0.2300000 -0.0120000 2.5000000
vn -0.2079955 -0.7762498 0.5951254
f 1453/1453/1453 1454/1454/1454 1455/1455/1455
v 0.2125000 -0.0303109 2.4700000
vn -0.2079956 -0.7762496 0.5951254
v 0.2300000 -0.0120000 2.5000000
vn -0.2079956 -0.7762496 0.5951254
v 0.2240000 -0.0103923 2.5000000
vn -0.2079956 -0.7762496 0.5951254
f 1456/1456/1456 1457/1457/1457 1458/1458/1458
v 0.2300000 -0.0350000 2.4700000
vn 0.2079955 -0.7762498 0.5951254
v 0.2475000 -0.0303109 2.4700000
vn 0.2079955 -0.7762498 0.5951254
v 0.2360000 -0.0103923 2.5000000
vn 0.2079955 -0.7762498 0.5951254
f 1459/1459/1459 1460/1460/1460 1461/1461/1461
v 0.2300000 -0.0350000 2.4700000
vn 0.2079956 -0.7762496 0.5951253
v 0.2360000 -0.0103923 2.5000000
vn 0.2079956 -0.7762496 0.5951253
v 0.2300000 -0.0120000 2.5000000
vn 0.2079956 -0.7762496 0.5951253
f 1462/1462/1462 1463/1463/1463 1464/1464/1464
v 0.2475000 -0.0303109 2.4700000
vn 0.5682543 -0.5682541 0.5951255
v 0.2603109 -0.0175000 2.4700000
vn 0.5682543 -0.5682541 0.5951255
v 0.2403923 -0.0060000 2.5000000
vn 0.5682543 -0.5682541 0.5951255
f 1465/1465/1465 1466/1466/1466 1467/1467/1467
v 0.2475000 -0.0303109 2.4700000
vn 0.5682548 -0.5682538 0.5951253
v 0.2403923 -0.0060000 2.5000000
vn 0.5682548 -0.5682538 0.5951253
v 0.2360000 -0.0103923 2.5000000
vn 0.5682548 -0.5682538 0.5951253
f 1468/1468/1468 1469/1469/1469 1470/1470/1470
v 0.2603109 -0.0175000 2.4700000
vn 0.7762500 -0.2079949 0.5951252
v 0.2650000 0.0000000 2.4700000
vn 0.7762500 -0.2079949 0.5951252
v 0.2420000 0.0000000 2.5000000
vn 0.7762500 -0.2079949 0.5951252
f 1471/1471/1471 1472/1472/1472 1473/1473/1473
v 0.2603109 -0.0175000 2.4700000
vn 0.7762494 -0.2079962 0.5951256
v 0.2420000 0.0000000 2.5000000
vn 0.7762494 -0.2079962 0.5951256
v 0.2403923 -0.0060000 2.5000000
vn 0.7762494 -0.2079962 0.5951256
f 1474/1474/1474 1475/1475/1475 1476/1476/1476
