# Physical vanilla furniture; Z up; per-tile mesh.
# Tile-local game axes; ObjReader performs the scene conversion.
mtllib pz_table_tables_low_01_long_fancy_1_0.mtl
usemtl original
v -0.5000000 0.2500000 0.3022240
vt 0.223776224 0.208860776
vn 0.00000000 0.00000000 -1.00000000
v 0.0625000 0.2500000 0.3022240
vt 0.437062928 0.208860776
vn 0.00000000 0.00000000 -1.00000000
v 0.0625000 -0.2500000 0.3022240
vt 0.437062928 0.981012642
vn 0.00000000 0.00000000 -1.00000000
f 1/1/1 2/2/2 3/3/3
v -0.5000000 0.2500000 0.3022240
vt 0.223776224 0.208860776
vn 0.00000000 0.00000000 -1.00000000
v 0.0625000 -0.2500000 0.3022240
vt 0.437062928 0.981012642
vn 0.00000000 0.00000000 -1.00000000
v -0.5000000 -0.2500000 0.3022240
vt 0.223776224 0.981012642
vn 0.00000000 0.00000000 -1.00000000
f 4/4/4 5/5/5 6/6/6
v -0.5000000 -0.2500000 0.3022240
vt 0.223776224 0.981012642
vn 0.00000000 -1.00000000 0.00000000
v 0.0625000 -0.2500000 0.3022240
vt 0.437062928 0.981012642
vn 0.00000000 -1.00000000 0.00000000
v 0.0625000 -0.2500000 0.3572240
vt 0.437062928 0.208860776
vn 0.00000000 -1.00000000 0.00000000
f 7/7/7 8/8/8 9/9/9
v -0.5000000 -0.2500000 0.3022240
vt 0.223776224 0.981012642
vn 0.00000000 -1.00000000 0.00000000
v 0.0625000 -0.2500000 0.3572240
vt 0.437062928 0.208860776
vn 0.00000000 -1.00000000 0.00000000
v -0.5000000 -0.2500000 0.3572240
vt 0.223776224 0.208860776
vn 0.00000000 -1.00000000 0.00000000
f 10/10/10 11/11/11 12/12/12
v 0.0625000 -0.2500000 0.3022240
vt 0.010489519 0.981012642
vn 1.00000000 0.00000000 0.00000000
v 0.0625000 0.2500000 0.3022240
vt 0.437062928 0.981012642
vn 1.00000000 0.00000000 0.00000000
v 0.0625000 0.2500000 0.3572240
vt 0.437062928 0.208860776
vn 1.00000000 0.00000000 0.00000000
f 13/13/13 14/14/14 15/15/15
v 0.0625000 -0.2500000 0.3022240
vt 0.010489519 0.981012642
vn 1.00000000 0.00000000 0.00000000
v 0.0625000 0.2500000 0.3572240
vt 0.437062928 0.208860776
vn 1.00000000 0.00000000 0.00000000
v 0.0625000 -0.2500000 0.3572240
vt 0.010489519 0.208860776
vn 1.00000000 0.00000000 0.00000000
f 16/16/16 17/17/17 18/18/18
v 0.0625000 0.2500000 0.3022240
vt 0.437062928 0.981012642
vn 0.00000000 1.00000000 0.00000000
v -0.5000000 0.2500000 0.3022240
vt 0.223776224 0.981012642
vn 0.00000000 1.00000000 0.00000000
v -0.5000000 0.2500000 0.3572240
vt 0.223776224 0.208860776
vn 0.00000000 1.00000000 0.00000000
f 19/19/19 20/20/20 21/21/21
v 0.0625000 0.2500000 0.3022240
vt 0.437062928 0.981012642
vn 0.00000000 1.00000000 -0.00000000
v -0.5000000 0.2500000 0.3572240
vt 0.223776224 0.208860776
vn 0.00000000 1.00000000 -0.00000000
v 0.0625000 0.2500000 0.3572240
vt 0.437062928 0.208860776
vn 0.00000000 1.00000000 -0.00000000
f 22/22/22 23/23/23 24/24/24
v -0.5000000 -0.2500000 0.3572240
vt 0.223776224 0.981012642
vn 0.00000000 0.00000000 1.00000000
v 0.0625000 -0.2500000 0.3572240
vt 0.437062928 0.981012642
vn 0.00000000 0.00000000 1.00000000
v 0.0625000 0.2500000 0.3572240
vt 0.437062928 0.208860776
vn 0.00000000 0.00000000 1.00000000
f 25/25/25 26/26/26 27/27/27
v -0.5000000 -0.2500000 0.3572240
vt 0.223776224 0.981012642
vn 0.00000000 0.00000000 1.00000000
v 0.0625000 0.2500000 0.3572240
vt 0.437062928 0.208860776
vn 0.00000000 0.00000000 1.00000000
v -0.5000000 0.2500000 0.3572240
vt 0.223776224 0.208860776
vn 0.00000000 0.00000000 1.00000000
f 28/28/28 29/29/29 30/30/30
v -0.0003673 -0.1593893 0.0351844
vt 0.515821060 0.229599433
vn 0.31274368 -0.15383579 -0.93729715
v -0.0289948 -0.1903816 0.0307190
vt 0.485583521 0.250532261
vn 0.31274368 -0.15383579 -0.93729715
v -0.0205550 -0.1690391 0.0300322
vt 0.506406310 0.244360976
vn 0.31274368 -0.15383579 -0.93729715
f 31/31/31 32/32/32 33/33/33
v -0.0003673 -0.1593893 0.0351844
vt 0.515821060 0.229599433
vn 0.31274351 -0.15383562 -0.93729723
v -0.0207427 -0.2109149 0.0368425
vt 0.465550322 0.244498212
vn 0.31274351 -0.15383562 -0.93729723
v -0.0289948 -0.1903816 0.0307190
vt 0.485583521 0.250532261
vn 0.31274351 -0.15383562 -0.93729723
f 34/34/34 35/35/35 36/36/36
v 0.0197427 -0.1670851 0.0431575
vt 0.508312705 0.214894793
vn 0.31274410 -0.15383585 -0.93729700
v -0.0207427 -0.2109149 0.0368425
vt 0.465550322 0.244498212
vn 0.31274410 -0.15383585 -0.93729700
v -0.0003673 -0.1593893 0.0351844
vt 0.515821060 0.229599433
vn 0.31274410 -0.15383585 -0.93729700
f 37/37/37 38/38/38 39/39/39
v 0.0197427 -0.1670851 0.0431575
vt 0.508312705 0.214894793
vn 0.31274370 -0.15383544 -0.93729720
v -0.0006327 -0.2186107 0.0448156
vt 0.458041967 0.229793539
vn 0.31274370 -0.15383544 -0.93729720
v -0.0207427 -0.2109149 0.0368425
vt 0.465550322 0.244498212
vn 0.31274370 -0.15383544 -0.93729720
f 40/40/40 41/41/41 42/42/42
v 0.0279948 -0.1876184 0.0492810
vt 0.488279505 0.208860776
vn 0.31274380 -0.15383548 -0.93729716
v -0.0006327 -0.2186107 0.0448156
vt 0.458041967 0.229793539
vn 0.31274380 -0.15383548 -0.93729716
v 0.0197427 -0.1670851 0.0431575
vt 0.508312705 0.214894793
vn 0.31274380 -0.15383548 -0.93729716
f 43/43/43 44/44/44 45/45/45
v 0.0279948 -0.1876184 0.0492810
vt 0.488279505 0.208860776
vn 0.31274349 -0.15383517 -0.93729731
v 0.0195550 -0.2089610 0.0499678
vt 0.467456680 0.215032028
vn 0.31274349 -0.15383517 -0.93729731
v -0.0006327 -0.2186107 0.0448156
vt 0.458041967 0.229793539
vn 0.31274349 -0.15383517 -0.93729731
f 46/46/46 47/47/47 48/48/48
v -0.0076164 -0.1740677 0.2847540
vt 0.501500133 0.234900091
vn 0.08458842 -0.08001539 0.99319803
v -0.0367717 -0.2048893 0.2847540
vt 0.471429192 0.256218767
vn 0.08458842 -0.08001539 0.99319803
v -0.0158541 -0.1954757 0.2837309
vt 0.480613541 0.240923577
vn 0.08458842 -0.08001539 0.99319803
f 49/49/49 50/50/50 51/51/51
v -0.0168841 -0.1532059 0.2872240
vt 0.521853923 0.241676735
vn 0.08458666 -0.08001373 0.99319832
v -0.0367717 -0.2048893 0.2847540
vt 0.471429192 0.256218767
vn 0.08458666 -0.08001373 0.99319832
v -0.0076164 -0.1740677 0.2847540
vt 0.501500133 0.234900091
vn 0.08458666 -0.08001373 0.99319832
f 52/52/52 53/53/53 54/54/54
v -0.0168841 -0.1532059 0.2872240
vt 0.521853923 0.241676735
vn 0.08458665 -0.08001372 0.99319832
v -0.0581159 -0.1967941 0.2872240
vt 0.479327168 0.271825920
vn 0.08458665 -0.08001372 0.99319832
v -0.0367717 -0.2048893 0.2847540
vt 0.471429192 0.256218767
vn 0.08458665 -0.08001372 0.99319832
f 55/55/55 56/56/56 57/57/57
v -0.0382283 -0.1451107 0.2896940
vt 0.529751899 0.257283889
vn 0.08458656 -0.08001364 0.99319833
v -0.0581159 -0.1967941 0.2872240
vt 0.479327168 0.271825920
vn 0.08458656 -0.08001364 0.99319833
v -0.0168841 -0.1532059 0.2872240
vt 0.521853923 0.241676735
vn 0.08458656 -0.08001364 0.99319833
f 58/58/58 59/59/59 60/60/60
v -0.0382283 -0.1451107 0.2896940
vt 0.529751899 0.257283889
vn 0.08458672 -0.08001370 0.99319832
v -0.0673836 -0.1759323 0.2896940
vt 0.499680958 0.278602564
vn 0.08458672 -0.08001370 0.99319832
v -0.0581159 -0.1967941 0.2872240
vt 0.479327168 0.271825920
vn 0.08458672 -0.08001370 0.99319832
f 61/61/61 62/62/62 63/63/63
v -0.0591459 -0.1545243 0.2907171
vt 0.520567586 0.272579046
vn 0.08458866 -0.08001554 0.99319800
v -0.0673836 -0.1759323 0.2896940
vt 0.499680958 0.278602564
vn 0.08458866 -0.08001554 0.99319800
v -0.0382283 -0.1451107 0.2896940
vt 0.529751899 0.257283889
vn 0.08458866 -0.08001554 0.99319800
f 64/64/64 65/65/65 66/66/66
v -0.0673836 -0.1759323 0.2896940
vt 0.882941207 0.905640766
vn -0.90932874 -0.41141661 0.06210974
v -0.0691494 -0.1744141 0.2738979
vt 0.857093263 0.902959538
vn -0.90932874 -0.41141661 0.06210974
v -0.0599888 -0.1951829 0.2704418
vt 0.851437811 0.939638278
vn -0.90932874 -0.41141661 0.06210974
f 67/67/67 68/68/68 69/69/69
v -0.0673836 -0.1759323 0.2896940
vt 0.882941207 0.905640766
vn -0.90937855 -0.41132344 0.06199744
v -0.0599888 -0.1951829 0.2704418
vt 0.851437811 0.939638278
vn -0.90937855 -0.41132344 0.06199744
v -0.0581159 -0.1967941 0.2872240
vt 0.878899486 0.942483702
vn -0.90937855 -0.41132344 0.06199744
f 70/70/70 71/71/71 72/72/72
v -0.0591459 -0.1545243 0.2907171
vt 0.884615376 0.867833389
vn -0.92664620 0.34997687 0.13726986
v -0.0608904 -0.1530246 0.2751172
vt 0.859088524 0.865184794
vn -0.92664620 0.34997687 0.13726986
v -0.0691494 -0.1744141 0.2738979
vt 0.857093263 0.902959538
vn -0.92664620 0.34997687 0.13726986
f 73/73/73 74/74/74 75/75/75
v -0.0591459 -0.1545243 0.2907171
vt 0.884615376 0.867833389
vn -0.92664026 0.35000877 0.13722859
v -0.0691494 -0.1744141 0.2738979
vt 0.857093263 0.902959538
vn -0.92664026 0.35000877 0.13722859
v -0.0673836 -0.1759323 0.2896940
vt 0.882941207 0.905640766
vn -0.92664026 0.35000877 0.13722859
f 76/76/76 77/77/77 78/78/78
v -0.0382283 -0.1451107 0.2896940
vt 0.882941207 0.257283889
vn -0.40135255 0.90637818 0.13188905
v -0.0400498 -0.1435442 0.2733855
vt 0.856254801 0.258615737
vn -0.40135255 0.90637818 0.13188905
v -0.0608904 -0.1530246 0.2751172
vt 0.859088524 0.273854639
vn -0.40135255 0.90637818 0.13188905
f 79/79/79 80/80/80 81/81/81
v -0.0382283 -0.1451107 0.2896940
vt 0.882941207 0.257283889
vn -0.40142065 0.90632870 0.13202179
v -0.0608904 -0.1530246 0.2751172
vt 0.859088524 0.273854639
vn -0.40142065 0.90632870 0.13202179
v -0.0591459 -0.1545243 0.2907171
vt 0.884615376 0.272579046
vn -0.40142065 0.90632870 0.13202179
f 82/82/82 83/83/83 84/84/84
v -0.0168841 -0.1532059 0.2872240
vt 0.878899486 0.241676735
vn 0.35920036 0.93195409 0.04936275
v -0.0188357 -0.1515264 0.2697172
vt 0.850252084 0.243103789
vn 0.35920036 0.93195409 0.04936275
v -0.0400498 -0.1435442 0.2733855
vt 0.856254801 0.258615737
vn 0.35920036 0.93195409 0.04936275
f 85/85/85 86/86/86 87/87/87
v -0.0168841 -0.1532059 0.2872240
vt 0.878899486 0.241676735
vn 0.35917750 0.93196063 0.04940559
v -0.0400498 -0.1435442 0.2733855
vt 0.856254801 0.258615737
vn 0.35917750 0.93196063 0.04940559
v -0.0382283 -0.1451107 0.2896940
vt 0.882941207 0.257283889
vn 0.35917750 0.93196063 0.04940559
f 88/88/88 89/89/89 90/90/90
v -0.0076164 -0.1740677 0.2847540
vt 0.874857730 0.902347828
vn 0.90936520 0.41138180 -0.06180568
v -0.0096751 -0.1722953 0.2662611
vt 0.844596668 0.899217628
vn 0.90936520 0.41138180 -0.06180568
v -0.0188357 -0.1515264 0.2697172
vt 0.850252084 0.862538856
vn 0.90936520 0.41138180 -0.06180568
f 91/91/91 92/92/92 93/93/93
v -0.0076164 -0.1740677 0.2847540
vt 0.874857730 0.902347828
vn 0.90938661 0.41131760 -0.06191790
v -0.0188357 -0.1515264 0.2697172
vt 0.850252084 0.862538856
vn 0.90938661 0.41131760 -0.06191790
v -0.0168841 -0.1532059 0.2872240
vt 0.878899486 0.865504924
vn 0.90938661 0.41131760 -0.06191790
f 94/94/94 95/95/95 96/96/96
v -0.0158541 -0.1954757 0.2837309
vt 0.873183561 0.940155269
vn 0.92671081 -0.35003524 -0.13668361
v -0.0179341 -0.1936847 0.2650417
vt 0.842601408 0.936992340
vn 0.92671081 -0.35003524 -0.13668361
v -0.0096751 -0.1722953 0.2662611
vt 0.844596668 0.899217628
vn 0.92671081 -0.35003524 -0.13668361
f 97/97/97 98/98/98 99/99/99
v -0.0158541 -0.1954757 0.2837309
vt 0.873183561 0.940155269
vn 0.92669854 -0.35005551 -0.13671485
v -0.0096751 -0.1722953 0.2662611
vt 0.844596668 0.899217628
vn 0.92669854 -0.35005551 -0.13671485
v -0.0076164 -0.1740677 0.2847540
vt 0.874857730 0.902347828
vn 0.92669854 -0.35005551 -0.13671485
f 100/100/100 101/101/101 102/102/102
v -0.0367717 -0.2048893 0.2847540
vt 0.874857730 0.256218767
vn 0.40138422 -0.90640185 -0.13162973
v -0.0387748 -0.2031651 0.2667735
vt 0.845435095 0.257683443
vn 0.40138422 -0.90640185 -0.13162973
v -0.0179341 -0.1936847 0.2650417
vt 0.842601408 0.242444541
vn 0.40138422 -0.90640185 -0.13162973
f 103/103/103 104/104/104 105/105/105
v -0.0367717 -0.2048893 0.2847540
vt 0.874857730 0.256218767
vn 0.40146568 -0.90637897 -0.13153888
v -0.0179341 -0.1936847 0.2650417
vt 0.842601408 0.242444541
vn 0.40146568 -0.90637897 -0.13153888
v -0.0158541 -0.1954757 0.2837309
vt 0.873183561 0.240923577
vn 0.40146568 -0.90637897 -0.13153888
f 106/106/106 107/107/107 108/108/108
v -0.0581159 -0.1967941 0.2872240
vt 0.878899486 0.271825920
vn -0.35920341 -0.93195170 -0.04938558
v -0.0599888 -0.1951829 0.2704418
vt 0.851437811 0.273195390
vn -0.35920341 -0.93195170 -0.04938558
v -0.0387748 -0.2031651 0.2667735
vt 0.845435095 0.257683443
vn -0.35920341 -0.93195170 -0.04938558
f 109/109/109 110/110/110 111/111/111
v -0.0581159 -0.1967941 0.2872240
vt 0.878899486 0.271825920
vn -0.35917357 -0.93196492 -0.04935324
v -0.0387748 -0.2031651 0.2667735
vt 0.845435095 0.257683443
vn -0.35917357 -0.93196492 -0.04935324
v -0.0367717 -0.2048893 0.2847540
vt 0.874857730 0.256218767
vn -0.35917357 -0.93196492 -0.04935324
f 112/112/112 113/113/113 114/114/114
v -0.0691494 -0.1744141 0.2738979
vt 0.857093263 0.902959538
vn -0.90570545 -0.41443928 0.08909392
v -0.0714098 -0.1726398 0.2591724
vt 0.832996968 0.899826163
vn -0.90570545 -0.41443928 0.08909392
v -0.0623343 -0.1933411 0.2551351
vt 0.826390521 0.936385491
vn -0.90570545 -0.41443928 0.08909392
f 115/115/115 116/116/116 117/117/117
v -0.0691494 -0.1744141 0.2738979
vt 0.857093263 0.902959538
vn -0.90577702 -0.41431530 0.08894286
v -0.0623343 -0.1933411 0.2551351
vt 0.826390521 0.936385491
vn -0.90577702 -0.41431530 0.08894286
v -0.0599888 -0.1951829 0.2704418
vt 0.851437811 0.939638278
vn -0.90577702 -0.41431530 0.08894286
f 118/118/118 119/119/119 120/120/120
v -0.0608904 -0.1530246 0.2751172
vt 0.859088524 0.865184794
vn -0.92060238 0.34499571 0.18294597
v -0.0631339 -0.1512638 0.2605073
vt 0.835181453 0.862075172
vn -0.92060238 0.34499571 0.18294597
v -0.0714098 -0.1726398 0.2591724
vt 0.832996968 0.899826163
vn -0.92060238 0.34499571 0.18294597
f 121/121/121 122/122/122 123/123/123
v -0.0608904 -0.1530246 0.2751172
vt 0.859088524 0.865184794
vn -0.92059719 0.34504072 0.18288718
v -0.0714098 -0.1726398 0.2591724
vt 0.832996968 0.899826163
vn -0.92059719 0.34504072 0.18288718
v -0.0691494 -0.1744141 0.2738979
vt 0.857093263 0.902959538
vn -0.92059719 0.34504072 0.18288718
f 124/124/124 125/125/125 126/126/126
v -0.0400498 -0.1435442 0.2733855
vt 0.856254801 0.258615737
vn -0.39627863 0.90236331 0.16942168
v -0.0423544 -0.1417348 0.2583580
vt 0.831664371 0.260300930
vn -0.39627863 0.90236331 0.16942168
v -0.0631339 -0.1512638 0.2605073
vt 0.835181453 0.275495113
vn -0.39627863 0.90236331 0.16942168
f 127/127/127 128/128/128 129/129/129
v -0.0400498 -0.1435442 0.2733855
vt 0.856254801 0.258615737
vn -0.39635964 0.90229247 0.16960935
v -0.0631339 -0.1512638 0.2605073
vt 0.835181453 0.275495113
vn -0.39635964 0.90229247 0.16960935
v -0.0608904 -0.1530246 0.2751172
vt 0.859088524 0.273854639
vn -0.39635964 0.90229247 0.16960935
f 130/130/130 131/131/131 132/132/132
v -0.0188357 -0.1515264 0.2697172
vt 0.850252084 0.243103789
vn 0.36022128 0.93113546 0.05681016
v -0.0212438 -0.1496348 0.2539833
vt 0.824505931 0.244864583
vn 0.36022128 0.93113546 0.05681016
v -0.0423544 -0.1417348 0.2583580
vt 0.831664371 0.260300930
vn 0.36022128 0.93113546 0.05681016
f 133/133/133 134/134/134 135/135/135
v -0.0188357 -0.1515264 0.2697172
vt 0.850252084 0.243103789
vn 0.36019364 0.93114230 0.05687329
v -0.0423544 -0.1417348 0.2583580
vt 0.831664371 0.260300930
vn 0.36019364 0.93114230 0.05687329
v -0.0400498 -0.1435442 0.2733855
vt 0.856254801 0.258615737
vn 0.36019364 0.93114230 0.05687329
f 136/136/136 137/137/137 138/138/138
v -0.0096751 -0.1722953 0.2662611
vt 0.844596668 0.899217628
vn 0.90577395 0.41438429 -0.08865219
v -0.0121682 -0.1703361 0.2499460
vt 0.817899413 0.895757707
vn 0.90577395 0.41438429 -0.08865219
v -0.0212438 -0.1496348 0.2539833
vt 0.824505931 0.859198347
vn 0.90577395 0.41438429 -0.08865219
f 139/139/139 140/140/140 141/141/141
v -0.0096751 -0.1722953 0.2662611
vt 0.844596668 0.899217628
vn 0.90579461 0.41430269 -0.08882227
v -0.0212438 -0.1496348 0.2539833
vt 0.824505931 0.859198347
vn 0.90579461 0.41430269 -0.08882227
v -0.0188357 -0.1515264 0.2697172
vt 0.850252084 0.862538856
vn 0.90579461 0.41430269 -0.08882227
f 142/142/142 143/143/143 144/144/144
v -0.0179341 -0.1936847 0.2650417
vt 0.842601408 0.936992340
vn 0.92073346 -0.34510020 -0.18208720
v -0.0204442 -0.1917121 0.2486110
vt 0.815714927 0.933508666
vn 0.92073346 -0.34510020 -0.18208720
v -0.0121682 -0.1703361 0.2499460
vt 0.817899413 0.895757707
vn 0.92073346 -0.34510020 -0.18208720
f 145/145/145 146/146/146 147/147/147
v -0.0179341 -0.1936847 0.2650417
vt 0.842601408 0.936992340
vn 0.92071292 -0.34512810 -0.18213819
v -0.0121682 -0.1703361 0.2499460
vt 0.817899413 0.895757707
vn 0.92071292 -0.34512810 -0.18213819
v -0.0096751 -0.1722953 0.2662611
vt 0.844596668 0.899217628
vn 0.92071292 -0.34512810 -0.18213819
f 148/148/148 149/149/149 150/150/150
v -0.0387748 -0.2031651 0.2667735
vt 0.845435095 0.257683443
vn 0.39633900 -0.90240872 -0.16903816
v -0.0412236 -0.2012411 0.2507604
vt 0.819232045 0.259474114
vn 0.39633900 -0.90240872 -0.16903816
v -0.0204442 -0.1917121 0.2486110
vt 0.815714927 0.244279931
vn 0.39633900 -0.90240872 -0.16903816
f 151/151/151 152/152/152 153/153/153
v -0.0387748 -0.2031651 0.2667735
vt 0.845435095 0.257683443
vn 0.39645859 -0.90238195 -0.16890058
v -0.0204442 -0.1917121 0.2486110
vt 0.815714927 0.244279931
vn 0.39645859 -0.90238195 -0.16890058
v -0.0179341 -0.1936847 0.2650417
vt 0.842601408 0.242444541
vn 0.39645859 -0.90238195 -0.16890058
f 154/154/154 155/155/155 156/156/156
v -0.0599888 -0.1951829 0.2704418
vt 0.851437811 0.273195390
vn -0.36022614 -0.93113159 -0.05684269
v -0.0623343 -0.1933411 0.2551351
vt 0.826390521 0.274910493
vn -0.36022614 -0.93113159 -0.05684269
v -0.0412236 -0.2012411 0.2507604
vt 0.819232045 0.259474114
vn -0.36022614 -0.93113159 -0.05684269
f 157/157/157 158/158/158 159/159/159
v -0.0599888 -0.1951829 0.2704418
vt 0.851437811 0.273195390
vn -0.36018353 -0.93115091 -0.05679612
v -0.0412236 -0.2012411 0.2507604
vt 0.819232045 0.259474114
vn -0.36018353 -0.93115091 -0.05679612
v -0.0387748 -0.2031651 0.2667735
vt 0.845435095 0.257683443
vn -0.36018353 -0.93115091 -0.05679612
f 160/160/160 161/161/161 162/162/162
v -0.0714098 -0.1726398 0.2591724
vt 0.832996968 0.899826163
vn -0.90422492 -0.41558123 0.09833381
v -0.0738640 -0.1707561 0.2445663
vt 0.809096342 0.896499362
vn -0.90422492 -0.41558123 0.09833381
v -0.0647813 -0.1914629 0.2405737
vt 0.802562972 0.933068508
vn -0.90422492 -0.41558123 0.09833381
f 163/163/163 164/164/164 165/165/165
v -0.0714098 -0.1726398 0.2591724
vt 0.832996968 0.899826163
vn -0.90421854 -0.41559200 0.09834698
v -0.0647813 -0.1914629 0.2405737
vt 0.802562972 0.933068508
vn -0.90421854 -0.41559200 0.09834698
v -0.0623343 -0.1933411 0.2551351
vt 0.826390521 0.936385491
vn -0.90421854 -0.41559200 0.09834698
f 166/166/166 167/167/167 168/168/168
v -0.0631339 -0.1512638 0.2605073
vt 0.835181453 0.862075172
vn -0.91809993 0.34305893 0.19850213
v -0.0655895 -0.1493790 0.2458924
vt 0.811266291 0.858746459
vn -0.91809993 0.34305893 0.19850213
v -0.0738640 -0.1707561 0.2445663
vt 0.809096342 0.896499362
vn -0.91809993 0.34305893 0.19850213
f 169/169/169 170/170/170 171/171/171
v -0.0631339 -0.1512638 0.2605073
vt 0.835181453 0.862075172
vn -0.91810028 0.34305519 0.19850694
v -0.0738640 -0.1707561 0.2445663
vt 0.809096342 0.896499362
vn -0.91810028 0.34305519 0.19850694
v -0.0714098 -0.1726398 0.2591724
vt 0.832996968 0.899826163
vn -0.91810028 0.34305519 0.19850694
f 172/172/172 173/173/173 174/174/174
v -0.0423544 -0.1417348 0.2583580
vt 0.831664371 0.260300930
vn -0.39420138 0.90073845 0.18241577
v -0.0448049 -0.1398540 0.2437752
vt 0.807801698 0.262092735
vn -0.39420138 0.90073845 0.18241577
v -0.0655895 -0.1493790 0.2458924
vt 0.811266291 0.277290677
vn -0.39420138 0.90073845 0.18241577
f 175/175/175 176/176/176 177/177/177
v -0.0423544 -0.1417348 0.2583580
vt 0.831664371 0.260300930
vn -0.39419428 0.90074507 0.18239846
v -0.0655895 -0.1493790 0.2458924
vt 0.811266291 0.277290677
vn -0.39419428 0.90074507 0.18239846
v -0.0631339 -0.1512638 0.2605073
vt 0.835181453 0.275495113
vn -0.39419428 0.90074507 0.18239846
f 178/178/178 179/179/179 180/180/180
v -0.0212438 -0.1496348 0.2539833
vt 0.824505931 0.244864583
vn 0.36064285 0.93080694 0.05945728
v -0.0236855 -0.1477607 0.2394548
vt 0.800732053 0.246650037
vn 0.36064285 0.93080694 0.05945728
v -0.0448049 -0.1398540 0.2437752
vt 0.807801698 0.262092735
vn 0.36064285 0.93080694 0.05945728
f 181/181/181 182/182/182 183/183/183
v -0.0212438 -0.1496348 0.2539833
vt 0.824505931 0.244864583
vn 0.36064536 0.93080638 0.05945094
v -0.0448049 -0.1398540 0.2437752
vt 0.807801698 0.262092735
vn 0.36064536 0.93080638 0.05945094
v -0.0423544 -0.1417348 0.2583580
vt 0.831664371 0.260300930
vn 0.36064536 0.93080638 0.05945094
f 184/184/184 185/185/185 186/186/186
v -0.0121682 -0.1703361 0.2499460
vt 0.817899413 0.895757707
vn 0.90421745 0.41558672 -0.09837923
v -0.0146029 -0.1684675 0.2354622
vt 0.794198682 0.892457705
vn 0.90421745 0.41558672 -0.09837923
v -0.0236855 -0.1477607 0.2394548
vt 0.800732053 0.855888559
vn 0.90421745 0.41558672 -0.09837923
f 187/187/187 188/188/188 189/189/189
v -0.0121682 -0.1703361 0.2499460
vt 0.817899413 0.895757707
vn 0.90421586 0.41559461 -0.09836051
v -0.0236855 -0.1477607 0.2394548
vt 0.800732053 0.855888559
vn 0.90421586 0.41559461 -0.09836051
v -0.0212438 -0.1496348 0.2539833
vt 0.824505931 0.859198347
vn 0.90421586 0.41559461 -0.09836051
f 190/190/190 191/191/191 192/192/192
v -0.0204442 -0.1917121 0.2486110
vt 0.815714927 0.933508666
vn 0.91808536 -0.34304793 -0.19858850
v -0.0228774 -0.1898447 0.2341361
vt 0.792028733 0.930210609
vn 0.91808536 -0.34304793 -0.19858850
v -0.0146029 -0.1684675 0.2354622
vt 0.794198682 0.892457705
vn 0.91808536 -0.34304793 -0.19858850
f 193/193/193 194/194/194 195/195/195
v -0.0204442 -0.1917121 0.2486110
vt 0.815714927 0.933508666
vn 0.91808737 -0.34304552 -0.19858335
v -0.0146029 -0.1684675 0.2354622
vt 0.794198682 0.892457705
vn 0.91808737 -0.34304552 -0.19858335
v -0.0121682 -0.1703361 0.2499460
vt 0.817899413 0.895757707
vn 0.91808737 -0.34304552 -0.19858335
f 196/196/196 197/197/197 198/198/198
v -0.0412236 -0.2012411 0.2507604
vt 0.819232045 0.259474114
vn 0.39419430 -0.90073343 -0.18245586
v -0.0436620 -0.1993697 0.2362534
vt 0.795493362 0.261257073
vn 0.39419430 -0.90073343 -0.18245586
v -0.0228774 -0.1898447 0.2341361
vt 0.792028733 0.246059131
vn 0.39419430 -0.90073343 -0.18245586
f 199/199/199 200/200/200 201/201/201
v -0.0412236 -0.2012411 0.2507604
vt 0.819232045 0.259474114
vn 0.39418238 -0.90073567 -0.18247055
v -0.0228774 -0.1898447 0.2341361
vt 0.792028733 0.246059131
vn 0.39418238 -0.90073567 -0.18247055
v -0.0204442 -0.1917121 0.2486110
vt 0.815714927 0.244279931
vn 0.39418238 -0.90073567 -0.18247055
f 202/202/202 203/203/203 204/204/204
v -0.0623343 -0.1933411 0.2551351
vt 0.826390521 0.274910493
vn -0.36064292 -0.93080705 -0.05945512
v -0.0647813 -0.1914629 0.2405737
vt 0.802562972 0.276699771
vn -0.36064292 -0.93080705 -0.05945512
v -0.0436620 -0.1993697 0.2362534
vt 0.795493362 0.261257073
vn -0.36064292 -0.93080705 -0.05945512
f 205/205/205 206/206/206 207/207/207
v -0.0623343 -0.1933411 0.2551351
vt 0.826390521 0.274910493
vn -0.36064627 -0.93080552 -0.05945892
v -0.0436620 -0.1993697 0.2362534
vt 0.795493362 0.261257073
vn -0.36064627 -0.93080552 -0.05945892
v -0.0412236 -0.2012411 0.2507604
vt 0.819232045 0.259474114
vn -0.36064627 -0.93080552 -0.05945892
f 208/208/208 209/209/209 210/210/210
v -0.0738640 -0.1707561 0.2445663
vt 0.809096342 0.896499362
vn -0.90629448 -0.41386281 0.08571988
v -0.0761227 -0.1689669 0.2293239
vt 0.784154280 0.893339674
vn -0.90629448 -0.41386281 0.08571988
v -0.0669351 -0.1897582 0.2260802
vt 0.778846344 0.930057851
vn -0.90629448 -0.41386281 0.08571988
f 211/211/211 212/212/212 213/213/213
v -0.0738640 -0.1707561 0.2445663
vt 0.809096342 0.896499362
vn -0.90618436 -0.41405447 0.08595816
v -0.0669351 -0.1897582 0.2260802
vt 0.778846344 0.930057851
vn -0.90618436 -0.41405447 0.08595816
v -0.0647813 -0.1914629 0.2405737
vt 0.802562972 0.933068508
vn -0.90618436 -0.41405447 0.08595816
f 214/214/214 215/215/215 216/216/216
v -0.0655895 -0.1493790 0.2458924
vt 0.811266291 0.858746459
vn -0.92147026 0.34575676 0.17704469
v -0.0678690 -0.1475731 0.2305010
vt 0.786080403 0.855557120
vn -0.92147026 0.34575676 0.17704469
v -0.0761227 -0.1689669 0.2293239
vt 0.784154280 0.893339674
vn -0.92147026 0.34575676 0.17704469
f 217/217/217 218/218/218 219/219/219
v -0.0655895 -0.1493790 0.2458924
vt 0.811266291 0.858746459
vn -0.92147869 0.34569280 0.17712566
v -0.0761227 -0.1689669 0.2293239
vt 0.784154280 0.893339674
vn -0.92147869 0.34569280 0.17712566
v -0.0738640 -0.1707561 0.2445663
vt 0.809096342 0.896499362
vn -0.92147869 0.34569280 0.17712566
f 220/220/220 221/221/221 222/222/222
v -0.0448049 -0.1398540 0.2437752
vt 0.807801698 0.262092735
vn -0.39712107 0.90280998 0.16501209
v -0.0470090 -0.1381087 0.2289219
vt 0.783496378 0.263704433
vn -0.39712107 0.90280998 0.16501209
v -0.0678690 -0.1475731 0.2305010
vt 0.786080403 0.278957529
vn -0.39712107 0.90280998 0.16501209
f 223/223/223 224/224/224 225/225/225
v -0.0448049 -0.1398540 0.2437752
vt 0.807801698 0.262092735
vn -0.39699881 0.90291355 0.16473942
v -0.0678690 -0.1475731 0.2305010
vt 0.786080403 0.278957529
vn -0.39699881 0.90291355 0.16473942
v -0.0655895 -0.1493790 0.2458924
vt 0.811266291 0.277290677
vn -0.39699881 0.90291355 0.16473942
f 226/226/226 227/227/227 228/228/228
v -0.0236855 -0.1477607 0.2394548
vt 0.800732053 0.246650037
vn 0.36004925 0.93124553 0.05609188
v -0.0257622 -0.1461180 0.2255116
vt 0.777915972 0.248168506
vn 0.36004925 0.93124553 0.05609188
v -0.0470090 -0.1381087 0.2289219
vt 0.783496378 0.263704433
vn 0.36004925 0.93124553 0.05609188
f 229/229/229 230/230/230 231/231/231
v -0.0236855 -0.1477607 0.2394548
vt 0.800732053 0.246650037
vn 0.36009292 0.93123504 0.05598557
v -0.0470090 -0.1381087 0.2289219
vt 0.783496378 0.263704433
vn 0.36009292 0.93123504 0.05598557
v -0.0448049 -0.1398540 0.2437752
vt 0.807801698 0.262092735
vn 0.36009292 0.93123504 0.05598557
f 232/232/232 233/233/233 234/234/234
v -0.0146029 -0.1684675 0.2354622
vt 0.794198682 0.892457705
vn 0.90618294 0.41393929 -0.08652599
v -0.0165746 -0.1669092 0.2222679
vt 0.772608072 0.889705576
vn 0.90618294 0.41393929 -0.08652599
v -0.0257622 -0.1461180 0.2255116
vt 0.777915972 0.852987431
vn 0.90618294 0.41393929 -0.08652599
f 235/235/235 236/236/236 237/237/237
v -0.0146029 -0.1684675 0.2354622
vt 0.794198682 0.892457705
vn 0.90615176 0.41408138 -0.08617188
v -0.0257622 -0.1461180 0.2255116
vt 0.777915972 0.852987431
vn 0.90615176 0.41408138 -0.08617188
v -0.0236855 -0.1477607 0.2394548
vt 0.800732053 0.855888559
vn 0.90615176 0.41408138 -0.08617188
f 238/238/238 239/239/239 240/240/240
v -0.0228774 -0.1898447 0.2341361
vt 0.792028733 0.930210609
vn 0.92123631 -0.34558074 -0.17859903
v -0.0248282 -0.1883031 0.2210908
vt 0.770681949 0.927488162
vn 0.92123631 -0.34558074 -0.17859903
v -0.0165746 -0.1669092 0.2222679
vt 0.772608072 0.889705576
vn 0.92123631 -0.34558074 -0.17859903
f 241/241/241 242/242/242 243/243/243
v -0.0228774 -0.1898447 0.2341361
vt 0.792028733 0.930210609
vn 0.92127787 -0.34553100 -0.17848084
v -0.0165746 -0.1669092 0.2222679
vt 0.772608072 0.889705576
vn 0.92127787 -0.34553100 -0.17848084
v -0.0146029 -0.1684675 0.2354622
vt 0.794198682 0.892457705
vn 0.92127787 -0.34553100 -0.17848084
f 244/244/244 245/245/245 246/246/246
v -0.0436620 -0.1993697 0.2362534
vt 0.795493362 0.261257073
vn 0.39702920 -0.90272402 -0.16570200
v -0.0456882 -0.1977675 0.2226699
vt 0.773265938 0.262738665
vn 0.39702920 -0.90272402 -0.16570200
v -0.0248282 -0.1883031 0.2210908
vt 0.770681949 0.247485570
vn 0.39702920 -0.90272402 -0.16570200
f 247/247/247 248/248/248 249/249/249
v -0.0436620 -0.1993697 0.2362534
vt 0.795493362 0.261257073
vn 0.39680065 -0.90276664 -0.16601699
v -0.0248282 -0.1883031 0.2210908
vt 0.770681949 0.247485570
vn 0.39680065 -0.90276664 -0.16601699
v -0.0228774 -0.1898447 0.2341361
vt 0.792028733 0.246059131
vn 0.39680065 -0.90276664 -0.16601699
f 250/250/250 251/251/251 252/252/252
v -0.0647813 -0.1914629 0.2405737
vt 0.802562972 0.276699771
vn -0.36004213 -0.93125185 -0.05603266
v -0.0669351 -0.1897582 0.2260802
vt 0.778846344 0.278274625
vn -0.36004213 -0.93125185 -0.05603266
v -0.0456882 -0.1977675 0.2226699
vt 0.773265938 0.262738665
vn -0.36004213 -0.93125185 -0.05603266
f 253/253/253 254/254/254 255/255/255
v -0.0647813 -0.1914629 0.2405737
vt 0.802562972 0.276699771
vn -0.36011507 -0.93121825 -0.05612228
v -0.0456882 -0.1977675 0.2226699
vt 0.773265938 0.262738665
vn -0.36011507 -0.93121825 -0.05612228
v -0.0436620 -0.1993697 0.2362534
vt 0.795493362 0.261257073
vn -0.36011507 -0.93121825 -0.05612228
f 256/256/256 257/257/257 258/258/258
v -0.0761227 -0.1689669 0.2293239
vt 0.784154280 0.893339674
vn -0.91062003 -0.41009042 0.05096078
v -0.0776808 -0.1675501 0.2128826
vt 0.757250363 0.890837517
vn -0.91062003 -0.41009042 0.05096078
v -0.0683696 -0.1884564 0.2110288
vt 0.754216960 0.927758906
vn -0.91062003 -0.41009042 0.05096078
f 259/259/259 260/260/260 261/261/261
v -0.0761227 -0.1689669 0.2293239
vt 0.784154280 0.893339674
vn -0.91048765 -0.41034365 0.05128664
v -0.0683696 -0.1884564 0.2110288
vt 0.754216960 0.927758906
vn -0.91048765 -0.41034365 0.05128664
v -0.0669351 -0.1897582 0.2260802
vt 0.778846344 0.930057851
vn -0.91048765 -0.41034365 0.05128664
f 262/262/262 263/263/263 264/264/264
v -0.0678690 -0.1475731 0.2305010
vt 0.786080403 0.855557120
vn -0.92857447 0.35181764 0.11821085
v -0.0694518 -0.1461333 0.2137831
vt 0.758723921 0.853014522
vn -0.92857447 0.35181764 0.11821085
v -0.0776808 -0.1675501 0.2128826
vt 0.757250363 0.890837517
vn -0.92857447 0.35181764 0.11821085
f 265/265/265 266/266/266 267/267/267
v -0.0678690 -0.1475731 0.2305010
vt 0.786080403 0.855557120
vn -0.92859239 0.35173576 0.11831368
v -0.0776808 -0.1675501 0.2128826
vt 0.757250363 0.890837517
vn -0.92859239 0.35173576 0.11831368
v -0.0761227 -0.1689669 0.2293239
vt 0.784154280 0.893339674
vn -0.92859239 0.35173576 0.11831368
f 268/268/268 269/269/269 270/270/270
v -0.0470090 -0.1381087 0.2289219
vt 0.783496378 0.263704433
vn -0.40323679 0.90762669 0.11667851
v -0.0485029 -0.1367517 0.2132028
vt 0.757774393 0.264796808
vn -0.40323679 0.90762669 0.11667851
v -0.0694518 -0.1461333 0.2137831
vt 0.758723921 0.280114876
vn -0.40323679 0.90762669 0.11667851
f 271/271/271 272/272/272 273/273/273
v -0.0470090 -0.1381087 0.2289219
vt 0.783496378 0.263704433
vn -0.40304938 0.90775427 0.11633306
v -0.0694518 -0.1461333 0.2137831
vt 0.758723921 0.280114876
vn -0.40304938 0.90775427 0.11633306
v -0.0678690 -0.1475731 0.2305010
vt 0.786080403 0.278957529
vn -0.40304938 0.90775427 0.11633306
f 274/274/274 275/275/275 276/276/276
v -0.0257622 -0.1461180 0.2255116
vt 0.777915972 0.248168506
vn 0.35879328 0.93225710 0.04651976
v -0.0271058 -0.1449008 0.2114817
vt 0.754958071 0.249150963
vn 0.35879328 0.93225710 0.04651976
v -0.0485029 -0.1367517 0.2132028
vt 0.757774393 0.264796808
vn 0.35879328 0.93225710 0.04651976
f 277/277/277 278/278/278 279/279/279
v -0.0257622 -0.1461180 0.2255116
vt 0.777915972 0.248168506
vn 0.35886348 0.93223729 0.04637499
v -0.0485029 -0.1367517 0.2132028
vt 0.757774393 0.264796808
vn 0.35886348 0.93223729 0.04637499
v -0.0470090 -0.1381087 0.2289219
vt 0.783496378 0.263704433
vn 0.35886348 0.93223729 0.04637499
f 280/280/280 281/281/281 282/282/282
v -0.0165746 -0.1669092 0.2222679
vt 0.772608072 0.889705576
vn 0.91052701 0.41015157 -0.05211766
v -0.0177945 -0.1658071 0.2096279
vt 0.751924668 0.887759166
vn 0.91052701 0.41015157 -0.05211766
v -0.0271058 -0.1449008 0.2114817
vt 0.754958071 0.850837776
vn 0.91052701 0.41015157 -0.05211766
f 283/283/283 284/284/284 285/285/285
v -0.0165746 -0.1669092 0.2222679
vt 0.772608072 0.889705576
vn 0.91045570 0.41037667 -0.05158875
v -0.0271058 -0.1449008 0.2114817
vt 0.754958071 0.850837776
vn 0.91045570 0.41037667 -0.05158875
v -0.0257622 -0.1461180 0.2255116
vt 0.777915972 0.852987431
vn 0.91045570 0.41037667 -0.05158875
f 286/286/286 287/287/287 288/288/288
v -0.0248282 -0.1883031 0.2210908
vt 0.770681949 0.927488162
vn 0.92835352 -0.35163942 -0.12045520
v -0.0260236 -0.1872239 0.2087274
vt 0.750451146 0.925582193
vn 0.92835352 -0.35163942 -0.12045520
v -0.0177945 -0.1658071 0.2096279
vt 0.751924668 0.887759166
vn 0.92835352 -0.35163942 -0.12045520
f 289/289/289 290/290/290 291/291/291
v -0.0248282 -0.1883031 0.2210908
vt 0.770681949 0.927488162
vn 0.92840962 -0.35155787 -0.12026074
v -0.0177945 -0.1658071 0.2096279
vt 0.751924668 0.887759166
vn 0.92840962 -0.35155787 -0.12026074
v -0.0165746 -0.1669092 0.2222679
vt 0.772608072 0.889705576
vn 0.92840962 -0.35155787 -0.12026074
f 292/292/292 293/293/293 294/294/294
v -0.0456882 -0.1977675 0.2226699
vt 0.773265938 0.262738665
vn 0.40316656 -0.90753088 -0.11766235
v -0.0469725 -0.1966055 0.2093077
vt 0.751400638 0.263677699
vn 0.40316656 -0.90753088 -0.11766235
v -0.0260236 -0.1872239 0.2087274
vt 0.750451146 0.248359664
vn 0.40316656 -0.90753088 -0.11766235
f 295/295/295 296/296/296 297/297/297
v -0.0456882 -0.1977675 0.2226699
vt 0.773265938 0.262738665
vn 0.40284266 -0.90760779 -0.11817734
v -0.0260236 -0.1872239 0.2087274
vt 0.750451146 0.248359664
vn 0.40284266 -0.90760779 -0.11817734
v -0.0248282 -0.1883031 0.2210908
vt 0.770681949 0.247485570
vn 0.40284266 -0.90760779 -0.11817734
f 298/298/298 299/299/299 300/300/300
v -0.0669351 -0.1897582 0.2260802
vt 0.778846344 0.278274625
vn -0.35878867 -0.93226316 -0.04643366
v -0.0683696 -0.1884564 0.2110288
vt 0.754216960 0.279323544
vn -0.35878867 -0.93226316 -0.04643366
v -0.0469725 -0.1966055 0.2093077
vt 0.751400638 0.263677699
vn -0.35878867 -0.93226316 -0.04643366
f 301/301/301 302/302/302 303/303/303
v -0.0669351 -0.1897582 0.2260802
vt 0.778846344 0.278274625
vn -0.35888758 -0.93221831 -0.04656970
v -0.0469725 -0.1966055 0.2093077
vt 0.751400638 0.263677699
vn -0.35888758 -0.93221831 -0.04656970
v -0.0456882 -0.1977675 0.2226699
vt 0.773265938 0.262738665
vn -0.35888758 -0.93221831 -0.04656970
f 304/304/304 305/305/305 306/306/306
v -0.0776808 -0.1675501 0.2128826
vt 0.757250363 0.890837517
vn -0.91359193 -0.40663042 -0.00121930
v -0.0779817 -0.1668202 0.1948937
vt 0.727814194 0.889548411
vn -0.91359193 -0.40663042 -0.00121930
v -0.0686450 -0.1877971 0.1948515
vt 0.727745164 0.926594592
vn -0.91359193 -0.40663042 -0.00121930
f 307/307/307 308/308/308 309/309/309
v -0.0776808 -0.1675501 0.2128826
vt 0.757250363 0.890837517
vn -0.91352743 -0.40677584 -0.00102368
v -0.0686450 -0.1877971 0.1948515
vt 0.727745164 0.926594592
vn -0.91352743 -0.40677584 -0.00102368
v -0.0683696 -0.1884564 0.2110288
vt 0.754216960 0.927758906
vn -0.91352743 -0.40677584 -0.00102368
f 310/310/310 311/311/311 312/312/312
v -0.0694518 -0.1461333 0.2137831
vt 0.758723921 0.853014522
vn -0.93344907 0.35744852 0.03005634
v -0.0697577 -0.1453893 0.1954337
vt 0.728697842 0.851700529
vn -0.93344907 0.35744852 0.03005634
v -0.0779817 -0.1668202 0.1948937
vt 0.727814194 0.889548411
vn -0.93344907 0.35744852 0.03005634
f 313/313/313 314/314/314 315/315/315
v -0.0694518 -0.1461333 0.2137831
vt 0.758723921 0.853014522
vn -0.93346538 0.35740093 0.03011582
v -0.0779817 -0.1668202 0.1948937
vt 0.727814194 0.889548411
vn -0.93346538 0.35740093 0.03011582
v -0.0776808 -0.1675501 0.2128826
vt 0.757250363 0.890837517
vn -0.93346538 0.35740093 0.03011582
f 316/316/316 317/317/317 318/318/318
v -0.0485029 -0.1367517 0.2132028
vt 0.757774393 0.264796808
vn -0.40744975 0.91216858 0.04396803
v -0.0487906 -0.1360584 0.1961552
vt 0.729878485 0.265007117
vn -0.40744975 0.91216858 0.04396803
v -0.0697577 -0.1453893 0.1954337
vt 0.728697842 0.280338568
vn -0.40744975 0.91216858 0.04396803
f 319/319/319 320/320/320 321/321/321
v -0.0485029 -0.1367517 0.2132028
vt 0.757774393 0.264796808
vn -0.40731998 0.91223556 0.04378024
v -0.0697577 -0.1453893 0.1954337
vt 0.728697842 0.280338568
vn -0.40731998 0.91223556 0.04378024
v -0.0694518 -0.1461333 0.2137831
vt 0.758723921 0.280114876
vn -0.40731998 0.91223556 0.04378024
f 322/322/322 323/323/323 324/324/324
v -0.0271058 -0.1449008 0.2114817
vt 0.754958071 0.249150963
vn 0.35792162 0.93320355 0.03198833
v -0.0273625 -0.1442934 0.1966356
vt 0.730664530 0.249338653
vn 0.35792162 0.93320355 0.03198833
v -0.0487906 -0.1360584 0.1961552
vt 0.729878485 0.265007117
vn 0.35792162 0.93320355 0.03198833
f 325/325/325 326/326/326 327/327/327
v -0.0271058 -0.1449008 0.2114817
vt 0.754958071 0.249150963
vn 0.35797207 0.93318697 0.03190739
v -0.0487906 -0.1360584 0.1961552
vt 0.729878485 0.265007117
vn 0.35797207 0.93318697 0.03190739
v -0.0485029 -0.1367517 0.2132028
vt 0.757774393 0.264796808
vn 0.35797207 0.93318697 0.03190739
f 328/328/328 329/329/329 330/330/330
v -0.0177945 -0.1658071 0.2096279
vt 0.751924668 0.887759166
vn 0.91359197 0.40663182 0.00053308
v -0.0180258 -0.1652704 0.1965934
vt 0.730595536 0.886811382
vn 0.91359197 0.40663182 0.00053308
v -0.0273625 -0.1442934 0.1966356
vt 0.730664530 0.849765169
vn 0.91359197 0.40663182 0.00053308
f 331/331/331 332/332/332 333/333/333
v -0.0177945 -0.1658071 0.2096279
vt 0.751924668 0.887759166
vn 0.91352170 0.40678911 0.00084529
v -0.0273625 -0.1442934 0.1966356
vt 0.730664530 0.849765169
vn 0.91352170 0.40678911 0.00084529
v -0.0271058 -0.1449008 0.2114817
vt 0.754958071 0.850837776
vn 0.91352170 0.40678911 0.00084529
f 334/334/334 335/335/335 336/336/336
v -0.0260236 -0.1872239 0.2087274
vt 0.750451146 0.925582193
vn 0.93342188 -0.35740430 -0.03139676
v -0.0262498 -0.1867013 0.1960534
vt 0.729711852 0.924659232
vn 0.93342188 -0.35740430 -0.03139676
v -0.0180258 -0.1652704 0.1965934
vt 0.730595536 0.886811382
vn 0.93342188 -0.35740430 -0.03139676
f 337/337/337 338/338/338 339/339/339
v -0.0260236 -0.1872239 0.2087274
vt 0.750451146 0.925582193
vn 0.93344806 -0.35734659 -0.03127507
v -0.0180258 -0.1652704 0.1965934
vt 0.730595536 0.886811382
vn 0.93344806 -0.35734659 -0.03127507
v -0.0177945 -0.1658071 0.2096279
vt 0.751924668 0.887759166
vn 0.93344806 -0.35734659 -0.03127507
f 340/340/340 341/341/341 342/342/342
v -0.0469725 -0.1966055 0.2093077
vt 0.751400638 0.263677699
vn 0.40745551 -0.91213767 -0.04455204
v -0.0472170 -0.1960321 0.1953319
vt 0.728531209 0.263856510
vn 0.40745551 -0.91213767 -0.04455204
v -0.0262498 -0.1867013 0.1960534
vt 0.729711852 0.248525059
vn 0.40745551 -0.91213767 -0.04455204
f 343/343/343 344/344/344 345/345/345
v -0.0469725 -0.1966055 0.2093077
vt 0.751400638 0.263677699
vn 0.40727445 -0.91220228 -0.04488341
v -0.0262498 -0.1867013 0.1960534
vt 0.729711852 0.248525059
vn 0.40727445 -0.91220228 -0.04488341
v -0.0260236 -0.1872239 0.2087274
vt 0.750451146 0.248359664
vn 0.40727445 -0.91220228 -0.04488341
f 346/346/346 347/347/347 348/348/348
v -0.0683696 -0.1884564 0.2110288
vt 0.754216960 0.279323544
vn -0.35792365 -0.93320453 -0.03193690
v -0.0686450 -0.1877971 0.1948515
vt 0.727745164 0.279524942
vn -0.35792365 -0.93320453 -0.03193690
v -0.0472170 -0.1960321 0.1953319
vt 0.728531209 0.263856510
vn -0.35792365 -0.93320453 -0.03193690
f 349/349/349 350/350/350 351/351/351
v -0.0683696 -0.1884564 0.2110288
vt 0.754216960 0.279323544
vn -0.35797886 -0.93318040 -0.03202294
v -0.0472170 -0.1960321 0.1953319
vt 0.728531209 0.263856510
vn -0.35797886 -0.93318040 -0.03202294
v -0.0469725 -0.1966055 0.2093077
vt 0.751400638 0.263677699
vn -0.35797886 -0.93318040 -0.03202294
f 352/352/352 353/353/353 354/354/354
v -0.0779817 -0.1668202 0.1948937
vt 0.727814194 0.889548411
vn -0.91188237 -0.40576303 -0.06186194
v -0.0765355 -0.1670560 0.1751226
vt 0.695461630 0.889964946
vn -0.91188237 -0.40576303 -0.06186194
v -0.0673395 -0.1880102 0.1770107
vt 0.698551246 0.926970912
vn -0.91188237 -0.40576303 -0.06186194
f 355/355/355 356/356/356 357/357/357
v -0.0779817 -0.1668202 0.1948937
vt 0.727814194 0.889548411
vn -0.91188706 -0.40574965 -0.06188059
v -0.0673395 -0.1880102 0.1770107
vt 0.698551246 0.926970912
vn -0.91188706 -0.40574965 -0.06188059
v -0.0686450 -0.1877971 0.1948515
vt 0.727745164 0.926594592
vn -0.91188706 -0.40574965 -0.06188059
f 358/358/358 359/359/359 360/360/360
v -0.0697577 -0.1453893 0.1954337
vt 0.728697842 0.851700529
vn -0.93056160 0.35891668 -0.07234592
v -0.0682835 -0.1456297 0.1752785
vt 0.695716735 0.852125100
vn -0.93056160 0.35891668 -0.07234592
v -0.0765355 -0.1670560 0.1751226
vt 0.695461630 0.889964946
vn -0.93056160 0.35891668 -0.07234592
f 361/361/361 362/362/362 363/363/363
v -0.0697577 -0.1453893 0.1954337
vt 0.728697842 0.851700529
vn -0.93055988 0.35892026 -0.07235031
v -0.0765355 -0.1670560 0.1751226
vt 0.695461630 0.889964946
vn -0.93055988 0.35892026 -0.07235031
v -0.0779817 -0.1668202 0.1948937
vt 0.727814194 0.889548411
vn -0.93055988 0.35892026 -0.07235031
f 364/364/364 365/365/365 366/366/366
v -0.0487906 -0.1360584 0.1961552
vt 0.729878485 0.265007117
vn -0.40506957 0.91338674 -0.04053767
v -0.0474175 -0.1362824 0.1773871
vt 0.699167221 0.264003111
vn -0.40506957 0.91338674 -0.04053767
v -0.0682835 -0.1456297 0.1752785
vt 0.695716735 0.279260581
vn -0.40506957 0.91338674 -0.04053767
f 367/367/367 368/368/368 369/369/369
v -0.0487906 -0.1360584 0.1961552
vt 0.729878485 0.265007117
vn -0.40508216 0.91338178 -0.04052364
v -0.0682835 -0.1456297 0.1752785
vt 0.695716735 0.279260581
vn -0.40508216 0.91338178 -0.04052364
v -0.0697577 -0.1453893 0.1954337
vt 0.728697842 0.280338568
vn -0.40508216 0.91338178 -0.04052364
f 370/370/370 371/371/371 372/372/372
v -0.0273625 -0.1442934 0.1966356
vt 0.730664530 0.249338653
vn 0.35840065 0.93344621 0.01507127
v -0.0261605 -0.1444898 0.1802133
vt 0.703791763 0.248459731
vn 0.35840065 0.93344621 0.01507127
v -0.0474175 -0.1362824 0.1773871
vt 0.699167221 0.264003111
vn 0.35840065 0.93344621 0.01507127
f 373/373/373 374/374/374 375/375/375
v -0.0273625 -0.1442934 0.1966356
vt 0.730664530 0.249338653
vn 0.35839477 0.93344835 0.01507829
v -0.0474175 -0.1362824 0.1773871
vt 0.699167221 0.264003111
vn 0.35839477 0.93344835 0.01507829
v -0.0487906 -0.1360584 0.1961552
vt 0.729878485 0.265007117
vn 0.35839477 0.93344835 0.01507829
f 376/376/376 377/377/377 378/378/378
v -0.0180258 -0.1652704 0.1965934
vt 0.730595536 0.886811382
vn 0.91187726 0.40576589 0.06191859
v -0.0169645 -0.1654440 0.1821014
vt 0.706881378 0.887117967
vn 0.91187726 0.40576589 0.06191859
v -0.0261605 -0.1444898 0.1802133
vt 0.703791763 0.850111968
vn 0.91187726 0.40576589 0.06191859
f 379/379/379 380/380/380 381/381/381
v -0.0180258 -0.1652704 0.1965934
vt 0.730595536 0.886811382
vn 0.91188637 0.40574931 0.06189303
v -0.0261605 -0.1444898 0.1802133
vt 0.703791763 0.850111968
vn 0.91188637 0.40574931 0.06189303
v -0.0273625 -0.1442934 0.1966356
vt 0.730664530 0.849765169
vn 0.91188637 0.40574931 0.06189303
f 382/382/382 383/383/383 384/384/384
v -0.0262498 -0.1867013 0.1960534
vt 0.729711852 0.924659232
vn 0.93055397 -0.35891429 0.07245575
v -0.0252165 -0.1868703 0.1819455
vt 0.706626274 0.924957813
vn 0.93055397 -0.35891429 0.07245575
v -0.0169645 -0.1654440 0.1821014
vt 0.706881378 0.887117967
vn 0.93055397 -0.35891429 0.07245575
f 385/385/385 386/386/386 387/387/387
v -0.0262498 -0.1867013 0.1960534
vt 0.729711852 0.924659232
vn 0.93055256 -0.35891987 0.07244632
v -0.0169645 -0.1654440 0.1821014
vt 0.706881378 0.887117967
vn 0.93055256 -0.35891987 0.07244632
v -0.0180258 -0.1652704 0.1965934
vt 0.730595536 0.886811382
vn 0.93055256 -0.35891987 0.07244632
f 388/388/388 389/389/389 390/390/390
v -0.0472170 -0.1960321 0.1953319
vt 0.728531209 0.263856510
vn 0.40506365 -0.91338722 0.04058613
v -0.0460826 -0.1962176 0.1798368
vt 0.703175787 0.263027006
vn 0.40506365 -0.91338722 0.04058613
v -0.0252165 -0.1868703 0.1819455
vt 0.706626274 0.247769503
vn 0.40506365 -0.91338722 0.04058613
f 391/391/391 392/392/392 393/393/393
v -0.0472170 -0.1960321 0.1953319
vt 0.728531209 0.263856510
vn 0.40507759 -0.91337979 0.04061411
v -0.0252165 -0.1868703 0.1819455
vt 0.706626274 0.247769503
vn 0.40507759 -0.91337979 0.04061411
v -0.0262498 -0.1867013 0.1960534
vt 0.729711852 0.248525059
vn 0.40507759 -0.91337979 0.04061411
f 394/394/394 395/395/395 396/396/396
v -0.0686450 -0.1877971 0.1948515
vt 0.727745164 0.279524942
vn -0.35840041 -0.93344621 -0.01507686
v -0.0673395 -0.1880102 0.1770107
vt 0.698551246 0.278570353
vn -0.35840041 -0.93344621 -0.01507686
v -0.0460826 -0.1962176 0.1798368
vt 0.703175787 0.263027006
vn -0.35840041 -0.93344621 -0.01507686
f 397/397/397 398/398/398 399/399/399
v -0.0686450 -0.1877971 0.1948515
vt 0.727745164 0.279524942
vn -0.35839546 -0.93344825 -0.01506827
v -0.0460826 -0.1962176 0.1798368
vt 0.703175787 0.263027006
vn -0.35839546 -0.93344825 -0.01506827
v -0.0472170 -0.1960321 0.1953319
vt 0.728531209 0.263856510
vn -0.35839546 -0.93344825 -0.01506827
f 400/400/400 401/401/401 402/402/402
v -0.0765355 -0.1670560 0.1751226
vt 0.695461630 0.889964946
vn -0.90481415 -0.40803851 -0.12172067
v -0.0723614 -0.1687095 0.1496372
vt 0.653758407 0.892884998
vn -0.90481415 -0.40803851 -0.12172067
v -0.0634781 -0.1895397 0.1534314
vt 0.659967105 0.929672101
vn -0.90481415 -0.40803851 -0.12172067
f 403/403/403 404/404/404 405/405/405
v -0.0765355 -0.1670560 0.1751226
vt 0.695461630 0.889964946
vn -0.90481037 -0.40805165 -0.12170477
v -0.0634781 -0.1895397 0.1534314
vt 0.659967105 0.929672101
vn -0.90481037 -0.40805165 -0.12170477
v -0.0673395 -0.1880102 0.1770107
vt 0.698551246 0.926970912
vn -0.90481037 -0.40805165 -0.12170477
f 406/406/406 407/407/407 408/408/408
v -0.0682835 -0.1456297 0.1752785
vt 0.695716735 0.852125100
vn -0.91860673 0.35505275 -0.17349129
v -0.0640472 -0.1473078 0.1494139
vt 0.653392917 0.855088705
vn -0.91860673 0.35505275 -0.17349129
v -0.0723614 -0.1687095 0.1496372
vt 0.653758407 0.892884998
vn -0.91860673 0.35505275 -0.17349129
f 409/409/409 410/410/410 411/411/411
v -0.0682835 -0.1456297 0.1752785
vt 0.695716735 0.852125100
vn -0.91860876 0.35504921 -0.17348778
v -0.0723614 -0.1687095 0.1496372
vt 0.653758407 0.892884998
vn -0.91860876 0.35504921 -0.17348778
v -0.0765355 -0.1670560 0.1751226
vt 0.695461630 0.889964946
vn -0.91860876 0.35504921 -0.17348778
f 412/412/412 413/413/413 414/414/414
v -0.0474175 -0.1362824 0.1773871
vt 0.699167221 0.264003111
vn -0.39524388 0.91019849 -0.12377795
v -0.0434059 -0.1378715 0.1528922
vt 0.659084782 0.261069772
vn -0.39524388 0.91019849 -0.12377795
v -0.0640472 -0.1473078 0.1494139
vt 0.653392917 0.276162949
vn -0.39524388 0.91019849 -0.12377795
f 415/415/415 416/416/416 417/417/417
v -0.0474175 -0.1362824 0.1773871
vt 0.699167221 0.264003111
vn -0.39523045 0.91020300 -0.12378771
v -0.0640472 -0.1473078 0.1494139
vt 0.653392917 0.276162949
vn -0.39523045 0.91020300 -0.12378771
v -0.0682835 -0.1456297 0.1752785
vt 0.695716735 0.279260581
vn -0.39523045 0.91020300 -0.12378771
f 418/418/418 419/419/419 420/420/420
v -0.0261605 -0.1444898 0.1802133
vt 0.703791763 0.248459731
vn 0.36035308 0.93281479 -0.00149286
v -0.0225288 -0.1459282 0.1580347
vt 0.667499771 0.245804201
vn 0.36035308 0.93281479 -0.00149286
v -0.0434059 -0.1378715 0.1528922
vt 0.659084782 0.261069772
vn 0.36035308 0.93281479 -0.00149286
f 421/421/421 422/422/422 423/423/423
v -0.0261605 -0.1444898 0.1802133
vt 0.703791763 0.248459731
vn 0.36035876 0.93281259 -0.00149699
v -0.0434059 -0.1378715 0.1528922
vt 0.659084782 0.261069772
vn 0.36035876 0.93281259 -0.00149699
v -0.0474175 -0.1362824 0.1773871
vt 0.699167221 0.264003111
vn 0.36035876 0.93281259 -0.00149699
f 424/424/424 425/425/425 426/426/426
v -0.0169645 -0.1654440 0.1821014
vt 0.706881378 0.887117967
vn 0.90482167 0.40803418 0.12167930
v -0.0136455 -0.1667585 0.1618290
vt 0.673708469 0.889439433
vn 0.90482167 0.40803418 0.12167930
v -0.0225288 -0.1459282 0.1580347
vt 0.667499771 0.852652298
vn 0.90482167 0.40803418 0.12167930
f 427/427/427 428/428/428 429/429/429
v -0.0169645 -0.1654440 0.1821014
vt 0.706881378 0.887117967
vn 0.90481171 0.40805141 0.12169557
v -0.0225288 -0.1459282 0.1580347
vt 0.667499771 0.852652298
vn 0.90481171 0.40805141 0.12169557
v -0.0261605 -0.1444898 0.1802133
vt 0.703791763 0.850111968
vn 0.90481171 0.40805141 0.12169557
f 430/430/430 431/431/431 432/432/432
v -0.0252165 -0.1868703 0.1819455
vt 0.706626274 0.924957813
vn 0.91861940 -0.35505850 0.17341242
v -0.0219597 -0.1881602 0.1620523
vt 0.674073958 0.927235727
vn 0.91861940 -0.35505850 0.17341242
v -0.0136455 -0.1667585 0.1618290
vt 0.673708469 0.889439433
vn 0.91861940 -0.35505850 0.17341242
f 433/433/433 434/434/434 435/435/435
v -0.0252165 -0.1868703 0.1819455
vt 0.706626274 0.924957813
vn 0.91862039 -0.35505294 0.17341854
v -0.0136455 -0.1667585 0.1618290
vt 0.673708469 0.889439433
vn 0.91862039 -0.35505294 0.17341854
v -0.0169645 -0.1654440 0.1821014
vt 0.706881378 0.887117967
vn 0.91862039 -0.35505294 0.17341854
f 436/436/436 437/437/437 438/438/438
v -0.0460826 -0.1962176 0.1798368
vt 0.703175787 0.263027006
vn 0.39525069 -0.91020035 0.12374258
v -0.0426011 -0.1975965 0.1585739
vt 0.668382093 0.260481296
vn 0.39525069 -0.91020035 0.12374258
v -0.0219597 -0.1881602 0.1620523
vt 0.674073958 0.245388087
vn 0.39525069 -0.91020035 0.12374258
f 439/439/439 440/440/440 441/441/441
v -0.0460826 -0.1962176 0.1798368
vt 0.703175787 0.263027006
vn 0.39523832 -0.91020849 0.12372212
v -0.0219597 -0.1881602 0.1620523
vt 0.674073958 0.245388087
vn 0.39523832 -0.91020849 0.12372212
v -0.0252165 -0.1868703 0.1819455
vt 0.706626274 0.247769503
vn 0.39523832 -0.91020849 0.12372212
f 442/442/442 443/443/443 444/444/444
v -0.0673395 -0.1880102 0.1770107
vt 0.698551246 0.278570353
vn -0.36035383 -0.93281449 0.00149641
v -0.0634781 -0.1895397 0.1534314
vt 0.659967105 0.275746835
vn -0.36035383 -0.93281449 0.00149641
v -0.0426011 -0.1975965 0.1585739
vt 0.668382093 0.260481296
vn -0.36035383 -0.93281449 0.00149641
f 445/445/445 446/446/446 447/447/447
v -0.0673395 -0.1880102 0.1770107
vt 0.698551246 0.278570353
vn -0.36035834 -0.93281276 0.00148946
v -0.0426011 -0.1975965 0.1585739
vt 0.668382093 0.260481296
vn -0.36035834 -0.93281276 0.00148946
v -0.0460826 -0.1962176 0.1798368
vt 0.703175787 0.263027006
vn -0.36035834 -0.93281276 0.00148946
f 448/448/448 449/449/449 450/450/450
v -0.0723614 -0.1687095 0.1496372
vt 0.653758407 0.892884998
vn -0.89228964 -0.41363952 -0.18089097
v -0.0665265 -0.1714228 0.1270596
vt 0.616813418 0.897676865
vn -0.89228964 -0.41363952 -0.18089097
v -0.0580890 -0.1920464 0.1325991
vt 0.625877966 0.934098989
vn -0.89228964 -0.41363952 -0.18089097
f 451/451/451 452/452/452 453/453/453
v -0.0723614 -0.1687095 0.1496372
vt 0.653758407 0.892884998
vn -0.89230909 -0.41351699 -0.18107508
v -0.0580890 -0.1920464 0.1325991
vt 0.625877966 0.934098989
vn -0.89230909 -0.41351699 -0.18107508
v -0.0634781 -0.1895397 0.1534314
vt 0.659967105 0.929672101
vn -0.89230909 -0.41351699 -0.18107508
f 454/454/454 455/455/455 456/456/456
v -0.0640472 -0.1473078 0.1494139
vt 0.653392917 0.855088705
vn -0.89757614 0.34578720 -0.27347446
v -0.0581236 -0.1500623 0.1264890
vt 0.615879680 0.859953223
vn -0.89757614 0.34578720 -0.27347446
v -0.0665265 -0.1714228 0.1270596
vt 0.616813418 0.897676865
vn -0.89757614 0.34578720 -0.27347446
f 457/457/457 458/458/458 459/459/459
v -0.0640472 -0.1473078 0.1494139
vt 0.653392917 0.855088705
vn -0.89754653 0.34582728 -0.27352098
v -0.0665265 -0.1714228 0.1270596
vt 0.616813418 0.897676865
vn -0.89754653 0.34582728 -0.27352098
v -0.0723614 -0.1687095 0.1496372
vt 0.653758407 0.892884998
vn -0.89754653 0.34582728 -0.27352098
f 460/460/460 461/461/461 462/462/462
v -0.0434059 -0.1378715 0.1528922
vt 0.659084782 0.261069772
vn -0.37773438 0.90265860 -0.20621395
v -0.0378026 -0.1404774 0.1312215
vt 0.623623734 0.256972606
vn -0.37773438 0.90265860 -0.20621395
v -0.0581236 -0.1500623 0.1264890
vt 0.615879680 0.271831526
vn -0.37773438 0.90265860 -0.20621395
f 463/463/463 464/464/464 465/465/465
v -0.0434059 -0.1378715 0.1528922
vt 0.659084782 0.261069772
vn -0.37790431 0.90261382 -0.20609856
v -0.0581236 -0.1500623 0.1264890
vt 0.615879680 0.271831526
vn -0.37790431 0.90261382 -0.20609856
v -0.0640472 -0.1473078 0.1494139
vt 0.653392917 0.276162949
vn -0.37790431 0.90261382 -0.20609856
f 466/466/466 467/467/467 468/468/468
v -0.0225288 -0.1459282 0.1580347
vt 0.667499771 0.245804201
vn 0.36387843 0.93127324 -0.01796223
v -0.0174673 -0.1482830 0.1384849
vt 0.635509223 0.242103186
vn 0.36387843 0.93127324 -0.01796223
v -0.0378026 -0.1404774 0.1312215
vt 0.623623734 0.256972606
vn 0.36387843 0.93127324 -0.01796223
f 469/469/469 470/470/470 471/471/471
v -0.0225288 -0.1459282 0.1580347
vt 0.667499771 0.245804201
vn 0.36381465 0.93129896 -0.01792067
v -0.0378026 -0.1404774 0.1312215
vt 0.623623734 0.256972606
vn 0.36381465 0.93129896 -0.01792067
v -0.0434059 -0.1378715 0.1528922
vt 0.659084782 0.261069772
vn 0.36381465 0.93129896 -0.01792067
f 472/472/472 473/473/473 474/474/474
v -0.0136455 -0.1667585 0.1618290
vt 0.673708469 0.889439433
vn 0.89215741 0.41371450 0.18137107
v -0.0090298 -0.1689066 0.1440244
vt 0.644573807 0.893233029
vn 0.89215741 0.41371450 0.18137107
v -0.0174673 -0.1482830 0.1384849
vt 0.635509223 0.856810904
vn 0.89215741 0.41371450 0.18137107
f 475/475/475 476/476/476 477/477/477
v -0.0136455 -0.1667585 0.1618290
vt 0.673708469 0.889439433
vn 0.89227839 0.41352720 0.18120302
v -0.0174673 -0.1482830 0.1384849
vt 0.635509223 0.856810904
vn 0.89227839 0.41352720 0.18120302
v -0.0225288 -0.1459282 0.1580347
vt 0.667499771 0.852652298
vn 0.89227839 0.41352720 0.18120302
f 478/478/478 479/479/479 480/480/480
v -0.0219597 -0.1881602 0.1620523
vt 0.674073958 0.927235727
vn 0.89733567 -0.34566727 0.27441363
v -0.0174327 -0.1902671 0.1445950
vt 0.645507580 0.930956703
vn 0.89733567 -0.34566727 0.27441363
v -0.0090298 -0.1689066 0.1440244
vt 0.644573807 0.893233029
vn 0.89733567 -0.34566727 0.27441363
f 481/481/481 482/482/482 483/483/483
v -0.0219597 -0.1881602 0.1620523
vt 0.674073958 0.927235727
vn 0.89733238 -0.34573556 0.27433835
v -0.0090298 -0.1689066 0.1440244
vt 0.644573807 0.893233029
vn 0.89733238 -0.34573556 0.27433835
v -0.0136455 -0.1667585 0.1618290
vt 0.673708469 0.889439433
vn 0.89733238 -0.34573556 0.27433835
f 484/484/484 485/485/485 486/486/486
v -0.0426011 -0.1975965 0.1585739
vt 0.668382093 0.260481296
vn 0.37761659 -0.90261367 0.20662592
v -0.0377537 -0.1998519 0.1398625
vt 0.637763491 0.256936863
vn 0.37761659 -0.90261367 0.20662592
v -0.0174327 -0.1902671 0.1445950
vt 0.645507580 0.242077910
vn 0.37761659 -0.90261367 0.20662592
f 487/487/487 488/488/488 489/489/489
v -0.0426011 -0.1975965 0.1585739
vt 0.668382093 0.260481296
vn 0.37772590 -0.90251045 0.20687684
v -0.0174327 -0.1902671 0.1445950
vt 0.645507580 0.242077910
vn 0.37772590 -0.90251045 0.20687684
v -0.0219597 -0.1881602 0.1620523
vt 0.674073958 0.245388087
vn 0.37772590 -0.90251045 0.20687684
f 490/490/490 491/491/491 492/492/492
v -0.0634781 -0.1895397 0.1534314
vt 0.659967105 0.275746835
vn -0.36386781 -0.93127806 0.01792728
v -0.0580890 -0.1920464 0.1325991
vt 0.625877966 0.271806250
vn -0.36386781 -0.93127806 0.01792728
v -0.0377537 -0.1998519 0.1398625
vt 0.637763491 0.256936863
vn -0.36386781 -0.93127806 0.01792728
f 493/493/493 494/494/494 495/495/495
v -0.0634781 -0.1895397 0.1534314
vt 0.659967105 0.275746835
vn -0.36383206 -0.93129054 0.01800453
v -0.0377537 -0.1998519 0.1398625
vt 0.637763491 0.256936863
vn -0.36383206 -0.93129054 0.01800453
v -0.0426011 -0.1975965 0.1585739
vt 0.668382093 0.260481296
vn -0.36383206 -0.93129054 0.01800453
f 496/496/496 497/497/497 498/498/498
v -0.0665265 -0.1714228 0.1270596
vt 0.616813418 0.897676865
vn -0.87723134 -0.42108665 -0.23054546
v -0.0595321 -0.1748840 0.1067674
vt 0.583608069 0.903789399
vn -0.87723134 -0.42108665 -0.23054546
v -0.0515374 -0.1952892 0.1136171
vt 0.594816752 0.939825936
vn -0.87723134 -0.42108665 -0.23054546
f 499/499/499 500/500/500 501/501/501
v -0.0665265 -0.1714228 0.1270596
vt 0.616813418 0.897676865
vn -0.87723317 -0.42090430 -0.23087124
v -0.0515374 -0.1952892 0.1136171
vt 0.594816752 0.939825936
vn -0.87723317 -0.42090430 -0.23087124
v -0.0580890 -0.1920464 0.1325991
vt 0.625877966 0.934098989
vn -0.87723317 -0.42090430 -0.23087124
f 502/502/502 503/503/503 504/504/504
v -0.0581236 -0.1500623 0.1264890
vt 0.524920947 0.695306434
vn -0.87233605 0.33352669 -0.35747695
v -0.0510411 -0.1535669 0.1059360
vt 0.521501717 0.756184595
vn -0.87233605 0.33352669 -0.35747695
v -0.0595321 -0.1748840 0.1067674
vt 0.500703740 0.753722102
vn -0.87233605 0.33352669 -0.35747695
f 505/505/505 506/506/506 507/507/507
v -0.0581236 -0.1500623 0.1264890
vt 0.524920947 0.695306434
vn -0.87227825 0.33358915 -0.35755969
v -0.0595321 -0.1748840 0.1067674
vt 0.500703740 0.753722102
vn -0.87227825 0.33358915 -0.35755969
v -0.0665265 -0.1714228 0.1270596
vt 0.504080613 0.693616219
vn -0.87227825 0.33358915 -0.35755969
f 508/508/508 509/509/509 510/510/510
v -0.0378026 -0.1404774 0.1312215
vt 0.623623734 0.256972606
vn -0.35664973 0.89272238 -0.27540463
v -0.0310383 -0.1438251 0.1116101
vt 0.591532505 0.252026459
vn -0.35664973 0.89272238 -0.27540463
v -0.0510411 -0.1535669 0.1059360
vt 0.582247689 0.266652711
vn -0.35664973 0.89272238 -0.27540463
f 511/511/511 512/512/512 513/513/513
v -0.0378026 -0.1404774 0.1312215
vt 0.623623734 0.256972606
vn -0.35694900 0.89266091 -0.27521612
v -0.0510411 -0.1535669 0.1059360
vt 0.582247689 0.266652711
vn -0.35694900 0.89266091 -0.27521612
v -0.0581236 -0.1500623 0.1264890
vt 0.615879680 0.271831526
vn -0.35694900 0.89266091 -0.27521612
f 514/514/514 515/515/515 516/516/516
v -0.0174673 -0.1482830 0.1384849
vt 0.635509223 0.242103186
vn 0.36812615 0.92923338 -0.03175643
v -0.0112411 -0.1513654 0.1204658
vt 0.606023608 0.237550501
vn 0.36812615 0.92923338 -0.03175643
v -0.0310383 -0.1438251 0.1116101
vt 0.591532505 0.252026459
vn 0.36812615 0.92923338 -0.03175643
f 517/517/517 518/518/518 519/519/519
v -0.0174673 -0.1482830 0.1384849
vt 0.635509223 0.242103186
vn 0.36801754 0.92927852 -0.03169410
v -0.0310383 -0.1438251 0.1116101
vt 0.591532505 0.252026459
vn 0.36801754 0.92927852 -0.03169410
v -0.0378026 -0.1404774 0.1312215
vt 0.623623734 0.256972606
vn 0.36801754 0.92927852 -0.03169410
f 520/520/520 521/521/521 522/522/522
v -0.0090298 -0.1689066 0.1440244
vt 0.644573807 0.893233029
vn 0.87694939 0.42124109 0.23133463
v -0.0032464 -0.1717706 0.1273156
vt 0.617232291 0.898291070
vn 0.87694939 0.42124109 0.23133463
v -0.0112411 -0.1513654 0.1204658
vt 0.606023608 0.862254566
vn 0.87694939 0.42124109 0.23133463
f 523/523/523 524/524/524 525/525/525
v -0.0090298 -0.1689066 0.1440244
vt 0.644573807 0.893233029
vn 0.87716290 0.42093324 0.23108537
v -0.0112411 -0.1513654 0.1204658
vt 0.606023608 0.862254566
vn 0.87716290 0.42093324 0.23108537
v -0.0174673 -0.1482830 0.1384849
vt 0.635509223 0.856810904
vn 0.87716290 0.42093324 0.23108537
f 526/526/526 527/527/527 528/528/528
v -0.0174327 -0.1902671 0.1445950
vt 0.485695266 0.641676184
vn 0.87180530 -0.33325504 0.35902173
v -0.0117374 -0.1930877 0.1281469
vt 0.482943320 0.690395577
vn 0.87180530 -0.33325504 0.35902173
v -0.0032464 -0.1717706 0.1273156
vt 0.503741297 0.692858037
vn 0.87180530 -0.33325504 0.35902173
f 529/529/529 530/530/530 531/531/531
v -0.0174327 -0.1902671 0.1445950
vt 0.485695266 0.641676184
vn 0.87181027 -0.33336891 0.35890392
v -0.0032464 -0.1717706 0.1273156
vt 0.503741297 0.692858037
vn 0.87181027 -0.33336891 0.35890392
v -0.0090298 -0.1689066 0.1440244
vt 0.506535599 0.643366368
vn 0.87181027 -0.33336891 0.35890392
f 532/532/532 533/533/533 534/534/534
v -0.0377537 -0.1998519 0.1398625
vt 0.637763491 0.256936863
vn 0.35640273 -0.89261139 0.27608332
v -0.0317402 -0.2028295 0.1224729
vt 0.609307856 0.252539723
vn 0.35640273 -0.89261139 0.27608332
v -0.0117374 -0.1930877 0.1281469
vt 0.618592671 0.237913406
vn 0.35640273 -0.89261139 0.27608332
f 535/535/535 536/536/536 537/537/537
v -0.0377537 -0.1998519 0.1398625
vt 0.637763491 0.256936863
vn 0.35654083 -0.89242863 0.27649551
v -0.0117374 -0.1930877 0.1281469
vt 0.618592671 0.237913406
vn 0.35654083 -0.89242863 0.27649551
v -0.0174327 -0.1902671 0.1445950
vt 0.645507580 0.242077910
vn 0.35654083 -0.89242863 0.27649551
f 538/538/538 539/539/539 540/540/540
v -0.0580890 -0.1920464 0.1325991
vt 0.625877966 0.271806250
vn -0.36810457 -0.92924392 0.03169796
v -0.0515374 -0.1952892 0.1136171
vt 0.594816752 0.267015648
vn -0.36810457 -0.92924392 0.03169796
v -0.0317402 -0.2028295 0.1224729
vt 0.609307856 0.252539723
vn -0.36810457 -0.92924392 0.03169796
f 541/541/541 542/542/542 543/543/543
v -0.0580890 -0.1920464 0.1325991
vt 0.625877966 0.271806250
vn -0.36805869 -0.92925752 0.03183182
v -0.0317402 -0.2028295 0.1224729
vt 0.609307856 0.252539723
vn -0.36805869 -0.92925752 0.03183182
v -0.0377537 -0.1998519 0.1398625
vt 0.637763491 0.256936863
vn -0.36805869 -0.92925752 0.03183182
f 544/544/544 545/545/545 546/546/546
v -0.0595321 -0.1748840 0.1067674
vt 0.583608069 0.903789399
vn -0.86499719 -0.42736723 -0.26293938
v -0.0519177 -0.1787546 0.0880093
vt 0.552913240 0.910625053
vn -0.86499719 -0.42736723 -0.26293938
v -0.0441987 -0.1990202 0.0955545
vt 0.565259744 0.946414987
vn -0.86499719 -0.42736723 -0.26293938
f 547/547/547 548/548/548 549/549/549
v -0.0595321 -0.1748840 0.1067674
vt 0.583608069 0.903789399
vn -0.86498326 -0.42724445 -0.26318461
v -0.0441987 -0.1990202 0.0955545
vt 0.565259744 0.946414987
vn -0.86498326 -0.42724445 -0.26318461
v -0.0515374 -0.1952892 0.1136171
vt 0.594816752 0.939825936
vn -0.86498326 -0.42724445 -0.26318461
f 550/550/550 551/551/551 552/552/552
v -0.0510411 -0.1535669 0.1059360
vt 0.521501717 0.756184595
vn -0.85178541 0.32313615 -0.41236470
v -0.0433719 -0.1574652 0.0870396
vt 0.517698274 0.812155885
vn -0.85178541 0.32313615 -0.41236470
v -0.0519177 -0.1787546 0.0880093
vt 0.496927436 0.809283597
vn -0.85178541 0.32313615 -0.41236470
f 553/553/553 554/554/554 555/555/555
v -0.0510411 -0.1535669 0.1059360
vt 0.521501717 0.756184595
vn -0.85173858 0.32317929 -0.41242761
v -0.0519177 -0.1787546 0.0880093
vt 0.496927436 0.809283597
vn -0.85173858 0.32317929 -0.41242761
v -0.0595321 -0.1748840 0.1067674
vt 0.500703740 0.753722102
vn -0.85173858 0.32317929 -0.41242761
f 556/556/556 557/557/557 558/558/558
v -0.0310383 -0.1438251 0.1116101
vt 0.591532505 0.252026459
vn -0.33956087 0.88430723 -0.32046706
v -0.0235671 -0.1476232 0.0932134
vt 0.561428910 0.246563451
vn -0.33956087 0.88430723 -0.32046706
v -0.0433719 -0.1574652 0.0870396
vt 0.551326469 0.261044917
vn -0.33956087 0.88430723 -0.32046706
f 559/559/559 560/560/560 561/561/561
v -0.0310383 -0.1438251 0.1116101
vt 0.591532505 0.252026459
vn -0.33978858 0.88426889 -0.32033148
v -0.0433719 -0.1574652 0.0870396
vt 0.551326469 0.261044917
vn -0.33978858 0.88426889 -0.32033148
v -0.0510411 -0.1535669 0.1059360
vt 0.582247689 0.266652711
vn -0.33978858 0.88426889 -0.32033148
f 562/562/562 563/563/563 564/564/564
v -0.0112411 -0.1513654 0.1204658
vt 0.606023608 0.237550501
vn 0.37154234 0.92752429 -0.04068151
v -0.0041049 -0.1549938 0.1029141
vt 0.577302736 0.232332444
vn 0.37154234 0.92752429 -0.04068151
v -0.0235671 -0.1476232 0.0932134
vt 0.561428910 0.246563451
vn 0.37154234 0.92752429 -0.04068151
f 565/565/565 566/566/566 567/567/567
v -0.0112411 -0.1513654 0.1204658
vt 0.606023608 0.237550501
vn 0.37146219 0.92755818 -0.04064060
v -0.0235671 -0.1476232 0.0932134
vt 0.561428910 0.246563451
vn 0.37146219 0.92755818 -0.04064060
v -0.0310383 -0.1438251 0.1116101
vt 0.591532505 0.252026459
vn 0.37146219 0.92755818 -0.04064060
f 568/568/568 569/569/569 570/570/570
v -0.0032464 -0.1717706 0.1273156
vt 0.617232291 0.898291070
vn 0.86477317 0.42748466 0.26348480
v 0.0036141 -0.1752594 0.1104592
vt 0.589649240 0.904452407
vn 0.86477317 0.42748466 0.26348480
v -0.0041049 -0.1549938 0.1029141
vt 0.577302736 0.868662441
vn 0.86477317 0.42748466 0.26348480
f 571/571/571 572/572/572 573/573/573
v -0.0032464 -0.1717706 0.1273156
vt 0.617232291 0.898291070
vn 0.86492488 0.42727133 0.26333279
v -0.0041049 -0.1549938 0.1029141
vt 0.577302736 0.868662441
vn 0.86492488 0.42727133 0.26333279
v -0.0112411 -0.1513654 0.1204658
vt 0.606023608 0.862254566
vn 0.86492488 0.42727133 0.26333279
f 574/574/574 575/575/575 576/576/576
v -0.0117374 -0.1930877 0.1281469
vt 0.482943320 0.690395577
vn 0.85135479 -0.32291620 0.41342491
v -0.0049317 -0.1965487 0.1114289
vt 0.479566626 0.739914532
vn 0.85135479 -0.32291620 0.41342491
v 0.0036141 -0.1752594 0.1104592
vt 0.500337463 0.742786819
vn 0.85135479 -0.32291620 0.41342491
f 577/577/577 578/578/578 579/579/579
v -0.0117374 -0.1930877 0.1281469
vt 0.482943320 0.690395577
vn 0.85136071 -0.32299269 0.41335294
v 0.0036141 -0.1752594 0.1104592
vt 0.500337463 0.742786819
vn 0.85136071 -0.32299269 0.41335294
v -0.0032464 -0.1717706 0.1273156
vt 0.503741297 0.692858037
vn 0.85136071 -0.32299269 0.41335294
f 580/580/580 581/581/581 582/582/582
v -0.0317402 -0.2028295 0.1224729
vt 0.609307856 0.252539723
vn 0.33936649 -0.88421133 0.32093723
v -0.0247365 -0.2063908 0.1052552
vt 0.581133570 0.247418491
vn 0.33936649 -0.88421133 0.32093723
v -0.0049317 -0.1965487 0.1114289
vt 0.591236010 0.232937057
vn 0.33936649 -0.88421133 0.32093723
f 583/583/583 584/584/584 585/585/585
v -0.0317402 -0.2028295 0.1224729
vt 0.609307856 0.252539723
vn 0.33944797 -0.88408139 0.32120892
v -0.0049317 -0.1965487 0.1114289
vt 0.591236010 0.232937057
vn 0.33944797 -0.88408139 0.32120892
v -0.0117374 -0.1930877 0.1281469
vt 0.618592671 0.237913406
vn 0.33944797 -0.88408139 0.32120892
f 586/586/586 587/587/587 588/588/588
v -0.0515374 -0.1952892 0.1136171
vt 0.594816752 0.267015648
vn -0.37152531 -0.92753290 0.04064078
v -0.0441987 -0.1990202 0.0955545
vt 0.565259744 0.261649499
vn -0.37152531 -0.92753290 0.04064078
v -0.0247365 -0.2063908 0.1052552
vt 0.581133570 0.247418491
vn -0.37152531 -0.92753290 0.04064078
f 589/589/589 590/590/590 591/591/591
v -0.0515374 -0.1952892 0.1136171
vt 0.594816752 0.267015648
vn -0.37149834 -0.92753952 0.04073602
v -0.0247365 -0.2063908 0.1052552
vt 0.581133570 0.247418491
vn -0.37149834 -0.92753952 0.04073602
v -0.0317402 -0.2028295 0.1224729
vt 0.609307856 0.252539723
vn -0.37149834 -0.92753952 0.04073602
f 592/592/592 593/593/593 594/594/594
v -0.0519177 -0.1787546 0.0880093
vt 0.552913240 0.910625053
vn -0.86015203 -0.42984973 -0.27453178
v -0.0441233 -0.1827485 0.0698418
vt 0.523184658 0.917678566
vn -0.86015203 -0.42984973 -0.27453178
v -0.0364216 -0.2030053 0.0774281
vt 0.535598653 0.953452946
vn -0.86015203 -0.42984973 -0.27453178
f 595/595/595 596/596/596 597/597/597
v -0.0519177 -0.1787546 0.0880093
vt 0.552913240 0.910625053
vn -0.86015092 -0.42984270 -0.27454627
v -0.0364216 -0.2030053 0.0774281
vt 0.535598653 0.953452946
vn -0.86015092 -0.42984270 -0.27454627
v -0.0441987 -0.1990202 0.0955545
vt 0.565259744 0.946414987
vn -0.86015092 -0.42984270 -0.27454627
f 598/598/598 599/599/599 600/600/600
v -0.0433719 -0.1574652 0.0870396
vt 0.517698274 0.812155885
vn -0.84357799 0.31894237 -0.43203234
v -0.0355740 -0.1614610 0.0688639
vt 0.513799877 0.865992717
vn -0.84357799 0.31894237 -0.43203234
v -0.0441233 -0.1827485 0.0698418
vt 0.493030722 0.863096126
vn -0.84357799 0.31894237 -0.43203234
f 601/601/601 602/602/602 603/603/603
v -0.0433719 -0.1574652 0.0870396
vt 0.517698274 0.812155885
vn -0.84357545 0.31894456 -0.43203568
v -0.0441233 -0.1827485 0.0698418
vt 0.493030722 0.863096126
vn -0.84357545 0.31894456 -0.43203568
v -0.0519177 -0.1787546 0.0880093
vt 0.496927436 0.809283597
vn -0.84357545 0.31894456 -0.43203568
f 604/604/604 605/605/605 606/606/606
v -0.0235671 -0.1476232 0.0932134
vt 0.863786607 0.793869189
vn -0.33286448 0.88090007 -0.33647632
v -0.0157817 -0.1516126 0.0750673
vt 0.866931576 0.847618171
vn -0.33286448 0.88090007 -0.33647632
v -0.0355740 -0.1614610 0.0688639
vt 0.858936356 0.865992717
vn -0.33286448 0.88090007 -0.33647632
f 607/607/607 608/608/608 609/609/609
v -0.0235671 -0.1476232 0.0932134
vt 0.863786607 0.793869189
vn -0.33287856 0.88089787 -0.33646813
v -0.0355740 -0.1614610 0.0688639
vt 0.858936356 0.865992717
vn -0.33287856 0.88089787 -0.33646813
v -0.0433719 -0.1574652 0.0870396
vt 0.855786374 0.812155885
vn -0.33287856 0.88089787 -0.33646813
f 610/610/610 611/611/611 612/612/612
v -0.0041049 -0.1549938 0.1029141
vt 0.577302736 0.232332444
vn 0.37285052 0.92685688 -0.04380437
v 0.0036595 -0.1589724 0.0848181
vt 0.547691234 0.226655044
vn 0.37285052 0.92685688 -0.04380437
v -0.0157817 -0.1516126 0.0750673
vt 0.531735416 0.240870692
vn 0.37285052 0.92685688 -0.04380437
f 613/613/613 614/614/614 615/615/615
v -0.0041049 -0.1549938 0.1029141
vt 0.577302736 0.232332444
vn 0.37284579 0.92685888 -0.04380215
v -0.0157817 -0.1516126 0.0750673
vt 0.531735416 0.240870692
vn 0.37284579 0.92685888 -0.04380215
v -0.0235671 -0.1476232 0.0932134
vt 0.561428910 0.246563451
vn 0.37284579 0.92685888 -0.04380215
f 616/616/616 617/617/617 618/618/618
v 0.0036141 -0.1752594 0.1104592
vt 0.589649240 0.904452407
vn 0.86013767 0.42985837 0.27456324
v 0.0113613 -0.1792292 0.0924045
vt 0.560105229 0.911463307
vn 0.86013767 0.42985837 0.27456324
v 0.0036595 -0.1589724 0.0848181
vt 0.547691234 0.875688928
vn 0.86013767 0.42985837 0.27456324
f 619/619/619 620/620/620 621/621/621
v 0.0036141 -0.1752594 0.1104592
vt 0.589649240 0.904452407
vn 0.86014769 0.42984410 0.27455419
v 0.0036595 -0.1589724 0.0848181
vt 0.547691234 0.875688928
vn 0.86014769 0.42984410 0.27455419
v -0.0041049 -0.1549938 0.1029141
vt 0.577302736 0.868662441
vn 0.86014769 0.42984410 0.27455419
f 622/622/622 623/623/623 624/624/624
v -0.0049317 -0.1965487 0.1114289
vt 0.479566626 0.739914532
vn 0.84355190 -0.31893055 0.43209200
v 0.0028120 -0.2005168 0.0933824
vt 0.475695190 0.793368628
vn 0.84355190 -0.31893055 0.43209200
v 0.0113613 -0.1792292 0.0924045
vt 0.496464309 0.796265219
vn 0.84355190 -0.31893055 0.43209200
f 625/625/625 626/626/626 627/627/627
v -0.0049317 -0.1965487 0.1114289
vt 0.479566626 0.739914532
vn 0.84355211 -0.31893394 0.43208910
v 0.0113613 -0.1792292 0.0924045
vt 0.496464309 0.796265219
vn 0.84355211 -0.31893394 0.43208910
v 0.0036141 -0.1752594 0.1104592
vt 0.500337463 0.742786819
vn 0.84355211 -0.31893394 0.43208910
f 628/628/628 629/629/629 630/630/630
v -0.0247365 -0.2063908 0.1052552
vt 0.863314278 0.758201260
vn 0.33285292 -0.88089411 0.33650336
v -0.0169803 -0.2103652 0.0871790
vt 0.866447396 0.811743174
vn 0.33285292 -0.88089411 0.33650336
v 0.0028120 -0.2005168 0.0933824
vt 0.874442616 0.793368628
vn 0.33285292 -0.88089411 0.33650336
f 631/631/631 632/632/632 633/633/633
v -0.0247365 -0.2063908 0.1052552
vt 0.863314278 0.758201260
vn 0.33285753 -0.88088692 0.33651761
v 0.0028120 -0.2005168 0.0933824
vt 0.874442616 0.793368628
vn 0.33285753 -0.88088692 0.33651761
v -0.0049317 -0.1965487 0.1114289
vt 0.871314511 0.739914532
vn 0.33285753 -0.88088692 0.33651761
f 634/634/634 635/635/635 636/636/636
v -0.0441987 -0.1990202 0.0955545
vt 0.565259744 0.261649499
vn -0.37284914 -0.92685753 0.04380226
v -0.0364216 -0.2030053 0.0774281
vt 0.535598653 0.255962767
vn -0.37284914 -0.92685753 0.04380226
v -0.0169803 -0.2103652 0.0871790
vt 0.551554470 0.241747087
vn -0.37284914 -0.92685753 0.04380226
f 637/637/637 638/638/638 639/639/639
v -0.0441987 -0.1990202 0.0955545
vt 0.565259744 0.261649499
vn -0.37284781 -0.92685784 0.04380699
v -0.0169803 -0.2103652 0.0871790
vt 0.551554470 0.241747087
vn -0.37284781 -0.92685784 0.04380699
v -0.0247365 -0.2063908 0.1052552
vt 0.581133570 0.247418491
vn -0.37284781 -0.92685784 0.04380699
f 640/640/640 641/641/641 642/642/642
v -0.0441233 -0.1827485 0.0698418
vt 0.523184658 0.917678566
vn -0.86380135 -0.42790236 -0.26598269
v -0.0364316 -0.1866668 0.0511660
vt 0.492624345 0.924598408
vn -0.86380135 -0.42790236 -0.26598269
v -0.0285124 -0.2070340 0.0582137
vt 0.504156948 0.960567802
vn -0.86380135 -0.42790236 -0.26598269
f 643/643/643 644/644/644 645/645/645
v -0.0441233 -0.1827485 0.0698418
vt 0.523184658 0.917678566
vn -0.86380957 -0.42798115 -0.26582918
v -0.0285124 -0.2070340 0.0582137
vt 0.504156948 0.960567802
vn -0.86380957 -0.42798115 -0.26582918
v -0.0364216 -0.2030053 0.0774281
vt 0.535598653 0.953452946
vn -0.86380957 -0.42798115 -0.26582918
f 646/646/646 647/647/647 648/648/648
v -0.0355740 -0.1614610 0.0688639
vt 0.513799877 0.865992717
vn -0.84965048 0.32208926 -0.41755548
v -0.0279256 -0.1653573 0.0502953
vt 0.509998474 0.920993215
vn -0.84965048 0.32208926 -0.41755548
v -0.0364316 -0.1866668 0.0511660
vt 0.489207872 0.918414129
vn -0.84965048 0.32208926 -0.41755548
f 649/649/649 650/650/650 651/651/651
v -0.0355740 -0.1614610 0.0688639
vt 0.513799877 0.865992717
vn -0.84968197 0.32206076 -0.41751337
v -0.0364316 -0.1866668 0.0511660
vt 0.489207872 0.918414129
vn -0.84968197 0.32206076 -0.41751337
v -0.0441233 -0.1827485 0.0698418
vt 0.493030722 0.863096126
vn -0.84968197 0.32206076 -0.41751337
f 652/652/652 653/653/653 654/654/654
v -0.0157817 -0.1516126 0.0750673
vt 0.531735416 0.240870692
vn -0.33802670 0.88343720 -0.32446366
v -0.0079771 -0.1555882 0.0561116
vt 0.500717167 0.235163804
vn -0.33802670 0.88343720 -0.32446366
v -0.0279256 -0.1653573 0.0502953
vt 0.491199552 0.249750424
vn -0.33802670 0.88343720 -0.32446366
f 655/655/655 656/656/656 657/657/657
v -0.0157817 -0.1516126 0.0750673
vt 0.531735416 0.240870692
vn -0.33787715 0.88346235 -0.32455093
v -0.0279256 -0.1653573 0.0502953
vt 0.491199552 0.249750424
vn -0.33787715 0.88346235 -0.32455093
v -0.0355740 -0.1614610 0.0688639
vt 0.521584461 0.255343020
vn -0.33787715 0.88346235 -0.32455093
f 658/658/658 659/659/659 660/660/660
v 0.0036595 -0.1589724 0.0848181
vt 0.547691234 0.226655044
vn 0.37179277 0.92739299 -0.04138090
v 0.0117284 -0.1630823 0.0652079
vt 0.515601902 0.220754957
vn 0.37179277 0.92739299 -0.04138090
v -0.0079771 -0.1555882 0.0561116
vt 0.500717167 0.235163804
vn 0.37179277 0.92739299 -0.04138090
f 661/661/661 662/662/662 663/663/663
v 0.0036595 -0.1589724 0.0848181
vt 0.547691234 0.226655044
vn 0.37184131 0.92737254 -0.04140299
v -0.0079771 -0.1555882 0.0561116
vt 0.500717167 0.235163804
vn 0.37184131 0.92737254 -0.04140299
v -0.0157817 -0.1516126 0.0750673
vt 0.531735416 0.240870692
vn 0.37184131 0.92737254 -0.04140299
f 664/664/664 665/665/665 666/666/666
v 0.0113613 -0.1792292 0.0924045
vt 0.560105229 0.911463307
vn 0.86392381 0.42784454 0.26567783
v 0.0196476 -0.1834495 0.0722556
vt 0.527134505 0.918916504
vn 0.86392381 0.42784454 0.26567783
v 0.0117284 -0.1630823 0.0652079
vt 0.515601902 0.882947111
vn 0.86392381 0.42784454 0.26567783
f 667/667/667 668/668/668 669/669/669
v 0.0113613 -0.1792292 0.0924045
vt 0.560105229 0.911463307
vn 0.86384204 0.42796565 0.26574864
v 0.0117284 -0.1630823 0.0652079
vt 0.515601902 0.882947111
vn 0.86384204 0.42796565 0.26574864
v 0.0036595 -0.1589724 0.0848181
vt 0.547691234 0.875688928
vn 0.86384204 0.42796565 0.26574864
f 670/670/670 671/671/671 672/672/672
v 0.0028120 -0.2005168 0.0933824
vt 0.475695190 0.793368628
vn 0.84989247 -0.32221102 0.41696864
v 0.0111415 -0.2047591 0.0731263
vt 0.471556225 0.853367315
vn 0.84989247 -0.32221102 0.41696864
v 0.0196476 -0.1834495 0.0722556
vt 0.492346826 0.855946402
vn 0.84989247 -0.32221102 0.41696864
f 673/673/673 674/674/674 675/675/675
v 0.0028120 -0.2005168 0.0933824
vt 0.475695190 0.793368628
vn 0.84989196 -0.32217003 0.41700135
v 0.0196476 -0.1834495 0.0722556
vt 0.492346826 0.855946402
vn 0.84989196 -0.32217003 0.41700135
v 0.0113613 -0.1792292 0.0924045
vt 0.496464309 0.796265219
vn 0.84989196 -0.32217003 0.41700135
f 676/676/676 677/677/677 678/678/678
v -0.0169803 -0.2103652 0.0871790
vt 0.551554470 0.241747087
vn 0.33813084 -0.88349375 0.32420106
v -0.0088070 -0.2145281 0.0673100
vt 0.519041683 0.235770686
vn 0.33813084 -0.88349375 0.32420106
v 0.0111415 -0.2047591 0.0731263
vt 0.528559297 0.221184065
vn 0.33813084 -0.88349375 0.32420106
f 679/679/679 680/680/680 681/681/681
v -0.0169803 -0.2103652 0.0871790
vt 0.551554470 0.241747087
vn 0.33807820 -0.88356261 0.32406826
v 0.0111415 -0.2047591 0.0731263
vt 0.528559297 0.221184065
vn 0.33807820 -0.88356261 0.32406826
v 0.0028120 -0.2005168 0.0933824
vt 0.561705461 0.227274758
vn 0.33807820 -0.88356261 0.32406826
f 682/682/682 683/683/683 684/684/684
v -0.0364216 -0.2030053 0.0774281
vt 0.535598653 0.255962767
vn -0.37180205 -0.92738825 0.04140371
v -0.0285124 -0.2070340 0.0582137
vt 0.504156948 0.250179532
vn -0.37180205 -0.92738825 0.04140371
v -0.0088070 -0.2145281 0.0673100
vt 0.519041683 0.235770686
vn -0.37180205 -0.92738825 0.04140371
f 685/685/685 686/686/686 687/687/687
v -0.0364216 -0.2030053 0.0774281
vt 0.535598653 0.255962767
vn -0.37181922 -0.92738369 0.04135166
v -0.0088070 -0.2145281 0.0673100
vt 0.519041683 0.235770686
vn -0.37181922 -0.92738369 0.04135166
v -0.0169803 -0.2103652 0.0871790
vt 0.551554470 0.241747087
vn -0.37181922 -0.92738369 0.04135166
f 688/688/688 689/689/689 690/690/690
v -0.0364316 -0.1866668 0.0511660
vt 0.492624345 0.924598408
vn -0.87356427 -0.42291499 -0.24089082
v -0.0289948 -0.1903816 0.0307190
vt 0.459165861 0.931158943
vn -0.87356427 -0.42291499 -0.24089082
v -0.0207427 -0.2109149 0.0368425
vt 0.469186059 0.967421537
vn -0.87356427 -0.42291499 -0.24089082
f 691/691/691 692/692/692 693/693/693
v -0.0364316 -0.1866668 0.0511660
vt 0.492624345 0.924598408
vn -0.87356342 -0.42297814 -0.24078299
v -0.0207427 -0.2109149 0.0368425
vt 0.469186059 0.967421537
vn -0.87356342 -0.42297814 -0.24078299
v -0.0285124 -0.2070340 0.0582137
vt 0.504156948 0.960567802
vn -0.87356342 -0.42297814 -0.24078299
f 694/694/694 695/695/695 696/696/696
v -0.0279256 -0.1653573 0.0502953
vt 0.509998474 0.920993215
vn -0.86610305 0.33042555 -0.37507928
v -0.0205550 -0.1690391 0.0300322
vt 0.506406310 0.981012642
vn -0.86610305 0.33042555 -0.37507928
v -0.0289948 -0.1903816 0.0307190
vt 0.485583521 0.978978252
vn -0.86610305 0.33042555 -0.37507928
f 697/697/697 698/698/698 699/699/699
v -0.0279256 -0.1653573 0.0502953
vt 0.509998474 0.920993215
vn -0.86612531 0.33040230 -0.37504835
v -0.0289948 -0.1903816 0.0307190
vt 0.485583521 0.978978252
vn -0.86612531 0.33040230 -0.37504835
v -0.0364316 -0.1866668 0.0511660
vt 0.489207872 0.918414129
vn -0.86612531 0.33040230 -0.37504835
f 700/700/700 701/701/701 702/702/702
v -0.0079771 -0.1555882 0.0561116
vt 0.500717167 0.235163804
vn -0.35163025 0.89023086 -0.28956033
v -0.0003673 -0.1593893 0.0351844
vt 0.466472781 0.229599433
vn -0.35163025 0.89023086 -0.28956033
v -0.0205550 -0.1690391 0.0300322
vt 0.458041967 0.244360976
vn -0.35163025 0.89023086 -0.28956033
f 703/703/703 704/704/704 705/705/705
v -0.0079771 -0.1555882 0.0561116
vt 0.500717167 0.235163804
vn -0.35152261 0.89025280 -0.28962356
v -0.0205550 -0.1690391 0.0300322
vt 0.458041967 0.244360976
vn -0.35152261 0.89025280 -0.28962356
v -0.0279256 -0.1653573 0.0502953
vt 0.491199552 0.249750424
vn -0.35152261 0.89025280 -0.28962356
f 706/706/706 707/707/707 708/708/708
v 0.0117284 -0.1630823 0.0652079
vt 0.515601902 0.220754957
vn 0.36908199 0.92875801 -0.03445353
v 0.0197427 -0.1670851 0.0431575
vt 0.479519615 0.214894793
vn 0.36908199 0.92875801 -0.03445353
v -0.0003673 -0.1593893 0.0351844
vt 0.466472781 0.229599433
vn 0.36908199 0.92875801 -0.03445353
f 709/709/709 710/710/710 711/711/711
v 0.0117284 -0.1630823 0.0652079
vt 0.515601902 0.220754957
vn 0.36911589 0.92874396 -0.03446891
v -0.0003673 -0.1593893 0.0351844
vt 0.466472781 0.229599433
vn 0.36911589 0.92874396 -0.03446891
v -0.0079771 -0.1555882 0.0561116
vt 0.500717167 0.235163804
vn 0.36911589 0.92874396 -0.03446891
f 712/712/712 713/713/713 714/714/714
v 0.0196476 -0.1834495 0.0722556
vt 0.527134505 0.918916504
vn 0.87363863 0.42288179 0.24067930
v 0.0279948 -0.1876184 0.0492810
vt 0.489539813 0.926278870
vn 0.87363863 0.42288179 0.24067930
v 0.0197427 -0.1670851 0.0431575
vt 0.479519615 0.890016275
vn 0.87363863 0.42288179 0.24067930
f 715/715/715 716/716/716 717/717/717
v 0.0196476 -0.1834495 0.0722556
vt 0.527134505 0.918916504
vn 0.87358428 0.42296692 0.24072700
v 0.0197427 -0.1670851 0.0431575
vt 0.479519615 0.890016275
vn 0.87358428 0.42296692 0.24072700
v 0.0117284 -0.1630823 0.0652079
vt 0.515601902 0.882947111
vn 0.87358428 0.42296692 0.24072700
f 718/718/718 719/719/719 720/720/720
v 0.0111415 -0.2047591 0.0731263
vt 0.471556225 0.853367315
vn 0.86625142 -0.33049581 0.37467452
v 0.0195550 -0.2089610 0.0499678
vt 0.467456680 0.921963164
vn 0.86625142 -0.33049581 0.37467452
v 0.0279948 -0.1876184 0.0492810
vt 0.488279505 0.923997521
vn 0.86625142 -0.33049581 0.37467452
f 721/721/721 722/722/722 723/723/723
v 0.0111415 -0.2047591 0.0731263
vt 0.471556225 0.853367315
vn 0.86625288 -0.33046887 0.37469491
v 0.0279948 -0.1876184 0.0492810
vt 0.488279505 0.923997521
vn 0.86625288 -0.33046887 0.37469491
v 0.0196476 -0.1834495 0.0722556
vt 0.492346826 0.855946402
vn 0.86625288 -0.33046887 0.37469491
f 724/724/724 725/725/725 726/726/726
v -0.0088070 -0.2145281 0.0673100
vt 0.519041683 0.235770686
vn 0.35169216 -0.89026524 0.28937937
v -0.0006327 -0.2186107 0.0448156
vt 0.482232893 0.229793539
vn 0.35169216 -0.89026524 0.28937937
v 0.0195550 -0.2089610 0.0499678
vt 0.490663707 0.215032028
vn 0.35169216 -0.89026524 0.28937937
f 727/727/727 728/728/728 729/729/729
v -0.0088070 -0.2145281 0.0673100
vt 0.519041683 0.235770686
vn 0.35164776 -0.89031117 0.28929201
v 0.0195550 -0.2089610 0.0499678
vt 0.490663707 0.215032028
vn 0.35164776 -0.89031117 0.28929201
v 0.0111415 -0.2047591 0.0731263
vt 0.528559297 0.221184065
vn 0.35164776 -0.89031117 0.28929201
f 730/730/730 731/731/731 732/732/732
v -0.0285124 -0.2070340 0.0582137
vt 0.504156948 0.250179532
vn -0.36908689 -0.92875546 0.03446973
v -0.0207427 -0.2109149 0.0368425
vt 0.469186059 0.244498212
vn -0.36908689 -0.92875546 0.03446973
v -0.0006327 -0.2186107 0.0448156
vt 0.482232893 0.229793539
vn -0.36908689 -0.92875546 0.03446973
f 733/733/733 734/734/734 735/735/735
v -0.0285124 -0.2070340 0.0582137
vt 0.504156948 0.250179532
vn -0.36910246 -0.92875063 0.03443314
v -0.0006327 -0.2186107 0.0448156
vt 0.482232893 0.229793539
vn -0.36910246 -0.92875063 0.03443314
v -0.0088070 -0.2145281 0.0673100
vt 0.519041683 0.235770686
vn -0.36910246 -0.92875063 0.03443314
f 736/736/736 737/737/737 738/738/738
v -0.0289948 0.1903816 0.0307190
vt 0.857073822 0.250532261
vn 0.31274434 0.15383664 -0.93729679
v -0.0003673 0.1593893 0.0351844
vt 0.826836283 0.229599433
vn 0.31274434 0.15383664 -0.93729679
v -0.0205550 0.1690390 0.0300322
vt 0.836250996 0.244360944
vn 0.31274434 0.15383664 -0.93729679
f 739/739/739 740/740/740 741/741/741
v -0.0207427 0.2109149 0.0368425
vt 0.877106985 0.244498212
vn 0.31274349 0.15383579 -0.93729721
v -0.0003673 0.1593893 0.0351844
vt 0.826836283 0.229599433
vn 0.31274349 0.15383579 -0.93729721
v -0.0289948 0.1903816 0.0307190
vt 0.857073822 0.250532261
vn 0.31274349 0.15383579 -0.93729721
f 742/742/742 743/743/743 744/744/744
v -0.0207427 0.2109149 0.0368425
vt 0.877106985 0.244498212
vn 0.31274396 0.15383597 -0.93729702
v 0.0197427 0.1670851 0.0431575
vt 0.834344674 0.214894793
vn 0.31274396 0.15383597 -0.93729702
v -0.0003673 0.1593893 0.0351844
vt 0.826836283 0.229599433
vn 0.31274396 0.15383597 -0.93729702
f 745/745/745 746/746/746 747/747/747
v -0.0006327 0.2186107 0.0448156
vt 0.884615376 0.229793539
vn 0.31274366 0.15383568 -0.93729717
v 0.0197427 0.1670851 0.0431575
vt 0.834344674 0.214894793
vn 0.31274366 0.15383568 -0.93729717
v -0.0207427 0.2109149 0.0368425
vt 0.877106985 0.244498212
vn 0.31274366 0.15383568 -0.93729717
f 748/748/748 749/749/749 750/750/750
v -0.0006327 0.2186107 0.0448156
vt 0.884615376 0.229793539
vn 0.31274382 0.15383574 -0.93729711
v 0.0279948 0.1876184 0.0492810
vt 0.854377837 0.208860776
vn 0.31274382 0.15383574 -0.93729711
v 0.0197427 0.1670851 0.0431575
vt 0.834344674 0.214894793
vn 0.31274382 0.15383574 -0.93729711
f 751/751/751 752/752/752 753/753/753
v 0.0195550 0.2089610 0.0499678
vt 0.875200662 0.215032028
vn 0.31274364 0.15383556 -0.93729720
v 0.0279948 0.1876184 0.0492810
vt 0.854377837 0.208860776
vn 0.31274364 0.15383556 -0.93729720
v -0.0006327 0.2186107 0.0448156
vt 0.884615376 0.229793539
vn 0.31274364 0.15383556 -0.93729720
f 754/754/754 755/755/755 756/756/756
v -0.0367717 0.2048893 0.2847540
vt 0.871228151 0.256218767
vn 0.08458608 0.08001330 0.99319840
v -0.0076164 0.1740677 0.2847540
vt 0.841157210 0.234900059
vn 0.08458608 0.08001330 0.99319840
v -0.0158541 0.1954757 0.2837310
vt 0.862043802 0.240923577
vn 0.08458608 0.08001330 0.99319840
f 757/757/757 758/758/758 759/759/759
v -0.0367717 0.2048893 0.2847540
vt 0.871228151 0.256218767
vn 0.08458644 0.08001365 0.99319834
v -0.0168841 0.1532059 0.2872240
vt 0.820803419 0.241676735
vn 0.08458644 0.08001365 0.99319834
v -0.0076164 0.1740677 0.2847540
vt 0.841157210 0.234900059
vn 0.08458644 0.08001365 0.99319834
f 760/760/760 761/761/761 762/762/762
v -0.0581159 0.1967941 0.2872240
vt 0.863330139 0.271825920
vn 0.08458660 0.08001370 0.99319833
v -0.0168841 0.1532059 0.2872240
vt 0.820803419 0.241676735
vn 0.08458660 0.08001370 0.99319833
v -0.0367717 0.2048893 0.2847540
vt 0.871228151 0.256218767
vn 0.08458660 0.08001370 0.99319833
f 763/763/763 764/764/764 765/765/765
v -0.0581159 0.1967941 0.2872240
vt 0.863330139 0.271825920
vn 0.08458664 0.08001374 0.99319832
v -0.0382283 0.1451107 0.2896940
vt 0.812905443 0.257283856
vn 0.08458664 0.08001374 0.99319832
v -0.0168841 0.1532059 0.2872240
vt 0.820803419 0.241676735
vn 0.08458664 0.08001374 0.99319832
f 766/766/766 767/767/767 768/768/768
v -0.0673836 0.1759323 0.2896940
vt 0.842976349 0.278602564
vn 0.08458648 0.08001368 0.99319834
v -0.0382283 0.1451107 0.2896940
vt 0.812905443 0.257283856
vn 0.08458648 0.08001368 0.99319834
v -0.0581159 0.1967941 0.2872240
vt 0.863330139 0.271825920
vn 0.08458648 0.08001368 0.99319834
f 769/769/769 770/770/770 771/771/771
v -0.0673836 0.1759323 0.2896940
vt 0.842976349 0.278602564
vn 0.08458598 0.08001321 0.99319842
v -0.0591459 0.1545243 0.2907170
vt 0.822089757 0.272579046
vn 0.08458598 0.08001321 0.99319842
v -0.0382283 0.1451107 0.2896940
vt 0.812905443 0.257283856
vn 0.08458598 0.08001321 0.99319842
f 772/772/772 773/773/773 774/774/774
v -0.0382283 0.1451107 0.2896940
vt 0.882941207 0.257283856
vn 0.35920575 -0.93194995 0.04940161
v -0.0400498 0.1435442 0.2733855
vt 0.856254801 0.258615737
vn 0.35920575 -0.93194995 0.04940161
v -0.0188357 0.1515264 0.2697172
vt 0.850252048 0.243103757
vn 0.35920575 -0.93194995 0.04940161
f 775/775/775 776/776/776 777/777/777
v -0.0382283 0.1451107 0.2896940
vt 0.882941207 0.257283856
vn 0.35917473 -0.93196374 0.04936706
v -0.0188357 0.1515264 0.2697172
vt 0.850252048 0.243103757
vn 0.35917473 -0.93196374 0.04936706
v -0.0168841 0.1532059 0.2872240
vt 0.878899486 0.241676735
vn 0.35917473 -0.93196374 0.04936706
f 778/778/778 779/779/779 780/780/780
v -0.0591459 0.1545243 0.2907170
vt 0.884615340 0.272579046
vn -0.40133620 -0.90636690 0.13201627
v -0.0608904 0.1530246 0.2751172
vt 0.859088524 0.273854639
vn -0.40133620 -0.90636690 0.13201627
v -0.0400498 0.1435442 0.2733855
vt 0.856254801 0.258615737
vn -0.40133620 -0.90636690 0.13201627
f 781/781/781 782/782/782 783/783/783
v -0.0591459 0.1545243 0.2907170
vt 0.884615340 0.272579046
vn -0.40143126 -0.90634232 0.13189596
v -0.0400498 0.1435442 0.2733855
vt 0.856254801 0.258615737
vn -0.40143126 -0.90634232 0.13189596
v -0.0382283 0.1451107 0.2896940
vt 0.882941207 0.257283856
vn -0.40143126 -0.90634232 0.13189596
f 784/784/784 785/785/785 786/786/786
v -0.0673836 0.1759323 0.2896940
vt 0.882941207 0.284232685
vn -0.92665107 -0.34998126 0.13722574
v -0.0691494 0.1744140 0.2738979
vt 0.857093263 0.286913944
vn -0.92665107 -0.34998126 0.13722574
v -0.0608904 0.1530246 0.2751172
vt 0.859088524 0.324688656
vn -0.92665107 -0.34998126 0.13722574
f 787/787/787 788/788/788 789/789/789
v -0.0673836 0.1759323 0.2896940
vt 0.882941207 0.284232685
vn -0.92663496 -0.35000592 0.13727166
v -0.0608904 0.1530246 0.2751172
vt 0.859088524 0.324688656
vn -0.92663496 -0.35000592 0.13727166
v -0.0591459 0.1545243 0.2907170
vt 0.884615340 0.322040093
vn -0.92663496 -0.35000592 0.13727166
f 790/790/790 791/791/791 792/792/792
v -0.0581159 0.1967941 0.2872240
vt 0.878899486 0.247389748
vn -0.90934403 0.41140115 0.06198822
v -0.0599888 0.1951829 0.2704418
vt 0.851437883 0.250235139
vn -0.90934403 0.41140115 0.06198822
v -0.0691494 0.1744140 0.2738979
vt 0.857093263 0.286913944
vn -0.90934403 0.41140115 0.06198822
f 793/793/793 794/794/794 795/795/795
v -0.0581159 0.1967941 0.2872240
vt 0.878899486 0.247389748
vn -0.90936566 0.41133349 0.06211976
v -0.0691494 0.1744140 0.2738979
vt 0.857093263 0.286913944
vn -0.90936566 0.41133349 0.06211976
v -0.0673836 0.1759323 0.2896940
vt 0.882941207 0.284232685
vn -0.90936566 0.41133349 0.06211976
f 796/796/796 797/797/797 798/798/798
v -0.0367717 0.2048893 0.2847540
vt 0.874857730 0.256218767
vn -0.35919869 0.93195547 -0.04934877
v -0.0387748 0.2031651 0.2667735
vt 0.845435095 0.257683443
vn -0.35919869 0.93195547 -0.04934877
v -0.0599888 0.1951829 0.2704418
vt 0.851437883 0.273195423
vn -0.35919869 0.93195547 -0.04934877
f 799/799/799 800/800/800 801/801/801
v -0.0367717 0.2048893 0.2847540
vt 0.874857730 0.256218767
vn -0.35917705 0.93196173 -0.04938811
v -0.0599888 0.1951829 0.2704418
vt 0.851437883 0.273195423
vn -0.35917705 0.93196173 -0.04938811
v -0.0581159 0.1967941 0.2872240
vt 0.878899486 0.271825920
vn -0.35917705 0.93196173 -0.04938811
f 802/802/802 803/803/803 804/804/804
v -0.0158541 0.1954757 0.2837310
vt 0.873183597 0.240923577
vn 0.40139665 0.90641025 -0.13153398
v -0.0179341 0.1936847 0.2650417
vt 0.842601408 0.242444541
vn 0.40139665 0.90641025 -0.13153398
v -0.0387748 0.2031651 0.2667735
vt 0.845435095 0.257683443
vn 0.40139665 0.90641025 -0.13153398
f 805/805/805 806/806/806 807/807/807
v -0.0158541 0.1954757 0.2837310
vt 0.873183597 0.240923577
vn 0.40145678 0.90636911 -0.13163392
v -0.0387748 0.2031651 0.2667735
vt 0.845435095 0.257683443
vn 0.40145678 0.90636911 -0.13163392
v -0.0367717 0.2048893 0.2847540
vt 0.874857730 0.256218767
vn 0.40145678 0.90636911 -0.13163392
f 808/808/808 809/809/809 810/810/810
v -0.0076164 0.1740677 0.2847540
vt 0.874857730 0.287525557
vn 0.92670732 0.35003208 -0.13671536
v -0.0096751 0.1722953 0.2662611
vt 0.844596668 0.290655789
vn 0.92670732 0.35003208 -0.13671536
v -0.0179341 0.1936847 0.2650417
vt 0.842601408 0.252881077
vn 0.92670732 0.35003208 -0.13671536
f 811/811/811 812/812/812 813/813/813
v -0.0076164 0.1740677 0.2847540
vt 0.874857730 0.287525557
vn 0.92670138 0.35005977 -0.13668469
v -0.0179341 0.1936847 0.2650417
vt 0.842601408 0.252881077
vn 0.92670138 0.35005977 -0.13668469
v -0.0158541 0.1954757 0.2837310
vt 0.873183597 0.249718149
vn 0.92670138 0.35005977 -0.13668469
f 814/814/814 815/815/815 816/816/816
v -0.0168841 0.1532059 0.2872240
vt 0.878899486 0.324368494
vn 0.90935381 -0.41139199 -0.06190545
v -0.0188357 0.1515264 0.2697172
vt 0.850252048 0.327334562
vn 0.90935381 -0.41139199 -0.06190545
v -0.0096751 0.1722953 0.2662611
vt 0.844596668 0.290655789
vn 0.90935381 -0.41139199 -0.06190545
f 817/817/817 818/818/818 819/819/819
v -0.0168841 0.1532059 0.2872240
vt 0.878899486 0.324368494
vn 0.90939644 -0.41131103 -0.06181708
v -0.0096751 0.1722953 0.2662611
vt 0.844596668 0.290655789
vn 0.90939644 -0.41131103 -0.06181708
v -0.0076164 0.1740677 0.2847540
vt 0.874857730 0.287525557
vn 0.90939644 -0.41131103 -0.06181708
f 820/820/820 821/821/821 822/822/822
v -0.0400498 0.1435442 0.2733855
vt 0.856254801 0.258615737
vn 0.36023022 -0.93112860 0.05686570
v -0.0423544 0.1417348 0.2583579
vt 0.831664300 0.260300897
vn 0.36023022 -0.93112860 0.05686570
v -0.0212437 0.1496348 0.2539833
vt 0.824505860 0.244864551
vn 0.36023022 -0.93112860 0.05686570
f 823/823/823 824/824/824 825/825/825
v -0.0400498 0.1435442 0.2733855
vt 0.856254801 0.258615737
vn 0.36018647 -0.93114850 0.05681706
v -0.0212437 0.1496348 0.2539833
vt 0.824505860 0.244864551
vn 0.36018647 -0.93114850 0.05681706
v -0.0188357 0.1515264 0.2697172
vt 0.850252048 0.243103757
vn 0.36018647 -0.93114850 0.05681706
f 826/826/826 827/827/827 828/828/828
v -0.0608904 0.1530246 0.2751172
vt 0.859088524 0.273854639
vn -0.39624965 -0.90234298 0.16959763
v -0.0631339 0.1512638 0.2605073
vt 0.835181453 0.275495113
vn -0.39624965 -0.90234298 0.16959763
v -0.0423544 0.1417348 0.2583579
vt 0.831664300 0.260300897
vn -0.39624965 -0.90234298 0.16959763
f 829/829/829 830/830/830 831/831/831
v -0.0608904 0.1530246 0.2751172
vt 0.859088524 0.273854639
vn -0.39638429 -0.90231532 0.16943009
v -0.0423544 0.1417348 0.2583579
vt 0.831664300 0.260300897
vn -0.39638429 -0.90231532 0.16943009
v -0.0400498 0.1435442 0.2733855
vt 0.856254801 0.258615737
vn -0.39638429 -0.90231532 0.16943009
f 832/832/832 833/833/833 834/834/834
v -0.0691494 0.1744140 0.2738979
vt 0.857093263 0.286913944
vn -0.92061165 -0.34500335 0.18288489
v -0.0714098 0.1726398 0.2591724
vt 0.832996968 0.290047319
vn -0.92061165 -0.34500335 0.18288489
v -0.0631339 0.1512638 0.2605073
vt 0.835181453 0.327798278
vn -0.92061165 -0.34500335 0.18288489
f 835/835/835 836/836/836 837/837/837
v -0.0691494 0.1744140 0.2738979
vt 0.857093263 0.286913944
vn -0.92058778 -0.34503362 0.18294794
v -0.0631339 0.1512638 0.2605073
vt 0.835181453 0.327798278
vn -0.92058778 -0.34503362 0.18294794
v -0.0608904 0.1530246 0.2751172
vt 0.859088524 0.324688656
vn -0.92058778 -0.34503362 0.18294794
f 838/838/838 839/839/839 840/840/840
v -0.0599888 0.1951829 0.2704418
vt 0.851437883 0.250235139
vn -0.90573250 0.41441720 0.08892144
v -0.0623343 0.1933411 0.2551351
vt 0.826390521 0.253487927
vn -0.90573250 0.41441720 0.08892144
v -0.0714098 0.1726398 0.2591724
vt 0.832996968 0.290047319
vn -0.90573250 0.41441720 0.08892144
f 841/841/841 842/842/842 843/843/843
v -0.0599888 0.1951829 0.2704418
vt 0.851437883 0.250235139
vn -0.90575291 0.41433116 0.08911424
v -0.0714098 0.1726398 0.2591724
vt 0.832996968 0.290047319
vn -0.90575291 0.41433116 0.08911424
v -0.0691494 0.1744140 0.2738979
vt 0.857093263 0.286913944
vn -0.90575291 0.41433116 0.08911424
f 844/844/844 845/845/845 846/846/846
v -0.0387748 0.2031651 0.2667735
vt 0.845435095 0.257683443
vn -0.36021852 0.93113778 -0.05678949
v -0.0412237 0.2012411 0.2507604
vt 0.819232081 0.259474114
vn -0.36021852 0.93113778 -0.05678949
v -0.0623343 0.1933411 0.2551351
vt 0.826390521 0.274910493
vn -0.36021852 0.93113778 -0.05678949
f 847/847/847 848/848/848 849/849/849
v -0.0387748 0.2031651 0.2667735
vt 0.845435095 0.257683443
vn -0.36019094 0.93114469 -0.05685116
v -0.0623343 0.1933411 0.2551351
vt 0.826390521 0.274910493
vn -0.36019094 0.93114469 -0.05685116
v -0.0599888 0.1951829 0.2704418
vt 0.851437883 0.273195423
vn -0.36019094 0.93114469 -0.05685116
f 850/850/850 851/851/851 852/852/852
v -0.0179341 0.1936847 0.2650417
vt 0.842601408 0.242444541
vn 0.39636117 0.90242665 -0.16889040
v -0.0204442 0.1917122 0.2486111
vt 0.815714963 0.244279931
vn 0.39636117 0.90242665 -0.16889040
v -0.0412237 0.2012411 0.2507604
vt 0.819232081 0.259474114
vn 0.39636117 0.90242665 -0.16889040
f 853/853/853 854/854/854 855/855/855
v -0.0179341 0.1936847 0.2650417
vt 0.842601408 0.242444541
vn 0.39643821 0.90236297 -0.16904973
v -0.0412237 0.2012411 0.2507604
vt 0.819232081 0.259474114
vn 0.39643821 0.90236297 -0.16904973
v -0.0387748 0.2031651 0.2667735
vt 0.845435095 0.257683443
vn 0.39643821 0.90236297 -0.16904973
f 856/856/856 857/857/857 858/858/858
v -0.0096751 0.1722953 0.2662611
vt 0.844596668 0.290655789
vn 0.92072604 0.34509416 -0.18213613
v -0.0121682 0.1703361 0.2499460
vt 0.817899413 0.294115710
vn 0.92072604 0.34509416 -0.18213613
v -0.0204442 0.1917122 0.2486111
vt 0.815714963 0.256364719
vn 0.92072604 0.34509416 -0.18213613
f 859/859/859 860/860/860 861/861/861
v -0.0096751 0.1722953 0.2662611
vt 0.844596668 0.290655789
vn 0.92072048 0.34513382 -0.18208911
v -0.0204442 0.1917122 0.2486111
vt 0.815714963 0.256364719
vn 0.92072048 0.34513382 -0.18208911
v -0.0179341 0.1936847 0.2650417
vt 0.842601408 0.252881077
vn 0.92072048 0.34513382 -0.18208911
f 862/862/862 863/863/863 864/864/864
v -0.0188357 0.1515264 0.2697172
vt 0.850252048 0.327334562
vn 0.90575089 -0.41440228 -0.08880360
v -0.0212437 0.1496348 0.2539833
vt 0.824505860 0.330675070
vn 0.90575089 -0.41440228 -0.08880360
v -0.0121682 0.1703361 0.2499460
vt 0.817899413 0.294115710
vn 0.90575089 -0.41440228 -0.08880360
f 865/865/865 866/866/866 867/867/867
v -0.0188357 0.1515264 0.2697172
vt 0.850252048 0.327334562
vn 0.90581713 -0.41428596 -0.08867060
v -0.0121682 0.1703361 0.2499460
vt 0.817899413 0.294115710
vn 0.90581713 -0.41428596 -0.08867060
v -0.0096751 0.1722953 0.2662611
vt 0.844596668 0.290655789
vn 0.90581713 -0.41428596 -0.08867060
f 868/868/868 869/869/869 870/870/870
v -0.0423544 0.1417348 0.2583579
vt 0.831664300 0.260300897
vn 0.36064268 -0.93080731 0.05945253
v -0.0448048 0.1398540 0.2437751
vt 0.807801663 0.262092703
vn 0.36064268 -0.93080731 0.05945253
v -0.0236855 0.1477607 0.2394548
vt 0.800732017 0.246650005
vn 0.36064268 -0.93080731 0.05945253
f 871/871/871 872/872/872 873/873/873
v -0.0423544 0.1417348 0.2583579
vt 0.831664300 0.260300897
vn 0.36064627 -0.93080566 0.05945660
v -0.0236855 0.1477607 0.2394548
vt 0.800732017 0.246650005
vn 0.36064627 -0.93080566 0.05945660
v -0.0212437 0.1496348 0.2539833
vt 0.824505860 0.244864551
vn 0.36064627 -0.93080566 0.05945660
f 874/874/874 875/875/875 876/876/876
v -0.0631339 0.1512638 0.2605073
vt 0.835181453 0.275495113
vn -0.39420404 -0.90074074 0.18239874
v -0.0655894 0.1493790 0.2458924
vt 0.811266291 0.277290645
vn -0.39420404 -0.90074074 0.18239874
v -0.0448048 0.1398540 0.2437751
vt 0.807801663 0.262092703
vn -0.39420404 -0.90074074 0.18239874
f 877/877/877 878/878/878 879/879/879
v -0.0631339 0.1512638 0.2605073
vt 0.835181453 0.275495113
vn -0.39419024 -0.90074335 0.18241564
v -0.0448048 0.1398540 0.2437751
vt 0.807801663 0.262092703
vn -0.39419024 -0.90074335 0.18241564
v -0.0423544 0.1417348 0.2583579
vt 0.831664300 0.260300897
vn -0.39419024 -0.90074335 0.18241564
f 880/880/880 881/881/881 882/882/882
v -0.0714098 0.1726398 0.2591724
vt 0.832996968 0.290047319
vn -0.91809863 -0.34305954 0.19850707
v -0.0738640 0.1707561 0.2445664
vt 0.809096342 0.293374056
vn -0.91809863 -0.34305954 0.19850707
v -0.0655894 0.1493790 0.2458924
vt 0.811266291 0.331126991
vn -0.91809863 -0.34305954 0.19850707
f 883/883/883 884/884/884 885/885/885
v -0.0714098 0.1726398 0.2591724
vt 0.832996968 0.290047319
vn -0.91810135 -0.34305627 0.19850015
v -0.0655894 0.1493790 0.2458924
vt 0.811266291 0.331126991
vn -0.91810135 -0.34305627 0.19850015
v -0.0631339 0.1512638 0.2605073
vt 0.835181453 0.327798278
vn -0.91810135 -0.34305627 0.19850015
f 886/886/886 887/887/887 888/888/888
v -0.0623343 0.1933411 0.2551351
vt 0.826390521 0.253487927
vn -0.90422265 0.41558202 0.09835133
v -0.0647814 0.1914629 0.2405737
vt 0.802562972 0.256804909
vn -0.90422265 0.41558202 0.09835133
v -0.0738640 0.1707561 0.2445664
vt 0.809096342 0.293374056
vn -0.90422265 0.41558202 0.09835133
f 889/889/889 890/890/890 891/891/891
v -0.0623343 0.1933411 0.2551351
vt 0.826390521 0.253487927
vn -0.90422103 0.41558998 0.09833255
v -0.0738640 0.1707561 0.2445664
vt 0.809096342 0.293374056
vn -0.90422103 0.41558998 0.09833255
v -0.0714098 0.1726398 0.2591724
vt 0.832996968 0.290047319
vn -0.90422103 0.41558998 0.09833255
f 892/892/892 893/893/893 894/894/894
v -0.0412237 0.2012411 0.2507604
vt 0.819232081 0.259474114
vn -0.36064331 0.93080658 -0.05946017
v -0.0436620 0.1993697 0.2362534
vt 0.795493362 0.261257073
vn -0.36064331 0.93080658 -0.05946017
v -0.0647814 0.1914629 0.2405737
vt 0.802562972 0.276699771
vn -0.36064331 0.93080658 -0.05946017
f 895/895/895 896/896/896 897/897/897
v -0.0412237 0.2012411 0.2507604
vt 0.819232081 0.259474114
vn -0.36064623 0.93080592 -0.05945279
v -0.0647814 0.1914629 0.2405737
vt 0.802562972 0.276699771
vn -0.36064623 0.93080592 -0.05945279
v -0.0623343 0.1933411 0.2551351
vt 0.826390521 0.274910493
vn -0.36064623 0.93080592 -0.05945279
f 898/898/898 899/899/899 900/900/900
v -0.0204442 0.1917122 0.2486111
vt 0.815714963 0.244279931
vn 0.39419126 0.90073163 -0.18247133
v -0.0228774 0.1898447 0.2341361
vt 0.792028733 0.246059131
vn 0.39419126 0.90073163 -0.18247133
v -0.0436620 0.1993697 0.2362534
vt 0.795493362 0.261257073
vn 0.39419126 0.90073163 -0.18247133
f 901/901/901 902/902/902 903/903/903
v -0.0204442 0.1917122 0.2486111
vt 0.815714963 0.244279931
vn 0.39418404 0.90073838 -0.18245358
v -0.0436620 0.1993697 0.2362534
vt 0.795493362 0.261257073
vn 0.39418404 0.90073838 -0.18245358
v -0.0412237 0.2012411 0.2507604
vt 0.819232081 0.259474114
vn 0.39418404 0.90073838 -0.18245358
f 904/904/904 905/905/905 906/906/906
v -0.0121682 0.1703361 0.2499460
vt 0.817899413 0.294115710
vn 0.91808626 0.34304850 -0.19858334
v -0.0146029 0.1684675 0.2354622
vt 0.794198646 0.297415712
vn 0.91808626 0.34304850 -0.19858334
v -0.0228774 0.1898447 0.2341361
vt 0.792028733 0.259662777
vn 0.91808626 0.34304850 -0.19858334
f 907/907/907 908/908/908 909/909/909
v -0.0121682 0.1703361 0.2499460
vt 0.817899413 0.294115710
vn 0.91808660 0.34304483 -0.19858811
v -0.0228774 0.1898447 0.2341361
vt 0.792028733 0.259662777
vn 0.91808660 0.34304483 -0.19858811
v -0.0204442 0.1917122 0.2486111
vt 0.815714963 0.256364719
vn 0.91808660 0.34304483 -0.19858811
f 910/910/910 911/911/911 912/912/912
v -0.0212437 0.1496348 0.2539833
vt 0.824505860 0.330675070
vn 0.90422065 -0.41558366 -0.09836282
v -0.0236855 0.1477607 0.2394548
vt 0.800732017 0.333984859
vn 0.90422065 -0.41558366 -0.09836282
v -0.0146029 0.1684675 0.2354622
vt 0.794198646 0.297415712
vn 0.90422065 -0.41558366 -0.09836282
f 913/913/913 914/914/914 915/915/915
v -0.0212437 0.1496348 0.2539833
vt 0.824505860 0.330675070
vn 0.90421363 -0.41559548 -0.09837736
v -0.0146029 0.1684675 0.2354622
vt 0.794198646 0.297415712
vn 0.90421363 -0.41559548 -0.09837736
v -0.0121682 0.1703361 0.2499460
vt 0.817899413 0.294115710
vn 0.90421363 -0.41559548 -0.09837736
f 916/916/916 917/917/917 918/918/918
v -0.0448048 0.1398540 0.2437751
vt 0.807801663 0.262092703
vn 0.36003716 -0.93125605 0.05599472
v -0.0470090 0.1381087 0.2289219
vt 0.783496378 0.263704433
vn 0.36003716 -0.93125605 0.05599472
v -0.0257621 0.1461180 0.2255116
vt 0.777915972 0.248168474
vn 0.36003716 -0.93125605 0.05599472
f 919/919/919 920/920/920 921/921/921
v -0.0448048 0.1398540 0.2437751
vt 0.807801663 0.262092703
vn 0.36010858 -0.93122328 0.05608043
v -0.0257621 0.1461180 0.2255116
vt 0.777915972 0.248168474
vn 0.36010858 -0.93122328 0.05608043
v -0.0236855 0.1477607 0.2394548
vt 0.800732017 0.246650005
vn 0.36010858 -0.93122328 0.05608043
f 922/922/922 923/923/923 924/924/924
v -0.0655894 0.1493790 0.2458924
vt 0.811266291 0.277290645
vn -0.39715457 -0.90284223 0.16475484
v -0.0678690 0.1475730 0.2305010
vt 0.786080367 0.278957497
vn -0.39715457 -0.90284223 0.16475484
v -0.0470090 0.1381087 0.2289219
vt 0.783496378 0.263704433
vn -0.39715457 -0.90284223 0.16475484
f 925/925/925 926/926/926 927/927/927
v -0.0655894 0.1493790 0.2458924
vt 0.811266291 0.277290645
vn -0.39695896 -0.90288407 0.16499679
v -0.0470090 0.1381087 0.2289219
vt 0.783496378 0.263704433
vn -0.39695896 -0.90288407 0.16499679
v -0.0448048 0.1398540 0.2437751
vt 0.807801663 0.262092703
vn -0.39695896 -0.90288407 0.16499679
f 928/928/928 929/929/929 930/930/930
v -0.0738640 0.1707561 0.2445664
vt 0.809096342 0.293374056
vn -0.92145658 -0.34574920 0.17713063
v -0.0761227 0.1689669 0.2293239
vt 0.784154280 0.296533776
vn -0.92145658 -0.34574920 0.17713063
v -0.0678690 0.1475730 0.2305010
vt 0.786080367 0.334316330
vn -0.92145658 -0.34574920 0.17713063
f 931/931/931 932/932/932 933/933/933
v -0.0738640 0.1707561 0.2445664
vt 0.809096342 0.293374056
vn -0.92149062 -0.34570404 0.17704169
v -0.0678690 0.1475730 0.2305010
vt 0.786080367 0.334316330
vn -0.92149062 -0.34570404 0.17704169
v -0.0655894 0.1493790 0.2458924
vt 0.811266291 0.331126991
vn -0.92149062 -0.34570404 0.17704169
f 934/934/934 935/935/935 936/936/936
v -0.0647814 0.1914629 0.2405737
vt 0.802562972 0.256804909
vn -0.90625750 0.41388804 0.08598861
v -0.0669351 0.1897582 0.2260802
vt 0.778846380 0.259815567
vn -0.90625750 0.41388804 0.08598861
v -0.0761227 0.1689669 0.2293239
vt 0.784154280 0.296533776
vn -0.90625750 0.41388804 0.08598861
f 937/937/937 938/938/938 939/939/939
v -0.0647814 0.1914629 0.2405737
vt 0.802562972 0.256804909
vn -0.90622536 0.41401971 0.08569291
v -0.0761227 0.1689669 0.2293239
vt 0.784154280 0.296533776
vn -0.90622536 0.41401971 0.08569291
v -0.0738640 0.1707561 0.2445664
vt 0.809096342 0.293374056
vn -0.90622536 0.41401971 0.08569291
f 940/940/940 941/941/941 942/942/942
v -0.0436620 0.1993697 0.2362534
vt 0.795493362 0.261257073
vn -0.36005392 0.93124118 -0.05613410
v -0.0456882 0.1977675 0.2226699
vt 0.773265938 0.262738665
vn -0.36005392 0.93124118 -0.05613410
v -0.0669351 0.1897582 0.2260802
vt 0.778846380 0.278274625
vn -0.36005392 0.93124118 -0.05613410
f 943/943/943 944/944/944 945/945/945
v -0.0436620 0.1993697 0.2362534
vt 0.795493362 0.261257073
vn -0.36009868 0.93123064 -0.05602176
v -0.0669351 0.1897582 0.2260802
vt 0.778846380 0.278274625
vn -0.36009868 0.93123064 -0.05602176
v -0.0647814 0.1914629 0.2405737
vt 0.802562972 0.276699771
vn -0.36009868 0.93123064 -0.05602176
f 946/946/946 947/947/947 948/948/948
v -0.0228774 0.1898447 0.2341361
vt 0.792028733 0.246059131
vn 0.39698504 0.90268211 -0.16603579
v -0.0248282 0.1883031 0.2210908
vt 0.770681985 0.247485570
vn 0.39698504 0.90268211 -0.16603579
v -0.0456882 0.1977675 0.2226699
vt 0.773265938 0.262738665
vn 0.39698504 0.90268211 -0.16603579
f 949/949/949 950/950/950 951/951/951
v -0.0228774 0.1898447 0.2341361
vt 0.792028733 0.246059131
vn 0.39685151 0.90280526 -0.16568507
v -0.0456882 0.1977675 0.2226699
vt 0.773265938 0.262738665
vn 0.39685151 0.90280526 -0.16568507
v -0.0436620 0.1993697 0.2362534
vt 0.795493362 0.261257073
vn 0.39685151 0.90280526 -0.16568507
f 952/952/952 953/953/953 954/954/954
v -0.0146029 0.1684675 0.2354622
vt 0.794198646 0.297415712
vn 0.92125342 0.34559514 -0.17848288
v -0.0165746 0.1669092 0.2222679
vt 0.772608072 0.300167842
vn 0.92125342 0.34559514 -0.17848288
v -0.0248282 0.1883031 0.2210908
vt 0.770681985 0.262385256
vn 0.92125342 0.34559514 -0.17848288
f 955/955/955 956/956/956 957/957/957
v -0.0146029 0.1684675 0.2354622
vt 0.794198646 0.297415712
vn 0.92126079 0.34551715 -0.17859577
v -0.0248282 0.1883031 0.2210908
vt 0.770681985 0.262385256
vn 0.92126079 0.34551715 -0.17859577
v -0.0228774 0.1898447 0.2341361
vt 0.792028733 0.259662777
vn 0.92126079 0.34551715 -0.17859577
f 958/958/958 959/959/959 960/960/960
v -0.0236855 0.1477607 0.2394548
vt 0.800732017 0.333984859
vn 0.90622765 -0.41390868 -0.08620353
v -0.0257621 0.1461180 0.2255116
vt 0.777915972 0.336885987
vn 0.90622765 -0.41390868 -0.08620353
v -0.0165746 0.1669092 0.2222679
vt 0.772608072 0.300167842
vn 0.90622765 -0.41390868 -0.08620353
f 961/961/961 962/962/962 963/963/963
v -0.0236855 0.1477607 0.2394548
vt 0.800732017 0.333984859
vn 0.90610354 -0.41412041 -0.08649078
v -0.0165746 0.1669092 0.2222679
vt 0.772608072 0.300167842
vn 0.90610354 -0.41412041 -0.08649078
v -0.0146029 0.1684675 0.2354622
vt 0.794198646 0.297415712
vn 0.90610354 -0.41412041 -0.08649078
f 964/964/964 965/965/965 966/966/966
v -0.0470090 0.1381087 0.2289219
vt 0.783496378 0.263704433
vn 0.35878652 -0.93226639 0.04638545
v -0.0485029 0.1367517 0.2132028
vt 0.757774393 0.264796776
vn 0.35878652 -0.93226639 0.04638545
v -0.0271058 0.1449008 0.2114817
vt 0.754958035 0.249150963
vn 0.35878652 -0.93226639 0.04638545
f 967/967/967 968/968/968 969/969/969
v -0.0470090 0.1381087 0.2289219
vt 0.783496378 0.263704433
vn 0.35887952 -0.93222449 0.04650791
v -0.0271058 0.1449008 0.2114817
vt 0.754958035 0.249150963
vn 0.35887952 -0.93222449 0.04650791
v -0.0257621 0.1461180 0.2255116
vt 0.777915972 0.248168474
vn 0.35887952 -0.93222449 0.04650791
f 970/970/970 971/971/971 972/972/972
v -0.0678690 0.1475730 0.2305010
vt 0.786080367 0.278957497
vn -0.40325935 -0.90765950 0.11634488
v -0.0694518 0.1461333 0.2137831
vt 0.758723921 0.280114844
vn -0.40325935 -0.90765950 0.11634488
v -0.0485029 0.1367517 0.2132028
vt 0.757774393 0.264796776
vn -0.40325935 -0.90765950 0.11634488
f 973/973/973 974/974/974 975/975/975
v -0.0678690 0.1475730 0.2305010
vt 0.786080367 0.278957497
vn -0.40301185 -0.90772833 0.11666503
v -0.0485029 0.1367517 0.2132028
vt 0.757774393 0.264796776
vn -0.40301185 -0.90772833 0.11666503
v -0.0470090 0.1381087 0.2289219
vt 0.783496378 0.263704433
vn -0.40301185 -0.90772833 0.11666503
f 976/976/976 977/977/977 978/978/978
v -0.0761227 0.1689669 0.2293239
vt 0.784154280 0.296533776
vn -0.92856333 -0.35181122 0.11831743
v -0.0776809 0.1675501 0.2128826
vt 0.757250363 0.299035933
vn -0.92856333 -0.35181122 0.11831743
v -0.0694518 0.1461333 0.2137831
vt 0.758723921 0.336858961
vn -0.92856333 -0.35181122 0.11831743
f 979/979/979 980/980/980 981/981/981
v -0.0761227 0.1689669 0.2293239
vt 0.784154280 0.296533776
vn -0.92860146 -0.35174752 0.11820748
v -0.0694518 0.1461333 0.2137831
vt 0.758723921 0.336858961
vn -0.92860146 -0.35174752 0.11820748
v -0.0678690 0.1475730 0.2305010
vt 0.786080367 0.334316330
vn -0.92860146 -0.35174752 0.11820748
f 982/982/982 983/983/983 984/984/984
v -0.0669351 0.1897582 0.2260802
vt 0.778846380 0.259815567
vn -0.91059132 0.41011001 0.05131493
v -0.0683696 0.1884564 0.2110288
vt 0.754216996 0.262114511
vn -0.91059132 0.41011001 0.05131493
v -0.0776809 0.1675501 0.2128826
vt 0.757250363 0.299035933
vn -0.91059132 0.41011001 0.05131493
f 985/985/985 986/986/986 987/987/987
v -0.0669351 0.1897582 0.2260802
vt 0.778846380 0.259815567
vn -0.91052503 0.41030472 0.05093331
v -0.0776809 0.1675501 0.2128826
vt 0.757250363 0.299035933
vn -0.91052503 0.41030472 0.05093331
v -0.0761227 0.1689669 0.2293239
vt 0.784154280 0.296533776
vn -0.91052503 0.41030472 0.05093331
f 988/988/988 989/989/989 990/990/990
v -0.0456882 0.1977675 0.2226699
vt 0.773265938 0.262738665
vn -0.35879698 0.93225263 -0.04658064
v -0.0469725 0.1966055 0.2093077
vt 0.751400638 0.263677732
vn -0.35879698 0.93225263 -0.04658064
v -0.0683696 0.1884564 0.2110288
vt 0.754216996 0.279323544
vn -0.35879698 0.93225263 -0.04658064
f 991/991/991 992/992/992 993/993/993
v -0.0456882 0.1977675 0.2226699
vt 0.773265938 0.262738665
vn -0.35886915 0.93223267 -0.04642406
v -0.0683696 0.1884564 0.2110288
vt 0.754216996 0.279323544
vn -0.35886915 0.93223267 -0.04642406
v -0.0669351 0.1897582 0.2260802
vt 0.778846380 0.278274625
vn -0.35886915 0.93223267 -0.04642406
f 994/994/994 995/995/995 996/996/996
v -0.0248282 0.1883031 0.2210908
vt 0.770681985 0.247485570
vn 0.40312795 0.90747900 -0.11819354
v -0.0260236 0.1872239 0.2087274
vt 0.750451146 0.248359664
vn 0.40312795 0.90747900 -0.11819354
v -0.0469725 0.1966055 0.2093077
vt 0.751400638 0.263677732
vn 0.40312795 0.90747900 -0.11819354
f 997/997/997 998/998/998 999/999/999
v -0.0248282 0.1883031 0.2210908
vt 0.770681985 0.247485570
vn 0.40290202 0.90765017 -0.11764833
v -0.0469725 0.1966055 0.2093077
vt 0.751400638 0.263677732
vn 0.40290202 0.90765017 -0.11764833
v -0.0456882 0.1977675 0.2226699
vt 0.773265938 0.262738665
vn 0.40290202 0.90765017 -0.11764833
f 1000/1000/1000 1001/1001/1001 1002/1002/1002
v -0.0165746 0.1669092 0.2222679
vt 0.772608072 0.300167842
vn 0.92837191 0.35165575 -0.12026563
v -0.0177945 0.1658071 0.2096279
vt 0.751924668 0.302114252
vn 0.92837191 0.35165575 -0.12026563
v -0.0260236 0.1872239 0.2087274
vt 0.750451146 0.264291224
vn 0.92837191 0.35165575 -0.12026563
f 1003/1003/1003 1004/1004/1004 1005/1005/1005
v -0.0165746 0.1669092 0.2222679
vt 0.772608072 0.300167842
vn 0.92839118 0.35154172 -0.12045017
v -0.0260236 0.1872239 0.2087274
vt 0.750451146 0.264291224
vn 0.92839118 0.35154172 -0.12045017
v -0.0248282 0.1883031 0.2210908
vt 0.770681985 0.262385256
vn 0.92839118 0.35154172 -0.12045017
f 1006/1006/1006 1007/1007/1007 1008/1008/1008
v -0.0257621 0.1461180 0.2255116
vt 0.777915972 0.336885987
vn 0.91056646 -0.41012654 -0.05162299
v -0.0271058 0.1449008 0.2114817
vt 0.754958035 0.339035642
vn 0.91056646 -0.41012654 -0.05162299
v -0.0177945 0.1658071 0.2096279
vt 0.751924668 0.302114252
vn 0.91056646 -0.41012654 -0.05162299
f 1009/1009/1009 1010/1010/1010 1011/1011/1011
v -0.0257621 0.1461180 0.2255116
vt 0.777915972 0.336885987
vn 0.91040343 -0.41043040 -0.05208142
v -0.0177945 0.1658071 0.2096279
vt 0.751924668 0.302114252
vn 0.91040343 -0.41043040 -0.05208142
v -0.0165746 0.1669092 0.2222679
vt 0.772608072 0.300167842
vn 0.91040343 -0.41043040 -0.05208142
f 1012/1012/1012 1013/1013/1013 1014/1014/1014
v -0.0485029 0.1367517 0.2132028
vt 0.757774393 0.264796776
vn 0.35792450 -0.93320516 0.03190894
v -0.0487905 0.1360584 0.1961552
vt 0.729878485 0.265007117
vn 0.35792450 -0.93320516 0.03190894
v -0.0273625 0.1442934 0.1966356
vt 0.730664530 0.249338653
vn 0.35792450 -0.93320516 0.03190894
f 1015/1015/1015 1016/1016/1016 1017/1017/1017
v -0.0485029 0.1367517 0.2132028
vt 0.757774393 0.264796776
vn 0.35797715 -0.93318231 0.03198654
v -0.0273625 0.1442934 0.1966356
vt 0.730664530 0.249338653
vn 0.35797715 -0.93318231 0.03198654
v -0.0271058 0.1449008 0.2114817
vt 0.754958035 0.249150963
vn 0.35797715 -0.93318231 0.03198654
f 1018/1018/1018 1019/1019/1019 1020/1020/1020
v -0.0694518 0.1461333 0.2137831
vt 0.758723921 0.280114844
vn -0.40744716 -0.91217881 0.04377928
v -0.0697577 0.1453893 0.1954337
vt 0.728697842 0.280338536
vn -0.40744716 -0.91217881 0.04377928
v -0.0487905 0.1360584 0.1961552
vt 0.729878485 0.265007117
vn -0.40744716 -0.91217881 0.04377928
f 1021/1021/1021 1022/1022/1022 1023/1023/1023
v -0.0694518 0.1461333 0.2137831
vt 0.758723921 0.280114844
vn -0.40731116 -0.91223046 0.04396821
v -0.0487905 0.1360584 0.1961552
vt 0.729878485 0.265007117
vn -0.40731116 -0.91223046 0.04396821
v -0.0485029 0.1367517 0.2132028
vt 0.757774393 0.264796776
vn -0.40731116 -0.91223046 0.04396821
f 1024/1024/1024 1025/1025/1025 1026/1026/1026
v -0.0776809 0.1675501 0.2128826
vt 0.757250363 0.299035933
vn -0.93344737 -0.35744792 0.03011617
v -0.0779817 0.1668202 0.1948937
vt 0.727814194 0.300325071
vn -0.93344737 -0.35744792 0.03011617
v -0.0697577 0.1453893 0.1954337
vt 0.728697842 0.338172922
vn -0.93344737 -0.35744792 0.03011617
f 1027/1027/1027 1028/1028/1028 1029/1029/1029
v -0.0776809 0.1675501 0.2128826
vt 0.757250363 0.299035933
vn -0.93346545 -0.35740589 0.03005457
v -0.0697577 0.1453893 0.1954337
vt 0.728697842 0.338172922
vn -0.93346545 -0.35740589 0.03005457
v -0.0694518 0.1461333 0.2137831
vt 0.758723921 0.336858961
vn -0.93346545 -0.35740589 0.03005457
f 1030/1030/1030 1031/1031/1031 1032/1032/1032
v -0.0683696 0.1884564 0.2110288
vt 0.754216996 0.262114511
vn -0.91359209 0.40663061 -0.00101703
v -0.0686450 0.1877971 0.1948515
vt 0.727745164 0.263278858
vn -0.91359209 0.40663061 -0.00101703
v -0.0779817 0.1668202 0.1948937
vt 0.727814194 0.300325071
vn -0.91359209 0.40663061 -0.00101703
f 1033/1033/1033 1034/1034/1034 1035/1035/1035
v -0.0683696 0.1884564 0.2110288
vt 0.754216996 0.262114511
vn -0.91353356 0.40676152 -0.00122744
v -0.0779817 0.1668202 0.1948937
vt 0.727814194 0.300325071
vn -0.91353356 0.40676152 -0.00122744
v -0.0776809 0.1675501 0.2128826
vt 0.757250363 0.299035933
vn -0.91353356 0.40676152 -0.00122744
f 1036/1036/1036 1037/1037/1037 1038/1038/1038
v -0.0469725 0.1966055 0.2093077
vt 0.751400638 0.263677732
vn -0.35792144 0.93320234 -0.03202561
v -0.0472170 0.1960321 0.1953319
vt 0.728531245 0.263856510
vn -0.35792144 0.93320234 -0.03202561
v -0.0686450 0.1877971 0.1948515
vt 0.727745164 0.279524942
vn -0.35792144 0.93320234 -0.03202561
f 1039/1039/1039 1040/1040/1040 1041/1041/1041
v -0.0469725 0.1966055 0.2093077
vt 0.751400638 0.263677732
vn -0.35797419 0.93318517 -0.03193608
v -0.0686450 0.1877971 0.1948515
vt 0.727745164 0.279524942
vn -0.35797419 0.93318517 -0.03193608
v -0.0683696 0.1884564 0.2110288
vt 0.754216996 0.279323544
vn -0.35797419 0.93318517 -0.03193608
f 1042/1042/1042 1043/1043/1043 1044/1044/1044
v -0.0260236 0.1872239 0.2087274
vt 0.750451146 0.248359664
vn 0.40745844 0.91212017 -0.04488229
v -0.0262498 0.1867013 0.1960534
vt 0.729711888 0.248525059
vn 0.40745844 0.91212017 -0.04488229
v -0.0472170 0.1960321 0.1953319
vt 0.728531245 0.263856510
vn 0.40745844 0.91212017 -0.04488229
f 1045/1045/1045 1046/1046/1046 1047/1047/1047
v -0.0260236 0.1872239 0.2087274
vt 0.750451146 0.248359664
vn 0.40728768 0.91221265 -0.04455131
v -0.0472170 0.1960321 0.1953319
vt 0.728531245 0.263856510
vn 0.40728768 0.91221265 -0.04455131
v -0.0469725 0.1966055 0.2093077
vt 0.751400638 0.263677732
vn 0.40728768 0.91221265 -0.04455131
f 1048/1048/1048 1049/1049/1049 1050/1050/1050
v -0.0177945 0.1658071 0.2096279
vt 0.751924668 0.302114252
vn 0.93342433 0.35740824 -0.03127892
v -0.0180258 0.1652704 0.1965934
vt 0.730595536 0.303062035
vn 0.93342433 0.35740824 -0.03127892
v -0.0262498 0.1867013 0.1960534
vt 0.729711888 0.265214153
vn 0.93342433 0.35740824 -0.03127892
f 1051/1051/1051 1052/1052/1052 1053/1053/1053
v -0.0177945 0.1658071 0.2096279
vt 0.751924668 0.302114252
vn 0.93344581 0.35734201 -0.03139423
v -0.0262498 0.1867013 0.1960534
vt 0.729711888 0.265214153
vn 0.93344581 0.35734201 -0.03139423
v -0.0260236 0.1872239 0.2087274
vt 0.750451146 0.264291224
vn 0.93344581 0.35734201 -0.03139423
f 1054/1054/1054 1055/1055/1055 1056/1056/1056
v -0.0271058 0.1449008 0.2114817
vt 0.754958035 0.339035642
vn 0.91359211 -0.40663098 0.00083760
v -0.0273625 0.1442934 0.1966356
vt 0.730664530 0.340108249
vn 0.91359211 -0.40663098 0.00083760
v -0.0180258 0.1652704 0.1965934
vt 0.730595536 0.303062035
vn 0.91359211 -0.40663098 0.00083760
f 1057/1057/1057 1058/1058/1058 1059/1059/1059
v -0.0271058 0.1449008 0.2114817
vt 0.754958035 0.339035642
vn 0.91351134 -0.40681292 0.00053942
v -0.0180258 0.1652704 0.1965934
vt 0.730595536 0.303062035
vn 0.91351134 -0.40681292 0.00053942
v -0.0177945 0.1658071 0.2096279
vt 0.751924668 0.302114252
vn 0.91351134 -0.40681292 0.00053942
f 1060/1060/1060 1061/1061/1061 1062/1062/1062
v -0.0487905 0.1360584 0.1961552
vt 0.729878485 0.265007117
vn 0.35839976 -0.93344644 0.01507868
v -0.0474175 0.1362824 0.1773871
vt 0.699167185 0.264003078
vn 0.35839976 -0.93344644 0.01507868
v -0.0261604 0.1444898 0.1802133
vt 0.703791727 0.248459731
vn 0.35839976 -0.93344644 0.01507868
f 1063/1063/1063 1064/1064/1064 1065/1065/1065
v -0.0487905 0.1360584 0.1961552
vt 0.729878485 0.265007117
vn 0.35839537 -0.93344824 0.01507150
v -0.0261604 0.1444898 0.1802133
vt 0.703791727 0.248459731
vn 0.35839537 -0.93344824 0.01507150
v -0.0273625 0.1442934 0.1966356
vt 0.730664530 0.249338653
vn 0.35839537 -0.93344824 0.01507150
f 1066/1066/1066 1067/1067/1067 1068/1068/1068
v -0.0697577 0.1453893 0.1954337
vt 0.728697842 0.280338536
vn -0.40507007 -0.91338721 -0.04052217
v -0.0682835 0.1456297 0.1752785
vt 0.695716735 0.279260549
vn -0.40507007 -0.91338721 -0.04052217
v -0.0474175 0.1362824 0.1773871
vt 0.699167185 0.264003078
vn -0.40507007 -0.91338721 -0.04052217
f 1069/1069/1069 1070/1070/1070 1071/1071/1071
v -0.0697577 0.1453893 0.1954337
vt 0.728697842 0.280338536
vn -0.40508095 -0.91338166 -0.04053844
v -0.0474175 0.1362824 0.1773871
vt 0.699167185 0.264003078
vn -0.40508095 -0.91338166 -0.04053844
v -0.0487905 0.1360584 0.1961552
vt 0.729878485 0.265007117
vn -0.40508095 -0.91338166 -0.04053844
f 1072/1072/1072 1073/1073/1073 1074/1074/1074
v -0.0779817 0.1668202 0.1948937
vt 0.727814194 0.300325071
vn -0.93056092 -0.35891750 -0.07235062
v -0.0765355 0.1670560 0.1751226
vt 0.695461630 0.299908504
vn -0.93056092 -0.35891750 -0.07235062
v -0.0682835 0.1456297 0.1752785
vt 0.695716735 0.337748383
vn -0.93056092 -0.35891750 -0.07235062
f 1075/1075/1075 1076/1076/1076 1077/1077/1077
v -0.0779817 0.1668202 0.1948937
vt 0.727814194 0.300325071
vn -0.93055973 -0.35892158 -0.07234563
v -0.0682835 0.1456297 0.1752785
vt 0.695716735 0.337748383
vn -0.93055973 -0.35892158 -0.07234563
v -0.0697577 0.1453893 0.1954337
vt 0.728697842 0.338172922
vn -0.93055973 -0.35892158 -0.07234563
f 1078/1078/1078 1079/1079/1079 1080/1080/1080
v -0.0686450 0.1877971 0.1948515
vt 0.727745164 0.263278858
vn -0.91188148 0.40576256 -0.06187822
v -0.0673396 0.1880102 0.1770107
vt 0.698551282 0.262902505
vn -0.91188148 0.40576256 -0.06187822
v -0.0765355 0.1670560 0.1751226
vt 0.695461630 0.299908504
vn -0.91188148 0.40576256 -0.06187822
f 1081/1081/1081 1082/1082/1082 1083/1083/1083
v -0.0686450 0.1877971 0.1948515
vt 0.727745164 0.263278858
vn -0.91188820 0.40574990 -0.06186222
v -0.0765355 0.1670560 0.1751226
vt 0.695461630 0.299908504
vn -0.91188820 0.40574990 -0.06186222
v -0.0779817 0.1668202 0.1948937
vt 0.727814194 0.300325071
vn -0.91188820 0.40574990 -0.06186222
f 1084/1084/1084 1085/1085/1085 1086/1086/1086
v -0.0472170 0.1960321 0.1953319
vt 0.728531245 0.263856510
vn -0.35840097 0.93344613 -0.01506870
v -0.0460826 0.1962176 0.1798369
vt 0.703175823 0.263027006
vn -0.35840097 0.93344613 -0.01506870
v -0.0673396 0.1880102 0.1770107
vt 0.698551282 0.278570353
vn -0.35840097 0.93344613 -0.01506870
f 1087/1087/1087 1088/1088/1088 1089/1089/1089
v -0.0472170 0.1960321 0.1953319
vt 0.728531245 0.263856510
vn -0.35839584 0.93344800 -0.01507514
v -0.0673396 0.1880102 0.1770107
vt 0.698551282 0.278570353
vn -0.35839584 0.93344800 -0.01507514
v -0.0686450 0.1877971 0.1948515
vt 0.727745164 0.279524942
vn -0.35839584 0.93344800 -0.01507514
f 1090/1090/1090 1091/1091/1091 1092/1092/1092
v -0.0262498 0.1867013 0.1960534
vt 0.729711888 0.248525059
vn 0.40506107 0.91338721 0.04061198
v -0.0252165 0.1868703 0.1819455
vt 0.706626274 0.247769503
vn 0.40506107 0.91338721 0.04061198
v -0.0460826 0.1962176 0.1798369
vt 0.703175823 0.263027006
vn 0.40506107 0.91338721 0.04061198
f 1093/1093/1093 1094/1094/1094 1095/1095/1095
v -0.0262498 0.1867013 0.1960534
vt 0.729711888 0.248525059
vn 0.40507827 0.91338069 0.04058712
v -0.0460826 0.1962176 0.1798369
vt 0.703175823 0.263027006
vn 0.40507827 0.91338069 0.04058712
v -0.0472170 0.1960321 0.1953319
vt 0.728531245 0.263856510
vn 0.40507827 0.91338069 0.04058712
f 1096/1096/1096 1097/1097/1097 1098/1098/1098
v -0.0180258 0.1652704 0.1965934
vt 0.730595536 0.303062035
vn 0.93055454 0.35891470 0.07244640
v -0.0169645 0.1654440 0.1821014
vt 0.706881378 0.302755451
vn 0.93055454 0.35891470 0.07244640
v -0.0252165 0.1868703 0.1819455
vt 0.706626274 0.264915605
vn 0.93055454 0.35891470 0.07244640
f 1099/1099/1099 1100/1100/1100 1101/1101/1101
v -0.0180258 0.1652704 0.1965934
vt 0.730595536 0.303062035
vn 0.93055189 0.35891979 0.07245521
v -0.0252165 0.1868703 0.1819455
vt 0.706626274 0.264915605
vn 0.93055189 0.35891979 0.07245521
v -0.0262498 0.1867013 0.1960534
vt 0.729711888 0.265214153
vn 0.93055189 0.35891979 0.07245521
f 1102/1102/1102 1103/1103/1103 1104/1104/1104
v -0.0273625 0.1442934 0.1966356
vt 0.730664530 0.340108249
vn 0.91188005 -0.40576336 0.06189400
v -0.0261604 0.1444898 0.1802133
vt 0.703791727 0.339761450
vn 0.91188005 -0.40576336 0.06189400
v -0.0169645 0.1654440 0.1821014
vt 0.706881378 0.302755451
vn 0.91188005 -0.40576336 0.06189400
f 1105/1105/1105 1106/1106/1106 1107/1107/1107
v -0.0273625 0.1442934 0.1966356
vt 0.730664530 0.340108249
vn 0.91188500 -0.40574836 0.06191936
v -0.0169645 0.1654440 0.1821014
vt 0.706881378 0.302755451
vn 0.91188500 -0.40574836 0.06191936
v -0.0180258 0.1652704 0.1965934
vt 0.730595536 0.303062035
vn 0.91188500 -0.40574836 0.06191936
f 1108/1108/1108 1109/1109/1109 1110/1110/1110
v -0.0474175 0.1362824 0.1773871
vt 0.699167185 0.264003078
vn 0.36035423 -0.93281433 -0.00149828
v -0.0434059 0.1378715 0.1528922
vt 0.659084782 0.261069772
vn 0.36035423 -0.93281433 -0.00149828
v -0.0225288 0.1459282 0.1580347
vt 0.667499735 0.245804201
vn 0.36035423 -0.93281433 -0.00149828
f 1111/1111/1111 1112/1112/1112 1113/1113/1113
v -0.0474175 0.1362824 0.1773871
vt 0.699167185 0.264003078
vn 0.36035823 -0.93281280 -0.00149238
v -0.0225288 0.1459282 0.1580347
vt 0.667499735 0.245804201
vn 0.36035823 -0.93281280 -0.00149238
v -0.0261604 0.1444898 0.1802133
vt 0.703791727 0.248459731
vn 0.36035823 -0.93281280 -0.00149238
f 1114/1114/1114 1115/1115/1115 1116/1116/1116
v -0.0682835 0.1456297 0.1752785
vt 0.695716735 0.279260549
vn -0.39524154 -0.91019791 -0.12378972
v -0.0640472 0.1473078 0.1494139
vt 0.653392917 0.276162949
vn -0.39524154 -0.91019791 -0.12378972
v -0.0434059 0.1378715 0.1528922
vt 0.659084782 0.261069772
vn -0.39524154 -0.91019791 -0.12378972
f 1117/1117/1117 1118/1118/1118 1119/1119/1119
v -0.0682835 0.1456297 0.1752785
vt 0.695716735 0.279260549
vn -0.39523105 -0.91020435 -0.12377583
v -0.0434059 0.1378715 0.1528922
vt 0.659084782 0.261069772
vn -0.39523105 -0.91020435 -0.12377583
v -0.0474175 0.1362824 0.1773871
vt 0.699167185 0.264003078
vn -0.39523105 -0.91020435 -0.12377583
f 1120/1120/1120 1121/1121/1121 1122/1122/1122
v -0.0765355 0.1670560 0.1751226
vt 0.695461630 0.299908504
vn -0.91860686 -0.35505412 -0.17348779
v -0.0723614 0.1687095 0.1496372
vt 0.653758407 0.296988452
vn -0.91860686 -0.35505412 -0.17348779
v -0.0640472 0.1473078 0.1494139
vt 0.653392917 0.334784745
vn -0.91860686 -0.35505412 -0.17348779
f 1123/1123/1123 1124/1124/1124 1125/1125/1125
v -0.0765355 0.1670560 0.1751226
vt 0.695461630 0.299908504
vn -0.91860779 -0.35504990 -0.17349149
v -0.0640472 0.1473078 0.1494139
vt 0.653392917 0.334784745
vn -0.91860779 -0.35504990 -0.17349149
v -0.0682835 0.1456297 0.1752785
vt 0.695716735 0.337748383
vn -0.91860779 -0.35504990 -0.17349149
f 1126/1126/1126 1127/1127/1127 1128/1128/1128
v -0.0673396 0.1880102 0.1770107
vt 0.698551282 0.262902505
vn -0.90481660 0.40803692 -0.12170782
v -0.0634781 0.1895397 0.1534314
vt 0.659967105 0.260201316
vn -0.90481660 0.40803692 -0.12170782
v -0.0723614 0.1687095 0.1496372
vt 0.653758407 0.296988452
vn -0.90481660 0.40803692 -0.12170782
f 1129/1129/1129 1130/1130/1130 1131/1131/1131
v -0.0673396 0.1880102 0.1770107
vt 0.698551282 0.262902505
vn -0.90480885 0.40805077 -0.12171900
v -0.0723614 0.1687095 0.1496372
vt 0.653758407 0.296988452
vn -0.90480885 0.40805077 -0.12171900
v -0.0765355 0.1670560 0.1751226
vt 0.695461630 0.299908504
vn -0.90480885 0.40805077 -0.12171900
f 1132/1132/1132 1133/1133/1133 1134/1134/1134
v -0.0460826 0.1962176 0.1798369
vt 0.703175823 0.263027006
vn -0.36035258 0.93281498 0.00149055
v -0.0426011 0.1975965 0.1585739
vt 0.668382093 0.260481296
vn -0.36035258 0.93281498 0.00149055
v -0.0634781 0.1895397 0.1534314
vt 0.659967105 0.275746835
vn -0.36035258 0.93281498 0.00149055
f 1135/1135/1135 1136/1136/1136 1137/1137/1137
v -0.0460826 0.1962176 0.1798369
vt 0.703175823 0.263027006
vn -0.36035854 0.93281267 0.00149506
v -0.0634781 0.1895397 0.1534314
vt 0.659967105 0.275746835
vn -0.36035854 0.93281267 0.00149506
v -0.0673396 0.1880102 0.1770107
vt 0.698551282 0.278570353
vn -0.36035854 0.93281267 0.00149506
f 1138/1138/1138 1139/1139/1139 1140/1140/1140
v -0.0252165 0.1868703 0.1819455
vt 0.706626274 0.247769503
vn 0.39525355 0.91020151 0.12372485
v -0.0219597 0.1881602 0.1620523
vt 0.674073958 0.245388087
vn 0.39525355 0.91020151 0.12372485
v -0.0426011 0.1975965 0.1585739
vt 0.668382093 0.260481296
vn 0.39525355 0.91020151 0.12372485
f 1141/1141/1141 1142/1142/1142 1143/1143/1143
v -0.0252165 0.1868703 0.1819455
vt 0.706626274 0.247769503
vn 0.39523591 0.91020705 0.12374051
v -0.0426011 0.1975965 0.1585739
vt 0.668382093 0.260481296
vn 0.39523591 0.91020705 0.12374051
v -0.0460826 0.1962176 0.1798369
vt 0.703175823 0.263027006
vn 0.39523591 0.91020705 0.12374051
f 1144/1144/1144 1145/1145/1145 1146/1146/1146
v -0.0169645 0.1654440 0.1821014
vt 0.706881378 0.302755451
vn 0.91861854 0.35505785 0.17341830
v -0.0136455 0.1667585 0.1618290
vt 0.673708469 0.300433985
vn 0.91861854 0.35505785 0.17341830
v -0.0219597 0.1881602 0.1620523
vt 0.674073958 0.262637691
vn 0.91861854 0.35505785 0.17341830
f 1147/1147/1147 1148/1148/1148 1149/1149/1149
v -0.0169645 0.1654440 0.1821014
vt 0.706881378 0.302755451
vn 0.91862129 0.35505349 0.17341267
v -0.0219597 0.1881602 0.1620523
vt 0.674073958 0.262637691
vn 0.91862129 0.35505349 0.17341267
v -0.0252165 0.1868703 0.1819455
vt 0.706626274 0.264915605
vn 0.91862129 0.35505349 0.17341267
f 1150/1150/1150 1151/1151/1151 1152/1152/1152
v -0.0261604 0.1444898 0.1802133
vt 0.703791727 0.339761450
vn 0.90481852 -0.40803605 0.12169646
v -0.0225288 0.1459282 0.1580347
vt 0.667499735 0.337221120
vn 0.90481852 -0.40803605 0.12169646
v -0.0136455 0.1667585 0.1618290
vt 0.673708469 0.300433985
vn 0.90481852 -0.40803605 0.12169646
f 1153/1153/1153 1154/1154/1154 1155/1155/1155
v -0.0261604 0.1444898 0.1802133
vt 0.703791727 0.339761450
vn 0.90481492 -0.40804969 0.12167748
v -0.0136455 0.1667585 0.1618290
vt 0.673708469 0.300433985
vn 0.90481492 -0.40804969 0.12167748
v -0.0169645 0.1654440 0.1821014
vt 0.706881378 0.302755451
vn 0.90481492 -0.40804969 0.12167748
f 1156/1156/1156 1157/1157/1157 1158/1158/1158
v -0.0434059 0.1378715 0.1528922
vt 0.659084782 0.261069772
vn 0.36386149 -0.93128093 -0.01790652
v -0.0378026 0.1404774 0.1312215
vt 0.623623698 0.256972573
vn 0.36386149 -0.93128093 -0.01790652
v -0.0174673 0.1482830 0.1384849
vt 0.635509223 0.242103186
vn 0.36386149 -0.93128093 -0.01790652
f 1159/1159/1159 1160/1160/1160 1161/1161/1161
v -0.0434059 0.1378715 0.1528922
vt 0.659084782 0.261069772
vn 0.36382659 -0.93129319 -0.01797822
v -0.0174673 0.1482830 0.1384849
vt 0.635509223 0.242103186
vn 0.36382659 -0.93129319 -0.01797822
v -0.0225288 0.1459282 0.1580347
vt 0.667499735 0.245804201
vn 0.36382659 -0.93129319 -0.01797822
f 1162/1162/1162 1163/1163/1163 1164/1164/1164
v -0.0640472 0.1473078 0.1494139
vt 0.653392917 0.276162949
vn -0.37777366 -0.90267458 -0.20607197
v -0.0581236 0.1500623 0.1264890
vt 0.615879644 0.271831526
vn -0.37777366 -0.90267458 -0.20607197
v -0.0378026 0.1404774 0.1312215
vt 0.623623698 0.256972573
vn -0.37777366 -0.90267458 -0.20607197
f 1165/1165/1165 1166/1166/1166 1167/1167/1167
v -0.0640472 0.1473078 0.1494139
vt 0.653392917 0.276162949
vn -0.37787121 -0.90259477 -0.20624266
v -0.0378026 0.1404774 0.1312215
vt 0.623623698 0.256972573
vn -0.37787121 -0.90259477 -0.20624266
v -0.0434059 0.1378715 0.1528922
vt 0.659084782 0.261069772
vn -0.37787121 -0.90259477 -0.20624266
f 1168/1168/1168 1169/1169/1169 1170/1170/1170
v -0.0723614 0.1687095 0.1496372
vt 0.653758407 0.296988452
vn -0.89756411 -0.34578231 -0.27352012
v -0.0665265 0.1714228 0.1270596
vt 0.616813418 0.292196585
vn -0.89756411 -0.34578231 -0.27352012
v -0.0581236 0.1500623 0.1264890
vt 0.615879644 0.329920227
vn -0.89756411 -0.34578231 -0.27352012
f 1171/1171/1171 1172/1172/1172 1173/1173/1173
v -0.0723614 0.1687095 0.1496372
vt 0.653758407 0.296988452
vn -0.89755809 -0.34583350 -0.27347518
v -0.0581236 0.1500623 0.1264890
vt 0.615879644 0.329920227
vn -0.89755809 -0.34583350 -0.27347518
v -0.0640472 0.1473078 0.1494139
vt 0.653392917 0.334784745
vn -0.89755809 -0.34583350 -0.27347518
f 1174/1174/1174 1175/1175/1175 1176/1176/1176
v -0.0634781 0.1895397 0.1534314
vt 0.659967105 0.260201316
vn -0.89224876 0.41366198 -0.18104118
v -0.0580890 0.1920464 0.1325991
vt 0.625878002 0.255774461
vn -0.89224876 0.41366198 -0.18104118
v -0.0665265 0.1714228 0.1270596
vt 0.616813418 0.292196585
vn -0.89224876 0.41366198 -0.18104118
f 1177/1177/1177 1178/1178/1178 1179/1179/1179
v -0.0634781 0.1895397 0.1534314
vt 0.659967105 0.260201316
vn -0.89234598 0.41350450 -0.18092176
v -0.0665265 0.1714228 0.1270596
vt 0.616813418 0.292196585
vn -0.89234598 0.41350450 -0.18092176
v -0.0723614 0.1687095 0.1496372
vt 0.653758407 0.296988452
vn -0.89234598 0.41350450 -0.18092176
f 1180/1180/1180 1181/1181/1181 1182/1182/1182
v -0.0426011 0.1975965 0.1585739
vt 0.668382093 0.260481296
vn -0.36388623 0.93126970 0.01798784
v -0.0377538 0.1998519 0.1398625
vt 0.637763527 0.256936895
vn -0.36388623 0.93126970 0.01798784
v -0.0580890 0.1920464 0.1325991
vt 0.625878002 0.271806283
vn -0.36388623 0.93126970 0.01798784
f 1183/1183/1183 1184/1184/1184 1185/1185/1185
v -0.0426011 0.1975965 0.1585739
vt 0.668382093 0.260481296
vn -0.36381908 0.93129682 0.01794201
v -0.0580890 0.1920464 0.1325991
vt 0.625878002 0.271806283
vn -0.36381908 0.93129682 0.01794201
v -0.0634781 0.1895397 0.1534314
vt 0.659967105 0.275746835
vn -0.36381908 0.93129682 0.01794201
f 1186/1186/1186 1187/1187/1187 1188/1188/1188
v -0.0219597 0.1881602 0.1620523
vt 0.674073958 0.245388087
vn 0.37755422 0.90259041 0.20684138
v -0.0174327 0.1902671 0.1445950
vt 0.645507580 0.242077910
vn 0.37755422 0.90259041 0.20684138
v -0.0377538 0.1998519 0.1398625
vt 0.637763527 0.256936895
vn 0.37755422 0.90259041 0.20684138
f 1189/1189/1189 1190/1190/1190 1191/1191/1191
v -0.0219597 0.1881602 0.1620523
vt 0.674073958 0.245388087
vn 0.37777575 0.90253993 0.20665710
v -0.0377538 0.1998519 0.1398625
vt 0.637763527 0.256936895
vn 0.37777575 0.90253993 0.20665710
v -0.0426011 0.1975965 0.1585739
vt 0.668382093 0.260481296
vn 0.37777575 0.90253993 0.20665710
f 1192/1192/1192 1193/1193/1193 1194/1194/1194
v -0.0136455 0.1667585 0.1618290
vt 0.673708469 0.300433985
vn 0.89735534 0.34567686 0.27433722
v -0.0090298 0.1689066 0.1440244
vt 0.644573807 0.296640389
vn 0.89735534 0.34567686 0.27433722
v -0.0174327 0.1902671 0.1445950
vt 0.645507580 0.258916715
vn 0.89735534 0.34567686 0.27433722
f 1195/1195/1195 1196/1196/1196 1197/1197/1197
v -0.0136455 0.1667585 0.1618290
vt 0.673708469 0.300433985
vn 0.89731241 0.34572676 0.27441472
v -0.0174327 0.1902671 0.1445950
vt 0.645507580 0.258916715
vn 0.89731241 0.34572676 0.27441472
v -0.0219597 0.1881602 0.1620523
vt 0.674073958 0.262637691
vn 0.89731241 0.34572676 0.27441472
f 1198/1198/1198 1199/1199/1199 1200/1200/1200
v -0.0225288 0.1459282 0.1580347
vt 0.667499735 0.337221120
vn 0.89221353 -0.41368213 0.18116875
v -0.0174673 0.1482830 0.1384849
vt 0.635509223 0.333062481
vn 0.89221353 -0.41368213 0.18116875
v -0.0090298 0.1689066 0.1440244
vt 0.644573807 0.296640389
vn 0.89221353 -0.41368213 0.18116875
f 1201/1201/1201 1202/1202/1202 1203/1203/1203
v -0.0225288 0.1459282 0.1580347
vt 0.667499735 0.337221120
vn 0.89222860 -0.41354382 0.18141012
v -0.0090298 0.1689066 0.1440244
vt 0.644573807 0.296640389
vn 0.89222860 -0.41354382 0.18141012
v -0.0136455 0.1667585 0.1618290
vt 0.673708469 0.300433985
vn 0.89222860 -0.41354382 0.18141012
f 1204/1204/1204 1205/1205/1205 1206/1206/1206
v -0.0378026 0.1404774 0.1312215
vt 0.623623698 0.256972573
vn 0.36809100 -0.92925048 -0.03166329
v -0.0310383 0.1438251 0.1116101
vt 0.591532505 0.252026426
vn 0.36809100 -0.92925048 -0.03166329
v -0.0112410 0.1513654 0.1204658
vt 0.606023608 0.237550469
vn 0.36809100 -0.92925048 -0.03166329
f 1207/1207/1207 1208/1208/1208 1209/1209/1209
v -0.0378026 0.1404774 0.1312215
vt 0.623623698 0.256972573
vn 0.36804581 -0.92926410 -0.03178867
v -0.0112410 0.1513654 0.1204658
vt 0.606023608 0.237550469
vn 0.36804581 -0.92926410 -0.03178867
v -0.0174673 0.1482830 0.1384849
vt 0.635509223 0.242103186
vn 0.36804581 -0.92926410 -0.03178867
f 1210/1210/1210 1211/1211/1211 1212/1212/1212
v -0.0581236 0.1500623 0.1264890
vt 0.615879644 0.271831526
vn -0.35673772 -0.89276241 -0.27516083
v -0.0510410 0.1535669 0.1059360
vt 0.582247689 0.266652678
vn -0.35673772 -0.89276241 -0.27516083
v -0.0310383 0.1438251 0.1116101
vt 0.591532505 0.252026426
vn -0.35673772 -0.89276241 -0.27516083
f 1213/1213/1213 1214/1214/1214 1215/1215/1215
v -0.0581236 0.1500623 0.1264890
vt 0.615879644 0.271831526
vn -0.35686963 -0.89261681 -0.27546199
v -0.0310383 0.1438251 0.1116101
vt 0.591532505 0.252026426
vn -0.35686963 -0.89261681 -0.27546199
v -0.0378026 0.1404774 0.1312215
vt 0.623623698 0.256972573
vn -0.35686963 -0.89261681 -0.27546199
f 1216/1216/1216 1217/1217/1217 1218/1218/1218
v -0.0665265 0.1714228 0.1270596
vt 0.838576730 0.693616219
vn -0.87230816 -0.33351367 -0.35755713
v -0.0595321 0.1748840 0.1067674
vt 0.841953566 0.753722102
vn -0.87230816 -0.33351367 -0.35755713
v -0.0510410 0.1535669 0.1059360
vt 0.821155625 0.756184595
vn -0.87230816 -0.33351367 -0.35755713
f 1219/1219/1219 1220/1220/1220 1221/1221/1221
v -0.0665265 0.1714228 0.1270596
vt 0.838576730 0.693616219
vn -0.87230569 -0.33360305 -0.35747977
v -0.0510410 0.1535669 0.1059360
vt 0.821155625 0.756184595
vn -0.87230569 -0.33360305 -0.35747977
v -0.0581236 0.1500623 0.1264890
vt 0.817736360 0.695306467
vn -0.87230569 -0.33360305 -0.35747977
f 1222/1222/1222 1223/1223/1223 1224/1224/1224
v -0.0580890 0.1920464 0.1325991
vt 0.625878002 0.255774461
vn -0.87714101 0.42113546 -0.23079985
v -0.0515374 0.1952892 0.1136172
vt 0.594816752 0.250047514
vn -0.87714101 0.42113546 -0.23079985
v -0.0595321 0.1748840 0.1067674
vt 0.583608069 0.286084018
vn -0.87714101 0.42113546 -0.23079985
f 1225/1225/1225 1226/1226/1226 1227/1227/1227
v -0.0580890 0.1920464 0.1325991
vt 0.625878002 0.255774461
vn -0.87731833 0.42086858 -0.23061264
v -0.0595321 0.1748840 0.1067674
vt 0.583608069 0.286084018
vn -0.87731833 0.42086858 -0.23061264
v -0.0665265 0.1714228 0.1270596
vt 0.616813418 0.292196585
vn -0.87731833 0.42086858 -0.23061264
f 1228/1228/1228 1229/1229/1229 1230/1230/1230
v -0.0377538 0.1998519 0.1398625
vt 0.637763527 0.256936895
vn -0.36814230 0.92922557 0.03179759
v -0.0317402 0.2028295 0.1224729
vt 0.609307856 0.252539723
vn -0.36814230 0.92922557 0.03179759
v -0.0515374 0.1952892 0.1136172
vt 0.594816752 0.267015648
vn -0.36814230 0.92922557 0.03179759
f 1231/1231/1231 1232/1232/1232 1233/1233/1233
v -0.0377538 0.1998519 0.1398625
vt 0.637763527 0.256936895
vn -0.36802809 0.92927314 0.03172934
v -0.0515374 0.1952892 0.1136172
vt 0.594816752 0.267015648
vn -0.36802809 0.92927314 0.03172934
v -0.0580890 0.1920464 0.1325991
vt 0.625878002 0.271806283
vn -0.36802809 0.92927314 0.03172934
f 1234/1234/1234 1235/1235/1235 1236/1236/1236
v -0.0174327 0.1902671 0.1445950
vt 0.645507580 0.242077910
vn 0.35627719 0.89255522 0.27642674
v -0.0117374 0.1930877 0.1281469
vt 0.618592671 0.237913406
vn 0.35627719 0.89255522 0.27642674
v -0.0317402 0.2028295 0.1224729
vt 0.609307856 0.252539723
vn 0.35627719 0.89255522 0.27642674
f 1237/1237/1237 1238/1238/1238 1239/1239/1239
v -0.0174327 0.1902671 0.1445950
vt 0.645507580 0.242077910
vn 0.35665011 0.89249205 0.27614968
v -0.0317402 0.2028295 0.1224729
vt 0.609307856 0.252539723
vn 0.35665011 0.89249205 0.27614968
v -0.0377538 0.1998519 0.1398625
vt 0.637763527 0.256936895
vn 0.35665011 0.89249205 0.27614968
f 1240/1240/1240 1241/1241/1241 1242/1242/1242
v -0.0090298 0.1689066 0.1440244
vt 0.836121743 0.643366368
vn 0.87184678 0.33327625 0.35890129
v -0.0032464 0.1717706 0.1273156
vt 0.838916082 0.692858005
vn 0.87184678 0.33327625 0.35890129
v -0.0117374 0.1930877 0.1281469
vt 0.859714023 0.690395512
vn 0.87184678 0.33327625 0.35890129
f 1243/1243/1243 1244/1244/1244 1245/1245/1245
v -0.0090298 0.1689066 0.1440244
vt 0.836121743 0.643366368
vn 0.87176802 0.33334880 0.35902521
v -0.0117374 0.1930877 0.1281469
vt 0.859714023 0.690395512
vn 0.87176802 0.33334880 0.35902521
v -0.0174327 0.1902671 0.1445950
vt 0.856962077 0.641676152
vn 0.87176802 0.33334880 0.35902521
f 1246/1246/1246 1247/1247/1247 1248/1248/1248
v -0.0174673 0.1482830 0.1384849
vt 0.635509223 0.333062481
vn 0.87706583 -0.42117651 0.23101056
v -0.0112410 0.1513654 0.1204658
vt 0.606023608 0.327618852
vn 0.87706583 -0.42117651 0.23101056
v -0.0032464 0.1717706 0.1273156
vt 0.617232291 0.291582315
vn 0.87706583 -0.42117651 0.23101056
f 1249/1249/1249 1250/1250/1250 1251/1251/1251
v -0.0174673 0.1482830 0.1384849
vt 0.635509223 0.333062481
vn 0.87705473 -0.42097688 0.23141621
v -0.0032464 0.1717706 0.1273156
vt 0.617232291 0.291582315
vn 0.87705473 -0.42097688 0.23141621
v -0.0090298 0.1689066 0.1440244
vt 0.644573807 0.296640389
vn 0.87705473 -0.42097688 0.23141621
f 1252/1252/1252 1253/1253/1253 1254/1254/1254
v -0.0310383 0.1438251 0.1116101
vt 0.591532505 0.252026426
vn 0.37151481 -0.92753820 -0.04061570
v -0.0235671 0.1476232 0.0932134
vt 0.561428910 0.246563451
vn 0.37151481 -0.92753820 -0.04061570
v -0.0041049 0.1549938 0.1029141
vt 0.577302736 0.232332444
vn 0.37151481 -0.92753820 -0.04061570
f 1255/1255/1255 1256/1256/1256 1257/1257/1257
v -0.0310383 0.1438251 0.1116101
vt 0.591532505 0.252026426
vn 0.37148762 -0.92754501 -0.04070867
v -0.0041049 0.1549938 0.1029141
vt 0.577302736 0.232332444
vn 0.37148762 -0.92754501 -0.04070867
v -0.0112410 0.1513654 0.1204658
vt 0.606023608 0.237550469
vn 0.37148762 -0.92754501 -0.04070867
f 1258/1258/1258 1259/1259/1259 1260/1260/1260
v -0.0510410 0.1535669 0.1059360
vt 0.582247689 0.266652678
vn -0.33963585 -0.88434441 -0.32028495
v -0.0433719 0.1574652 0.0870396
vt 0.551326434 0.261044885
vn -0.33963585 -0.88434441 -0.32028495
v -0.0235671 0.1476232 0.0932134
vt 0.561428910 0.246563451
vn -0.33963585 -0.88434441 -0.32028495
f 1261/1261/1261 1262/1262/1262 1263/1263/1263
v -0.0510410 0.1535669 0.1059360
vt 0.582247689 0.266652678
vn -0.33971724 -0.88423013 -0.32051409
v -0.0235671 0.1476232 0.0932134
vt 0.561428910 0.246563451
vn -0.33971724 -0.88423013 -0.32051409
v -0.0310383 0.1438251 0.1116101
vt 0.591532505 0.252026426
vn -0.33971724 -0.88423013 -0.32051409
f 1264/1264/1264 1265/1265/1265 1266/1266/1266
v -0.0595321 0.1748840 0.1067674
vt 0.841953566 0.753722102
vn -0.85176056 -0.32312485 -0.41242488
v -0.0519177 0.1787545 0.0880093
vt 0.845729907 0.809283629
vn -0.85176056 -0.32312485 -0.41242488
v -0.0433719 0.1574652 0.0870396
vt 0.824959033 0.812155917
vn -0.85176056 -0.32312485 -0.41242488
f 1267/1267/1267 1268/1268/1268 1269/1269/1269
v -0.0595321 0.1748840 0.1067674
vt 0.841953566 0.753722102
vn -0.85176289 -0.32319253 -0.41236703
v -0.0433719 0.1574652 0.0870396
vt 0.824959033 0.812155917
vn -0.85176289 -0.32319253 -0.41236703
v -0.0510410 0.1535669 0.1059360
vt 0.821155625 0.756184595
vn -0.85176289 -0.32319253 -0.41236703
f 1270/1270/1270 1271/1271/1271 1272/1272/1272
v -0.0515374 0.1952892 0.1136172
vt 0.594816752 0.250047514
vn -0.86492055 0.42740717 -0.26312649
v -0.0441987 0.1990202 0.0955545
vt 0.565259744 0.243458430
vn -0.86492055 0.42740717 -0.26312649
v -0.0519177 0.1787545 0.0880093
vt 0.552913240 0.279248429
vn -0.86492055 0.42740717 -0.26312649
f 1273/1273/1273 1274/1274/1274 1275/1275/1275
v -0.0515374 0.1952892 0.1136172
vt 0.594816752 0.250047514
vn -0.86505771 0.42720939 -0.26299675
v -0.0519177 0.1787545 0.0880093
vt 0.552913240 0.279248429
vn -0.86505771 0.42720939 -0.26299675
v -0.0595321 0.1748840 0.1067674
vt 0.583608069 0.286084018
vn -0.86505771 0.42720939 -0.26299675
f 1276/1276/1276 1277/1277/1277 1278/1278/1278
v -0.0317402 0.2028295 0.1224729
vt 0.609307856 0.252539723
vn -0.37155387 0.92751846 0.04070905
v -0.0247365 0.2063908 0.1052552
vt 0.581133570 0.247418491
vn -0.37155387 0.92751846 0.04070905
v -0.0441987 0.1990202 0.0955545
vt 0.565259744 0.261649499
vn -0.37155387 0.92751846 0.04070905
f 1279/1279/1279 1280/1280/1280 1281/1281/1281
v -0.0317402 0.2028295 0.1224729
vt 0.609307856 0.252539723
vn -0.37147249 0.92755292 0.04066651
v -0.0441987 0.1990202 0.0955545
vt 0.565259744 0.261649499
vn -0.37147249 0.92755292 0.04066651
v -0.0515374 0.1952892 0.1136172
vt 0.594816752 0.267015648
vn -0.37147249 0.92755292 0.04066651
f 1282/1282/1282 1283/1283/1283 1284/1284/1284
v -0.0117374 0.1930877 0.1281469
vt 0.618592671 0.237913406
vn 0.33927610 0.88416670 0.32115568
v -0.0049317 0.1965487 0.1114289
vt 0.591236046 0.232937057
vn 0.33927610 0.88416670 0.32115568
v -0.0247365 0.2063908 0.1052552
vt 0.581133570 0.247418491
vn 0.33927610 0.88416670 0.32115568
f 1285/1285/1285 1286/1286/1286 1287/1287/1287
v -0.0117374 0.1930877 0.1281469
vt 0.618592671 0.237913406
vn 0.33953310 0.88412900 0.32098783
v -0.0247365 0.2063908 0.1052552
vt 0.581133570 0.247418491
vn 0.33953310 0.88412900 0.32098783
v -0.0317402 0.2028295 0.1224729
vt 0.609307856 0.252539723
vn 0.33953310 0.88412900 0.32098783
f 1288/1288/1288 1289/1289/1289 1290/1290/1290
v -0.0032464 0.1717706 0.1273156
vt 0.838916082 0.692858005
vn 0.85138528 0.32293185 0.41334988
v 0.0036141 0.1752594 0.1104592
vt 0.842319879 0.742786787
vn 0.85138528 0.32293185 0.41334988
v -0.0049317 0.1965487 0.1114289
vt 0.863090717 0.739914499
vn 0.85138528 0.32293185 0.41334988
f 1291/1291/1291 1292/1292/1292 1293/1293/1293
v -0.0032464 0.1717706 0.1273156
vt 0.838916082 0.692858005
vn 0.85133034 0.32297770 0.41342721
v -0.0049317 0.1965487 0.1114289
vt 0.863090717 0.739914499
vn 0.85133034 0.32297770 0.41342721
v -0.0117374 0.1930877 0.1281469
vt 0.859714023 0.690395512
vn 0.85133034 0.32297770 0.41342721
f 1294/1294/1294 1295/1295/1295 1296/1296/1296
v -0.0112410 0.1513654 0.1204658
vt 0.606023608 0.327618852
vn 0.86486111 -0.42743858 0.26327082
v -0.0041049 0.1549938 0.1029141
vt 0.577302736 0.321210977
vn 0.86486111 -0.42743858 0.26327082
v 0.0036141 0.1752594 0.1104592
vt 0.589649240 0.285421011
vn 0.86486111 -0.42743858 0.26327082
f 1297/1297/1297 1298/1298/1298 1299/1299/1299
v -0.0112410 0.1513654 0.1204658
vt 0.606023608 0.327618852
vn 0.86484036 -0.42730930 0.26354870
v 0.0036141 0.1752594 0.1104592
vt 0.589649240 0.285421011
vn 0.86484036 -0.42730930 0.26354870
v -0.0032464 0.1717706 0.1273156
vt 0.617232291 0.291582315
vn 0.86484036 -0.42730930 0.26354870
f 1300/1300/1300 1301/1301/1301 1302/1302/1302
v -0.0235671 0.1476232 0.0932134
vt 0.561428910 0.246563451
vn 0.37284830 -0.92685796 -0.04380026
v -0.0157817 0.1516126 0.0750673
vt 0.531735416 0.240870659
vn 0.37284830 -0.92685796 -0.04380026
v 0.0036595 0.1589724 0.0848181
vt 0.547691234 0.226654979
vn 0.37284830 -0.92685796 -0.04380026
f 1303/1303/1303 1304/1304/1304 1305/1305/1305
v -0.0235671 0.1476232 0.0932134
vt 0.561428910 0.246563451
vn 0.37284697 -0.92685827 -0.04380498
v 0.0036595 0.1589724 0.0848181
vt 0.547691234 0.226654979
vn 0.37284697 -0.92685827 -0.04380498
v -0.0041049 0.1549938 0.1029141
vt 0.577302736 0.232332444
vn 0.37284697 -0.92685827 -0.04380498
f 1306/1306/1306 1307/1307/1307 1308/1308/1308
v -0.0433719 0.1574652 0.0870396
vt 0.855786374 0.812155917
vn -0.33286849 -0.88090305 -0.33646454
v -0.0355740 0.1614609 0.0688639
vt 0.858936356 0.865992717
vn -0.33286849 -0.88090305 -0.33646454
v -0.0157817 0.1516126 0.0750673
vt 0.866931612 0.847618171
vn -0.33286849 -0.88090305 -0.33646454
f 1309/1309/1309 1310/1310/1310 1311/1311/1311
v -0.0433719 0.1574652 0.0870396
vt 0.855786374 0.812155917
vn -0.33287344 -0.88089540 -0.33647968
v -0.0157817 0.1516126 0.0750673
vt 0.866931612 0.847618171
vn -0.33287344 -0.88089540 -0.33647968
v -0.0235671 0.1476232 0.0932134
vt 0.863786607 0.793869189
vn -0.33287344 -0.88089540 -0.33647968
f 1312/1312/1312 1313/1313/1313 1314/1314/1314
v -0.0519177 0.1787545 0.0880093
vt 0.845729907 0.809283629
vn -0.84357648 -0.31894199 -0.43203556
v -0.0441233 0.1827485 0.0698418
vt 0.849626585 0.863096126
vn -0.84357648 -0.31894199 -0.43203556
v -0.0355740 0.1614609 0.0688639
vt 0.828857466 0.865992717
vn -0.84357648 -0.31894199 -0.43203556
f 1315/1315/1315 1316/1316/1316 1317/1317/1317
v -0.0519177 0.1787545 0.0880093
vt 0.845729907 0.809283629
vn -0.84357676 -0.31894668 -0.43203156
v -0.0355740 0.1614609 0.0688639
vt 0.828857466 0.865992717
vn -0.84357676 -0.31894668 -0.43203156
v -0.0433719 0.1574652 0.0870396
vt 0.824959033 0.812155917
vn -0.84357676 -0.31894668 -0.43203156
f 1318/1318/1318 1319/1319/1319 1320/1320/1320
v -0.0441987 0.1990202 0.0955545
vt 0.565259744 0.243458430
vn -0.86014725 0.42985205 -0.27454311
v -0.0364216 0.2030053 0.0774282
vt 0.535598653 0.236420504
vn -0.86014725 0.42985205 -0.27454311
v -0.0441233 0.1827485 0.0698418
vt 0.523184658 0.272194884
vn -0.86014725 0.42985205 -0.27454311
f 1321/1321/1321 1322/1322/1322 1323/1323/1323
v -0.0441987 0.1990202 0.0955545
vt 0.565259744 0.243458430
vn -0.86015571 0.42983999 -0.27453550
v -0.0441233 0.1827485 0.0698418
vt 0.523184658 0.272194884
vn -0.86015571 0.42983999 -0.27453550
v -0.0519177 0.1787545 0.0880093
vt 0.552913240 0.279248429
vn -0.86015571 0.42983999 -0.27453550
f 1324/1324/1324 1325/1325/1325 1326/1326/1326
v -0.0247365 0.2063908 0.1052552
vt 0.581133570 0.247418491
vn -0.37285167 0.92685635 0.04380564
v -0.0169804 0.2103652 0.0871790
vt 0.551554470 0.241747119
vn -0.37285167 0.92685635 0.04380564
v -0.0364216 0.2030053 0.0774282
vt 0.535598653 0.255962767
vn -0.37285167 0.92685635 0.04380564
f 1327/1327/1327 1328/1328/1328 1329/1329/1329
v -0.0247365 0.2063908 0.1052552
vt 0.581133570 0.247418491
vn -0.37284617 0.92685869 0.04380304
v -0.0364216 0.2030053 0.0774282
vt 0.535598653 0.255962767
vn -0.37284617 0.92685869 0.04380304
v -0.0441987 0.1990202 0.0955545
vt 0.565259744 0.261649499
vn -0.37284617 0.92685869 0.04380304
f 1330/1330/1330 1331/1331/1331 1332/1332/1332
v -0.0049317 0.1965487 0.1114289
vt 0.871314511 0.739914499
vn 0.33284703 0.88089191 0.33651493
v 0.0028120 0.2005168 0.0933824
vt 0.874442616 0.793368595
vn 0.33284703 0.88089191 0.33651493
v -0.0169804 0.2103652 0.0871790
vt 0.866447396 0.811743141
vn 0.33284703 0.88089191 0.33651493
f 1333/1333/1333 1334/1334/1334 1335/1335/1335
v -0.0049317 0.1965487 0.1114289
vt 0.871314511 0.739914499
vn 0.33286233 0.88088955 0.33650598
v -0.0169804 0.2103652 0.0871790
vt 0.866447396 0.811743141
vn 0.33286233 0.88088955 0.33650598
v -0.0247365 0.2063908 0.1052552
vt 0.863314278 0.758201260
vn 0.33286233 0.88088955 0.33650598
f 1336/1336/1336 1337/1337/1337 1338/1338/1338
v 0.0036141 0.1752594 0.1104592
vt 0.842319879 0.742786787
vn 0.84355328 0.31893103 0.43208896
v 0.0113613 0.1792292 0.0924045
vt 0.846193034 0.796265187
vn 0.84355328 0.31893103 0.43208896
v 0.0028120 0.2005168 0.0933824
vt 0.866962189 0.793368595
vn 0.84355328 0.31893103 0.43208896
f 1339/1339/1339 1340/1340/1340 1341/1341/1341
v 0.0036141 0.1752594 0.1104592
vt 0.842319879 0.742786787
vn 0.84355071 0.31893323 0.43209234
v 0.0028120 0.2005168 0.0933824
vt 0.866962189 0.793368595
vn 0.84355071 0.31893323 0.43209234
v -0.0049317 0.1965487 0.1114289
vt 0.863090717 0.739914499
vn 0.84355071 0.31893323 0.43209234
f 1342/1342/1342 1343/1343/1343 1344/1344/1344
v -0.0041049 0.1549938 0.1029141
vt 0.577302736 0.321210977
vn 0.86014311 -0.42985412 0.27455286
v 0.0036595 0.1589724 0.0848181
vt 0.547691234 0.314184490
vn 0.86014311 -0.42985412 0.27455286
v 0.0113613 0.1792292 0.0924045
vt 0.560105229 0.278410110
vn 0.86014311 -0.42985412 0.27455286
f 1345/1345/1345 1346/1346/1346 1347/1347/1347
v -0.0041049 0.1549938 0.1029141
vt 0.577302736 0.321210977
vn 0.86014196 -0.42984701 0.27456758
v 0.0113613 0.1792292 0.0924045
vt 0.560105229 0.278410110
vn 0.86014196 -0.42984701 0.27456758
v 0.0036141 0.1752594 0.1104592
vt 0.589649240 0.285421011
vn 0.86014196 -0.42984701 0.27456758
f 1348/1348/1348 1349/1349/1349 1350/1350/1350
v -0.0157817 0.1516126 0.0750673
vt 0.531735416 0.240870659
vn 0.37180757 -0.92738527 -0.04142086
v -0.0079771 0.1555882 0.0561116
vt 0.500717131 0.235163804
vn 0.37180757 -0.92738527 -0.04142086
v 0.0117284 0.1630823 0.0652079
vt 0.515601902 0.220754957
vn 0.37180757 -0.92738527 -0.04142086
f 1351/1351/1351 1352/1352/1352 1353/1353/1353
v -0.0157817 0.1516126 0.0750673
vt 0.531735416 0.240870659
vn 0.37182527 -0.92738062 -0.04136605
v 0.0117284 0.1630823 0.0652079
vt 0.515601902 0.220754957
vn 0.37182527 -0.92738062 -0.04136605
v 0.0036595 0.1589724 0.0848181
vt 0.547691234 0.226654979
vn 0.37182527 -0.92738062 -0.04136605
f 1354/1354/1354 1355/1355/1355 1356/1356/1356
v -0.0355740 0.1614609 0.0688639
vt 0.521584461 0.255343020
vn -0.33797877 -0.88341183 -0.32458266
v -0.0279256 0.1653572 0.0502952
vt 0.491199552 0.249750392
vn -0.33797877 -0.88341183 -0.32458266
v -0.0079771 0.1555882 0.0561116
vt 0.500717131 0.235163804
vn -0.33797877 -0.88341183 -0.32458266
f 1357/1357/1357 1358/1358/1358 1359/1359/1359
v -0.0355740 0.1614609 0.0688639
vt 0.521584461 0.255343020
vn -0.33792549 -0.88348732 -0.32443260
v -0.0079771 0.1555882 0.0561116
vt 0.500717131 0.235163804
vn -0.33792549 -0.88348732 -0.32443260
v -0.0157817 0.1516126 0.0750673
vt 0.531735416 0.240870659
vn -0.33792549 -0.88348732 -0.32443260
f 1360/1360/1360 1361/1361/1361 1362/1362/1362
v -0.0441233 0.1827485 0.0698418
vt 0.849626585 0.863096126
vn -0.84966667 -0.32209847 -0.41751541
v -0.0364316 0.1866668 0.0511660
vt 0.853449470 0.918414129
vn -0.84966667 -0.32209847 -0.41751541
v -0.0279256 0.1653572 0.0502952
vt 0.832658869 0.920993248
vn -0.84966667 -0.32209847 -0.41751541
f 1363/1363/1363 1364/1364/1364 1365/1365/1365
v -0.0441233 0.1827485 0.0698418
vt 0.849626585 0.863096126
vn -0.84966477 -0.32205232 -0.41755489
v -0.0279256 0.1653572 0.0502952
vt 0.832658869 0.920993248
vn -0.84966477 -0.32205232 -0.41755489
v -0.0355740 0.1614609 0.0688639
vt 0.828857466 0.865992717
vn -0.84966477 -0.32205232 -0.41755489
f 1366/1366/1366 1367/1367/1367 1368/1368/1368
v -0.0364216 0.2030053 0.0774282
vt 0.535598653 0.236420504
vn -0.86384895 0.42787913 -0.26586544
v -0.0285125 0.2070340 0.0582137
vt 0.504156948 0.229305616
vn -0.86384895 0.42787913 -0.26586544
v -0.0364316 0.1866668 0.0511660
vt 0.492624345 0.265275042
vn -0.86384895 0.42787913 -0.26586544
f 1369/1369/1369 1370/1370/1370 1371/1371/1371
v -0.0364216 0.2030053 0.0774282
vt 0.535598653 0.236420504
vn -0.86376179 0.42800602 -0.26594441
v -0.0364316 0.1866668 0.0511660
vt 0.492624345 0.265275042
vn -0.86376179 0.42800602 -0.26594441
v -0.0441233 0.1827485 0.0698418
vt 0.523184658 0.272194884
vn -0.86376179 0.42800602 -0.26594441
f 1372/1372/1372 1373/1373/1373 1374/1374/1374
v -0.0169804 0.2103652 0.0871790
vt 0.551554470 0.241747119
vn -0.37178708 0.92739593 0.04136619
v -0.0088070 0.2145281 0.0673100
vt 0.519041719 0.235770686
vn -0.37178708 0.92739593 0.04136619
v -0.0285125 0.2070340 0.0582137
vt 0.504156948 0.250179532
vn -0.37178708 0.92739593 0.04136619
f 1375/1375/1375 1376/1376/1376 1377/1377/1377
v -0.0169804 0.2103652 0.0871790
vt 0.551554470 0.241747119
vn -0.37183555 0.92737553 0.04138783
v -0.0285125 0.2070340 0.0582137
vt 0.504156948 0.250179532
vn -0.37183555 0.92737553 0.04138783
v -0.0364216 0.2030053 0.0774282
vt 0.535598653 0.255962767
vn -0.37183555 0.92737553 0.04138783
f 1378/1378/1378 1379/1379/1379 1380/1380/1380
v 0.0028120 0.2005168 0.0933824
vt 0.561705461 0.227274758
vn 0.33817194 0.88351643 0.32409636
v 0.0111415 0.2047591 0.0731263
vt 0.528559297 0.221184065
vn 0.33817194 0.88351643 0.32409636
v -0.0088070 0.2145281 0.0673100
vt 0.519041719 0.235770686
vn 0.33817194 0.88351643 0.32409636
f 1381/1381/1381 1382/1382/1382 1383/1383/1383
v 0.0028120 0.2005168 0.0933824
vt 0.561705461 0.227274758
vn 0.33803431 0.88354163 0.32417123
v -0.0088070 0.2145281 0.0673100
vt 0.519041719 0.235770686
vn 0.33803431 0.88354163 0.32417123
v -0.0169804 0.2103652 0.0871790
vt 0.551554470 0.241747119
vn 0.33803431 0.88354163 0.32417123
f 1384/1384/1384 1385/1385/1385 1386/1386/1386
v 0.0113613 0.1792292 0.0924045
vt 0.846193034 0.796265187
vn 0.84988002 0.32220244 0.41700064
v 0.0196475 0.1834495 0.0722556
vt 0.850310516 0.855946434
vn 0.84988002 0.32220244 0.41700064
v 0.0111415 0.2047591 0.0731263
vt 0.871101118 0.853367315
vn 0.84988002 0.32220244 0.41700064
f 1387/1387/1387 1388/1388/1388 1389/1389/1389
v 0.0113613 0.1792292 0.0924045
vt 0.846193034 0.796265187
vn 0.84990622 0.32217712 0.41696681
v 0.0111415 0.2047591 0.0731263
vt 0.871101118 0.853367315
vn 0.84990622 0.32217712 0.41696681
v 0.0028120 0.2005168 0.0933824
vt 0.866962189 0.793368595
vn 0.84990622 0.32217712 0.41696681
f 1390/1390/1390 1391/1391/1391 1392/1392/1392
v 0.0036595 0.1589724 0.0848181
vt 0.547691234 0.314184490
vn 0.86388229 -0.42786234 0.26578413
v 0.0117284 0.1630823 0.0652079
vt 0.515601902 0.306926307
vn 0.86388229 -0.42786234 0.26578413
v 0.0196475 0.1834495 0.0722556
vt 0.527134505 0.270956881
vn 0.86388229 -0.42786234 0.26578413
f 1393/1393/1393 1394/1394/1394 1395/1395/1395
v 0.0036595 0.1589724 0.0848181
vt 0.547691234 0.314184490
vn 0.86388810 -0.42794006 0.26564007
v 0.0196475 0.1834495 0.0722556
vt 0.527134505 0.270956881
vn 0.86388810 -0.42794006 0.26564007
v 0.0113613 0.1792292 0.0924045
vt 0.560105229 0.278410110
vn 0.86388810 -0.42794006 0.26564007
f 1396/1396/1396 1397/1397/1397 1398/1398/1398
v -0.0079771 0.1555882 0.0561116
vt 0.500717131 0.235163804
vn 0.36909105 -0.92875346 -0.03447901
v -0.0003673 0.1593893 0.0351844
vt 0.466472781 0.229599433
vn 0.36909105 -0.92875346 -0.03447901
v 0.0197427 0.1670851 0.0431575
vt 0.479519615 0.214894793
vn 0.36909105 -0.92875346 -0.03447901
f 1399/1399/1399 1400/1400/1400 1401/1401/1401
v -0.0079771 0.1555882 0.0561116
vt 0.500717131 0.235163804
vn 0.36910557 -0.92874899 -0.03444395
v 0.0197427 0.1670851 0.0431575
vt 0.479519615 0.214894793
vn 0.36910557 -0.92874899 -0.03444395
v 0.0117284 0.1630823 0.0652079
vt 0.515601902 0.220754957
vn 0.36910557 -0.92874899 -0.03444395
f 1402/1402/1402 1403/1403/1403 1404/1404/1404
v -0.0279256 0.1653572 0.0502952
vt 0.491199552 0.249750392
vn -0.35160084 -0.89021489 -0.28964513
v -0.0205550 0.1690390 0.0300322
vt 0.458041967 0.244360944
vn -0.35160084 -0.89021489 -0.28964513
v -0.0003673 0.1593893 0.0351844
vt 0.466472781 0.229599433
vn -0.35160084 -0.89021489 -0.28964513
f 1405/1405/1405 1406/1406/1406 1407/1407/1407
v -0.0279256 0.1653572 0.0502952
vt 0.491199552 0.249750392
vn -0.35155399 -0.89026801 -0.28953872
v -0.0003673 0.1593893 0.0351844
vt 0.466472781 0.229599433
vn -0.35155399 -0.89026801 -0.28953872
v -0.0079771 0.1555882 0.0561116
vt 0.500717131 0.235163804
vn -0.35155399 -0.89026801 -0.28953872
f 1408/1408/1408 1409/1409/1409 1410/1410/1410
v -0.0364316 0.1866668 0.0511660
vt 0.853449470 0.918414129
vn -0.86611358 -0.33043181 -0.37504945
v -0.0289948 0.1903816 0.0307190
vt 0.857073822 0.978978252
vn -0.86611358 -0.33043181 -0.37504945
v -0.0205550 0.1690390 0.0300322
vt 0.836250996 0.981012642
vn -0.86611358 -0.33043181 -0.37504945
f 1411/1411/1411 1412/1412/1412 1413/1413/1413
v -0.0364316 0.1866668 0.0511660
vt 0.853449470 0.918414129
vn -0.86611410 -0.33039775 -0.37507825
v -0.0205550 0.1690390 0.0300322
vt 0.836250996 0.981012642
vn -0.86611410 -0.33039775 -0.37507825
v -0.0279256 0.1653572 0.0502952
vt 0.832658869 0.920993248
vn -0.86611410 -0.33039775 -0.37507825
f 1414/1414/1414 1415/1415/1415 1416/1416/1416
v -0.0285125 0.2070340 0.0582137
vt 0.504156948 0.229305616
vn -0.87359311 0.42290215 -0.24080876
v -0.0207427 0.2109149 0.0368425
vt 0.469186059 0.222451881
vn -0.87359311 0.42290215 -0.24080876
v -0.0289948 0.1903816 0.0307190
vt 0.459165861 0.258714507
vn -0.87359311 0.42290215 -0.24080876
f 1417/1417/1417 1418/1418/1418 1419/1419/1419
v -0.0285125 0.2070340 0.0582137
vt 0.504156948 0.229305616
vn -0.87353322 0.42299367 -0.24086524
v -0.0289948 0.1903816 0.0307190
vt 0.459165861 0.258714507
vn -0.87353322 0.42299367 -0.24086524
v -0.0364316 0.1866668 0.0511660
vt 0.492624345 0.265275042
vn -0.87353322 0.42299367 -0.24086524
f 1420/1420/1420 1421/1421/1421 1422/1422/1422
v -0.0088070 0.2145281 0.0673100
vt 0.519041719 0.235770686
vn -0.36907893 0.92875958 0.03444393
v -0.0006327 0.2186107 0.0448156
vt 0.482232929 0.229793539
vn -0.36907893 0.92875958 0.03444393
v -0.0207427 0.2109149 0.0368425
vt 0.469186059 0.244498212
vn -0.36907893 0.92875958 0.03444393
f 1423/1423/1423 1424/1424/1424 1425/1425/1425
v -0.0088070 0.2145281 0.0673100
vt 0.519041719 0.235770686
vn -0.36911181 0.92874598 0.03445842
v -0.0207427 0.2109149 0.0368425
vt 0.469186059 0.244498212
vn -0.36911181 0.92874598 0.03445842
v -0.0285125 0.2070340 0.0582137
vt 0.504156948 0.250179532
vn -0.36911181 0.92874598 0.03445842
f 1426/1426/1426 1427/1427/1427 1428/1428/1428
v 0.0111415 0.2047591 0.0731263
vt 0.528559297 0.221184065
vn 0.35171583 0.89027817 0.28931084
v 0.0195550 0.2089610 0.0499678
vt 0.490663707 0.215032028
vn 0.35171583 0.89027817 0.28931084
v -0.0006327 0.2186107 0.0448156
vt 0.482232929 0.229793539
vn 0.35171583 0.89027817 0.28931084
f 1429/1429/1429 1430/1430/1430 1431/1431/1431
v 0.0111415 0.2047591 0.0731263
vt 0.528559297 0.221184065
vn 0.35162145 0.89029933 0.28936045
v -0.0006327 0.2186107 0.0448156
vt 0.482232929 0.229793539
vn 0.35162145 0.89029933 0.28936045
v -0.0088070 0.2145281 0.0673100
vt 0.519041719 0.235770686
vn 0.35162145 0.89029933 0.28936045
f 1432/1432/1432 1433/1433/1433 1434/1434/1434
v 0.0196475 0.1834495 0.0722556
vt 0.850310516 0.855946434
vn 0.86624303 0.33049161 0.37469761
v 0.0279948 0.1876184 0.0492810
vt 0.854377837 0.923997521
vn 0.86624303 0.33049161 0.37469761
v 0.0195550 0.2089610 0.0499678
vt 0.875200662 0.921963131
vn 0.86624303 0.33049161 0.37469761
f 1435/1435/1435 1436/1436/1436 1437/1437/1437
v 0.0196475 0.1834495 0.0722556
vt 0.850310516 0.855946434
vn 0.86626132 0.33047079 0.37467370
v 0.0195550 0.2089610 0.0499678
vt 0.875200662 0.921963131
vn 0.86626132 0.33047079 0.37467370
v 0.0111415 0.2047591 0.0731263
vt 0.871101118 0.853367315
vn 0.86626132 0.33047079 0.37467370
f 1438/1438/1438 1439/1439/1439 1440/1440/1440
v 0.0117284 0.1630823 0.0652079
vt 0.515601902 0.306926307
vn 0.87361340 -0.42289329 0.24075070
v 0.0197427 0.1670851 0.0431575
vt 0.479519615 0.299857110
vn 0.87361340 -0.42289329 0.24075070
v 0.0279948 0.1876184 0.0492810
vt 0.489539813 0.263594548
vn 0.87361340 -0.42289329 0.24075070
f 1441/1441/1441 1442/1442/1442 1443/1443/1443
v 0.0117284 0.1630823 0.0652079
vt 0.515601902 0.306926307
vn 0.87361071 -0.42295088 0.24065924
v 0.0279948 0.1876184 0.0492810
vt 0.489539813 0.263594548
vn 0.87361071 -0.42295088 0.24065924
v 0.0196475 0.1834495 0.0722556
vt 0.527134505 0.270956881
vn 0.87361071 -0.42295088 0.24065924
f 1444/1444/1444 1445/1445/1445 1446/1446/1446
