mtllib pz_window_wooden_closed.mtl
o pz_window_wooden_closed
usemtl wood
v -0.30468750 0.45800000 0.88666432
vt 0.505882353 0.437838184
vn -0.00000000 -1.00000000 -0.00000000
v 0.30468750 0.45800000 0.88666432
vt 0.523529412 0.437838184
vn -0.00000000 -1.00000000 -0.00000000
v 0.27680085 0.45800000 0.90459509
vt 0.522721882 0.438137773
vn -0.00000000 -1.00000000 -0.00000000
f 1/1/1 2/2/2 3/3/3
v -0.30468750 0.45800000 0.88666432
vt 0.505882353 0.437838184
vn 0.00000000 -1.00000000 -0.00000000
v 0.27680085 0.45800000 0.90459509
vt 0.522721882 0.438137773
vn 0.00000000 -1.00000000 -0.00000000
v -0.27680085 0.45800000 0.90459509
vt 0.506689882 0.438137773
vn 0.00000000 -1.00000000 -0.00000000
f 4/4/4 5/5/5 6/6/6
v -0.30468750 0.52200000 0.88666432
vt 0.505882353 0.437838184
vn 0.00000000 1.00000000 0.00000000
v -0.27680085 0.52200000 0.90459509
vt 0.506689882 0.438137773
vn 0.00000000 1.00000000 0.00000000
v 0.27680085 0.52200000 0.90459509
vt 0.522721882 0.438137773
vn 0.00000000 1.00000000 0.00000000
f 7/7/7 8/8/8 9/9/9
v -0.30468750 0.52200000 0.88666432
vt 0.505882353 0.437838184
vn 0.00000000 1.00000000 0.00000000
v 0.27680085 0.52200000 0.90459509
vt 0.522721882 0.438137773
vn 0.00000000 1.00000000 0.00000000
v 0.30468750 0.52200000 0.88666432
vt 0.523529412 0.437838184
vn 0.00000000 1.00000000 0.00000000
f 10/10/10 11/11/11 12/12/12
v -0.30468750 0.45800000 0.88666432
vt 0.505882353 0.437838184
vn -0.00000000 -0.00000000 -1.00000000
v -0.30468750 0.52200000 0.88666432
vt 0.505882353 0.454054054
vn -0.00000000 -0.00000000 -1.00000000
v 0.30468750 0.52200000 0.88666432
vt 0.523529412 0.454054054
vn -0.00000000 -0.00000000 -1.00000000
f 13/13/13 14/14/14 15/15/15
v -0.30468750 0.45800000 0.88666432
vt 0.505882353 0.437838184
vn -0.00000000 0.00000000 -1.00000000
v 0.30468750 0.52200000 0.88666432
vt 0.523529412 0.454054054
vn -0.00000000 0.00000000 -1.00000000
v 0.30468750 0.45800000 0.88666432
vt 0.523529412 0.437838184
vn -0.00000000 0.00000000 -1.00000000
f 16/16/16 17/17/17 18/18/18
v -0.27680085 0.45800000 0.90459509
vt 0.506689882 0.437838184
vn 0.00000000 0.00000000 1.00000000
v 0.27680085 0.45800000 0.90459509
vt 0.522721882 0.437838184
vn 0.00000000 0.00000000 1.00000000
v 0.27680085 0.52200000 0.90459509
vt 0.522721882 0.454054054
vn 0.00000000 0.00000000 1.00000000
f 19/19/19 20/20/20 21/21/21
v -0.27680085 0.45800000 0.90459509
vt 0.506689882 0.437838184
vn -0.00000000 0.00000000 1.00000000
v 0.27680085 0.52200000 0.90459509
vt 0.522721882 0.454054054
vn -0.00000000 0.00000000 1.00000000
v -0.27680085 0.52200000 0.90459509
vt 0.506689882 0.454054054
vn -0.00000000 0.00000000 1.00000000
f 22/22/22 23/23/23 24/24/24
v 0.30468750 0.45800000 0.88666432
vt 0.523529412 0.437838184
vn 0.00000000 -1.00000000 0.00000000
v 0.30468750 0.45800000 1.85625408
vt 0.523529412 0.454054054
vn 0.00000000 -1.00000000 0.00000000
v 0.27680085 0.45800000 1.83832331
vt 0.522721882 0.453754465
vn 0.00000000 -1.00000000 0.00000000
f 25/25/25 26/26/26 27/27/27
v 0.30468750 0.45800000 0.88666432
vt 0.523529412 0.437838184
vn 0.00000000 -1.00000000 0.00000000
v 0.27680085 0.45800000 1.83832331
vt 0.522721882 0.453754465
vn 0.00000000 -1.00000000 0.00000000
v 0.27680085 0.45800000 0.90459509
vt 0.522721882 0.438137773
vn 0.00000000 -1.00000000 0.00000000
f 28/28/28 29/29/29 30/30/30
v 0.30468750 0.52200000 0.88666432
vt 0.523529412 0.437838184
vn 0.00000000 1.00000000 0.00000000
v 0.27680085 0.52200000 0.90459509
vt 0.522721882 0.438137773
vn 0.00000000 1.00000000 0.00000000
v 0.27680085 0.52200000 1.83832331
vt 0.522721882 0.453754465
vn 0.00000000 1.00000000 0.00000000
f 31/31/31 32/32/32 33/33/33
v 0.30468750 0.52200000 0.88666432
vt 0.523529412 0.437838184
vn 0.00000000 1.00000000 0.00000000
v 0.27680085 0.52200000 1.83832331
vt 0.522721882 0.453754465
vn 0.00000000 1.00000000 0.00000000
v 0.30468750 0.52200000 1.85625408
vt 0.523529412 0.454054054
vn 0.00000000 1.00000000 0.00000000
f 34/34/34 35/35/35 36/36/36
v 0.30468750 0.45800000 0.88666432
vt 0.505882353 0.437838184
vn 1.00000000 0.00000000 0.00000000
v 0.30468750 0.52200000 0.88666432
vt 0.523529412 0.437838184
vn 1.00000000 0.00000000 0.00000000
v 0.30468750 0.52200000 1.85625408
vt 0.523529412 0.454054054
vn 1.00000000 0.00000000 0.00000000
f 37/37/37 38/38/38 39/39/39
v 0.30468750 0.45800000 0.88666432
vt 0.505882353 0.437838184
vn 1.00000000 -0.00000000 0.00000000
v 0.30468750 0.52200000 1.85625408
vt 0.523529412 0.454054054
vn 1.00000000 -0.00000000 0.00000000
v 0.30468750 0.45800000 1.85625408
vt 0.505882353 0.454054054
vn 1.00000000 -0.00000000 0.00000000
f 40/40/40 41/41/41 42/42/42
v 0.27680085 0.45800000 0.90459509
vt 0.505882353 0.438137773
vn -1.00000000 -0.00000000 -0.00000000
v 0.27680085 0.45800000 1.83832331
vt 0.505882353 0.453754465
vn -1.00000000 -0.00000000 -0.00000000
v 0.27680085 0.52200000 1.83832331
vt 0.523529412 0.453754465
vn -1.00000000 -0.00000000 -0.00000000
f 43/43/43 44/44/44 45/45/45
v 0.27680085 0.45800000 0.90459509
vt 0.505882353 0.438137773
vn -1.00000000 -0.00000000 0.00000000
v 0.27680085 0.52200000 1.83832331
vt 0.523529412 0.453754465
vn -1.00000000 -0.00000000 0.00000000
v 0.27680085 0.52200000 0.90459509
vt 0.523529412 0.438137773
vn -1.00000000 -0.00000000 0.00000000
f 46/46/46 47/47/47 48/48/48
v 0.30468750 0.45800000 1.85625408
vt 0.523529412 0.454054054
vn 0.00000000 -1.00000000 0.00000000
v -0.30468750 0.45800000 1.85625408
vt 0.505882353 0.454054054
vn 0.00000000 -1.00000000 0.00000000
v -0.27680085 0.45800000 1.83832331
vt 0.506689882 0.453754465
vn 0.00000000 -1.00000000 0.00000000
f 49/49/49 50/50/50 51/51/51
v 0.30468750 0.45800000 1.85625408
vt 0.523529412 0.454054054
vn 0.00000000 -1.00000000 0.00000000
v -0.27680085 0.45800000 1.83832331
vt 0.506689882 0.453754465
vn 0.00000000 -1.00000000 0.00000000
v 0.27680085 0.45800000 1.83832331
vt 0.522721882 0.453754465
vn 0.00000000 -1.00000000 0.00000000
f 52/52/52 53/53/53 54/54/54
v 0.30468750 0.52200000 1.85625408
vt 0.523529412 0.454054054
vn 0.00000000 1.00000000 0.00000000
v 0.27680085 0.52200000 1.83832331
vt 0.522721882 0.453754465
vn 0.00000000 1.00000000 0.00000000
v -0.27680085 0.52200000 1.83832331
vt 0.506689882 0.453754465
vn 0.00000000 1.00000000 0.00000000
f 55/55/55 56/56/56 57/57/57
v 0.30468750 0.52200000 1.85625408
vt 0.523529412 0.454054054
vn -0.00000000 1.00000000 0.00000000
v -0.27680085 0.52200000 1.83832331
vt 0.506689882 0.453754465
vn -0.00000000 1.00000000 0.00000000
v -0.30468750 0.52200000 1.85625408
vt 0.505882353 0.454054054
vn -0.00000000 1.00000000 0.00000000
f 58/58/58 59/59/59 60/60/60
v 0.30468750 0.45800000 1.85625408
vt 0.523529412 0.437838184
vn -0.00000000 0.00000000 1.00000000
v 0.30468750 0.52200000 1.85625408
vt 0.523529412 0.454054054
vn -0.00000000 0.00000000 1.00000000
v -0.30468750 0.52200000 1.85625408
vt 0.505882353 0.454054054
vn -0.00000000 0.00000000 1.00000000
f 61/61/61 62/62/62 63/63/63
v 0.30468750 0.45800000 1.85625408
vt 0.523529412 0.437838184
vn -0.00000000 0.00000000 1.00000000
v -0.30468750 0.52200000 1.85625408
vt 0.505882353 0.454054054
vn -0.00000000 0.00000000 1.00000000
v -0.30468750 0.45800000 1.85625408
vt 0.505882353 0.437838184
vn -0.00000000 0.00000000 1.00000000
f 64/64/64 65/65/65 66/66/66
v 0.27680085 0.45800000 1.83832331
vt 0.522721882 0.437838184
vn 0.00000000 0.00000000 -1.00000000
v -0.27680085 0.45800000 1.83832331
vt 0.506689882 0.437838184
vn 0.00000000 0.00000000 -1.00000000
v -0.27680085 0.52200000 1.83832331
vt 0.506689882 0.454054054
vn 0.00000000 0.00000000 -1.00000000
f 67/67/67 68/68/68 69/69/69
v 0.27680085 0.45800000 1.83832331
vt 0.522721882 0.437838184
vn -0.00000000 -0.00000000 -1.00000000
v -0.27680085 0.52200000 1.83832331
vt 0.506689882 0.454054054
vn -0.00000000 -0.00000000 -1.00000000
v 0.27680085 0.52200000 1.83832331
vt 0.522721882 0.454054054
vn -0.00000000 -0.00000000 -1.00000000
f 70/70/70 71/71/71 72/72/72
v -0.30468750 0.45800000 1.85625408
vt 0.505882353 0.454054054
vn -0.00000000 -1.00000000 0.00000000
v -0.30468750 0.45800000 0.88666432
vt 0.505882353 0.437838184
vn -0.00000000 -1.00000000 0.00000000
v -0.27680085 0.45800000 0.90459509
vt 0.506689882 0.438137773
vn -0.00000000 -1.00000000 0.00000000
f 73/73/73 74/74/74 75/75/75
v -0.30468750 0.45800000 1.85625408
vt 0.505882353 0.454054054
vn -0.00000000 -1.00000000 -0.00000000
v -0.27680085 0.45800000 0.90459509
vt 0.506689882 0.438137773
vn -0.00000000 -1.00000000 -0.00000000
v -0.27680085 0.45800000 1.83832331
vt 0.506689882 0.453754465
vn -0.00000000 -1.00000000 -0.00000000
f 76/76/76 77/77/77 78/78/78
v -0.30468750 0.52200000 1.85625408
vt 0.505882353 0.454054054
vn 0.00000000 1.00000000 -0.00000000
v -0.27680085 0.52200000 1.83832331
vt 0.506689882 0.453754465
vn 0.00000000 1.00000000 -0.00000000
v -0.27680085 0.52200000 0.90459509
vt 0.506689882 0.438137773
vn 0.00000000 1.00000000 -0.00000000
f 79/79/79 80/80/80 81/81/81
v -0.30468750 0.52200000 1.85625408
vt 0.505882353 0.454054054
vn 0.00000000 1.00000000 -0.00000000
v -0.27680085 0.52200000 0.90459509
vt 0.506689882 0.438137773
vn 0.00000000 1.00000000 -0.00000000
v -0.30468750 0.52200000 0.88666432
vt 0.505882353 0.437838184
vn 0.00000000 1.00000000 -0.00000000
f 82/82/82 83/83/83 84/84/84
v -0.30468750 0.45800000 1.85625408
vt 0.505882353 0.454054054
vn -1.00000000 0.00000000 0.00000000
v -0.30468750 0.52200000 1.85625408
vt 0.523529412 0.454054054
vn -1.00000000 0.00000000 0.00000000
v -0.30468750 0.52200000 0.88666432
vt 0.523529412 0.437838184
vn -1.00000000 0.00000000 0.00000000
f 85/85/85 86/86/86 87/87/87
v -0.30468750 0.45800000 1.85625408
vt 0.505882353 0.454054054
vn -1.00000000 0.00000000 0.00000000
v -0.30468750 0.52200000 0.88666432
vt 0.523529412 0.437838184
vn -1.00000000 0.00000000 0.00000000
v -0.30468750 0.45800000 0.88666432
vt 0.505882353 0.437838184
vn -1.00000000 0.00000000 0.00000000
f 88/88/88 89/89/89 90/90/90
v -0.27680085 0.45800000 1.83832331
vt 0.505882353 0.453754465
vn 1.00000000 0.00000000 -0.00000000
v -0.27680085 0.45800000 0.90459509
vt 0.505882353 0.438137773
vn 1.00000000 0.00000000 -0.00000000
v -0.27680085 0.52200000 0.90459509
vt 0.523529412 0.438137773
vn 1.00000000 0.00000000 -0.00000000
f 91/91/91 92/92/92 93/93/93
v -0.27680085 0.45800000 1.83832331
vt 0.505882353 0.453754465
vn 1.00000000 0.00000000 0.00000000
v -0.27680085 0.52200000 0.90459509
vt 0.523529412 0.438137773
vn 1.00000000 0.00000000 0.00000000
v -0.27680085 0.52200000 1.83832331
vt 0.523529412 0.453754465
vn 1.00000000 0.00000000 0.00000000
f 94/94/94 95/95/95 96/96/96
usemtl wood
v -0.27473517 0.44600000 1.36216177
vt 0.505948235 0.438884324
vn -0.23179946 -0.89481595 -0.38154086
v -0.27576667 0.44626720 1.36216177
vt 0.505915482 0.438884324
vn -0.23179946 -0.89481595 -0.38154086
v -0.27572298 0.44652670 1.36152662
vt 0.505916612 0.438383395
vn -0.23179946 -0.89481595 -0.38154086
f 97/97/97 98/98/98 99/99/99
v -0.27473517 0.44600000 1.36216177
vt 0.507020800 0.437898378
vn -0.24644194 -0.89893730 -0.36218519
v -0.27572298 0.44652670 1.36152662
vt 0.506476424 0.437869319
vn -0.24644194 -0.89893730 -0.36218519
v -0.27473517 0.44626720 1.36149859
vt 0.506452329 0.437898378
vn -0.24644194 -0.89893730 -0.36218519
f 100/100/100 101/101/101 102/102/102
v -0.27576667 0.44626720 1.36216177
vt 0.507020800 0.437867935
vn -0.65829834 -0.67991618 -0.32304378
v -0.27652487 0.44700130 1.36216177
vt 0.507020800 0.437845795
vn -0.65829834 -0.67991618 -0.32304378
v -0.27625685 0.44704360 1.36152662
vt 0.506476424 0.437854097
vn -0.65829834 -0.67991618 -0.32304378
f 103/103/103 104/104/104 105/105/105
v -0.27576667 0.44626720 1.36216177
vt 0.507020800 0.437867935
vn -0.65829833 -0.67991617 -0.32304382
v -0.27625685 0.44704360 1.36152662
vt 0.506476424 0.437854097
vn -0.65829833 -0.67991617 -0.32304382
v -0.27572298 0.44652670 1.36152662
vt 0.506476424 0.437869319
vn -0.65829833 -0.67991617 -0.32304382
f 106/106/106 107/107/107 108/108/108
v -0.27680085 0.44800000 1.36216177
vt 0.507020800 0.438397232
vn -0.89134262 -0.26067160 -0.37088899
v -0.27652487 0.44800000 1.36149859
vt 0.506452329 0.438397232
vn -0.89134262 -0.26067160 -0.37088899
v -0.27625685 0.44704360 1.36152662
vt 0.506476424 0.438129470
vn -0.89134262 -0.26067160 -0.37088899
f 109/109/109 110/110/110 111/111/111
v -0.27680085 0.44800000 1.36216177
vt 0.506490729 0.438884324
vn -0.88725324 -0.24516367 -0.39073836
v -0.27625685 0.44704360 1.36152662
vt 0.506199718 0.438383395
vn -0.88725324 -0.24516367 -0.39073836
v -0.27652487 0.44700130 1.36216177
vt 0.506186918 0.438884324
vn -0.88725324 -0.24516367 -0.39073836
f 112/112/112 113/113/113 114/114/114
v -0.27652487 0.44800000 1.36149859
vt 0.506490729 0.438361946
vn -0.53266517 -0.17364171 -0.82832142
v -0.27576667 0.44800000 1.36101101
vt 0.506490729 0.437977254
vn -0.53266517 -0.17364171 -0.82832142
v -0.27572298 0.44704360 1.36118341
vt 0.506199718 0.438113557
vn -0.53266517 -0.17364171 -0.82832142
f 115/115/115 116/116/116 117/117/117
v -0.27652487 0.44800000 1.36149859
vt 0.506490729 0.437845795
vn -0.53256483 -0.17352860 -0.82840964
v -0.27572298 0.44704360 1.36118341
vt 0.506199718 0.437869319
vn -0.53256483 -0.17352860 -0.82840964
v -0.27625685 0.44704360 1.36152662
vt 0.506199718 0.437854097
vn -0.53256483 -0.17352860 -0.82840964
f 118/118/118 119/119/119 120/120/120
v -0.27473517 0.44800000 1.36083356
vt 0.506490729 0.437898378
vn -0.17652697 -0.17215829 -0.96912319
v -0.27473517 0.44700130 1.36101101
vt 0.506186918 0.437898378
vn -0.17652697 -0.17215829 -0.96912319
v -0.27572298 0.44704360 1.36118341
vt 0.506199718 0.437869319
vn -0.17652697 -0.17215829 -0.96912319
f 121/121/121 122/122/122 123/123/123
v -0.27473517 0.44800000 1.36083356
vt 0.505948235 0.438397232
vn -0.16666601 -0.18230337 -0.96901389
v -0.27572298 0.44704360 1.36118341
vt 0.505916612 0.438129470
vn -0.16666601 -0.18230337 -0.96901389
v -0.27576667 0.44800000 1.36101101
vt 0.505915482 0.438397232
vn -0.16666601 -0.18230337 -0.96901389
f 124/124/124 125/125/125 126/126/126
v -0.27473517 0.44700130 1.36101101
vt 0.505948235 0.437977254
vn -0.16662353 -0.54553294 -0.82135888
v -0.27473517 0.44626720 1.36149859
vt 0.505948235 0.438361946
vn -0.16662353 -0.54553294 -0.82135888
v -0.27572298 0.44652670 1.36152662
vt 0.505916612 0.438383395
vn -0.16662353 -0.54553294 -0.82135888
f 127/127/127 128/128/128 129/129/129
v -0.27473517 0.44700130 1.36101101
vt 0.505948235 0.438117708
vn -0.16671324 -0.54541293 -0.82142037
v -0.27572298 0.44652670 1.36152662
vt 0.505916612 0.437984865
vn -0.16671324 -0.54541293 -0.82142037
v -0.27572298 0.44704360 1.36118341
vt 0.505916612 0.438129470
vn -0.16671324 -0.54541293 -0.82142037
f 130/130/130 131/131/131 132/132/132
v -0.27572298 0.44652670 1.36152662
vt 0.505916612 0.437984865
vn -0.47212030 -0.48762425 -0.73438750
v -0.27625685 0.44704360 1.36152662
vt 0.505899671 0.438129470
vn -0.47212030 -0.48762425 -0.73438750
v -0.27572298 0.44704360 1.36118341
vt 0.505916612 0.438129470
vn -0.47212030 -0.48762425 -0.73438750
f 133/133/133 134/134/134 135/135/135
v 0.27473517 0.44600000 1.36216177
vt 0.507020800 0.453993859
vn 0.24644132 -0.89893345 -0.36219516
v 0.27473517 0.44626720 1.36149859
vt 0.506452329 0.453993859
vn 0.24644132 -0.89893345 -0.36219516
v 0.27572298 0.44652670 1.36152662
vt 0.506476424 0.454022227
vn 0.24644132 -0.89893345 -0.36219516
f 136/136/136 137/137/137 138/138/138
v 0.27473517 0.44600000 1.36216177
vt 0.523463529 0.438884324
vn 0.23180592 -0.89481437 -0.38154064
v 0.27572298 0.44652670 1.36152662
vt 0.523495153 0.438383395
vn 0.23180592 -0.89481437 -0.38154064
v 0.27576667 0.44626720 1.36216177
vt 0.523496282 0.438884324
vn 0.23180592 -0.89481437 -0.38154064
f 139/139/139 140/140/140 141/141/141
v 0.27473517 0.44626720 1.36149859
vt 0.523463529 0.438361946
vn 0.16670530 -0.54552530 -0.82134736
v 0.27473517 0.44700130 1.36101101
vt 0.523463529 0.437977254
vn 0.16670530 -0.54552530 -0.82134736
v 0.27572298 0.44704360 1.36118341
vt 0.523495153 0.438113557
vn 0.16670530 -0.54552530 -0.82134736
f 142/142/142 143/143/143 144/144/144
v 0.27473517 0.44626720 1.36149859
vt 0.523463529 0.437912216
vn 0.16659709 -0.54542380 -0.82143673
v 0.27572298 0.44704360 1.36118341
vt 0.523495153 0.438129470
vn 0.16659709 -0.54542380 -0.82143673
v 0.27572298 0.44652670 1.36152662
vt 0.523495153 0.437984865
vn 0.16659709 -0.54542380 -0.82143673
f 145/145/145 146/146/146 147/147/147
v 0.27473517 0.44800000 1.36083356
vt 0.523463529 0.438397232
vn 0.16667082 -0.18230345 -0.96901305
v 0.27576667 0.44800000 1.36101101
vt 0.523496282 0.438397232
vn 0.16667082 -0.18230345 -0.96901305
v 0.27572298 0.44704360 1.36118341
vt 0.523495153 0.438129470
vn 0.16667082 -0.18230345 -0.96901305
f 148/148/148 149/149/149 150/150/150
v 0.27473517 0.44800000 1.36083356
vt 0.506490729 0.453993859
vn 0.17652702 -0.17216352 -0.96912225
v 0.27572298 0.44704360 1.36118341
vt 0.506199718 0.454022227
vn 0.17652702 -0.17216352 -0.96912225
v 0.27473517 0.44700130 1.36101101
vt 0.506186918 0.453993859
vn 0.17652702 -0.17216352 -0.96912225
f 151/151/151 152/152/152 153/153/153
v 0.27576667 0.44800000 1.36101101
vt 0.506490729 0.437977254
vn 0.53267327 -0.17355674 -0.82833402
v 0.27652487 0.44800000 1.36149859
vt 0.506490729 0.438361946
vn 0.53267327 -0.17355674 -0.82833402
v 0.27625685 0.44704360 1.36152662
vt 0.506199718 0.438383395
vn 0.53267327 -0.17355674 -0.82833402
f 154/154/154 155/155/155 156/156/156
v 0.27576667 0.44800000 1.36101101
vt 0.506490729 0.454023611
vn 0.53255333 -0.17364928 -0.82839174
v 0.27625685 0.44704360 1.36152662
vt 0.506199718 0.454038141
vn 0.53255333 -0.17364928 -0.82839174
v 0.27572298 0.44704360 1.36118341
vt 0.506199718 0.454022227
vn 0.53255333 -0.17364928 -0.82839174
f 157/157/157 158/158/158 159/159/159
v 0.27680085 0.44800000 1.36216177
vt 0.506490729 0.438884324
vn 0.88724666 -0.24518921 -0.39073727
v 0.27652487 0.44700130 1.36216177
vt 0.506186918 0.438884324
vn 0.88724666 -0.24518921 -0.39073727
v 0.27625685 0.44704360 1.36152662
vt 0.506199718 0.438383395
vn 0.88724666 -0.24518921 -0.39073727
f 160/160/160 161/161/161 162/162/162
v 0.27680085 0.44800000 1.36216177
vt 0.507020800 0.438397232
vn 0.89132869 -0.26066883 -0.37092443
v 0.27625685 0.44704360 1.36152662
vt 0.506476424 0.438129470
vn 0.89132869 -0.26066883 -0.37092443
v 0.27652487 0.44800000 1.36149859
vt 0.506452329 0.438397232
vn 0.89132869 -0.26066883 -0.37092443
f 163/163/163 164/164/164 165/165/165
v 0.27652487 0.44700130 1.36216177
vt 0.507020800 0.454045751
vn 0.65829834 -0.67991618 -0.32304378
v 0.27576667 0.44626720 1.36216177
vt 0.507020800 0.454023611
vn 0.65829834 -0.67991618 -0.32304378
v 0.27572298 0.44652670 1.36152662
vt 0.506476424 0.454022227
vn 0.65829834 -0.67991618 -0.32304378
f 166/166/166 167/167/167 168/168/168
v 0.27652487 0.44700130 1.36216177
vt 0.507020800 0.454045751
vn 0.65829833 -0.67991617 -0.32304382
v 0.27572298 0.44652670 1.36152662
vt 0.506476424 0.454022227
vn 0.65829833 -0.67991617 -0.32304382
v 0.27625685 0.44704360 1.36152662
vt 0.506476424 0.454038141
vn 0.65829833 -0.67991617 -0.32304382
f 169/169/169 170/170/170 171/171/171
v 0.27572298 0.44652670 1.36152662
vt 0.523495153 0.437984865
vn 0.47212030 -0.48762425 -0.73438750
v 0.27572298 0.44704360 1.36118341
vt 0.523495153 0.438129470
vn 0.47212030 -0.48762425 -0.73438750
v 0.27625685 0.44704360 1.36152662
vt 0.523512094 0.438129470
vn 0.47212030 -0.48762425 -0.73438750
f 172/172/172 173/173/173 174/174/174
v 0.27473517 0.50400000 1.36216177
vt 0.523463529 0.438884324
vn 0.23175086 0.89482792 -0.38154232
v 0.27576667 0.50373290 1.36216177
vt 0.523496282 0.438884324
vn 0.23175086 0.89482792 -0.38154232
v 0.27572298 0.50347330 1.36152662
vt 0.523495153 0.438383395
vn 0.23175086 0.89482792 -0.38154232
f 175/175/175 176/176/176 177/177/177
v 0.27473517 0.50400000 1.36216177
vt 0.507020800 0.453993859
vn 0.24644701 0.89896405 -0.36211532
v 0.27572298 0.50347330 1.36152662
vt 0.506476424 0.454022227
vn 0.24644701 0.89896405 -0.36211532
v 0.27473517 0.50373290 1.36149859
vt 0.506452329 0.453993859
vn 0.24644701 0.89896405 -0.36211532
f 178/178/178 179/179/179 180/180/180
v 0.27576667 0.50373290 1.36216177
vt 0.507020800 0.454023611
vn 0.65828554 0.67993065 -0.32303942
v 0.27652487 0.50299880 1.36216177
vt 0.507020800 0.454045751
vn 0.65828554 0.67993065 -0.32303942
v 0.27625685 0.50295650 1.36152662
vt 0.506476424 0.454038141
vn 0.65828554 0.67993065 -0.32303942
f 181/181/181 182/182/182 183/183/183
v 0.27576667 0.50373290 1.36216177
vt 0.507020800 0.454023611
vn 0.65827732 0.67993379 -0.32304954
v 0.27625685 0.50295650 1.36152662
vt 0.506476424 0.454038141
vn 0.65827732 0.67993379 -0.32304954
v 0.27572298 0.50347330 1.36152662
vt 0.506476424 0.454022227
vn 0.65827732 0.67993379 -0.32304954
f 184/184/184 185/185/185 186/186/186
v 0.27680085 0.50200000 1.36216177
vt 0.507020800 0.453495005
vn 0.89135053 0.26067322 -0.37086886
v 0.27652487 0.50200010 1.36149859
vt 0.506452329 0.453495005
vn 0.89135053 0.26067322 -0.37086886
v 0.27625685 0.50295650 1.36152662
vt 0.506476424 0.453762076
vn 0.89135053 0.26067322 -0.37086886
f 187/187/187 188/188/188 189/189/189
v 0.27680085 0.50200000 1.36216177
vt 0.522921035 0.438884324
vn 0.88725674 0.24515002 -0.39073898
v 0.27625685 0.50295650 1.36152662
vt 0.523212047 0.438383395
vn 0.88725674 0.24515002 -0.39073898
v 0.27652487 0.50299880 1.36216177
vt 0.523224847 0.438884324
vn 0.88725674 0.24515002 -0.39073898
f 190/190/190 191/191/191 192/192/192
v 0.27652487 0.50200010 1.36149859
vt 0.522921035 0.438361946
vn 0.53266517 0.17364171 -0.82832142
v 0.27576667 0.50200010 1.36101101
vt 0.522921035 0.437977254
vn 0.53266517 0.17364171 -0.82832142
v 0.27572298 0.50295650 1.36118341
vt 0.523212047 0.438113557
vn 0.53266517 0.17364171 -0.82832142
f 193/193/193 194/194/194 195/195/195
v 0.27652487 0.50200010 1.36149859
vt 0.522921035 0.454045751
vn 0.53256483 0.17352860 -0.82840964
v 0.27572298 0.50295650 1.36118341
vt 0.523212047 0.454022227
vn 0.53256483 0.17352860 -0.82840964
v 0.27625685 0.50295650 1.36152662
vt 0.523212047 0.454038141
vn 0.53256483 0.17352860 -0.82840964
f 196/196/196 197/197/197 198/198/198
v 0.27473517 0.50200000 1.36083356
vt 0.522921035 0.453993859
vn 0.17652681 0.17214834 -0.96912498
v 0.27473517 0.50299880 1.36101101
vt 0.523224847 0.453993859
vn 0.17652681 0.17214834 -0.96912498
v 0.27572298 0.50295650 1.36118341
vt 0.523212047 0.454022227
vn 0.17652681 0.17214834 -0.96912498
f 199/199/199 200/200/200 201/201/201
v 0.27473517 0.50200000 1.36083356
vt 0.523463529 0.453495005
vn 0.16665574 0.18230324 -0.96901568
v 0.27572298 0.50295650 1.36118341
vt 0.523495153 0.453762076
vn 0.16665574 0.18230324 -0.96901568
v 0.27576667 0.50200010 1.36101101
vt 0.523496282 0.453495005
vn 0.16665574 0.18230324 -0.96901568
f 202/202/202 203/203/203 204/204/204
v 0.27473517 0.50299880 1.36101101
vt 0.523463529 0.437977254
vn 0.16662715 0.54554796 -0.82134817
v 0.27473517 0.50373290 1.36149859
vt 0.523463529 0.438361946
vn 0.16662715 0.54554796 -0.82134817
v 0.27572298 0.50347330 1.36152662
vt 0.523495153 0.438383395
vn 0.16662715 0.54554796 -0.82134817
f 205/205/205 206/206/206 207/207/207
v 0.27473517 0.50299880 1.36101101
vt 0.523463529 0.453773838
vn 0.16671168 0.54543497 -0.82140606
v 0.27572298 0.50347330 1.36152662
vt 0.523495153 0.453906681
vn 0.16671168 0.54543497 -0.82140606
v 0.27572298 0.50295650 1.36118341
vt 0.523495153 0.453762076
vn 0.16671168 0.54543497 -0.82140606
f 208/208/208 209/209/209 210/210/210
v 0.27572298 0.50347330 1.36152662
vt 0.523495153 0.453906681
vn 0.47211383 0.48764569 -0.73437743
v 0.27625685 0.50295650 1.36152662
vt 0.523512094 0.453762076
vn 0.47211383 0.48764569 -0.73437743
v 0.27572298 0.50295650 1.36118341
vt 0.523495153 0.453762076
vn 0.47211383 0.48764569 -0.73437743
f 211/211/211 212/212/212 213/213/213
v -0.27680085 0.50200000 1.36216177
vt 0.522921035 0.438884324
vn -0.88725674 0.24515002 -0.39073898
v -0.27652487 0.50299880 1.36216177
vt 0.523224847 0.438884324
vn -0.88725674 0.24515002 -0.39073898
v -0.27625685 0.50295650 1.36152662
vt 0.523212047 0.438383395
vn -0.88725674 0.24515002 -0.39073898
f 214/214/214 215/215/215 216/216/216
v -0.27680085 0.50200000 1.36216177
vt 0.507020800 0.453495005
vn -0.89135053 0.26067322 -0.37086886
v -0.27625685 0.50295650 1.36152662
vt 0.506476424 0.453762076
vn -0.89135053 0.26067322 -0.37086886
v -0.27652487 0.50200010 1.36149859
vt 0.506452329 0.453495005
vn -0.89135053 0.26067322 -0.37086886
f 217/217/217 218/218/218 219/219/219
v -0.27652487 0.50299880 1.36216177
vt 0.507020800 0.437845795
vn -0.65828355 0.67992859 -0.32304781
v -0.27576667 0.50373290 1.36216177
vt 0.507020800 0.437867935
vn -0.65828355 0.67992859 -0.32304781
v -0.27572298 0.50347330 1.36152662
vt 0.506476424 0.437869319
vn -0.65828355 0.67992859 -0.32304781
f 220/220/220 221/221/221 222/222/222
v -0.27652487 0.50299880 1.36216177
vt 0.507020800 0.437845795
vn -0.65828022 0.67993668 -0.32303755
v -0.27572298 0.50347330 1.36152662
vt 0.506476424 0.437869319
vn -0.65828022 0.67993668 -0.32303755
v -0.27625685 0.50295650 1.36152662
vt 0.506476424 0.437854097
vn -0.65828022 0.67993668 -0.32303755
f 223/223/223 224/224/224 225/225/225
v -0.27473517 0.50400000 1.36216177
vt 0.507020800 0.437898378
vn -0.24644701 0.89896405 -0.36211532
v -0.27473517 0.50373290 1.36149859
vt 0.506452329 0.437898378
vn -0.24644701 0.89896405 -0.36211532
v -0.27572298 0.50347330 1.36152662
vt 0.506476424 0.437869319
vn -0.24644701 0.89896405 -0.36211532
f 226/226/226 227/227/227 228/228/228
v -0.27473517 0.50400000 1.36216177
vt 0.505948235 0.438884324
vn -0.23175086 0.89482792 -0.38154232
v -0.27572298 0.50347330 1.36152662
vt 0.505916612 0.438383395
vn -0.23175086 0.89482792 -0.38154232
v -0.27576667 0.50373290 1.36216177
vt 0.505915482 0.438884324
vn -0.23175086 0.89482792 -0.38154232
f 229/229/229 230/230/230 231/231/231
v -0.27473517 0.50373290 1.36149859
vt 0.505948235 0.438361946
vn -0.16670425 0.54554081 -0.82133728
v -0.27473517 0.50299880 1.36101101
vt 0.505948235 0.437977254
vn -0.16670425 0.54554081 -0.82133728
v -0.27572298 0.50295650 1.36118341
vt 0.505916612 0.438113557
vn -0.16670425 0.54554081 -0.82133728
f 232/232/232 233/233/233 234/234/234
v -0.27473517 0.50373290 1.36149859
vt 0.505948235 0.453979330
vn -0.16660226 0.54544520 -0.82142147
v -0.27572298 0.50295650 1.36118341
vt 0.505916612 0.453762076
vn -0.16660226 0.54544520 -0.82142147
v -0.27572298 0.50347330 1.36152662
vt 0.505916612 0.453906681
vn -0.16660226 0.54544520 -0.82142147
f 235/235/235 236/236/236 237/237/237
v -0.27473517 0.50200000 1.36083356
vt 0.505948235 0.453495005
vn -0.16665580 0.18230324 -0.96901567
v -0.27576667 0.50200010 1.36101101
vt 0.505915482 0.453495005
vn -0.16665580 0.18230324 -0.96901567
v -0.27572298 0.50295650 1.36118341
vt 0.505916612 0.453762076
vn -0.16665580 0.18230324 -0.96901567
f 238/238/238 239/239/239 240/240/240
v -0.27473517 0.50200000 1.36083356
vt 0.522921035 0.437898378
vn -0.17652688 0.17214827 -0.96912498
v -0.27572298 0.50295650 1.36118341
vt 0.523212047 0.437869319
vn -0.17652688 0.17214827 -0.96912498
v -0.27473517 0.50299880 1.36101101
vt 0.523224847 0.437898378
vn -0.17652688 0.17214827 -0.96912498
f 241/241/241 242/242/242 243/243/243
v -0.27576667 0.50200010 1.36101101
vt 0.522921035 0.437977254
vn -0.53267327 0.17355674 -0.82833402
v -0.27652487 0.50200010 1.36149859
vt 0.522921035 0.438361946
vn -0.53267327 0.17355674 -0.82833402
v -0.27625685 0.50295650 1.36152662
vt 0.523212047 0.438383395
vn -0.53267327 0.17355674 -0.82833402
f 244/244/244 245/245/245 246/246/246
v -0.27576667 0.50200010 1.36101101
vt 0.522921035 0.437867935
vn -0.53255333 0.17364928 -0.82839174
v -0.27625685 0.50295650 1.36152662
vt 0.523212047 0.437854097
vn -0.53255333 0.17364928 -0.82839174
v -0.27572298 0.50295650 1.36118341
vt 0.523212047 0.437869319
vn -0.53255333 0.17364928 -0.82839174
f 247/247/247 248/248/248 249/249/249
v -0.27625685 0.50295650 1.36152662
vt 0.505899671 0.453762076
vn -0.47211383 0.48764569 -0.73437743
v -0.27572298 0.50347330 1.36152662
vt 0.505916612 0.453906681
vn -0.47211383 0.48764569 -0.73437743
v -0.27572298 0.50295650 1.36118341
vt 0.505916612 0.453762076
vn -0.47211383 0.48764569 -0.73437743
f 250/250/250 251/251/251 252/252/252
v -0.27680085 0.44800000 1.38009260
vt 0.506490729 0.453007914
vn -0.88724580 -0.24519256 0.39073713
v -0.27652487 0.44700130 1.38009254
vt 0.506186918 0.453007914
vn -0.88724580 -0.24519256 0.39073713
v -0.27625685 0.44704360 1.38072768
vt 0.506199718 0.453508151
vn -0.88724580 -0.24519256 0.39073713
f 253/253/253 254/254/254 255/255/255
v -0.27680085 0.44800000 1.38009260
vt 0.522390965 0.438397232
vn -0.89132770 -0.26066856 0.37092700
v -0.27625685 0.44704360 1.38072768
vt 0.522935341 0.438129470
vn -0.89132770 -0.26066856 0.37092700
v -0.27652487 0.44800000 1.38075571
vt 0.522959435 0.438397232
vn -0.89132770 -0.26066856 0.37092700
f 256/256/256 257/257/257 258/258/258
v -0.27652487 0.44700130 1.38009254
vt 0.522390965 0.437845795
vn -0.65829834 -0.67991618 0.32304378
v -0.27576667 0.44626720 1.38009254
vt 0.522390965 0.437867935
vn -0.65829834 -0.67991618 0.32304378
v -0.27572298 0.44652670 1.38072768
vt 0.522935341 0.437869319
vn -0.65829834 -0.67991618 0.32304378
f 259/259/259 260/260/260 261/261/261
v -0.27652487 0.44700130 1.38009254
vt 0.522390965 0.437845795
vn -0.65829833 -0.67991617 0.32304382
v -0.27572298 0.44652670 1.38072768
vt 0.522935341 0.437869319
vn -0.65829833 -0.67991617 0.32304382
v -0.27625685 0.44704360 1.38072768
vt 0.522935341 0.437854097
vn -0.65829833 -0.67991617 0.32304382
f 262/262/262 263/263/263 264/264/264
v -0.27473517 0.44600000 1.38009260
vt 0.522390965 0.437898378
vn -0.24643925 -0.89892291 0.36222272
v -0.27473517 0.44626720 1.38075571
vt 0.522959435 0.437898378
vn -0.24643925 -0.89892291 0.36222272
v -0.27572298 0.44652670 1.38072768
vt 0.522935341 0.437869319
vn -0.24643925 -0.89892291 0.36222272
f 265/265/265 266/266/266 267/267/267
v -0.27473517 0.44600000 1.38009260
vt 0.505948235 0.453007914
vn -0.23182697 -0.89480920 0.38153998
v -0.27572298 0.44652670 1.38072768
vt 0.505916612 0.453508151
vn -0.23182697 -0.89480920 0.38153998
v -0.27576667 0.44626720 1.38009254
vt 0.505915482 0.453007914
vn -0.23182697 -0.89480920 0.38153998
f 268/268/268 269/269/269 270/270/270
v -0.27473517 0.44626720 1.38075571
vt 0.505948235 0.453530292
vn -0.16670530 -0.54552530 0.82134736
v -0.27473517 0.44700130 1.38124329
vt 0.505948235 0.453914292
vn -0.16670530 -0.54552530 0.82134736
v -0.27572298 0.44704360 1.38107089
vt 0.505916612 0.453778681
vn -0.16670530 -0.54552530 0.82134736
f 271/271/271 272/272/272 273/273/273
v -0.27473517 0.44626720 1.38075571
vt 0.505948235 0.437912216
vn -0.16659709 -0.54542380 0.82143673
v -0.27572298 0.44704360 1.38107089
vt 0.505916612 0.438129470
vn -0.16659709 -0.54542380 0.82143673
v -0.27572298 0.44652670 1.38072768
vt 0.505916612 0.437984865
vn -0.16659709 -0.54542380 0.82143673
f 274/274/274 275/275/275 276/276/276
v -0.27473517 0.44800000 1.38142081
vt 0.505948235 0.438397232
vn -0.16673823 -0.18230437 0.96900128
v -0.27576667 0.44800000 1.38124329
vt 0.505915482 0.438397232
vn -0.16673823 -0.18230437 0.96900128
v -0.27572298 0.44704360 1.38107089
vt 0.505916612 0.438129470
vn -0.16673823 -0.18230437 0.96900128
f 277/277/277 278/278/278 279/279/279
v -0.27473517 0.44800000 1.38142081
vt 0.506490729 0.437898378
vn -0.17652784 -0.17223274 0.96910980
v -0.27572298 0.44704360 1.38107089
vt 0.506199718 0.437869319
vn -0.17652784 -0.17223274 0.96910980
v -0.27473517 0.44700130 1.38124329
vt 0.506186918 0.437898378
vn -0.17652784 -0.17223274 0.96910980
f 280/280/280 281/281/281 282/282/282
v -0.27576667 0.44800000 1.38124329
vt 0.506490729 0.453914292
vn -0.53267327 -0.17355674 0.82833402
v -0.27652487 0.44800000 1.38075571
vt 0.506490729 0.453530292
vn -0.53267327 -0.17355674 0.82833402
v -0.27625685 0.44704360 1.38072768
vt 0.506199718 0.453508151
vn -0.53267327 -0.17355674 0.82833402
f 283/283/283 284/284/284 285/285/285
v -0.27576667 0.44800000 1.38124329
vt 0.506490729 0.437867935
vn -0.53255333 -0.17364928 0.82839174
v -0.27625685 0.44704360 1.38072768
vt 0.506199718 0.437854097
vn -0.53255333 -0.17364928 0.82839174
v -0.27572298 0.44704360 1.38107089
vt 0.506199718 0.437869319
vn -0.53255333 -0.17364928 0.82839174
f 286/286/286 287/287/287 288/288/288
v -0.27625685 0.44704360 1.38072768
vt 0.505899671 0.438129470
vn -0.47212030 -0.48762425 0.73438750
v -0.27572298 0.44652670 1.38072768
vt 0.505916612 0.437984865
vn -0.47212030 -0.48762425 0.73438750
v -0.27572298 0.44704360 1.38107089
vt 0.505916612 0.438129470
vn -0.47212030 -0.48762425 0.73438750
f 289/289/289 290/290/290 291/291/291
v 0.27473517 0.44600000 1.38009260
vt 0.523463529 0.453007914
vn 0.23182697 -0.89480920 0.38153998
v 0.27576667 0.44626720 1.38009254
vt 0.523496282 0.453007914
vn 0.23182697 -0.89480920 0.38153998
v 0.27572298 0.44652670 1.38072768
vt 0.523495153 0.453508151
vn 0.23182697 -0.89480920 0.38153998
f 292/292/292 293/293/293 294/294/294
v 0.27473517 0.44600000 1.38009260
vt 0.522390965 0.453993859
vn 0.24643926 -0.89892296 0.36222259
v 0.27572298 0.44652670 1.38072768
vt 0.522935341 0.454022227
vn 0.24643926 -0.89892296 0.36222259
v 0.27473517 0.44626720 1.38075571
vt 0.522959435 0.453993859
vn 0.24643926 -0.89892296 0.36222259
f 295/295/295 296/296/296 297/297/297
v 0.27576667 0.44626720 1.38009254
vt 0.522390965 0.454023611
vn 0.65829834 -0.67991618 0.32304378
v 0.27652487 0.44700130 1.38009254
vt 0.522390965 0.454045751
vn 0.65829834 -0.67991618 0.32304378
v 0.27625685 0.44704360 1.38072768
vt 0.522935341 0.454038141
vn 0.65829834 -0.67991618 0.32304378
f 298/298/298 299/299/299 300/300/300
v 0.27576667 0.44626720 1.38009254
vt 0.522390965 0.454023611
vn 0.65829833 -0.67991617 0.32304382
v 0.27625685 0.44704360 1.38072768
vt 0.522935341 0.454038141
vn 0.65829833 -0.67991617 0.32304382
v 0.27572298 0.44652670 1.38072768
vt 0.522935341 0.454022227
vn 0.65829833 -0.67991617 0.32304382
f 301/301/301 302/302/302 303/303/303
v 0.27680085 0.44800000 1.38009260
vt 0.522390965 0.438397232
vn 0.89132770 -0.26066856 0.37092700
v 0.27652487 0.44800000 1.38075571
vt 0.522959435 0.438397232
vn 0.89132770 -0.26066856 0.37092700
v 0.27625685 0.44704360 1.38072768
vt 0.522935341 0.438129470
vn 0.89132770 -0.26066856 0.37092700
f 304/304/304 305/305/305 306/306/306
v 0.27680085 0.44800000 1.38009260
vt 0.506490729 0.453007914
vn 0.88724580 -0.24519256 0.39073713
v 0.27625685 0.44704360 1.38072768
vt 0.506199718 0.453508151
vn 0.88724580 -0.24519256 0.39073713
v 0.27652487 0.44700130 1.38009254
vt 0.506186918 0.453007914
vn 0.88724580 -0.24519256 0.39073713
f 307/307/307 308/308/308 309/309/309
v 0.27652487 0.44800000 1.38075571
vt 0.506490729 0.453530292
vn 0.53266517 -0.17364171 0.82832142
v 0.27576667 0.44800000 1.38124329
vt 0.506490729 0.453914292
vn 0.53266517 -0.17364171 0.82832142
v 0.27572298 0.44704360 1.38107089
vt 0.506199718 0.453778681
vn 0.53266517 -0.17364171 0.82832142
f 310/310/310 311/311/311 312/312/312
v 0.27652487 0.44800000 1.38075571
vt 0.506490729 0.454045751
vn 0.53256483 -0.17352860 0.82840964
v 0.27572298 0.44704360 1.38107089
vt 0.506199718 0.454022227
vn 0.53256483 -0.17352860 0.82840964
v 0.27625685 0.44704360 1.38072768
vt 0.506199718 0.454038141
vn 0.53256483 -0.17352860 0.82840964
f 313/313/313 314/314/314 315/315/315
v 0.27473517 0.44800000 1.38142081
vt 0.506490729 0.453993859
vn 0.17652784 -0.17223274 0.96910980
v 0.27473517 0.44700130 1.38124329
vt 0.506186918 0.453993859
vn 0.17652784 -0.17223274 0.96910980
v 0.27572298 0.44704360 1.38107089
vt 0.506199718 0.454022227
vn 0.17652784 -0.17223274 0.96910980
f 316/316/316 317/317/317 318/318/318
v 0.27473517 0.44800000 1.38142081
vt 0.523463529 0.438397232
vn 0.16673823 -0.18230437 0.96900128
v 0.27572298 0.44704360 1.38107089
vt 0.523495153 0.438129470
vn 0.16673823 -0.18230437 0.96900128
v 0.27576667 0.44800000 1.38124329
vt 0.523496282 0.438397232
vn 0.16673823 -0.18230437 0.96900128
f 319/319/319 320/320/320 321/321/321
v 0.27473517 0.44700130 1.38124329
vt 0.523463529 0.453914292
vn 0.16662353 -0.54553294 0.82135888
v 0.27473517 0.44626720 1.38075571
vt 0.523463529 0.453530292
vn 0.16662353 -0.54553294 0.82135888
v 0.27572298 0.44652670 1.38072768
vt 0.523495153 0.453508151
vn 0.16662353 -0.54553294 0.82135888
f 322/322/322 323/323/323 324/324/324
v 0.27473517 0.44700130 1.38124329
vt 0.523463529 0.438117708
vn 0.16671324 -0.54541293 0.82142037
v 0.27572298 0.44652670 1.38072768
vt 0.523495153 0.437984865
vn 0.16671324 -0.54541293 0.82142037
v 0.27572298 0.44704360 1.38107089
vt 0.523495153 0.438129470
vn 0.16671324 -0.54541293 0.82142037
f 325/325/325 326/326/326 327/327/327
v 0.27572298 0.44652670 1.38072768
vt 0.523495153 0.437984865
vn 0.47212030 -0.48762425 0.73438750
v 0.27625685 0.44704360 1.38072768
vt 0.523512094 0.438129470
vn 0.47212030 -0.48762425 0.73438750
v 0.27572298 0.44704360 1.38107089
vt 0.523495153 0.438129470
vn 0.47212030 -0.48762425 0.73438750
f 328/328/328 329/329/329 330/330/330
v 0.27680085 0.50200000 1.38009260
vt 0.522921035 0.453007914
vn 0.88724930 0.24517890 0.39073775
v 0.27652487 0.50299880 1.38009254
vt 0.523224847 0.453007914
vn 0.88724930 0.24517890 0.39073775
v 0.27625685 0.50295650 1.38072768
vt 0.523212047 0.453508151
vn 0.88724930 0.24517890 0.39073775
f 331/331/331 332/332/332 333/333/333
v 0.27680085 0.50200000 1.38009260
vt 0.522390965 0.453495005
vn 0.89133560 0.26067017 0.37090687
v 0.27625685 0.50295650 1.38072768
vt 0.522935341 0.453762076
vn 0.89133560 0.26067017 0.37090687
v 0.27652487 0.50200010 1.38075571
vt 0.522959435 0.453495005
vn 0.89133560 0.26067017 0.37090687
f 334/334/334 335/335/335 336/336/336
v 0.27652487 0.50299880 1.38009254
vt 0.522390965 0.454045751
vn 0.65828355 0.67992859 0.32304781
v 0.27576667 0.50373290 1.38009254
vt 0.522390965 0.454023611
vn 0.65828355 0.67992859 0.32304781
v 0.27572298 0.50347330 1.38072768
vt 0.522935341 0.454022227
vn 0.65828355 0.67992859 0.32304781
f 337/337/337 338/338/338 339/339/339
v 0.27652487 0.50299880 1.38009254
vt 0.522390965 0.454045751
vn 0.65828022 0.67993668 0.32303755
v 0.27572298 0.50347330 1.38072768
vt 0.522935341 0.454022227
vn 0.65828022 0.67993668 0.32303755
v 0.27625685 0.50295650 1.38072768
vt 0.522935341 0.454038141
vn 0.65828022 0.67993668 0.32303755
f 340/340/340 341/341/341 342/342/342
v 0.27473517 0.50400000 1.38009260
vt 0.522390965 0.453993859
vn 0.24644435 0.89894970 0.36215276
v 0.27473517 0.50373290 1.38075571
vt 0.522959435 0.453993859
vn 0.24644435 0.89894970 0.36215276
v 0.27572298 0.50347330 1.38072768
vt 0.522935341 0.454022227
vn 0.24644435 0.89894970 0.36215276
f 343/343/343 344/344/344 345/345/345
v 0.27473517 0.50400000 1.38009260
vt 0.523463529 0.453007914
vn 0.23177843 0.89482117 0.38154139
v 0.27572298 0.50347330 1.38072768
vt 0.523495153 0.453508151
vn 0.23177843 0.89482117 0.38154139
v 0.27576667 0.50373290 1.38009254
vt 0.523496282 0.453007914
vn 0.23177843 0.89482117 0.38154139
f 346/346/346 347/347/347 348/348/348
v 0.27473517 0.50373290 1.38075571
vt 0.523463529 0.453530292
vn 0.16670425 0.54554081 0.82133728
v 0.27473517 0.50299880 1.38124329
vt 0.523463529 0.453914292
vn 0.16670425 0.54554081 0.82133728
v 0.27572298 0.50295650 1.38107089
vt 0.523495153 0.453778681
vn 0.16670425 0.54554081 0.82133728
f 349/349/349 350/350/350 351/351/351
v 0.27473517 0.50373290 1.38075571
vt 0.523463529 0.453979330
vn 0.16660226 0.54544520 0.82142147
v 0.27572298 0.50295650 1.38107089
vt 0.523495153 0.453762076
vn 0.16660226 0.54544520 0.82142147
v 0.27572298 0.50347330 1.38072768
vt 0.523495153 0.453906681
vn 0.16660226 0.54544520 0.82142147
f 352/352/352 353/353/353 354/354/354
v 0.27473517 0.50200000 1.38142081
vt 0.523463529 0.453495005
vn 0.16672796 0.18230424 0.96900307
v 0.27576667 0.50200010 1.38124329
vt 0.523496282 0.453495005
vn 0.16672796 0.18230424 0.96900307
v 0.27572298 0.50295650 1.38107089
vt 0.523495153 0.453762076
vn 0.16672796 0.18230424 0.96900307
f 355/355/355 356/356/356 357/357/357
v 0.27473517 0.50200000 1.38142081
vt 0.522921035 0.453993859
vn 0.17652768 0.17222272 0.96911161
v 0.27572298 0.50295650 1.38107089
vt 0.523212047 0.454022227
vn 0.17652768 0.17222272 0.96911161
v 0.27473517 0.50299880 1.38124329
vt 0.523224847 0.453993859
vn 0.17652768 0.17222272 0.96911161
f 358/358/358 359/359/359 360/360/360
v 0.27576667 0.50200010 1.38124329
vt 0.522921035 0.453914292
vn 0.53267327 0.17355674 0.82833402
v 0.27652487 0.50200010 1.38075571
vt 0.522921035 0.453530292
vn 0.53267327 0.17355674 0.82833402
v 0.27625685 0.50295650 1.38072768
vt 0.523212047 0.453508151
vn 0.53267327 0.17355674 0.82833402
f 361/361/361 362/362/362 363/363/363
v 0.27576667 0.50200010 1.38124329
vt 0.522921035 0.454023611
vn 0.53255333 0.17364928 0.82839174
v 0.27625685 0.50295650 1.38072768
vt 0.523212047 0.454038141
vn 0.53255333 0.17364928 0.82839174
v 0.27572298 0.50295650 1.38107089
vt 0.523212047 0.454022227
vn 0.53255333 0.17364928 0.82839174
f 364/364/364 365/365/365 366/366/366
v 0.27625685 0.50295650 1.38072768
vt 0.523512094 0.453762076
vn 0.47211383 0.48764569 0.73437743
v 0.27572298 0.50347330 1.38072768
vt 0.523495153 0.453906681
vn 0.47211383 0.48764569 0.73437743
v 0.27572298 0.50295650 1.38107089
vt 0.523495153 0.453762076
vn 0.47211383 0.48764569 0.73437743
f 367/367/367 368/368/368 369/369/369
v -0.27680085 0.50200000 1.38009260
vt 0.522390965 0.453495005
vn -0.89136548 0.26067637 0.37083071
v -0.27652487 0.50200010 1.38075584
vt 0.522959435 0.453495005
vn -0.89136548 0.26067637 0.37083071
v -0.27625685 0.50295650 1.38072782
vt 0.522935341 0.453762076
vn -0.89136548 0.26067637 0.37083071
f 370/370/370 371/371/371 372/372/372
v -0.27680085 0.50200000 1.38009260
vt 0.522921035 0.453007914
vn -0.88726423 0.24512108 0.39074013
v -0.27625685 0.50295650 1.38072782
vt 0.523212047 0.453508151
vn -0.88726423 0.24512108 0.39074013
v -0.27652487 0.50299880 1.38009267
vt 0.523224847 0.453007914
vn -0.88726423 0.24512108 0.39074013
f 373/373/373 374/374/374 375/375/375
v -0.27652487 0.50200010 1.38075584
vt 0.522921035 0.453530292
vn -0.53266517 0.17364171 0.82832142
v -0.27576667 0.50200010 1.38124342
vt 0.522921035 0.453914292
vn -0.53266517 0.17364171 0.82832142
v -0.27572298 0.50295650 1.38107102
vt 0.523212047 0.453778681
vn -0.53266517 0.17364171 0.82832142
f 376/376/376 377/377/377 378/378/378
v -0.27652487 0.50200010 1.38075584
vt 0.522921035 0.437845795
vn -0.53256483 0.17352860 0.82840964
v -0.27572298 0.50295650 1.38107102
vt 0.523212047 0.437869319
vn -0.53256483 0.17352860 0.82840964
v -0.27625685 0.50295650 1.38072782
vt 0.523212047 0.437854097
vn -0.53256483 0.17352860 0.82840964
f 379/379/379 380/380/380 381/381/381
v -0.27473517 0.50200000 1.38142081
vt 0.522921035 0.437898378
vn -0.17652599 0.17207388 0.96913836
v -0.27473517 0.50299880 1.38124342
vt 0.523224847 0.437898378
vn -0.17652599 0.17207388 0.96913836
v -0.27572298 0.50295650 1.38107102
vt 0.523212047 0.437869319
vn -0.17652599 0.17207388 0.96913836
f 382/382/382 383/383/383 384/384/384
v -0.27473517 0.50200000 1.38142081
vt 0.505948235 0.453495005
vn -0.16658359 0.18230217 0.96902829
v -0.27572298 0.50295650 1.38107102
vt 0.505916612 0.453762076
vn -0.16658359 0.18230217 0.96902829
v -0.27576667 0.50200010 1.38124342
vt 0.505915482 0.453495005
vn -0.16658359 0.18230217 0.96902829
f 385/385/385 386/386/386 387/387/387
v -0.27473517 0.50299880 1.38124342
vt 0.505948235 0.453914292
vn -0.16662715 0.54554796 0.82134817
v -0.27473517 0.50373290 1.38075584
vt 0.505948235 0.453530292
vn -0.16662715 0.54554796 0.82134817
v -0.27572298 0.50347330 1.38072782
vt 0.505916612 0.453508151
vn -0.16662715 0.54554796 0.82134817
f 388/388/388 389/389/389 390/390/390
v -0.27473517 0.50299880 1.38124342
vt 0.505948235 0.453773838
vn -0.16671168 0.54543497 0.82140606
v -0.27572298 0.50347330 1.38072782
vt 0.505916612 0.453906681
vn -0.16671168 0.54543497 0.82140606
v -0.27572298 0.50295650 1.38107102
vt 0.505916612 0.453762076
vn -0.16671168 0.54543497 0.82140606
f 391/391/391 392/392/392 393/393/393
v -0.27473517 0.50400000 1.38009260
vt 0.505948235 0.453007914
vn -0.23172335 0.89483466 0.38154320
v -0.27576667 0.50373290 1.38009267
vt 0.505915482 0.453007914
vn -0.23172335 0.89483466 0.38154320
v -0.27572298 0.50347330 1.38072782
vt 0.505916612 0.453508151
vn -0.23172335 0.89483466 0.38154320
f 394/394/394 395/395/395 396/396/396
v -0.27473517 0.50400000 1.38009260
vt 0.522390965 0.437898378
vn -0.24644968 0.89897845 0.36207775
v -0.27572298 0.50347330 1.38072782
vt 0.522935341 0.437869319
vn -0.24644968 0.89897845 0.36207775
v -0.27473517 0.50373290 1.38075584
vt 0.522959435 0.437898378
vn -0.24644968 0.89897845 0.36207775
f 397/397/397 398/398/398 399/399/399
v -0.27576667 0.50373290 1.38009267
vt 0.522390965 0.437867935
vn -0.65828554 0.67993065 0.32303942
v -0.27652487 0.50299880 1.38009267
vt 0.522390965 0.437845795
vn -0.65828554 0.67993065 0.32303942
v -0.27625685 0.50295650 1.38072782
vt 0.522935341 0.437854097
vn -0.65828554 0.67993065 0.32303942
f 400/400/400 401/401/401 402/402/402
v -0.27576667 0.50373290 1.38009267
vt 0.522390965 0.437867935
vn -0.65827732 0.67993379 0.32304954
v -0.27625685 0.50295650 1.38072782
vt 0.522935341 0.437854097
vn -0.65827732 0.67993379 0.32304954
v -0.27572298 0.50347330 1.38072782
vt 0.522935341 0.437869319
vn -0.65827732 0.67993379 0.32304954
f 403/403/403 404/404/404 405/405/405
v -0.27625685 0.50295650 1.38072782
vt 0.505899671 0.453762076
vn -0.47211383 0.48764569 0.73437743
v -0.27572298 0.50295650 1.38107102
vt 0.505916612 0.453762076
vn -0.47211383 0.48764569 0.73437743
v -0.27572298 0.50347330 1.38072782
vt 0.505916612 0.453906681
vn -0.47211383 0.48764569 0.73437743
f 406/406/406 407/407/407 408/408/408
v -0.27473517 0.44800000 1.36083356
vt 0.505948235 0.438397232
vn -0.00000000 -0.17491037 -0.98458436
v 0.27473517 0.44800000 1.36083356
vt 0.523463529 0.438397232
vn -0.00000000 -0.17491037 -0.98458436
v 0.27473517 0.44700130 1.36101101
vt 0.523463529 0.438117708
vn -0.00000000 -0.17491037 -0.98458436
f 409/409/409 410/410/410 411/411/411
v -0.27473517 0.44800000 1.36083356
vt 0.505948235 0.438397232
vn 0.00000000 -0.17491035 -0.98458436
v 0.27473517 0.44700130 1.36101101
vt 0.523463529 0.438117708
vn 0.00000000 -0.17491035 -0.98458436
v -0.27473517 0.44700130 1.36101101
vt 0.505948235 0.438117708
vn 0.00000000 -0.17491035 -0.98458436
f 412/412/412 413/413/413 414/414/414
v -0.27473517 0.44700130 1.36101101
vt 0.505948235 0.437977254
vn -0.00000000 -0.55326731 -0.83300377
v 0.27473517 0.44700130 1.36101101
vt 0.523463529 0.437977254
vn -0.00000000 -0.55326731 -0.83300377
v 0.27473517 0.44626720 1.36149859
vt 0.523463529 0.438361946
vn -0.00000000 -0.55326731 -0.83300377
f 415/415/415 416/416/416 417/417/417
v -0.27473517 0.44700130 1.36101101
vt 0.505948235 0.437977254
vn 0.00000000 -0.55326731 -0.83300377
v 0.27473517 0.44626720 1.36149859
vt 0.523463529 0.438361946
vn 0.00000000 -0.55326731 -0.83300377
v -0.27473517 0.44626720 1.36149859
vt 0.505948235 0.438361946
vn 0.00000000 -0.55326731 -0.83300377
f 418/418/418 419/419/419 420/420/420
v -0.27473517 0.44626720 1.36149859
vt 0.505948235 0.438361946
vn -0.00000000 -0.92754094 -0.37372157
v 0.27473517 0.44626720 1.36149859
vt 0.523463529 0.438361946
vn -0.00000000 -0.92754094 -0.37372157
v 0.27473517 0.44600000 1.36216177
vt 0.523463529 0.438884324
vn -0.00000000 -0.92754094 -0.37372157
f 421/421/421 422/422/422 423/423/423
v -0.27473517 0.44626720 1.36149859
vt 0.505948235 0.438361946
vn 0.00000000 -0.92754092 -0.37372160
v 0.27473517 0.44600000 1.36216177
vt 0.523463529 0.438884324
vn 0.00000000 -0.92754092 -0.37372160
v -0.27473517 0.44600000 1.36216177
vt 0.505948235 0.438884324
vn 0.00000000 -0.92754092 -0.37372160
f 424/424/424 425/425/425 426/426/426
v -0.27680085 0.44800000 1.36216177
vt 0.506490729 0.438884324
vn -0.92326206 -0.00000000 -0.38417075
v -0.27680085 0.50200000 1.36216177
vt 0.522921035 0.438884324
vn -0.92326206 -0.00000000 -0.38417075
v -0.27652487 0.50200010 1.36149859
vt 0.522921035 0.438361946
vn -0.92326206 -0.00000000 -0.38417075
f 427/427/427 428/428/428 429/429/429
v -0.27680085 0.44800000 1.36216177
vt 0.506490729 0.438884324
vn -0.92326206 0.00000000 -0.38417075
v -0.27652487 0.50200010 1.36149859
vt 0.522921035 0.438361946
vn -0.92326206 0.00000000 -0.38417075
v -0.27652487 0.44800000 1.36149859
vt 0.506490729 0.438361946
vn -0.92326206 0.00000000 -0.38417075
f 430/430/430 431/431/431 432/432/432
v -0.27652487 0.44800000 1.36149859
vt 0.506490729 0.438361946
vn -0.54088183 -0.00000000 -0.84109859
v -0.27652487 0.50200010 1.36149859
vt 0.522921035 0.438361946
vn -0.54088183 -0.00000000 -0.84109859
v -0.27576667 0.50200010 1.36101101
vt 0.522921035 0.437977254
vn -0.54088183 -0.00000000 -0.84109859
f 433/433/433 434/434/434 435/435/435
v -0.27652487 0.44800000 1.36149859
vt 0.506490729 0.438361946
vn -0.54088183 0.00000000 -0.84109859
v -0.27576667 0.50200010 1.36101101
vt 0.522921035 0.437977254
vn -0.54088183 0.00000000 -0.84109859
v -0.27576667 0.44800000 1.36101101
vt 0.506490729 0.437977254
vn -0.54088183 0.00000000 -0.84109859
f 436/436/436 437/437/437 438/438/438
v -0.27576667 0.44800000 1.36101101
vt 0.506490729 0.437867935
vn -0.16950655 -0.00000000 -0.98552906
v -0.27576667 0.50200010 1.36101101
vt 0.522921035 0.437867935
vn -0.16950655 -0.00000000 -0.98552906
v -0.27473517 0.50200000 1.36083356
vt 0.522921035 0.437898378
vn -0.16950655 -0.00000000 -0.98552906
f 439/439/439 440/440/440 441/441/441
v -0.27576667 0.44800000 1.36101101
vt 0.506490729 0.437867935
vn -0.16950655 0.00000000 -0.98552906
v -0.27473517 0.50200000 1.36083356
vt 0.522921035 0.437898378
vn -0.16950655 0.00000000 -0.98552906
v -0.27473517 0.44800000 1.36083356
vt 0.506490729 0.437898378
vn -0.16950655 0.00000000 -0.98552906
f 442/442/442 443/443/443 444/444/444
v 0.27473517 0.50200000 1.36083356
vt 0.523463529 0.453495005
vn 0.00000000 0.17490024 -0.98458616
v -0.27473517 0.50200000 1.36083356
vt 0.505948235 0.453495005
vn 0.00000000 0.17490024 -0.98458616
v -0.27473517 0.50299880 1.36101101
vt 0.505948235 0.453773838
vn 0.00000000 0.17490024 -0.98458616
f 445/445/445 446/446/446 447/447/447
v 0.27473517 0.50200000 1.36083356
vt 0.523463529 0.453495005
vn 0.00000000 0.17490025 -0.98458616
v -0.27473517 0.50299880 1.36101101
vt 0.505948235 0.453773838
vn 0.00000000 0.17490025 -0.98458616
v 0.27473517 0.50299880 1.36101101
vt 0.523463529 0.453773838
vn 0.00000000 0.17490025 -0.98458616
f 448/448/448 449/449/449 450/450/450
v 0.27473517 0.50299880 1.36101101
vt 0.523463529 0.437977254
vn 0.00000000 0.55328290 -0.83299342
v -0.27473517 0.50299880 1.36101101
vt 0.505948235 0.437977254
vn 0.00000000 0.55328290 -0.83299342
v -0.27473517 0.50373290 1.36149859
vt 0.505948235 0.438361946
vn 0.00000000 0.55328290 -0.83299342
f 451/451/451 452/452/452 453/453/453
v 0.27473517 0.50299880 1.36101101
vt 0.523463529 0.437977254
vn 0.00000000 0.55328290 -0.83299342
v -0.27473517 0.50373290 1.36149859
vt 0.505948235 0.438361946
vn 0.00000000 0.55328290 -0.83299342
v 0.27473517 0.50373290 1.36149859
vt 0.523463529 0.438361946
vn 0.00000000 0.55328290 -0.83299342
f 454/454/454 455/455/455 456/456/456
v 0.27473517 0.50373290 1.36149859
vt 0.523463529 0.438361946
vn 0.00000000 0.92756982 -0.37364989
v -0.27473517 0.50373290 1.36149859
vt 0.505948235 0.438361946
vn 0.00000000 0.92756982 -0.37364989
v -0.27473517 0.50400000 1.36216177
vt 0.505948235 0.438884324
vn 0.00000000 0.92756982 -0.37364989
f 457/457/457 458/458/458 459/459/459
v 0.27473517 0.50373290 1.36149859
vt 0.523463529 0.438361946
vn 0.00000000 0.92756982 -0.37364989
v -0.27473517 0.50400000 1.36216177
vt 0.505948235 0.438884324
vn 0.00000000 0.92756982 -0.37364989
v 0.27473517 0.50400000 1.36216177
vt 0.523463529 0.438884324
vn 0.00000000 0.92756982 -0.37364989
f 460/460/460 461/461/461 462/462/462
v 0.27473517 0.44800000 1.36083356
vt 0.506490729 0.453993859
vn 0.16950655 0.00000000 -0.98552906
v 0.27473517 0.50200000 1.36083356
vt 0.522921035 0.453993859
vn 0.16950655 0.00000000 -0.98552906
v 0.27576667 0.50200010 1.36101101
vt 0.522921035 0.454023611
vn 0.16950655 0.00000000 -0.98552906
f 463/463/463 464/464/464 465/465/465
v 0.27473517 0.44800000 1.36083356
vt 0.506490729 0.453993859
vn 0.16951141 -0.00000007 -0.98552822
v 0.27576667 0.50200010 1.36101101
vt 0.522921035 0.454023611
vn 0.16951141 -0.00000007 -0.98552822
v 0.27576667 0.44800000 1.36101101
vt 0.506490729 0.454023611
vn 0.16951141 -0.00000007 -0.98552822
f 466/466/466 467/467/467 468/468/468
v 0.27576667 0.44800000 1.36101101
vt 0.506490729 0.437977254
vn 0.54088183 -0.00000032 -0.84109859
v 0.27576667 0.50200010 1.36101101
vt 0.522921035 0.437977254
vn 0.54088183 -0.00000032 -0.84109859
v 0.27652487 0.50200010 1.36149859
vt 0.522921035 0.438361946
vn 0.54088183 -0.00000032 -0.84109859
f 469/469/469 470/470/470 471/471/471
v 0.27576667 0.44800000 1.36101101
vt 0.506490729 0.437977254
vn 0.54088183 -0.00000032 -0.84109859
v 0.27652487 0.50200010 1.36149859
vt 0.522921035 0.438361946
vn 0.54088183 -0.00000032 -0.84109859
v 0.27652487 0.44800000 1.36149859
vt 0.506490729 0.438361946
vn 0.54088183 -0.00000032 -0.84109859
f 472/472/472 473/473/473 474/474/474
v 0.27652487 0.44800000 1.36149859
vt 0.506490729 0.438361946
vn 0.92326206 -0.00000049 -0.38417075
v 0.27652487 0.50200010 1.36149859
vt 0.522921035 0.438361946
vn 0.92326206 -0.00000049 -0.38417075
v 0.27680085 0.50200000 1.36216177
vt 0.522921035 0.438884324
vn 0.92326206 -0.00000049 -0.38417075
f 475/475/475 476/476/476 477/477/477
v 0.27652487 0.44800000 1.36149859
vt 0.506490729 0.438361946
vn 0.92324686 0.00000000 -0.38420728
v 0.27680085 0.50200000 1.36216177
vt 0.522921035 0.438884324
vn 0.92324686 0.00000000 -0.38420728
v 0.27680085 0.44800000 1.36216177
vt 0.506490729 0.438884324
vn 0.92324686 0.00000000 -0.38420728
f 478/478/478 479/479/479 480/480/480
v -0.27473517 0.44800000 1.38142081
vt 0.506490729 0.437898378
vn -0.16943304 0.00000000 0.98554170
v -0.27473517 0.50200000 1.38142081
vt 0.522921035 0.437898378
vn -0.16943304 0.00000000 0.98554170
v -0.27576667 0.50200010 1.38124342
vt 0.522921035 0.437867935
vn -0.16943304 0.00000000 0.98554170
f 481/481/481 482/482/482 483/483/483
v -0.27473517 0.44800000 1.38142081
vt 0.506490729 0.437898378
vn -0.16958001 -0.00000291 0.98551642
v -0.27576667 0.50200010 1.38124342
vt 0.522921035 0.437867935
vn -0.16958001 -0.00000291 0.98551642
v -0.27576667 0.44800000 1.38124329
vt 0.506490729 0.437867935
vn -0.16958001 -0.00000291 0.98551642
f 484/484/484 485/485/485 486/486/486
v -0.27576667 0.44800000 1.38124329
vt 0.506490729 0.453914292
vn -0.54088183 -0.00000245 0.84109859
v -0.27576667 0.50200010 1.38124342
vt 0.522921035 0.453914292
vn -0.54088183 -0.00000245 0.84109859
v -0.27652487 0.50200010 1.38075584
vt 0.522921035 0.453530292
vn -0.54088183 -0.00000245 0.84109859
f 487/487/487 488/488/488 489/489/489
v -0.27576667 0.44800000 1.38124329
vt 0.506490729 0.453914292
vn -0.54088183 -0.00000245 0.84109859
v -0.27652487 0.50200010 1.38075584
vt 0.522921035 0.453530292
vn -0.54088183 -0.00000245 0.84109859
v -0.27652487 0.44800000 1.38075571
vt 0.506490729 0.453530292
vn -0.54088183 -0.00000245 0.84109859
f 490/490/490 491/491/491 492/492/492
v -0.27652487 0.44800000 1.38075571
vt 0.506490729 0.453530292
vn -0.92327834 -0.00000109 0.38413162
v -0.27652487 0.50200010 1.38075584
vt 0.522921035 0.453530292
vn -0.92327834 -0.00000109 0.38413162
v -0.27680085 0.50200000 1.38009260
vt 0.522921035 0.453007914
vn -0.92327834 -0.00000109 0.38413162
f 493/493/493 494/494/494 495/495/495
v -0.27652487 0.44800000 1.38075571
vt 0.506490729 0.453530292
vn -0.92324584 0.00000000 0.38420973
v -0.27680085 0.50200000 1.38009260
vt 0.522921035 0.453007914
vn -0.92324584 0.00000000 0.38420973
v -0.27680085 0.44800000 1.38009260
vt 0.506490729 0.453007914
vn -0.92324584 0.00000000 0.38420973
f 496/496/496 497/497/497 498/498/498
v -0.27473517 0.44600000 1.38009260
vt 0.505948235 0.453007914
vn 0.00000000 -0.92752546 0.37375999
v 0.27473517 0.44600000 1.38009260
vt 0.523463529 0.453007914
vn 0.00000000 -0.92752546 0.37375999
v 0.27473517 0.44626720 1.38075571
vt 0.523463529 0.453530292
vn 0.00000000 -0.92752546 0.37375999
f 499/499/499 500/500/500 501/501/501
v -0.27473517 0.44600000 1.38009260
vt 0.505948235 0.453007914
vn 0.00000000 -0.92752546 0.37375999
v 0.27473517 0.44626720 1.38075571
vt 0.523463529 0.453530292
vn 0.00000000 -0.92752546 0.37375999
v -0.27473517 0.44626720 1.38075571
vt 0.505948235 0.453530292
vn 0.00000000 -0.92752546 0.37375999
f 502/502/502 503/503/503 504/504/504
v -0.27473517 0.44626720 1.38075571
vt 0.505948235 0.453530292
vn 0.00000000 -0.55326731 0.83300377
v 0.27473517 0.44626720 1.38075571
vt 0.523463529 0.453530292
vn 0.00000000 -0.55326731 0.83300377
v 0.27473517 0.44700130 1.38124329
vt 0.523463529 0.453914292
vn 0.00000000 -0.55326731 0.83300377
f 505/505/505 506/506/506 507/507/507
v -0.27473517 0.44626720 1.38075571
vt 0.505948235 0.453530292
vn 0.00000000 -0.55326731 0.83300377
v 0.27473517 0.44700130 1.38124329
vt 0.523463529 0.453914292
vn 0.00000000 -0.55326731 0.83300377
v -0.27473517 0.44700130 1.38124329
vt 0.505948235 0.453914292
vn 0.00000000 -0.55326731 0.83300377
f 508/508/508 509/509/509 510/510/510
v -0.27473517 0.44700130 1.38124329
vt 0.505948235 0.438117708
vn 0.00000000 -0.17498603 0.98457092
v 0.27473517 0.44700130 1.38124329
vt 0.523463529 0.438117708
vn 0.00000000 -0.17498603 0.98457092
v 0.27473517 0.44800000 1.38142081
vt 0.523463529 0.438397232
vn 0.00000000 -0.17498603 0.98457092
f 511/511/511 512/512/512 513/513/513
v -0.27473517 0.44700130 1.38124329
vt 0.505948235 0.438117708
vn 0.00000000 -0.17498603 0.98457092
v 0.27473517 0.44800000 1.38142081
vt 0.523463529 0.438397232
vn 0.00000000 -0.17498603 0.98457092
v -0.27473517 0.44800000 1.38142081
vt 0.505948235 0.438397232
vn 0.00000000 -0.17498603 0.98457092
f 514/514/514 515/515/515 516/516/516
v 0.27680085 0.44800000 1.38009260
vt 0.506490729 0.453007914
vn 0.92324584 0.00000000 0.38420973
v 0.27680085 0.50200000 1.38009260
vt 0.522921035 0.453007914
vn 0.92324584 0.00000000 0.38420973
v 0.27652487 0.50200010 1.38075571
vt 0.522921035 0.453530292
vn 0.92324584 0.00000000 0.38420973
f 517/517/517 518/518/518 519/519/519
v 0.27680085 0.44800000 1.38009260
vt 0.506490729 0.453007914
vn 0.92324579 -0.00000000 0.38420985
v 0.27652487 0.50200010 1.38075571
vt 0.522921035 0.453530292
vn 0.92324579 -0.00000000 0.38420985
v 0.27652487 0.44800000 1.38075571
vt 0.506490729 0.453530292
vn 0.92324579 -0.00000000 0.38420985
f 520/520/520 521/521/521 522/522/522
v 0.27652487 0.44800000 1.38075571
vt 0.506490729 0.453530292
vn 0.54088183 0.00000000 0.84109859
v 0.27652487 0.50200010 1.38075571
vt 0.522921035 0.453530292
vn 0.54088183 0.00000000 0.84109859
v 0.27576667 0.50200010 1.38124329
vt 0.522921035 0.453914292
vn 0.54088183 0.00000000 0.84109859
f 523/523/523 524/524/524 525/525/525
v 0.27652487 0.44800000 1.38075571
vt 0.506490729 0.453530292
vn 0.54088183 -0.00000000 0.84109859
v 0.27576667 0.50200010 1.38124329
vt 0.522921035 0.453914292
vn 0.54088183 -0.00000000 0.84109859
v 0.27576667 0.44800000 1.38124329
vt 0.506490729 0.453914292
vn 0.54088183 -0.00000000 0.84109859
f 526/526/526 527/527/527 528/528/528
v 0.27576667 0.44800000 1.38124329
vt 0.506490729 0.454023611
vn 0.16958001 0.00000000 0.98551642
v 0.27576667 0.50200010 1.38124329
vt 0.522921035 0.454023611
vn 0.16958001 0.00000000 0.98551642
v 0.27473517 0.50200000 1.38142081
vt 0.522921035 0.453993859
vn 0.16958001 0.00000000 0.98551642
f 529/529/529 530/530/530 531/531/531
v 0.27576667 0.44800000 1.38124329
vt 0.506490729 0.454023611
vn 0.16958001 -0.00000000 0.98551642
v 0.27473517 0.50200000 1.38142081
vt 0.522921035 0.453993859
vn 0.16958001 -0.00000000 0.98551642
v 0.27473517 0.44800000 1.38142081
vt 0.506490729 0.453993859
vn 0.16958001 -0.00000000 0.98551642
f 532/532/532 533/533/533 534/534/534
v 0.27473517 0.50400000 1.38009260
vt 0.523463529 0.453007914
vn -0.00000000 0.92758529 0.37361146
v -0.27473517 0.50400000 1.38009260
vt 0.505948235 0.453007914
vn -0.00000000 0.92758529 0.37361146
v -0.27473517 0.50373290 1.38075584
vt 0.505948235 0.453530292
vn -0.00000000 0.92758529 0.37361146
f 535/535/535 536/536/536 537/537/537
v 0.27473517 0.50400000 1.38009260
vt 0.523463529 0.453007914
vn 0.00000009 0.92755435 0.37368828
v -0.27473517 0.50373290 1.38075584
vt 0.505948235 0.453530292
vn 0.00000009 0.92755435 0.37368828
v 0.27473517 0.50373290 1.38075571
vt 0.523463529 0.453530292
vn 0.00000009 0.92755435 0.37368828
f 538/538/538 539/539/539 540/540/540
v 0.27473517 0.50373290 1.38075571
vt 0.523463529 0.453530292
vn 0.00000023 0.55328290 0.83299342
v -0.27473517 0.50373290 1.38075584
vt 0.505948235 0.453530292
vn 0.00000023 0.55328290 0.83299342
v -0.27473517 0.50299880 1.38124342
vt 0.505948235 0.453914292
vn 0.00000023 0.55328290 0.83299342
f 541/541/541 542/542/542 543/543/543
v 0.27473517 0.50373290 1.38075571
vt 0.523463529 0.453530292
vn 0.00000023 0.55328290 0.83299342
v -0.27473517 0.50299880 1.38124342
vt 0.505948235 0.453914292
vn 0.00000023 0.55328290 0.83299342
v 0.27473517 0.50299880 1.38124329
vt 0.523463529 0.453914292
vn 0.00000023 0.55328290 0.83299342
f 544/544/544 545/545/545 546/546/546
v 0.27473517 0.50299880 1.38124329
vt 0.523463529 0.453773838
vn 0.00000026 0.17482460 0.98459959
v -0.27473517 0.50299880 1.38124342
vt 0.505948235 0.453773838
vn 0.00000026 0.17482460 0.98459959
v -0.27473517 0.50200000 1.38142081
vt 0.505948235 0.453495005
vn 0.00000026 0.17482460 0.98459959
f 547/547/547 548/548/548 549/549/549
v 0.27473517 0.50299880 1.38124329
vt 0.523463529 0.453773838
vn 0.00000000 0.17497589 0.98457272
v -0.27473517 0.50200000 1.38142081
vt 0.505948235 0.453495005
vn 0.00000000 0.17497589 0.98457272
v 0.27473517 0.50200000 1.38142081
vt 0.523463529 0.453495005
vn 0.00000000 0.17497589 0.98457272
f 550/550/550 551/551/551 552/552/552
v -0.27473517 0.44600000 1.36216177
vt 0.507020800 0.437898378
vn -0.25076973 -0.96804677 -0.00000000
v -0.27473517 0.44600000 1.38009260
vt 0.522390965 0.437898378
vn -0.25076973 -0.96804677 -0.00000000
v -0.27576667 0.44626720 1.38009254
vt 0.522390965 0.437867935
vn -0.25076973 -0.96804677 -0.00000000
f 553/553/553 554/554/554 555/555/555
v -0.27473517 0.44600000 1.36216177
vt 0.507020800 0.437898378
vn -0.25076973 -0.96804677 0.00000000
v -0.27576667 0.44626720 1.38009254
vt 0.522390965 0.437867935
vn -0.25076973 -0.96804677 0.00000000
v -0.27576667 0.44626720 1.36216177
vt 0.507020800 0.437867935
vn -0.25076973 -0.96804677 0.00000000
f 556/556/556 557/557/557 558/558/558
v -0.27576667 0.44626720 1.36216177
vt 0.507020800 0.437867935
vn -0.69559325 -0.71843582 -0.00000000
v -0.27576667 0.44626720 1.38009254
vt 0.522390965 0.437867935
vn -0.69559325 -0.71843582 -0.00000000
v -0.27652487 0.44700130 1.38009254
vt 0.522390965 0.437845795
vn -0.69559325 -0.71843582 -0.00000000
f 559/559/559 560/560/560 561/561/561
v -0.27576667 0.44626720 1.36216177
vt 0.507020800 0.437867935
vn -0.69559325 -0.71843582 0.00000000
v -0.27652487 0.44700130 1.38009254
vt 0.522390965 0.437845795
vn -0.69559325 -0.71843582 0.00000000
v -0.27652487 0.44700130 1.36216177
vt 0.507020800 0.437845795
vn -0.69559325 -0.71843582 0.00000000
f 562/562/562 563/563/563 564/564/564
v -0.27652487 0.44700130 1.36216177
vt 0.507020800 0.438117708
vn -0.96387998 -0.26633699 -0.00000000
v -0.27652487 0.44700130 1.38009254
vt 0.522390965 0.438117708
vn -0.96387998 -0.26633699 -0.00000000
v -0.27680085 0.44800000 1.38009260
vt 0.522390965 0.438397232
vn -0.96387998 -0.26633699 -0.00000000
f 565/565/565 566/566/566 567/567/567
v -0.27652487 0.44700130 1.36216177
vt 0.507020800 0.438117708
vn -0.96387998 -0.26633699 0.00000000
v -0.27680085 0.44800000 1.38009260
vt 0.522390965 0.438397232
vn -0.96387998 -0.26633699 0.00000000
v -0.27680085 0.44800000 1.36216177
vt 0.507020800 0.438397232
vn -0.96387998 -0.26633699 0.00000000
f 568/568/568 569/569/569 570/570/570
v 0.27680085 0.44800000 1.36216177
vt 0.507020800 0.438397232
vn 0.96387998 -0.26633699 0.00000000
v 0.27680085 0.44800000 1.38009260
vt 0.522390965 0.438397232
vn 0.96387998 -0.26633699 0.00000000
v 0.27652487 0.44700130 1.38009254
vt 0.522390965 0.438117708
vn 0.96387998 -0.26633699 0.00000000
f 571/571/571 572/572/572 573/573/573
v 0.27680085 0.44800000 1.36216177
vt 0.507020800 0.438397232
vn 0.96387237 -0.26636452 -0.00000171
v 0.27652487 0.44700130 1.38009254
vt 0.522390965 0.438117708
vn 0.96387237 -0.26636452 -0.00000171
v 0.27652487 0.44700130 1.36216177
vt 0.507020800 0.438117708
vn 0.96387237 -0.26636452 -0.00000171
f 574/574/574 575/575/575 576/576/576
v 0.27652487 0.44700130 1.36216177
vt 0.507020800 0.454045751
vn 0.69559325 -0.71843582 -0.00000122
v 0.27652487 0.44700130 1.38009254
vt 0.522390965 0.454045751
vn 0.69559325 -0.71843582 -0.00000122
v 0.27576667 0.44626720 1.38009254
vt 0.522390965 0.454023611
vn 0.69559325 -0.71843582 -0.00000122
f 577/577/577 578/578/578 579/579/579
v 0.27652487 0.44700130 1.36216177
vt 0.507020800 0.454045751
vn 0.69559325 -0.71843582 -0.00000122
v 0.27576667 0.44626720 1.38009254
vt 0.522390965 0.454023611
vn 0.69559325 -0.71843582 -0.00000122
v 0.27576667 0.44626720 1.36216177
vt 0.507020800 0.454023611
vn 0.69559325 -0.71843582 -0.00000122
f 580/580/580 581/581/581 582/582/582
v 0.27576667 0.44626720 1.36216177
vt 0.507020800 0.454023611
vn 0.25076973 -0.96804677 -0.00000045
v 0.27576667 0.44626720 1.38009254
vt 0.522390965 0.454023611
vn 0.25076973 -0.96804677 -0.00000045
v 0.27473517 0.44600000 1.38009260
vt 0.522390965 0.453993859
vn 0.25076973 -0.96804677 -0.00000045
f 583/583/583 584/584/584 585/585/585
v 0.27576667 0.44626720 1.36216177
vt 0.507020800 0.454023611
vn 0.25077673 -0.96804495 0.00000000
v 0.27473517 0.44600000 1.38009260
vt 0.522390965 0.453993859
vn 0.25077673 -0.96804495 0.00000000
v 0.27473517 0.44600000 1.36216177
vt 0.507020800 0.453993859
vn 0.25077673 -0.96804495 0.00000000
f 586/586/586 587/587/587 588/588/588
v 0.27473517 0.50400000 1.36216177
vt 0.507020800 0.453993859
vn 0.25071733 0.96806034 0.00000000
v 0.27473517 0.50400000 1.38009260
vt 0.522390965 0.453993859
vn 0.25071733 0.96806034 0.00000000
v 0.27576667 0.50373290 1.38009254
vt 0.522390965 0.454023611
vn 0.25071733 0.96806034 0.00000000
f 589/589/589 590/590/590 591/591/591
v 0.27473517 0.50400000 1.36216177
vt 0.507020800 0.453993859
vn 0.25071728 0.96806035 -0.00000000
v 0.27576667 0.50373290 1.38009254
vt 0.522390965 0.454023611
vn 0.25071728 0.96806035 -0.00000000
v 0.27576667 0.50373290 1.36216177
vt 0.507020800 0.454023611
vn 0.25071728 0.96806035 -0.00000000
f 592/592/592 593/593/593 594/594/594
v 0.27576667 0.50373290 1.36216177
vt 0.507020800 0.454023611
vn 0.69557868 0.71844993 0.00000000
v 0.27576667 0.50373290 1.38009254
vt 0.522390965 0.454023611
vn 0.69557868 0.71844993 0.00000000
v 0.27652487 0.50299880 1.38009254
vt 0.522390965 0.454045751
vn 0.69557868 0.71844993 0.00000000
f 595/595/595 596/596/596 597/597/597
v 0.27576667 0.50373290 1.36216177
vt 0.507020800 0.454023611
vn 0.69557868 0.71844993 -0.00000000
v 0.27652487 0.50299880 1.38009254
vt 0.522390965 0.454045751
vn 0.69557868 0.71844993 -0.00000000
v 0.27652487 0.50299880 1.36216177
vt 0.507020800 0.454045751
vn 0.69557868 0.71844993 -0.00000000
f 598/598/598 599/599/599 600/600/600
v 0.27652487 0.50299880 1.36216177
vt 0.507020800 0.453773838
vn 0.96388406 0.26632223 0.00000000
v 0.27652487 0.50299880 1.38009254
vt 0.522390965 0.453773838
vn 0.96388406 0.26632223 0.00000000
v 0.27680085 0.50200000 1.38009260
vt 0.522390965 0.453495005
vn 0.96388406 0.26632223 0.00000000
f 601/601/601 602/602/602 603/603/603
v 0.27652487 0.50299880 1.36216177
vt 0.507020800 0.453773838
vn 0.96388406 0.26632223 -0.00000000
v 0.27680085 0.50200000 1.38009260
vt 0.522390965 0.453495005
vn 0.96388406 0.26632223 -0.00000000
v 0.27680085 0.50200000 1.36216177
vt 0.507020800 0.453495005
vn 0.96388406 0.26632223 -0.00000000
f 604/604/604 605/605/605 606/606/606
v -0.27680085 0.50200000 1.36216177
vt 0.507020800 0.453495005
vn -0.96388406 0.26632223 0.00000000
v -0.27680085 0.50200000 1.38009260
vt 0.522390965 0.453495005
vn -0.96388406 0.26632223 0.00000000
v -0.27652487 0.50299880 1.38009267
vt 0.522390965 0.453773838
vn -0.96388406 0.26632223 0.00000000
f 607/607/607 608/608/608 609/609/609
v -0.27680085 0.50200000 1.36216177
vt 0.507020800 0.453495005
vn -0.96388406 0.26632220 0.00000000
v -0.27652487 0.50299880 1.38009267
vt 0.522390965 0.453773838
vn -0.96388406 0.26632220 0.00000000
v -0.27652487 0.50299880 1.36216177
vt 0.507020800 0.453773838
vn -0.96388406 0.26632220 0.00000000
f 610/610/610 611/611/611 612/612/612
v -0.27652487 0.50299880 1.36216177
vt 0.507020800 0.437845795
vn -0.69557868 0.71844993 0.00000000
v -0.27652487 0.50299880 1.38009267
vt 0.522390965 0.437845795
vn -0.69557868 0.71844993 0.00000000
v -0.27576667 0.50373290 1.38009267
vt 0.522390965 0.437867935
vn -0.69557868 0.71844993 0.00000000
f 613/613/613 614/614/614 615/615/615
v -0.27652487 0.50299880 1.36216177
vt 0.507020800 0.437845795
vn -0.69557868 0.71844993 0.00000000
v -0.27576667 0.50373290 1.38009267
vt 0.522390965 0.437867935
vn -0.69557868 0.71844993 0.00000000
v -0.27576667 0.50373290 1.36216177
vt 0.507020800 0.437867935
vn -0.69557868 0.71844993 0.00000000
f 616/616/616 617/617/617 618/618/618
v -0.27576667 0.50373290 1.36216177
vt 0.507020800 0.437867935
vn -0.25071728 0.96806035 0.00000000
v -0.27576667 0.50373290 1.38009267
vt 0.522390965 0.437867935
vn -0.25071728 0.96806035 0.00000000
v -0.27473517 0.50400000 1.38009260
vt 0.522390965 0.437898378
vn -0.25071728 0.96806035 0.00000000
f 619/619/619 620/620/620 621/621/621
v -0.27576667 0.50373290 1.36216177
vt 0.507020800 0.437867935
vn -0.25071733 0.96806034 0.00000000
v -0.27473517 0.50400000 1.38009260
vt 0.522390965 0.437898378
vn -0.25071733 0.96806034 0.00000000
v -0.27473517 0.50400000 1.36216177
vt 0.507020800 0.437898378
vn -0.25071733 0.96806034 0.00000000
f 622/622/622 623/623/623 624/624/624
v -0.27473517 0.44600000 1.36216177
vt 0.505948235 0.438884324
vn -0.00000000 -1.00000000 -0.00000000
v 0.27473517 0.44600000 1.36216177
vt 0.523463529 0.438884324
vn -0.00000000 -1.00000000 -0.00000000
v 0.27473517 0.44600000 1.38009260
vt 0.523463529 0.453007914
vn -0.00000000 -1.00000000 -0.00000000
f 625/625/625 626/626/626 627/627/627
v -0.27473517 0.44600000 1.36216177
vt 0.505948235 0.438884324
vn 0.00000000 -1.00000000 -0.00000000
v 0.27473517 0.44600000 1.38009260
vt 0.523463529 0.453007914
vn 0.00000000 -1.00000000 -0.00000000
v -0.27473517 0.44600000 1.38009260
vt 0.505948235 0.453007914
vn 0.00000000 -1.00000000 -0.00000000
f 628/628/628 629/629/629 630/630/630
v -0.27473517 0.44800000 1.36083356
vt 0.505948235 0.438397232
vn -0.00000000 -0.00000000 -1.00000000
v -0.27473517 0.50200000 1.36083356
vt 0.505948235 0.453495005
vn -0.00000000 -0.00000000 -1.00000000
v 0.27473517 0.50200000 1.36083356
vt 0.523463529 0.453495005
vn -0.00000000 -0.00000000 -1.00000000
f 631/631/631 632/632/632 633/633/633
v -0.27473517 0.44800000 1.36083356
vt 0.505948235 0.438397232
vn -0.00000000 0.00000000 -1.00000000
v 0.27473517 0.50200000 1.36083356
vt 0.523463529 0.453495005
vn -0.00000000 0.00000000 -1.00000000
v 0.27473517 0.44800000 1.36083356
vt 0.523463529 0.438397232
vn -0.00000000 0.00000000 -1.00000000
f 634/634/634 635/635/635 636/636/636
v -0.27680085 0.50200000 1.36216177
vt 0.522921035 0.438884324
vn -1.00000000 0.00000000 0.00000000
v -0.27680085 0.44800000 1.36216177
vt 0.506490729 0.438884324
vn -1.00000000 0.00000000 0.00000000
v -0.27680085 0.44800000 1.38009260
vt 0.506490729 0.453007914
vn -1.00000000 0.00000000 0.00000000
f 637/637/637 638/638/638 639/639/639
v -0.27680085 0.50200000 1.36216177
vt 0.522921035 0.438884324
vn -1.00000000 -0.00000000 -0.00000000
v -0.27680085 0.44800000 1.38009260
vt 0.506490729 0.453007914
vn -1.00000000 -0.00000000 -0.00000000
v -0.27680085 0.50200000 1.38009260
vt 0.522921035 0.453007914
vn -1.00000000 -0.00000000 -0.00000000
f 640/640/640 641/641/641 642/642/642
v 0.27680085 0.44800000 1.36216177
vt 0.506490729 0.438884324
vn 1.00000000 0.00000000 0.00000000
v 0.27680085 0.50200000 1.36216177
vt 0.522921035 0.438884324
vn 1.00000000 0.00000000 0.00000000
v 0.27680085 0.50200000 1.38009260
vt 0.522921035 0.453007914
vn 1.00000000 0.00000000 0.00000000
f 643/643/643 644/644/644 645/645/645
v 0.27680085 0.44800000 1.36216177
vt 0.506490729 0.438884324
vn 1.00000000 -0.00000000 0.00000000
v 0.27680085 0.50200000 1.38009260
vt 0.522921035 0.453007914
vn 1.00000000 -0.00000000 0.00000000
v 0.27680085 0.44800000 1.38009260
vt 0.506490729 0.453007914
vn 1.00000000 -0.00000000 0.00000000
f 646/646/646 647/647/647 648/648/648
v 0.27473517 0.50400000 1.36216177
vt 0.523463529 0.438884324
vn -0.00000000 1.00000000 0.00000000
v -0.27473517 0.50400000 1.36216177
vt 0.505948235 0.438884324
vn -0.00000000 1.00000000 0.00000000
v -0.27473517 0.50400000 1.38009260
vt 0.505948235 0.453007914
vn -0.00000000 1.00000000 0.00000000
f 649/649/649 650/650/650 651/651/651
v 0.27473517 0.50400000 1.36216177
vt 0.523463529 0.438884324
vn 0.00000000 1.00000000 0.00000000
v -0.27473517 0.50400000 1.38009260
vt 0.505948235 0.453007914
vn 0.00000000 1.00000000 0.00000000
v 0.27473517 0.50400000 1.38009260
vt 0.523463529 0.453007914
vn 0.00000000 1.00000000 0.00000000
f 652/652/652 653/653/653 654/654/654
v -0.27473517 0.44800000 1.38142081
vt 0.505948235 0.438397232
vn 0.00000000 0.00000000 1.00000000
v 0.27473517 0.44800000 1.38142081
vt 0.523463529 0.438397232
vn 0.00000000 0.00000000 1.00000000
v 0.27473517 0.50200000 1.38142081
vt 0.523463529 0.453495005
vn 0.00000000 0.00000000 1.00000000
f 655/655/655 656/656/656 657/657/657
v -0.27473517 0.44800000 1.38142081
vt 0.505948235 0.438397232
vn -0.00000000 0.00000000 1.00000000
v 0.27473517 0.50200000 1.38142081
vt 0.523463529 0.453495005
vn -0.00000000 0.00000000 1.00000000
v -0.27473517 0.50200000 1.38142081
vt 0.505948235 0.453495005
vn -0.00000000 0.00000000 1.00000000
f 658/658/658 659/659/659 660/660/660
usemtl wood
v -0.00929555 0.45400000 0.90592330
vt 0.507486494 0.437861016
vn -0.23179264 -0.89481700 -0.38154253
v -0.01032705 0.45426720 0.90592330
vt 0.506685365 0.437861016
vn -0.23179264 -0.89481700 -0.38154253
v -0.01028336 0.45452670 0.90528815
vt 0.506719624 0.437849946
vn -0.23179264 -0.89481700 -0.38154253
f 661/661/661 662/662/662 663/663/663
v -0.00929555 0.45400000 0.90592330
vt 0.505907576 0.439311914
vn -0.24645564 -0.89894409 -0.36215901
v -0.01028336 0.45452670 0.90528815
vt 0.505895529 0.438606876
vn -0.24645564 -0.89894409 -0.36215901
v -0.00929555 0.45426720 0.90526012
vt 0.505894776 0.439311914
vn -0.24645564 -0.89894409 -0.36215901
f 664/664/664 665/665/665 666/666/666
v -0.01032705 0.45426720 0.90592330
vt 0.505907576 0.437928130
vn -0.65829344 -0.67991025 -0.32306625
v -0.01108525 0.45500130 0.90592330
vt 0.505907576 0.438175827
vn -0.65829344 -0.67991025 -0.32306625
v -0.01081723 0.45504360 0.90528815
vt 0.505895529 0.438190357
vn -0.65829344 -0.67991025 -0.32306625
f 667/667/667 668/668/668 669/669/669
v -0.01032705 0.45426720 0.90592330
vt 0.505907576 0.437928130
vn -0.65831106 -0.67990351 -0.32304453
v -0.01081723 0.45504360 0.90528815
vt 0.505895529 0.438190357
vn -0.65831106 -0.67990351 -0.32304453
v -0.01028336 0.45452670 0.90528815
vt 0.505895529 0.438016000
vn -0.65831106 -0.67990351 -0.32304453
f 670/670/670 671/671/671 672/672/672
v -0.01136123 0.45600000 0.90592330
vt 0.505907576 0.438513470
vn -0.89133083 -0.26070625 -0.37089299
v -0.01108525 0.45600000 0.90526012
vt 0.505894776 0.438513470
vn -0.89133083 -0.26070625 -0.37089299
v -0.01081723 0.45504360 0.90528815
vt 0.505895529 0.438190357
vn -0.89133083 -0.26070625 -0.37089299
f 673/673/673 674/674/674 675/675/675
v -0.01136123 0.45600000 0.90592330
vt 0.506617600 0.437861016
vn -0.88723636 -0.24518081 -0.39076594
v -0.01081723 0.45504360 0.90528815
vt 0.506265976 0.437849946
vn -0.88723636 -0.24518081 -0.39076594
v -0.01108525 0.45500130 0.90592330
vt 0.506250541 0.437861016
vn -0.88723636 -0.24518081 -0.39076594
f 676/676/676 677/677/677 678/678/678
v -0.01108525 0.45600000 0.90526012
vt 0.506617600 0.438034681
vn -0.53261015 -0.17358196 -0.82836932
v -0.01032705 0.45600000 0.90477261
vt 0.506617600 0.438575741
vn -0.53261015 -0.17358196 -0.82836932
v -0.01028336 0.45504360 0.90494494
vt 0.506265976 0.438606876
vn -0.53261015 -0.17358196 -0.82836932
f 679/679/679 680/680/680 681/681/681
v -0.01108525 0.45600000 0.90526012
vt 0.506617600 0.438034681
vn -0.53261686 -0.17358946 -0.82836344
v -0.01028336 0.45504360 0.90494494
vt 0.506265976 0.438606876
vn -0.53261686 -0.17358946 -0.82836344
v -0.01081723 0.45504360 0.90528815
vt 0.506265976 0.438226335
vn -0.53261686 -0.17358946 -0.82836344
f 682/682/682 683/683/683 684/684/684
v -0.00929555 0.45600000 0.90459509
vt 0.506617600 0.439311914
vn -0.17645125 -0.17223538 -0.96912328
v -0.00929555 0.45500130 0.90477261
vt 0.506250541 0.439311914
vn -0.17645125 -0.17223538 -0.96912328
v -0.01028336 0.45504360 0.90494494
vt 0.506265976 0.438606876
vn -0.17645125 -0.17223538 -0.96912328
f 685/685/685 686/686/686 687/687/687
v -0.00929555 0.45600000 0.90459509
vt 0.507486494 0.438513470
vn -0.16673838 -0.18222762 -0.96901569
v -0.01028336 0.45504360 0.90494494
vt 0.506719624 0.438190357
vn -0.16673838 -0.18222762 -0.96901569
v -0.01032705 0.45600000 0.90477261
vt 0.506685365 0.438513470
vn -0.16673838 -0.18222762 -0.96901569
f 688/688/688 689/689/689 690/690/690
v -0.00929555 0.45500130 0.90477261
vt 0.507486494 0.438175827
vn -0.16663969 -0.54547005 -0.82139737
v -0.00929555 0.45426720 0.90526012
vt 0.507486494 0.437928130
vn -0.16663969 -0.54547005 -0.82139737
v -0.01028336 0.45452670 0.90528815
vt 0.506719624 0.438016000
vn -0.16663969 -0.54547005 -0.82139737
f 691/691/691 692/692/692 693/693/693
v -0.00929555 0.45500130 0.90477261
vt 0.507486494 0.438175827
vn -0.16664492 -0.54546309 -0.82140093
v -0.01028336 0.45452670 0.90528815
vt 0.506719624 0.438016000
vn -0.16664492 -0.54546309 -0.82140093
v -0.01028336 0.45504360 0.90494494
vt 0.506719624 0.438190357
vn -0.16664492 -0.54546309 -0.82140093
f 694/694/694 695/695/695 696/696/696
v -0.01028336 0.45452670 0.90528815
vt 0.506075859 0.438606876
vn -0.47216359 -0.48765047 -0.73434227
v -0.01081723 0.45504360 0.90528815
vt 0.506265976 0.438226335
vn -0.47216359 -0.48765047 -0.73434227
v -0.01028336 0.45504360 0.90494494
vt 0.506265976 0.438606876
vn -0.47216359 -0.48765047 -0.73434227
f 697/697/697 698/698/698 699/699/699
v 0.00929555 0.45400000 0.90592330
vt 0.505907576 0.452579632
vn 0.24645564 -0.89894409 -0.36215901
v 0.00929555 0.45426720 0.90526012
vt 0.505894776 0.452579632
vn 0.24645564 -0.89894409 -0.36215901
v 0.01028336 0.45452670 0.90528815
vt 0.505895529 0.453284670
vn 0.24645564 -0.89894409 -0.36215901
f 700/700/700 701/701/701 702/702/702
v 0.00929555 0.45400000 0.90592330
vt 0.521925271 0.437861016
vn 0.23179264 -0.89481700 -0.38154253
v 0.01028336 0.45452670 0.90528815
vt 0.522692141 0.437849946
vn 0.23179264 -0.89481700 -0.38154253
v 0.01032705 0.45426720 0.90592330
vt 0.522726400 0.437861016
vn 0.23179264 -0.89481700 -0.38154253
f 703/703/703 704/704/704 705/705/705
v 0.00929555 0.45426720 0.90526012
vt 0.521925271 0.437928130
vn 0.16664443 -0.54546950 -0.82139677
v 0.00929555 0.45500130 0.90477261
vt 0.521925271 0.438175827
vn 0.16664443 -0.54546950 -0.82139677
v 0.01028336 0.45504360 0.90494494
vt 0.522692141 0.438190357
vn 0.16664443 -0.54546950 -0.82139677
f 706/706/706 707/707/707 708/708/708
v 0.00929555 0.45426720 0.90526012
vt 0.521925271 0.437928130
vn 0.16663820 -0.54546367 -0.82140191
v 0.01028336 0.45504360 0.90494494
vt 0.522692141 0.438190357
vn 0.16663820 -0.54546367 -0.82140191
v 0.01028336 0.45452670 0.90528815
vt 0.522692141 0.438016000
vn 0.16663820 -0.54546367 -0.82140191
f 709/709/709 710/710/710 711/711/711
v 0.00929555 0.45600000 0.90459509
vt 0.521925271 0.438513470
vn 0.16673838 -0.18222762 -0.96901569
v 0.01032705 0.45600000 0.90477261
vt 0.522726400 0.438513470
vn 0.16673838 -0.18222762 -0.96901569
v 0.01028336 0.45504360 0.90494494
vt 0.522692141 0.438190357
vn 0.16673838 -0.18222762 -0.96901569
f 712/712/712 713/713/713 714/714/714
v 0.00929555 0.45600000 0.90459509
vt 0.506617600 0.452579632
vn 0.17645125 -0.17223538 -0.96912328
v 0.01028336 0.45504360 0.90494494
vt 0.506265976 0.453284670
vn 0.17645125 -0.17223538 -0.96912328
v 0.00929555 0.45500130 0.90477261
vt 0.506250541 0.452579632
vn 0.17645125 -0.17223538 -0.96912328
f 715/715/715 716/716/716 717/717/717
v 0.01032705 0.45600000 0.90477261
vt 0.506617600 0.453315805
vn 0.53260966 -0.17358763 -0.82836845
v 0.01108525 0.45600000 0.90526012
vt 0.506617600 0.453856865
vn 0.53260966 -0.17358763 -0.82836845
v 0.01081723 0.45504360 0.90528815
vt 0.506265976 0.453665903
vn 0.53260966 -0.17358763 -0.82836845
f 718/718/718 719/719/719 720/720/720
v 0.01032705 0.45600000 0.90477261
vt 0.506617600 0.453315805
vn 0.53261756 -0.17358150 -0.82836465
v 0.01081723 0.45504360 0.90528815
vt 0.506265976 0.453665903
vn 0.53261756 -0.17358150 -0.82836465
v 0.01028336 0.45504360 0.90494494
vt 0.506265976 0.453284670
vn 0.53261756 -0.17358150 -0.82836465
f 721/721/721 722/722/722 723/723/723
v 0.01136123 0.45600000 0.90592330
vt 0.506617600 0.437861016
vn 0.88723636 -0.24518081 -0.39076594
v 0.01108525 0.45500130 0.90592330
vt 0.506250541 0.437861016
vn 0.88723636 -0.24518081 -0.39076594
v 0.01081723 0.45504360 0.90528815
vt 0.506265976 0.437849946
vn 0.88723636 -0.24518081 -0.39076594
f 724/724/724 725/725/725 726/726/726
v 0.01136123 0.45600000 0.90592330
vt 0.505907576 0.438513470
vn 0.89133083 -0.26070625 -0.37089299
v 0.01081723 0.45504360 0.90528815
vt 0.505895529 0.438190357
vn 0.89133083 -0.26070625 -0.37089299
v 0.01108525 0.45600000 0.90526012
vt 0.505894776 0.438513470
vn 0.89133083 -0.26070625 -0.37089299
f 727/727/727 728/728/728 729/729/729
v 0.01108525 0.45500130 0.90592330
vt 0.505907576 0.438175827
vn 0.65829774 -0.67991469 -0.32304814
v 0.01032705 0.45426720 0.90592330
vt 0.505907576 0.437928130
vn 0.65829774 -0.67991469 -0.32304814
v 0.01028336 0.45452670 0.90528815
vt 0.505895529 0.438016000
vn 0.65829774 -0.67991469 -0.32304814
f 730/730/730 731/731/731 732/732/732
v 0.01108525 0.45500130 0.90592330
vt 0.505907576 0.438175827
vn 0.65830496 -0.67989722 -0.32307019
v 0.01028336 0.45452670 0.90528815
vt 0.505895529 0.438016000
vn 0.65830496 -0.67989722 -0.32307019
v 0.01081723 0.45504360 0.90528815
vt 0.505895529 0.438190357
vn 0.65830496 -0.67989722 -0.32307019
f 733/733/733 734/734/734 735/735/735
v 0.01028336 0.45452670 0.90528815
vt 0.506075859 0.453284670
vn 0.47216359 -0.48765047 -0.73434227
v 0.01028336 0.45504360 0.90494494
vt 0.506265976 0.453284670
vn 0.47216359 -0.48765047 -0.73434227
v 0.01081723 0.45504360 0.90528815
vt 0.506265976 0.453665903
vn 0.47216359 -0.48765047 -0.73434227
f 736/736/736 737/737/737 738/738/738
v 0.00929555 0.50200000 0.90592330
vt 0.521925271 0.437861016
vn 0.23176092 0.89479430 -0.38161502
v 0.01032705 0.50173280 0.90592330
vt 0.522726400 0.437861016
vn 0.23176092 0.89479430 -0.38161502
v 0.01028336 0.50147320 0.90528815
vt 0.522692141 0.437849946
vn 0.23176092 0.89479430 -0.38161502
f 739/739/739 740/740/740 741/741/741
v 0.00929555 0.50200000 0.90592330
vt 0.505907576 0.452579632
vn 0.24650908 0.89894549 -0.36211916
v 0.01028336 0.50147320 0.90528815
vt 0.505895529 0.453284670
vn 0.24650908 0.89894549 -0.36211916
v 0.00929555 0.50173280 0.90526012
vt 0.505894776 0.452579632
vn 0.24650908 0.89894549 -0.36211916
f 742/742/742 743/743/743 744/744/744
v 0.01032705 0.50173280 0.90592330
vt 0.505907576 0.453964108
vn 0.65830619 0.67989582 -0.32307063
v 0.01108525 0.50099870 0.90592330
vt 0.505907576 0.453715719
vn 0.65830619 0.67989582 -0.32307063
v 0.01081723 0.50095640 0.90528815
vt 0.505895529 0.453701189
vn 0.65830619 0.67989582 -0.32307063
f 745/745/745 746/746/746 747/747/747
v 0.01032705 0.50173280 0.90592330
vt 0.505907576 0.453315805
vn 0.65827647 0.67990710 -0.32310745
v 0.01081723 0.50095640 0.90528815
vt 0.505895529 0.453665903
vn 0.65827647 0.67990710 -0.32310745
v 0.01028336 0.50147320 0.90528815
vt 0.505895529 0.453284670
vn 0.65827647 0.67990710 -0.32310745
f 748/748/748 749/749/749 750/750/750
v 0.01136123 0.50000000 0.90592330
vt 0.505907576 0.453378076
vn 0.89133083 0.26070625 -0.37089299
v 0.01108525 0.50000000 0.90526012
vt 0.505894776 0.453378076
vn 0.89133083 0.26070625 -0.37089299
v 0.01081723 0.50095640 0.90528815
vt 0.505895529 0.453701189
vn 0.89133083 0.26070625 -0.37089299
f 751/751/751 752/752/752 753/753/753
v 0.01136123 0.50000000 0.90592330
vt 0.522794165 0.437861016
vn 0.88723636 0.24518081 -0.39076594
v 0.01081723 0.50095640 0.90528815
vt 0.523145788 0.437849946
vn 0.88723636 0.24518081 -0.39076594
v 0.01108525 0.50099870 0.90592330
vt 0.523161224 0.437861016
vn 0.88723636 0.24518081 -0.39076594
f 754/754/754 755/755/755 756/756/756
v 0.01108525 0.50000000 0.90526012
vt 0.522794165 0.453856865
vn 0.53261015 0.17358196 -0.82836932
v 0.01032705 0.50000000 0.90477261
vt 0.522794165 0.453315805
vn 0.53261015 0.17358196 -0.82836932
v 0.01028336 0.50095640 0.90494494
vt 0.523145788 0.453284670
vn 0.53261015 0.17358196 -0.82836932
f 757/757/757 758/758/758 759/759/759
v 0.01108525 0.50000000 0.90526012
vt 0.522794165 0.453856865
vn 0.53261686 0.17358946 -0.82836344
v 0.01028336 0.50095640 0.90494494
vt 0.523145788 0.453284670
vn 0.53261686 0.17358946 -0.82836344
v 0.01081723 0.50095640 0.90528815
vt 0.523145788 0.453665903
vn 0.53261686 0.17358946 -0.82836344
f 760/760/760 761/761/761 762/762/762
v 0.00929555 0.50000000 0.90459509
vt 0.522794165 0.452579632
vn 0.17645125 0.17223538 -0.96912328
v 0.00929555 0.50099870 0.90477261
vt 0.523161224 0.452579632
vn 0.17645125 0.17223538 -0.96912328
v 0.01028336 0.50095640 0.90494494
vt 0.523145788 0.453284670
vn 0.17645125 0.17223538 -0.96912328
f 763/763/763 764/764/764 765/765/765
v 0.00929555 0.50000000 0.90459509
vt 0.521925271 0.453378076
vn 0.16673838 0.18222762 -0.96901569
v 0.01028336 0.50095640 0.90494494
vt 0.522692141 0.453701189
vn 0.16673838 0.18222762 -0.96901569
v 0.01032705 0.50000000 0.90477261
vt 0.522726400 0.453378076
vn 0.16673838 0.18222762 -0.96901569
f 766/766/766 767/767/767 768/768/768
v 0.00929555 0.50099870 0.90477261
vt 0.521925271 0.453715719
vn 0.16666799 0.54545194 -0.82140365
v 0.00929555 0.50173280 0.90526012
vt 0.521925271 0.453964108
vn 0.16666799 0.54545194 -0.82140365
v 0.01028336 0.50147320 0.90528815
vt 0.522692141 0.453876238
vn 0.16666799 0.54545194 -0.82140365
f 769/769/769 770/770/770 771/771/771
v 0.00929555 0.50099870 0.90477261
vt 0.521925271 0.453715719
vn 0.16664330 0.54548502 -0.82138670
v 0.01028336 0.50147320 0.90528815
vt 0.522692141 0.453876238
vn 0.16664330 0.54548502 -0.82138670
v 0.01028336 0.50095640 0.90494494
vt 0.522692141 0.453701189
vn 0.16664330 0.54548502 -0.82138670
f 772/772/772 773/773/773 774/774/774
v 0.01028336 0.50147320 0.90528815
vt 0.522692141 0.453876238
vn 0.47215711 0.48767190 -0.73433220
v 0.01081723 0.50095640 0.90528815
vt 0.523107012 0.453701189
vn 0.47215711 0.48767190 -0.73433220
v 0.01028336 0.50095640 0.90494494
vt 0.522692141 0.453701189
vn 0.47215711 0.48767190 -0.73433220
f 775/775/775 776/776/776 777/777/777
v -0.01136123 0.50000000 0.90592330
vt 0.522794165 0.437861016
vn -0.88723636 0.24518081 -0.39076594
v -0.01108525 0.50099870 0.90592330
vt 0.523161224 0.437861016
vn -0.88723636 0.24518081 -0.39076594
v -0.01081723 0.50095640 0.90528815
vt 0.523145788 0.437849946
vn -0.88723636 0.24518081 -0.39076594
f 778/778/778 779/779/779 780/780/780
v -0.01136123 0.50000000 0.90592330
vt 0.505907576 0.453378076
vn -0.89133083 0.26070625 -0.37089299
v -0.01081723 0.50095640 0.90528815
vt 0.505895529 0.453701189
vn -0.89133083 0.26070625 -0.37089299
v -0.01108525 0.50000000 0.90526012
vt 0.505894776 0.453378076
vn -0.89133083 0.26070625 -0.37089299
f 781/781/781 782/782/782 783/783/783
v -0.01108525 0.50099870 0.90592330
vt 0.505907576 0.453715719
vn -0.65829889 0.67988838 -0.32310117
v -0.01032705 0.50173280 0.90592330
vt 0.505907576 0.453964108
vn -0.65829889 0.67988838 -0.32310117
v -0.01028336 0.50147320 0.90528815
vt 0.505895529 0.453876238
vn -0.65829889 0.67988838 -0.32310117
f 784/784/784 785/785/785 786/786/786
v -0.01108525 0.50099870 0.90592330
vt 0.505907576 0.438034681
vn -0.65828686 0.67991773 -0.32306392
v -0.01028336 0.50147320 0.90528815
vt 0.505895529 0.438606876
vn -0.65828686 0.67991773 -0.32306392
v -0.01081723 0.50095640 0.90528815
vt 0.505895529 0.438226335
vn -0.65828686 0.67991773 -0.32306392
f 787/787/787 788/788/788 789/789/789
v -0.00929555 0.50200000 0.90592330
vt 0.505907576 0.439311914
vn -0.24650912 0.89894545 -0.36211922
v -0.00929555 0.50173280 0.90526012
vt 0.505894776 0.439311914
vn -0.24650912 0.89894545 -0.36211922
v -0.01028336 0.50147320 0.90528815
vt 0.505895529 0.438606876
vn -0.24650912 0.89894545 -0.36211922
f 790/790/790 791/791/791 792/792/792
v -0.00929555 0.50200000 0.90592330
vt 0.507486494 0.437861016
vn -0.23176092 0.89479430 -0.38161502
v -0.01028336 0.50147320 0.90528815
vt 0.506719624 0.437849946
vn -0.23176092 0.89479430 -0.38161502
v -0.01032705 0.50173280 0.90592330
vt 0.506685365 0.437861016
vn -0.23176092 0.89479430 -0.38161502
f 793/793/793 794/794/794 795/795/795
v -0.00929555 0.50173280 0.90526012
vt 0.507486494 0.453964108
vn -0.16664550 0.54545410 -0.82140678
v -0.00929555 0.50099870 0.90477261
vt 0.507486494 0.453715719
vn -0.16664550 0.54545410 -0.82140678
v -0.01028336 0.50095640 0.90494494
vt 0.506719624 0.453701189
vn -0.16664550 0.54545410 -0.82140678
f 796/796/796 797/797/797 798/798/798
v -0.00929555 0.50173280 0.90526012
vt 0.507486494 0.453964108
vn -0.16667533 0.54548203 -0.82138219
v -0.01028336 0.50095640 0.90494494
vt 0.506719624 0.453701189
vn -0.16667533 0.54548203 -0.82138219
v -0.01028336 0.50147320 0.90528815
vt 0.506719624 0.453876238
vn -0.16667533 0.54548203 -0.82138219
f 799/799/799 800/800/800 801/801/801
v -0.00929555 0.50000000 0.90459509
vt 0.507486494 0.453378076
vn -0.16673838 0.18222762 -0.96901569
v -0.01032705 0.50000000 0.90477261
vt 0.506685365 0.453378076
vn -0.16673838 0.18222762 -0.96901569
v -0.01028336 0.50095640 0.90494494
vt 0.506719624 0.453701189
vn -0.16673838 0.18222762 -0.96901569
f 802/802/802 803/803/803 804/804/804
v -0.00929555 0.50000000 0.90459509
vt 0.522794165 0.439311914
vn -0.17645125 0.17223538 -0.96912328
v -0.01028336 0.50095640 0.90494494
vt 0.523145788 0.438606876
vn -0.17645125 0.17223538 -0.96912328
v -0.00929555 0.50099870 0.90477261
vt 0.523161224 0.439311914
vn -0.17645125 0.17223538 -0.96912328
f 805/805/805 806/806/806 807/807/807
v -0.01032705 0.50000000 0.90477261
vt 0.522794165 0.438575741
vn -0.53260966 0.17358763 -0.82836845
v -0.01108525 0.50000000 0.90526012
vt 0.522794165 0.438034681
vn -0.53260966 0.17358763 -0.82836845
v -0.01081723 0.50095640 0.90528815
vt 0.523145788 0.438226335
vn -0.53260966 0.17358763 -0.82836845
f 808/808/808 809/809/809 810/810/810
v -0.01032705 0.50000000 0.90477261
vt 0.522794165 0.438575741
vn -0.53261756 0.17358150 -0.82836465
v -0.01081723 0.50095640 0.90528815
vt 0.523145788 0.438226335
vn -0.53261756 0.17358150 -0.82836465
v -0.01028336 0.50095640 0.90494494
vt 0.523145788 0.438606876
vn -0.53261756 0.17358150 -0.82836465
f 811/811/811 812/812/812 813/813/813
v -0.01081723 0.50095640 0.90528815
vt 0.506304753 0.453701189
vn -0.47215711 0.48767190 -0.73433220
v -0.01028336 0.50147320 0.90528815
vt 0.506719624 0.453876238
vn -0.47215711 0.48767190 -0.73433220
v -0.01028336 0.50095640 0.90494494
vt 0.506719624 0.453701189
vn -0.47215711 0.48767190 -0.73433220
f 814/814/814 815/815/815 816/816/816
v -0.01136123 0.45600000 1.83699504
vt 0.506617600 0.454031222
vn -0.88725697 -0.24517105 0.39072526
v -0.01108525 0.45500130 1.83699504
vt 0.506250541 0.454031222
vn -0.88725697 -0.24517105 0.39072526
v -0.01081723 0.45504360 1.83763032
vt 0.506265976 0.454042292
vn -0.88725697 -0.24517105 0.39072526
f 817/817/817 818/818/818 819/819/819
v -0.01136123 0.45600000 1.83699504
vt 0.523504188 0.438513470
vn -0.89134931 -0.26069504 0.37085644
v -0.01081723 0.45504360 1.83763032
vt 0.523516235 0.438190357
vn -0.89134931 -0.26069504 0.37085644
v -0.01108525 0.45600000 1.83765835
vt 0.523516988 0.438513470
vn -0.89134931 -0.26069504 0.37085644
f 820/820/820 821/821/821 822/822/822
v -0.01108525 0.45500130 1.83699504
vt 0.523504188 0.438175827
vn -0.65830632 -0.67992355 0.32301200
v -0.01032705 0.45426720 1.83699504
vt 0.523504188 0.437928130
vn -0.65830632 -0.67992355 0.32301200
v -0.01028336 0.45452670 1.83763032
vt 0.523516235 0.438016000
vn -0.65830632 -0.67992355 0.32301200
f 823/823/823 824/824/824 825/825/825
v -0.01108525 0.45500130 1.83699504
vt 0.523504188 0.438175827
vn -0.65831347 -0.67990610 0.32303417
v -0.01028336 0.45452670 1.83763032
vt 0.523516235 0.438016000
vn -0.65831347 -0.67990610 0.32303417
v -0.01081723 0.45504360 1.83763032
vt 0.523516235 0.438190357
vn -0.65831347 -0.67990610 0.32303417
f 826/826/826 827/827/827 828/828/828
v -0.00929555 0.45400000 1.83699504
vt 0.523504188 0.439311914
vn -0.24644466 -0.89896165 0.36212288
v -0.00929555 0.45426720 1.83765835
vt 0.523516988 0.439311914
vn -0.24644466 -0.89896165 0.36212288
v -0.01028336 0.45452670 1.83763032
vt 0.523516235 0.438606876
vn -0.24644466 -0.89896165 0.36212288
f 829/829/829 830/830/830 831/831/831
v -0.00929555 0.45400000 1.83699504
vt 0.507486494 0.454031222
vn -0.23178307 -0.89483660 0.38150239
v -0.01028336 0.45452670 1.83763032
vt 0.506719624 0.454042292
vn -0.23178307 -0.89483660 0.38150239
v -0.01032705 0.45426720 1.83699504
vt 0.506685365 0.454031222
vn -0.23178307 -0.89483660 0.38150239
f 832/832/832 833/833/833 834/834/834
v -0.00929555 0.45426720 1.83765835
vt 0.507486494 0.437928130
vn -0.16658039 -0.54547554 0.82140575
v -0.00929555 0.45500130 1.83814586
vt 0.507486494 0.438175827
vn -0.16658039 -0.54547554 0.82140575
v -0.01028336 0.45504360 1.83797360
vt 0.506719624 0.438190357
vn -0.16658039 -0.54547554 0.82140575
f 835/835/835 836/836/836 837/837/837
v -0.00929555 0.45426720 1.83765835
vt 0.507486494 0.454042292
vn -0.16661651 -0.54550941 0.82137593
v -0.01028336 0.45504360 1.83797360
vt 0.506719624 0.454047827
vn -0.16661651 -0.54550941 0.82137593
v -0.01028336 0.45452670 1.83763032
vt 0.506719624 0.454042292
vn -0.16661651 -0.54550941 0.82137593
f 838/838/838 839/839/839 840/840/840
v -0.00929555 0.45600000 1.83832331
vt 0.507486494 0.438513470
vn -0.16674078 -0.18215004 0.96902986
v -0.01032705 0.45600000 1.83814586
vt 0.506685365 0.438513470
vn -0.16674078 -0.18215004 0.96902986
v -0.01028336 0.45504360 1.83797360
vt 0.506719624 0.438190357
vn -0.16674078 -0.18215004 0.96902986
f 841/841/841 842/842/842 843/843/843
v -0.00929555 0.45600000 1.83832331
vt 0.506617600 0.439311914
vn -0.17637596 -0.17223778 0.96913656
v -0.01028336 0.45504360 1.83797360
vt 0.506265976 0.438606876
vn -0.17637596 -0.17223778 0.96913656
v -0.00929555 0.45500130 1.83814586
vt 0.506250541 0.439311914
vn -0.17637596 -0.17223778 0.96913656
f 844/844/844 845/845/845 846/846/846
v -0.01032705 0.45600000 1.83814586
vt 0.506617600 0.438575741
vn -0.53261278 -0.17355435 0.82837342
v -0.01108525 0.45600000 1.83765835
vt 0.506617600 0.438034681
vn -0.53261278 -0.17355435 0.82837342
v -0.01081723 0.45504360 1.83763032
vt 0.506265976 0.438226335
vn -0.53261278 -0.17355435 0.82837342
f 847/847/847 848/848/848 849/849/849
v -0.01032705 0.45600000 1.83814586
vt 0.506617600 0.454051286
vn -0.53266765 -0.17351199 0.82834701
v -0.01081723 0.45504360 1.83763032
vt 0.506265976 0.454042292
vn -0.53266765 -0.17351199 0.82834701
v -0.01028336 0.45504360 1.83797360
vt 0.506265976 0.454047827
vn -0.53266765 -0.17351199 0.82834701
f 850/850/850 851/851/851 852/852/852
v -0.01081723 0.45504360 1.83763032
vt 0.523516235 0.438190357
vn -0.47219290 -0.48768082 0.73430327
v -0.01028336 0.45452670 1.83763032
vt 0.523516235 0.438016000
vn -0.47219290 -0.48768082 0.73430327
v -0.01028336 0.45504360 1.83797360
vt 0.523522635 0.438190357
vn -0.47219290 -0.48768082 0.73430327
f 853/853/853 854/854/854 855/855/855
v 0.00929555 0.45400000 1.83699504
vt 0.521925271 0.454031222
vn 0.23178308 -0.89483665 0.38150226
v 0.01032705 0.45426720 1.83699504
vt 0.522726400 0.454031222
vn 0.23178308 -0.89483665 0.38150226
v 0.01028336 0.45452670 1.83763032
vt 0.522692141 0.454042292
vn 0.23178308 -0.89483665 0.38150226
f 856/856/856 857/857/857 858/858/858
v 0.00929555 0.45400000 1.83699504
vt 0.523504188 0.452579632
vn 0.24644466 -0.89896165 0.36212288
v 0.01028336 0.45452670 1.83763032
vt 0.523516235 0.453284670
vn 0.24644466 -0.89896165 0.36212288
v 0.00929555 0.45426720 1.83765835
vt 0.523516988 0.452579632
vn 0.24644466 -0.89896165 0.36212288
f 859/859/859 860/860/860 861/861/861
v 0.01032705 0.45426720 1.83699504
vt 0.523504188 0.437928130
vn 0.65830197 -0.67991915 0.32303014
v 0.01108525 0.45500130 1.83699504
vt 0.523504188 0.438175827
vn 0.65830197 -0.67991915 0.32303014
v 0.01081723 0.45504360 1.83763032
vt 0.523516235 0.438190357
vn 0.65830197 -0.67991915 0.32303014
f 862/862/862 863/863/863 864/864/864
v 0.01032705 0.45426720 1.83699504
vt 0.523504188 0.437928130
vn 0.65831958 -0.67991241 0.32300842
v 0.01081723 0.45504360 1.83763032
vt 0.523516235 0.438190357
vn 0.65831958 -0.67991241 0.32300842
v 0.01028336 0.45452670 1.83763032
vt 0.523516235 0.438016000
vn 0.65831958 -0.67991241 0.32300842
f 865/865/865 866/866/866 867/867/867
v 0.01136123 0.45600000 1.83699504
vt 0.523504188 0.438513470
vn 0.89134934 -0.26069495 0.37085645
v 0.01108525 0.45600000 1.83765835
vt 0.523516988 0.438513470
vn 0.89134934 -0.26069495 0.37085645
v 0.01081723 0.45504360 1.83763032
vt 0.523516235 0.438190357
vn 0.89134934 -0.26069495 0.37085645
f 868/868/868 869/869/869 870/870/870
v 0.01136123 0.45600000 1.83699504
vt 0.506617600 0.454031222
vn 0.88725697 -0.24517098 0.39072530
v 0.01081723 0.45504360 1.83763032
vt 0.506265976 0.454042292
vn 0.88725697 -0.24517098 0.39072530
v 0.01108525 0.45500130 1.83699504
vt 0.506250541 0.454031222
vn 0.88725697 -0.24517098 0.39072530
f 871/871/871 872/872/872 873/873/873
v 0.01108525 0.45600000 1.83765835
vt 0.506617600 0.453856865
vn 0.53261654 -0.17351549 0.82837914
v 0.01032705 0.45600000 1.83814586
vt 0.506617600 0.453315805
vn 0.53261654 -0.17351549 0.82837914
v 0.01028336 0.45504360 1.83797360
vt 0.506265976 0.453284670
vn 0.53261654 -0.17351549 0.82837914
f 874/874/874 875/875/875 876/876/876
v 0.01108525 0.45600000 1.83765835
vt 0.506617600 0.454042292
vn 0.53266239 -0.17356720 0.82833882
v 0.01028336 0.45504360 1.83797360
vt 0.506265976 0.454047827
vn 0.53266239 -0.17356720 0.82833882
v 0.01081723 0.45504360 1.83763032
vt 0.506265976 0.454042292
vn 0.53266239 -0.17356720 0.82833882
f 877/877/877 878/878/878 879/879/879
v 0.00929555 0.45600000 1.83832331
vt 0.506617600 0.452579632
vn 0.17637595 -0.17223776 0.96913656
v 0.00929555 0.45500130 1.83814586
vt 0.506250541 0.452579632
vn 0.17637595 -0.17223776 0.96913656
v 0.01028336 0.45504360 1.83797360
vt 0.506265976 0.453284670
vn 0.17637595 -0.17223776 0.96913656
f 880/880/880 881/881/881 882/882/882
v 0.00929555 0.45600000 1.83832331
vt 0.521925271 0.438513470
vn 0.16674084 -0.18215010 0.96902984
v 0.01028336 0.45504360 1.83797360
vt 0.522692141 0.438190357
vn 0.16674084 -0.18215010 0.96902984
v 0.01032705 0.45600000 1.83814586
vt 0.522726400 0.438513470
vn 0.16674084 -0.18215010 0.96902984
f 883/883/883 884/884/884 885/885/885
v 0.00929555 0.45500130 1.83814586
vt 0.521925271 0.438175827
vn 0.16660767 -0.54547299 0.82140191
v 0.00929555 0.45426720 1.83765835
vt 0.521925271 0.437928130
vn 0.16660767 -0.54547299 0.82140191
v 0.01028336 0.45452670 1.83763032
vt 0.522692141 0.438016000
vn 0.16660767 -0.54547299 0.82140191
f 886/886/886 887/887/887 888/888/888
v 0.00929555 0.45500130 1.83814586
vt 0.521925271 0.454051286
vn 0.16657776 -0.54551298 0.82138142
v 0.01028336 0.45452670 1.83763032
vt 0.522692141 0.454042292
vn 0.16657776 -0.54551298 0.82138142
v 0.01028336 0.45504360 1.83797360
vt 0.522692141 0.454047827
vn 0.16657776 -0.54551298 0.82138142
f 889/889/889 890/890/890 891/891/891
v 0.01028336 0.45452670 1.83763032
vt 0.523516235 0.438016000
vn 0.47219290 -0.48768082 0.73430327
v 0.01081723 0.45504360 1.83763032
vt 0.523516235 0.438190357
vn 0.47219290 -0.48768082 0.73430327
v 0.01028336 0.45504360 1.83797360
vt 0.523522635 0.438190357
vn 0.47219290 -0.48768082 0.73430327
f 892/892/892 893/893/893 894/894/894
v 0.01136123 0.50000000 1.83699504
vt 0.522794165 0.454031222
vn 0.88725697 0.24517105 0.39072526
v 0.01108525 0.50099870 1.83699504
vt 0.523161224 0.454031222
vn 0.88725697 0.24517105 0.39072526
v 0.01081723 0.50095640 1.83763032
vt 0.523145788 0.454042292
vn 0.88725697 0.24517105 0.39072526
f 895/895/895 896/896/896 897/897/897
v 0.01136123 0.50000000 1.83699504
vt 0.523504188 0.453378076
vn 0.89134931 0.26069504 0.37085644
v 0.01081723 0.50095640 1.83763032
vt 0.523516235 0.453701189
vn 0.89134931 0.26069504 0.37085644
v 0.01108525 0.50000000 1.83765835
vt 0.523516988 0.453378076
vn 0.89134931 0.26069504 0.37085644
f 898/898/898 899/899/899 900/900/900
v 0.01108525 0.50099870 1.83699504
vt 0.523504188 0.453715719
vn 0.65830751 0.67989719 0.32306507
v 0.01032705 0.50173280 1.83699504
vt 0.523504188 0.453964108
vn 0.65830751 0.67989719 0.32306507
v 0.01028336 0.50147320 1.83763032
vt 0.523516235 0.453876238
vn 0.65830751 0.67989719 0.32306507
f 901/901/901 902/902/902 903/903/903
v 0.01108525 0.50099870 1.83699504
vt 0.523504188 0.453856865
vn 0.65829541 0.67992656 0.32302792
v 0.01028336 0.50147320 1.83763032
vt 0.523516235 0.453284670
vn 0.65829541 0.67992656 0.32302792
v 0.01081723 0.50095640 1.83763032
vt 0.523516235 0.453665903
vn 0.65829541 0.67992656 0.32302792
f 904/904/904 905/905/905 906/906/906
v 0.00929555 0.50200000 1.83699504
vt 0.523504188 0.452579632
vn 0.24649818 0.89896303 0.36208302
v 0.00929555 0.50173280 1.83765835
vt 0.523516988 0.452579632
vn 0.24649818 0.89896303 0.36208302
v 0.01028336 0.50147320 1.83763032
vt 0.523516235 0.453284670
vn 0.24649818 0.89896303 0.36208302
f 907/907/907 908/908/908 909/909/909
v 0.00929555 0.50200000 1.83699504
vt 0.521925271 0.454031222
vn 0.23175135 0.89481390 0.38157488
v 0.01028336 0.50147320 1.83763032
vt 0.522692141 0.454042292
vn 0.23175135 0.89481390 0.38157488
v 0.01032705 0.50173280 1.83699504
vt 0.522726400 0.454031222
vn 0.23175135 0.89481390 0.38157488
f 910/910/910 911/911/911 912/912/912
v 0.00929555 0.50173280 1.83765835
vt 0.521925271 0.453964108
vn 0.16658152 0.54546003 0.82141582
v 0.00929555 0.50099870 1.83814586
vt 0.521925271 0.453715719
vn 0.16658152 0.54546003 0.82141582
v 0.01028336 0.50095640 1.83797360
vt 0.522692141 0.453701189
vn 0.16658152 0.54546003 0.82141582
f 913/913/913 914/914/914 915/915/915
v 0.00929555 0.50173280 1.83765835
vt 0.521925271 0.454042292
vn 0.16665370 0.54552771 0.82135623
v 0.01028336 0.50095640 1.83797360
vt 0.522692141 0.454047827
vn 0.16665370 0.54552771 0.82135623
v 0.01028336 0.50147320 1.83763032
vt 0.522692141 0.454042292
vn 0.16665370 0.54552771 0.82135623
f 916/916/916 917/917/917 918/918/918
v 0.00929555 0.50000000 1.83832331
vt 0.521925271 0.453378076
vn 0.16674078 0.18215004 0.96902986
v 0.01032705 0.50000000 1.83814586
vt 0.522726400 0.453378076
vn 0.16674078 0.18215004 0.96902986
v 0.01028336 0.50095640 1.83797360
vt 0.522692141 0.453701189
vn 0.16674078 0.18215004 0.96902986
f 919/919/919 920/920/920 921/921/921
v 0.00929555 0.50000000 1.83832331
vt 0.522794165 0.452579632
vn 0.17637596 0.17223778 0.96913656
v 0.01028336 0.50095640 1.83797360
vt 0.523145788 0.453284670
vn 0.17637596 0.17223778 0.96913656
v 0.00929555 0.50099870 1.83814586
vt 0.523161224 0.452579632
vn 0.17637596 0.17223778 0.96913656
f 922/922/922 923/923/923 924/924/924
v 0.01032705 0.50000000 1.83814586
vt 0.522794165 0.453315805
vn 0.53261278 0.17355435 0.82837342
v 0.01108525 0.50000000 1.83765835
vt 0.522794165 0.453856865
vn 0.53261278 0.17355435 0.82837342
v 0.01081723 0.50095640 1.83763032
vt 0.523145788 0.453665903
vn 0.53261278 0.17355435 0.82837342
f 925/925/925 926/926/926 927/927/927
v 0.01032705 0.50000000 1.83814586
vt 0.522794165 0.454051286
vn 0.53266765 0.17351199 0.82834701
v 0.01081723 0.50095640 1.83763032
vt 0.523145788 0.454042292
vn 0.53266765 0.17351199 0.82834701
v 0.01028336 0.50095640 1.83797360
vt 0.523145788 0.454047827
vn 0.53266765 0.17351199 0.82834701
f 928/928/928 929/929/929 930/930/930
v 0.01081723 0.50095640 1.83763032
vt 0.523516235 0.453665903
vn 0.47218648 0.48770224 0.73429316
v 0.01028336 0.50147320 1.83763032
vt 0.523516235 0.453284670
vn 0.47218648 0.48770224 0.73429316
v 0.01028336 0.50095640 1.83797360
vt 0.523522635 0.453284670
vn 0.47218648 0.48770224 0.73429316
f 931/931/931 932/932/932 933/933/933
v -0.01136123 0.50000000 1.83699504
vt 0.523504188 0.453378076
vn -0.89134145 0.26069331 0.37087655
v -0.01108525 0.49999990 1.83765835
vt 0.523516988 0.453378076
vn -0.89134145 0.26069331 0.37087655
v -0.01081723 0.50095640 1.83763032
vt 0.523516235 0.453701189
vn -0.89134145 0.26069331 0.37087655
f 934/934/934 935/935/935 936/936/936
v -0.01136123 0.50000000 1.83699504
vt 0.522794165 0.454031222
vn -0.88725345 0.24518473 0.39072467
v -0.01081723 0.50095640 1.83763032
vt 0.523145788 0.454042292
vn -0.88725345 0.24518473 0.39072467
v -0.01108525 0.50099860 1.83699504
vt 0.523161224 0.454031222
vn -0.88725345 0.24518473 0.39072467
f 937/937/937 938/938/938 939/939/939
v -0.01108525 0.49999990 1.83765835
vt 0.522794165 0.438034681
vn -0.53261654 0.17351549 0.82837914
v -0.01032705 0.49999990 1.83814586
vt 0.522794165 0.438575741
vn -0.53261654 0.17351549 0.82837914
v -0.01028336 0.50095640 1.83797360
vt 0.523145788 0.438606876
vn -0.53261654 0.17351549 0.82837914
f 940/940/940 941/941/941 942/942/942
v -0.01108525 0.49999990 1.83765835
vt 0.522794165 0.454042292
vn -0.53266239 0.17356720 0.82833882
v -0.01028336 0.50095640 1.83797360
vt 0.523145788 0.454047827
vn -0.53266239 0.17356720 0.82833882
v -0.01081723 0.50095640 1.83763032
vt 0.523145788 0.454042292
vn -0.53266239 0.17356720 0.82833882
f 943/943/943 944/944/944 945/945/945
v -0.00929555 0.50000000 1.83832331
vt 0.522794165 0.439311914
vn -0.17637605 0.17224773 0.96913477
v -0.00929555 0.50099860 1.83814586
vt 0.523161224 0.439311914
vn -0.17637605 0.17224773 0.96913477
v -0.01028336 0.50095640 1.83797360
vt 0.523145788 0.438606876
vn -0.17637605 0.17224773 0.96913477
f 946/946/946 947/947/947 948/948/948
v -0.00929555 0.50000000 1.83832331
vt 0.507486494 0.453378076
vn -0.16675106 0.18215025 0.96902805
v -0.01028336 0.50095640 1.83797360
vt 0.506719624 0.453701189
vn -0.16675106 0.18215025 0.96902805
v -0.01032705 0.49999990 1.83814586
vt 0.506685365 0.453378076
vn -0.16675106 0.18215025 0.96902805
f 949/949/949 950/950/950 951/951/951
v -0.00929555 0.50099860 1.83814586
vt 0.507486494 0.453715719
vn -0.16663605 0.54545498 0.82140811
v -0.00929555 0.50173280 1.83765835
vt 0.507486494 0.453964108
vn -0.16663605 0.54545498 0.82140811
v -0.01028336 0.50147320 1.83763032
vt 0.506719624 0.453876238
vn -0.16663605 0.54545498 0.82140811
f 952/952/952 953/953/953 954/954/954
v -0.00929555 0.50099860 1.83814586
vt 0.507486494 0.454051286
vn -0.16657623 0.54553495 0.82136714
v -0.01028336 0.50147320 1.83763032
vt 0.506719624 0.454042292
vn -0.16657623 0.54553495 0.82136714
v -0.01028336 0.50095640 1.83797360
vt 0.506719624 0.454047827
vn -0.16657623 0.54553495 0.82136714
f 955/955/955 956/956/956 957/957/957
v -0.00929555 0.50200000 1.83699504
vt 0.507486494 0.454031222
vn -0.23179997 0.89480198 0.38157330
v -0.01032705 0.50173280 1.83699504
vt 0.506685365 0.454031222
vn -0.23179997 0.89480198 0.38157330
v -0.01028336 0.50147320 1.83763032
vt 0.506719624 0.454042292
vn -0.23179997 0.89480198 0.38157330
f 958/958/958 959/959/959 960/960/960
v -0.00929555 0.50200000 1.83699504
vt 0.523504188 0.439311914
vn -0.24649312 0.89893621 0.36215304
v -0.01028336 0.50147320 1.83763032
vt 0.523516235 0.438606876
vn -0.24649312 0.89893621 0.36215304
v -0.00929555 0.50173280 1.83765835
vt 0.523516988 0.439311914
vn -0.24649312 0.89893621 0.36215304
f 961/961/961 962/962/962 963/963/963
v -0.01032705 0.50173280 1.83699504
vt 0.523504188 0.453964108
vn -0.65831471 0.67990473 0.32303452
v -0.01108525 0.50099860 1.83699504
vt 0.523504188 0.453715719
vn -0.65831471 0.67990473 0.32303452
v -0.01081723 0.50095640 1.83763032
vt 0.523516235 0.453701189
vn -0.65831471 0.67990473 0.32303452
f 964/964/964 965/965/965 966/966/966
v -0.01032705 0.50173280 1.83699504
vt 0.523504188 0.438575741
vn -0.65828505 0.67991596 0.32307132
v -0.01081723 0.50095640 1.83763032
vt 0.523516235 0.438226335
vn -0.65828505 0.67991596 0.32307132
v -0.01028336 0.50147320 1.83763032
vt 0.523516235 0.438606876
vn -0.65828505 0.67991596 0.32307132
f 967/967/967 968/968/968 969/969/969
v -0.01081723 0.50095640 1.83763032
vt 0.523516235 0.438226335
vn -0.47218648 0.48770224 0.73429316
v -0.01028336 0.50095640 1.83797360
vt 0.523522635 0.438606876
vn -0.47218648 0.48770224 0.73429316
v -0.01028336 0.50147320 1.83763032
vt 0.523516235 0.438606876
vn -0.47218648 0.48770224 0.73429316
f 970/970/970 971/971/971 972/972/972
v -0.00929555 0.45600000 0.90459509
vt 0.507486494 0.438513470
vn -0.00000000 -0.17498097 -0.98457182
v 0.00929555 0.45600000 0.90459509
vt 0.521925271 0.438513470
vn -0.00000000 -0.17498097 -0.98457182
v 0.00929555 0.45500130 0.90477261
vt 0.521925271 0.438175827
vn -0.00000000 -0.17498097 -0.98457182
f 973/973/973 974/974/974 975/975/975
v -0.00929555 0.45600000 0.90459509
vt 0.507486494 0.438513470
vn 0.00000000 -0.17498097 -0.98457182
v 0.00929555 0.45500130 0.90477261
vt 0.521925271 0.438175827
vn 0.00000000 -0.17498097 -0.98457182
v -0.00929555 0.45500130 0.90477261
vt 0.507486494 0.438175827
vn 0.00000000 -0.17498097 -0.98457182
f 976/976/976 977/977/977 978/978/978
v -0.00929555 0.45500130 0.90477261
vt 0.507486494 0.438175827
vn -0.00000000 -0.55320499 -0.83304516
v 0.00929555 0.45500130 0.90477261
vt 0.521925271 0.438175827
vn -0.00000000 -0.55320499 -0.83304516
v 0.00929555 0.45426720 0.90526012
vt 0.521925271 0.437928130
vn -0.00000000 -0.55320499 -0.83304516
f 979/979/979 980/980/980 981/981/981
v -0.00929555 0.45500130 0.90477261
vt 0.507486494 0.438175827
vn 0.00000000 -0.55320499 -0.83304516
v 0.00929555 0.45426720 0.90526012
vt 0.521925271 0.437928130
vn 0.00000000 -0.55320499 -0.83304516
v -0.00929555 0.45426720 0.90526012
vt 0.507486494 0.437928130
vn 0.00000000 -0.55320499 -0.83304516
f 982/982/982 983/983/983 984/984/984
v -0.00929555 0.45426720 0.90526012
vt 0.507486494 0.437849254
vn -0.00000000 -0.92755537 -0.37368575
v 0.00929555 0.45426720 0.90526012
vt 0.521925271 0.437849254
vn -0.00000000 -0.92755537 -0.37368575
v 0.00929555 0.45400000 0.90592330
vt 0.521925271 0.437861016
vn -0.00000000 -0.92755537 -0.37368575
f 985/985/985 986/986/986 987/987/987
v -0.00929555 0.45426720 0.90526012
vt 0.507486494 0.437849254
vn 0.00000000 -0.92755537 -0.37368575
v 0.00929555 0.45400000 0.90592330
vt 0.521925271 0.437861016
vn 0.00000000 -0.92755537 -0.37368575
v -0.00929555 0.45400000 0.90592330
vt 0.507486494 0.437861016
vn 0.00000000 -0.92755537 -0.37368575
f 988/988/988 989/989/989 990/990/990
v -0.01136123 0.45600000 0.90592330
vt 0.506617600 0.437861016
vn -0.92325449 -0.00000000 -0.38418895
v -0.01136123 0.50000000 0.90592330
vt 0.522794165 0.437861016
vn -0.92325449 -0.00000000 -0.38418895
v -0.01108525 0.50000000 0.90526012
vt 0.522794165 0.437849254
vn -0.92325449 -0.00000000 -0.38418895
f 991/991/991 992/992/992 993/993/993
v -0.01136123 0.45600000 0.90592330
vt 0.506617600 0.437861016
vn -0.92325450 0.00000000 -0.38418892
v -0.01108525 0.50000000 0.90526012
vt 0.522794165 0.437849254
vn -0.92325450 0.00000000 -0.38418892
v -0.01108525 0.45600000 0.90526012
vt 0.506617600 0.437849254
vn -0.92325450 0.00000000 -0.38418892
f 994/994/994 995/995/995 996/996/996
v -0.01108525 0.45600000 0.90526012
vt 0.506617600 0.438034681
vn -0.54082014 -0.00000000 -0.84113826
v -0.01108525 0.50000000 0.90526012
vt 0.522794165 0.438034681
vn -0.54082014 -0.00000000 -0.84113826
v -0.01032705 0.50000000 0.90477261
vt 0.522794165 0.438575741
vn -0.54082014 -0.00000000 -0.84113826
f 997/997/997 998/998/998 999/999/999
v -0.01108525 0.45600000 0.90526012
vt 0.506617600 0.438034681
vn -0.54082014 0.00000000 -0.84113826
v -0.01032705 0.50000000 0.90477261
vt 0.522794165 0.438575741
vn -0.54082014 0.00000000 -0.84113826
v -0.01032705 0.45600000 0.90477261
vt 0.506617600 0.438575741
vn -0.54082014 0.00000000 -0.84113826
f 1000/1000/1000 1001/1001/1001 1002/1002/1002
v -0.01032705 0.45600000 0.90477261
vt 0.506617600 0.438575741
vn -0.16958288 -0.00000000 -0.98551593
v -0.01032705 0.50000000 0.90477261
vt 0.522794165 0.438575741
vn -0.16958288 -0.00000000 -0.98551593
v -0.00929555 0.50000000 0.90459509
vt 0.522794165 0.439311914
vn -0.16958288 -0.00000000 -0.98551593
f 1003/1003/1003 1004/1004/1004 1005/1005/1005
v -0.01032705 0.45600000 0.90477261
vt 0.506617600 0.438575741
vn -0.16958289 0.00000000 -0.98551593
v -0.00929555 0.50000000 0.90459509
vt 0.522794165 0.439311914
vn -0.16958289 0.00000000 -0.98551593
v -0.00929555 0.45600000 0.90459509
vt 0.506617600 0.439311914
vn -0.16958289 0.00000000 -0.98551593
f 1006/1006/1006 1007/1007/1007 1008/1008/1008
v 0.00929555 0.50000000 0.90459509
vt 0.521925271 0.453378076
vn 0.00000000 0.17498097 -0.98457182
v -0.00929555 0.50000000 0.90459509
vt 0.507486494 0.453378076
vn 0.00000000 0.17498097 -0.98457182
v -0.00929555 0.50099870 0.90477261
vt 0.507486494 0.453715719
vn 0.00000000 0.17498097 -0.98457182
f 1009/1009/1009 1010/1010/1010 1011/1011/1011
v 0.00929555 0.50000000 0.90459509
vt 0.521925271 0.453378076
vn 0.00000000 0.17498097 -0.98457182
v -0.00929555 0.50099870 0.90477261
vt 0.507486494 0.453715719
vn 0.00000000 0.17498097 -0.98457182
v 0.00929555 0.50099870 0.90477261
vt 0.521925271 0.453715719
vn 0.00000000 0.17498097 -0.98457182
f 1012/1012/1012 1013/1013/1013 1014/1014/1014
v 0.00929555 0.50099870 0.90477261
vt 0.521925271 0.453715719
vn 0.00000000 0.55318935 -0.83305555
v -0.00929555 0.50099870 0.90477261
vt 0.507486494 0.453715719
vn 0.00000000 0.55318935 -0.83305555
v -0.00929555 0.50173280 0.90526012
vt 0.507486494 0.453964108
vn 0.00000000 0.55318935 -0.83305555
f 1015/1015/1015 1016/1016/1016 1017/1017/1017
v 0.00929555 0.50099870 0.90477261
vt 0.521925271 0.453715719
vn 0.00000000 0.55318935 -0.83305555
v -0.00929555 0.50173280 0.90526012
vt 0.507486494 0.453964108
vn 0.00000000 0.55318935 -0.83305555
v 0.00929555 0.50173280 0.90526012
vt 0.521925271 0.453964108
vn 0.00000000 0.55318935 -0.83305555
f 1018/1018/1018 1019/1019/1019 1020/1020/1020
v 0.00929555 0.50173280 0.90526012
vt 0.521925271 0.437849254
vn 0.00000000 0.92756987 -0.37364976
v -0.00929555 0.50173280 0.90526012
vt 0.507486494 0.437849254
vn 0.00000000 0.92756987 -0.37364976
v -0.00929555 0.50200000 0.90592330
vt 0.507486494 0.437861016
vn 0.00000000 0.92756987 -0.37364976
f 1021/1021/1021 1022/1022/1022 1023/1023/1023
v 0.00929555 0.50173280 0.90526012
vt 0.521925271 0.437849254
vn 0.00000000 0.92756987 -0.37364976
v -0.00929555 0.50200000 0.90592330
vt 0.507486494 0.437861016
vn 0.00000000 0.92756987 -0.37364976
v 0.00929555 0.50200000 0.90592330
vt 0.521925271 0.437861016
vn 0.00000000 0.92756987 -0.37364976
f 1024/1024/1024 1025/1025/1025 1026/1026/1026
v 0.00929555 0.45600000 0.90459509
vt 0.506617600 0.452579632
vn 0.16958289 0.00000000 -0.98551593
v 0.00929555 0.50000000 0.90459509
vt 0.522794165 0.452579632
vn 0.16958289 0.00000000 -0.98551593
v 0.01032705 0.50000000 0.90477261
vt 0.522794165 0.453315805
vn 0.16958289 0.00000000 -0.98551593
f 1027/1027/1027 1028/1028/1028 1029/1029/1029
v 0.00929555 0.45600000 0.90459509
vt 0.506617600 0.452579632
vn 0.16958288 0.00000000 -0.98551593
v 0.01032705 0.50000000 0.90477261
vt 0.522794165 0.453315805
vn 0.16958288 0.00000000 -0.98551593
v 0.01032705 0.45600000 0.90477261
vt 0.506617600 0.453315805
vn 0.16958288 0.00000000 -0.98551593
f 1030/1030/1030 1031/1031/1031 1032/1032/1032
v 0.01032705 0.45600000 0.90477261
vt 0.506617600 0.453315805
vn 0.54082014 0.00000000 -0.84113826
v 0.01032705 0.50000000 0.90477261
vt 0.522794165 0.453315805
vn 0.54082014 0.00000000 -0.84113826
v 0.01108525 0.50000000 0.90526012
vt 0.522794165 0.453856865
vn 0.54082014 0.00000000 -0.84113826
f 1033/1033/1033 1034/1034/1034 1035/1035/1035
v 0.01032705 0.45600000 0.90477261
vt 0.506617600 0.453315805
vn 0.54082014 0.00000000 -0.84113826
v 0.01108525 0.50000000 0.90526012
vt 0.522794165 0.453856865
vn 0.54082014 0.00000000 -0.84113826
v 0.01108525 0.45600000 0.90526012
vt 0.506617600 0.453856865
vn 0.54082014 0.00000000 -0.84113826
f 1036/1036/1036 1037/1037/1037 1038/1038/1038
v 0.01108525 0.45600000 0.90526012
vt 0.506617600 0.437849254
vn 0.92325450 0.00000000 -0.38418892
v 0.01108525 0.50000000 0.90526012
vt 0.522794165 0.437849254
vn 0.92325450 0.00000000 -0.38418892
v 0.01136123 0.50000000 0.90592330
vt 0.522794165 0.437861016
vn 0.92325450 0.00000000 -0.38418892
f 1039/1039/1039 1040/1040/1040 1041/1041/1041
v 0.01108525 0.45600000 0.90526012
vt 0.506617600 0.437849254
vn 0.92325449 0.00000000 -0.38418895
v 0.01136123 0.50000000 0.90592330
vt 0.522794165 0.437861016
vn 0.92325449 0.00000000 -0.38418895
v 0.01136123 0.45600000 0.90592330
vt 0.506617600 0.437861016
vn 0.92325449 0.00000000 -0.38418895
f 1042/1042/1042 1043/1043/1043 1044/1044/1044
v -0.00929555 0.45600000 1.83832331
vt 0.506617600 0.439311914
vn -0.16958289 0.00000000 0.98551593
v -0.00929555 0.50000000 1.83832331
vt 0.522794165 0.439311914
vn -0.16958289 0.00000000 0.98551593
v -0.01032705 0.49999990 1.83814586
vt 0.522794165 0.438575741
vn -0.16958289 0.00000000 0.98551593
f 1045/1045/1045 1046/1046/1046 1047/1047/1047
v -0.00929555 0.45600000 1.83832331
vt 0.506617600 0.439311914
vn -0.16958289 0.00000000 0.98551593
v -0.01032705 0.49999990 1.83814586
vt 0.522794165 0.438575741
vn -0.16958289 0.00000000 0.98551593
v -0.01032705 0.45600000 1.83814586
vt 0.506617600 0.438575741
vn -0.16958289 0.00000000 0.98551593
f 1048/1048/1048 1049/1049/1049 1050/1050/1050
v -0.01032705 0.45600000 1.83814586
vt 0.506617600 0.438575741
vn -0.54082014 0.00000000 0.84113826
v -0.01032705 0.49999990 1.83814586
vt 0.522794165 0.438575741
vn -0.54082014 0.00000000 0.84113826
v -0.01108525 0.49999990 1.83765835
vt 0.522794165 0.438034681
vn -0.54082014 0.00000000 0.84113826
f 1051/1051/1051 1052/1052/1052 1053/1053/1053
v -0.01032705 0.45600000 1.83814586
vt 0.506617600 0.438575741
vn -0.54082014 0.00000000 0.84113826
v -0.01108525 0.49999990 1.83765835
vt 0.522794165 0.438034681
vn -0.54082014 0.00000000 0.84113826
v -0.01108525 0.45600000 1.83765835
vt 0.506617600 0.438034681
vn -0.54082014 0.00000000 0.84113826
f 1054/1054/1054 1055/1055/1055 1056/1056/1056
v -0.01108525 0.45600000 1.83765835
vt 0.506617600 0.454042292
vn -0.92327076 0.00000000 0.38414985
v -0.01108525 0.49999990 1.83765835
vt 0.522794165 0.454042292
vn -0.92327076 0.00000000 0.38414985
v -0.01136123 0.50000000 1.83699504
vt 0.522794165 0.454031222
vn -0.92327076 0.00000000 0.38414985
f 1057/1057/1057 1058/1058/1058 1059/1059/1059
v -0.01108525 0.45600000 1.83765835
vt 0.506617600 0.454042292
vn -0.92327076 0.00000000 0.38414985
v -0.01136123 0.50000000 1.83699504
vt 0.522794165 0.454031222
vn -0.92327076 0.00000000 0.38414985
v -0.01136123 0.45600000 1.83699504
vt 0.506617600 0.454031222
vn -0.92327076 0.00000000 0.38414985
f 1060/1060/1060 1061/1061/1061 1062/1062/1062
v -0.00929555 0.45400000 1.83699504
vt 0.507486494 0.454031222
vn 0.00000000 -0.92757083 0.37364736
v 0.00929555 0.45400000 1.83699504
vt 0.521925271 0.454031222
vn 0.00000000 -0.92757083 0.37364736
v 0.00929555 0.45426720 1.83765835
vt 0.521925271 0.454042292
vn 0.00000000 -0.92757083 0.37364736
f 1063/1063/1063 1064/1064/1064 1065/1065/1065
v -0.00929555 0.45400000 1.83699504
vt 0.507486494 0.454031222
vn 0.00000000 -0.92757083 0.37364736
v 0.00929555 0.45426720 1.83765835
vt 0.521925271 0.454042292
vn 0.00000000 -0.92757083 0.37364736
v -0.00929555 0.45426720 1.83765835
vt 0.507486494 0.454042292
vn 0.00000000 -0.92757083 0.37364736
f 1066/1066/1066 1067/1067/1067 1068/1068/1068
v -0.00929555 0.45426720 1.83765835
vt 0.507486494 0.437928130
vn 0.00000000 -0.55320499 0.83304516
v 0.00929555 0.45426720 1.83765835
vt 0.521925271 0.437928130
vn 0.00000000 -0.55320499 0.83304516
v 0.00929555 0.45500130 1.83814586
vt 0.521925271 0.438175827
vn 0.00000000 -0.55320499 0.83304516
f 1069/1069/1069 1070/1070/1070 1071/1071/1071
v -0.00929555 0.45426720 1.83765835
vt 0.507486494 0.437928130
vn 0.00000000 -0.55320499 0.83304516
v 0.00929555 0.45500130 1.83814586
vt 0.521925271 0.438175827
vn 0.00000000 -0.55320499 0.83304516
v -0.00929555 0.45500130 1.83814586
vt 0.507486494 0.438175827
vn 0.00000000 -0.55320499 0.83304516
f 1072/1072/1072 1073/1073/1073 1074/1074/1074
v -0.00929555 0.45500130 1.83814586
vt 0.507486494 0.438175827
vn 0.00000000 -0.17498097 0.98457182
v 0.00929555 0.45500130 1.83814586
vt 0.521925271 0.438175827
vn 0.00000000 -0.17498097 0.98457182
v 0.00929555 0.45600000 1.83832331
vt 0.521925271 0.438513470
vn 0.00000000 -0.17498097 0.98457182
f 1075/1075/1075 1076/1076/1076 1077/1077/1077
v -0.00929555 0.45500130 1.83814586
vt 0.507486494 0.438175827
vn 0.00000000 -0.17498097 0.98457182
v 0.00929555 0.45600000 1.83832331
vt 0.521925271 0.438513470
vn 0.00000000 -0.17498097 0.98457182
v -0.00929555 0.45600000 1.83832331
vt 0.507486494 0.438513470
vn 0.00000000 -0.17498097 0.98457182
f 1078/1078/1078 1079/1079/1079 1080/1080/1080
v 0.01136123 0.45600000 1.83699504
vt 0.506617600 0.454031222
vn 0.92327076 0.00000000 0.38414985
v 0.01136123 0.50000000 1.83699504
vt 0.522794165 0.454031222
vn 0.92327076 0.00000000 0.38414985
v 0.01108525 0.50000000 1.83765835
vt 0.522794165 0.454042292
vn 0.92327076 0.00000000 0.38414985
f 1081/1081/1081 1082/1082/1082 1083/1083/1083
v 0.01136123 0.45600000 1.83699504
vt 0.506617600 0.454031222
vn 0.92327072 -0.00000000 0.38414994
v 0.01108525 0.50000000 1.83765835
vt 0.522794165 0.454042292
vn 0.92327072 -0.00000000 0.38414994
v 0.01108525 0.45600000 1.83765835
vt 0.506617600 0.454042292
vn 0.92327072 -0.00000000 0.38414994
f 1084/1084/1084 1085/1085/1085 1086/1086/1086
v 0.01108525 0.45600000 1.83765835
vt 0.506617600 0.453856865
vn 0.54082014 0.00000000 0.84113826
v 0.01108525 0.50000000 1.83765835
vt 0.522794165 0.453856865
vn 0.54082014 0.00000000 0.84113826
v 0.01032705 0.50000000 1.83814586
vt 0.522794165 0.453315805
vn 0.54082014 0.00000000 0.84113826
f 1087/1087/1087 1088/1088/1088 1089/1089/1089
v 0.01108525 0.45600000 1.83765835
vt 0.506617600 0.453856865
vn 0.54082014 -0.00000000 0.84113826
v 0.01032705 0.50000000 1.83814586
vt 0.522794165 0.453315805
vn 0.54082014 -0.00000000 0.84113826
v 0.01032705 0.45600000 1.83814586
vt 0.506617600 0.453315805
vn 0.54082014 -0.00000000 0.84113826
f 1090/1090/1090 1091/1091/1091 1092/1092/1092
v 0.01032705 0.45600000 1.83814586
vt 0.506617600 0.453315805
vn 0.16958288 0.00000000 0.98551593
v 0.01032705 0.50000000 1.83814586
vt 0.522794165 0.453315805
vn 0.16958288 0.00000000 0.98551593
v 0.00929555 0.50000000 1.83832331
vt 0.522794165 0.452579632
vn 0.16958288 0.00000000 0.98551593
f 1093/1093/1093 1094/1094/1094 1095/1095/1095
v 0.01032705 0.45600000 1.83814586
vt 0.506617600 0.453315805
vn 0.16958289 -0.00000000 0.98551593
v 0.00929555 0.50000000 1.83832331
vt 0.522794165 0.452579632
vn 0.16958289 -0.00000000 0.98551593
v 0.00929555 0.45600000 1.83832331
vt 0.506617600 0.452579632
vn 0.16958289 -0.00000000 0.98551593
f 1096/1096/1096 1097/1097/1097 1098/1098/1098
v 0.00929555 0.50200000 1.83699504
vt 0.521925271 0.454031222
vn -0.00000000 0.92755639 0.37368322
v -0.00929555 0.50200000 1.83699504
vt 0.507486494 0.454031222
vn -0.00000000 0.92755639 0.37368322
v -0.00929555 0.50173280 1.83765835
vt 0.507486494 0.454042292
vn -0.00000000 0.92755639 0.37368322
f 1099/1099/1099 1100/1100/1100 1101/1101/1101
v 0.00929555 0.50200000 1.83699504
vt 0.521925271 0.454031222
vn -0.00000297 0.92758529 0.37361146
v -0.00929555 0.50173280 1.83765835
vt 0.507486494 0.454042292
vn -0.00000297 0.92758529 0.37361146
v 0.00929555 0.50173280 1.83765835
vt 0.521925271 0.454042292
vn -0.00000297 0.92758529 0.37361146
f 1102/1102/1102 1103/1103/1103 1104/1104/1104
v 0.00929555 0.50173280 1.83765835
vt 0.521925271 0.453964108
vn -0.00000174 0.55318935 0.83305555
v -0.00929555 0.50173280 1.83765835
vt 0.507486494 0.453964108
vn -0.00000174 0.55318935 0.83305555
v -0.00929555 0.50099860 1.83814586
vt 0.507486494 0.453715719
vn -0.00000174 0.55318935 0.83305555
f 1105/1105/1105 1106/1106/1106 1107/1107/1107
v 0.00929555 0.50173280 1.83765835
vt 0.521925271 0.453964108
vn -0.00000174 0.55318940 0.83305551
v -0.00929555 0.50099860 1.83814586
vt 0.507486494 0.453715719
vn -0.00000174 0.55318940 0.83305551
v 0.00929555 0.50099870 1.83814586
vt 0.521925271 0.453715719
vn -0.00000174 0.55318940 0.83305551
f 1108/1108/1108 1109/1109/1109 1110/1110/1110
v 0.00929555 0.50099870 1.83814586
vt 0.521925271 0.453715719
vn -0.00000059 0.17499110 0.98457001
v -0.00929555 0.50099860 1.83814586
vt 0.507486494 0.453715719
vn -0.00000059 0.17499110 0.98457001
v -0.00929555 0.50000000 1.83832331
vt 0.507486494 0.453378076
vn -0.00000059 0.17499110 0.98457001
f 1111/1111/1111 1112/1112/1112 1113/1113/1113
v 0.00929555 0.50099870 1.83814586
vt 0.521925271 0.453715719
vn 0.00000000 0.17498097 0.98457182
v -0.00929555 0.50000000 1.83832331
vt 0.507486494 0.453378076
vn 0.00000000 0.17498097 0.98457182
v 0.00929555 0.50000000 1.83832331
vt 0.521925271 0.453378076
vn 0.00000000 0.17498097 0.98457182
f 1114/1114/1114 1115/1115/1115 1116/1116/1116
v -0.00929555 0.45400000 0.90592330
vt 0.505907576 0.439311914
vn -0.25074760 -0.96805250 -0.00000000
v -0.00929555 0.45400000 1.83699504
vt 0.523504188 0.439311914
vn -0.25074760 -0.96805250 -0.00000000
v -0.01032705 0.45426720 1.83699504
vt 0.523504188 0.438575741
vn -0.25074760 -0.96805250 -0.00000000
f 1117/1117/1117 1118/1118/1118 1119/1119/1119
v -0.00929555 0.45400000 0.90592330
vt 0.505907576 0.439311914
vn -0.25074760 -0.96805250 0.00000000
v -0.01032705 0.45426720 1.83699504
vt 0.523504188 0.438575741
vn -0.25074760 -0.96805250 0.00000000
v -0.01032705 0.45426720 0.90592330
vt 0.505907576 0.438575741
vn -0.25074760 -0.96805250 0.00000000
f 1120/1120/1120 1121/1121/1121 1122/1122/1122
v -0.01032705 0.45426720 0.90592330
vt 0.505907576 0.437928130
vn -0.69559365 -0.71843543 -0.00000000
v -0.01032705 0.45426720 1.83699504
vt 0.523504188 0.437928130
vn -0.69559365 -0.71843543 -0.00000000
v -0.01108525 0.45500130 1.83699504
vt 0.523504188 0.438175827
vn -0.69559365 -0.71843543 -0.00000000
f 1123/1123/1123 1124/1124/1124 1125/1125/1125
v -0.01032705 0.45426720 0.90592330
vt 0.505907576 0.437928130
vn -0.69559365 -0.71843543 0.00000000
v -0.01108525 0.45500130 1.83699504
vt 0.523504188 0.438175827
vn -0.69559365 -0.71843543 0.00000000
v -0.01108525 0.45500130 0.90592330
vt 0.505907576 0.438175827
vn -0.69559365 -0.71843543 0.00000000
f 1126/1126/1126 1127/1127/1127 1128/1128/1128
v -0.01108525 0.45500130 0.90592330
vt 0.505907576 0.438175827
vn -0.96387822 -0.26634333 -0.00000000
v -0.01108525 0.45500130 1.83699504
vt 0.523504188 0.438175827
vn -0.96387822 -0.26634333 -0.00000000
v -0.01136123 0.45600000 1.83699504
vt 0.523504188 0.438513470
vn -0.96387822 -0.26634333 -0.00000000
f 1129/1129/1129 1130/1130/1130 1131/1131/1131
v -0.01108525 0.45500130 0.90592330
vt 0.505907576 0.438175827
vn -0.96387822 -0.26634333 0.00000000
v -0.01136123 0.45600000 1.83699504
vt 0.523504188 0.438513470
vn -0.96387822 -0.26634333 0.00000000
v -0.01136123 0.45600000 0.90592330
vt 0.505907576 0.438513470
vn -0.96387822 -0.26634333 0.00000000
f 1132/1132/1132 1133/1133/1133 1134/1134/1134
v 0.01136123 0.45600000 0.90592330
vt 0.505907576 0.438513470
vn 0.96387822 -0.26634333 0.00000000
v 0.01136123 0.45600000 1.83699504
vt 0.523504188 0.438513470
vn 0.96387822 -0.26634333 0.00000000
v 0.01108525 0.45500130 1.83699504
vt 0.523504188 0.438175827
vn 0.96387822 -0.26634333 0.00000000
f 1135/1135/1135 1136/1136/1136 1137/1137/1137
v 0.01136123 0.45600000 0.90592330
vt 0.505907576 0.438513470
vn 0.96387822 -0.26634333 0.00000000
v 0.01108525 0.45500130 1.83699504
vt 0.523504188 0.438175827
vn 0.96387822 -0.26634333 0.00000000
v 0.01108525 0.45500130 0.90592330
vt 0.505907576 0.438175827
vn 0.96387822 -0.26634333 0.00000000
f 1138/1138/1138 1139/1139/1139 1140/1140/1140
v 0.01108525 0.45500130 0.90592330
vt 0.505907576 0.438175827
vn 0.69559365 -0.71843543 0.00000000
v 0.01108525 0.45500130 1.83699504
vt 0.523504188 0.438175827
vn 0.69559365 -0.71843543 0.00000000
v 0.01032705 0.45426720 1.83699504
vt 0.523504188 0.437928130
vn 0.69559365 -0.71843543 0.00000000
f 1141/1141/1141 1142/1142/1142 1143/1143/1143
v 0.01108525 0.45500130 0.90592330
vt 0.505907576 0.438175827
vn 0.69559365 -0.71843543 0.00000000
v 0.01032705 0.45426720 1.83699504
vt 0.523504188 0.437928130
vn 0.69559365 -0.71843543 0.00000000
v 0.01032705 0.45426720 0.90592330
vt 0.505907576 0.437928130
vn 0.69559365 -0.71843543 0.00000000
f 1144/1144/1144 1145/1145/1145 1146/1146/1146
v 0.01032705 0.45426720 0.90592330
vt 0.505907576 0.453315805
vn 0.25074760 -0.96805250 0.00000000
v 0.01032705 0.45426720 1.83699504
vt 0.523504188 0.453315805
vn 0.25074760 -0.96805250 0.00000000
v 0.00929555 0.45400000 1.83699504
vt 0.523504188 0.452579632
vn 0.25074760 -0.96805250 0.00000000
f 1147/1147/1147 1148/1148/1148 1149/1149/1149
v 0.01032705 0.45426720 0.90592330
vt 0.505907576 0.453315805
vn 0.25074760 -0.96805250 0.00000000
v 0.00929555 0.45400000 1.83699504
vt 0.523504188 0.452579632
vn 0.25074760 -0.96805250 0.00000000
v 0.00929555 0.45400000 0.90592330
vt 0.505907576 0.452579632
vn 0.25074760 -0.96805250 0.00000000
f 1150/1150/1150 1151/1151/1151 1152/1152/1152
v 0.00929555 0.50200000 0.90592330
vt 0.505907576 0.452579632
vn 0.25072142 0.96805928 0.00000000
v 0.00929555 0.50200000 1.83699504
vt 0.523504188 0.452579632
vn 0.25072142 0.96805928 0.00000000
v 0.01032705 0.50173280 1.83699504
vt 0.523504188 0.453315805
vn 0.25072142 0.96805928 0.00000000
f 1153/1153/1153 1154/1154/1154 1155/1155/1155
v 0.00929555 0.50200000 0.90592330
vt 0.505907576 0.452579632
vn 0.25072142 0.96805928 -0.00000000
v 0.01032705 0.50173280 1.83699504
vt 0.523504188 0.453315805
vn 0.25072142 0.96805928 -0.00000000
v 0.01032705 0.50173280 0.90592330
vt 0.505907576 0.453315805
vn 0.25072142 0.96805928 -0.00000000
f 1156/1156/1156 1157/1157/1157 1158/1158/1158
v 0.01032705 0.50173280 0.90592330
vt 0.505907576 0.453964108
vn 0.69560833 0.71842122 0.00000000
v 0.01032705 0.50173280 1.83699504
vt 0.523504188 0.453964108
vn 0.69560833 0.71842122 0.00000000
v 0.01108525 0.50099870 1.83699504
vt 0.523504188 0.453715719
vn 0.69560833 0.71842122 0.00000000
f 1159/1159/1159 1160/1160/1160 1161/1161/1161
v 0.01032705 0.50173280 0.90592330
vt 0.505907576 0.453964108
vn 0.69560833 0.71842122 -0.00000000
v 0.01108525 0.50099870 1.83699504
vt 0.523504188 0.453715719
vn 0.69560833 0.71842122 -0.00000000
v 0.01108525 0.50099870 0.90592330
vt 0.505907576 0.453715719
vn 0.69560833 0.71842122 -0.00000000
f 1162/1162/1162 1163/1163/1163 1164/1164/1164
v 0.01108525 0.50099870 0.90592330
vt 0.505907576 0.453715719
vn 0.96387822 0.26634333 0.00000000
v 0.01108525 0.50099870 1.83699504
vt 0.523504188 0.453715719
vn 0.96387822 0.26634333 0.00000000
v 0.01136123 0.50000000 1.83699504
vt 0.523504188 0.453378076
vn 0.96387822 0.26634333 0.00000000
f 1165/1165/1165 1166/1166/1166 1167/1167/1167
v 0.01108525 0.50099870 0.90592330
vt 0.505907576 0.453715719
vn 0.96387822 0.26634333 -0.00000000
v 0.01136123 0.50000000 1.83699504
vt 0.523504188 0.453378076
vn 0.96387822 0.26634333 -0.00000000
v 0.01136123 0.50000000 0.90592330
vt 0.505907576 0.453378076
vn 0.96387822 0.26634333 -0.00000000
f 1168/1168/1168 1169/1169/1169 1170/1170/1170
v -0.01136123 0.50000000 0.90592330
vt 0.505907576 0.453378076
vn -0.96387413 0.26635814 0.00000000
v -0.01136123 0.50000000 1.83699504
vt 0.523504188 0.453378076
vn -0.96387413 0.26635814 0.00000000
v -0.01108525 0.50099860 1.83699504
vt 0.523504188 0.453715719
vn -0.96387413 0.26635814 0.00000000
f 1171/1171/1171 1172/1172/1172 1173/1173/1173
v -0.01136123 0.50000000 0.90592330
vt 0.505907576 0.453378076
vn -0.96387822 0.26634333 0.00000000
v -0.01108525 0.50099860 1.83699504
vt 0.523504188 0.453715719
vn -0.96387822 0.26634333 0.00000000
v -0.01108525 0.50099870 0.90592330
vt 0.505907576 0.453715719
vn -0.96387822 0.26634333 0.00000000
f 1174/1174/1174 1175/1175/1175 1176/1176/1176
v -0.01108525 0.50099870 0.90592330
vt 0.505907576 0.453715719
vn -0.69560833 0.71842122 0.00000000
v -0.01108525 0.50099860 1.83699504
vt 0.523504188 0.453715719
vn -0.69560833 0.71842122 0.00000000
v -0.01032705 0.50173280 1.83699504
vt 0.523504188 0.453964108
vn -0.69560833 0.71842122 0.00000000
f 1177/1177/1177 1178/1178/1178 1179/1179/1179
v -0.01108525 0.50099870 0.90592330
vt 0.505907576 0.453715719
vn -0.69560833 0.71842122 0.00000000
v -0.01032705 0.50173280 1.83699504
vt 0.523504188 0.453964108
vn -0.69560833 0.71842122 0.00000000
v -0.01032705 0.50173280 0.90592330
vt 0.505907576 0.453964108
vn -0.69560833 0.71842122 0.00000000
f 1180/1180/1180 1181/1181/1181 1182/1182/1182
v -0.01032705 0.50173280 0.90592330
vt 0.505907576 0.438575741
vn -0.25077384 0.96804570 0.00000000
v -0.01032705 0.50173280 1.83699504
vt 0.523504188 0.438575741
vn -0.25077384 0.96804570 0.00000000
v -0.00929555 0.50200000 1.83699504
vt 0.523504188 0.439311914
vn -0.25077384 0.96804570 0.00000000
f 1183/1183/1183 1184/1184/1184 1185/1185/1185
v -0.01032705 0.50173280 0.90592330
vt 0.505907576 0.438575741
vn -0.25072142 0.96805928 0.00000000
v -0.00929555 0.50200000 1.83699504
vt 0.523504188 0.439311914
vn -0.25072142 0.96805928 0.00000000
v -0.00929555 0.50200000 0.90592330
vt 0.505907576 0.439311914
vn -0.25072142 0.96805928 0.00000000
f 1186/1186/1186 1187/1187/1187 1188/1188/1188
v -0.00929555 0.45400000 0.90592330
vt 0.507486494 0.437861016
vn -0.00000000 -1.00000000 -0.00000000
v 0.00929555 0.45400000 0.90592330
vt 0.521925271 0.437861016
vn -0.00000000 -1.00000000 -0.00000000
v 0.00929555 0.45400000 1.83699504
vt 0.521925271 0.454031222
vn -0.00000000 -1.00000000 -0.00000000
f 1189/1189/1189 1190/1190/1190 1191/1191/1191
v -0.00929555 0.45400000 0.90592330
vt 0.507486494 0.437861016
vn 0.00000000 -1.00000000 -0.00000000
v 0.00929555 0.45400000 1.83699504
vt 0.521925271 0.454031222
vn 0.00000000 -1.00000000 -0.00000000
v -0.00929555 0.45400000 1.83699504
vt 0.507486494 0.454031222
vn 0.00000000 -1.00000000 -0.00000000
f 1192/1192/1192 1193/1193/1193 1194/1194/1194
v -0.00929555 0.45600000 0.90459509
vt 0.507486494 0.438513470
vn -0.00000000 -0.00000000 -1.00000000
v -0.00929555 0.50000000 0.90459509
vt 0.507486494 0.453378076
vn -0.00000000 -0.00000000 -1.00000000
v 0.00929555 0.50000000 0.90459509
vt 0.521925271 0.453378076
vn -0.00000000 -0.00000000 -1.00000000
f 1195/1195/1195 1196/1196/1196 1197/1197/1197
v -0.00929555 0.45600000 0.90459509
vt 0.507486494 0.438513470
vn -0.00000000 0.00000000 -1.00000000
v 0.00929555 0.50000000 0.90459509
vt 0.521925271 0.453378076
vn -0.00000000 0.00000000 -1.00000000
v 0.00929555 0.45600000 0.90459509
vt 0.521925271 0.438513470
vn -0.00000000 0.00000000 -1.00000000
f 1198/1198/1198 1199/1199/1199 1200/1200/1200
v -0.01136123 0.50000000 0.90592330
vt 0.522794165 0.437861016
vn -1.00000000 0.00000000 0.00000000
v -0.01136123 0.45600000 0.90592330
vt 0.506617600 0.437861016
vn -1.00000000 0.00000000 0.00000000
v -0.01136123 0.45600000 1.83699504
vt 0.506617600 0.454031222
vn -1.00000000 0.00000000 0.00000000
f 1201/1201/1201 1202/1202/1202 1203/1203/1203
v -0.01136123 0.50000000 0.90592330
vt 0.522794165 0.437861016
vn -1.00000000 -0.00000000 -0.00000000
v -0.01136123 0.45600000 1.83699504
vt 0.506617600 0.454031222
vn -1.00000000 -0.00000000 -0.00000000
v -0.01136123 0.50000000 1.83699504
vt 0.522794165 0.454031222
vn -1.00000000 -0.00000000 -0.00000000
f 1204/1204/1204 1205/1205/1205 1206/1206/1206
v 0.01136123 0.45600000 0.90592330
vt 0.506617600 0.437861016
vn 1.00000000 0.00000000 0.00000000
v 0.01136123 0.50000000 0.90592330
vt 0.522794165 0.437861016
vn 1.00000000 0.00000000 0.00000000
v 0.01136123 0.50000000 1.83699504
vt 0.522794165 0.454031222
vn 1.00000000 0.00000000 0.00000000
f 1207/1207/1207 1208/1208/1208 1209/1209/1209
v 0.01136123 0.45600000 0.90592330
vt 0.506617600 0.437861016
vn 1.00000000 -0.00000000 0.00000000
v 0.01136123 0.50000000 1.83699504
vt 0.522794165 0.454031222
vn 1.00000000 -0.00000000 0.00000000
v 0.01136123 0.45600000 1.83699504
vt 0.506617600 0.454031222
vn 1.00000000 -0.00000000 0.00000000
f 1210/1210/1210 1211/1211/1211 1212/1212/1212
v 0.00929555 0.50200000 0.90592330
vt 0.521925271 0.437861016
vn -0.00000000 1.00000000 0.00000000
v -0.00929555 0.50200000 0.90592330
vt 0.507486494 0.437861016
vn -0.00000000 1.00000000 0.00000000
v -0.00929555 0.50200000 1.83699504
vt 0.507486494 0.454031222
vn -0.00000000 1.00000000 0.00000000
f 1213/1213/1213 1214/1214/1214 1215/1215/1215
v 0.00929555 0.50200000 0.90592330
vt 0.521925271 0.437861016
vn 0.00000000 1.00000000 0.00000000
v -0.00929555 0.50200000 1.83699504
vt 0.507486494 0.454031222
vn 0.00000000 1.00000000 0.00000000
v 0.00929555 0.50200000 1.83699504
vt 0.521925271 0.454031222
vn 0.00000000 1.00000000 0.00000000
f 1216/1216/1216 1217/1217/1217 1218/1218/1218
v -0.00929555 0.45600000 1.83832331
vt 0.507486494 0.438513470
vn 0.00000000 0.00000000 1.00000000
v 0.00929555 0.45600000 1.83832331
vt 0.521925271 0.438513470
vn 0.00000000 0.00000000 1.00000000
v 0.00929555 0.50000000 1.83832331
vt 0.521925271 0.453378076
vn 0.00000000 0.00000000 1.00000000
f 1219/1219/1219 1220/1220/1220 1221/1221/1221
v -0.00929555 0.45600000 1.83832331
vt 0.507486494 0.438513470
vn -0.00000000 0.00000000 1.00000000
v 0.00929555 0.50000000 1.83832331
vt 0.521925271 0.453378076
vn -0.00000000 0.00000000 1.00000000
v -0.00929555 0.50000000 1.83832331
vt 0.507486494 0.453378076
vn -0.00000000 0.00000000 1.00000000
f 1222/1222/1222 1223/1223/1223 1224/1224/1224
usemtl glass
v -0.27060381 0.48000000 0.90857971
vt 0.476470588 0.545946292
vn -0.00000000 -0.00000000 -1.00000000
v -0.27060381 0.48600000 0.90857971
vt 0.476470588 0.562162162
vn -0.00000000 -0.00000000 -1.00000000
v 0.27060381 0.48600000 0.90857971
vt 0.494117647 0.562162162
vn -0.00000000 -0.00000000 -1.00000000
f 1225/1225/1225 1226/1226/1226 1227/1227/1227
v -0.27060381 0.48000000 0.90857971
vt 0.476470588 0.545946292
vn -0.00000000 0.00000000 -1.00000000
v 0.27060381 0.48600000 0.90857971
vt 0.494117647 0.562162162
vn -0.00000000 0.00000000 -1.00000000
v 0.27060381 0.48000000 0.90857971
vt 0.494117647 0.545946292
vn -0.00000000 0.00000000 -1.00000000
f 1228/1228/1228 1229/1229/1229 1230/1230/1230
v -0.27060381 0.48000000 1.83433870
vt 0.476470588 0.545946292
vn 0.00000000 0.00000000 1.00000000
v 0.27060381 0.48000000 1.83433870
vt 0.494117647 0.545946292
vn 0.00000000 0.00000000 1.00000000
v 0.27060381 0.48600000 1.83433870
vt 0.494117647 0.562162162
vn 0.00000000 0.00000000 1.00000000
f 1231/1231/1231 1232/1232/1232 1233/1233/1233
v -0.27060381 0.48000000 1.83433870
vt 0.476470588 0.545946292
vn -0.00000000 0.00000000 1.00000000
v 0.27060381 0.48600000 1.83433870
vt 0.494117647 0.562162162
vn -0.00000000 0.00000000 1.00000000
v -0.27060381 0.48600000 1.83433870
vt 0.476470588 0.562162162
vn -0.00000000 0.00000000 1.00000000
f 1234/1234/1234 1235/1235/1235 1236/1236/1236
v -0.27060381 0.48000000 0.90857971
vt 0.476470588 0.545946292
vn -0.00000000 -1.00000000 -0.00000000
v 0.27060381 0.48000000 0.90857971
vt 0.494117647 0.545946292
vn -0.00000000 -1.00000000 -0.00000000
v 0.27060381 0.48000000 1.83433870
vt 0.494117647 0.562162162
vn -0.00000000 -1.00000000 -0.00000000
f 1237/1237/1237 1238/1238/1238 1239/1239/1239
v -0.27060381 0.48000000 0.90857971
vt 0.476470588 0.545946292
vn 0.00000000 -1.00000000 -0.00000000
v 0.27060381 0.48000000 1.83433870
vt 0.494117647 0.562162162
vn 0.00000000 -1.00000000 -0.00000000
v -0.27060381 0.48000000 1.83433870
vt 0.476470588 0.562162162
vn 0.00000000 -1.00000000 -0.00000000
f 1240/1240/1240 1241/1241/1241 1242/1242/1242
v 0.27060381 0.48000000 0.90857971
vt 0.476470588 0.545946292
vn 1.00000000 0.00000000 0.00000000
v 0.27060381 0.48600000 0.90857971
vt 0.494117647 0.545946292
vn 1.00000000 0.00000000 0.00000000
v 0.27060381 0.48600000 1.83433870
vt 0.494117647 0.562162162
vn 1.00000000 0.00000000 0.00000000
f 1243/1243/1243 1244/1244/1244 1245/1245/1245
v 0.27060381 0.48000000 0.90857971
vt 0.476470588 0.545946292
vn 1.00000000 -0.00000000 0.00000000
v 0.27060381 0.48600000 1.83433870
vt 0.494117647 0.562162162
vn 1.00000000 -0.00000000 0.00000000
v 0.27060381 0.48000000 1.83433870
vt 0.476470588 0.562162162
vn 1.00000000 -0.00000000 0.00000000
f 1246/1246/1246 1247/1247/1247 1248/1248/1248
v 0.27060381 0.48600000 0.90857971
vt 0.494117647 0.545946292
vn -0.00000000 1.00000000 0.00000000
v -0.27060381 0.48600000 0.90857971
vt 0.476470588 0.545946292
vn -0.00000000 1.00000000 0.00000000
v -0.27060381 0.48600000 1.83433870
vt 0.476470588 0.562162162
vn -0.00000000 1.00000000 0.00000000
f 1249/1249/1249 1250/1250/1250 1251/1251/1251
v 0.27060381 0.48600000 0.90857971
vt 0.494117647 0.545946292
vn 0.00000000 1.00000000 0.00000000
v -0.27060381 0.48600000 1.83433870
vt 0.476470588 0.562162162
vn 0.00000000 1.00000000 0.00000000
v 0.27060381 0.48600000 1.83433870
vt 0.494117647 0.562162162
vn 0.00000000 1.00000000 0.00000000
f 1252/1252/1252 1253/1253/1253 1254/1254/1254
v -0.27060381 0.48600000 0.90857971
vt 0.494117647 0.545946292
vn -1.00000000 0.00000000 0.00000000
v -0.27060381 0.48000000 0.90857971
vt 0.476470588 0.545946292
vn -1.00000000 0.00000000 0.00000000
v -0.27060381 0.48000000 1.83433870
vt 0.476470588 0.562162162
vn -1.00000000 0.00000000 0.00000000
f 1255/1255/1255 1256/1256/1256 1257/1257/1257
v -0.27060381 0.48600000 0.90857971
vt 0.494117647 0.545946292
vn -1.00000000 -0.00000000 -0.00000000
v -0.27060381 0.48000000 1.83433870
vt 0.476470588 0.562162162
vn -1.00000000 -0.00000000 -0.00000000
v -0.27060381 0.48600000 1.83433870
vt 0.494117647 0.562162162
vn -1.00000000 -0.00000000 -0.00000000
f 1258/1258/1258 1259/1259/1259 1260/1260/1260
