model;batch;faces;UV charts;resolution;paint PNG;UV guide
pz_house_premium_ham;G013 interiores;12;6;256x256;textures/PNG/pz_house_premium_ham_UV.png;textures/UV-Guides/pz_house_premium_ham_UV-Guia.png
pz_house_army_ham;G013 interiores;12;6;256x256;textures/PNG/pz_house_army_ham_UV.png;textures/UV-Guides/pz_house_army_ham_UV-Guia.png
pz_house_toys_walkie;G013 interiores;24;12;256x256;textures/PNG/pz_house_toys_walkie_UV.png;textures/UV-Guides/pz_house_toys_walkie_UV-Guia.png
pz_house_value_walkie;G013 interiores;24;12;256x256;textures/PNG/pz_house_value_walkie_UV.png;textures/UV-Guides/pz_house_value_walkie_UV-Guia.png
pz_house_premium_walkie;G013 interiores;24;12;256x256;textures/PNG/pz_house_premium_walkie_UV.png;textures/UV-Guides/pz_house_premium_walkie_UV-Guia.png
pz_house_tactical_walkie;G013 interiores;24;12;256x256;textures/PNG/pz_house_tactical_walkie_UV.png;textures/UV-Guides/pz_house_tactical_walkie_UV-Guia.png
pz_house_army_walkie;G013 interiores;24;12;256x256;textures/PNG/pz_house_army_walkie_UV.png;textures/UV-Guides/pz_house_army_walkie_UV-Guia.png
pz_house_makeshift_walkie;G013 interiores;24;12;256x256;textures/PNG/pz_house_makeshift_walkie_UV.png;textures/UV-Guides/pz_house_makeshift_walkie_UV-Guia.png
pz_house_value_radio;G013 interiores;24;12;256x256;textures/PNG/pz_house_value_radio_UV.png;textures/UV-Guides/pz_house_value_radio_UV-Guia.png
pz_house_premium_radio;G013 interiores;24;12;256x256;textures/PNG/pz_house_premium_radio_UV.png;textures/UV-Guides/pz_house_premium_radio_UV-Guia.png
pz_house_clock_round;G013 interiores;28;10;256x256;textures/PNG/pz_house_clock_round_UV.png;textures/UV-Guides/pz_house_clock_round_UV-Guia.png
pz_house_clock_square;G013 interiores;12;6;256x256;textures/PNG/pz_house_clock_square_UV.png;textures/UV-Guides/pz_house_clock_square_UV-Guia.png
pz_house_drawers_white;G013 interiores;12;6;256x256;textures/PNG/pz_house_drawers_white_UV.png;textures/UV-Guides/pz_house_drawers_white_UV-Guia.png
pz_house_drawers_oak;G013 interiores;12;6;256x256;textures/PNG/pz_house_drawers_oak_UV.png;textures/UV-Guides/pz_house_drawers_oak_UV-Guia.png
pz_house_drawers_dark;G013 interiores;12;6;256x256;textures/PNG/pz_house_drawers_dark_UV.png;textures/UV-Guides/pz_house_drawers_dark_UV-Guia.png
pz_house_drawers_mirror;G013 interiores;32;12;256x256;textures/PNG/pz_house_drawers_mirror_UV.png;textures/UV-Guides/pz_house_drawers_mirror_UV-Guia.png
pz_house_drawers_lightwood;G013 interiores;12;6;256x256;textures/PNG/pz_house_drawers_lightwood_UV.png;textures/UV-Guides/pz_house_drawers_lightwood_UV-Guia.png
pz_house_drawers_bedroom;G013 interiores;12;6;256x256;textures/PNG/pz_house_drawers_bedroom_UV.png;textures/UV-Guides/pz_house_drawers_bedroom_UV-Guia.png
pz_house_drawers_lit_mirror;G013 interiores;32;12;256x256;textures/PNG/pz_house_drawers_lit_mirror_UV.png;textures/UV-Guides/pz_house_drawers_lit_mirror_UV-Guia.png
pz_house_toilet_tank;G013 interiores;132;41;256x256;textures/PNG/pz_house_toilet_tank_UV.png;textures/UV-Guides/pz_house_toilet_tank_UV-Guia.png
pz_house_toilet_low;G013 interiores;132;41;256x256;textures/PNG/pz_house_toilet_low_UV.png;textures/UV-Guides/pz_house_toilet_low_UV-Guia.png
pz_house_lamp_yellow;G013 interiores;136;41;256x256;textures/PNG/pz_house_lamp_yellow_UV.png;textures/UV-Guides/pz_house_lamp_yellow_UV-Guia.png
pz_house_lamp_red;G013 interiores;136;41;256x256;textures/PNG/pz_house_lamp_red_UV.png;textures/UV-Guides/pz_house_lamp_red_UV-Guia.png
pz_house_stool_bar;G013 interiores;140;52;256x256;textures/PNG/pz_house_stool_bar_UV.png;textures/UV-Guides/pz_house_stool_bar_UV-Guia.png
pz_house_stool_blue;G013 interiores;140;52;256x256;textures/PNG/pz_house_stool_blue_UV.png;textures/UV-Guides/pz_house_stool_blue_UV-Guia.png
pz_house_stool_diner;G013 interiores;140;52;256x256;textures/PNG/pz_house_stool_diner_UV.png;textures/UV-Guides/pz_house_stool_diner_UV-Guia.png
pz_house_tv_premium;G013 interiores;12;6;256x256;textures/PNG/pz_house_tv_premium_UV.png;textures/UV-Guides/pz_house_tv_premium_UV-Guia.png
pz_house_tv_value;G013 interiores;12;6;256x256;textures/PNG/pz_house_tv_value_UV.png;textures/UV-Guides/pz_house_tv_value_UV-Guia.png
pz_house_tv_antique;G013 interiores;12;6;256x256;textures/PNG/pz_house_tv_antique_UV.png;textures/UV-Guides/pz_house_tv_antique_UV-Guia.png
pz_house_bunk_head;G013 interiores;120;60;256x256;textures/PNG/pz_house_bunk_head_UV.png;textures/UV-Guides/pz_house_bunk_head_UV-Guia.png
pz_house_bunk_foot;G013 interiores;120;60;256x256;textures/PNG/pz_house_bunk_foot_UV.png;textures/UV-Guides/pz_house_bunk_foot_UV-Guia.png
pz_house_bath_head;G013 interiores;84;30;256x256;textures/PNG/pz_house_bath_head_UV.png;textures/UV-Guides/pz_house_bath_head_UV-Guia.png
pz_house_bath_foot;G013 interiores;44;10;256x256;textures/PNG/pz_house_bath_foot_UV.png;textures/UV-Guides/pz_house_bath_foot_UV-Guia.png
pz_house_switch_0;G013 interiores;12;6;256x256;textures/PNG/pz_house_switch_0_UV.png;textures/UV-Guides/pz_house_switch_0_UV-Guia.png
pz_house_switch_1;G013 interiores;12;6;256x256;textures/PNG/pz_house_switch_1_UV.png;textures/UV-Guides/pz_house_switch_1_UV-Guia.png
pz_house_switch_4;G013 interiores;12;6;256x256;textures/PNG/pz_house_switch_4_UV.png;textures/UV-Guides/pz_house_switch_4_UV-Guia.png
pz_house_switch_5;G013 interiores;12;6;256x256;textures/PNG/pz_house_switch_5_UV.png;textures/UV-Guides/pz_house_switch_5_UV-Guia.png
pz_house_switch_0_indicator_on;G013 interiores;2;1;256x256;textures/PNG/pz_house_switch_0_indicator_on_UV.png;textures/UV-Guides/pz_house_switch_0_indicator_on_UV-Guia.png
pz_house_switch_1_indicator_on;G013 interiores;2;1;256x256;textures/PNG/pz_house_switch_1_indicator_on_UV.png;textures/UV-Guides/pz_house_switch_1_indicator_on_UV-Guia.png
pz_house_switch_4_indicator_on;G013 interiores;2;1;256x256;textures/PNG/pz_house_switch_4_indicator_on_UV.png;textures/UV-Guides/pz_house_switch_4_indicator_on_UV-Guia.png
pz_house_switch_5_indicator_on;G013 interiores;2;1;256x256;textures/PNG/pz_house_switch_5_indicator_on_UV.png;textures/UV-Guides/pz_house_switch_5_indicator_on_UV-Guia.png
cardboard_box;Mod instalado 0.1.11;66;28;256x256;textures/PNG/cardboard_box_UV.png;textures/UV-Guides/cardboard_box_UV-Guia.png
cardboard_dented;Mod instalado 0.1.11;94;37;256x256;textures/PNG/cardboard_dented_UV.png;textures/UV-Guides/cardboard_dented_UV-Guia.png
contents_books_misc_01_24;Mod instalado 0.1.11;298;123;512x512;textures/PNG/contents_books_misc_01_24_UV.png;textures/UV-Guides/contents_books_misc_01_24_UV-Guia.png
contents_books_misc_01_25;Mod instalado 0.1.11;254;113;512x512;textures/PNG/contents_books_misc_01_25_UV.png;textures/UV-Guides/contents_books_misc_01_25_UV-Guia.png
contents_books_misc_01_26;Mod instalado 0.1.11;222;95;512x512;textures/PNG/contents_books_misc_01_26_UV.png;textures/UV-Guides/contents_books_misc_01_26_UV-Guia.png
contents_books_misc_01_27;Mod instalado 0.1.11;348;150;512x512;textures/PNG/contents_books_misc_01_27_UV.png;textures/UV-Guides/contents_books_misc_01_27_UV-Guia.png
contents_books_misc_01_28;Mod instalado 0.1.11;186;79;512x512;textures/PNG/contents_books_misc_01_28_UV.png;textures/UV-Guides/contents_books_misc_01_28_UV-Guia.png
contents_books_misc_01_29;Mod instalado 0.1.11;164;68;256x256;textures/PNG/contents_books_misc_01_29_UV.png;textures/UV-Guides/contents_books_misc_01_29_UV-Guia.png
contents_books_misc_01_30;Mod instalado 0.1.11;132;58;256x256;textures/PNG/contents_books_misc_01_30_UV.png;textures/UV-Guides/contents_books_misc_01_30_UV-Guia.png
contents_books_misc_01_31;Mod instalado 0.1.11;148;68;256x256;textures/PNG/contents_books_misc_01_31_UV.png;textures/UV-Guides/contents_books_misc_01_31_UV-Guia.png
contents_books_misc_01_48;Mod instalado 0.1.11;218;95;512x512;textures/PNG/contents_books_misc_01_48_UV.png;textures/UV-Guides/contents_books_misc_01_48_UV-Guia.png
contents_books_misc_01_49;Mod instalado 0.1.11;262;111;512x512;textures/PNG/contents_books_misc_01_49_UV.png;textures/UV-Guides/contents_books_misc_01_49_UV-Guia.png
contents_books_misc_01_50;Mod instalado 0.1.11;262;111;512x512;textures/PNG/contents_books_misc_01_50_UV.png;textures/UV-Guides/contents_books_misc_01_50_UV-Guia.png
contents_books_misc_01_51;Mod instalado 0.1.11;218;95;512x512;textures/PNG/contents_books_misc_01_51_UV.png;textures/UV-Guides/contents_books_misc_01_51_UV-Guia.png
contents_books_misc_01_52;Mod instalado 0.1.11;112;44;256x256;textures/PNG/contents_books_misc_01_52_UV.png;textures/UV-Guides/contents_books_misc_01_52_UV-Guia.png
contents_books_misc_01_53;Mod instalado 0.1.11;152;62;256x256;textures/PNG/contents_books_misc_01_53_UV.png;textures/UV-Guides/contents_books_misc_01_53_UV-Guia.png
contents_books_misc_01_54;Mod instalado 0.1.11;152;62;256x256;textures/PNG/contents_books_misc_01_54_UV.png;textures/UV-Guides/contents_books_misc_01_54_UV-Guia.png
contents_books_misc_01_55;Mod instalado 0.1.11;112;44;256x256;textures/PNG/contents_books_misc_01_55_UV.png;textures/UV-Guides/contents_books_misc_01_55_UV-Guia.png
contents_books_misc_02_24;Mod instalado 0.1.11;300;144;512x512;textures/PNG/contents_books_misc_02_24_UV.png;textures/UV-Guides/contents_books_misc_02_24_UV-Guia.png
contents_books_misc_02_25;Mod instalado 0.1.11;398;167;512x512;textures/PNG/contents_books_misc_02_25_UV.png;textures/UV-Guides/contents_books_misc_02_25_UV-Guia.png
contents_books_misc_02_26;Mod instalado 0.1.11;448;168;512x512;textures/PNG/contents_books_misc_02_26_UV.png;textures/UV-Guides/contents_books_misc_02_26_UV-Guia.png
contents_books_misc_02_27;Mod instalado 0.1.11;310;141;512x512;textures/PNG/contents_books_misc_02_27_UV.png;textures/UV-Guides/contents_books_misc_02_27_UV-Guia.png
contents_books_misc_02_28;Mod instalado 0.1.11;160;74;256x256;textures/PNG/contents_books_misc_02_28_UV.png;textures/UV-Guides/contents_books_misc_02_28_UV-Guia.png
contents_books_misc_02_29;Mod instalado 0.1.11;174;79;256x256;textures/PNG/contents_books_misc_02_29_UV.png;textures/UV-Guides/contents_books_misc_02_29_UV-Guia.png
contents_books_misc_02_30;Mod instalado 0.1.11;184;72;512x512;textures/PNG/contents_books_misc_02_30_UV.png;textures/UV-Guides/contents_books_misc_02_30_UV-Guia.png
contents_books_misc_02_31;Mod instalado 0.1.11;220;90;512x512;textures/PNG/contents_books_misc_02_31_UV.png;textures/UV-Guides/contents_books_misc_02_31_UV-Guia.png
contents_books_misc_02_48;Mod instalado 0.1.11;306;127;512x512;textures/PNG/contents_books_misc_02_48_UV.png;textures/UV-Guides/contents_books_misc_02_48_UV-Guia.png
contents_books_misc_02_49;Mod instalado 0.1.11;186;85;512x512;textures/PNG/contents_books_misc_02_49_UV.png;textures/UV-Guides/contents_books_misc_02_49_UV-Guia.png
contents_books_misc_02_50;Mod instalado 0.1.11;186;85;512x512;textures/PNG/contents_books_misc_02_50_UV.png;textures/UV-Guides/contents_books_misc_02_50_UV-Guia.png
contents_books_misc_02_51;Mod instalado 0.1.11;274;117;512x512;textures/PNG/contents_books_misc_02_51_UV.png;textures/UV-Guides/contents_books_misc_02_51_UV-Guia.png
contents_books_misc_02_52;Mod instalado 0.1.11;196;78;512x512;textures/PNG/contents_books_misc_02_52_UV.png;textures/UV-Guides/contents_books_misc_02_52_UV-Guia.png
contents_books_misc_02_53;Mod instalado 0.1.11;104;46;256x256;textures/PNG/contents_books_misc_02_53_UV.png;textures/UV-Guides/contents_books_misc_02_53_UV-Guia.png
contents_books_misc_02_54;Mod instalado 0.1.11;100;38;256x256;textures/PNG/contents_books_misc_02_54_UV.png;textures/UV-Guides/contents_books_misc_02_54_UV-Guia.png
contents_books_misc_02_55;Mod instalado 0.1.11;124;50;256x256;textures/PNG/contents_books_misc_02_55_UV.png;textures/UV-Guides/contents_books_misc_02_55_UV-Guia.png
counter_segment;Mod instalado 0.1.11;288;172;512x512;textures/PNG/counter_segment_UV.png;textures/UV-Guides/counter_segment_UV-Guia.png
floor_lamp_white;Mod instalado 0.1.11;216;66;512x512;textures/PNG/floor_lamp_white_UV.png;textures/UV-Guides/floor_lamp_white_UV-Guia.png
metal_trashcan;Mod instalado 0.1.11;300;82;512x512;textures/PNG/metal_trashcan_UV.png;textures/UV-Guides/metal_trashcan_UV-Guia.png
pz_barbecue_charcoal;Mod instalado 0.1.11;2080;179;1024x1024;textures/PNG/pz_barbecue_charcoal_UV.png;textures/UV-Guides/pz_barbecue_charcoal_UV-Guia.png
pz_barbecue_full_jorge;Mod instalado 0.1.11;4024;601;1024x1024;textures/PNG/pz_barbecue_full_jorge_UV.png;textures/UV-Guides/pz_barbecue_full_jorge_UV-Guia.png
pz_barbecue_jorge;Mod instalado 0.1.11;3336;508;1024x1024;textures/PNG/pz_barbecue_jorge_UV.png;textures/UV-Guides/pz_barbecue_jorge_UV-Guia.png
pz_barricade_1;Mod instalado 0.1.11;12;6;256x256;textures/PNG/pz_barricade_1_UV.png;textures/UV-Guides/pz_barricade_1_UV-Guia.png
pz_barricade_2;Mod instalado 0.1.11;24;12;256x256;textures/PNG/pz_barricade_2_UV.png;textures/UV-Guides/pz_barricade_2_UV-Guia.png
pz_barricade_3;Mod instalado 0.1.11;36;18;256x256;textures/PNG/pz_barricade_3_UV.png;textures/UV-Guides/pz_barricade_3_UV-Guia.png
pz_barricade_4;Mod instalado 0.1.11;48;24;256x256;textures/PNG/pz_barricade_4_UV.png;textures/UV-Guides/pz_barricade_4_UV-Guia.png
pz_bed_bedding_01_blue_0_0;Mod instalado 0.1.11;86;41;256x256;textures/PNG/pz_bed_bedding_01_blue_0_0_UV.png;textures/UV-Guides/pz_bed_bedding_01_blue_0_0_UV-Guia.png
pz_bed_bedding_01_blue_0_1;Mod instalado 0.1.11;74;35;256x256;textures/PNG/pz_bed_bedding_01_blue_0_1_UV.png;textures/UV-Guides/pz_bed_bedding_01_blue_0_1_UV-Guia.png
pz_bed_bedding_01_fancy_0_0;Mod instalado 0.1.11;160;78;256x256;textures/PNG/pz_bed_bedding_01_fancy_0_0_UV.png;textures/UV-Guides/pz_bed_bedding_01_fancy_0_0_UV-Guia.png
pz_bed_bedding_01_fancy_0_1;Mod instalado 0.1.11;160;78;256x256;textures/PNG/pz_bed_bedding_01_fancy_0_1_UV.png;textures/UV-Guides/pz_bed_bedding_01_fancy_0_1_UV-Guia.png
pz_bed_bedding_01_hospital_0_0;Mod instalado 0.1.11;160;78;256x256;textures/PNG/pz_bed_bedding_01_hospital_0_0_UV.png;textures/UV-Guides/pz_bed_bedding_01_hospital_0_0_UV-Guia.png
pz_bed_bedding_01_hospital_0_1;Mod instalado 0.1.11;160;78;256x256;textures/PNG/pz_bed_bedding_01_hospital_0_1_UV.png;textures/UV-Guides/pz_bed_bedding_01_hospital_0_1_UV-Guia.png
pz_bed_bedding_01_large_fancy_0_0;Mod instalado 0.1.11;126;62;256x256;textures/PNG/pz_bed_bedding_01_large_fancy_0_0_UV.png;textures/UV-Guides/pz_bed_bedding_01_large_fancy_0_0_UV-Guia.png
pz_bed_bedding_01_large_fancy_0_1;Mod instalado 0.1.11;126;62;256x256;textures/PNG/pz_bed_bedding_01_large_fancy_0_1_UV.png;textures/UV-Guides/pz_bed_bedding_01_large_fancy_0_1_UV-Guia.png
pz_bed_bedding_01_large_fancy_1_0;Mod instalado 0.1.11;126;62;256x256;textures/PNG/pz_bed_bedding_01_large_fancy_1_0_UV.png;textures/UV-Guides/pz_bed_bedding_01_large_fancy_1_0_UV-Guia.png
pz_bed_bedding_01_large_fancy_1_1;Mod instalado 0.1.11;126;62;256x256;textures/PNG/pz_bed_bedding_01_large_fancy_1_1_UV.png;textures/UV-Guides/pz_bed_bedding_01_large_fancy_1_1_UV-Guia.png
pz_bed_bedding_01_large_modern_0_0;Mod instalado 0.1.11;64;31;256x256;textures/PNG/pz_bed_bedding_01_large_modern_0_0_UV.png;textures/UV-Guides/pz_bed_bedding_01_large_modern_0_0_UV-Guia.png
pz_bed_bedding_01_large_modern_0_1;Mod instalado 0.1.11;64;31;256x256;textures/PNG/pz_bed_bedding_01_large_modern_0_1_UV.png;textures/UV-Guides/pz_bed_bedding_01_large_modern_0_1_UV-Guia.png
pz_bed_bedding_01_large_modern_1_0;Mod instalado 0.1.11;64;31;256x256;textures/PNG/pz_bed_bedding_01_large_modern_1_0_UV.png;textures/UV-Guides/pz_bed_bedding_01_large_modern_1_0_UV-Guia.png
pz_bed_bedding_01_large_modern_1_1;Mod instalado 0.1.11;64;31;256x256;textures/PNG/pz_bed_bedding_01_large_modern_1_1_UV.png;textures/UV-Guides/pz_bed_bedding_01_large_modern_1_1_UV-Guia.png
pz_bed_bedding_01_large_oak_0_0;Mod instalado 0.1.11;54;26;256x256;textures/PNG/pz_bed_bedding_01_large_oak_0_0_UV.png;textures/UV-Guides/pz_bed_bedding_01_large_oak_0_0_UV-Guia.png
pz_bed_bedding_01_large_oak_0_1;Mod instalado 0.1.11;44;21;256x256;textures/PNG/pz_bed_bedding_01_large_oak_0_1_UV.png;textures/UV-Guides/pz_bed_bedding_01_large_oak_0_1_UV-Guia.png
pz_bed_bedding_01_large_oak_1_0;Mod instalado 0.1.11;54;26;256x256;textures/PNG/pz_bed_bedding_01_large_oak_1_0_UV.png;textures/UV-Guides/pz_bed_bedding_01_large_oak_1_0_UV-Guia.png
pz_bed_bedding_01_large_oak_1_1;Mod instalado 0.1.11;44;21;256x256;textures/PNG/pz_bed_bedding_01_large_oak_1_1_UV.png;textures/UV-Guides/pz_bed_bedding_01_large_oak_1_1_UV-Guia.png
pz_bed_bedding_01_light_wood_0_0;Mod instalado 0.1.11;250;123;512x512;textures/PNG/pz_bed_bedding_01_light_wood_0_0_UV.png;textures/UV-Guides/pz_bed_bedding_01_light_wood_0_0_UV-Guia.png
pz_bed_bedding_01_light_wood_0_1;Mod instalado 0.1.11;250;123;512x512;textures/PNG/pz_bed_bedding_01_light_wood_0_1_UV.png;textures/UV-Guides/pz_bed_bedding_01_light_wood_0_1_UV-Guia.png
pz_bed_bedding_01_oak_0_0;Mod instalado 0.1.11;250;123;512x512;textures/PNG/pz_bed_bedding_01_oak_0_0_UV.png;textures/UV-Guides/pz_bed_bedding_01_oak_0_0_UV-Guia.png
pz_bed_bedding_01_oak_0_1;Mod instalado 0.1.11;250;123;512x512;textures/PNG/pz_bed_bedding_01_oak_0_1_UV.png;textures/UV-Guides/pz_bed_bedding_01_oak_0_1_UV-Guia.png
pz_bed_bedding_01_simple_0_0;Mod instalado 0.1.11;74;35;256x256;textures/PNG/pz_bed_bedding_01_simple_0_0_UV.png;textures/UV-Guides/pz_bed_bedding_01_simple_0_0_UV-Guia.png
pz_bed_bedding_01_simple_0_1;Mod instalado 0.1.11;74;35;256x256;textures/PNG/pz_bed_bedding_01_simple_0_1_UV.png;textures/UV-Guides/pz_bed_bedding_01_simple_0_1_UV-Guia.png
pz_bed_bedding_01_stretcher_0_0;Mod instalado 0.1.11;90;39;256x256;textures/PNG/pz_bed_bedding_01_stretcher_0_0_UV.png;textures/UV-Guides/pz_bed_bedding_01_stretcher_0_0_UV-Guia.png
pz_bed_bedding_01_stretcher_0_1;Mod instalado 0.1.11;90;39;256x256;textures/PNG/pz_bed_bedding_01_stretcher_0_1_UV.png;textures/UV-Guides/pz_bed_bedding_01_stretcher_0_1_UV-Guia.png
pz_benche_seating_indoor_01_orange;Mod instalado 0.1.11;76;34;256x256;textures/PNG/pz_benche_seating_indoor_01_orange_UV.png;textures/UV-Guides/pz_benche_seating_indoor_01_orange_UV-Guia.png
pz_benche_seating_indoor_02_long_wooden_0_0;Mod instalado 0.1.11;34;17;256x256;textures/PNG/pz_benche_seating_indoor_02_long_wooden_0_0_UV.png;textures/UV-Guides/pz_benche_seating_indoor_02_long_wooden_0_0_UV-Guia.png
pz_benche_seating_indoor_02_long_wooden_1_0;Mod instalado 0.1.11;34;17;256x256;textures/PNG/pz_benche_seating_indoor_02_long_wooden_1_0_UV.png;textures/UV-Guides/pz_benche_seating_indoor_02_long_wooden_1_0_UV-Guia.png
pz_benche_seating_indoor_02_sturdy_0_0;Mod instalado 0.1.11;96;48;256x256;textures/PNG/pz_benche_seating_indoor_02_sturdy_0_0_UV.png;textures/UV-Guides/pz_benche_seating_indoor_02_sturdy_0_0_UV-Guia.png
pz_benche_seating_indoor_02_sturdy_1_0;Mod instalado 0.1.11;96;48;256x256;textures/PNG/pz_benche_seating_indoor_02_sturdy_1_0_UV.png;textures/UV-Guides/pz_benche_seating_indoor_02_sturdy_1_0_UV-Guia.png
pz_benche_seating_indoor_03_sports_0_0;Mod instalado 0.1.11;52;26;256x256;textures/PNG/pz_benche_seating_indoor_03_sports_0_0_UV.png;textures/UV-Guides/pz_benche_seating_indoor_03_sports_0_0_UV-Guia.png
pz_benche_seating_indoor_03_sports_1_0;Mod instalado 0.1.11;52;26;256x256;textures/PNG/pz_benche_seating_indoor_03_sports_1_0_UV.png;textures/UV-Guides/pz_benche_seating_indoor_03_sports_1_0_UV-Guia.png
pz_benche_seating_indoor_03_wooden_0_0;Mod instalado 0.1.11;34;17;256x256;textures/PNG/pz_benche_seating_indoor_03_wooden_0_0_UV.png;textures/UV-Guides/pz_benche_seating_indoor_03_wooden_0_0_UV-Guia.png
pz_benche_seating_indoor_03_wooden_1_0;Mod instalado 0.1.11;34;17;256x256;textures/PNG/pz_benche_seating_indoor_03_wooden_1_0_UV.png;textures/UV-Guides/pz_benche_seating_indoor_03_wooden_1_0_UV-Guia.png
pz_benche_seating_outdoor_01_birchwood_0_0;Mod instalado 0.1.11;32;16;256x256;textures/PNG/pz_benche_seating_outdoor_01_birchwood_0_0_UV.png;textures/UV-Guides/pz_benche_seating_outdoor_01_birchwood_0_0_UV-Guia.png
pz_benche_seating_outdoor_01_birchwood_1_0;Mod instalado 0.1.11;32;16;256x256;textures/PNG/pz_benche_seating_outdoor_01_birchwood_1_0_UV.png;textures/UV-Guides/pz_benche_seating_outdoor_01_birchwood_1_0_UV-Guia.png
pz_benche_seating_outdoor_01_fancy_outdoors_0_0;Mod instalado 0.1.11;132;66;256x256;textures/PNG/pz_benche_seating_outdoor_01_fancy_outdoors_0_0_UV.png;textures/UV-Guides/pz_benche_seating_outdoor_01_fancy_outdoors_0_0_UV-Guia.png
pz_benche_seating_outdoor_01_fancy_outdoors_1_0;Mod instalado 0.1.11;132;66;256x256;textures/PNG/pz_benche_seating_outdoor_01_fancy_outdoors_1_0_UV.png;textures/UV-Guides/pz_benche_seating_outdoor_01_fancy_outdoors_1_0_UV-Guia.png
pz_benche_seating_outdoor_01_oakwood_0_0;Mod instalado 0.1.11;34;17;256x256;textures/PNG/pz_benche_seating_outdoor_01_oakwood_0_0_UV.png;textures/UV-Guides/pz_benche_seating_outdoor_01_oakwood_0_0_UV-Guia.png
pz_benche_seating_outdoor_01_oakwood_1_0;Mod instalado 0.1.11;34;17;256x256;textures/PNG/pz_benche_seating_outdoor_01_oakwood_1_0_UV.png;textures/UV-Guides/pz_benche_seating_outdoor_01_oakwood_1_0_UV-Guia.png
pz_benche_seating_outdoor_01_park_0_0;Mod instalado 0.1.11;96;48;256x256;textures/PNG/pz_benche_seating_outdoor_01_park_0_0_UV.png;textures/UV-Guides/pz_benche_seating_outdoor_01_park_0_0_UV-Guia.png
pz_benche_seating_outdoor_01_park_1_0;Mod instalado 0.1.11;96;48;256x256;textures/PNG/pz_benche_seating_outdoor_01_park_1_0_UV.png;textures/UV-Guides/pz_benche_seating_outdoor_01_park_1_0_UV-Guia.png
pz_bookcase_oak;Mod instalado 0.1.11;84;38;256x256;textures/PNG/pz_bookcase_oak_UV.png;textures/UV-Guides/pz_bookcase_oak_UV-Guia.png
pz_bookcase_white;Mod instalado 0.1.11;84;38;256x256;textures/PNG/pz_bookcase_white_UV.png;textures/UV-Guides/pz_bookcase_white_UV-Guia.png
pz_chair_seating_indoor_01_black_office;Mod instalado 0.1.11;168;76;256x256;textures/PNG/pz_chair_seating_indoor_01_black_office_UV.png;textures/UV-Guides/pz_chair_seating_indoor_01_black_office_UV-Guia.png
pz_chair_seating_indoor_01_fancy_white;Mod instalado 0.1.11;167;69;256x256;textures/PNG/pz_chair_seating_indoor_01_fancy_white_UV.png;textures/UV-Guides/pz_chair_seating_indoor_01_fancy_white_UV-Guia.png
pz_chair_seating_indoor_01_folding;Mod instalado 0.1.11;140;62;256x256;textures/PNG/pz_chair_seating_indoor_01_folding_UV.png;textures/UV-Guides/pz_chair_seating_indoor_01_folding_UV-Guia.png
pz_chair_seating_indoor_01_green_comfy;Mod instalado 0.1.11;167;69;256x256;textures/PNG/pz_chair_seating_indoor_01_green_comfy_UV.png;textures/UV-Guides/pz_chair_seating_indoor_01_green_comfy_UV-Guia.png
pz_chair_seating_indoor_01_green_dinner;Mod instalado 0.1.11;162;77;256x256;textures/PNG/pz_chair_seating_indoor_01_green_dinner_UV.png;textures/UV-Guides/pz_chair_seating_indoor_01_green_dinner_UV-Guia.png
pz_chair_seating_indoor_01_grey;Mod instalado 0.1.11;140;62;256x256;textures/PNG/pz_chair_seating_indoor_01_grey_UV.png;textures/UV-Guides/pz_chair_seating_indoor_01_grey_UV-Guia.png
pz_chair_seating_indoor_01_modern_red;Mod instalado 0.1.11;140;62;256x256;textures/PNG/pz_chair_seating_indoor_01_modern_red_UV.png;textures/UV-Guides/pz_chair_seating_indoor_01_modern_red_UV-Guia.png
pz_chair_seating_indoor_01_modern_white;Mod instalado 0.1.11;167;69;256x256;textures/PNG/pz_chair_seating_indoor_01_modern_white_UV.png;textures/UV-Guides/pz_chair_seating_indoor_01_modern_white_UV-Guia.png
pz_chair_seating_indoor_01_purple_rattan;Mod instalado 0.1.11;291;131;512x512;textures/PNG/pz_chair_seating_indoor_01_purple_rattan_UV.png;textures/UV-Guides/pz_chair_seating_indoor_01_purple_rattan_UV-Guia.png
pz_chair_seating_indoor_01_red_comfy;Mod instalado 0.1.11;167;69;256x256;textures/PNG/pz_chair_seating_indoor_01_red_comfy_UV.png;textures/UV-Guides/pz_chair_seating_indoor_01_red_comfy_UV-Guia.png
pz_chair_seating_indoor_02_blue_plastic;Mod instalado 0.1.11;140;62;256x256;textures/PNG/pz_chair_seating_indoor_02_blue_plastic_UV.png;textures/UV-Guides/pz_chair_seating_indoor_02_blue_plastic_UV-Guia.png
pz_chair_seating_indoor_02_blue_rattan;Mod instalado 0.1.11;291;131;512x512;textures/PNG/pz_chair_seating_indoor_02_blue_rattan_UV.png;textures/UV-Guides/pz_chair_seating_indoor_02_blue_rattan_UV-Guia.png
pz_chair_seating_indoor_02_brown_lazy;Mod instalado 0.1.11;167;69;256x256;textures/PNG/pz_chair_seating_indoor_02_brown_lazy_UV.png;textures/UV-Guides/pz_chair_seating_indoor_02_brown_lazy_UV-Guia.png
pz_chair_seating_indoor_02_dark_wooden;Mod instalado 0.1.11;162;77;256x256;textures/PNG/pz_chair_seating_indoor_02_dark_wooden_UV.png;textures/UV-Guides/pz_chair_seating_indoor_02_dark_wooden_UV-Guia.png
pz_chair_seating_indoor_02_red_wooden;Mod instalado 0.1.11;162;77;256x256;textures/PNG/pz_chair_seating_indoor_02_red_wooden_UV.png;textures/UV-Guides/pz_chair_seating_indoor_02_red_wooden_UV-Guia.png
pz_chair_seating_indoor_02_white_lazy;Mod instalado 0.1.11;167;69;256x256;textures/PNG/pz_chair_seating_indoor_02_white_lazy_UV.png;textures/UV-Guides/pz_chair_seating_indoor_02_white_lazy_UV-Guia.png
pz_chair_seating_indoor_02_white_wooden;Mod instalado 0.1.11;162;77;256x256;textures/PNG/pz_chair_seating_indoor_02_white_wooden_UV.png;textures/UV-Guides/pz_chair_seating_indoor_02_white_wooden_UV-Guia.png
pz_chair_seating_indoor_02_wooden;Mod instalado 0.1.11;162;77;256x256;textures/PNG/pz_chair_seating_indoor_02_wooden_UV.png;textures/UV-Guides/pz_chair_seating_indoor_02_wooden_UV-Guia.png
pz_chair_seating_indoor_03_black_fancy;Mod instalado 0.1.11;167;69;256x256;textures/PNG/pz_chair_seating_indoor_03_black_fancy_UV.png;textures/UV-Guides/pz_chair_seating_indoor_03_black_fancy_UV-Guia.png
pz_chair_seating_indoor_03_blue_comfy;Mod instalado 0.1.11;167;69;256x256;textures/PNG/pz_chair_seating_indoor_03_blue_comfy_UV.png;textures/UV-Guides/pz_chair_seating_indoor_03_blue_comfy_UV-Guia.png
pz_chair_seating_indoor_03_darkblue_modern;Mod instalado 0.1.11;140;62;256x256;textures/PNG/pz_chair_seating_indoor_03_darkblue_modern_UV.png;textures/UV-Guides/pz_chair_seating_indoor_03_darkblue_modern_UV-Guia.png
pz_chair_seating_indoor_03_fancy_wooden;Mod instalado 0.1.11;162;77;256x256;textures/PNG/pz_chair_seating_indoor_03_fancy_wooden_UV.png;textures/UV-Guides/pz_chair_seating_indoor_03_fancy_wooden_UV-Guia.png
pz_chair_seating_indoor_03_grey_plastic;Mod instalado 0.1.11;140;62;256x256;textures/PNG/pz_chair_seating_indoor_03_grey_plastic_UV.png;textures/UV-Guides/pz_chair_seating_indoor_03_grey_plastic_UV-Guia.png
pz_chair_seating_indoor_03_light_blue;Mod instalado 0.1.11;167;69;256x256;textures/PNG/pz_chair_seating_indoor_03_light_blue_UV.png;textures/UV-Guides/pz_chair_seating_indoor_03_light_blue_UV-Guia.png
pz_chair_seating_indoor_03_rocking;Mod instalado 0.1.11;164;74;256x256;textures/PNG/pz_chair_seating_indoor_03_rocking_UV.png;textures/UV-Guides/pz_chair_seating_indoor_03_rocking_UV-Guia.png
pz_chair_seating_indoor_03_rocking_2;Mod instalado 0.1.11;164;74;256x256;textures/PNG/pz_chair_seating_indoor_03_rocking_2_UV.png;textures/UV-Guides/pz_chair_seating_indoor_03_rocking_2_UV-Guia.png
pz_chair_seating_indoor_03_victorian_1;Mod instalado 0.1.11;2708;275;1024x1024;textures/PNG/pz_chair_seating_indoor_03_victorian_1_UV.png;textures/UV-Guides/pz_chair_seating_indoor_03_victorian_1_UV-Guia.png
pz_chair_seating_indoor_03_victorian_2;Mod instalado 0.1.11;2708;275;1024x1024;textures/PNG/pz_chair_seating_indoor_03_victorian_2_UV.png;textures/UV-Guides/pz_chair_seating_indoor_03_victorian_2_UV-Guia.png
pz_chair_seating_indoor_03_victorian_3;Mod instalado 0.1.11;2708;275;1024x1024;textures/PNG/pz_chair_seating_indoor_03_victorian_3_UV.png;textures/UV-Guides/pz_chair_seating_indoor_03_victorian_3_UV-Guia.png
pz_chair_seating_indoor_03_victorian_4;Mod instalado 0.1.11;2620;303;1024x1024;textures/PNG/pz_chair_seating_indoor_03_victorian_4_UV.png;textures/UV-Guides/pz_chair_seating_indoor_03_victorian_4_UV-Guia.png
pz_chair_seating_indoor_03_victorian_5;Mod instalado 0.1.11;2620;303;1024x1024;textures/PNG/pz_chair_seating_indoor_03_victorian_5_UV.png;textures/UV-Guides/pz_chair_seating_indoor_03_victorian_5_UV-Guia.png
pz_chair_seating_indoor_03_victorian_6;Mod instalado 0.1.11;2620;303;1024x1024;textures/PNG/pz_chair_seating_indoor_03_victorian_6_UV.png;textures/UV-Guides/pz_chair_seating_indoor_03_victorian_6_UV-Guia.png
pz_chair_seating_indoor_03_white_simple;Mod instalado 0.1.11;162;77;256x256;textures/PNG/pz_chair_seating_indoor_03_white_simple_UV.png;textures/UV-Guides/pz_chair_seating_indoor_03_white_simple_UV-Guia.png
pz_chair_seating_indoor_03_yellow_modern;Mod instalado 0.1.11;167;69;256x256;textures/PNG/pz_chair_seating_indoor_03_yellow_modern_UV.png;textures/UV-Guides/pz_chair_seating_indoor_03_yellow_modern_UV-Guia.png
pz_chair_seating_outdoor_01_plastic;Mod instalado 0.1.11;140;62;256x256;textures/PNG/pz_chair_seating_outdoor_01_plastic_UV.png;textures/UV-Guides/pz_chair_seating_outdoor_01_plastic_UV-Guia.png
pz_coffee_xpress;Mod instalado 0.1.11;1360;191;512x512;textures/PNG/pz_coffee_xpress_UV.png;textures/UV-Guides/pz_coffee_xpress_UV-Guia.png
pz_counter_birchwood_corner;Mod instalado 0.1.11;60;24;256x256;textures/PNG/pz_counter_birchwood_corner_UV.png;textures/UV-Guides/pz_counter_birchwood_corner_UV-Guia.png
pz_counter_birchwood_floor;Mod instalado 0.1.11;84;42;256x256;textures/PNG/pz_counter_birchwood_floor_UV.png;textures/UV-Guides/pz_counter_birchwood_floor_UV-Guia.png
pz_counter_birchwood_floor__sink_inset_oval;Mod instalado 0.1.11;414;48;512x512;textures/PNG/pz_counter_birchwood_floor__sink_inset_oval_UV.png;textures/UV-Guides/pz_counter_birchwood_floor__sink_inset_oval_UV-Guia.png
pz_counter_birchwood_floor__sink_inset_rect;Mod instalado 0.1.11;414;48;512x512;textures/PNG/pz_counter_birchwood_floor__sink_inset_rect_UV.png;textures/UV-Guides/pz_counter_birchwood_floor__sink_inset_rect_UV-Guia.png
pz_counter_birchwood_wall;Mod instalado 0.1.11;36;18;256x256;textures/PNG/pz_counter_birchwood_wall_UV.png;textures/UV-Guides/pz_counter_birchwood_wall_UV-Guia.png
pz_counter_birchwood_wall_corner;Mod instalado 0.1.11;20;8;256x256;textures/PNG/pz_counter_birchwood_wall_corner_UV.png;textures/UV-Guides/pz_counter_birchwood_wall_corner_UV-Guia.png
pz_counter_dark_corner;Mod instalado 0.1.11;60;24;256x256;textures/PNG/pz_counter_dark_corner_UV.png;textures/UV-Guides/pz_counter_dark_corner_UV-Guia.png
pz_counter_dark_floor;Mod instalado 0.1.11;84;42;256x256;textures/PNG/pz_counter_dark_floor_UV.png;textures/UV-Guides/pz_counter_dark_floor_UV-Guia.png
pz_counter_dark_floor__sink_inset_oval;Mod instalado 0.1.11;414;48;512x512;textures/PNG/pz_counter_dark_floor__sink_inset_oval_UV.png;textures/UV-Guides/pz_counter_dark_floor__sink_inset_oval_UV-Guia.png
pz_counter_dark_floor__sink_inset_rect;Mod instalado 0.1.11;414;48;512x512;textures/PNG/pz_counter_dark_floor__sink_inset_rect_UV.png;textures/UV-Guides/pz_counter_dark_floor__sink_inset_rect_UV-Guia.png
pz_counter_dark_oak_corner;Mod instalado 0.1.11;60;24;256x256;textures/PNG/pz_counter_dark_oak_corner_UV.png;textures/UV-Guides/pz_counter_dark_oak_corner_UV-Guia.png
pz_counter_dark_oak_floor;Mod instalado 0.1.11;84;42;256x256;textures/PNG/pz_counter_dark_oak_floor_UV.png;textures/UV-Guides/pz_counter_dark_oak_floor_UV-Guia.png
pz_counter_dark_oak_floor__sink_inset_oval;Mod instalado 0.1.11;414;48;512x512;textures/PNG/pz_counter_dark_oak_floor__sink_inset_oval_UV.png;textures/UV-Guides/pz_counter_dark_oak_floor__sink_inset_oval_UV-Guia.png
pz_counter_dark_oak_floor__sink_inset_rect;Mod instalado 0.1.11;414;48;512x512;textures/PNG/pz_counter_dark_oak_floor__sink_inset_rect_UV.png;textures/UV-Guides/pz_counter_dark_oak_floor__sink_inset_rect_UV-Guia.png
pz_counter_dark_oak_wall;Mod instalado 0.1.11;36;18;256x256;textures/PNG/pz_counter_dark_oak_wall_UV.png;textures/UV-Guides/pz_counter_dark_oak_wall_UV-Guia.png
pz_counter_dark_oak_wall_corner;Mod instalado 0.1.11;20;8;256x256;textures/PNG/pz_counter_dark_oak_wall_corner_UV.png;textures/UV-Guides/pz_counter_dark_oak_wall_corner_UV-Guia.png
pz_counter_dark_wall;Mod instalado 0.1.11;36;18;256x256;textures/PNG/pz_counter_dark_wall_UV.png;textures/UV-Guides/pz_counter_dark_wall_UV-Guia.png
pz_counter_dark_wall_corner;Mod instalado 0.1.11;20;8;256x256;textures/PNG/pz_counter_dark_wall_corner_UV.png;textures/UV-Guides/pz_counter_dark_wall_corner_UV-Guia.png
pz_counter_green_corner;Mod instalado 0.1.11;60;24;256x256;textures/PNG/pz_counter_green_corner_UV.png;textures/UV-Guides/pz_counter_green_corner_UV-Guia.png
pz_counter_green_floor;Mod instalado 0.1.11;84;42;256x256;textures/PNG/pz_counter_green_floor_UV.png;textures/UV-Guides/pz_counter_green_floor_UV-Guia.png
pz_counter_green_floor__sink_inset_oval;Mod instalado 0.1.11;414;48;512x512;textures/PNG/pz_counter_green_floor__sink_inset_oval_UV.png;textures/UV-Guides/pz_counter_green_floor__sink_inset_oval_UV-Guia.png
pz_counter_green_floor__sink_inset_rect;Mod instalado 0.1.11;414;48;512x512;textures/PNG/pz_counter_green_floor__sink_inset_rect_UV.png;textures/UV-Guides/pz_counter_green_floor__sink_inset_rect_UV-Guia.png
pz_counter_green_wall;Mod instalado 0.1.11;36;18;256x256;textures/PNG/pz_counter_green_wall_UV.png;textures/UV-Guides/pz_counter_green_wall_UV-Guia.png
pz_counter_green_wall_corner;Mod instalado 0.1.11;20;8;256x256;textures/PNG/pz_counter_green_wall_corner_UV.png;textures/UV-Guides/pz_counter_green_wall_corner_UV-Guia.png
pz_counter_modern_corner;Mod instalado 0.1.11;60;24;256x256;textures/PNG/pz_counter_modern_corner_UV.png;textures/UV-Guides/pz_counter_modern_corner_UV-Guia.png
pz_counter_modern_floor;Mod instalado 0.1.11;84;42;256x256;textures/PNG/pz_counter_modern_floor_UV.png;textures/UV-Guides/pz_counter_modern_floor_UV-Guia.png
pz_counter_modern_floor__sink_inset_oval;Mod instalado 0.1.11;414;48;512x512;textures/PNG/pz_counter_modern_floor__sink_inset_oval_UV.png;textures/UV-Guides/pz_counter_modern_floor__sink_inset_oval_UV-Guia.png
pz_counter_modern_floor__sink_inset_rect;Mod instalado 0.1.11;414;48;512x512;textures/PNG/pz_counter_modern_floor__sink_inset_rect_UV.png;textures/UV-Guides/pz_counter_modern_floor__sink_inset_rect_UV-Guia.png
pz_counter_modern_wall;Mod instalado 0.1.11;36;18;256x256;textures/PNG/pz_counter_modern_wall_UV.png;textures/UV-Guides/pz_counter_modern_wall_UV-Guia.png
pz_counter_modern_wall_corner;Mod instalado 0.1.11;20;8;256x256;textures/PNG/pz_counter_modern_wall_corner_UV.png;textures/UV-Guides/pz_counter_modern_wall_corner_UV-Guia.png
pz_counter_oak_corner;Mod instalado 0.1.11;60;24;256x256;textures/PNG/pz_counter_oak_corner_UV.png;textures/UV-Guides/pz_counter_oak_corner_UV-Guia.png
pz_counter_oak_floor;Mod instalado 0.1.11;84;42;256x256;textures/PNG/pz_counter_oak_floor_UV.png;textures/UV-Guides/pz_counter_oak_floor_UV-Guia.png
pz_counter_oak_floor__sink_inset_oval;Mod instalado 0.1.11;414;48;512x512;textures/PNG/pz_counter_oak_floor__sink_inset_oval_UV.png;textures/UV-Guides/pz_counter_oak_floor__sink_inset_oval_UV-Guia.png
pz_counter_oak_floor__sink_inset_rect;Mod instalado 0.1.11;414;48;512x512;textures/PNG/pz_counter_oak_floor__sink_inset_rect_UV.png;textures/UV-Guides/pz_counter_oak_floor__sink_inset_rect_UV-Guia.png
pz_counter_oak_wall;Mod instalado 0.1.11;36;18;256x256;textures/PNG/pz_counter_oak_wall_UV.png;textures/UV-Guides/pz_counter_oak_wall_UV-Guia.png
pz_counter_oak_wall_corner;Mod instalado 0.1.11;20;8;256x256;textures/PNG/pz_counter_oak_wall_corner_UV.png;textures/UV-Guides/pz_counter_oak_wall_corner_UV-Guia.png
pz_counter_steel_corner;Mod instalado 0.1.11;60;24;256x256;textures/PNG/pz_counter_steel_corner_UV.png;textures/UV-Guides/pz_counter_steel_corner_UV-Guia.png
pz_counter_steel_floor;Mod instalado 0.1.11;96;48;256x256;textures/PNG/pz_counter_steel_floor_UV.png;textures/UV-Guides/pz_counter_steel_floor_UV-Guia.png
pz_counter_steel_floor__sink_inset_oval;Mod instalado 0.1.11;379;45;512x512;textures/PNG/pz_counter_steel_floor__sink_inset_oval_UV.png;textures/UV-Guides/pz_counter_steel_floor__sink_inset_oval_UV-Guia.png
pz_counter_steel_floor__sink_inset_rect;Mod instalado 0.1.11;379;45;512x512;textures/PNG/pz_counter_steel_floor__sink_inset_rect_UV.png;textures/UV-Guides/pz_counter_steel_floor__sink_inset_rect_UV-Guia.png
pz_counter_steel_wall;Mod instalado 0.1.11;36;18;256x256;textures/PNG/pz_counter_steel_wall_UV.png;textures/UV-Guides/pz_counter_steel_wall_UV-Guia.png
pz_counter_steel_wall_corner;Mod instalado 0.1.11;20;8;256x256;textures/PNG/pz_counter_steel_wall_corner_UV.png;textures/UV-Guides/pz_counter_steel_wall_corner_UV-Guia.png
pz_counter_white_corner;Mod instalado 0.1.11;60;24;256x256;textures/PNG/pz_counter_white_corner_UV.png;textures/UV-Guides/pz_counter_white_corner_UV-Guia.png
pz_counter_white_floor;Mod instalado 0.1.11;84;42;256x256;textures/PNG/pz_counter_white_floor_UV.png;textures/UV-Guides/pz_counter_white_floor_UV-Guia.png
pz_counter_white_floor__sink_inset_oval;Mod instalado 0.1.11;414;48;512x512;textures/PNG/pz_counter_white_floor__sink_inset_oval_UV.png;textures/UV-Guides/pz_counter_white_floor__sink_inset_oval_UV-Guia.png
pz_counter_white_floor__sink_inset_rect;Mod instalado 0.1.11;414;48;512x512;textures/PNG/pz_counter_white_floor__sink_inset_rect_UV.png;textures/UV-Guides/pz_counter_white_floor__sink_inset_rect_UV-Guia.png
pz_counter_white_wall;Mod instalado 0.1.11;36;18;256x256;textures/PNG/pz_counter_white_wall_UV.png;textures/UV-Guides/pz_counter_white_wall_UV-Guia.png
pz_counter_white_wall_corner;Mod instalado 0.1.11;20;8;256x256;textures/PNG/pz_counter_white_wall_corner_UV.png;textures/UV-Guides/pz_counter_white_wall_corner_UV-Guia.png
pz_counter_wooden_corner;Mod instalado 0.1.11;60;24;256x256;textures/PNG/pz_counter_wooden_corner_UV.png;textures/UV-Guides/pz_counter_wooden_corner_UV-Guia.png
pz_counter_wooden_floor;Mod instalado 0.1.11;84;42;256x256;textures/PNG/pz_counter_wooden_floor_UV.png;textures/UV-Guides/pz_counter_wooden_floor_UV-Guia.png
pz_counter_wooden_floor__sink_inset_oval;Mod instalado 0.1.11;414;48;512x512;textures/PNG/pz_counter_wooden_floor__sink_inset_oval_UV.png;textures/UV-Guides/pz_counter_wooden_floor__sink_inset_oval_UV-Guia.png
pz_counter_wooden_floor__sink_inset_rect;Mod instalado 0.1.11;414;48;512x512;textures/PNG/pz_counter_wooden_floor__sink_inset_rect_UV.png;textures/UV-Guides/pz_counter_wooden_floor__sink_inset_rect_UV-Guia.png
pz_counter_wooden_wall;Mod instalado 0.1.11;36;18;256x256;textures/PNG/pz_counter_wooden_wall_UV.png;textures/UV-Guides/pz_counter_wooden_wall_UV-Guia.png
pz_counter_wooden_wall_corner;Mod instalado 0.1.11;20;8;256x256;textures/PNG/pz_counter_wooden_wall_corner_UV.png;textures/UV-Guides/pz_counter_wooden_wall_corner_UV-Guia.png
pz_drawer_storage_01_bedroom;Mod instalado 0.1.11;136;64;256x256;textures/PNG/pz_drawer_storage_01_bedroom_UV.png;textures/UV-Guides/pz_drawer_storage_01_bedroom_UV-Guia.png
pz_drawer_storage_01_dark_fancy;Mod instalado 0.1.11;110;55;256x256;textures/PNG/pz_drawer_storage_01_dark_fancy_UV.png;textures/UV-Guides/pz_drawer_storage_01_dark_fancy_UV-Guia.png
pz_drawer_storage_01_fancy;Mod instalado 0.1.11;110;55;256x256;textures/PNG/pz_drawer_storage_01_fancy_UV.png;textures/UV-Guides/pz_drawer_storage_01_fancy_UV-Guia.png
pz_drawer_storage_01_fancy_oak;Mod instalado 0.1.11;110;55;256x256;textures/PNG/pz_drawer_storage_01_fancy_oak_UV.png;textures/UV-Guides/pz_drawer_storage_01_fancy_oak_UV-Guia.png
pz_drawer_storage_01_light_wood;Mod instalado 0.1.11;110;55;256x256;textures/PNG/pz_drawer_storage_01_light_wood_UV.png;textures/UV-Guides/pz_drawer_storage_01_light_wood_UV-Guia.png
pz_drawer_storage_01_lit_mirror_and;Mod instalado 0.1.11;138;63;256x256;textures/PNG/pz_drawer_storage_01_lit_mirror_and_UV.png;textures/UV-Guides/pz_drawer_storage_01_lit_mirror_and_UV-Guia.png
pz_drawer_storage_01_mirror_and;Mod instalado 0.1.11;138;63;256x256;textures/PNG/pz_drawer_storage_01_mirror_and_UV.png;textures/UV-Guides/pz_drawer_storage_01_mirror_and_UV-Guia.png
pz_extractor_hood;Mod instalado 0.1.11;46;23;256x256;textures/PNG/pz_extractor_hood_UV.png;textures/UV-Guides/pz_extractor_hood_UV-Guia.png
pz_fence_png_fencing_01_0;Mod instalado 0.1.11;12;6;256x256;textures/PNG/pz_fence_png_fencing_01_0_UV.png;textures/UV-Guides/pz_fence_png_fencing_01_0_UV-Guia.png
pz_fence_png_fencing_01_1;Mod instalado 0.1.11;36;18;256x256;textures/PNG/pz_fence_png_fencing_01_1_UV.png;textures/UV-Guides/pz_fence_png_fencing_01_1_UV-Guia.png
pz_fence_png_fencing_01_2;Mod instalado 0.1.11;36;18;256x256;textures/PNG/pz_fence_png_fencing_01_2_UV.png;textures/UV-Guides/pz_fence_png_fencing_01_2_UV-Guia.png
pz_fence_png_fencing_01_24;Mod instalado 0.1.11;36;18;256x256;textures/PNG/pz_fence_png_fencing_01_24_UV.png;textures/UV-Guides/pz_fence_png_fencing_01_24_UV-Guia.png
pz_fence_png_fencing_01_25;Mod instalado 0.1.11;36;18;256x256;textures/PNG/pz_fence_png_fencing_01_25_UV.png;textures/UV-Guides/pz_fence_png_fencing_01_25_UV-Guia.png
pz_fence_png_fencing_01_26;Mod instalado 0.1.11;36;18;256x256;textures/PNG/pz_fence_png_fencing_01_26_UV.png;textures/UV-Guides/pz_fence_png_fencing_01_26_UV-Guia.png
pz_fence_png_fencing_01_27;Mod instalado 0.1.11;36;18;256x256;textures/PNG/pz_fence_png_fencing_01_27_UV.png;textures/UV-Guides/pz_fence_png_fencing_01_27_UV-Guia.png
pz_fence_png_fencing_01_28;Mod instalado 0.1.11;60;30;256x256;textures/PNG/pz_fence_png_fencing_01_28_UV.png;textures/UV-Guides/pz_fence_png_fencing_01_28_UV-Guia.png
pz_fence_png_fencing_01_29;Mod instalado 0.1.11;12;6;256x256;textures/PNG/pz_fence_png_fencing_01_29_UV.png;textures/UV-Guides/pz_fence_png_fencing_01_29_UV-Guia.png
pz_fence_png_fencing_01_3;Mod instalado 0.1.11;60;30;256x256;textures/PNG/pz_fence_png_fencing_01_3_UV.png;textures/UV-Guides/pz_fence_png_fencing_01_3_UV-Guia.png
pz_fence_png_fencing_01_48;Mod instalado 0.1.11;36;18;256x256;textures/PNG/pz_fence_png_fencing_01_48_UV.png;textures/UV-Guides/pz_fence_png_fencing_01_48_UV-Guia.png
pz_fence_png_fencing_01_49;Mod instalado 0.1.11;36;18;256x256;textures/PNG/pz_fence_png_fencing_01_49_UV.png;textures/UV-Guides/pz_fence_png_fencing_01_49_UV-Guia.png
pz_fence_png_fencing_01_50;Mod instalado 0.1.11;36;18;256x256;textures/PNG/pz_fence_png_fencing_01_50_UV.png;textures/UV-Guides/pz_fence_png_fencing_01_50_UV-Guia.png
pz_fence_png_fencing_01_51;Mod instalado 0.1.11;36;18;256x256;textures/PNG/pz_fence_png_fencing_01_51_UV.png;textures/UV-Guides/pz_fence_png_fencing_01_51_UV-Guia.png
pz_fence_png_fencing_01_52;Mod instalado 0.1.11;60;30;256x256;textures/PNG/pz_fence_png_fencing_01_52_UV.png;textures/UV-Guides/pz_fence_png_fencing_01_52_UV-Guia.png
pz_fence_png_fencing_01_53;Mod instalado 0.1.11;12;6;256x256;textures/PNG/pz_fence_png_fencing_01_53_UV.png;textures/UV-Guides/pz_fence_png_fencing_01_53_UV-Guia.png
pz_fridge_blue;Mod instalado 0.1.11;36;18;256x256;textures/PNG/pz_fridge_blue_UV.png;textures/UV-Guides/pz_fridge_blue_UV-Guia.png
pz_fridge_green;Mod instalado 0.1.11;36;18;256x256;textures/PNG/pz_fridge_green_UV.png;textures/UV-Guides/pz_fridge_green_UV-Guia.png
pz_fridge_plain;Mod instalado 0.1.11;36;18;256x256;textures/PNG/pz_fridge_plain_UV.png;textures/UV-Guides/pz_fridge_plain_UV-Guia.png
pz_fridge_red;Mod instalado 0.1.11;36;18;256x256;textures/PNG/pz_fridge_red_UV.png;textures/UV-Guides/pz_fridge_red_UV-Guia.png
pz_fridge_steel;Mod instalado 0.1.11;24;12;256x256;textures/PNG/pz_fridge_steel_UV.png;textures/UV-Guides/pz_fridge_steel_UV-Guia.png
pz_fridge_white;Mod instalado 0.1.11;36;18;256x256;textures/PNG/pz_fridge_white_UV.png;textures/UV-Guides/pz_fridge_white_UV-Guia.png
pz_lamp_10;Mod instalado 0.1.11;136;23;256x256;textures/PNG/pz_lamp_10_UV.png;textures/UV-Guides/pz_lamp_10_UV-Guia.png
pz_lamp_11;Mod instalado 0.1.11;136;28;256x256;textures/PNG/pz_lamp_11_UV.png;textures/UV-Guides/pz_lamp_11_UV-Guia.png
pz_lamp_12;Mod instalado 0.1.11;136;23;256x256;textures/PNG/pz_lamp_12_UV.png;textures/UV-Guides/pz_lamp_12_UV-Guia.png
pz_lamp_13;Mod instalado 0.1.11;136;23;256x256;textures/PNG/pz_lamp_13_UV.png;textures/UV-Guides/pz_lamp_13_UV-Guia.png
pz_lamp_58;Mod instalado 0.1.11;156;38;256x256;textures/PNG/pz_lamp_58_UV.png;textures/UV-Guides/pz_lamp_58_UV-Guia.png
pz_lamp_8;Mod instalado 0.1.11;136;23;256x256;textures/PNG/pz_lamp_8_UV.png;textures/UV-Guides/pz_lamp_8_UV-Guia.png
pz_lamp_9;Mod instalado 0.1.11;136;23;256x256;textures/PNG/pz_lamp_9_UV.png;textures/UV-Guides/pz_lamp_9_UV-Guia.png
pz_mailbox_public;Mod instalado 0.1.11;216;103;512x512;textures/PNG/pz_mailbox_public_UV.png;textures/UV-Guides/pz_mailbox_public_UV-Guia.png
pz_mailbox_residential;Mod instalado 0.1.11;164;60;256x256;textures/PNG/pz_mailbox_residential_UV.png;textures/UV-Guides/pz_mailbox_residential_UV-Guia.png
pz_painting_betty;Mod instalado 0.1.11;12;6;256x256;textures/PNG/pz_painting_betty_UV.png;textures/UV-Guides/pz_painting_betty_UV-Guia.png
pz_painting_dr_oids;Mod instalado 0.1.11;12;6;256x256;textures/PNG/pz_painting_dr_oids_UV.png;textures/UV-Guides/pz_painting_dr_oids_UV-Guia.png
pz_painting_incognito_library;Mod instalado 0.1.11;12;6;256x256;textures/PNG/pz_painting_incognito_library_UV.png;textures/UV-Guides/pz_painting_incognito_library_UV-Guia.png
pz_painting_island_beach_0;Mod instalado 0.1.11;10;5;256x256;textures/PNG/pz_painting_island_beach_0_UV.png;textures/UV-Guides/pz_painting_island_beach_0_UV-Guia.png
pz_painting_island_beach_1;Mod instalado 0.1.11;10;5;256x256;textures/PNG/pz_painting_island_beach_1_UV.png;textures/UV-Guides/pz_painting_island_beach_1_UV-Guia.png
pz_painting_lakeside_0;Mod instalado 0.1.11;10;5;256x256;textures/PNG/pz_painting_lakeside_0_UV.png;textures/UV-Guides/pz_painting_lakeside_0_UV-Guia.png
pz_painting_lakeside_1;Mod instalado 0.1.11;10;5;256x256;textures/PNG/pz_painting_lakeside_1_UV.png;textures/UV-Guides/pz_painting_lakeside_1_UV-Guia.png
pz_painting_lighthouse;Mod instalado 0.1.11;12;6;256x256;textures/PNG/pz_painting_lighthouse_UV.png;textures/UV-Guides/pz_painting_lighthouse_UV-Guia.png
pz_painting_monica_elisa;Mod instalado 0.1.11;12;6;256x256;textures/PNG/pz_painting_monica_elisa_UV.png;textures/UV-Guides/pz_painting_monica_elisa_UV-Guia.png
pz_painting_omega_department;Mod instalado 0.1.11;12;6;256x256;textures/PNG/pz_painting_omega_department_UV.png;textures/UV-Guides/pz_painting_omega_department_UV-Guia.png
pz_painting_waterbeach_hills;Mod instalado 0.1.11;12;6;256x256;textures/PNG/pz_painting_waterbeach_hills_UV.png;textures/UV-Guides/pz_painting_waterbeach_hills_UV-Guia.png
pz_phone_modern_black;Mod instalado 0.1.11;156;50;256x256;textures/PNG/pz_phone_modern_black_UV.png;textures/UV-Guides/pz_phone_modern_black_UV-Guia.png
pz_phone_modern_white;Mod instalado 0.1.11;156;50;256x256;textures/PNG/pz_phone_modern_white_UV.png;textures/UV-Guides/pz_phone_modern_white_UV-Guia.png
pz_phone_rotary_beige;Mod instalado 0.1.11;156;50;256x256;textures/PNG/pz_phone_rotary_beige_UV.png;textures/UV-Guides/pz_phone_rotary_beige_UV-Guia.png
pz_phone_rotary_black;Mod instalado 0.1.11;156;50;256x256;textures/PNG/pz_phone_rotary_black_UV.png;textures/UV-Guides/pz_phone_rotary_black_UV-Guia.png
pz_phone_rotary_red;Mod instalado 0.1.11;156;50;256x256;textures/PNG/pz_phone_rotary_red_UV.png;textures/UV-Guides/pz_phone_rotary_red_UV-Guia.png
pz_phone_rotary_white;Mod instalado 0.1.11;156;50;256x256;textures/PNG/pz_phone_rotary_white_UV.png;textures/UV-Guides/pz_phone_rotary_white_UV-Guia.png
pz_plant_native_10;Mod instalado 0.1.11;64;21;256x256;textures/PNG/pz_plant_native_10_UV.png;textures/UV-Guides/pz_plant_native_10_UV-Guia.png
pz_plant_native_11;Mod instalado 0.1.11;64;21;256x256;textures/PNG/pz_plant_native_11_UV.png;textures/UV-Guides/pz_plant_native_11_UV-Guia.png
pz_plant_native_16;Mod instalado 0.1.11;32;8;256x256;textures/PNG/pz_plant_native_16_UV.png;textures/UV-Guides/pz_plant_native_16_UV-Guia.png
pz_plant_native_18;Mod instalado 0.1.11;64;21;256x256;textures/PNG/pz_plant_native_18_UV.png;textures/UV-Guides/pz_plant_native_18_UV-Guia.png
pz_plant_native_19;Mod instalado 0.1.11;64;21;256x256;textures/PNG/pz_plant_native_19_UV.png;textures/UV-Guides/pz_plant_native_19_UV-Guia.png
pz_plant_native_2;Mod instalado 0.1.11;64;21;256x256;textures/PNG/pz_plant_native_2_UV.png;textures/UV-Guides/pz_plant_native_2_UV-Guia.png
pz_plant_native_24;Mod instalado 0.1.11;32;8;256x256;textures/PNG/pz_plant_native_24_UV.png;textures/UV-Guides/pz_plant_native_24_UV-Guia.png
pz_plant_native_26;Mod instalado 0.1.11;64;21;256x256;textures/PNG/pz_plant_native_26_UV.png;textures/UV-Guides/pz_plant_native_26_UV-Guia.png
pz_plant_native_27;Mod instalado 0.1.11;64;21;256x256;textures/PNG/pz_plant_native_27_UV.png;textures/UV-Guides/pz_plant_native_27_UV-Guia.png
pz_plant_native_32;Mod instalado 0.1.11;28;6;256x256;textures/PNG/pz_plant_native_32_UV.png;textures/UV-Guides/pz_plant_native_32_UV-Guia.png
pz_plant_native_34;Mod instalado 0.1.11;60;19;256x256;textures/PNG/pz_plant_native_34_UV.png;textures/UV-Guides/pz_plant_native_34_UV-Guia.png
pz_plant_native_35;Mod instalado 0.1.11;60;19;256x256;textures/PNG/pz_plant_native_35_UV.png;textures/UV-Guides/pz_plant_native_35_UV-Guia.png
pz_plant_native_6;Mod instalado 0.1.11;64;21;256x256;textures/PNG/pz_plant_native_6_UV.png;textures/UV-Guides/pz_plant_native_6_UV-Guia.png
pz_plant_native_8;Mod instalado 0.1.11;32;8;256x256;textures/PNG/pz_plant_native_8_UV.png;textures/UV-Guides/pz_plant_native_8_UV-Guia.png
pz_rug_floors_rugs_01_0;Mod instalado 0.1.11;12;6;256x256;textures/PNG/pz_rug_floors_rugs_01_0_UV.png;textures/UV-Guides/pz_rug_floors_rugs_01_0_UV-Guia.png
pz_rug_floors_rugs_01_1;Mod instalado 0.1.11;12;6;256x256;textures/PNG/pz_rug_floors_rugs_01_1_UV.png;textures/UV-Guides/pz_rug_floors_rugs_01_1_UV-Guia.png
pz_rug_floors_rugs_01_10;Mod instalado 0.1.11;12;6;256x256;textures/PNG/pz_rug_floors_rugs_01_10_UV.png;textures/UV-Guides/pz_rug_floors_rugs_01_10_UV-Guia.png
pz_rug_floors_rugs_01_100;Mod instalado 0.1.11;12;6;256x256;textures/PNG/pz_rug_floors_rugs_01_100_UV.png;textures/UV-Guides/pz_rug_floors_rugs_01_100_UV-Guia.png
pz_rug_floors_rugs_01_101;Mod instalado 0.1.11;12;6;256x256;textures/PNG/pz_rug_floors_rugs_01_101_UV.png;textures/UV-Guides/pz_rug_floors_rugs_01_101_UV-Guia.png
pz_rug_floors_rugs_01_104;Mod instalado 0.1.11;12;6;256x256;textures/PNG/pz_rug_floors_rugs_01_104_UV.png;textures/UV-Guides/pz_rug_floors_rugs_01_104_UV-Guia.png
pz_rug_floors_rugs_01_105;Mod instalado 0.1.11;12;6;256x256;textures/PNG/pz_rug_floors_rugs_01_105_UV.png;textures/UV-Guides/pz_rug_floors_rugs_01_105_UV-Guia.png
pz_rug_floors_rugs_01_106;Mod instalado 0.1.11;12;6;256x256;textures/PNG/pz_rug_floors_rugs_01_106_UV.png;textures/UV-Guides/pz_rug_floors_rugs_01_106_UV-Guia.png
pz_rug_floors_rugs_01_107;Mod instalado 0.1.11;12;6;256x256;textures/PNG/pz_rug_floors_rugs_01_107_UV.png;textures/UV-Guides/pz_rug_floors_rugs_01_107_UV-Guia.png
pz_rug_floors_rugs_01_108;Mod instalado 0.1.11;12;6;256x256;textures/PNG/pz_rug_floors_rugs_01_108_UV.png;textures/UV-Guides/pz_rug_floors_rugs_01_108_UV-Guia.png
pz_rug_floors_rugs_01_109;Mod instalado 0.1.11;12;6;256x256;textures/PNG/pz_rug_floors_rugs_01_109_UV.png;textures/UV-Guides/pz_rug_floors_rugs_01_109_UV-Guia.png
pz_rug_floors_rugs_01_11;Mod instalado 0.1.11;12;6;256x256;textures/PNG/pz_rug_floors_rugs_01_11_UV.png;textures/UV-Guides/pz_rug_floors_rugs_01_11_UV-Guia.png
pz_rug_floors_rugs_01_112;Mod instalado 0.1.11;12;6;256x256;textures/PNG/pz_rug_floors_rugs_01_112_UV.png;textures/UV-Guides/pz_rug_floors_rugs_01_112_UV-Guia.png
pz_rug_floors_rugs_01_113;Mod instalado 0.1.11;12;6;256x256;textures/PNG/pz_rug_floors_rugs_01_113_UV.png;textures/UV-Guides/pz_rug_floors_rugs_01_113_UV-Guia.png
pz_rug_floors_rugs_01_114;Mod instalado 0.1.11;12;6;256x256;textures/PNG/pz_rug_floors_rugs_01_114_UV.png;textures/UV-Guides/pz_rug_floors_rugs_01_114_UV-Guia.png
pz_rug_floors_rugs_01_115;Mod instalado 0.1.11;12;6;256x256;textures/PNG/pz_rug_floors_rugs_01_115_UV.png;textures/UV-Guides/pz_rug_floors_rugs_01_115_UV-Guia.png
pz_rug_floors_rugs_01_116;Mod instalado 0.1.11;12;6;256x256;textures/PNG/pz_rug_floors_rugs_01_116_UV.png;textures/UV-Guides/pz_rug_floors_rugs_01_116_UV-Guia.png
pz_rug_floors_rugs_01_117;Mod instalado 0.1.11;12;6;256x256;textures/PNG/pz_rug_floors_rugs_01_117_UV.png;textures/UV-Guides/pz_rug_floors_rugs_01_117_UV-Guia.png
pz_rug_floors_rugs_01_118;Mod instalado 0.1.11;12;6;256x256;textures/PNG/pz_rug_floors_rugs_01_118_UV.png;textures/UV-Guides/pz_rug_floors_rugs_01_118_UV-Guia.png
pz_rug_floors_rugs_01_119;Mod instalado 0.1.11;12;6;256x256;textures/PNG/pz_rug_floors_rugs_01_119_UV.png;textures/UV-Guides/pz_rug_floors_rugs_01_119_UV-Guia.png
pz_rug_floors_rugs_01_12;Mod instalado 0.1.11;12;6;256x256;textures/PNG/pz_rug_floors_rugs_01_12_UV.png;textures/UV-Guides/pz_rug_floors_rugs_01_12_UV-Guia.png
pz_rug_floors_rugs_01_120;Mod instalado 0.1.11;12;6;256x256;textures/PNG/pz_rug_floors_rugs_01_120_UV.png;textures/UV-Guides/pz_rug_floors_rugs_01_120_UV-Guia.png
pz_rug_floors_rugs_01_121;Mod instalado 0.1.11;12;6;256x256;textures/PNG/pz_rug_floors_rugs_01_121_UV.png;textures/UV-Guides/pz_rug_floors_rugs_01_121_UV-Guia.png
pz_rug_floors_rugs_01_122;Mod instalado 0.1.11;12;6;256x256;textures/PNG/pz_rug_floors_rugs_01_122_UV.png;textures/UV-Guides/pz_rug_floors_rugs_01_122_UV-Guia.png
pz_rug_floors_rugs_01_123;Mod instalado 0.1.11;12;6;256x256;textures/PNG/pz_rug_floors_rugs_01_123_UV.png;textures/UV-Guides/pz_rug_floors_rugs_01_123_UV-Guia.png
pz_rug_floors_rugs_01_124;Mod instalado 0.1.11;12;6;256x256;textures/PNG/pz_rug_floors_rugs_01_124_UV.png;textures/UV-Guides/pz_rug_floors_rugs_01_124_UV-Guia.png
pz_rug_floors_rugs_01_125;Mod instalado 0.1.11;12;6;256x256;textures/PNG/pz_rug_floors_rugs_01_125_UV.png;textures/UV-Guides/pz_rug_floors_rugs_01_125_UV-Guia.png
pz_rug_floors_rugs_01_126;Mod instalado 0.1.11;12;6;256x256;textures/PNG/pz_rug_floors_rugs_01_126_UV.png;textures/UV-Guides/pz_rug_floors_rugs_01_126_UV-Guia.png
pz_rug_floors_rugs_01_127;Mod instalado 0.1.11;12;6;256x256;textures/PNG/pz_rug_floors_rugs_01_127_UV.png;textures/UV-Guides/pz_rug_floors_rugs_01_127_UV-Guia.png
pz_rug_floors_rugs_01_128;Mod instalado 0.1.11;12;6;256x256;textures/PNG/pz_rug_floors_rugs_01_128_UV.png;textures/UV-Guides/pz_rug_floors_rugs_01_128_UV-Guia.png
pz_rug_floors_rugs_01_129;Mod instalado 0.1.11;12;6;256x256;textures/PNG/pz_rug_floors_rugs_01_129_UV.png;textures/UV-Guides/pz_rug_floors_rugs_01_129_UV-Guia.png
pz_rug_floors_rugs_01_13;Mod instalado 0.1.11;12;6;256x256;textures/PNG/pz_rug_floors_rugs_01_13_UV.png;textures/UV-Guides/pz_rug_floors_rugs_01_13_UV-Guia.png
pz_rug_floors_rugs_01_130;Mod instalado 0.1.11;12;6;256x256;textures/PNG/pz_rug_floors_rugs_01_130_UV.png;textures/UV-Guides/pz_rug_floors_rugs_01_130_UV-Guia.png
pz_rug_floors_rugs_01_131;Mod instalado 0.1.11;12;6;256x256;textures/PNG/pz_rug_floors_rugs_01_131_UV.png;textures/UV-Guides/pz_rug_floors_rugs_01_131_UV-Guia.png
pz_rug_floors_rugs_01_132;Mod instalado 0.1.11;12;6;256x256;textures/PNG/pz_rug_floors_rugs_01_132_UV.png;textures/UV-Guides/pz_rug_floors_rugs_01_132_UV-Guia.png
pz_rug_floors_rugs_01_133;Mod instalado 0.1.11;12;6;256x256;textures/PNG/pz_rug_floors_rugs_01_133_UV.png;textures/UV-Guides/pz_rug_floors_rugs_01_133_UV-Guia.png
pz_rug_floors_rugs_01_134;Mod instalado 0.1.11;12;6;256x256;textures/PNG/pz_rug_floors_rugs_01_134_UV.png;textures/UV-Guides/pz_rug_floors_rugs_01_134_UV-Guia.png
pz_rug_floors_rugs_01_135;Mod instalado 0.1.11;12;6;256x256;textures/PNG/pz_rug_floors_rugs_01_135_UV.png;textures/UV-Guides/pz_rug_floors_rugs_01_135_UV-Guia.png
pz_rug_floors_rugs_01_14;Mod instalado 0.1.11;12;6;256x256;textures/PNG/pz_rug_floors_rugs_01_14_UV.png;textures/UV-Guides/pz_rug_floors_rugs_01_14_UV-Guia.png
pz_rug_floors_rugs_01_15;Mod instalado 0.1.11;12;6;256x256;textures/PNG/pz_rug_floors_rugs_01_15_UV.png;textures/UV-Guides/pz_rug_floors_rugs_01_15_UV-Guia.png
pz_rug_floors_rugs_01_16;Mod instalado 0.1.11;12;6;256x256;textures/PNG/pz_rug_floors_rugs_01_16_UV.png;textures/UV-Guides/pz_rug_floors_rugs_01_16_UV-Guia.png
pz_rug_floors_rugs_01_17;Mod instalado 0.1.11;12;6;256x256;textures/PNG/pz_rug_floors_rugs_01_17_UV.png;textures/UV-Guides/pz_rug_floors_rugs_01_17_UV-Guia.png
pz_rug_floors_rugs_01_18;Mod instalado 0.1.11;12;6;256x256;textures/PNG/pz_rug_floors_rugs_01_18_UV.png;textures/UV-Guides/pz_rug_floors_rugs_01_18_UV-Guia.png
pz_rug_floors_rugs_01_19;Mod instalado 0.1.11;12;6;256x256;textures/PNG/pz_rug_floors_rugs_01_19_UV.png;textures/UV-Guides/pz_rug_floors_rugs_01_19_UV-Guia.png
pz_rug_floors_rugs_01_2;Mod instalado 0.1.11;12;6;256x256;textures/PNG/pz_rug_floors_rugs_01_2_UV.png;textures/UV-Guides/pz_rug_floors_rugs_01_2_UV-Guia.png
pz_rug_floors_rugs_01_20;Mod instalado 0.1.11;12;6;256x256;textures/PNG/pz_rug_floors_rugs_01_20_UV.png;textures/UV-Guides/pz_rug_floors_rugs_01_20_UV-Guia.png
pz_rug_floors_rugs_01_21;Mod instalado 0.1.11;12;6;256x256;textures/PNG/pz_rug_floors_rugs_01_21_UV.png;textures/UV-Guides/pz_rug_floors_rugs_01_21_UV-Guia.png
pz_rug_floors_rugs_01_22;Mod instalado 0.1.11;12;6;256x256;textures/PNG/pz_rug_floors_rugs_01_22_UV.png;textures/UV-Guides/pz_rug_floors_rugs_01_22_UV-Guia.png
pz_rug_floors_rugs_01_23;Mod instalado 0.1.11;12;6;256x256;textures/PNG/pz_rug_floors_rugs_01_23_UV.png;textures/UV-Guides/pz_rug_floors_rugs_01_23_UV-Guia.png
pz_rug_floors_rugs_01_24;Mod instalado 0.1.11;12;6;256x256;textures/PNG/pz_rug_floors_rugs_01_24_UV.png;textures/UV-Guides/pz_rug_floors_rugs_01_24_UV-Guia.png
pz_rug_floors_rugs_01_25;Mod instalado 0.1.11;12;6;256x256;textures/PNG/pz_rug_floors_rugs_01_25_UV.png;textures/UV-Guides/pz_rug_floors_rugs_01_25_UV-Guia.png
pz_rug_floors_rugs_01_26;Mod instalado 0.1.11;12;6;256x256;textures/PNG/pz_rug_floors_rugs_01_26_UV.png;textures/UV-Guides/pz_rug_floors_rugs_01_26_UV-Guia.png
pz_rug_floors_rugs_01_27;Mod instalado 0.1.11;12;6;256x256;textures/PNG/pz_rug_floors_rugs_01_27_UV.png;textures/UV-Guides/pz_rug_floors_rugs_01_27_UV-Guia.png
pz_rug_floors_rugs_01_28;Mod instalado 0.1.11;12;6;256x256;textures/PNG/pz_rug_floors_rugs_01_28_UV.png;textures/UV-Guides/pz_rug_floors_rugs_01_28_UV-Guia.png
pz_rug_floors_rugs_01_29;Mod instalado 0.1.11;12;6;256x256;textures/PNG/pz_rug_floors_rugs_01_29_UV.png;textures/UV-Guides/pz_rug_floors_rugs_01_29_UV-Guia.png
pz_rug_floors_rugs_01_3;Mod instalado 0.1.11;12;6;256x256;textures/PNG/pz_rug_floors_rugs_01_3_UV.png;textures/UV-Guides/pz_rug_floors_rugs_01_3_UV-Guia.png
pz_rug_floors_rugs_01_30;Mod instalado 0.1.11;12;6;256x256;textures/PNG/pz_rug_floors_rugs_01_30_UV.png;textures/UV-Guides/pz_rug_floors_rugs_01_30_UV-Guia.png
pz_rug_floors_rugs_01_31;Mod instalado 0.1.11;12;6;256x256;textures/PNG/pz_rug_floors_rugs_01_31_UV.png;textures/UV-Guides/pz_rug_floors_rugs_01_31_UV-Guia.png
pz_rug_floors_rugs_01_32;Mod instalado 0.1.11;12;6;256x256;textures/PNG/pz_rug_floors_rugs_01_32_UV.png;textures/UV-Guides/pz_rug_floors_rugs_01_32_UV-Guia.png
pz_rug_floors_rugs_01_33;Mod instalado 0.1.11;12;6;256x256;textures/PNG/pz_rug_floors_rugs_01_33_UV.png;textures/UV-Guides/pz_rug_floors_rugs_01_33_UV-Guia.png
pz_rug_floors_rugs_01_34;Mod instalado 0.1.11;12;6;256x256;textures/PNG/pz_rug_floors_rugs_01_34_UV.png;textures/UV-Guides/pz_rug_floors_rugs_01_34_UV-Guia.png
pz_rug_floors_rugs_01_35;Mod instalado 0.1.11;12;6;256x256;textures/PNG/pz_rug_floors_rugs_01_35_UV.png;textures/UV-Guides/pz_rug_floors_rugs_01_35_UV-Guia.png
pz_rug_floors_rugs_01_36;Mod instalado 0.1.11;12;6;256x256;textures/PNG/pz_rug_floors_rugs_01_36_UV.png;textures/UV-Guides/pz_rug_floors_rugs_01_36_UV-Guia.png
pz_rug_floors_rugs_01_37;Mod instalado 0.1.11;12;6;256x256;textures/PNG/pz_rug_floors_rugs_01_37_UV.png;textures/UV-Guides/pz_rug_floors_rugs_01_37_UV-Guia.png
pz_rug_floors_rugs_01_38;Mod instalado 0.1.11;12;6;256x256;textures/PNG/pz_rug_floors_rugs_01_38_UV.png;textures/UV-Guides/pz_rug_floors_rugs_01_38_UV-Guia.png
pz_rug_floors_rugs_01_39;Mod instalado 0.1.11;12;6;256x256;textures/PNG/pz_rug_floors_rugs_01_39_UV.png;textures/UV-Guides/pz_rug_floors_rugs_01_39_UV-Guia.png
pz_rug_floors_rugs_01_4;Mod instalado 0.1.11;12;6;256x256;textures/PNG/pz_rug_floors_rugs_01_4_UV.png;textures/UV-Guides/pz_rug_floors_rugs_01_4_UV-Guia.png
pz_rug_floors_rugs_01_40;Mod instalado 0.1.11;12;6;256x256;textures/PNG/pz_rug_floors_rugs_01_40_UV.png;textures/UV-Guides/pz_rug_floors_rugs_01_40_UV-Guia.png
pz_rug_floors_rugs_01_41;Mod instalado 0.1.11;12;6;256x256;textures/PNG/pz_rug_floors_rugs_01_41_UV.png;textures/UV-Guides/pz_rug_floors_rugs_01_41_UV-Guia.png
pz_rug_floors_rugs_01_42;Mod instalado 0.1.11;12;6;256x256;textures/PNG/pz_rug_floors_rugs_01_42_UV.png;textures/UV-Guides/pz_rug_floors_rugs_01_42_UV-Guia.png
pz_rug_floors_rugs_01_43;Mod instalado 0.1.11;12;6;256x256;textures/PNG/pz_rug_floors_rugs_01_43_UV.png;textures/UV-Guides/pz_rug_floors_rugs_01_43_UV-Guia.png
pz_rug_floors_rugs_01_44;Mod instalado 0.1.11;12;6;256x256;textures/PNG/pz_rug_floors_rugs_01_44_UV.png;textures/UV-Guides/pz_rug_floors_rugs_01_44_UV-Guia.png
pz_rug_floors_rugs_01_45;Mod instalado 0.1.11;12;6;256x256;textures/PNG/pz_rug_floors_rugs_01_45_UV.png;textures/UV-Guides/pz_rug_floors_rugs_01_45_UV-Guia.png
pz_rug_floors_rugs_01_46;Mod instalado 0.1.11;12;6;256x256;textures/PNG/pz_rug_floors_rugs_01_46_UV.png;textures/UV-Guides/pz_rug_floors_rugs_01_46_UV-Guia.png
pz_rug_floors_rugs_01_47;Mod instalado 0.1.11;12;6;256x256;textures/PNG/pz_rug_floors_rugs_01_47_UV.png;textures/UV-Guides/pz_rug_floors_rugs_01_47_UV-Guia.png
pz_rug_floors_rugs_01_48;Mod instalado 0.1.11;12;6;256x256;textures/PNG/pz_rug_floors_rugs_01_48_UV.png;textures/UV-Guides/pz_rug_floors_rugs_01_48_UV-Guia.png
pz_rug_floors_rugs_01_49;Mod instalado 0.1.11;12;6;256x256;textures/PNG/pz_rug_floors_rugs_01_49_UV.png;textures/UV-Guides/pz_rug_floors_rugs_01_49_UV-Guia.png
pz_rug_floors_rugs_01_5;Mod instalado 0.1.11;12;6;256x256;textures/PNG/pz_rug_floors_rugs_01_5_UV.png;textures/UV-Guides/pz_rug_floors_rugs_01_5_UV-Guia.png
pz_rug_floors_rugs_01_50;Mod instalado 0.1.11;12;6;256x256;textures/PNG/pz_rug_floors_rugs_01_50_UV.png;textures/UV-Guides/pz_rug_floors_rugs_01_50_UV-Guia.png
pz_rug_floors_rugs_01_51;Mod instalado 0.1.11;12;6;256x256;textures/PNG/pz_rug_floors_rugs_01_51_UV.png;textures/UV-Guides/pz_rug_floors_rugs_01_51_UV-Guia.png
pz_rug_floors_rugs_01_52;Mod instalado 0.1.11;12;6;256x256;textures/PNG/pz_rug_floors_rugs_01_52_UV.png;textures/UV-Guides/pz_rug_floors_rugs_01_52_UV-Guia.png
pz_rug_floors_rugs_01_53;Mod instalado 0.1.11;12;6;256x256;textures/PNG/pz_rug_floors_rugs_01_53_UV.png;textures/UV-Guides/pz_rug_floors_rugs_01_53_UV-Guia.png
pz_rug_floors_rugs_01_54;Mod instalado 0.1.11;12;6;256x256;textures/PNG/pz_rug_floors_rugs_01_54_UV.png;textures/UV-Guides/pz_rug_floors_rugs_01_54_UV-Guia.png
pz_rug_floors_rugs_01_55;Mod instalado 0.1.11;12;6;256x256;textures/PNG/pz_rug_floors_rugs_01_55_UV.png;textures/UV-Guides/pz_rug_floors_rugs_01_55_UV-Guia.png
pz_rug_floors_rugs_01_56;Mod instalado 0.1.11;12;6;256x256;textures/PNG/pz_rug_floors_rugs_01_56_UV.png;textures/UV-Guides/pz_rug_floors_rugs_01_56_UV-Guia.png
pz_rug_floors_rugs_01_57;Mod instalado 0.1.11;12;6;256x256;textures/PNG/pz_rug_floors_rugs_01_57_UV.png;textures/UV-Guides/pz_rug_floors_rugs_01_57_UV-Guia.png
pz_rug_floors_rugs_01_58;Mod instalado 0.1.11;12;6;256x256;textures/PNG/pz_rug_floors_rugs_01_58_UV.png;textures/UV-Guides/pz_rug_floors_rugs_01_58_UV-Guia.png
pz_rug_floors_rugs_01_59;Mod instalado 0.1.11;12;6;256x256;textures/PNG/pz_rug_floors_rugs_01_59_UV.png;textures/UV-Guides/pz_rug_floors_rugs_01_59_UV-Guia.png
pz_rug_floors_rugs_01_6;Mod instalado 0.1.11;12;6;256x256;textures/PNG/pz_rug_floors_rugs_01_6_UV.png;textures/UV-Guides/pz_rug_floors_rugs_01_6_UV-Guia.png
pz_rug_floors_rugs_01_60;Mod instalado 0.1.11;12;6;256x256;textures/PNG/pz_rug_floors_rugs_01_60_UV.png;textures/UV-Guides/pz_rug_floors_rugs_01_60_UV-Guia.png
pz_rug_floors_rugs_01_61;Mod instalado 0.1.11;12;6;256x256;textures/PNG/pz_rug_floors_rugs_01_61_UV.png;textures/UV-Guides/pz_rug_floors_rugs_01_61_UV-Guia.png
pz_rug_floors_rugs_01_62;Mod instalado 0.1.11;12;6;256x256;textures/PNG/pz_rug_floors_rugs_01_62_UV.png;textures/UV-Guides/pz_rug_floors_rugs_01_62_UV-Guia.png
pz_rug_floors_rugs_01_63;Mod instalado 0.1.11;12;6;256x256;textures/PNG/pz_rug_floors_rugs_01_63_UV.png;textures/UV-Guides/pz_rug_floors_rugs_01_63_UV-Guia.png
pz_rug_floors_rugs_01_64;Mod instalado 0.1.11;12;6;256x256;textures/PNG/pz_rug_floors_rugs_01_64_UV.png;textures/UV-Guides/pz_rug_floors_rugs_01_64_UV-Guia.png
pz_rug_floors_rugs_01_65;Mod instalado 0.1.11;12;6;256x256;textures/PNG/pz_rug_floors_rugs_01_65_UV.png;textures/UV-Guides/pz_rug_floors_rugs_01_65_UV-Guia.png
pz_rug_floors_rugs_01_66;Mod instalado 0.1.11;12;6;256x256;textures/PNG/pz_rug_floors_rugs_01_66_UV.png;textures/UV-Guides/pz_rug_floors_rugs_01_66_UV-Guia.png
pz_rug_floors_rugs_01_67;Mod instalado 0.1.11;12;6;256x256;textures/PNG/pz_rug_floors_rugs_01_67_UV.png;textures/UV-Guides/pz_rug_floors_rugs_01_67_UV-Guia.png
pz_rug_floors_rugs_01_68;Mod instalado 0.1.11;12;6;256x256;textures/PNG/pz_rug_floors_rugs_01_68_UV.png;textures/UV-Guides/pz_rug_floors_rugs_01_68_UV-Guia.png
pz_rug_floors_rugs_01_69;Mod instalado 0.1.11;12;6;256x256;textures/PNG/pz_rug_floors_rugs_01_69_UV.png;textures/UV-Guides/pz_rug_floors_rugs_01_69_UV-Guia.png
pz_rug_floors_rugs_01_7;Mod instalado 0.1.11;12;6;256x256;textures/PNG/pz_rug_floors_rugs_01_7_UV.png;textures/UV-Guides/pz_rug_floors_rugs_01_7_UV-Guia.png
pz_rug_floors_rugs_01_70;Mod instalado 0.1.11;12;6;256x256;textures/PNG/pz_rug_floors_rugs_01_70_UV.png;textures/UV-Guides/pz_rug_floors_rugs_01_70_UV-Guia.png
pz_rug_floors_rugs_01_71;Mod instalado 0.1.11;12;6;256x256;textures/PNG/pz_rug_floors_rugs_01_71_UV.png;textures/UV-Guides/pz_rug_floors_rugs_01_71_UV-Guia.png
pz_rug_floors_rugs_01_72;Mod instalado 0.1.11;12;6;256x256;textures/PNG/pz_rug_floors_rugs_01_72_UV.png;textures/UV-Guides/pz_rug_floors_rugs_01_72_UV-Guia.png
pz_rug_floors_rugs_01_73;Mod instalado 0.1.11;12;6;256x256;textures/PNG/pz_rug_floors_rugs_01_73_UV.png;textures/UV-Guides/pz_rug_floors_rugs_01_73_UV-Guia.png
pz_rug_floors_rugs_01_74;Mod instalado 0.1.11;12;6;256x256;textures/PNG/pz_rug_floors_rugs_01_74_UV.png;textures/UV-Guides/pz_rug_floors_rugs_01_74_UV-Guia.png
pz_rug_floors_rugs_01_75;Mod instalado 0.1.11;12;6;256x256;textures/PNG/pz_rug_floors_rugs_01_75_UV.png;textures/UV-Guides/pz_rug_floors_rugs_01_75_UV-Guia.png
pz_rug_floors_rugs_01_76;Mod instalado 0.1.11;12;6;256x256;textures/PNG/pz_rug_floors_rugs_01_76_UV.png;textures/UV-Guides/pz_rug_floors_rugs_01_76_UV-Guia.png
pz_rug_floors_rugs_01_77;Mod instalado 0.1.11;12;6;256x256;textures/PNG/pz_rug_floors_rugs_01_77_UV.png;textures/UV-Guides/pz_rug_floors_rugs_01_77_UV-Guia.png
pz_rug_floors_rugs_01_78;Mod instalado 0.1.11;12;6;256x256;textures/PNG/pz_rug_floors_rugs_01_78_UV.png;textures/UV-Guides/pz_rug_floors_rugs_01_78_UV-Guia.png
pz_rug_floors_rugs_01_79;Mod instalado 0.1.11;12;6;256x256;textures/PNG/pz_rug_floors_rugs_01_79_UV.png;textures/UV-Guides/pz_rug_floors_rugs_01_79_UV-Guia.png
pz_rug_floors_rugs_01_8;Mod instalado 0.1.11;12;6;256x256;textures/PNG/pz_rug_floors_rugs_01_8_UV.png;textures/UV-Guides/pz_rug_floors_rugs_01_8_UV-Guia.png
pz_rug_floors_rugs_01_80;Mod instalado 0.1.11;12;6;256x256;textures/PNG/pz_rug_floors_rugs_01_80_UV.png;textures/UV-Guides/pz_rug_floors_rugs_01_80_UV-Guia.png
pz_rug_floors_rugs_01_81;Mod instalado 0.1.11;12;6;256x256;textures/PNG/pz_rug_floors_rugs_01_81_UV.png;textures/UV-Guides/pz_rug_floors_rugs_01_81_UV-Guia.png
pz_rug_floors_rugs_01_82;Mod instalado 0.1.11;12;6;256x256;textures/PNG/pz_rug_floors_rugs_01_82_UV.png;textures/UV-Guides/pz_rug_floors_rugs_01_82_UV-Guia.png
pz_rug_floors_rugs_01_83;Mod instalado 0.1.11;12;6;256x256;textures/PNG/pz_rug_floors_rugs_01_83_UV.png;textures/UV-Guides/pz_rug_floors_rugs_01_83_UV-Guia.png
pz_rug_floors_rugs_01_84;Mod instalado 0.1.11;12;6;256x256;textures/PNG/pz_rug_floors_rugs_01_84_UV.png;textures/UV-Guides/pz_rug_floors_rugs_01_84_UV-Guia.png
pz_rug_floors_rugs_01_85;Mod instalado 0.1.11;12;6;256x256;textures/PNG/pz_rug_floors_rugs_01_85_UV.png;textures/UV-Guides/pz_rug_floors_rugs_01_85_UV-Guia.png
pz_rug_floors_rugs_01_87;Mod instalado 0.1.11;12;6;256x256;textures/PNG/pz_rug_floors_rugs_01_87_UV.png;textures/UV-Guides/pz_rug_floors_rugs_01_87_UV-Guia.png
pz_rug_floors_rugs_01_88;Mod instalado 0.1.11;12;6;256x256;textures/PNG/pz_rug_floors_rugs_01_88_UV.png;textures/UV-Guides/pz_rug_floors_rugs_01_88_UV-Guia.png
pz_rug_floors_rugs_01_89;Mod instalado 0.1.11;12;6;256x256;textures/PNG/pz_rug_floors_rugs_01_89_UV.png;textures/UV-Guides/pz_rug_floors_rugs_01_89_UV-Guia.png
pz_rug_floors_rugs_01_9;Mod instalado 0.1.11;12;6;256x256;textures/PNG/pz_rug_floors_rugs_01_9_UV.png;textures/UV-Guides/pz_rug_floors_rugs_01_9_UV-Guia.png
pz_rug_floors_rugs_01_90;Mod instalado 0.1.11;12;6;256x256;textures/PNG/pz_rug_floors_rugs_01_90_UV.png;textures/UV-Guides/pz_rug_floors_rugs_01_90_UV-Guia.png
pz_rug_floors_rugs_01_91;Mod instalado 0.1.11;12;6;256x256;textures/PNG/pz_rug_floors_rugs_01_91_UV.png;textures/UV-Guides/pz_rug_floors_rugs_01_91_UV-Guia.png
pz_rug_floors_rugs_01_92;Mod instalado 0.1.11;12;6;256x256;textures/PNG/pz_rug_floors_rugs_01_92_UV.png;textures/UV-Guides/pz_rug_floors_rugs_01_92_UV-Guia.png
pz_rug_floors_rugs_01_93;Mod instalado 0.1.11;12;6;256x256;textures/PNG/pz_rug_floors_rugs_01_93_UV.png;textures/UV-Guides/pz_rug_floors_rugs_01_93_UV-Guia.png
pz_rug_floors_rugs_01_96;Mod instalado 0.1.11;12;6;256x256;textures/PNG/pz_rug_floors_rugs_01_96_UV.png;textures/UV-Guides/pz_rug_floors_rugs_01_96_UV-Guia.png
pz_rug_floors_rugs_01_97;Mod instalado 0.1.11;12;6;256x256;textures/PNG/pz_rug_floors_rugs_01_97_UV.png;textures/UV-Guides/pz_rug_floors_rugs_01_97_UV-Guia.png
pz_rug_floors_rugs_01_98;Mod instalado 0.1.11;12;6;256x256;textures/PNG/pz_rug_floors_rugs_01_98_UV.png;textures/UV-Guides/pz_rug_floors_rugs_01_98_UV-Guia.png
pz_rug_floors_rugs_01_99;Mod instalado 0.1.11;12;6;256x256;textures/PNG/pz_rug_floors_rugs_01_99_UV.png;textures/UV-Guides/pz_rug_floors_rugs_01_99_UV-Guia.png
pz_rug_floors_rugs_02_0;Mod instalado 0.1.11;12;6;256x256;textures/PNG/pz_rug_floors_rugs_02_0_UV.png;textures/UV-Guides/pz_rug_floors_rugs_02_0_UV-Guia.png
pz_rug_floors_rugs_02_1;Mod instalado 0.1.11;12;6;256x256;textures/PNG/pz_rug_floors_rugs_02_1_UV.png;textures/UV-Guides/pz_rug_floors_rugs_02_1_UV-Guia.png
pz_rug_floors_rugs_02_2;Mod instalado 0.1.11;12;6;256x256;textures/PNG/pz_rug_floors_rugs_02_2_UV.png;textures/UV-Guides/pz_rug_floors_rugs_02_2_UV-Guia.png
pz_rug_floors_rugs_02_3;Mod instalado 0.1.11;12;6;256x256;textures/PNG/pz_rug_floors_rugs_02_3_UV.png;textures/UV-Guides/pz_rug_floors_rugs_02_3_UV-Guia.png
pz_rug_floors_rugs_02_4;Mod instalado 0.1.11;12;6;256x256;textures/PNG/pz_rug_floors_rugs_02_4_UV.png;textures/UV-Guides/pz_rug_floors_rugs_02_4_UV-Guia.png
pz_rug_floors_rugs_02_5;Mod instalado 0.1.11;12;6;256x256;textures/PNG/pz_rug_floors_rugs_02_5_UV.png;textures/UV-Guides/pz_rug_floors_rugs_02_5_UV-Guia.png
pz_rug_floors_rugs_02_6;Mod instalado 0.1.11;12;6;256x256;textures/PNG/pz_rug_floors_rugs_02_6_UV.png;textures/UV-Guides/pz_rug_floors_rugs_02_6_UV-Guia.png
pz_rug_floors_rugs_02_7;Mod instalado 0.1.11;12;6;256x256;textures/PNG/pz_rug_floors_rugs_02_7_UV.png;textures/UV-Guides/pz_rug_floors_rugs_02_7_UV-Guia.png
pz_sink_fancy_hanging;Mod instalado 0.1.11;832;88;512x512;textures/PNG/pz_sink_fancy_hanging_UV.png;textures/UV-Guides/pz_sink_fancy_hanging_UV-Guia.png
pz_sink_inset_beige;Mod instalado 0.1.11;862;129;512x512;textures/PNG/pz_sink_inset_beige_UV.png;textures/UV-Guides/pz_sink_inset_beige_UV-Guia.png
pz_sink_inset_chrome;Mod instalado 0.1.11;594;76;512x512;textures/PNG/pz_sink_inset_chrome_UV.png;textures/UV-Guides/pz_sink_inset_chrome_UV-Guia.png
pz_sink_inset_dark_industrial;Mod instalado 0.1.11;594;76;512x512;textures/PNG/pz_sink_inset_dark_industrial_UV.png;textures/UV-Guides/pz_sink_inset_dark_industrial_UV-Guia.png
pz_sink_inset_industrial;Mod instalado 0.1.11;594;76;512x512;textures/PNG/pz_sink_inset_industrial_UV.png;textures/UV-Guides/pz_sink_inset_industrial_UV-Guia.png
pz_sink_inset_white;Mod instalado 0.1.11;862;129;512x512;textures/PNG/pz_sink_inset_white_UV.png;textures/UV-Guides/pz_sink_inset_white_UV-Guia.png
pz_sink_large_industrial;Mod instalado 0.1.11;2672;466;1024x1024;textures/PNG/pz_sink_large_industrial_UV.png;textures/UV-Guides/pz_sink_large_industrial_UV-Guia.png
pz_sink_white_hanging;Mod instalado 0.1.11;1140;137;512x512;textures/PNG/pz_sink_white_hanging_UV.png;textures/UV-Guides/pz_sink_white_hanging_UV-Guia.png
pz_sink_white_standing;Mod instalado 0.1.11;1260;156;512x512;textures/PNG/pz_sink_white_standing_UV.png;textures/UV-Guides/pz_sink_white_standing_UV-Guia.png
pz_sofa_seating_indoor_01_green_comfy_0_0;Mod instalado 0.1.11;128;52;256x256;textures/PNG/pz_sofa_seating_indoor_01_green_comfy_0_0_UV.png;textures/UV-Guides/pz_sofa_seating_indoor_01_green_comfy_0_0_UV-Guia.png
pz_sofa_seating_indoor_01_green_comfy_1_0;Mod instalado 0.1.11;128;52;256x256;textures/PNG/pz_sofa_seating_indoor_01_green_comfy_1_0_UV.png;textures/UV-Guides/pz_sofa_seating_indoor_01_green_comfy_1_0_UV-Guia.png
pz_sofa_seating_indoor_01_purple_rattan_0_0;Mod instalado 0.1.11;200;88;512x512;textures/PNG/pz_sofa_seating_indoor_01_purple_rattan_0_0_UV.png;textures/UV-Guides/pz_sofa_seating_indoor_01_purple_rattan_0_0_UV-Guia.png
pz_sofa_seating_indoor_01_purple_rattan_1_0;Mod instalado 0.1.11;200;88;512x512;textures/PNG/pz_sofa_seating_indoor_01_purple_rattan_1_0_UV.png;textures/UV-Guides/pz_sofa_seating_indoor_01_purple_rattan_1_0_UV-Guia.png
pz_sofa_seating_indoor_01_red_comfy_0_0;Mod instalado 0.1.11;128;52;256x256;textures/PNG/pz_sofa_seating_indoor_01_red_comfy_0_0_UV.png;textures/UV-Guides/pz_sofa_seating_indoor_01_red_comfy_0_0_UV-Guia.png
pz_sofa_seating_indoor_01_red_comfy_1_0;Mod instalado 0.1.11;128;52;256x256;textures/PNG/pz_sofa_seating_indoor_01_red_comfy_1_0_UV.png;textures/UV-Guides/pz_sofa_seating_indoor_01_red_comfy_1_0_UV-Guia.png
pz_sofa_seating_indoor_02_blue_rattan_0_0;Mod instalado 0.1.11;200;88;512x512;textures/PNG/pz_sofa_seating_indoor_02_blue_rattan_0_0_UV.png;textures/UV-Guides/pz_sofa_seating_indoor_02_blue_rattan_0_0_UV-Guia.png
pz_sofa_seating_indoor_02_blue_rattan_1_0;Mod instalado 0.1.11;200;88;512x512;textures/PNG/pz_sofa_seating_indoor_02_blue_rattan_1_0_UV.png;textures/UV-Guides/pz_sofa_seating_indoor_02_blue_rattan_1_0_UV-Guia.png
pz_sofa_seating_indoor_02_brown_lazy_0_0;Mod instalado 0.1.11;128;52;256x256;textures/PNG/pz_sofa_seating_indoor_02_brown_lazy_0_0_UV.png;textures/UV-Guides/pz_sofa_seating_indoor_02_brown_lazy_0_0_UV-Guia.png
pz_sofa_seating_indoor_02_brown_lazy_1_0;Mod instalado 0.1.11;128;52;256x256;textures/PNG/pz_sofa_seating_indoor_02_brown_lazy_1_0_UV.png;textures/UV-Guides/pz_sofa_seating_indoor_02_brown_lazy_1_0_UV-Guia.png
pz_sofa_seating_indoor_02_white_lazy_0_0;Mod instalado 0.1.11;128;52;256x256;textures/PNG/pz_sofa_seating_indoor_02_white_lazy_0_0_UV.png;textures/UV-Guides/pz_sofa_seating_indoor_02_white_lazy_0_0_UV-Guia.png
pz_sofa_seating_indoor_02_white_lazy_1_0;Mod instalado 0.1.11;128;52;256x256;textures/PNG/pz_sofa_seating_indoor_02_white_lazy_1_0_UV.png;textures/UV-Guides/pz_sofa_seating_indoor_02_white_lazy_1_0_UV-Guia.png
pz_sofa_seating_indoor_03_blue_comfy_0_0;Mod instalado 0.1.11;128;52;256x256;textures/PNG/pz_sofa_seating_indoor_03_blue_comfy_0_0_UV.png;textures/UV-Guides/pz_sofa_seating_indoor_03_blue_comfy_0_0_UV-Guia.png
pz_sofa_seating_indoor_03_blue_comfy_1_0;Mod instalado 0.1.11;128;52;256x256;textures/PNG/pz_sofa_seating_indoor_03_blue_comfy_1_0_UV.png;textures/UV-Guides/pz_sofa_seating_indoor_03_blue_comfy_1_0_UV-Guia.png
pz_sofa_seating_indoor_03_light_blue_0_0;Mod instalado 0.1.11;128;52;256x256;textures/PNG/pz_sofa_seating_indoor_03_light_blue_0_0_UV.png;textures/UV-Guides/pz_sofa_seating_indoor_03_light_blue_0_0_UV-Guia.png
pz_sofa_seating_indoor_03_light_blue_1_0;Mod instalado 0.1.11;128;52;256x256;textures/PNG/pz_sofa_seating_indoor_03_light_blue_1_0_UV.png;textures/UV-Guides/pz_sofa_seating_indoor_03_light_blue_1_0_UV-Guia.png
pz_sofa_seating_indoor_03_victorian_c1_0_0;Mod instalado 0.1.11;152;64;256x256;textures/PNG/pz_sofa_seating_indoor_03_victorian_c1_0_0_UV.png;textures/UV-Guides/pz_sofa_seating_indoor_03_victorian_c1_0_0_UV-Guia.png
pz_sofa_seating_indoor_03_victorian_c1_1_0;Mod instalado 0.1.11;152;64;256x256;textures/PNG/pz_sofa_seating_indoor_03_victorian_c1_1_0_UV.png;textures/UV-Guides/pz_sofa_seating_indoor_03_victorian_c1_1_0_UV-Guia.png
pz_sofa_seating_indoor_03_victorian_c2_0_0;Mod instalado 0.1.11;152;64;256x256;textures/PNG/pz_sofa_seating_indoor_03_victorian_c2_0_0_UV.png;textures/UV-Guides/pz_sofa_seating_indoor_03_victorian_c2_0_0_UV-Guia.png
pz_sofa_seating_indoor_03_victorian_c2_1_0;Mod instalado 0.1.11;152;64;256x256;textures/PNG/pz_sofa_seating_indoor_03_victorian_c2_1_0_UV.png;textures/UV-Guides/pz_sofa_seating_indoor_03_victorian_c2_1_0_UV-Guia.png
pz_sofa_seating_indoor_03_victorian_c3_0_0;Mod instalado 0.1.11;152;64;256x256;textures/PNG/pz_sofa_seating_indoor_03_victorian_c3_0_0_UV.png;textures/UV-Guides/pz_sofa_seating_indoor_03_victorian_c3_0_0_UV-Guia.png
pz_sofa_seating_indoor_03_victorian_c3_1_0;Mod instalado 0.1.11;152;64;256x256;textures/PNG/pz_sofa_seating_indoor_03_victorian_c3_1_0_UV.png;textures/UV-Guides/pz_sofa_seating_indoor_03_victorian_c3_1_0_UV-Guia.png
pz_sofa_seating_indoor_03_victorian_c4_0_0;Mod instalado 0.1.11;152;64;256x256;textures/PNG/pz_sofa_seating_indoor_03_victorian_c4_0_0_UV.png;textures/UV-Guides/pz_sofa_seating_indoor_03_victorian_c4_0_0_UV-Guia.png
pz_sofa_seating_indoor_03_victorian_c4_1_0;Mod instalado 0.1.11;152;64;256x256;textures/PNG/pz_sofa_seating_indoor_03_victorian_c4_1_0_UV.png;textures/UV-Guides/pz_sofa_seating_indoor_03_victorian_c4_1_0_UV-Guia.png
pz_sofa_seating_indoor_03_victorian_c5_0_0;Mod instalado 0.1.11;152;64;256x256;textures/PNG/pz_sofa_seating_indoor_03_victorian_c5_0_0_UV.png;textures/UV-Guides/pz_sofa_seating_indoor_03_victorian_c5_0_0_UV-Guia.png
pz_sofa_seating_indoor_03_victorian_c5_1_0;Mod instalado 0.1.11;152;64;256x256;textures/PNG/pz_sofa_seating_indoor_03_victorian_c5_1_0_UV.png;textures/UV-Guides/pz_sofa_seating_indoor_03_victorian_c5_1_0_UV-Guia.png
pz_sofa_seating_indoor_03_victorian_c6_0_0;Mod instalado 0.1.11;152;64;256x256;textures/PNG/pz_sofa_seating_indoor_03_victorian_c6_0_0_UV.png;textures/UV-Guides/pz_sofa_seating_indoor_03_victorian_c6_0_0_UV-Guia.png
pz_sofa_seating_indoor_03_victorian_c6_1_0;Mod instalado 0.1.11;152;64;256x256;textures/PNG/pz_sofa_seating_indoor_03_victorian_c6_1_0_UV.png;textures/UV-Guides/pz_sofa_seating_indoor_03_victorian_c6_1_0_UV-Guia.png
pz_sofa_seating_indoor_03_yellow_modern_0_0;Mod instalado 0.1.11;128;52;256x256;textures/PNG/pz_sofa_seating_indoor_03_yellow_modern_0_0_UV.png;textures/UV-Guides/pz_sofa_seating_indoor_03_yellow_modern_0_0_UV-Guia.png
pz_sofa_seating_indoor_03_yellow_modern_1_0;Mod instalado 0.1.11;128;52;256x256;textures/PNG/pz_sofa_seating_indoor_03_yellow_modern_1_0_UV.png;textures/UV-Guides/pz_sofa_seating_indoor_03_yellow_modern_1_0_UV-Guia.png
pz_stove_green;Mod instalado 0.1.11;48;24;256x256;textures/PNG/pz_stove_green_UV.png;textures/UV-Guides/pz_stove_green_UV-Guia.png
pz_stove_grey;Mod instalado 0.1.11;48;24;256x256;textures/PNG/pz_stove_grey_UV.png;textures/UV-Guides/pz_stove_grey_UV-Guia.png
pz_stove_modern;Mod instalado 0.1.11;48;24;256x256;textures/PNG/pz_stove_modern_UV.png;textures/UV-Guides/pz_stove_modern_UV-Guia.png
pz_stove_red;Mod instalado 0.1.11;48;24;256x256;textures/PNG/pz_stove_red_UV.png;textures/UV-Guides/pz_stove_red_UV-Guia.png
pz_street_pole_00;Mod instalado 0.1.11;208;34;512x512;textures/PNG/pz_street_pole_00_UV.png;textures/UV-Guides/pz_street_pole_00_UV-Guia.png
pz_street_pole_01;Mod instalado 0.1.11;232;40;512x512;textures/PNG/pz_street_pole_01_UV.png;textures/UV-Guides/pz_street_pole_01_UV-Guia.png
pz_street_pole_02;Mod instalado 0.1.11;208;34;512x512;textures/PNG/pz_street_pole_02_UV.png;textures/UV-Guides/pz_street_pole_02_UV-Guia.png
pz_street_pole_03;Mod instalado 0.1.11;252;36;512x512;textures/PNG/pz_street_pole_03_UV.png;textures/UV-Guides/pz_street_pole_03_UV-Guia.png
pz_street_pole_04;Mod instalado 0.1.11;116;14;256x256;textures/PNG/pz_street_pole_04_UV.png;textures/UV-Guides/pz_street_pole_04_UV-Guia.png
pz_street_pole_05;Mod instalado 0.1.11;252;36;512x512;textures/PNG/pz_street_pole_05_UV.png;textures/UV-Guides/pz_street_pole_05_UV-Guia.png
pz_street_pole_06;Mod instalado 0.1.11;492;78;512x512;textures/PNG/pz_street_pole_06_UV.png;textures/UV-Guides/pz_street_pole_06_UV-Guia.png
pz_street_pole_07;Mod instalado 0.1.11;492;78;512x512;textures/PNG/pz_street_pole_07_UV.png;textures/UV-Guides/pz_street_pole_07_UV-Guia.png
pz_street_pole_08;Mod instalado 0.1.11;236;50;512x512;textures/PNG/pz_street_pole_08_UV.png;textures/UV-Guides/pz_street_pole_08_UV-Guia.png
pz_street_pole_09;Mod instalado 0.1.11;236;50;512x512;textures/PNG/pz_street_pole_09_UV.png;textures/UV-Guides/pz_street_pole_09_UV-Guia.png
pz_street_pole_10;Mod instalado 0.1.11;236;50;512x512;textures/PNG/pz_street_pole_10_UV.png;textures/UV-Guides/pz_street_pole_10_UV-Guia.png
pz_street_pole_11;Mod instalado 0.1.11;236;50;512x512;textures/PNG/pz_street_pole_11_UV.png;textures/UV-Guides/pz_street_pole_11_UV-Guia.png
pz_street_pole_12;Mod instalado 0.1.11;316;78;512x512;textures/PNG/pz_street_pole_12_UV.png;textures/UV-Guides/pz_street_pole_12_UV-Guia.png
pz_street_pole_13;Mod instalado 0.1.11;316;78;512x512;textures/PNG/pz_street_pole_13_UV.png;textures/UV-Guides/pz_street_pole_13_UV-Guia.png
pz_street_pole_14;Mod instalado 0.1.11;316;78;512x512;textures/PNG/pz_street_pole_14_UV.png;textures/UV-Guides/pz_street_pole_14_UV-Guia.png
pz_street_pole_15;Mod instalado 0.1.11;316;78;512x512;textures/PNG/pz_street_pole_15_UV.png;textures/UV-Guides/pz_street_pole_15_UV-Guia.png
pz_street_pole_16;Mod instalado 0.1.11;116;14;256x256;textures/PNG/pz_street_pole_16_UV.png;textures/UV-Guides/pz_street_pole_16_UV-Guia.png
pz_street_pole_17;Mod instalado 0.1.11;116;14;256x256;textures/PNG/pz_street_pole_17_UV.png;textures/UV-Guides/pz_street_pole_17_UV-Guia.png
pz_street_pole_18;Mod instalado 0.1.11;308;78;512x512;textures/PNG/pz_street_pole_18_UV.png;textures/UV-Guides/pz_street_pole_18_UV-Guia.png
pz_street_pole_19;Mod instalado 0.1.11;308;78;512x512;textures/PNG/pz_street_pole_19_UV.png;textures/UV-Guides/pz_street_pole_19_UV-Guia.png
pz_street_pole_20;Mod instalado 0.1.11;316;78;512x512;textures/PNG/pz_street_pole_20_UV.png;textures/UV-Guides/pz_street_pole_20_UV-Guia.png
pz_street_pole_21;Mod instalado 0.1.11;316;78;512x512;textures/PNG/pz_street_pole_21_UV.png;textures/UV-Guides/pz_street_pole_21_UV-Guia.png
pz_street_pole_22;Mod instalado 0.1.11;316;78;512x512;textures/PNG/pz_street_pole_22_UV.png;textures/UV-Guides/pz_street_pole_22_UV-Guia.png
pz_street_pole_23;Mod instalado 0.1.11;316;78;512x512;textures/PNG/pz_street_pole_23_UV.png;textures/UV-Guides/pz_street_pole_23_UV-Guia.png
pz_table_storage_01_small;Mod instalado 0.1.11;96;48;256x256;textures/PNG/pz_table_storage_01_small_UV.png;textures/UV-Guides/pz_table_storage_01_small_UV-Guia.png
pz_table_tables_high_01_dark_round_table;Mod instalado 0.1.11;1096;72;512x512;textures/PNG/pz_table_tables_high_01_dark_round_table_UV.png;textures/UV-Guides/pz_table_tables_high_01_dark_round_table_UV-Guia.png
pz_table_tables_high_01_fancy_dark_table;Mod instalado 0.1.11;84;42;256x256;textures/PNG/pz_table_tables_high_01_fancy_dark_table_UV.png;textures/UV-Guides/pz_table_tables_high_01_fancy_dark_table_UV-Guia.png
pz_table_tables_high_01_fancy_table;Mod instalado 0.1.11;84;42;256x256;textures/PNG/pz_table_tables_high_01_fancy_table_UV.png;textures/UV-Guides/pz_table_tables_high_01_fancy_table_UV-Guia.png
pz_table_tables_high_01_large_brown_0_0;Mod instalado 0.1.11;54;27;256x256;textures/PNG/pz_table_tables_high_01_large_brown_0_0_UV.png;textures/UV-Guides/pz_table_tables_high_01_large_brown_0_0_UV-Guia.png
pz_table_tables_high_01_large_brown_1_0;Mod instalado 0.1.11;54;27;256x256;textures/PNG/pz_table_tables_high_01_large_brown_1_0_UV.png;textures/UV-Guides/pz_table_tables_high_01_large_brown_1_0_UV-Guia.png
pz_table_tables_high_01_large_dark_0_0;Mod instalado 0.1.11;54;27;256x256;textures/PNG/pz_table_tables_high_01_large_dark_0_0_UV.png;textures/UV-Guides/pz_table_tables_high_01_large_dark_0_0_UV-Guia.png
pz_table_tables_high_01_large_dark_1_0;Mod instalado 0.1.11;54;27;256x256;textures/PNG/pz_table_tables_high_01_large_dark_1_0_UV.png;textures/UV-Guides/pz_table_tables_high_01_large_dark_1_0_UV-Guia.png
pz_table_tables_high_01_large_dark_oak_0_0;Mod instalado 0.1.11;54;27;256x256;textures/PNG/pz_table_tables_high_01_large_dark_oak_0_0_UV.png;textures/UV-Guides/pz_table_tables_high_01_large_dark_oak_0_0_UV-Guia.png
pz_table_tables_high_01_large_dark_oak_1_0;Mod instalado 0.1.11;54;27;256x256;textures/PNG/pz_table_tables_high_01_large_dark_oak_1_0_UV.png;textures/UV-Guides/pz_table_tables_high_01_large_dark_oak_1_0_UV-Guia.png
pz_table_tables_high_01_large_dark_wooden_0_0;Mod instalado 0.1.11;54;27;256x256;textures/PNG/pz_table_tables_high_01_large_dark_wooden_0_0_UV.png;textures/UV-Guides/pz_table_tables_high_01_large_dark_wooden_0_0_UV-Guia.png
pz_table_tables_high_01_large_dark_wooden_1_0;Mod instalado 0.1.11;54;27;256x256;textures/PNG/pz_table_tables_high_01_large_dark_wooden_1_0_UV.png;textures/UV-Guides/pz_table_tables_high_01_large_dark_wooden_1_0_UV-Guia.png
pz_table_tables_high_01_large_light_oak_0_0;Mod instalado 0.1.11;54;27;256x256;textures/PNG/pz_table_tables_high_01_large_light_oak_0_0_UV.png;textures/UV-Guides/pz_table_tables_high_01_large_light_oak_0_0_UV-Guia.png
pz_table_tables_high_01_large_light_oak_1_0;Mod instalado 0.1.11;54;27;256x256;textures/PNG/pz_table_tables_high_01_large_light_oak_1_0_UV.png;textures/UV-Guides/pz_table_tables_high_01_large_light_oak_1_0_UV-Guia.png
pz_table_tables_high_01_large_oak_0_0;Mod instalado 0.1.11;54;27;256x256;textures/PNG/pz_table_tables_high_01_large_oak_0_0_UV.png;textures/UV-Guides/pz_table_tables_high_01_large_oak_0_0_UV-Guia.png
pz_table_tables_high_01_large_oak_1_0;Mod instalado 0.1.11;54;27;256x256;textures/PNG/pz_table_tables_high_01_large_oak_1_0_UV.png;textures/UV-Guides/pz_table_tables_high_01_large_oak_1_0_UV-Guia.png
pz_table_tables_high_01_large_plastic_0_0;Mod instalado 0.1.11;54;27;256x256;textures/PNG/pz_table_tables_high_01_large_plastic_0_0_UV.png;textures/UV-Guides/pz_table_tables_high_01_large_plastic_0_0_UV-Guia.png
pz_table_tables_high_01_large_plastic_1_0;Mod instalado 0.1.11;54;27;256x256;textures/PNG/pz_table_tables_high_01_large_plastic_1_0_UV.png;textures/UV-Guides/pz_table_tables_high_01_large_plastic_1_0_UV-Guia.png
pz_table_tables_high_01_large_simple_0_0;Mod instalado 0.1.11;54;27;256x256;textures/PNG/pz_table_tables_high_01_large_simple_0_0_UV.png;textures/UV-Guides/pz_table_tables_high_01_large_simple_0_0_UV-Guia.png
pz_table_tables_high_01_large_simple_1_0;Mod instalado 0.1.11;54;27;256x256;textures/PNG/pz_table_tables_high_01_large_simple_1_0_UV.png;textures/UV-Guides/pz_table_tables_high_01_large_simple_1_0_UV-Guia.png
pz_table_tables_high_01_large_smooth_0_0;Mod instalado 0.1.11;54;27;256x256;textures/PNG/pz_table_tables_high_01_large_smooth_0_0_UV.png;textures/UV-Guides/pz_table_tables_high_01_large_smooth_0_0_UV-Guia.png
pz_table_tables_high_01_large_smooth_1_0;Mod instalado 0.1.11;54;27;256x256;textures/PNG/pz_table_tables_high_01_large_smooth_1_0_UV.png;textures/UV-Guides/pz_table_tables_high_01_large_smooth_1_0_UV-Guia.png
pz_table_tables_high_01_large_white_0_0;Mod instalado 0.1.11;54;27;256x256;textures/PNG/pz_table_tables_high_01_large_white_0_0_UV.png;textures/UV-Guides/pz_table_tables_high_01_large_white_0_0_UV-Guia.png
pz_table_tables_high_01_large_white_1_0;Mod instalado 0.1.11;54;27;256x256;textures/PNG/pz_table_tables_high_01_large_white_1_0_UV.png;textures/UV-Guides/pz_table_tables_high_01_large_white_1_0_UV-Guia.png
pz_table_tables_high_01_large_white_v2_0_0;Mod instalado 0.1.11;54;27;256x256;textures/PNG/pz_table_tables_high_01_large_white_v2_0_0_UV.png;textures/UV-Guides/pz_table_tables_high_01_large_white_v2_0_0_UV-Guia.png
pz_table_tables_high_01_large_white_v2_1_0;Mod instalado 0.1.11;54;27;256x256;textures/PNG/pz_table_tables_high_01_large_white_v2_1_0_UV.png;textures/UV-Guides/pz_table_tables_high_01_large_white_v2_1_0_UV-Guia.png
pz_table_tables_high_01_light_round_table;Mod instalado 0.1.11;1096;72;512x512;textures/PNG/pz_table_tables_high_01_light_round_table_UV.png;textures/UV-Guides/pz_table_tables_high_01_light_round_table_UV-Guia.png
pz_table_tables_high_01_lightwood_0_0;Mod instalado 0.1.11;32;16;256x256;textures/PNG/pz_table_tables_high_01_lightwood_0_0_UV.png;textures/UV-Guides/pz_table_tables_high_01_lightwood_0_0_UV-Guia.png
pz_table_tables_high_01_lightwood_1_0;Mod instalado 0.1.11;32;16;256x256;textures/PNG/pz_table_tables_high_01_lightwood_1_0_UV.png;textures/UV-Guides/pz_table_tables_high_01_lightwood_1_0_UV-Guia.png
pz_table_tables_high_01_long;Mod instalado 0.1.11;84;42;256x256;textures/PNG/pz_table_tables_high_01_long_UV.png;textures/UV-Guides/pz_table_tables_high_01_long_UV-Guia.png
pz_table_tables_high_01_long_dark;Mod instalado 0.1.11;84;42;256x256;textures/PNG/pz_table_tables_high_01_long_dark_UV.png;textures/UV-Guides/pz_table_tables_high_01_long_dark_UV-Guia.png
pz_table_tables_high_01_long_light;Mod instalado 0.1.11;84;42;256x256;textures/PNG/pz_table_tables_high_01_long_light_UV.png;textures/UV-Guides/pz_table_tables_high_01_long_light_UV-Guia.png
pz_table_tables_high_01_oak_round_table;Mod instalado 0.1.11;1096;72;512x512;textures/PNG/pz_table_tables_high_01_oak_round_table_UV.png;textures/UV-Guides/pz_table_tables_high_01_oak_round_table_UV-Guia.png
pz_table_tables_high_01_round_table;Mod instalado 0.1.11;1096;72;512x512;textures/PNG/pz_table_tables_high_01_round_table_UV.png;textures/UV-Guides/pz_table_tables_high_01_round_table_UV-Guia.png
pz_table_tables_high_02_large_dark_0_0;Mod instalado 0.1.11;30;15;256x256;textures/PNG/pz_table_tables_high_02_large_dark_0_0_UV.png;textures/UV-Guides/pz_table_tables_high_02_large_dark_0_0_UV-Guia.png
pz_table_tables_high_02_large_dark_0_1;Mod instalado 0.1.11;30;15;256x256;textures/PNG/pz_table_tables_high_02_large_dark_0_1_UV.png;textures/UV-Guides/pz_table_tables_high_02_large_dark_0_1_UV-Guia.png
pz_table_tables_high_02_large_dark_1_0;Mod instalado 0.1.11;30;15;256x256;textures/PNG/pz_table_tables_high_02_large_dark_1_0_UV.png;textures/UV-Guides/pz_table_tables_high_02_large_dark_1_0_UV-Guia.png
pz_table_tables_high_02_large_dark_1_1;Mod instalado 0.1.11;30;15;256x256;textures/PNG/pz_table_tables_high_02_large_dark_1_1_UV.png;textures/UV-Guides/pz_table_tables_high_02_large_dark_1_1_UV-Guia.png
pz_table_tables_high_02_large_light_0_0;Mod instalado 0.1.11;30;15;256x256;textures/PNG/pz_table_tables_high_02_large_light_0_0_UV.png;textures/UV-Guides/pz_table_tables_high_02_large_light_0_0_UV-Guia.png
pz_table_tables_high_02_large_light_0_1;Mod instalado 0.1.11;30;15;256x256;textures/PNG/pz_table_tables_high_02_large_light_0_1_UV.png;textures/UV-Guides/pz_table_tables_high_02_large_light_0_1_UV-Guia.png
pz_table_tables_high_02_large_light_1_0;Mod instalado 0.1.11;30;15;256x256;textures/PNG/pz_table_tables_high_02_large_light_1_0_UV.png;textures/UV-Guides/pz_table_tables_high_02_large_light_1_0_UV-Guia.png
pz_table_tables_high_02_large_light_1_1;Mod instalado 0.1.11;30;15;256x256;textures/PNG/pz_table_tables_high_02_large_light_1_1_UV.png;textures/UV-Guides/pz_table_tables_high_02_large_light_1_1_UV-Guia.png
pz_table_tables_high_02_long_brown_0_0;Mod instalado 0.1.11;54;27;256x256;textures/PNG/pz_table_tables_high_02_long_brown_0_0_UV.png;textures/UV-Guides/pz_table_tables_high_02_long_brown_0_0_UV-Guia.png
pz_table_tables_high_02_long_brown_1_0;Mod instalado 0.1.11;24;12;256x256;textures/PNG/pz_table_tables_high_02_long_brown_1_0_UV.png;textures/UV-Guides/pz_table_tables_high_02_long_brown_1_0_UV-Guia.png
pz_table_tables_high_02_long_brown_2_0;Mod instalado 0.1.11;54;27;256x256;textures/PNG/pz_table_tables_high_02_long_brown_2_0_UV.png;textures/UV-Guides/pz_table_tables_high_02_long_brown_2_0_UV-Guia.png
pz_table_tables_high_02_long_dark_oak_0_0;Mod instalado 0.1.11;54;27;256x256;textures/PNG/pz_table_tables_high_02_long_dark_oak_0_0_UV.png;textures/UV-Guides/pz_table_tables_high_02_long_dark_oak_0_0_UV-Guia.png
pz_table_tables_high_02_long_dark_oak_1_0;Mod instalado 0.1.11;24;12;256x256;textures/PNG/pz_table_tables_high_02_long_dark_oak_1_0_UV.png;textures/UV-Guides/pz_table_tables_high_02_long_dark_oak_1_0_UV-Guia.png
pz_table_tables_high_02_long_dark_oak_2_0;Mod instalado 0.1.11;54;27;256x256;textures/PNG/pz_table_tables_high_02_long_dark_oak_2_0_UV.png;textures/UV-Guides/pz_table_tables_high_02_long_dark_oak_2_0_UV-Guia.png
pz_table_tables_high_02_long_metal_0_0;Mod instalado 0.1.11;54;27;256x256;textures/PNG/pz_table_tables_high_02_long_metal_0_0_UV.png;textures/UV-Guides/pz_table_tables_high_02_long_metal_0_0_UV-Guia.png
pz_table_tables_high_02_long_metal_1_0;Mod instalado 0.1.11;24;12;256x256;textures/PNG/pz_table_tables_high_02_long_metal_1_0_UV.png;textures/UV-Guides/pz_table_tables_high_02_long_metal_1_0_UV-Guia.png
pz_table_tables_high_02_long_metal_2_0;Mod instalado 0.1.11;54;27;256x256;textures/PNG/pz_table_tables_high_02_long_metal_2_0_UV.png;textures/UV-Guides/pz_table_tables_high_02_long_metal_2_0_UV-Guia.png
pz_table_tables_high_02_long_oak_0_0;Mod instalado 0.1.11;54;27;256x256;textures/PNG/pz_table_tables_high_02_long_oak_0_0_UV.png;textures/UV-Guides/pz_table_tables_high_02_long_oak_0_0_UV-Guia.png
pz_table_tables_high_02_long_oak_1_0;Mod instalado 0.1.11;24;12;256x256;textures/PNG/pz_table_tables_high_02_long_oak_1_0_UV.png;textures/UV-Guides/pz_table_tables_high_02_long_oak_1_0_UV-Guia.png
pz_table_tables_high_02_long_oak_2_0;Mod instalado 0.1.11;54;27;256x256;textures/PNG/pz_table_tables_high_02_long_oak_2_0_UV.png;textures/UV-Guides/pz_table_tables_high_02_long_oak_2_0_UV-Guia.png
pz_table_tables_high_02_long_white_0_0;Mod instalado 0.1.11;54;27;256x256;textures/PNG/pz_table_tables_high_02_long_white_0_0_UV.png;textures/UV-Guides/pz_table_tables_high_02_long_white_0_0_UV-Guia.png
pz_table_tables_high_02_long_white_1_0;Mod instalado 0.1.11;24;12;256x256;textures/PNG/pz_table_tables_high_02_long_white_1_0_UV.png;textures/UV-Guides/pz_table_tables_high_02_long_white_1_0_UV-Guia.png
pz_table_tables_high_02_long_white_2_0;Mod instalado 0.1.11;54;27;256x256;textures/PNG/pz_table_tables_high_02_long_white_2_0_UV.png;textures/UV-Guides/pz_table_tables_high_02_long_white_2_0_UV-Guia.png
pz_table_tables_low_01_black_low_modern;Mod instalado 0.1.11;144;65;256x256;textures/PNG/pz_table_tables_low_01_black_low_modern_UV.png;textures/UV-Guides/pz_table_tables_low_01_black_low_modern_UV-Guia.png
pz_table_tables_low_01_brown;Mod instalado 0.1.11;144;65;256x256;textures/PNG/pz_table_tables_low_01_brown_UV.png;textures/UV-Guides/pz_table_tables_low_01_brown_UV-Guia.png
pz_table_tables_low_01_fancy;Mod instalado 0.1.11;434;46;512x512;textures/PNG/pz_table_tables_low_01_fancy_UV.png;textures/UV-Guides/pz_table_tables_low_01_fancy_UV-Guia.png
pz_table_tables_low_01_fancy_low_glass_0_0;Mod instalado 0.1.11;296;108;512x512;textures/PNG/pz_table_tables_low_01_fancy_low_glass_0_0_UV.png;textures/UV-Guides/pz_table_tables_low_01_fancy_low_glass_0_0_UV-Guia.png
pz_table_tables_low_01_fancy_low_glass_1_0;Mod instalado 0.1.11;296;108;512x512;textures/PNG/pz_table_tables_low_01_fancy_low_glass_1_0_UV.png;textures/UV-Guides/pz_table_tables_low_01_fancy_low_glass_1_0_UV-Guia.png
pz_table_tables_low_01_light;Mod instalado 0.1.11;84;42;256x256;textures/PNG/pz_table_tables_low_01_light_UV.png;textures/UV-Guides/pz_table_tables_low_01_light_UV-Guia.png
pz_table_tables_low_01_long_0_0;Mod instalado 0.1.11;54;27;256x256;textures/PNG/pz_table_tables_low_01_long_0_0_UV.png;textures/UV-Guides/pz_table_tables_low_01_long_0_0_UV-Guia.png
pz_table_tables_low_01_long_1_0;Mod instalado 0.1.11;54;27;256x256;textures/PNG/pz_table_tables_low_01_long_1_0_UV.png;textures/UV-Guides/pz_table_tables_low_01_long_1_0_UV-Guia.png
pz_table_tables_low_01_long_fancy_0_0;Mod instalado 0.1.11;482;29;512x512;textures/PNG/pz_table_tables_low_01_long_fancy_0_0_UV.png;textures/UV-Guides/pz_table_tables_low_01_long_fancy_0_0_UV-Guia.png
pz_table_tables_low_01_long_fancy_1_0;Mod instalado 0.1.11;482;29;512x512;textures/PNG/pz_table_tables_low_01_long_fancy_1_0_UV.png;textures/UV-Guides/pz_table_tables_low_01_long_fancy_1_0_UV-Guia.png
pz_table_tables_low_01_white;Mod instalado 0.1.11;84;42;256x256;textures/PNG/pz_table_tables_low_01_white_UV.png;textures/UV-Guides/pz_table_tables_low_01_white_UV-Guia.png
pz_trashbin_fossoil;Mod instalado 0.1.11;100;58;256x256;textures/PNG/pz_trashbin_fossoil_UV.png;textures/UV-Guides/pz_trashbin_fossoil_UV-Guia.png
pz_trashbin_green;Mod instalado 0.1.11;116;21;256x256;textures/PNG/pz_trashbin_green_UV.png;textures/UV-Guides/pz_trashbin_green_UV-Guia.png
pz_trashbin_grey;Mod instalado 0.1.11;100;58;256x256;textures/PNG/pz_trashbin_grey_UV.png;textures/UV-Guides/pz_trashbin_grey_UV-Guia.png
pz_trashbin_pizza;Mod instalado 0.1.11;156;90;256x256;textures/PNG/pz_trashbin_pizza_UV.png;textures/UV-Guides/pz_trashbin_pizza_UV-Guia.png
pz_trashbin_public;Mod instalado 0.1.11;400;134;512x512;textures/PNG/pz_trashbin_public_UV.png;textures/UV-Guides/pz_trashbin_public_UV-Guia.png
pz_trashbin_seahorse;Mod instalado 0.1.11;156;90;256x256;textures/PNG/pz_trashbin_seahorse_UV.png;textures/UV-Guides/pz_trashbin_seahorse_UV-Guia.png
pz_trashbin_spiffos;Mod instalado 0.1.11;156;90;256x256;textures/PNG/pz_trashbin_spiffos_UV.png;textures/UV-Guides/pz_trashbin_spiffos_UV-Guia.png
pz_wall_shelf_dark;Mod instalado 0.1.11;12;6;256x256;textures/PNG/pz_wall_shelf_dark_UV.png;textures/UV-Guides/pz_wall_shelf_dark_UV-Guia.png
pz_wall_shelf_lightwood;Mod instalado 0.1.11;12;6;256x256;textures/PNG/pz_wall_shelf_lightwood_UV.png;textures/UV-Guides/pz_wall_shelf_lightwood_UV-Guia.png
pz_wall_shelf_white;Mod instalado 0.1.11;12;6;256x256;textures/PNG/pz_wall_shelf_white_UV.png;textures/UV-Guides/pz_wall_shelf_white_UV-Guia.png
pz_wardrobe_storage_01_dark_fancy_0_0;Mod instalado 0.1.11;66;33;256x256;textures/PNG/pz_wardrobe_storage_01_dark_fancy_0_0_UV.png;textures/UV-Guides/pz_wardrobe_storage_01_dark_fancy_0_0_UV-Guia.png
pz_wardrobe_storage_01_dark_fancy_1_0;Mod instalado 0.1.11;66;33;256x256;textures/PNG/pz_wardrobe_storage_01_dark_fancy_1_0_UV.png;textures/UV-Guides/pz_wardrobe_storage_01_dark_fancy_1_0_UV-Guia.png
pz_wardrobe_storage_01_fancy_oak_0_0;Mod instalado 0.1.11;90;45;256x256;textures/PNG/pz_wardrobe_storage_01_fancy_oak_0_0_UV.png;textures/UV-Guides/pz_wardrobe_storage_01_fancy_oak_0_0_UV-Guia.png
pz_wardrobe_storage_01_fancy_oak_1_0;Mod instalado 0.1.11;90;45;256x256;textures/PNG/pz_wardrobe_storage_01_fancy_oak_1_0_UV.png;textures/UV-Guides/pz_wardrobe_storage_01_fancy_oak_1_0_UV-Guia.png
pz_wardrobe_storage_01_fancy_white_0_0;Mod instalado 0.1.11;90;45;256x256;textures/PNG/pz_wardrobe_storage_01_fancy_white_0_0_UV.png;textures/UV-Guides/pz_wardrobe_storage_01_fancy_white_0_0_UV-Guia.png
pz_wardrobe_storage_01_fancy_white_1_0;Mod instalado 0.1.11;90;45;256x256;textures/PNG/pz_wardrobe_storage_01_fancy_white_1_0_UV.png;textures/UV-Guides/pz_wardrobe_storage_01_fancy_white_1_0_UV-Guia.png
pz_wardrobe_storage_01_light_wood_0_0;Mod instalado 0.1.11;90;45;256x256;textures/PNG/pz_wardrobe_storage_01_light_wood_0_0_UV.png;textures/UV-Guides/pz_wardrobe_storage_01_light_wood_0_0_UV-Guia.png
pz_wardrobe_storage_01_light_wood_1_0;Mod instalado 0.1.11;90;45;256x256;textures/PNG/pz_wardrobe_storage_01_light_wood_1_0_UV.png;textures/UV-Guides/pz_wardrobe_storage_01_light_wood_1_0_UV-Guia.png
pz_wardrobe_storage_01_oak_0_0;Mod instalado 0.1.11;90;45;256x256;textures/PNG/pz_wardrobe_storage_01_oak_0_0_UV.png;textures/UV-Guides/pz_wardrobe_storage_01_oak_0_0_UV-Guia.png
pz_wardrobe_storage_01_oak_1_0;Mod instalado 0.1.11;90;45;256x256;textures/PNG/pz_wardrobe_storage_01_oak_1_0_UV.png;textures/UV-Guides/pz_wardrobe_storage_01_oak_1_0_UV-Guia.png
pz_wardrobe_storage_02_white_0_0;Mod instalado 0.1.11;66;33;256x256;textures/PNG/pz_wardrobe_storage_02_white_0_0_UV.png;textures/UV-Guides/pz_wardrobe_storage_02_white_0_0_UV-Guia.png
pz_wardrobe_storage_02_white_1_0;Mod instalado 0.1.11;66;33;256x256;textures/PNG/pz_wardrobe_storage_02_white_1_0_UV.png;textures/UV-Guides/pz_wardrobe_storage_02_white_1_0_UV-Guia.png
pz_window_wooden_broken;Mod instalado 0.1.11;44;16;256x256;textures/PNG/pz_window_wooden_broken_UV.png;textures/UV-Guides/pz_window_wooden_broken_UV-Guia.png
pz_window_wooden_closed;Mod instalado 0.1.11;420;70;512x512;textures/PNG/pz_window_wooden_closed_UV.png;textures/UV-Guides/pz_window_wooden_closed_UV-Guia.png
pz_window_wooden_glass_removed;Mod instalado 0.1.11;32;10;256x256;textures/PNG/pz_window_wooden_glass_removed_UV.png;textures/UV-Guides/pz_window_wooden_glass_removed_UV-Guia.png
pz_window_wooden_open;Mod instalado 0.1.11;984;151;512x512;textures/PNG/pz_window_wooden_open_UV.png;textures/UV-Guides/pz_window_wooden_open_UV-Guia.png
rack_left_empty;Mod instalado 0.1.11;354;177;512x512;textures/PNG/rack_left_empty_UV.png;textures/UV-Guides/rack_left_empty_UV-Guia.png
rack_right_empty;Mod instalado 0.1.11;354;177;512x512;textures/PNG/rack_right_empty_UV.png;textures/UV-Guides/rack_right_empty_UV-Guia.png
table_lamp_red_gold;Mod instalado 0.1.11;172;58;256x256;textures/PNG/table_lamp_red_gold_UV.png;textures/UV-Guides/table_lamp_red_gold_UV-Guia.png
wall_shelves_empty;Mod instalado 0.1.11;240;120;512x512;textures/PNG/wall_shelves_empty_UV.png;textures/UV-Guides/wall_shelves_empty_UV-Guia.png
pz_house_bunk_red_foot;G014 novos;276;122;512x512;textures/PNG/pz_house_bunk_red_foot_UV.png;textures/UV-Guides/pz_house_bunk_red_foot_UV-Guia.png
pz_house_bunk_red_head;G014 novos;168;68;256x256;textures/PNG/pz_house_bunk_red_head_UV.png;textures/UV-Guides/pz_house_bunk_red_head_UV-Guia.png
pz_house_guitar_acoustic;G014 novos;116;35;256x256;textures/PNG/pz_house_guitar_acoustic_UV.png;textures/UV-Guides/pz_house_guitar_acoustic_UV-Guia.png
pz_house_guitar_bass_blue;G014 novos;45;40;256x256;textures/PNG/pz_house_guitar_bass_blue_UV.png;textures/UV-Guides/pz_house_guitar_bass_blue_UV-Guia.png
pz_house_guitar_electric_red;G014 novos;47;44;256x256;textures/PNG/pz_house_guitar_electric_red_UV.png;textures/UV-Guides/pz_house_guitar_electric_red_UV-Guia.png
pz_house_makeshift_ham_open_v2;G014 novos;258;109;512x512;textures/PNG/pz_house_makeshift_ham_open_v2_UV.png;textures/UV-Guides/pz_house_makeshift_ham_open_v2_UV-Guia.png
pz_house_makeshift_radio_open_v2;G014 novos;306;118;512x512;textures/PNG/pz_house_makeshift_radio_open_v2_UV.png;textures/UV-Guides/pz_house_makeshift_radio_open_v2_UV-Guia.png
pz_wall_outlet_double;G014 novos;72;32;256x256;textures/PNG/pz_wall_outlet_double_UV.png;textures/UV-Guides/pz_wall_outlet_double_UV-Guia.png
pz_wall_outlet_single;G014 novos;42;19;256x256;textures/PNG/pz_wall_outlet_single_UV.png;textures/UV-Guides/pz_wall_outlet_single_UV-Guia.png
pz_wall_sconce_brass;G014 novos;88;26;256x256;textures/PNG/pz_wall_sconce_brass_UV.png;textures/UV-Guides/pz_wall_sconce_brass_UV-Guia.png
pz_wall_sconce_steel;G014 novos;88;26;256x256;textures/PNG/pz_wall_sconce_steel_UV.png;textures/UV-Guides/pz_wall_sconce_steel_UV-Guia.png
