# G012: only triangles proven strictly inside another closed opaque box removed.
mtllib ../Materials/contents_books_misc_02_25.mtl
v -0.21600000 0.07000000 1.65000000
v -0.23474500 0.11525500 1.65000000
v -0.23474500 0.11525500 1.90000000
v -0.21600000 0.07000000 1.65000000
v -0.23474500 0.11525500 1.90000000
v -0.21600000 0.07000000 1.90000000
v -0.23474500 0.11525500 1.65000000
v -0.28000000 0.13400000 1.65000000
v -0.28000000 0.13400000 1.90000000
v -0.23474500 0.11525500 1.65000000
v -0.28000000 0.13400000 1.90000000
v -0.23474500 0.11525500 1.90000000
v -0.28000000 0.13400000 1.65000000
v -0.32525500 0.11525500 1.65000000
v -0.32525500 0.11525500 1.90000000
v -0.28000000 0.13400000 1.65000000
v -0.32525500 0.11525500 1.90000000
v -0.28000000 0.13400000 1.90000000
v -0.32525500 0.11525500 1.65000000
v -0.34400000 0.07000000 1.65000000
v -0.34400000 0.07000000 1.90000000
v -0.32525500 0.11525500 1.65000000
v -0.34400000 0.07000000 1.90000000
v -0.32525500 0.11525500 1.90000000
v -0.34400000 0.07000000 1.65000000
v -0.32525500 0.02474500 1.65000000
v -0.32525500 0.02474500 1.90000000
v -0.34400000 0.07000000 1.65000000
v -0.32525500 0.02474500 1.90000000
v -0.34400000 0.07000000 1.90000000
v -0.32525500 0.02474500 1.65000000
v -0.28000000 0.00600000 1.65000000
v -0.28000000 0.00600000 1.90000000
v -0.32525500 0.02474500 1.65000000
v -0.28000000 0.00600000 1.90000000
v -0.32525500 0.02474500 1.90000000
v -0.28000000 0.00600000 1.65000000
v -0.23474500 0.02474500 1.65000000
v -0.23474500 0.02474500 1.90000000
v -0.28000000 0.00600000 1.65000000
v -0.23474500 0.02474500 1.90000000
v -0.28000000 0.00600000 1.90000000
v -0.23474500 0.02474500 1.65000000
v -0.21600000 0.07000000 1.65000000
v -0.21600000 0.07000000 1.90000000
v -0.23474500 0.02474500 1.65000000
v -0.21600000 0.07000000 1.90000000
v -0.23474500 0.02474500 1.90000000
v -0.23474500 0.11525500 1.65000000
v -0.21600000 0.07000000 1.65000000
v -0.28000000 0.07000000 1.65000000
v -0.28000000 0.13400000 1.65000000
v -0.23474500 0.11525500 1.65000000
v -0.28000000 0.07000000 1.65000000
v -0.32525500 0.11525500 1.65000000
v -0.28000000 0.13400000 1.65000000
v -0.28000000 0.07000000 1.65000000
v -0.34400000 0.07000000 1.65000000
v -0.32525500 0.11525500 1.65000000
v -0.28000000 0.07000000 1.65000000
v -0.32525500 0.02474500 1.65000000
v -0.34400000 0.07000000 1.65000000
v -0.28000000 0.07000000 1.65000000
v -0.28000000 0.00600000 1.65000000
v -0.32525500 0.02474500 1.65000000
v -0.28000000 0.07000000 1.65000000
v -0.23474500 0.02474500 1.65000000
v -0.28000000 0.00600000 1.65000000
v -0.28000000 0.07000000 1.65000000
v -0.21600000 0.07000000 1.65000000
v -0.23474500 0.02474500 1.65000000
v -0.28000000 0.07000000 1.65000000
v -0.28000000 0.07000000 1.90000000
v -0.21600000 0.07000000 1.90000000
v -0.23474500 0.11525500 1.90000000
v -0.28000000 0.07000000 1.90000000
v -0.23474500 0.11525500 1.90000000
v -0.28000000 0.13400000 1.90000000
v -0.28000000 0.07000000 1.90000000
v -0.28000000 0.13400000 1.90000000
v -0.32525500 0.11525500 1.90000000
v -0.28000000 0.07000000 1.90000000
v -0.32525500 0.11525500 1.90000000
v -0.34400000 0.07000000 1.90000000
v -0.28000000 0.07000000 1.90000000
v -0.34400000 0.07000000 1.90000000
v -0.32525500 0.02474500 1.90000000
v -0.28000000 0.07000000 1.90000000
v -0.32525500 0.02474500 1.90000000
v -0.28000000 0.00600000 1.90000000
v -0.28000000 0.07000000 1.90000000
v -0.28000000 0.00600000 1.90000000
v -0.23474500 0.02474500 1.90000000
v -0.28000000 0.07000000 1.90000000
v -0.23474500 0.02474500 1.90000000
v -0.21600000 0.07000000 1.90000000
v -0.31328000 0.00500000 1.71750000
v -0.31328000 0.01000000 1.71750000
v -0.24672000 0.01000000 1.71750000
v -0.31328000 0.00500000 1.71750000
v -0.24672000 0.01000000 1.71750000
v -0.24672000 0.00500000 1.71750000
v -0.31328000 0.00500000 1.71750000
v -0.24672000 0.00500000 1.71750000
v -0.24672000 0.00500000 1.81250000
v -0.31328000 0.00500000 1.71750000
v -0.24672000 0.00500000 1.81250000
v -0.31328000 0.00500000 1.81250000
v -0.24672000 0.00500000 1.71750000
v -0.24672000 0.01000000 1.71750000
v -0.24672000 0.01000000 1.81250000
v -0.24672000 0.00500000 1.71750000
v -0.24672000 0.01000000 1.81250000
v -0.24672000 0.00500000 1.81250000
v -0.24672000 0.01000000 1.71750000
v -0.31328000 0.01000000 1.71750000
v -0.31328000 0.01000000 1.81250000
v -0.24672000 0.01000000 1.71750000
v -0.31328000 0.01000000 1.81250000
v -0.24672000 0.01000000 1.81250000
v -0.31328000 0.01000000 1.71750000
v -0.31328000 0.00500000 1.71750000
v -0.31328000 0.00500000 1.81250000
v -0.31328000 0.01000000 1.71750000
v -0.31328000 0.00500000 1.81250000
v -0.31328000 0.01000000 1.81250000
v -0.31328000 0.00500000 1.81250000
v -0.24672000 0.00500000 1.81250000
v -0.24672000 0.01000000 1.81250000
v -0.31328000 0.00500000 1.81250000
v -0.24672000 0.01000000 1.81250000
v -0.31328000 0.01000000 1.81250000
v -0.01500000 -0.09000000 1.65000000
v -0.01500000 0.23000000 1.65000000
v 0.33500000 0.23000000 1.65000000
v -0.01500000 -0.09000000 1.65000000
v 0.33500000 0.23000000 1.65000000
v 0.33500000 -0.09000000 1.65000000
v -0.01500000 -0.09000000 1.65000000
v 0.33500000 -0.09000000 1.65000000
v 0.33500000 -0.09000000 1.96000000
v -0.01500000 -0.09000000 1.65000000
v 0.33500000 -0.09000000 1.96000000
v -0.01500000 -0.09000000 1.96000000
v 0.33500000 -0.09000000 1.65000000
v 0.33500000 0.23000000 1.65000000
v 0.33500000 0.23000000 1.96000000
v 0.33500000 -0.09000000 1.65000000
v 0.33500000 0.23000000 1.96000000
v 0.33500000 -0.09000000 1.96000000
v 0.33500000 0.23000000 1.65000000
v -0.01500000 0.23000000 1.65000000
v -0.01500000 0.23000000 1.96000000
v 0.33500000 0.23000000 1.65000000
v -0.01500000 0.23000000 1.96000000
v 0.33500000 0.23000000 1.96000000
v -0.01500000 0.23000000 1.65000000
v -0.01500000 -0.09000000 1.65000000
v -0.01500000 -0.09000000 1.96000000
v -0.01500000 0.23000000 1.65000000
v -0.01500000 -0.09000000 1.96000000
v -0.01500000 0.23000000 1.96000000
v -0.01500000 -0.09000000 1.96000000
v 0.33500000 -0.09000000 1.96000000
v 0.33500000 0.23000000 1.96000000
v -0.01500000 -0.09000000 1.96000000
v 0.33500000 0.23000000 1.96000000
v -0.01500000 0.23000000 1.96000000
v 0.14250000 -0.09000000 1.96000000
v 0.14250000 0.23000000 1.96000000
v 0.17750000 0.23000000 1.96000000
v 0.14250000 -0.09000000 1.96000000
v 0.17750000 0.23000000 1.96000000
v 0.17750000 -0.09000000 1.96000000
v 0.14250000 -0.09000000 1.96000000
v 0.17750000 -0.09000000 1.96000000
v 0.17750000 -0.09000000 1.96400000
v 0.14250000 -0.09000000 1.96000000
v 0.17750000 -0.09000000 1.96400000
v 0.14250000 -0.09000000 1.96400000
v 0.17750000 -0.09000000 1.96000000
v 0.17750000 0.23000000 1.96000000
v 0.17750000 0.23000000 1.96400000
v 0.17750000 -0.09000000 1.96000000
v 0.17750000 0.23000000 1.96400000
v 0.17750000 -0.09000000 1.96400000
v 0.17750000 0.23000000 1.96000000
v 0.14250000 0.23000000 1.96000000
v 0.14250000 0.23000000 1.96400000
v 0.17750000 0.23000000 1.96000000
v 0.14250000 0.23000000 1.96400000
v 0.17750000 0.23000000 1.96400000
v 0.14250000 0.23000000 1.96000000
v 0.14250000 -0.09000000 1.96000000
v 0.14250000 -0.09000000 1.96400000
v 0.14250000 0.23000000 1.96000000
v 0.14250000 -0.09000000 1.96400000
v 0.14250000 0.23000000 1.96400000
v 0.14250000 -0.09000000 1.96400000
v 0.17750000 -0.09000000 1.96400000
v 0.17750000 0.23000000 1.96400000
v 0.14250000 -0.09000000 1.96400000
v 0.17750000 0.23000000 1.96400000
v 0.14250000 0.23000000 1.96400000
v -0.07000000 -0.15000000 1.65000000
v -0.08171600 -0.12171600 1.65000000
v -0.08171600 -0.12171600 1.79000000
v -0.07000000 -0.15000000 1.65000000
v -0.08171600 -0.12171600 1.79000000
v -0.07000000 -0.15000000 1.79000000
v -0.08171600 -0.12171600 1.65000000
v -0.11000000 -0.11000000 1.65000000
v -0.11000000 -0.11000000 1.79000000
v -0.08171600 -0.12171600 1.65000000
v -0.11000000 -0.11000000 1.79000000
v -0.08171600 -0.12171600 1.79000000
v -0.11000000 -0.11000000 1.65000000
v -0.13828400 -0.12171600 1.65000000
v -0.13828400 -0.12171600 1.79000000
v -0.11000000 -0.11000000 1.65000000
v -0.13828400 -0.12171600 1.79000000
v -0.11000000 -0.11000000 1.79000000
v -0.13828400 -0.12171600 1.65000000
v -0.15000000 -0.15000000 1.65000000
v -0.15000000 -0.15000000 1.79000000
v -0.13828400 -0.12171600 1.65000000
v -0.15000000 -0.15000000 1.79000000
v -0.13828400 -0.12171600 1.79000000
v -0.15000000 -0.15000000 1.65000000
v -0.13828400 -0.17828400 1.65000000
v -0.13828400 -0.17828400 1.79000000
v -0.15000000 -0.15000000 1.65000000
v -0.13828400 -0.17828400 1.79000000
v -0.15000000 -0.15000000 1.79000000
v -0.13828400 -0.17828400 1.65000000
v -0.11000000 -0.19000000 1.65000000
v -0.11000000 -0.19000000 1.79000000
v -0.13828400 -0.17828400 1.65000000
v -0.11000000 -0.19000000 1.79000000
v -0.13828400 -0.17828400 1.79000000
v -0.11000000 -0.19000000 1.65000000
v -0.08171600 -0.17828400 1.65000000
v -0.08171600 -0.17828400 1.79000000
v -0.11000000 -0.19000000 1.65000000
v -0.08171600 -0.17828400 1.79000000
v -0.11000000 -0.19000000 1.79000000
v -0.08171600 -0.17828400 1.65000000
v -0.07000000 -0.15000000 1.65000000
v -0.07000000 -0.15000000 1.79000000
v -0.08171600 -0.17828400 1.65000000
v -0.07000000 -0.15000000 1.79000000
v -0.08171600 -0.17828400 1.79000000
v -0.08171600 -0.12171600 1.65000000
v -0.07000000 -0.15000000 1.65000000
v -0.11000000 -0.15000000 1.65000000
v -0.11000000 -0.11000000 1.65000000
v -0.08171600 -0.12171600 1.65000000
v -0.11000000 -0.15000000 1.65000000
v -0.13828400 -0.12171600 1.65000000
v -0.11000000 -0.11000000 1.65000000
v -0.11000000 -0.15000000 1.65000000
v -0.15000000 -0.15000000 1.65000000
v -0.13828400 -0.12171600 1.65000000
v -0.11000000 -0.15000000 1.65000000
v -0.13828400 -0.17828400 1.65000000
v -0.15000000 -0.15000000 1.65000000
v -0.11000000 -0.15000000 1.65000000
v -0.11000000 -0.19000000 1.65000000
v -0.13828400 -0.17828400 1.65000000
v -0.11000000 -0.15000000 1.65000000
v -0.08171600 -0.17828400 1.65000000
v -0.11000000 -0.19000000 1.65000000
v -0.11000000 -0.15000000 1.65000000
v -0.07000000 -0.15000000 1.65000000
v -0.08171600 -0.17828400 1.65000000
v -0.11000000 -0.15000000 1.65000000
v -0.11000000 -0.15000000 1.79000000
v -0.07000000 -0.15000000 1.79000000
v -0.08171600 -0.12171600 1.79000000
v -0.11000000 -0.15000000 1.79000000
v -0.08171600 -0.12171600 1.79000000
v -0.11000000 -0.11000000 1.79000000
v -0.11000000 -0.15000000 1.79000000
v -0.11000000 -0.11000000 1.79000000
v -0.13828400 -0.12171600 1.79000000
v -0.11000000 -0.15000000 1.79000000
v -0.13828400 -0.12171600 1.79000000
v -0.15000000 -0.15000000 1.79000000
v -0.11000000 -0.15000000 1.79000000
v -0.15000000 -0.15000000 1.79000000
v -0.13828400 -0.17828400 1.79000000
v -0.11000000 -0.15000000 1.79000000
v -0.13828400 -0.17828400 1.79000000
v -0.11000000 -0.19000000 1.79000000
v -0.11000000 -0.15000000 1.79000000
v -0.11000000 -0.19000000 1.79000000
v -0.08171600 -0.17828400 1.79000000
v -0.11000000 -0.15000000 1.79000000
v -0.08171600 -0.17828400 1.79000000
v -0.07000000 -0.15000000 1.79000000
v -0.13080000 -0.19100000 1.68780000
v -0.13080000 -0.18600000 1.68780000
v -0.08920000 -0.18600000 1.68780000
v -0.13080000 -0.19100000 1.68780000
v -0.08920000 -0.18600000 1.68780000
v -0.08920000 -0.19100000 1.68780000
v -0.13080000 -0.19100000 1.68780000
v -0.08920000 -0.19100000 1.68780000
v -0.08920000 -0.19100000 1.74100000
v -0.13080000 -0.19100000 1.68780000
v -0.08920000 -0.19100000 1.74100000
v -0.13080000 -0.19100000 1.74100000
v -0.08920000 -0.19100000 1.68780000
v -0.08920000 -0.18600000 1.68780000
v -0.08920000 -0.18600000 1.74100000
v -0.08920000 -0.19100000 1.68780000
v -0.08920000 -0.18600000 1.74100000
v -0.08920000 -0.19100000 1.74100000
v -0.08920000 -0.18600000 1.68780000
v -0.13080000 -0.18600000 1.68780000
v -0.13080000 -0.18600000 1.74100000
v -0.08920000 -0.18600000 1.68780000
v -0.13080000 -0.18600000 1.74100000
v -0.08920000 -0.18600000 1.74100000
v -0.13080000 -0.18600000 1.68780000
v -0.13080000 -0.19100000 1.68780000
v -0.13080000 -0.19100000 1.74100000
v -0.13080000 -0.18600000 1.68780000
v -0.13080000 -0.19100000 1.74100000
v -0.13080000 -0.18600000 1.74100000
v -0.13080000 -0.19100000 1.74100000
v -0.08920000 -0.19100000 1.74100000
v -0.08920000 -0.18600000 1.74100000
v -0.13080000 -0.19100000 1.74100000
v -0.08920000 -0.18600000 1.74100000
v -0.13080000 -0.18600000 1.74100000
v -0.06000000 -0.23500000 1.65000000
v -0.06000000 -0.06500000 1.65000000
v 0.14000000 -0.06500000 1.65000000
v -0.06000000 -0.23500000 1.65000000
v 0.14000000 -0.06500000 1.65000000
v 0.14000000 -0.23500000 1.65000000
v -0.06000000 -0.23500000 1.65000000
v 0.14000000 -0.23500000 1.65000000
v 0.12400000 -0.22055000 1.67500000
v -0.06000000 -0.23500000 1.65000000
v 0.12400000 -0.22055000 1.67500000
v -0.04400000 -0.22055000 1.67500000
v 0.14000000 -0.23500000 1.65000000
v 0.14000000 -0.06500000 1.65000000
v 0.12400000 -0.07945000 1.67500000
v 0.14000000 -0.23500000 1.65000000
v 0.12400000 -0.07945000 1.67500000
v 0.12400000 -0.22055000 1.67500000
v 0.14000000 -0.06500000 1.65000000
v -0.06000000 -0.06500000 1.65000000
v -0.04400000 -0.07945000 1.67500000
v 0.14000000 -0.06500000 1.65000000
v -0.04400000 -0.07945000 1.67500000
v 0.12400000 -0.07945000 1.67500000
v -0.06000000 -0.06500000 1.65000000
v -0.06000000 -0.23500000 1.65000000
v -0.04400000 -0.22055000 1.67500000
v -0.06000000 -0.06500000 1.65000000
v -0.04400000 -0.22055000 1.67500000
v -0.04400000 -0.07945000 1.67500000
v -0.04400000 -0.22055000 1.67500000
v 0.12400000 -0.22055000 1.67500000
v 0.12400000 -0.07945000 1.67500000
v -0.04400000 -0.22055000 1.67500000
v 0.12400000 -0.07945000 1.67500000
v -0.04400000 -0.07945000 1.67500000
v -0.29000000 -0.13000000 0.90000000
v -0.29000000 0.21000000 0.90000000
v 0.23000000 0.21000000 0.90000000
v -0.29000000 -0.13000000 0.90000000
v 0.23000000 0.21000000 0.90000000
v 0.23000000 -0.13000000 0.90000000
v -0.29000000 -0.13000000 0.90000000
v 0.23000000 -0.13000000 0.90000000
v 0.23000000 -0.13000000 1.10000000
v -0.29000000 -0.13000000 0.90000000
v 0.23000000 -0.13000000 1.10000000
v -0.29000000 -0.13000000 1.10000000
v 0.23000000 -0.13000000 0.90000000
v 0.23000000 0.21000000 0.90000000
v 0.23000000 0.21000000 1.10000000
v 0.23000000 -0.13000000 0.90000000
v 0.23000000 0.21000000 1.10000000
v 0.23000000 -0.13000000 1.10000000
v 0.23000000 0.21000000 0.90000000
v -0.29000000 0.21000000 0.90000000
v -0.29000000 0.21000000 1.10000000
v 0.23000000 0.21000000 0.90000000
v -0.29000000 0.21000000 1.10000000
v 0.23000000 0.21000000 1.10000000
v -0.29000000 0.21000000 0.90000000
v -0.29000000 -0.13000000 0.90000000
v -0.29000000 -0.13000000 1.10000000
v -0.29000000 0.21000000 0.90000000
v -0.29000000 -0.13000000 1.10000000
v -0.29000000 0.21000000 1.10000000
v -0.29000000 -0.13000000 1.10000000
v 0.23000000 -0.13000000 1.10000000
v 0.23000000 0.21000000 1.10000000
v -0.29000000 -0.13000000 1.10000000
v 0.23000000 0.21000000 1.10000000
v -0.29000000 0.21000000 1.10000000
v -0.29400000 -0.13400000 1.10000000
v -0.29400000 0.21400000 1.10000000
v 0.23400000 0.21400000 1.10000000
v -0.29400000 -0.13400000 1.10000000
v 0.23400000 0.21400000 1.10000000
v 0.23400000 -0.13400000 1.10000000
v -0.29400000 -0.13400000 1.10000000
v 0.23400000 -0.13400000 1.10000000
v 0.23400000 -0.13400000 1.15000000
v -0.29400000 -0.13400000 1.10000000
v 0.23400000 -0.13400000 1.15000000
v -0.29400000 -0.13400000 1.15000000
v 0.23400000 -0.13400000 1.10000000
v 0.23400000 0.21400000 1.10000000
v 0.23400000 0.21400000 1.15000000
v 0.23400000 -0.13400000 1.10000000
v 0.23400000 0.21400000 1.15000000
v 0.23400000 -0.13400000 1.15000000
v 0.23400000 0.21400000 1.10000000
v -0.29400000 0.21400000 1.10000000
v -0.29400000 0.21400000 1.15000000
v 0.23400000 0.21400000 1.10000000
v -0.29400000 0.21400000 1.15000000
v 0.23400000 0.21400000 1.15000000
v -0.29400000 0.21400000 1.10000000
v -0.29400000 -0.13400000 1.10000000
v -0.29400000 -0.13400000 1.15000000
v -0.29400000 0.21400000 1.10000000
v -0.29400000 -0.13400000 1.15000000
v -0.29400000 0.21400000 1.15000000
v -0.29400000 -0.13400000 1.15000000
v 0.23400000 -0.13400000 1.15000000
v 0.23400000 0.21400000 1.15000000
v -0.29400000 -0.13400000 1.15000000
v 0.23400000 0.21400000 1.15000000
v -0.29400000 0.21400000 1.15000000
v -0.29000000 -0.13300000 1.09000000
v -0.29000000 -0.12900000 1.09000000
v 0.23000000 -0.12900000 1.09000000
v -0.29000000 -0.13300000 1.09000000
v 0.23000000 -0.12900000 1.09000000
v 0.23000000 -0.13300000 1.09000000
v -0.29000000 -0.13300000 1.09000000
v 0.23000000 -0.13300000 1.09000000
v 0.23000000 -0.13300000 1.10250000
v -0.29000000 -0.13300000 1.09000000
v 0.23000000 -0.13300000 1.10250000
v -0.29000000 -0.13300000 1.10250000
v 0.23000000 -0.13300000 1.09000000
v 0.23000000 -0.12900000 1.09000000
v 0.23000000 -0.12900000 1.10250000
v 0.23000000 -0.13300000 1.09000000
v 0.23000000 -0.12900000 1.10250000
v 0.23000000 -0.13300000 1.10250000
v 0.23000000 -0.12900000 1.09000000
v -0.29000000 -0.12900000 1.09000000
v -0.29000000 -0.12900000 1.10250000
v 0.23000000 -0.12900000 1.09000000
v -0.29000000 -0.12900000 1.10250000
v 0.23000000 -0.12900000 1.10250000
v -0.29000000 -0.12900000 1.09000000
v -0.29000000 -0.13300000 1.09000000
v -0.29000000 -0.13300000 1.10250000
v -0.29000000 -0.12900000 1.09000000
v -0.29000000 -0.13300000 1.10250000
v -0.29000000 -0.12900000 1.10250000
v -0.11700000 0.03000000 1.15000000
v -0.11700000 0.05000000 1.15000000
v -0.09900000 0.05000000 1.15000000
v -0.11700000 0.03000000 1.15000000
v -0.09900000 0.05000000 1.15000000
v -0.09900000 0.03000000 1.15000000
v -0.11700000 0.03000000 1.15000000
v -0.09900000 0.03000000 1.15000000
v -0.09900000 0.03000000 1.17500000
v -0.11700000 0.03000000 1.15000000
v -0.09900000 0.03000000 1.17500000
v -0.11700000 0.03000000 1.17500000
v -0.09900000 0.03000000 1.15000000
v -0.09900000 0.05000000 1.15000000
v -0.09900000 0.05000000 1.17500000
v -0.09900000 0.03000000 1.15000000
v -0.09900000 0.05000000 1.17500000
v -0.09900000 0.03000000 1.17500000
v -0.09900000 0.05000000 1.15000000
v -0.11700000 0.05000000 1.15000000
v -0.11700000 0.05000000 1.17500000
v -0.09900000 0.05000000 1.15000000
v -0.11700000 0.05000000 1.17500000
v -0.09900000 0.05000000 1.17500000
v -0.11700000 0.05000000 1.15000000
v -0.11700000 0.03000000 1.15000000
v -0.11700000 0.03000000 1.17500000
v -0.11700000 0.05000000 1.15000000
v -0.11700000 0.03000000 1.17500000
v -0.11700000 0.05000000 1.17500000
v -0.11700000 0.03000000 1.17500000
v -0.09900000 0.03000000 1.17500000
v -0.09900000 0.05000000 1.17500000
v -0.11700000 0.03000000 1.17500000
v -0.09900000 0.05000000 1.17500000
v -0.11700000 0.05000000 1.17500000
v 0.03900000 0.03000000 1.15000000
v 0.03900000 0.05000000 1.15000000
v 0.05700000 0.05000000 1.15000000
v 0.03900000 0.03000000 1.15000000
v 0.05700000 0.05000000 1.15000000
v 0.05700000 0.03000000 1.15000000
v 0.03900000 0.03000000 1.15000000
v 0.05700000 0.03000000 1.15000000
v 0.05700000 0.03000000 1.17500000
v 0.03900000 0.03000000 1.15000000
v 0.05700000 0.03000000 1.17500000
v 0.03900000 0.03000000 1.17500000
v 0.05700000 0.03000000 1.15000000
v 0.05700000 0.05000000 1.15000000
v 0.05700000 0.05000000 1.17500000
v 0.05700000 0.03000000 1.15000000
v 0.05700000 0.05000000 1.17500000
v 0.05700000 0.03000000 1.17500000
v 0.05700000 0.05000000 1.15000000
v 0.03900000 0.05000000 1.15000000
v 0.03900000 0.05000000 1.17500000
v 0.05700000 0.05000000 1.15000000
v 0.03900000 0.05000000 1.17500000
v 0.05700000 0.05000000 1.17500000
v 0.03900000 0.05000000 1.15000000
v 0.03900000 0.03000000 1.15000000
v 0.03900000 0.03000000 1.17500000
v 0.03900000 0.05000000 1.15000000
v 0.03900000 0.03000000 1.17500000
v 0.03900000 0.05000000 1.17500000
v 0.03900000 0.03000000 1.17500000
v 0.05700000 0.03000000 1.17500000
v 0.05700000 0.05000000 1.17500000
v 0.03900000 0.03000000 1.17500000
v 0.05700000 0.05000000 1.17500000
v 0.03900000 0.05000000 1.17500000
v -0.11700000 0.03000000 1.17500000
v -0.11700000 0.05000000 1.17500000
v 0.05700000 0.05000000 1.17500000
v -0.11700000 0.03000000 1.17500000
v 0.05700000 0.05000000 1.17500000
v 0.05700000 0.03000000 1.17500000
v -0.11700000 0.03000000 1.17500000
v 0.05700000 0.03000000 1.17500000
v 0.05700000 0.03000000 1.18800000
v -0.11700000 0.03000000 1.17500000
v 0.05700000 0.03000000 1.18800000
v -0.11700000 0.03000000 1.18800000
v 0.05700000 0.03000000 1.17500000
v 0.05700000 0.05000000 1.17500000
v 0.05700000 0.05000000 1.18800000
v 0.05700000 0.03000000 1.17500000
v 0.05700000 0.05000000 1.18800000
v 0.05700000 0.03000000 1.18800000
v 0.05700000 0.05000000 1.17500000
v -0.11700000 0.05000000 1.17500000
v -0.11700000 0.05000000 1.18800000
v 0.05700000 0.05000000 1.17500000
v -0.11700000 0.05000000 1.18800000
v 0.05700000 0.05000000 1.18800000
v -0.11700000 0.05000000 1.17500000
v -0.11700000 0.03000000 1.17500000
v -0.11700000 0.03000000 1.18800000
v -0.11700000 0.05000000 1.17500000
v -0.11700000 0.03000000 1.18800000
v -0.11700000 0.05000000 1.18800000
v -0.11700000 0.03000000 1.18800000
v 0.05700000 0.03000000 1.18800000
v 0.05700000 0.05000000 1.18800000
v -0.11700000 0.03000000 1.18800000
v 0.05700000 0.05000000 1.18800000
v -0.11700000 0.05000000 1.18800000
v -0.28000000 -0.26500000 0.90000000
v -0.28000000 -0.13500000 0.90000000
v -0.10000000 -0.13500000 0.90000000
v -0.28000000 -0.26500000 0.90000000
v -0.10000000 -0.13500000 0.90000000
v -0.10000000 -0.26500000 0.90000000
v -0.28000000 -0.26500000 0.90000000
v -0.10000000 -0.26500000 0.90000000
v -0.10000000 -0.26500000 0.96400000
v -0.28000000 -0.26500000 0.90000000
v -0.10000000 -0.26500000 0.96400000
v -0.28000000 -0.26500000 0.96400000
v -0.10000000 -0.26500000 0.90000000
v -0.10000000 -0.13500000 0.90000000
v -0.10000000 -0.13500000 0.96400000
v -0.10000000 -0.26500000 0.90000000
v -0.10000000 -0.13500000 0.96400000
v -0.10000000 -0.26500000 0.96400000
v -0.10000000 -0.13500000 0.90000000
v -0.28000000 -0.13500000 0.90000000
v -0.28000000 -0.13500000 0.96400000
v -0.10000000 -0.13500000 0.90000000
v -0.28000000 -0.13500000 0.96400000
v -0.10000000 -0.13500000 0.96400000
v -0.28000000 -0.13500000 0.90000000
v -0.28000000 -0.26500000 0.90000000
v -0.28000000 -0.26500000 0.96400000
v -0.28000000 -0.13500000 0.90000000
v -0.28000000 -0.26500000 0.96400000
v -0.28000000 -0.13500000 0.96400000
v -0.28000000 -0.26500000 0.96400000
v -0.10000000 -0.26500000 0.96400000
v -0.10000000 -0.13500000 0.96400000
v -0.28000000 -0.26500000 0.96400000
v -0.10000000 -0.13500000 0.96400000
v -0.28000000 -0.13500000 0.96400000
v -0.26740000 -0.25395000 0.96000000
v -0.26740000 -0.14605000 0.96000000
v -0.11260000 -0.14605000 0.96000000
v -0.26740000 -0.25395000 0.96000000
v -0.11260000 -0.14605000 0.96000000
v -0.11260000 -0.25395000 0.96000000
v -0.26740000 -0.25395000 0.96000000
v -0.11260000 -0.25395000 0.96000000
v -0.11260000 -0.25395000 0.96600000
v -0.26740000 -0.25395000 0.96000000
v -0.11260000 -0.25395000 0.96600000
v -0.26740000 -0.25395000 0.96600000
v -0.11260000 -0.25395000 0.96000000
v -0.11260000 -0.14605000 0.96000000
v -0.11260000 -0.14605000 0.96600000
v -0.11260000 -0.25395000 0.96000000
v -0.11260000 -0.14605000 0.96600000
v -0.11260000 -0.25395000 0.96600000
v -0.11260000 -0.14605000 0.96000000
v -0.26740000 -0.14605000 0.96000000
v -0.26740000 -0.14605000 0.96600000
v -0.11260000 -0.14605000 0.96000000
v -0.26740000 -0.14605000 0.96600000
v -0.11260000 -0.14605000 0.96600000
v -0.26740000 -0.14605000 0.96000000
v -0.26740000 -0.25395000 0.96000000
v -0.26740000 -0.25395000 0.96600000
v -0.26740000 -0.14605000 0.96000000
v -0.26740000 -0.25395000 0.96600000
v -0.26740000 -0.14605000 0.96600000
v -0.26740000 -0.25395000 0.96600000
v -0.11260000 -0.25395000 0.96600000
v -0.11260000 -0.14605000 0.96600000
v -0.26740000 -0.25395000 0.96600000
v -0.11260000 -0.14605000 0.96600000
v -0.26740000 -0.14605000 0.96600000
v -0.28000000 -0.18994000 1.08182000
v -0.28000000 -0.13500000 0.96400000
v -0.10000000 -0.13500000 0.96400000
v -0.28000000 -0.18994000 1.08182000
v -0.10000000 -0.13500000 0.96400000
v -0.10000000 -0.18994000 1.08182000
v -0.28000000 -0.18994000 1.08182000
v -0.10000000 -0.18994000 1.08182000
v -0.10000000 -0.17543900 1.08858200
v -0.28000000 -0.18994000 1.08182000
v -0.10000000 -0.17543900 1.08858200
v -0.28000000 -0.17543900 1.08858200
v -0.10000000 -0.18994000 1.08182000
v -0.10000000 -0.13500000 0.96400000
v -0.10000000 -0.12049900 0.97076200
v -0.10000000 -0.18994000 1.08182000
v -0.10000000 -0.12049900 0.97076200
v -0.10000000 -0.17543900 1.08858200
v -0.10000000 -0.13500000 0.96400000
v -0.28000000 -0.13500000 0.96400000
v -0.28000000 -0.12049900 0.97076200
v -0.10000000 -0.13500000 0.96400000
v -0.28000000 -0.12049900 0.97076200
v -0.10000000 -0.12049900 0.97076200
v -0.28000000 -0.13500000 0.96400000
v -0.28000000 -0.18994000 1.08182000
v -0.28000000 -0.17543900 1.08858200
v -0.28000000 -0.13500000 0.96400000
v -0.28000000 -0.17543900 1.08858200
v -0.28000000 -0.12049900 0.97076200
v -0.28000000 -0.17543900 1.08858200
v -0.10000000 -0.17543900 1.08858200
v -0.10000000 -0.12049900 0.97076200
v -0.28000000 -0.17543900 1.08858200
v -0.10000000 -0.12049900 0.97076200
v -0.28000000 -0.12049900 0.97076200
v -0.41500000 -0.07000000 0.90000000
v -0.41500000 0.15000000 0.90000000
v -0.26500000 0.15000000 0.90000000
v -0.41500000 -0.07000000 0.90000000
v -0.26500000 0.15000000 0.90000000
v -0.26500000 -0.07000000 0.90000000
v -0.41500000 -0.07000000 0.90000000
v -0.26500000 -0.07000000 0.90000000
v -0.26500000 -0.07000000 1.10000000
v -0.41500000 -0.07000000 0.90000000
v -0.26500000 -0.07000000 1.10000000
v -0.41500000 -0.07000000 1.10000000
v -0.26500000 -0.07000000 0.90000000
v -0.26500000 0.15000000 0.90000000
v -0.26500000 0.15000000 1.10000000
v -0.26500000 -0.07000000 0.90000000
v -0.26500000 0.15000000 1.10000000
v -0.26500000 -0.07000000 1.10000000
v -0.26500000 0.15000000 0.90000000
v -0.41500000 0.15000000 0.90000000
v -0.41500000 0.15000000 1.10000000
v -0.26500000 0.15000000 0.90000000
v -0.41500000 0.15000000 1.10000000
v -0.26500000 0.15000000 1.10000000
v -0.41500000 0.15000000 0.90000000
v -0.41500000 -0.07000000 0.90000000
v -0.41500000 -0.07000000 1.10000000
v -0.41500000 0.15000000 0.90000000
v -0.41500000 -0.07000000 1.10000000
v -0.41500000 0.15000000 1.10000000
v -0.41500000 -0.07000000 1.10000000
v -0.26500000 -0.07000000 1.10000000
v -0.26500000 0.15000000 1.10000000
v -0.41500000 -0.07000000 1.10000000
v -0.26500000 0.15000000 1.10000000
v -0.41500000 0.15000000 1.10000000
v 0.33700000 -0.05000000 0.90000000
v 0.32616300 -0.02383700 0.90000000
v 0.32616300 -0.02383700 1.04000000
v 0.33700000 -0.05000000 0.90000000
v 0.32616300 -0.02383700 1.04000000
v 0.33700000 -0.05000000 1.04000000
v 0.32616300 -0.02383700 0.90000000
v 0.30000000 -0.01300000 0.90000000
v 0.30000000 -0.01300000 1.04000000
v 0.32616300 -0.02383700 0.90000000
v 0.30000000 -0.01300000 1.04000000
v 0.32616300 -0.02383700 1.04000000
v 0.30000000 -0.01300000 0.90000000
v 0.27383700 -0.02383700 0.90000000
v 0.27383700 -0.02383700 1.04000000
v 0.30000000 -0.01300000 0.90000000
v 0.27383700 -0.02383700 1.04000000
v 0.30000000 -0.01300000 1.04000000
v 0.27383700 -0.02383700 0.90000000
v 0.26300000 -0.05000000 0.90000000
v 0.26300000 -0.05000000 1.04000000
v 0.27383700 -0.02383700 0.90000000
v 0.26300000 -0.05000000 1.04000000
v 0.27383700 -0.02383700 1.04000000
v 0.26300000 -0.05000000 0.90000000
v 0.27383700 -0.07616300 0.90000000
v 0.27383700 -0.07616300 1.04000000
v 0.26300000 -0.05000000 0.90000000
v 0.27383700 -0.07616300 1.04000000
v 0.26300000 -0.05000000 1.04000000
v 0.27383700 -0.07616300 0.90000000
v 0.30000000 -0.08700000 0.90000000
v 0.30000000 -0.08700000 1.04000000
v 0.27383700 -0.07616300 0.90000000
v 0.30000000 -0.08700000 1.04000000
v 0.27383700 -0.07616300 1.04000000
v 0.30000000 -0.08700000 0.90000000
v 0.32616300 -0.07616300 0.90000000
v 0.32616300 -0.07616300 1.04000000
v 0.30000000 -0.08700000 0.90000000
v 0.32616300 -0.07616300 1.04000000
v 0.30000000 -0.08700000 1.04000000
v 0.32616300 -0.07616300 0.90000000
v 0.33700000 -0.05000000 0.90000000
v 0.33700000 -0.05000000 1.04000000
v 0.32616300 -0.07616300 0.90000000
v 0.33700000 -0.05000000 1.04000000
v 0.32616300 -0.07616300 1.04000000
v 0.32616300 -0.02383700 0.90000000
v 0.33700000 -0.05000000 0.90000000
v 0.30000000 -0.05000000 0.90000000
v 0.30000000 -0.01300000 0.90000000
v 0.32616300 -0.02383700 0.90000000
v 0.30000000 -0.05000000 0.90000000
v 0.27383700 -0.02383700 0.90000000
v 0.30000000 -0.01300000 0.90000000
v 0.30000000 -0.05000000 0.90000000
v 0.26300000 -0.05000000 0.90000000
v 0.27383700 -0.02383700 0.90000000
v 0.30000000 -0.05000000 0.90000000
v 0.27383700 -0.07616300 0.90000000
v 0.26300000 -0.05000000 0.90000000
v 0.30000000 -0.05000000 0.90000000
v 0.30000000 -0.08700000 0.90000000
v 0.27383700 -0.07616300 0.90000000
v 0.30000000 -0.05000000 0.90000000
v 0.32616300 -0.07616300 0.90000000
v 0.30000000 -0.08700000 0.90000000
v 0.30000000 -0.05000000 0.90000000
v 0.33700000 -0.05000000 0.90000000
v 0.32616300 -0.07616300 0.90000000
v 0.30000000 -0.05000000 0.90000000
v 0.30000000 -0.05000000 1.04000000
v 0.33700000 -0.05000000 1.04000000
v 0.32616300 -0.02383700 1.04000000
v 0.30000000 -0.05000000 1.04000000
v 0.32616300 -0.02383700 1.04000000
v 0.30000000 -0.01300000 1.04000000
v 0.30000000 -0.05000000 1.04000000
v 0.30000000 -0.01300000 1.04000000
v 0.27383700 -0.02383700 1.04000000
v 0.30000000 -0.05000000 1.04000000
v 0.27383700 -0.02383700 1.04000000
v 0.26300000 -0.05000000 1.04000000
v 0.30000000 -0.05000000 1.04000000
v 0.26300000 -0.05000000 1.04000000
v 0.27383700 -0.07616300 1.04000000
v 0.30000000 -0.05000000 1.04000000
v 0.27383700 -0.07616300 1.04000000
v 0.30000000 -0.08700000 1.04000000
v 0.30000000 -0.05000000 1.04000000
v 0.30000000 -0.08700000 1.04000000
v 0.32616300 -0.07616300 1.04000000
v 0.30000000 -0.05000000 1.04000000
v 0.32616300 -0.07616300 1.04000000
v 0.33700000 -0.05000000 1.04000000
v -0.35500000 -0.12000000 0.10000000
v -0.35500000 0.14000000 0.10000000
v -0.10500000 0.14000000 0.10000000
v -0.35500000 -0.12000000 0.10000000
v -0.10500000 0.14000000 0.10000000
v -0.10500000 -0.12000000 0.10000000
v -0.35500000 -0.12000000 0.10000000
v -0.10500000 -0.12000000 0.10000000
v -0.10500000 -0.12000000 0.20000000
v -0.35500000 -0.12000000 0.10000000
v -0.10500000 -0.12000000 0.20000000
v -0.35500000 -0.12000000 0.20000000
v -0.10500000 -0.12000000 0.10000000
v -0.10500000 0.14000000 0.10000000
v -0.10500000 0.14000000 0.20000000
v -0.10500000 -0.12000000 0.10000000
v -0.10500000 0.14000000 0.20000000
v -0.10500000 -0.12000000 0.20000000
v -0.10500000 0.14000000 0.10000000
v -0.35500000 0.14000000 0.10000000
v -0.35500000 0.14000000 0.20000000
v -0.10500000 0.14000000 0.10000000
v -0.35500000 0.14000000 0.20000000
v -0.10500000 0.14000000 0.20000000
v -0.35500000 0.14000000 0.10000000
v -0.35500000 -0.12000000 0.10000000
v -0.35500000 -0.12000000 0.20000000
v -0.35500000 0.14000000 0.10000000
v -0.35500000 -0.12000000 0.20000000
v -0.35500000 0.14000000 0.20000000
v -0.35500000 -0.12000000 0.20000000
v -0.10500000 -0.12000000 0.20000000
v -0.10500000 0.14000000 0.20000000
v -0.35500000 -0.12000000 0.20000000
v -0.10500000 0.14000000 0.20000000
v -0.35500000 0.14000000 0.20000000
v -0.30000000 -0.06000000 0.20000000
v -0.30000000 0.12000000 0.20000000
v -0.14000000 0.12000000 0.20000000
v -0.30000000 -0.06000000 0.20000000
v -0.14000000 0.12000000 0.20000000
v -0.14000000 -0.06000000 0.20000000
v -0.30000000 -0.06000000 0.20000000
v -0.14000000 -0.06000000 0.20000000
v -0.14000000 -0.06000000 0.41000000
v -0.30000000 -0.06000000 0.20000000
v -0.14000000 -0.06000000 0.41000000
v -0.30000000 -0.06000000 0.41000000
v -0.14000000 -0.06000000 0.20000000
v -0.14000000 0.12000000 0.20000000
v -0.14000000 0.12000000 0.41000000
v -0.14000000 -0.06000000 0.20000000
v -0.14000000 0.12000000 0.41000000
v -0.14000000 -0.06000000 0.41000000
v -0.14000000 0.12000000 0.20000000
v -0.30000000 0.12000000 0.20000000
v -0.30000000 0.12000000 0.41000000
v -0.14000000 0.12000000 0.20000000
v -0.30000000 0.12000000 0.41000000
v -0.14000000 0.12000000 0.41000000
v -0.30000000 0.12000000 0.20000000
v -0.30000000 -0.06000000 0.20000000
v -0.30000000 -0.06000000 0.41000000
v -0.30000000 0.12000000 0.20000000
v -0.30000000 -0.06000000 0.41000000
v -0.30000000 0.12000000 0.41000000
v -0.30000000 -0.06000000 0.41000000
v -0.14000000 -0.06000000 0.41000000
v -0.14000000 0.12000000 0.41000000
v -0.30000000 -0.06000000 0.41000000
v -0.14000000 0.12000000 0.41000000
v -0.30000000 0.12000000 0.41000000
v -0.23200000 -0.06000000 0.41000000
v -0.23200000 0.12000000 0.41000000
v -0.20800000 0.12000000 0.41000000
v -0.23200000 -0.06000000 0.41000000
v -0.20800000 0.12000000 0.41000000
v -0.20800000 -0.06000000 0.41000000
v -0.23200000 -0.06000000 0.41000000
v -0.20800000 -0.06000000 0.41000000
v -0.20800000 -0.06000000 0.41400000
v -0.23200000 -0.06000000 0.41000000
v -0.20800000 -0.06000000 0.41400000
v -0.23200000 -0.06000000 0.41400000
v -0.20800000 -0.06000000 0.41000000
v -0.20800000 0.12000000 0.41000000
v -0.20800000 0.12000000 0.41400000
v -0.20800000 -0.06000000 0.41000000
v -0.20800000 0.12000000 0.41400000
v -0.20800000 -0.06000000 0.41400000
v -0.20800000 0.12000000 0.41000000
v -0.23200000 0.12000000 0.41000000
v -0.23200000 0.12000000 0.41400000
v -0.20800000 0.12000000 0.41000000
v -0.23200000 0.12000000 0.41400000
v -0.20800000 0.12000000 0.41400000
v -0.23200000 0.12000000 0.41000000
v -0.23200000 -0.06000000 0.41000000
v -0.23200000 -0.06000000 0.41400000
v -0.23200000 0.12000000 0.41000000
v -0.23200000 -0.06000000 0.41400000
v -0.23200000 0.12000000 0.41400000
v -0.23200000 -0.06000000 0.41400000
v -0.20800000 -0.06000000 0.41400000
v -0.20800000 0.12000000 0.41400000
v -0.23200000 -0.06000000 0.41400000
v -0.20800000 0.12000000 0.41400000
v -0.23200000 0.12000000 0.41400000
v 0.10700000 0.03000000 0.10000000
v 0.08591200 0.08091200 0.10000000
v 0.08591200 0.08091200 0.33000000
v 0.10700000 0.03000000 0.10000000
v 0.08591200 0.08091200 0.33000000
v 0.10700000 0.03000000 0.33000000
v 0.08591200 0.08091200 0.10000000
v 0.03500000 0.10200000 0.10000000
v 0.03500000 0.10200000 0.33000000
v 0.08591200 0.08091200 0.10000000
v 0.03500000 0.10200000 0.33000000
v 0.08591200 0.08091200 0.33000000
v 0.03500000 0.10200000 0.10000000
v -0.01591200 0.08091200 0.10000000
v -0.01591200 0.08091200 0.33000000
v 0.03500000 0.10200000 0.10000000
v -0.01591200 0.08091200 0.33000000
v 0.03500000 0.10200000 0.33000000
v -0.01591200 0.08091200 0.10000000
v -0.03700000 0.03000000 0.10000000
v -0.03700000 0.03000000 0.33000000
v -0.01591200 0.08091200 0.10000000
v -0.03700000 0.03000000 0.33000000
v -0.01591200 0.08091200 0.33000000
v -0.03700000 0.03000000 0.10000000
v -0.01591200 -0.02091200 0.10000000
v -0.01591200 -0.02091200 0.33000000
v -0.03700000 0.03000000 0.10000000
v -0.01591200 -0.02091200 0.33000000
v -0.03700000 0.03000000 0.33000000
v -0.01591200 -0.02091200 0.10000000
v 0.03500000 -0.04200000 0.10000000
v 0.03500000 -0.04200000 0.33000000
v -0.01591200 -0.02091200 0.10000000
v 0.03500000 -0.04200000 0.33000000
v -0.01591200 -0.02091200 0.33000000
v 0.03500000 -0.04200000 0.10000000
v 0.08591200 -0.02091200 0.10000000
v 0.08591200 -0.02091200 0.33000000
v 0.03500000 -0.04200000 0.10000000
v 0.08591200 -0.02091200 0.33000000
v 0.03500000 -0.04200000 0.33000000
v 0.08591200 -0.02091200 0.10000000
v 0.10700000 0.03000000 0.10000000
v 0.10700000 0.03000000 0.33000000
v 0.08591200 -0.02091200 0.10000000
v 0.10700000 0.03000000 0.33000000
v 0.08591200 -0.02091200 0.33000000
v 0.08591200 0.08091200 0.10000000
v 0.10700000 0.03000000 0.10000000
v 0.03500000 0.03000000 0.10000000
v 0.03500000 0.10200000 0.10000000
v 0.08591200 0.08091200 0.10000000
v 0.03500000 0.03000000 0.10000000
v -0.01591200 0.08091200 0.10000000
v 0.03500000 0.10200000 0.10000000
v 0.03500000 0.03000000 0.10000000
v -0.03700000 0.03000000 0.10000000
v -0.01591200 0.08091200 0.10000000
v 0.03500000 0.03000000 0.10000000
v -0.01591200 -0.02091200 0.10000000
v -0.03700000 0.03000000 0.10000000
v 0.03500000 0.03000000 0.10000000
v 0.03500000 -0.04200000 0.10000000
v -0.01591200 -0.02091200 0.10000000
v 0.03500000 0.03000000 0.10000000
v 0.08591200 -0.02091200 0.10000000
v 0.03500000 -0.04200000 0.10000000
v 0.03500000 0.03000000 0.10000000
v 0.10700000 0.03000000 0.10000000
v 0.08591200 -0.02091200 0.10000000
v 0.03500000 0.03000000 0.10000000
v 0.03500000 0.03000000 0.33000000
v 0.10700000 0.03000000 0.33000000
v 0.08591200 0.08091200 0.33000000
v 0.03500000 0.03000000 0.33000000
v 0.08591200 0.08091200 0.33000000
v 0.03500000 0.10200000 0.33000000
v 0.03500000 0.03000000 0.33000000
v 0.03500000 0.10200000 0.33000000
v -0.01591200 0.08091200 0.33000000
v 0.03500000 0.03000000 0.33000000
v -0.01591200 0.08091200 0.33000000
v -0.03700000 0.03000000 0.33000000
v 0.03500000 0.03000000 0.33000000
v -0.03700000 0.03000000 0.33000000
v -0.01591200 -0.02091200 0.33000000
v 0.03500000 0.03000000 0.33000000
v -0.01591200 -0.02091200 0.33000000
v 0.03500000 -0.04200000 0.33000000
v 0.03500000 0.03000000 0.33000000
v 0.03500000 -0.04200000 0.33000000
v 0.08591200 -0.02091200 0.33000000
v 0.03500000 0.03000000 0.33000000
v 0.08591200 -0.02091200 0.33000000
v 0.10700000 0.03000000 0.33000000
v -0.00244000 -0.04300000 0.16210000
v -0.00244000 -0.03800000 0.16210000
v 0.07244000 -0.03800000 0.16210000
v -0.00244000 -0.04300000 0.16210000
v 0.07244000 -0.03800000 0.16210000
v 0.07244000 -0.04300000 0.16210000
v -0.00244000 -0.04300000 0.16210000
v 0.07244000 -0.04300000 0.16210000
v 0.07244000 -0.04300000 0.24950000
v -0.00244000 -0.04300000 0.16210000
v 0.07244000 -0.04300000 0.24950000
v -0.00244000 -0.04300000 0.24950000
v 0.07244000 -0.04300000 0.16210000
v 0.07244000 -0.03800000 0.16210000
v 0.07244000 -0.03800000 0.24950000
v 0.07244000 -0.04300000 0.16210000
v 0.07244000 -0.03800000 0.24950000
v 0.07244000 -0.04300000 0.24950000
v 0.07244000 -0.03800000 0.16210000
v -0.00244000 -0.03800000 0.16210000
v -0.00244000 -0.03800000 0.24950000
v 0.07244000 -0.03800000 0.16210000
v -0.00244000 -0.03800000 0.24950000
v 0.07244000 -0.03800000 0.24950000
v -0.00244000 -0.03800000 0.16210000
v -0.00244000 -0.04300000 0.16210000
v -0.00244000 -0.04300000 0.24950000
v -0.00244000 -0.03800000 0.16210000
v -0.00244000 -0.04300000 0.24950000
v -0.00244000 -0.03800000 0.24950000
v -0.00244000 -0.04300000 0.24950000
v 0.07244000 -0.04300000 0.24950000
v 0.07244000 -0.03800000 0.24950000
v -0.00244000 -0.04300000 0.24950000
v 0.07244000 -0.03800000 0.24950000
v -0.00244000 -0.03800000 0.24950000
v 0.33100000 0.08000000 0.10000000
v 0.30727600 0.13727600 0.10000000
v 0.30727600 0.13727600 0.35000000
v 0.33100000 0.08000000 0.10000000
v 0.30727600 0.13727600 0.35000000
v 0.33100000 0.08000000 0.35000000
v 0.30727600 0.13727600 0.10000000
v 0.25000000 0.16100000 0.10000000
v 0.25000000 0.16100000 0.35000000
v 0.30727600 0.13727600 0.10000000
v 0.25000000 0.16100000 0.35000000
v 0.30727600 0.13727600 0.35000000
v 0.25000000 0.16100000 0.10000000
v 0.19272400 0.13727600 0.10000000
v 0.19272400 0.13727600 0.35000000
v 0.25000000 0.16100000 0.10000000
v 0.19272400 0.13727600 0.35000000
v 0.25000000 0.16100000 0.35000000
v 0.19272400 0.13727600 0.10000000
v 0.16900000 0.08000000 0.10000000
v 0.16900000 0.08000000 0.35000000
v 0.19272400 0.13727600 0.10000000
v 0.16900000 0.08000000 0.35000000
v 0.19272400 0.13727600 0.35000000
v 0.16900000 0.08000000 0.10000000
v 0.19272400 0.02272400 0.10000000
v 0.19272400 0.02272400 0.35000000
v 0.16900000 0.08000000 0.10000000
v 0.19272400 0.02272400 0.35000000
v 0.16900000 0.08000000 0.35000000
v 0.19272400 0.02272400 0.10000000
v 0.25000000 -0.00100000 0.10000000
v 0.25000000 -0.00100000 0.35000000
v 0.19272400 0.02272400 0.10000000
v 0.25000000 -0.00100000 0.35000000
v 0.19272400 0.02272400 0.35000000
v 0.25000000 -0.00100000 0.10000000
v 0.30727600 0.02272400 0.10000000
v 0.30727600 0.02272400 0.35000000
v 0.25000000 -0.00100000 0.10000000
v 0.30727600 0.02272400 0.35000000
v 0.25000000 -0.00100000 0.35000000
v 0.30727600 0.02272400 0.10000000
v 0.33100000 0.08000000 0.10000000
v 0.33100000 0.08000000 0.35000000
v 0.30727600 0.02272400 0.10000000
v 0.33100000 0.08000000 0.35000000
v 0.30727600 0.02272400 0.35000000
v 0.30727600 0.13727600 0.10000000
v 0.33100000 0.08000000 0.10000000
v 0.25000000 0.08000000 0.10000000
v 0.25000000 0.16100000 0.10000000
v 0.30727600 0.13727600 0.10000000
v 0.25000000 0.08000000 0.10000000
v 0.19272400 0.13727600 0.10000000
v 0.25000000 0.16100000 0.10000000
v 0.25000000 0.08000000 0.10000000
v 0.16900000 0.08000000 0.10000000
v 0.19272400 0.13727600 0.10000000
v 0.25000000 0.08000000 0.10000000
v 0.19272400 0.02272400 0.10000000
v 0.16900000 0.08000000 0.10000000
v 0.25000000 0.08000000 0.10000000
v 0.25000000 -0.00100000 0.10000000
v 0.19272400 0.02272400 0.10000000
v 0.25000000 0.08000000 0.10000000
v 0.30727600 0.02272400 0.10000000
v 0.25000000 -0.00100000 0.10000000
v 0.25000000 0.08000000 0.10000000
v 0.33100000 0.08000000 0.10000000
v 0.30727600 0.02272400 0.10000000
v 0.25000000 0.08000000 0.10000000
v 0.25000000 0.08000000 0.35000000
v 0.33100000 0.08000000 0.35000000
v 0.30727600 0.13727600 0.35000000
v 0.25000000 0.08000000 0.35000000
v 0.30727600 0.13727600 0.35000000
v 0.25000000 0.16100000 0.35000000
v 0.25000000 0.08000000 0.35000000
v 0.25000000 0.16100000 0.35000000
v 0.19272400 0.13727600 0.35000000
v 0.25000000 0.08000000 0.35000000
v 0.19272400 0.13727600 0.35000000
v 0.16900000 0.08000000 0.35000000
v 0.25000000 0.08000000 0.35000000
v 0.16900000 0.08000000 0.35000000
v 0.19272400 0.02272400 0.35000000
v 0.25000000 0.08000000 0.35000000
v 0.19272400 0.02272400 0.35000000
v 0.25000000 -0.00100000 0.35000000
v 0.25000000 0.08000000 0.35000000
v 0.25000000 -0.00100000 0.35000000
v 0.30727600 0.02272400 0.35000000
v 0.25000000 0.08000000 0.35000000
v 0.30727600 0.02272400 0.35000000
v 0.33100000 0.08000000 0.35000000
v 0.20788000 -0.00200000 0.16750000
v 0.20788000 0.00300000 0.16750000
v 0.29212000 0.00300000 0.16750000
v 0.20788000 -0.00200000 0.16750000
v 0.29212000 0.00300000 0.16750000
v 0.29212000 -0.00200000 0.16750000
v 0.20788000 -0.00200000 0.16750000
v 0.29212000 -0.00200000 0.16750000
v 0.29212000 -0.00200000 0.26250000
v 0.20788000 -0.00200000 0.16750000
v 0.29212000 -0.00200000 0.26250000
v 0.20788000 -0.00200000 0.26250000
v 0.29212000 -0.00200000 0.16750000
v 0.29212000 0.00300000 0.16750000
v 0.29212000 0.00300000 0.26250000
v 0.29212000 -0.00200000 0.16750000
v 0.29212000 0.00300000 0.26250000
v 0.29212000 -0.00200000 0.26250000
v 0.29212000 0.00300000 0.16750000
v 0.20788000 0.00300000 0.16750000
v 0.20788000 0.00300000 0.26250000
v 0.29212000 0.00300000 0.16750000
v 0.20788000 0.00300000 0.26250000
v 0.29212000 0.00300000 0.26250000
v 0.20788000 0.00300000 0.16750000
v 0.20788000 -0.00200000 0.16750000
v 0.20788000 -0.00200000 0.26250000
v 0.20788000 0.00300000 0.16750000
v 0.20788000 -0.00200000 0.26250000
v 0.20788000 0.00300000 0.26250000
v 0.20788000 -0.00200000 0.26250000
v 0.29212000 -0.00200000 0.26250000
v 0.29212000 0.00300000 0.26250000
v 0.20788000 -0.00200000 0.26250000
v 0.29212000 0.00300000 0.26250000
v 0.20788000 0.00300000 0.26250000
vn 0.92388000 0.38268300 0.00000000
vn 0.92388000 0.38268300 0.00000000
vn 0.92388000 0.38268300 0.00000000
vn 0.92388000 0.38268300 -0.00000000
vn 0.92388000 0.38268300 -0.00000000
vn 0.92388000 0.38268300 -0.00000000
vn 0.38268300 0.92388000 0.00000000
vn 0.38268300 0.92388000 0.00000000
vn 0.38268300 0.92388000 0.00000000
vn 0.38268300 0.92388000 -0.00000000
vn 0.38268300 0.92388000 -0.00000000
vn 0.38268300 0.92388000 -0.00000000
vn -0.38268300 0.92388000 0.00000000
vn -0.38268300 0.92388000 0.00000000
vn -0.38268300 0.92388000 0.00000000
vn -0.38268300 0.92388000 0.00000000
vn -0.38268300 0.92388000 0.00000000
vn -0.38268300 0.92388000 0.00000000
vn -0.92388000 0.38268300 0.00000000
vn -0.92388000 0.38268300 0.00000000
vn -0.92388000 0.38268300 0.00000000
vn -0.92388000 0.38268300 0.00000000
vn -0.92388000 0.38268300 0.00000000
vn -0.92388000 0.38268300 0.00000000
vn -0.92388000 -0.38268300 0.00000000
vn -0.92388000 -0.38268300 0.00000000
vn -0.92388000 -0.38268300 0.00000000
vn -0.92388000 -0.38268300 0.00000000
vn -0.92388000 -0.38268300 0.00000000
vn -0.92388000 -0.38268300 0.00000000
vn -0.38268300 -0.92388000 0.00000000
vn -0.38268300 -0.92388000 0.00000000
vn -0.38268300 -0.92388000 0.00000000
vn -0.38268300 -0.92388000 0.00000000
vn -0.38268300 -0.92388000 0.00000000
vn -0.38268300 -0.92388000 0.00000000
vn 0.38268300 -0.92388000 0.00000000
vn 0.38268300 -0.92388000 0.00000000
vn 0.38268300 -0.92388000 0.00000000
vn 0.38268300 -0.92388000 0.00000000
vn 0.38268300 -0.92388000 0.00000000
vn 0.38268300 -0.92388000 0.00000000
vn 0.92388000 -0.38268300 0.00000000
vn 0.92388000 -0.38268300 0.00000000
vn 0.92388000 -0.38268300 0.00000000
vn 0.92388000 -0.38268300 0.00000000
vn 0.92388000 -0.38268300 0.00000000
vn 0.92388000 -0.38268300 0.00000000
vn 0.00000000 -0.00000000 -1.00000000
vn 0.00000000 -0.00000000 -1.00000000
vn 0.00000000 -0.00000000 -1.00000000
vn 0.00000000 0.00000000 -1.00000000
vn 0.00000000 0.00000000 -1.00000000
vn 0.00000000 0.00000000 -1.00000000
vn 0.00000000 0.00000000 -1.00000000
vn 0.00000000 0.00000000 -1.00000000
vn 0.00000000 0.00000000 -1.00000000
vn 0.00000000 0.00000000 -1.00000000
vn 0.00000000 0.00000000 -1.00000000
vn 0.00000000 0.00000000 -1.00000000
vn 0.00000000 0.00000000 -1.00000000
vn 0.00000000 0.00000000 -1.00000000
vn 0.00000000 0.00000000 -1.00000000
vn 0.00000000 0.00000000 -1.00000000
vn 0.00000000 0.00000000 -1.00000000
vn 0.00000000 0.00000000 -1.00000000
vn -0.00000000 0.00000000 -1.00000000
vn -0.00000000 0.00000000 -1.00000000
vn -0.00000000 0.00000000 -1.00000000
vn -0.00000000 0.00000000 -1.00000000
vn -0.00000000 0.00000000 -1.00000000
vn -0.00000000 0.00000000 -1.00000000
vn 0.00000000 0.00000000 1.00000000
vn 0.00000000 0.00000000 1.00000000
vn 0.00000000 0.00000000 1.00000000
vn 0.00000000 0.00000000 1.00000000
vn 0.00000000 0.00000000 1.00000000
vn 0.00000000 0.00000000 1.00000000
vn 0.00000000 -0.00000000 1.00000000
vn 0.00000000 -0.00000000 1.00000000
vn 0.00000000 -0.00000000 1.00000000
vn 0.00000000 0.00000000 1.00000000
vn 0.00000000 0.00000000 1.00000000
vn 0.00000000 0.00000000 1.00000000
vn 0.00000000 0.00000000 1.00000000
vn 0.00000000 0.00000000 1.00000000
vn 0.00000000 0.00000000 1.00000000
vn 0.00000000 0.00000000 1.00000000
vn 0.00000000 0.00000000 1.00000000
vn 0.00000000 0.00000000 1.00000000
vn 0.00000000 0.00000000 1.00000000
vn 0.00000000 0.00000000 1.00000000
vn 0.00000000 0.00000000 1.00000000
vn -0.00000000 0.00000000 1.00000000
vn -0.00000000 0.00000000 1.00000000
vn -0.00000000 0.00000000 1.00000000
vn 0.00000000 0.00000000 -1.00000000
vn 0.00000000 0.00000000 -1.00000000
vn 0.00000000 0.00000000 -1.00000000
vn 0.00000000 0.00000000 -1.00000000
vn 0.00000000 0.00000000 -1.00000000
vn 0.00000000 0.00000000 -1.00000000
vn 0.00000000 -1.00000000 0.00000000
vn 0.00000000 -1.00000000 0.00000000
vn 0.00000000 -1.00000000 0.00000000
vn 0.00000000 -1.00000000 0.00000000
vn 0.00000000 -1.00000000 0.00000000
vn 0.00000000 -1.00000000 0.00000000
vn 1.00000000 0.00000000 0.00000000
vn 1.00000000 0.00000000 0.00000000
vn 1.00000000 0.00000000 0.00000000
vn 1.00000000 0.00000000 0.00000000
vn 1.00000000 0.00000000 0.00000000
vn 1.00000000 0.00000000 0.00000000
vn 0.00000000 1.00000000 0.00000000
vn 0.00000000 1.00000000 0.00000000
vn 0.00000000 1.00000000 0.00000000
vn 0.00000000 1.00000000 -0.00000000
vn 0.00000000 1.00000000 -0.00000000
vn 0.00000000 1.00000000 -0.00000000
vn -1.00000000 0.00000000 0.00000000
vn -1.00000000 0.00000000 0.00000000
vn -1.00000000 0.00000000 0.00000000
vn -1.00000000 0.00000000 0.00000000
vn -1.00000000 0.00000000 0.00000000
vn -1.00000000 0.00000000 0.00000000
vn 0.00000000 0.00000000 1.00000000
vn 0.00000000 0.00000000 1.00000000
vn 0.00000000 0.00000000 1.00000000
vn 0.00000000 0.00000000 1.00000000
vn 0.00000000 0.00000000 1.00000000
vn 0.00000000 0.00000000 1.00000000
vn 0.00000000 0.00000000 -1.00000000
vn 0.00000000 0.00000000 -1.00000000
vn 0.00000000 0.00000000 -1.00000000
vn 0.00000000 0.00000000 -1.00000000
vn 0.00000000 0.00000000 -1.00000000
vn 0.00000000 0.00000000 -1.00000000
vn 0.00000000 -1.00000000 0.00000000
vn 0.00000000 -1.00000000 0.00000000
vn 0.00000000 -1.00000000 0.00000000
vn 0.00000000 -1.00000000 0.00000000
vn 0.00000000 -1.00000000 0.00000000
vn 0.00000000 -1.00000000 0.00000000
vn 1.00000000 0.00000000 0.00000000
vn 1.00000000 0.00000000 0.00000000
vn 1.00000000 0.00000000 0.00000000
vn 1.00000000 0.00000000 0.00000000
vn 1.00000000 0.00000000 0.00000000
vn 1.00000000 0.00000000 0.00000000
vn 0.00000000 1.00000000 0.00000000
vn 0.00000000 1.00000000 0.00000000
vn 0.00000000 1.00000000 0.00000000
vn 0.00000000 1.00000000 -0.00000000
vn 0.00000000 1.00000000 -0.00000000
vn 0.00000000 1.00000000 -0.00000000
vn -1.00000000 0.00000000 0.00000000
vn -1.00000000 0.00000000 0.00000000
vn -1.00000000 0.00000000 0.00000000
vn -1.00000000 0.00000000 0.00000000
vn -1.00000000 0.00000000 0.00000000
vn -1.00000000 0.00000000 0.00000000
vn 0.00000000 0.00000000 1.00000000
vn 0.00000000 0.00000000 1.00000000
vn 0.00000000 0.00000000 1.00000000
vn 0.00000000 0.00000000 1.00000000
vn 0.00000000 0.00000000 1.00000000
vn 0.00000000 0.00000000 1.00000000
vn 0.00000000 0.00000000 -1.00000000
vn 0.00000000 0.00000000 -1.00000000
vn 0.00000000 0.00000000 -1.00000000
vn 0.00000000 0.00000000 -1.00000000
vn 0.00000000 0.00000000 -1.00000000
vn 0.00000000 0.00000000 -1.00000000
vn 0.00000000 -1.00000000 0.00000000
vn 0.00000000 -1.00000000 0.00000000
vn 0.00000000 -1.00000000 0.00000000
vn 0.00000000 -1.00000000 0.00000000
vn 0.00000000 -1.00000000 0.00000000
vn 0.00000000 -1.00000000 0.00000000
vn 1.00000000 0.00000000 0.00000000
vn 1.00000000 0.00000000 0.00000000
vn 1.00000000 0.00000000 0.00000000
vn 1.00000000 0.00000000 0.00000000
vn 1.00000000 0.00000000 0.00000000
vn 1.00000000 0.00000000 0.00000000
vn 0.00000000 1.00000000 0.00000000
vn 0.00000000 1.00000000 0.00000000
vn 0.00000000 1.00000000 0.00000000
vn 0.00000000 1.00000000 -0.00000000
vn 0.00000000 1.00000000 -0.00000000
vn 0.00000000 1.00000000 -0.00000000
vn -1.00000000 0.00000000 0.00000000
vn -1.00000000 0.00000000 0.00000000
vn -1.00000000 0.00000000 0.00000000
vn -1.00000000 0.00000000 0.00000000
vn -1.00000000 0.00000000 0.00000000
vn -1.00000000 0.00000000 0.00000000
vn 0.00000000 0.00000000 1.00000000
vn 0.00000000 0.00000000 1.00000000
vn 0.00000000 0.00000000 1.00000000
vn 0.00000000 0.00000000 1.00000000
vn 0.00000000 0.00000000 1.00000000
vn 0.00000000 0.00000000 1.00000000
vn 0.92388000 0.38268300 0.00000000
vn 0.92388000 0.38268300 0.00000000
vn 0.92388000 0.38268300 0.00000000
vn 0.92388000 0.38268300 -0.00000000
vn 0.92388000 0.38268300 -0.00000000
vn 0.92388000 0.38268300 -0.00000000
vn 0.38268300 0.92388000 0.00000000
vn 0.38268300 0.92388000 0.00000000
vn 0.38268300 0.92388000 0.00000000
vn 0.38268300 0.92388000 -0.00000000
vn 0.38268300 0.92388000 -0.00000000
vn 0.38268300 0.92388000 -0.00000000
vn -0.38268300 0.92388000 0.00000000
vn -0.38268300 0.92388000 0.00000000
vn -0.38268300 0.92388000 0.00000000
vn -0.38268300 0.92388000 0.00000000
vn -0.38268300 0.92388000 0.00000000
vn -0.38268300 0.92388000 0.00000000
vn -0.92388000 0.38268300 0.00000000
vn -0.92388000 0.38268300 0.00000000
vn -0.92388000 0.38268300 0.00000000
vn -0.92388000 0.38268300 0.00000000
vn -0.92388000 0.38268300 0.00000000
vn -0.92388000 0.38268300 0.00000000
vn -0.92388000 -0.38268300 0.00000000
vn -0.92388000 -0.38268300 0.00000000
vn -0.92388000 -0.38268300 0.00000000
vn -0.92388000 -0.38268300 0.00000000
vn -0.92388000 -0.38268300 0.00000000
vn -0.92388000 -0.38268300 0.00000000
vn -0.38268300 -0.92388000 0.00000000
vn -0.38268300 -0.92388000 0.00000000
vn -0.38268300 -0.92388000 0.00000000
vn -0.38268300 -0.92388000 0.00000000
vn -0.38268300 -0.92388000 0.00000000
vn -0.38268300 -0.92388000 0.00000000
vn 0.38268300 -0.92388000 0.00000000
vn 0.38268300 -0.92388000 0.00000000
vn 0.38268300 -0.92388000 0.00000000
vn 0.38268300 -0.92388000 0.00000000
vn 0.38268300 -0.92388000 0.00000000
vn 0.38268300 -0.92388000 0.00000000
vn 0.92388000 -0.38268300 0.00000000
vn 0.92388000 -0.38268300 0.00000000
vn 0.92388000 -0.38268300 0.00000000
vn 0.92388000 -0.38268300 0.00000000
vn 0.92388000 -0.38268300 0.00000000
vn 0.92388000 -0.38268300 0.00000000
vn 0.00000000 -0.00000000 -1.00000000
vn 0.00000000 -0.00000000 -1.00000000
vn 0.00000000 -0.00000000 -1.00000000
vn 0.00000000 0.00000000 -1.00000000
vn 0.00000000 0.00000000 -1.00000000
vn 0.00000000 0.00000000 -1.00000000
vn 0.00000000 0.00000000 -1.00000000
vn 0.00000000 0.00000000 -1.00000000
vn 0.00000000 0.00000000 -1.00000000
vn 0.00000000 0.00000000 -1.00000000
vn 0.00000000 0.00000000 -1.00000000
vn 0.00000000 0.00000000 -1.00000000
vn 0.00000000 0.00000000 -1.00000000
vn 0.00000000 0.00000000 -1.00000000
vn 0.00000000 0.00000000 -1.00000000
vn 0.00000000 0.00000000 -1.00000000
vn 0.00000000 0.00000000 -1.00000000
vn 0.00000000 0.00000000 -1.00000000
vn -0.00000000 0.00000000 -1.00000000
vn -0.00000000 0.00000000 -1.00000000
vn -0.00000000 0.00000000 -1.00000000
vn -0.00000000 0.00000000 -1.00000000
vn -0.00000000 0.00000000 -1.00000000
vn -0.00000000 0.00000000 -1.00000000
vn 0.00000000 0.00000000 1.00000000
vn 0.00000000 0.00000000 1.00000000
vn 0.00000000 0.00000000 1.00000000
vn 0.00000000 0.00000000 1.00000000
vn 0.00000000 0.00000000 1.00000000
vn 0.00000000 0.00000000 1.00000000
vn 0.00000000 -0.00000000 1.00000000
vn 0.00000000 -0.00000000 1.00000000
vn 0.00000000 -0.00000000 1.00000000
vn 0.00000000 0.00000000 1.00000000
vn 0.00000000 0.00000000 1.00000000
vn 0.00000000 0.00000000 1.00000000
vn 0.00000000 0.00000000 1.00000000
vn 0.00000000 0.00000000 1.00000000
vn 0.00000000 0.00000000 1.00000000
vn 0.00000000 0.00000000 1.00000000
vn 0.00000000 0.00000000 1.00000000
vn 0.00000000 0.00000000 1.00000000
vn 0.00000000 0.00000000 1.00000000
vn 0.00000000 0.00000000 1.00000000
vn 0.00000000 0.00000000 1.00000000
vn -0.00000000 0.00000000 1.00000000
vn -0.00000000 0.00000000 1.00000000
vn -0.00000000 0.00000000 1.00000000
vn 0.00000000 0.00000000 -1.00000000
vn 0.00000000 0.00000000 -1.00000000
vn 0.00000000 0.00000000 -1.00000000
vn 0.00000000 0.00000000 -1.00000000
vn 0.00000000 0.00000000 -1.00000000
vn 0.00000000 0.00000000 -1.00000000
vn 0.00000000 -1.00000000 0.00000000
vn 0.00000000 -1.00000000 0.00000000
vn 0.00000000 -1.00000000 0.00000000
vn 0.00000000 -1.00000000 0.00000000
vn 0.00000000 -1.00000000 0.00000000
vn 0.00000000 -1.00000000 0.00000000
vn 1.00000000 0.00000000 0.00000000
vn 1.00000000 0.00000000 0.00000000
vn 1.00000000 0.00000000 0.00000000
vn 1.00000000 0.00000000 0.00000000
vn 1.00000000 0.00000000 0.00000000
vn 1.00000000 0.00000000 0.00000000
vn 0.00000000 1.00000000 0.00000000
vn 0.00000000 1.00000000 0.00000000
vn 0.00000000 1.00000000 0.00000000
vn 0.00000000 1.00000000 -0.00000000
vn 0.00000000 1.00000000 -0.00000000
vn 0.00000000 1.00000000 -0.00000000
vn -1.00000000 0.00000000 0.00000000
vn -1.00000000 0.00000000 0.00000000
vn -1.00000000 0.00000000 0.00000000
vn -1.00000000 0.00000000 0.00000000
vn -1.00000000 0.00000000 0.00000000
vn -1.00000000 0.00000000 0.00000000
vn 0.00000000 0.00000000 1.00000000
vn 0.00000000 0.00000000 1.00000000
vn 0.00000000 0.00000000 1.00000000
vn 0.00000000 0.00000000 1.00000000
vn 0.00000000 0.00000000 1.00000000
vn 0.00000000 0.00000000 1.00000000
vn 0.00000000 0.00000000 -1.00000000
vn 0.00000000 0.00000000 -1.00000000
vn 0.00000000 0.00000000 -1.00000000
vn 0.00000000 0.00000000 -1.00000000
vn 0.00000000 0.00000000 -1.00000000
vn 0.00000000 0.00000000 -1.00000000
vn 0.00000000 -0.86578200 0.50042200
vn 0.00000000 -0.86578200 0.50042200
vn 0.00000000 -0.86578200 0.50042200
vn 0.00000000 -0.86578200 0.50042200
vn 0.00000000 -0.86578200 0.50042200
vn 0.00000000 -0.86578200 0.50042200
vn 0.84227100 -0.00000000 0.53905400
vn 0.84227100 -0.00000000 0.53905400
vn 0.84227100 -0.00000000 0.53905400
vn 0.84227100 0.00000000 0.53905400
vn 0.84227100 0.00000000 0.53905400
vn 0.84227100 0.00000000 0.53905400
vn 0.00000000 0.86578200 0.50042200
vn 0.00000000 0.86578200 0.50042200
vn 0.00000000 0.86578200 0.50042200
vn 0.00000000 0.86578200 0.50042200
vn 0.00000000 0.86578200 0.50042200
vn 0.00000000 0.86578200 0.50042200
vn -0.84227100 0.00000000 0.53905400
vn -0.84227100 0.00000000 0.53905400
vn -0.84227100 0.00000000 0.53905400
vn -0.84227100 0.00000000 0.53905400
vn -0.84227100 0.00000000 0.53905400
vn -0.84227100 0.00000000 0.53905400
vn 0.00000000 0.00000000 1.00000000
vn 0.00000000 0.00000000 1.00000000
vn 0.00000000 0.00000000 1.00000000
vn 0.00000000 0.00000000 1.00000000
vn 0.00000000 0.00000000 1.00000000
vn 0.00000000 0.00000000 1.00000000
vn 0.00000000 0.00000000 -1.00000000
vn 0.00000000 0.00000000 -1.00000000
vn 0.00000000 0.00000000 -1.00000000
vn 0.00000000 0.00000000 -1.00000000
vn 0.00000000 0.00000000 -1.00000000
vn 0.00000000 0.00000000 -1.00000000
vn 0.00000000 -1.00000000 0.00000000
vn 0.00000000 -1.00000000 0.00000000
vn 0.00000000 -1.00000000 0.00000000
vn 0.00000000 -1.00000000 0.00000000
vn 0.00000000 -1.00000000 0.00000000
vn 0.00000000 -1.00000000 0.00000000
vn 1.00000000 0.00000000 0.00000000
vn 1.00000000 0.00000000 0.00000000
vn 1.00000000 0.00000000 0.00000000
vn 1.00000000 0.00000000 0.00000000
vn 1.00000000 0.00000000 0.00000000
vn 1.00000000 0.00000000 0.00000000
vn 0.00000000 1.00000000 0.00000000
vn 0.00000000 1.00000000 0.00000000
vn 0.00000000 1.00000000 0.00000000
vn 0.00000000 1.00000000 -0.00000000
vn 0.00000000 1.00000000 -0.00000000
vn 0.00000000 1.00000000 -0.00000000
vn -1.00000000 0.00000000 0.00000000
vn -1.00000000 0.00000000 0.00000000
vn -1.00000000 0.00000000 0.00000000
vn -1.00000000 0.00000000 0.00000000
vn -1.00000000 0.00000000 0.00000000
vn -1.00000000 0.00000000 0.00000000
vn 0.00000000 0.00000000 1.00000000
vn 0.00000000 0.00000000 1.00000000
vn 0.00000000 0.00000000 1.00000000
vn 0.00000000 0.00000000 1.00000000
vn 0.00000000 0.00000000 1.00000000
vn 0.00000000 0.00000000 1.00000000
vn 0.00000000 0.00000000 -1.00000000
vn 0.00000000 0.00000000 -1.00000000
vn 0.00000000 0.00000000 -1.00000000
vn 0.00000000 0.00000000 -1.00000000
vn 0.00000000 0.00000000 -1.00000000
vn 0.00000000 0.00000000 -1.00000000
vn 0.00000000 -1.00000000 0.00000000
vn 0.00000000 -1.00000000 0.00000000
vn 0.00000000 -1.00000000 0.00000000
vn 0.00000000 -1.00000000 0.00000000
vn 0.00000000 -1.00000000 0.00000000
vn 0.00000000 -1.00000000 0.00000000
vn 1.00000000 0.00000000 0.00000000
vn 1.00000000 0.00000000 0.00000000
vn 1.00000000 0.00000000 0.00000000
vn 1.00000000 0.00000000 0.00000000
vn 1.00000000 0.00000000 0.00000000
vn 1.00000000 0.00000000 0.00000000
vn 0.00000000 1.00000000 0.00000000
vn 0.00000000 1.00000000 0.00000000
vn 0.00000000 1.00000000 0.00000000
vn 0.00000000 1.00000000 -0.00000000
vn 0.00000000 1.00000000 -0.00000000
vn 0.00000000 1.00000000 -0.00000000
vn -1.00000000 0.00000000 0.00000000
vn -1.00000000 0.00000000 0.00000000
vn -1.00000000 0.00000000 0.00000000
vn -1.00000000 0.00000000 0.00000000
vn -1.00000000 0.00000000 0.00000000
vn -1.00000000 0.00000000 0.00000000
vn 0.00000000 0.00000000 1.00000000
vn 0.00000000 0.00000000 1.00000000
vn 0.00000000 0.00000000 1.00000000
vn 0.00000000 0.00000000 1.00000000
vn 0.00000000 0.00000000 1.00000000
vn 0.00000000 0.00000000 1.00000000
vn 0.00000000 0.00000000 -1.00000000
vn 0.00000000 0.00000000 -1.00000000
vn 0.00000000 0.00000000 -1.00000000
vn 0.00000000 0.00000000 -1.00000000
vn 0.00000000 0.00000000 -1.00000000
vn 0.00000000 0.00000000 -1.00000000
vn 0.00000000 -1.00000000 0.00000000
vn 0.00000000 -1.00000000 0.00000000
vn 0.00000000 -1.00000000 0.00000000
vn 0.00000000 -1.00000000 0.00000000
vn 0.00000000 -1.00000000 0.00000000
vn 0.00000000 -1.00000000 0.00000000
vn 1.00000000 0.00000000 0.00000000
vn 1.00000000 0.00000000 0.00000000
vn 1.00000000 0.00000000 0.00000000
vn 1.00000000 0.00000000 0.00000000
vn 1.00000000 0.00000000 0.00000000
vn 1.00000000 0.00000000 0.00000000
vn 0.00000000 1.00000000 0.00000000
vn 0.00000000 1.00000000 0.00000000
vn 0.00000000 1.00000000 0.00000000
vn 0.00000000 1.00000000 -0.00000000
vn 0.00000000 1.00000000 -0.00000000
vn 0.00000000 1.00000000 -0.00000000
vn -1.00000000 0.00000000 0.00000000
vn -1.00000000 0.00000000 0.00000000
vn -1.00000000 0.00000000 0.00000000
vn -1.00000000 0.00000000 0.00000000
vn -1.00000000 0.00000000 0.00000000
vn -1.00000000 0.00000000 0.00000000
vn 0.00000000 0.00000000 -1.00000000
vn 0.00000000 0.00000000 -1.00000000
vn 0.00000000 0.00000000 -1.00000000
vn 0.00000000 0.00000000 -1.00000000
vn 0.00000000 0.00000000 -1.00000000
vn 0.00000000 0.00000000 -1.00000000
vn 0.00000000 -1.00000000 0.00000000
vn 0.00000000 -1.00000000 0.00000000
vn 0.00000000 -1.00000000 0.00000000
vn 0.00000000 -1.00000000 0.00000000
vn 0.00000000 -1.00000000 0.00000000
vn 0.00000000 -1.00000000 0.00000000
vn 1.00000000 0.00000000 0.00000000
vn 1.00000000 0.00000000 0.00000000
vn 1.00000000 0.00000000 0.00000000
vn 1.00000000 0.00000000 0.00000000
vn 1.00000000 0.00000000 0.00000000
vn 1.00000000 0.00000000 0.00000000
vn 0.00000000 1.00000000 0.00000000
vn 0.00000000 1.00000000 0.00000000
vn 0.00000000 1.00000000 0.00000000
vn 0.00000000 1.00000000 -0.00000000
vn 0.00000000 1.00000000 -0.00000000
vn 0.00000000 1.00000000 -0.00000000
vn -1.00000000 0.00000000 0.00000000
vn -1.00000000 0.00000000 0.00000000
vn -1.00000000 0.00000000 0.00000000
vn -1.00000000 0.00000000 0.00000000
vn -1.00000000 0.00000000 0.00000000
vn -1.00000000 0.00000000 0.00000000
vn 0.00000000 0.00000000 1.00000000
vn 0.00000000 0.00000000 1.00000000
vn 0.00000000 0.00000000 1.00000000
vn 0.00000000 0.00000000 1.00000000
vn 0.00000000 0.00000000 1.00000000
vn 0.00000000 0.00000000 1.00000000
vn 0.00000000 0.00000000 -1.00000000
vn 0.00000000 0.00000000 -1.00000000
vn 0.00000000 0.00000000 -1.00000000
vn 0.00000000 0.00000000 -1.00000000
vn 0.00000000 0.00000000 -1.00000000
vn 0.00000000 0.00000000 -1.00000000
vn 0.00000000 -1.00000000 0.00000000
vn 0.00000000 -1.00000000 0.00000000
vn 0.00000000 -1.00000000 0.00000000
vn 0.00000000 -1.00000000 0.00000000
vn 0.00000000 -1.00000000 0.00000000
vn 0.00000000 -1.00000000 0.00000000
vn 1.00000000 0.00000000 0.00000000
vn 1.00000000 0.00000000 0.00000000
vn 1.00000000 0.00000000 0.00000000
vn 1.00000000 0.00000000 0.00000000
vn 1.00000000 0.00000000 0.00000000
vn 1.00000000 0.00000000 0.00000000
vn 0.00000000 1.00000000 0.00000000
vn 0.00000000 1.00000000 0.00000000
vn 0.00000000 1.00000000 0.00000000
vn 0.00000000 1.00000000 -0.00000000
vn 0.00000000 1.00000000 -0.00000000
vn 0.00000000 1.00000000 -0.00000000
vn -1.00000000 0.00000000 0.00000000
vn -1.00000000 0.00000000 0.00000000
vn -1.00000000 0.00000000 0.00000000
vn -1.00000000 0.00000000 0.00000000
vn -1.00000000 0.00000000 0.00000000
vn -1.00000000 0.00000000 0.00000000
vn 0.00000000 0.00000000 1.00000000
vn 0.00000000 0.00000000 1.00000000
vn 0.00000000 0.00000000 1.00000000
vn 0.00000000 0.00000000 1.00000000
vn 0.00000000 0.00000000 1.00000000
vn 0.00000000 0.00000000 1.00000000
vn 0.00000000 0.00000000 -1.00000000
vn 0.00000000 0.00000000 -1.00000000
vn 0.00000000 0.00000000 -1.00000000
vn 0.00000000 0.00000000 -1.00000000
vn 0.00000000 0.00000000 -1.00000000
vn 0.00000000 0.00000000 -1.00000000
vn 0.00000000 -1.00000000 0.00000000
vn 0.00000000 -1.00000000 0.00000000
vn 0.00000000 -1.00000000 0.00000000
vn 0.00000000 -1.00000000 0.00000000
vn 0.00000000 -1.00000000 0.00000000
vn 0.00000000 -1.00000000 0.00000000
vn 1.00000000 0.00000000 0.00000000
vn 1.00000000 0.00000000 0.00000000
vn 1.00000000 0.00000000 0.00000000
vn 1.00000000 0.00000000 0.00000000
vn 1.00000000 0.00000000 0.00000000
vn 1.00000000 0.00000000 0.00000000
vn 0.00000000 1.00000000 0.00000000
vn 0.00000000 1.00000000 0.00000000
vn 0.00000000 1.00000000 0.00000000
vn 0.00000000 1.00000000 -0.00000000
vn 0.00000000 1.00000000 -0.00000000
vn 0.00000000 1.00000000 -0.00000000
vn -1.00000000 0.00000000 0.00000000
vn -1.00000000 0.00000000 0.00000000
vn -1.00000000 0.00000000 0.00000000
vn -1.00000000 0.00000000 0.00000000
vn -1.00000000 0.00000000 0.00000000
vn -1.00000000 0.00000000 0.00000000
vn 0.00000000 0.00000000 1.00000000
vn 0.00000000 0.00000000 1.00000000
vn 0.00000000 0.00000000 1.00000000
vn 0.00000000 0.00000000 1.00000000
vn 0.00000000 0.00000000 1.00000000
vn 0.00000000 0.00000000 1.00000000
vn 0.00000000 0.00000000 -1.00000000
vn 0.00000000 0.00000000 -1.00000000
vn 0.00000000 0.00000000 -1.00000000
vn 0.00000000 0.00000000 -1.00000000
vn 0.00000000 0.00000000 -1.00000000
vn 0.00000000 0.00000000 -1.00000000
vn 0.00000000 -1.00000000 0.00000000
vn 0.00000000 -1.00000000 0.00000000
vn 0.00000000 -1.00000000 0.00000000
vn 0.00000000 -1.00000000 0.00000000
vn 0.00000000 -1.00000000 0.00000000
vn 0.00000000 -1.00000000 0.00000000
vn 1.00000000 0.00000000 0.00000000
vn 1.00000000 0.00000000 0.00000000
vn 1.00000000 0.00000000 0.00000000
vn 1.00000000 0.00000000 0.00000000
vn 1.00000000 0.00000000 0.00000000
vn 1.00000000 0.00000000 0.00000000
vn 0.00000000 1.00000000 0.00000000
vn 0.00000000 1.00000000 0.00000000
vn 0.00000000 1.00000000 0.00000000
vn 0.00000000 1.00000000 -0.00000000
vn 0.00000000 1.00000000 -0.00000000
vn 0.00000000 1.00000000 -0.00000000
vn -1.00000000 0.00000000 0.00000000
vn -1.00000000 0.00000000 0.00000000
vn -1.00000000 0.00000000 0.00000000
vn -1.00000000 0.00000000 0.00000000
vn -1.00000000 0.00000000 0.00000000
vn -1.00000000 0.00000000 0.00000000
vn 0.00000000 0.00000000 1.00000000
vn 0.00000000 0.00000000 1.00000000
vn 0.00000000 0.00000000 1.00000000
vn 0.00000000 0.00000000 1.00000000
vn 0.00000000 0.00000000 1.00000000
vn 0.00000000 0.00000000 1.00000000
vn 0.00000000 0.00000000 -1.00000000
vn 0.00000000 0.00000000 -1.00000000
vn 0.00000000 0.00000000 -1.00000000
vn 0.00000000 0.00000000 -1.00000000
vn 0.00000000 0.00000000 -1.00000000
vn 0.00000000 0.00000000 -1.00000000
vn 0.00000000 -1.00000000 0.00000000
vn 0.00000000 -1.00000000 0.00000000
vn 0.00000000 -1.00000000 0.00000000
vn 0.00000000 -1.00000000 0.00000000
vn 0.00000000 -1.00000000 0.00000000
vn 0.00000000 -1.00000000 0.00000000
vn 1.00000000 0.00000000 0.00000000
vn 1.00000000 0.00000000 0.00000000
vn 1.00000000 0.00000000 0.00000000
vn 1.00000000 0.00000000 0.00000000
vn 1.00000000 0.00000000 0.00000000
vn 1.00000000 0.00000000 0.00000000
vn 0.00000000 1.00000000 0.00000000
vn 0.00000000 1.00000000 0.00000000
vn 0.00000000 1.00000000 0.00000000
vn 0.00000000 1.00000000 -0.00000000
vn 0.00000000 1.00000000 -0.00000000
vn 0.00000000 1.00000000 -0.00000000
vn -1.00000000 0.00000000 0.00000000
vn -1.00000000 0.00000000 0.00000000
vn -1.00000000 0.00000000 0.00000000
vn -1.00000000 0.00000000 0.00000000
vn -1.00000000 0.00000000 0.00000000
vn -1.00000000 0.00000000 0.00000000
vn 0.00000000 0.00000000 1.00000000
vn 0.00000000 0.00000000 1.00000000
vn 0.00000000 0.00000000 1.00000000
vn 0.00000000 0.00000000 1.00000000
vn 0.00000000 0.00000000 1.00000000
vn 0.00000000 0.00000000 1.00000000
vn 0.00000000 -0.90630800 -0.42261800
vn 0.00000000 -0.90630800 -0.42261800
vn 0.00000000 -0.90630800 -0.42261800
vn 0.00000000 -0.90630800 -0.42261800
vn 0.00000000 -0.90630800 -0.42261800
vn 0.00000000 -0.90630800 -0.42261800
vn 0.00000000 -0.42261800 0.90630800
vn 0.00000000 -0.42261800 0.90630800
vn 0.00000000 -0.42261800 0.90630800
vn 0.00000000 -0.42261800 0.90630800
vn 0.00000000 -0.42261800 0.90630800
vn 0.00000000 -0.42261800 0.90630800
vn 1.00000000 0.00000000 0.00000000
vn 1.00000000 0.00000000 0.00000000
vn 1.00000000 0.00000000 0.00000000
vn 1.00000000 -0.00000000 0.00000000
vn 1.00000000 -0.00000000 0.00000000
vn 1.00000000 -0.00000000 0.00000000
vn 0.00000000 0.42261800 -0.90630800
vn 0.00000000 0.42261800 -0.90630800
vn 0.00000000 0.42261800 -0.90630800
vn 0.00000000 0.42261800 -0.90630800
vn 0.00000000 0.42261800 -0.90630800
vn 0.00000000 0.42261800 -0.90630800
vn -1.00000000 0.00000000 0.00000000
vn -1.00000000 0.00000000 0.00000000
vn -1.00000000 0.00000000 0.00000000
vn -1.00000000 0.00000000 0.00000000
vn -1.00000000 0.00000000 0.00000000
vn -1.00000000 0.00000000 0.00000000
vn -0.00000000 0.90630800 0.42261800
vn -0.00000000 0.90630800 0.42261800
vn -0.00000000 0.90630800 0.42261800
vn 0.00000000 0.90630800 0.42261800
vn 0.00000000 0.90630800 0.42261800
vn 0.00000000 0.90630800 0.42261800
vn 0.00000000 0.00000000 -1.00000000
vn 0.00000000 0.00000000 -1.00000000
vn 0.00000000 0.00000000 -1.00000000
vn 0.00000000 0.00000000 -1.00000000
vn 0.00000000 0.00000000 -1.00000000
vn 0.00000000 0.00000000 -1.00000000
vn 0.00000000 -1.00000000 0.00000000
vn 0.00000000 -1.00000000 0.00000000
vn 0.00000000 -1.00000000 0.00000000
vn 0.00000000 -1.00000000 0.00000000
vn 0.00000000 -1.00000000 0.00000000
vn 0.00000000 -1.00000000 0.00000000
vn 1.00000000 0.00000000 0.00000000
vn 1.00000000 0.00000000 0.00000000
vn 1.00000000 0.00000000 0.00000000
vn 1.00000000 0.00000000 0.00000000
vn 1.00000000 0.00000000 0.00000000
vn 1.00000000 0.00000000 0.00000000
vn 0.00000000 1.00000000 0.00000000
vn 0.00000000 1.00000000 0.00000000
vn 0.00000000 1.00000000 0.00000000
vn 0.00000000 1.00000000 -0.00000000
vn 0.00000000 1.00000000 -0.00000000
vn 0.00000000 1.00000000 -0.00000000
vn -1.00000000 0.00000000 0.00000000
vn -1.00000000 0.00000000 0.00000000
vn -1.00000000 0.00000000 0.00000000
vn -1.00000000 0.00000000 0.00000000
vn -1.00000000 0.00000000 0.00000000
vn -1.00000000 0.00000000 0.00000000
vn 0.00000000 0.00000000 1.00000000
vn 0.00000000 0.00000000 1.00000000
vn 0.00000000 0.00000000 1.00000000
vn 0.00000000 0.00000000 1.00000000
vn 0.00000000 0.00000000 1.00000000
vn 0.00000000 0.00000000 1.00000000
vn 0.92388000 0.38268300 0.00000000
vn 0.92388000 0.38268300 0.00000000
vn 0.92388000 0.38268300 0.00000000
vn 0.92388000 0.38268300 -0.00000000
vn 0.92388000 0.38268300 -0.00000000
vn 0.92388000 0.38268300 -0.00000000
vn 0.38268300 0.92388000 0.00000000
vn 0.38268300 0.92388000 0.00000000
vn 0.38268300 0.92388000 0.00000000
vn 0.38268300 0.92388000 -0.00000000
vn 0.38268300 0.92388000 -0.00000000
vn 0.38268300 0.92388000 -0.00000000
vn -0.38268300 0.92388000 0.00000000
vn -0.38268300 0.92388000 0.00000000
vn -0.38268300 0.92388000 0.00000000
vn -0.38268300 0.92388000 0.00000000
vn -0.38268300 0.92388000 0.00000000
vn -0.38268300 0.92388000 0.00000000
vn -0.92388000 0.38268300 0.00000000
vn -0.92388000 0.38268300 0.00000000
vn -0.92388000 0.38268300 0.00000000
vn -0.92388000 0.38268300 0.00000000
vn -0.92388000 0.38268300 0.00000000
vn -0.92388000 0.38268300 0.00000000
vn -0.92388000 -0.38268300 0.00000000
vn -0.92388000 -0.38268300 0.00000000
vn -0.92388000 -0.38268300 0.00000000
vn -0.92388000 -0.38268300 0.00000000
vn -0.92388000 -0.38268300 0.00000000
vn -0.92388000 -0.38268300 0.00000000
vn -0.38268300 -0.92388000 0.00000000
vn -0.38268300 -0.92388000 0.00000000
vn -0.38268300 -0.92388000 0.00000000
vn -0.38268300 -0.92388000 0.00000000
vn -0.38268300 -0.92388000 0.00000000
vn -0.38268300 -0.92388000 0.00000000
vn 0.38268300 -0.92388000 0.00000000
vn 0.38268300 -0.92388000 0.00000000
vn 0.38268300 -0.92388000 0.00000000
vn 0.38268300 -0.92388000 0.00000000
vn 0.38268300 -0.92388000 0.00000000
vn 0.38268300 -0.92388000 0.00000000
vn 0.92388000 -0.38268300 0.00000000
vn 0.92388000 -0.38268300 0.00000000
vn 0.92388000 -0.38268300 0.00000000
vn 0.92388000 -0.38268300 0.00000000
vn 0.92388000 -0.38268300 0.00000000
vn 0.92388000 -0.38268300 0.00000000
vn 0.00000000 -0.00000000 -1.00000000
vn 0.00000000 -0.00000000 -1.00000000
vn 0.00000000 -0.00000000 -1.00000000
vn 0.00000000 0.00000000 -1.00000000
vn 0.00000000 0.00000000 -1.00000000
vn 0.00000000 0.00000000 -1.00000000
vn 0.00000000 0.00000000 -1.00000000
vn 0.00000000 0.00000000 -1.00000000
vn 0.00000000 0.00000000 -1.00000000
vn 0.00000000 0.00000000 -1.00000000
vn 0.00000000 0.00000000 -1.00000000
vn 0.00000000 0.00000000 -1.00000000
vn 0.00000000 0.00000000 -1.00000000
vn 0.00000000 0.00000000 -1.00000000
vn 0.00000000 0.00000000 -1.00000000
vn 0.00000000 0.00000000 -1.00000000
vn 0.00000000 0.00000000 -1.00000000
vn 0.00000000 0.00000000 -1.00000000
vn -0.00000000 0.00000000 -1.00000000
vn -0.00000000 0.00000000 -1.00000000
vn -0.00000000 0.00000000 -1.00000000
vn -0.00000000 0.00000000 -1.00000000
vn -0.00000000 0.00000000 -1.00000000
vn -0.00000000 0.00000000 -1.00000000
vn 0.00000000 0.00000000 1.00000000
vn 0.00000000 0.00000000 1.00000000
vn 0.00000000 0.00000000 1.00000000
vn 0.00000000 0.00000000 1.00000000
vn 0.00000000 0.00000000 1.00000000
vn 0.00000000 0.00000000 1.00000000
vn 0.00000000 -0.00000000 1.00000000
vn 0.00000000 -0.00000000 1.00000000
vn 0.00000000 -0.00000000 1.00000000
vn 0.00000000 0.00000000 1.00000000
vn 0.00000000 0.00000000 1.00000000
vn 0.00000000 0.00000000 1.00000000
vn 0.00000000 0.00000000 1.00000000
vn 0.00000000 0.00000000 1.00000000
vn 0.00000000 0.00000000 1.00000000
vn 0.00000000 0.00000000 1.00000000
vn 0.00000000 0.00000000 1.00000000
vn 0.00000000 0.00000000 1.00000000
vn 0.00000000 0.00000000 1.00000000
vn 0.00000000 0.00000000 1.00000000
vn 0.00000000 0.00000000 1.00000000
vn -0.00000000 0.00000000 1.00000000
vn -0.00000000 0.00000000 1.00000000
vn -0.00000000 0.00000000 1.00000000
vn 0.00000000 0.00000000 -1.00000000
vn 0.00000000 0.00000000 -1.00000000
vn 0.00000000 0.00000000 -1.00000000
vn 0.00000000 0.00000000 -1.00000000
vn 0.00000000 0.00000000 -1.00000000
vn 0.00000000 0.00000000 -1.00000000
vn 0.00000000 -1.00000000 0.00000000
vn 0.00000000 -1.00000000 0.00000000
vn 0.00000000 -1.00000000 0.00000000
vn 0.00000000 -1.00000000 0.00000000
vn 0.00000000 -1.00000000 0.00000000
vn 0.00000000 -1.00000000 0.00000000
vn 1.00000000 0.00000000 0.00000000
vn 1.00000000 0.00000000 0.00000000
vn 1.00000000 0.00000000 0.00000000
vn 1.00000000 0.00000000 0.00000000
vn 1.00000000 0.00000000 0.00000000
vn 1.00000000 0.00000000 0.00000000
vn 0.00000000 1.00000000 0.00000000
vn 0.00000000 1.00000000 0.00000000
vn 0.00000000 1.00000000 0.00000000
vn 0.00000000 1.00000000 -0.00000000
vn 0.00000000 1.00000000 -0.00000000
vn 0.00000000 1.00000000 -0.00000000
vn -1.00000000 0.00000000 0.00000000
vn -1.00000000 0.00000000 0.00000000
vn -1.00000000 0.00000000 0.00000000
vn -1.00000000 0.00000000 0.00000000
vn -1.00000000 0.00000000 0.00000000
vn -1.00000000 0.00000000 0.00000000
vn 0.00000000 0.00000000 1.00000000
vn 0.00000000 0.00000000 1.00000000
vn 0.00000000 0.00000000 1.00000000
vn 0.00000000 0.00000000 1.00000000
vn 0.00000000 0.00000000 1.00000000
vn 0.00000000 0.00000000 1.00000000
vn 0.00000000 0.00000000 -1.00000000
vn 0.00000000 0.00000000 -1.00000000
vn 0.00000000 0.00000000 -1.00000000
vn 0.00000000 0.00000000 -1.00000000
vn 0.00000000 0.00000000 -1.00000000
vn 0.00000000 0.00000000 -1.00000000
vn 0.00000000 -1.00000000 0.00000000
vn 0.00000000 -1.00000000 0.00000000
vn 0.00000000 -1.00000000 0.00000000
vn 0.00000000 -1.00000000 0.00000000
vn 0.00000000 -1.00000000 0.00000000
vn 0.00000000 -1.00000000 0.00000000
vn 1.00000000 0.00000000 0.00000000
vn 1.00000000 0.00000000 0.00000000
vn 1.00000000 0.00000000 0.00000000
vn 1.00000000 0.00000000 0.00000000
vn 1.00000000 0.00000000 0.00000000
vn 1.00000000 0.00000000 0.00000000
vn 0.00000000 1.00000000 0.00000000
vn 0.00000000 1.00000000 0.00000000
vn 0.00000000 1.00000000 0.00000000
vn 0.00000000 1.00000000 -0.00000000
vn 0.00000000 1.00000000 -0.00000000
vn 0.00000000 1.00000000 -0.00000000
vn -1.00000000 0.00000000 0.00000000
vn -1.00000000 0.00000000 0.00000000
vn -1.00000000 0.00000000 0.00000000
vn -1.00000000 0.00000000 0.00000000
vn -1.00000000 0.00000000 0.00000000
vn -1.00000000 0.00000000 0.00000000
vn 0.00000000 0.00000000 1.00000000
vn 0.00000000 0.00000000 1.00000000
vn 0.00000000 0.00000000 1.00000000
vn 0.00000000 0.00000000 1.00000000
vn 0.00000000 0.00000000 1.00000000
vn 0.00000000 0.00000000 1.00000000
vn 0.00000000 0.00000000 -1.00000000
vn 0.00000000 0.00000000 -1.00000000
vn 0.00000000 0.00000000 -1.00000000
vn 0.00000000 0.00000000 -1.00000000
vn 0.00000000 0.00000000 -1.00000000
vn 0.00000000 0.00000000 -1.00000000
vn 0.00000000 -1.00000000 0.00000000
vn 0.00000000 -1.00000000 0.00000000
vn 0.00000000 -1.00000000 0.00000000
vn 0.00000000 -1.00000000 0.00000000
vn 0.00000000 -1.00000000 0.00000000
vn 0.00000000 -1.00000000 0.00000000
vn 1.00000000 0.00000000 0.00000000
vn 1.00000000 0.00000000 0.00000000
vn 1.00000000 0.00000000 0.00000000
vn 1.00000000 0.00000000 0.00000000
vn 1.00000000 0.00000000 0.00000000
vn 1.00000000 0.00000000 0.00000000
vn 0.00000000 1.00000000 0.00000000
vn 0.00000000 1.00000000 0.00000000
vn 0.00000000 1.00000000 0.00000000
vn 0.00000000 1.00000000 -0.00000000
vn 0.00000000 1.00000000 -0.00000000
vn 0.00000000 1.00000000 -0.00000000
vn -1.00000000 0.00000000 0.00000000
vn -1.00000000 0.00000000 0.00000000
vn -1.00000000 0.00000000 0.00000000
vn -1.00000000 0.00000000 0.00000000
vn -1.00000000 0.00000000 0.00000000
vn -1.00000000 0.00000000 0.00000000
vn 0.00000000 0.00000000 1.00000000
vn 0.00000000 0.00000000 1.00000000
vn 0.00000000 0.00000000 1.00000000
vn 0.00000000 0.00000000 1.00000000
vn 0.00000000 0.00000000 1.00000000
vn 0.00000000 0.00000000 1.00000000
vn 0.92388000 0.38268300 0.00000000
vn 0.92388000 0.38268300 0.00000000
vn 0.92388000 0.38268300 0.00000000
vn 0.92388000 0.38268300 -0.00000000
vn 0.92388000 0.38268300 -0.00000000
vn 0.92388000 0.38268300 -0.00000000
vn 0.38268300 0.92388000 0.00000000
vn 0.38268300 0.92388000 0.00000000
vn 0.38268300 0.92388000 0.00000000
vn 0.38268300 0.92388000 -0.00000000
vn 0.38268300 0.92388000 -0.00000000
vn 0.38268300 0.92388000 -0.00000000
vn -0.38268300 0.92388000 0.00000000
vn -0.38268300 0.92388000 0.00000000
vn -0.38268300 0.92388000 0.00000000
vn -0.38268300 0.92388000 0.00000000
vn -0.38268300 0.92388000 0.00000000
vn -0.38268300 0.92388000 0.00000000
vn -0.92388000 0.38268300 0.00000000
vn -0.92388000 0.38268300 0.00000000
vn -0.92388000 0.38268300 0.00000000
vn -0.92388000 0.38268300 0.00000000
vn -0.92388000 0.38268300 0.00000000
vn -0.92388000 0.38268300 0.00000000
vn -0.92388000 -0.38268300 0.00000000
vn -0.92388000 -0.38268300 0.00000000
vn -0.92388000 -0.38268300 0.00000000
vn -0.92388000 -0.38268300 0.00000000
vn -0.92388000 -0.38268300 0.00000000
vn -0.92388000 -0.38268300 0.00000000
vn -0.38268300 -0.92388000 0.00000000
vn -0.38268300 -0.92388000 0.00000000
vn -0.38268300 -0.92388000 0.00000000
vn -0.38268300 -0.92388000 0.00000000
vn -0.38268300 -0.92388000 0.00000000
vn -0.38268300 -0.92388000 0.00000000
vn 0.38268300 -0.92388000 0.00000000
vn 0.38268300 -0.92388000 0.00000000
vn 0.38268300 -0.92388000 0.00000000
vn 0.38268300 -0.92388000 0.00000000
vn 0.38268300 -0.92388000 0.00000000
vn 0.38268300 -0.92388000 0.00000000
vn 0.92388000 -0.38268300 0.00000000
vn 0.92388000 -0.38268300 0.00000000
vn 0.92388000 -0.38268300 0.00000000
vn 0.92388000 -0.38268300 0.00000000
vn 0.92388000 -0.38268300 0.00000000
vn 0.92388000 -0.38268300 0.00000000
vn 0.00000000 -0.00000000 -1.00000000
vn 0.00000000 -0.00000000 -1.00000000
vn 0.00000000 -0.00000000 -1.00000000
vn 0.00000000 -0.00000000 -1.00000000
vn 0.00000000 -0.00000000 -1.00000000
vn 0.00000000 -0.00000000 -1.00000000
vn 0.00000000 0.00000000 -1.00000000
vn 0.00000000 0.00000000 -1.00000000
vn 0.00000000 0.00000000 -1.00000000
vn 0.00000000 0.00000000 -1.00000000
vn 0.00000000 0.00000000 -1.00000000
vn 0.00000000 0.00000000 -1.00000000
vn 0.00000000 0.00000000 -1.00000000
vn 0.00000000 0.00000000 -1.00000000
vn 0.00000000 0.00000000 -1.00000000
vn 0.00000000 0.00000000 -1.00000000
vn 0.00000000 0.00000000 -1.00000000
vn 0.00000000 0.00000000 -1.00000000
vn -0.00000000 0.00000000 -1.00000000
vn -0.00000000 0.00000000 -1.00000000
vn -0.00000000 0.00000000 -1.00000000
vn -0.00000000 0.00000000 -1.00000000
vn -0.00000000 0.00000000 -1.00000000
vn -0.00000000 0.00000000 -1.00000000
vn 0.00000000 0.00000000 1.00000000
vn 0.00000000 0.00000000 1.00000000
vn 0.00000000 0.00000000 1.00000000
vn 0.00000000 0.00000000 1.00000000
vn 0.00000000 0.00000000 1.00000000
vn 0.00000000 0.00000000 1.00000000
vn 0.00000000 -0.00000000 1.00000000
vn 0.00000000 -0.00000000 1.00000000
vn 0.00000000 -0.00000000 1.00000000
vn 0.00000000 0.00000000 1.00000000
vn 0.00000000 0.00000000 1.00000000
vn 0.00000000 0.00000000 1.00000000
vn 0.00000000 0.00000000 1.00000000
vn 0.00000000 0.00000000 1.00000000
vn 0.00000000 0.00000000 1.00000000
vn 0.00000000 0.00000000 1.00000000
vn 0.00000000 0.00000000 1.00000000
vn 0.00000000 0.00000000 1.00000000
vn 0.00000000 0.00000000 1.00000000
vn 0.00000000 0.00000000 1.00000000
vn 0.00000000 0.00000000 1.00000000
vn -0.00000000 0.00000000 1.00000000
vn -0.00000000 0.00000000 1.00000000
vn -0.00000000 0.00000000 1.00000000
vn 0.00000000 0.00000000 -1.00000000
vn 0.00000000 0.00000000 -1.00000000
vn 0.00000000 0.00000000 -1.00000000
vn 0.00000000 0.00000000 -1.00000000
vn 0.00000000 0.00000000 -1.00000000
vn 0.00000000 0.00000000 -1.00000000
vn 0.00000000 -1.00000000 0.00000000
vn 0.00000000 -1.00000000 0.00000000
vn 0.00000000 -1.00000000 0.00000000
vn 0.00000000 -1.00000000 0.00000000
vn 0.00000000 -1.00000000 0.00000000
vn 0.00000000 -1.00000000 0.00000000
vn 1.00000000 0.00000000 0.00000000
vn 1.00000000 0.00000000 0.00000000
vn 1.00000000 0.00000000 0.00000000
vn 1.00000000 0.00000000 0.00000000
vn 1.00000000 0.00000000 0.00000000
vn 1.00000000 0.00000000 0.00000000
vn 0.00000000 1.00000000 0.00000000
vn 0.00000000 1.00000000 0.00000000
vn 0.00000000 1.00000000 0.00000000
vn 0.00000000 1.00000000 -0.00000000
vn 0.00000000 1.00000000 -0.00000000
vn 0.00000000 1.00000000 -0.00000000
vn -1.00000000 0.00000000 0.00000000
vn -1.00000000 0.00000000 0.00000000
vn -1.00000000 0.00000000 0.00000000
vn -1.00000000 0.00000000 0.00000000
vn -1.00000000 0.00000000 0.00000000
vn -1.00000000 0.00000000 0.00000000
vn 0.00000000 0.00000000 1.00000000
vn 0.00000000 0.00000000 1.00000000
vn 0.00000000 0.00000000 1.00000000
vn 0.00000000 0.00000000 1.00000000
vn 0.00000000 0.00000000 1.00000000
vn 0.00000000 0.00000000 1.00000000
vn 0.92388000 0.38268300 0.00000000
vn 0.92388000 0.38268300 0.00000000
vn 0.92388000 0.38268300 0.00000000
vn 0.92388000 0.38268300 -0.00000000
vn 0.92388000 0.38268300 -0.00000000
vn 0.92388000 0.38268300 -0.00000000
vn 0.38268300 0.92388000 0.00000000
vn 0.38268300 0.92388000 0.00000000
vn 0.38268300 0.92388000 0.00000000
vn 0.38268300 0.92388000 -0.00000000
vn 0.38268300 0.92388000 -0.00000000
vn 0.38268300 0.92388000 -0.00000000
vn -0.38268300 0.92388000 0.00000000
vn -0.38268300 0.92388000 0.00000000
vn -0.38268300 0.92388000 0.00000000
vn -0.38268300 0.92388000 0.00000000
vn -0.38268300 0.92388000 0.00000000
vn -0.38268300 0.92388000 0.00000000
vn -0.92388000 0.38268300 0.00000000
vn -0.92388000 0.38268300 0.00000000
vn -0.92388000 0.38268300 0.00000000
vn -0.92388000 0.38268300 0.00000000
vn -0.92388000 0.38268300 0.00000000
vn -0.92388000 0.38268300 0.00000000
vn -0.92388000 -0.38268300 0.00000000
vn -0.92388000 -0.38268300 0.00000000
vn -0.92388000 -0.38268300 0.00000000
vn -0.92388000 -0.38268300 0.00000000
vn -0.92388000 -0.38268300 0.00000000
vn -0.92388000 -0.38268300 0.00000000
vn -0.38268300 -0.92388000 0.00000000
vn -0.38268300 -0.92388000 0.00000000
vn -0.38268300 -0.92388000 0.00000000
vn -0.38268300 -0.92388000 0.00000000
vn -0.38268300 -0.92388000 0.00000000
vn -0.38268300 -0.92388000 0.00000000
vn 0.38268300 -0.92388000 0.00000000
vn 0.38268300 -0.92388000 0.00000000
vn 0.38268300 -0.92388000 0.00000000
vn 0.38268300 -0.92388000 0.00000000
vn 0.38268300 -0.92388000 0.00000000
vn 0.38268300 -0.92388000 0.00000000
vn 0.92388000 -0.38268300 0.00000000
vn 0.92388000 -0.38268300 0.00000000
vn 0.92388000 -0.38268300 0.00000000
vn 0.92388000 -0.38268300 0.00000000
vn 0.92388000 -0.38268300 0.00000000
vn 0.92388000 -0.38268300 0.00000000
vn 0.00000000 -0.00000000 -1.00000000
vn 0.00000000 -0.00000000 -1.00000000
vn 0.00000000 -0.00000000 -1.00000000
vn 0.00000000 0.00000000 -1.00000000
vn 0.00000000 0.00000000 -1.00000000
vn 0.00000000 0.00000000 -1.00000000
vn 0.00000000 0.00000000 -1.00000000
vn 0.00000000 0.00000000 -1.00000000
vn 0.00000000 0.00000000 -1.00000000
vn 0.00000000 0.00000000 -1.00000000
vn 0.00000000 0.00000000 -1.00000000
vn 0.00000000 0.00000000 -1.00000000
vn 0.00000000 0.00000000 -1.00000000
vn 0.00000000 0.00000000 -1.00000000
vn 0.00000000 0.00000000 -1.00000000
vn 0.00000000 0.00000000 -1.00000000
vn 0.00000000 0.00000000 -1.00000000
vn 0.00000000 0.00000000 -1.00000000
vn -0.00000000 0.00000000 -1.00000000
vn -0.00000000 0.00000000 -1.00000000
vn -0.00000000 0.00000000 -1.00000000
vn -0.00000000 0.00000000 -1.00000000
vn -0.00000000 0.00000000 -1.00000000
vn -0.00000000 0.00000000 -1.00000000
vn 0.00000000 0.00000000 1.00000000
vn 0.00000000 0.00000000 1.00000000
vn 0.00000000 0.00000000 1.00000000
vn 0.00000000 0.00000000 1.00000000
vn 0.00000000 0.00000000 1.00000000
vn 0.00000000 0.00000000 1.00000000
vn 0.00000000 -0.00000000 1.00000000
vn 0.00000000 -0.00000000 1.00000000
vn 0.00000000 -0.00000000 1.00000000
vn 0.00000000 0.00000000 1.00000000
vn 0.00000000 0.00000000 1.00000000
vn 0.00000000 0.00000000 1.00000000
vn 0.00000000 0.00000000 1.00000000
vn 0.00000000 0.00000000 1.00000000
vn 0.00000000 0.00000000 1.00000000
vn 0.00000000 0.00000000 1.00000000
vn 0.00000000 0.00000000 1.00000000
vn 0.00000000 0.00000000 1.00000000
vn 0.00000000 0.00000000 1.00000000
vn 0.00000000 0.00000000 1.00000000
vn 0.00000000 0.00000000 1.00000000
vn -0.00000000 0.00000000 1.00000000
vn -0.00000000 0.00000000 1.00000000
vn -0.00000000 0.00000000 1.00000000
vn 0.00000000 0.00000000 -1.00000000
vn 0.00000000 0.00000000 -1.00000000
vn 0.00000000 0.00000000 -1.00000000
vn 0.00000000 0.00000000 -1.00000000
vn 0.00000000 0.00000000 -1.00000000
vn 0.00000000 0.00000000 -1.00000000
vn 0.00000000 -1.00000000 0.00000000
vn 0.00000000 -1.00000000 0.00000000
vn 0.00000000 -1.00000000 0.00000000
vn 0.00000000 -1.00000000 0.00000000
vn 0.00000000 -1.00000000 0.00000000
vn 0.00000000 -1.00000000 0.00000000
vn 1.00000000 0.00000000 0.00000000
vn 1.00000000 0.00000000 0.00000000
vn 1.00000000 0.00000000 0.00000000
vn 1.00000000 0.00000000 0.00000000
vn 1.00000000 0.00000000 0.00000000
vn 1.00000000 0.00000000 0.00000000
vn 0.00000000 1.00000000 0.00000000
vn 0.00000000 1.00000000 0.00000000
vn 0.00000000 1.00000000 0.00000000
vn 0.00000000 1.00000000 -0.00000000
vn 0.00000000 1.00000000 -0.00000000
vn 0.00000000 1.00000000 -0.00000000
vn -1.00000000 0.00000000 0.00000000
vn -1.00000000 0.00000000 0.00000000
vn -1.00000000 0.00000000 0.00000000
vn -1.00000000 0.00000000 0.00000000
vn -1.00000000 0.00000000 0.00000000
vn -1.00000000 0.00000000 0.00000000
vn 0.00000000 0.00000000 1.00000000
vn 0.00000000 0.00000000 1.00000000
vn 0.00000000 0.00000000 1.00000000
vn 0.00000000 0.00000000 1.00000000
vn 0.00000000 0.00000000 1.00000000
vn 0.00000000 0.00000000 1.00000000
o contents_books_misc_02_25
usemtl UV_Base
vt 0.856623172 0.460937500
vt 0.876953125 0.460937500
vt 0.876953125 0.564696543
vt 0.856623172 0.460937500
vt 0.876953125 0.564696543
vt 0.856623172 0.564696543
vt 0.885920047 0.460937500
vt 0.906250000 0.460937500
vt 0.906250000 0.564696543
vt 0.885920047 0.460937500
vt 0.906250000 0.564696543
vt 0.885920047 0.564696543
vt 0.915216922 0.460937500
vt 0.935546875 0.460937500
vt 0.935546875 0.564696543
vt 0.915216922 0.460937500
vt 0.935546875 0.564696543
vt 0.915216922 0.564696543
vt 0.944513797 0.460937500
vt 0.964843750 0.460937500
vt 0.964843750 0.564696543
vt 0.944513797 0.460937500
vt 0.964843750 0.564696543
vt 0.944513797 0.564696543
vt 0.973810672 0.460937500
vt 0.994140625 0.460937500
vt 0.994140625 0.564696543
vt 0.973810672 0.460937500
vt 0.994140625 0.564696543
vt 0.973810672 0.564696543
vt 0.003906250 0.617986203
vt 0.003906250 0.597656250
vt 0.107665293 0.597656250
vt 0.003906250 0.617986203
vt 0.107665293 0.597656250
vt 0.107665293 0.617986203
vt 0.117187500 0.617986203
vt 0.117187500 0.597656250
vt 0.220946543 0.597656250
vt 0.117187500 0.617986203
vt 0.220946543 0.597656250
vt 0.220946543 0.617986203
vt 0.230468750 0.617986203
vt 0.230468750 0.597656250
vt 0.334227793 0.597656250
vt 0.230468750 0.617986203
vt 0.334227793 0.597656250
vt 0.334227793 0.617986203
vt 0.506282277 0.828092353
vt 0.514062130 0.846874815
vt 0.487499815 0.846874815
vt 0.487499815 0.820312500
vt 0.506282277 0.828092353
vt 0.487499815 0.846874815
vt 0.468717353 0.828092353
vt 0.487499815 0.820312500
vt 0.487499815 0.846874815
vt 0.460937500 0.846874815
vt 0.468717353 0.828092353
vt 0.487499815 0.846874815
vt 0.468717353 0.865657277
vt 0.460937500 0.846874815
vt 0.487499815 0.846874815
vt 0.487499815 0.873437130
vt 0.468717353 0.865657277
vt 0.487499815 0.846874815
vt 0.506282277 0.865657277
vt 0.487499815 0.873437130
vt 0.487499815 0.846874815
vt 0.514062130 0.846874815
vt 0.506282277 0.865657277
vt 0.487499815 0.846874815
vt 0.549999815 0.846874815
vt 0.576562130 0.846874815
vt 0.568782277 0.865657277
vt 0.549999815 0.846874815
vt 0.568782277 0.865657277
vt 0.549999815 0.873437130
vt 0.549999815 0.846874815
vt 0.549999815 0.873437130
vt 0.531217353 0.865657277
vt 0.549999815 0.846874815
vt 0.531217353 0.865657277
vt 0.523437500 0.846874815
vt 0.549999815 0.846874815
vt 0.523437500 0.846874815
vt 0.531217353 0.828092353
vt 0.549999815 0.846874815
vt 0.531217353 0.828092353
vt 0.549999815 0.820312500
vt 0.549999815 0.846874815
vt 0.549999815 0.820312500
vt 0.568782277 0.828092353
vt 0.549999815 0.846874815
vt 0.568782277 0.828092353
vt 0.576562130 0.846874815
vt 0.376831069 0.894531250
vt 0.378906250 0.894531250
vt 0.378906250 0.922156058
vt 0.376831069 0.894531250
vt 0.378906250 0.922156058
vt 0.376831069 0.922156058
vt 0.816406250 0.820312500
vt 0.844031058 0.820312500
vt 0.844031058 0.859740936
vt 0.816406250 0.820312500
vt 0.844031058 0.859740936
vt 0.816406250 0.859740936
vt 0.925781250 0.626953125
vt 0.925781250 0.629028306
vt 0.886352814 0.629028306
vt 0.925781250 0.626953125
vt 0.886352814 0.629028306
vt 0.886352814 0.626953125
vt 0.881140433 0.859740936
vt 0.853515625 0.859740936
vt 0.853515625 0.820312500
vt 0.881140433 0.859740936
vt 0.853515625 0.820312500
vt 0.881140433 0.820312500
vt 0.935180939 0.629028306
vt 0.935180939 0.626953125
vt 0.974609375 0.626953125
vt 0.935180939 0.629028306
vt 0.974609375 0.626953125
vt 0.974609375 0.629028306
vt 0.390625000 0.894531250
vt 0.390625000 0.922156058
vt 0.388549819 0.922156058
vt 0.390625000 0.894531250
vt 0.388549819 0.922156058
vt 0.388549819 0.894531250
vt 0.003906250 0.453124075
vt 0.003906250 0.320312500
vt 0.149168910 0.320312500
vt 0.003906250 0.453124075
vt 0.149168910 0.320312500
vt 0.149168910 0.453124075
vt 0.312500000 0.320312500
vt 0.457762660 0.320312500
vt 0.457762660 0.448973713
vt 0.312500000 0.320312500
vt 0.457762660 0.448973713
vt 0.312500000 0.448973713
vt 0.900390625 0.320312500
vt 0.900390625 0.453124075
vt 0.771729412 0.453124075
vt 0.900390625 0.320312500
vt 0.771729412 0.453124075
vt 0.771729412 0.320312500
vt 0.612059535 0.448973713
vt 0.466796875 0.448973713
vt 0.466796875 0.320312500
vt 0.612059535 0.448973713
vt 0.466796875 0.320312500
vt 0.612059535 0.320312500
vt 0.136717825 0.589598713
vt 0.003906250 0.589598713
vt 0.003906250 0.460937500
vt 0.136717825 0.589598713
vt 0.003906250 0.460937500
vt 0.136717825 0.460937500
vt 0.158203125 0.320312500
vt 0.303465785 0.320312500
vt 0.303465785 0.453124075
vt 0.158203125 0.320312500
vt 0.303465785 0.453124075
vt 0.158203125 0.453124075
vt 0.908203125 0.453124075
vt 0.908203125 0.320312500
vt 0.922729391 0.320312500
vt 0.908203125 0.453124075
vt 0.922729391 0.320312500
vt 0.922729391 0.453124075
vt 0.523437500 0.894531250
vt 0.523437500 0.909057516
vt 0.521777355 0.909057516
vt 0.523437500 0.894531250
vt 0.521777355 0.909057516
vt 0.521777355 0.894531250
vt 0.958984375 0.320312500
vt 0.958984375 0.453124075
vt 0.957324230 0.453124075
vt 0.958984375 0.320312500
vt 0.957324230 0.453124075
vt 0.957324230 0.320312500
vt 0.533496105 0.909057516
vt 0.533496105 0.894531250
vt 0.535156250 0.894531250
vt 0.533496105 0.909057516
vt 0.535156250 0.894531250
vt 0.535156250 0.909057516
vt 0.969042980 0.453124075
vt 0.969042980 0.320312500
vt 0.970703125 0.320312500
vt 0.969042980 0.453124075
vt 0.970703125 0.320312500
vt 0.970703125 0.453124075
vt 0.931640625 0.320312500
vt 0.946166891 0.320312500
vt 0.946166891 0.453124075
vt 0.931640625 0.320312500
vt 0.946166891 0.453124075
vt 0.931640625 0.453124075
vt 0.815418864 0.750000000
vt 0.828125000 0.750000000
vt 0.828125000 0.808105064
vt 0.815418864 0.750000000
vt 0.828125000 0.808105064
vt 0.815418864 0.808105064
vt 0.836903239 0.750000000
vt 0.849609375 0.750000000
vt 0.849609375 0.808105064
vt 0.836903239 0.750000000
vt 0.849609375 0.808105064
vt 0.836903239 0.808105064
vt 0.858387614 0.750000000
vt 0.871093750 0.750000000
vt 0.871093750 0.808105064
vt 0.858387614 0.750000000
vt 0.871093750 0.808105064
vt 0.858387614 0.808105064
vt 0.879871989 0.750000000
vt 0.892578125 0.750000000
vt 0.892578125 0.808105064
vt 0.879871989 0.750000000
vt 0.892578125 0.808105064
vt 0.879871989 0.808105064
vt 0.901356364 0.750000000
vt 0.914062500 0.750000000
vt 0.914062500 0.808105064
vt 0.901356364 0.750000000
vt 0.914062500 0.808105064
vt 0.901356364 0.808105064
vt 0.922840739 0.750000000
vt 0.935546875 0.750000000
vt 0.935546875 0.808105064
vt 0.922840739 0.750000000
vt 0.935546875 0.808105064
vt 0.922840739 0.808105064
vt 0.944325114 0.750000000
vt 0.957031250 0.750000000
vt 0.957031250 0.808105064
vt 0.944325114 0.750000000
vt 0.957031250 0.808105064
vt 0.944325114 0.808105064
vt 0.965809489 0.750000000
vt 0.978515625 0.750000000
vt 0.978515625 0.808105064
vt 0.965809489 0.750000000
vt 0.978515625 0.808105064
vt 0.965809489 0.808105064
vt 0.219746580 0.922871580
vt 0.208007697 0.927734144
vt 0.208007697 0.911132697
vt 0.224609144 0.911132697
vt 0.219746580 0.922871580
vt 0.208007697 0.911132697
vt 0.219746580 0.899393814
vt 0.224609144 0.911132697
vt 0.208007697 0.911132697
vt 0.208007697 0.894531250
vt 0.219746580 0.899393814
vt 0.208007697 0.911132697
vt 0.196268814 0.899393814
vt 0.208007697 0.894531250
vt 0.208007697 0.911132697
vt 0.191406250 0.911132697
vt 0.196268814 0.899393814
vt 0.208007697 0.911132697
vt 0.196268814 0.922871580
vt 0.191406250 0.911132697
vt 0.208007697 0.911132697
vt 0.208007697 0.927734144
vt 0.196268814 0.922871580
vt 0.208007697 0.911132697
vt 0.249023322 0.911132697
vt 0.249023322 0.894531250
vt 0.260762205 0.899393814
vt 0.249023322 0.911132697
vt 0.260762205 0.899393814
vt 0.265624769 0.911132697
vt 0.249023322 0.911132697
vt 0.265624769 0.911132697
vt 0.260762205 0.922871580
vt 0.249023322 0.911132697
vt 0.260762205 0.922871580
vt 0.249023322 0.927734144
vt 0.249023322 0.911132697
vt 0.249023322 0.927734144
vt 0.237284439 0.922871580
vt 0.249023322 0.911132697
vt 0.237284439 0.922871580
vt 0.232421875 0.911132697
vt 0.249023322 0.911132697
vt 0.232421875 0.911132697
vt 0.237284439 0.899393814
vt 0.249023322 0.911132697
vt 0.237284439 0.899393814
vt 0.249023322 0.894531250
vt 0.497924819 0.894531250
vt 0.500000000 0.894531250
vt 0.500000000 0.911796755
vt 0.497924819 0.894531250
vt 0.500000000 0.911796755
vt 0.497924819 0.911796755
vt 0.398437500 0.894531250
vt 0.415703005 0.894531250
vt 0.415703005 0.916611174
vt 0.398437500 0.894531250
vt 0.415703005 0.916611174
vt 0.398437500 0.916611174
vt 0.982421875 0.626953125
vt 0.984497056 0.626953125
vt 0.984497056 0.649033049
vt 0.982421875 0.626953125
vt 0.984497056 0.649033049
vt 0.982421875 0.649033049
vt 0.441093630 0.916611174
vt 0.423828125 0.916611174
vt 0.423828125 0.894531250
vt 0.441093630 0.916611174
vt 0.423828125 0.894531250
vt 0.441093630 0.894531250
vt 0.451293931 0.916611174
vt 0.449218750 0.916611174
vt 0.449218750 0.894531250
vt 0.451293931 0.916611174
vt 0.449218750 0.894531250
vt 0.451293931 0.894531250
vt 0.511718750 0.894531250
vt 0.511718750 0.911796755
vt 0.509643569 0.911796755
vt 0.511718750 0.894531250
vt 0.509643569 0.911796755
vt 0.509643569 0.894531250
vt 0.786865726 0.658203125
vt 0.857421875 0.658203125
vt 0.857421875 0.741210360
vt 0.786865726 0.658203125
vt 0.857421875 0.741210360
vt 0.786865726 0.741210360
vt 0.949218750 0.658203125
vt 0.949218750 0.741210360
vt 0.937234316 0.734569781
vt 0.949218750 0.658203125
vt 0.937234316 0.734569781
vt 0.937234316 0.664843704
vt 0.595703125 0.597656250
vt 0.666259274 0.597656250
vt 0.660262002 0.609975206
vt 0.595703125 0.597656250
vt 0.660262002 0.609975206
vt 0.601700398 0.609975206
vt 0.958718691 0.741210360
vt 0.958718691 0.658203125
vt 0.970703125 0.664843704
vt 0.958718691 0.741210360
vt 0.970703125 0.664843704
vt 0.970703125 0.734569781
vt 0.746337399 0.609975206
vt 0.675781250 0.609975206
vt 0.681778523 0.597656250
vt 0.746337399 0.609975206
vt 0.681778523 0.597656250
vt 0.740340127 0.597656250
vt 0.599609375 0.750000000
vt 0.669335452 0.750000000
vt 0.669335452 0.808561604
vt 0.599609375 0.750000000
vt 0.669335452 0.808561604
vt 0.599609375 0.808561604
vt 0.003906250 0.297362299
vt 0.003906250 0.156250000
vt 0.219725060 0.156250000
vt 0.003906250 0.297362299
vt 0.219725060 0.156250000
vt 0.219725060 0.297362299
vt 0.453125000 0.156250000
vt 0.668943810 0.156250000
vt 0.668943810 0.239257235
vt 0.453125000 0.156250000
vt 0.668943810 0.239257235
vt 0.453125000 0.239257235
vt 0.986328125 0.156250000
vt 0.986328125 0.297362299
vt 0.903320890 0.297362299
vt 0.986328125 0.156250000
vt 0.903320890 0.297362299
vt 0.903320890 0.156250000
vt 0.893553185 0.239257235
vt 0.677734375 0.239257235
vt 0.677734375 0.156250000
vt 0.893553185 0.239257235
vt 0.677734375 0.156250000
vt 0.893553185 0.156250000
vt 0.762206049 0.403319735
vt 0.621093750 0.403319735
vt 0.621093750 0.320312500
vt 0.762206049 0.403319735
vt 0.621093750 0.320312500
vt 0.762206049 0.320312500
vt 0.228515625 0.156250000
vt 0.444334435 0.156250000
vt 0.444334435 0.297362299
vt 0.228515625 0.156250000
vt 0.444334435 0.297362299
vt 0.228515625 0.297362299
vt 0.003906250 0.148338838
vt 0.003906250 0.003906250
vt 0.223045349 0.003906250
vt 0.003906250 0.148338838
vt 0.223045349 0.003906250
vt 0.223045349 0.148338838
vt 0.460937500 0.003906250
vt 0.680076599 0.003906250
vt 0.680076599 0.024658059
vt 0.460937500 0.003906250
vt 0.680076599 0.024658059
vt 0.460937500 0.024658059
vt 0.939453125 0.003906250
vt 0.939453125 0.148338838
vt 0.918701316 0.148338838
vt 0.939453125 0.003906250
vt 0.918701316 0.148338838
vt 0.918701316 0.003906250
vt 0.908592224 0.024658059
vt 0.689453125 0.024658059
vt 0.689453125 0.003906250
vt 0.908592224 0.024658059
vt 0.689453125 0.003906250
vt 0.908592224 0.003906250
vt 0.947998191 0.148338838
vt 0.947998191 0.003906250
vt 0.968750000 0.003906250
vt 0.947998191 0.148338838
vt 0.968750000 0.003906250
vt 0.968750000 0.148338838
vt 0.232421875 0.003906250
vt 0.451560974 0.003906250
vt 0.451560974 0.148338838
vt 0.232421875 0.003906250
vt 0.451560974 0.148338838
vt 0.232421875 0.148338838
vt 0.453125000 0.308300770
vt 0.453125000 0.306640625
vt 0.668943810 0.306640625
vt 0.453125000 0.308300770
vt 0.668943810 0.306640625
vt 0.668943810 0.308300770
vt 0.003906250 0.306640625
vt 0.219725060 0.306640625
vt 0.219725060 0.311828577
vt 0.003906250 0.306640625
vt 0.219725060 0.311828577
vt 0.003906250 0.311828577
vt 0.726562500 0.894531250
vt 0.728222645 0.894531250
vt 0.728222645 0.899719202
vt 0.726562500 0.894531250
vt 0.728222645 0.899719202
vt 0.726562500 0.899719202
vt 0.444334435 0.311828577
vt 0.228515625 0.311828577
vt 0.228515625 0.306640625
vt 0.444334435 0.311828577
vt 0.228515625 0.306640625
vt 0.444334435 0.306640625
vt 0.739941395 0.899719202
vt 0.738281250 0.899719202
vt 0.738281250 0.894531250
vt 0.739941395 0.899719202
vt 0.738281250 0.894531250
vt 0.739941395 0.894531250
vt 0.664062500 0.902831973
vt 0.664062500 0.894531250
vt 0.671533151 0.894531250
vt 0.664062500 0.902831973
vt 0.671533151 0.894531250
vt 0.671533151 0.902831973
vt 0.578125000 0.894531250
vt 0.585595651 0.894531250
vt 0.585595651 0.904907154
vt 0.578125000 0.894531250
vt 0.585595651 0.904907154
vt 0.578125000 0.904907154
vt 0.542968750 0.894531250
vt 0.551269473 0.894531250
vt 0.551269473 0.904907154
vt 0.542968750 0.894531250
vt 0.551269473 0.904907154
vt 0.542968750 0.904907154
vt 0.601220651 0.904907154
vt 0.593750000 0.904907154
vt 0.593750000 0.894531250
vt 0.601220651 0.904907154
vt 0.593750000 0.894531250
vt 0.601220651 0.894531250
vt 0.469238223 0.910302625
vt 0.460937500 0.910302625
vt 0.460937500 0.899926720
vt 0.469238223 0.910302625
vt 0.460937500 0.899926720
vt 0.469238223 0.899926720
vt 0.679687500 0.894531250
vt 0.687158151 0.894531250
vt 0.687158151 0.902831973
vt 0.679687500 0.894531250
vt 0.687158151 0.902831973
vt 0.679687500 0.902831973
vt 0.695312500 0.902831973
vt 0.695312500 0.894531250
vt 0.702783151 0.894531250
vt 0.695312500 0.902831973
vt 0.702783151 0.894531250
vt 0.702783151 0.902831973
vt 0.609375000 0.894531250
vt 0.616845651 0.894531250
vt 0.616845651 0.904907154
vt 0.609375000 0.894531250
vt 0.616845651 0.904907154
vt 0.609375000 0.904907154
vt 0.478515625 0.894531250
vt 0.486816348 0.894531250
vt 0.486816348 0.904907154
vt 0.478515625 0.894531250
vt 0.486816348 0.904907154
vt 0.478515625 0.904907154
vt 0.632470651 0.904907154
vt 0.625000000 0.904907154
vt 0.625000000 0.894531250
vt 0.632470651 0.904907154
vt 0.625000000 0.894531250
vt 0.632470651 0.894531250
vt 0.568847598 0.904907154
vt 0.560546875 0.904907154
vt 0.560546875 0.894531250
vt 0.568847598 0.904907154
vt 0.560546875 0.894531250
vt 0.568847598 0.894531250
vt 0.710937500 0.894531250
vt 0.718408151 0.894531250
vt 0.718408151 0.902831973
vt 0.710937500 0.894531250
vt 0.718408151 0.902831973
vt 0.710937500 0.902831973
vt 0.755859375 0.605956973
vt 0.755859375 0.597656250
vt 0.828075669 0.597656250
vt 0.755859375 0.605956973
vt 0.828075669 0.597656250
vt 0.828075669 0.605956973
vt 0.845703125 0.306640625
vt 0.917919419 0.306640625
vt 0.917919419 0.312036095
vt 0.845703125 0.306640625
vt 0.917919419 0.312036095
vt 0.845703125 0.312036095
vt 0.478515625 0.904907154
vt 0.486816348 0.904907154
vt 0.486816348 0.910302625
vt 0.478515625 0.904907154
vt 0.486816348 0.910302625
vt 0.478515625 0.910302625
vt 0.988231919 0.603051720
vt 0.916015625 0.603051720
vt 0.916015625 0.597656250
vt 0.988231919 0.603051720
vt 0.916015625 0.597656250
vt 0.988231919 0.597656250
vt 0.469238223 0.899926720
vt 0.460937500 0.899926720
vt 0.460937500 0.894531250
vt 0.469238223 0.899926720
vt 0.460937500 0.894531250
vt 0.469238223 0.894531250
vt 0.835937500 0.597656250
vt 0.908153794 0.597656250
vt 0.908153794 0.605956973
vt 0.835937500 0.597656250
vt 0.908153794 0.605956973
vt 0.835937500 0.605956973
vt 0.095703125 0.803954702
vt 0.095703125 0.750000000
vt 0.170409636 0.750000000
vt 0.095703125 0.803954702
vt 0.170409636 0.750000000
vt 0.170409636 0.803954702
vt 0.431640625 0.750000000
vt 0.506347136 0.750000000
vt 0.506347136 0.776562315
vt 0.431640625 0.750000000
vt 0.506347136 0.776562315
vt 0.431640625 0.776562315
vt 0.613281250 0.820312500
vt 0.613281250 0.874267202
vt 0.586718935 0.874267202
vt 0.613281250 0.820312500
vt 0.586718935 0.874267202
vt 0.586718935 0.820312500
vt 0.590331511 0.776562315
vt 0.515625000 0.776562315
vt 0.515625000 0.750000000
vt 0.590331511 0.776562315
vt 0.515625000 0.750000000
vt 0.590331511 0.750000000
vt 0.621875185 0.874267202
vt 0.621875185 0.820312500
vt 0.648437500 0.820312500
vt 0.621875185 0.874267202
vt 0.648437500 0.820312500
vt 0.648437500 0.874267202
vt 0.179687500 0.750000000
vt 0.254394011 0.750000000
vt 0.254394011 0.803954702
vt 0.179687500 0.750000000
vt 0.254394011 0.803954702
vt 0.179687500 0.803954702
vt 0.172014472 0.820312500
vt 0.216796875 0.820312500
vt 0.216796875 0.884560100
vt 0.172014472 0.820312500
vt 0.216796875 0.884560100
vt 0.172014472 0.884560100
vt 0.925781250 0.306640625
vt 0.990028850 0.306640625
vt 0.990028850 0.309130842
vt 0.925781250 0.306640625
vt 0.990028850 0.309130842
vt 0.925781250 0.309130842
vt 0.990234375 0.750000000
vt 0.990234375 0.794782403
vt 0.987744158 0.794782403
vt 0.990234375 0.750000000
vt 0.987744158 0.794782403
vt 0.987744158 0.750000000
vt 0.278759783 0.884560100
vt 0.278759783 0.820312500
vt 0.281250000 0.820312500
vt 0.278759783 0.884560100
vt 0.281250000 0.820312500
vt 0.281250000 0.884560100
vt 0.876813653 0.629443342
vt 0.832031250 0.629443342
vt 0.832031250 0.626953125
vt 0.876813653 0.629443342
vt 0.832031250 0.626953125
vt 0.876813653 0.626953125
vt 0.269531250 0.820312500
vt 0.269531250 0.884560100
vt 0.224748847 0.884560100
vt 0.269531250 0.820312500
vt 0.224748847 0.884560100
vt 0.224748847 0.820312500
vt 0.263671875 0.803954632
vt 0.263671875 0.750000000
vt 0.338378386 0.750000000
vt 0.263671875 0.803954632
vt 0.338378386 0.750000000
vt 0.338378386 0.803954632
vt 0.427734375 0.597656250
vt 0.502440886 0.597656250
vt 0.502440886 0.604296876
vt 0.427734375 0.597656250
vt 0.502440886 0.604296876
vt 0.427734375 0.604296876
vt 0.656726348 0.869212062
vt 0.679528435 0.820312500
vt 0.685546875 0.823118975
vt 0.656726348 0.869212062
vt 0.685546875 0.823118975
vt 0.662744788 0.872018536
vt 0.586425261 0.604296876
vt 0.511718750 0.604296876
vt 0.511718750 0.597656250
vt 0.586425261 0.604296876
vt 0.511718750 0.597656250
vt 0.586425261 0.597656250
vt 0.699854163 0.820312500
vt 0.722656250 0.869212062
vt 0.716637810 0.872018536
vt 0.699854163 0.820312500
vt 0.716637810 0.872018536
vt 0.693835723 0.823118975
vt 0.347656250 0.750000000
vt 0.422362761 0.750000000
vt 0.422362761 0.803954632
vt 0.347656250 0.750000000
vt 0.422362761 0.803954632
vt 0.347656250 0.803954632
vt 0.203613917 0.658203125
vt 0.294921875 0.658203125
vt 0.294921875 0.720458551
vt 0.203613917 0.658203125
vt 0.294921875 0.720458551
vt 0.203613917 0.720458551
vt 0.865234375 0.658203125
vt 0.927489801 0.658203125
vt 0.927489801 0.741210360
vt 0.865234375 0.658203125
vt 0.927489801 0.741210360
vt 0.865234375 0.741210360
vt 0.003906250 0.658203125
vt 0.095214208 0.658203125
vt 0.095214208 0.741210360
vt 0.003906250 0.658203125
vt 0.095214208 0.741210360
vt 0.003906250 0.741210360
vt 0.004883390 0.812255426
vt 0.004883390 0.750000000
vt 0.087890625 0.750000000
vt 0.004883390 0.812255426
vt 0.087890625 0.750000000
vt 0.087890625 0.812255426
vt 0.194823583 0.741210360
vt 0.103515625 0.741210360
vt 0.103515625 0.658203125
vt 0.194823583 0.741210360
vt 0.103515625 0.658203125
vt 0.194823583 0.658203125
vt 0.394531250 0.658203125
vt 0.394531250 0.720458551
vt 0.303223292 0.720458551
vt 0.394531250 0.658203125
vt 0.303223292 0.720458551
vt 0.303223292 0.658203125
vt 0.290981131 0.820312500
vt 0.302734375 0.820312500
vt 0.302734375 0.878417564
vt 0.290981131 0.820312500
vt 0.302734375 0.878417564
vt 0.290981131 0.878417564
vt 0.312465506 0.820312500
vt 0.324218750 0.820312500
vt 0.324218750 0.878417564
vt 0.312465506 0.820312500
vt 0.324218750 0.878417564
vt 0.312465506 0.878417564
vt 0.333949881 0.820312500
vt 0.345703125 0.820312500
vt 0.345703125 0.878417564
vt 0.333949881 0.820312500
vt 0.345703125 0.878417564
vt 0.333949881 0.878417564
vt 0.355434256 0.820312500
vt 0.367187500 0.820312500
vt 0.367187500 0.878417564
vt 0.355434256 0.820312500
vt 0.367187500 0.878417564
vt 0.355434256 0.878417564
vt 0.376918631 0.820312500
vt 0.388671875 0.820312500
vt 0.388671875 0.878417564
vt 0.376918631 0.820312500
vt 0.388671875 0.878417564
vt 0.376918631 0.878417564
vt 0.398403006 0.820312500
vt 0.410156250 0.820312500
vt 0.410156250 0.878417564
vt 0.398403006 0.820312500
vt 0.410156250 0.878417564
vt 0.398403006 0.878417564
vt 0.419887381 0.820312500
vt 0.431640625 0.820312500
vt 0.431640625 0.878417564
vt 0.419887381 0.820312500
vt 0.431640625 0.878417564
vt 0.419887381 0.878417564
vt 0.441371756 0.820312500
vt 0.453125000 0.820312500
vt 0.453125000 0.878417564
vt 0.441371756 0.820312500
vt 0.453125000 0.878417564
vt 0.441371756 0.878417564
vt 0.299652430 0.920746180
vt 0.288793838 0.925243927
vt 0.288793838 0.909887588
vt 0.304150177 0.909887588
vt 0.299652430 0.920746180
vt 0.288793838 0.909887588
vt 0.299652430 0.899028997
vt 0.304150177 0.909887588
vt 0.288793838 0.909887588
vt 0.288793838 0.894531250
vt 0.299652430 0.899028997
vt 0.288793838 0.909887588
vt 0.277935247 0.899028997
vt 0.288793838 0.894531250
vt 0.288793838 0.909887588
vt 0.273437500 0.909887588
vt 0.277935247 0.899028997
vt 0.288793838 0.909887588
vt 0.277935247 0.920746180
vt 0.273437500 0.909887588
vt 0.288793838 0.909887588
vt 0.288793838 0.925243927
vt 0.277935247 0.920746180
vt 0.288793838 0.909887588
vt 0.327856338 0.909887588
vt 0.327856338 0.894531250
vt 0.338714930 0.899028997
vt 0.327856338 0.909887588
vt 0.338714930 0.899028997
vt 0.343212677 0.909887588
vt 0.327856338 0.909887588
vt 0.343212677 0.909887588
vt 0.338714930 0.920746180
vt 0.327856338 0.909887588
vt 0.338714930 0.920746180
vt 0.327856338 0.925243927
vt 0.327856338 0.909887588
vt 0.327856338 0.925243927
vt 0.316997747 0.920746180
vt 0.327856338 0.909887588
vt 0.316997747 0.920746180
vt 0.312500000 0.909887588
vt 0.327856338 0.909887588
vt 0.312500000 0.909887588
vt 0.316997747 0.899028997
vt 0.327856338 0.909887588
vt 0.316997747 0.899028997
vt 0.327856338 0.894531250
vt 0.144531250 0.568846905
vt 0.144531250 0.460937500
vt 0.248290293 0.460937500
vt 0.144531250 0.568846905
vt 0.248290293 0.460937500
vt 0.248290293 0.568846905
vt 0.515625000 0.460937500
vt 0.515625000 0.564696543
vt 0.474121383 0.564696543
vt 0.515625000 0.460937500
vt 0.474121383 0.564696543
vt 0.474121383 0.460937500
vt 0.414062500 0.460937500
vt 0.414062500 0.568846905
vt 0.372558883 0.568846905
vt 0.414062500 0.460937500
vt 0.372558883 0.568846905
vt 0.372558883 0.460937500
vt 0.524902633 0.564696543
vt 0.524902633 0.460937500
vt 0.566406250 0.460937500
vt 0.524902633 0.564696543
vt 0.566406250 0.460937500
vt 0.566406250 0.564696543
vt 0.423340133 0.568846905
vt 0.423340133 0.460937500
vt 0.464843750 0.460937500
vt 0.423340133 0.568846905
vt 0.464843750 0.460937500
vt 0.464843750 0.568846905
vt 0.257812500 0.460937500
vt 0.361571543 0.460937500
vt 0.361571543 0.568846905
vt 0.257812500 0.460937500
vt 0.361571543 0.568846905
vt 0.257812500 0.568846905
vt 0.005371614 0.820312500
vt 0.080078125 0.820312500
vt 0.080078125 0.886718288
vt 0.005371614 0.820312500
vt 0.080078125 0.886718288
vt 0.005371614 0.886718288
vt 0.681640625 0.658203125
vt 0.681640625 0.724608913
vt 0.594483029 0.724608913
vt 0.681640625 0.658203125
vt 0.594483029 0.724608913
vt 0.594483029 0.658203125
vt 0.490234375 0.658203125
vt 0.490234375 0.732909636
vt 0.403076779 0.732909636
vt 0.490234375 0.658203125
vt 0.403076779 0.732909636
vt 0.403076779 0.658203125
vt 0.690186154 0.724608913
vt 0.690186154 0.658203125
vt 0.777343750 0.658203125
vt 0.690186154 0.724608913
vt 0.777343750 0.658203125
vt 0.777343750 0.724608913
vt 0.498779904 0.732909636
vt 0.498779904 0.658203125
vt 0.585937500 0.658203125
vt 0.498779904 0.732909636
vt 0.585937500 0.658203125
vt 0.585937500 0.732909636
vt 0.164062500 0.820312500
vt 0.164062500 0.886718288
vt 0.089355989 0.886718288
vt 0.164062500 0.820312500
vt 0.089355989 0.886718288
vt 0.089355989 0.820312500
vt 0.978515625 0.732909636
vt 0.978515625 0.658203125
vt 0.988476493 0.658203125
vt 0.978515625 0.732909636
vt 0.988476493 0.658203125
vt 0.988476493 0.732909636
vt 0.644531250 0.894531250
vt 0.644531250 0.904492118
vt 0.642871105 0.904492118
vt 0.644531250 0.894531250
vt 0.642871105 0.904492118
vt 0.642871105 0.894531250
vt 0.677734375 0.306640625
vt 0.752440886 0.306640625
vt 0.752440886 0.308300770
vt 0.677734375 0.306640625
vt 0.752440886 0.308300770
vt 0.677734375 0.308300770
vt 0.654589855 0.904492118
vt 0.654589855 0.894531250
vt 0.656250000 0.894531250
vt 0.654589855 0.904492118
vt 0.656250000 0.894531250
vt 0.656250000 0.904492118
vt 0.836425261 0.308300770
vt 0.761718750 0.308300770
vt 0.761718750 0.306640625
vt 0.836425261 0.308300770
vt 0.761718750 0.306640625
vt 0.836425261 0.306640625
vt 0.419921875 0.597656250
vt 0.419921875 0.607617118
vt 0.345215364 0.607617118
vt 0.419921875 0.597656250
vt 0.345215364 0.607617118
vt 0.345215364 0.597656250
vt 0.003906250 0.649824350
vt 0.003906250 0.626953125
vt 0.099364570 0.626953125
vt 0.003906250 0.649824350
vt 0.099364570 0.626953125
vt 0.099364570 0.649824350
vt 0.107421875 0.649824350
vt 0.107421875 0.626953125
vt 0.202880195 0.626953125
vt 0.107421875 0.649824350
vt 0.202880195 0.626953125
vt 0.202880195 0.649824350
vt 0.210937500 0.649824350
vt 0.210937500 0.626953125
vt 0.306395820 0.626953125
vt 0.210937500 0.649824350
vt 0.306395820 0.626953125
vt 0.306395820 0.649824350
vt 0.314453125 0.649824350
vt 0.314453125 0.626953125
vt 0.409911445 0.626953125
vt 0.314453125 0.649824350
vt 0.409911445 0.626953125
vt 0.409911445 0.649824350
vt 0.417968750 0.649824350
vt 0.417968750 0.626953125
vt 0.513427070 0.626953125
vt 0.417968750 0.649824350
vt 0.513427070 0.626953125
vt 0.513427070 0.649824350
vt 0.521484375 0.649824350
vt 0.521484375 0.626953125
vt 0.616942695 0.626953125
vt 0.521484375 0.649824350
vt 0.616942695 0.626953125
vt 0.616942695 0.649824350
vt 0.625000000 0.649824350
vt 0.625000000 0.626953125
vt 0.720458320 0.626953125
vt 0.625000000 0.649824350
vt 0.720458320 0.626953125
vt 0.720458320 0.649824350
vt 0.728515625 0.649824350
vt 0.728515625 0.626953125
vt 0.823973945 0.626953125
vt 0.728515625 0.649824350
vt 0.823973945 0.626953125
vt 0.823973945 0.649824350
vt 0.728747301 0.758752283
vt 0.737499584 0.779882604
vt 0.707616979 0.779882604
vt 0.707616979 0.750000000
vt 0.728747301 0.758752283
vt 0.707616979 0.779882604
vt 0.686486658 0.758752283
vt 0.707616979 0.750000000
vt 0.707616979 0.779882604
vt 0.677734375 0.779882604
vt 0.686486658 0.758752283
vt 0.707616979 0.779882604
vt 0.686486658 0.801012926
vt 0.677734375 0.779882604
vt 0.707616979 0.779882604
vt 0.707616979 0.809765209
vt 0.686486658 0.801012926
vt 0.707616979 0.779882604
vt 0.728747301 0.801012926
vt 0.707616979 0.809765209
vt 0.707616979 0.779882604
vt 0.737499584 0.779882604
vt 0.728747301 0.801012926
vt 0.707616979 0.779882604
vt 0.775976354 0.779882604
vt 0.775976354 0.750000000
vt 0.797106676 0.758752283
vt 0.775976354 0.779882604
vt 0.797106676 0.758752283
vt 0.805858959 0.779882604
vt 0.775976354 0.779882604
vt 0.805858959 0.779882604
vt 0.797106676 0.801012926
vt 0.775976354 0.779882604
vt 0.797106676 0.801012926
vt 0.775976354 0.809765209
vt 0.775976354 0.779882604
vt 0.775976354 0.809765209
vt 0.754846033 0.801012926
vt 0.775976354 0.779882604
vt 0.754846033 0.801012926
vt 0.746093750 0.779882604
vt 0.775976354 0.779882604
vt 0.746093750 0.779882604
vt 0.754846033 0.758752283
vt 0.775976354 0.779882604
vt 0.754846033 0.758752283
vt 0.775976354 0.750000000
vt 0.353393569 0.894531250
vt 0.355468750 0.894531250
vt 0.355468750 0.925609159
vt 0.353393569 0.894531250
vt 0.355468750 0.925609159
vt 0.353393569 0.925609159
vt 0.914062500 0.820312500
vt 0.945140409 0.820312500
vt 0.945140409 0.856586661
vt 0.914062500 0.820312500
vt 0.945140409 0.856586661
vt 0.914062500 0.856586661
vt 0.992187500 0.820312500
vt 0.994262681 0.820312500
vt 0.994262681 0.856586661
vt 0.992187500 0.820312500
vt 0.994262681 0.856586661
vt 0.992187500 0.856586661
vt 0.984202909 0.856586661
vt 0.953125000 0.856586661
vt 0.953125000 0.820312500
vt 0.984202909 0.856586661
vt 0.953125000 0.820312500
vt 0.984202909 0.820312500
vt 0.158325181 0.930805411
vt 0.156250000 0.930805411
vt 0.156250000 0.894531250
vt 0.158325181 0.930805411
vt 0.156250000 0.894531250
vt 0.158325181 0.894531250
vt 0.367187500 0.894531250
vt 0.367187500 0.925609159
vt 0.365112319 0.925609159
vt 0.367187500 0.894531250
vt 0.365112319 0.925609159
vt 0.365112319 0.894531250
vt 0.575832372 0.460937500
vt 0.601562500 0.460937500
vt 0.601562500 0.564696543
vt 0.575832372 0.460937500
vt 0.601562500 0.564696543
vt 0.575832372 0.564696543
vt 0.610988622 0.460937500
vt 0.636718750 0.460937500
vt 0.636718750 0.564696543
vt 0.610988622 0.460937500
vt 0.636718750 0.564696543
vt 0.610988622 0.564696543
vt 0.646144872 0.460937500
vt 0.671875000 0.460937500
vt 0.671875000 0.564696543
vt 0.646144872 0.460937500
vt 0.671875000 0.564696543
vt 0.646144872 0.564696543
vt 0.681301122 0.460937500
vt 0.707031250 0.460937500
vt 0.707031250 0.564696543
vt 0.681301122 0.460937500
vt 0.707031250 0.564696543
vt 0.681301122 0.564696543
vt 0.716457372 0.460937500
vt 0.742187500 0.460937500
vt 0.742187500 0.564696543
vt 0.716457372 0.460937500
vt 0.742187500 0.564696543
vt 0.716457372 0.564696543
vt 0.751613622 0.460937500
vt 0.777343750 0.460937500
vt 0.777343750 0.564696543
vt 0.751613622 0.460937500
vt 0.777343750 0.564696543
vt 0.751613622 0.564696543
vt 0.786769872 0.460937500
vt 0.812500000 0.460937500
vt 0.812500000 0.564696543
vt 0.786769872 0.460937500
vt 0.812500000 0.564696543
vt 0.786769872 0.564696543
vt 0.821926122 0.460937500
vt 0.847656250 0.460937500
vt 0.847656250 0.564696543
vt 0.821926122 0.460937500
vt 0.847656250 0.564696543
vt 0.821926122 0.564696543
vt 0.061295792 0.951920792
vt 0.037524180 0.961767110
vt 0.037524180 0.928149180
vt 0.071142110 0.928149180
vt 0.061295792 0.951920792
vt 0.037524180 0.928149180
vt 0.061295792 0.904377568
vt 0.071142110 0.928149180
vt 0.037524180 0.928149180
vt 0.037524180 0.894531250
vt 0.061295792 0.904377568
vt 0.037524180 0.928149180
vt 0.013752568 0.904377568
vt 0.037524180 0.894531250
vt 0.037524180 0.928149180
vt 0.003906250 0.928149180
vt 0.013752568 0.904377568
vt 0.037524180 0.928149180
vt 0.013752568 0.951920792
vt 0.003906250 0.928149180
vt 0.037524180 0.928149180
vt 0.037524180 0.961767110
vt 0.013752568 0.951920792
vt 0.037524180 0.928149180
vt 0.113696055 0.928149180
vt 0.113696055 0.894531250
vt 0.137467667 0.904377568
vt 0.113696055 0.928149180
vt 0.137467667 0.904377568
vt 0.147313985 0.928149180
vt 0.113696055 0.928149180
vt 0.147313985 0.928149180
vt 0.137467667 0.951920792
vt 0.113696055 0.928149180
vt 0.137467667 0.951920792
vt 0.113696055 0.961767110
vt 0.113696055 0.928149180
vt 0.113696055 0.961767110
vt 0.089924443 0.951920792
vt 0.113696055 0.928149180
vt 0.089924443 0.951920792
vt 0.080078125 0.928149180
vt 0.113696055 0.928149180
vt 0.080078125 0.928149180
vt 0.089924443 0.904377568
vt 0.113696055 0.928149180
vt 0.089924443 0.904377568
vt 0.113696055 0.894531250
vt 0.169799819 0.894531250
vt 0.171875000 0.894531250
vt 0.171875000 0.929493897
vt 0.169799819 0.894531250
vt 0.171875000 0.929493897
vt 0.169799819 0.929493897
vt 0.730468750 0.820312500
vt 0.765431397 0.820312500
vt 0.765431397 0.859740936
vt 0.730468750 0.820312500
vt 0.765431397 0.859740936
vt 0.730468750 0.859740936
vt 0.890625000 0.820312500
vt 0.892700181 0.820312500
vt 0.892700181 0.859740936
vt 0.890625000 0.820312500
vt 0.892700181 0.859740936
vt 0.890625000 0.859740936
vt 0.808400147 0.859740936
vt 0.773437500 0.859740936
vt 0.773437500 0.820312500
vt 0.808400147 0.859740936
vt 0.773437500 0.820312500
vt 0.808400147 0.820312500
vt 0.904418931 0.859740936
vt 0.902343750 0.859740936
vt 0.902343750 0.820312500
vt 0.904418931 0.859740936
vt 0.902343750 0.820312500
vt 0.904418931 0.820312500
vt 0.183593750 0.894531250
vt 0.183593750 0.929493897
vt 0.181518569 0.929493897
vt 0.183593750 0.894531250
vt 0.181518569 0.929493897
vt 0.181518569 0.894531250
f 1/1/1 2/2/2 3/3/3
f 4/4/4 5/5/5 6/6/6
f 7/7/7 8/8/8 9/9/9
f 10/10/10 11/11/11 12/12/12
f 13/13/13 14/14/14 15/15/15
f 16/16/16 17/17/17 18/18/18
f 19/19/19 20/20/20 21/21/21
f 22/22/22 23/23/23 24/24/24
f 25/25/25 26/26/26 27/27/27
f 28/28/28 29/29/29 30/30/30
f 31/31/31 32/32/32 33/33/33
f 34/34/34 35/35/35 36/36/36
f 37/37/37 38/38/38 39/39/39
f 40/40/40 41/41/41 42/42/42
f 43/43/43 44/44/44 45/45/45
f 46/46/46 47/47/47 48/48/48
f 49/49/49 50/50/50 51/51/51
f 52/52/52 53/53/53 54/54/54
f 55/55/55 56/56/56 57/57/57
f 58/58/58 59/59/59 60/60/60
f 61/61/61 62/62/62 63/63/63
f 64/64/64 65/65/65 66/66/66
f 67/67/67 68/68/68 69/69/69
f 70/70/70 71/71/71 72/72/72
f 73/73/73 74/74/74 75/75/75
f 76/76/76 77/77/77 78/78/78
f 79/79/79 80/80/80 81/81/81
f 82/82/82 83/83/83 84/84/84
f 85/85/85 86/86/86 87/87/87
f 88/88/88 89/89/89 90/90/90
f 91/91/91 92/92/92 93/93/93
f 94/94/94 95/95/95 96/96/96
f 97/97/97 98/98/98 99/99/99
f 100/100/100 101/101/101 102/102/102
f 103/103/103 104/104/104 105/105/105
f 106/106/106 107/107/107 108/108/108
f 109/109/109 110/110/110 111/111/111
f 112/112/112 113/113/113 114/114/114
f 115/115/115 116/116/116 117/117/117
f 118/118/118 119/119/119 120/120/120
f 121/121/121 122/122/122 123/123/123
f 124/124/124 125/125/125 126/126/126
f 127/127/127 128/128/128 129/129/129
f 130/130/130 131/131/131 132/132/132
f 133/133/133 134/134/134 135/135/135
f 136/136/136 137/137/137 138/138/138
f 139/139/139 140/140/140 141/141/141
f 142/142/142 143/143/143 144/144/144
f 145/145/145 146/146/146 147/147/147
f 148/148/148 149/149/149 150/150/150
f 151/151/151 152/152/152 153/153/153
f 154/154/154 155/155/155 156/156/156
f 157/157/157 158/158/158 159/159/159
f 160/160/160 161/161/161 162/162/162
f 163/163/163 164/164/164 165/165/165
f 166/166/166 167/167/167 168/168/168
f 169/169/169 170/170/170 171/171/171
f 172/172/172 173/173/173 174/174/174
f 175/175/175 176/176/176 177/177/177
f 178/178/178 179/179/179 180/180/180
f 181/181/181 182/182/182 183/183/183
f 184/184/184 185/185/185 186/186/186
f 187/187/187 188/188/188 189/189/189
f 190/190/190 191/191/191 192/192/192
f 193/193/193 194/194/194 195/195/195
f 196/196/196 197/197/197 198/198/198
f 199/199/199 200/200/200 201/201/201
f 202/202/202 203/203/203 204/204/204
f 205/205/205 206/206/206 207/207/207
f 208/208/208 209/209/209 210/210/210
f 211/211/211 212/212/212 213/213/213
f 214/214/214 215/215/215 216/216/216
f 217/217/217 218/218/218 219/219/219
f 220/220/220 221/221/221 222/222/222
f 223/223/223 224/224/224 225/225/225
f 226/226/226 227/227/227 228/228/228
f 229/229/229 230/230/230 231/231/231
f 232/232/232 233/233/233 234/234/234
f 235/235/235 236/236/236 237/237/237
f 238/238/238 239/239/239 240/240/240
f 241/241/241 242/242/242 243/243/243
f 244/244/244 245/245/245 246/246/246
f 247/247/247 248/248/248 249/249/249
f 250/250/250 251/251/251 252/252/252
f 253/253/253 254/254/254 255/255/255
f 256/256/256 257/257/257 258/258/258
f 259/259/259 260/260/260 261/261/261
f 262/262/262 263/263/263 264/264/264
f 265/265/265 266/266/266 267/267/267
f 268/268/268 269/269/269 270/270/270
f 271/271/271 272/272/272 273/273/273
f 274/274/274 275/275/275 276/276/276
f 277/277/277 278/278/278 279/279/279
f 280/280/280 281/281/281 282/282/282
f 283/283/283 284/284/284 285/285/285
f 286/286/286 287/287/287 288/288/288
f 289/289/289 290/290/290 291/291/291
f 292/292/292 293/293/293 294/294/294
f 295/295/295 296/296/296 297/297/297
f 298/298/298 299/299/299 300/300/300
f 301/301/301 302/302/302 303/303/303
f 304/304/304 305/305/305 306/306/306
f 307/307/307 308/308/308 309/309/309
f 310/310/310 311/311/311 312/312/312
f 313/313/313 314/314/314 315/315/315
f 316/316/316 317/317/317 318/318/318
f 319/319/319 320/320/320 321/321/321
f 322/322/322 323/323/323 324/324/324
f 325/325/325 326/326/326 327/327/327
f 328/328/328 329/329/329 330/330/330
f 331/331/331 332/332/332 333/333/333
f 334/334/334 335/335/335 336/336/336
f 337/337/337 338/338/338 339/339/339
f 340/340/340 341/341/341 342/342/342
f 343/343/343 344/344/344 345/345/345
f 346/346/346 347/347/347 348/348/348
f 349/349/349 350/350/350 351/351/351
f 352/352/352 353/353/353 354/354/354
f 355/355/355 356/356/356 357/357/357
f 358/358/358 359/359/359 360/360/360
f 361/361/361 362/362/362 363/363/363
f 364/364/364 365/365/365 366/366/366
f 367/367/367 368/368/368 369/369/369
f 370/370/370 371/371/371 372/372/372
f 373/373/373 374/374/374 375/375/375
f 376/376/376 377/377/377 378/378/378
f 379/379/379 380/380/380 381/381/381
f 382/382/382 383/383/383 384/384/384
f 385/385/385 386/386/386 387/387/387
f 388/388/388 389/389/389 390/390/390
f 391/391/391 392/392/392 393/393/393
f 394/394/394 395/395/395 396/396/396
f 397/397/397 398/398/398 399/399/399
f 400/400/400 401/401/401 402/402/402
f 403/403/403 404/404/404 405/405/405
f 406/406/406 407/407/407 408/408/408
f 409/409/409 410/410/410 411/411/411
f 412/412/412 413/413/413 414/414/414
f 415/415/415 416/416/416 417/417/417
f 418/418/418 419/419/419 420/420/420
f 421/421/421 422/422/422 423/423/423
f 424/424/424 425/425/425 426/426/426
f 427/427/427 428/428/428 429/429/429
f 430/430/430 431/431/431 432/432/432
f 433/433/433 434/434/434 435/435/435
f 436/436/436 437/437/437 438/438/438
f 439/439/439 440/440/440 441/441/441
f 442/442/442 443/443/443 444/444/444
f 445/445/445 446/446/446 447/447/447
f 448/448/448 449/449/449 450/450/450
f 451/451/451 452/452/452 453/453/453
f 454/454/454 455/455/455 456/456/456
f 457/457/457 458/458/458 459/459/459
f 460/460/460 461/461/461 462/462/462
f 463/463/463 464/464/464 465/465/465
f 466/466/466 467/467/467 468/468/468
f 469/469/469 470/470/470 471/471/471
f 472/472/472 473/473/473 474/474/474
f 475/475/475 476/476/476 477/477/477
f 478/478/478 479/479/479 480/480/480
f 481/481/481 482/482/482 483/483/483
f 484/484/484 485/485/485 486/486/486
f 487/487/487 488/488/488 489/489/489
f 490/490/490 491/491/491 492/492/492
f 493/493/493 494/494/494 495/495/495
f 496/496/496 497/497/497 498/498/498
f 499/499/499 500/500/500 501/501/501
f 502/502/502 503/503/503 504/504/504
f 505/505/505 506/506/506 507/507/507
f 508/508/508 509/509/509 510/510/510
f 511/511/511 512/512/512 513/513/513
f 514/514/514 515/515/515 516/516/516
f 517/517/517 518/518/518 519/519/519
f 520/520/520 521/521/521 522/522/522
f 523/523/523 524/524/524 525/525/525
f 526/526/526 527/527/527 528/528/528
f 529/529/529 530/530/530 531/531/531
f 532/532/532 533/533/533 534/534/534
f 535/535/535 536/536/536 537/537/537
f 538/538/538 539/539/539 540/540/540
f 541/541/541 542/542/542 543/543/543
f 544/544/544 545/545/545 546/546/546
f 547/547/547 548/548/548 549/549/549
f 550/550/550 551/551/551 552/552/552
f 553/553/553 554/554/554 555/555/555
f 556/556/556 557/557/557 558/558/558
f 559/559/559 560/560/560 561/561/561
f 562/562/562 563/563/563 564/564/564
f 565/565/565 566/566/566 567/567/567
f 568/568/568 569/569/569 570/570/570
f 571/571/571 572/572/572 573/573/573
f 574/574/574 575/575/575 576/576/576
f 577/577/577 578/578/578 579/579/579
f 580/580/580 581/581/581 582/582/582
f 583/583/583 584/584/584 585/585/585
f 586/586/586 587/587/587 588/588/588
f 589/589/589 590/590/590 591/591/591
f 592/592/592 593/593/593 594/594/594
f 595/595/595 596/596/596 597/597/597
f 598/598/598 599/599/599 600/600/600
f 601/601/601 602/602/602 603/603/603
f 604/604/604 605/605/605 606/606/606
f 607/607/607 608/608/608 609/609/609
f 610/610/610 611/611/611 612/612/612
f 613/613/613 614/614/614 615/615/615
f 616/616/616 617/617/617 618/618/618
f 619/619/619 620/620/620 621/621/621
f 622/622/622 623/623/623 624/624/624
f 625/625/625 626/626/626 627/627/627
f 628/628/628 629/629/629 630/630/630
f 631/631/631 632/632/632 633/633/633
f 634/634/634 635/635/635 636/636/636
f 637/637/637 638/638/638 639/639/639
f 640/640/640 641/641/641 642/642/642
f 643/643/643 644/644/644 645/645/645
f 646/646/646 647/647/647 648/648/648
f 649/649/649 650/650/650 651/651/651
f 652/652/652 653/653/653 654/654/654
f 655/655/655 656/656/656 657/657/657
f 658/658/658 659/659/659 660/660/660
f 661/661/661 662/662/662 663/663/663
f 664/664/664 665/665/665 666/666/666
f 667/667/667 668/668/668 669/669/669
f 670/670/670 671/671/671 672/672/672
f 673/673/673 674/674/674 675/675/675
f 676/676/676 677/677/677 678/678/678
f 679/679/679 680/680/680 681/681/681
f 682/682/682 683/683/683 684/684/684
f 685/685/685 686/686/686 687/687/687
f 688/688/688 689/689/689 690/690/690
f 691/691/691 692/692/692 693/693/693
f 694/694/694 695/695/695 696/696/696
f 697/697/697 698/698/698 699/699/699
f 700/700/700 701/701/701 702/702/702
f 703/703/703 704/704/704 705/705/705
f 706/706/706 707/707/707 708/708/708
f 709/709/709 710/710/710 711/711/711
f 712/712/712 713/713/713 714/714/714
f 715/715/715 716/716/716 717/717/717
f 718/718/718 719/719/719 720/720/720
f 721/721/721 722/722/722 723/723/723
f 724/724/724 725/725/725 726/726/726
f 727/727/727 728/728/728 729/729/729
f 730/730/730 731/731/731 732/732/732
f 733/733/733 734/734/734 735/735/735
f 736/736/736 737/737/737 738/738/738
f 739/739/739 740/740/740 741/741/741
f 742/742/742 743/743/743 744/744/744
f 745/745/745 746/746/746 747/747/747
f 748/748/748 749/749/749 750/750/750
f 751/751/751 752/752/752 753/753/753
f 754/754/754 755/755/755 756/756/756
f 757/757/757 758/758/758 759/759/759
f 760/760/760 761/761/761 762/762/762
f 763/763/763 764/764/764 765/765/765
f 766/766/766 767/767/767 768/768/768
f 769/769/769 770/770/770 771/771/771
f 772/772/772 773/773/773 774/774/774
f 775/775/775 776/776/776 777/777/777
f 778/778/778 779/779/779 780/780/780
f 781/781/781 782/782/782 783/783/783
f 784/784/784 785/785/785 786/786/786
f 787/787/787 788/788/788 789/789/789
f 790/790/790 791/791/791 792/792/792
f 793/793/793 794/794/794 795/795/795
f 796/796/796 797/797/797 798/798/798
f 799/799/799 800/800/800 801/801/801
f 802/802/802 803/803/803 804/804/804
f 805/805/805 806/806/806 807/807/807
f 808/808/808 809/809/809 810/810/810
f 811/811/811 812/812/812 813/813/813
f 814/814/814 815/815/815 816/816/816
f 817/817/817 818/818/818 819/819/819
f 820/820/820 821/821/821 822/822/822
f 823/823/823 824/824/824 825/825/825
f 826/826/826 827/827/827 828/828/828
f 829/829/829 830/830/830 831/831/831
f 832/832/832 833/833/833 834/834/834
f 835/835/835 836/836/836 837/837/837
f 838/838/838 839/839/839 840/840/840
f 841/841/841 842/842/842 843/843/843
f 844/844/844 845/845/845 846/846/846
f 847/847/847 848/848/848 849/849/849
f 850/850/850 851/851/851 852/852/852
f 853/853/853 854/854/854 855/855/855
f 856/856/856 857/857/857 858/858/858
f 859/859/859 860/860/860 861/861/861
f 862/862/862 863/863/863 864/864/864
f 865/865/865 866/866/866 867/867/867
f 868/868/868 869/869/869 870/870/870
f 871/871/871 872/872/872 873/873/873
f 874/874/874 875/875/875 876/876/876
f 877/877/877 878/878/878 879/879/879
f 880/880/880 881/881/881 882/882/882
f 883/883/883 884/884/884 885/885/885
f 886/886/886 887/887/887 888/888/888
f 889/889/889 890/890/890 891/891/891
f 892/892/892 893/893/893 894/894/894
f 895/895/895 896/896/896 897/897/897
f 898/898/898 899/899/899 900/900/900
f 901/901/901 902/902/902 903/903/903
f 904/904/904 905/905/905 906/906/906
f 907/907/907 908/908/908 909/909/909
f 910/910/910 911/911/911 912/912/912
f 913/913/913 914/914/914 915/915/915
f 916/916/916 917/917/917 918/918/918
f 919/919/919 920/920/920 921/921/921
f 922/922/922 923/923/923 924/924/924
f 925/925/925 926/926/926 927/927/927
f 928/928/928 929/929/929 930/930/930
f 931/931/931 932/932/932 933/933/933
f 934/934/934 935/935/935 936/936/936
f 937/937/937 938/938/938 939/939/939
f 940/940/940 941/941/941 942/942/942
f 943/943/943 944/944/944 945/945/945
f 946/946/946 947/947/947 948/948/948
f 949/949/949 950/950/950 951/951/951
f 952/952/952 953/953/953 954/954/954
f 955/955/955 956/956/956 957/957/957
f 958/958/958 959/959/959 960/960/960
f 961/961/961 962/962/962 963/963/963
f 964/964/964 965/965/965 966/966/966
f 967/967/967 968/968/968 969/969/969
f 970/970/970 971/971/971 972/972/972
f 973/973/973 974/974/974 975/975/975
f 976/976/976 977/977/977 978/978/978
f 979/979/979 980/980/980 981/981/981
f 982/982/982 983/983/983 984/984/984
f 985/985/985 986/986/986 987/987/987
f 988/988/988 989/989/989 990/990/990
f 991/991/991 992/992/992 993/993/993
f 994/994/994 995/995/995 996/996/996
f 997/997/997 998/998/998 999/999/999
f 1000/1000/1000 1001/1001/1001 1002/1002/1002
f 1003/1003/1003 1004/1004/1004 1005/1005/1005
f 1006/1006/1006 1007/1007/1007 1008/1008/1008
f 1009/1009/1009 1010/1010/1010 1011/1011/1011
f 1012/1012/1012 1013/1013/1013 1014/1014/1014
f 1015/1015/1015 1016/1016/1016 1017/1017/1017
f 1018/1018/1018 1019/1019/1019 1020/1020/1020
f 1021/1021/1021 1022/1022/1022 1023/1023/1023
f 1024/1024/1024 1025/1025/1025 1026/1026/1026
f 1027/1027/1027 1028/1028/1028 1029/1029/1029
f 1030/1030/1030 1031/1031/1031 1032/1032/1032
f 1033/1033/1033 1034/1034/1034 1035/1035/1035
f 1036/1036/1036 1037/1037/1037 1038/1038/1038
f 1039/1039/1039 1040/1040/1040 1041/1041/1041
f 1042/1042/1042 1043/1043/1043 1044/1044/1044
f 1045/1045/1045 1046/1046/1046 1047/1047/1047
f 1048/1048/1048 1049/1049/1049 1050/1050/1050
f 1051/1051/1051 1052/1052/1052 1053/1053/1053
f 1054/1054/1054 1055/1055/1055 1056/1056/1056
f 1057/1057/1057 1058/1058/1058 1059/1059/1059
f 1060/1060/1060 1061/1061/1061 1062/1062/1062
f 1063/1063/1063 1064/1064/1064 1065/1065/1065
f 1066/1066/1066 1067/1067/1067 1068/1068/1068
f 1069/1069/1069 1070/1070/1070 1071/1071/1071
f 1072/1072/1072 1073/1073/1073 1074/1074/1074
f 1075/1075/1075 1076/1076/1076 1077/1077/1077
f 1078/1078/1078 1079/1079/1079 1080/1080/1080
f 1081/1081/1081 1082/1082/1082 1083/1083/1083
f 1084/1084/1084 1085/1085/1085 1086/1086/1086
f 1087/1087/1087 1088/1088/1088 1089/1089/1089
f 1090/1090/1090 1091/1091/1091 1092/1092/1092
f 1093/1093/1093 1094/1094/1094 1095/1095/1095
f 1096/1096/1096 1097/1097/1097 1098/1098/1098
f 1099/1099/1099 1100/1100/1100 1101/1101/1101
f 1102/1102/1102 1103/1103/1103 1104/1104/1104
f 1105/1105/1105 1106/1106/1106 1107/1107/1107
f 1108/1108/1108 1109/1109/1109 1110/1110/1110
f 1111/1111/1111 1112/1112/1112 1113/1113/1113
f 1114/1114/1114 1115/1115/1115 1116/1116/1116
f 1117/1117/1117 1118/1118/1118 1119/1119/1119
f 1120/1120/1120 1121/1121/1121 1122/1122/1122
f 1123/1123/1123 1124/1124/1124 1125/1125/1125
f 1126/1126/1126 1127/1127/1127 1128/1128/1128
f 1129/1129/1129 1130/1130/1130 1131/1131/1131
f 1132/1132/1132 1133/1133/1133 1134/1134/1134
f 1135/1135/1135 1136/1136/1136 1137/1137/1137
f 1138/1138/1138 1139/1139/1139 1140/1140/1140
f 1141/1141/1141 1142/1142/1142 1143/1143/1143
f 1144/1144/1144 1145/1145/1145 1146/1146/1146
f 1147/1147/1147 1148/1148/1148 1149/1149/1149
f 1150/1150/1150 1151/1151/1151 1152/1152/1152
f 1153/1153/1153 1154/1154/1154 1155/1155/1155
f 1156/1156/1156 1157/1157/1157 1158/1158/1158
f 1159/1159/1159 1160/1160/1160 1161/1161/1161
f 1162/1162/1162 1163/1163/1163 1164/1164/1164
f 1165/1165/1165 1166/1166/1166 1167/1167/1167
f 1168/1168/1168 1169/1169/1169 1170/1170/1170
f 1171/1171/1171 1172/1172/1172 1173/1173/1173
f 1174/1174/1174 1175/1175/1175 1176/1176/1176
f 1177/1177/1177 1178/1178/1178 1179/1179/1179
f 1180/1180/1180 1181/1181/1181 1182/1182/1182
f 1183/1183/1183 1184/1184/1184 1185/1185/1185
f 1186/1186/1186 1187/1187/1187 1188/1188/1188
f 1189/1189/1189 1190/1190/1190 1191/1191/1191
f 1192/1192/1192 1193/1193/1193 1194/1194/1194
