# Live armchair snapshot. No scene changes. Gallery placement removed.
mtllib ../Materials/pz_chair_seating_indoor_03_victorian_5.mtl
o Victorian_5_|_EDITABLE_rolled_upholstered_arm_-1
usemtl UV_Base
v -0.460626066 0.473807842 0.547116995
vn 0.000000092 0.973417521 -0.229038104
v -0.312229156 0.473807842 0.547117054
vn 0.000000092 0.973417521 -0.229038104
v -0.386427641 0.467971563 0.522312701
vn 0.000000092 0.973417521 -0.229038104
vt 0.944972336 0.204241595
vt 0.976336710 0.204241583
vt 0.960654517 0.209627263
vt 0.938476562 0.191239413
vt 0.976336710 0.204241583
vt 0.944972336 0.204241595
vt 0.938476562 0.191239413
vt 0.982832478 0.191239413
vt 0.976336710 0.204241583
vt 0.944972336 0.178237241
vt 0.982832478 0.191239413
vt 0.938476562 0.191239413
vt 0.944972336 0.178237241
vt 0.976336704 0.178237229
vt 0.982832478 0.191239413
vt 0.960654510 0.172851562
vt 0.976336704 0.178237229
vt 0.944972336 0.178237241
vt 0.362078898 0.776870052
vt 0.330714524 0.776870052
vt 0.346396704 0.771484375
vt 0.368574665 0.789872224
vt 0.330714524 0.776870052
vt 0.362078898 0.776870052
vt 0.368574665 0.789872224
vt 0.324218750 0.789872224
vt 0.330714524 0.776870052
vt 0.362078879 0.802874409
vt 0.324218750 0.789872224
vt 0.368574665 0.789872224
vt 0.362078879 0.802874409
vt 0.330714524 0.802874395
vt 0.324218750 0.789872224
vt 0.362078879 0.802874409
vt 0.346396698 0.808260073
vt 0.330714524 0.802874395
vt 0.742849754 0.214843750
vt 0.758967868 0.217743063
vt 0.756397343 0.232048440
vt 0.742849754 0.214843750
vt 0.756397343 0.232048440
vt 0.740234375 0.229140994
vt 0.545043110 0.351562500
vt 0.561365209 0.352628039
vt 0.560286251 0.369174092
vt 0.545043110 0.351562500
vt 0.560286251 0.369174092
vt 0.543945312 0.368107313
vt 0.724609375 0.361924321
vt 0.740950307 0.360857531
vt 0.742029266 0.377403599
vt 0.724609375 0.361924321
vt 0.742029266 0.377403599
vt 0.725707168 0.378469136
vt 0.001953125 0.379650552
vt 0.018116093 0.376743104
vt 0.020686619 0.391048492
vt 0.001953125 0.379650552
vt 0.020686619 0.391048492
vt 0.004568512 0.393947812
vt 0.001953125 0.457702153
vt 0.018160949 0.454786558
vt 0.020731487 0.469091930
vt 0.001953125 0.457702153
vt 0.020731487 0.469091930
vt 0.004568517 0.471999391
vt 0.363281250 0.408734516
vt 0.379732048 0.407660459
vt 0.380811059 0.424206527
vt 0.363281250 0.408734516
vt 0.380811059 0.424206527
vt 0.364379101 0.425279344
vt 0.544066598 0.398437500
vt 0.560498556 0.399510314
vt 0.559419548 0.416056371
vt 0.544066598 0.398437500
vt 0.559419548 0.416056371
vt 0.542968750 0.414982316
vt 0.184256015 0.429687500
vt 0.200418986 0.432594958
vt 0.197848450 0.446900334
vt 0.184256015 0.429687500
vt 0.197848450 0.446900334
vt 0.181640625 0.443984742
vt 0.758967868 0.217743063
vt 0.773417749 0.220337053
vt 0.770783862 0.234630903
vt 0.758967868 0.217743063
vt 0.770783862 0.234630903
vt 0.756397343 0.232048440
vt 0.561365209 0.352628039
vt 0.576040719 0.353584234
vt 0.574935146 0.370128531
vt 0.561365209 0.352628039
vt 0.574935146 0.370128531
vt 0.560286251 0.369174092
vt 0.740950307 0.360857531
vt 0.755599207 0.359903090
vt 0.756704776 0.376447405
vt 0.740950307 0.360857531
vt 0.756704776 0.376447405
vt 0.742029266 0.377403599
vt 0.018116093 0.376743104
vt 0.032502611 0.374160638
vt 0.035136503 0.388454488
vt 0.018116093 0.376743104
vt 0.035136503 0.388454488
vt 0.020686619 0.391048492
vt 0.018160949 0.454786558
vt 0.032484108 0.452215608
vt 0.035118008 0.466509453
vt 0.018160949 0.454786558
vt 0.035118008 0.466509453
vt 0.020731487 0.469091930
vt 0.379732048 0.407660459
vt 0.394225859 0.406716213
vt 0.395331485 0.423260524
vt 0.379732048 0.407660459
vt 0.395331485 0.423260524
vt 0.380811059 0.424206527
vt 0.560498556 0.399510314
vt 0.575018982 0.400456314
vt 0.573913360 0.417000614
vt 0.560498556 0.399510314
vt 0.573913360 0.417000614
vt 0.559419548 0.416056371
vt 0.200418986 0.432594958
vt 0.214805507 0.435177433
vt 0.212171609 0.449471281
vt 0.200418986 0.432594958
vt 0.212171609 0.449471281
vt 0.197848450 0.446900334
vt 0.773417749 0.220337053
vt 0.789822382 0.223439722
vt 0.786919037 0.237681277
vt 0.773417749 0.220337053
vt 0.786919037 0.237681277
vt 0.770783862 0.234630903
vt 0.576040719 0.353584234
vt 0.592807204 0.354733807
vt 0.591588251 0.371270133
vt 0.576040719 0.353584234
vt 0.591588251 0.371270133
vt 0.574935146 0.370128531
vt 0.755599207 0.359903090
vt 0.772252307 0.358761493
vt 0.773471262 0.375297834
vt 0.755599207 0.359903090
vt 0.773471262 0.375297834
vt 0.756704776 0.376447405
vt 0.032502611 0.374160638
vt 0.048637786 0.371110263
vt 0.051541132 0.385351829
vt 0.032502611 0.374160638
vt 0.051541132 0.385351829
vt 0.035136503 0.388454488
vt 0.032484108 0.452215608
vt 0.048349832 0.449217514
vt 0.051253189 0.463459063
vt 0.032484108 0.452215608
vt 0.051253189 0.463459063
vt 0.035118008 0.466509453
vt 0.394225859 0.406716213
vt 0.410218213 0.405621011
vt 0.411437221 0.422157351
vt 0.394225859 0.406716213
vt 0.411437221 0.422157351
vt 0.395331485 0.423260524
vt 0.575018982 0.400456314
vt 0.591124718 0.401559485
vt 0.589905714 0.418095814
vt 0.575018982 0.400456314
vt 0.589905714 0.418095814
vt 0.573913360 0.417000614
vt 0.214805507 0.435177433
vt 0.230940689 0.438227819
vt 0.228037334 0.452469372
vt 0.214805507 0.435177433
vt 0.228037334 0.452469372
vt 0.212171609 0.449471281
vt 0.789822382 0.223439722
vt 0.810649909 0.227995667
vt 0.807463580 0.242176578
vt 0.789822382 0.223439722
vt 0.807463580 0.242176578
vt 0.786919037 0.237681277
vt 0.592807204 0.354733807
vt 0.614157704 0.356419371
vt 0.612819339 0.372946457
vt 0.592807204 0.354733807
vt 0.612819339 0.372946457
vt 0.591588251 0.371270133
vt 0.772252307 0.358761493
vt 0.793483398 0.357085184
vt 0.794821762 0.373612272
vt 0.772252307 0.358761493
vt 0.794821762 0.373612272
vt 0.773471262 0.375297834
vt 0.048637786 0.371110263
vt 0.069182329 0.366614958
vt 0.072368661 0.380795886
vt 0.048637786 0.371110263
vt 0.072368661 0.380795886
vt 0.051541132 0.385351829
vt 0.048349832 0.449217514
vt 0.068611410 0.444782832
vt 0.071797754 0.458963738
vt 0.048349832 0.449217514
vt 0.071797754 0.458963738
vt 0.051253189 0.463459063
vt 0.410218213 0.405621011
vt 0.430753588 0.403998474
vt 0.432092009 0.420525574
vt 0.410218213 0.405621011
vt 0.432092009 0.420525574
vt 0.411437221 0.422157351
vt 0.591124718 0.401559485
vt 0.611779508 0.403191262
vt 0.610441089 0.419718346
vt 0.591124718 0.401559485
vt 0.610441089 0.419718346
vt 0.589905714 0.418095814
vt 0.230940689 0.438227819
vt 0.251485254 0.442723139
vt 0.248298913 0.456904059
vt 0.230940689 0.438227819
vt 0.248298913 0.456904059
vt 0.228037334 0.452469372
vt 0.810649909 0.227995667
vt 0.828597578 0.232140805
vt 0.825706672 0.246384894
vt 0.810649909 0.227995667
vt 0.825706672 0.246384894
vt 0.807463580 0.242176578
vt 0.614157704 0.356419371
vt 0.632359784 0.357934915
vt 0.631146073 0.374471628
vt 0.614157704 0.356419371
vt 0.631146073 0.374471628
vt 0.612819339 0.372946457
vt 0.793483398 0.357085184
vt 0.811810133 0.355559999
vt 0.813023843 0.372096731
vt 0.793483398 0.357085184
vt 0.813023843 0.372096731
vt 0.794821762 0.373612272
vt 0.069182329 0.366614958
vt 0.087425421 0.362406639
vt 0.090316328 0.376650728
vt 0.069182329 0.366614958
vt 0.090316328 0.376650728
vt 0.072368661 0.380795886
vt 0.068611410 0.444782832
vt 0.087149950 0.440511317
vt 0.090040871 0.454755400
vt 0.068611410 0.444782832
vt 0.090040871 0.454755400
vt 0.071797754 0.458963738
vt 0.430753588 0.403998474
vt 0.449807170 0.402417107
vt 0.451020935 0.418953835
vt 0.430753588 0.403998474
vt 0.451020935 0.418953835
vt 0.432092009 0.420525574
vt 0.611779508 0.403191262
vt 0.630708434 0.404762994
vt 0.629494671 0.421299709
vt 0.611779508 0.403191262
vt 0.629494671 0.421299709
vt 0.610441089 0.419718346
vt 0.251485254 0.442723139
vt 0.269728371 0.446931473
vt 0.266837455 0.461175559
vt 0.251485254 0.442723139
vt 0.266837455 0.461175559
vt 0.248298913 0.456904059
vt 0.828597578 0.232140805
vt 0.848283248 0.235605956
vt 0.846394808 0.250017236
vt 0.828597578 0.232140805
vt 0.846394808 0.250017236
vt 0.825706672 0.246384894
vt 0.632359784 0.357934915
vt 0.651886556 0.359184405
vt 0.651093047 0.375746603
vt 0.632359784 0.357934915
vt 0.651093047 0.375746603
vt 0.631146073 0.374471628
vt 0.811810133 0.355559999
vt 0.831757101 0.354285030
vt 0.832550614 0.370847242
vt 0.811810133 0.355559999
vt 0.832550614 0.370847242
vt 0.813023843 0.372096731
vt 0.087425421 0.362406639
vt 0.108113555 0.358774295
vt 0.110001993 0.373185586
vt 0.087425421 0.362406639
vt 0.110001993 0.373185586
vt 0.090316328 0.376650728
vt 0.087149950 0.440511317
vt 0.108840553 0.436711762
vt 0.110729006 0.451123038
vt 0.087149950 0.440511317
vt 0.110729006 0.451123038
vt 0.090040871 0.454755400
vt 0.449807170 0.402417107
vt 0.472203286 0.400993544
vt 0.472996849 0.417555757
vt 0.449807170 0.402417107
vt 0.472996849 0.417555757
vt 0.451020935 0.418953835
vt 0.630708434 0.404762994
vt 0.652684353 0.406161071
vt 0.651890788 0.422723269
vt 0.630708434 0.404762994
vt 0.651890788 0.422723269
vt 0.629494671 0.421299709
vt 0.269728371 0.446931473
vt 0.290416509 0.450563830
vt 0.288528062 0.464975120
vt 0.269728371 0.446931473
vt 0.288528062 0.464975120
vt 0.266837455 0.461175559
vt 0.848283248 0.235605956
vt 0.864047033 0.236967978
vt 0.863181777 0.251476598
vt 0.848283248 0.235605956
vt 0.863181777 0.251476598
vt 0.846394808 0.250017236
vt 0.651886556 0.359184405
vt 0.667233241 0.359670716
vt 0.666864275 0.376247749
vt 0.651886556 0.359184405
vt 0.666864275 0.376247749
vt 0.651093047 0.375746603
vt 0.831757101 0.354285030
vt 0.847528332 0.353783897
vt 0.847897299 0.370360932
vt 0.831757101 0.354285030
vt 0.847897299 0.370360932
vt 0.832550614 0.370847242
vt 0.108113555 0.358774295
vt 0.124900524 0.357314932
vt 0.125765782 0.371823568
vt 0.108113555 0.358774295
vt 0.125765782 0.371823568
vt 0.110001993 0.373185586
vt 0.108840553 0.436711762
vt 0.126650670 0.435155052
vt 0.127515941 0.449663668
vt 0.108840553 0.436711762
vt 0.127515941 0.449663668
vt 0.110729006 0.451123038
vt 0.472203286 0.400993544
vt 0.490448545 0.400405905
vt 0.490817577 0.416982953
vt 0.472203286 0.400993544
vt 0.490817577 0.416982953
vt 0.472996849 0.417555757
vt 0.652684353 0.406161071
vt 0.670505077 0.406733874
vt 0.670136046 0.423310907
vt 0.652684353 0.406161071
vt 0.670136046 0.423310907
vt 0.651890788 0.422723269
vt 0.290416509 0.450563830
vt 0.307203443 0.452023198
vt 0.306338175 0.466531829
vt 0.290416509 0.450563830
vt 0.306338175 0.466531829
vt 0.288528062 0.464975120
vt 0.864047033 0.236967978
vt 0.879067793 0.237448987
vt 0.878195268 0.251957178
vt 0.864047033 0.236967978
vt 0.878195268 0.251957178
vt 0.863181777 0.251476598
vt 0.667233241 0.359670716
vt 0.682147422 0.359847766
vt 0.681775451 0.376424732
vt 0.667233241 0.359670716
vt 0.681775451 0.376424732
vt 0.666864275 0.376247749
vt 0.847528332 0.353783897
vt 0.862439508 0.353606914
vt 0.862811480 0.370183882
vt 0.847528332 0.353783897
vt 0.862811480 0.370183882
vt 0.847897299 0.370360932
vt 0.124900524 0.357314932
vt 0.139914016 0.356834352
vt 0.140786542 0.371342559
vt 0.124900524 0.357314932
vt 0.140786542 0.371342559
vt 0.125765782 0.371823568
vt 0.126650670 0.435155052
vt 0.141656844 0.434674900
vt 0.142529384 0.449183086
vt 0.126650670 0.435155052
vt 0.142529384 0.449183086
vt 0.127515941 0.449663668
vt 0.490448545 0.400405905
vt 0.505341687 0.400229295
vt 0.505713720 0.416806277
vt 0.490448545 0.400405905
vt 0.505713720 0.416806277
vt 0.490817577 0.416982953
vt 0.670505077 0.406733874
vt 0.685401218 0.406910545
vt 0.685029188 0.423487515
vt 0.670505077 0.406733874
vt 0.685029188 0.423487515
vt 0.670136046 0.423310907
vt 0.307203443 0.452023198
vt 0.322216886 0.452503780
vt 0.321344349 0.467011969
vt 0.307203443 0.452023198
vt 0.321344349 0.467011969
vt 0.306338175 0.466531829
vt 0.879067793 0.237448987
vt 0.896868827 0.239022114
vt 0.894980021 0.253433349
vt 0.879067793 0.237448987
vt 0.894980021 0.253433349
vt 0.878195268 0.251957178
vt 0.682147422 0.359847766
vt 0.700383568 0.360441366
vt 0.699589901 0.377003552
vt 0.682147422 0.359847766
vt 0.699589901 0.377003552
vt 0.681775451 0.376424732
vt 0.862439508 0.353606914
vt 0.880253957 0.353028083
vt 0.881047626 0.369590283
vt 0.862439508 0.353606914
vt 0.881047626 0.369590283
vt 0.862811480 0.370183882
vt 0.139914016 0.356834352
vt 0.156698769 0.355358179
vt 0.158587576 0.369769425
vt 0.139914016 0.356834352
vt 0.158587576 0.369769425
vt 0.140786542 0.371342559
vt 0.141656844 0.434674900
vt 0.157425285 0.433295676
vt 0.159314104 0.447706907
vt 0.141656844 0.434674900
vt 0.159314104 0.447706907
vt 0.142529384 0.449183086
vt 0.505341687 0.400229295
vt 0.520697972 0.399736579
vt 0.521491694 0.416298781
vt 0.505341687 0.400229295
vt 0.521491694 0.416298781
vt 0.505713720 0.416806277
vt 0.685401218 0.406910545
vt 0.701179192 0.407418041
vt 0.700385473 0.423980230
vt 0.685401218 0.406910545
vt 0.700385473 0.423980230
vt 0.685029188 0.423487515
vt 0.322216886 0.452503780
vt 0.339001606 0.453979958
vt 0.337112789 0.468391191
vt 0.322216886 0.452503780
vt 0.337112789 0.468391191
vt 0.321344349 0.467011969
vt 0.896868827 0.239022114
vt 0.904148452 0.240285043
vt 0.901266228 0.254530886
vt 0.896868827 0.239022114
vt 0.901266228 0.254530886
vt 0.894980021 0.253433349
vt 0.700383568 0.360441366
vt 0.708173575 0.360931252
vt 0.706963518 0.377468237
vt 0.700383568 0.360441366
vt 0.706963518 0.377468237
vt 0.699589901 0.377003552
vt 0.880253957 0.353028083
vt 0.887627574 0.352563399
vt 0.888837633 0.369100397
vt 0.880253957 0.353028083
vt 0.888837633 0.369100397
vt 0.881047626 0.369590283
vt 0.156698769 0.355358179
vt 0.162984976 0.354260642
vt 0.165867200 0.368506495
vt 0.156698769 0.355358179
vt 0.165867200 0.368506495
vt 0.158587576 0.369769425
vt 0.157425285 0.433295676
vt 0.162718074 0.432363528
vt 0.165600311 0.446609365
vt 0.157425285 0.433295676
vt 0.165600311 0.446609365
vt 0.159314104 0.447706907
vt 0.520697972 0.399736579
vt 0.525644708 0.399418791
vt 0.526854819 0.415955789
vt 0.520697972 0.399736579
vt 0.526854819 0.415955789
vt 0.521491694 0.416298781
vt 0.701179192 0.407418041
vt 0.706542319 0.407761036
vt 0.705332209 0.424298018
vt 0.701179192 0.407418041
vt 0.705332209 0.424298018
vt 0.700385473 0.423980230
vt 0.339001606 0.453979958
vt 0.345287813 0.455077499
vt 0.342405579 0.469323350
vt 0.339001606 0.453979958
vt 0.342405579 0.469323350
vt 0.337112789 0.468391191
vt 0.904148452 0.240285043
vt 0.910055703 0.241640720
vt 0.906808160 0.255807740
vt 0.904148452 0.240285043
vt 0.906808160 0.255807740
vt 0.901266228 0.254530886
vt 0.708173575 0.360931252
vt 0.714358541 0.361442079
vt 0.712994298 0.377967047
vt 0.708173575 0.360931252
vt 0.712994298 0.377967047
vt 0.706963518 0.377468237
vt 0.887627574 0.352563399
vt 0.893658355 0.352064601
vt 0.895022599 0.368589571
vt 0.887627574 0.352563399
vt 0.895022599 0.368589571
vt 0.888837633 0.369100397
vt 0.162984976 0.354260642
vt 0.168526908 0.352983787
vt 0.171774452 0.367150823
vt 0.162984976 0.354260642
vt 0.171774452 0.367150823
vt 0.165867200 0.368506495
vt 0.162718074 0.432363528
vt 0.167894694 0.431165490
vt 0.171142250 0.445332504
vt 0.162718074 0.432363528
vt 0.171142250 0.445332504
vt 0.165600311 0.446609365
vt 0.525644708 0.399418791
vt 0.530776906 0.398989979
vt 0.532141204 0.415514961
vt 0.525644708 0.399418791
vt 0.532141204 0.415514961
vt 0.526854819 0.415955789
vt 0.706542319 0.407761036
vt 0.711828702 0.408201859
vt 0.710464407 0.424726828
vt 0.706542319 0.407761036
vt 0.710464407 0.424726828
vt 0.705332209 0.424298018
vt 0.345287813 0.455077499
vt 0.350829753 0.456354358
vt 0.347582199 0.470521376
vt 0.345287813 0.455077499
vt 0.347582199 0.470521376
vt 0.342405579 0.469323350
vt 0.910055703 0.241640720
vt 0.916026716 0.243005310
vt 0.913037210 0.257229026
vt 0.910055703 0.241640720
vt 0.913037210 0.257229026
vt 0.906808160 0.255807740
vt 0.714358541 0.361442079
vt 0.720344617 0.361935529
vt 0.719089358 0.378469137
vt 0.714358541 0.361442079
vt 0.719089358 0.378469137
vt 0.712994298 0.377967047
vt 0.893658355 0.352064601
vt 0.899753414 0.351562500
vt 0.901008675 0.368096122
vt 0.893658355 0.352064601
vt 0.901008675 0.368096122
vt 0.895022599 0.368589571
vt 0.168526908 0.352983787
vt 0.174755957 0.351562500
vt 0.177745464 0.365786227
vt 0.168526908 0.352983787
vt 0.177745464 0.365786227
vt 0.171774452 0.367150823
vt 0.167894694 0.431165490
vt 0.174381795 0.429687500
vt 0.177371308 0.443911210
vt 0.167894694 0.431165490
vt 0.177371308 0.443911210
vt 0.171142250 0.445332504
vt 0.530776906 0.398989979
vt 0.537507198 0.398437500
vt 0.538762518 0.414971122
vt 0.530776906 0.398989979
vt 0.538762518 0.414971122
vt 0.532141204 0.415514961
vt 0.711828702 0.408201859
vt 0.718450018 0.408745700
vt 0.717194699 0.425279306
vt 0.711828702 0.408201859
vt 0.717194699 0.425279306
vt 0.710464407 0.424726828
vt 0.350829753 0.456354358
vt 0.357058811 0.457775650
vt 0.354069300 0.471999375
vt 0.350829753 0.456354358
vt 0.354069300 0.471999375
vt 0.347582199 0.470521376
vt 0.379542649 0.802874408
vt 0.410907016 0.802874396
vt 0.395224836 0.808260075
vt 0.373046875 0.789872225
vt 0.410907016 0.802874396
vt 0.379542649 0.802874408
vt 0.373046875 0.789872225
vt 0.417402790 0.789872225
vt 0.410907016 0.802874396
vt 0.379542643 0.776870053
vt 0.417402790 0.789872225
vt 0.373046875 0.789872225
vt 0.379542643 0.776870053
vt 0.410907016 0.776870041
vt 0.417402790 0.789872225
vt 0.395224823 0.771484375
vt 0.410907016 0.776870041
vt 0.379542643 0.776870053
vt 0.459735141 0.776870052
vt 0.428370774 0.776870052
vt 0.444052961 0.771484375
vt 0.466230915 0.789872224
vt 0.428370774 0.776870052
vt 0.459735141 0.776870052
vt 0.466230915 0.789872224
vt 0.421875000 0.789872224
vt 0.428370774 0.776870052
vt 0.459735129 0.802874409
vt 0.421875000 0.789872224
vt 0.466230915 0.789872224
vt 0.459735129 0.802874409
vt 0.428370768 0.802874395
vt 0.421875000 0.789872224
vt 0.459735129 0.802874409
vt 0.444052948 0.808260073
vt 0.428370768 0.802874395
vt 0.185232567 0.351562500
vt 0.201350680 0.354461813
vt 0.198780155 0.368767188
vt 0.185232567 0.351562500
vt 0.198780155 0.368767188
vt 0.182617188 0.365859741
vt 0.003050923 0.398437500
vt 0.019373021 0.399503039
vt 0.018294064 0.416049098
vt 0.003050923 0.398437500
vt 0.018294064 0.416049098
vt 0.001953125 0.414982319
vt 0.182617188 0.408799321
vt 0.198958120 0.407732531
vt 0.200037079 0.424278599
vt 0.182617188 0.408799321
vt 0.200037079 0.424278599
vt 0.183714980 0.425344136
vt 0.363281250 0.379650552
vt 0.379444218 0.376743104
vt 0.382014744 0.391048492
vt 0.363281250 0.379650552
vt 0.382014744 0.391048492
vt 0.365896637 0.393947812
vt 0.361328125 0.457702147
vt 0.377535950 0.454786553
vt 0.380106487 0.469091928
vt 0.361328125 0.457702147
vt 0.380106487 0.469091928
vt 0.363943517 0.471999389
vt 0.722656250 0.408734524
vt 0.739107048 0.407660465
vt 0.740186059 0.424206521
vt 0.722656250 0.408734524
vt 0.740186059 0.424206521
vt 0.723754101 0.425279339
vt 0.721800973 0.429687500
vt 0.738232931 0.430760314
vt 0.737153923 0.447306376
vt 0.721800973 0.429687500
vt 0.737153923 0.447306376
vt 0.720703125 0.446232322
vt 0.543631015 0.429687500
vt 0.559793986 0.432594958
vt 0.557223450 0.446900334
vt 0.543631015 0.429687500
vt 0.557223450 0.446900334
vt 0.541015625 0.443984742
vt 0.201350680 0.354461813
vt 0.215800561 0.357055804
vt 0.213166674 0.371349652
vt 0.201350680 0.354461813
vt 0.213166674 0.371349652
vt 0.198780155 0.368767188
vt 0.019373021 0.399503039
vt 0.034048531 0.400459233
vt 0.032942959 0.417003536
vt 0.019373021 0.399503039
vt 0.032942959 0.417003536
vt 0.018294064 0.416049098
vt 0.198958120 0.407732531
vt 0.213607020 0.406778090
vt 0.214712589 0.423322405
vt 0.198958120 0.407732531
vt 0.214712589 0.423322405
vt 0.200037079 0.424278599
vt 0.379444218 0.376743104
vt 0.393830736 0.374160638
vt 0.396464628 0.388454488
vt 0.379444218 0.376743104
vt 0.396464628 0.388454488
vt 0.382014744 0.391048492
vt 0.377535950 0.454786553
vt 0.391859108 0.452215603
vt 0.394493008 0.466509451
vt 0.377535950 0.454786553
vt 0.394493008 0.466509451
vt 0.380106487 0.469091928
vt 0.739107048 0.407660465
vt 0.753600859 0.406716219
vt 0.754706485 0.423260518
vt 0.739107048 0.407660465
vt 0.754706485 0.423260518
vt 0.740186059 0.424206521
vt 0.738232931 0.430760314
vt 0.752753357 0.431706308
vt 0.751647735 0.448250619
vt 0.738232931 0.430760314
vt 0.751647735 0.448250619
vt 0.737153923 0.447306376
vt 0.559793986 0.432594958
vt 0.574180507 0.435177433
vt 0.571546610 0.449471279
vt 0.559793986 0.432594958
vt 0.571546610 0.449471279
vt 0.557223450 0.446900334
vt 0.215800561 0.357055804
vt 0.232205194 0.360158474
vt 0.229301850 0.374400026
vt 0.215800561 0.357055804
vt 0.229301850 0.374400026
vt 0.213166674 0.371349652
vt 0.034048531 0.400459233
vt 0.050815017 0.401608806
vt 0.049596063 0.418145138
vt 0.034048531 0.400459233
vt 0.049596063 0.418145138
vt 0.032942959 0.417003536
vt 0.213607020 0.406778090
vt 0.230260119 0.405636493
vt 0.231479074 0.422172834
vt 0.213607020 0.406778090
vt 0.231479074 0.422172834
vt 0.214712589 0.423322405
vt 0.393830736 0.374160638
vt 0.409965911 0.371110263
vt 0.412869257 0.385351829
vt 0.393830736 0.374160638
vt 0.412869257 0.385351829
vt 0.396464628 0.388454488
vt 0.391859108 0.452215603
vt 0.407724832 0.449217510
vt 0.410628189 0.463459062
vt 0.391859108 0.452215603
vt 0.410628189 0.463459062
vt 0.394493008 0.466509451
vt 0.753600859 0.406716219
vt 0.769593213 0.405621016
vt 0.770812220 0.422157344
vt 0.753600859 0.406716219
vt 0.770812220 0.422157344
vt 0.754706485 0.423260518
vt 0.752753357 0.431706308
vt 0.768859093 0.432809483
vt 0.767640089 0.449345818
vt 0.752753357 0.431706308
vt 0.767640089 0.449345818
vt 0.751647735 0.448250619
vt 0.574180507 0.435177433
vt 0.590315689 0.438227819
vt 0.587412333 0.452469372
vt 0.574180507 0.435177433
vt 0.587412333 0.452469372
vt 0.571546610 0.449471279
vt 0.232205194 0.360158474
vt 0.253032721 0.364714419
vt 0.249846392 0.378895328
vt 0.232205194 0.360158474
vt 0.249846392 0.378895328
vt 0.229301850 0.374400026
vt 0.050815017 0.401608806
vt 0.072165517 0.403294369
vt 0.070827152 0.419821461
vt 0.050815017 0.401608806
vt 0.070827152 0.419821461
vt 0.049596063 0.418145138
vt 0.230260119 0.405636493
vt 0.251491211 0.403960184
vt 0.252829575 0.420487272
vt 0.230260119 0.405636493
vt 0.252829575 0.420487272
vt 0.231479074 0.422172834
vt 0.409965911 0.371110263
vt 0.430510454 0.366614958
vt 0.433696786 0.380795886
vt 0.409965911 0.371110263
vt 0.433696786 0.380795886
vt 0.412869257 0.385351829
vt 0.407724832 0.449217510
vt 0.427986410 0.444782830
vt 0.431172755 0.458963738
vt 0.407724832 0.449217510
vt 0.431172755 0.458963738
vt 0.410628189 0.463459062
vt 0.769593213 0.405621016
vt 0.790128588 0.403998478
vt 0.791467008 0.420525566
vt 0.769593213 0.405621016
vt 0.791467008 0.420525566
vt 0.770812220 0.422157344
vt 0.768859093 0.432809483
vt 0.789513884 0.434441260
vt 0.788175464 0.450968350
vt 0.768859093 0.432809483
vt 0.788175464 0.450968350
vt 0.767640089 0.449345818
vt 0.590315689 0.438227819
vt 0.610860254 0.442723140
vt 0.607673913 0.456904060
vt 0.590315689 0.438227819
vt 0.607673913 0.456904060
vt 0.587412333 0.452469372
vt 0.253032721 0.364714419
vt 0.270980390 0.368859558
vt 0.268089484 0.383103644
vt 0.253032721 0.364714419
vt 0.268089484 0.383103644
vt 0.249846392 0.378895328
vt 0.072165517 0.403294369
vt 0.090367597 0.404809913
vt 0.089153885 0.421346632
vt 0.072165517 0.403294369
vt 0.089153885 0.421346632
vt 0.070827152 0.419821461
vt 0.251491211 0.403960184
vt 0.269817945 0.402434999
vt 0.271031655 0.418971731
vt 0.251491211 0.403960184
vt 0.271031655 0.418971731
vt 0.252829575 0.420487272
vt 0.430510454 0.366614958
vt 0.448753546 0.362406639
vt 0.451644453 0.376650728
vt 0.430510454 0.366614958
vt 0.451644453 0.376650728
vt 0.433696786 0.380795886
vt 0.427986410 0.444782830
vt 0.446524951 0.440511314
vt 0.449415871 0.454755400
vt 0.427986410 0.444782830
vt 0.449415871 0.454755400
vt 0.431172755 0.458963738
vt 0.790128588 0.403998478
vt 0.809182169 0.402417110
vt 0.810395934 0.418953825
vt 0.790128588 0.403998478
vt 0.810395934 0.418953825
vt 0.791467008 0.420525566
vt 0.789513884 0.434441260
vt 0.808442809 0.436012985
vt 0.807229046 0.452549713
vt 0.789513884 0.434441260
vt 0.807229046 0.452549713
vt 0.788175464 0.450968350
vt 0.610860254 0.442723140
vt 0.629103371 0.446931474
vt 0.626212455 0.461175557
vt 0.610860254 0.442723140
vt 0.626212455 0.461175557
vt 0.607673913 0.456904060
vt 0.270980390 0.368859558
vt 0.290666060 0.372324710
vt 0.288777620 0.386735987
vt 0.270980390 0.368859558
vt 0.288777620 0.386735987
vt 0.268089484 0.383103644
vt 0.090367597 0.404809913
vt 0.109894369 0.406059402
vt 0.109100860 0.422621606
vt 0.090367597 0.404809913
vt 0.109100860 0.422621606
vt 0.089153885 0.421346632
vt 0.269817945 0.402434999
vt 0.289764913 0.401160030
vt 0.290558427 0.417722242
vt 0.269817945 0.402434999
vt 0.290558427 0.417722242
vt 0.271031655 0.418971731
vt 0.448753546 0.362406639
vt 0.469441680 0.358774295
vt 0.471330118 0.373185586
vt 0.448753546 0.362406639
vt 0.471330118 0.373185586
vt 0.451644453 0.376650728
vt 0.446524951 0.440511314
vt 0.468215554 0.436711761
vt 0.470104007 0.451123040
vt 0.446524951 0.440511314
vt 0.470104007 0.451123040
vt 0.449415871 0.454755400
vt 0.809182169 0.402417110
vt 0.831578286 0.400993545
vt 0.832371849 0.417555747
vt 0.809182169 0.402417110
vt 0.832371849 0.417555747
vt 0.810395934 0.418953825
vt 0.808442809 0.436012985
vt 0.830418728 0.437411062
vt 0.829625163 0.453973272
vt 0.808442809 0.436012985
vt 0.829625163 0.453973272
vt 0.807229046 0.452549713
vt 0.629103371 0.446931474
vt 0.649791509 0.450563831
vt 0.647903062 0.464975118
vt 0.629103371 0.446931474
vt 0.647903062 0.464975118
vt 0.626212455 0.461175557
vt 0.290666060 0.372324710
vt 0.306429845 0.373686732
vt 0.305564589 0.388195350
vt 0.290666060 0.372324710
vt 0.305564589 0.388195350
vt 0.288777620 0.386735987
vt 0.109894369 0.406059402
vt 0.125241054 0.406545713
vt 0.124872087 0.423122752
vt 0.109894369 0.406059402
vt 0.124872087 0.423122752
vt 0.109100860 0.422621606
vt 0.289764913 0.401160030
vt 0.305536144 0.400658897
vt 0.305905112 0.417235932
vt 0.289764913 0.401160030
vt 0.305905112 0.417235932
vt 0.290558427 0.417722242
vt 0.469441680 0.358774295
vt 0.486228649 0.357314932
vt 0.487093907 0.371823568
vt 0.469441680 0.358774295
vt 0.487093907 0.371823568
vt 0.471330118 0.373185586
vt 0.468215554 0.436711761
vt 0.486025671 0.435155051
vt 0.486890942 0.449663670
vt 0.468215554 0.436711761
vt 0.486890942 0.449663670
vt 0.470104007 0.451123040
vt 0.831578286 0.400993545
vt 0.849823545 0.400405906
vt 0.850192577 0.416982943
vt 0.831578286 0.400993545
vt 0.850192577 0.416982943
vt 0.832371849 0.417555747
vt 0.830418728 0.437411062
vt 0.848239452 0.437983870
vt 0.847870422 0.454560909
vt 0.830418728 0.437411062
vt 0.847870422 0.454560909
vt 0.829625163 0.453973272
vt 0.649791509 0.450563831
vt 0.666578443 0.452023199
vt 0.665713175 0.466531830
vt 0.649791509 0.450563831
vt 0.665713175 0.466531830
vt 0.647903062 0.464975118
vt 0.306429845 0.373686732
vt 0.321450604 0.374167742
vt 0.320578080 0.388675929
vt 0.306429845 0.373686732
vt 0.320578080 0.388675929
vt 0.305564589 0.388195350
vt 0.125241054 0.406545713
vt 0.140155235 0.406722763
vt 0.139783264 0.423299735
vt 0.125241054 0.406545713
vt 0.139783264 0.423299735
vt 0.124872087 0.423122752
vt 0.305536144 0.400658897
vt 0.320447321 0.400481914
vt 0.320819293 0.417058882
vt 0.305536144 0.400658897
vt 0.320819293 0.417058882
vt 0.305905112 0.417235932
vt 0.486228649 0.357314932
vt 0.501242141 0.356834352
vt 0.502114667 0.371342559
vt 0.486228649 0.357314932
vt 0.502114667 0.371342559
vt 0.487093907 0.371823568
vt 0.486025671 0.435155051
vt 0.501031845 0.434674899
vt 0.501904385 0.449183088
vt 0.486025671 0.435155051
vt 0.501904385 0.449183088
vt 0.486890942 0.449663670
vt 0.849823545 0.400405906
vt 0.864716686 0.400229297
vt 0.865088719 0.416806267
vt 0.849823545 0.400405906
vt 0.865088719 0.416806267
vt 0.850192577 0.416982943
vt 0.848239452 0.437983870
vt 0.863135593 0.438160542
vt 0.862763563 0.454737518
vt 0.848239452 0.437983870
vt 0.862763563 0.454737518
vt 0.847870422 0.454560909
vt 0.666578443 0.452023199
vt 0.681591886 0.452503781
vt 0.680719348 0.467011970
vt 0.666578443 0.452023199
vt 0.680719348 0.467011970
vt 0.665713175 0.466531830
vt 0.321450604 0.374167742
vt 0.339251639 0.375740869
vt 0.337362833 0.390152101
vt 0.321450604 0.374167742
vt 0.337362833 0.390152101
vt 0.320578080 0.388675929
vt 0.140155235 0.406722763
vt 0.158391381 0.407316363
vt 0.157597713 0.423878554
vt 0.140155235 0.406722763
vt 0.157597713 0.423878554
vt 0.139783264 0.423299735
vt 0.320447321 0.400481914
vt 0.338261770 0.399903083
vt 0.339055439 0.416465283
vt 0.320447321 0.400481914
vt 0.339055439 0.416465283
vt 0.320819293 0.417058882
vt 0.501242141 0.356834352
vt 0.518026894 0.355358179
vt 0.519915701 0.369769425
vt 0.501242141 0.356834352
vt 0.519915701 0.369769425
vt 0.502114667 0.371342559
vt 0.501031845 0.434674899
vt 0.516800286 0.433295676
vt 0.518689104 0.447706909
vt 0.501031845 0.434674899
vt 0.518689104 0.447706909
vt 0.501904385 0.449183088
vt 0.864716686 0.400229297
vt 0.880072972 0.399736580
vt 0.880866694 0.416298769
vt 0.864716686 0.400229297
vt 0.880866694 0.416298769
vt 0.865088719 0.416806267
vt 0.863135593 0.438160542
vt 0.878913567 0.438668037
vt 0.878119849 0.455230232
vt 0.863135593 0.438160542
vt 0.878119849 0.455230232
vt 0.862763563 0.454737518
vt 0.681591886 0.452503781
vt 0.698376605 0.453979959
vt 0.696487789 0.468391192
vt 0.681591886 0.452503781
vt 0.696487789 0.468391192
vt 0.680719348 0.467011970
vt 0.339251639 0.375740869
vt 0.346531264 0.377003798
vt 0.343649040 0.391249637
vt 0.339251639 0.375740869
vt 0.343649040 0.391249637
vt 0.337362833 0.390152101
vt 0.158391381 0.407316363
vt 0.166181388 0.407806249
vt 0.164971330 0.424343239
vt 0.158391381 0.407316363
vt 0.164971330 0.424343239
vt 0.157597713 0.423878554
vt 0.338261770 0.399903083
vt 0.345635387 0.399438399
vt 0.346845446 0.415975397
vt 0.338261770 0.399903083
vt 0.346845446 0.415975397
vt 0.339055439 0.416465283
vt 0.518026894 0.355358179
vt 0.524313101 0.354260642
vt 0.527195325 0.368506495
vt 0.518026894 0.355358179
vt 0.527195325 0.368506495
vt 0.519915701 0.369769425
vt 0.516800286 0.433295676
vt 0.522093075 0.432363528
vt 0.524975312 0.446609367
vt 0.516800286 0.433295676
vt 0.524975312 0.446609367
vt 0.518689104 0.447706909
vt 0.880072972 0.399736580
vt 0.885019708 0.399418792
vt 0.886229819 0.415955778
vt 0.880072972 0.399736580
vt 0.886229819 0.415955778
vt 0.880866694 0.416298769
vt 0.878913567 0.438668037
vt 0.884276694 0.439011032
vt 0.883066584 0.455548020
vt 0.878913567 0.438668037
vt 0.883066584 0.455548020
vt 0.878119849 0.455230232
vt 0.698376605 0.453979959
vt 0.704662813 0.455077500
vt 0.701780579 0.469323351
vt 0.698376605 0.453979959
vt 0.701780579 0.469323351
vt 0.696487789 0.468391192
vt 0.346531264 0.377003798
vt 0.352438515 0.378359475
vt 0.349190972 0.392526492
vt 0.346531264 0.377003798
vt 0.349190972 0.392526492
vt 0.343649040 0.391249637
vt 0.166181388 0.407806249
vt 0.172366354 0.408317076
vt 0.171002111 0.424842049
vt 0.166181388 0.407806249
vt 0.171002111 0.424842049
vt 0.164971330 0.424343239
vt 0.345635387 0.399438399
vt 0.351666168 0.398939601
vt 0.353030412 0.415464571
vt 0.345635387 0.399438399
vt 0.353030412 0.415464571
vt 0.346845446 0.415975397
vt 0.524313101 0.354260642
vt 0.529855033 0.352983787
vt 0.533102577 0.367150823
vt 0.524313101 0.354260642
vt 0.533102577 0.367150823
vt 0.527195325 0.368506495
vt 0.522093075 0.432363528
vt 0.527269695 0.431165489
vt 0.530517251 0.445332506
vt 0.522093075 0.432363528
vt 0.530517251 0.445332506
vt 0.524975312 0.446609367
vt 0.885019708 0.399418792
vt 0.890151905 0.398989980
vt 0.891516204 0.415514949
vt 0.885019708 0.399418792
vt 0.891516204 0.415514949
vt 0.886229819 0.415955778
vt 0.884276694 0.439011032
vt 0.889563078 0.439451854
vt 0.888198782 0.455976830
vt 0.884276694 0.439011032
vt 0.888198782 0.455976830
vt 0.883066584 0.455548020
vt 0.704662813 0.455077500
vt 0.710204752 0.456354359
vt 0.706957199 0.470521377
vt 0.704662813 0.455077500
vt 0.706957199 0.470521377
vt 0.701780579 0.469323351
vt 0.352438515 0.378359475
vt 0.358409528 0.379724065
vt 0.355420022 0.393947778
vt 0.352438515 0.378359475
vt 0.355420022 0.393947778
vt 0.349190972 0.392526492
vt 0.172366354 0.408317076
vt 0.178352430 0.408810525
vt 0.177097170 0.425344139
vt 0.172366354 0.408317076
vt 0.177097170 0.425344139
vt 0.171002111 0.424842049
vt 0.351666168 0.398939601
vt 0.357761227 0.398437500
vt 0.359016488 0.414971122
vt 0.351666168 0.398939601
vt 0.359016488 0.414971122
vt 0.353030412 0.415464571
vt 0.529855033 0.352983787
vt 0.536084082 0.351562500
vt 0.539073589 0.365786227
vt 0.529855033 0.352983787
vt 0.539073589 0.365786227
vt 0.533102577 0.367150823
vt 0.527269695 0.431165489
vt 0.533756796 0.429687500
vt 0.536746309 0.443911213
vt 0.527269695 0.431165489
vt 0.536746309 0.443911213
vt 0.530517251 0.445332506
vt 0.890151905 0.398989980
vt 0.896882197 0.398437500
vt 0.898137517 0.414971110
vt 0.890151905 0.398989980
vt 0.898137517 0.414971110
vt 0.891516204 0.415514949
vt 0.889563078 0.439451854
vt 0.896184393 0.439995695
vt 0.894929074 0.456529308
vt 0.889563078 0.439451854
vt 0.894929074 0.456529308
vt 0.888198782 0.455976830
vt 0.710204752 0.456354359
vt 0.716433810 0.457775651
vt 0.713444300 0.471999376
vt 0.710204752 0.456354359
vt 0.713444300 0.471999376
vt 0.706957199 0.470521377
vt 0.002317531 0.332676103
vt 0.017403898 0.331333127
vt 0.020130141 0.347245373
vt 0.002317531 0.332676103
vt 0.020130141 0.347245373
vt 0.005588643 0.347153155
vt 0.192111871 0.214843750
vt 0.206653070 0.214843750
vt 0.203926942 0.230672451
vt 0.192111871 0.214843750
vt 0.203926942 0.230672451
vt 0.188840512 0.229356770
vt 0.017403898 0.331333127
vt 0.032490818 0.330994759
vt 0.034672239 0.347522028
vt 0.017403898 0.331333127
vt 0.034672239 0.347522028
vt 0.020130141 0.347245373
vt 0.206653070 0.214843750
vt 0.221194269 0.214843750
vt 0.219013365 0.231161277
vt 0.206653070 0.214843750
vt 0.219013365 0.231161277
vt 0.203926942 0.230672451
vt 0.032490818 0.330994759
vt 0.047577106 0.330808944
vt 0.049212538 0.347245373
vt 0.032490818 0.330994759
vt 0.049212538 0.347245373
vt 0.034672239 0.347522028
vt 0.221194269 0.214843750
vt 0.235735468 0.214843750
vt 0.234099790 0.231304038
vt 0.221194269 0.214843750
vt 0.234099790 0.231304038
vt 0.219013365 0.231161277
vt 0.047577106 0.330808944
vt 0.062663952 0.330910452
vt 0.063753436 0.347153155
vt 0.047577106 0.330808944
vt 0.063753436 0.347153155
vt 0.049212538 0.347245373
vt 0.235735468 0.214843750
vt 0.250276667 0.214843750
vt 0.249186216 0.231332223
vt 0.235735468 0.214843750
vt 0.249186216 0.231332223
vt 0.234099790 0.231304038
vt 0.062663952 0.330910452
vt 0.077750153 0.330839067
vt 0.078294934 0.347245373
vt 0.062663952 0.330910452
vt 0.078294934 0.347245373
vt 0.063753436 0.347153155
vt 0.250276667 0.214843750
vt 0.264817866 0.214843750
vt 0.264272641 0.231334901
vt 0.250276667 0.214843750
vt 0.264272641 0.231334901
vt 0.249186216 0.231332223
vt 0.077750153 0.330839067
vt 0.092836904 0.330939264
vt 0.092837032 0.347522028
vt 0.077750153 0.330839067
vt 0.092837032 0.347522028
vt 0.078294934 0.347245373
vt 0.264817866 0.214843750
vt 0.279359065 0.214843750
vt 0.279359066 0.231334939
vt 0.264817866 0.214843750
vt 0.279359066 0.231334939
vt 0.264272641 0.231334901
vt 0.092836904 0.330939264
vt 0.107923002 0.330839067
vt 0.107377331 0.347245373
vt 0.092836904 0.330939264
vt 0.107377331 0.347245373
vt 0.092837032 0.347522028
vt 0.279359065 0.214843750
vt 0.293900264 0.214843750
vt 0.294445491 0.231334901
vt 0.279359065 0.214843750
vt 0.294445491 0.231334901
vt 0.279359066 0.231334939
vt 0.107923002 0.330839067
vt 0.123009650 0.330910452
vt 0.121918229 0.347153155
vt 0.107923002 0.330839067
vt 0.121918229 0.347153155
vt 0.107377331 0.347245373
vt 0.293900264 0.214843750
vt 0.308441463 0.214843750
vt 0.309531916 0.231332223
vt 0.293900264 0.214843750
vt 0.309531916 0.231332223
vt 0.294445491 0.231334901
vt 0.123009650 0.330910452
vt 0.138095652 0.330808944
vt 0.136459728 0.347245373
vt 0.123009650 0.330910452
vt 0.136459728 0.347245373
vt 0.121918229 0.347153155
vt 0.308441463 0.214843750
vt 0.322982662 0.214843750
vt 0.324618341 0.231304038
vt 0.308441463 0.214843750
vt 0.324618341 0.231304038
vt 0.309531916 0.231332223
vt 0.138095652 0.330808944
vt 0.153182213 0.330994759
vt 0.151001826 0.347522028
vt 0.138095652 0.330808944
vt 0.151001826 0.347522028
vt 0.136459728 0.347245373
vt 0.322982662 0.214843750
vt 0.337523861 0.214843750
vt 0.339704766 0.231161277
vt 0.322982662 0.214843750
vt 0.339704766 0.231161277
vt 0.324618341 0.231304038
vt 0.153182213 0.330994759
vt 0.168268135 0.331333127
vt 0.165542124 0.347245373
vt 0.153182213 0.330994759
vt 0.165542124 0.347245373
vt 0.151001826 0.347522028
vt 0.337523861 0.214843750
vt 0.352065061 0.214843750
vt 0.354791187 0.230672451
vt 0.337523861 0.214843750
vt 0.354791187 0.230672451
vt 0.339704766 0.231161277
vt 0.168268135 0.331333127
vt 0.183354624 0.332676103
vt 0.180083023 0.347153155
vt 0.168268135 0.331333127
vt 0.180083023 0.347153155
vt 0.165542124 0.347245373
vt 0.352065061 0.214843750
vt 0.366606260 0.214843750
vt 0.369877614 0.229356770
vt 0.352065061 0.214843750
vt 0.369877614 0.229356770
vt 0.354791187 0.230672451
vt 0.001968638 0.318383494
vt 0.017112896 0.315596041
vt 0.017403898 0.331333127
vt 0.001968638 0.318383494
vt 0.017403898 0.331333127
vt 0.002317531 0.332676103
vt 0.188840512 0.229356770
vt 0.203926942 0.230672451
vt 0.203635487 0.246501158
vt 0.188840512 0.229356770
vt 0.203635487 0.246501158
vt 0.188490771 0.243869783
vt 0.017112896 0.315596041
vt 0.032257685 0.314634024
vt 0.032490818 0.330994759
vt 0.017112896 0.315596041
vt 0.032490818 0.330994759
vt 0.017403898 0.331333127
vt 0.203926942 0.230672451
vt 0.219013365 0.231161277
vt 0.218780207 0.247478798
vt 0.203926942 0.230672451
vt 0.218780207 0.247478798
vt 0.203635487 0.246501158
vt 0.032257685 0.314634024
vt 0.047403000 0.314531630
vt 0.047577106 0.330808944
vt 0.032257685 0.314634024
vt 0.047577106 0.330808944
vt 0.032490818 0.330994759
vt 0.219013365 0.231161277
vt 0.234099790 0.231304038
vt 0.233924922 0.247764319
vt 0.219013365 0.231161277
vt 0.233924922 0.247764319
vt 0.218780207 0.247478798
vt 0.047403000 0.314531630
vt 0.062548841 0.314821160
vt 0.062663952 0.330910452
vt 0.047403000 0.314531630
vt 0.062663952 0.330910452
vt 0.047577106 0.330808944
vt 0.234099790 0.231304038
vt 0.249186216 0.231332223
vt 0.249069637 0.247820701
vt 0.234099790 0.231304038
vt 0.249069637 0.247820701
vt 0.233924922 0.247764319
vt 0.062548841 0.314821160
vt 0.077692796 0.314582606
vt 0.077750153 0.330839067
vt 0.062548841 0.314821160
vt 0.077750153 0.330839067
vt 0.062663952 0.330910452
vt 0.249186216 0.231332223
vt 0.264272641 0.231334901
vt 0.264214352 0.247826046
vt 0.249186216 0.231332223
vt 0.264214352 0.247826046
vt 0.249069637 0.247820701
vt 0.077692796 0.314582606
vt 0.092837258 0.314505112
vt 0.092836904 0.330939264
vt 0.077692796 0.314582606
vt 0.092836904 0.330939264
vt 0.077750153 0.330839067
vt 0.264272641 0.231334901
vt 0.279359066 0.231334939
vt 0.279359066 0.247826134
vt 0.264272641 0.231334901
vt 0.279359066 0.247826134
vt 0.264214352 0.247826046
vt 0.092837258 0.314505112
vt 0.107982224 0.314582606
vt 0.107923002 0.330839067
vt 0.092837258 0.314505112
vt 0.107923002 0.330839067
vt 0.092836904 0.330939264
vt 0.279359066 0.231334939
vt 0.294445491 0.231334901
vt 0.294503781 0.247826046
vt 0.279359066 0.231334939
vt 0.294503781 0.247826046
vt 0.279359066 0.247826134
vt 0.107982224 0.314582606
vt 0.123127697 0.314821160
vt 0.123009650 0.330910452
vt 0.107982224 0.314582606
vt 0.123009650 0.330910452
vt 0.107923002 0.330839067
vt 0.294445491 0.231334901
vt 0.309531916 0.231332223
vt 0.309648496 0.247820701
vt 0.294445491 0.231334901
vt 0.309648496 0.247820701
vt 0.294503781 0.247826046
vt 0.123127697 0.314821160
vt 0.138271284 0.314531630
vt 0.138095652 0.330808944
vt 0.123127697 0.314821160
vt 0.138095652 0.330808944
vt 0.123009650 0.330910452
vt 0.309531916 0.231332223
vt 0.324618341 0.231304038
vt 0.324793211 0.247764319
vt 0.309531916 0.231332223
vt 0.324793211 0.247764319
vt 0.309648496 0.247820701
vt 0.138271284 0.314531630
vt 0.153415397 0.314634024
vt 0.153182213 0.330994759
vt 0.138271284 0.314531630
vt 0.153182213 0.330994759
vt 0.138095652 0.330808944
vt 0.324618341 0.231304038
vt 0.339704766 0.231161277
vt 0.339937925 0.247478798
vt 0.324618341 0.231304038
vt 0.339937925 0.247478798
vt 0.324793211 0.247764319
vt 0.153415397 0.314634024
vt 0.168560043 0.315596041
vt 0.168268135 0.331333127
vt 0.153415397 0.314634024
vt 0.168268135 0.331333127
vt 0.153182213 0.330994759
vt 0.339704766 0.231161277
vt 0.354791187 0.230672451
vt 0.355082641 0.246501158
vt 0.339704766 0.231161277
vt 0.355082641 0.246501158
vt 0.339937925 0.247478798
vt 0.168560043 0.315596041
vt 0.183705207 0.318383494
vt 0.183354624 0.332676103
vt 0.168560043 0.315596041
vt 0.183354624 0.332676103
vt 0.168268135 0.331333127
vt 0.354791187 0.230672451
vt 0.369877614 0.229356770
vt 0.370227349 0.243869783
vt 0.354791187 0.230672451
vt 0.370227349 0.243869783
vt 0.355082641 0.246501158
vt 0.001953536 0.303537564
vt 0.017100909 0.299657388
vt 0.017112896 0.315596041
vt 0.001953536 0.303537564
vt 0.017112896 0.315596041
vt 0.001968638 0.318383494
vt 0.188490771 0.243869783
vt 0.203635487 0.246501158
vt 0.203623702 0.262329866
vt 0.188490771 0.243869783
vt 0.203623702 0.262329866
vt 0.188476622 0.258382809
vt 0.017100909 0.299657388
vt 0.032248773 0.298424622
vt 0.032257685 0.314634024
vt 0.017100909 0.299657388
vt 0.032257685 0.314634024
vt 0.017112896 0.315596041
vt 0.203635487 0.246501158
vt 0.218780207 0.247478798
vt 0.218770778 0.263796332
vt 0.203635487 0.246501158
vt 0.218770778 0.263796332
vt 0.203623702 0.262329866
vt 0.032248773 0.298424622
vt 0.047395938 0.298023082
vt 0.047403000 0.314531630
vt 0.032248773 0.298424622
vt 0.047403000 0.314531630
vt 0.032257685 0.314634024
vt 0.218780207 0.247478798
vt 0.233924922 0.247764319
vt 0.233917849 0.264224600
vt 0.218780207 0.247478798
vt 0.233917849 0.264224600
vt 0.218770778 0.263796332
vt 0.047395938 0.298023082
vt 0.062543607 0.298121231
vt 0.062548841 0.314821160
vt 0.047395938 0.298023082
vt 0.062548841 0.314821160
vt 0.047403000 0.314531630
vt 0.233924922 0.247764319
vt 0.249069637 0.247820701
vt 0.249064923 0.264309192
vt 0.233924922 0.247764319
vt 0.249064923 0.264309192
vt 0.233917849 0.264224600
vt 0.062543607 0.298121231
vt 0.077690563 0.298077768
vt 0.077692796 0.314582606
vt 0.062543607 0.298121231
vt 0.077692796 0.314582606
vt 0.062548841 0.314821160
vt 0.249069637 0.247820701
vt 0.264214352 0.247826046
vt 0.264211995 0.264317204
vt 0.249069637 0.247820701
vt 0.264211995 0.264317204
vt 0.249064923 0.264309192
vt 0.077690563 0.298077768
vt 0.092837998 0.298189215
vt 0.092837258 0.314505112
vt 0.077690563 0.298077768
vt 0.092837258 0.314505112
vt 0.077692796 0.314582606
vt 0.264214352 0.247826046
vt 0.279359066 0.247826134
vt 0.279359067 0.264317329
vt 0.264214352 0.247826046
vt 0.279359067 0.264317329
vt 0.264211995 0.264317204
vt 0.092837998 0.298189215
vt 0.107984706 0.298077768
vt 0.107982224 0.314582606
vt 0.092837998 0.298189215
vt 0.107982224 0.314582606
vt 0.092837258 0.314505112
vt 0.279359066 0.247826134
vt 0.294503781 0.247826046
vt 0.294506139 0.264317204
vt 0.279359066 0.247826134
vt 0.294506139 0.264317204
vt 0.279359067 0.264317329
vt 0.107984706 0.298077768
vt 0.123131893 0.298121231
vt 0.123127697 0.314821160
vt 0.107984706 0.298077768
vt 0.123127697 0.314821160
vt 0.107982224 0.314582606
vt 0.294503781 0.247826046
vt 0.309648496 0.247820701
vt 0.309653211 0.264309192
vt 0.294503781 0.247826046
vt 0.309653211 0.264309192
vt 0.294506139 0.264317204
vt 0.123131893 0.298121231
vt 0.138278370 0.298023082
vt 0.138271284 0.314531630
vt 0.123131893 0.298121231
vt 0.138271284 0.314531630
vt 0.123127697 0.314821160
vt 0.309648496 0.247820701
vt 0.324793211 0.247764319
vt 0.324800285 0.264224600
vt 0.309648496 0.247820701
vt 0.324800285 0.264224600
vt 0.309653211 0.264309192
vt 0.138278370 0.298023082
vt 0.153425344 0.298424622
vt 0.153415397 0.314634024
vt 0.138278370 0.298023082
vt 0.153415397 0.314634024
vt 0.138271284 0.314531630
vt 0.324793211 0.247764319
vt 0.339937925 0.247478798
vt 0.339947355 0.263796332
vt 0.324793211 0.247764319
vt 0.339947355 0.263796332
vt 0.324800285 0.264224600
vt 0.153425344 0.298424622
vt 0.168571626 0.299657388
vt 0.168560043 0.315596041
vt 0.153425344 0.298424622
vt 0.168560043 0.315596041
vt 0.153415397 0.314634024
vt 0.339937925 0.247478798
vt 0.355082641 0.246501158
vt 0.355094426 0.262329866
vt 0.339937925 0.247478798
vt 0.355094426 0.262329866
vt 0.339947355 0.263796332
vt 0.168571626 0.299657388
vt 0.183718399 0.303537564
vt 0.183705207 0.318383494
vt 0.168571626 0.299657388
vt 0.183705207 0.318383494
vt 0.168560043 0.315596041
vt 0.355082641 0.246501158
vt 0.370227349 0.243869783
vt 0.370241494 0.258382809
vt 0.355082641 0.246501158
vt 0.370241494 0.258382809
vt 0.355094426 0.262329866
vt 0.001953125 0.288876082
vt 0.017101190 0.283880792
vt 0.017100909 0.299657388
vt 0.001953125 0.288876082
vt 0.017100909 0.299657388
vt 0.001953536 0.303537564
vt 0.188476622 0.258382809
vt 0.203623702 0.262329866
vt 0.203623657 0.278158573
vt 0.188476622 0.258382809
vt 0.203623657 0.278158573
vt 0.188476562 0.272895822
vt 0.017101190 0.283880792
vt 0.032249711 0.282356433
vt 0.032248773 0.298424622
vt 0.017101190 0.283880792
vt 0.032248773 0.298424622
vt 0.017100909 0.299657388
vt 0.203623702 0.262329866
vt 0.218770778 0.263796332
vt 0.218770740 0.280113852
vt 0.203623702 0.262329866
vt 0.218770740 0.280113852
vt 0.203623657 0.278158573
vt 0.032249711 0.282356433
vt 0.047396322 0.281637825
vt 0.047395938 0.298023082
vt 0.032249711 0.282356433
vt 0.047395938 0.298023082
vt 0.032248773 0.298424622
vt 0.218770778 0.263796332
vt 0.233917849 0.264224600
vt 0.233917821 0.280684881
vt 0.218770778 0.263796332
vt 0.233917821 0.280684881
vt 0.218770740 0.280113852
vt 0.047396322 0.281637825
vt 0.062543426 0.281530865
vt 0.062543607 0.298121231
vt 0.047396322 0.281637825
vt 0.062543607 0.298121231
vt 0.047395938 0.298023082
vt 0.233917849 0.264224600
vt 0.249064923 0.264309192
vt 0.249064905 0.280797670
vt 0.233917849 0.264224600
vt 0.249064905 0.280797670
vt 0.233917821 0.280684881
vt 0.062543426 0.281530865
vt 0.077691007 0.281673855
vt 0.077690563 0.298077768
vt 0.062543426 0.281530865
vt 0.077690563 0.298077768
vt 0.062543607 0.298121231
vt 0.249064923 0.264309192
vt 0.264211995 0.264317204
vt 0.264211986 0.280808348
vt 0.249064923 0.264309192
vt 0.264211986 0.280808348
vt 0.249064905 0.280797670
vt 0.077691007 0.281673855
vt 0.092839056 0.281971283
vt 0.092837998 0.298189215
vt 0.077691007 0.281673855
vt 0.092837998 0.298189215
vt 0.077690563 0.298077768
vt 0.264211995 0.264317204
vt 0.279359067 0.264317329
vt 0.279359068 0.280808524
vt 0.264211995 0.264317204
vt 0.279359068 0.280808524
vt 0.264211986 0.280808348
vt 0.092839056 0.281971283
vt 0.107985169 0.281673855
vt 0.107984706 0.298077768
vt 0.092839056 0.281971283
vt 0.107984706 0.298077768
vt 0.092837998 0.298189215
vt 0.279359067 0.264317329
vt 0.294506139 0.264317204
vt 0.294506149 0.280808348
vt 0.279359067 0.264317329
vt 0.294506149 0.280808348
vt 0.279359068 0.280808524
vt 0.107985169 0.281673855
vt 0.123131749 0.281530865
vt 0.123131893 0.298121231
vt 0.107985169 0.281673855
vt 0.123131893 0.298121231
vt 0.107984706 0.298077768
vt 0.294506139 0.264317204
vt 0.309653211 0.264309192
vt 0.309653231 0.280797670
vt 0.294506139 0.264317204
vt 0.309653231 0.280797670
vt 0.294506149 0.280808348
vt 0.123131749 0.281530865
vt 0.138278811 0.281637825
vt 0.138278370 0.298023082
vt 0.123131749 0.281530865
vt 0.138278370 0.298023082
vt 0.123131893 0.298121231
vt 0.309653211 0.264309192
vt 0.324800285 0.264224600
vt 0.324800314 0.280684881
vt 0.309653211 0.264309192
vt 0.324800314 0.280684881
vt 0.309653231 0.280797670
vt 0.138278811 0.281637825
vt 0.153426358 0.282356433
vt 0.153425344 0.298424622
vt 0.138278811 0.281637825
vt 0.153425344 0.298424622
vt 0.138278370 0.298023082
vt 0.324800285 0.264224600
vt 0.339947355 0.263796332
vt 0.339947393 0.280113852
vt 0.324800285 0.264224600
vt 0.339947393 0.280113852
vt 0.324800314 0.280684881
vt 0.153426358 0.282356433
vt 0.168571995 0.283880792
vt 0.168571626 0.299657388
vt 0.153426358 0.282356433
vt 0.168571626 0.299657388
vt 0.153425344 0.298424622
vt 0.339947355 0.263796332
vt 0.355094426 0.262329866
vt 0.355094470 0.278158573
vt 0.339947355 0.263796332
vt 0.355094470 0.278158573
vt 0.339947393 0.280113852
vt 0.168571995 0.283880792
vt 0.183718101 0.288876082
vt 0.183718399 0.303537564
vt 0.168571995 0.283880792
vt 0.183718399 0.303537564
vt 0.168571626 0.299657388
vt 0.355094426 0.262329866
vt 0.370241494 0.258382809
vt 0.370241548 0.272895822
vt 0.355094426 0.262329866
vt 0.370241548 0.272895822
vt 0.355094470 0.278158573
vt 0.001953427 0.274399024
vt 0.017100880 0.267895535
vt 0.017101190 0.283880792
vt 0.001953427 0.274399024
vt 0.017101190 0.283880792
vt 0.001953125 0.288876082
vt 0.188476562 0.272895822
vt 0.203623657 0.278158573
vt 0.203623701 0.293987280
vt 0.188476562 0.272895822
vt 0.203623701 0.293987280
vt 0.188476617 0.287408848
vt 0.017100880 0.267895535
vt 0.032248774 0.265688137
vt 0.032249711 0.282356433
vt 0.017100880 0.267895535
vt 0.032249711 0.282356433
vt 0.017101190 0.283880792
vt 0.203623657 0.278158573
vt 0.218770740 0.280113852
vt 0.218770778 0.296431373
vt 0.203623657 0.278158573
vt 0.218770778 0.296431373
vt 0.203623701 0.293987280
vt 0.032248774 0.265688137
vt 0.047395948 0.265001939
vt 0.047396322 0.281637825
vt 0.032248774 0.265688137
vt 0.047396322 0.281637825
vt 0.032249711 0.282356433
vt 0.218770740 0.280113852
vt 0.233917821 0.280684881
vt 0.233917850 0.297145175
vt 0.218770740 0.280113852
vt 0.233917850 0.297145175
vt 0.218770778 0.296431373
vt 0.047395948 0.265001939
vt 0.062543619 0.265043878
vt 0.062543426 0.281530865
vt 0.047395948 0.265001939
vt 0.062543426 0.281530865
vt 0.047396322 0.281637825
vt 0.233917821 0.280684881
vt 0.249064905 0.280797670
vt 0.249064924 0.297286149
vt 0.233917821 0.280684881
vt 0.249064924 0.297286149
vt 0.233917850 0.297145175
vt 0.062543619 0.265043878
vt 0.077690575 0.264995087
vt 0.077691007 0.281673855
vt 0.062543619 0.265043878
vt 0.077691007 0.281673855
vt 0.062543426 0.281530865
vt 0.249064905 0.280797670
vt 0.264211986 0.280808348
vt 0.264211996 0.297299506
vt 0.249064905 0.280797670
vt 0.264211996 0.297299506
vt 0.249064924 0.297286149
vt 0.077690575 0.264995087
vt 0.092838010 0.265106446
vt 0.092839056 0.281971283
vt 0.077690575 0.264995087
vt 0.092839056 0.281971283
vt 0.077691007 0.281673855
vt 0.264211986 0.280808348
vt 0.279359068 0.280808524
vt 0.279359068 0.297299720
vt 0.264211986 0.280808348
vt 0.279359068 0.297299720
vt 0.264211996 0.297299506
vt 0.092838010 0.265106446
vt 0.107984718 0.264995087
vt 0.107985169 0.281673855
vt 0.092838010 0.265106446
vt 0.107985169 0.281673855
vt 0.092839056 0.281971283
vt 0.279359068 0.280808524
vt 0.294506149 0.280808348
vt 0.294506141 0.297299506
vt 0.279359068 0.280808524
vt 0.294506141 0.297299506
vt 0.279359068 0.297299720
vt 0.107984718 0.264995087
vt 0.123131904 0.265043878
vt 0.123131749 0.281530865
vt 0.107984718 0.264995087
vt 0.123131749 0.281530865
vt 0.107985169 0.281673855
vt 0.294506149 0.280808348
vt 0.309653231 0.280797670
vt 0.309653213 0.297286149
vt 0.294506149 0.280808348
vt 0.309653213 0.297286149
vt 0.294506141 0.297299506
vt 0.123131904 0.265043878
vt 0.138278380 0.265001939
vt 0.138278811 0.281637825
vt 0.123131904 0.265043878
vt 0.138278811 0.281637825
vt 0.123131749 0.281530865
vt 0.309653231 0.280797670
vt 0.324800314 0.280684881
vt 0.324800286 0.297145175
vt 0.309653231 0.280797670
vt 0.324800286 0.297145175
vt 0.309653213 0.297286149
vt 0.138278380 0.265001939
vt 0.153425345 0.265688137
vt 0.153426358 0.282356433
vt 0.138278380 0.265001939
vt 0.153426358 0.282356433
vt 0.138278811 0.281637825
vt 0.324800314 0.280684881
vt 0.339947393 0.280113852
vt 0.339947356 0.296431373
vt 0.324800314 0.280684881
vt 0.339947356 0.296431373
vt 0.324800286 0.297145175
vt 0.153425345 0.265688137
vt 0.168571597 0.267895535
vt 0.168571995 0.283880792
vt 0.153425345 0.265688137
vt 0.168571995 0.283880792
vt 0.153426358 0.282356433
vt 0.339947393 0.280113852
vt 0.355094470 0.278158573
vt 0.355094425 0.293987280
vt 0.339947393 0.280113852
vt 0.355094425 0.293987280
vt 0.339947356 0.296431373
vt 0.168571597 0.267895535
vt 0.183718289 0.274399024
vt 0.183718101 0.288876082
vt 0.168571597 0.267895535
vt 0.183718101 0.288876082
vt 0.168571995 0.283880792
vt 0.355094470 0.278158573
vt 0.370241548 0.272895822
vt 0.370241488 0.287408848
vt 0.355094470 0.278158573
vt 0.370241488 0.287408848
vt 0.355094425 0.293987280
vt 0.001968419 0.260106415
vt 0.017112839 0.252072334
vt 0.017100880 0.267895535
vt 0.001968419 0.260106415
vt 0.017100880 0.267895535
vt 0.001953427 0.274399024
vt 0.188476617 0.287408848
vt 0.203623701 0.293987280
vt 0.203635486 0.309815988
vt 0.188476617 0.287408848
vt 0.203635486 0.309815988
vt 0.188490761 0.301921862
vt 0.017112839 0.252072334
vt 0.032257687 0.249161029
vt 0.032248774 0.265688137
vt 0.017112839 0.252072334
vt 0.032248774 0.265688137
vt 0.017100880 0.267895535
vt 0.203623701 0.293987280
vt 0.218770778 0.296431373
vt 0.218780208 0.312748907
vt 0.203623701 0.293987280
vt 0.218780208 0.312748907
vt 0.203635486 0.309815988
vt 0.032257687 0.249161029
vt 0.047403020 0.248489356
vt 0.047395948 0.265001939
vt 0.032257687 0.249161029
vt 0.047395948 0.265001939
vt 0.032248774 0.265688137
vt 0.218770778 0.296431373
vt 0.233917850 0.297145175
vt 0.233924925 0.313605456
vt 0.218770778 0.296431373
vt 0.233924925 0.313605456
vt 0.218780208 0.312748907
vt 0.047403020 0.248489356
vt 0.062548864 0.248666442
vt 0.062543619 0.265043878
vt 0.047403020 0.248489356
vt 0.062543619 0.265043878
vt 0.047395948 0.265001939
vt 0.233917850 0.297145175
vt 0.249064924 0.297286149
vt 0.249069640 0.313774628
vt 0.233917850 0.297145175
vt 0.249069640 0.313774628
vt 0.233924925 0.313605456
vt 0.062548864 0.248666442
vt 0.077692820 0.248417242
vt 0.077690575 0.264995087
vt 0.062548864 0.248666442
vt 0.077690575 0.264995087
vt 0.062543619 0.265043878
vt 0.249064924 0.297286149
vt 0.264211996 0.297299506
vt 0.264214354 0.313790651
vt 0.249064924 0.297286149
vt 0.264214354 0.313790651
vt 0.249069640 0.313774628
vt 0.077692820 0.248417242
vt 0.092837282 0.248339586
vt 0.092838010 0.265106446
vt 0.077692820 0.248417242
vt 0.092838010 0.265106446
vt 0.077690575 0.264995087
vt 0.264211996 0.297299506
vt 0.279359068 0.297299720
vt 0.279359069 0.313790903
vt 0.264211996 0.297299506
vt 0.279359069 0.313790903
vt 0.264214354 0.313790651
vt 0.092837282 0.248339586
vt 0.107982248 0.248417242
vt 0.107984718 0.264995087
vt 0.092837282 0.248339586
vt 0.107984718 0.264995087
vt 0.092838010 0.265106446
vt 0.279359068 0.297299720
vt 0.294506141 0.297299506
vt 0.294503784 0.313790651
vt 0.279359068 0.297299720
vt 0.294503784 0.313790651
vt 0.279359069 0.313790903
vt 0.107982248 0.248417242
vt 0.123127720 0.248666442
vt 0.123131904 0.265043878
vt 0.107982248 0.248417242
vt 0.123131904 0.265043878
vt 0.107984718 0.264995087
vt 0.294506141 0.297299506
vt 0.309653213 0.297286149
vt 0.309648499 0.313774628
vt 0.294506141 0.297299506
vt 0.309648499 0.313774628
vt 0.294503784 0.313790651
vt 0.123127720 0.248666442
vt 0.138271304 0.248489356
vt 0.138278380 0.265001939
vt 0.123127720 0.248666442
vt 0.138278380 0.265001939
vt 0.123131904 0.265043878
vt 0.309653213 0.297286149
vt 0.324800286 0.297145175
vt 0.324793213 0.313605456
vt 0.309653213 0.297286149
vt 0.324793213 0.313605456
vt 0.309648499 0.313774628
vt 0.138271304 0.248489356
vt 0.153415399 0.249161029
vt 0.153425345 0.265688137
vt 0.138271304 0.248489356
vt 0.153425345 0.265688137
vt 0.138278380 0.265001939
vt 0.324800286 0.297145175
vt 0.339947356 0.296431373
vt 0.339937927 0.312748907
vt 0.324800286 0.297145175
vt 0.339937927 0.312748907
vt 0.324793213 0.313605456
vt 0.153415399 0.249161029
vt 0.168559985 0.252072334
vt 0.168571597 0.267895535
vt 0.153415399 0.249161029
vt 0.168571597 0.267895535
vt 0.153425345 0.265688137
vt 0.339947356 0.296431373
vt 0.355094425 0.293987280
vt 0.355082640 0.309815988
vt 0.339947356 0.296431373
vt 0.355082640 0.309815988
vt 0.339937927 0.312748907
vt 0.168559985 0.252072334
vt 0.183704987 0.260106415
vt 0.183718289 0.274399024
vt 0.168559985 0.252072334
vt 0.183718289 0.274399024
vt 0.168571597 0.267895535
vt 0.355094425 0.293987280
vt 0.370241488 0.287408848
vt 0.370227339 0.301921862
vt 0.355094425 0.293987280
vt 0.370227339 0.301921862
vt 0.355082640 0.309815988
vt 0.002317202 0.245260497
vt 0.017403811 0.236047568
vt 0.017112839 0.252072334
vt 0.002317202 0.245260497
vt 0.017112839 0.252072334
vt 0.001968419 0.260106415
vt 0.188490761 0.301921862
vt 0.203635486 0.309815988
vt 0.203926940 0.325644695
vt 0.188490761 0.301921862
vt 0.203926940 0.325644695
vt 0.188840497 0.316434875
vt 0.017403811 0.236047568
vt 0.032490822 0.232785279
vt 0.032257687 0.249161029
vt 0.017403811 0.236047568
vt 0.032257687 0.249161029
vt 0.017112839 0.252072334
vt 0.203635486 0.309815988
vt 0.218780208 0.312748907
vt 0.219013367 0.329066427
vt 0.203635486 0.309815988
vt 0.219013367 0.329066427
vt 0.203926940 0.325644695
vt 0.032490822 0.232785279
vt 0.047577136 0.231745539
vt 0.047403020 0.248489356
vt 0.032490822 0.232785279
vt 0.047403020 0.248489356
vt 0.032257687 0.249161029
vt 0.218780208 0.312748907
vt 0.233924925 0.313605456
vt 0.234099794 0.330065737
vt 0.218780208 0.312748907
vt 0.234099794 0.330065737
vt 0.219013367 0.329066427
vt 0.047577136 0.231745539
vt 0.062663988 0.231678381
vt 0.062548864 0.248666442
vt 0.047577136 0.231745539
vt 0.062548864 0.248666442
vt 0.047403020 0.248489356
vt 0.233924925 0.313605456
vt 0.249069640 0.313774628
vt 0.249186219 0.330263106
vt 0.233924925 0.313605456
vt 0.249186219 0.330263106
vt 0.234099794 0.330065737
vt 0.062663988 0.231678381
vt 0.077750189 0.231591021
vt 0.077692820 0.248417242
vt 0.062663988 0.231678381
vt 0.077692820 0.248417242
vt 0.062548864 0.248666442
vt 0.249069640 0.313774628
vt 0.264214354 0.313790651
vt 0.264272645 0.330281808
vt 0.249069640 0.313774628
vt 0.264272645 0.330281808
vt 0.249186219 0.330263106
vt 0.077750189 0.231591021
vt 0.092836939 0.231690968
vt 0.092837282 0.248339586
vt 0.077750189 0.231591021
vt 0.092837282 0.248339586
vt 0.077692820 0.248417242
vt 0.264214354 0.313790651
vt 0.279359069 0.313790903
vt 0.279359070 0.330282098
vt 0.264214354 0.313790651
vt 0.279359070 0.330282098
vt 0.264272645 0.330281808
vt 0.092836939 0.231690968
vt 0.107923038 0.231591021
vt 0.107982248 0.248417242
vt 0.092836939 0.231690968
vt 0.107982248 0.248417242
vt 0.092837282 0.248339586
vt 0.279359069 0.313790903
vt 0.294503784 0.313790651
vt 0.294445495 0.330281808
vt 0.279359069 0.313790903
vt 0.294445495 0.330281808
vt 0.279359070 0.330282098
vt 0.107923038 0.231591021
vt 0.123009685 0.231678381
vt 0.123127720 0.248666442
vt 0.107923038 0.231591021
vt 0.123127720 0.248666442
vt 0.107982248 0.248417242
vt 0.294503784 0.313790651
vt 0.309648499 0.313774628
vt 0.309531920 0.330263106
vt 0.294503784 0.313790651
vt 0.309531920 0.330263106
vt 0.294445495 0.330281808
vt 0.123009685 0.231678381
vt 0.138095682 0.231745539
vt 0.138271304 0.248489356
vt 0.123009685 0.231678381
vt 0.138271304 0.248489356
vt 0.123127720 0.248666442
vt 0.309648499 0.313774628
vt 0.324793213 0.313605456
vt 0.324618345 0.330065737
vt 0.309648499 0.313774628
vt 0.324618345 0.330065737
vt 0.309531920 0.330263106
vt 0.138095682 0.231745539
vt 0.153182217 0.232785279
vt 0.153415399 0.249161029
vt 0.138095682 0.231745539
vt 0.153415399 0.249161029
vt 0.138271304 0.248489356
vt 0.324793213 0.313605456
vt 0.339937927 0.312748907
vt 0.339704768 0.329066427
vt 0.324793213 0.313605456
vt 0.339704768 0.329066427
vt 0.324618345 0.330065737
vt 0.153182217 0.232785279
vt 0.168268048 0.236047568
vt 0.168559985 0.252072334
vt 0.153182217 0.232785279
vt 0.168559985 0.252072334
vt 0.153415399 0.249161029
vt 0.339937927 0.312748907
vt 0.355082640 0.309815988
vt 0.354791185 0.325644695
vt 0.339937927 0.312748907
vt 0.354791185 0.325644695
vt 0.339704768 0.329066427
vt 0.168268048 0.236047568
vt 0.183354295 0.245260497
vt 0.183704987 0.260106415
vt 0.168268048 0.236047568
vt 0.183704987 0.260106415
vt 0.168559985 0.252072334
vt 0.355082640 0.309815988
vt 0.370227339 0.301921862
vt 0.369877598 0.316434875
vt 0.355082640 0.309815988
vt 0.369877598 0.316434875
vt 0.354791185 0.325644695
vt 0.005588203 0.230599003
vt 0.020130025 0.220197967
vt 0.017403811 0.236047568
vt 0.005588203 0.230599003
vt 0.017403811 0.236047568
vt 0.002317202 0.245260497
vt 0.188840497 0.316434875
vt 0.203926940 0.325644695
vt 0.206653066 0.341473402
vt 0.188840497 0.316434875
vt 0.206653066 0.341473402
vt 0.192111851 0.330947901
vt 0.020130025 0.220197967
vt 0.034672244 0.216576043
vt 0.032490822 0.232785279
vt 0.020130025 0.220197967
vt 0.032490822 0.232785279
vt 0.017403811 0.236047568
vt 0.203926940 0.325644695
vt 0.219013367 0.329066427
vt 0.221194272 0.345383961
vt 0.203926940 0.325644695
vt 0.221194272 0.345383961
vt 0.206653066 0.341473402
vt 0.034672244 0.216576043
vt 0.049212578 0.215160831
vt 0.047577136 0.231745539
vt 0.034672244 0.216576043
vt 0.047577136 0.231745539
vt 0.032490822 0.232785279
vt 0.219013367 0.329066427
vt 0.234099794 0.330065737
vt 0.235735473 0.346526019
vt 0.219013367 0.329066427
vt 0.235735473 0.346526019
vt 0.221194272 0.345383961
vt 0.049212578 0.215160831
vt 0.063753483 0.214843750
vt 0.062663988 0.231678381
vt 0.049212578 0.215160831
vt 0.062663988 0.231678381
vt 0.047577136 0.231745539
vt 0.234099794 0.330065737
vt 0.249186219 0.330263106
vt 0.250276672 0.346751573
vt 0.234099794 0.330065737
vt 0.250276672 0.346751573
vt 0.235735473 0.346526019
vt 0.063753483 0.214843750
vt 0.078294982 0.214914653
vt 0.077750189 0.231591021
vt 0.063753483 0.214843750
vt 0.077750189 0.231591021
vt 0.062663988 0.231678381
vt 0.249186219 0.330263106
vt 0.264272645 0.330281808
vt 0.264817871 0.346772953
vt 0.249186219 0.330263106
vt 0.264817871 0.346772953
vt 0.250276672 0.346751573
vt 0.078294982 0.214914653
vt 0.092837080 0.215190956
vt 0.092836939 0.231690968
vt 0.078294982 0.214914653
vt 0.092836939 0.231690968
vt 0.077750189 0.231591021
vt 0.264272645 0.330281808
vt 0.279359070 0.330282098
vt 0.279359070 0.346773305
vt 0.264272645 0.330281808
vt 0.279359070 0.346773305
vt 0.264817871 0.346772953
vt 0.092837080 0.215190956
vt 0.107377379 0.214914653
vt 0.107923038 0.231591021
vt 0.092837080 0.215190956
vt 0.107923038 0.231591021
vt 0.092836939 0.231690968
vt 0.279359070 0.330282098
vt 0.294445495 0.330281808
vt 0.293900269 0.346772953
vt 0.279359070 0.330282098
vt 0.293900269 0.346772953
vt 0.279359070 0.346773305
vt 0.107377379 0.214914653
vt 0.121918276 0.214843750
vt 0.123009685 0.231678381
vt 0.107377379 0.214914653
vt 0.123009685 0.231678381
vt 0.107923038 0.231591021
vt 0.294445495 0.330281808
vt 0.309531920 0.330263106
vt 0.308441469 0.346751573
vt 0.294445495 0.330281808
vt 0.308441469 0.346751573
vt 0.293900269 0.346772953
vt 0.121918276 0.214843750
vt 0.136459768 0.215160831
vt 0.138095682 0.231745539
vt 0.121918276 0.214843750
vt 0.138095682 0.231745539
vt 0.123009685 0.231678381
vt 0.309531920 0.330263106
vt 0.324618345 0.330065737
vt 0.322982667 0.346526019
vt 0.309531920 0.330263106
vt 0.322982667 0.346526019
vt 0.308441469 0.346751573
vt 0.136459768 0.215160831
vt 0.151001831 0.216576043
vt 0.153182217 0.232785279
vt 0.136459768 0.215160831
vt 0.153182217 0.232785279
vt 0.138095682 0.231745539
vt 0.324618345 0.330065737
vt 0.339704768 0.329066427
vt 0.337523864 0.345383961
vt 0.324618345 0.330065737
vt 0.337523864 0.345383961
vt 0.322982667 0.346526019
vt 0.151001831 0.216576043
vt 0.165542009 0.220197967
vt 0.168268048 0.236047568
vt 0.151001831 0.216576043
vt 0.168268048 0.236047568
vt 0.153182217 0.232785279
vt 0.339704768 0.329066427
vt 0.354791185 0.325644695
vt 0.352065057 0.341473402
vt 0.339704768 0.329066427
vt 0.352065057 0.341473402
vt 0.337523864 0.345383961
vt 0.165542009 0.220197967
vt 0.180082583 0.230599003
vt 0.183354295 0.245260497
vt 0.165542009 0.220197967
vt 0.183354295 0.245260497
vt 0.168268048 0.236047568
vt 0.354791185 0.325644695
vt 0.369877598 0.316434875
vt 0.366606239 0.330947901
vt 0.354791185 0.325644695
vt 0.366606239 0.330947901
vt 0.352065057 0.341473402
vt 0.176757812 0.511013308
vt 0.162216613 0.511964398
vt 0.162216613 0.476562500
vt 0.176757812 0.511013308
vt 0.162216613 0.476562500
vt 0.176757812 0.476562500
vt 0.162216613 0.511964398
vt 0.147675414 0.514817690
vt 0.147675414 0.476562500
vt 0.162216613 0.511964398
vt 0.147675414 0.476562500
vt 0.162216613 0.476562500
vt 0.147675414 0.514817690
vt 0.133134215 0.511964398
vt 0.133134215 0.476562500
vt 0.147675414 0.514817690
vt 0.133134215 0.476562500
vt 0.147675414 0.476562500
vt 0.133134215 0.511964398
vt 0.118593016 0.511013308
vt 0.118593016 0.476562500
vt 0.133134215 0.511964398
vt 0.118593016 0.476562500
vt 0.133134215 0.476562500
vt 0.118593016 0.511013308
vt 0.104051817 0.511964398
vt 0.104051817 0.476562500
vt 0.118593016 0.511013308
vt 0.104051817 0.476562500
vt 0.118593016 0.476562500
vt 0.104051817 0.511964398
vt 0.089510618 0.514817690
vt 0.089510618 0.476562500
vt 0.104051817 0.511964398
vt 0.089510618 0.476562500
vt 0.104051817 0.476562500
vt 0.089510618 0.514817690
vt 0.074969419 0.511964398
vt 0.074969419 0.476562500
vt 0.089510618 0.514817690
vt 0.074969419 0.476562500
vt 0.089510618 0.476562500
vt 0.074969419 0.511964398
vt 0.060428220 0.511013308
vt 0.060428220 0.476562500
vt 0.074969419 0.511964398
vt 0.060428220 0.476562500
vt 0.074969419 0.476562500
vt 0.060428220 0.511013308
vt 0.045887021 0.511964398
vt 0.045887021 0.476562500
vt 0.060428220 0.511013308
vt 0.045887021 0.476562500
vt 0.060428220 0.476562500
vt 0.045887021 0.511964398
vt 0.031345822 0.514817690
vt 0.031345822 0.476562500
vt 0.045887021 0.511964398
vt 0.031345822 0.476562500
vt 0.045887021 0.476562500
vt 0.031345822 0.514817690
vt 0.016804623 0.511964398
vt 0.016804623 0.476562500
vt 0.031345822 0.514817690
vt 0.016804623 0.476562500
vt 0.031345822 0.476562500
vt 0.016804623 0.511964398
vt 0.002263424 0.511013308
vt 0.002263424 0.476562500
vt 0.016804623 0.511964398
vt 0.002263424 0.476562500
vt 0.016804623 0.476562500
vt 0.695168532 0.813476562
vt 0.694534464 0.827960379
vt 0.659793045 0.827960379
vt 0.695168532 0.813476562
vt 0.659793045 0.827960379
vt 0.660717724 0.813476562
vt 0.694534464 0.827960379
vt 0.695802594 0.842444189
vt 0.658868373 0.842444189
vt 0.694534464 0.827960379
vt 0.658868373 0.842444189
vt 0.659793045 0.827960379
vt 0.695802594 0.842444189
vt 0.691364148 0.856928012
vt 0.657943694 0.856928012
vt 0.695802594 0.842444189
vt 0.657943694 0.856928012
vt 0.658868373 0.842444189
vt 0.691364148 0.856928012
vt 0.688827893 0.871411822
vt 0.657019021 0.871411822
vt 0.691364148 0.856928012
vt 0.657019021 0.871411822
vt 0.657943694 0.856928012
vt 0.688827893 0.871411822
vt 0.688193825 0.885895645
vt 0.656094343 0.885895645
vt 0.688827893 0.871411822
vt 0.656094343 0.885895645
vt 0.657019021 0.871411822
vt 0.688193825 0.885895645
vt 0.689461955 0.900379455
vt 0.655169664 0.900379455
vt 0.688193825 0.885895645
vt 0.655169664 0.900379455
vt 0.656094343 0.885895645
vt 0.689461955 0.900379455
vt 0.685023508 0.914863265
vt 0.654244991 0.914863265
vt 0.689461955 0.900379455
vt 0.654244991 0.914863265
vt 0.655169664 0.900379455
vt 0.685023508 0.914863265
vt 0.682487254 0.929347088
vt 0.653320312 0.929347088
vt 0.685023508 0.914863265
vt 0.653320312 0.929347088
vt 0.654244991 0.914863265
vt 0.981315379 0.351562500
vt 0.982266475 0.369226581
vt 0.952148438 0.369226581
vt 0.981315379 0.351562500
vt 0.952148438 0.369226581
vt 0.952148438 0.351562500
vt 0.982266475 0.369226581
vt 0.985119758 0.384037110
vt 0.952148438 0.384037110
vt 0.982266475 0.369226581
vt 0.952148438 0.384037110
vt 0.952148438 0.369226581
vt 0.953869758 0.214843750
vt 0.951016475 0.229345628
vt 0.920898438 0.229345628
vt 0.953869758 0.214843750
vt 0.920898438 0.229345628
vt 0.920898438 0.214843750
vt 0.951016475 0.229345628
vt 0.950065379 0.243874146
vt 0.920898438 0.243874146
vt 0.951016475 0.229345628
vt 0.920898438 0.243874146
vt 0.920898438 0.229345628
vt 0.950065379 0.243874146
vt 0.951016475 0.258408600
vt 0.920898438 0.258408600
vt 0.950065379 0.243874146
vt 0.920898438 0.258408600
vt 0.920898438 0.243874146
vt 0.951016475 0.258408600
vt 0.953869758 0.272943664
vt 0.920898438 0.272943664
vt 0.951016475 0.258408600
vt 0.920898438 0.272943664
vt 0.920898438 0.258408600
vt 0.953869758 0.272943664
vt 0.951016475 0.287478749
vt 0.920898438 0.287478749
vt 0.953869758 0.272943664
vt 0.920898438 0.287478749
vt 0.920898438 0.272943664
vt 0.951016475 0.287478749
vt 0.950065379 0.302014446
vt 0.920898438 0.302014446
vt 0.951016475 0.287478749
vt 0.920898438 0.302014446
vt 0.920898438 0.287478749
vt 0.950065379 0.302014446
vt 0.951016475 0.316556077
vt 0.920898438 0.316556077
vt 0.950065379 0.302014446
vt 0.920898438 0.316556077
vt 0.920898438 0.302014446
vt 0.951016475 0.316556077
vt 0.953869758 0.331124349
vt 0.920898438 0.331124349
vt 0.951016475 0.316556077
vt 0.920898438 0.331124349
vt 0.920898438 0.316556077
vt 0.953869758 0.331124349
vt 0.951016475 0.345773095
vt 0.920898438 0.345773095
vt 0.953869758 0.331124349
vt 0.920898438 0.345773095
vt 0.920898438 0.331124349
vt 0.976407100 0.008789062
vt 0.975456004 0.026750127
vt 0.946289062 0.026750127
vt 0.976407100 0.008789062
vt 0.946289062 0.026750127
vt 0.946289062 0.008789062
vt 0.729362254 0.813476562
vt 0.731898508 0.827960385
vt 0.701119991 0.827960385
vt 0.729362254 0.813476562
vt 0.701119991 0.827960385
vt 0.700195312 0.813476562
vt 0.731898508 0.827960385
vt 0.736336955 0.842444196
vt 0.702044664 0.842444196
vt 0.731898508 0.827960385
vt 0.702044664 0.842444196
vt 0.701119991 0.827960385
vt 0.736336955 0.842444196
vt 0.735068825 0.856928006
vt 0.702969343 0.856928006
vt 0.736336955 0.842444196
vt 0.702969343 0.856928006
vt 0.702044664 0.842444196
vt 0.735068825 0.856928006
vt 0.735702893 0.871411828
vt 0.703894021 0.871411828
vt 0.735068825 0.856928006
vt 0.703894021 0.871411828
vt 0.702969343 0.856928006
vt 0.735702893 0.871411828
vt 0.738239148 0.885895638
vt 0.704818694 0.885895638
vt 0.735702893 0.871411828
vt 0.704818694 0.885895638
vt 0.703894021 0.871411828
vt 0.738239148 0.885895638
vt 0.742677594 0.900379461
vt 0.705743373 0.900379461
vt 0.738239148 0.885895638
vt 0.705743373 0.900379461
vt 0.704818694 0.885895638
vt 0.742677594 0.900379461
vt 0.741409464 0.914863272
vt 0.706668045 0.914863272
vt 0.742677594 0.900379461
vt 0.706668045 0.914863272
vt 0.705743373 0.900379461
vt 0.741409464 0.914863272
vt 0.742043532 0.929347088
vt 0.707592724 0.929347088
vt 0.741409464 0.914863272
vt 0.707592724 0.929347088
vt 0.706668045 0.914863272
vt 0.760820821 0.177963293
vt 0.758102982 0.177778047
vt 0.758213087 0.175159856
vt 0.760820821 0.177963293
vt 0.758213087 0.175159856
vt 0.760822832 0.175232049
vt 0.758102982 0.177778047
vt 0.755859375 0.177269086
vt 0.756633523 0.174801533
vt 0.758102982 0.177778047
vt 0.756633523 0.174801533
vt 0.758213087 0.175159856
vt 0.889525360 0.522507297
vt 0.886807741 0.522382003
vt 0.886879852 0.519773611
vt 0.889525360 0.522507297
vt 0.886879852 0.519773611
vt 0.889487378 0.519785431
vt 0.886807741 0.522382003
vt 0.884575525 0.522037754
vt 0.885308306 0.519531250
vt 0.886807741 0.522382003
vt 0.885308306 0.519531250
vt 0.886879852 0.519773611
vt 0.006087758 0.522248349
vt 0.003415988 0.522136212
vt 0.003512847 0.519532565
vt 0.006087758 0.522248349
vt 0.003512847 0.519532565
vt 0.006072997 0.519531250
vt 0.760578543 0.172851562
vt 0.760822832 0.175232049
vt 0.758213087 0.175159856
vt 0.760578543 0.172851562
vt 0.758213087 0.175159856
vt 0.758041101 0.173483924
vt 0.078820781 0.940429688
vt 0.078820781 0.942360740
vt 0.077148438 0.941395214
vt 0.931323443 0.177963293
vt 0.931325454 0.175232049
vt 0.933687437 0.175159856
vt 0.931323443 0.177963293
vt 0.933687437 0.175159856
vt 0.933797034 0.177778047
vt 0.756465997 0.688372041
vt 0.759179278 0.688280476
vt 0.758860332 0.690881445
vt 0.756465997 0.688372041
vt 0.758860332 0.690881445
vt 0.756950103 0.690945910
vt 0.761718750 0.688509632
vt 0.761298094 0.691207855
vt 0.758860332 0.690881445
vt 0.761718750 0.688509632
vt 0.758860332 0.690881445
vt 0.759179278 0.688280476
vt 0.785156250 0.522249216
vt 0.782434871 0.522272163
vt 0.782767168 0.519710168
vt 0.785156250 0.522249216
vt 0.782767168 0.519710168
vt 0.784683099 0.519694012
vt 0.779917866 0.522201138
vt 0.780350761 0.519531250
vt 0.782767168 0.519710168
vt 0.779917866 0.522201138
vt 0.782767168 0.519710168
vt 0.782434871 0.522272163
vt 0.990234375 0.175378369
vt 0.987491516 0.175378369
vt 0.987897419 0.172851562
vt 0.990234375 0.175378369
vt 0.987897419 0.172851562
vt 0.989828472 0.172851562
vt 0.756950103 0.690945910
vt 0.758860332 0.690881445
vt 0.758046634 0.692460888
vt 0.547976213 0.246205163
vt 0.550694051 0.246390410
vt 0.550583946 0.249008600
vt 0.547976213 0.246205163
vt 0.550583946 0.249008600
vt 0.547974202 0.248936408
vt 0.550694051 0.246390410
vt 0.552937659 0.246899370
vt 0.552163511 0.249366923
vt 0.550694051 0.246390410
vt 0.552163511 0.249366923
vt 0.550583946 0.249008600
vt 0.932792071 0.522248350
vt 0.930120298 0.522136211
vt 0.930217157 0.519532564
vt 0.932792071 0.522248350
vt 0.930217157 0.519532564
vt 0.932777307 0.519531250
vt 0.782434871 0.688867377
vt 0.785156250 0.688844429
vt 0.784683099 0.691331489
vt 0.782434871 0.688867377
vt 0.784683099 0.691331489
vt 0.782767168 0.691347645
vt 0.521836384 0.690105575
vt 0.524555556 0.690230520
vt 0.524485278 0.692838798
vt 0.521836384 0.690105575
vt 0.524485278 0.692838798
vt 0.521876078 0.692827326
vt 0.548218490 0.251316894
vt 0.547974202 0.248936408
vt 0.550583946 0.249008600
vt 0.548218490 0.251316894
vt 0.550583946 0.249008600
vt 0.550755933 0.250684533
vt 0.084680156 0.940429688
vt 0.084680156 0.942360740
vt 0.083007812 0.941395214
vt 0.928710938 0.356667036
vt 0.926009577 0.356791913
vt 0.925838971 0.354180790
vt 0.928710938 0.356667036
vt 0.925838971 0.354180790
vt 0.928429857 0.353957776
vt 0.926009577 0.356791913
vt 0.923458192 0.356479970
vt 0.924042722 0.353961173
vt 0.926009577 0.356791913
vt 0.924042722 0.353961173
vt 0.925838971 0.354180790
vt 0.377473591 0.246205163
vt 0.377471580 0.248936408
vt 0.375109596 0.249008600
vt 0.377473591 0.246205163
vt 0.375109596 0.249008600
vt 0.375000000 0.246390410
vt 0.768554688 0.523656337
vt 0.765811826 0.523656337
vt 0.766217730 0.521067528
vt 0.768554688 0.523656337
vt 0.766217730 0.521067528
vt 0.768148785 0.521067528
vt 0.172822052 0.522248349
vt 0.172807291 0.519531250
vt 0.175293615 0.519532565
vt 0.172822052 0.522248349
vt 0.175293615 0.519532565
vt 0.175419760 0.522136212
vt 0.927657580 0.351562500
vt 0.928429857 0.353957776
vt 0.925838971 0.354180790
vt 0.927657580 0.351562500
vt 0.925838971 0.354180790
vt 0.925295266 0.352494446
vt 0.767183259 0.519531250
vt 0.768148785 0.521067528
vt 0.766217730 0.521067528
vt 0.921565177 0.522507297
vt 0.921527198 0.519785431
vt 0.923901663 0.519773611
vt 0.921565177 0.522507297
vt 0.923901663 0.519773611
vt 0.924049707 0.522382003
vt 0.933223807 0.383299073
vt 0.935937086 0.383207509
vt 0.935618141 0.385808478
vt 0.933223807 0.383299073
vt 0.935618141 0.385808478
vt 0.933707913 0.385872942
vt 0.938476562 0.383436664
vt 0.938055903 0.386134888
vt 0.935618141 0.385808478
vt 0.938476562 0.383436664
vt 0.935618141 0.385808478
vt 0.935937086 0.383207509
vt 0.560335153 0.214843750
vt 0.560358101 0.217565127
vt 0.557796106 0.217232829
vt 0.560335153 0.214843750
vt 0.557796106 0.217232829
vt 0.557779950 0.215316901
vt 0.560287075 0.220082128
vt 0.557617188 0.219649236
vt 0.557796106 0.217232829
vt 0.560287075 0.220082128
vt 0.557796106 0.217232829
vt 0.560358101 0.217565127
vt 0.775390625 0.522058056
vt 0.772647766 0.522058056
vt 0.773053669 0.519531250
vt 0.775390625 0.522058056
vt 0.773053669 0.519531250
vt 0.774984722 0.519531250
vt 0.933707913 0.385872942
vt 0.935618141 0.385808478
vt 0.934804445 0.387387921
vt 0.351322128 0.508549755
vt 0.354041301 0.508674703
vt 0.353971023 0.511282981
vt 0.351322128 0.508549755
vt 0.353971023 0.511282981
vt 0.351361823 0.511271508
vt 0.987491516 0.207878795
vt 0.990234375 0.207878795
vt 0.989828472 0.210405602
vt 0.987491516 0.207878795
vt 0.989828472 0.210405602
vt 0.987897419 0.210405602
vt 0.709796161 0.507341389
vt 0.709830431 0.510066794
vt 0.707219138 0.510181255
vt 0.709796161 0.507341389
vt 0.707219138 0.510181255
vt 0.707078482 0.507568087
vt 0.709830431 0.510066794
vt 0.709597781 0.512526411
vt 0.707055346 0.511912897
vt 0.709830431 0.510066794
vt 0.707055346 0.511912897
vt 0.707219138 0.510181255
vt 0.183822154 0.522248350
vt 0.181150384 0.522136211
vt 0.181247243 0.519532564
vt 0.183822154 0.522248350
vt 0.181247243 0.519532564
vt 0.183807393 0.519531250
vt 0.733279714 0.217565127
vt 0.733256767 0.214843750
vt 0.735743827 0.215316901
vt 0.733279714 0.217565127
vt 0.735743827 0.215316901
vt 0.735759983 0.217232829
vt 0.088867188 0.940429688
vt 0.090539528 0.941395214
vt 0.088867188 0.942360740
vt 0.965246584 0.522248350
vt 0.965231823 0.519531250
vt 0.967718147 0.519532564
vt 0.965246584 0.522248350
vt 0.967718147 0.519532564
vt 0.967844292 0.522136211
vt 0.942989432 0.383299073
vt 0.945702711 0.383207509
vt 0.945383766 0.385808478
vt 0.942989432 0.383299073
vt 0.945383766 0.385808478
vt 0.943473538 0.385872942
vt 0.948242188 0.383436664
vt 0.947821528 0.386134888
vt 0.945383766 0.385808478
vt 0.948242188 0.383436664
vt 0.945383766 0.385808478
vt 0.945702711 0.383207509
vt 0.934626664 0.004695984
vt 0.934626664 0.001953125
vt 0.937153470 0.002359028
vt 0.934626664 0.004695984
vt 0.937153470 0.002359028
vt 0.937153470 0.004290081
vt 0.350556444 0.522248350
vt 0.350541683 0.519531250
vt 0.353028006 0.519532564
vt 0.350556444 0.522248350
vt 0.353028006 0.519532564
vt 0.353154151 0.522136211
vt 0.851749329 0.685496496
vt 0.854492188 0.685496496
vt 0.854086284 0.688069859
vt 0.851749329 0.685496496
vt 0.854086284 0.688069859
vt 0.852155232 0.688069859
vt 0.943473538 0.385872942
vt 0.945383766 0.385808478
vt 0.944570070 0.387387921
vt 0.007255246 0.750062582
vt 0.007012730 0.752782801
vt 0.004404150 0.752617290
vt 0.007255246 0.750062582
vt 0.004404150 0.752617290
vt 0.004534858 0.750000000
vt 0.772647766 0.689028212
vt 0.775390625 0.689028212
vt 0.774984722 0.691555018
vt 0.772647766 0.689028212
vt 0.774984722 0.691555018
vt 0.773053669 0.691555018
vt 0.698594164 0.690105539
vt 0.701313338 0.690230486
vt 0.701243059 0.692838764
vt 0.698594164 0.690105539
vt 0.701243059 0.692838764
vt 0.698633859 0.692827292
vt 0.761315869 0.001953125
vt 0.761315869 0.004695984
vt 0.758789062 0.004290081
vt 0.761315869 0.001953125
vt 0.758789062 0.004290081
vt 0.758789062 0.002359028
vt 0.742940466 0.522264476
vt 0.742980160 0.519542723
vt 0.745589360 0.519531250
vt 0.742940466 0.522264476
vt 0.745589360 0.519531250
vt 0.745659639 0.522139528
vt 0.002047096 0.750296865
vt 0.004534858 0.750000000
vt 0.004404150 0.752617290
vt 0.002047096 0.750296865
vt 0.004404150 0.752617290
vt 0.002652693 0.752826292
vt 0.094726562 0.941395214
vt 0.096398903 0.940429688
vt 0.096398903 0.942360740
vt 0.006087758 0.522248349
vt 0.004624895 0.693358371
vt 0.001953125 0.693246233
vt 0.006087758 0.522248349
vt 0.001953125 0.693246233
vt 0.003415988 0.522136212
vt 0.759179278 0.519531250
vt 0.759179278 0.688280476
vt 0.756465997 0.688372041
vt 0.759179278 0.519531250
vt 0.756465997 0.688372041
vt 0.756465997 0.519622815
vt 0.760822832 0.175232049
vt 0.931325454 0.175232049
vt 0.931323443 0.177963293
vt 0.760822832 0.175232049
vt 0.931323443 0.177963293
vt 0.760820821 0.177963293
vt 0.889525360 0.522507297
vt 0.884553557 0.686826280
vt 0.881835938 0.686700986
vt 0.889525360 0.522507297
vt 0.881835938 0.686700986
vt 0.886807741 0.522382003
vt 0.685546875 0.721679688
vt 0.852517031 0.721679688
vt 0.852517031 0.724422549
vt 0.685546875 0.721679688
vt 0.852517031 0.724422549
vt 0.685546875 0.724422549
vt 0.006072997 0.519531250
vt 0.172807291 0.519531250
vt 0.172822052 0.522248349
vt 0.006072997 0.519531250
vt 0.172822052 0.522248349
vt 0.006087758 0.522248349
vt 0.521836384 0.690105575
vt 0.527183011 0.519531250
vt 0.529902183 0.519656195
vt 0.521836384 0.690105575
vt 0.529902183 0.519656195
vt 0.524555556 0.690230520
vt 0.765811826 0.693184708
vt 0.765811826 0.523656337
vt 0.768554688 0.523656337
vt 0.765811826 0.693184708
vt 0.768554688 0.523656337
vt 0.768554688 0.693184708
vt 0.547974202 0.248936408
vt 0.377471580 0.248936408
vt 0.377473591 0.246205163
vt 0.547974202 0.248936408
vt 0.377473591 0.246205163
vt 0.547976213 0.246205163
vt 0.357421875 0.690105575
vt 0.521836384 0.690105575
vt 0.521876078 0.692827326
vt 0.357421875 0.690105575
vt 0.521876078 0.692827326
vt 0.357461569 0.692827326
vt 0.785156250 0.522249216
vt 0.785156250 0.688844429
vt 0.782434871 0.688867377
vt 0.785156250 0.522249216
vt 0.782434871 0.688867377
vt 0.782434871 0.522272163
vt 0.928710938 0.686986087
vt 0.930120298 0.522136211
vt 0.932792071 0.522248350
vt 0.928710938 0.686986087
vt 0.932792071 0.522248350
vt 0.931382711 0.687098226
vt 0.534179688 0.690105539
vt 0.698594164 0.690105539
vt 0.698633859 0.692827292
vt 0.534179688 0.690105539
vt 0.698633859 0.692827292
vt 0.534219382 0.692827292
vt 0.775390625 0.522058056
vt 0.775390625 0.689028212
vt 0.772647766 0.689028212
vt 0.775390625 0.522058056
vt 0.772647766 0.689028212
vt 0.772647766 0.522058056
vt 0.163819984 0.767524969
vt 0.007012730 0.752782801
vt 0.007255246 0.750062582
vt 0.163819984 0.767524969
vt 0.007255246 0.750062582
vt 0.164062500 0.764804749
vt 0.180664062 0.508549755
vt 0.351322128 0.508549755
vt 0.351361823 0.511271508
vt 0.180664062 0.508549755
vt 0.351361823 0.511271508
vt 0.180703757 0.511271508
vt 0.560335153 0.214843750
vt 0.733256767 0.214843750
vt 0.733279714 0.217565127
vt 0.560335153 0.214843750
vt 0.733279714 0.217565127
vt 0.560358101 0.217565127
vt 0.179687500 0.693246208
vt 0.181150384 0.522136211
vt 0.183822154 0.522248350
vt 0.179687500 0.693246208
vt 0.183822154 0.522248350
vt 0.182359270 0.693358347
vt 0.709796161 0.507341389
vt 0.873671106 0.507341389
vt 0.873705377 0.510066794
vt 0.709796161 0.507341389
vt 0.873705377 0.510066794
vt 0.709830431 0.510066794
vt 0.854492188 0.519531250
vt 0.854492188 0.685496496
vt 0.851749329 0.685496496
vt 0.854492188 0.519531250
vt 0.851749329 0.685496496
vt 0.851749329 0.519531250
vt 0.183807393 0.519531250
vt 0.350541683 0.519531250
vt 0.350556444 0.522248350
vt 0.183807393 0.519531250
vt 0.350556444 0.522248350
vt 0.183822154 0.522248350
vt 0.748287159 0.692838765
vt 0.742940466 0.522264476
vt 0.745659639 0.522139528
vt 0.748287159 0.692838765
vt 0.745659639 0.522139528
vt 0.751006332 0.692713818
vt 0.934626664 0.004695984
vt 0.761315869 0.004695984
vt 0.761315869 0.001953125
vt 0.934626664 0.004695984
vt 0.761315869 0.001953125
vt 0.934626664 0.001953125
vt 0.706660033 0.519656197
vt 0.701313338 0.690230486
vt 0.698594164 0.690105539
vt 0.706660033 0.519656197
vt 0.698594164 0.690105539
vt 0.703940860 0.519531250
vt 0.760820821 0.177963293
vt 0.759291734 0.209324706
vt 0.756573895 0.209139463
vt 0.760820821 0.177963293
vt 0.756573895 0.209139463
vt 0.758102982 0.177778047
vt 0.935937086 0.351562500
vt 0.935937086 0.383207509
vt 0.933223807 0.383299073
vt 0.935937086 0.351562500
vt 0.933223807 0.383299073
vt 0.933223807 0.351654064
vt 0.889487378 0.519785431
vt 0.921527198 0.519785431
vt 0.921565177 0.522507297
vt 0.889487378 0.519785431
vt 0.921565177 0.522507297
vt 0.889525360 0.522507297
vt 0.707795804 0.476562500
vt 0.709796161 0.507341389
vt 0.707078482 0.507568087
vt 0.707795804 0.476562500
vt 0.707078482 0.507568087
vt 0.705078125 0.476789195
vt 0.990234375 0.175378369
vt 0.990234375 0.207878795
vt 0.987491516 0.207878795
vt 0.990234375 0.175378369
vt 0.987491516 0.207878795
vt 0.987491516 0.175378369
vt 0.355043950 0.476687444
vt 0.354041301 0.508674703
vt 0.351322128 0.508549755
vt 0.355043950 0.476687444
vt 0.351322128 0.508549755
vt 0.352324777 0.476562500
vt 0.547976213 0.246205163
vt 0.549505300 0.214843750
vt 0.552223139 0.215028993
vt 0.547976213 0.246205163
vt 0.552223139 0.215028993
vt 0.550694051 0.246390410
vt 0.945702711 0.351562500
vt 0.945702711 0.383207509
vt 0.942989432 0.383299073
vt 0.945702711 0.351562500
vt 0.942989432 0.383299073
vt 0.942989432 0.351654064
vt 0.932777307 0.519531250
vt 0.965231823 0.519531250
vt 0.965246584 0.522248350
vt 0.932777307 0.519531250
vt 0.965246584 0.522248350
vt 0.932792071 0.522248350
vt 0.928710938 0.356667036
vt 0.928710938 0.387568218
vt 0.926009577 0.387693097
vt 0.928710938 0.356667036
vt 0.926009577 0.387693097
vt 0.926009577 0.356791913
vt 0.998046875 0.771484375
vt 0.998046875 0.803984802
vt 0.995304016 0.803984802
vt 0.998046875 0.771484375
vt 0.995304016 0.803984802
vt 0.995304016 0.771484375
vt 0.710977191 0.519542723
vt 0.742980160 0.519542723
vt 0.742940466 0.522264476
vt 0.710977191 0.519542723
vt 0.742940466 0.522264476
vt 0.710937500 0.522264476
vt 0.760820821 0.177963293
vt 0.931323443 0.177963293
vt 0.929794356 0.209324706
vt 0.760820821 0.177963293
vt 0.929794356 0.209324706
vt 0.759291734 0.209324706
vt 0.006087758 0.522248349
vt 0.172822052 0.522248349
vt 0.171359189 0.693358371
vt 0.006087758 0.522248349
vt 0.171359189 0.693358371
vt 0.004624895 0.693358371
vt 0.884553557 0.686826280
vt 0.889525360 0.522507297
vt 0.921565177 0.522507297
vt 0.884553557 0.686826280
vt 0.921565177 0.522507297
vt 0.916593374 0.686826280
vt 0.931382711 0.687098226
vt 0.932792071 0.522248350
vt 0.965246584 0.522248350
vt 0.931382711 0.687098226
vt 0.965246584 0.522248350
vt 0.963837224 0.687098226
vt 0.547976213 0.246205163
vt 0.377473591 0.246205163
vt 0.379002678 0.214843750
vt 0.547976213 0.246205163
vt 0.379002678 0.214843750
vt 0.549505300 0.214843750
vt 0.182359270 0.693358347
vt 0.183822154 0.522248350
vt 0.350556444 0.522248350
vt 0.182359270 0.693358347
vt 0.350556444 0.522248350
vt 0.349093561 0.693358347
vt 0.186523438 0.032226562
vt 0.186523438 0.166436754
vt 0.175955710 0.168550298
vt 0.186523438 0.032226562
vt 0.175955710 0.168550298
vt 0.128400916 0.149528387
vt 0.002644908 0.119938729
vt 0.002644908 0.032226562
vt 0.186523438 0.032226562
vt 0.071335165 0.137903881
vt 0.020610053 0.133676780
vt 0.002644908 0.119938729
vt 0.186523438 0.032226562
vt 0.128400916 0.149528387
vt 0.071335165 0.137903881
vt 0.071335165 0.137903881
vt 0.002644908 0.119938729
vt 0.186523438 0.032226562
vt 0.190429688 0.166436754
vt 0.190429688 0.032226562
vt 0.374308217 0.032226562
vt 0.374308217 0.032226562
vt 0.374308217 0.119938729
vt 0.356343072 0.133676780
vt 0.374308217 0.032226562
vt 0.356343072 0.133676780
vt 0.305617960 0.137903881
vt 0.200997415 0.168550298
vt 0.190429688 0.166436754
vt 0.374308217 0.032226562
vt 0.374308217 0.032226562
vt 0.305617960 0.137903881
vt 0.248552209 0.149528387
vt 0.374308217 0.032226562
vt 0.248552209 0.149528387
vt 0.200997415 0.168550298
vt 0.756551158 0.032226562
vt 0.940429688 0.032226562
vt 0.940429688 0.069424977
vt 0.756551158 0.032226562
vt 0.940429688 0.069424977
vt 0.756551158 0.069424977
vt 0.140803458 0.771484375
vt 0.228515625 0.771484375
vt 0.228515625 0.808682790
vt 0.140803458 0.771484375
vt 0.228515625 0.808682790
vt 0.140803458 0.808682790
vt 0.471524691 0.771484375
vt 0.494140625 0.771484375
vt 0.494140625 0.808682790
vt 0.471524691 0.771484375
vt 0.494140625 0.808682790
vt 0.471524691 0.808682790
vt 0.359712920 0.476562500
vt 0.410584139 0.476562500
vt 0.410584139 0.513760915
vt 0.359712920 0.476562500
vt 0.410584139 0.513760915
vt 0.359712920 0.513760915
vt 0.410584139 0.476562500
vt 0.468618247 0.476562500
vt 0.468618247 0.513760915
vt 0.410584139 0.476562500
vt 0.468618247 0.513760915
vt 0.410584139 0.513760915
vt 0.468618247 0.476562500
vt 0.518072602 0.476562500
vt 0.518072602 0.513760915
vt 0.468618247 0.476562500
vt 0.518072602 0.513760915
vt 0.468618247 0.513760915
vt 0.518072602 0.476562500
vt 0.528320312 0.476562500
vt 0.528320312 0.513760915
vt 0.518072602 0.476562500
vt 0.528320312 0.513760915
vt 0.518072602 0.513760915
vt 0.944335938 0.166436754
vt 0.944335938 0.032226562
vt 0.981534352 0.032226562
vt 0.944335938 0.166436754
vt 0.981534352 0.032226562
vt 0.981534352 0.166436754
vt 0.378906250 0.168550298
vt 0.378906250 0.034340107
vt 0.389473978 0.032226562
vt 0.378906250 0.168550298
vt 0.389473978 0.032226562
vt 0.437028771 0.051248474
vt 0.562784780 0.080838132
vt 0.562784780 0.168550298
vt 0.378906250 0.168550298
vt 0.494094522 0.062872980
vt 0.544819634 0.067100081
vt 0.562784780 0.080838132
vt 0.378906250 0.168550298
vt 0.437028771 0.051248474
vt 0.494094522 0.062872980
vt 0.494094522 0.062872980
vt 0.562784780 0.080838132
vt 0.378906250 0.168550298
vt 0.568074595 0.166436754
vt 0.568074595 0.032226562
vt 0.751953125 0.032226562
vt 0.751953125 0.032226562
vt 0.751953125 0.119938729
vt 0.733987980 0.133676780
vt 0.751953125 0.032226562
vt 0.733987980 0.133676780
vt 0.683262868 0.137903881
vt 0.578642323 0.168550298
vt 0.568074595 0.166436754
vt 0.751953125 0.032226562
vt 0.751953125 0.032226562
vt 0.683262868 0.137903881
vt 0.626197117 0.149528387
vt 0.751953125 0.032226562
vt 0.626197117 0.149528387
vt 0.578642323 0.168550298
vt 0.002644908 0.172851562
vt 0.186523438 0.172851562
vt 0.186523438 0.210049977
vt 0.002644908 0.172851562
vt 0.186523438 0.210049977
vt 0.002644908 0.210049977
vt 0.232600333 0.771484375
vt 0.320312500 0.771484375
vt 0.320312500 0.808682790
vt 0.232600333 0.771484375
vt 0.320312500 0.808682790
vt 0.232600333 0.808682790
vt 0.498868441 0.771484375
vt 0.521484375 0.771484375
vt 0.521484375 0.808682790
vt 0.498868441 0.771484375
vt 0.521484375 0.808682790
vt 0.498868441 0.808682790
vt 0.532564482 0.476562500
vt 0.583435702 0.476562500
vt 0.583435702 0.513760915
vt 0.532564482 0.476562500
vt 0.583435702 0.513760915
vt 0.532564482 0.513760915
vt 0.583435702 0.476562500
vt 0.641469809 0.476562500
vt 0.641469809 0.513760915
vt 0.583435702 0.476562500
vt 0.641469809 0.513760915
vt 0.583435702 0.513760915
vt 0.641469809 0.476562500
vt 0.690924164 0.476562500
vt 0.690924164 0.513760915
vt 0.641469809 0.476562500
vt 0.690924164 0.513760915
vt 0.641469809 0.513760915
vt 0.690924164 0.476562500
vt 0.701171875 0.476562500
vt 0.701171875 0.513760915
vt 0.690924164 0.476562500
vt 0.701171875 0.513760915
vt 0.690924164 0.513760915
vt 0.002508559 0.771484375
vt 0.136718750 0.771484375
vt 0.136718750 0.808682790
vt 0.002508559 0.771484375
vt 0.136718750 0.808682790
vt 0.002508559 0.808682790
vt 0.003937712 0.010833755
vt 0.002850569 0.010759657
vt 0.002894613 0.009712379
vt 0.003937712 0.010833755
vt 0.002894613 0.009712379
vt 0.003938510 0.009741258
vt 0.002850569 0.010759657
vt 0.001953125 0.010556071
vt 0.002262784 0.009569048
vt 0.002850569 0.010759657
vt 0.002262784 0.009569048
vt 0.002894613 0.009712379
vt 0.864043968 0.723659618
vt 0.864094076 0.722572573
vt 0.865137432 0.722601415
vt 0.864043968 0.723659618
vt 0.865137432 0.722601415
vt 0.865132706 0.723644428
vt 0.864094076 0.722572573
vt 0.864231774 0.721679688
vt 0.865234375 0.721972799
vt 0.864094076 0.722572573
vt 0.865234375 0.721972799
vt 0.865137432 0.722601415
vt 0.941295966 0.011420559
vt 0.941340828 0.010351858
vt 0.942382286 0.010390603
vt 0.941295966 0.011420559
vt 0.942382286 0.010390603
vt 0.942382812 0.011414661
vt 0.003840794 0.008789062
vt 0.003938510 0.009741258
vt 0.002894613 0.009712379
vt 0.003840794 0.008789062
vt 0.002894613 0.009712379
vt 0.002825818 0.009042007
vt 0.101254876 0.941202110
vt 0.100585938 0.940815896
vt 0.101254876 0.940429688
vt 0.186084421 0.010833755
vt 0.186085231 0.009741258
vt 0.187030023 0.009712379
vt 0.186084421 0.010833755
vt 0.187030023 0.009712379
vt 0.187073863 0.010759657
vt 0.752575841 0.004054224
vt 0.752539215 0.002968910
vt 0.753579602 0.003096487
vt 0.752575841 0.004054224
vt 0.753579602 0.003096487
vt 0.753605387 0.003860580
vt 0.752630870 0.001953125
vt 0.753710167 0.002121383
vt 0.753579602 0.003096487
vt 0.752630870 0.001953125
vt 0.753579602 0.003096487
vt 0.752539215 0.002968910
vt 0.960937500 0.814563748
vt 0.959848948 0.814572927
vt 0.959981868 0.813548131
vt 0.960937500 0.814563748
vt 0.959981868 0.813548131
vt 0.960748240 0.813541668
vt 0.958842153 0.814544510
vt 0.959015304 0.813476562
vt 0.959981868 0.813548131
vt 0.958842153 0.814544510
vt 0.959981868 0.813548131
vt 0.959848948 0.814572927
vt 0.874023438 0.698276349
vt 0.872926292 0.698276349
vt 0.873088653 0.697265625
vt 0.874023438 0.698276349
vt 0.873088653 0.697265625
vt 0.873861077 0.697265625
vt 0.753605387 0.003860580
vt 0.753579602 0.003096487
vt 0.754211382 0.003421965
vt 0.374542463 0.026124608
vt 0.375629603 0.026198702
vt 0.375585560 0.027245980
vt 0.374542463 0.026124608
vt 0.375585560 0.027245980
vt 0.374541663 0.027217102
vt 0.375629603 0.026198702
vt 0.376527046 0.026402284
vt 0.376217388 0.027389308
vt 0.375629603 0.026198702
vt 0.376217388 0.027389308
vt 0.375585560 0.027245980
vt 0.867077218 0.698398552
vt 0.867122077 0.697329845
vt 0.868163534 0.697368587
vt 0.867077218 0.698398552
vt 0.868163534 0.697368587
vt 0.868164062 0.698392649
vt 0.959848948 0.822164611
vt 0.960937500 0.822155432
vt 0.960748240 0.823150255
vt 0.959848948 0.822164611
vt 0.960748240 0.823150255
vt 0.959981868 0.823156718
vt 0.561219062 0.173944857
vt 0.561234946 0.172856150
vt 0.562278624 0.172851562
vt 0.561219062 0.173944857
vt 0.562278624 0.172851562
vt 0.562306737 0.173894872
vt 0.374639379 0.028169295
vt 0.374541663 0.027217102
vt 0.375585560 0.027245980
vt 0.374639379 0.028169295
vt 0.375585560 0.027245980
vt 0.375654355 0.027916351
vt 0.106445312 0.940429688
vt 0.107114251 0.940815901
vt 0.106445312 0.941202110
vt 0.997070312 0.010830873
vt 0.995989766 0.010880827
vt 0.995921526 0.009836376
vt 0.997070312 0.010830873
vt 0.995921526 0.009836376
vt 0.996957879 0.009747173
vt 0.995989766 0.010880827
vt 0.994969212 0.010756048
vt 0.995203024 0.009748528
vt 0.995989766 0.010880827
vt 0.995203024 0.009748528
vt 0.995921526 0.009836376
vt 0.192395695 0.026124608
vt 0.192394883 0.027217102
vt 0.191450090 0.027245980
vt 0.192395695 0.026124608
vt 0.191450090 0.027245980
vt 0.191406250 0.026198702
vt 0.386415661 0.001953125
vt 0.386415661 0.003050270
vt 0.385380138 0.002887910
vt 0.386415661 0.001953125
vt 0.385380138 0.002887910
vt 0.385380139 0.002115488
vt 0.941295966 0.019018581
vt 0.942382812 0.019012683
vt 0.942382286 0.020007210
vt 0.941295966 0.019018581
vt 0.942382286 0.020007210
vt 0.941340828 0.020057670
vt 0.996648971 0.008789062
vt 0.996957879 0.009747173
vt 0.995921526 0.009836376
vt 0.996648971 0.008789062
vt 0.995921526 0.009836376
vt 0.995704045 0.009161839
vt 0.384765625 0.002501701
vt 0.385380139 0.002115488
vt 0.385380138 0.002887910
vt 0.864043968 0.741370153
vt 0.865132706 0.741354966
vt 0.865137432 0.742304754
vt 0.864043968 0.741370153
vt 0.865137432 0.742304754
vt 0.864094076 0.742363970
vt 0.878758264 0.714794545
vt 0.879843578 0.714757919
vt 0.879716000 0.715798306
vt 0.878758264 0.714794545
vt 0.879716000 0.715798306
vt 0.878951906 0.715824095
vt 0.880859375 0.714849579
vt 0.880691105 0.715928871
vt 0.879716000 0.715798306
vt 0.880859375 0.714849579
vt 0.879716000 0.715798306
vt 0.879843578 0.714757919
vt 0.003040311 0.001953125
vt 0.003049490 0.003041678
vt 0.002024693 0.002908760
vt 0.003040311 0.001953125
vt 0.002024693 0.002908760
vt 0.002018231 0.002142385
vt 0.003021087 0.004048471
vt 0.001953125 0.003875322
vt 0.002024693 0.002908760
vt 0.003021087 0.004048471
vt 0.002024693 0.002908760
vt 0.003049490 0.003041678
vt 0.966796875 0.814487284
vt 0.965699729 0.814487284
vt 0.965862092 0.813476562
vt 0.966796875 0.814487284
vt 0.965862092 0.813476562
vt 0.966634515 0.813476563
vt 0.878951906 0.715824095
vt 0.879716000 0.715798306
vt 0.879390521 0.716430086
vt 0.563172143 0.026470538
vt 0.564259819 0.026520521
vt 0.564231706 0.027563834
vt 0.563172143 0.026470538
vt 0.564231706 0.027563834
vt 0.563188027 0.027559243
vt 0.872926292 0.716241492
vt 0.874023438 0.716241492
vt 0.873861077 0.717252213
vt 0.872926292 0.716241492
vt 0.873861077 0.717252213
vt 0.873088653 0.717252216
vt 0.982661517 0.025802617
vt 0.982675232 0.026892779
vt 0.981630716 0.026938561
vt 0.982661517 0.025802617
vt 0.981630716 0.026938561
vt 0.981574453 0.025893295
vt 0.982675232 0.026892779
vt 0.982582172 0.027876626
vt 0.981565199 0.027631220
vt 0.982675232 0.026892779
vt 0.981565199 0.027631220
vt 0.981630716 0.026938561
vt 0.373913154 0.175483029
vt 0.373958015 0.174414328
vt 0.374999473 0.174453073
vt 0.373913154 0.175483029
vt 0.374999473 0.174453073
vt 0.375000000 0.175477132
vt 0.187780410 0.003041678
vt 0.187771231 0.001953125
vt 0.188766054 0.002142387
vt 0.187780410 0.003041678
vt 0.188766054 0.002142387
vt 0.188772516 0.002908760
vt 0.112304688 0.940815902
vt 0.112973626 0.940429688
vt 0.112973626 0.941202112
vt 0.867077218 0.716338315
vt 0.868164062 0.716332415
vt 0.868163534 0.717326946
vt 0.867077218 0.716338315
vt 0.868163534 0.717326946
vt 0.867122077 0.717377402
vt 0.885594209 0.714794551
vt 0.886679522 0.714757925
vt 0.886551945 0.715798312
vt 0.885594209 0.714794551
vt 0.886551945 0.715798312
vt 0.885787851 0.715824101
vt 0.887695312 0.714849586
vt 0.887527050 0.715928876
vt 0.886551945 0.715798312
vt 0.887695312 0.714849586
vt 0.886551945 0.715798312
vt 0.886679522 0.714757925
vt 0.379516775 0.003050271
vt 0.379516775 0.001953125
vt 0.380527496 0.002115485
vt 0.379516775 0.003050271
vt 0.380527496 0.002115485
vt 0.380527496 0.002887910
vt 0.373913154 0.183081051
vt 0.375000000 0.183075153
vt 0.374999473 0.184069681
vt 0.373913154 0.183081051
vt 0.374999473 0.184069681
vt 0.373958015 0.184120140
vt 0.985230979 0.821039539
vt 0.986328125 0.821039539
vt 0.986165762 0.822068883
vt 0.985230979 0.821039539
vt 0.986165762 0.822068883
vt 0.985393340 0.822068883
vt 0.885787851 0.715824101
vt 0.886551945 0.715798312
vt 0.886226466 0.716430092
vt 0.970728157 0.820622219
vt 0.971816244 0.820719227
vt 0.971750040 0.821762658
vt 0.970728157 0.820622219
vt 0.971750040 0.821762658
vt 0.970703125 0.821710376
vt 0.965699729 0.822096053
vt 0.966796875 0.822096053
vt 0.966634515 0.823106774
vt 0.965699729 0.822096053
vt 0.966634515 0.823106774
vt 0.965862090 0.823106774
vt 0.568705213 0.180340197
vt 0.568689329 0.181428903
vt 0.567645651 0.181433490
vt 0.568705213 0.180340197
vt 0.567645651 0.181433490
vt 0.567617538 0.180390180
vt 0.194370096 0.001953125
vt 0.194370096 0.003050271
vt 0.193359375 0.002887908
vt 0.194370096 0.001953125
vt 0.193359375 0.002887908
vt 0.193359375 0.002115485
vt 0.570977808 0.009882354
vt 0.569890135 0.009832375
vt 0.569918247 0.008789062
vt 0.570977808 0.009882354
vt 0.569918247 0.008789062
vt 0.570961925 0.008793652
vt 0.970821869 0.822705482
vt 0.970703125 0.821710376
vt 0.971750040 0.821762658
vt 0.970821869 0.822705482
vt 0.971750040 0.821762658
vt 0.971833643 0.822463243
vt 0.118164062 0.941202112
vt 0.118164062 0.940429688
vt 0.118833001 0.940815898
vt 0.941295966 0.011420559
vt 0.758500377 0.009857764
vt 0.758545226 0.008789062
vt 0.941295966 0.011420559
vt 0.758545226 0.008789062
vt 0.941340828 0.010351858
vt 0.572265625 0.002968910
vt 0.752539215 0.002968910
vt 0.752575841 0.004054224
vt 0.572265625 0.002968910
vt 0.752575841 0.004054224
vt 0.572302251 0.004054224
vt 0.003938510 0.009741258
vt 0.186085231 0.009741258
vt 0.186084421 0.010833755
vt 0.003938510 0.009741258
vt 0.186084421 0.010833755
vt 0.003937712 0.010833755
vt 0.864043968 0.723659618
vt 0.856556007 0.723433060
vt 0.856606116 0.722346015
vt 0.864043968 0.723659618
vt 0.856606116 0.722346015
vt 0.864094076 0.722572573
vt 0.992187500 0.813476562
vt 0.992187500 0.821085332
vt 0.991090355 0.821085332
vt 0.992187500 0.813476562
vt 0.991090355 0.821085332
vt 0.991090355 0.813476562
vt 0.942382812 0.011414661
vt 0.942382812 0.019012683
vt 0.941295966 0.019018581
vt 0.942382812 0.011414661
vt 0.941295966 0.019018581
vt 0.941295966 0.011420559
vt 0.561219062 0.173944857
vt 0.378906250 0.173944857
vt 0.378922121 0.172856150
vt 0.561219062 0.173944857
vt 0.378922121 0.172856150
vt 0.561234946 0.172856150
vt 0.567521622 0.003050270
vt 0.386415661 0.003050270
vt 0.386415661 0.001953125
vt 0.567521622 0.003050270
vt 0.386415661 0.001953125
vt 0.567521621 0.001953125
vt 0.374541663 0.027217102
vt 0.192394883 0.027217102
vt 0.192395695 0.026124608
vt 0.374541663 0.027217102
vt 0.192395695 0.026124608
vt 0.374542463 0.026124608
vt 0.561453792 0.181433489
vt 0.561219062 0.173944857
vt 0.562306737 0.173894872
vt 0.561453792 0.181433489
vt 0.562306737 0.173894872
vt 0.562541467 0.181383504
vt 0.960937500 0.814563748
vt 0.960937500 0.822155432
vt 0.959848948 0.822164611
vt 0.960937500 0.814563748
vt 0.959848948 0.822164611
vt 0.959848948 0.814572927
vt 0.859609923 0.697265625
vt 0.867122077 0.697329845
vt 0.867077218 0.698398552
vt 0.859609923 0.697265625
vt 0.867077218 0.698398552
vt 0.859565064 0.698334332
vt 0.568470487 0.172851562
vt 0.568705213 0.180340197
vt 0.567617538 0.180390180
vt 0.568470487 0.172851562
vt 0.567617538 0.180390180
vt 0.567382812 0.172901546
vt 0.966796875 0.814487284
vt 0.966796875 0.822096053
vt 0.965699729 0.822096053
vt 0.966796875 0.814487284
vt 0.965699729 0.822096053
vt 0.965699729 0.814487284
vt 0.972488023 0.813573571
vt 0.971816244 0.820719227
vt 0.970728157 0.820622219
vt 0.972488023 0.813573571
vt 0.970728157 0.820622219
vt 0.971399935 0.813476562
vt 0.380859375 0.026470538
vt 0.563172143 0.026470538
vt 0.563188027 0.027559243
vt 0.380859375 0.026470538
vt 0.563188027 0.027559243
vt 0.380875247 0.027559243
vt 0.003040311 0.001953125
vt 0.187771231 0.001953125
vt 0.187780410 0.003041678
vt 0.003040311 0.001953125
vt 0.187780410 0.003041678
vt 0.003049490 0.003041678
vt 0.191162378 0.172851562
vt 0.373958015 0.174414328
vt 0.373913154 0.175483029
vt 0.191162378 0.172851562
vt 0.373913154 0.175483029
vt 0.191117530 0.173920264
vt 0.982661517 0.025802617
vt 0.990129242 0.025802617
vt 0.990142958 0.026892779
vt 0.982661517 0.025802617
vt 0.990142958 0.026892779
vt 0.982675232 0.026892779
vt 0.986328125 0.813476563
vt 0.986328125 0.821039539
vt 0.985230979 0.821039539
vt 0.986328125 0.813476563
vt 0.985230979 0.821039539
vt 0.985230979 0.813476562
vt 0.375000000 0.175477132
vt 0.375000000 0.183075153
vt 0.373913154 0.183081051
vt 0.375000000 0.175477132
vt 0.373913154 0.183081051
vt 0.373913154 0.175483029
vt 0.753290756 0.009882354
vt 0.570977808 0.009882354
vt 0.570961925 0.008793652
vt 0.753290756 0.009882354
vt 0.570961925 0.008793652
vt 0.753274885 0.008793652
vt 0.379516775 0.003050271
vt 0.194370096 0.003050271
vt 0.194370096 0.001953125
vt 0.379516775 0.003050271
vt 0.194370096 0.001953125
vt 0.379516775 0.001953125
vt 0.751002201 0.181428903
vt 0.568689329 0.181428903
vt 0.568705213 0.180340197
vt 0.751002201 0.181428903
vt 0.568705213 0.180340197
vt 0.751018072 0.180340197
vt 0.003937712 0.010833755
vt 0.003092480 0.028169283
vt 0.002005338 0.028095188
vt 0.003937712 0.010833755
vt 0.002005338 0.028095188
vt 0.002850569 0.010759657
vt 0.879843578 0.697265625
vt 0.879843578 0.714757919
vt 0.878758264 0.714794545
vt 0.879843578 0.697265625
vt 0.878758264 0.714794545
vt 0.878758264 0.697302251
vt 0.865132706 0.723644428
vt 0.865132706 0.741354966
vt 0.864043968 0.741370153
vt 0.865132706 0.723644428
vt 0.864043968 0.741370153
vt 0.864043968 0.723659618
vt 0.981555813 0.008789062
vt 0.982661517 0.025802617
vt 0.981574453 0.025893295
vt 0.981555813 0.008789062
vt 0.981574453 0.025893295
vt 0.980468750 0.008879737
vt 0.874023438 0.698276349
vt 0.874023438 0.716241492
vt 0.872926292 0.716241492
vt 0.874023438 0.698276349
vt 0.872926292 0.716241492
vt 0.872926292 0.698276349
vt 0.564814051 0.008839042
vt 0.564259819 0.026520521
vt 0.563172143 0.026470538
vt 0.564814051 0.008839042
vt 0.563172143 0.026470538
vt 0.563726375 0.008789062
vt 0.374542463 0.026124608
vt 0.375387675 0.008789062
vt 0.376474815 0.008863153
vt 0.374542463 0.026124608
vt 0.376474815 0.008863153
vt 0.375629603 0.026198702
vt 0.886679522 0.697265625
vt 0.886679522 0.714757925
vt 0.885594209 0.714794551
vt 0.886679522 0.697265625
vt 0.885594209 0.714794551
vt 0.885594209 0.697302251
vt 0.868164062 0.698392649
vt 0.868164062 0.716332415
vt 0.867077218 0.716338315
vt 0.868164062 0.698392649
vt 0.867077218 0.716338315
vt 0.867077218 0.698398552
vt 0.997070312 0.010830873
vt 0.997070312 0.027912007
vt 0.995989766 0.027961964
vt 0.997070312 0.010830873
vt 0.995989766 0.027961964
vt 0.995989766 0.010880827
vt 0.993164062 0.697265625
vt 0.993164062 0.715230767
vt 0.992066917 0.715230767
vt 0.993164062 0.697265625
vt 0.992066917 0.715230767
vt 0.992066917 0.697265625
vt 0.569335938 0.027513872
vt 0.569890135 0.009832375
vt 0.570977808 0.009882354
vt 0.569335938 0.027513872
vt 0.570977808 0.009882354
vt 0.570423611 0.027563848
vt 0.003937712 0.010833755
vt 0.186084421 0.010833755
vt 0.185239189 0.028169283
vt 0.003937712 0.010833755
vt 0.185239189 0.028169283
vt 0.003092480 0.028169283
vt 0.941295966 0.011420559
vt 0.941295966 0.019018581
vt 0.758500377 0.017455785
vt 0.941295966 0.011420559
vt 0.758500377 0.017455785
vt 0.758500377 0.009857764
vt 0.856556007 0.723433060
vt 0.864043968 0.723659618
vt 0.864043968 0.741370153
vt 0.856556007 0.723433060
vt 0.864043968 0.741370153
vt 0.856556007 0.741143595
vt 0.859565064 0.698334332
vt 0.867077218 0.698398552
vt 0.867077218 0.716338315
vt 0.859565064 0.698334332
vt 0.867077218 0.716338315
vt 0.859565064 0.716274095
vt 0.374542463 0.026124608
vt 0.192395695 0.026124608
vt 0.193240907 0.008789062
vt 0.374542463 0.026124608
vt 0.193240907 0.008789062
vt 0.375387675 0.008789062
vt 0.191117530 0.173920264
vt 0.373913154 0.175483029
vt 0.373913154 0.183081051
vt 0.191117530 0.173920264
vt 0.373913154 0.183081051
vt 0.191117530 0.181518285
vt 0.503039774 0.757156414
vt 0.499234801 0.756897075
vt 0.499388949 0.753231609
vt 0.503039774 0.757156414
vt 0.499388949 0.753231609
vt 0.503042591 0.753332677
vt 0.499234801 0.756897075
vt 0.496093750 0.756184531
vt 0.497177556 0.752729957
vt 0.499234801 0.756897075
vt 0.497177556 0.752729957
vt 0.499388949 0.753231609
vt 0.536688783 0.817643029
vt 0.532884121 0.817467615
vt 0.532985077 0.813815868
vt 0.536688783 0.817643029
vt 0.532985077 0.813815868
vt 0.536635613 0.813832414
vt 0.532884121 0.817467615
vt 0.529759022 0.816985668
vt 0.530784914 0.813476562
vt 0.532884121 0.817467615
vt 0.530784914 0.813476562
vt 0.532985077 0.813815868
vt 0.006710481 0.817280502
vt 0.002970000 0.817123509
vt 0.003105604 0.813478404
vt 0.006710481 0.817280502
vt 0.003105604 0.813478404
vt 0.006689813 0.813476562
vt 0.502700586 0.750000000
vt 0.503042591 0.753332677
vt 0.499388949 0.753231609
vt 0.502700586 0.750000000
vt 0.499388949 0.753231609
vt 0.499148168 0.750885305
vt 0.004294405 0.948992540
vt 0.001953125 0.947640801
vt 0.004294405 0.946289062
vt 0.621559894 0.757156414
vt 0.621562710 0.753332677
vt 0.624869486 0.753231609
vt 0.621559894 0.757156414
vt 0.624869486 0.753231609
vt 0.625022922 0.756897075
vt 0.881101352 0.757353859
vt 0.880973162 0.753555268
vt 0.884614518 0.754001790
vt 0.881101352 0.757353859
vt 0.884614518 0.754001790
vt 0.884704768 0.756676112
vt 0.881293980 0.750000000
vt 0.885071493 0.750588923
vt 0.884614518 0.754001790
vt 0.881293980 0.750000000
vt 0.884614518 0.754001790
vt 0.880973162 0.753555268
vt 0.965820312 0.218648902
vt 0.962010383 0.218681029
vt 0.962475599 0.215094236
vt 0.965820312 0.218648902
vt 0.962475599 0.215094236
vt 0.965157902 0.215071618
vt 0.958486583 0.218581596
vt 0.959092631 0.214843750
vt 0.962475599 0.215094236
vt 0.958486583 0.218581596
vt 0.962475599 0.215094236
vt 0.962010383 0.218681029
vt 0.908203125 0.725217215
vt 0.904363121 0.725217215
vt 0.904931384 0.721679688
vt 0.908203125 0.725217215
vt 0.904931384 0.721679688
vt 0.907634861 0.721679688
vt 0.884704768 0.756676112
vt 0.884614518 0.754001790
vt 0.886825741 0.755140965
vt 0.751865957 0.757953953
vt 0.755670931 0.758213293
vt 0.755516782 0.761878759
vt 0.751865957 0.757953953
vt 0.755516782 0.761878759
vt 0.751863141 0.761777691
vt 0.755670931 0.758213293
vt 0.758811982 0.758925838
vt 0.757728176 0.762380412
vt 0.755670931 0.758213293
vt 0.757728176 0.762380412
vt 0.755516782 0.761878759
vt 0.557491729 0.817280502
vt 0.553751251 0.817123509
vt 0.553886856 0.813478404
vt 0.557491729 0.817280502
vt 0.553886856 0.813478404
vt 0.557471065 0.813476562
vt 0.962010383 0.338882648
vt 0.965820312 0.338850521
vt 0.965157902 0.342332405
vt 0.962010383 0.338882648
vt 0.965157902 0.342332405
vt 0.962475599 0.342355023
vt 0.386206308 0.932046505
vt 0.390013150 0.932221430
vt 0.389914758 0.935873018
vt 0.386206308 0.932046505
vt 0.389914758 0.935873018
vt 0.386261880 0.935856958
vt 0.752205146 0.765110369
vt 0.751863141 0.761777691
vt 0.755516782 0.761878759
vt 0.752205146 0.765110369
vt 0.755516782 0.761878759
vt 0.755757564 0.764225063
vt 0.008789062 0.946289062
vt 0.011130342 0.947640801
vt 0.008789063 0.948992540
vt 0.995117188 0.757146343
vt 0.991335285 0.757321176
vt 0.991096437 0.753665605
vt 0.995117188 0.757146343
vt 0.991096437 0.753665605
vt 0.994723676 0.753353384
vt 0.991335285 0.757321176
vt 0.987763344 0.756884455
vt 0.988581685 0.753358140
vt 0.991335285 0.757321176
vt 0.988581685 0.753358140
vt 0.991096437 0.753665605
vt 0.633345840 0.757953953
vt 0.633343024 0.761777691
vt 0.630036248 0.761878759
vt 0.633345840 0.757953953
vt 0.630036248 0.761878759
vt 0.629882812 0.758213293
vt 0.990234375 0.038001686
vt 0.986394370 0.038001686
vt 0.986962634 0.034377354
vt 0.990234375 0.038001686
vt 0.986962634 0.034377354
vt 0.989666111 0.034377354
vt 0.127012445 0.817280502
vt 0.126991780 0.813476562
vt 0.130472632 0.813478404
vt 0.127012445 0.817280502
vt 0.130472632 0.813478404
vt 0.130649236 0.817123509
vt 0.993642489 0.750000000
vt 0.994723676 0.753353384
vt 0.991096437 0.753665605
vt 0.993642489 0.750000000
vt 0.991096437 0.753665605
vt 0.990335250 0.751304723
vt 0.988314373 0.032226562
vt 0.989666111 0.034377354
vt 0.986962634 0.034377354
vt 0.544814794 0.817643029
vt 0.544761624 0.813832414
vt 0.548085873 0.813815868
vt 0.544814794 0.817643029
vt 0.548085873 0.813815868
vt 0.548293136 0.817467615
vt 0.990693020 0.406591569
vt 0.994491612 0.406463379
vt 0.994045089 0.410104734
vt 0.990693020 0.406591569
vt 0.994045089 0.410104734
vt 0.991370768 0.410194984
vt 0.998046875 0.406784197
vt 0.997457957 0.410561709
vt 0.994045089 0.410104734
vt 0.998046875 0.406784197
vt 0.994045089 0.410104734
vt 0.994491612 0.406463379
vt 0.977539062 0.218648902
vt 0.973729133 0.218681029
vt 0.974194349 0.215094236
vt 0.977539062 0.218648902
vt 0.974194349 0.215094236
vt 0.976876652 0.215071618
vt 0.970205331 0.218581593
vt 0.970811381 0.214843750
vt 0.974194349 0.215094236
vt 0.970205331 0.218581593
vt 0.974194349 0.215094236
vt 0.973729133 0.218681029
vt 0.985351562 0.218381277
vt 0.981511558 0.218381277
vt 0.982079822 0.214843750
vt 0.985351562 0.218381277
vt 0.982079822 0.214843750
vt 0.984783299 0.214843750
vt 0.991370768 0.410194984
vt 0.994045089 0.410104734
vt 0.992905914 0.412315957
vt 0.598332631 0.932104747
vt 0.598157706 0.935911588
vt 0.594506118 0.935813197
vt 0.598332631 0.932104747
vt 0.594506118 0.935813197
vt 0.594522178 0.932160318
vt 0.904363121 0.733460046
vt 0.908203125 0.733460046
vt 0.907634861 0.736997574
vt 0.904363121 0.733460046
vt 0.907634861 0.736997574
vt 0.904931384 0.736997574
vt 0.582037537 0.817788649
vt 0.578221971 0.817836625
vt 0.578061727 0.814180816
vt 0.582037537 0.817788649
vt 0.578061727 0.814180816
vt 0.581720162 0.813983896
vt 0.578221971 0.817836625
vt 0.574778506 0.817510915
vt 0.575637426 0.813951506
vt 0.578221971 0.817836625
vt 0.575637426 0.813951506
vt 0.578061727 0.814180816
vt 0.139522981 0.817280502
vt 0.135782500 0.817123509
vt 0.135918104 0.813478404
vt 0.139522981 0.817280502
vt 0.135918104 0.813478404
vt 0.139502313 0.813476562
vt 0.973729133 0.338882639
vt 0.977539062 0.338850512
vt 0.976876652 0.342332395
vt 0.973729133 0.338882639
vt 0.976876652 0.342332395
vt 0.974194349 0.342355013
vt 0.015625000 0.946289062
vt 0.017966280 0.947640801
vt 0.015625000 0.948992540
vt 0.565722917 0.817280502
vt 0.565702252 0.813476562
vt 0.569183103 0.813478404
vt 0.565722917 0.817280502
vt 0.569183103 0.813478404
vt 0.569359708 0.817123509
vt 0.989716455 0.359716569
vt 0.993515047 0.359588379
vt 0.993068525 0.363229734
vt 0.989716455 0.359716569
vt 0.993068525 0.363229734
vt 0.990394203 0.363319984
vt 0.997070312 0.359909197
vt 0.996481392 0.363686709
vt 0.993068525 0.363229734
vt 0.997070312 0.359909197
vt 0.993068525 0.363229734
vt 0.993515047 0.359588379
vt 0.989324058 0.338853415
vt 0.993164062 0.338853415
vt 0.992595799 0.342390943
vt 0.989324058 0.338853415
vt 0.992595799 0.342390943
vt 0.989892322 0.342390943
vt 0.259824945 0.817280502
vt 0.259804280 0.813476562
vt 0.263285132 0.813478404
vt 0.259824945 0.817280502
vt 0.263285132 0.813478404
vt 0.263461736 0.817123509
vt 0.994206870 0.151973645
vt 0.998046875 0.151973645
vt 0.997478611 0.155576353
vt 0.994206870 0.151973645
vt 0.997478611 0.155576353
vt 0.994775134 0.155576353
vt 0.990394203 0.363319984
vt 0.993068525 0.363229734
vt 0.991929350 0.365440957
vt 0.627040740 0.926615987
vt 0.630849046 0.926955508
vt 0.630617330 0.930607519
vt 0.627040740 0.926615987
vt 0.630617330 0.930607519
vt 0.626953125 0.930424529
vt 0.981511558 0.338853425
vt 0.985351562 0.338853425
vt 0.984783299 0.342390952
vt 0.981511558 0.338853425
vt 0.984783299 0.342390952
vt 0.982079822 0.342390952
vt 0.517065683 0.932046505
vt 0.520872525 0.932221430
vt 0.520774133 0.935873018
vt 0.517065683 0.932046505
vt 0.520774133 0.935873018
vt 0.517121255 0.935856958
vt 0.993164062 0.218381277
vt 0.989324058 0.218381277
vt 0.989892322 0.214843750
vt 0.993164062 0.218381277
vt 0.989892322 0.214843750
vt 0.992595799 0.214843750
vt 0.619220362 0.817537697
vt 0.619395287 0.813730855
vt 0.623046875 0.813829247
vt 0.619220362 0.817537697
vt 0.623046875 0.813829247
vt 0.623030815 0.817482125
vt 0.627368735 0.933907397
vt 0.626953125 0.930424529
vt 0.630617330 0.930607519
vt 0.627368735 0.933907397
vt 0.630617330 0.930607519
vt 0.630909932 0.933059562
vt 0.022460938 0.947640801
vt 0.024802217 0.946289062
vt 0.024802217 0.948992540
vt 0.006710481 0.817280502
vt 0.005693606 0.936222824
vt 0.001953125 0.936065830
vt 0.006710481 0.817280502
vt 0.001953125 0.936065830
vt 0.002970000 0.817123509
vt 0.763671875 0.753555268
vt 0.880973162 0.753555268
vt 0.881101352 0.757353859
vt 0.763671875 0.753555268
vt 0.881101352 0.757353859
vt 0.763800065 0.757353859
vt 0.503042591 0.753332677
vt 0.621562710 0.753332677
vt 0.621559894 0.757156414
vt 0.503042591 0.753332677
vt 0.621559894 0.757156414
vt 0.503039774 0.757156414
vt 0.536688783 0.817643029
vt 0.533101537 0.936202308
vt 0.529296875 0.936026897
vt 0.536688783 0.817643029
vt 0.529296875 0.936026897
vt 0.532884121 0.817467615
vt 0.649414062 0.813476562
vt 0.649414062 0.933948710
vt 0.645574058 0.933948710
vt 0.649414062 0.813476562
vt 0.645574058 0.933948710
vt 0.645574058 0.813476562
vt 0.006689813 0.813476562
vt 0.126991780 0.813476562
vt 0.127012445 0.817280502
vt 0.006689813 0.813476562
vt 0.127012445 0.817280502
vt 0.006710481 0.817280502
vt 0.386206308 0.932046505
vt 0.389922893 0.813476562
vt 0.393729735 0.813651487
vt 0.386206308 0.932046505
vt 0.393729735 0.813651487
vt 0.390013150 0.932221430
vt 0.986394370 0.155844577
vt 0.986394370 0.038001686
vt 0.990234375 0.038001686
vt 0.986394370 0.155844577
vt 0.990234375 0.038001686
vt 0.990234375 0.155844577
vt 0.751863141 0.761777691
vt 0.633343024 0.761777691
vt 0.633345840 0.757953953
vt 0.751863141 0.761777691
vt 0.633345840 0.757953953
vt 0.751865957 0.757953953
vt 0.267578125 0.932046505
vt 0.386206308 0.932046505
vt 0.386261880 0.935856958
vt 0.267578125 0.932046505
vt 0.386261880 0.935856958
vt 0.267633694 0.935856958
vt 0.965820312 0.218648902
vt 0.965820312 0.338850521
vt 0.962010383 0.338882648
vt 0.965820312 0.218648902
vt 0.962010383 0.338882648
vt 0.962010383 0.218681029
vt 0.552734375 0.936065839
vt 0.553751251 0.817123509
vt 0.557491729 0.817280502
vt 0.552734375 0.936065839
vt 0.557491729 0.817280502
vt 0.556474853 0.936222830
vt 0.398437500 0.932046505
vt 0.517065683 0.932046505
vt 0.517121255 0.935856958
vt 0.398437500 0.932046505
vt 0.517121255 0.935856958
vt 0.398493069 0.935856958
vt 0.985351562 0.218381277
vt 0.985351562 0.338853425
vt 0.981511558 0.338853425
vt 0.985351562 0.218381277
vt 0.981511558 0.338853425
vt 0.981511558 0.218381277
vt 0.641485782 0.813816081
vt 0.630849046 0.926955508
vt 0.627040740 0.926615987
vt 0.641485782 0.813816081
vt 0.627040740 0.926615987
vt 0.637677475 0.813476562
vt 0.598332631 0.813476562
vt 0.598332631 0.932104747
vt 0.594522178 0.932160318
vt 0.598332631 0.813476562
vt 0.594522178 0.932160318
vt 0.594522178 0.813532134
vt 0.977539062 0.218648902
vt 0.977539062 0.338850512
vt 0.973729133 0.338882639
vt 0.977539062 0.218648902
vt 0.973729133 0.338882639
vt 0.973729133 0.218681029
vt 0.134765625 0.936065830
vt 0.135782500 0.817123509
vt 0.139522981 0.817280502
vt 0.134765625 0.936065830
vt 0.139522981 0.817280502
vt 0.138506106 0.936222824
vt 0.582037537 0.817788649
vt 0.582037537 0.936027548
vt 0.578221971 0.936075526
vt 0.582037537 0.817788649
vt 0.578221971 0.936075526
vt 0.578221971 0.817836625
vt 0.998046875 0.032226562
vt 0.998046875 0.151973645
vt 0.994206870 0.151973645
vt 0.998046875 0.032226562
vt 0.994206870 0.151973645
vt 0.994206870 0.032226562
vt 0.139502313 0.813476562
vt 0.259804280 0.813476562
vt 0.259824945 0.817280502
vt 0.139502313 0.813476562
vt 0.259824945 0.817280502
vt 0.139522981 0.817280502
vt 0.619220362 0.936165874
vt 0.619220362 0.817537697
vt 0.623030815 0.817482125
vt 0.619220362 0.936165874
vt 0.623030815 0.817482125
vt 0.623030815 0.936110302
vt 0.989324058 0.338853415
vt 0.989324058 0.218381277
vt 0.993164062 0.218381277
vt 0.989324058 0.338853415
vt 0.993164062 0.218381277
vt 0.993164062 0.338853415
vt 0.524589110 0.813651487
vt 0.520872525 0.932221430
vt 0.517065683 0.932046505
vt 0.524589110 0.813651487
vt 0.517065683 0.932046505
vt 0.520782268 0.813476562
vt 0.503039774 0.757156414
vt 0.502651965 0.765110368
vt 0.498846991 0.764851029
vt 0.503039774 0.757156414
vt 0.498846991 0.764851029
vt 0.499234801 0.756897075
vt 0.994491612 0.398437500
vt 0.994491612 0.406463379
vt 0.990693020 0.406591569
vt 0.994491612 0.398437500
vt 0.990693020 0.406591569
vt 0.990693020 0.398565690
vt 0.536635613 0.813832414
vt 0.544761624 0.813832414
vt 0.544814794 0.817643029
vt 0.536635613 0.813832414
vt 0.544814794 0.817643029
vt 0.536688783 0.817643029
vt 0.589843750 0.817281316
vt 0.582037537 0.817788649
vt 0.581720162 0.813983896
vt 0.589843750 0.817281316
vt 0.581720162 0.813983896
vt 0.589526375 0.813476562
vt 0.908203125 0.725217215
vt 0.908203125 0.733460046
vt 0.904363121 0.733460046
vt 0.908203125 0.725217215
vt 0.904363121 0.733460046
vt 0.904363121 0.725217215
vt 0.606270388 0.936165880
vt 0.598157706 0.935911588
vt 0.598332631 0.932104747
vt 0.606270388 0.936165880
vt 0.598332631 0.932104747
vt 0.606445312 0.932359039
vt 0.751865957 0.757953953
vt 0.752253767 0.750000000
vt 0.756058741 0.750259340
vt 0.751865957 0.757953953
vt 0.756058741 0.750259340
vt 0.755670931 0.758213293
vt 0.993515047 0.351562500
vt 0.993515047 0.359588379
vt 0.989716455 0.359716569
vt 0.993515047 0.351562500
vt 0.989716455 0.359716569
vt 0.989716455 0.351690690
vt 0.557471065 0.813476562
vt 0.565702252 0.813476562
vt 0.565722917 0.817280502
vt 0.557471065 0.813476562
vt 0.565722917 0.817280502
vt 0.557491729 0.817280502
vt 0.995117188 0.757146343
vt 0.995117188 0.764983571
vt 0.991335285 0.765158404
vt 0.995117188 0.757146343
vt 0.991335285 0.765158404
vt 0.991335285 0.757321176
vt 0.980468750 0.813476562
vt 0.980468750 0.821719394
vt 0.976628745 0.821719394
vt 0.980468750 0.813476562
vt 0.976628745 0.821719394
vt 0.976628745 0.813476562
vt 0.611282605 0.813476562
vt 0.619395287 0.813730855
vt 0.619220362 0.817537697
vt 0.611282605 0.813476562
vt 0.619220362 0.817537697
vt 0.611107680 0.817283404
vt 0.503039774 0.757156414
vt 0.621559894 0.757156414
vt 0.621172084 0.765110368
vt 0.503039774 0.757156414
vt 0.621172084 0.765110368
vt 0.502651965 0.765110368
vt 0.006710481 0.817280502
vt 0.127012445 0.817280502
vt 0.125995570 0.936222824
vt 0.006710481 0.817280502
vt 0.125995570 0.936222824
vt 0.005693606 0.936222824
vt 0.533101537 0.936202308
vt 0.536688783 0.817643029
vt 0.544814794 0.817643029
vt 0.533101537 0.936202308
vt 0.544814794 0.817643029
vt 0.541227548 0.936202308
vt 0.556474853 0.936222830
vt 0.557491729 0.817280502
vt 0.565722917 0.817280502
vt 0.556474853 0.936222830
vt 0.565722917 0.817280502
vt 0.564706041 0.936222830
vt 0.751865957 0.757953953
vt 0.633345840 0.757953953
vt 0.633733650 0.750000000
vt 0.751865957 0.757953953
vt 0.633733650 0.750000000
vt 0.752253767 0.750000000
vt 0.138506106 0.936222824
vt 0.139522981 0.817280502
vt 0.259824945 0.817280502
vt 0.138506106 0.936222824
vt 0.259824945 0.817280502
vt 0.258808070 0.936222824
vt 0.527812950 0.772711193
vt 0.527160668 0.772666732
vt 0.527187091 0.772038366
vt 0.527812950 0.772711193
vt 0.527187091 0.772038366
vt 0.527813431 0.772055692
vt 0.527160668 0.772666732
vt 0.526622201 0.772544580
vt 0.526807995 0.771952368
vt 0.527160668 0.772666732
vt 0.526807995 0.771952368
vt 0.527187091 0.772038366
vt 0.890887315 0.477750461
vt 0.890917380 0.477098232
vt 0.891543395 0.477115539
vt 0.890887315 0.477750461
vt 0.891543395 0.477115539
vt 0.891540556 0.477741345
vt 0.890917380 0.477098232
vt 0.891000000 0.476562500
vt 0.891601562 0.476738368
vt 0.890917380 0.477098232
vt 0.891601562 0.476738368
vt 0.891543395 0.477115539
vt 0.925129147 0.722431514
vt 0.925156060 0.721790297
vt 0.925780938 0.721813540
vt 0.925129147 0.722431514
vt 0.925780938 0.721813540
vt 0.925781250 0.722427978
vt 0.527754802 0.771484375
vt 0.527813431 0.772055692
vt 0.527187091 0.772038366
vt 0.527754802 0.771484375
vt 0.527187091 0.772038366
vt 0.527145814 0.771636142
vt 0.124023438 0.940661414
vt 0.124424799 0.940429688
vt 0.124424799 0.940893140
vt 0.540704603 0.772711193
vt 0.540705084 0.772055692
vt 0.541271962 0.772038367
vt 0.540704603 0.772711193
vt 0.541271962 0.772038367
vt 0.541298261 0.772666732
vt 0.988973719 0.442468561
vt 0.989624907 0.442446585
vt 0.989548358 0.443070819
vt 0.988973719 0.442468561
vt 0.989548358 0.443070819
vt 0.989089903 0.443086291
vt 0.990234375 0.442501582
vt 0.990133422 0.443149155
vt 0.989548358 0.443070819
vt 0.990234375 0.442501582
vt 0.989548358 0.443070819
vt 0.989624907 0.442446585
vt 0.996093750 0.430339811
vt 0.995440619 0.430345318
vt 0.995520369 0.429730438
vt 0.996093750 0.430339811
vt 0.995520369 0.429730438
vt 0.995980192 0.429726560
vt 0.994836537 0.430328266
vt 0.994940433 0.429687500
vt 0.995520369 0.429730438
vt 0.994836537 0.430328266
vt 0.995520369 0.429730438
vt 0.995440619 0.430345318
vt 0.942012683 0.001953125
vt 0.942012683 0.002611412
vt 0.941406250 0.002513995
vt 0.942012683 0.001953125
vt 0.941406250 0.002513995
vt 0.941406250 0.002050542
vt 0.989089903 0.443086291
vt 0.989548358 0.443070819
vt 0.989353071 0.443449886
vt 0.559383749 0.807786999
vt 0.560036030 0.807831460
vt 0.560009607 0.808459826
vt 0.559383749 0.807786999
vt 0.560009607 0.808459826
vt 0.559383267 0.808442500
vt 0.560036030 0.807831460
vt 0.560574497 0.807953612
vt 0.560388704 0.808545824
vt 0.560036030 0.807831460
vt 0.560388704 0.808545824
vt 0.560009607 0.808459826
vt 0.908527590 0.477314336
vt 0.908554498 0.476673111
vt 0.909179375 0.476696358
vt 0.908527590 0.477314336
vt 0.909179375 0.476696358
vt 0.909179688 0.477310793
vt 0.995440619 0.443419862
vt 0.996093750 0.443414354
vt 0.995980192 0.444011251
vt 0.995440619 0.443419862
vt 0.995980192 0.444011251
vt 0.995520369 0.444015128
vt 0.942703405 0.734583098
vt 0.943356618 0.734592624
vt 0.943359375 0.735218834
vt 0.942703405 0.734583098
vt 0.943359375 0.735218834
vt 0.942733386 0.735235698
vt 0.559441897 0.809013817
vt 0.559383267 0.808442500
vt 0.560009607 0.808459826
vt 0.559441897 0.809013817
vt 0.560009607 0.808459826
vt 0.560050884 0.808862050
vt 0.129882812 0.940429688
vt 0.130284175 0.940661414
vt 0.129882812 0.940893140
vt 0.973632812 0.772709464
vt 0.972984492 0.772739434
vt 0.972943544 0.772112765
vt 0.973632812 0.772709464
vt 0.972943544 0.772112765
vt 0.973565357 0.772059240
vt 0.972984492 0.772739434
vt 0.972372158 0.772664568
vt 0.972512444 0.772060058
vt 0.972984492 0.772739434
vt 0.972512444 0.772060058
vt 0.972943544 0.772112765
vt 0.546492096 0.807786999
vt 0.546491615 0.808442500
vt 0.545924737 0.808459825
vt 0.546492096 0.807786999
vt 0.545924737 0.808459825
vt 0.545898438 0.807831460
vt 0.766601562 0.814466585
vt 0.765943276 0.814466585
vt 0.766040695 0.813845269
vt 0.766601562 0.814466585
vt 0.766040695 0.813845269
vt 0.766504148 0.813845269
vt 0.925129147 0.735516985
vt 0.925781250 0.735513436
vt 0.925780938 0.736110155
vt 0.925129147 0.735516985
vt 0.925780938 0.736110155
vt 0.925156060 0.736140427
vt 0.973380010 0.771484375
vt 0.973565357 0.772059240
vt 0.972943544 0.772112765
vt 0.973380010 0.771484375
vt 0.972943544 0.772112765
vt 0.972813055 0.771708043
vt 0.766272421 0.813476562
vt 0.766504148 0.813845269
vt 0.766040695 0.813845269
vt 0.890887315 0.514838400
vt 0.891540556 0.514829281
vt 0.891543395 0.515399152
vt 0.890887315 0.514838400
vt 0.891543395 0.515399152
vt 0.890917380 0.515434682
vt 0.994833084 0.209504466
vt 0.995484272 0.209482491
vt 0.995407723 0.210106721
vt 0.994833084 0.209504466
vt 0.995407723 0.210106721
vt 0.994949269 0.210122193
vt 0.996093750 0.209537490
vt 0.995992786 0.210185061
vt 0.995407723 0.210106721
vt 0.996093750 0.209537490
vt 0.995407723 0.210106721
vt 0.995484272 0.209482491
vt 0.772460938 0.814128873
vt 0.771807806 0.814134381
vt 0.771887560 0.813519500
vt 0.772460938 0.814128873
vt 0.771887560 0.813519500
vt 0.772347383 0.813515623
vt 0.771203730 0.814117335
vt 0.771307621 0.813476562
vt 0.771887560 0.813519500
vt 0.771203730 0.814117335
vt 0.771887560 0.813519500
vt 0.771807806 0.814134381
vt 0.778320308 0.814082998
vt 0.777662021 0.814082998
vt 0.777759436 0.813476562
vt 0.778320308 0.814082998
vt 0.777759436 0.813476562
vt 0.778222889 0.813476562
vt 0.994949269 0.210122193
vt 0.995407723 0.210106721
vt 0.995212436 0.210485788
vt 0.702356520 0.808511430
vt 0.703009123 0.808541417
vt 0.702992258 0.809167402
vt 0.702356520 0.808511430
vt 0.702992258 0.809167402
vt 0.702366048 0.809164648
vt 0.979633805 0.002611412
vt 0.979633805 0.001953125
vt 0.980240237 0.002050542
vt 0.979633805 0.002611412
vt 0.980240237 0.002050542
vt 0.980240237 0.002513995
vt 0.936051367 0.752967797
vt 0.935397273 0.752976028
vt 0.935369803 0.752349316
vt 0.936051367 0.752967797
vt 0.935369803 0.752349316
vt 0.935996962 0.752315561
vt 0.935397273 0.752976028
vt 0.934806964 0.752920192
vt 0.934954208 0.752310006
vt 0.935397273 0.752976028
vt 0.934954208 0.752310006
vt 0.935369803 0.752349316
vt 0.960285396 0.722431518
vt 0.960312311 0.721790300
vt 0.960937188 0.721813543
vt 0.960285396 0.722431518
vt 0.960937188 0.721813543
vt 0.960937500 0.722427982
vt 0.771807806 0.827208936
vt 0.772460938 0.827203429
vt 0.772347383 0.827800325
vt 0.771807806 0.827208936
vt 0.772347383 0.827800325
vt 0.771887560 0.827804202
vt 0.135742188 0.940429688
vt 0.136143550 0.940661414
vt 0.135742188 0.940893140
vt 0.908527590 0.514882315
vt 0.909179688 0.514878769
vt 0.909179375 0.515475485
vt 0.908527590 0.514882315
vt 0.909179375 0.515475485
vt 0.908554498 0.515505760
vt 0.846395584 0.808137278
vt 0.847046772 0.808115303
vt 0.846970224 0.808739533
vt 0.846395584 0.808137278
vt 0.846970224 0.808739533
vt 0.846511768 0.808755004
vt 0.847656250 0.808170301
vt 0.847555286 0.808817873
vt 0.846970224 0.808739533
vt 0.847656250 0.808170301
vt 0.846970224 0.808739533
vt 0.847046772 0.808115303
vt 0.783521400 0.827186980
vt 0.784179688 0.827186980
vt 0.784082268 0.827793415
vt 0.783521400 0.827186980
vt 0.784082268 0.827793415
vt 0.783618815 0.827793415
vt 0.960285396 0.735516988
vt 0.960937500 0.735513439
vt 0.960937188 0.736110158
vt 0.960285396 0.735516988
vt 0.960937188 0.736110158
vt 0.960312311 0.736140430
vt 0.997400105 0.002611412
vt 0.997400105 0.001953125
vt 0.998017714 0.002050540
vt 0.997400105 0.002611412
vt 0.998017714 0.002050540
vt 0.998017714 0.002513993
vt 0.846511768 0.808755004
vt 0.846970224 0.808739533
vt 0.846774936 0.809118600
vt 0.893569703 0.825782949
vt 0.894222559 0.825841154
vt 0.894182835 0.826467214
vt 0.893569703 0.825782949
vt 0.894182835 0.826467214
vt 0.893554688 0.826435842
vt 0.777662026 0.827186974
vt 0.778320312 0.827186974
vt 0.778222893 0.827793409
vt 0.777662026 0.827186974
vt 0.778222893 0.827793409
vt 0.777759440 0.827793409
vt 0.965618548 0.722736547
vt 0.964965329 0.722727020
vt 0.964962573 0.722100811
vt 0.965618548 0.722736547
vt 0.964962573 0.722100811
vt 0.965588561 0.722083947
vt 0.784179687 0.814082998
vt 0.783521400 0.814082998
vt 0.783618815 0.813476562
vt 0.784179687 0.814082998
vt 0.783618815 0.813476562
vt 0.784082268 0.813476562
vt 0.710797641 0.772140352
vt 0.710145040 0.772110360
vt 0.710161904 0.771484375
vt 0.710797641 0.772140352
vt 0.710161904 0.771484375
vt 0.710788114 0.771487128
vt 0.893625935 0.827032906
vt 0.893554688 0.826435842
vt 0.894182835 0.826467214
vt 0.893625935 0.827032906
vt 0.894182835 0.826467214
vt 0.894232995 0.826887564
vt 0.141601562 0.940661414
vt 0.142002924 0.940429688
vt 0.142002924 0.940893140
vt 0.925129147 0.722431514
vt 0.912191567 0.722320905
vt 0.912218480 0.721679688
vt 0.925129147 0.722431514
vt 0.912218480 0.721679688
vt 0.925156060 0.721790297
vt 0.989624907 0.429687500
vt 0.989624907 0.442446585
vt 0.988973719 0.442468561
vt 0.989624907 0.429687500
vt 0.988973719 0.442468561
vt 0.988973719 0.429709475
vt 0.527813431 0.772055692
vt 0.540705084 0.772055692
vt 0.540704603 0.772711193
vt 0.527813431 0.772055692
vt 0.540704603 0.772711193
vt 0.527812950 0.772711193
vt 0.890887315 0.477750461
vt 0.877991403 0.477360263
vt 0.878021480 0.476708035
vt 0.890887315 0.477750461
vt 0.878021480 0.476708035
vt 0.890917380 0.477098232
vt 0.901367188 0.813476562
vt 0.901367188 0.826580532
vt 0.900708901 0.826580532
vt 0.901367188 0.813476562
vt 0.900708901 0.826580532
vt 0.900708901 0.813476562
vt 0.925781250 0.722427978
vt 0.925781250 0.735513436
vt 0.925129147 0.735516985
vt 0.925781250 0.722427978
vt 0.925129147 0.735516985
vt 0.925129147 0.722431514
vt 0.942703405 0.734583098
vt 0.942703405 0.721679688
vt 0.943356618 0.721689214
vt 0.942703405 0.734583098
vt 0.943356618 0.721689214
vt 0.943356618 0.734592624
vt 0.765943276 0.827284583
vt 0.765943276 0.814466585
vt 0.766601562 0.814466585
vt 0.765943276 0.827284583
vt 0.766601562 0.814466585
vt 0.766601562 0.827284583
vt 0.559383267 0.808442500
vt 0.546491615 0.808442500
vt 0.546492096 0.807786999
vt 0.559383267 0.808442500
vt 0.546492096 0.807786999
vt 0.559383749 0.807786999
vt 0.929806331 0.734987361
vt 0.942703405 0.734583098
vt 0.942733386 0.735235698
vt 0.929806331 0.734987361
vt 0.942733386 0.735235698
vt 0.929836325 0.735639961
vt 0.996093750 0.430339811
vt 0.996093750 0.443414354
vt 0.995440619 0.443419862
vt 0.996093750 0.430339811
vt 0.995440619 0.443419862
vt 0.995440619 0.430345318
vt 0.895616935 0.476562500
vt 0.908554498 0.476673111
vt 0.908527590 0.477314336
vt 0.895616935 0.476562500
vt 0.908527590 0.477314336
vt 0.895590014 0.477203725
vt 0.978515625 0.722332288
vt 0.965618548 0.722736547
vt 0.965588561 0.722083947
vt 0.978515625 0.722332288
vt 0.965588561 0.722083947
vt 0.978485631 0.721679688
vt 0.778320308 0.814082998
vt 0.778320312 0.827186974
vt 0.777662026 0.827186974
vt 0.778320308 0.814082998
vt 0.777662026 0.827186974
vt 0.777662021 0.814082998
vt 0.895379530 0.813534773
vt 0.894222559 0.825841154
vt 0.893569703 0.825782949
vt 0.895379530 0.813534773
vt 0.893569703 0.825782949
vt 0.894726681 0.813476562
vt 0.689453125 0.808511430
vt 0.702356520 0.808511430
vt 0.702366048 0.809164648
vt 0.689453125 0.808511430
vt 0.702366048 0.809164648
vt 0.689462653 0.809164648
vt 0.772460938 0.814128873
vt 0.772460938 0.827203429
vt 0.771807806 0.827208936
vt 0.772460938 0.814128873
vt 0.771807806 0.827208936
vt 0.771807806 0.814134381
vt 0.947374735 0.721679688
vt 0.960312311 0.721790300
vt 0.960285396 0.722431518
vt 0.947374735 0.721679688
vt 0.960285396 0.722431518
vt 0.947347821 0.722320905
vt 0.936051367 0.752967797
vt 0.936051367 0.765828860
vt 0.935397273 0.765837079
vt 0.936051367 0.752967797
vt 0.935397273 0.765837079
vt 0.935397273 0.752976028
vt 0.984375000 0.001953125
vt 0.997400105 0.001953125
vt 0.997400105 0.002611412
vt 0.984375000 0.001953125
vt 0.997400105 0.002611412
vt 0.984375000 0.002611412
vt 0.960937500 0.722427982
vt 0.960937500 0.735513439
vt 0.960285396 0.735516988
vt 0.960937500 0.722427982
vt 0.960285396 0.735516988
vt 0.960285396 0.722431518
vt 0.723701044 0.772140352
vt 0.710797641 0.772140352
vt 0.710788114 0.771487128
vt 0.723701044 0.772140352
vt 0.710788114 0.771487128
vt 0.723691516 0.771487134
vt 0.783521400 0.827186980
vt 0.783521400 0.814082998
vt 0.784179687 0.814082998
vt 0.783521400 0.827186980
vt 0.784179687 0.814082998
vt 0.784179688 0.827186980
vt 0.964965334 0.735630431
vt 0.964965329 0.722727020
vt 0.965618548 0.722736547
vt 0.964965334 0.735630431
vt 0.965618548 0.722736547
vt 0.965618548 0.735639959
vt 0.527812950 0.772711193
vt 0.526042907 0.809013818
vt 0.525390625 0.808969354
vt 0.527812950 0.772711193
vt 0.525390625 0.808969354
vt 0.527160668 0.772666732
vt 0.995484272 0.172851562
vt 0.995484272 0.209482491
vt 0.994833084 0.209504466
vt 0.995484272 0.172851562
vt 0.994833084 0.209504466
vt 0.994833084 0.172873538
vt 0.891540556 0.477741345
vt 0.891540556 0.514829281
vt 0.890887315 0.514838400
vt 0.891540556 0.477741345
vt 0.890887315 0.514838400
vt 0.890887315 0.477750461
vt 0.971679688 0.750652236
vt 0.936051367 0.752967797
vt 0.935996962 0.752315561
vt 0.971679688 0.750652236
vt 0.935996962 0.752315561
vt 0.971625279 0.750000000
vt 0.942012683 0.001953125
vt 0.979633805 0.001953125
vt 0.979633805 0.002611412
vt 0.942012683 0.001953125
vt 0.979633805 0.002611412
vt 0.942012683 0.002611412
vt 0.704169834 0.771514365
vt 0.703009123 0.808541417
vt 0.702356520 0.808511430
vt 0.704169834 0.771514365
vt 0.702356520 0.808511430
vt 0.703517231 0.771484375
vt 0.559383749 0.807786999
vt 0.561153793 0.771484375
vt 0.561806075 0.771528839
vt 0.559383749 0.807786999
vt 0.561806075 0.771528839
vt 0.560036030 0.807831460
vt 0.847046772 0.771484375
vt 0.847046772 0.808115303
vt 0.846395584 0.808137278
vt 0.847046772 0.771484375
vt 0.846395584 0.808137278
vt 0.846395584 0.771506350
vt 0.909179688 0.477310793
vt 0.909179688 0.514878769
vt 0.908527590 0.514882315
vt 0.909179688 0.477310793
vt 0.908527590 0.514882315
vt 0.908527590 0.477314336
vt 0.973632812 0.772709464
vt 0.973632812 0.808479384
vt 0.972984486 0.808509357
vt 0.973632812 0.772709464
vt 0.972984486 0.808509357
vt 0.972984492 0.772739434
vt 0.853515625 0.771484375
vt 0.853515621 0.809105502
vt 0.852857334 0.809105502
vt 0.853515625 0.771484375
vt 0.852857334 0.809105502
vt 0.852857338 0.771484375
vt 0.708984375 0.809137443
vt 0.710145040 0.772110360
vt 0.710797641 0.772140352
vt 0.708984375 0.809137443
vt 0.710797641 0.772140352
vt 0.709636977 0.809167433
vt 0.527812950 0.772711193
vt 0.540704603 0.772711193
vt 0.538934559 0.809013818
vt 0.527812950 0.772711193
vt 0.538934559 0.809013818
vt 0.526042907 0.809013818
vt 0.925129147 0.722431514
vt 0.925129147 0.735516985
vt 0.912191567 0.735406376
vt 0.925129147 0.722431514
vt 0.912191567 0.735406376
vt 0.912191567 0.722320905
vt 0.877991403 0.477360263
vt 0.890887315 0.477750461
vt 0.890887315 0.514838400
vt 0.877991403 0.477360263
vt 0.890887315 0.514838400
vt 0.877991403 0.514448203
vt 0.895590014 0.477203725
vt 0.908527590 0.477314336
vt 0.908527590 0.514882315
vt 0.895590014 0.477203725
vt 0.908527590 0.514882315
vt 0.895590014 0.514771704
vt 0.559383749 0.807786999
vt 0.546492096 0.807786999
vt 0.548262141 0.771484375
vt 0.559383749 0.807786999
vt 0.548262141 0.771484375
vt 0.561153793 0.771484375
vt 0.947347821 0.722320905
vt 0.960285396 0.722431518
vt 0.960285396 0.735516988
vt 0.947347821 0.722320905
vt 0.960285396 0.735516988
vt 0.947347821 0.735406375
vt 0.568828541 0.772711190
vt 0.568176260 0.772666731
vt 0.568202683 0.772038366
vt 0.568828541 0.772711190
vt 0.568202683 0.772038366
vt 0.568829023 0.772055691
vt 0.568176260 0.772666731
vt 0.567637793 0.772544580
vt 0.567823587 0.771952368
vt 0.568176260 0.772666731
vt 0.567823587 0.771952368
vt 0.568202683 0.772038366
vt 0.926043559 0.477750460
vt 0.926073630 0.477098232
vt 0.926699646 0.477115539
vt 0.926043559 0.477750460
vt 0.926699646 0.477115539
vt 0.926696807 0.477741345
vt 0.926073630 0.477098232
vt 0.926156250 0.476562500
vt 0.926757812 0.476738368
vt 0.926073630 0.477098232
vt 0.926757812 0.476738368
vt 0.926699646 0.477115539
vt 0.995441647 0.722431519
vt 0.995468560 0.721790295
vt 0.996093438 0.721813539
vt 0.995441647 0.722431519
vt 0.996093438 0.721813539
vt 0.996093750 0.722427976
vt 0.568770393 0.771484375
vt 0.568829023 0.772055691
vt 0.568202683 0.772038366
vt 0.568770393 0.771484375
vt 0.568202683 0.772038366
vt 0.568161406 0.771636143
vt 0.147460938 0.940661414
vt 0.147862300 0.940429688
vt 0.147862300 0.940893140
vt 0.581720197 0.772711190
vt 0.581720679 0.772055691
vt 0.582287557 0.772038366
vt 0.581720197 0.772711190
vt 0.582287557 0.772038366
vt 0.582313857 0.772666731
vt 0.788778402 0.826257624
vt 0.789429589 0.826235649
vt 0.789353040 0.826859883
vt 0.788778402 0.826257624
vt 0.789353040 0.826859883
vt 0.788894585 0.826875354
vt 0.790039062 0.826290646
vt 0.789938105 0.826938218
vt 0.789353040 0.826859883
vt 0.790039062 0.826290646
vt 0.789353040 0.826859883
vt 0.789429589 0.826235649
vt 0.795898438 0.814128873
vt 0.795245307 0.814134381
vt 0.795325056 0.813519500
vt 0.795898438 0.814128873
vt 0.795325056 0.813519500
vt 0.795784879 0.813515623
vt 0.794641224 0.814117335
vt 0.794745120 0.813476562
vt 0.795325056 0.813519500
vt 0.794641224 0.814117335
vt 0.795325056 0.813519500
vt 0.795245307 0.814134381
vt 0.907226562 0.352168933
vt 0.906568276 0.352168933
vt 0.906665692 0.351562500
vt 0.907226562 0.352168933
vt 0.906665692 0.351562500
vt 0.907129146 0.351562500
vt 0.788894585 0.826875354
vt 0.789353040 0.826859883
vt 0.789157753 0.827238949
vt 0.600399378 0.807787029
vt 0.601051659 0.807831488
vt 0.601025236 0.808459853
vt 0.600399378 0.807787029
vt 0.601025236 0.808459853
vt 0.600398896 0.808442528
vt 0.601051659 0.807831488
vt 0.601590126 0.807953639
vt 0.601404332 0.808545851
vt 0.601051659 0.807831488
vt 0.601404332 0.808545851
vt 0.601025236 0.808459853
vt 0.943683834 0.477314336
vt 0.943710748 0.476673110
vt 0.944335625 0.476696357
vt 0.943683834 0.477314336
vt 0.944335625 0.476696357
vt 0.944335938 0.477310793
vt 0.795245307 0.827208937
vt 0.795898438 0.827203429
vt 0.795784879 0.827800326
vt 0.795245307 0.827208937
vt 0.795784879 0.827800326
vt 0.795325056 0.827804203
vt 0.903118548 0.411340911
vt 0.903088561 0.411993511
vt 0.902462573 0.411976647
vt 0.903118548 0.411340911
vt 0.902462573 0.411976647
vt 0.902465329 0.411350438
vt 0.600457526 0.809013844
vt 0.600398896 0.808442528
vt 0.601025236 0.808459853
vt 0.600457526 0.809013844
vt 0.601025236 0.808459853
vt 0.601066513 0.808862076
vt 0.153320312 0.940429688
vt 0.153721675 0.940661414
vt 0.153320312 0.940893140
vt 0.979492188 0.772709463
vt 0.978843861 0.772739433
vt 0.978802914 0.772112765
vt 0.979492188 0.772709463
vt 0.978802914 0.772112765
vt 0.979424727 0.772059240
vt 0.978843861 0.772739433
vt 0.978231528 0.772664567
vt 0.978371813 0.772060057
vt 0.978843861 0.772739433
vt 0.978371813 0.772060057
vt 0.978802914 0.772112765
vt 0.587507723 0.807787029
vt 0.587507240 0.808442528
vt 0.586940362 0.808459853
vt 0.587507723 0.807787029
vt 0.586940362 0.808459853
vt 0.586914062 0.807831488
vt 0.801757812 0.814466585
vt 0.801099526 0.814466585
vt 0.801196945 0.813845269
vt 0.801757812 0.814466585
vt 0.801196945 0.813845269
vt 0.801660398 0.813845269
vt 0.995441647 0.735516990
vt 0.996093750 0.735513447
vt 0.996093438 0.736110167
vt 0.995441647 0.735516990
vt 0.996093438 0.736110167
vt 0.995468560 0.736140439
vt 0.979239380 0.771484375
vt 0.979424727 0.772059240
vt 0.978802914 0.772112765
vt 0.979239380 0.771484375
vt 0.978802914 0.772112765
vt 0.978672424 0.771708043
vt 0.801428671 0.813476562
vt 0.801660398 0.813845269
vt 0.801196945 0.813845269
vt 0.926043559 0.514838400
vt 0.926696807 0.514829281
vt 0.926699646 0.515399152
vt 0.926043559 0.514838400
vt 0.926699646 0.515399152
vt 0.926073630 0.515434682
vt 0.858114337 0.808137289
vt 0.858765525 0.808115313
vt 0.858688977 0.808739544
vt 0.858114337 0.808137289
vt 0.858688977 0.808739544
vt 0.858230522 0.808755015
vt 0.859375000 0.808170313
vt 0.859274040 0.808817883
vt 0.858688977 0.808739544
vt 0.859375000 0.808170313
vt 0.858688977 0.808739544
vt 0.858765525 0.808115313
vt 0.807617188 0.814128873
vt 0.806964056 0.814134381
vt 0.807043810 0.813519500
vt 0.807617188 0.814128873
vt 0.807043810 0.813519500
vt 0.807503634 0.813515623
vt 0.806359975 0.814117335
vt 0.806463871 0.813476562
vt 0.807043810 0.813519500
vt 0.806359975 0.814117335
vt 0.807043810 0.813519500
vt 0.806964056 0.814134381
vt 0.813476558 0.814082998
vt 0.812818271 0.814082998
vt 0.812915686 0.813476562
vt 0.813476558 0.814082998
vt 0.812915686 0.813476562
vt 0.813379139 0.813476562
vt 0.858230522 0.808755015
vt 0.858688977 0.808739544
vt 0.858493690 0.809118610
vt 0.741419031 0.808511462
vt 0.742071632 0.808541447
vt 0.742054767 0.809167432
vt 0.741419031 0.808511462
vt 0.742054767 0.809167432
vt 0.741428558 0.809164679
vt 0.906568276 0.389790055
vt 0.907226562 0.389790055
vt 0.907129146 0.390396487
vt 0.906568276 0.389790055
vt 0.907129146 0.390396487
vt 0.906665692 0.390396487
vt 0.913124040 0.807112700
vt 0.913132264 0.807766794
vt 0.912505552 0.807794264
vt 0.913124040 0.807112700
vt 0.912505552 0.807794264
vt 0.912471797 0.807167106
vt 0.913132264 0.807766794
vt 0.913076428 0.808357104
vt 0.912466242 0.808209859
vt 0.913132264 0.807766794
vt 0.912466242 0.808209859
vt 0.912505552 0.807794264
vt 0.932941646 0.399189335
vt 0.932968561 0.398548111
vt 0.933593438 0.398571355
vt 0.932941646 0.399189335
vt 0.933593438 0.398571355
vt 0.933593750 0.399185793
vt 0.806964056 0.827208937
vt 0.807617188 0.827203429
vt 0.807503634 0.827800325
vt 0.806964056 0.827208937
vt 0.807503634 0.827800325
vt 0.807043810 0.827804203
vt 0.159179688 0.940429688
vt 0.159581050 0.940661414
vt 0.159179688 0.940893140
vt 0.943683834 0.514882314
vt 0.944335938 0.514878768
vt 0.944335625 0.515475484
vt 0.943683834 0.514882314
vt 0.944335625 0.515475484
vt 0.943710748 0.515505759
vt 0.863973712 0.808137288
vt 0.864624900 0.808115313
vt 0.864548352 0.808739544
vt 0.863973712 0.808137288
vt 0.864548352 0.808739544
vt 0.864089897 0.808755015
vt 0.865234375 0.808170312
vt 0.865133415 0.808817883
vt 0.864548352 0.808739544
vt 0.865234375 0.808170312
vt 0.864548352 0.808739544
vt 0.864624900 0.808115313
vt 0.818677646 0.827186980
vt 0.819335933 0.827186980
vt 0.819238514 0.827793415
vt 0.818677646 0.827186980
vt 0.819238514 0.827793415
vt 0.818775061 0.827793415
vt 0.932941646 0.412274806
vt 0.933593750 0.412271263
vt 0.933593438 0.412867982
vt 0.932941646 0.412274806
vt 0.933593438 0.412867982
vt 0.932968561 0.412898254
vt 0.906568275 0.826501680
vt 0.907226562 0.826501680
vt 0.907129148 0.827119289
vt 0.906568275 0.826501680
vt 0.907129148 0.827119289
vt 0.906665695 0.827119289
vt 0.864089897 0.808755015
vt 0.864548352 0.808739544
vt 0.864353065 0.809118610
vt 0.911147828 0.825782949
vt 0.911800684 0.825841154
vt 0.911760960 0.826467214
vt 0.911147828 0.825782949
vt 0.911760960 0.826467214
vt 0.911132812 0.826435842
vt 0.812818276 0.827186980
vt 0.813476562 0.827186980
vt 0.813379143 0.827793415
vt 0.812818276 0.827186980
vt 0.813379143 0.827793415
vt 0.812915690 0.827793415
vt 0.938274797 0.399494358
vt 0.937621578 0.399484832
vt 0.937618822 0.398858622
vt 0.938274797 0.399494358
vt 0.937618822 0.398858622
vt 0.938244810 0.398841759
vt 0.819335938 0.814082998
vt 0.818677651 0.814082998
vt 0.818775065 0.813476562
vt 0.819335938 0.814082998
vt 0.818775065 0.813476562
vt 0.819238518 0.813476562
vt 0.749860120 0.772140351
vt 0.749207519 0.772110360
vt 0.749224383 0.771484375
vt 0.749860120 0.772140351
vt 0.749224383 0.771484375
vt 0.749850592 0.771487128
vt 0.911204060 0.827032906
vt 0.911132812 0.826435842
vt 0.911760960 0.826467214
vt 0.911204060 0.827032906
vt 0.911760960 0.826467214
vt 0.911811120 0.826887564
vt 0.165039062 0.940429688
vt 0.165440424 0.940661414
vt 0.165039062 0.940893140
vt 0.995441647 0.722431519
vt 0.982504066 0.722320911
vt 0.982530979 0.721679688
vt 0.995441647 0.722431519
vt 0.982530979 0.721679688
vt 0.995468560 0.721790295
vt 0.789429589 0.813476562
vt 0.789429589 0.826235649
vt 0.788778402 0.826257624
vt 0.789429589 0.813476562
vt 0.788778402 0.826257624
vt 0.788778402 0.813498538
vt 0.568829023 0.772055691
vt 0.581720679 0.772055691
vt 0.581720197 0.772711190
vt 0.568829023 0.772055691
vt 0.581720197 0.772711190
vt 0.568828541 0.772711190
vt 0.926043559 0.477750460
vt 0.913147645 0.477360265
vt 0.913177716 0.476708036
vt 0.926043559 0.477750460
vt 0.913177716 0.476708036
vt 0.926073630 0.477098232
vt 0.918945312 0.813476562
vt 0.918945312 0.826580545
vt 0.918287026 0.826580545
vt 0.918945312 0.813476562
vt 0.918287026 0.826580545
vt 0.918287026 0.813476562
vt 0.996093750 0.722427976
vt 0.996093750 0.735513447
vt 0.995441647 0.735516990
vt 0.996093750 0.722427976
vt 0.995441647 0.735516990
vt 0.995441647 0.722431519
vt 0.903118548 0.411340911
vt 0.916015625 0.411745171
vt 0.915985638 0.412397771
vt 0.903118548 0.411340911
vt 0.915985638 0.412397771
vt 0.903088561 0.411993511
vt 0.801099526 0.827284583
vt 0.801099526 0.814466585
vt 0.801757812 0.814466585
vt 0.801099526 0.827284583
vt 0.801757812 0.814466585
vt 0.801757812 0.827284583
vt 0.600398896 0.808442528
vt 0.587507240 0.808442528
vt 0.587507723 0.807787029
vt 0.600398896 0.808442528
vt 0.587507723 0.807787029
vt 0.600399378 0.807787029
vt 0.903118548 0.398437500
vt 0.903118548 0.411340911
vt 0.902465329 0.411350438
vt 0.903118548 0.398437500
vt 0.902465329 0.411350438
vt 0.902465329 0.398447027
vt 0.795898438 0.814128873
vt 0.795898438 0.827203429
vt 0.795245307 0.827208937
vt 0.795898438 0.814128873
vt 0.795245307 0.827208937
vt 0.795245307 0.814134381
vt 0.930773170 0.476562500
vt 0.943710748 0.476673110
vt 0.943683834 0.477314336
vt 0.930773170 0.476562500
vt 0.943683834 0.477314336
vt 0.930746256 0.477203725
vt 0.951171875 0.399090101
vt 0.938274797 0.399494358
vt 0.938244810 0.398841759
vt 0.951171875 0.399090101
vt 0.938244810 0.398841759
vt 0.951141887 0.398437500
vt 0.813476558 0.814082998
vt 0.813476562 0.827186980
vt 0.812818276 0.827186980
vt 0.813476558 0.814082998
vt 0.812818276 0.827186980
vt 0.812818271 0.814082998
vt 0.912957655 0.813534767
vt 0.911800684 0.825841154
vt 0.911147828 0.825782949
vt 0.912957655 0.813534767
vt 0.911147828 0.825782949
vt 0.912304806 0.813476562
vt 0.728515625 0.808511462
vt 0.741419031 0.808511462
vt 0.741428558 0.809164679
vt 0.728515625 0.808511462
vt 0.741428558 0.809164679
vt 0.728525152 0.809164679
vt 0.807617188 0.814128873
vt 0.807617188 0.827203429
vt 0.806964056 0.827208937
vt 0.807617188 0.814128873
vt 0.806964056 0.827208937
vt 0.806964056 0.814134381
vt 0.920030984 0.398437500
vt 0.932968561 0.398548111
vt 0.932941646 0.399189335
vt 0.920030984 0.398437500
vt 0.932941646 0.399189335
vt 0.920004070 0.399078724
vt 0.913124040 0.807112700
vt 0.925985105 0.807112700
vt 0.925993330 0.807766794
vt 0.913124040 0.807112700
vt 0.925993330 0.807766794
vt 0.913132264 0.807766794
vt 0.907226562 0.813476563
vt 0.907226562 0.826501680
vt 0.906568275 0.826501680
vt 0.907226562 0.813476563
vt 0.906568275 0.826501680
vt 0.906568275 0.813476562
vt 0.933593750 0.399185793
vt 0.933593750 0.412271263
vt 0.932941646 0.412274806
vt 0.933593750 0.399185793
vt 0.932941646 0.412274806
vt 0.932941646 0.399189335
vt 0.762763526 0.772140351
vt 0.749860120 0.772140351
vt 0.749850592 0.771487128
vt 0.762763526 0.772140351
vt 0.749850592 0.771487128
vt 0.762753999 0.771487134
vt 0.818677646 0.827186980
vt 0.818677651 0.814082998
vt 0.819335938 0.814082998
vt 0.818677646 0.827186980
vt 0.819335938 0.814082998
vt 0.819335933 0.827186980
vt 0.937621577 0.412388243
vt 0.937621578 0.399484832
vt 0.938274797 0.399494358
vt 0.937621577 0.412388243
vt 0.938274797 0.399494358
vt 0.938274797 0.412397770
vt 0.568828541 0.772711190
vt 0.567058531 0.809013845
vt 0.566406250 0.808969383
vt 0.568828541 0.772711190
vt 0.566406250 0.808969383
vt 0.568176260 0.772666731
vt 0.858765525 0.771484375
vt 0.858765525 0.808115313
vt 0.858114337 0.808137289
vt 0.858765525 0.771484375
vt 0.858114337 0.808137289
vt 0.858114337 0.771506350
vt 0.926696807 0.477741345
vt 0.926696807 0.514829281
vt 0.926043559 0.514838400
vt 0.926696807 0.477741345
vt 0.926043559 0.514838400
vt 0.926043559 0.477750460
vt 0.910808492 0.771484375
vt 0.913124040 0.807112700
vt 0.912471797 0.807167106
vt 0.910808492 0.771484375
vt 0.912471797 0.807167106
vt 0.910156250 0.771538784
vt 0.907226562 0.352168933
vt 0.907226562 0.389790055
vt 0.906568276 0.389790055
vt 0.907226562 0.352168933
vt 0.906568276 0.389790055
vt 0.906568276 0.352168933
vt 0.743232282 0.771514363
vt 0.742071632 0.808541447
vt 0.741419031 0.808511462
vt 0.743232282 0.771514363
vt 0.741419031 0.808511462
vt 0.742579681 0.771484375
vt 0.600399378 0.807787029
vt 0.602169389 0.771484375
vt 0.602821670 0.771528837
vt 0.600399378 0.807787029
vt 0.602821670 0.771528837
vt 0.601051659 0.807831488
vt 0.864624900 0.771484375
vt 0.864624900 0.808115313
vt 0.863973712 0.808137288
vt 0.864624900 0.771484375
vt 0.863973712 0.808137288
vt 0.863973712 0.771506350
vt 0.944335938 0.477310793
vt 0.944335938 0.514878768
vt 0.943683834 0.514882314
vt 0.944335938 0.477310793
vt 0.943683834 0.514882314
vt 0.943683834 0.477314336
vt 0.979492188 0.772709463
vt 0.979492188 0.808479387
vt 0.978843861 0.808509360
vt 0.979492188 0.772709463
vt 0.978843861 0.808509360
vt 0.978843861 0.772739433
vt 0.871093750 0.771484375
vt 0.871093750 0.809105502
vt 0.870435463 0.809105502
vt 0.871093750 0.771484375
vt 0.870435463 0.809105502
vt 0.870435463 0.771484375
vt 0.748046875 0.809137455
vt 0.749207519 0.772110360
vt 0.749860120 0.772140351
vt 0.748046875 0.809137455
vt 0.749860120 0.772140351
vt 0.748699476 0.809167443
vt 0.568828541 0.772711190
vt 0.581720197 0.772711190
vt 0.579950187 0.809013845
vt 0.568828541 0.772711190
vt 0.579950187 0.809013845
vt 0.567058531 0.809013845
vt 0.995441647 0.722431519
vt 0.995441647 0.735516990
vt 0.982504066 0.735406382
vt 0.995441647 0.722431519
vt 0.982504066 0.735406382
vt 0.982504066 0.722320911
vt 0.913147645 0.477360265
vt 0.926043559 0.477750460
vt 0.926043559 0.514838400
vt 0.913147645 0.477360265
vt 0.926043559 0.514838400
vt 0.913147645 0.514448205
vt 0.930746256 0.477203725
vt 0.943683834 0.477314336
vt 0.943683834 0.514882314
vt 0.930746256 0.477203725
vt 0.943683834 0.514882314
vt 0.930746256 0.514771704
vt 0.600399378 0.807787029
vt 0.587507723 0.807787029
vt 0.589277733 0.771484375
vt 0.600399378 0.807787029
vt 0.589277733 0.771484375
vt 0.602169389 0.771484375
vt 0.920004070 0.399078724
vt 0.932941646 0.399189335
vt 0.932941646 0.412274806
vt 0.920004070 0.399078724
vt 0.932941646 0.412274806
vt 0.920004070 0.412164194
vt 0.609844200 0.772711193
vt 0.609191918 0.772666732
vt 0.609218341 0.772038366
vt 0.609844200 0.772711193
vt 0.609218341 0.772038366
vt 0.609844681 0.772055692
vt 0.609191918 0.772666732
vt 0.608653451 0.772544580
vt 0.608839245 0.771952368
vt 0.609191918 0.772666732
vt 0.608839245 0.771952368
vt 0.609218341 0.772038366
vt 0.961199815 0.477750461
vt 0.961229880 0.477098232
vt 0.961855895 0.477115539
vt 0.961199815 0.477750461
vt 0.961855895 0.477115539
vt 0.961853056 0.477741345
vt 0.961229880 0.477098232
vt 0.961312500 0.476562500
vt 0.961914062 0.476738368
vt 0.961229880 0.477098232
vt 0.961914062 0.476738368
vt 0.961855895 0.477115539
vt 0.968097897 0.399189327
vt 0.968124810 0.398548109
vt 0.968749687 0.398571352
vt 0.968097897 0.399189327
vt 0.968749687 0.398571352
vt 0.968750000 0.399185790
vt 0.609786052 0.771484375
vt 0.609844681 0.772055692
vt 0.609218341 0.772038366
vt 0.609786052 0.771484375
vt 0.609218341 0.772038366
vt 0.609177064 0.771636142
vt 0.170898438 0.940661414
vt 0.171299799 0.940429688
vt 0.171299799 0.940893141
vt 0.622735853 0.772711193
vt 0.622736334 0.772055692
vt 0.623303212 0.772038367
vt 0.622735853 0.772711193
vt 0.623303212 0.772038367
vt 0.623329511 0.772666732
vt 0.823934657 0.826257623
vt 0.824585844 0.826235648
vt 0.824509295 0.826859882
vt 0.823934657 0.826257623
vt 0.824509295 0.826859882
vt 0.824050840 0.826875353
vt 0.825195312 0.826290644
vt 0.825094360 0.826938217
vt 0.824509295 0.826859882
vt 0.825195312 0.826290644
vt 0.824509295 0.826859882
vt 0.824585844 0.826235648
vt 0.831054688 0.814128873
vt 0.830401557 0.814134381
vt 0.830481306 0.813519500
vt 0.831054688 0.814128873
vt 0.830481306 0.813519500
vt 0.830941129 0.813515623
vt 0.829797474 0.814117328
vt 0.829901370 0.813476562
vt 0.830481306 0.813519500
vt 0.829797474 0.814117328
vt 0.830481306 0.813519500
vt 0.830401557 0.814134381
vt 0.913085938 0.352168933
vt 0.912427650 0.352168933
vt 0.912525068 0.351562500
vt 0.913085938 0.352168933
vt 0.912525068 0.351562500
vt 0.912988520 0.351562500
vt 0.824050840 0.826875353
vt 0.824509295 0.826859882
vt 0.824314008 0.827238948
vt 0.641414999 0.807786999
vt 0.642067280 0.807831461
vt 0.642040857 0.808459826
vt 0.641414999 0.807786999
vt 0.642040857 0.808459826
vt 0.641414517 0.808442500
vt 0.642067280 0.807831461
vt 0.642605747 0.807953613
vt 0.642419954 0.808545824
vt 0.642067280 0.807831461
vt 0.642419954 0.808545824
vt 0.642040857 0.808459826
vt 0.978840090 0.477314337
vt 0.978866998 0.476673111
vt 0.979491875 0.476696358
vt 0.978840090 0.477314337
vt 0.979491875 0.476696358
vt 0.979492188 0.477310794
vt 0.830401557 0.827208924
vt 0.831054688 0.827203417
vt 0.830941129 0.827800313
vt 0.830401557 0.827208924
vt 0.830941129 0.827800313
vt 0.830481306 0.827804190
vt 0.985672155 0.411340910
vt 0.986325368 0.411350437
vt 0.986328125 0.411976647
vt 0.985672155 0.411340910
vt 0.986328125 0.411976647
vt 0.985702136 0.411993511
vt 0.641473147 0.809013817
vt 0.641414517 0.808442500
vt 0.642040857 0.808459826
vt 0.641473147 0.809013817
vt 0.642040857 0.808459826
vt 0.642082134 0.808862050
vt 0.177159174 0.940661414
vt 0.176757812 0.940893140
vt 0.176757812 0.940429688
vt 0.985351562 0.772709464
vt 0.984703242 0.772739434
vt 0.984662294 0.772112765
vt 0.985351562 0.772709464
vt 0.984662294 0.772112765
vt 0.985284107 0.772059240
vt 0.984703242 0.772739434
vt 0.984090908 0.772664568
vt 0.984231194 0.772060057
vt 0.984703242 0.772739434
vt 0.984231194 0.772060057
vt 0.984662294 0.772112765
vt 0.628523346 0.807786999
vt 0.628522865 0.808442500
vt 0.627955987 0.808459826
vt 0.628523346 0.807786999
vt 0.627955987 0.808459826
vt 0.627929688 0.807831461
vt 0.836914062 0.814466585
vt 0.836255776 0.814466585
vt 0.836353195 0.813845269
vt 0.836914062 0.814466585
vt 0.836353195 0.813845269
vt 0.836816648 0.813845269
vt 0.968097897 0.412274797
vt 0.968750000 0.412271249
vt 0.968749687 0.412867968
vt 0.968097897 0.412274797
vt 0.968749687 0.412867968
vt 0.968124810 0.412898240
vt 0.985098760 0.771484375
vt 0.985284107 0.772059240
vt 0.984662294 0.772112765
vt 0.985098760 0.771484375
vt 0.984662294 0.772112765
vt 0.984531805 0.771708043
vt 0.836584921 0.813476562
vt 0.836816648 0.813845269
vt 0.836353195 0.813845269
vt 0.961199815 0.514838400
vt 0.961853056 0.514829281
vt 0.961855895 0.515399152
vt 0.961199815 0.514838400
vt 0.961855895 0.515399152
vt 0.961229880 0.515434682
vt 0.875692459 0.808137278
vt 0.876343647 0.808115303
vt 0.876267099 0.808739534
vt 0.875692459 0.808137278
vt 0.876267099 0.808739534
vt 0.875808644 0.808755005
vt 0.876953125 0.808170302
vt 0.876852161 0.808817873
vt 0.876267099 0.808739534
vt 0.876953125 0.808170302
vt 0.876267099 0.808739534
vt 0.876343647 0.808115303
vt 0.842773438 0.814128873
vt 0.842120306 0.814134381
vt 0.842200060 0.813519500
vt 0.842773438 0.814128873
vt 0.842200060 0.813519500
vt 0.842659883 0.813515623
vt 0.841516230 0.814117335
vt 0.841620121 0.813476562
vt 0.842200060 0.813519500
vt 0.841516230 0.814117335
vt 0.842200060 0.813519500
vt 0.842120306 0.814134381
vt 0.848632808 0.814082998
vt 0.847974521 0.814082998
vt 0.848071936 0.813476562
vt 0.848632808 0.814082998
vt 0.848071936 0.813476562
vt 0.848535389 0.813476562
vt 0.875808644 0.808755005
vt 0.876267099 0.808739534
vt 0.876071811 0.809118600
vt 0.780481520 0.808511430
vt 0.781134123 0.808541417
vt 0.781117258 0.809167402
vt 0.780481520 0.808511430
vt 0.781117258 0.809167402
vt 0.780491048 0.809164648
vt 0.912427650 0.389790055
vt 0.913085938 0.389790055
vt 0.912988520 0.390396487
vt 0.912427650 0.389790055
vt 0.912988520 0.390396487
vt 0.912525068 0.390396487
vt 0.933631861 0.807112694
vt 0.933640092 0.807766788
vt 0.933013380 0.807794258
vt 0.933631861 0.807112694
vt 0.933013380 0.807794258
vt 0.932979625 0.807167100
vt 0.933640092 0.807766788
vt 0.933584256 0.808357098
vt 0.932974070 0.808209853
vt 0.933640092 0.807766788
vt 0.932974070 0.808209853
vt 0.933013380 0.807794258
vt 0.913410396 0.430439331
vt 0.913437311 0.429798113
vt 0.914062188 0.429821356
vt 0.913410396 0.430439331
vt 0.914062188 0.429821356
vt 0.914062500 0.430435794
vt 0.842120306 0.827208936
vt 0.842773438 0.827203429
vt 0.842659883 0.827800325
vt 0.842120306 0.827208936
vt 0.842659883 0.827800325
vt 0.842200060 0.827804203
vt 0.182617188 0.940893140
vt 0.182617188 0.940429688
vt 0.183018549 0.940661414
vt 0.978840090 0.514882315
vt 0.979492188 0.514878769
vt 0.979491875 0.515475485
vt 0.978840090 0.514882315
vt 0.979491875 0.515475485
vt 0.978866998 0.515505760
vt 0.881551834 0.808137278
vt 0.882203022 0.808115303
vt 0.882126473 0.808739534
vt 0.881551834 0.808137278
vt 0.882126473 0.808739534
vt 0.881668018 0.808755005
vt 0.882812500 0.808170302
vt 0.882711536 0.808817873
vt 0.882126473 0.808739534
vt 0.882812500 0.808170302
vt 0.882126473 0.808739534
vt 0.882203022 0.808115303
vt 0.853833900 0.827186980
vt 0.854492188 0.827186980
vt 0.854394768 0.827793415
vt 0.853833900 0.827186980
vt 0.854394768 0.827793415
vt 0.853931315 0.827793415
vt 0.913410396 0.443524801
vt 0.914062500 0.443521252
vt 0.914062188 0.444117971
vt 0.913410396 0.443524801
vt 0.914062188 0.444117971
vt 0.913437311 0.444148242
vt 0.924146400 0.826501668
vt 0.924804688 0.826501668
vt 0.924707273 0.827119277
vt 0.924146400 0.826501668
vt 0.924707273 0.827119277
vt 0.924243820 0.827119277
vt 0.881668018 0.808755005
vt 0.882126473 0.808739534
vt 0.881931186 0.809118600
vt 0.928725953 0.825782949
vt 0.929378809 0.825841154
vt 0.929339085 0.826467214
vt 0.928725953 0.825782949
vt 0.929339085 0.826467214
vt 0.928710938 0.826435842
vt 0.847974526 0.827186974
vt 0.848632812 0.827186974
vt 0.848535393 0.827793409
vt 0.847974526 0.827186974
vt 0.848535393 0.827793409
vt 0.848071940 0.827793409
vt 0.918743548 0.430744359
vt 0.918090329 0.430734833
vt 0.918087573 0.430108623
vt 0.918743548 0.430744359
vt 0.918087573 0.430108623
vt 0.918713561 0.430091759
vt 0.854492187 0.814082998
vt 0.853833900 0.814082998
vt 0.853931315 0.813476562
vt 0.854492187 0.814082998
vt 0.853931315 0.813476562
vt 0.854394768 0.813476562
vt 0.788922641 0.772140352
vt 0.788270040 0.772110360
vt 0.788286904 0.771484375
vt 0.788922641 0.772140352
vt 0.788286904 0.771484375
vt 0.788913114 0.771487128
vt 0.928782185 0.827032906
vt 0.928710938 0.826435842
vt 0.929339085 0.826467214
vt 0.928782185 0.827032906
vt 0.929339085 0.826467214
vt 0.929389245 0.826887564
vt 0.188476562 0.940661414
vt 0.188877925 0.940429688
vt 0.188877925 0.940893140
vt 0.968097897 0.399189327
vt 0.955160317 0.399078717
vt 0.955187230 0.398437500
vt 0.968097897 0.399189327
vt 0.955187230 0.398437500
vt 0.968124810 0.398548109
vt 0.824585844 0.813476562
vt 0.824585844 0.826235648
vt 0.823934657 0.826257623
vt 0.824585844 0.813476562
vt 0.823934657 0.826257623
vt 0.823934657 0.813498538
vt 0.609844681 0.772055692
vt 0.622736334 0.772055692
vt 0.622735853 0.772711193
vt 0.609844681 0.772055692
vt 0.622735853 0.772711193
vt 0.609844200 0.772711193
vt 0.961199815 0.477750461
vt 0.948303902 0.477360263
vt 0.948333980 0.476708035
vt 0.961199815 0.477750461
vt 0.948333980 0.476708035
vt 0.961229880 0.477098232
vt 0.936523438 0.813476562
vt 0.936523438 0.826580532
vt 0.935865151 0.826580532
vt 0.936523438 0.813476562
vt 0.935865151 0.826580532
vt 0.935865151 0.813476562
vt 0.968750000 0.399185790
vt 0.968750000 0.412271249
vt 0.968097897 0.412274797
vt 0.968750000 0.399185790
vt 0.968097897 0.412274797
vt 0.968097897 0.399189327
vt 0.985672155 0.411340910
vt 0.985672155 0.398437500
vt 0.986325368 0.398447027
vt 0.985672155 0.411340910
vt 0.986325368 0.398447027
vt 0.986325368 0.411350437
vt 0.836255776 0.827284583
vt 0.836255776 0.814466585
vt 0.836914062 0.814466585
vt 0.836255776 0.827284583
vt 0.836914062 0.814466585
vt 0.836914062 0.827284583
vt 0.641414517 0.808442500
vt 0.628522865 0.808442500
vt 0.628523346 0.807786999
vt 0.641414517 0.808442500
vt 0.628523346 0.807786999
vt 0.641414999 0.807786999
vt 0.972775081 0.411745174
vt 0.985672155 0.411340910
vt 0.985702136 0.411993511
vt 0.972775081 0.411745174
vt 0.985702136 0.411993511
vt 0.972805075 0.412397774
vt 0.831054688 0.814128873
vt 0.831054688 0.827203417
vt 0.830401557 0.827208924
vt 0.831054688 0.814128873
vt 0.830401557 0.827208924
vt 0.830401557 0.814134381
vt 0.965929435 0.476562500
vt 0.978866998 0.476673111
vt 0.978840090 0.477314337
vt 0.965929435 0.476562500
vt 0.978840090 0.477314337
vt 0.965902515 0.477203725
vt 0.931640625 0.430340101
vt 0.918743548 0.430744359
vt 0.918713561 0.430091759
vt 0.931640625 0.430340101
vt 0.918713561 0.430091759
vt 0.931610631 0.429687500
vt 0.848632808 0.814082998
vt 0.848632812 0.827186974
vt 0.847974526 0.827186974
vt 0.848632808 0.814082998
vt 0.847974526 0.827186974
vt 0.847974521 0.814082998
vt 0.930535779 0.813534773
vt 0.929378809 0.825841154
vt 0.928725953 0.825782949
vt 0.930535779 0.813534773
vt 0.928725953 0.825782949
vt 0.929882931 0.813476562
vt 0.767578125 0.808511430
vt 0.780481520 0.808511430
vt 0.780491048 0.809164648
vt 0.767578125 0.808511430
vt 0.780491048 0.809164648
vt 0.767587653 0.809164648
vt 0.842773438 0.814128873
vt 0.842773438 0.827203429
vt 0.842120306 0.827208936
vt 0.842773438 0.814128873
vt 0.842120306 0.827208936
vt 0.842120306 0.814134381
vt 0.900499735 0.429687500
vt 0.913437311 0.429798113
vt 0.913410396 0.430439331
vt 0.900499735 0.429687500
vt 0.913410396 0.430439331
vt 0.900472821 0.430328718
vt 0.933631861 0.807112694
vt 0.946492925 0.807112694
vt 0.946501143 0.807766788
vt 0.933631861 0.807112694
vt 0.946501143 0.807766788
vt 0.933640092 0.807766788
vt 0.924804688 0.813476563
vt 0.924804688 0.826501668
vt 0.924146400 0.826501668
vt 0.924804688 0.813476563
vt 0.924146400 0.826501668
vt 0.924146400 0.813476562
vt 0.914062500 0.430435794
vt 0.914062500 0.443521252
vt 0.913410396 0.443524801
vt 0.914062500 0.430435794
vt 0.913410396 0.443524801
vt 0.913410396 0.430439331
vt 0.801826044 0.772140352
vt 0.788922641 0.772140352
vt 0.788913114 0.771487128
vt 0.801826044 0.772140352
vt 0.788913114 0.771487128
vt 0.801816516 0.771487134
vt 0.853833900 0.827186980
vt 0.853833900 0.814082998
vt 0.854492187 0.814082998
vt 0.853833900 0.827186980
vt 0.854492187 0.814082998
vt 0.854492188 0.827186980
vt 0.918090334 0.443638244
vt 0.918090329 0.430734833
vt 0.918743548 0.430744359
vt 0.918090334 0.443638244
vt 0.918743548 0.430744359
vt 0.918743548 0.443647771
vt 0.609844200 0.772711193
vt 0.608074157 0.809013818
vt 0.607421875 0.808969354
vt 0.609844200 0.772711193
vt 0.607421875 0.808969354
vt 0.609191918 0.772666732
vt 0.876343647 0.771484375
vt 0.876343647 0.808115303
vt 0.875692459 0.808137278
vt 0.876343647 0.771484375
vt 0.875692459 0.808137278
vt 0.875692459 0.771506350
vt 0.961853056 0.477741345
vt 0.961853056 0.514829281
vt 0.961199815 0.514838400
vt 0.961853056 0.477741345
vt 0.961199815 0.514838400
vt 0.961199815 0.477750461
vt 0.931316299 0.771484375
vt 0.933631861 0.807112694
vt 0.932979625 0.807167100
vt 0.931316299 0.771484375
vt 0.932979625 0.807167100
vt 0.930664062 0.771538784
vt 0.913085938 0.352168933
vt 0.913085938 0.389790055
vt 0.912427650 0.389790055
vt 0.913085938 0.352168933
vt 0.912427650 0.389790055
vt 0.912427650 0.352168933
vt 0.782294834 0.771514365
vt 0.781134123 0.808541417
vt 0.780481520 0.808511430
vt 0.782294834 0.771514365
vt 0.780481520 0.808511430
vt 0.781642231 0.771484375
vt 0.641414999 0.807786999
vt 0.643185043 0.771484375
vt 0.643837325 0.771528839
vt 0.641414999 0.807786999
vt 0.643837325 0.771528839
vt 0.642067280 0.807831461
vt 0.882203022 0.771484375
vt 0.882203022 0.808115303
vt 0.881551834 0.808137278
vt 0.882203022 0.771484375
vt 0.881551834 0.808137278
vt 0.881551834 0.771506350
vt 0.979492188 0.477310794
vt 0.979492188 0.514878769
vt 0.978840090 0.514882315
vt 0.979492188 0.477310794
vt 0.978840090 0.514882315
vt 0.978840090 0.477314337
vt 0.985351562 0.772709464
vt 0.985351562 0.808479384
vt 0.984703236 0.808509357
vt 0.985351562 0.772709464
vt 0.984703236 0.808509357
vt 0.984703242 0.772739434
vt 0.888671875 0.771484375
vt 0.888671871 0.809105502
vt 0.888013584 0.809105502
vt 0.888671875 0.771484375
vt 0.888013584 0.809105502
vt 0.888013588 0.771484375
vt 0.787109375 0.809137443
vt 0.788270040 0.772110360
vt 0.788922641 0.772140352
vt 0.787109375 0.809137443
vt 0.788922641 0.772140352
vt 0.787761977 0.809167433
vt 0.609844200 0.772711193
vt 0.622735853 0.772711193
vt 0.620965809 0.809013818
vt 0.609844200 0.772711193
vt 0.620965809 0.809013818
vt 0.608074157 0.809013818
vt 0.968097897 0.399189327
vt 0.968097897 0.412274797
vt 0.955160317 0.412164188
vt 0.968097897 0.399189327
vt 0.955160317 0.412164188
vt 0.955160317 0.399078717
vt 0.948303902 0.477360263
vt 0.961199815 0.477750461
vt 0.961199815 0.514838400
vt 0.948303902 0.477360263
vt 0.961199815 0.514838400
vt 0.948303902 0.514448203
vt 0.965902515 0.477203725
vt 0.978840090 0.477314337
vt 0.978840090 0.514882315
vt 0.965902515 0.477203725
vt 0.978840090 0.514882315
vt 0.965902515 0.514771704
vt 0.641414999 0.807786999
vt 0.628523346 0.807786999
vt 0.630293390 0.771484375
vt 0.641414999 0.807786999
vt 0.630293390 0.771484375
vt 0.643185043 0.771484375
vt 0.900472821 0.430328718
vt 0.913410396 0.430439331
vt 0.913410396 0.443524801
vt 0.900472821 0.430328718
vt 0.913410396 0.443524801
vt 0.900472821 0.443414188
vt 0.650859791 0.772711190
vt 0.650207510 0.772666731
vt 0.650233933 0.772038366
vt 0.650859791 0.772711190
vt 0.650233933 0.772038366
vt 0.650860273 0.772055691
vt 0.650207510 0.772666731
vt 0.649669043 0.772544580
vt 0.649854837 0.771952368
vt 0.650207510 0.772666731
vt 0.649854837 0.771952368
vt 0.650233933 0.772038366
vt 0.996356059 0.477750460
vt 0.996386130 0.477098232
vt 0.997012146 0.477115539
vt 0.996356059 0.477750460
vt 0.997012146 0.477115539
vt 0.997009307 0.477741345
vt 0.996386130 0.477098232
vt 0.996468750 0.476562500
vt 0.997070312 0.476738368
vt 0.996386130 0.477098232
vt 0.997070312 0.476738368
vt 0.997012146 0.477115539
vt 0.948566647 0.430439331
vt 0.948593560 0.429798108
vt 0.949218437 0.429821351
vt 0.948566647 0.430439331
vt 0.949218437 0.429821351
vt 0.949218750 0.430435789
vt 0.650801643 0.771484375
vt 0.650860273 0.772055691
vt 0.650233933 0.772038366
vt 0.650801643 0.771484375
vt 0.650233933 0.772038366
vt 0.650192656 0.771636143
vt 0.194335938 0.940661414
vt 0.194737300 0.940429688
vt 0.194737300 0.940893141
vt 0.663751447 0.772711190
vt 0.663751929 0.772055691
vt 0.664318807 0.772038366
vt 0.663751447 0.772711190
vt 0.664318807 0.772038366
vt 0.664345107 0.772666731
vt 0.859090902 0.826257624
vt 0.859742089 0.826235649
vt 0.859665540 0.826859883
vt 0.859090902 0.826257624
vt 0.859665540 0.826859883
vt 0.859207085 0.826875354
vt 0.860351562 0.826290646
vt 0.860250605 0.826938218
vt 0.859665540 0.826859883
vt 0.860351562 0.826290646
vt 0.859665540 0.826859883
vt 0.859742089 0.826235649
vt 0.866210938 0.814128873
vt 0.865557807 0.814134381
vt 0.865637556 0.813519500
vt 0.866210938 0.814128873
vt 0.865637556 0.813519500
vt 0.866097379 0.813515623
vt 0.864953724 0.814117335
vt 0.865057620 0.813476562
vt 0.865637556 0.813519500
vt 0.864953724 0.814117335
vt 0.865637556 0.813519500
vt 0.865557807 0.814134381
vt 0.918945312 0.352168933
vt 0.918287026 0.352168933
vt 0.918384443 0.351562500
vt 0.918945312 0.352168933
vt 0.918384443 0.351562500
vt 0.918847896 0.351562500
vt 0.859207085 0.826875354
vt 0.859665540 0.826859883
vt 0.859470253 0.827238949
vt 0.682430628 0.807787029
vt 0.683082909 0.807831488
vt 0.683056487 0.808459853
vt 0.682430628 0.807787029
vt 0.683056487 0.808459853
vt 0.682430146 0.808442528
vt 0.683082909 0.807831488
vt 0.683621376 0.807953639
vt 0.683435582 0.808545851
vt 0.683082909 0.807831488
vt 0.683435582 0.808545851
vt 0.683056487 0.808459853
vt 0.892353398 0.750652104
vt 0.891712173 0.750625189
vt 0.891735420 0.750000313
vt 0.892353398 0.750652104
vt 0.891735420 0.750000313
vt 0.892349855 0.750000000
vt 0.865557807 0.827208937
vt 0.866210938 0.827203429
vt 0.866097379 0.827800326
vt 0.865557807 0.827208937
vt 0.866097379 0.827800326
vt 0.865637556 0.827804203
vt 0.966140899 0.442590911
vt 0.966794119 0.442600438
vt 0.966796875 0.443226647
vt 0.966140899 0.442590911
vt 0.966796875 0.443226647
vt 0.966170886 0.443243511
vt 0.682488776 0.809013844
vt 0.682430146 0.808442528
vt 0.683056487 0.808459853
vt 0.682488776 0.809013844
vt 0.683056487 0.808459853
vt 0.683097763 0.808862077
vt 0.200596674 0.940661414
vt 0.200195312 0.940893140
vt 0.200195312 0.940429688
vt 0.991210938 0.772709463
vt 0.990562611 0.772739433
vt 0.990521664 0.772112765
vt 0.991210938 0.772709463
vt 0.990521664 0.772112765
vt 0.991143477 0.772059240
vt 0.990562611 0.772739433
vt 0.989950278 0.772664567
vt 0.990090564 0.772060057
vt 0.990562611 0.772739433
vt 0.990090564 0.772060057
vt 0.990521664 0.772112765
vt 0.669538973 0.807787029
vt 0.669538490 0.808442528
vt 0.668971612 0.808459853
vt 0.669538973 0.807787029
vt 0.668971612 0.808459853
vt 0.668945312 0.807831488
vt 0.872070312 0.814466585
vt 0.871412026 0.814466585
vt 0.871509445 0.813845269
vt 0.872070312 0.814466585
vt 0.871509445 0.813845269
vt 0.871972898 0.813845269
vt 0.948566647 0.443524802
vt 0.949218750 0.443521260
vt 0.949218437 0.444117979
vt 0.948566647 0.443524802
vt 0.949218437 0.444117979
vt 0.948593560 0.444148251
vt 0.990958130 0.771484375
vt 0.991143477 0.772059240
vt 0.990521664 0.772112765
vt 0.990958130 0.771484375
vt 0.990521664 0.772112765
vt 0.990391174 0.771708043
vt 0.871741171 0.813476562
vt 0.871972898 0.813845269
vt 0.871509445 0.813845269
vt 0.996356059 0.514838400
vt 0.997009307 0.514829282
vt 0.997012146 0.515399152
vt 0.996356059 0.514838400
vt 0.997012146 0.515399152
vt 0.996386130 0.515434682
vt 0.893270587 0.808137288
vt 0.893921775 0.808115313
vt 0.893845227 0.808739543
vt 0.893270587 0.808137288
vt 0.893845227 0.808739543
vt 0.893386772 0.808755015
vt 0.894531250 0.808170312
vt 0.894430290 0.808817882
vt 0.893845227 0.808739543
vt 0.894531250 0.808170312
vt 0.893845227 0.808739543
vt 0.893921775 0.808115313
vt 0.877929688 0.814128873
vt 0.877276556 0.814134381
vt 0.877356310 0.813519500
vt 0.877929688 0.814128873
vt 0.877356310 0.813519500
vt 0.877816134 0.813515623
vt 0.876672475 0.814117335
vt 0.876776371 0.813476562
vt 0.877356310 0.813519500
vt 0.876672475 0.814117335
vt 0.877356310 0.813519500
vt 0.877276556 0.814134381
vt 0.883789058 0.814082998
vt 0.883130771 0.814082998
vt 0.883228186 0.813476562
vt 0.883789058 0.814082998
vt 0.883228186 0.813476562
vt 0.883691639 0.813476562
vt 0.893386772 0.808755015
vt 0.893845227 0.808739543
vt 0.893649940 0.809118610
vt 0.819544031 0.808511462
vt 0.820196632 0.808541447
vt 0.820179767 0.809167432
vt 0.819544031 0.808511462
vt 0.820179767 0.809167432
vt 0.819553558 0.809164679
vt 0.918287026 0.389790055
vt 0.918945312 0.389790055
vt 0.918847896 0.390396487
vt 0.918287026 0.389790055
vt 0.918847896 0.390396487
vt 0.918384443 0.390396487
vt 0.954139666 0.807112699
vt 0.954147891 0.807766793
vt 0.953521179 0.807794263
vt 0.954139666 0.807112699
vt 0.953521179 0.807794263
vt 0.953487424 0.807167105
vt 0.954147891 0.807766793
vt 0.954092055 0.808357103
vt 0.953481869 0.808209858
vt 0.954147891 0.807766793
vt 0.953481869 0.808209858
vt 0.953521179 0.807794263
vt 0.983722896 0.430439335
vt 0.983749811 0.429798111
vt 0.984374688 0.429821355
vt 0.983722896 0.430439335
vt 0.984374688 0.429821355
vt 0.984375000 0.430435793
vt 0.877276556 0.827208936
vt 0.877929688 0.827203429
vt 0.877816134 0.827800325
vt 0.877276556 0.827208936
vt 0.877816134 0.827800325
vt 0.877356310 0.827804203
vt 0.206054688 0.940661414
vt 0.206456050 0.940429688
vt 0.206456050 0.940893140
vt 0.929921377 0.750652104
vt 0.929917831 0.750000000
vt 0.930514547 0.750000313
vt 0.929921377 0.750652104
vt 0.930514547 0.750000313
vt 0.930544822 0.750625189
vt 0.899129962 0.808137289
vt 0.899781150 0.808115314
vt 0.899704602 0.808739544
vt 0.899129962 0.808137289
vt 0.899704602 0.808739544
vt 0.899246147 0.808755015
vt 0.900390625 0.808170313
vt 0.900289665 0.808817883
vt 0.899704602 0.808739544
vt 0.900390625 0.808170313
vt 0.899704602 0.808739544
vt 0.899781150 0.808115314
vt 0.888990146 0.827186980
vt 0.889648433 0.827186980
vt 0.889551014 0.827793415
vt 0.888990146 0.827186980
vt 0.889551014 0.827793415
vt 0.889087561 0.827793415
vt 0.983722896 0.443524806
vt 0.984375000 0.443521263
vt 0.984374688 0.444117982
vt 0.983722896 0.443524806
vt 0.984374688 0.444117982
vt 0.983749811 0.444148254
vt 0.941724525 0.826501681
vt 0.942382812 0.826501681
vt 0.942285398 0.827119289
vt 0.941724525 0.826501681
vt 0.942285398 0.827119289
vt 0.941821945 0.827119289
vt 0.899246147 0.808755015
vt 0.899704602 0.808739544
vt 0.899509315 0.809118610
vt 0.946304078 0.825782949
vt 0.946956934 0.825841154
vt 0.946917210 0.826467214
vt 0.946304078 0.825782949
vt 0.946917210 0.826467214
vt 0.946289062 0.826435842
vt 0.883130776 0.827186980
vt 0.883789062 0.827186980
vt 0.883691643 0.827793415
vt 0.883130776 0.827186980
vt 0.883691643 0.827793415
vt 0.883228190 0.827793415
vt 0.747845110 0.826379975
vt 0.747815123 0.827032574
vt 0.747189134 0.827015711
vt 0.747845110 0.826379975
vt 0.747189134 0.827015711
vt 0.747191891 0.826389501
vt 0.889648438 0.814082998
vt 0.888990151 0.814082998
vt 0.889087565 0.813476562
vt 0.889648438 0.814082998
vt 0.889087565 0.813476562
vt 0.889551018 0.813476562
vt 0.827985120 0.772140351
vt 0.827332519 0.772110360
vt 0.827349383 0.771484375
vt 0.827985120 0.772140351
vt 0.827349383 0.771484375
vt 0.827975593 0.771487128
vt 0.946360310 0.827032906
vt 0.946289062 0.826435842
vt 0.946917210 0.826467214
vt 0.946360310 0.827032906
vt 0.946917210 0.826467214
vt 0.946967370 0.826887564
vt 0.211914062 0.940661414
vt 0.212315425 0.940429688
vt 0.212315425 0.940893140
vt 0.948566647 0.430439331
vt 0.935629066 0.430328724
vt 0.935655979 0.429687500
vt 0.948566647 0.430439331
vt 0.935655979 0.429687500
vt 0.948593560 0.429798108
vt 0.859742089 0.813476562
vt 0.859742089 0.826235649
vt 0.859090902 0.826257624
vt 0.859742089 0.813476562
vt 0.859090902 0.826257624
vt 0.859090902 0.813498538
vt 0.650860273 0.772055691
vt 0.663751929 0.772055691
vt 0.663751447 0.772711190
vt 0.650860273 0.772055691
vt 0.663751447 0.772711190
vt 0.650859791 0.772711190
vt 0.996356059 0.477750460
vt 0.983460145 0.477360265
vt 0.983490216 0.476708037
vt 0.996356059 0.477750460
vt 0.983490216 0.476708037
vt 0.996386130 0.477098232
vt 0.954101562 0.813476562
vt 0.954101562 0.826580545
vt 0.953443276 0.826580545
vt 0.954101562 0.813476562
vt 0.953443276 0.826580545
vt 0.953443276 0.813476562
vt 0.949218750 0.430435789
vt 0.949218750 0.443521260
vt 0.948566647 0.443524802
vt 0.949218750 0.430435789
vt 0.948566647 0.443524802
vt 0.948566647 0.430439331
vt 0.966140899 0.442590911
vt 0.966140899 0.429687500
vt 0.966794119 0.429697027
vt 0.966140899 0.442590911
vt 0.966794119 0.429697027
vt 0.966794119 0.442600438
vt 0.871412026 0.827284583
vt 0.871412026 0.814466585
vt 0.872070312 0.814466585
vt 0.871412026 0.827284583
vt 0.872070312 0.814466585
vt 0.872070312 0.827284583
vt 0.682430146 0.808442528
vt 0.669538490 0.808442528
vt 0.669538973 0.807787029
vt 0.682430146 0.808442528
vt 0.669538973 0.807787029
vt 0.682430628 0.807787029
vt 0.953243822 0.442995171
vt 0.966140899 0.442590911
vt 0.966170886 0.443243511
vt 0.953243822 0.442995171
vt 0.966170886 0.443243511
vt 0.953273809 0.443647771
vt 0.866210938 0.814128873
vt 0.866210938 0.827203429
vt 0.865557807 0.827208937
vt 0.866210938 0.814128873
vt 0.865557807 0.827208937
vt 0.865557807 0.814134381
vt 0.891601562 0.763562767
vt 0.891712173 0.750625189
vt 0.892353398 0.750652104
vt 0.891601562 0.763562767
vt 0.892353398 0.750652104
vt 0.892242788 0.763589681
vt 0.747845110 0.813476562
vt 0.747845110 0.826379975
vt 0.747191891 0.826389501
vt 0.747845110 0.813476562
vt 0.747191891 0.826389501
vt 0.747191890 0.813486090
vt 0.883789058 0.814082998
vt 0.883789062 0.827186980
vt 0.883130776 0.827186980
vt 0.883789058 0.814082998
vt 0.883130776 0.827186980
vt 0.883130771 0.814082998
vt 0.948113905 0.813534767
vt 0.946956934 0.825841154
vt 0.946304078 0.825782949
vt 0.948113905 0.813534767
vt 0.946304078 0.825782949
vt 0.947461056 0.813476562
vt 0.806640625 0.808511462
vt 0.819544031 0.808511462
vt 0.819553558 0.809164679
vt 0.806640625 0.808511462
vt 0.819553558 0.809164679
vt 0.806650152 0.809164679
vt 0.877929688 0.814128873
vt 0.877929688 0.827203429
vt 0.877276556 0.827208936
vt 0.877929688 0.814128873
vt 0.877276556 0.827208936
vt 0.877276556 0.814134381
vt 0.970812234 0.429687500
vt 0.983749811 0.429798111
vt 0.983722896 0.430439335
vt 0.970812234 0.429687500
vt 0.983722896 0.430439335
vt 0.970785320 0.430328724
vt 0.954139666 0.807112699
vt 0.967000732 0.807112699
vt 0.967008956 0.807766793
vt 0.954139666 0.807112699
vt 0.967008956 0.807766793
vt 0.954147891 0.807766793
vt 0.942382812 0.813476563
vt 0.942382812 0.826501681
vt 0.941724525 0.826501681
vt 0.942382812 0.813476563
vt 0.941724525 0.826501681
vt 0.941724525 0.813476562
vt 0.984375000 0.430435793
vt 0.984375000 0.443521263
vt 0.983722896 0.443524806
vt 0.984375000 0.430435793
vt 0.983722896 0.443524806
vt 0.983722896 0.430439335
vt 0.840888526 0.772140351
vt 0.827985120 0.772140351
vt 0.827975593 0.771487128
vt 0.840888526 0.772140351
vt 0.827975593 0.771487128
vt 0.840878999 0.771487134
vt 0.888990146 0.827186980
vt 0.888990151 0.814082998
vt 0.889648438 0.814082998
vt 0.888990146 0.827186980
vt 0.889648438 0.814082998
vt 0.889648433 0.827186980
vt 0.760712200 0.827436833
vt 0.747815123 0.827032574
vt 0.747845110 0.826379975
vt 0.760712200 0.827436833
vt 0.747845110 0.826379975
vt 0.760742188 0.826784232
vt 0.650859791 0.772711190
vt 0.649089781 0.809013845
vt 0.648437500 0.808969382
vt 0.650859791 0.772711190
vt 0.648437500 0.808969382
vt 0.650207510 0.772666731
vt 0.893921775 0.771484375
vt 0.893921775 0.808115313
vt 0.893270587 0.808137288
vt 0.893921775 0.771484375
vt 0.893270587 0.808137288
vt 0.893270587 0.771506350
vt 0.997009307 0.477741345
vt 0.997009307 0.514829282
vt 0.996356059 0.514838400
vt 0.997009307 0.477741345
vt 0.996356059 0.514838400
vt 0.996356059 0.477750460
vt 0.951824117 0.771484375
vt 0.954139666 0.807112699
vt 0.953487424 0.807167105
vt 0.951824117 0.771484375
vt 0.953487424 0.807167105
vt 0.951171875 0.771538784
vt 0.918945312 0.352168933
vt 0.918945312 0.389790055
vt 0.918287026 0.389790055
vt 0.918945312 0.352168933
vt 0.918287026 0.389790055
vt 0.918287026 0.352168933
vt 0.821357282 0.771514363
vt 0.820196632 0.808541447
vt 0.819544031 0.808511462
vt 0.821357282 0.771514363
vt 0.819544031 0.808511462
vt 0.820704681 0.771484375
vt 0.682430628 0.807787029
vt 0.684200639 0.771484375
vt 0.684852920 0.771528837
vt 0.682430628 0.807787029
vt 0.684852920 0.771528837
vt 0.683082909 0.807831488
vt 0.899781150 0.771484375
vt 0.899781150 0.808115314
vt 0.899129962 0.808137289
vt 0.899781150 0.771484375
vt 0.899129962 0.808137289
vt 0.899129962 0.771506350
vt 0.892349855 0.750000000
vt 0.929917831 0.750000000
vt 0.929921377 0.750652104
vt 0.892349855 0.750000000
vt 0.929921377 0.750652104
vt 0.892353398 0.750652104
vt 0.991210938 0.772709463
vt 0.991210938 0.808479386
vt 0.990562611 0.808509360
vt 0.991210938 0.772709463
vt 0.990562611 0.808509360
vt 0.990562611 0.772739433
vt 0.906250000 0.771484375
vt 0.906250000 0.809105502
vt 0.905591713 0.809105502
vt 0.906250000 0.771484375
vt 0.905591713 0.809105502
vt 0.905591713 0.771484375
vt 0.826171875 0.809137455
vt 0.827332519 0.772110360
vt 0.827985120 0.772140351
vt 0.826171875 0.809137455
vt 0.827985120 0.772140351
vt 0.826824476 0.809167443
vt 0.650859791 0.772711190
vt 0.663751447 0.772711190
vt 0.661981437 0.809013845
vt 0.650859791 0.772711190
vt 0.661981437 0.809013845
vt 0.649089781 0.809013845
vt 0.948566647 0.430439331
vt 0.948566647 0.443524802
vt 0.935629066 0.443414195
vt 0.948566647 0.430439331
vt 0.935629066 0.443414195
vt 0.935629066 0.430328724
vt 0.983460145 0.477360265
vt 0.996356059 0.477750460
vt 0.996356059 0.514838400
vt 0.983460145 0.477360265
vt 0.996356059 0.514838400
vt 0.983460145 0.514448205
vt 0.892242788 0.763589681
vt 0.892353398 0.750652104
vt 0.929921377 0.750652104
vt 0.892242788 0.763589681
vt 0.929921377 0.750652104
vt 0.929810766 0.763589681
vt 0.682430628 0.807787029
vt 0.669538973 0.807787029
vt 0.671308983 0.771484375
vt 0.682430628 0.807787029
vt 0.671308983 0.771484375
vt 0.684200639 0.771484375
vt 0.970785320 0.430328724
vt 0.983722896 0.430439335
vt 0.983722896 0.443524806
vt 0.970785320 0.430328724
vt 0.983722896 0.443524806
vt 0.970785320 0.443414194
vt 0.904797942 0.698492439
vt 0.904145649 0.698447980
vt 0.904172072 0.697819616
vt 0.904797942 0.698492439
vt 0.904172072 0.697819616
vt 0.904798412 0.697836942
vt 0.904145649 0.698447980
vt 0.903607183 0.698325830
vt 0.903792976 0.697733619
vt 0.904145649 0.698447980
vt 0.903792976 0.697733619
vt 0.904172072 0.697819616
vt 0.168231065 0.727353813
vt 0.168261133 0.726701588
vt 0.168887148 0.726718895
vt 0.168231065 0.727353813
vt 0.168887148 0.726718895
vt 0.168884310 0.727344699
vt 0.168261133 0.726701588
vt 0.168343750 0.726165857
vt 0.168945312 0.726341725
vt 0.168261133 0.726701588
vt 0.168945312 0.726341725
vt 0.168887148 0.726718895
vt 0.794269760 0.520215289
vt 0.794296685 0.519574065
vt 0.794921562 0.519597309
vt 0.794269760 0.520215289
vt 0.794921562 0.519597309
vt 0.794921875 0.520211747
vt 0.904739782 0.697265625
vt 0.904798412 0.697836942
vt 0.904172072 0.697819616
vt 0.904739782 0.697265625
vt 0.904172072 0.697819616
vt 0.904130795 0.697417393
vt 0.218174800 0.940893140
vt 0.217773438 0.940661414
vt 0.218174800 0.940429688
vt 0.909788255 0.698492439
vt 0.909788737 0.697836942
vt 0.910355615 0.697819616
vt 0.909788255 0.698492439
vt 0.910355615 0.697819616
vt 0.910381915 0.698447980
vt 0.996786214 0.818437545
vt 0.997437402 0.818415569
vt 0.997360852 0.819039803
vt 0.996786214 0.818437545
vt 0.997360852 0.819039803
vt 0.996902397 0.819055275
vt 0.998046875 0.818470566
vt 0.997945917 0.819118139
vt 0.997360852 0.819039803
vt 0.998046875 0.818470566
vt 0.997360852 0.819039803
vt 0.997437402 0.818415569
vt 0.830078125 0.520183561
vt 0.829424993 0.520189068
vt 0.829504743 0.519574188
vt 0.830078125 0.520183561
vt 0.829504743 0.519574188
vt 0.829964566 0.519570310
vt 0.828820912 0.520172022
vt 0.828924808 0.519531250
vt 0.829504743 0.519574188
vt 0.828820912 0.520172022
vt 0.829504743 0.519574188
vt 0.829424993 0.520189068
vt 0.893554688 0.697872057
vt 0.892896400 0.697872057
vt 0.892993817 0.697265625
vt 0.893554688 0.697872057
vt 0.892993817 0.697265625
vt 0.893457271 0.697265625
vt 0.996902397 0.819055275
vt 0.997360852 0.819039803
vt 0.997165565 0.819418870
vt 0.920623046 0.714193269
vt 0.921275327 0.714237728
vt 0.921248904 0.714866092
vt 0.920623046 0.714193269
vt 0.921248904 0.714866092
vt 0.920622564 0.714848766
vt 0.921275327 0.714237728
vt 0.921813794 0.714359878
vt 0.921628000 0.714952089
vt 0.921275327 0.714237728
vt 0.921628000 0.714952089
vt 0.921248904 0.714866092
vt 0.974721145 0.520183353
vt 0.974079921 0.520156439
vt 0.974103168 0.519531563
vt 0.974721145 0.520183353
vt 0.974103168 0.519531563
vt 0.974717602 0.519531250
vt 0.829424993 0.688471318
vt 0.830078125 0.688465811
vt 0.829964566 0.689062707
vt 0.829424993 0.688471318
vt 0.829964566 0.689062707
vt 0.829504743 0.689066584
vt 0.683914337 0.702260487
vt 0.684567556 0.702270014
vt 0.684570312 0.702896223
vt 0.683914337 0.702260487
vt 0.684570312 0.702896223
vt 0.683944324 0.702913087
vt 0.920681194 0.715420083
vt 0.920622564 0.714848766
vt 0.921248904 0.714866092
vt 0.920681194 0.715420083
vt 0.921248904 0.714866092
vt 0.921290181 0.715268315
vt 0.223632813 0.940429688
vt 0.224034175 0.940661414
vt 0.223632812 0.940893140
vt 0.871093750 0.722904772
vt 0.870445428 0.722934744
vt 0.870404482 0.722308076
vt 0.871093750 0.722904772
vt 0.870404482 0.722308076
vt 0.871026296 0.722254553
vt 0.870445428 0.722934744
vt 0.869833096 0.722859877
vt 0.869973383 0.722255368
vt 0.870445428 0.722934744
vt 0.869973383 0.722255368
vt 0.870404482 0.722308076
vt 0.915632735 0.714193269
vt 0.915632240 0.714848766
vt 0.915065362 0.714866092
vt 0.915632735 0.714193269
vt 0.915065362 0.714866092
vt 0.915039062 0.714237728
vt 0.002943147 0.940429688
vt 0.002943147 0.941087975
vt 0.002321832 0.940990555
vt 0.002943147 0.940429688
vt 0.002321832 0.940990555
vt 0.002321832 0.940527102
vt 0.794269760 0.688638026
vt 0.794921875 0.688634483
vt 0.794921562 0.689231202
vt 0.794269760 0.688638026
vt 0.794921562 0.689231202
vt 0.794296685 0.689261474
vt 0.870840952 0.721679688
vt 0.871026296 0.722254553
vt 0.870404482 0.722308076
vt 0.870840952 0.721679688
vt 0.870404482 0.722308076
vt 0.870273995 0.721903355
vt 0.001953125 0.940758829
vt 0.002321832 0.940527102
vt 0.002321832 0.940990555
vt 0.168231065 0.744647638
vt 0.168884310 0.744638527
vt 0.168887148 0.745208399
vt 0.168231065 0.744647638
vt 0.168887148 0.745208399
vt 0.168261133 0.745243929
vt 0.875692452 0.738782391
vt 0.876343640 0.738760415
vt 0.876267092 0.739384646
vt 0.875692452 0.738782391
vt 0.876267092 0.739384646
vt 0.875808637 0.739400117
vt 0.876953125 0.738815410
vt 0.876852155 0.739462984
vt 0.876267092 0.739384646
vt 0.876953125 0.738815410
vt 0.876267092 0.739384646
vt 0.876343640 0.738760415
vt 0.013347622 0.940429688
vt 0.013353130 0.941082819
vt 0.012738249 0.941003065
vt 0.013347622 0.940429688
vt 0.012738249 0.941003065
vt 0.012734372 0.940543242
vt 0.013336097 0.941686896
vt 0.012695312 0.941583005
vt 0.012738249 0.941003065
vt 0.013336097 0.941686896
vt 0.012738249 0.941003065
vt 0.013353130 0.941082819
vt 0.835937500 0.520137685
vt 0.835279213 0.520137685
vt 0.835376628 0.519531250
vt 0.835937500 0.520137685
vt 0.835376628 0.519531250
vt 0.835840081 0.519531250
vt 0.875808637 0.739400117
vt 0.876267092 0.739384646
vt 0.876071805 0.739763712
vt 0.976883086 0.714539549
vt 0.977536306 0.714549079
vt 0.977539062 0.715175286
vt 0.976883086 0.714539549
vt 0.977539062 0.715175286
vt 0.976913074 0.715192153
vt 0.892896400 0.715414495
vt 0.893554688 0.715414495
vt 0.893457271 0.716020928
vt 0.892896400 0.715414495
vt 0.893457271 0.716020928
vt 0.892993817 0.716020928
vt 0.175560084 0.713878839
vt 0.175568309 0.714532939
vt 0.174941597 0.714560409
vt 0.175560084 0.713878839
vt 0.174941597 0.714560409
vt 0.174907842 0.713933250
vt 0.175568309 0.714532939
vt 0.175512473 0.715123248
vt 0.174902287 0.714976003
vt 0.175568309 0.714532939
vt 0.174902287 0.714976003
vt 0.174941597 0.714560409
vt 0.804035398 0.520215288
vt 0.804062310 0.519574065
vt 0.804687187 0.519597308
vt 0.804035398 0.520215288
vt 0.804687187 0.519597308
vt 0.804687500 0.520211746
vt 0.018414255 0.941082819
vt 0.018408747 0.940429688
vt 0.019005644 0.940543242
vt 0.018414255 0.941082819
vt 0.019005644 0.940543242
vt 0.019009521 0.941003065
vt 0.229492188 0.940661414
vt 0.229893550 0.940429688
vt 0.229893550 0.940893140
vt 0.992238798 0.520183353
vt 0.992235259 0.519531250
vt 0.992831975 0.519531563
vt 0.992238798 0.520183353
vt 0.992831975 0.519531563
vt 0.992862250 0.520156439
vt 0.881551837 0.738782388
vt 0.882203025 0.738760412
vt 0.882126477 0.739384643
vt 0.881551837 0.738782388
vt 0.882126477 0.739384643
vt 0.881668022 0.739400114
vt 0.882812500 0.738815406
vt 0.882711540 0.739462982
vt 0.882126477 0.739384643
vt 0.882812500 0.738815406
vt 0.882126477 0.739384643
vt 0.882203025 0.738760412
vt 0.029116450 0.941087975
vt 0.029116450 0.940429688
vt 0.029722886 0.940527107
vt 0.029116450 0.941087975
vt 0.029722886 0.940527107
vt 0.029722886 0.940990560
vt 0.804035398 0.688638033
vt 0.804687500 0.688634491
vt 0.804687187 0.689231210
vt 0.804035398 0.688638033
vt 0.804687187 0.689231210
vt 0.804062310 0.689261482
vt 0.859693275 0.687177183
vt 0.860351562 0.687177183
vt 0.860254148 0.687794792
vt 0.859693275 0.687177183
vt 0.860254148 0.687794792
vt 0.859790695 0.687794792
vt 0.881668022 0.739400114
vt 0.882126477 0.739384643
vt 0.881931190 0.739763709
vt 0.169729599 0.750015018
vt 0.169671400 0.750667870
vt 0.169045339 0.750628148
vt 0.169729599 0.750015018
vt 0.169045339 0.750628148
vt 0.169076711 0.750000000
vt 0.835279213 0.688798676
vt 0.835937500 0.688798676
vt 0.835840081 0.689405111
vt 0.835279213 0.688798676
vt 0.835840081 0.689405111
vt 0.835376628 0.689405111
vt 0.689470739 0.703121232
vt 0.688817521 0.703111693
vt 0.688814765 0.702485484
vt 0.689470739 0.703121232
vt 0.688814765 0.702485484
vt 0.689440753 0.702468620
vt 0.024043935 0.940429688
vt 0.024043935 0.941087975
vt 0.023437500 0.940990560
vt 0.024043935 0.940429688
vt 0.023437500 0.940990560
vt 0.023437500 0.940527107
vt 0.951389113 0.697921601
vt 0.950736499 0.697891610
vt 0.950753364 0.697265625
vt 0.951389113 0.697921601
vt 0.950753364 0.697265625
vt 0.951379573 0.697268378
vt 0.168479648 0.750071245
vt 0.169076711 0.750000000
vt 0.169045339 0.750628148
vt 0.168479648 0.750071245
vt 0.169045339 0.750628148
vt 0.168624990 0.750678306
vt 0.235351562 0.940661414
vt 0.235752925 0.940429688
vt 0.235752925 0.940893140
vt 0.794269760 0.520215289
vt 0.789261669 0.520172474
vt 0.789288582 0.519531250
vt 0.794269760 0.520215289
vt 0.789288582 0.519531250
vt 0.794296685 0.519574065
vt 0.997437402 0.813476562
vt 0.997437402 0.818415569
vt 0.996786214 0.818437545
vt 0.997437402 0.813476562
vt 0.996786214 0.818437545
vt 0.996786214 0.813498538
vt 0.904798412 0.697836942
vt 0.909788737 0.697836942
vt 0.909788255 0.698492439
vt 0.904798412 0.697836942
vt 0.909788255 0.698492439
vt 0.904797942 0.698492439
vt 0.168231065 0.727353813
vt 0.002247898 0.722331912
vt 0.002277966 0.721679688
vt 0.168231065 0.727353813
vt 0.002277966 0.721679688
vt 0.168261133 0.726701588
vt 0.866210938 0.519531250
vt 0.866210938 0.688192240
vt 0.865552650 0.688192240
vt 0.866210938 0.519531250
vt 0.865552650 0.688192240
vt 0.865552650 0.519531250
vt 0.794921875 0.520211747
vt 0.794921875 0.688634483
vt 0.794269760 0.688638026
vt 0.794921875 0.520211747
vt 0.794269760 0.688638026
vt 0.794269760 0.520215289
vt 0.683914337 0.702260487
vt 0.683914337 0.697265625
vt 0.684567556 0.697275139
vt 0.683914337 0.702260487
vt 0.684567556 0.697275139
vt 0.684567556 0.702270014
vt 0.007904959 0.941087975
vt 0.002943147 0.941087975
vt 0.002943147 0.940429688
vt 0.007904959 0.941087975
vt 0.002943147 0.940429688
vt 0.007904959 0.940429688
vt 0.920622564 0.714848766
vt 0.915632240 0.714848766
vt 0.915632735 0.714193269
vt 0.920622564 0.714848766
vt 0.915632735 0.714193269
vt 0.920623046 0.714193269
vt 0.517916428 0.707463723
vt 0.683914337 0.702260487
vt 0.683944324 0.702913087
vt 0.517916428 0.707463723
vt 0.683944324 0.702913087
vt 0.517946416 0.708116323
vt 0.830078125 0.520183561
vt 0.830078125 0.688465811
vt 0.829424993 0.688471318
vt 0.830078125 0.520183561
vt 0.829424993 0.688471318
vt 0.829424993 0.520189068
vt 0.972656250 0.686675654
vt 0.974079921 0.520156439
vt 0.974721145 0.520183353
vt 0.972656250 0.686675654
vt 0.974721145 0.520183353
vt 0.973297474 0.686702568
vt 0.855468750 0.697918237
vt 0.689470739 0.703121232
vt 0.689440753 0.702468620
vt 0.855468750 0.697918237
vt 0.689440753 0.702468620
vt 0.855438764 0.697265625
vt 0.835937500 0.520137685
vt 0.835937500 0.688798676
vt 0.835279213 0.688798676
vt 0.835937500 0.520137685
vt 0.835279213 0.688798676
vt 0.835279213 0.520137685
vt 0.328066800 0.765558575
vt 0.169671400 0.750667870
vt 0.169729599 0.750015018
vt 0.328066800 0.765558575
vt 0.169729599 0.750015018
vt 0.328125000 0.764905723
vt 0.971890678 0.714696040
vt 0.976883086 0.714539549
vt 0.976913074 0.715192153
vt 0.971890678 0.714696040
vt 0.976913074 0.715192153
vt 0.971920653 0.715348644
vt 0.013347622 0.940429688
vt 0.018408747 0.940429688
vt 0.018414255 0.941082819
vt 0.013347622 0.940429688
vt 0.018414255 0.941082819
vt 0.013353130 0.941082819
vt 0.799054207 0.519531250
vt 0.804062310 0.519574065
vt 0.804035398 0.520215288
vt 0.799054207 0.519531250
vt 0.804035398 0.520215288
vt 0.799027307 0.520172474
vt 0.175560084 0.713878839
vt 0.341094515 0.713878839
vt 0.341102739 0.714532939
vt 0.175560084 0.713878839
vt 0.341102739 0.714532939
vt 0.175568309 0.714532939
vt 0.860351562 0.519531250
vt 0.860351562 0.687177183
vt 0.859693275 0.687177183
vt 0.860351562 0.519531250
vt 0.859693275 0.687177183
vt 0.859693275 0.519531250
vt 0.804687500 0.520211746
vt 0.804687500 0.688634491
vt 0.804035398 0.688638033
vt 0.804687500 0.520211746
vt 0.804035398 0.688638033
vt 0.804035398 0.520215288
vt 0.956383975 0.697921601
vt 0.951389113 0.697921601
vt 0.951379573 0.697268378
vt 0.956383975 0.697921601
vt 0.951379573 0.697268378
vt 0.956374448 0.697268378
vt 0.029116450 0.941087975
vt 0.024043935 0.941087975
vt 0.024043935 0.940429688
vt 0.029116450 0.941087975
vt 0.024043935 0.940429688
vt 0.029116450 0.940429688
vt 0.688817521 0.708106572
vt 0.688817521 0.703111693
vt 0.689470739 0.703121232
vt 0.688817521 0.708106572
vt 0.689470739 0.703121232
vt 0.689470739 0.708116098
vt 0.904797942 0.698492439
vt 0.903972606 0.715420083
vt 0.903320312 0.715375627
vt 0.904797942 0.698492439
vt 0.903320312 0.715375627
vt 0.904145649 0.698447980
vt 0.876343640 0.721679688
vt 0.876343640 0.738760415
vt 0.875692452 0.738782391
vt 0.876343640 0.721679688
vt 0.875692452 0.738782391
vt 0.875692452 0.721701663
vt 0.168884310 0.727344699
vt 0.168884310 0.744638527
vt 0.168231065 0.744647638
vt 0.168884310 0.727344699
vt 0.168231065 0.744647638
vt 0.168231065 0.727353813
vt 0.174480367 0.697265625
vt 0.175560084 0.713878839
vt 0.174907842 0.713933250
vt 0.174480367 0.697265625
vt 0.174907842 0.713933250
vt 0.173828125 0.697320033
vt 0.893554688 0.697872057
vt 0.893554688 0.715414495
vt 0.892896400 0.715414495
vt 0.893554688 0.697872057
vt 0.892896400 0.715414495
vt 0.892896400 0.697872057
vt 0.977536306 0.697275152
vt 0.977536306 0.714549079
vt 0.976883086 0.714539549
vt 0.977536306 0.697275152
vt 0.976883086 0.714539549
vt 0.976883086 0.697265625
vt 0.920623046 0.714193269
vt 0.921448389 0.697265625
vt 0.922100670 0.697310081
vt 0.920623046 0.714193269
vt 0.922100670 0.697310081
vt 0.921275327 0.714237728
vt 0.882203025 0.721679688
vt 0.882203025 0.738760412
vt 0.881551837 0.738782388
vt 0.882203025 0.721679688
vt 0.881551837 0.738782388
vt 0.881551837 0.721701663
vt 0.974717602 0.519531250
vt 0.992235259 0.519531250
vt 0.992238798 0.520183353
vt 0.974717602 0.519531250
vt 0.992238798 0.520183353
vt 0.974721145 0.520183353
vt 0.871093750 0.722904772
vt 0.871093750 0.739584016
vt 0.870445428 0.739613991
vt 0.871093750 0.722904772
vt 0.870445428 0.739613991
vt 0.870445428 0.722934744
vt 0.977539062 0.750000000
vt 0.977539062 0.767542438
vt 0.976880775 0.767542438
vt 0.977539062 0.750000000
vt 0.976880775 0.767542438
vt 0.976880775 0.750000000
vt 0.950195312 0.715157060
vt 0.950736499 0.697891610
vt 0.951389113 0.697921601
vt 0.950195312 0.715157060
vt 0.951389113 0.697921601
vt 0.950847926 0.715187048
vt 0.904797942 0.698492439
vt 0.909788255 0.698492439
vt 0.908962918 0.715420083
vt 0.904797942 0.698492439
vt 0.908962918 0.715420083
vt 0.903972606 0.715420083
vt 0.794269760 0.520215289
vt 0.794269760 0.688638026
vt 0.789261669 0.688595210
vt 0.794269760 0.520215289
vt 0.789261669 0.688595210
vt 0.789261669 0.520172474
vt 0.002247898 0.722331912
vt 0.168231065 0.727353813
vt 0.168231065 0.744647638
vt 0.002247898 0.722331912
vt 0.168231065 0.744647638
vt 0.002247898 0.739625737
vt 0.973297474 0.686702568
vt 0.974721145 0.520183353
vt 0.992238798 0.520183353
vt 0.973297474 0.686702568
vt 0.992238798 0.520183353
vt 0.990815127 0.686702568
vt 0.920623046 0.714193269
vt 0.915632735 0.714193269
vt 0.916458078 0.697265625
vt 0.920623046 0.714193269
vt 0.916458078 0.697265625
vt 0.921448389 0.697265625
vt 0.799027307 0.520172474
vt 0.804035398 0.520215288
vt 0.804035398 0.688638033
vt 0.799027307 0.520172474
vt 0.804035398 0.688638033
vt 0.799027307 0.688595219
vt 0.928235436 0.698492439
vt 0.927583156 0.698447980
vt 0.927609578 0.697819616
vt 0.928235436 0.698492439
vt 0.927609578 0.697819616
vt 0.928235918 0.697836942
vt 0.927583156 0.698447980
vt 0.927044689 0.698325829
vt 0.927230482 0.697733619
vt 0.927583156 0.698447980
vt 0.927230482 0.697733619
vt 0.927609578 0.697819616
vt 0.339129497 0.727354108
vt 0.339159568 0.726701881
vt 0.339785583 0.726719188
vt 0.339129497 0.727354108
vt 0.339785583 0.726719188
vt 0.339782744 0.727344993
vt 0.339159568 0.726701881
vt 0.339242188 0.726166149
vt 0.339843750 0.726342017
vt 0.339159568 0.726701881
vt 0.339843750 0.726342017
vt 0.339785583 0.726719188
vt 0.813801022 0.520215290
vt 0.813827936 0.519574066
vt 0.814452813 0.519597309
vt 0.813801022 0.520215290
vt 0.814452813 0.519597309
vt 0.814453125 0.520211747
vt 0.928177289 0.697265625
vt 0.928235918 0.697836942
vt 0.927609578 0.697819616
vt 0.928177289 0.697265625
vt 0.927609578 0.697819616
vt 0.927568301 0.697417393
vt 0.241612300 0.940893140
vt 0.241210938 0.940661414
vt 0.241612300 0.940429688
vt 0.933225748 0.698492439
vt 0.933226230 0.697836942
vt 0.933793108 0.697819616
vt 0.933225748 0.698492439
vt 0.933793108 0.697819616
vt 0.933819408 0.698447980
vt 0.039140657 0.941690349
vt 0.039118682 0.941039161
vt 0.039742916 0.941115710
vt 0.039140657 0.941690349
vt 0.039742916 0.941115710
vt 0.039758387 0.941574165
vt 0.039173679 0.940429688
vt 0.039821251 0.940530645
vt 0.039742916 0.941115710
vt 0.039173679 0.940429688
vt 0.039742916 0.941115710
vt 0.039118682 0.941039161
vt 0.841796875 0.520183561
vt 0.841143744 0.520189068
vt 0.841223493 0.519574188
vt 0.841796875 0.520183561
vt 0.841223493 0.519574188
vt 0.841683316 0.519570310
vt 0.840539663 0.520172022
vt 0.840643559 0.519531250
vt 0.841223493 0.519574188
vt 0.840539663 0.520172022
vt 0.841223493 0.519574188
vt 0.841143744 0.520189068
vt 0.899414054 0.697872057
vt 0.898755767 0.697872057
vt 0.898853184 0.697265625
vt 0.899414054 0.697872057
vt 0.898853184 0.697265625
vt 0.899316637 0.697265625
vt 0.039758387 0.941574165
vt 0.039742916 0.941115710
vt 0.040121982 0.941310997
vt 0.944060535 0.714193269
vt 0.944712828 0.714237728
vt 0.944686406 0.714866092
vt 0.944060535 0.714193269
vt 0.944686406 0.714866092
vt 0.944060066 0.714848766
vt 0.944712828 0.714237728
vt 0.945251295 0.714359879
vt 0.945065502 0.714952089
vt 0.944712828 0.714237728
vt 0.945065502 0.714952089
vt 0.944686406 0.714866092
vt 0.169269774 0.699330399
vt 0.169296685 0.698689176
vt 0.169921561 0.698712423
vt 0.169269774 0.699330399
vt 0.169921561 0.698712423
vt 0.169921875 0.699326857
vt 0.841143736 0.688471319
vt 0.841796867 0.688465811
vt 0.841683309 0.689062708
vt 0.841143736 0.688471319
vt 0.841683309 0.689062708
vt 0.841223486 0.689066585
vt 0.510086212 0.726674551
vt 0.510739431 0.726684090
vt 0.510742188 0.727310300
vt 0.510086212 0.726674551
vt 0.510742188 0.727310300
vt 0.510116199 0.727327163
vt 0.944118695 0.715420083
vt 0.944060066 0.714848766
vt 0.944686406 0.714866092
vt 0.944118695 0.715420083
vt 0.944686406 0.714866092
vt 0.944727683 0.715268315
vt 0.247070312 0.940429688
vt 0.247471675 0.940661414
vt 0.247070312 0.940893140
vt 0.888671875 0.722904775
vt 0.888023549 0.722934745
vt 0.887982601 0.722308078
vt 0.888671875 0.722904775
vt 0.887982601 0.722308078
vt 0.888604414 0.722254554
vt 0.888023549 0.722934745
vt 0.887411215 0.722859879
vt 0.887551501 0.722255370
vt 0.888023549 0.722934745
vt 0.887551501 0.722255370
vt 0.887982601 0.722308078
vt 0.939070223 0.714193269
vt 0.939069741 0.714848766
vt 0.938502862 0.714866092
vt 0.939070223 0.714193269
vt 0.938502862 0.714866092
vt 0.938476562 0.714237728
vt 0.045911897 0.940429688
vt 0.045911897 0.941087975
vt 0.045290582 0.940990555
vt 0.045911897 0.940429688
vt 0.045290582 0.940990555
vt 0.045290582 0.940527102
vt 0.813801022 0.688638026
vt 0.814453125 0.688634483
vt 0.814452813 0.689231203
vt 0.813801022 0.688638026
vt 0.814452813 0.689231203
vt 0.813827936 0.689261474
vt 0.888419067 0.721679688
vt 0.888604414 0.722254554
vt 0.887982601 0.722308078
vt 0.888419067 0.721679688
vt 0.887982601 0.722308078
vt 0.887852112 0.721903356
vt 0.044921875 0.940758829
vt 0.045290582 0.940527102
vt 0.045290582 0.940990555
vt 0.339129497 0.744647923
vt 0.339782744 0.744638810
vt 0.339785583 0.745208680
vt 0.339129497 0.744647923
vt 0.339785583 0.745208680
vt 0.339159568 0.745244211
vt 0.893270587 0.738782388
vt 0.893921775 0.738760412
vt 0.893845227 0.739384643
vt 0.893270587 0.738782388
vt 0.893845227 0.739384643
vt 0.893386772 0.739400114
vt 0.894531250 0.738815406
vt 0.894430290 0.739462982
vt 0.893845227 0.739384643
vt 0.894531250 0.738815406
vt 0.893845227 0.739384643
vt 0.893921775 0.738760412
vt 0.056316373 0.940429688
vt 0.056321880 0.941082819
vt 0.055707000 0.941003065
vt 0.056316373 0.940429688
vt 0.055707000 0.941003065
vt 0.055703122 0.940543242
vt 0.056304834 0.941686896
vt 0.055664062 0.941583004
vt 0.055707000 0.941003065
vt 0.056304834 0.941686896
vt 0.055707000 0.941003065
vt 0.056321880 0.941082819
vt 0.847656250 0.520137685
vt 0.846997963 0.520137685
vt 0.847095378 0.519531250
vt 0.847656250 0.520137685
vt 0.847095378 0.519531250
vt 0.847558831 0.519531250
vt 0.893386772 0.739400114
vt 0.893845227 0.739384643
vt 0.893649940 0.739763709
vt 0.965932362 0.714531072
vt 0.966584975 0.714561063
vt 0.966568111 0.715187048
vt 0.965932362 0.714531072
vt 0.966568111 0.715187048
vt 0.965941902 0.715184295
vt 0.898755775 0.715414495
vt 0.899414062 0.715414495
vt 0.899316646 0.716020928
vt 0.898755775 0.715414495
vt 0.899316646 0.716020928
vt 0.898853192 0.716020928
vt 0.347435034 0.713878883
vt 0.347443259 0.714532979
vt 0.346816548 0.714560448
vt 0.347435034 0.713878883
vt 0.346816548 0.714560448
vt 0.346782794 0.713933289
vt 0.347443259 0.714532979
vt 0.347387424 0.715123286
vt 0.346777238 0.714976041
vt 0.347443259 0.714532979
vt 0.346777238 0.714976041
vt 0.346816548 0.714560448
vt 0.823566636 0.520215288
vt 0.823593560 0.519574064
vt 0.824218437 0.519597307
vt 0.823566636 0.520215288
vt 0.824218437 0.519597307
vt 0.824218750 0.520211745
vt 0.061383005 0.941082819
vt 0.061377497 0.940429688
vt 0.061974394 0.940543242
vt 0.061383005 0.941082819
vt 0.061974394 0.940543242
vt 0.061978271 0.941003065
vt 0.252929688 0.940661414
vt 0.253331050 0.940429688
vt 0.253331050 0.940893140
vt 0.169269774 0.716848055
vt 0.169921875 0.716844515
vt 0.169921561 0.717441232
vt 0.169269774 0.716848055
vt 0.169921561 0.717441232
vt 0.169296685 0.717471507
vt 0.899129952 0.738782391
vt 0.899781140 0.738760415
vt 0.899704592 0.739384646
vt 0.899129952 0.738782391
vt 0.899704592 0.739384646
vt 0.899246137 0.739400117
vt 0.900390625 0.738815410
vt 0.900289655 0.739462984
vt 0.899704592 0.739384646
vt 0.900390625 0.738815410
vt 0.899704592 0.739384646
vt 0.899781140 0.738760415
vt 0.072085200 0.941087975
vt 0.072085200 0.940429688
vt 0.072691636 0.940527107
vt 0.072085200 0.941087975
vt 0.072691636 0.940527107
vt 0.072691636 0.940990560
vt 0.823566636 0.688638033
vt 0.824218750 0.688634490
vt 0.824218437 0.689231210
vt 0.823566636 0.688638033
vt 0.824218437 0.689231210
vt 0.823593560 0.689261482
vt 0.871412025 0.687177183
vt 0.872070312 0.687177183
vt 0.871972898 0.687794792
vt 0.871412025 0.687177183
vt 0.871972898 0.687794792
vt 0.871509445 0.687794792
vt 0.899246137 0.739400117
vt 0.899704592 0.739384646
vt 0.899509305 0.739763712
vt 0.333792335 0.750015016
vt 0.333734130 0.750667871
vt 0.333108070 0.750628148
vt 0.333792335 0.750015016
vt 0.333108070 0.750628148
vt 0.333139442 0.750000000
vt 0.846997963 0.688798676
vt 0.847656250 0.688798676
vt 0.847558831 0.689405111
vt 0.846997963 0.688798676
vt 0.847558831 0.689405111
vt 0.847095378 0.689405111
vt 0.515642643 0.727535383
vt 0.514989425 0.727525857
vt 0.514986669 0.726899647
vt 0.515642643 0.727535383
vt 0.514986669 0.726899647
vt 0.515612657 0.726882784
vt 0.067012685 0.940429688
vt 0.067012685 0.941087975
vt 0.066406250 0.940990560
vt 0.067012685 0.940429688
vt 0.066406250 0.940990560
vt 0.066406250 0.940527107
vt 0.986648711 0.714539549
vt 0.987301931 0.714549079
vt 0.987304688 0.715175286
vt 0.986648711 0.714539549
vt 0.987304688 0.715175286
vt 0.986678699 0.715192153
vt 0.332542378 0.750071247
vt 0.333139442 0.750000000
vt 0.333108070 0.750628148
vt 0.332542378 0.750071247
vt 0.333108070 0.750628148
vt 0.332687720 0.750678308
vt 0.258789062 0.940661414
vt 0.259190425 0.940429688
vt 0.259190425 0.940893140
vt 0.813801022 0.520215290
vt 0.808792933 0.520172474
vt 0.808819846 0.519531250
vt 0.813801022 0.520215290
vt 0.808819846 0.519531250
vt 0.813827936 0.519574066
vt 0.034179688 0.941039161
vt 0.039118682 0.941039161
vt 0.039140657 0.941690349
vt 0.034179688 0.941039161
vt 0.039140657 0.941690349
vt 0.034201663 0.941690349
vt 0.928235918 0.697836942
vt 0.933226230 0.697836942
vt 0.933225748 0.698492439
vt 0.928235918 0.697836942
vt 0.933225748 0.698492439
vt 0.928235436 0.698492439
vt 0.339129497 0.727354108
vt 0.173146533 0.722331915
vt 0.173176604 0.721679688
vt 0.339129497 0.727354108
vt 0.173176604 0.721679688
vt 0.339159568 0.726701881
vt 0.877929688 0.519531250
vt 0.877929688 0.688192240
vt 0.877271400 0.688192240
vt 0.877929688 0.519531250
vt 0.877271400 0.688192240
vt 0.877271400 0.519531250
vt 0.814453125 0.520211747
vt 0.814453125 0.688634483
vt 0.813801022 0.688638026
vt 0.814453125 0.520211747
vt 0.813801022 0.688638026
vt 0.813801022 0.520215290
vt 0.510086212 0.726674551
vt 0.510086212 0.721679688
vt 0.510739431 0.721689214
vt 0.510086212 0.726674551
vt 0.510739431 0.721689214
vt 0.510739431 0.726684090
vt 0.050873709 0.941087975
vt 0.045911897 0.941087975
vt 0.045911897 0.940429688
vt 0.050873709 0.941087975
vt 0.045911897 0.940429688
vt 0.050873709 0.940429688
vt 0.944060066 0.714848766
vt 0.939069741 0.714848766
vt 0.939070223 0.714193269
vt 0.944060066 0.714848766
vt 0.939070223 0.714193269
vt 0.944060535 0.714193269
vt 0.344088276 0.731877711
vt 0.510086212 0.726674551
vt 0.510116199 0.727327163
vt 0.344088276 0.731877711
vt 0.510116199 0.727327163
vt 0.344118263 0.732530312
vt 0.841796875 0.520183561
vt 0.841796867 0.688465811
vt 0.841143736 0.688471319
vt 0.841796875 0.520183561
vt 0.841143736 0.688471319
vt 0.841143744 0.520189068
vt 0.002777267 0.697265625
vt 0.169296685 0.698689176
vt 0.169269774 0.699330399
vt 0.002777267 0.697265625
vt 0.169269774 0.699330399
vt 0.002750355 0.697906849
vt 0.681640625 0.722332287
vt 0.515642643 0.727535383
vt 0.515612657 0.726882784
vt 0.681640625 0.722332287
vt 0.515612657 0.726882784
vt 0.681610639 0.721679688
vt 0.847656250 0.520137685
vt 0.847656250 0.688798676
vt 0.846997963 0.688798676
vt 0.847656250 0.520137685
vt 0.846997963 0.688798676
vt 0.846997963 0.520137685
vt 0.492129295 0.765559275
vt 0.333734130 0.750667871
vt 0.333792335 0.750015016
vt 0.492129295 0.765559275
vt 0.333792335 0.750015016
vt 0.492187500 0.764906420
vt 0.960937500 0.714531072
vt 0.965932362 0.714531072
vt 0.965941902 0.715184295
vt 0.960937500 0.714531072
vt 0.965941902 0.715184295
vt 0.960947027 0.715184295
vt 0.056316373 0.940429688
vt 0.061377497 0.940429688
vt 0.061383005 0.941082819
vt 0.056316373 0.940429688
vt 0.061383005 0.941082819
vt 0.056321880 0.941082819
vt 0.818585455 0.519531250
vt 0.823593560 0.519574064
vt 0.823566636 0.520215288
vt 0.818585455 0.519531250
vt 0.823566636 0.520215288
vt 0.818558543 0.520172473
vt 0.347435034 0.713878883
vt 0.512969614 0.713878883
vt 0.512977839 0.714532979
vt 0.347435034 0.713878883
vt 0.512977839 0.714532979
vt 0.347443259 0.714532979
vt 0.872070312 0.519531250
vt 0.872070312 0.687177183
vt 0.871412025 0.687177183
vt 0.872070312 0.519531250
vt 0.871412025 0.687177183
vt 0.871412025 0.519531250
vt 0.824218750 0.520211745
vt 0.824218750 0.688634490
vt 0.823566636 0.688638033
vt 0.824218750 0.520211745
vt 0.823566636 0.688638033
vt 0.823566636 0.520215288
vt 0.981656303 0.714696040
vt 0.986648711 0.714539549
vt 0.986678699 0.715192153
vt 0.981656303 0.714696040
vt 0.986678699 0.715192153
vt 0.981686278 0.715348644
vt 0.072085200 0.941087975
vt 0.067012685 0.941087975
vt 0.067012685 0.940429688
vt 0.072085200 0.941087975
vt 0.067012685 0.940429688
vt 0.072085200 0.940429688
vt 0.514989425 0.732520733
vt 0.514989425 0.727525857
vt 0.515642643 0.727535383
vt 0.514989425 0.732520733
vt 0.515642643 0.727535383
vt 0.515642643 0.732530247
vt 0.928235436 0.698492439
vt 0.927410093 0.715420081
vt 0.926757812 0.715375625
vt 0.928235436 0.698492439
vt 0.926757812 0.715375625
vt 0.927583156 0.698447980
vt 0.893921775 0.721679688
vt 0.893921775 0.738760412
vt 0.893270587 0.738782388
vt 0.893921775 0.721679688
vt 0.893270587 0.738782388
vt 0.893270587 0.721701663
vt 0.339782744 0.727344993
vt 0.339782744 0.744638810
vt 0.339129497 0.744647923
vt 0.339782744 0.727344993
vt 0.339129497 0.744647923
vt 0.339129497 0.727354108
vt 0.346355367 0.697265625
vt 0.347435034 0.713878883
vt 0.346782794 0.713933289
vt 0.346355367 0.697265625
vt 0.346782794 0.713933289
vt 0.345703125 0.697320032
vt 0.899414054 0.697872057
vt 0.899414062 0.715414495
vt 0.898755775 0.715414495
vt 0.899414054 0.697872057
vt 0.898755775 0.715414495
vt 0.898755767 0.697872057
vt 0.967126152 0.697295613
vt 0.966584975 0.714561063
vt 0.965932362 0.714531072
vt 0.967126152 0.697295613
vt 0.965932362 0.714531072
vt 0.966473551 0.697265625
vt 0.944060535 0.714193269
vt 0.944885872 0.697265625
vt 0.945538165 0.697310081
vt 0.944060535 0.714193269
vt 0.945538165 0.697310081
vt 0.944712828 0.714237728
vt 0.899781140 0.721679688
vt 0.899781140 0.738760415
vt 0.899129952 0.738782391
vt 0.899781140 0.721679688
vt 0.899129952 0.738782391
vt 0.899129952 0.721701663
vt 0.169921875 0.699326857
vt 0.169921875 0.716844515
vt 0.169269774 0.716848055
vt 0.169921875 0.699326857
vt 0.169269774 0.716848055
vt 0.169269774 0.699330399
vt 0.888671875 0.722904775
vt 0.888671875 0.739584009
vt 0.888023549 0.739613982
vt 0.888671875 0.722904775
vt 0.888023549 0.739613982
vt 0.888023549 0.722934745
vt 0.983398438 0.750000000
vt 0.983398438 0.767542438
vt 0.982740150 0.767542438
vt 0.983398438 0.750000000
vt 0.982740150 0.767542438
vt 0.982740150 0.750000000
vt 0.987301931 0.697275152
vt 0.987301931 0.714549079
vt 0.986648711 0.714539549
vt 0.987301931 0.697275152
vt 0.986648711 0.714539549
vt 0.986648711 0.697265625
vt 0.928235436 0.698492439
vt 0.933225748 0.698492439
vt 0.932400405 0.715420081
vt 0.928235436 0.698492439
vt 0.932400405 0.715420081
vt 0.927410093 0.715420081
vt 0.813801022 0.520215290
vt 0.813801022 0.688638026
vt 0.808792933 0.688595210
vt 0.813801022 0.520215290
vt 0.808792933 0.688595210
vt 0.808792933 0.520172474
vt 0.173146533 0.722331915
vt 0.339129497 0.727354108
vt 0.339129497 0.744647923
vt 0.173146533 0.722331915
vt 0.339129497 0.744647923
vt 0.173146533 0.739625729
vt 0.002750355 0.697906849
vt 0.169269774 0.699330399
vt 0.169269774 0.716848055
vt 0.002750355 0.697906849
vt 0.169269774 0.716848055
vt 0.002750355 0.715424504
vt 0.944060535 0.714193269
vt 0.939070223 0.714193269
vt 0.939895559 0.697265625
vt 0.944060535 0.714193269
vt 0.939895559 0.697265625
vt 0.944885872 0.697265625
vt 0.818558543 0.520172473
vt 0.823566636 0.520215288
vt 0.823566636 0.688638033
vt 0.818558543 0.520172473
vt 0.823566636 0.688638033
vt 0.818558543 0.688595219
f 1/1/1 2/2/2 3/3/3
v -0.491360068 0.487897933 0.606999993
vn 0.000000089 0.973417282 -0.229038864
v -0.312229156 0.473807842 0.547117054
vn 0.000000089 0.973417282 -0.229038864
v -0.460626066 0.473807842 0.547116995
vn 0.000000089 0.973417282 -0.229038864
f 4/4/4 5/5/5 6/6/6
v -0.491360068 0.487897933 0.606999993
vn 0.000000000 0.973417163 -0.229039118
v -0.281495184 0.487897933 0.606999993
vn 0.000000000 0.973417163 -0.229039118
v -0.312229156 0.473807842 0.547117054
vn 0.000000000 0.973417163 -0.229039118
f 7/7/7 8/8/8 9/9/9
v -0.460626066 0.501988053 0.666882932
vn 0.000000000 0.973417163 -0.229039609
v -0.281495184 0.487897933 0.606999993
vn 0.000000000 0.973417163 -0.229039609
v -0.491360068 0.487897933 0.606999993
vn 0.000000000 0.973417163 -0.229039609
f 10/10/10 11/11/11 12/12/12
v -0.460626066 0.501988053 0.666882932
vn 0.000000092 0.973417103 -0.229039341
v -0.312229186 0.501988053 0.666882992
vn 0.000000092 0.973417103 -0.229039341
v -0.281495184 0.487897933 0.606999993
vn 0.000000092 0.973417103 -0.229039341
f 13/13/13 14/14/14 15/15/15
v -0.386427671 0.507824302 0.691687286
vn 0.000000092 0.973417640 -0.229036972
v -0.312229186 0.501988053 0.666882992
vn 0.000000092 0.973417640 -0.229036972
v -0.460626066 0.501988053 0.666882932
vn 0.000000092 0.973417640 -0.229036972
f 16/16/16 17/17/17 18/18/18
v -0.312229156 -0.339430094 0.694729626
vn 0.000000000 -0.979714811 0.200396627
v -0.460626066 -0.339430094 0.694729626
vn 0.000000000 -0.979714811 0.200396627
v -0.386427641 -0.344536543 0.669764817
vn 0.000000000 -0.979714811 0.200396627
f 19/19/19 20/20/20 21/21/21
v -0.281495184 -0.327102065 0.754999995
vn 0.000000000 -0.979714870 0.200396210
v -0.460626066 -0.339430094 0.694729626
vn 0.000000000 -0.979714870 0.200396210
v -0.312229156 -0.339430094 0.694729626
vn 0.000000000 -0.979714870 0.200396210
f 22/22/22 23/23/23 24/24/24
v -0.281495184 -0.327102065 0.754999995
vn 0.000000000 -0.979714930 0.200396225
v -0.491360068 -0.327102065 0.754999995
vn 0.000000000 -0.979714930 0.200396225
v -0.460626066 -0.339430094 0.694729626
vn 0.000000000 -0.979714930 0.200396225
f 25/25/25 26/26/26 27/27/27
v -0.312229246 -0.314774007 0.815270424
vn 0.000000000 -0.979714870 0.200396493
v -0.491360068 -0.327102065 0.754999995
vn 0.000000000 -0.979714870 0.200396493
v -0.281495184 -0.327102065 0.754999995
vn 0.000000000 -0.979714870 0.200396493
f 28/28/28 29/29/29 30/30/30
v -0.312229246 -0.314774007 0.815270424
vn 0.000000116 -0.979714930 0.200396150
v -0.460626066 -0.314774036 0.815270364
vn 0.000000116 -0.979714930 0.200396150
v -0.491360068 -0.327102065 0.754999995
vn 0.000000116 -0.979714930 0.200396150
f 31/31/31 32/32/32 33/33/33
v -0.312229246 -0.314774007 0.815270424
vn 0.000000116 -0.979714930 0.200396314
v -0.386427671 -0.309667587 0.840235174
vn 0.000000116 -0.979714930 0.200396314
v -0.460626066 -0.314774036 0.815270364
vn 0.000000116 -0.979714930 0.200396314
f 34/34/34 35/35/35 36/36/36
v -0.460626066 -0.314774036 0.815270364
vn -0.894573390 0.088113211 0.438149124
v -0.460626066 -0.238808542 0.799993455
vn -0.894573390 0.088113211 0.438149124
v -0.491360068 -0.250925183 0.739680231
vn -0.894573390 0.088113211 0.438149124
f 37/37/37 38/38/38 39/39/39
v -0.460626066 -0.314774036 0.815270364
vn -0.894572377 0.088115506 0.438150644
v -0.491360068 -0.250925183 0.739680231
vn -0.894572377 0.088115506 0.438150644
v -0.491360068 -0.327102065 0.754999995
vn -0.894572377 0.088115506 0.438150644
f 40/40/40 41/41/41 42/42/42
v -0.386427671 -0.309667587 0.840235174
vn -0.324806422 0.186464533 0.927217185
v -0.386427671 -0.233789653 0.824976027
vn -0.324806422 0.186464533 0.927217185
v -0.460626066 -0.238808542 0.799993455
vn -0.324806422 0.186464533 0.927217185
f 43/43/43 44/44/44 45/45/45
v -0.386427671 -0.309667587 0.840235174
vn -0.324804693 0.186466455 0.927217424
v -0.460626066 -0.238808542 0.799993455
vn -0.324804693 0.186466455 0.927217424
v -0.460626066 -0.314774036 0.815270364
vn -0.324804693 0.186466455 0.927217424
f 46/46/46 47/47/47 48/48/48
v -0.312229246 -0.314774007 0.815270424
vn 0.324805409 0.186466247 0.927217245
v -0.312229186 -0.238808542 0.799993515
vn 0.324805409 0.186466247 0.927217245
v -0.386427671 -0.233789653 0.824976027
vn 0.324805409 0.186466247 0.927217245
f 49/49/49 50/50/50 51/51/51
v -0.312229246 -0.314774007 0.815270424
vn 0.324803859 0.186464712 0.927218080
v -0.386427671 -0.233789653 0.824976027
vn 0.324803859 0.186464712 0.927218080
v -0.386427671 -0.309667587 0.840235174
vn 0.324803859 0.186464712 0.927218080
f 52/52/52 53/53/53 54/54/54
v -0.281495184 -0.327102065 0.754999995
vn 0.894573510 0.088115051 0.438148350
v -0.281495184 -0.250925183 0.739680231
vn 0.894573510 0.088115051 0.438148350
v -0.312229186 -0.238808542 0.799993515
vn 0.894573510 0.088115051 0.438148350
f 55/55/55 56/56/56 57/57/57
v -0.281495184 -0.327102065 0.754999995
vn 0.894572198 0.088113025 0.438151449
v -0.312229186 -0.238808542 0.799993515
vn 0.894572198 0.088113025 0.438151449
v -0.312229246 -0.314774007 0.815270424
vn 0.894572198 0.088113025 0.438151449
f 58/58/58 59/59/59 60/60/60
v -0.312229156 -0.339430094 0.694729626
vn 0.894573569 -0.088116944 -0.438147962
v -0.312229156 -0.263041824 0.679367006
vn 0.894573569 -0.088116944 -0.438147962
v -0.281495184 -0.250925183 0.739680231
vn 0.894573569 -0.088116944 -0.438147962
f 61/61/61 62/62/62 63/63/63
v -0.312229156 -0.339430094 0.694729626
vn 0.894572496 -0.088115431 -0.438150287
v -0.281495184 -0.250925183 0.739680231
vn 0.894572496 -0.088115431 -0.438150287
v -0.281495184 -0.327102065 0.754999995
vn 0.894572496 -0.088115431 -0.438150287
f 64/64/64 65/65/65 66/66/66
v -0.386427641 -0.344536543 0.669764817
vn 0.324806094 -0.186476216 -0.927215040
v -0.386427641 -0.268060714 0.654384434
vn 0.324806094 -0.186476216 -0.927215040
v -0.312229156 -0.263041824 0.679367006
vn 0.324806094 -0.186476216 -0.927215040
f 67/67/67 68/68/68 69/69/69
v -0.386427641 -0.344536543 0.669764817
vn 0.324804336 -0.186474532 -0.927215874
v -0.312229156 -0.263041824 0.679367006
vn 0.324804336 -0.186474532 -0.927215874
v -0.312229156 -0.339430094 0.694729626
vn 0.324804336 -0.186474532 -0.927215874
f 70/70/70 71/71/71 72/72/72
v -0.460626066 -0.339430094 0.694729626
vn -0.324806303 -0.186474398 -0.927215278
v -0.460626066 -0.263041824 0.679367006
vn -0.324806303 -0.186474398 -0.927215278
v -0.386427641 -0.268060714 0.654384434
vn -0.324806303 -0.186474398 -0.927215278
f 73/73/73 74/74/74 75/75/75
v -0.460626066 -0.339430094 0.694729626
vn -0.324804604 -0.186476305 -0.927215517
v -0.386427641 -0.268060714 0.654384434
vn -0.324804604 -0.186476305 -0.927215517
v -0.386427641 -0.344536543 0.669764817
vn -0.324804604 -0.186476305 -0.927215517
f 76/76/76 77/77/77 78/78/78
v -0.491360068 -0.327102065 0.754999995
vn -0.894573390 -0.088115126 -0.438148707
v -0.491360068 -0.250925183 0.739680231
vn -0.894573390 -0.088115126 -0.438148707
v -0.460626066 -0.263041824 0.679367006
vn -0.894573390 -0.088115126 -0.438148707
f 79/79/79 80/80/80 81/81/81
v -0.491360068 -0.327102065 0.754999995
vn -0.894572437 -0.088117406 -0.438150257
v -0.460626066 -0.263041824 0.679367006
vn -0.894572437 -0.088117406 -0.438150257
v -0.460626066 -0.339430094 0.694729626
vn -0.894572437 -0.088117406 -0.438150257
f 82/82/82 83/83/83 84/84/84
v -0.460626066 -0.238808542 0.799993455
vn -0.894571066 0.087942064 0.438188165
v -0.460626066 -0.170704514 0.786325336
vn -0.894571066 0.087942064 0.438188165
v -0.491360068 -0.183119759 0.726072848
vn -0.894571066 0.087942064 0.438188165
f 85/85/85 86/86/86 87/87/87
v -0.460626066 -0.238808542 0.799993455
vn -0.894573271 0.087936118 0.438184589
v -0.491360068 -0.183119759 0.726072848
vn -0.894573271 0.087936118 0.438184589
v -0.491360068 -0.250925183 0.739680231
vn -0.894573271 0.087936118 0.438184589
f 88/88/88 89/89/89 90/90/90
v -0.386427671 -0.233789653 0.824976027
vn -0.324802727 0.186106801 0.927290380
v -0.386427671 -0.165561944 0.811282754
vn -0.324802727 0.186106801 0.927290380
v -0.460626066 -0.170704514 0.786325336
vn -0.324802727 0.186106801 0.927290380
f 91/91/91 92/92/92 93/93/93
v -0.386427671 -0.233789653 0.824976027
vn -0.324806392 0.186102211 0.927289963
v -0.460626066 -0.170704514 0.786325336
vn -0.324806392 0.186102211 0.927289963
v -0.460626066 -0.238808542 0.799993455
vn -0.324806392 0.186102211 0.927289963
f 94/94/94 95/95/95 96/96/96
v -0.312229186 -0.238808542 0.799993515
vn 0.324802339 0.186103255 0.927291214
v -0.312229186 -0.170704499 0.786325336
vn 0.324802339 0.186103255 0.927291214
v -0.386427671 -0.165561944 0.811282754
vn 0.324802339 0.186103255 0.927291214
f 97/97/97 98/98/98 99/99/99
v -0.312229186 -0.238808542 0.799993515
vn 0.324805439 0.186106622 0.927289546
v -0.386427671 -0.165561944 0.811282754
vn 0.324805439 0.186106622 0.927289546
v -0.386427671 -0.233789653 0.824976027
vn 0.324805439 0.186106622 0.927289546
f 100/100/100 101/101/101 102/102/102
v -0.281495184 -0.250925183 0.739680231
vn 0.894571066 0.087937035 0.438189209
v -0.281495184 -0.183119759 0.726072848
vn 0.894571066 0.087937035 0.438189209
v -0.312229186 -0.170704499 0.786325336
vn 0.894571066 0.087937035 0.438189209
f 103/103/103 104/104/104 105/105/105
v -0.281495184 -0.250925183 0.739680231
vn 0.894573450 0.087941416 0.438183248
v -0.312229186 -0.170704499 0.786325336
vn 0.894573450 0.087941416 0.438183248
v -0.312229186 -0.238808542 0.799993515
vn 0.894573450 0.087941416 0.438183248
f 106/106/106 107/107/107 108/108/108
v -0.312229156 -0.263041824 0.679367006
vn 0.894571185 -0.087931894 -0.438189864
v -0.312229156 -0.195535004 0.665820360
vn 0.894571185 -0.087931894 -0.438189864
v -0.281495184 -0.183119759 0.726072848
vn 0.894571185 -0.087931894 -0.438189864
f 109/109/109 110/110/110 111/111/111
v -0.312229156 -0.263041824 0.679367006
vn 0.894573510 -0.087936036 -0.438184232
v -0.281495184 -0.183119759 0.726072848
vn 0.894573510 -0.087936036 -0.438184232
v -0.281495184 -0.250925183 0.739680231
vn 0.894573510 -0.087936036 -0.438184232
f 112/112/112 113/113/113 114/114/114
v -0.386427641 -0.268060714 0.654384434
vn 0.324802339 -0.186076701 -0.927296579
v -0.386427641 -0.200677574 0.640862942
vn 0.324802339 -0.186076701 -0.927296579
v -0.312229156 -0.195535004 0.665820360
vn 0.324802339 -0.186076701 -0.927296579
f 115/115/115 116/116/116 117/117/117
v -0.386427641 -0.268060714 0.654384434
vn 0.324806064 -0.186080888 -0.927294433
v -0.312229156 -0.195535004 0.665820360
vn 0.324806064 -0.186080888 -0.927294433
v -0.312229156 -0.263041824 0.679367006
vn 0.324806064 -0.186080888 -0.927294433
f 118/118/118 119/119/119 120/120/120
v -0.460626066 -0.263041824 0.679367006
vn -0.324802577 -0.186081141 -0.927295625
v -0.460626066 -0.195535004 0.665820360
vn -0.324802577 -0.186081141 -0.927295625
v -0.386427641 -0.200677574 0.640862942
vn -0.324802577 -0.186081141 -0.927295625
f 121/121/121 122/122/122 123/123/123
v -0.460626066 -0.263041824 0.679367006
vn -0.324806303 -0.186076462 -0.927295268
v -0.386427641 -0.200677574 0.640862942
vn -0.324806303 -0.186076462 -0.927295268
v -0.386427641 -0.268060714 0.654384434
vn -0.324806303 -0.186076462 -0.927295268
f 124/124/124 125/125/125 126/126/126
v -0.491360068 -0.250925183 0.739680231
vn -0.894571066 -0.087937027 -0.438189179
v -0.491360068 -0.183119759 0.726072848
vn -0.894571066 -0.087937027 -0.438189179
v -0.460626066 -0.195535004 0.665820360
vn -0.894571066 -0.087937027 -0.438189179
f 127/127/127 128/128/128 129/129/129
v -0.491360068 -0.250925183 0.739680231
vn -0.894573271 -0.087931022 -0.438185632
v -0.460626066 -0.195535004 0.665820360
vn -0.894573271 -0.087931022 -0.438185632
v -0.460626066 -0.263041824 0.679367006
vn -0.894573271 -0.087931022 -0.438185632
f 130/130/130 131/131/131 132/132/132
v -0.460626066 -0.170704514 0.786325336
vn -0.894550800 0.092499524 0.437290072
v -0.460626066 -0.093417600 0.769976914
vn -0.894550800 0.092499524 0.437290072
v -0.491360068 -0.107102081 0.709999979
vn -0.894550800 0.092499524 0.437290072
f 133/133/133 134/134/134 135/135/135
v -0.460626066 -0.170704514 0.786325336
vn -0.894571006 0.092452213 0.437258810
v -0.491360068 -0.107102081 0.709999979
vn -0.894571006 0.092452213 0.437258810
v -0.491360068 -0.183119759 0.726072848
vn -0.894571006 0.092452213 0.437258810
f 136/136/136 137/137/137 138/138/138
v -0.386427671 -0.165561944 0.811282754
vn -0.324769944 0.195765018 0.925311029
v -0.386427671 -0.087749302 0.794820189
vn -0.324769944 0.195765018 0.925311029
v -0.460626066 -0.093417600 0.769976914
vn -0.324769944 0.195765018 0.925311029
f 139/139/139 140/140/140 141/141/141
v -0.386427671 -0.165561944 0.811282754
vn -0.324802577 0.195729285 0.925307155
v -0.460626066 -0.093417600 0.769976914
vn -0.324802577 0.195729285 0.925307155
v -0.460626066 -0.170704514 0.786325336
vn -0.324802577 0.195729285 0.925307155
f 142/142/142 143/143/143 144/144/144
v -0.312229186 -0.170704499 0.786325336
vn 0.324768811 0.195731044 0.925318718
v -0.312229186 -0.093417600 0.769976974
vn 0.324768811 0.195731044 0.925318718
v -0.386427671 -0.087749302 0.794820189
vn 0.324768811 0.195731044 0.925318718
f 145/145/145 146/146/146 147/147/147
v -0.312229186 -0.170704499 0.786325336
vn 0.324802130 0.195762724 0.925300241
v -0.386427671 -0.087749302 0.794820189
vn 0.324802130 0.195762724 0.925300241
v -0.386427671 -0.165561944 0.811282754
vn 0.324802130 0.195762724 0.925300241
f 148/148/148 149/149/149 150/150/150
v -0.281495184 -0.183119759 0.726072848
vn 0.894550741 0.092460625 0.437298506
v -0.281495184 -0.107102081 0.709999979
vn 0.894550741 0.092460625 0.437298506
v -0.312229186 -0.093417600 0.769976974
vn 0.894550741 0.092460625 0.437298506
f 151/151/151 152/152/152 153/153/153
v -0.281495184 -0.183119759 0.726072848
vn 0.894570947 0.092490897 0.437250823
v -0.312229186 -0.093417600 0.769976974
vn 0.894570947 0.092490897 0.437250823
v -0.312229186 -0.170704499 0.786325336
vn 0.894570947 0.092490897 0.437250823
f 154/154/154 155/155/155 156/156/156
v -0.312229156 -0.195535004 0.665820360
vn 0.894550502 -0.092420459 -0.437307537
v -0.312229156 -0.120786563 0.650023043
vn 0.894550502 -0.092420459 -0.437307537
v -0.281495184 -0.107102081 0.709999979
vn 0.894550502 -0.092420459 -0.437307537
f 157/157/157 158/158/158 159/159/159
v -0.312229156 -0.195535004 0.665820360
vn 0.894571185 -0.092452139 -0.437258452
v -0.281495184 -0.107102081 0.709999979
vn 0.894571185 -0.092452139 -0.437258452
v -0.281495184 -0.183119759 0.726072848
vn 0.894571185 -0.092452139 -0.437258452
f 160/160/160 161/161/161 162/162/162
v -0.386427641 -0.200677574 0.640862942
vn 0.324768424 -0.195527866 -0.925361693
v -0.386427641 -0.126454860 0.625179768
vn 0.324768424 -0.195527866 -0.925361693
v -0.312229156 -0.120786563 0.650023043
vn 0.324768424 -0.195527866 -0.925361693
f 163/163/163 164/164/164 165/165/165
v -0.386427641 -0.200677574 0.640862942
vn 0.324802488 -0.195561677 -0.925342560
v -0.312229156 -0.120786563 0.650023043
vn 0.324802488 -0.195561677 -0.925342560
v -0.312229156 -0.195535004 0.665820360
vn 0.324802488 -0.195561677 -0.925342560
f 166/166/166 167/167/167 168/168/168
v -0.460626066 -0.195535004 0.665820360
vn -0.324768841 -0.195564061 -0.925353885
v -0.460626066 -0.120786563 0.650023043
vn -0.324768841 -0.195564061 -0.925353885
v -0.386427641 -0.126454860 0.625179768
vn -0.324768841 -0.195564061 -0.925353885
f 169/169/169 170/170/170 171/171/171
v -0.460626066 -0.195535004 0.665820360
vn -0.324802756 -0.195525408 -0.925350249
v -0.386427641 -0.126454860 0.625179768
vn -0.324802756 -0.195525408 -0.925350249
v -0.386427641 -0.200677574 0.640862942
vn -0.324802756 -0.195525408 -0.925350249
f 172/172/172 173/173/173 174/174/174
v -0.491360068 -0.183119759 0.726072848
vn -0.894550622 -0.092460699 -0.437298864
v -0.491360068 -0.107102081 0.709999979
vn -0.894550622 -0.092460699 -0.437298864
v -0.460626066 -0.120786563 0.650023043
vn -0.894550622 -0.092460699 -0.437298864
f 175/175/175 176/176/176 177/177/177
v -0.491360068 -0.183119759 0.726072848
vn -0.894571126 -0.092411928 -0.437267154
v -0.460626066 -0.120786563 0.650023043
vn -0.894571126 -0.092411928 -0.437267154
v -0.460626066 -0.195535004 0.665820360
vn -0.894571126 -0.092411928 -0.437267154
f 178/178/178 179/179/179 180/180/180
v -0.460626066 -0.093417600 0.769976914
vn -0.894569635 0.106328256 0.434096158
v -0.460626066 0.004589189 0.745970964
vn -0.894569635 0.106328256 0.434096158
v -0.491360068 -0.010427155 0.686313570
vn -0.894569635 0.106328256 0.434096158
f 181/181/181 182/182/182 183/183/183
v -0.460626066 -0.093417600 0.769976914
vn -0.894550622 0.106365658 0.434126228
v -0.491360068 -0.010427155 0.686313570
vn -0.894550622 0.106365658 0.434126228
v -0.491360068 -0.107102081 0.709999979
vn -0.894550622 0.106365658 0.434126228
f 184/184/184 185/185/185 186/186/186
v -0.386427671 -0.087749302 0.794820189
vn -0.324800789 0.224985287 0.918632746
v -0.386427671 0.010809164 0.770681918
vn -0.324800789 0.224985287 0.918632746
v -0.460626066 0.004589189 0.745970964
vn -0.324800789 0.224985287 0.918632746
f 187/187/187 188/188/188 189/189/189
v -0.386427671 -0.087749302 0.794820189
vn -0.324769676 0.225012496 0.918636978
v -0.460626066 0.004589189 0.745970964
vn -0.324769676 0.225012496 0.918636978
v -0.460626066 -0.093417600 0.769976914
vn -0.324769676 0.225012496 0.918636978
f 190/190/190 191/191/191 192/192/192
v -0.312229186 -0.093417600 0.769976974
vn 0.324799955 0.225010186 0.918626845
v -0.312229246 0.004589200 0.745971024
vn 0.324799955 0.225010186 0.918626845
v -0.386427671 0.010809164 0.770681918
vn 0.324799955 0.225010186 0.918626845
f 193/193/193 194/194/194 195/195/195
v -0.312229186 -0.093417600 0.769976974
vn 0.324768841 0.224987894 0.918643355
v -0.386427671 0.010809164 0.770681918
vn 0.324768841 0.224987894 0.918643355
v -0.386427671 -0.087749302 0.794820189
vn 0.324768841 0.224987894 0.918643355
f 196/196/196 197/197/197 198/198/198
v -0.281495184 -0.107102081 0.709999979
vn 0.894569516 0.106356613 0.434089363
v -0.281495184 -0.010427147 0.686313570
vn 0.894569516 0.106356613 0.434089363
v -0.312229246 0.004589200 0.745971024
vn 0.894569516 0.106356613 0.434089363
f 199/199/199 200/200/200 201/201/201
v -0.281495184 -0.107102081 0.709999979
vn 0.894550920 0.106337652 0.434132367
v -0.312229246 0.004589200 0.745971024
vn 0.894550920 0.106337652 0.434132367
v -0.312229186 -0.093417600 0.769976974
vn 0.894550920 0.106337652 0.434132367
f 202/202/202 203/203/203 204/204/204
v -0.312229156 -0.120786563 0.650023043
vn 0.894569933 -0.106385536 -0.434081405
v -0.312229156 -0.025443502 0.626656175
vn 0.894569933 -0.106385536 -0.434081405
v -0.281495184 -0.010427147 0.686313570
vn 0.894569933 -0.106385536 -0.434081405
f 205/205/205 206/206/206 207/207/207
v -0.312229156 -0.120786563 0.650023043
vn 0.894550741 -0.106365569 -0.434125900
v -0.281495184 -0.010427147 0.686313570
vn 0.894550741 -0.106365569 -0.434125900
v -0.281495184 -0.107102081 0.709999979
vn 0.894550741 -0.106365569 -0.434125900
f 208/208/208 209/209/209 210/210/210
v -0.386427641 -0.126454860 0.625179768
vn 0.324800760 -0.225157917 -0.918590426
v -0.386427641 -0.031663477 0.601945221
vn 0.324800760 -0.225157917 -0.918590426
v -0.312229156 -0.025443502 0.626656175
vn 0.324800760 -0.225157917 -0.918590426
f 211/211/211 212/212/212 213/213/213
v -0.386427641 -0.126454860 0.625179768
vn 0.324768782 -0.225134179 -0.918607593
v -0.312229156 -0.025443502 0.626656175
vn 0.324768782 -0.225134179 -0.918607593
v -0.312229156 -0.120786563 0.650023043
vn 0.324768782 -0.225134179 -0.918607593
f 214/214/214 215/215/215 216/216/216
v -0.460626066 -0.120786563 0.650023043
vn -0.324800283 -0.225132138 -0.918596923
v -0.460626066 -0.025443502 0.626656115
vn -0.324800283 -0.225132138 -0.918596923
v -0.386427641 -0.031663477 0.601945221
vn -0.324800283 -0.225132138 -0.918596923
f 217/217/217 218/218/218 219/219/219
v -0.460626066 -0.120786563 0.650023043
vn -0.324768841 -0.225160524 -0.918601036
v -0.386427641 -0.031663477 0.601945221
vn -0.324768841 -0.225160524 -0.918601036
v -0.386427641 -0.126454860 0.625179768
vn -0.324768841 -0.225160524 -0.918601036
f 220/220/220 221/221/221 222/222/222
v -0.491360068 -0.107102081 0.709999979
vn -0.894569874 -0.106356457 -0.434088707
v -0.491360068 -0.010427155 0.686313570
vn -0.894569874 -0.106356457 -0.434088707
v -0.460626066 -0.025443502 0.626656115
vn -0.894569874 -0.106356457 -0.434088707
f 223/223/223 224/224/224 225/225/225
v -0.491360068 -0.107102081 0.709999979
vn -0.894550443 -0.106395133 -0.434119403
v -0.460626066 -0.025443502 0.626656115
vn -0.894550443 -0.106395133 -0.434119403
v -0.460626066 -0.120786563 0.650023043
vn -0.894550443 -0.106395133 -0.434119403
f 226/226/226 227/227/227 228/228/228
v -0.460626066 0.004589189 0.745970964
vn -0.894493818 0.111990705 0.432826728
v -0.460626066 0.089002609 0.724129617
vn -0.894493818 0.111990705 0.432826728
v -0.491360068 0.075376697 0.664139330
vn -0.894493818 0.111990705 0.432826728
f 229/229/229 230/230/230 231/231/231
v -0.460626066 0.004589189 0.745970964
vn -0.894569695 0.111825608 0.432712436
v -0.491360068 0.075376697 0.664139330
vn -0.894569695 0.111825608 0.432712436
v -0.491360068 -0.010427155 0.686313570
vn -0.894569695 0.111825608 0.432712436
f 232/232/232 233/233/233 234/234/234
v -0.386427671 0.010809164 0.770681918
vn -0.324676156 0.237037197 0.915641189
v -0.386427671 0.094646648 0.748978436
vn -0.324676156 0.237037197 0.915641189
v -0.460626066 0.089002609 0.724129617
vn -0.324676156 0.237037197 0.915641189
f 235/235/235 236/236/236 237/237/237
v -0.386427671 0.010809164 0.770681918
vn -0.324800372 0.236912355 0.915629447
v -0.460626066 0.089002609 0.724129617
vn -0.324800372 0.236912355 0.915629447
v -0.460626066 0.004589189 0.745970964
vn -0.324800372 0.236912355 0.915629447
f 238/238/238 239/239/239 240/240/240
v -0.312229246 0.004589200 0.745971024
vn 0.324676841 0.236923337 0.915670335
v -0.312229186 0.089002617 0.724129617
vn 0.324676841 0.236923337 0.915670335
v -0.386427671 0.094646648 0.748978436
vn 0.324676841 0.236923337 0.915670335
f 241/241/241 242/242/242 243/243/243
v -0.312229246 0.004589200 0.745971024
vn 0.324799299 0.237026602 0.915600240
v -0.386427671 0.094646648 0.748978436
vn 0.324799299 0.237026602 0.915600240
v -0.386427671 0.010809164 0.770681918
vn 0.324799299 0.237026602 0.915600240
f 244/244/244 245/245/245 246/246/246
v -0.281495184 -0.010427147 0.686313570
vn 0.894495308 0.111862861 0.432856530
v -0.281495184 0.075376704 0.664139330
vn 0.894495308 0.111862861 0.432856530
v -0.312229186 0.089002617 0.724129617
vn 0.894495308 0.111862861 0.432856530
f 247/247/247 248/248/248 249/249/249
v -0.281495184 -0.010427147 0.686313570
vn 0.894569159 0.111952588 0.432680637
v -0.312229186 0.089002617 0.724129617
vn 0.894569159 0.111952588 0.432680637
v -0.312229246 0.004589200 0.745971024
vn 0.894569159 0.111952588 0.432680637
f 250/250/250 251/251/251 252/252/252
v -0.312229156 -0.025443502 0.626656175
vn 0.894496977 -0.111738995 -0.432885081
v -0.312229156 0.061750781 0.604149044
vn 0.894496977 -0.111738995 -0.432885081
v -0.281495184 0.075376704 0.664139330
vn 0.894496977 -0.111738995 -0.432885081
f 253/253/253 254/254/254 255/255/255
v -0.312229156 -0.025443502 0.626656175
vn 0.894569933 -0.111825518 -0.432712078
v -0.281495184 0.075376704 0.664139330
vn 0.894569933 -0.111825518 -0.432712078
v -0.281495184 -0.010427147 0.686313570
vn 0.894569933 -0.111825518 -0.432712078
f 256/256/256 257/257/257 258/258/258
v -0.386427641 -0.031663477 0.601945221
vn 0.324682772 -0.236287683 -0.915832460
v -0.386427641 0.056106746 0.579300225
vn 0.324682772 -0.236287683 -0.915832460
v -0.312229156 0.061750781 0.604149044
vn 0.324682772 -0.236287683 -0.915832460
f 259/259/259 260/260/260 261/261/261
v -0.386427641 -0.031663477 0.601945221
vn 0.324801058 -0.236383185 -0.915765882
v -0.312229156 0.061750781 0.604149044
vn 0.324801058 -0.236383185 -0.915765882
v -0.312229156 -0.025443502 0.626656175
vn 0.324801058 -0.236383185 -0.915765882
f 262/262/262 263/263/263 264/264/264
v -0.460626066 -0.025443502 0.626656115
vn -0.324682057 -0.236392811 -0.915805638
v -0.460626066 0.061750785 0.604149044
vn -0.324682057 -0.236392811 -0.915805638
v -0.386427641 0.056106746 0.579300225
vn -0.324682057 -0.236392811 -0.915805638
f 265/265/265 266/266/266 267/267/267
v -0.460626066 -0.025443502 0.626656115
vn -0.324800819 -0.236277565 -0.915793300
v -0.386427641 0.056106746 0.579300225
vn -0.324800819 -0.236277565 -0.915793300
v -0.386427641 -0.031663477 0.601945221
vn -0.324800819 -0.236277565 -0.915793300
f 268/268/268 269/269/269 270/270/270
v -0.491360068 -0.010427155 0.686313570
vn -0.894495308 -0.111862861 -0.432856530
v -0.491360068 0.075376697 0.664139330
vn -0.894495308 -0.111862861 -0.432856530
v -0.460626066 0.061750785 0.604149044
vn -0.894495308 -0.111862861 -0.432856530
f 271/271/271 272/272/272 273/273/273
v -0.491360068 -0.010427155 0.686313570
vn -0.894570231 -0.111702122 -0.432743341
v -0.460626066 0.061750785 0.604149044
vn -0.894570231 -0.111702122 -0.432743341
v -0.460626066 -0.025443502 0.626656115
vn -0.894570231 -0.111702122 -0.432743341
f 274/274/274 275/275/275 276/276/276
v -0.460626066 0.089002609 0.724129617
vn -0.894357502 0.086366341 0.438936889
v -0.460626066 0.181796655 0.705871224
vn -0.894357502 0.086366341 0.438936889
v -0.491360068 0.172897920 0.644999981
vn -0.894357502 0.086366341 0.438936889
f 277/277/277 278/278/278 279/279/279
v -0.460626066 0.089002609 0.724129617
vn -0.894495368 0.086100131 0.438708156
v -0.491360068 0.172897920 0.644999981
vn -0.894495368 0.086100131 0.438708156
v -0.491360068 0.075376697 0.664139330
vn -0.894495368 0.086100131 0.438708156
f 280/280/280 281/281/281 282/282/282
v -0.386427671 0.094646648 0.748978436
vn -0.324453443 0.182816356 0.928066850
v -0.386427671 0.185482621 0.731085002
vn -0.324453443 0.182816356 0.928066850
v -0.460626066 0.181796655 0.705871224
vn -0.324453443 0.182816356 0.928066850
f 283/283/283 284/284/284 285/285/285
v -0.386427671 0.094646648 0.748978436
vn -0.324683875 0.182601258 0.928028584
v -0.460626066 0.181796655 0.705871224
vn -0.324683875 0.182601258 0.928028584
v -0.460626066 0.089002609 0.724129617
vn -0.324683875 0.182601258 0.928028584
f 286/286/286 287/287/287 288/288/288
v -0.312229186 0.089002617 0.724129617
vn 0.324455589 0.182615891 0.928105652
v -0.312229186 0.181796640 0.705871284
vn 0.324455589 0.182615891 0.928105652
v -0.386427671 0.185482621 0.731085002
vn 0.324455589 0.182615891 0.928105652
f 289/289/289 290/290/290 291/291/291
v -0.312229186 0.089002617 0.724129617
vn 0.324685335 0.182800993 0.927988827
v -0.386427671 0.185482621 0.731085002
vn 0.324685335 0.182800993 0.927988827
v -0.386427671 0.094646648 0.748978436
vn 0.324685335 0.182800993 0.927988827
f 292/292/292 293/293/293 294/294/294
v -0.281495184 0.075376704 0.664139330
vn 0.894361854 0.086151525 0.438970089
v -0.281495184 0.172897920 0.644999981
vn 0.894361854 0.086151525 0.438970089
v -0.312229186 0.181796640 0.705871284
vn 0.894361854 0.086151525 0.438970089
f 295/295/295 296/296/296 297/297/297
v -0.281495184 0.075376704 0.664139330
vn 0.894497871 0.086311862 0.438661367
v -0.312229186 0.181796640 0.705871284
vn 0.894497871 0.086311862 0.438661367
v -0.312229186 0.089002617 0.724129617
vn 0.894497871 0.086311862 0.438661367
f 298/298/298 299/299/299 300/300/300
v -0.312229156 0.061750781 0.604149044
vn 0.894365668 -0.085956588 -0.439000458
v -0.312229156 0.163999185 0.584128737
vn 0.894365668 -0.085956588 -0.439000458
v -0.281495184 0.172897920 0.644999981
vn 0.894365668 -0.085956588 -0.439000458
f 301/301/301 302/302/302 303/303/303
v -0.312229156 0.061750781 0.604149044
vn 0.894495487 -0.086100057 -0.438707799
v -0.281495184 0.172897920 0.644999981
vn 0.894495487 -0.086100057 -0.438707799
v -0.281495184 0.075376704 0.664139330
vn 0.894495487 -0.086100057 -0.438707799
f 304/304/304 305/305/305 306/306/306
v -0.386427641 0.056106746 0.579300225
vn 0.324471712 -0.181597516 -0.928299785
v -0.386427641 0.160313219 0.558914959
vn 0.324471712 -0.181597516 -0.928299785
v -0.312229156 0.163999185 0.584128737
vn 0.324471712 -0.181597516 -0.928299785
f 307/307/307 308/308/308 309/309/309
v -0.386427641 0.056106746 0.579300225
vn 0.324675620 -0.181742221 -0.928200185
v -0.312229156 0.163999185 0.584128737
vn 0.324675620 -0.181742221 -0.928200185
v -0.312229156 0.061750781 0.604149044
vn 0.324675620 -0.181742221 -0.928200185
f 310/310/310 311/311/311 312/312/312
v -0.460626066 0.061750785 0.604149044
vn -0.324468881 -0.181756347 -0.928269684
v -0.460626066 0.163999200 0.584128678
vn -0.324468881 -0.181756347 -0.928269684
v -0.386427641 0.160313219 0.558914959
vn -0.324468881 -0.181756347 -0.928269684
f 313/313/313 314/314/314 315/315/315
v -0.460626066 0.061750785 0.604149044
vn -0.324674338 -0.181584150 -0.928231537
v -0.386427641 0.160313219 0.558914959
vn -0.324674338 -0.181584150 -0.928231537
v -0.386427641 0.056106746 0.579300225
vn -0.324674338 -0.181584150 -0.928231537
f 316/316/316 317/317/317 318/318/318
v -0.491360068 0.075376697 0.664139330
vn -0.894361854 -0.086151525 -0.438970119
v -0.491360068 0.172897920 0.644999981
vn -0.894361854 -0.086151525 -0.438970119
v -0.460626066 0.163999200 0.584128678
vn -0.894361854 -0.086151525 -0.438970119
f 319/319/319 320/320/320 321/321/321
v -0.491360068 0.075376697 0.664139330
vn -0.894493043 -0.085907914 -0.438750654
v -0.460626066 0.163999200 0.584128678
vn -0.894493043 -0.085907914 -0.438750654
v -0.460626066 0.061750785 0.604149044
vn -0.894493043 -0.085907914 -0.438750654
f 322/322/322 323/323/323 324/324/324
v -0.460626066 0.181796655 0.705871224
vn -0.894493341 0.042825915 0.445025235
v -0.460626066 0.256373256 0.698694527
vn -0.894493341 0.042825915 0.445025235
v -0.491360068 0.252313375 0.637310386
vn -0.894493341 0.042825915 0.445025235
f 325/325/325 326/326/326 327/327/327
v -0.460626066 0.181796655 0.705871224
vn -0.894361675 0.043113593 0.445262074
v -0.491360068 0.252313375 0.637310386
vn -0.894361675 0.043113593 0.445262074
v -0.491360068 0.172897920 0.644999981
vn -0.894361675 0.043113593 0.445262074
f 328/328/328 329/329/329 330/330/330
v -0.386427671 0.185482621 0.731085002
vn -0.324679315 0.090349220 0.941498935
v -0.386427671 0.258054912 0.724120736
vn -0.324679315 0.090349220 0.941498935
v -0.460626066 0.256373256 0.698694527
vn -0.324679315 0.090349220 0.941498935
f 331/331/331 332/332/332 333/333/333
v -0.386427671 0.185482621 0.731085002
vn -0.324455082 0.090607904 0.941551447
v -0.460626066 0.256373256 0.698694527
vn -0.324455082 0.090607904 0.941551447
v -0.460626066 0.181796655 0.705871224
vn -0.324455082 0.090607904 0.941551447
f 334/334/334 335/335/335 336/336/336
v -0.312229186 0.181796640 0.705871284
vn 0.324676275 0.090600885 0.941475928
v -0.312229246 0.256373256 0.698694587
vn 0.324676275 0.090600885 0.941475928
v -0.386427671 0.258054912 0.724120736
vn 0.324676275 0.090600885 0.941475928
f 337/337/337 338/338/338 339/339/339
v -0.312229186 0.181796640 0.705871284
vn 0.324450254 0.090356737 0.941577256
v -0.386427671 0.258054912 0.724120736
vn 0.324450254 0.090356737 0.941577256
v -0.386427671 0.185482621 0.731085002
vn 0.324450254 0.090356737 0.941577256
f 340/340/340 341/341/341 342/342/342
v -0.281495184 0.172897920 0.644999981
vn 0.894490063 0.043088853 0.445006609
v -0.281495184 0.252313375 0.637310386
vn 0.894490063 0.043088853 0.445006609
v -0.312229246 0.256373256 0.698694587
vn 0.894490063 0.043088853 0.445006609
f 343/343/343 344/344/344 345/345/345
v -0.281495184 0.172897920 0.644999981
vn 0.894356787 0.042852800 0.445297331
v -0.312229246 0.256373256 0.698694587
vn 0.894356787 0.042852800 0.445297331
v -0.312229186 0.181796640 0.705871284
vn 0.894356787 0.042852800 0.445297331
f 346/346/346 347/347/347 348/348/348
v -0.312229156 0.163999185 0.584128737
vn 0.894487560 -0.043321468 -0.444989145
v -0.312229156 0.248253495 0.575926244
vn 0.894487560 -0.043321468 -0.444989145
v -0.281495184 0.252313375 0.637310386
vn 0.894487560 -0.043321468 -0.444989145
f 349/349/349 350/350/350 351/351/351
v -0.312229156 0.163999185 0.584128737
vn 0.894361913 -0.043113559 -0.445261747
v -0.281495184 0.252313375 0.637310386
vn 0.894361913 -0.043113559 -0.445261747
v -0.281495184 0.172897920 0.644999981
vn 0.894361913 -0.043113559 -0.445261747
f 352/352/352 353/353/353 354/354/354
v -0.386427641 0.160313219 0.558914959
vn 0.324665099 -0.091834031 -0.941360295
v -0.386427641 0.246571824 0.550500035
vn 0.324665099 -0.091834031 -0.941360295
v -0.312229156 0.248253495 0.575926244
vn 0.324665099 -0.091834031 -0.941360295
f 355/355/355 356/356/356 357/357/357
v -0.386427641 0.160313219 0.558914959
vn 0.324470460 -0.091653422 -0.941444933
v -0.312229156 0.248253495 0.575926244
vn 0.324470460 -0.091653422 -0.941444933
v -0.312229156 0.163999185 0.584128737
vn 0.324470460 -0.091653422 -0.941444933
f 358/358/358 359/359/359 360/360/360
v -0.460626066 0.163999200 0.584128678
vn -0.324666440 -0.091646925 -0.941378057
v -0.460626066 0.248253495 0.575926185
vn -0.324666440 -0.091646925 -0.941378057
v -0.386427641 0.246571824 0.550500035
vn -0.324666440 -0.091646925 -0.941378057
f 361/361/361 362/362/362 363/363/363
v -0.460626066 0.163999200 0.584128678
vn -0.324472815 -0.091840424 -0.941425920
v -0.386427641 0.246571824 0.550500035
vn -0.324472815 -0.091840424 -0.941425920
v -0.386427641 0.160313219 0.558914959
vn -0.324472815 -0.091840424 -0.941425920
f 364/364/364 365/365/365 366/366/366
v -0.491360068 0.172897920 0.644999981
vn -0.894490361 -0.043088783 -0.445005924
v -0.491360068 0.252313375 0.637310386
vn -0.894490361 -0.043088783 -0.445005924
v -0.460626066 0.248253495 0.575926185
vn -0.894490361 -0.043088783 -0.445005924
f 367/367/367 368/368/368 369/369/369
v -0.491360068 0.172897920 0.644999981
vn -0.894366324 -0.043344937 -0.445230246
v -0.460626066 0.248253495 0.575926185
vn -0.894366324 -0.043344937 -0.445230246
v -0.460626066 0.163999200 0.584128678
vn -0.894366324 -0.043344937 -0.445230246
f 370/370/370 371/371/371 372/372/372
v -0.460626066 0.256373256 0.698694527
vn -0.894487262 0.015901279 0.446810544
v -0.460626066 0.327590495 0.696160018
vn -0.894487262 0.015901279 0.446810544
v -0.491360068 0.323496193 0.634778142
vn -0.894487262 0.015901279 0.446810544
f 373/373/373 374/374/374 375/375/375
v -0.460626066 0.256373256 0.698694527
vn -0.894490182 0.015894547 0.446804911
v -0.491360068 0.323496193 0.634778142
vn -0.894490182 0.015894547 0.446804911
v -0.491360068 0.252313375 0.637310386
vn -0.894490182 0.015894547 0.446804911
f 376/376/376 377/377/377 378/378/378
v -0.386427671 0.258054912 0.724120736
vn -0.324667007 0.033645146 0.945229828
v -0.386427671 0.329286426 0.721585274
vn -0.324667007 0.033645146 0.945229828
v -0.460626066 0.327590495 0.696160018
vn -0.324667007 0.033645146 0.945229828
f 379/379/379 380/380/380 381/381/381
v -0.386427671 0.258054912 0.724120736
vn -0.324671954 0.033639196 0.945228219
v -0.460626066 0.327590495 0.696160018
vn -0.324671954 0.033639196 0.945228219
v -0.460626066 0.256373256 0.698694527
vn -0.324671954 0.033639196 0.945228219
f 382/382/382 383/383/383 384/384/384
v -0.312229246 0.256373256 0.698694587
vn 0.324666142 0.033639248 0.945230365
v -0.312229246 0.327590495 0.696160078
vn 0.324666142 0.033639248 0.945230365
v -0.386427671 0.329286426 0.721585274
vn 0.324666142 0.033639248 0.945230365
f 385/385/385 386/386/386 387/387/387
v -0.312229246 0.256373256 0.698694587
vn 0.324671268 0.033645108 0.945228279
v -0.386427671 0.329286426 0.721585274
vn 0.324671268 0.033645108 0.945228279
v -0.386427671 0.258054912 0.724120736
vn 0.324671268 0.033645108 0.945228279
f 388/388/388 389/389/389 390/390/390
v -0.281495184 0.252313375 0.637310386
vn 0.894487023 0.015894778 0.446811259
v -0.281495184 0.323496193 0.634778142
vn 0.894487023 0.015894778 0.446811259
v -0.312229246 0.327590495 0.696160078
vn 0.894487023 0.015894778 0.446811259
f 391/391/391 392/392/392 393/393/393
v -0.281495184 0.252313375 0.637310386
vn 0.894490182 0.015901068 0.446804881
v -0.312229246 0.327590495 0.696160078
vn 0.894490182 0.015901068 0.446804881
v -0.312229246 0.256373256 0.698694587
vn 0.894490182 0.015901068 0.446804881
f 394/394/394 395/395/395 396/396/396
v -0.312229156 0.248253495 0.575926244
vn 0.894487262 -0.015888235 -0.446810991
v -0.312229156 0.319401890 0.573396266
vn 0.894487262 -0.015888235 -0.446810991
v -0.281495184 0.323496193 0.634778142
vn 0.894487262 -0.015888235 -0.446810991
f 397/397/397 398/398/398 399/399/399
v -0.312229156 0.248253495 0.575926244
vn 0.894490361 -0.015894527 -0.446804523
v -0.281495184 0.323496193 0.634778142
vn 0.894490361 -0.015894527 -0.446804523
v -0.281495184 0.252313375 0.637310386
vn 0.894490361 -0.015894527 -0.446804523
f 400/400/400 401/401/401 402/402/402
v -0.386427641 0.246571824 0.550500035
vn 0.324666262 -0.033605725 -0.945231438
v -0.386427641 0.317705959 0.547971010
vn 0.324666262 -0.033605725 -0.945231438
v -0.312229156 0.319401890 0.573396266
vn 0.324666262 -0.033605725 -0.945231438
f 403/403/403 404/404/404 405/405/405
v -0.386427641 0.246571824 0.550500035
vn 0.324671358 -0.033611592 -0.945229411
v -0.312229156 0.319401890 0.573396266
vn 0.324671358 -0.033611592 -0.945229411
v -0.312229156 0.248253495 0.575926244
vn 0.324671358 -0.033611592 -0.945229411
f 406/406/406 407/407/407 408/408/408
v -0.460626066 0.248253495 0.575926185
vn -0.324666500 -0.033610854 -0.945231140
v -0.460626066 0.319401890 0.573396266
vn -0.324666500 -0.033610854 -0.945231140
v -0.386427641 0.317705959 0.547971010
vn -0.324666500 -0.033610854 -0.945231140
f 409/409/409 410/410/410 411/411/411
v -0.460626066 0.248253495 0.575926185
vn -0.324670881 -0.033605676 -0.945229769
v -0.386427641 0.317705959 0.547971010
vn -0.324670881 -0.033605676 -0.945229769
v -0.386427641 0.246571824 0.550500035
vn -0.324670881 -0.033605676 -0.945229769
f 412/412/412 413/413/413 414/414/414
v -0.491360068 0.252313375 0.637310386
vn -0.894487262 -0.015894767 -0.446810961
v -0.491360068 0.323496193 0.634778142
vn -0.894487262 -0.015894767 -0.446810961
v -0.460626066 0.319401890 0.573396266
vn -0.894487262 -0.015894767 -0.446810961
f 415/415/415 416/416/416 417/417/417
v -0.491360068 0.252313375 0.637310386
vn -0.894490302 -0.015887635 -0.446805000
v -0.460626066 0.319401890 0.573396266
vn -0.894490302 -0.015887635 -0.446805000
v -0.460626066 0.248253495 0.575926185
vn -0.894490302 -0.015887635 -0.446805000
f 418/418/418 419/419/419 420/420/420
v -0.460626066 0.327590495 0.696160018
vn -0.894375145 0.043820113 0.445166111
v -0.460626066 0.411798388 0.687870979
vn -0.894375145 0.043820113 0.445166111
v -0.491360068 0.402897924 0.626999974
vn -0.894375145 0.043820113 0.445166111
f 421/421/421 422/422/422 423/423/423
v -0.460626066 0.327590495 0.696160018
vn -0.894487202 0.043588497 0.444963694
v -0.491360068 0.402897924 0.626999974
vn -0.894487202 0.043588497 0.444963694
v -0.491360068 0.323496193 0.634778142
vn -0.894487202 0.043588497 0.444963694
f 424/424/424 425/425/425 426/426/426
v -0.386427671 0.329286426 0.721585274
vn -0.324486852 0.092831001 0.941323936
v -0.386427671 0.415485084 0.713084579
vn -0.324486852 0.092831001 0.941323936
v -0.460626066 0.411798388 0.687870979
vn -0.324486852 0.092831001 0.941323936
f 427/427/427 428/428/428 429/429/429
v -0.386427671 0.329286426 0.721585274
vn -0.324662507 0.092655376 0.941280603
v -0.460626066 0.411798388 0.687870979
vn -0.324662507 0.092655376 0.941280603
v -0.460626066 0.327590495 0.696160018
vn -0.324662507 0.092655376 0.941280603
f 430/430/430 431/431/431 432/432/432
v -0.312229246 0.327590495 0.696160078
vn 0.324483395 0.092661165 0.941341877
v -0.312229186 0.411798388 0.687871039
vn 0.324483395 0.092661165 0.941341877
v -0.386427671 0.415485084 0.713084579
vn 0.324483395 0.092661165 0.941341877
f 433/433/433 434/434/434 435/435/435
v -0.312229246 0.327590495 0.696160078
vn 0.324660033 0.092825167 0.941264689
v -0.386427671 0.415485084 0.713084579
vn 0.324660033 0.092825167 0.941264689
v -0.386427671 0.329286426 0.721585274
vn 0.324660033 0.092825167 0.941264689
f 436/436/436 437/437/437 438/438/438
v -0.281495184 0.323496193 0.634778142
vn 0.894371331 0.043611087 0.445194304
v -0.281495184 0.402897924 0.626999974
vn 0.894371331 0.043611087 0.445194304
v -0.312229186 0.411798388 0.687871039
vn 0.894371331 0.043611087 0.445194304
f 439/439/439 440/440/440 441/441/441
v -0.281495184 0.323496193 0.634778142
vn 0.894484401 0.043798096 0.444948792
v -0.312229186 0.411798388 0.687871039
vn 0.894484401 0.043798096 0.444948792
v -0.312229246 0.327590495 0.696160078
vn 0.894484401 0.043798096 0.444948792
f 442/442/442 443/443/443 444/444/444
v -0.312229156 0.319401890 0.573396266
vn 0.894366801 -0.043375142 -0.445226550
v -0.312229156 0.393997461 0.566128969
vn 0.894366801 -0.043375142 -0.445226550
v -0.281495184 0.402897924 0.626999974
vn 0.894366801 -0.043375142 -0.445226550
f 445/445/445 446/446/446 447/447/447
v -0.312229156 0.319401890 0.573396266
vn 0.894487381 -0.043588467 -0.444963396
v -0.281495184 0.402897924 0.626999974
vn 0.894487381 -0.043588467 -0.444963396
v -0.281495184 0.323496193 0.634778142
vn 0.894487381 -0.043588467 -0.444963396
f 448/448/448 449/449/449 450/450/450
v -0.386427641 0.317705959 0.547971010
vn 0.324466795 -0.091490060 -0.941462100
v -0.386427641 0.390310764 0.540915370
vn 0.324466795 -0.091490060 -0.941462100
v -0.312229156 0.393997461 0.566128969
vn 0.324466795 -0.091490060 -0.941462100
f 451/451/451 452/452/452 453/453/453
v -0.386427641 0.317705959 0.547971010
vn 0.324671209 -0.091710754 -0.941370130
v -0.312229156 0.393997461 0.566128969
vn 0.324671209 -0.091710754 -0.941370130
v -0.312229156 0.319401890 0.573396266
vn 0.324671209 -0.091710754 -0.941370130
f 454/454/454 455/455/455 456/456/456
v -0.460626066 0.319401890 0.573396266
vn -0.324470401 -0.091717429 -0.941438735
v -0.460626066 0.393997461 0.566128969
vn -0.324470401 -0.091717429 -0.941438735
v -0.386427641 0.390310764 0.540915370
vn -0.324470401 -0.091717429 -0.941438735
f 457/457/457 458/458/458 459/459/459
v -0.460626066 0.319401890 0.573396266
vn -0.324673593 -0.091483213 -0.941391408
v -0.386427641 0.390310764 0.540915370
vn -0.324673593 -0.091483213 -0.941391408
v -0.386427641 0.317705959 0.547971010
vn -0.324673593 -0.091483213 -0.941391408
f 460/460/460 461/461/461 462/462/462
v -0.491360068 0.323496193 0.634778142
vn -0.894371152 -0.043611120 -0.445194662
v -0.491360068 0.402897924 0.626999974
vn -0.894371152 -0.043611120 -0.445194662
v -0.460626066 0.393997461 0.566128969
vn -0.894371152 -0.043611120 -0.445194662
f 463/463/463 464/464/464 465/465/465
v -0.491360068 0.323496193 0.634778142
vn -0.894490123 -0.043351203 -0.444981009
v -0.460626066 0.393997461 0.566128969
vn -0.894490123 -0.043351203 -0.444981009
v -0.460626066 0.319401890 0.573396266
vn -0.894490123 -0.043351203 -0.444981009
f 466/466/466 467/467/467 468/468/468
v -0.460626066 0.411798388 0.687870979
vn -0.894486666 0.085109949 0.438919067
v -0.460626066 0.446116507 0.681216419
vn -0.894486666 0.085109949 0.438919067
v -0.491360068 0.432531476 0.621216893
vn -0.894486666 0.085109949 0.438919067
f 469/469/469 470/470/470 471/471/471
v -0.460626066 0.411798388 0.687870979
vn -0.894371152 0.085680731 0.439043313
v -0.491360068 0.432531476 0.621216893
vn -0.894371152 0.085680731 0.439043313
v -0.491360068 0.402897924 0.626999974
vn -0.894371152 0.085680731 0.439043313
f 472/472/472 473/473/473 474/474/474
v -0.386427671 0.415485084 0.713084579
vn -0.324662477 0.179671198 0.928607762
v -0.386427671 0.451743633 0.706069112
vn -0.324662477 0.179671198 0.928607762
v -0.460626066 0.446116507 0.681216419
vn -0.324662477 0.179671198 0.928607762
f 475/475/475 476/476/476 477/477/477
v -0.386427671 0.415485084 0.713084579
vn -0.324494272 0.180061340 0.928591073
v -0.460626066 0.446116507 0.681216419
vn -0.324494272 0.180061340 0.928591073
v -0.460626066 0.411798388 0.687870979
vn -0.324494272 0.180061340 0.928591073
f 478/478/478 479/479/479 480/480/480
v -0.312229186 0.411798388 0.687871039
vn 0.324665219 0.180050135 0.928533435
v -0.312229186 0.446116507 0.681216478
vn 0.324665219 0.180050135 0.928533435
v -0.386427671 0.451743633 0.706069112
vn 0.324665219 0.180050135 0.928533435
f 481/481/481 482/482/482 483/483/483
v -0.312229186 0.411798388 0.687871039
vn 0.324498743 0.179681912 0.928663015
v -0.386427671 0.451743633 0.706069112
vn 0.324498743 0.179681912 0.928663015
v -0.386427671 0.415485084 0.713084579
vn 0.324498743 0.179681912 0.928663015
f 484/484/484 485/485/485 486/486/486
v -0.281495184 0.402897924 0.626999974
vn 0.894493401 0.085633866 0.438803405
v -0.281495184 0.432531476 0.621216893
vn 0.894493401 0.085633866 0.438803405
v -0.312229186 0.446116507 0.681216478
vn 0.894493401 0.085633866 0.438803405
f 487/487/487 488/488/488 489/489/489
v -0.281495184 0.402897924 0.626999974
vn 0.894381464 0.085149996 0.439125687
v -0.312229186 0.446116507 0.681216478
vn 0.894381464 0.085149996 0.439125687
v -0.312229186 0.411798388 0.687871039
vn 0.894381464 0.085149996 0.439125687
f 490/490/490 491/491/491 492/492/492
v -0.312229156 0.393997461 0.566128969
vn 0.894501984 -0.086354144 -0.438644737
v -0.312229156 0.418946445 0.561217368
vn 0.894501984 -0.086354144 -0.438644737
v -0.281495184 0.432531476 0.621216893
vn 0.894501984 -0.086354144 -0.438644737
f 493/493/493 494/494/494 495/495/495
v -0.312229156 0.393997461 0.566128969
vn 0.894371331 -0.085680634 -0.439042956
v -0.281495184 0.432531476 0.621216893
vn 0.894371331 -0.085680634 -0.439042956
v -0.281495184 0.402897924 0.626999974
vn 0.894371331 -0.085680634 -0.439042956
f 496/496/496 497/497/497 498/498/498
v -0.386427641 0.390310764 0.540915370
vn 0.324697614 -0.183511570 -0.927844226
v -0.386427641 0.413319319 0.536364675
vn 0.324697614 -0.183511570 -0.927844226
v -0.312229156 0.418946445 0.561217368
vn 0.324697614 -0.183511570 -0.927844226
f 499/499/499 500/500/500 501/501/501
v -0.386427641 0.390310764 0.540915370
vn 0.324454397 -0.182708725 -0.928087831
v -0.312229156 0.418946445 0.561217368
vn 0.324454397 -0.182708725 -0.928087831
v -0.312229156 0.393997461 0.566128969
vn 0.324454397 -0.182708725 -0.928087831
f 502/502/502 503/503/503 504/504/504
v -0.460626066 0.393997461 0.566128969
vn -0.324690104 -0.182695255 -0.928008020
v -0.460626066 0.418946445 0.561217308
vn -0.324690104 -0.182695255 -0.928008020
v -0.386427641 0.413319319 0.536364675
vn -0.324690104 -0.182695255 -0.928008020
f 505/505/505 506/506/506 507/507/507
v -0.460626066 0.393997461 0.566128969
vn -0.324441910 -0.183528647 -0.927930355
v -0.386427641 0.413319319 0.536364675
vn -0.324441910 -0.183528647 -0.927930355
v -0.386427641 0.390310764 0.540915370
vn -0.324441910 -0.183528647 -0.927930355
f 508/508/508 509/509/509 510/510/510
v -0.491360068 0.402897924 0.626999974
vn -0.894493401 -0.085633866 -0.438803405
v -0.491360068 0.432531476 0.621216893
vn -0.894493401 -0.085633866 -0.438803405
v -0.460626066 0.418946445 0.561217308
vn -0.894493401 -0.085633866 -0.438803405
f 511/511/511 512/512/512 513/513/513
v -0.491360068 0.402897924 0.626999974
vn -0.894356787 -0.086411223 -0.438929260
v -0.460626066 0.418946445 0.561217308
vn -0.894356787 -0.086411223 -0.438929260
v -0.460626066 0.393997461 0.566128969
vn -0.894356787 -0.086411223 -0.438929260
f 514/514/514 515/515/515 516/516/516
v -0.460626066 0.446116507 0.681216419
vn -0.894573390 0.111279435 0.432845742
v -0.460626066 0.473901778 0.674073160
vn -0.894573390 0.111279435 0.432845742
v -0.491360068 0.458597481 0.614488959
vn -0.894573390 0.111279435 0.432845742
f 517/517/517 518/518/518 519/519/519
v -0.460626066 0.446116507 0.681216419
vn -0.894493163 0.111734867 0.432893991
v -0.491360068 0.458597481 0.614488959
vn -0.894493163 0.111734867 0.432893991
v -0.491360068 0.432531476 0.621216893
vn -0.894493163 0.111734867 0.432893991
f 520/520/520 521/521/521 522/522/522
v -0.386427671 0.451743633 0.706069112
vn -0.324806541 0.235159263 0.916078985
v -0.386427671 0.480241030 0.698753774
vn -0.324806541 0.235159263 0.916078985
v -0.460626066 0.473901778 0.674073160
vn -0.324806541 0.235159263 0.916078985
f 523/523/523 524/524/524 525/525/525
v -0.386427671 0.451743633 0.706069112
vn -0.324685097 0.235501364 0.916034222
v -0.460626066 0.473901778 0.674073160
vn -0.324685097 0.235501364 0.916034222
v -0.460626066 0.446116507 0.681216419
vn -0.324685097 0.235501364 0.916034222
f 526/526/526 527/527/527 528/528/528
v -0.312229186 0.446116507 0.681216478
vn 0.324805826 0.235491723 0.915993869
v -0.312229246 0.473901778 0.674073219
vn 0.324805826 0.235491723 0.915993869
v -0.386427671 0.480241030 0.698753774
vn 0.324805826 0.235491723 0.915993869
f 529/529/529 530/530/530 531/531/531
v -0.312229186 0.446116507 0.681216478
vn 0.324687123 0.235169500 0.916118741
v -0.386427671 0.480241030 0.698753774
vn 0.324687123 0.235169500 0.916118741
v -0.386427671 0.451743633 0.706069112
vn 0.324687123 0.235169500 0.916118741
f 532/532/532 533/533/533 534/534/534
v -0.281495184 0.432531476 0.621216893
vn 0.894572973 0.111694954 0.432739288
v -0.281495184 0.458597481 0.614488959
vn 0.894572973 0.111694954 0.432739288
v -0.312229246 0.473901778 0.674073219
vn 0.894572973 0.111694954 0.432739288
f 535/535/535 536/536/536 537/537/537
v -0.281495184 0.432531476 0.621216893
vn 0.894498408 0.111318626 0.432990521
v -0.312229246 0.473901778 0.674073219
vn 0.894498408 0.111318626 0.432990521
v -0.312229186 0.446116507 0.681216478
vn 0.894498408 0.111318626 0.432990521
f 538/538/538 539/539/539 540/540/540
v -0.312229156 0.418946445 0.561217368
vn 0.894572973 -0.112168625 -0.432616711
v -0.312229156 0.443293184 0.554904759
vn 0.894572973 -0.112168625 -0.432616711
v -0.281495184 0.458597481 0.614488959
vn 0.894572973 -0.112168625 -0.432616711
f 541/541/541 542/542/542 543/543/543
v -0.312229156 0.418946445 0.561217368
vn 0.894493401 -0.111734845 -0.432893693
v -0.281495184 0.458597481 0.614488959
vn 0.894493401 -0.111734845 -0.432893693
v -0.281495184 0.432531476 0.621216893
vn 0.894493401 -0.111734845 -0.432893693
f 544/544/544 545/545/545 546/546/546
v -0.386427641 0.413319319 0.536364675
vn 0.324805111 -0.237828359 -0.915390193
v -0.386427641 0.436953932 0.530224144
vn 0.324805111 -0.237828359 -0.915390193
v -0.312229156 0.443293184 0.554904759
vn 0.324805111 -0.237828359 -0.915390193
f 547/547/547 548/548/548 549/549/549
v -0.386427641 0.413319319 0.536364675
vn 0.324666858 -0.237384453 -0.915554523
v -0.312229156 0.443293184 0.554904759
vn 0.324666858 -0.237384453 -0.915554523
v -0.312229156 0.418946445 0.561217368
vn 0.324666858 -0.237384453 -0.915554523
f 550/550/550 551/551/551 552/552/552
v -0.460626066 0.418946445 0.561217308
vn -0.324805707 -0.237370387 -0.915508866
v -0.460626066 0.443293184 0.554904759
vn -0.324805707 -0.237370387 -0.915508866
v -0.386427641 0.436953932 0.530224144
vn -0.324805707 -0.237370387 -0.915508866
f 553/553/553 554/554/554 555/555/555
v -0.460626066 0.418946445 0.561217308
vn -0.324661881 -0.237840682 -0.915437877
v -0.386427641 0.436953932 0.530224144
vn -0.324661881 -0.237840682 -0.915437877
v -0.386427641 0.413319319 0.536364675
vn -0.324661881 -0.237840682 -0.915437877
f 556/556/556 557/557/557 558/558/558
v -0.491360068 0.432531476 0.621216893
vn -0.894573212 -0.111694865 -0.432738930
v -0.491360068 0.458597481 0.614488959
vn -0.894573212 -0.111694865 -0.432738930
v -0.460626066 0.443293184 0.554904759
vn -0.894573212 -0.111694865 -0.432738930
f 559/559/559 560/560/560 561/561/561
v -0.491360068 0.432531476 0.621216893
vn -0.894487441 -0.112210698 -0.432782948
v -0.460626066 0.443293184 0.554904759
vn -0.894487441 -0.112210698 -0.432782948
v -0.460626066 0.418946445 0.561217308
vn -0.894487441 -0.112210698 -0.432782948
f 562/562/562 563/563/563 564/564/564
v -0.460626066 0.473901778 0.674073160
vn -0.894539297 0.110856503 0.433024704
v -0.460626066 0.501988053 0.666882932
vn -0.894539297 0.110856503 0.433024704
v -0.491360068 0.487897933 0.606999993
vn -0.894539297 0.110856503 0.433024704
f 565/565/565 566/566/566 567/567/567
v -0.460626066 0.473901778 0.674073160
vn -0.894573212 0.110671848 0.433001697
v -0.491360068 0.487897933 0.606999993
vn -0.894573212 0.110671848 0.433001697
v -0.491360068 0.458597481 0.614488959
vn -0.894573212 0.110671848 0.433001697
f 568/568/568 569/569/569 570/570/570
v -0.386427671 0.480241030 0.698753774
vn -0.324749917 0.234721839 0.916211247
v -0.386427671 0.507824302 0.691687286
vn -0.324749917 0.234721839 0.916211247
v -0.460626066 0.501988053 0.666882932
vn -0.324749917 0.234721839 0.916211247
f 571/571/571 572/572/572 573/573/573
v -0.386427671 0.480241030 0.698753774
vn -0.324806511 0.234560192 0.916232705
v -0.460626066 0.501988053 0.666882932
vn -0.324806511 0.234560192 0.916232705
v -0.460626066 0.473901778 0.674073160
vn -0.324806511 0.234560192 0.916232705
f 574/574/574 575/575/575 576/576/576
v -0.312229246 0.473901778 0.674073219
vn 0.324749857 0.234564319 0.916251659
v -0.312229186 0.501988053 0.666882992
vn 0.324749857 0.234564319 0.916251659
v -0.386427671 0.507824302 0.691687286
vn 0.324749857 0.234564319 0.916251659
f 577/577/577 578/578/578 579/579/579
v -0.312229246 0.473901778 0.674073219
vn 0.324805766 0.234717086 0.916192710
v -0.386427671 0.507824302 0.691687286
vn 0.324805766 0.234717086 0.916192710
v -0.386427671 0.480241030 0.698753774
vn 0.324805766 0.234717086 0.916192710
f 580/580/580 581/581/581 582/582/582
v -0.281495184 0.458597481 0.614488959
vn 0.894540846 0.110687941 0.433064699
v -0.281495184 0.487897933 0.606999993
vn 0.894540846 0.110687941 0.433064699
v -0.312229186 0.501988053 0.666882992
vn 0.894540846 0.110687941 0.433064699
f 583/583/583 584/584/584 585/585/585
v -0.281495184 0.458597481 0.614488959
vn 0.894573092 0.110837929 0.432959467
v -0.312229186 0.501988053 0.666882992
vn 0.894573092 0.110837929 0.432959467
v -0.312229246 0.473901778 0.674073219
vn 0.894573092 0.110837929 0.432959467
f 586/586/586 587/587/587 588/588/588
v -0.312229156 0.443293184 0.554904759
vn 0.894541919 -0.110532746 -0.433101833
v -0.312229156 0.473807842 0.547117054
vn 0.894541919 -0.110532746 -0.433101833
v -0.281495184 0.487897933 0.606999993
vn 0.894541919 -0.110532746 -0.433101833
f 589/589/589 590/590/590 591/591/591
v -0.312229156 0.443293184 0.554904759
vn 0.894573390 -0.110671751 -0.433001369
v -0.281495184 0.487897933 0.606999993
vn 0.894573390 -0.110671751 -0.433001369
v -0.281495184 0.458597481 0.614488959
vn 0.894573390 -0.110671751 -0.433001369
f 592/592/592 593/593/593 594/594/594
v -0.386427641 0.436953932 0.530224144
vn 0.324755520 -0.233754009 -0.916456640
v -0.386427641 0.467971563 0.522312701
vn 0.324755520 -0.233754009 -0.916456640
v -0.312229156 0.473807842 0.547117054
vn 0.324755520 -0.233754009 -0.916456640
f 595/595/595 596/596/596 597/597/597
v -0.386427641 0.436953932 0.530224144
vn 0.324805886 -0.233878076 -0.916407228
v -0.312229156 0.473807842 0.547117054
vn 0.324805886 -0.233878076 -0.916407228
v -0.312229156 0.443293184 0.554904759
vn 0.324805886 -0.233878076 -0.916407228
f 598/598/598 599/599/599 600/600/600
v -0.460626066 0.443293184 0.554904759
vn -0.324754357 -0.233884111 -0.916423917
v -0.460626066 0.473807842 0.547116995
vn -0.324754357 -0.233884111 -0.916423917
v -0.386427641 0.467971563 0.522312701
vn -0.324754357 -0.233884111 -0.916423917
f 601/601/601 602/602/602 603/603/603
v -0.460626066 0.443293184 0.554904759
vn -0.324806035 -0.233749717 -0.916439831
v -0.386427641 0.467971563 0.522312701
vn -0.324806035 -0.233749717 -0.916439831
v -0.386427641 0.436953932 0.530224144
vn -0.324806035 -0.233749717 -0.916439831
f 604/604/604 605/605/605 606/606/606
v -0.491360068 0.458597481 0.614488959
vn -0.894540787 -0.110687949 -0.433064699
v -0.491360068 0.487897933 0.606999993
vn -0.894540787 -0.110687949 -0.433064699
v -0.460626066 0.473807842 0.547116995
vn -0.894540787 -0.110687949 -0.433064699
f 607/607/607 608/608/608 609/609/609
v -0.491360068 0.458597481 0.614488959
vn -0.894573092 -0.110518128 -0.433041126
v -0.460626066 0.473807842 0.547116995
vn -0.894573092 -0.110518128 -0.433041126
v -0.460626066 0.443293184 0.554904759
vn -0.894573092 -0.110518128 -0.433041126
f 610/610/610 611/611/611 612/612/612
o Victorian_5_|_EDITABLE_rolled_upholstered_arm_1
usemtl UV_Base
v 0.308230191 0.473807842 0.547116995
vn 0.000000092 0.973417461 -0.229038090
v 0.456627071 0.473807842 0.547117054
vn 0.000000092 0.973417461 -0.229038090
v 0.382428646 0.467971563 0.522312701
vn 0.000000092 0.973417461 -0.229038090
f 613/613/613 614/614/614 615/615/615
v 0.277496189 0.487897933 0.606999993
vn 0.000000089 0.973417282 -0.229038864
v 0.456627071 0.473807842 0.547117054
vn 0.000000089 0.973417282 -0.229038864
v 0.308230191 0.473807842 0.547116995
vn 0.000000089 0.973417282 -0.229038864
f 616/616/616 617/617/617 618/618/618
v 0.277496189 0.487897933 0.606999993
vn 0.000000000 0.973417163 -0.229039118
v 0.487361073 0.487897933 0.606999993
vn 0.000000000 0.973417163 -0.229039118
v 0.456627071 0.473807842 0.547117054
vn 0.000000000 0.973417163 -0.229039118
f 619/619/619 620/620/620 621/621/621
v 0.308230162 0.501988053 0.666882932
vn 0.000000000 0.973417163 -0.229039609
v 0.487361073 0.487897933 0.606999993
vn 0.000000000 0.973417163 -0.229039609
v 0.277496189 0.487897933 0.606999993
vn 0.000000000 0.973417163 -0.229039609
f 622/622/622 623/623/623 624/624/624
v 0.308230162 0.501988053 0.666882932
vn 0.000000092 0.973417103 -0.229039341
v 0.456627071 0.501988053 0.666882992
vn 0.000000092 0.973417103 -0.229039341
v 0.487361073 0.487897933 0.606999993
vn 0.000000092 0.973417103 -0.229039341
f 625/625/625 626/626/626 627/627/627
v 0.382428586 0.507824302 0.691687286
vn 0.000000092 0.973417699 -0.229036987
v 0.456627071 0.501988053 0.666882992
vn 0.000000092 0.973417699 -0.229036987
v 0.308230162 0.501988053 0.666882932
vn 0.000000092 0.973417699 -0.229036987
f 628/628/628 629/629/629 630/630/630
v 0.456627071 -0.339430094 0.694729626
vn 0.000000000 -0.979714811 0.200396627
v 0.308230191 -0.339430094 0.694729626
vn 0.000000000 -0.979714811 0.200396627
v 0.382428646 -0.344536543 0.669764817
vn 0.000000000 -0.979714811 0.200396627
f 631/631/631 632/632/632 633/633/633
v 0.487361073 -0.327102065 0.754999995
vn 0.000000000 -0.979714870 0.200396195
v 0.308230191 -0.339430094 0.694729626
vn 0.000000000 -0.979714870 0.200396195
v 0.456627071 -0.339430094 0.694729626
vn 0.000000000 -0.979714870 0.200396195
f 634/634/634 635/635/635 636/636/636
v 0.487361073 -0.327102065 0.754999995
vn 0.000000000 -0.979714930 0.200396225
v 0.277496189 -0.327102065 0.754999995
vn 0.000000000 -0.979714930 0.200396225
v 0.308230191 -0.339430094 0.694729626
vn 0.000000000 -0.979714930 0.200396225
f 637/637/637 638/638/638 639/639/639
v 0.456627011 -0.314774007 0.815270424
vn 0.000000000 -0.979714870 0.200396493
v 0.277496189 -0.327102065 0.754999995
vn 0.000000000 -0.979714870 0.200396493
v 0.487361073 -0.327102065 0.754999995
vn 0.000000000 -0.979714870 0.200396493
f 640/640/640 641/641/641 642/642/642
v 0.456627011 -0.314774007 0.815270424
vn 0.000000116 -0.979715049 0.200396165
v 0.308230162 -0.314774036 0.815270364
vn 0.000000116 -0.979715049 0.200396165
v 0.277496189 -0.327102065 0.754999995
vn 0.000000116 -0.979715049 0.200396165
f 643/643/643 644/644/644 645/645/645
v 0.456627011 -0.314774007 0.815270424
vn 0.000000116 -0.979714870 0.200396314
v 0.382428586 -0.309667587 0.840235174
vn 0.000000116 -0.979714870 0.200396314
v 0.308230162 -0.314774036 0.815270364
vn 0.000000116 -0.979714870 0.200396314
f 646/646/646 647/647/647 648/648/648
v 0.308230162 -0.314774036 0.815270364
vn -0.894573510 0.088113144 0.438148737
v 0.308230162 -0.238808542 0.799993455
vn -0.894573510 0.088113144 0.438148737
v 0.277496189 -0.250925183 0.739680231
vn -0.894573510 0.088113144 0.438148737
f 649/649/649 650/650/650 651/651/651
v 0.308230162 -0.314774036 0.815270364
vn -0.894572496 0.088115431 0.438150287
v 0.277496189 -0.250925183 0.739680231
vn -0.894572496 0.088115431 0.438150287
v 0.277496189 -0.327102065 0.754999995
vn -0.894572496 0.088115431 0.438150287
f 652/652/652 653/653/653 654/654/654
v 0.382428586 -0.309667587 0.840235174
vn -0.324806333 0.186464548 0.927217305
v 0.382428586 -0.233789653 0.824976027
vn -0.324806333 0.186464548 0.927217305
v 0.308230162 -0.238808542 0.799993455
vn -0.324806333 0.186464548 0.927217305
f 655/655/655 656/656/656 657/657/657
v 0.382428586 -0.309667587 0.840235174
vn -0.324804574 0.186466455 0.927217364
v 0.308230162 -0.238808542 0.799993455
vn -0.324804574 0.186466455 0.927217364
v 0.308230162 -0.314774036 0.815270364
vn -0.324804574 0.186466455 0.927217364
f 658/658/658 659/659/659 660/660/660
v 0.456627011 -0.314774007 0.815270424
vn 0.324805409 0.186466247 0.927217245
v 0.456627071 -0.238808542 0.799993515
vn 0.324805409 0.186466247 0.927217245
v 0.382428586 -0.233789653 0.824976027
vn 0.324805409 0.186466247 0.927217245
f 661/661/661 662/662/662 663/663/663
v 0.456627011 -0.314774007 0.815270424
vn 0.324803859 0.186464712 0.927218080
v 0.382428586 -0.233789653 0.824976027
vn 0.324803859 0.186464712 0.927218080
v 0.382428586 -0.309667587 0.840235174
vn 0.324803859 0.186464712 0.927218080
f 664/664/664 665/665/665 666/666/666
v 0.487361073 -0.327102065 0.754999995
vn 0.894573510 0.088115051 0.438148350
v 0.487361073 -0.250925183 0.739680231
vn 0.894573510 0.088115051 0.438148350
v 0.456627071 -0.238808542 0.799993515
vn 0.894573510 0.088115051 0.438148350
f 667/667/667 668/668/668 669/669/669
v 0.487361073 -0.327102065 0.754999995
vn 0.894572198 0.088113025 0.438151449
v 0.456627071 -0.238808542 0.799993515
vn 0.894572198 0.088113025 0.438151449
v 0.456627011 -0.314774007 0.815270424
vn 0.894572198 0.088113025 0.438151449
f 670/670/670 671/671/671 672/672/672
v 0.456627071 -0.339430094 0.694729626
vn 0.894573331 -0.088117011 -0.438148290
v 0.456627071 -0.263041824 0.679367006
vn 0.894573331 -0.088117011 -0.438148290
v 0.487361073 -0.250925183 0.739680231
vn 0.894573331 -0.088117011 -0.438148290
f 673/673/673 674/674/674 675/675/675
v 0.456627071 -0.339430094 0.694729626
vn 0.894572377 -0.088115506 -0.438150585
v 0.487361073 -0.250925183 0.739680231
vn 0.894572377 -0.088115506 -0.438150585
v 0.487361073 -0.327102065 0.754999995
vn 0.894572377 -0.088115506 -0.438150585
f 676/676/676 677/677/677 678/678/678
v 0.382428646 -0.344536543 0.669764817
vn 0.324806303 -0.186476186 -0.927214861
v 0.382428646 -0.268060714 0.654384434
vn 0.324806303 -0.186476186 -0.927214861
v 0.456627071 -0.263041824 0.679367006
vn 0.324806303 -0.186476186 -0.927214861
f 679/679/679 680/680/680 681/681/681
v 0.382428646 -0.344536543 0.669764817
vn 0.324804574 -0.186474517 -0.927215874
v 0.456627071 -0.263041824 0.679367006
vn 0.324804574 -0.186474517 -0.927215874
v 0.456627071 -0.339430094 0.694729626
vn 0.324804574 -0.186474517 -0.927215874
f 682/682/682 683/683/683 684/684/684
v 0.308230191 -0.339430094 0.694729626
vn -0.324806213 -0.186474413 -0.927215338
v 0.308230191 -0.263041824 0.679367006
vn -0.324806213 -0.186474413 -0.927215338
v 0.382428646 -0.268060714 0.654384434
vn -0.324806213 -0.186474413 -0.927215338
f 685/685/685 686/686/686 687/687/687
v 0.308230191 -0.339430094 0.694729626
vn -0.324804485 -0.186476290 -0.927215517
v 0.382428646 -0.268060714 0.654384434
vn -0.324804485 -0.186476290 -0.927215517
v 0.382428646 -0.344536543 0.669764817
vn -0.324804485 -0.186476290 -0.927215517
f 688/688/688 689/689/689 690/690/690
v 0.277496189 -0.327102065 0.754999995
vn -0.894573390 -0.088115126 -0.438148707
v 0.277496189 -0.250925183 0.739680231
vn -0.894573390 -0.088115126 -0.438148707
v 0.308230191 -0.263041824 0.679367006
vn -0.894573390 -0.088115126 -0.438148707
f 691/691/691 692/692/692 693/693/693
v 0.277496189 -0.327102065 0.754999995
vn -0.894572437 -0.088117406 -0.438150257
v 0.308230191 -0.263041824 0.679367006
vn -0.894572437 -0.088117406 -0.438150257
v 0.308230191 -0.339430094 0.694729626
vn -0.894572437 -0.088117406 -0.438150257
f 694/694/694 695/695/695 696/696/696
v 0.308230162 -0.238808542 0.799993455
vn -0.894571126 0.087941982 0.438187808
v 0.308230162 -0.170704514 0.786325336
vn -0.894571126 0.087941982 0.438187808
v 0.277496189 -0.183119759 0.726072848
vn -0.894571126 0.087941982 0.438187808
f 697/697/697 698/698/698 699/699/699
v 0.308230162 -0.238808542 0.799993455
vn -0.894573510 0.087936036 0.438184291
v 0.277496189 -0.183119759 0.726072848
vn -0.894573510 0.087936036 0.438184291
v 0.277496189 -0.250925183 0.739680231
vn -0.894573510 0.087936036 0.438184291
f 700/700/700 701/701/701 702/702/702
v 0.382428586 -0.233789653 0.824976027
vn -0.324802607 0.186106801 0.927290380
v 0.382428586 -0.165561944 0.811282754
vn -0.324802607 0.186106801 0.927290380
v 0.308230162 -0.170704514 0.786325336
vn -0.324802607 0.186106801 0.927290380
f 703/703/703 704/704/704 705/705/705
v 0.382428586 -0.233789653 0.824976027
vn -0.324806333 0.186102241 0.927290082
v 0.308230162 -0.170704514 0.786325336
vn -0.324806333 0.186102241 0.927290082
v 0.308230162 -0.238808542 0.799993455
vn -0.324806333 0.186102241 0.927290082
f 706/706/706 707/707/707 708/708/708
v 0.456627071 -0.238808542 0.799993515
vn 0.324802339 0.186103255 0.927291214
v 0.456627071 -0.170704499 0.786325336
vn 0.324802339 0.186103255 0.927291214
v 0.382428586 -0.165561944 0.811282754
vn 0.324802339 0.186103255 0.927291214
f 709/709/709 710/710/710 711/711/711
v 0.456627071 -0.238808542 0.799993515
vn 0.324805439 0.186106622 0.927289546
v 0.382428586 -0.165561944 0.811282754
vn 0.324805439 0.186106622 0.927289546
v 0.382428586 -0.233789653 0.824976027
vn 0.324805439 0.186106622 0.927289546
f 712/712/712 713/713/713 714/714/714
v 0.487361073 -0.250925183 0.739680231
vn 0.894571066 0.087937035 0.438189209
v 0.487361073 -0.183119759 0.726072848
vn 0.894571066 0.087937035 0.438189209
v 0.456627071 -0.170704499 0.786325336
vn 0.894571066 0.087937035 0.438189209
f 715/715/715 716/716/716 717/717/717
v 0.487361073 -0.250925183 0.739680231
vn 0.894573450 0.087941416 0.438183248
v 0.456627071 -0.170704499 0.786325336
vn 0.894573450 0.087941416 0.438183248
v 0.456627071 -0.238808542 0.799993515
vn 0.894573450 0.087941416 0.438183248
f 718/718/718 719/719/719 720/720/720
v 0.456627071 -0.263041824 0.679367006
vn 0.894571006 -0.087931968 -0.438190222
v 0.456627071 -0.195535004 0.665820360
vn 0.894571006 -0.087931968 -0.438190222
v 0.487361073 -0.183119759 0.726072848
vn 0.894571006 -0.087931968 -0.438190222
f 721/721/721 722/722/722 723/723/723
v 0.456627071 -0.263041824 0.679367006
vn 0.894573271 -0.087936118 -0.438184589
v 0.487361073 -0.183119759 0.726072848
vn 0.894573271 -0.087936118 -0.438184589
v 0.487361073 -0.250925183 0.739680231
vn 0.894573271 -0.087936118 -0.438184589
f 724/724/724 725/725/725 726/726/726
v 0.382428646 -0.268060714 0.654384434
vn 0.324802577 -0.186076686 -0.927296460
v 0.382428646 -0.200677574 0.640862942
vn 0.324802577 -0.186076686 -0.927296460
v 0.456627071 -0.195535004 0.665820360
vn 0.324802577 -0.186076686 -0.927296460
f 727/727/727 728/728/728 729/729/729
v 0.382428646 -0.268060714 0.654384434
vn 0.324806273 -0.186080843 -0.927294314
v 0.456627071 -0.195535004 0.665820360
vn 0.324806273 -0.186080843 -0.927294314
v 0.456627071 -0.263041824 0.679367006
vn 0.324806273 -0.186080843 -0.927294314
f 730/730/730 731/731/731 732/732/732
v 0.308230191 -0.263041824 0.679367006
vn -0.324802309 -0.186081275 -0.927295685
v 0.308230162 -0.195535004 0.665820360
vn -0.324802309 -0.186081275 -0.927295685
v 0.382428646 -0.200677574 0.640862942
vn -0.324802309 -0.186081275 -0.927295685
f 733/733/733 734/734/734 735/735/735
v 0.308230191 -0.263041824 0.679367006
vn -0.324806154 -0.186076447 -0.927295208
v 0.382428646 -0.200677574 0.640862942
vn -0.324806154 -0.186076447 -0.927295208
v 0.382428646 -0.268060714 0.654384434
vn -0.324806154 -0.186076447 -0.927295208
f 736/736/736 737/737/737 738/738/738
v 0.277496189 -0.250925183 0.739680231
vn -0.894571245 -0.087936960 -0.438188791
v 0.277496189 -0.183119759 0.726072848
vn -0.894571245 -0.087936960 -0.438188791
v 0.308230162 -0.195535004 0.665820360
vn -0.894571245 -0.087936960 -0.438188791
f 739/739/739 740/740/740 741/741/741
v 0.277496189 -0.250925183 0.739680231
vn -0.894573390 -0.087931432 -0.438185602
v 0.308230162 -0.195535004 0.665820360
vn -0.894573390 -0.087931432 -0.438185602
v 0.308230191 -0.263041824 0.679367006
vn -0.894573390 -0.087931432 -0.438185602
f 742/742/742 743/743/743 744/744/744
v 0.308230162 -0.170704514 0.786325336
vn -0.894550979 0.092499457 0.437289715
v 0.308230162 -0.093417600 0.769976914
vn -0.894550979 0.092499457 0.437289715
v 0.277496189 -0.107102081 0.709999979
vn -0.894550979 0.092499457 0.437289715
f 745/745/745 746/746/746 747/747/747
v 0.308230162 -0.170704514 0.786325336
vn -0.894571185 0.092452183 0.437258512
v 0.277496189 -0.107102081 0.709999979
vn -0.894571185 0.092452183 0.437258512
v 0.277496189 -0.183119759 0.726072848
vn -0.894571185 0.092452183 0.437258512
f 748/748/748 749/749/749 750/750/750
v 0.382428586 -0.165561944 0.811282754
vn -0.324769855 0.195765033 0.925311148
v 0.382428586 -0.087749302 0.794820189
vn -0.324769855 0.195765033 0.925311148
v 0.308230162 -0.093417600 0.769976914
vn -0.324769855 0.195765033 0.925311148
f 751/751/751 752/752/752 753/753/753
v 0.382428586 -0.165561944 0.811282754
vn -0.324802458 0.195729271 0.925307274
v 0.308230162 -0.093417600 0.769976914
vn -0.324802458 0.195729271 0.925307274
v 0.308230162 -0.170704514 0.786325336
vn -0.324802458 0.195729271 0.925307274
f 754/754/754 755/755/755 756/756/756
v 0.456627071 -0.170704499 0.786325336
vn 0.324768811 0.195731044 0.925318718
v 0.456627071 -0.093417600 0.769976974
vn 0.324768811 0.195731044 0.925318718
v 0.382428586 -0.087749302 0.794820189
vn 0.324768811 0.195731044 0.925318718
f 757/757/757 758/758/758 759/759/759
v 0.456627071 -0.170704499 0.786325336
vn 0.324802130 0.195762724 0.925300241
v 0.382428586 -0.087749302 0.794820189
vn 0.324802130 0.195762724 0.925300241
v 0.382428586 -0.165561944 0.811282754
vn 0.324802130 0.195762724 0.925300241
f 760/760/760 761/761/761 762/762/762
v 0.487361073 -0.183119759 0.726072848
vn 0.894550741 0.092460625 0.437298506
v 0.487361073 -0.107102081 0.709999979
vn 0.894550741 0.092460625 0.437298506
v 0.456627071 -0.093417600 0.769976974
vn 0.894550741 0.092460625 0.437298506
f 763/763/763 764/764/764 765/765/765
v 0.487361073 -0.183119759 0.726072848
vn 0.894570947 0.092490897 0.437250823
v 0.456627071 -0.093417600 0.769976974
vn 0.894570947 0.092490897 0.437250823
v 0.456627071 -0.170704499 0.786325336
vn 0.894570947 0.092490897 0.437250823
f 766/766/766 767/767/767 768/768/768
v 0.456627071 -0.195535004 0.665820360
vn 0.894550323 -0.092420533 -0.437307864
v 0.456627071 -0.120786563 0.650023043
vn 0.894550323 -0.092420533 -0.437307864
v 0.487361073 -0.107102081 0.709999979
vn 0.894550323 -0.092420533 -0.437307864
f 769/769/769 770/770/770 771/771/771
v 0.456627071 -0.195535004 0.665820360
vn 0.894570947 -0.092452228 -0.437258840
v 0.487361073 -0.107102081 0.709999979
vn 0.894570947 -0.092452228 -0.437258840
v 0.487361073 -0.183119759 0.726072848
vn 0.894570947 -0.092452228 -0.437258840
f 772/772/772 773/773/773 774/774/774
v 0.382428646 -0.200677574 0.640862942
vn 0.324768692 -0.195527866 -0.925361693
v 0.382428646 -0.126454860 0.625179768
vn 0.324768692 -0.195527866 -0.925361693
v 0.456627071 -0.120786563 0.650023043
vn 0.324768692 -0.195527866 -0.925361693
f 775/775/775 776/776/776 777/777/777
v 0.382428646 -0.200677574 0.640862942
vn 0.324802756 -0.195561677 -0.925342560
v 0.456627071 -0.120786563 0.650023043
vn 0.324802756 -0.195561677 -0.925342560
v 0.456627071 -0.195535004 0.665820360
vn 0.324802756 -0.195561677 -0.925342560
f 778/778/778 779/779/779 780/780/780
v 0.308230162 -0.195535004 0.665820360
vn -0.324768722 -0.195563942 -0.925353944
v 0.308230191 -0.120786563 0.650023043
vn -0.324768722 -0.195563942 -0.925353944
v 0.382428646 -0.126454860 0.625179768
vn -0.324768722 -0.195563942 -0.925353944
f 781/781/781 782/782/782 783/783/783
v 0.308230162 -0.195535004 0.665820360
vn -0.324802577 -0.195525482 -0.925350308
v 0.382428646 -0.126454860 0.625179768
vn -0.324802577 -0.195525482 -0.925350308
v 0.382428646 -0.200677574 0.640862942
vn -0.324802577 -0.195525482 -0.925350308
f 784/784/784 785/785/785 786/786/786
v 0.277496189 -0.183119759 0.726072848
vn -0.894550622 -0.092460699 -0.437298864
v 0.277496189 -0.107102081 0.709999979
vn -0.894550622 -0.092460699 -0.437298864
v 0.308230191 -0.120786563 0.650023043
vn -0.894550622 -0.092460699 -0.437298864
f 787/787/787 788/788/788 789/789/789
v 0.277496189 -0.183119759 0.726072848
vn -0.894571304 -0.092411503 -0.437266886
v 0.308230191 -0.120786563 0.650023043
vn -0.894571304 -0.092411503 -0.437266886
v 0.308230162 -0.195535004 0.665820360
vn -0.894571304 -0.092411503 -0.437266886
f 790/790/790 791/791/791 792/792/792
v 0.308230162 -0.093417600 0.769976914
vn -0.894569814 0.106328174 0.434095830
v 0.308230162 0.004589189 0.745970964
vn -0.894569814 0.106328174 0.434095830
v 0.277496189 -0.010427155 0.686313570
vn -0.894569814 0.106328174 0.434095830
f 793/793/793 794/794/794 795/795/795
v 0.308230162 -0.093417600 0.769976914
vn -0.894550800 0.106365561 0.434125930
v 0.277496189 -0.010427155 0.686313570
vn -0.894550800 0.106365561 0.434125930
v 0.277496189 -0.107102081 0.709999979
vn -0.894550800 0.106365561 0.434125930
f 796/796/796 797/797/797 798/798/798
v 0.382428586 -0.087749302 0.794820189
vn -0.324800670 0.224985301 0.918632746
v 0.382428586 0.010809164 0.770681918
vn -0.324800670 0.224985301 0.918632746
v 0.308230162 0.004589189 0.745970964
vn -0.324800670 0.224985301 0.918632746
f 799/799/799 800/800/800 801/801/801
v 0.382428586 -0.087749302 0.794820189
vn -0.324769586 0.225012541 0.918637097
v 0.308230162 0.004589189 0.745970964
vn -0.324769586 0.225012541 0.918637097
v 0.308230162 -0.093417600 0.769976914
vn -0.324769586 0.225012541 0.918637097
f 802/802/802 803/803/803 804/804/804
v 0.456627071 -0.093417600 0.769976974
vn 0.324799955 0.225010186 0.918626845
v 0.456627011 0.004589200 0.745971024
vn 0.324799955 0.225010186 0.918626845
v 0.382428586 0.010809164 0.770681918
vn 0.324799955 0.225010186 0.918626845
f 805/805/805 806/806/806 807/807/807
v 0.456627071 -0.093417600 0.769976974
vn 0.324768841 0.224987894 0.918643355
v 0.382428586 0.010809164 0.770681918
vn 0.324768841 0.224987894 0.918643355
v 0.382428586 -0.087749302 0.794820189
vn 0.324768841 0.224987894 0.918643355
f 808/808/808 809/809/809 810/810/810
v 0.487361073 -0.107102081 0.709999979
vn 0.894569516 0.106356613 0.434089363
v 0.487361073 -0.010427147 0.686313570
vn 0.894569516 0.106356613 0.434089363
v 0.456627011 0.004589200 0.745971024
vn 0.894569516 0.106356613 0.434089363
f 811/811/811 812/812/812 813/813/813
v 0.487361073 -0.107102081 0.709999979
vn 0.894550920 0.106337652 0.434132367
v 0.456627011 0.004589200 0.745971024
vn 0.894550920 0.106337652 0.434132367
v 0.456627071 -0.093417600 0.769976974
vn 0.894550920 0.106337652 0.434132367
f 814/814/814 815/815/815 816/816/816
v 0.456627071 -0.120786563 0.650023043
vn 0.894569755 -0.106385618 -0.434081733
v 0.456627071 -0.025443502 0.626656175
vn 0.894569755 -0.106385618 -0.434081733
v 0.487361073 -0.010427147 0.686313570
vn 0.894569755 -0.106385618 -0.434081733
f 817/817/817 818/818/818 819/819/819
v 0.456627071 -0.120786563 0.650023043
vn 0.894550562 -0.106365651 -0.434126258
v 0.487361073 -0.010427147 0.686313570
vn 0.894550562 -0.106365651 -0.434126258
v 0.487361073 -0.107102081 0.709999979
vn 0.894550562 -0.106365651 -0.434126258
f 820/820/820 821/821/821 822/822/822
v 0.382428646 -0.126454860 0.625179768
vn 0.324801028 -0.225157931 -0.918590426
v 0.382428646 -0.031663477 0.601945221
vn 0.324801028 -0.225157931 -0.918590426
v 0.456627071 -0.025443502 0.626656175
vn 0.324801028 -0.225157931 -0.918590426
f 823/823/823 824/824/824 825/825/825
v 0.382428646 -0.126454860 0.625179768
vn 0.324768990 -0.225134179 -0.918607473
v 0.456627071 -0.025443502 0.626656175
vn 0.324768990 -0.225134179 -0.918607473
v 0.456627071 -0.120786563 0.650023043
vn 0.324768990 -0.225134179 -0.918607473
f 826/826/826 827/827/827 828/828/828
v 0.308230191 -0.120786563 0.650023043
vn -0.324800164 -0.225132152 -0.918596923
v 0.308230191 -0.025443502 0.626656115
vn -0.324800164 -0.225132152 -0.918596923
v 0.382428646 -0.031663477 0.601945221
vn -0.324800164 -0.225132152 -0.918596923
f 829/829/829 830/830/830 831/831/831
v 0.308230191 -0.120786563 0.650023043
vn -0.324768722 -0.225160539 -0.918601096
v 0.382428646 -0.031663477 0.601945221
vn -0.324768722 -0.225160539 -0.918601096
v 0.382428646 -0.126454860 0.625179768
vn -0.324768722 -0.225160539 -0.918601096
f 832/832/832 833/833/833 834/834/834
v 0.277496189 -0.107102081 0.709999979
vn -0.894569874 -0.106356457 -0.434088707
v 0.277496189 -0.010427155 0.686313570
vn -0.894569874 -0.106356457 -0.434088707
v 0.308230191 -0.025443502 0.626656115
vn -0.894569874 -0.106356457 -0.434088707
f 835/835/835 836/836/836 837/837/837
v 0.277496189 -0.107102081 0.709999979
vn -0.894550443 -0.106395133 -0.434119403
v 0.308230191 -0.025443502 0.626656115
vn -0.894550443 -0.106395133 -0.434119403
v 0.308230191 -0.120786563 0.650023043
vn -0.894550443 -0.106395133 -0.434119403
f 838/838/838 839/839/839 840/840/840
v 0.308230162 0.004589189 0.745970964
vn -0.894493937 0.111990601 0.432826340
v 0.308230162 0.089002609 0.724129617
vn -0.894493937 0.111990601 0.432826340
v 0.277496189 0.075376697 0.664139330
vn -0.894493937 0.111990601 0.432826340
f 841/841/841 842/842/842 843/843/843
v 0.308230162 0.004589189 0.745970964
vn -0.894569874 0.111825548 0.432712078
v 0.277496189 0.075376697 0.664139330
vn -0.894569874 0.111825548 0.432712078
v 0.277496189 -0.010427155 0.686313570
vn -0.894569874 0.111825548 0.432712078
f 844/844/844 845/845/845 846/846/846
v 0.382428586 0.010809164 0.770681918
vn -0.324676037 0.237037227 0.915641248
v 0.382428586 0.094646648 0.748978436
vn -0.324676037 0.237037227 0.915641248
v 0.308230162 0.089002609 0.724129617
vn -0.324676037 0.237037227 0.915641248
f 847/847/847 848/848/848 849/849/849
v 0.382428586 0.010809164 0.770681918
vn -0.324800283 0.236912370 0.915629506
v 0.308230162 0.089002609 0.724129617
vn -0.324800283 0.236912370 0.915629506
v 0.308230162 0.004589189 0.745970964
vn -0.324800283 0.236912370 0.915629506
f 850/850/850 851/851/851 852/852/852
v 0.456627011 0.004589200 0.745971024
vn 0.324676841 0.236923337 0.915670335
v 0.456627071 0.089002617 0.724129617
vn 0.324676841 0.236923337 0.915670335
v 0.382428586 0.094646648 0.748978436
vn 0.324676841 0.236923337 0.915670335
f 853/853/853 854/854/854 855/855/855
v 0.456627011 0.004589200 0.745971024
vn 0.324799299 0.237026602 0.915600240
v 0.382428586 0.094646648 0.748978436
vn 0.324799299 0.237026602 0.915600240
v 0.382428586 0.010809164 0.770681918
vn 0.324799299 0.237026602 0.915600240
f 856/856/856 857/857/857 858/858/858
v 0.487361073 -0.010427147 0.686313570
vn 0.894495308 0.111862861 0.432856530
v 0.487361073 0.075376704 0.664139330
vn 0.894495308 0.111862861 0.432856530
v 0.456627071 0.089002617 0.724129617
vn 0.894495308 0.111862861 0.432856530
f 859/859/859 860/860/860 861/861/861
v 0.487361073 -0.010427147 0.686313570
vn 0.894569159 0.111952588 0.432680637
v 0.456627071 0.089002617 0.724129617
vn 0.894569159 0.111952588 0.432680637
v 0.456627011 0.004589200 0.745971024
vn 0.894569159 0.111952588 0.432680637
f 862/862/862 863/863/863 864/864/864
v 0.456627071 -0.025443502 0.626656175
vn 0.894496858 -0.111739084 -0.432885408
v 0.456627071 0.061750781 0.604149044
vn 0.894496858 -0.111739084 -0.432885408
v 0.487361073 0.075376704 0.664139330
vn 0.894496858 -0.111739084 -0.432885408
f 865/865/865 866/866/866 867/867/867
v 0.456627071 -0.025443502 0.626656175
vn 0.894569695 -0.111825623 -0.432712376
v 0.487361073 0.075376704 0.664139330
vn 0.894569695 -0.111825623 -0.432712376
v 0.487361073 -0.010427147 0.686313570
vn 0.894569695 -0.111825623 -0.432712376
f 868/868/868 869/869/869 870/870/870
v 0.382428646 -0.031663477 0.601945221
vn 0.324683040 -0.236287668 -0.915832400
v 0.382428646 0.056106746 0.579300225
vn 0.324683040 -0.236287668 -0.915832400
v 0.456627071 0.061750781 0.604149044
vn 0.324683040 -0.236287668 -0.915832400
f 871/871/871 872/872/872 873/873/873
v 0.382428646 -0.031663477 0.601945221
vn 0.324801296 -0.236383185 -0.915765941
v 0.456627071 0.061750781 0.604149044
vn 0.324801296 -0.236383185 -0.915765941
v 0.456627071 -0.025443502 0.626656175
vn 0.324801296 -0.236383185 -0.915765941
f 874/874/874 875/875/875 876/876/876
v 0.308230191 -0.025443502 0.626656115
vn -0.324681818 -0.236392930 -0.915805638
v 0.308230162 0.061750785 0.604149044
vn -0.324681818 -0.236392930 -0.915805638
v 0.382428646 0.056106746 0.579300225
vn -0.324681818 -0.236392930 -0.915805638
f 877/877/877 878/878/878 879/879/879
v 0.308230191 -0.025443502 0.626656115
vn -0.324800700 -0.236277565 -0.915793300
v 0.382428646 0.056106746 0.579300225
vn -0.324800700 -0.236277565 -0.915793300
v 0.382428646 -0.031663477 0.601945221
vn -0.324800700 -0.236277565 -0.915793300
f 880/880/880 881/881/881 882/882/882
v 0.277496189 -0.010427155 0.686313570
vn -0.894495547 -0.111862779 -0.432856202
v 0.277496189 0.075376697 0.664139330
vn -0.894495547 -0.111862779 -0.432856202
v 0.308230162 0.061750785 0.604149044
vn -0.894495547 -0.111862779 -0.432856202
f 883/883/883 884/884/884 885/885/885
v 0.277496189 -0.010427155 0.686313570
vn -0.894570231 -0.111702405 -0.432743281
v 0.308230162 0.061750785 0.604149044
vn -0.894570231 -0.111702405 -0.432743281
v 0.308230191 -0.025443502 0.626656115
vn -0.894570231 -0.111702405 -0.432743281
f 886/886/886 887/887/887 888/888/888
v 0.308230162 0.089002609 0.724129617
vn -0.894357622 0.086366266 0.438936502
v 0.308230162 0.181796655 0.705871224
vn -0.894357622 0.086366266 0.438936502
v 0.277496189 0.172897920 0.644999981
vn -0.894357622 0.086366266 0.438936502
f 889/889/889 890/890/890 891/891/891
v 0.308230162 0.089002609 0.724129617
vn -0.894495547 0.086100034 0.438707829
v 0.277496189 0.172897920 0.644999981
vn -0.894495547 0.086100034 0.438707829
v 0.277496189 0.075376697 0.664139330
vn -0.894495547 0.086100034 0.438707829
f 892/892/892 893/893/893 894/894/894
v 0.382428586 0.094646648 0.748978436
vn -0.324453384 0.182816386 0.928066969
v 0.382428586 0.185482621 0.731085002
vn -0.324453384 0.182816386 0.928066969
v 0.308230162 0.181796655 0.705871224
vn -0.324453384 0.182816386 0.928066969
f 895/895/895 896/896/896 897/897/897
v 0.382428586 0.094646648 0.748978436
vn -0.324683815 0.182601303 0.928028762
v 0.308230162 0.181796655 0.705871224
vn -0.324683815 0.182601303 0.928028762
v 0.308230162 0.089002609 0.724129617
vn -0.324683815 0.182601303 0.928028762
f 898/898/898 899/899/899 900/900/900
v 0.456627071 0.089002617 0.724129617
vn 0.324455589 0.182615891 0.928105652
v 0.456627071 0.181796640 0.705871284
vn 0.324455589 0.182615891 0.928105652
v 0.382428586 0.185482621 0.731085002
vn 0.324455589 0.182615891 0.928105652
f 901/901/901 902/902/902 903/903/903
v 0.456627071 0.089002617 0.724129617
vn 0.324685335 0.182800993 0.927988827
v 0.382428586 0.185482621 0.731085002
vn 0.324685335 0.182800993 0.927988827
v 0.382428586 0.094646648 0.748978436
vn 0.324685335 0.182800993 0.927988827
f 904/904/904 905/905/905 906/906/906
v 0.487361073 0.075376704 0.664139330
vn 0.894361854 0.086151525 0.438970089
v 0.487361073 0.172897920 0.644999981
vn 0.894361854 0.086151525 0.438970089
v 0.456627071 0.181796640 0.705871284
vn 0.894361854 0.086151525 0.438970089
f 907/907/907 908/908/908 909/909/909
v 0.487361073 0.075376704 0.664139330
vn 0.894497871 0.086311862 0.438661367
v 0.456627071 0.181796640 0.705871284
vn 0.894497871 0.086311862 0.438661367
v 0.456627071 0.089002617 0.724129617
vn 0.894497871 0.086311862 0.438661367
f 910/910/910 911/911/911 912/912/912
v 0.456627071 0.061750781 0.604149044
vn 0.894365549 -0.085956663 -0.439000845
v 0.456627071 0.163999185 0.584128737
vn 0.894365549 -0.085956663 -0.439000845
v 0.487361073 0.172897920 0.644999981
vn 0.894365549 -0.085956663 -0.439000845
f 913/913/913 914/914/914 915/915/915
v 0.456627071 0.061750781 0.604149044
vn 0.894495308 -0.086100124 -0.438708156
v 0.487361073 0.172897920 0.644999981
vn 0.894495308 -0.086100124 -0.438708156
v 0.487361073 0.075376704 0.664139330
vn 0.894495308 -0.086100124 -0.438708156
f 916/916/916 917/917/917 918/918/918
v 0.382428646 0.056106746 0.579300225
vn 0.324471921 -0.181597501 -0.928299665
v 0.382428646 0.160313219 0.558914959
vn 0.324471921 -0.181597501 -0.928299665
v 0.456627071 0.163999185 0.584128737
vn 0.324471921 -0.181597501 -0.928299665
f 919/919/919 920/920/920 921/921/921
v 0.382428646 0.056106746 0.579300225
vn 0.324675828 -0.181742206 -0.928200066
v 0.456627071 0.163999185 0.584128737
vn 0.324675828 -0.181742206 -0.928200066
v 0.456627071 0.061750781 0.604149044
vn 0.324675828 -0.181742206 -0.928200066
f 922/922/922 923/923/923 924/924/924
v 0.308230162 0.061750785 0.604149044
vn -0.324468613 -0.181756347 -0.928269684
v 0.308230162 0.163999200 0.584128678
vn -0.324468613 -0.181756347 -0.928269684
v 0.382428646 0.160313219 0.558914959
vn -0.324468613 -0.181756347 -0.928269684
f 925/925/925 926/926/926 927/927/927
v 0.308230162 0.061750785 0.604149044
vn -0.324674100 -0.181584194 -0.928231537
v 0.382428646 0.160313219 0.558914959
vn -0.324674100 -0.181584194 -0.928231537
v 0.382428646 0.056106746 0.579300225
vn -0.324674100 -0.181584194 -0.928231537
f 928/928/928 929/929/929 930/930/930
v 0.277496189 0.075376697 0.664139330
vn -0.894362032 -0.086151458 -0.438969791
v 0.277496189 0.172897920 0.644999981
vn -0.894362032 -0.086151458 -0.438969791
v 0.308230162 0.163999200 0.584128678
vn -0.894362032 -0.086151458 -0.438969791
f 931/931/931 932/932/932 933/933/933
v 0.277496189 0.075376697 0.664139330
vn -0.894493163 -0.085907847 -0.438750267
v 0.308230162 0.163999200 0.584128678
vn -0.894493163 -0.085907847 -0.438750267
v 0.308230162 0.061750785 0.604149044
vn -0.894493163 -0.085907847 -0.438750267
f 934/934/934 935/935/935 936/936/936
v 0.308230162 0.181796655 0.705871224
vn -0.894493639 0.042825889 0.445024908
v 0.308230162 0.256373256 0.698694527
vn -0.894493639 0.042825889 0.445024908
v 0.277496189 0.252313375 0.637310386
vn -0.894493639 0.042825889 0.445024908
f 937/937/937 938/938/938 939/939/939
v 0.308230162 0.181796655 0.705871224
vn -0.894361913 0.043113541 0.445261747
v 0.277496189 0.252313375 0.637310386
vn -0.894361913 0.043113541 0.445261747
v 0.277496189 0.172897920 0.644999981
vn -0.894361913 0.043113541 0.445261747
f 940/940/940 941/941/941 942/942/942
v 0.382428586 0.185482621 0.731085002
vn -0.324679226 0.090349220 0.941499054
v 0.382428586 0.258054912 0.724120736
vn -0.324679226 0.090349220 0.941499054
v 0.308230162 0.256373256 0.698694527
vn -0.324679226 0.090349220 0.941499054
f 943/943/943 944/944/944 945/945/945
v 0.382428586 0.185482621 0.731085002
vn -0.324454993 0.090607896 0.941551507
v 0.308230162 0.256373256 0.698694527
vn -0.324454993 0.090607896 0.941551507
v 0.308230162 0.181796655 0.705871224
vn -0.324454993 0.090607896 0.941551507
f 946/946/946 947/947/947 948/948/948
v 0.456627071 0.181796640 0.705871284
vn 0.324676275 0.090600885 0.941475928
v 0.456627011 0.256373256 0.698694587
vn 0.324676275 0.090600885 0.941475928
v 0.382428586 0.258054912 0.724120736
vn 0.324676275 0.090600885 0.941475928
f 949/949/949 950/950/950 951/951/951
v 0.456627071 0.181796640 0.705871284
vn 0.324450254 0.090356737 0.941577256
v 0.382428586 0.258054912 0.724120736
vn 0.324450254 0.090356737 0.941577256
v 0.382428586 0.185482621 0.731085002
vn 0.324450254 0.090356737 0.941577256
f 952/952/952 953/953/953 954/954/954
v 0.487361073 0.172897920 0.644999981
vn 0.894490063 0.043088853 0.445006609
v 0.487361073 0.252313375 0.637310386
vn 0.894490063 0.043088853 0.445006609
v 0.456627011 0.256373256 0.698694587
vn 0.894490063 0.043088853 0.445006609
f 955/955/955 956/956/956 957/957/957
v 0.487361073 0.172897920 0.644999981
vn 0.894356787 0.042852800 0.445297331
v 0.456627011 0.256373256 0.698694587
vn 0.894356787 0.042852800 0.445297331
v 0.456627071 0.181796640 0.705871284
vn 0.894356787 0.042852800 0.445297331
f 958/958/958 959/959/959 960/960/960
v 0.456627071 0.163999185 0.584128737
vn 0.894487321 -0.043321501 -0.444989443
v 0.456627071 0.248253495 0.575926244
vn 0.894487321 -0.043321501 -0.444989443
v 0.487361073 0.252313375 0.637310386
vn 0.894487321 -0.043321501 -0.444989443
f 961/961/961 962/962/962 963/963/963
v 0.456627071 0.163999185 0.584128737
vn 0.894361675 -0.043113571 -0.445262074
v 0.487361073 0.252313375 0.637310386
vn 0.894361675 -0.043113571 -0.445262074
v 0.487361073 0.172897920 0.644999981
vn 0.894361675 -0.043113571 -0.445262074
f 964/964/964 965/965/965 966/966/966
v 0.382428646 0.160313219 0.558914959
vn 0.324665308 -0.091834016 -0.941360116
v 0.382428646 0.246571824 0.550500035
vn 0.324665308 -0.091834016 -0.941360116
v 0.456627071 0.248253495 0.575926244
vn 0.324665308 -0.091834016 -0.941360116
f 967/967/967 968/968/968 969/969/969
v 0.382428646 0.160313219 0.558914959
vn 0.324470669 -0.091653407 -0.941444814
v 0.456627071 0.248253495 0.575926244
vn 0.324470669 -0.091653407 -0.941444814
v 0.456627071 0.163999185 0.584128737
vn 0.324470669 -0.091653407 -0.941444814
f 970/970/970 971/971/971 972/972/972
v 0.308230162 0.163999200 0.584128678
vn -0.324666321 -0.091646813 -0.941378057
v 0.308230191 0.248253495 0.575926185
vn -0.324666321 -0.091646813 -0.941378057
v 0.382428646 0.246571824 0.550500035
vn -0.324666321 -0.091646813 -0.941378057
f 973/973/973 974/974/974 975/975/975
v 0.308230162 0.163999200 0.584128678
vn -0.324472547 -0.091840431 -0.941425920
v 0.382428646 0.246571824 0.550500035
vn -0.324472547 -0.091840431 -0.941425920
v 0.382428646 0.160313219 0.558914959
vn -0.324472547 -0.091840431 -0.941425920
f 976/976/976 977/977/977 978/978/978
v 0.277496189 0.172897920 0.644999981
vn -0.894490361 -0.043088783 -0.445005924
v 0.277496189 0.252313375 0.637310386
vn -0.894490361 -0.043088783 -0.445005924
v 0.308230191 0.248253495 0.575926185
vn -0.894490361 -0.043088783 -0.445005924
f 979/979/979 980/980/980 981/981/981
v 0.277496189 0.172897920 0.644999981
vn -0.894366562 -0.043344587 -0.445229948
v 0.308230191 0.248253495 0.575926185
vn -0.894366562 -0.043344587 -0.445229948
v 0.308230162 0.163999200 0.584128678
vn -0.894366562 -0.043344587 -0.445229948
f 982/982/982 983/983/983 984/984/984
v 0.308230162 0.256373256 0.698694527
vn -0.894487441 0.015901268 0.446810216
v 0.308230162 0.327590495 0.696160018
vn -0.894487441 0.015901268 0.446810216
v 0.277496189 0.323496193 0.634778142
vn -0.894487441 0.015901268 0.446810216
f 985/985/985 986/986/986 987/987/987
v 0.308230162 0.256373256 0.698694527
vn -0.894490361 0.015894549 0.446804523
v 0.277496189 0.323496193 0.634778142
vn -0.894490361 0.015894549 0.446804523
v 0.277496189 0.252313375 0.637310386
vn -0.894490361 0.015894549 0.446804523
f 988/988/988 989/989/989 990/990/990
v 0.382428586 0.258054912 0.724120736
vn -0.324666858 0.033645146 0.945229828
v 0.382428586 0.329286426 0.721585274
vn -0.324666858 0.033645146 0.945229828
v 0.308230162 0.327590495 0.696160018
vn -0.324666858 0.033645146 0.945229828
f 991/991/991 992/992/992 993/993/993
v 0.382428586 0.258054912 0.724120736
vn -0.324671865 0.033639167 0.945228338
v 0.308230162 0.327590495 0.696160018
vn -0.324671865 0.033639167 0.945228338
v 0.308230162 0.256373256 0.698694527
vn -0.324671865 0.033639167 0.945228338
f 994/994/994 995/995/995 996/996/996
v 0.456627011 0.256373256 0.698694587
vn 0.324666142 0.033639248 0.945230365
v 0.456627011 0.327590495 0.696160078
vn 0.324666142 0.033639248 0.945230365
v 0.382428586 0.329286426 0.721585274
vn 0.324666142 0.033639248 0.945230365
f 997/997/997 998/998/998 999/999/999
v 0.456627011 0.256373256 0.698694587
vn 0.324671268 0.033645108 0.945228279
v 0.382428586 0.329286426 0.721585274
vn 0.324671268 0.033645108 0.945228279
v 0.382428586 0.258054912 0.724120736
vn 0.324671268 0.033645108 0.945228279
f 1000/1000/1000 1001/1001/1001 1002/1002/1002
v 0.487361073 0.252313375 0.637310386
vn 0.894487023 0.015894778 0.446811259
v 0.487361073 0.323496193 0.634778142
vn 0.894487023 0.015894778 0.446811259
v 0.456627011 0.327590495 0.696160078
vn 0.894487023 0.015894778 0.446811259
f 1003/1003/1003 1004/1004/1004 1005/1005/1005
v 0.487361073 0.252313375 0.637310386
vn 0.894490182 0.015901068 0.446804881
v 0.456627011 0.327590495 0.696160078
vn 0.894490182 0.015901068 0.446804881
v 0.456627011 0.256373256 0.698694587
vn 0.894490182 0.015901068 0.446804881
f 1006/1006/1006 1007/1007/1007 1008/1008/1008
v 0.456627071 0.248253495 0.575926244
vn 0.894487083 -0.015888246 -0.446811318
v 0.456627071 0.319401890 0.573396266
vn 0.894487083 -0.015888246 -0.446811318
v 0.487361073 0.323496193 0.634778142
vn 0.894487083 -0.015888246 -0.446811318
f 1009/1009/1009 1010/1010/1010 1011/1011/1011
v 0.456627071 0.248253495 0.575926244
vn 0.894490182 -0.015894547 -0.446804911
v 0.487361073 0.323496193 0.634778142
vn 0.894490182 -0.015894547 -0.446804911
v 0.487361073 0.252313375 0.637310386
vn 0.894490182 -0.015894547 -0.446804911
f 1012/1012/1012 1013/1013/1013 1014/1014/1014
v 0.382428646 0.246571824 0.550500035
vn 0.324666500 -0.033605725 -0.945231378
v 0.382428646 0.317705959 0.547971010
vn 0.324666500 -0.033605725 -0.945231378
v 0.456627071 0.319401890 0.573396266
vn 0.324666500 -0.033605725 -0.945231378
f 1015/1015/1015 1016/1016/1016 1017/1017/1017
v 0.382428646 0.246571824 0.550500035
vn 0.324671626 -0.033611577 -0.945229411
v 0.456627071 0.319401890 0.573396266
vn 0.324671626 -0.033611577 -0.945229411
v 0.456627071 0.248253495 0.575926244
vn 0.324671626 -0.033611577 -0.945229411
f 1018/1018/1018 1019/1019/1019 1020/1020/1020
v 0.308230191 0.248253495 0.575926185
vn -0.324666440 -0.033610862 -0.945231259
v 0.308230191 0.319401890 0.573396266
vn -0.324666440 -0.033610862 -0.945231259
v 0.382428646 0.317705959 0.547971010
vn -0.324666440 -0.033610862 -0.945231259
f 1021/1021/1021 1022/1022/1022 1023/1023/1023
v 0.308230191 0.248253495 0.575926185
vn -0.324670821 -0.033605669 -0.945229888
v 0.382428646 0.317705959 0.547971010
vn -0.324670821 -0.033605669 -0.945229888
v 0.382428646 0.246571824 0.550500035
vn -0.324670821 -0.033605669 -0.945229888
f 1024/1024/1024 1025/1025/1025 1026/1026/1026
v 0.277496189 0.252313375 0.637310386
vn -0.894487262 -0.015894767 -0.446810961
v 0.277496189 0.323496193 0.634778142
vn -0.894487262 -0.015894767 -0.446810961
v 0.308230191 0.319401890 0.573396266
vn -0.894487262 -0.015894767 -0.446810961
f 1027/1027/1027 1028/1028/1028 1029/1029/1029
v 0.277496189 0.252313375 0.637310386
vn -0.894490302 -0.015887635 -0.446805000
v 0.308230191 0.319401890 0.573396266
vn -0.894490302 -0.015887635 -0.446805000
v 0.308230191 0.248253495 0.575926185
vn -0.894490302 -0.015887635 -0.446805000
f 1030/1030/1030 1031/1031/1031 1032/1032/1032
v 0.308230162 0.327590495 0.696160018
vn -0.894375324 0.043820079 0.445165753
v 0.308230162 0.411798388 0.687870979
vn -0.894375324 0.043820079 0.445165753
v 0.277496189 0.402897924 0.626999974
vn -0.894375324 0.043820079 0.445165753
f 1033/1033/1033 1034/1034/1034 1035/1035/1035
v 0.308230162 0.327590495 0.696160018
vn -0.894487321 0.043588463 0.444963396
v 0.277496189 0.402897924 0.626999974
vn -0.894487321 0.043588463 0.444963396
v 0.277496189 0.323496193 0.634778142
vn -0.894487321 0.043588463 0.444963396
f 1036/1036/1036 1037/1037/1037 1038/1038/1038
v 0.382428586 0.329286426 0.721585274
vn -0.324486732 0.092831008 0.941323936
v 0.382428586 0.415485084 0.713084579
vn -0.324486732 0.092831008 0.941323936
v 0.308230162 0.411798388 0.687870979
vn -0.324486732 0.092831008 0.941323936
f 1039/1039/1039 1040/1040/1040 1041/1041/1041
v 0.382428586 0.329286426 0.721585274
vn -0.324662417 0.092655361 0.941280663
v 0.308230162 0.411798388 0.687870979
vn -0.324662417 0.092655361 0.941280663
v 0.308230162 0.327590495 0.696160018
vn -0.324662417 0.092655361 0.941280663
f 1042/1042/1042 1043/1043/1043 1044/1044/1044
v 0.456627011 0.327590495 0.696160078
vn 0.324483395 0.092661165 0.941341877
v 0.456627071 0.411798388 0.687871039
vn 0.324483395 0.092661165 0.941341877
v 0.382428586 0.415485084 0.713084579
vn 0.324483395 0.092661165 0.941341877
f 1045/1045/1045 1046/1046/1046 1047/1047/1047
v 0.456627011 0.327590495 0.696160078
vn 0.324660033 0.092825167 0.941264689
v 0.382428586 0.415485084 0.713084579
vn 0.324660033 0.092825167 0.941264689
v 0.382428586 0.329286426 0.721585274
vn 0.324660033 0.092825167 0.941264689
f 1048/1048/1048 1049/1049/1049 1050/1050/1050
v 0.487361073 0.323496193 0.634778142
vn 0.894371331 0.043611087 0.445194304
v 0.487361073 0.402897924 0.626999974
vn 0.894371331 0.043611087 0.445194304
v 0.456627071 0.411798388 0.687871039
vn 0.894371331 0.043611087 0.445194304
f 1051/1051/1051 1052/1052/1052 1053/1053/1053
v 0.487361073 0.323496193 0.634778142
vn 0.894484401 0.043798096 0.444948792
v 0.456627071 0.411798388 0.687871039
vn 0.894484401 0.043798096 0.444948792
v 0.456627011 0.327590495 0.696160078
vn 0.894484401 0.043798096 0.444948792
f 1054/1054/1054 1055/1055/1055 1056/1056/1056
v 0.456627071 0.319401890 0.573396266
vn 0.894366562 -0.043375172 -0.445226878
v 0.456627071 0.393997461 0.566128969
vn 0.894366562 -0.043375172 -0.445226878
v 0.487361073 0.402897924 0.626999974
vn 0.894366562 -0.043375172 -0.445226878
f 1057/1057/1057 1058/1058/1058 1059/1059/1059
v 0.456627071 0.319401890 0.573396266
vn 0.894487202 -0.043588497 -0.444963753
v 0.487361073 0.402897924 0.626999974
vn 0.894487202 -0.043588497 -0.444963753
v 0.487361073 0.323496193 0.634778142
vn 0.894487202 -0.043588497 -0.444963753
f 1060/1060/1060 1061/1061/1061 1062/1062/1062
v 0.382428646 0.317705959 0.547971010
vn 0.324467003 -0.091490045 -0.941462040
v 0.382428646 0.390310764 0.540915370
vn 0.324467003 -0.091490045 -0.941462040
v 0.456627071 0.393997461 0.566128969
vn 0.324467003 -0.091490045 -0.941462040
f 1063/1063/1063 1064/1064/1064 1065/1065/1065
v 0.382428646 0.317705959 0.547971010
vn 0.324671417 -0.091710731 -0.941370070
v 0.456627071 0.393997461 0.566128969
vn 0.324671417 -0.091710731 -0.941370070
v 0.456627071 0.319401890 0.573396266
vn 0.324671417 -0.091710731 -0.941370070
f 1066/1066/1066 1067/1067/1067 1068/1068/1068
v 0.308230191 0.319401890 0.573396266
vn -0.324470282 -0.091717437 -0.941438794
v 0.308230191 0.393997461 0.566128969
vn -0.324470282 -0.091717437 -0.941438794
v 0.382428646 0.390310764 0.540915370
vn -0.324470282 -0.091717437 -0.941438794
f 1069/1069/1069 1070/1070/1070 1071/1071/1071
v 0.308230191 0.319401890 0.573396266
vn -0.324673444 -0.091483213 -0.941391468
v 0.382428646 0.390310764 0.540915370
vn -0.324673444 -0.091483213 -0.941391468
v 0.382428646 0.317705959 0.547971010
vn -0.324673444 -0.091483213 -0.941391468
f 1072/1072/1072 1073/1073/1073 1074/1074/1074
v 0.277496189 0.323496193 0.634778142
vn -0.894371152 -0.043611120 -0.445194662
v 0.277496189 0.402897924 0.626999974
vn -0.894371152 -0.043611120 -0.445194662
v 0.308230191 0.393997461 0.566128969
vn -0.894371152 -0.043611120 -0.445194662
f 1075/1075/1075 1076/1076/1076 1077/1077/1077
v 0.277496189 0.323496193 0.634778142
vn -0.894490123 -0.043351203 -0.444981009
v 0.308230191 0.393997461 0.566128969
vn -0.894490123 -0.043351203 -0.444981009
v 0.308230191 0.319401890 0.573396266
vn -0.894490123 -0.043351203 -0.444981009
f 1078/1078/1078 1079/1079/1079 1080/1080/1080
v 0.308230162 0.411798388 0.687870979
vn -0.894486785 0.085109882 0.438918680
v 0.308230162 0.446116507 0.681216419
vn -0.894486785 0.085109882 0.438918680
v 0.277496189 0.432531476 0.621216893
vn -0.894486785 0.085109882 0.438918680
f 1081/1081/1081 1082/1082/1082 1083/1083/1083
v 0.308230162 0.411798388 0.687870979
vn -0.894371390 0.085680589 0.439042985
v 0.277496189 0.432531476 0.621216893
vn -0.894371390 0.085680589 0.439042985
v 0.277496189 0.402897924 0.626999974
vn -0.894371390 0.085680589 0.439042985
f 1084/1084/1084 1085/1085/1085 1086/1086/1086
v 0.382428586 0.415485084 0.713084579
vn -0.324662387 0.179671213 0.928607821
v 0.382428586 0.451743633 0.706069112
vn -0.324662387 0.179671213 0.928607821
v 0.308230162 0.446116507 0.681216419
vn -0.324662387 0.179671213 0.928607821
f 1087/1087/1087 1088/1088/1088 1089/1089/1089
v 0.382428586 0.415485084 0.713084579
vn -0.324494123 0.180061311 0.928591132
v 0.308230162 0.446116507 0.681216419
vn -0.324494123 0.180061311 0.928591132
v 0.308230162 0.411798388 0.687870979
vn -0.324494123 0.180061311 0.928591132
f 1090/1090/1090 1091/1091/1091 1092/1092/1092
v 0.456627071 0.411798388 0.687871039
vn 0.324665219 0.180050135 0.928533435
v 0.456627071 0.446116507 0.681216478
vn 0.324665219 0.180050135 0.928533435
v 0.382428586 0.451743633 0.706069112
vn 0.324665219 0.180050135 0.928533435
f 1093/1093/1093 1094/1094/1094 1095/1095/1095
v 0.456627071 0.411798388 0.687871039
vn 0.324498743 0.179681912 0.928663015
v 0.382428586 0.451743633 0.706069112
vn 0.324498743 0.179681912 0.928663015
v 0.382428586 0.415485084 0.713084579
vn 0.324498743 0.179681912 0.928663015
f 1096/1096/1096 1097/1097/1097 1098/1098/1098
v 0.487361073 0.402897924 0.626999974
vn 0.894493401 0.085633866 0.438803405
v 0.487361073 0.432531476 0.621216893
vn 0.894493401 0.085633866 0.438803405
v 0.456627071 0.446116507 0.681216478
vn 0.894493401 0.085633866 0.438803405
f 1099/1099/1099 1100/1100/1100 1101/1101/1101
v 0.487361073 0.402897924 0.626999974
vn 0.894381464 0.085149996 0.439125687
v 0.456627071 0.446116507 0.681216478
vn 0.894381464 0.085149996 0.439125687
v 0.456627071 0.411798388 0.687871039
vn 0.894381464 0.085149996 0.439125687
f 1102/1102/1102 1103/1103/1103 1104/1104/1104
v 0.456627071 0.393997461 0.566128969
vn 0.894501805 -0.086354204 -0.438645065
v 0.456627071 0.418946445 0.561217368
vn 0.894501805 -0.086354204 -0.438645065
v 0.487361073 0.432531476 0.621216893
vn 0.894501805 -0.086354204 -0.438645065
f 1105/1105/1105 1106/1106/1106 1107/1107/1107
v 0.456627071 0.393997461 0.566128969
vn 0.894371212 -0.085680678 -0.439043283
v 0.487361073 0.432531476 0.621216893
vn 0.894371212 -0.085680678 -0.439043283
v 0.487361073 0.402897924 0.626999974
vn 0.894371212 -0.085680678 -0.439043283
f 1108/1108/1108 1109/1109/1109 1110/1110/1110
v 0.382428646 0.390310764 0.540915370
vn 0.324697852 -0.183511585 -0.927844167
v 0.382428646 0.413319319 0.536364675
vn 0.324697852 -0.183511585 -0.927844167
v 0.456627071 0.418946445 0.561217368
vn 0.324697852 -0.183511585 -0.927844167
f 1111/1111/1111 1112/1112/1112 1113/1113/1113
v 0.382428646 0.390310764 0.540915370
vn 0.324454635 -0.182708740 -0.928087652
v 0.456627071 0.418946445 0.561217368
vn 0.324454635 -0.182708740 -0.928087652
v 0.456627071 0.393997461 0.566128969
vn 0.324454635 -0.182708740 -0.928087652
f 1114/1114/1114 1115/1115/1115 1116/1116/1116
v 0.308230191 0.393997461 0.566128969
vn -0.324689984 -0.182695255 -0.928008020
v 0.308230191 0.418946445 0.561217308
vn -0.324689984 -0.182695255 -0.928008020
v 0.382428646 0.413319319 0.536364675
vn -0.324689984 -0.182695255 -0.928008020
f 1117/1117/1117 1118/1118/1118 1119/1119/1119
v 0.308230191 0.393997461 0.566128969
vn -0.324441761 -0.183528692 -0.927930295
v 0.382428646 0.413319319 0.536364675
vn -0.324441761 -0.183528692 -0.927930295
v 0.382428646 0.390310764 0.540915370
vn -0.324441761 -0.183528692 -0.927930295
f 1120/1120/1120 1121/1121/1121 1122/1122/1122
v 0.277496189 0.402897924 0.626999974
vn -0.894493401 -0.085633866 -0.438803405
v 0.277496189 0.432531476 0.621216893
vn -0.894493401 -0.085633866 -0.438803405
v 0.308230191 0.418946445 0.561217308
vn -0.894493401 -0.085633866 -0.438803405
f 1123/1123/1123 1124/1124/1124 1125/1125/1125
v 0.277496189 0.402897924 0.626999974
vn -0.894356787 -0.086411223 -0.438929260
v 0.308230191 0.418946445 0.561217308
vn -0.894356787 -0.086411223 -0.438929260
v 0.308230191 0.393997461 0.566128969
vn -0.894356787 -0.086411223 -0.438929260
f 1126/1126/1126 1127/1127/1127 1128/1128/1128
v 0.308230162 0.446116507 0.681216419
vn -0.894573510 0.111279339 0.432845384
v 0.308230162 0.473901778 0.674073160
vn -0.894573510 0.111279339 0.432845384
v 0.277496189 0.458597481 0.614488959
vn -0.894573510 0.111279339 0.432845384
f 1129/1129/1129 1130/1130/1130 1131/1131/1131
v 0.308230162 0.446116507 0.681216419
vn -0.894493401 0.111734830 0.432893664
v 0.277496189 0.458597481 0.614488959
vn -0.894493401 0.111734830 0.432893664
v 0.277496189 0.432531476 0.621216893
vn -0.894493401 0.111734830 0.432893664
f 1132/1132/1132 1133/1133/1133 1134/1134/1134
v 0.382428586 0.451743633 0.706069112
vn -0.324806452 0.235159293 0.916079044
v 0.382428586 0.480241030 0.698753774
vn -0.324806452 0.235159293 0.916079044
v 0.308230162 0.473901778 0.674073160
vn -0.324806452 0.235159293 0.916079044
f 1135/1135/1135 1136/1136/1136 1137/1137/1137
v 0.382428586 0.451743633 0.706069112
vn -0.324684978 0.235501394 0.916034222
v 0.308230162 0.473901778 0.674073160
vn -0.324684978 0.235501394 0.916034222
v 0.308230162 0.446116507 0.681216419
vn -0.324684978 0.235501394 0.916034222
f 1138/1138/1138 1139/1139/1139 1140/1140/1140
v 0.456627071 0.446116507 0.681216478
vn 0.324805826 0.235491723 0.915993869
v 0.456627011 0.473901778 0.674073219
vn 0.324805826 0.235491723 0.915993869
v 0.382428586 0.480241030 0.698753774
vn 0.324805826 0.235491723 0.915993869
f 1141/1141/1141 1142/1142/1142 1143/1143/1143
v 0.456627071 0.446116507 0.681216478
vn 0.324687123 0.235169500 0.916118741
v 0.382428586 0.480241030 0.698753774
vn 0.324687123 0.235169500 0.916118741
v 0.382428586 0.451743633 0.706069112
vn 0.324687123 0.235169500 0.916118741
f 1144/1144/1144 1145/1145/1145 1146/1146/1146
v 0.487361073 0.432531476 0.621216893
vn 0.894572973 0.111694954 0.432739288
v 0.487361073 0.458597481 0.614488959
vn 0.894572973 0.111694954 0.432739288
v 0.456627011 0.473901778 0.674073219
vn 0.894572973 0.111694954 0.432739288
f 1147/1147/1147 1148/1148/1148 1149/1149/1149
v 0.487361073 0.432531476 0.621216893
vn 0.894498408 0.111318626 0.432990521
v 0.456627011 0.473901778 0.674073219
vn 0.894498408 0.111318626 0.432990521
v 0.456627071 0.446116507 0.681216478
vn 0.894498408 0.111318626 0.432990521
f 1150/1150/1150 1151/1151/1151 1152/1152/1152
v 0.456627071 0.418946445 0.561217368
vn 0.894572914 -0.112168722 -0.432617098
v 0.456627071 0.443293184 0.554904759
vn 0.894572914 -0.112168722 -0.432617098
v 0.487361073 0.458597481 0.614488959
vn 0.894572914 -0.112168722 -0.432617098
f 1153/1153/1153 1154/1154/1154 1155/1155/1155
v 0.456627071 0.418946445 0.561217368
vn 0.894493222 -0.111734882 -0.432893991
v 0.487361073 0.458597481 0.614488959
vn 0.894493222 -0.111734882 -0.432893991
v 0.487361073 0.432531476 0.621216893
vn 0.894493222 -0.111734882 -0.432893991
f 1156/1156/1156 1157/1157/1157 1158/1158/1158
v 0.382428646 0.413319319 0.536364675
vn 0.324805349 -0.237828344 -0.915390134
v 0.382428646 0.436953932 0.530224144
vn 0.324805349 -0.237828344 -0.915390134
v 0.456627071 0.443293184 0.554904759
vn 0.324805349 -0.237828344 -0.915390134
f 1159/1159/1159 1160/1160/1160 1161/1161/1161
v 0.382428646 0.413319319 0.536364675
vn 0.324667096 -0.237384453 -0.915554464
v 0.456627071 0.443293184 0.554904759
vn 0.324667096 -0.237384453 -0.915554464
v 0.456627071 0.418946445 0.561217368
vn 0.324667096 -0.237384453 -0.915554464
f 1162/1162/1162 1163/1163/1163 1164/1164/1164
v 0.308230191 0.418946445 0.561217308
vn -0.324805588 -0.237370387 -0.915508866
v 0.308230191 0.443293184 0.554904759
vn -0.324805588 -0.237370387 -0.915508866
v 0.382428646 0.436953932 0.530224144
vn -0.324805588 -0.237370387 -0.915508866
f 1165/1165/1165 1166/1166/1166 1167/1167/1167
v 0.308230191 0.418946445 0.561217308
vn -0.324661762 -0.237840712 -0.915437877
v 0.382428646 0.436953932 0.530224144
vn -0.324661762 -0.237840712 -0.915437877
v 0.382428646 0.413319319 0.536364675
vn -0.324661762 -0.237840712 -0.915437877
f 1168/1168/1168 1169/1169/1169 1170/1170/1170
v 0.277496189 0.432531476 0.621216893
vn -0.894573212 -0.111694865 -0.432738930
v 0.277496189 0.458597481 0.614488959
vn -0.894573212 -0.111694865 -0.432738930
v 0.308230191 0.443293184 0.554904759
vn -0.894573212 -0.111694865 -0.432738930
f 1171/1171/1171 1172/1172/1172 1173/1173/1173
v 0.277496189 0.432531476 0.621216893
vn -0.894487441 -0.112210698 -0.432782948
v 0.308230191 0.443293184 0.554904759
vn -0.894487441 -0.112210698 -0.432782948
v 0.308230191 0.418946445 0.561217308
vn -0.894487441 -0.112210698 -0.432782948
f 1174/1174/1174 1175/1175/1175 1176/1176/1176
v 0.308230162 0.473901778 0.674073160
vn -0.894539356 0.110856399 0.433024317
v 0.308230162 0.501988053 0.666882932
vn -0.894539356 0.110856399 0.433024317
v 0.277496189 0.487897933 0.606999993
vn -0.894539356 0.110856399 0.433024317
f 1177/1177/1177 1178/1178/1178 1179/1179/1179
v 0.308230162 0.473901778 0.674073160
vn -0.894573390 0.110671699 0.433001369
v 0.277496189 0.487897933 0.606999993
vn -0.894573390 0.110671699 0.433001369
v 0.277496189 0.458597481 0.614488959
vn -0.894573390 0.110671699 0.433001369
f 1180/1180/1180 1181/1181/1181 1182/1182/1182
v 0.382428586 0.480241030 0.698753774
vn -0.324749798 0.234721825 0.916211307
v 0.382428586 0.507824302 0.691687286
vn -0.324749798 0.234721825 0.916211307
v 0.308230162 0.501988053 0.666882932
vn -0.324749798 0.234721825 0.916211307
f 1183/1183/1183 1184/1184/1184 1185/1185/1185
v 0.382428586 0.480241030 0.698753774
vn -0.324806362 0.234560192 0.916232705
v 0.308230162 0.501988053 0.666882932
vn -0.324806362 0.234560192 0.916232705
v 0.308230162 0.473901778 0.674073160
vn -0.324806362 0.234560192 0.916232705
f 1186/1186/1186 1187/1187/1187 1188/1188/1188
v 0.456627011 0.473901778 0.674073219
vn 0.324749857 0.234564319 0.916251659
v 0.456627071 0.501988053 0.666882992
vn 0.324749857 0.234564319 0.916251659
v 0.382428586 0.507824302 0.691687286
vn 0.324749857 0.234564319 0.916251659
f 1189/1189/1189 1190/1190/1190 1191/1191/1191
v 0.456627011 0.473901778 0.674073219
vn 0.324805766 0.234717086 0.916192710
v 0.382428586 0.507824302 0.691687286
vn 0.324805766 0.234717086 0.916192710
v 0.382428586 0.480241030 0.698753774
vn 0.324805766 0.234717086 0.916192710
f 1192/1192/1192 1193/1193/1193 1194/1194/1194
v 0.487361073 0.458597481 0.614488959
vn 0.894540846 0.110687941 0.433064699
v 0.487361073 0.487897933 0.606999993
vn 0.894540846 0.110687941 0.433064699
v 0.456627071 0.501988053 0.666882992
vn 0.894540846 0.110687941 0.433064699
f 1195/1195/1195 1196/1196/1196 1197/1197/1197
v 0.487361073 0.458597481 0.614488959
vn 0.894573092 0.110837929 0.432959467
v 0.456627071 0.501988053 0.666882992
vn 0.894573092 0.110837929 0.432959467
v 0.456627011 0.473901778 0.674073219
vn 0.894573092 0.110837929 0.432959467
f 1198/1198/1198 1199/1199/1199 1200/1200/1200
v 0.456627071 0.443293184 0.554904759
vn 0.894541800 -0.110532843 -0.433102190
v 0.456627071 0.473807842 0.547117054
vn 0.894541800 -0.110532843 -0.433102190
v 0.487361073 0.487897933 0.606999993
vn 0.894541800 -0.110532843 -0.433102190
f 1201/1201/1201 1202/1202/1202 1203/1203/1203
v 0.456627071 0.443293184 0.554904759
vn 0.894573212 -0.110671848 -0.433001727
v 0.487361073 0.487897933 0.606999993
vn 0.894573212 -0.110671848 -0.433001727
v 0.487361073 0.458597481 0.614488959
vn 0.894573212 -0.110671848 -0.433001727
f 1204/1204/1204 1205/1205/1205 1206/1206/1206
v 0.382428646 0.436953932 0.530224144
vn 0.324755788 -0.233753979 -0.916456640
v 0.382428646 0.467971563 0.522312701
vn 0.324755788 -0.233753979 -0.916456640
v 0.456627071 0.473807842 0.547117054
vn 0.324755788 -0.233753979 -0.916456640
f 1207/1207/1207 1208/1208/1208 1209/1209/1209
v 0.382428646 0.436953932 0.530224144
vn 0.324806124 -0.233878016 -0.916407108
v 0.456627071 0.473807842 0.547117054
vn 0.324806124 -0.233878016 -0.916407108
v 0.456627071 0.443293184 0.554904759
vn 0.324806124 -0.233878016 -0.916407108
f 1210/1210/1210 1211/1211/1211 1212/1212/1212
v 0.308230191 0.443293184 0.554904759
vn -0.324754238 -0.233884126 -0.916423976
v 0.308230191 0.473807842 0.547116995
vn -0.324754238 -0.233884126 -0.916423976
v 0.382428646 0.467971563 0.522312701
vn -0.324754238 -0.233884126 -0.916423976
f 1213/1213/1213 1214/1214/1214 1215/1215/1215
v 0.308230191 0.443293184 0.554904759
vn -0.324805945 -0.233749732 -0.916439950
v 0.382428646 0.467971563 0.522312701
vn -0.324805945 -0.233749732 -0.916439950
v 0.382428646 0.436953932 0.530224144
vn -0.324805945 -0.233749732 -0.916439950
f 1216/1216/1216 1217/1217/1217 1218/1218/1218
v 0.277496189 0.458597481 0.614488959
vn -0.894540787 -0.110687949 -0.433064699
v 0.277496189 0.487897933 0.606999993
vn -0.894540787 -0.110687949 -0.433064699
v 0.308230191 0.473807842 0.547116995
vn -0.894540787 -0.110687949 -0.433064699
f 1219/1219/1219 1220/1220/1220 1221/1221/1221
v 0.277496189 0.458597481 0.614488959
vn -0.894573092 -0.110518128 -0.433041126
v 0.308230191 0.473807842 0.547116995
vn -0.894573092 -0.110518128 -0.433041126
v 0.308230191 0.443293184 0.554904759
vn -0.894573092 -0.110518128 -0.433041126
f 1222/1222/1222 1223/1223/1223 1224/1224/1224
o Victorian_5_|_closed_curved_padded_back
usemtl UV_Base
v -0.428278059 -0.268000007 0.354108214
vn 0.010624820 0.992511272 0.121690474
v -0.356898367 -0.269528627 0.360343516
vn 0.010624820 0.992511272 0.121690474
v -0.344000012 -0.260500014 0.285579711
vn 0.010624820 0.992511272 0.121690474
f 1225/1225/1225 1226/1226/1226 1227/1227/1227
v -0.428278059 -0.268000007 0.354108214
vn -0.065239787 0.997450113 0.028930841
v -0.344000012 -0.260500014 0.285579711
vn -0.065239787 0.997450113 0.028930841
v -0.412800014 -0.264999986 0.285579711
vn -0.065239787 0.997450113 0.028930841
f 1228/1228/1228 1229/1229/1229 1230/1230/1230
v -0.412800014 -0.428000003 0.285579711
vn 0.000000000 -0.998292208 -0.058417827
v -0.344000012 -0.428000003 0.285579711
vn 0.000000000 -0.998292208 -0.058417827
v -0.356898367 -0.432375014 0.360343516
vn 0.000000000 -0.998292208 -0.058417827
f 1231/1231/1231 1232/1232/1232 1233/1233/1233
v -0.412800014 -0.428000003 0.285579711
vn 0.005458202 -0.998031139 -0.062483702
v -0.356898367 -0.432375014 0.360343516
vn 0.005458202 -0.998031139 -0.062483702
v -0.428278059 -0.432375014 0.354108214
vn 0.005458202 -0.998031139 -0.062483702
f 1234/1234/1234 1235/1235/1235 1236/1236/1236
v -0.356898367 -0.269528627 0.360343516
vn -0.105429053 0.978088498 0.179520249
v -0.285518706 -0.262259752 0.362660170
vn -0.105429053 0.978088498 0.179520249
v -0.275200009 -0.246999994 0.285579711
vn -0.105429053 0.978088498 0.179520249
f 1237/1237/1237 1238/1238/1238 1239/1239/1239
v -0.356898367 -0.269528627 0.360343516
vn -0.191852942 0.977738082 0.084974691
v -0.275200009 -0.246999994 0.285579711
vn -0.191852942 0.977738082 0.084974691
v -0.344000012 -0.260500014 0.285579711
vn -0.191852942 0.977738082 0.084974691
f 1240/1240/1240 1241/1241/1241 1242/1242/1242
v -0.344000012 -0.428000003 0.285579711
vn 0.000000000 -0.998393059 -0.056667805
v -0.275200009 -0.428000003 0.285579711
vn 0.000000000 -0.998393059 -0.056667805
v -0.285518706 -0.432375014 0.362660170
vn 0.000000000 -0.998393059 -0.056667805
f 1243/1243/1243 1244/1244/1244 1245/1245/1245
v -0.344000012 -0.428000003 0.285579711
vn 0.001885447 -0.998309314 -0.058093552
v -0.285518706 -0.432375014 0.362660170
vn 0.001885447 -0.998309314 -0.058093552
v -0.356898367 -0.432375014 0.360343516
vn 0.001885447 -0.998309314 -0.058093552
f 1246/1246/1246 1247/1247/1247 1248/1248/1248
v -0.285518706 -0.262259752 0.362660170
vn 0.029178793 0.998181939 0.052738741
v -0.214139029 -0.264382064 0.363336742
vn 0.029178793 0.998181939 0.052738741
v -0.206400007 -0.260500014 0.285579711
vn 0.029178793 0.998181939 0.052738741
f 1249/1249/1249 1250/1250/1250 1251/1251/1251
v -0.285518706 -0.262259752 0.362660170
vn 0.188050553 0.958360016 0.214902431
v -0.206400007 -0.260500014 0.285579711
vn 0.188050553 0.958360016 0.214902431
v -0.275200009 -0.246999994 0.285579711
vn 0.188050553 0.958360016 0.214902431
f 1252/1252/1252 1253/1253/1253 1254/1254/1254
v -0.275200009 -0.428000003 0.285579711
vn 0.000000000 -0.998420894 -0.056176294
v -0.206400007 -0.428000003 0.285579711
vn 0.000000000 -0.998420894 -0.056176294
v -0.214139029 -0.432375014 0.363336742
vn 0.000000000 -0.998420894 -0.056176294
f 1255/1255/1255 1256/1256/1256 1257/1257/1257
v -0.275200009 -0.428000003 0.285579711
vn 0.000536446 -0.998396993 -0.056596212
v -0.214139029 -0.432375014 0.363336742
vn 0.000536446 -0.998396993 -0.056596212
v -0.285518706 -0.432375014 0.362660170
vn 0.000536446 -0.998396993 -0.056596212
f 1258/1258/1258 1259/1259/1259 1260/1260/1260
v -0.214139029 -0.264382064 0.363336742
vn -0.087690137 0.991684020 -0.094197273
v -0.142759353 -0.258057594 0.363470316
vn -0.087690137 0.991684020 -0.094197273
v -0.137600005 -0.264999986 0.285579711
vn -0.087690137 0.991684020 -0.094197273
f 1261/1261/1261 1262/1262/1262 1263/1263/1263
v -0.214139029 -0.264382064 0.363336742
vn 0.065163858 0.996289253 0.056225780
v -0.137600005 -0.264999986 0.285579711
vn 0.065163858 0.996289253 0.056225780
v -0.206400007 -0.260500014 0.285579711
vn 0.065163858 0.996289253 0.056225780
f 1264/1264/1264 1265/1265/1265 1266/1266/1266
v -0.206400007 -0.428000003 0.285579711
vn 0.000000000 -0.998426259 -0.056080263
v -0.137600005 -0.428000003 0.285579711
vn 0.000000000 -0.998426259 -0.056080263
v -0.142759353 -0.432375014 0.363470316
vn 0.000000000 -0.998426259 -0.056080263
f 1267/1267/1267 1268/1268/1268 1269/1269/1269
v -0.206400007 -0.428000003 0.285579711
vn 0.000105107 -0.998421490 -0.056165867
v -0.142759353 -0.432375014 0.363470316
vn 0.000105107 -0.998421490 -0.056165867
v -0.214139029 -0.432375014 0.363336742
vn 0.000105107 -0.998421490 -0.056165867
f 1270/1270/1270 1271/1271/1271 1272/1272/1272
v -0.142759353 -0.258057594 0.363470316
vn 0.046917208 0.998811245 0.013229452
v -0.071379676 -0.261410683 0.363483012
vn 0.046917208 0.998811245 0.013229452
v -0.068800002 -0.260500014 0.285579711
vn 0.046917208 0.998811245 0.013229452
f 1273/1273/1273 1274/1274/1274 1275/1275/1275
v -0.142759353 -0.258057594 0.363470316
vn -0.064985096 0.993556201 -0.092860192
v -0.068800002 -0.260500014 0.285579711
vn -0.064985096 0.993556201 -0.092860192
v -0.137600005 -0.264999986 0.285579711
vn -0.064985096 0.993556201 -0.092860192
f 1276/1276/1276 1277/1277/1277 1278/1278/1278
v -0.137600005 -0.428000003 0.285579711
vn 0.000000000 -0.998426855 -0.056071155
v -0.068800002 -0.428000003 0.285579711
vn 0.000000000 -0.998426855 -0.056071155
v -0.071379676 -0.432375014 0.363483012
vn 0.000000000 -0.998426855 -0.056071155
f 1279/1279/1279 1280/1280/1280 1281/1281/1281
v -0.137600005 -0.428000003 0.285579711
vn 0.000009972 -0.998426259 -0.056079600
v -0.071379676 -0.432375014 0.363483012
vn 0.000009972 -0.998426259 -0.056079600
v -0.142759353 -0.432375014 0.363470316
vn 0.000009972 -0.998426259 -0.056079600
f 1282/1282/1282 1283/1283/1283 1284/1284/1284
v -0.071379676 -0.261410683 0.363483012
vn -0.067861103 0.990328431 0.121014275
v 0.000000000 -0.256519496 0.363483191
vn -0.067861103 0.990328431 0.121014275
v 0.000000000 -0.246999994 0.285579711
vn -0.067861103 0.990328431 0.121014275
f 1285/1285/1285 1286/1286/1286 1287/1287/1287
v -0.071379676 -0.261410683 0.363483012
vn -0.192546889 0.981274605 0.005094888
v 0.000000000 -0.246999994 0.285579711
vn -0.192546889 0.981274605 0.005094888
v -0.068800002 -0.260500014 0.285579711
vn -0.192546889 0.981274605 0.005094888
f 1288/1288/1288 1289/1289/1289 1290/1290/1290
v -0.068800002 -0.428000003 0.285579711
vn 0.000000000 -0.998426795 -0.056071024
v 0.000000000 -0.428000003 0.285579711
vn 0.000000000 -0.998426795 -0.056071024
v 0.000000000 -0.432375014 0.363483191
vn 0.000000000 -0.998426795 -0.056071024
f 1291/1291/1291 1292/1292/1292 1293/1293/1293
v -0.068800002 -0.428000003 0.285579711
vn 0.000000141 -0.998426795 -0.056071144
v 0.000000000 -0.432375014 0.363483191
vn 0.000000141 -0.998426795 -0.056071144
v -0.071379676 -0.432375014 0.363483012
vn 0.000000141 -0.998426795 -0.056071144
f 1294/1294/1294 1295/1295/1295 1296/1296/1296
v 0.000000000 -0.256519496 0.363483191
vn 0.068360217 0.997616470 0.009398215
v 0.071379676 -0.261410683 0.363483012
vn 0.068360217 0.997616470 0.009398215
v 0.068800002 -0.260500014 0.285579711
vn 0.068360217 0.997616470 0.009398215
f 1297/1297/1297 1298/1298/1298 1299/1299/1299
v 0.000000000 -0.256519496 0.363483191
vn 0.191179872 0.974307775 0.119056627
v 0.068800002 -0.260500014 0.285579711
vn 0.191179872 0.974307775 0.119056627
v 0.000000000 -0.246999994 0.285579711
vn 0.191179872 0.974307775 0.119056627
f 1300/1300/1300 1301/1301/1301 1302/1302/1302
v 0.000000000 -0.428000003 0.285579711
vn 0.000000000 -0.998426855 -0.056071155
v 0.068800002 -0.428000003 0.285579711
vn 0.000000000 -0.998426855 -0.056071155
v 0.071379676 -0.432375014 0.363483012
vn 0.000000000 -0.998426855 -0.056071155
f 1303/1303/1303 1304/1304/1304 1305/1305/1305
v 0.000000000 -0.428000003 0.285579711
vn -0.000000141 -0.998426855 -0.056071024
v 0.071379676 -0.432375014 0.363483012
vn -0.000000141 -0.998426855 -0.056071024
v 0.000000000 -0.432375014 0.363483191
vn -0.000000141 -0.998426855 -0.056071024
f 1306/1306/1306 1307/1307/1307 1308/1308/1308
v 0.071379676 -0.261410683 0.363483012
vn -0.046766598 0.995230794 -0.085607201
v 0.142759353 -0.258057594 0.363470316
vn -0.046766598 0.995230794 -0.085607201
v 0.137600005 -0.264999986 0.285579711
vn -0.046766598 0.995230794 -0.085607201
f 1309/1309/1309 1310/1310/1310 1311/1311/1311
v 0.071379676 -0.261410683 0.363483012
vn 0.065264158 0.997822702 0.009503148
v 0.137600005 -0.264999986 0.285579711
vn 0.065264158 0.997822702 0.009503148
v 0.068800002 -0.260500014 0.285579711
vn 0.065264158 0.997822702 0.009503148
f 1312/1312/1312 1313/1313/1313 1314/1314/1314
v 0.068800002 -0.428000003 0.285579711
vn 0.000000000 -0.998426259 -0.056080263
v 0.137600005 -0.428000003 0.285579711
vn 0.000000000 -0.998426259 -0.056080263
v 0.142759353 -0.432375014 0.363470316
vn 0.000000000 -0.998426259 -0.056080263
f 1315/1315/1315 1316/1316/1316 1317/1317/1317
v 0.068800002 -0.428000003 0.285579711
vn -0.000009970 -0.998426795 -0.056070819
v 0.142759353 -0.432375014 0.363470316
vn -0.000009970 -0.998426795 -0.056070819
v 0.071379676 -0.432375014 0.363483012
vn -0.000009970 -0.998426795 -0.056070819
f 1318/1318/1318 1319/1319/1319 1320/1320/1320
v 0.142759353 -0.258057594 0.363470316
vn 0.088259555 0.995257318 0.040904291
v 0.214139029 -0.264382064 0.363336742
vn 0.088259555 0.995257318 0.040904291
v 0.206400007 -0.260500014 0.285579711
vn 0.088259555 0.995257318 0.040904291
f 1321/1321/1321 1322/1322/1322 1323/1323/1323
v 0.142759353 -0.258057594 0.363470316
vn -0.065034695 0.994314551 -0.084315479
v 0.206400007 -0.260500014 0.285579711
vn -0.065034695 0.994314551 -0.084315479
v 0.137600005 -0.264999986 0.285579711
vn -0.065034695 0.994314551 -0.084315479
f 1324/1324/1324 1325/1325/1325 1326/1326/1326
v 0.137600005 -0.428000003 0.285579711
vn 0.000000000 -0.998420894 -0.056176294
v 0.206400007 -0.428000003 0.285579711
vn 0.000000000 -0.998420894 -0.056176294
v 0.214139029 -0.432375014 0.363336742
vn 0.000000000 -0.998420894 -0.056176294
f 1327/1327/1327 1328/1328/1328 1329/1329/1329
v 0.137600005 -0.428000003 0.285579711
vn -0.000104934 -0.998426676 -0.056073334
v 0.214139029 -0.432375014 0.363336742
vn -0.000104934 -0.998426676 -0.056073334
v 0.142759353 -0.432375014 0.363470316
vn -0.000104934 -0.998426676 -0.056073334
f 1330/1330/1330 1331/1331/1331 1332/1332/1332
v 0.214139029 -0.264382064 0.363336742
vn -0.027261620 0.979895294 0.197641119
v 0.285518706 -0.262259752 0.362660170
vn -0.027261620 0.979895294 0.197641119
v 0.275200009 -0.246999994 0.285579711
vn -0.027261620 0.979895294 0.197641119
f 1333/1333/1333 1334/1334/1334 1335/1335/1335
v 0.214139029 -0.264382064 0.363336742
vn -0.192103699 0.979016125 0.067997515
v 0.275200009 -0.246999994 0.285579711
vn -0.192103699 0.979016125 0.067997515
v 0.206400007 -0.260500014 0.285579711
vn -0.192103699 0.979016125 0.067997515
f 1336/1336/1336 1337/1337/1337 1338/1338/1338
v 0.206400007 -0.428000003 0.285579711
vn 0.000000000 -0.998393059 -0.056667805
v 0.275200009 -0.428000003 0.285579711
vn 0.000000000 -0.998393059 -0.056667805
v 0.285518706 -0.432375014 0.362660170
vn 0.000000000 -0.998393059 -0.056667805
f 1339/1339/1339 1340/1340/1340 1341/1341/1341
v 0.206400007 -0.428000003 0.285579711
vn -0.000531966 -0.998423636 -0.056123506
v 0.285518706 -0.432375014 0.362660170
vn -0.000531966 -0.998423636 -0.056123506
v 0.214139029 -0.432375014 0.363336742
vn -0.000531966 -0.998423636 -0.056123506
f 1342/1342/1342 1343/1343/1343 1344/1344/1344
v 0.285518706 -0.262259752 0.362660170
vn 0.104047313 0.989376664 0.101528533
v 0.356898367 -0.269528627 0.360343516
vn 0.104047313 0.989376664 0.101528533
v 0.344000012 -0.260500014 0.285579711
vn 0.104047313 0.989376664 0.101528533
f 1345/1345/1345 1346/1346/1346 1347/1347/1347
v 0.285518706 -0.262259752 0.362660170
vn 0.189873070 0.967648029 0.166148886
v 0.344000012 -0.260500014 0.285579711
vn 0.189873070 0.967648029 0.166148886
v 0.275200009 -0.246999994 0.285579711
vn 0.189873070 0.967648029 0.166148886
f 1348/1348/1348 1349/1349/1349 1350/1350/1350
v 0.275200009 -0.428000003 0.285579711
vn 0.000000000 -0.998292208 -0.058417827
v 0.344000012 -0.428000003 0.285579711
vn 0.000000000 -0.998292208 -0.058417827
v 0.356898367 -0.432375014 0.360343516
vn 0.000000000 -0.998292208 -0.058417827
f 1351/1351/1351 1352/1352/1352 1353/1353/1353
v 0.275200009 -0.428000003 0.285579711
vn -0.001831240 -0.998405278 -0.056423355
v 0.356898367 -0.432375014 0.360343516
vn -0.001831240 -0.998405278 -0.056423355
v 0.285518706 -0.432375014 0.362660170
vn -0.001831240 -0.998405278 -0.056423355
f 1354/1354/1354 1355/1355/1355 1356/1356/1356
v 0.356898367 -0.269528627 0.360343516
vn -0.017228700 0.998717248 0.047612879
v 0.428278059 -0.268000007 0.354108214
vn -0.017228700 0.998717248 0.047612879
v 0.412800014 -0.264999986 0.285579711
vn -0.017228700 0.998717248 0.047612879
f 1357/1357/1357 1358/1358/1358 1359/1359/1359
v 0.356898367 -0.269528627 0.360343516
vn 0.064881101 0.991966188 0.108598270
v 0.412800014 -0.264999986 0.285579711
vn 0.064881101 0.991966188 0.108598270
v 0.344000012 -0.260500014 0.285579711
vn 0.064881101 0.991966188 0.108598270
f 1360/1360/1360 1361/1361/1361 1362/1362/1362
v 0.344000012 -0.428000003 0.285579711
vn 0.000000000 -0.997968256 -0.063712493
v 0.412800014 -0.428000003 0.285579711
vn 0.000000000 -0.997968256 -0.063712493
v 0.428278059 -0.432375014 0.354108214
vn 0.000000000 -0.997968256 -0.063712493
f 1363/1363/1363 1364/1364/1364 1365/1365/1365
v 0.344000012 -0.428000003 0.285579711
vn -0.005027458 -0.998329759 -0.057552684
v 0.428278059 -0.432375014 0.354108214
vn -0.005027458 -0.998329759 -0.057552684
v 0.356898367 -0.432375014 0.360343516
vn -0.005027458 -0.998329759 -0.057552684
f 1366/1366/1366 1367/1367/1367 1368/1368/1368
v -0.429932803 -0.261999995 0.422636688
vn 0.109636925 0.993936121 0.008416501
v -0.358277351 -0.270009607 0.435107350
vn 0.109636925 0.993936121 0.008416501
v -0.356898367 -0.269528627 0.360343516
vn 0.109636925 0.993936121 0.008416501
f 1369/1369/1369 1370/1370/1370 1371/1371/1371
v -0.429932803 -0.261999995 0.422636688
vn 0.028881615 0.995833814 -0.086492859
v -0.356898367 -0.269528627 0.360343516
vn 0.028881615 0.995833814 -0.086492859
v -0.428278059 -0.268000007 0.354108214
vn 0.028881615 0.995833814 -0.086492859
f 1372/1372/1372 1373/1373/1373 1374/1374/1374
v -0.428278059 -0.432375014 0.354108214
vn 0.005094748 -0.998284757 -0.058323003
v -0.356898367 -0.432375014 0.360343516
vn 0.005094748 -0.998284757 -0.058323003
v -0.358277351 -0.436749995 0.435107350
vn 0.005094748 -0.998284757 -0.058323003
f 1375/1375/1375 1376/1376/1376 1377/1377/1377
v -0.428278059 -0.432375014 0.354108214
vn 0.011041340 -0.997924387 -0.063442670
v -0.358277351 -0.436749995 0.435107350
vn 0.011041340 -0.997924387 -0.063442670
v -0.429932803 -0.436749995 0.422636688
vn 0.011041340 -0.997924387 -0.063442670
f 1378/1378/1378 1379/1379/1379 1380/1380/1380
v -0.358277351 -0.270009607 0.435107350
vn -0.014507216 0.995658994 0.091938540
v -0.286621869 -0.269393384 0.439740598
vn -0.014507216 0.995658994 0.091938540
v -0.285518706 -0.262259752 0.362660170
vn -0.014507216 0.995658994 0.091938540
f 1381/1381/1381 1382/1382/1382 1383/1383/1383
v -0.358277351 -0.270009607 0.435107350
vn -0.101454474 0.994829893 0.004528779
v -0.285518706 -0.262259752 0.362660170
vn -0.101454474 0.994829893 0.004528779
v -0.356898367 -0.269528627 0.360343516
vn -0.101454474 0.994829893 0.004528779
f 1384/1384/1384 1385/1385/1385 1386/1386/1386
v -0.356898367 -0.432375014 0.360343516
vn 0.001838309 -0.998392940 -0.056641124
v -0.285518706 -0.432375014 0.362660170
vn 0.001838309 -0.998392940 -0.056641124
v -0.286621869 -0.436749995 0.439740598
vn 0.001838309 -0.998392940 -0.056641124
f 1387/1387/1387 1388/1388/1388 1389/1389/1389
v -0.356898367 -0.432375014 0.360343516
vn 0.003772759 -0.998289168 -0.058347642
v -0.286621869 -0.436749995 0.439740598
vn 0.003772759 -0.998289168 -0.058347642
v -0.358277351 -0.436749995 0.435107350
vn 0.003772759 -0.998289168 -0.058347642
f 1390/1390/1390 1391/1391/1391 1392/1392/1392
v -0.286621869 -0.269393384 0.439740598
vn -0.122064419 0.991221964 -0.050785985
v -0.214966401 -0.260500014 0.441093743
vn -0.122064419 0.991221964 -0.050785985
v -0.214139029 -0.264382064 0.363336742
vn -0.122064419 0.991221964 -0.050785985
f 1393/1393/1393 1394/1394/1394 1395/1395/1395
v -0.286621869 -0.269393384 0.439740598
vn 0.028715888 0.995296299 0.092523575
v -0.214139029 -0.264382064 0.363336742
vn 0.028715888 0.995296299 0.092523575
v -0.285518706 -0.262259752 0.362660170
vn 0.028715888 0.995296299 0.092523575
f 1396/1396/1396 1397/1397/1397 1398/1398/1398
v -0.285518706 -0.432375014 0.362660170
vn 0.000532410 -0.998421133 -0.056170277
v -0.214139029 -0.432375014 0.363336742
vn 0.000532410 -0.998421133 -0.056170277
v -0.214966401 -0.436749995 0.441093743
vn 0.000532410 -0.998421133 -0.056170277
f 1399/1399/1399 1400/1400/1400 1401/1401/1401
v -0.285518706 -0.432375014 0.362660170
vn 0.001069821 -0.998393357 -0.056652144
v -0.214966401 -0.436749995 0.441093743
vn 0.001069821 -0.998393357 -0.056652144
v -0.286621869 -0.436749995 0.439740598
vn 0.001069821 -0.998393357 -0.056652144
f 1402/1402/1402 1403/1403/1403 1404/1404/1404
v -0.214966401 -0.260500014 0.441093743
vn -0.224846974 0.957807720 -0.179020271
v -0.143310934 -0.243628830 0.441360950
vn -0.224846974 0.957807720 -0.179020271
v -0.142759353 -0.258057594 0.363470316
vn -0.224846974 0.957807720 -0.179020271
f 1405/1405/1405 1406/1406/1406 1407/1407/1407
v -0.214966401 -0.260500014 0.441093743
vn -0.088050440 0.994829774 -0.050604194
v -0.142759353 -0.258057594 0.363470316
vn -0.088050440 0.994829774 -0.050604194
v -0.214139029 -0.264382064 0.363336742
vn -0.088050440 0.994829774 -0.050604194
f 1408/1408/1408 1409/1409/1409 1410/1410/1410
v -0.214139029 -0.432375014 0.363336742
vn 0.000104942 -0.998426318 -0.056079116
v -0.142759353 -0.432375014 0.363470316
vn 0.000104942 -0.998426318 -0.056079116
v -0.143310934 -0.436749995 0.441360950
vn 0.000104942 -0.998426318 -0.056079116
f 1411/1411/1411 1412/1412/1412 1413/1413/1413
v -0.214139029 -0.432375014 0.363336742
vn 0.000209478 -0.998421013 -0.056173712
v -0.143310934 -0.436749995 0.441360950
vn 0.000209478 -0.998421013 -0.056173712
v -0.214966401 -0.436749995 0.441093743
vn 0.000209478 -0.998421013 -0.056173712
f 1414/1414/1414 1415/1415/1415 1416/1416/1416
v -0.143310934 -0.243628830 0.441360950
vn 0.156381160 0.984424472 -0.080333382
v -0.071655467 -0.255009621 0.441386282
vn 0.156381160 0.984424472 -0.080333382
v -0.071379676 -0.261410683 0.363483012
vn 0.156381160 0.984424472 -0.080333382
f 1417/1417/1417 1418/1418/1418 1419/1419/1419
v -0.143310934 -0.243628830 0.441360950
vn 0.046175364 0.982281387 -0.181634620
v -0.071379676 -0.261410683 0.363483012
vn 0.046175364 0.982281387 -0.181634620
v -0.142759353 -0.258057594 0.363470316
vn 0.046175364 0.982281387 -0.181634620
f 1420/1420/1420 1421/1421/1421 1422/1422/1422
v -0.142759353 -0.432375014 0.363470316
vn 0.000009973 -0.998426795 -0.056070760
v -0.071379676 -0.432375014 0.363483012
vn 0.000009973 -0.998426795 -0.056070760
v -0.071655467 -0.436749995 0.441386282
vn 0.000009973 -0.998426795 -0.056070760
f 1423/1423/1423 1424/1424/1424 1425/1425/1425
v -0.142759353 -0.432375014 0.363470316
vn 0.000019826 -0.998426259 -0.056079723
v -0.071655467 -0.436749995 0.441386282
vn 0.000019826 -0.998426259 -0.056079723
v -0.143310934 -0.436749995 0.441360950
vn 0.000019826 -0.998426259 -0.056079723
f 1426/1426/1426 1427/1427/1427 1428/1428/1428
v -0.071655467 -0.255009621 0.441386282
vn 0.052617554 0.998192132 0.029051347
v 0.000000000 -0.258786798 0.441386700
vn 0.052617554 0.998192132 0.029051347
v 0.000000000 -0.256519496 0.363483191
vn 0.052617554 0.998192132 0.029051347
f 1429/1429/1429 1430/1430/1430 1431/1431/1431
v -0.071655467 -0.255009621 0.441386282
vn -0.068133123 0.994305611 -0.081940114
v 0.000000000 -0.256519496 0.363483191
vn -0.068133123 0.994305611 -0.081940114
v -0.071379676 -0.261410683 0.363483012
vn -0.068133123 0.994305611 -0.081940114
f 1432/1432/1432 1433/1433/1433 1434/1434/1434
v -0.071379676 -0.432375014 0.363483012
vn 0.000000140 -0.998426855 -0.056070622
v 0.000000000 -0.432375014 0.363483191
vn 0.000000140 -0.998426855 -0.056070622
v 0.000000000 -0.436749995 0.441386700
vn 0.000000140 -0.998426855 -0.056070622
f 1435/1435/1435 1436/1436/1436 1437/1437/1437
v -0.071379676 -0.432375014 0.363483012
vn 0.000000328 -0.998426735 -0.056070790
v 0.000000000 -0.436749995 0.441386700
vn 0.000000328 -0.998426735 -0.056070790
v -0.071655467 -0.436749995 0.441386282
vn 0.000000328 -0.998426735 -0.056070790
f 1438/1438/1438 1439/1439/1439 1440/1440/1440
v 0.000000000 -0.258786798 0.441386700
vn -0.052464895 0.995283782 -0.081593551
v 0.071655467 -0.255009621 0.441386282
vn -0.052464895 0.995283782 -0.081593551
v 0.071379676 -0.261410683 0.363483012
vn -0.052464895 0.995283782 -0.081593551
f 1441/1441/1441 1442/1442/1442 1443/1443/1443
v 0.000000000 -0.258786798 0.441386700
vn 0.068334490 0.997240305 0.029023645
v 0.071379676 -0.261410683 0.363483012
vn 0.068334490 0.997240305 0.029023645
v 0.000000000 -0.256519496 0.363483191
vn 0.068334490 0.997240305 0.029023645
f 1444/1444/1444 1445/1445/1445 1446/1446/1446
v 0.000000000 -0.432375014 0.363483191
vn -0.000000140 -0.998426795 -0.056070786
v 0.071379676 -0.432375014 0.363483012
vn -0.000000140 -0.998426795 -0.056070786
v 0.071655467 -0.436749995 0.441386282
vn -0.000000140 -0.998426795 -0.056070786
f 1447/1447/1447 1448/1448/1448 1449/1449/1449
v 0.000000000 -0.432375014 0.363483191
vn -0.000000328 -0.998426795 -0.056070618
v 0.071655467 -0.436749995 0.441386282
vn -0.000000328 -0.998426795 -0.056070618
v 0.000000000 -0.436749995 0.441386700
vn -0.000000328 -0.998426795 -0.056070618
f 1450/1450/1450 1451/1451/1451 1452/1452/1452
v 0.071655467 -0.255009621 0.441386282
vn -0.154391393 0.971677184 -0.178903937
v 0.143310934 -0.243628830 0.441360950
vn -0.154391393 0.971677184 -0.178903937
v 0.142759353 -0.258057594 0.363470316
vn -0.154391393 0.971677184 -0.178903937
f 1453/1453/1453 1454/1454/1454 1455/1455/1455
v 0.071655467 -0.255009621 0.441386282
vn -0.046781525 0.995563626 -0.081636652
v 0.142759353 -0.258057594 0.363470316
vn -0.046781525 0.995563626 -0.081636652
v 0.071379676 -0.261410683 0.363483012
vn -0.046781525 0.995563626 -0.081636652
f 1456/1456/1456 1457/1457/1457 1458/1458/1458
v 0.071379676 -0.432375014 0.363483012
vn -0.000009975 -0.998426259 -0.056079790
v 0.142759353 -0.432375014 0.363470316
vn -0.000009975 -0.998426259 -0.056079790
v 0.143310934 -0.436749995 0.441360950
vn -0.000009975 -0.998426259 -0.056079790
f 1459/1459/1459 1460/1460/1460 1461/1461/1461
v 0.071379676 -0.432375014 0.363483012
vn -0.000019822 -0.998426795 -0.056070723
v 0.143310934 -0.436749995 0.441360950
vn -0.000019822 -0.998426795 -0.056070723
v 0.071655467 -0.436749995 0.441386282
vn -0.000019822 -0.998426795 -0.056070723
f 1462/1462/1462 1463/1463/1463 1464/1464/1464
v 0.143310934 -0.243628830 0.441360950
vn 0.228703901 0.972160816 -0.050969049
v 0.214966401 -0.260500014 0.441093743
vn 0.228703901 0.972160816 -0.050969049
v 0.214139029 -0.264382064 0.363336742
vn 0.228703901 0.972160816 -0.050969049
f 1465/1465/1465 1466/1466/1466 1467/1467/1467
v 0.143310934 -0.243628830 0.441360950
vn 0.086444512 0.979481220 -0.182055071
v 0.214139029 -0.264382064 0.363336742
vn 0.086444512 0.979481220 -0.182055071
v 0.142759353 -0.258057594 0.363470316
vn 0.086444512 0.979481220 -0.182055071
f 1468/1468/1468 1469/1469/1469 1470/1470/1470
v 0.142759353 -0.432375014 0.363470316
vn -0.000105121 -0.998421013 -0.056174822
v 0.214139029 -0.432375014 0.363336742
vn -0.000105121 -0.998421013 -0.056174822
v 0.214966401 -0.436749995 0.441093743
vn -0.000105121 -0.998421013 -0.056174822
f 1471/1471/1471 1472/1472/1472 1473/1473/1473
v 0.142759353 -0.432375014 0.363470316
vn -0.000209117 -0.998426318 -0.056078386
v 0.214966401 -0.436749995 0.441093743
vn -0.000209117 -0.998426318 -0.056078386
v 0.143310934 -0.436749995 0.441360950
vn -0.000209117 -0.998426318 -0.056078386
f 1474/1474/1474 1475/1475/1475 1476/1476/1476
v 0.214966401 -0.260500014 0.441093743
vn 0.124339253 0.988179266 0.089674406
v 0.286621869 -0.269393384 0.439740598
vn 0.124339253 0.988179266 0.089674406
v 0.285518706 -0.262259752 0.362660170
vn 0.124339253 0.988179266 0.089674406
f 1477/1477/1477 1478/1478/1478 1479/1479/1479
v 0.214966401 -0.260500014 0.441093743
vn -0.030152095 0.998317838 -0.049520601
v 0.285518706 -0.262259752 0.362660170
vn -0.030152095 0.998317838 -0.049520601
v 0.214139029 -0.264382064 0.363336742
vn -0.030152095 0.998317838 -0.049520601
f 1480/1480/1480 1481/1481/1481 1482/1482/1482
v 0.214139029 -0.432375014 0.363336742
vn -0.000537050 -0.998393357 -0.056659773
v 0.285518706 -0.432375014 0.362660170
vn -0.000537050 -0.998393357 -0.056659773
v 0.286621869 -0.436749995 0.439740598
vn -0.000537050 -0.998393357 -0.056659773
f 1483/1483/1483 1484/1484/1484 1485/1485/1485
v 0.214139029 -0.432375014 0.363336742
vn -0.001060615 -0.998420954 -0.056164656
v 0.286621869 -0.436749995 0.439740598
vn -0.001060615 -0.998420954 -0.056164656
v 0.214966401 -0.436749995 0.441093743
vn -0.001060615 -0.998420954 -0.056164656
f 1486/1486/1486 1487/1487/1487 1488/1488/1488
v 0.286621869 -0.269393384 0.439740598
vn 0.009004495 0.999939859 0.006266850
v 0.358277351 -0.270009607 0.435107350
vn 0.009004495 0.999939859 0.006266850
v 0.356898367 -0.269528627 0.360343516
vn 0.009004495 0.999939859 0.006266850
f 1489/1489/1489 1490/1490/1490 1491/1491/1491
v 0.286621869 -0.269393384 0.439740598
vn 0.103793681 0.990501761 0.090183392
v 0.356898367 -0.269528627 0.360343516
vn 0.103793681 0.990501761 0.090183392
v 0.285518706 -0.262259752 0.362660170
vn 0.103793681 0.990501761 0.090183392
f 1492/1492/1492 1493/1493/1493 1494/1494/1494
v 0.285518706 -0.432375014 0.362660170
vn -0.001894825 -0.998292506 -0.058382478
v 0.356898367 -0.432375014 0.360343516
vn -0.001894825 -0.998292506 -0.058382478
v 0.358277351 -0.436749995 0.435107350
vn -0.001894825 -0.998292506 -0.058382478
f 1495/1495/1495 1496/1496/1496 1497/1497/1497
v 0.285518706 -0.432375014 0.362660170
vn -0.003660721 -0.998389423 -0.056614839
v 0.358277351 -0.436749995 0.435107350
vn -0.003660721 -0.998389423 -0.056614839
v 0.286621869 -0.436749995 0.439740598
vn -0.003660721 -0.998389423 -0.056614839
f 1498/1498/1498 1499/1499/1499 1500/1500/1500
v 0.358277351 -0.270009607 0.435107350
vn -0.125047266 0.988627434 -0.083539799
v 0.429932803 -0.261999995 0.422636688
vn -0.125047266 0.988627434 -0.083539799
v 0.428278059 -0.268000007 0.354108214
vn -0.125047266 0.988627434 -0.083539799
f 1501/1501/1501 1502/1502/1502 1503/1503/1503
v 0.358277351 -0.270009607 0.435107350
vn -0.020814829 0.999760151 0.006815697
v 0.428278059 -0.268000007 0.354108214
vn -0.020814829 0.999760151 0.006815697
v 0.356898367 -0.269528627 0.360343516
vn -0.020814829 0.999760151 0.006815697
f 1504/1504/1504 1505/1505/1505 1506/1506/1506
v 0.356898367 -0.432375014 0.360343516
vn -0.005553753 -0.997961462 -0.063577548
v 0.428278059 -0.432375014 0.354108214
vn -0.005553753 -0.997961462 -0.063577548
v 0.429932803 -0.436749995 0.422636688
vn -0.005553753 -0.997961462 -0.063577548
f 1507/1507/1507 1508/1508/1508 1509/1509/1509
v 0.356898367 -0.432375014 0.360343516
vn -0.010133821 -0.998251915 -0.058228139
v 0.429932803 -0.436749995 0.422636688
vn -0.010133821 -0.998251915 -0.058228139
v 0.358277351 -0.436749995 0.435107350
vn -0.010133821 -0.998251915 -0.058228139
f 1510/1510/1510 1511/1511/1511 1512/1512/1512
v -0.429999739 -0.282999992 0.491165221
vn -0.072430164 0.988018334 0.136285499
v -0.358333111 -0.280326486 0.509871185
vn -0.072430164 0.988018334 0.136285499
v -0.358277351 -0.270009607 0.435107350
vn -0.072430164 0.988018334 0.136285499
f 1513/1513/1513 1514/1514/1514 1515/1515/1515
v -0.429999739 -0.282999992 0.491165221
vn 0.055785090 0.954610288 0.292586863
v -0.358277351 -0.270009607 0.435107350
vn 0.055785090 0.954610288 0.292586863
v -0.429932803 -0.261999995 0.422636688
vn 0.055785090 0.954610288 0.292586863
f 1516/1516/1516 1517/1517/1517 1518/1518/1518
v -0.429932803 -0.436749995 0.422636688
vn 0.010164989 -0.998241067 -0.058407236
v -0.358277351 -0.436749995 0.435107350
vn 0.010164989 -0.998241067 -0.058407236
v -0.358333111 -0.441125005 0.509871185
vn 0.010164989 -0.998241067 -0.058407236
f 1519/1519/1519 1520/1520/1520 1521/1521/1521
v -0.429932803 -0.436749995 0.422636688
vn 0.016623300 -0.997831464 -0.063687496
v -0.358333111 -0.441125005 0.509871185
vn 0.016623300 -0.997831464 -0.063687496
v -0.429999739 -0.441125005 0.491165221
vn 0.016623300 -0.997831464 -0.063687496
f 1522/1522/1522 1523/1523/1523 1524/1524/1524
v -0.358333111 -0.280326486 0.509871185
vn -0.153884366 0.988083243 -0.003314171
v -0.286666483 -0.269141793 0.516821086
vn -0.153884366 0.988083243 -0.003314171
v -0.286621869 -0.269393384 0.439740598
vn -0.153884366 0.988083243 -0.003314171
f 1525/1525/1525 1526/1526/1526 1527/1527/1527
v -0.358333111 -0.280326486 0.509871185
vn -0.017354524 0.990465343 0.136664256
v -0.286621869 -0.269393384 0.439740598
vn -0.017354524 0.990465343 0.136664256
v -0.358277351 -0.270009607 0.435107350
vn -0.017354524 0.990465343 0.136664256
f 1528/1528/1528 1529/1529/1529 1530/1530/1530
v -0.358277351 -0.436749995 0.435107350
vn 0.003663981 -0.998386562 -0.056665298
v -0.286621869 -0.436749995 0.439740598
vn 0.003663981 -0.998386562 -0.056665298
v -0.286666483 -0.441125005 0.516821086
vn 0.003663981 -0.998386562 -0.056665298
f 1531/1531/1531 1532/1532/1532 1533/1533/1533
v -0.358277351 -0.436749995 0.435107350
vn 0.005664595 -0.998276532 -0.058412660
v -0.286666483 -0.441125005 0.516821086
vn 0.005664595 -0.998276532 -0.058412660
v -0.358333111 -0.441125005 0.509871185
vn 0.005664595 -0.998276532 -0.058412660
f 1534/1534/1534 1535/1535/1535 1536/1536/1536
v -0.286666483 -0.269141793 0.516821086
vn -0.019907095 0.995303690 0.094732687
v -0.214999869 -0.267901570 0.518850744
vn -0.019907095 0.995303690 0.094732687
v -0.214966401 -0.260500014 0.441093743
vn -0.019907095 0.995303690 0.094732687
f 1537/1537/1537 1538/1538/1538 1539/1539/1539
v -0.286666483 -0.269141793 0.516821086
vn -0.123105682 0.992388010 -0.003310414
v -0.214966401 -0.260500014 0.441093743
vn -0.123105682 0.992388010 -0.003310414
v -0.286621869 -0.269393384 0.439740598
vn -0.123105682 0.992388010 -0.003310414
f 1540/1540/1540 1541/1541/1541 1542/1542/1542
v -0.286621869 -0.436749995 0.439740598
vn 0.001060827 -0.998420298 -0.056175824
v -0.214966401 -0.436749995 0.441093743
vn 0.001060827 -0.998420298 -0.056175824
v -0.214999869 -0.441125005 0.518850744
vn 0.001060827 -0.998420298 -0.056175824
f 1543/1543/1543 1544/1544/1544 1545/1545/1545
v -0.286621869 -0.436749995 0.439740598
vn 0.001604847 -0.998391926 -0.056666791
v -0.214999869 -0.441125005 0.518850744
vn 0.001604847 -0.998391926 -0.056666791
v -0.286666483 -0.441125005 0.516821086
vn 0.001604847 -0.998391926 -0.056666791
f 1546/1546/1546 1547/1547/1547 1548/1548/1548
v -0.214999869 -0.267901570 0.518850744
vn -0.122064956 0.973756373 0.192090169
v -0.143333241 -0.258996904 0.519251645
vn -0.122064956 0.973756373 0.192090169
v -0.143310934 -0.243628830 0.441360950
vn -0.122064956 0.973756373 0.192090169
f 1549/1549/1549 1550/1550/1550 1551/1551/1551
v -0.214999869 -0.267901570 0.518850744
vn -0.228532210 0.969164789 0.092154771
v -0.143310934 -0.243628830 0.441360950
vn -0.228532210 0.969164789 0.092154771
v -0.214966401 -0.260500014 0.441093743
vn -0.228532210 0.969164789 0.092154771
f 1552/1552/1552 1553/1553/1553 1554/1554/1554
v -0.214966401 -0.436749995 0.441093743
vn 0.000209126 -0.998426259 -0.056080140
v -0.143310934 -0.436749995 0.441360950
vn 0.000209126 -0.998426259 -0.056080140
v -0.143333241 -0.441125005 0.519251645
vn 0.000209126 -0.998426259 -0.056080140
f 1555/1555/1555 1556/1556/1556 1557/1557/1557
v -0.214966401 -0.436749995 0.441093743
vn 0.000314247 -0.998420835 -0.056176186
v -0.143333241 -0.441125005 0.519251645
vn 0.000314247 -0.998420835 -0.056176186
v -0.214999869 -0.441125005 0.518850744
vn 0.000314247 -0.998420835 -0.056176186
f 1558/1558/1558 1559/1559/1559 1560/1560/1560
v -0.143333241 -0.258996904 0.519251645
vn 0.024044724 0.997028172 0.073189221
v -0.071666621 -0.260728031 0.519289613
vn 0.024044724 0.997028172 0.073189221
v -0.071655467 -0.255009621 0.441386282
vn 0.024044724 0.997028172 0.073189221
f 1561/1561/1561 1562/1562/1562 1563/1563/1563
v -0.143333241 -0.258996904 0.519251645
vn 0.153897256 0.969390035 0.191307724
v -0.071655467 -0.255009621 0.441386282
vn 0.153897256 0.969390035 0.191307724
v -0.143310934 -0.243628830 0.441360950
vn 0.153897256 0.969390035 0.191307724
f 1564/1564/1564 1565/1565/1565 1566/1566/1566
v -0.143310934 -0.436749995 0.441360950
vn 0.000019823 -0.998426735 -0.056071121
v -0.071655467 -0.436749995 0.441386282
vn 0.000019823 -0.998426735 -0.056071121
v -0.071666621 -0.441125005 0.519289613
vn 0.000019823 -0.998426735 -0.056071121
f 1567/1567/1567 1568/1568/1568 1569/1569/1569
v -0.143310934 -0.436749995 0.441360950
vn 0.000029713 -0.998426318 -0.056080192
v -0.071666621 -0.441125005 0.519289613
vn 0.000029713 -0.998426318 -0.056080192
v -0.143333241 -0.441125005 0.519251645
vn 0.000029713 -0.998426318 -0.056080192
f 1570/1570/1570 1571/1571/1571 1572/1572/1572
v -0.071666621 -0.260728031 0.519289613
vn -0.075673856 0.996126056 -0.044793904
v 0.000000000 -0.255283624 0.519290209
vn -0.075673856 0.996126056 -0.044793904
v 0.000000000 -0.258786798 0.441386700
vn -0.075673856 0.996126056 -0.044793904
f 1573/1573/1573 1574/1574/1574 1575/1575/1575
v -0.071666621 -0.260728031 0.519289613
vn 0.052498635 0.995940924 0.073113486
v 0.000000000 -0.258786798 0.441386700
vn 0.052498635 0.995940924 0.073113486
v -0.071655467 -0.255009621 0.441386282
vn 0.052498635 0.995940924 0.073113486
f 1576/1576/1576 1577/1577/1577 1578/1578/1578
v -0.071655467 -0.436749995 0.441386282
vn 0.000000326 -0.998426795 -0.056070998
v 0.000000000 -0.436749995 0.441386700
vn 0.000000326 -0.998426795 -0.056070998
v 0.000000000 -0.441125005 0.519290209
vn 0.000000326 -0.998426795 -0.056070998
f 1579/1579/1579 1580/1580/1580 1581/1581/1581
v -0.071655467 -0.436749995 0.441386282
vn 0.000000463 -0.998426795 -0.056071132
v 0.000000000 -0.441125005 0.519290209
vn 0.000000463 -0.998426795 -0.056071132
v -0.071666621 -0.441125005 0.519289613
vn 0.000000463 -0.998426795 -0.056071132
f 1582/1582/1582 1583/1583/1583 1584/1584/1584
v 0.000000000 -0.255283624 0.519290209
vn 0.075548828 0.994467378 0.072986990
v 0.071666621 -0.260728031 0.519289613
vn 0.075548828 0.994467378 0.072986990
v 0.071655467 -0.255009621 0.441386282
vn 0.075548828 0.994467378 0.072986990
f 1585/1585/1585 1586/1586/1586 1587/1587/1587
v 0.000000000 -0.255283624 0.519290209
vn -0.052587204 0.997608244 -0.044860553
v 0.071655467 -0.255009621 0.441386282
vn -0.052587204 0.997608244 -0.044860553
v 0.000000000 -0.258786798 0.441386700
vn -0.052587204 0.997608244 -0.044860553
f 1588/1588/1588 1589/1589/1589 1590/1590/1590
v 0.000000000 -0.436749995 0.441386700
vn -0.000000326 -0.998426735 -0.056071129
v 0.071655467 -0.436749995 0.441386282
vn -0.000000326 -0.998426735 -0.056071129
v 0.071666621 -0.441125005 0.519289613
vn -0.000000326 -0.998426735 -0.056071129
f 1591/1591/1591 1592/1592/1592 1593/1593/1593
v 0.000000000 -0.436749995 0.441386700
vn -0.000000468 -0.998426795 -0.056071002
v 0.071666621 -0.441125005 0.519289613
vn -0.000000468 -0.998426795 -0.056071002
v 0.000000000 -0.441125005 0.519290209
vn -0.000000468 -0.998426795 -0.056071002
f 1594/1594/1594 1595/1595/1595 1596/1596/1596
v 0.071666621 -0.260728031 0.519289613
vn -0.023589265 0.980811954 0.193523988
v 0.143333241 -0.258996904 0.519251645
vn -0.023589265 0.980811954 0.193523988
v 0.143310934 -0.243628830 0.441360950
vn -0.023589265 0.980811954 0.193523988
f 1597/1597/1597 1598/1598/1598 1599/1599/1599
v 0.071666621 -0.260728031 0.519289613
vn -0.156424642 0.985038102 0.072328053
v 0.143310934 -0.243628830 0.441360950
vn -0.156424642 0.985038102 0.072328053
v 0.071655467 -0.255009621 0.441386282
vn -0.156424642 0.985038102 0.072328053
f 1600/1600/1600 1601/1601/1601 1602/1602/1602
v 0.071655467 -0.436749995 0.441386282
vn -0.000019826 -0.998426318 -0.056080192
v 0.143310934 -0.436749995 0.441360950
vn -0.000019826 -0.998426318 -0.056080192
v 0.143333241 -0.441125005 0.519251645
vn -0.000019826 -0.998426318 -0.056080192
f 1603/1603/1603 1604/1604/1604 1605/1605/1605
v 0.071655467 -0.436749995 0.441386282
vn -0.000029708 -0.998426795 -0.056071125
v 0.143333241 -0.441125005 0.519251645
vn -0.000029708 -0.998426795 -0.056071125
v 0.071666621 -0.441125005 0.519289613
vn -0.000029708 -0.998426795 -0.056071125
f 1606/1606/1606 1607/1607/1607 1608/1608/1608
v 0.143333241 -0.258996904 0.519251645
vn 0.123274997 0.987911940 0.093984589
v 0.214999869 -0.267901570 0.518850744
vn 0.123274997 0.987911940 0.093984589
v 0.214966401 -0.260500014 0.441093743
vn 0.123274997 0.987911940 0.093984589
f 1609/1609/1609 1610/1610/1610 1611/1611/1611
v 0.143333241 -0.258996904 0.519251645
vn 0.225738809 0.955774486 0.188512608
v 0.214966401 -0.260500014 0.441093743
vn 0.225738809 0.955774486 0.188512608
v 0.143310934 -0.243628830 0.441360950
vn 0.225738809 0.955774486 0.188512608
f 1612/1612/1612 1613/1613/1613 1614/1614/1614
v 0.143310934 -0.436749995 0.441360950
vn -0.000209485 -0.998420835 -0.056176223
v 0.214966401 -0.436749995 0.441093743
vn -0.000209485 -0.998420835 -0.056176223
v 0.214999869 -0.441125005 0.518850744
vn -0.000209485 -0.998420835 -0.056176223
f 1615/1615/1615 1616/1616/1616 1617/1617/1617
v 0.143310934 -0.436749995 0.441360950
vn -0.000313710 -0.998426199 -0.056080107
v 0.214999869 -0.441125005 0.518850744
vn -0.000313710 -0.998426199 -0.056080107
v 0.143333241 -0.441125005 0.519251645
vn -0.000313710 -0.998426199 -0.056080107
f 1618/1618/1618 1619/1619/1619 1620/1620/1620
v 0.214999869 -0.267901570 0.518850744
vn 0.017210096 0.999846578 -0.003273467
v 0.286666483 -0.269141793 0.516821086
vn 0.017210096 0.999846578 -0.003273467
v 0.286621869 -0.269393384 0.439740598
vn 0.017210096 0.999846578 -0.003273467
f 1621/1621/1621 1622/1622/1622 1623/1623/1623
v 0.214999869 -0.267901570 0.518850744
vn 0.124370344 0.987776041 0.093971170
v 0.286621869 -0.269393384 0.439740598
vn 0.124370344 0.987776041 0.093971170
v 0.214966401 -0.260500014 0.441093743
vn 0.124370344 0.987776041 0.093971170
f 1624/1624/1624 1625/1625/1625 1626/1626/1626
v 0.214966401 -0.436749995 0.441093743
vn -0.001070104 -0.998392582 -0.056667130
v 0.286621869 -0.436749995 0.439740598
vn -0.001070104 -0.998392582 -0.056667130
v 0.286666483 -0.441125005 0.516821086
vn -0.001070104 -0.998392582 -0.056667130
f 1627/1627/1627 1628/1628/1628 1629/1629/1629
v 0.214966401 -0.436749995 0.441093743
vn -0.001590940 -0.998419642 -0.056175567
v 0.286666483 -0.441125005 0.516821086
vn -0.001590940 -0.998419642 -0.056175567
v 0.214999869 -0.441125005 0.518850744
vn -0.001590940 -0.998419642 -0.056175567
f 1630/1630/1630 1631/1631/1631 1632/1632/1632
v 0.286666483 -0.269141793 0.516821086
vn 0.165532008 0.976963460 0.134690553
v 0.358333111 -0.280326486 0.509871185
vn 0.165532008 0.976963460 0.134690553
v 0.358277351 -0.270009607 0.435107350
vn 0.165532008 0.976963460 0.134690553
f 1633/1633/1633 1634/1634/1634 1635/1635/1635
v 0.286666483 -0.269141793 0.516821086
vn 0.008388093 0.999959469 -0.003268729
v 0.358277351 -0.270009607 0.435107350
vn 0.008388093 0.999959469 -0.003268729
v 0.286621869 -0.269393384 0.439740598
vn 0.008388093 0.999959469 -0.003268729
f 1636/1636/1636 1637/1637/1637 1638/1638/1638
v 0.286621869 -0.436749995 0.439740598
vn -0.003777090 -0.998285294 -0.058414586
v 0.358277351 -0.436749995 0.435107350
vn -0.003777090 -0.998285294 -0.058414586
v 0.358333111 -0.441125005 0.509871185
vn -0.003777090 -0.998285294 -0.058414586
f 1639/1639/1639 1640/1640/1640 1641/1641/1641
v 0.286621869 -0.436749995 0.439740598
vn -0.005494994 -0.998378217 -0.056663755
v 0.358333111 -0.441125005 0.509871185
vn -0.005494994 -0.998378217 -0.056663755
v 0.286666483 -0.441125005 0.516821086
vn -0.005494994 -0.998378217 -0.056663755
f 1642/1642/1642 1643/1643/1643 1644/1644/1644
v 0.358333111 -0.280326486 0.509871185
vn 0.111419767 0.950191677 0.291069478
v 0.429999739 -0.282999992 0.491165221
vn 0.111419767 0.950191677 0.291069478
v 0.429932803 -0.261999995 0.422636688
vn 0.111419767 0.950191677 0.291069478
f 1645/1645/1645 1646/1646/1646 1647/1647/1647
v 0.358333111 -0.280326486 0.509871185
vn -0.086601235 0.986882389 0.136247352
v 0.429932803 -0.261999995 0.422636688
vn -0.086601235 0.986882389 0.136247352
v 0.358277351 -0.270009607 0.435107350
vn -0.086601235 0.986882389 0.136247352
f 1648/1648/1648 1649/1649/1649 1650/1650/1650
v 0.358277351 -0.436749995 0.435107350
vn -0.011085735 -0.997907639 -0.063697763
v 0.429932803 -0.436749995 0.422636688
vn -0.011085735 -0.997907639 -0.063697763
v 0.429999739 -0.441125005 0.491165221
vn -0.011085735 -0.997907639 -0.063697763
f 1651/1651/1651 1652/1652/1652 1653/1653/1653
v 0.358277351 -0.436749995 0.435107350
vn -0.015243110 -0.998176873 -0.058399692
v 0.429999739 -0.441125005 0.491165221
vn -0.015243110 -0.998176873 -0.058399692
v 0.358333111 -0.441125005 0.509871185
vn -0.015243110 -0.998176873 -0.058399692
f 1654/1654/1654 1655/1655/1655 1656/1656/1656
v -0.430000007 -0.294999987 0.559693694
vn -0.179298446 0.983284473 0.031681728
v -0.358333319 -0.282735437 0.584635019
vn -0.179298446 0.983284473 0.031681728
v -0.358333111 -0.280326486 0.509871185
vn -0.179298446 0.983284473 0.031681728
f 1657/1657/1657 1658/1658/1658 1659/1659/1659
v -0.430000007 -0.294999987 0.559693694
vn -0.081494540 0.981735826 0.171911061
v -0.358333111 -0.280326486 0.509871185
vn -0.081494540 0.981735826 0.171911061
v -0.429999739 -0.282999992 0.491165221
vn -0.081494540 0.981735826 0.171911061
f 1660/1660/1660 1661/1661/1661 1662/1662/1662
v -0.429999739 -0.441125005 0.491165221
vn 0.015245956 -0.998176277 -0.058410581
v -0.358333111 -0.441125005 0.509871185
vn 0.015245956 -0.998176277 -0.058410581
v -0.358333319 -0.445499986 0.584635019
vn 0.015245956 -0.998176277 -0.058410581
f 1663/1663/1663 1664/1664/1664 1665/1665/1665
v -0.429999739 -0.441125005 0.491165221
vn 0.022167500 -0.997723043 -0.063696347
v -0.358333319 -0.445499986 0.584635019
vn 0.022167500 -0.997723043 -0.063696347
v -0.430000007 -0.445499986 0.559693694
vn 0.022167500 -0.997723043 -0.063696347
f 1666/1666/1666 1667/1667/1667 1668/1668/1668
v -0.358333319 -0.282735437 0.584635019
vn -0.266203642 0.959805787 -0.088930316
v -0.286666662 -0.261999995 0.593901515
vn -0.266203642 0.959805787 -0.088930316
v -0.286666483 -0.269141793 0.516821086
vn -0.266203642 0.959805787 -0.088930316
f 1669/1669/1669 1670/1670/1670 1671/1671/1671
v -0.358333319 -0.282735437 0.584635019
vn -0.157131106 0.987065494 0.031803612
v -0.286666483 -0.269141793 0.516821086
vn -0.157131106 0.987065494 0.031803612
v -0.358333111 -0.280326486 0.509871185
vn -0.157131106 0.987065494 0.031803612
f 1672/1672/1672 1673/1673/1673 1674/1674/1674
v -0.358333111 -0.441125005 0.509871185
vn 0.005495265 -0.998378038 -0.056666572
v -0.286666483 -0.441125005 0.516821086
vn 0.005495265 -0.998378038 -0.056666572
v -0.286666662 -0.445499986 0.593901515
vn 0.005495265 -0.998378038 -0.056666572
f 1675/1675/1675 1676/1676/1676 1677/1677/1677
v -0.358333111 -0.441125005 0.509871185
vn 0.007553149 -0.998263836 -0.058415722
v -0.286666662 -0.445499986 0.593901515
vn 0.007553149 -0.998263836 -0.058415722
v -0.358333319 -0.445499986 0.584635019
vn 0.007553149 -0.998263836 -0.058415722
f 1678/1678/1678 1679/1679/1679 1680/1680/1680
v -0.286666662 -0.261999995 0.593901515
vn 0.100476719 0.994781554 0.017722212
v -0.215000004 -0.269286811 0.596607745
vn 0.100476719 0.994781554 0.017722212
v -0.214999869 -0.267901570 0.518850744
vn 0.100476719 0.994781554 0.017722212
f 1681/1681/1681 1682/1682/1682 1683/1683/1683
v -0.286666662 -0.261999995 0.593901515
vn -0.014617250 0.995628715 -0.092248872
v -0.214999869 -0.267901570 0.518850744
vn -0.014617250 0.995628715 -0.092248872
v -0.286666483 -0.269141793 0.516821086
vn -0.014617250 0.995628715 -0.092248872
f 1684/1684/1684 1685/1685/1685 1686/1686/1686
v -0.286666483 -0.441125005 0.516821086
vn 0.001590947 -0.998419642 -0.056175869
v -0.214999869 -0.441125005 0.518850744
vn 0.001590947 -0.998419642 -0.056175869
v -0.215000004 -0.445499986 0.596607745
vn 0.001590947 -0.998419642 -0.056175869
f 1687/1687/1687 1688/1688/1688 1689/1689/1689
v -0.286666483 -0.441125005 0.516821086
vn 0.002139833 -0.998390853 -0.056667306
v -0.215000004 -0.445499986 0.596607745
vn 0.002139833 -0.998390853 -0.056667306
v -0.286666662 -0.445499986 0.593901515
vn 0.002139833 -0.998390853 -0.056667306
f 1690/1690/1690 1691/1691/1691 1692/1692/1692
v -0.215000004 -0.269286811 0.596607745
vn -0.004654758 0.991812408 0.127618462
v -0.143333331 -0.269019246 0.597142279
vn -0.004654758 0.991812408 0.127618462
v -0.143333241 -0.258996904 0.519251645
vn -0.004654758 0.991812408 0.127618462
f 1693/1693/1693 1694/1694/1694 1695/1695/1695
v -0.215000004 -0.269286811 0.596607745
vn -0.123381175 0.992201924 0.017675875
v -0.143333241 -0.258996904 0.519251645
vn -0.123381175 0.992201924 0.017675875
v -0.214999869 -0.267901570 0.518850744
vn -0.123381175 0.992201924 0.017675875
f 1696/1696/1696 1697/1697/1697 1698/1698/1698
v -0.214999869 -0.441125005 0.518850744
vn 0.000313709 -0.998426199 -0.056079861
v -0.143333241 -0.441125005 0.519251645
vn 0.000313709 -0.998426199 -0.056079861
v -0.143333331 -0.445499986 0.597142279
vn 0.000313709 -0.998426199 -0.056079861
f 1699/1699/1699 1700/1700/1700 1701/1701/1701
v -0.214999869 -0.441125005 0.518850744
vn 0.000418995 -0.998420835 -0.056175925
v -0.143333331 -0.445499986 0.597142279
vn 0.000418995 -0.998420835 -0.056175925
v -0.215000004 -0.445499986 0.596607745
vn 0.000418995 -0.998420835 -0.056175925
f 1702/1702/1702 1703/1703/1703 1704/1704/1704
v -0.143333331 -0.269019246 0.597142279
vn -0.104043491 0.994521022 0.010138806
v -0.071666665 -0.261522233 0.597192883
vn -0.104043491 0.994521022 0.010138806
v -0.071666621 -0.260728031 0.519289613
vn -0.104043491 0.994521022 0.010138806
f 1705/1705/1705 1706/1706/1706 1707/1707/1707
v -0.143333331 -0.269019246 0.597142279
vn 0.023883339 0.991540253 0.127583474
v -0.071666621 -0.260728031 0.519289613
vn 0.023883339 0.991540253 0.127583474
v -0.143333241 -0.258996904 0.519251645
vn 0.023883339 0.991540253 0.127583474
f 1708/1708/1708 1709/1709/1709 1710/1710/1710
v -0.143333241 -0.441125005 0.519251645
vn 0.000029706 -0.998426795 -0.056070793
v -0.071666621 -0.441125005 0.519289613
vn 0.000029706 -0.998426795 -0.056070793
v -0.071666665 -0.445499986 0.597192883
vn 0.000029706 -0.998426795 -0.056070793
f 1711/1711/1711 1712/1712/1712 1713/1713/1713
v -0.143333241 -0.441125005 0.519251645
vn 0.000039598 -0.998426318 -0.056079857
v -0.071666665 -0.445499986 0.597192883
vn 0.000039598 -0.998426318 -0.056079857
v -0.143333331 -0.445499986 0.597142279
vn 0.000039598 -0.998426318 -0.056079857
f 1714/1714/1714 1715/1715/1715 1716/1716/1716
v -0.071666665 -0.261522233 0.597192883
vn -0.197528660 0.974801838 -0.103652544
v 0.000000000 -0.246999994 0.597193718
vn -0.197528660 0.974801838 -0.103652544
v 0.000000000 -0.255283624 0.519290209
vn -0.197528660 0.974801838 -0.103652544
f 1717/1717/1717 1718/1718/1718 1719/1719/1719
v -0.071666665 -0.261522233 0.597192883
vn -0.075746417 0.997075260 0.010164860
v 0.000000000 -0.255283624 0.519290209
vn -0.075746417 0.997075260 0.010164860
v -0.071666621 -0.260728031 0.519289613
vn -0.075746417 0.997075260 0.010164860
f 1720/1720/1720 1721/1721/1721 1722/1722/1722
v -0.071666621 -0.441125005 0.519289613
vn 0.000000466 -0.998426795 -0.056070626
v 0.000000000 -0.441125005 0.519290209
vn 0.000000466 -0.998426795 -0.056070626
v 0.000000000 -0.445499986 0.597193718
vn 0.000000466 -0.998426795 -0.056070626
f 1723/1723/1723 1724/1724/1724 1725/1725/1725
v -0.071666621 -0.441125005 0.519289613
vn 0.000000651 -0.998426795 -0.056070797
v 0.000000000 -0.445499986 0.597193718
vn 0.000000651 -0.998426795 -0.056070797
v -0.071666665 -0.445499986 0.597192883
vn 0.000000651 -0.998426795 -0.056070797
f 1726/1726/1726 1727/1727/1727 1728/1728/1728
v 0.000000000 -0.246999994 0.597193718
vn 0.198589727 0.980031788 0.009991041
v 0.071666665 -0.261522233 0.597192883
vn 0.198589727 0.980031788 0.009991041
v 0.071666621 -0.260728031 0.519289613
vn 0.198589727 0.980031788 0.009991041
f 1729/1729/1729 1730/1730/1730 1731/1731/1731
v 0.000000000 -0.246999994 0.597193718
vn 0.075327158 0.991569102 -0.105435446
v 0.071666621 -0.260728031 0.519289613
vn 0.075327158 0.991569102 -0.105435446
v 0.000000000 -0.255283624 0.519290209
vn 0.075327158 0.991569102 -0.105435446
f 1732/1732/1732 1733/1733/1733 1734/1734/1734
v 0.000000000 -0.441125005 0.519290209
vn -0.000000466 -0.998426795 -0.056070793
v 0.071666621 -0.441125005 0.519289613
vn -0.000000466 -0.998426795 -0.056070793
v 0.071666665 -0.445499986 0.597192883
vn -0.000000466 -0.998426795 -0.056070793
f 1735/1735/1735 1736/1736/1736 1737/1737/1737
v 0.000000000 -0.441125005 0.519290209
vn -0.000000656 -0.998426795 -0.056070618
v 0.071666665 -0.445499986 0.597192883
vn -0.000000656 -0.998426795 -0.056070618
v 0.000000000 -0.445499986 0.597193718
vn -0.000000656 -0.998426795 -0.056070618
f 1738/1738/1738 1739/1739/1739 1740/1740/1740
v 0.071666665 -0.261522233 0.597192883
vn 0.103288792 0.986518264 0.126937136
v 0.143333331 -0.269019246 0.597142279
vn 0.103288792 0.986518264 0.126937136
v 0.143333241 -0.258996904 0.519251645
vn 0.103288792 0.986518264 0.126937136
f 1741/1741/1741 1742/1742/1742 1743/1743/1743
v 0.071666665 -0.261522233 0.597192883
vn -0.024141589 0.999656618 0.010191234
v 0.143333241 -0.258996904 0.519251645
vn -0.024141589 0.999656618 0.010191234
v 0.071666621 -0.260728031 0.519289613
vn -0.024141589 0.999656618 0.010191234
f 1744/1744/1744 1745/1745/1745 1746/1746/1746
v 0.071666621 -0.441125005 0.519289613
vn -0.000029710 -0.998426199 -0.056079861
v 0.143333241 -0.441125005 0.519251645
vn -0.000029710 -0.998426199 -0.056079861
v 0.143333331 -0.445499986 0.597142279
vn -0.000029710 -0.998426199 -0.056079861
f 1747/1747/1747 1748/1748/1748 1749/1749/1749
v 0.071666621 -0.441125005 0.519289613
vn -0.000039592 -0.998426795 -0.056070786
v 0.143333331 -0.445499986 0.597142279
vn -0.000039592 -0.998426795 -0.056070786
v 0.071666665 -0.445499986 0.597192883
vn -0.000039592 -0.998426795 -0.056070786
f 1750/1750/1750 1751/1751/1751 1752/1752/1752
v 0.143333331 -0.269019246 0.597142279
vn 0.003865701 0.999833941 0.017812043
v 0.215000004 -0.269286811 0.596607745
vn 0.003865701 0.999833941 0.017812043
v 0.214999869 -0.267901570 0.518850744
vn 0.003865701 0.999833941 0.017812043
f 1753/1753/1753 1754/1754/1754 1755/1755/1755
v 0.143333331 -0.269019246 0.597142279
vn 0.123007812 0.984290957 0.126650527
v 0.214999869 -0.267901570 0.518850744
vn 0.123007812 0.984290957 0.126650527
v 0.143333241 -0.258996904 0.519251645
vn 0.123007812 0.984290957 0.126650527
f 1756/1756/1756 1757/1757/1757 1758/1758/1758
v 0.143333241 -0.441125005 0.519251645
vn -0.000314246 -0.998420835 -0.056175932
v 0.214999869 -0.441125005 0.518850744
vn -0.000314246 -0.998420835 -0.056175932
v 0.215000004 -0.445499986 0.596607745
vn -0.000314246 -0.998420835 -0.056175932
f 1759/1759/1759 1760/1760/1760 1761/1761/1761
v 0.143333241 -0.441125005 0.519251645
vn -0.000418273 -0.998426199 -0.056079857
v 0.215000004 -0.445499986 0.596607745
vn -0.000418273 -0.998426199 -0.056079857
v 0.143333331 -0.445499986 0.597142279
vn -0.000418273 -0.998426199 -0.056079857
f 1762/1762/1762 1763/1763/1763 1764/1764/1764
v 0.215000004 -0.269286811 0.596607745
vn -0.104157068 0.990319133 -0.091756642
v 0.286666662 -0.261999995 0.593901515
vn -0.104157068 0.990319133 -0.091756642
v 0.286666483 -0.269141793 0.516821086
vn -0.104157068 0.990319133 -0.091756642
f 1765/1765/1765 1766/1766/1766 1767/1767/1767
v 0.215000004 -0.269286811 0.596607745
vn 0.017804347 0.999682844 0.017809330
v 0.286666483 -0.269141793 0.516821086
vn 0.017804347 0.999682844 0.017809330
v 0.214999869 -0.267901570 0.518850744
vn 0.017804347 0.999682844 0.017809330
f 1768/1768/1768 1769/1769/1769 1770/1770/1770
v 0.214999869 -0.441125005 0.518850744
vn -0.001604866 -0.998391867 -0.056667369
v 0.286666483 -0.441125005 0.516821086
vn -0.001604866 -0.998391867 -0.056667369
v 0.286666662 -0.445499986 0.593901515
vn -0.001604866 -0.998391867 -0.056667369
f 1771/1771/1771 1772/1772/1772 1773/1773/1773
v 0.214999869 -0.441125005 0.518850744
vn -0.002121274 -0.998418689 -0.056175817
v 0.286666662 -0.445499986 0.593901515
vn -0.002121274 -0.998418689 -0.056175817
v 0.215000004 -0.445499986 0.596607745
vn -0.002121274 -0.998418689 -0.056175817
f 1774/1774/1774 1775/1775/1775 1776/1776/1776
v 0.286666662 -0.261999995 0.593901515
vn 0.281484395 0.959068060 0.030901166
v 0.358333319 -0.282735437 0.584635019
vn 0.281484395 0.959068060 0.030901166
v 0.358333111 -0.280326486 0.509871185
vn 0.281484395 0.959068060 0.030901166
f 1777/1777/1777 1778/1778/1778 1779/1779/1779
v 0.286666662 -0.261999995 0.593901515
vn 0.144907326 0.985225379 -0.091285259
v 0.358333111 -0.280326486 0.509871185
vn 0.144907326 0.985225379 -0.091285259
v 0.286666483 -0.269141793 0.516821086
vn 0.144907326 0.985225379 -0.091285259
f 1780/1780/1780 1781/1781/1781 1782/1782/1782
v 0.286666483 -0.441125005 0.516821086
vn -0.005664960 -0.998276234 -0.058416456
v 0.358333111 -0.441125005 0.509871185
vn -0.005664960 -0.998276234 -0.058416456
v 0.358333319 -0.445499986 0.584635019
vn -0.005664960 -0.998276234 -0.058416456
f 1783/1783/1783 1784/1784/1784 1785/1785/1785
v 0.286666483 -0.441125005 0.516821086
vn -0.007326903 -0.998366296 -0.056665905
v 0.358333319 -0.445499986 0.584635019
vn -0.007326903 -0.998366296 -0.056665905
v 0.286666662 -0.445499986 0.593901515
vn -0.007326903 -0.998366296 -0.056665905
f 1786/1786/1786 1787/1787/1787 1788/1788/1788
v 0.358333319 -0.282735437 0.584635019
vn 0.222847566 0.960242450 0.168146819
v 0.430000007 -0.294999987 0.559693694
vn 0.222847566 0.960242450 0.168146819
v 0.429999739 -0.282999992 0.491165221
vn 0.222847566 0.960242450 0.168146819
f 1789/1789/1789 1790/1790/1790 1791/1791/1791
v 0.358333319 -0.282735437 0.584635019
vn 0.045643471 0.998439670 0.032170411
v 0.429999739 -0.282999992 0.491165221
vn 0.045643471 0.998439670 0.032170411
v 0.358333111 -0.280326486 0.509871185
vn 0.045643471 0.998439670 0.032170411
f 1792/1792/1792 1793/1793/1793 1794/1794/1794
v 0.358333111 -0.441125005 0.509871185
vn -0.016627409 -0.997830451 -0.063703224
v 0.429999739 -0.441125005 0.491165221
vn -0.016627409 -0.997830451 -0.063703224
v 0.430000007 -0.445499986 0.559693694
vn -0.016627409 -0.997830451 -0.063703224
f 1795/1795/1795 1796/1796/1796 1797/1797/1797
v 0.358333111 -0.441125005 0.509871185
vn -0.020326113 -0.998086035 -0.058405284
v 0.430000007 -0.445499986 0.559693694
vn -0.020326113 -0.998086035 -0.058405284
v 0.358333319 -0.445499986 0.584635019
vn -0.020326113 -0.998086035 -0.058405284
f 1798/1798/1798 1799/1799/1799 1800/1800/1800
v -0.429999739 -0.298000008 0.628222227
vn -0.108390085 0.980303764 0.165094018
v -0.358333111 -0.295326471 0.659398854
vn -0.108390085 0.980303764 0.165094018
v -0.358333319 -0.282735437 0.584635019
vn -0.108390085 0.980303764 0.165094018
f 1801/1801/1801 1802/1802/1802 1803/1803/1803
v -0.429999739 -0.298000008 0.628222227
vn -0.183044806 0.982163906 0.042997584
v -0.358333319 -0.282735437 0.584635019
vn -0.183044806 0.982163906 0.042997584
v -0.430000007 -0.294999987 0.559693694
vn -0.183044806 0.982163906 0.042997584
f 1804/1804/1804 1805/1805/1805 1806/1806/1806
v -0.430000007 -0.445499986 0.559693694
vn 0.020326288 -0.998085916 -0.058405790
v -0.358333319 -0.445499986 0.584635019
vn 0.020326288 -0.998085916 -0.058405790
v -0.358333111 -0.449874997 0.659398854
vn 0.020326288 -0.998085916 -0.058405790
f 1807/1807/1807 1808/1808/1808 1809/1809/1809
v -0.430000007 -0.445499986 0.559693694
vn 0.027705790 -0.997585237 -0.063688122
v -0.358333111 -0.449874997 0.659398854
vn 0.027705790 -0.997585237 -0.063688122
v -0.429999739 -0.449874997 0.628222227
vn 0.027705790 -0.997585237 -0.063688122
f 1810/1810/1810 1811/1811/1811 1812/1812/1812
v -0.358333111 -0.295326471 0.659398854
vn -0.191037819 0.943429947 0.271006346
v -0.286666483 -0.284141809 0.670981944
vn -0.191037819 0.943429947 0.271006346
v -0.286666662 -0.261999995 0.593901515
vn -0.191037819 0.943429947 0.271006346
f 1813/1813/1813 1814/1814/1814 1815/1815/1815
v -0.358333111 -0.295326471 0.659398854
vn -0.293295324 0.942746043 0.158769399
v -0.286666662 -0.261999995 0.593901515
vn -0.293295324 0.942746043 0.158769399
v -0.358333319 -0.282735437 0.584635019
vn -0.293295324 0.942746043 0.158769399
f 1816/1816/1816 1817/1817/1817 1818/1818/1818
v -0.358333319 -0.445499986 0.584635019
vn 0.007326953 -0.998366296 -0.056666326
v -0.286666662 -0.445499986 0.593901515
vn 0.007326953 -0.998366296 -0.056666326
v -0.286666483 -0.449874997 0.670981944
vn 0.007326953 -0.998366296 -0.056666326
f 1819/1819/1819 1820/1820/1820 1821/1821/1821
v -0.358333319 -0.445499986 0.584635019
vn 0.009441338 -0.998247743 -0.058415234
v -0.286666483 -0.449874997 0.670981944
vn 0.009441338 -0.998247743 -0.058415234
v -0.358333111 -0.449874997 0.659398854
vn 0.009441338 -0.998247743 -0.058415234
f 1822/1822/1822 1823/1823/1823 1824/1824/1824
v -0.286666483 -0.284141809 0.670981944
vn -0.025179600 0.984702528 0.172414914
v -0.214999869 -0.282901555 0.674364805
vn -0.025179600 0.984702528 0.172414914
v -0.215000004 -0.269286811 0.596607745
vn -0.025179600 0.984702528 0.172414914
f 1825/1825/1825 1826/1826/1826 1827/1827/1827
v -0.286666483 -0.284141809 0.670981944
vn 0.086968198 0.957489967 0.275044501
v -0.215000004 -0.269286811 0.596607745
vn 0.086968198 0.957489967 0.275044501
v -0.286666662 -0.261999995 0.593901515
vn 0.086968198 0.957489967 0.275044501
f 1828/1828/1828 1829/1829/1829 1830/1830/1830
v -0.286666662 -0.445499986 0.593901515
vn 0.002121287 -0.998418689 -0.056176160
v -0.215000004 -0.445499986 0.596607745
vn 0.002121287 -0.998418689 -0.056176160
v -0.214999869 -0.449874997 0.674364805
vn 0.002121287 -0.998418689 -0.056176160
f 1831/1831/1831 1832/1832/1832 1833/1833/1833
v -0.286666662 -0.445499986 0.593901515
vn 0.002674868 -0.998389482 -0.056667630
v -0.214999869 -0.449874997 0.674364805
vn 0.002674868 -0.998389482 -0.056667630
v -0.286666483 -0.449874997 0.670981944
vn 0.002674868 -0.998389482 -0.056667630
f 1834/1834/1834 1835/1835/1835 1836/1836/1836
v -0.214999869 -0.282901555 0.674364805
vn -0.123636462 0.990307391 0.063286655
v -0.143333241 -0.273996919 0.675032914
vn -0.123636462 0.990307391 0.063286655
v -0.143333331 -0.269019246 0.597142279
vn -0.123636462 0.990307391 0.063286655
f 1837/1837/1837 1838/1838/1838 1839/1839/1839
v -0.214999869 -0.282901555 0.674364805
vn -0.004963845 0.985002637 0.172467425
v -0.143333331 -0.269019246 0.597142279
vn -0.004963845 0.985002637 0.172467425
v -0.215000004 -0.269286811 0.596607745
vn -0.004963845 0.985002637 0.172467425
f 1840/1840/1840 1841/1841/1841 1842/1842/1842
v -0.215000004 -0.445499986 0.596607745
vn 0.000418281 -0.998426199 -0.056080244
v -0.143333331 -0.445499986 0.597142279
vn 0.000418281 -0.998426199 -0.056080244
v -0.143333241 -0.449874997 0.675032914
vn 0.000418281 -0.998426199 -0.056080244
f 1843/1843/1843 1844/1844/1844 1845/1845/1845
v -0.215000004 -0.445499986 0.596607745
vn 0.000523701 -0.998420715 -0.056176271
v -0.143333241 -0.449874997 0.675032914
vn 0.000523701 -0.998420715 -0.056176271
v -0.214999869 -0.449874997 0.674364805
vn 0.000523701 -0.998420715 -0.056176271
f 1846/1846/1846 1847/1847/1847 1848/1848/1848
v -0.143333241 -0.273996919 0.675032914
vn 0.023597993 0.983503520 0.179343253
v -0.071666621 -0.275728017 0.675096214
vn 0.023597993 0.983503520 0.179343253
v -0.071666665 -0.261522233 0.597192883
vn 0.023597993 0.983503520 0.179343253
f 1849/1849/1849 1850/1850/1850 1851/1851/1851
v -0.143333241 -0.273996919 0.675032914
vn -0.103876546 0.992565453 0.063430935
v -0.071666665 -0.261522233 0.597192883
vn -0.103876546 0.992565453 0.063430935
v -0.143333331 -0.269019246 0.597142279
vn -0.103876546 0.992565453 0.063430935
f 1852/1852/1852 1853/1853/1853 1854/1854/1854
v -0.143333331 -0.445499986 0.597142279
vn 0.000039592 -0.998426735 -0.056071129
v -0.071666665 -0.445499986 0.597192883
vn 0.000039592 -0.998426735 -0.056071129
v -0.071666621 -0.449874997 0.675096214
vn 0.000039592 -0.998426735 -0.056071129
f 1855/1855/1855 1856/1856/1856 1857/1857/1857
v -0.143333331 -0.445499986 0.597142279
vn 0.000049536 -0.998426199 -0.056080244
v -0.071666621 -0.449874997 0.675096214
vn 0.000049536 -0.998426199 -0.056080244
v -0.143333241 -0.449874997 0.675032914
vn 0.000049536 -0.998426199 -0.056080244
f 1858/1858/1858 1859/1859/1859 1860/1860/1860
v -0.071666621 -0.275728017 0.675096214
vn -0.072599068 0.955593526 0.285605520
v 0.000000000 -0.270283610 0.675097227
vn -0.072599068 0.955593526 0.285605520
v 0.000000000 -0.246999994 0.597193718
vn -0.072599068 0.955593526 0.285605520
f 1861/1861/1861 1862/1862/1862 1863/1863/1863
v -0.071666621 -0.275728017 0.675096214
vn -0.195503831 0.964793384 0.175931573
v 0.000000000 -0.246999994 0.597193718
vn -0.195503831 0.964793384 0.175931573
v -0.071666665 -0.261522233 0.597192883
vn -0.195503831 0.964793384 0.175931573
f 1864/1864/1864 1865/1865/1865 1866/1866/1866
v -0.071666665 -0.445499986 0.597192883
vn 0.000000653 -0.998426795 -0.056070998
v 0.000000000 -0.445499986 0.597193718
vn 0.000000653 -0.998426795 -0.056070998
v 0.000000000 -0.449874997 0.675097227
vn 0.000000653 -0.998426795 -0.056070998
f 1867/1867/1867 1868/1868/1868 1869/1869/1869
v -0.071666665 -0.445499986 0.597192883
vn 0.000000791 -0.998426795 -0.056071125
v 0.000000000 -0.449874997 0.675097227
vn 0.000000791 -0.998426795 -0.056071125
v -0.071666621 -0.449874997 0.675096214
vn 0.000000791 -0.998426795 -0.056071125
f 1870/1870/1870 1871/1871/1871 1872/1872/1872
v 0.000000000 -0.270283610 0.675097227
vn 0.074530788 0.981041253 0.178894326
v 0.071666621 -0.275728017 0.675096214
vn 0.074530788 0.981041253 0.178894326
v 0.071666665 -0.261522233 0.597192883
vn 0.074530788 0.981041253 0.178894326
f 1873/1873/1873 1874/1874/1874 1875/1875/1875
v 0.000000000 -0.270283610 0.675097227
vn 0.190594181 0.940558314 0.281111836
v 0.071666665 -0.261522233 0.597192883
vn 0.190594181 0.940558314 0.281111836
v 0.000000000 -0.246999994 0.597193718
vn 0.190594181 0.940558314 0.281111836
f 1876/1876/1876 1877/1877/1877 1878/1878/1878
v 0.000000000 -0.445499986 0.597193718
vn -0.000000653 -0.998426735 -0.056071132
v 0.071666665 -0.445499986 0.597192883
vn -0.000000653 -0.998426735 -0.056071132
v 0.071666621 -0.449874997 0.675096214
vn -0.000000653 -0.998426735 -0.056071132
f 1879/1879/1879 1880/1880/1880 1881/1881/1881
v 0.000000000 -0.445499986 0.597193718
vn -0.000000796 -0.998426795 -0.056071002
v 0.071666621 -0.449874997 0.675096214
vn -0.000000796 -0.998426795 -0.056071002
v 0.000000000 -0.449874997 0.675097227
vn -0.000000796 -0.998426795 -0.056071002
f 1882/1882/1882 1883/1883/1883 1884/1884/1884
v 0.071666621 -0.275728017 0.675096214
vn -0.024042411 0.997675717 0.063757367
v 0.143333241 -0.273996919 0.675032914
vn -0.024042411 0.997675717 0.063757367
v 0.143333331 -0.269019246 0.597142279
vn -0.024042411 0.997675717 0.063757367
f 1885/1885/1885 1886/1886/1886 1887/1887/1887
v 0.071666621 -0.275728017 0.675096214
vn 0.102496438 0.978596270 0.178448468
v 0.143333331 -0.269019246 0.597142279
vn 0.102496438 0.978596270 0.178448468
v 0.071666665 -0.261522233 0.597192883
vn 0.102496438 0.978596270 0.178448468
f 1888/1888/1888 1889/1889/1889 1890/1890/1890
v 0.071666665 -0.445499986 0.597192883
vn -0.000039599 -0.998426318 -0.056080244
v 0.143333331 -0.445499986 0.597142279
vn -0.000039599 -0.998426318 -0.056080244
v 0.143333241 -0.449874997 0.675032914
vn -0.000039599 -0.998426318 -0.056080244
f 1891/1891/1891 1892/1892/1892 1893/1893/1893
v 0.071666665 -0.445499986 0.597192883
vn -0.000049528 -0.998426795 -0.056071132
v 0.143333241 -0.449874997 0.675032914
vn -0.000049528 -0.998426795 -0.056071132
v 0.071666621 -0.449874997 0.675096214
vn -0.000049528 -0.998426795 -0.056071132
f 1894/1894/1894 1895/1895/1895 1896/1896/1896
v 0.143333241 -0.273996919 0.675032914
vn 0.123054348 0.977528691 0.171158984
v 0.214999869 -0.282901555 0.674364805
vn 0.123054348 0.977528691 0.171158984
v 0.215000004 -0.269286811 0.596607745
vn 0.123054348 0.977528691 0.171158984
f 1897/1897/1897 1898/1898/1898 1899/1899/1899
v 0.143333241 -0.273996919 0.675032914
vn 0.004201507 0.997955441 0.063775279
v 0.215000004 -0.269286811 0.596607745
vn 0.004201507 0.997955441 0.063775279
v 0.143333331 -0.269019246 0.597142279
vn 0.004201507 0.997955441 0.063775279
f 1900/1900/1900 1901/1901/1901 1902/1902/1902
v 0.143333331 -0.445499986 0.597142279
vn -0.000418997 -0.998420715 -0.056176268
v 0.215000004 -0.445499986 0.596607745
vn -0.000418997 -0.998420715 -0.056176268
v 0.214999869 -0.449874997 0.674364805
vn -0.000418997 -0.998420715 -0.056176268
f 1903/1903/1903 1904/1904/1904 1905/1905/1905
v 0.143333331 -0.445499986 0.597142279
vn -0.000522806 -0.998426139 -0.056080230
v 0.214999869 -0.449874997 0.674364805
vn -0.000522806 -0.998426139 -0.056080230
v 0.143333241 -0.449874997 0.675032914
vn -0.000522806 -0.998426139 -0.056080230
f 1906/1906/1906 1907/1907/1907 1908/1908/1908
v 0.214999869 -0.282901555 0.674364805
vn 0.029652428 0.960708916 0.275969446
v 0.286666483 -0.284141809 0.670981944
vn 0.029652428 0.960708916 0.275969446
v 0.286666662 -0.261999995 0.593901515
vn 0.029652428 0.960708916 0.275969446
f 1909/1909/1909 1910/1910/1910 1911/1911/1911
v 0.214999869 -0.282901555 0.674364805
vn -0.093232363 0.980724514 0.171718180
v 0.286666662 -0.261999995 0.593901515
vn -0.093232363 0.980724514 0.171718180
v 0.215000004 -0.269286811 0.596607745
vn -0.093232363 0.980724514 0.171718180
f 1912/1912/1912 1913/1913/1913 1914/1914/1914
v 0.215000004 -0.445499986 0.596607745
vn -0.002139849 -0.998390794 -0.056667700
v 0.286666662 -0.445499986 0.593901515
vn -0.002139849 -0.998390794 -0.056667700
v 0.286666483 -0.449874997 0.670981944
vn -0.002139849 -0.998390794 -0.056667700
f 1915/1915/1915 1916/1916/1916 1917/1917/1917
v 0.215000004 -0.445499986 0.596607745
vn -0.002651666 -0.998417318 -0.056176081
v 0.286666483 -0.449874997 0.670981944
vn -0.002651666 -0.998417318 -0.056176081
v 0.214999869 -0.449874997 0.674364805
vn -0.002651666 -0.998417318 -0.056176081
f 1918/1918/1918 1919/1919/1919 1920/1920/1920
v 0.286666483 -0.284141809 0.670981944
vn 0.177857712 0.970391095 0.163424805
v 0.358333111 -0.295326471 0.659398854
vn 0.177857712 0.970391095 0.163424805
v 0.358333319 -0.282735437 0.584635019
vn 0.177857712 0.970391095 0.163424805
f 1921/1921/1921 1922/1922/1922 1923/1923/1923
v 0.286666483 -0.284141809 0.670981944
vn 0.299391329 0.917044699 0.263427258
v 0.358333319 -0.282735437 0.584635019
vn 0.299391329 0.917044699 0.263427258
v 0.286666662 -0.261999995 0.593901515
vn 0.299391329 0.917044699 0.263427258
f 1924/1924/1924 1925/1925/1925 1926/1926/1926
v 0.286666662 -0.445499986 0.593901515
vn -0.007553207 -0.998263717 -0.058416162
v 0.358333319 -0.445499986 0.584635019
vn -0.007553207 -0.998263717 -0.058416162
v 0.358333111 -0.449874997 0.659398854
vn -0.007553207 -0.998263717 -0.058416162
f 1927/1927/1927 1928/1928/1928 1929/1929/1929
v 0.286666662 -0.445499986 0.593901515
vn -0.009158534 -0.998351157 -0.056665469
v 0.358333111 -0.449874997 0.659398854
vn -0.009158534 -0.998351157 -0.056665469
v 0.286666483 -0.449874997 0.670981944
vn -0.009158534 -0.998351157 -0.056665469
f 1930/1930/1930 1931/1931/1931 1932/1932/1932
v 0.358333111 -0.295326471 0.659398854
vn 0.056206666 0.997463703 0.043666884
v 0.429999739 -0.298000008 0.628222227
vn 0.056206666 0.997463703 0.043666884
v 0.430000007 -0.294999987 0.559693694
vn 0.056206666 0.997463703 0.043666884
f 1933/1933/1933 1934/1934/1934 1935/1935/1935
v 0.358333111 -0.295326471 0.659398854
vn 0.220953703 0.961740971 0.161968157
v 0.430000007 -0.294999987 0.559693694
vn 0.220953703 0.961740971 0.161968157
v 0.358333319 -0.282735437 0.584635019
vn 0.220953703 0.961740971 0.161968157
f 1936/1936/1936 1937/1937/1937 1938/1938/1938
v 0.358333319 -0.445499986 0.584635019
vn -0.022167690 -0.997723043 -0.063696891
v 0.430000007 -0.445499986 0.559693694
vn -0.022167690 -0.997723043 -0.063696891
v 0.429999739 -0.449874997 0.628222227
vn -0.022167690 -0.997723043 -0.063696891
f 1939/1939/1939 1940/1940/1940 1941/1941/1941
v 0.358333319 -0.445499986 0.584635019
vn -0.025404913 -0.997970045 -0.058399022
v 0.429999739 -0.449874997 0.628222227
vn -0.025404913 -0.997970045 -0.058399022
v 0.358333111 -0.449874997 0.659398854
vn -0.025404913 -0.997970045 -0.058399022
f 1942/1942/1942 1943/1943/1943 1944/1944/1944
v -0.429932803 -0.291999996 0.696750700
vn 0.078706518 0.994951487 0.062264133
v -0.358277351 -0.300009608 0.734162688
vn 0.078706518 0.994951487 0.062264133
v -0.358333111 -0.295326471 0.659398854
vn 0.078706518 0.994951487 0.062264133
f 1945/1945/1945 1946/1946/1946 1947/1947/1947
v -0.429932803 -0.291999996 0.696750700
vn 0.000780610 0.996188581 -0.087222077
v -0.358333111 -0.295326471 0.659398854
vn 0.000780610 0.996188581 -0.087222077
v -0.429999739 -0.298000008 0.628222227
vn 0.000780610 0.996188581 -0.087222077
f 1948/1948/1948 1949/1949/1949 1950/1950/1950
v -0.429999739 -0.449874997 0.628222227
vn 0.025413094 -0.997968674 -0.058417827
v -0.358333111 -0.449874997 0.659398854
vn 0.025413094 -0.997968674 -0.058417827
v -0.358277351 -0.454250008 0.734162688
vn 0.025413094 -0.997968674 -0.058417827
f 1951/1951/1951 1952/1952/1952 1953/1953/1953
v -0.429999739 -0.449874997 0.628222227
vn 0.033263396 -0.997413933 -0.063709624
v -0.358277351 -0.454250008 0.734162688
vn 0.033263396 -0.997413933 -0.063709624
v -0.429932803 -0.454250008 0.696750700
vn 0.033263396 -0.997413933 -0.063709624
f 1954/1954/1954 1955/1955/1955 1956/1956/1956
v -0.358277351 -0.300009608 0.734162688
vn -0.046044320 0.979935706 0.193922222
v -0.286621869 -0.299393386 0.748062432
vn -0.046044320 0.979935706 0.193922222
v -0.286666483 -0.284141809 0.670981944
vn -0.046044320 0.979935706 0.193922222
f 1957/1957/1957 1958/1958/1958 1959/1959/1959
v -0.358277351 -0.300009608 0.734162688
vn -0.163646534 0.984581709 0.061795328
v -0.286666483 -0.284141809 0.670981944
vn -0.163646534 0.984581709 0.061795328
v -0.358333111 -0.295326471 0.659398854
vn -0.163646534 0.984581709 0.061795328
f 1960/1960/1960 1961/1961/1961 1962/1962/1962
v -0.358333111 -0.449874997 0.659398854
vn 0.009159378 -0.998350978 -0.056670692
v -0.286666483 -0.449874997 0.670981944
vn 0.009159378 -0.998350978 -0.056670692
v -0.286621869 -0.454250008 0.748062432
vn 0.009159378 -0.998350978 -0.056670692
f 1963/1963/1963 1964/1964/1964 1965/1965/1965
v -0.358333111 -0.449874997 0.659398854
vn 0.011332807 -0.998227596 -0.058422480
v -0.286621869 -0.454250008 0.748062432
vn 0.011332807 -0.998227596 -0.058422480
v -0.358277351 -0.454250008 0.734162688
vn 0.011332807 -0.998227596 -0.058422480
f 1966/1966/1966 1967/1967/1967 1968/1968/1968
v -0.286621869 -0.299393386 0.748062432
vn -0.127976090 0.987070143 0.096511781
v -0.214966401 -0.290499985 0.752121806
vn -0.127976090 0.987070143 0.096511781
v -0.214999869 -0.282901555 0.674364805
vn -0.127976090 0.987070143 0.096511781
f 1969/1969/1969 1970/1970/1970 1971/1971/1971
v -0.286621869 -0.299393386 0.748062432
vn -0.026130622 0.980643392 0.194050714
v -0.214999869 -0.282901555 0.674364805
vn -0.026130622 0.980643392 0.194050714
v -0.286666483 -0.284141809 0.670981944
vn -0.026130622 0.980643392 0.194050714
f 1972/1972/1972 1973/1973/1973 1974/1974/1974
v -0.286666483 -0.449874997 0.670981944
vn 0.002651721 -0.998417318 -0.056177255
v -0.214999869 -0.449874997 0.674364805
vn 0.002651721 -0.998417318 -0.056177255
v -0.214966401 -0.454250008 0.752121806
vn 0.002651721 -0.998417318 -0.056177255
f 1975/1975/1975 1976/1976/1976 1977/1977/1977
v -0.286666483 -0.449874997 0.670981944
vn 0.003210390 -0.998387814 -0.056669343
v -0.214966401 -0.454250008 0.752121806
vn 0.003210390 -0.998387814 -0.056669343
v -0.286621869 -0.454250008 0.748062432
vn 0.003210390 -0.998387814 -0.056669343
f 1978/1978/1978 1979/1979/1979 1980/1980/1980
v -0.214966401 -0.290499985 0.752121806
vn -0.229131058 0.973385036 -0.004534324
v -0.143310934 -0.273628831 0.752923548
vn -0.229131058 0.973385036 -0.004534324
v -0.143333241 -0.273996919 0.675032914
vn -0.229131058 0.973385036 -0.004534324
f 1981/1981/1981 1982/1982/1982 1983/1983/1983
v -0.214966401 -0.290499985 0.752121806
vn -0.123612911 0.987621009 0.096563727
v -0.143333241 -0.273996919 0.675032914
vn -0.123612911 0.987621009 0.096563727
v -0.214999869 -0.282901555 0.674364805
vn -0.123612911 0.987621009 0.096563727
f 1984/1984/1984 1985/1985/1985 1986/1986/1986
v -0.214999869 -0.449874997 0.674364805
vn 0.000522806 -0.998426139 -0.056080382
v -0.143333241 -0.449874997 0.675032914
vn 0.000522806 -0.998426139 -0.056080382
v -0.143310934 -0.454250008 0.752923548
vn 0.000522806 -0.998426139 -0.056080382
f 1987/1987/1987 1988/1988/1988 1989/1989/1989
v -0.214999869 -0.449874997 0.674364805
vn 0.000628550 -0.998420656 -0.056176577
v -0.143310934 -0.454250008 0.752923548
vn 0.000628550 -0.998420656 -0.056176577
v -0.214966401 -0.454250008 0.752121806
vn 0.000628550 -0.998420656 -0.056176577
f 1990/1990/1990 1991/1991/1991 1992/1992/1992
v -0.143310934 -0.273628831 0.752923548
vn 0.155665234 0.980875254 0.116841830
v -0.071655467 -0.285009623 0.752999485
vn 0.155665234 0.980875254 0.116841830
v -0.071666621 -0.275728017 0.675096214
vn 0.155665234 0.980875254 0.116841830
f 1993/1993/1993 1994/1994/1994 1995/1995/1995
v -0.143310934 -0.273628831 0.752923548
vn 0.024151729 0.999697089 -0.004731194
v -0.071666621 -0.275728017 0.675096214
vn 0.024151729 0.999697089 -0.004731194
v -0.143333241 -0.273996919 0.675032914
vn 0.024151729 0.999697089 -0.004731194
f 1996/1996/1996 1997/1997/1997 1998/1998/1998
v -0.143333241 -0.449874997 0.675032914
vn 0.000049525 -0.998426795 -0.056071185
v -0.071666621 -0.449874997 0.675096214
vn 0.000049525 -0.998426795 -0.056071185
v -0.071655467 -0.454250008 0.752999485
vn 0.000049525 -0.998426795 -0.056071185
f 1999/1999/1999 2000/2000/2000 2001/2001/2001
v -0.143333241 -0.449874997 0.675032914
vn 0.000059430 -0.998426259 -0.056080259
v -0.071655467 -0.454250008 0.752999485
vn 0.000059430 -0.998426259 -0.056080259
v -0.143310934 -0.454250008 0.752923548
vn 0.000059430 -0.998426259 -0.056080259
f 2002/2002/2002 2003/2003/2003 2004/2004/2004
v -0.071655467 -0.285009623 0.752999485
vn 0.051215116 0.971656561 0.230782390
v 0.000000000 -0.288786799 0.753000677
vn 0.051215116 0.971656561 0.230782390
v 0.000000000 -0.270283610 0.675097227
vn 0.051215116 0.971656561 0.230782390
f 2005/2005/2005 2006/2006/2006 2007/2007/2007
v -0.071655467 -0.285009623 0.752999485
vn -0.075222857 0.990162611 0.117981412
v 0.000000000 -0.270283610 0.675097227
vn -0.075222857 0.990162611 0.117981412
v -0.071666621 -0.275728017 0.675096214
vn -0.075222857 0.990162611 0.117981412
f 2008/2008/2008 2009/2009/2009 2010/2010/2010
v -0.071666621 -0.449874997 0.675096214
vn 0.000000793 -0.998426735 -0.056071043
v 0.000000000 -0.449874997 0.675097227
vn 0.000000793 -0.998426735 -0.056071043
v 0.000000000 -0.454250008 0.753000677
vn 0.000000793 -0.998426735 -0.056071043
f 2011/2011/2011 2012/2012/2012 2013/2013/2013
v -0.071666621 -0.449874997 0.675096214
vn 0.000000932 -0.998426735 -0.056071170
v 0.000000000 -0.454250008 0.753000677
vn 0.000000932 -0.998426735 -0.056071170
v -0.071655467 -0.454250008 0.752999485
vn 0.000000932 -0.998426735 -0.056071170
f 2014/2014/2014 2015/2015/2015 2016/2016/2016
v 0.000000000 -0.288786799 0.753000677
vn -0.052269358 0.991620719 0.118136875
v 0.071655467 -0.285009623 0.752999485
vn -0.052269358 0.991620719 0.118136875
v 0.071666621 -0.275728017 0.675096214
vn -0.052269358 0.991620719 0.118136875
f 2017/2017/2017 2018/2018/2018 2019/2019/2019
v 0.000000000 -0.288786799 0.753000677
vn 0.073714487 0.970286369 0.230456978
v 0.071666621 -0.275728017 0.675096214
vn 0.073714487 0.970286369 0.230456978
v 0.000000000 -0.270283610 0.675097227
vn 0.073714487 0.970286369 0.230456978
f 2020/2020/2020 2021/2021/2021 2022/2022/2022
v 0.000000000 -0.449874997 0.675097227
vn -0.000000793 -0.998426795 -0.056071173
v 0.071666621 -0.449874997 0.675096214
vn -0.000000793 -0.998426795 -0.056071173
v 0.071655467 -0.454250008 0.752999485
vn -0.000000793 -0.998426795 -0.056071173
f 2023/2023/2023 2024/2024/2024 2025/2025/2025
v 0.000000000 -0.449874997 0.675097227
vn -0.000000937 -0.998426795 -0.056071043
v 0.071655467 -0.454250008 0.752999485
vn -0.000000937 -0.998426795 -0.056071043
v 0.000000000 -0.454250008 0.753000677
vn -0.000000937 -0.998426795 -0.056071043
f 2026/2026/2026 2027/2027/2027 2028/2028/2028
v 0.071655467 -0.285009623 0.752999485
vn -0.156863540 0.987609029 -0.004712077
v 0.143310934 -0.273628831 0.752923548
vn -0.156863540 0.987609029 -0.004712077
v 0.143333241 -0.273996919 0.675032914
vn -0.156863540 0.987609029 -0.004712077
f 2029/2029/2029 2030/2030/2030 2031/2031/2031
v 0.071655467 -0.285009623 0.752999485
vn -0.023873951 0.992694557 0.118268877
v 0.143333241 -0.273996919 0.675032914
vn -0.023873951 0.992694557 0.118268877
v 0.071666621 -0.275728017 0.675096214
vn -0.023873951 0.992694557 0.118268877
f 2032/2032/2032 2033/2033/2033 2034/2034/2034
v 0.071666621 -0.449874997 0.675096214
vn -0.000049533 -0.998426259 -0.056080256
v 0.143333241 -0.449874997 0.675032914
vn -0.000049533 -0.998426259 -0.056080256
v 0.143310934 -0.454250008 0.752923548
vn -0.000049533 -0.998426259 -0.056080256
f 2035/2035/2035 2036/2036/2036 2037/2037/2037
v 0.071666621 -0.449874997 0.675096214
vn -0.000059421 -0.998426735 -0.056071185
v 0.143310934 -0.454250008 0.752923548
vn -0.000059421 -0.998426735 -0.056071185
v 0.071655467 -0.454250008 0.752999485
vn -0.000059421 -0.998426735 -0.056071185
f 2038/2038/2038 2039/2039/2039 2040/2040/2040
v 0.143310934 -0.273628831 0.752923548
vn 0.229154602 0.968765974 0.094766647
v 0.214966401 -0.290499985 0.752121806
vn 0.229154602 0.968765974 0.094766647
v 0.214999869 -0.282901555 0.674364805
vn 0.229154602 0.968765974 0.094766647
f 2041/2041/2041 2042/2042/2042 2043/2043/2043
v 0.143310934 -0.273628831 0.752923548
vn 0.123258598 0.992363751 -0.004654322
v 0.214999869 -0.282901555 0.674364805
vn 0.123258598 0.992363751 -0.004654322
v 0.143333241 -0.273996919 0.675032914
vn 0.123258598 0.992363751 -0.004654322
f 2044/2044/2044 2045/2045/2045 2046/2046/2046
v 0.143333241 -0.449874997 0.675032914
vn -0.000523703 -0.998420715 -0.056176532
v 0.214999869 -0.449874997 0.674364805
vn -0.000523703 -0.998420715 -0.056176532
v 0.214966401 -0.454250008 0.752121806
vn -0.000523703 -0.998420715 -0.056176532
f 2047/2047/2047 2048/2048/2048 2049/2049/2049
v 0.143333241 -0.449874997 0.675032914
vn -0.000627474 -0.998426080 -0.056080408
v 0.214966401 -0.454250008 0.752121806
vn -0.000627474 -0.998426080 -0.056080408
v 0.143310934 -0.454250008 0.752923548
vn -0.000627474 -0.998426080 -0.056080408
f 2050/2050/2050 2051/2051/2051 2052/2052/2052
v 0.214966401 -0.290499985 0.752121806
vn 0.131596893 0.972435474 0.192487687
v 0.286621869 -0.299393386 0.748062432
vn 0.131596893 0.972435474 0.192487687
v 0.286666483 -0.284141809 0.670981944
vn 0.131596893 0.972435474 0.192487687
f 2053/2053/2053 2054/2054/2054 2055/2055/2055
v 0.214966401 -0.290499985 0.752121806
vn 0.021809867 0.995021641 0.097243108
v 0.286666483 -0.284141809 0.670981944
vn 0.021809867 0.995021641 0.097243108
v 0.214999869 -0.282901555 0.674364805
vn 0.021809867 0.995021641 0.097243108
f 2056/2056/2056 2057/2057/2057 2058/2058/2058
v 0.214999869 -0.449874997 0.674364805
vn -0.002674939 -0.998389482 -0.056669127
v 0.286666483 -0.449874997 0.670981944
vn -0.002674939 -0.998389482 -0.056669127
v 0.286621869 -0.454250008 0.748062432
vn -0.002674939 -0.998389482 -0.056669127
f 2059/2059/2059 2060/2060/2060 2061/2061/2061
v 0.214999869 -0.449874997 0.674364805
vn -0.003182520 -0.998415709 -0.056177393
v 0.286621869 -0.454250008 0.748062432
vn -0.003182520 -0.998415709 -0.056177393
v 0.214966401 -0.454250008 0.752121806
vn -0.003182520 -0.998415709 -0.056177393
f 2062/2062/2062 2063/2063/2063 2064/2064/2064
v 0.286621869 -0.299393386 0.748062432
vn 0.020708479 0.997828901 0.062518522
v 0.358277351 -0.300009608 0.734162688
vn 0.020708479 0.997828901 0.062518522
v 0.358333111 -0.295326471 0.659398854
vn 0.020708479 0.997828901 0.062518522
f 2065/2065/2065 2066/2066/2066 2067/2067/2067
v 0.286621869 -0.299393386 0.748062432
vn 0.181420788 0.964682460 0.190982461
v 0.358333111 -0.295326471 0.659398854
vn 0.181420788 0.964682460 0.190982461
v 0.286666483 -0.284141809 0.670981944
vn 0.181420788 0.964682460 0.190982461
f 2068/2068/2068 2069/2069/2069 2070/2070/2070
v 0.286666483 -0.449874997 0.670981944
vn -0.009442468 -0.998247325 -0.058422219
v 0.358333111 -0.449874997 0.659398854
vn -0.009442468 -0.998247325 -0.058422219
v 0.358277351 -0.454250008 0.734162688
vn -0.009442468 -0.998247325 -0.058422219
f 2071/2071/2071 2072/2072/2072 2073/2073/2073
v 0.286666483 -0.449874997 0.670981944
vn -0.010992998 -0.998332441 -0.056670707
v 0.358277351 -0.454250008 0.734162688
vn -0.010992998 -0.998332441 -0.056670707
v 0.286621869 -0.454250008 0.748062432
vn -0.010992998 -0.998332441 -0.056670707
f 2074/2074/2074 2075/2075/2075 2076/2076/2076
v 0.358277351 -0.300009608 0.734162688
vn -0.155071706 0.984125078 -0.086316548
v 0.429932803 -0.291999996 0.696750700
vn -0.155071706 0.984125078 -0.086316548
v 0.429999739 -0.298000008 0.628222227
vn -0.155071706 0.984125078 -0.086316548
f 2077/2077/2077 2078/2078/2078 2079/2079/2079
v 0.358277351 -0.300009608 0.734162688
vn 0.064315625 0.995974600 0.062434893
v 0.429999739 -0.298000008 0.628222227
vn 0.064315625 0.995974600 0.062434893
v 0.358333111 -0.295326471 0.659398854
vn 0.064315625 0.995974600 0.062434893
f 2080/2080/2080 2081/2081/2081 2082/2082/2082
v 0.358333111 -0.449874997 0.659398854
vn -0.027717488 -0.997583091 -0.063715003
v 0.429999739 -0.449874997 0.628222227
vn -0.027717488 -0.997583091 -0.063715003
v 0.429932803 -0.454250008 0.696750700
vn -0.027717488 -0.997583091 -0.063715003
f 2083/2083/2083 2084/2084/2084 2085/2085/2085
v 0.358333111 -0.449874997 0.659398854
vn -0.030498130 -0.997826517 -0.058413297
v 0.429932803 -0.454250008 0.696750700
vn -0.030498130 -0.997826517 -0.058413297
v 0.358277351 -0.454250008 0.734162688
vn -0.030498130 -0.997826517 -0.058413297
f 2086/2086/2086 2087/2087/2087 2088/2088/2088
v -0.428278059 -0.312999994 0.765279174
vn -0.096157528 0.976778328 0.191462219
v -0.356898367 -0.314528614 0.808926523
vn -0.096157528 0.976778328 0.191462219
v -0.358277351 -0.300009608 0.734162688
vn -0.096157528 0.976778328 0.191462219
f 2089/2089/2089 2090/2090/2090 2091/2091/2091
v -0.428278059 -0.312999994 0.765279174
vn -0.046623100 0.954758763 0.293703884
v -0.358277351 -0.300009608 0.734162688
vn -0.046623100 0.954758763 0.293703884
v -0.429932803 -0.291999996 0.696750700
vn -0.046623100 0.954758763 0.293703884
f 2092/2092/2092 2093/2093/2093 2094/2094/2094
v -0.429932803 -0.454250008 0.696750700
vn 0.030781234 -0.997785926 -0.058955524
v -0.358277351 -0.454250008 0.734162688
vn 0.030781234 -0.997785926 -0.058955524
v -0.356898367 -0.458624989 0.808926523
vn 0.030781234 -0.997785926 -0.058955524
f 2095/2095/2095 2096/2096/2096 2097/2097/2097
v -0.429932803 -0.454250008 0.696750700
vn 0.039509322 -0.997128069 -0.064612478
v -0.356898367 -0.458624989 0.808926523
vn 0.039509322 -0.997128069 -0.064612478
v -0.428278059 -0.458624989 0.765279174
vn 0.039509322 -0.997128069 -0.064612478
f 2098/2098/2098 2099/2099/2099 2100/2100/2100
v -0.356898367 -0.314528614 0.808926523
vn -0.123796247 0.986999691 0.102498844
v -0.285518706 -0.307259738 0.825142860
vn -0.123796247 0.986999691 0.102498844
v -0.286621869 -0.299393386 0.748062432
vn -0.123796247 0.986999691 0.102498844
f 2101/2101/2101 2102/2102/2102 2103/2103/2103
v -0.356898367 -0.314528614 0.808926523
vn -0.045530349 0.980485082 0.191248253
v -0.286621869 -0.299393386 0.748062432
vn -0.045530349 0.980485082 0.191248253
v -0.358277351 -0.300009608 0.734162688
vn -0.045530349 0.980485082 0.191248253
f 2104/2104/2104 2105/2105/2105 2106/2106/2106
v -0.358277351 -0.454250008 0.734162688
vn 0.011022194 -0.998323500 -0.056821238
v -0.286621869 -0.454250008 0.748062432
vn 0.011022194 -0.998323500 -0.056821238
v -0.285518706 -0.458624989 0.825142860
vn 0.011022194 -0.998323500 -0.056821238
f 2107/2107/2107 2108/2108/2108 2109/2109/2109
v -0.358277351 -0.454250008 0.734162688
vn 0.013325990 -0.998189270 -0.058657177
v -0.285518706 -0.458624989 0.825142860
vn 0.013325990 -0.998189270 -0.058657177
v -0.356898367 -0.458624989 0.808926523
vn 0.013325990 -0.998189270 -0.058657177
f 2110/2110/2110 2111/2111/2111 2112/2112/2112
v -0.285518706 -0.307259738 0.825142860
vn 0.013244955 0.971705854 0.235822558
v -0.214139029 -0.309382051 0.829878807
vn 0.013244955 0.971705854 0.235822558
v -0.214966401 -0.290499985 0.752121806
vn 0.013244955 0.971705854 0.235822558
f 2113/2113/2113 2114/2114/2114 2115/2115/2115
v -0.285518706 -0.307259738 0.825142860
vn -0.128236383 0.986432076 0.102504462
v -0.214966401 -0.290499985 0.752121806
vn -0.128236383 0.986432076 0.102504462
v -0.286621869 -0.299393386 0.748062432
vn -0.128236383 0.986432076 0.102504462
f 2116/2116/2116 2117/2117/2117 2118/2118/2118
v -0.286621869 -0.454250008 0.748062432
vn 0.003184336 -0.998413920 -0.056209430
v -0.214966401 -0.454250008 0.752121806
vn 0.003184336 -0.998413920 -0.056209430
v -0.214139029 -0.458624989 0.829878807
vn 0.003184336 -0.998413920 -0.056209430
f 2119/2119/2119 2120/2120/2120 2121/2121/2121
v -0.286621869 -0.454250008 0.748062432
vn 0.003763342 -0.998383045 -0.056720730
v -0.214139029 -0.458624989 0.829878807
vn 0.003763342 -0.998383045 -0.056720730
v -0.285518706 -0.458624989 0.825142860
vn 0.003763342 -0.998383045 -0.056720730
f 2122/2122/2122 2123/2123/2123 2124/2124/2124
v -0.214139029 -0.309382051 0.829878807
vn -0.087172002 0.931693375 0.352631003
v -0.142759353 -0.303057581 0.830814183
vn -0.087172002 0.931693375 0.352631003
v -0.143310934 -0.273628831 0.752923548
vn -0.087172002 0.931693375 0.352631003
f 2125/2125/2125 2126/2126/2126 2127/2127/2127
v -0.214139029 -0.309382051 0.829878807
vn -0.225379705 0.946203768 0.232168868
v -0.143310934 -0.273628831 0.752923548
vn -0.225379705 0.946203768 0.232168868
v -0.214966401 -0.290499985 0.752121806
vn -0.225379705 0.946203768 0.232168868
f 2128/2128/2128 2129/2129/2129 2130/2130/2130
v -0.214966401 -0.454250008 0.752121806
vn 0.000627518 -0.998425782 -0.056084275
v -0.143310934 -0.454250008 0.752923548
vn 0.000627518 -0.998425782 -0.056084275
v -0.142759353 -0.458624989 0.830814183
vn 0.000627518 -0.998425782 -0.056084275
f 2131/2131/2131 2132/2132/2132 2133/2133/2133
v -0.214966401 -0.454250008 0.752121806
vn 0.000736246 -0.998420179 -0.056183737
v -0.142759353 -0.458624989 0.830814183
vn 0.000736246 -0.998420179 -0.056183737
v -0.214139029 -0.458624989 0.829878807
vn 0.000736246 -0.998420179 -0.056183737
f 2134/2134/2134 2135/2135/2135 2136/2136/2136
v -0.142759353 -0.303057581 0.830814183
vn 0.044925418 0.963343084 0.264484048
v -0.071379676 -0.306410700 0.830902815
vn 0.044925418 0.963343084 0.264484048
v -0.071655467 -0.285009623 0.752999485
vn 0.044925418 0.963343084 0.264484048
f 2137/2137/2137 2138/2138/2138 2139/2139/2139
v -0.142759353 -0.303057581 0.830814183
vn 0.146654174 0.925687194 0.348705947
v -0.071655467 -0.285009623 0.752999485
vn 0.146654174 0.925687194 0.348705947
v -0.143310934 -0.273628831 0.752923548
vn 0.146654174 0.925687194 0.348705947
f 2140/2140/2140 2141/2141/2141 2142/2142/2142
v -0.143310934 -0.454250008 0.752923548
vn 0.000059421 -0.998426735 -0.056070957
v -0.071655467 -0.454250008 0.752999485
vn 0.000059421 -0.998426735 -0.056070957
v -0.071379676 -0.458624989 0.830902815
vn 0.000059421 -0.998426735 -0.056070957
f 2143/2143/2143 2144/2144/2144 2145/2145/2145
v -0.143310934 -0.454250008 0.752923548
vn 0.000069638 -0.998426318 -0.056080356
v -0.071379676 -0.458624989 0.830902815
vn 0.000069638 -0.998426318 -0.056080356
v -0.142759353 -0.458624989 0.830814183
vn 0.000069638 -0.998426318 -0.056080356
f 2146/2146/2146 2147/2147/2147 2148/2148/2148
v -0.071379676 -0.306410700 0.830902815
vn -0.067475602 0.984656036 0.160933882
v 0.000000000 -0.301519483 0.830904186
vn -0.067475602 0.984656036 0.160933882
v 0.000000000 -0.288786799 0.753000677
vn -0.067475602 0.984656036 0.160933882
f 2149/2149/2149 2150/2150/2150 2151/2151/2151
v -0.071379676 -0.306410700 0.830902815
vn 0.050762381 0.963078737 0.264390796
v 0.000000000 -0.288786799 0.753000677
vn 0.050762381 0.963078737 0.264390796
v -0.071655467 -0.285009623 0.752999485
vn 0.050762381 0.963078737 0.264390796
f 2152/2152/2152 2153/2153/2153 2154/2154/2154
v -0.071655467 -0.454250008 0.752999485
vn 0.000000933 -0.998426795 -0.056070618
v 0.000000000 -0.454250008 0.753000677
vn 0.000000933 -0.998426795 -0.056070618
v 0.000000000 -0.458624989 0.830904186
vn 0.000000933 -0.998426795 -0.056070618
f 2155/2155/2155 2156/2156/2156 2157/2157/2157
v -0.071655467 -0.454250008 0.752999485
vn 0.000001076 -0.998426795 -0.056070756
v 0.000000000 -0.458624989 0.830904186
vn 0.000001076 -0.998426795 -0.056070756
v -0.071379676 -0.458624989 0.830902815
vn 0.000001076 -0.998426795 -0.056070756
f 2158/2158/2158 2159/2159/2159 2160/2160/2160
v 0.000000000 -0.301519483 0.830904186
vn 0.065933205 0.962118089 0.264539987
v 0.071379676 -0.306410700 0.830902815
vn 0.065933205 0.962118089 0.264539987
v 0.071655467 -0.285009623 0.752999485
vn 0.065933205 0.962118089 0.264539987
f 2161/2161/2161 2162/2162/2162 2163/2163/2163
v 0.000000000 -0.301519483 0.830904186
vn -0.051949818 0.985572517 0.161083668
v 0.071655467 -0.285009623 0.752999485
vn -0.051949818 0.985572517 0.161083668
v 0.000000000 -0.288786799 0.753000677
vn -0.051949818 0.985572517 0.161083668
f 2164/2164/2164 2165/2165/2165 2166/2166/2166
v 0.000000000 -0.454250008 0.753000677
vn -0.000000933 -0.998426735 -0.056070749
v 0.071655467 -0.454250008 0.752999485
vn -0.000000933 -0.998426735 -0.056070749
v 0.071379676 -0.458624989 0.830902815
vn -0.000000933 -0.998426735 -0.056070749
f 2167/2167/2167 2168/2168/2168 2169/2169/2169
v 0.000000000 -0.454250008 0.753000677
vn -0.000001076 -0.998426855 -0.056070622
v 0.071379676 -0.458624989 0.830902815
vn -0.000001076 -0.998426855 -0.056070622
v 0.000000000 -0.458624989 0.830904186
vn -0.000001076 -0.998426855 -0.056070622
f 2170/2170/2170 2171/2171/2171 2172/2172/2172
v 0.071379676 -0.306410700 0.830902815
vn -0.043469068 0.934676170 0.352832794
v 0.142759353 -0.303057581 0.830814183
vn -0.043469068 0.934676170 0.352832794
v 0.143310934 -0.273628831 0.752923548
vn -0.043469068 0.934676170 0.352832794
f 2173/2173/2173 2174/2174/2174 2175/2175/2175
v 0.071379676 -0.306410700 0.830902815
vn -0.151138082 0.953335702 0.261358887
v 0.143310934 -0.273628831 0.752923548
vn -0.151138082 0.953335702 0.261358887
v 0.071655467 -0.285009623 0.752999485
vn -0.151138082 0.953335702 0.261358887
f 2176/2176/2176 2177/2177/2177 2178/2178/2178
v 0.071655467 -0.454250008 0.752999485
vn -0.000059431 -0.998426259 -0.056080278
v 0.143310934 -0.454250008 0.752923548
vn -0.000059431 -0.998426259 -0.056080278
v 0.142759353 -0.458624989 0.830814183
vn -0.000059431 -0.998426259 -0.056080278
f 2179/2179/2179 2180/2180/2180 2181/2181/2181
v 0.071655467 -0.454250008 0.752999485
vn -0.000069626 -0.998426735 -0.056070998
v 0.142759353 -0.458624989 0.830814183
vn -0.000069626 -0.998426735 -0.056070998
v 0.071379676 -0.458624989 0.830902815
vn -0.000069626 -0.998426735 -0.056070998
f 2182/2182/2182 2183/2183/2183 2184/2184/2184
v 0.142759353 -0.303057581 0.830814183
vn 0.088833086 0.967699826 0.235935926
v 0.214139029 -0.309382051 0.829878807
vn 0.088833086 0.967699826 0.235935926
v 0.214966401 -0.290499985 0.752121806
vn 0.088833086 0.967699826 0.235935926
f 2185/2185/2185 2186/2186/2186 2187/2187/2187
v 0.142759353 -0.303057581 0.830814183
vn 0.218674719 0.912305415 0.346237063
v 0.214966401 -0.290499985 0.752121806
vn 0.218674719 0.912305415 0.346237063
v 0.143310934 -0.273628831 0.752923548
vn 0.218674719 0.912305415 0.346237063
f 2188/2188/2188 2189/2189/2189 2190/2190/2190
v 0.143310934 -0.454250008 0.752923548
vn -0.000628618 -0.998420298 -0.056182589
v 0.214966401 -0.454250008 0.752121806
vn -0.000628618 -0.998420298 -0.056182589
v 0.214139029 -0.458624989 0.829878807
vn -0.000628618 -0.998420298 -0.056182589
f 2191/2191/2191 2192/2192/2192 2193/2193/2193
v 0.143310934 -0.454250008 0.752923548
vn -0.000734948 -0.998425722 -0.056085035
v 0.214139029 -0.458624989 0.829878807
vn -0.000734948 -0.998425722 -0.056085035
v 0.142759353 -0.458624989 0.830814183
vn -0.000734948 -0.998425722 -0.056085035
f 2194/2194/2194 2195/2195/2195 2196/2196/2196
v 0.214139029 -0.309382051 0.829878807
vn -0.022859445 0.994605780 0.101176172
v 0.285518706 -0.307259738 0.825142860
vn -0.022859445 0.994605780 0.101176172
v 0.286621869 -0.299393386 0.748062432
vn -0.022859445 0.994605780 0.101176172
f 2197/2197/2197 2198/2198/2198 2199/2199/2199
v 0.214139029 -0.309382051 0.829878807
vn 0.132824779 0.962823570 0.235219926
v 0.286621869 -0.299393386 0.748062432
vn 0.132824779 0.962823570 0.235219926
v 0.214966401 -0.290499985 0.752121806
vn 0.132824779 0.962823570 0.235219926
f 2200/2200/2200 2201/2201/2201 2202/2202/2202
v 0.214966401 -0.454250008 0.752121806
vn -0.003212863 -0.998385370 -0.056712985
v 0.286621869 -0.454250008 0.748062432
vn -0.003212863 -0.998385370 -0.056712985
v 0.285518706 -0.458624989 0.825142860
vn -0.003212863 -0.998385370 -0.056712985
f 2203/2203/2203 2204/2204/2204 2205/2205/2205
v 0.214966401 -0.454250008 0.752121806
vn -0.003729794 -0.998411715 -0.056215107
v 0.285518706 -0.458624989 0.825142860
vn -0.003729794 -0.998411715 -0.056215107
v 0.214139029 -0.458624989 0.829878807
vn -0.003729794 -0.998411715 -0.056215107
f 2206/2206/2206 2207/2207/2207 2208/2208/2208
v 0.285518706 -0.307259738 0.825142860
vn 0.142341480 0.971170366 0.191225007
v 0.356898367 -0.314528614 0.808926523
vn 0.142341480 0.971170366 0.191225007
v 0.358277351 -0.300009608 0.734162688
vn 0.142341480 0.971170366 0.191225007
f 2209/2209/2209 2210/2210/2210 2211/2211/2211
v 0.285518706 -0.307259738 0.825142860
vn 0.028315604 0.994392931 0.101886846
v 0.358277351 -0.300009608 0.734162688
vn 0.028315604 0.994392931 0.101886846
v 0.286621869 -0.299393386 0.748062432
vn 0.028315604 0.994392931 0.101886846
f 2212/2212/2212 2213/2213/2213 2214/2214/2214
v 0.286621869 -0.454250008 0.748062432
vn -0.011371634 -0.998215437 -0.058622658
v 0.358277351 -0.454250008 0.734162688
vn -0.011371634 -0.998215437 -0.058622658
v 0.356898367 -0.458624989 0.808926523
vn -0.011371634 -0.998215437 -0.058622658
f 2215/2215/2215 2216/2216/2216 2217/2217/2217
v 0.286621869 -0.454250008 0.748062432
vn -0.012914737 -0.998299360 -0.056846958
v 0.356898367 -0.458624989 0.808926523
vn -0.012914737 -0.998299360 -0.056846958
v 0.285518706 -0.458624989 0.825142860
vn -0.012914737 -0.998299360 -0.056846958
f 2218/2218/2218 2219/2219/2219 2220/2220/2220
v 0.356898367 -0.314528614 0.808926523
vn 0.158835933 0.942895591 0.292778134
v 0.428278059 -0.312999994 0.765279174
vn 0.158835933 0.942895591 0.292778134
v 0.429932803 -0.291999996 0.696750700
vn 0.158835933 0.942895591 0.292778134
f 2221/2221/2221 2222/2222/2222 2223/2223/2223
v 0.356898367 -0.314528614 0.808926523
vn -0.010295263 0.981644094 0.190443665
v 0.429932803 -0.291999996 0.696750700
vn -0.010295263 0.981644094 0.190443665
v 0.358277351 -0.300009608 0.734162688
vn -0.010295263 0.981644094 0.190443665
f 2224/2224/2224 2225/2225/2225 2226/2226/2226
v 0.358277351 -0.454250008 0.734162688
vn -0.033668559 -0.997350514 -0.064485639
v 0.429932803 -0.454250008 0.696750700
vn -0.033668559 -0.997350514 -0.064485639
v 0.428278059 -0.458624989 0.765279174
vn -0.033668559 -0.997350514 -0.064485639
f 2227/2227/2227 2228/2228/2228 2229/2229/2229
v 0.358277351 -0.454250008 0.734162688
vn -0.036103662 -0.997602344 -0.059042946
v 0.428278059 -0.458624989 0.765279174
vn -0.036103662 -0.997602344 -0.059042946
v 0.356898367 -0.458624989 0.808926523
vn -0.036103662 -0.997602344 -0.059042946
f 2230/2230/2230 2231/2231/2231 2232/2232/2232
v -0.412800014 -0.324999988 0.833807707
vn -0.138829499 0.984984815 0.102621585
v -0.344000012 -0.320499986 0.883690357
vn -0.138829499 0.984984815 0.102621585
v -0.356898367 -0.314528614 0.808926523
vn -0.138829499 0.984984815 0.102621585
f 2233/2233/2233 2234/2234/2234 2235/2235/2235
v -0.412800014 -0.324999988 0.833807707
vn -0.097042605 0.976408601 0.192896694
v -0.356898367 -0.314528614 0.808926523
vn -0.097042605 0.976408601 0.192896694
v -0.428278059 -0.312999994 0.765279174
vn -0.097042605 0.976408601 0.192896694
f 2236/2236/2236 2237/2237/2237 2238/2238/2238
v -0.428278059 -0.458624989 0.765279174
vn 0.039885424 -0.997072995 -0.065227546
v -0.356898367 -0.458624989 0.808926523
vn 0.039885424 -0.997072995 -0.065227546
v -0.344000012 -0.463000000 0.883690357
vn 0.039885424 -0.997072995 -0.065227546
f 2239/2239/2239 2240/2240/2240 2241/2241/2241
v -0.428278059 -0.458624989 0.765279174
vn 0.055108044 -0.995583236 -0.076007061
v -0.344000012 -0.463000000 0.883690357
vn 0.055108044 -0.995583236 -0.076007061
v -0.412800014 -0.463000000 0.833807707
vn 0.055108044 -0.995583236 -0.076007061
f 2242/2242/2242 2243/2243/2243 2244/2244/2244
v -0.344000012 -0.320499986 0.883690357
vn -0.198530361 0.979818344 0.023275532
v -0.275200009 -0.307000011 0.902223349
vn -0.198530361 0.979818344 0.023275532
v -0.285518706 -0.307259738 0.825142860
vn -0.198530361 0.979818344 0.023275532
f 2245/2245/2245 2246/2246/2246 2247/2247/2247
v -0.344000012 -0.320499986 0.883690357
vn -0.123288415 0.987306774 0.100125864
v -0.285518706 -0.307259738 0.825142860
vn -0.123288415 0.987306774 0.100125864
v -0.356898367 -0.314528614 0.808926523
vn -0.123288415 0.987306774 0.100125864
f 2248/2248/2248 2249/2249/2249 2250/2250/2250
v -0.356898367 -0.458624989 0.808926523
vn 0.013275323 -0.998202980 -0.058434151
v -0.285518706 -0.458624989 0.825142860
vn 0.013275323 -0.998202980 -0.058434151
v -0.275200009 -0.463000000 0.902223349
vn 0.013275323 -0.998202980 -0.058434151
f 2251/2251/2251 2252/2252/2252 2253/2253/2253
v -0.356898367 -0.458624989 0.808926523
vn 0.016498188 -0.997986317 -0.061246194
v -0.275200009 -0.463000000 0.902223349
vn 0.016498188 -0.997986317 -0.061246194
v -0.344000012 -0.463000000 0.883690357
vn 0.016498188 -0.997986317 -0.061246194
f 2254/2254/2254 2255/2255/2255 2256/2256/2256
v -0.275200009 -0.307000011 0.902223349
vn 0.181918174 0.975788951 0.121415302
v -0.206400007 -0.320499986 0.907635808
vn 0.181918174 0.975788951 0.121415302
v -0.214139029 -0.309382051 0.829878807
vn 0.181918174 0.975788951 0.121415302
f 2257/2257/2257 2258/2258/2258 2259/2259/2259
v -0.275200009 -0.307000011 0.902223349
vn 0.030210124 0.999516010 -0.007412130
v -0.214139029 -0.309382051 0.829878807
vn 0.030210124 0.999516010 -0.007412130
v -0.285518706 -0.307259738 0.825142860
vn 0.030210124 0.999516010 -0.007412130
f 2260/2260/2260 2261/2261/2261 2262/2262/2262
v -0.285518706 -0.458624989 0.825142860
vn 0.003751895 -0.998392880 -0.056548156
v -0.214139029 -0.458624989 0.829878807
vn 0.003751895 -0.998392880 -0.056548156
v -0.206400007 -0.463000000 0.907635808
vn 0.003751895 -0.998392880 -0.056548156
f 2263/2263/2263 2264/2264/2264 2265/2265/2265
v -0.285518706 -0.458624989 0.825142860
vn 0.004505268 -0.998348653 -0.057268377
v -0.206400007 -0.463000000 0.907635808
vn 0.004505268 -0.998348653 -0.057268377
v -0.275200009 -0.463000000 0.902223349
vn 0.004505268 -0.998348653 -0.057268377
f 2266/2266/2266 2267/2267/2267 2268/2268/2268
v -0.206400007 -0.320499986 0.907635808
vn 0.058764204 0.961881697 0.267077476
v -0.137600005 -0.324999988 0.908704758
vn 0.058764204 0.961881697 0.267077476
v -0.142759353 -0.303057581 0.830814183
vn 0.058764204 0.961881697 0.267077476
f 2269/2269/2269 2270/2270/2270 2271/2271/2271
v -0.206400007 -0.320499986 0.907635808
vn -0.089209206 0.984702647 0.149674654
v -0.142759353 -0.303057581 0.830814183
vn -0.089209206 0.984702647 0.149674654
v -0.214139029 -0.309382051 0.829878807
vn -0.089209206 0.984702647 0.149674654
f 2272/2272/2272 2273/2273/2273 2274/2274/2274
v -0.214139029 -0.458624989 0.829878807
vn 0.000735525 -0.998423278 -0.056128833
v -0.142759353 -0.458624989 0.830814183
vn 0.000735525 -0.998423278 -0.056128833
v -0.137600005 -0.463000000 0.908704758
vn 0.000735525 -0.998423278 -0.056128833
f 2275/2275/2275 2276/2276/2276 2277/2277/2277
v -0.214139029 -0.458624989 0.829878807
vn 0.000874162 -0.998415530 -0.056263018
v -0.137600005 -0.463000000 0.908704758
vn 0.000874162 -0.998415530 -0.056263018
v -0.206400007 -0.463000000 0.907635808
vn 0.000874162 -0.998415530 -0.056263018
f 2278/2278/2278 2279/2279/2279 2280/2280/2280
v -0.137600005 -0.324999988 0.908704758
vn -0.064468957 0.981612921 0.179665551
v -0.068800002 -0.320499986 0.908806086
vn -0.064468957 0.981612921 0.179665551
v -0.071379676 -0.306410700 0.830902815
vn -0.064468957 0.981612921 0.179665551
f 2281/2281/2281 2282/2282/2282 2283/2283/2283
v -0.137600005 -0.324999988 0.908704758
vn 0.044873688 0.962338209 0.268126100
v -0.071379676 -0.306410700 0.830902815
vn 0.044873688 0.962338209 0.268126100
v -0.142759353 -0.303057581 0.830814183
vn 0.044873688 0.962338209 0.268126100
f 2284/2284/2284 2285/2285/2285 2286/2286/2286
v -0.142759353 -0.458624989 0.830814183
vn 0.000069626 -0.998426616 -0.056073472
v -0.071379676 -0.458624989 0.830902815
vn 0.000069626 -0.998426616 -0.056073472
v -0.068800002 -0.463000000 0.908806086
vn 0.000069626 -0.998426616 -0.056073472
f 2287/2287/2287 2288/2288/2288 2289/2289/2289
v -0.142759353 -0.458624989 0.830814183
vn 0.000082602 -0.998425961 -0.056085736
v -0.068800002 -0.463000000 0.908806086
vn 0.000082602 -0.998425961 -0.056085736
v -0.137600005 -0.463000000 0.908704758
vn 0.000082602 -0.998425961 -0.056085736
f 2290/2290/2290 2291/2291/2291 2292/2292/2292
v -0.068800002 -0.320499986 0.908806086
vn -0.192093179 0.978957236 0.068869770
v 0.000000000 -0.307000011 0.908807755
vn -0.192093179 0.978957236 0.068869770
v 0.000000000 -0.301519483 0.830904186
vn -0.192093179 0.978957236 0.068869770
f 2293/2293/2293 2294/2294/2294 2295/2295/2295
v -0.068800002 -0.320499986 0.908806086
vn -0.067253925 0.981415689 0.179722115
v 0.000000000 -0.301519483 0.830904186
vn -0.067253925 0.981415689 0.179722115
v -0.071379676 -0.306410700 0.830902815
vn -0.067253925 0.981415689 0.179722115
f 2296/2296/2296 2297/2297/2297 2298/2298/2298
v -0.071379676 -0.458624989 0.830902815
vn 0.000001077 -0.998426795 -0.056070961
v 0.000000000 -0.458624989 0.830904186
vn 0.000001077 -0.998426795 -0.056070961
v 0.000000000 -0.463000000 0.908807755
vn 0.000001077 -0.998426795 -0.056070961
f 2299/2299/2299 2300/2300/2300 2301/2301/2301
v -0.071379676 -0.458624989 0.830902815
vn 0.000001361 -0.998426735 -0.056071214
v 0.000000000 -0.463000000 0.908807755
vn 0.000001361 -0.998426735 -0.056071214
v -0.068800002 -0.463000000 0.908806086
vn 0.000001361 -0.998426735 -0.056071214
f 2302/2302/2302 2303/2303/2303 2304/2304/2304
v 0.000000000 -0.307000011 0.908807755
vn 0.189379141 0.965111732 0.180817485
v 0.068800002 -0.320499986 0.908806086
vn 0.189379141 0.965111732 0.180817485
v 0.071379676 -0.306410700 0.830902815
vn 0.189379141 0.965111732 0.180817485
f 2305/2305/2305 2306/2306/2306 2307/2307/2307
v 0.000000000 -0.307000011 0.908807755
vn 0.068197213 0.995212197 0.070013329
v 0.071379676 -0.306410700 0.830902815
vn 0.068197213 0.995212197 0.070013329
v 0.000000000 -0.301519483 0.830904186
vn 0.068197213 0.995212197 0.070013329
f 2308/2308/2308 2309/2309/2309 2310/2310/2310
v 0.000000000 -0.458624989 0.830904186
vn -0.000001077 -0.998426795 -0.056071207
v 0.071379676 -0.458624989 0.830902815
vn -0.000001077 -0.998426795 -0.056071207
v 0.068800002 -0.463000000 0.908806086
vn -0.000001077 -0.998426795 -0.056071207
f 2311/2311/2311 2312/2312/2312 2313/2313/2313
v 0.000000000 -0.458624989 0.830904186
vn -0.000001361 -0.998426795 -0.056070961
v 0.068800002 -0.463000000 0.908806086
vn -0.000001361 -0.998426795 -0.056070961
v 0.000000000 -0.463000000 0.908807755
vn -0.000001361 -0.998426795 -0.056070961
f 2314/2314/2314 2315/2315/2315 2316/2316/2316
v 0.068800002 -0.320499986 0.908806086
vn 0.063163206 0.959514201 0.274486780
v 0.137600005 -0.324999988 0.908704758
vn 0.063163206 0.959514201 0.274486780
v 0.142759353 -0.303057581 0.830814183
vn 0.063163206 0.959514201 0.274486780
f 2317/2317/2317 2318/2318/2318 2319/2319/2319
v 0.068800002 -0.320499986 0.908806086
vn -0.045970567 0.983261228 0.176306590
v 0.142759353 -0.303057581 0.830814183
vn -0.045970567 0.983261228 0.176306590
v 0.071379676 -0.306410700 0.830902815
vn -0.045970567 0.983261228 0.176306590
f 2320/2320/2320 2321/2321/2321 2322/2322/2322
v 0.071379676 -0.458624989 0.830902815
vn -0.000069641 -0.998426020 -0.056084882
v 0.142759353 -0.458624989 0.830814183
vn -0.000069641 -0.998426020 -0.056084882
v 0.137600005 -0.463000000 0.908704758
vn -0.000069641 -0.998426020 -0.056084882
f 2323/2323/2323 2324/2324/2324 2325/2325/2325
v 0.071379676 -0.458624989 0.830902815
vn -0.000082585 -0.998426616 -0.056073897
v 0.137600005 -0.463000000 0.908704758
vn -0.000082585 -0.998426616 -0.056073897
v 0.068800002 -0.463000000 0.908806086
vn -0.000082585 -0.998426616 -0.056073897
f 2326/2326/2326 2327/2327/2327 2328/2328/2328
v 0.137600005 -0.324999988 0.908704758
vn -0.062577441 0.988845766 0.135159984
v 0.206400007 -0.320499986 0.907635808
vn -0.062577441 0.988845766 0.135159984
v 0.214139029 -0.309382051 0.829878807
vn -0.062577441 0.988845766 0.135159984
f 2329/2329/2329 2330/2330/2330 2331/2331/2331
v 0.137600005 -0.324999988 0.908704758
vn 0.088423342 0.957221687 0.275514126
v 0.214139029 -0.309382051 0.829878807
vn 0.088423342 0.957221687 0.275514126
v 0.142759353 -0.303057581 0.830814183
vn 0.088423342 0.957221687 0.275514126
f 2332/2332/2332 2333/2333/2333 2334/2334/2334
v 0.142759353 -0.458624989 0.830814183
vn -0.000737106 -0.998416543 -0.056249436
v 0.214139029 -0.458624989 0.829878807
vn -0.000737106 -0.998416543 -0.056249436
v 0.206400007 -0.463000000 0.907635808
vn -0.000737106 -0.998416543 -0.056249436
f 2335/2335/2335 2336/2336/2336 2337/2337/2337
v 0.142759353 -0.458624989 0.830814183
vn -0.000872217 -0.998422682 -0.056137856
v 0.206400007 -0.463000000 0.907635808
vn -0.000872217 -0.998422682 -0.056137856
v 0.137600005 -0.463000000 0.908704758
vn -0.000872217 -0.998422682 -0.056137856
f 2338/2338/2338 2339/2339/2339 2340/2340/2340
v 0.206400007 -0.320499986 0.907635808
vn -0.194689825 0.980425119 -0.029366544
v 0.275200009 -0.307000011 0.902223349
vn -0.194689825 0.980425119 -0.029366544
v 0.285518706 -0.307259738 0.825142860
vn -0.194689825 0.980425119 -0.029366544
f 2341/2341/2341 2342/2342/2342 2343/2343/2343
v 0.206400007 -0.320499986 0.907635808
vn -0.020176971 0.990009964 0.139546484
v 0.285518706 -0.307259738 0.825142860
vn -0.020176971 0.990009964 0.139546484
v 0.214139029 -0.309382051 0.829878807
vn -0.020176971 0.990009964 0.139546484
f 2344/2344/2344 2345/2345/2345 2346/2346/2346
v 0.214139029 -0.458624989 0.829878807
vn -0.003793390 -0.998357117 -0.057173554
v 0.285518706 -0.458624989 0.825142860
vn -0.003793390 -0.998357117 -0.057173554
v 0.275200009 -0.463000000 0.902223349
vn -0.003793390 -0.998357117 -0.057173554
f 2347/2347/2347 2348/2348/2348 2349/2349/2349
v 0.214139029 -0.458624989 0.829878807
vn -0.004454082 -0.998385966 -0.056617655
v 0.275200009 -0.463000000 0.902223349
vn -0.004454082 -0.998385966 -0.056617655
v 0.206400007 -0.463000000 0.907635808
vn -0.004454082 -0.998385966 -0.056617655
f 2350/2350/2350 2351/2351/2351 2352/2352/2352
v 0.275200009 -0.307000011 0.902223349
vn 0.221127570 0.968382061 0.115493707
v 0.344000012 -0.320499986 0.883690357
vn 0.221127570 0.968382061 0.115493707
v 0.356898367 -0.314528614 0.808926523
vn 0.221127570 0.968382061 0.115493707
f 2353/2353/2353 2354/2354/2354 2355/2355/2355
v 0.275200009 -0.307000011 0.902223349
vn 0.103671201 0.994555950 0.010527157
v 0.356898367 -0.314528614 0.808926523
vn 0.103671201 0.994555950 0.010527157
v 0.285518706 -0.307259738 0.825142860
vn 0.103671201 0.994555950 0.010527157
f 2356/2356/2356 2357/2357/2357 2358/2358/2358
v 0.285518706 -0.458624989 0.825142860
vn -0.013809718 -0.998055279 -0.060786411
v 0.356898367 -0.458624989 0.808926523
vn -0.013809718 -0.998055279 -0.060786411
v 0.344000012 -0.463000000 0.883690357
vn -0.013809718 -0.998055279 -0.060786411
f 2359/2359/2359 2360/2360/2360 2361/2361/2361
v 0.285518706 -0.458624989 0.825142860
vn -0.015832014 -0.998145759 -0.058773160
v 0.344000012 -0.463000000 0.883690357
vn -0.015832014 -0.998145759 -0.058773160
v 0.275200009 -0.463000000 0.902223349
vn -0.015832014 -0.998145759 -0.058773160
f 2362/2362/2362 2363/2363/2363 2364/2364/2364
v 0.344000012 -0.320499986 0.883690357
vn 0.218888700 0.951528072 0.216060385
v 0.412800014 -0.324999988 0.833807707
vn 0.218888700 0.951528072 0.216060385
v 0.428278059 -0.312999994 0.765279174
vn 0.218888700 0.951528072 0.216060385
f 2365/2365/2365 2366/2366/2366 2367/2367/2367
v 0.344000012 -0.320499986 0.883690357
vn 0.030532921 0.995929122 0.084812231
v 0.428278059 -0.312999994 0.765279174
vn 0.030532921 0.995929122 0.084812231
v 0.356898367 -0.314528614 0.808926523
vn 0.030532921 0.995929122 0.084812231
f 2368/2368/2368 2369/2369/2369 2370/2370/2370
v 0.356898367 -0.458624989 0.808926523
vn -0.045124117 -0.996252000 -0.073794760
v 0.428278059 -0.458624989 0.765279174
vn -0.045124117 -0.996252000 -0.073794760
v 0.412800014 -0.463000000 0.833807707
vn -0.045124117 -0.996252000 -0.073794760
f 2371/2371/2371 2372/2372/2372 2373/2373/2373
v 0.356898367 -0.458624989 0.808926523
vn -0.048328746 -0.996604860 -0.066656806
v 0.412800014 -0.463000000 0.833807707
vn -0.048328746 -0.996604860 -0.066656806
v 0.344000012 -0.463000000 0.883690357
vn -0.048328746 -0.996604860 -0.066656806
f 2374/2374/2374 2375/2375/2375 2376/2376/2376
v -0.412800014 -0.264999986 0.285579711
vn 0.000000000 0.000000000 -1.000000000
v -0.344000012 -0.260500014 0.285579711
vn 0.000000000 0.000000000 -1.000000000
v -0.344000012 -0.428000003 0.285579711
vn 0.000000000 0.000000000 -1.000000000
f 2377/2377/2377 2378/2378/2378 2379/2379/2379
v -0.412800014 -0.264999986 0.285579711
vn 0.000000000 0.000000000 -1.000000000
v -0.344000012 -0.428000003 0.285579711
vn 0.000000000 0.000000000 -1.000000000
v -0.412800014 -0.428000003 0.285579711
vn 0.000000000 0.000000000 -1.000000000
f 2380/2380/2380 2381/2381/2381 2382/2382/2382
v -0.344000012 -0.260500014 0.285579711
vn 0.000000000 0.000000000 -1.000000000
v -0.275200009 -0.246999994 0.285579711
vn 0.000000000 0.000000000 -1.000000000
v -0.275200009 -0.428000003 0.285579711
vn 0.000000000 0.000000000 -1.000000000
f 2383/2383/2383 2384/2384/2384 2385/2385/2385
v -0.344000012 -0.260500014 0.285579711
vn 0.000000000 0.000000000 -1.000000000
v -0.275200009 -0.428000003 0.285579711
vn 0.000000000 0.000000000 -1.000000000
v -0.344000012 -0.428000003 0.285579711
vn 0.000000000 0.000000000 -1.000000000
f 2386/2386/2386 2387/2387/2387 2388/2388/2388
v -0.275200009 -0.246999994 0.285579711
vn 0.000000000 0.000000000 -1.000000000
v -0.206400007 -0.260500014 0.285579711
vn 0.000000000 0.000000000 -1.000000000
v -0.206400007 -0.428000003 0.285579711
vn 0.000000000 0.000000000 -1.000000000
f 2389/2389/2389 2390/2390/2390 2391/2391/2391
v -0.275200009 -0.246999994 0.285579711
vn 0.000000000 0.000000000 -1.000000000
v -0.206400007 -0.428000003 0.285579711
vn 0.000000000 0.000000000 -1.000000000
v -0.275200009 -0.428000003 0.285579711
vn 0.000000000 0.000000000 -1.000000000
f 2392/2392/2392 2393/2393/2393 2394/2394/2394
v -0.206400007 -0.260500014 0.285579711
vn 0.000000000 0.000000000 -1.000000000
v -0.137600005 -0.264999986 0.285579711
vn 0.000000000 0.000000000 -1.000000000
v -0.137600005 -0.428000003 0.285579711
vn 0.000000000 0.000000000 -1.000000000
f 2395/2395/2395 2396/2396/2396 2397/2397/2397
v -0.206400007 -0.260500014 0.285579711
vn 0.000000000 0.000000000 -1.000000000
v -0.137600005 -0.428000003 0.285579711
vn 0.000000000 0.000000000 -1.000000000
v -0.206400007 -0.428000003 0.285579711
vn 0.000000000 0.000000000 -1.000000000
f 2398/2398/2398 2399/2399/2399 2400/2400/2400
v -0.137600005 -0.264999986 0.285579711
vn 0.000000000 0.000000000 -1.000000000
v -0.068800002 -0.260500014 0.285579711
vn 0.000000000 0.000000000 -1.000000000
v -0.068800002 -0.428000003 0.285579711
vn 0.000000000 0.000000000 -1.000000000
f 2401/2401/2401 2402/2402/2402 2403/2403/2403
v -0.137600005 -0.264999986 0.285579711
vn 0.000000000 0.000000000 -1.000000000
v -0.068800002 -0.428000003 0.285579711
vn 0.000000000 0.000000000 -1.000000000
v -0.137600005 -0.428000003 0.285579711
vn 0.000000000 0.000000000 -1.000000000
f 2404/2404/2404 2405/2405/2405 2406/2406/2406
v -0.068800002 -0.260500014 0.285579711
vn 0.000000000 0.000000000 -1.000000000
v 0.000000000 -0.246999994 0.285579711
vn 0.000000000 0.000000000 -1.000000000
v 0.000000000 -0.428000003 0.285579711
vn 0.000000000 0.000000000 -1.000000000
f 2407/2407/2407 2408/2408/2408 2409/2409/2409
v -0.068800002 -0.260500014 0.285579711
vn 0.000000000 0.000000000 -1.000000000
v 0.000000000 -0.428000003 0.285579711
vn 0.000000000 0.000000000 -1.000000000
v -0.068800002 -0.428000003 0.285579711
vn 0.000000000 0.000000000 -1.000000000
f 2410/2410/2410 2411/2411/2411 2412/2412/2412
v 0.000000000 -0.246999994 0.285579711
vn 0.000000000 0.000000000 -1.000000000
v 0.068800002 -0.260500014 0.285579711
vn 0.000000000 0.000000000 -1.000000000
v 0.068800002 -0.428000003 0.285579711
vn 0.000000000 0.000000000 -1.000000000
f 2413/2413/2413 2414/2414/2414 2415/2415/2415
v 0.000000000 -0.246999994 0.285579711
vn 0.000000000 0.000000000 -1.000000000
v 0.068800002 -0.428000003 0.285579711
vn 0.000000000 0.000000000 -1.000000000
v 0.000000000 -0.428000003 0.285579711
vn 0.000000000 0.000000000 -1.000000000
f 2416/2416/2416 2417/2417/2417 2418/2418/2418
v 0.068800002 -0.260500014 0.285579711
vn 0.000000000 0.000000000 -1.000000000
v 0.137600005 -0.264999986 0.285579711
vn 0.000000000 0.000000000 -1.000000000
v 0.137600005 -0.428000003 0.285579711
vn 0.000000000 0.000000000 -1.000000000
f 2419/2419/2419 2420/2420/2420 2421/2421/2421
v 0.068800002 -0.260500014 0.285579711
vn 0.000000000 0.000000000 -1.000000000
v 0.137600005 -0.428000003 0.285579711
vn 0.000000000 0.000000000 -1.000000000
v 0.068800002 -0.428000003 0.285579711
vn 0.000000000 0.000000000 -1.000000000
f 2422/2422/2422 2423/2423/2423 2424/2424/2424
v 0.137600005 -0.264999986 0.285579711
vn 0.000000000 0.000000000 -1.000000000
v 0.206400007 -0.260500014 0.285579711
vn 0.000000000 0.000000000 -1.000000000
v 0.206400007 -0.428000003 0.285579711
vn 0.000000000 0.000000000 -1.000000000
f 2425/2425/2425 2426/2426/2426 2427/2427/2427
v 0.137600005 -0.264999986 0.285579711
vn 0.000000000 0.000000000 -1.000000000
v 0.206400007 -0.428000003 0.285579711
vn 0.000000000 0.000000000 -1.000000000
v 0.137600005 -0.428000003 0.285579711
vn 0.000000000 0.000000000 -1.000000000
f 2428/2428/2428 2429/2429/2429 2430/2430/2430
v 0.206400007 -0.260500014 0.285579711
vn 0.000000000 0.000000000 -1.000000000
v 0.275200009 -0.246999994 0.285579711
vn 0.000000000 0.000000000 -1.000000000
v 0.275200009 -0.428000003 0.285579711
vn 0.000000000 0.000000000 -1.000000000
f 2431/2431/2431 2432/2432/2432 2433/2433/2433
v 0.206400007 -0.260500014 0.285579711
vn 0.000000000 0.000000000 -1.000000000
v 0.275200009 -0.428000003 0.285579711
vn 0.000000000 0.000000000 -1.000000000
v 0.206400007 -0.428000003 0.285579711
vn 0.000000000 0.000000000 -1.000000000
f 2434/2434/2434 2435/2435/2435 2436/2436/2436
v 0.275200009 -0.246999994 0.285579711
vn 0.000000000 0.000000000 -1.000000000
v 0.344000012 -0.260500014 0.285579711
vn 0.000000000 0.000000000 -1.000000000
v 0.344000012 -0.428000003 0.285579711
vn 0.000000000 0.000000000 -1.000000000
f 2437/2437/2437 2438/2438/2438 2439/2439/2439
v 0.275200009 -0.246999994 0.285579711
vn 0.000000000 0.000000000 -1.000000000
v 0.344000012 -0.428000003 0.285579711
vn 0.000000000 0.000000000 -1.000000000
v 0.275200009 -0.428000003 0.285579711
vn 0.000000000 0.000000000 -1.000000000
f 2440/2440/2440 2441/2441/2441 2442/2442/2442
v 0.344000012 -0.260500014 0.285579711
vn 0.000000000 0.000000000 -1.000000000
v 0.412800014 -0.264999986 0.285579711
vn 0.000000000 0.000000000 -1.000000000
v 0.412800014 -0.428000003 0.285579711
vn 0.000000000 0.000000000 -1.000000000
f 2443/2443/2443 2444/2444/2444 2445/2445/2445
v 0.344000012 -0.260500014 0.285579711
vn 0.000000000 0.000000000 -1.000000000
v 0.412800014 -0.428000003 0.285579711
vn 0.000000000 0.000000000 -1.000000000
v 0.344000012 -0.428000003 0.285579711
vn 0.000000000 0.000000000 -1.000000000
f 2446/2446/2446 2447/2447/2447 2448/2448/2448
v 0.412800014 -0.264999986 0.285579711
vn 0.975429177 0.000000000 -0.220313236
v 0.428278059 -0.268000007 0.354108214
vn 0.975429177 0.000000000 -0.220313236
v 0.428278059 -0.432375014 0.354108214
vn 0.975429177 0.000000000 -0.220313236
f 2449/2449/2449 2450/2450/2450 2451/2451/2451
v 0.412800014 -0.264999986 0.285579711
vn 0.975429237 0.000000000 -0.220313266
v 0.428278059 -0.432375014 0.354108214
vn 0.975429237 0.000000000 -0.220313266
v 0.412800014 -0.428000003 0.285579711
vn 0.975429237 0.000000000 -0.220313266
f 2452/2452/2452 2453/2453/2453 2454/2454/2454
v 0.428278059 -0.268000007 0.354108214
vn 0.999708652 0.000000000 -0.024139777
v 0.429932803 -0.261999995 0.422636688
vn 0.999708652 0.000000000 -0.024139777
v 0.429932803 -0.436749995 0.422636688
vn 0.999708652 0.000000000 -0.024139777
f 2455/2455/2455 2456/2456/2456 2457/2457/2457
v 0.428278059 -0.268000007 0.354108214
vn 0.999708533 0.000000000 -0.024139775
v 0.429932803 -0.436749995 0.422636688
vn 0.999708533 0.000000000 -0.024139775
v 0.428278059 -0.432375014 0.354108214
vn 0.999708533 0.000000000 -0.024139775
f 2458/2458/2458 2459/2459/2459 2460/2460/2460
v 0.429932803 -0.261999995 0.422636688
vn 0.999999464 0.000000000 -0.000976761
v 0.429999739 -0.282999992 0.491165221
vn 0.999999464 0.000000000 -0.000976761
v 0.429999739 -0.441125005 0.491165221
vn 0.999999464 0.000000000 -0.000976761
f 2461/2461/2461 2462/2462/2462 2463/2463/2463
v 0.429932803 -0.261999995 0.422636688
vn 0.999999583 0.000000000 -0.000976761
v 0.429999739 -0.441125005 0.491165221
vn 0.999999583 0.000000000 -0.000976761
v 0.429932803 -0.436749995 0.422636688
vn 0.999999583 0.000000000 -0.000976761
f 2464/2464/2464 2465/2465/2465 2466/2466/2466
v 0.429999739 -0.282999992 0.491165221
vn 0.999999940 0.000000000 -0.000003914
v 0.430000007 -0.294999987 0.559693694
vn 0.999999940 0.000000000 -0.000003914
v 0.430000007 -0.445499986 0.559693694
vn 0.999999940 0.000000000 -0.000003914
f 2467/2467/2467 2468/2468/2468 2469/2469/2469
v 0.429999739 -0.282999992 0.491165221
vn 1.000000000 0.000000000 -0.000003914
v 0.430000007 -0.445499986 0.559693694
vn 1.000000000 0.000000000 -0.000003914
v 0.429999739 -0.441125005 0.491165221
vn 1.000000000 0.000000000 -0.000003914
f 2470/2470/2470 2471/2471/2471 2472/2472/2472
v 0.430000007 -0.294999987 0.559693694
vn 1.000000000 0.000000000 0.000003914
v 0.429999739 -0.298000008 0.628222227
vn 1.000000000 0.000000000 0.000003914
v 0.429999739 -0.449874997 0.628222227
vn 1.000000000 0.000000000 0.000003914
f 2473/2473/2473 2474/2474/2474 2475/2475/2475
v 0.430000007 -0.294999987 0.559693694
vn 1.000000000 0.000000000 0.000003914
v 0.429999739 -0.449874997 0.628222227
vn 1.000000000 0.000000000 0.000003914
v 0.430000007 -0.445499986 0.559693694
vn 1.000000000 0.000000000 0.000003914
f 2476/2476/2476 2477/2477/2477 2478/2478/2478
v 0.429999739 -0.298000008 0.628222227
vn 0.999999464 0.000000000 0.000976762
v 0.429932803 -0.291999996 0.696750700
vn 0.999999464 0.000000000 0.000976762
v 0.429932803 -0.454250008 0.696750700
vn 0.999999464 0.000000000 0.000976762
f 2479/2479/2479 2480/2480/2480 2481/2481/2481
v 0.429999739 -0.298000008 0.628222227
vn 0.999999583 0.000000000 0.000976762
v 0.429932803 -0.454250008 0.696750700
vn 0.999999583 0.000000000 0.000976762
v 0.429999739 -0.449874997 0.628222227
vn 0.999999583 0.000000000 0.000976762
f 2482/2482/2482 2483/2483/2483 2484/2484/2484
v 0.429932803 -0.291999996 0.696750700
vn 0.999708652 0.000000000 0.024139779
v 0.428278059 -0.312999994 0.765279174
vn 0.999708652 0.000000000 0.024139779
v 0.428278059 -0.458624989 0.765279174
vn 0.999708652 0.000000000 0.024139779
f 2485/2485/2485 2486/2486/2486 2487/2487/2487
v 0.429932803 -0.291999996 0.696750700
vn 0.999708593 0.000000000 0.024139775
v 0.428278059 -0.458624989 0.765279174
vn 0.999708593 0.000000000 0.024139775
v 0.429932803 -0.454250008 0.696750700
vn 0.999708593 0.000000000 0.024139775
f 2488/2488/2488 2489/2489/2489 2490/2490/2490
v 0.428278059 -0.312999994 0.765279174
vn 0.975429237 0.000000000 0.220313162
v 0.412800014 -0.324999988 0.833807707
vn 0.975429237 0.000000000 0.220313162
v 0.412800014 -0.463000000 0.833807707
vn 0.975429237 0.000000000 0.220313162
f 2491/2491/2491 2492/2492/2492 2493/2493/2493
v 0.428278059 -0.312999994 0.765279174
vn 0.975429237 0.000000000 0.220313162
v 0.412800014 -0.463000000 0.833807707
vn 0.975429237 0.000000000 0.220313162
v 0.428278059 -0.458624989 0.765279174
vn 0.975429237 0.000000000 0.220313162
f 2494/2494/2494 2495/2495/2495 2496/2496/2496
v 0.412800014 -0.324999988 0.833807707
vn 0.586987972 0.000000000 0.809595644
v 0.344000012 -0.320499986 0.883690357
vn 0.586987972 0.000000000 0.809595644
v 0.344000012 -0.463000000 0.883690357
vn 0.586987972 0.000000000 0.809595644
f 2497/2497/2497 2498/2498/2498 2499/2499/2499
v 0.412800014 -0.324999988 0.833807707
vn 0.586987972 0.000000000 0.809595644
v 0.344000012 -0.463000000 0.883690357
vn 0.586987972 0.000000000 0.809595644
v 0.412800014 -0.463000000 0.833807707
vn 0.586987972 0.000000000 0.809595644
f 2500/2500/2500 2501/2501/2501 2502/2502/2502
v 0.344000012 -0.320499986 0.883690357
vn 0.260103196 0.000000000 0.965580821
v 0.275200009 -0.307000011 0.902223349
vn 0.260103196 0.000000000 0.965580821
v 0.275200009 -0.463000000 0.902223349
vn 0.260103196 0.000000000 0.965580821
f 2503/2503/2503 2504/2504/2504 2505/2505/2505
v 0.344000012 -0.320499986 0.883690357
vn 0.260103196 0.000000000 0.965580881
v 0.275200009 -0.463000000 0.902223349
vn 0.260103196 0.000000000 0.965580881
v 0.344000012 -0.463000000 0.883690357
vn 0.260103196 0.000000000 0.965580881
f 2506/2506/2506 2507/2507/2507 2508/2508/2508
v 0.275200009 -0.307000011 0.902223349
vn 0.078427151 0.000000000 0.996919811
v 0.206400007 -0.320499986 0.907635808
vn 0.078427151 0.000000000 0.996919811
v 0.206400007 -0.463000000 0.907635808
vn 0.078427151 0.000000000 0.996919811
f 2509/2509/2509 2510/2510/2510 2511/2511/2511
v 0.275200009 -0.307000011 0.902223349
vn 0.078427158 0.000000000 0.996919870
v 0.206400007 -0.463000000 0.907635808
vn 0.078427158 0.000000000 0.996919870
v 0.275200009 -0.463000000 0.902223349
vn 0.078427158 0.000000000 0.996919870
f 2512/2512/2512 2513/2513/2513 2514/2514/2514
v 0.206400007 -0.320499986 0.907635808
vn 0.015535185 0.000000000 0.999879360
v 0.137600005 -0.324999988 0.908704758
vn 0.015535185 0.000000000 0.999879360
v 0.137600005 -0.463000000 0.908704758
vn 0.015535185 0.000000000 0.999879360
f 2515/2515/2515 2516/2516/2516 2517/2517/2517
v 0.206400007 -0.320499986 0.907635808
vn 0.015535184 0.000000000 0.999879301
v 0.137600005 -0.463000000 0.908704758
vn 0.015535184 0.000000000 0.999879301
v 0.206400007 -0.463000000 0.907635808
vn 0.015535184 0.000000000 0.999879301
f 2518/2518/2518 2519/2519/2519 2520/2520/2520
v 0.137600005 -0.324999988 0.908704758
vn 0.001472787 0.000000000 0.999998927
v 0.068800002 -0.320499986 0.908806086
vn 0.001472787 0.000000000 0.999998927
v 0.068800002 -0.463000000 0.908806086
vn 0.001472787 0.000000000 0.999998927
f 2521/2521/2521 2522/2522/2522 2523/2523/2523
v 0.137600005 -0.324999988 0.908704758
vn 0.001472787 0.000000000 0.999998868
v 0.068800002 -0.463000000 0.908806086
vn 0.001472787 0.000000000 0.999998868
v 0.137600005 -0.463000000 0.908704758
vn 0.001472787 0.000000000 0.999998868
f 2524/2524/2524 2525/2525/2525 2526/2526/2526
v 0.068800002 -0.320499986 0.908806086
vn 0.000024258 0.000000000 1.000000000
v 0.000000000 -0.307000011 0.908807755
vn 0.000024258 0.000000000 1.000000000
v 0.000000000 -0.463000000 0.908807755
vn 0.000024258 0.000000000 1.000000000
f 2527/2527/2527 2528/2528/2528 2529/2529/2529
v 0.068800002 -0.320499986 0.908806086
vn 0.000024258 0.000000000 1.000000000
v 0.000000000 -0.463000000 0.908807755
vn 0.000024258 0.000000000 1.000000000
v 0.068800002 -0.463000000 0.908806086
vn 0.000024258 0.000000000 1.000000000
f 2530/2530/2530 2531/2531/2531 2532/2532/2532
v 0.000000000 -0.307000011 0.908807755
vn -0.000024258 0.000000000 1.000000000
v -0.068800002 -0.320499986 0.908806086
vn -0.000024258 0.000000000 1.000000000
v -0.068800002 -0.463000000 0.908806086
vn -0.000024258 0.000000000 1.000000000
f 2533/2533/2533 2534/2534/2534 2535/2535/2535
v 0.000000000 -0.307000011 0.908807755
vn -0.000024258 0.000000000 1.000000000
v -0.068800002 -0.463000000 0.908806086
vn -0.000024258 0.000000000 1.000000000
v 0.000000000 -0.463000000 0.908807755
vn -0.000024258 0.000000000 1.000000000
f 2536/2536/2536 2537/2537/2537 2538/2538/2538
v -0.068800002 -0.320499986 0.908806086
vn -0.001472788 0.000000000 0.999998927
v -0.137600005 -0.324999988 0.908704758
vn -0.001472788 0.000000000 0.999998927
v -0.137600005 -0.463000000 0.908704758
vn -0.001472788 0.000000000 0.999998927
f 2539/2539/2539 2540/2540/2540 2541/2541/2541
v -0.068800002 -0.320499986 0.908806086
vn -0.001472788 0.000000000 0.999998987
v -0.137600005 -0.463000000 0.908704758
vn -0.001472788 0.000000000 0.999998987
v -0.068800002 -0.463000000 0.908806086
vn -0.001472788 0.000000000 0.999998987
f 2542/2542/2542 2543/2543/2543 2544/2544/2544
v -0.137600005 -0.324999988 0.908704758
vn -0.015535181 0.000000000 0.999879241
v -0.206400007 -0.320499986 0.907635808
vn -0.015535181 0.000000000 0.999879241
v -0.206400007 -0.463000000 0.907635808
vn -0.015535181 0.000000000 0.999879241
f 2545/2545/2545 2546/2546/2546 2547/2547/2547
v -0.137600005 -0.324999988 0.908704758
vn -0.015535183 0.000000000 0.999879360
v -0.206400007 -0.463000000 0.907635808
vn -0.015535183 0.000000000 0.999879360
v -0.137600005 -0.463000000 0.908704758
vn -0.015535183 0.000000000 0.999879360
f 2548/2548/2548 2549/2549/2549 2550/2550/2550
v -0.206400007 -0.320499986 0.907635808
vn -0.078427158 0.000000000 0.996919870
v -0.275200009 -0.307000011 0.902223349
vn -0.078427158 0.000000000 0.996919870
v -0.275200009 -0.463000000 0.902223349
vn -0.078427158 0.000000000 0.996919870
f 2551/2551/2551 2552/2552/2552 2553/2553/2553
v -0.206400007 -0.320499986 0.907635808
vn -0.078427151 0.000000000 0.996919811
v -0.275200009 -0.463000000 0.902223349
vn -0.078427151 0.000000000 0.996919811
v -0.206400007 -0.463000000 0.907635808
vn -0.078427151 0.000000000 0.996919811
f 2554/2554/2554 2555/2555/2555 2556/2556/2556
v -0.275200009 -0.307000011 0.902223349
vn -0.260103196 0.000000000 0.965580881
v -0.344000012 -0.320499986 0.883690357
vn -0.260103196 0.000000000 0.965580881
v -0.344000012 -0.463000000 0.883690357
vn -0.260103196 0.000000000 0.965580881
f 2557/2557/2557 2558/2558/2558 2559/2559/2559
v -0.275200009 -0.307000011 0.902223349
vn -0.260103196 0.000000000 0.965580821
v -0.344000012 -0.463000000 0.883690357
vn -0.260103196 0.000000000 0.965580821
v -0.275200009 -0.463000000 0.902223349
vn -0.260103196 0.000000000 0.965580821
f 2560/2560/2560 2561/2561/2561 2562/2562/2562
v -0.344000012 -0.320499986 0.883690357
vn -0.586988032 0.000000000 0.809595644
v -0.412800014 -0.324999988 0.833807707
vn -0.586988032 0.000000000 0.809595644
v -0.412800014 -0.463000000 0.833807707
vn -0.586988032 0.000000000 0.809595644
f 2563/2563/2563 2564/2564/2564 2565/2565/2565
v -0.344000012 -0.320499986 0.883690357
vn -0.586988032 0.000000000 0.809595644
v -0.412800014 -0.463000000 0.833807707
vn -0.586988032 0.000000000 0.809595644
v -0.344000012 -0.463000000 0.883690357
vn -0.586988032 0.000000000 0.809595644
f 2566/2566/2566 2567/2567/2567 2568/2568/2568
v -0.412800014 -0.324999988 0.833807707
vn -0.975429237 0.000000000 0.220313162
v -0.428278059 -0.312999994 0.765279174
vn -0.975429237 0.000000000 0.220313162
v -0.428278059 -0.458624989 0.765279174
vn -0.975429237 0.000000000 0.220313162
f 2569/2569/2569 2570/2570/2570 2571/2571/2571
v -0.412800014 -0.324999988 0.833807707
vn -0.975429237 0.000000000 0.220313162
v -0.428278059 -0.458624989 0.765279174
vn -0.975429237 0.000000000 0.220313162
v -0.412800014 -0.463000000 0.833807707
vn -0.975429237 0.000000000 0.220313162
f 2572/2572/2572 2573/2573/2573 2574/2574/2574
v -0.428278059 -0.312999994 0.765279174
vn -0.999708593 0.000000000 0.024139775
v -0.429932803 -0.291999996 0.696750700
vn -0.999708593 0.000000000 0.024139775
v -0.429932803 -0.454250008 0.696750700
vn -0.999708593 0.000000000 0.024139775
f 2575/2575/2575 2576/2576/2576 2577/2577/2577
v -0.428278059 -0.312999994 0.765279174
vn -0.999708652 0.000000000 0.024139777
v -0.429932803 -0.454250008 0.696750700
vn -0.999708652 0.000000000 0.024139777
v -0.428278059 -0.458624989 0.765279174
vn -0.999708652 0.000000000 0.024139777
f 2578/2578/2578 2579/2579/2579 2580/2580/2580
v -0.429932803 -0.291999996 0.696750700
vn -0.999999523 0.000000000 0.000976762
v -0.429999739 -0.298000008 0.628222227
vn -0.999999523 0.000000000 0.000976762
v -0.429999739 -0.449874997 0.628222227
vn -0.999999523 0.000000000 0.000976762
f 2581/2581/2581 2582/2582/2582 2583/2583/2583
v -0.429932803 -0.291999996 0.696750700
vn -0.999999464 0.000000000 0.000976762
v -0.429999739 -0.449874997 0.628222227
vn -0.999999464 0.000000000 0.000976762
v -0.429932803 -0.454250008 0.696750700
vn -0.999999464 0.000000000 0.000976762
f 2584/2584/2584 2585/2585/2585 2586/2586/2586
v -0.429999739 -0.298000008 0.628222227
vn -1.000000000 0.000000000 0.000003914
v -0.430000007 -0.294999987 0.559693694
vn -1.000000000 0.000000000 0.000003914
v -0.430000007 -0.445499986 0.559693694
vn -1.000000000 0.000000000 0.000003914
f 2587/2587/2587 2588/2588/2588 2589/2589/2589
v -0.429999739 -0.298000008 0.628222227
vn -1.000000000 0.000000000 0.000003914
v -0.430000007 -0.445499986 0.559693694
vn -1.000000000 0.000000000 0.000003914
v -0.429999739 -0.449874997 0.628222227
vn -1.000000000 0.000000000 0.000003914
f 2590/2590/2590 2591/2591/2591 2592/2592/2592
v -0.430000007 -0.294999987 0.559693694
vn -1.000000000 0.000000000 -0.000003914
v -0.429999739 -0.282999992 0.491165221
vn -1.000000000 0.000000000 -0.000003914
v -0.429999739 -0.441125005 0.491165221
vn -1.000000000 0.000000000 -0.000003914
f 2593/2593/2593 2594/2594/2594 2595/2595/2595
v -0.430000007 -0.294999987 0.559693694
vn -0.999999940 -0.000000000 -0.000003914
v -0.429999739 -0.441125005 0.491165221
vn -0.999999940 -0.000000000 -0.000003914
v -0.430000007 -0.445499986 0.559693694
vn -0.999999940 -0.000000000 -0.000003914
f 2596/2596/2596 2597/2597/2597 2598/2598/2598
v -0.429999739 -0.282999992 0.491165221
vn -0.999999583 0.000000000 -0.000976761
v -0.429932803 -0.261999995 0.422636688
vn -0.999999583 0.000000000 -0.000976761
v -0.429932803 -0.436749995 0.422636688
vn -0.999999583 0.000000000 -0.000976761
f 2599/2599/2599 2600/2600/2600 2601/2601/2601
v -0.429999739 -0.282999992 0.491165221
vn -0.999999464 -0.000000000 -0.000976761
v -0.429932803 -0.436749995 0.422636688
vn -0.999999464 -0.000000000 -0.000976761
v -0.429999739 -0.441125005 0.491165221
vn -0.999999464 -0.000000000 -0.000976761
f 2602/2602/2602 2603/2603/2603 2604/2604/2604
v -0.429932803 -0.261999995 0.422636688
vn -0.999708533 0.000000000 -0.024139773
v -0.428278059 -0.268000007 0.354108214
vn -0.999708533 0.000000000 -0.024139773
v -0.428278059 -0.432375014 0.354108214
vn -0.999708533 0.000000000 -0.024139773
f 2605/2605/2605 2606/2606/2606 2607/2607/2607
v -0.429932803 -0.261999995 0.422636688
vn -0.999708652 -0.000000000 -0.024139777
v -0.428278059 -0.432375014 0.354108214
vn -0.999708652 -0.000000000 -0.024139777
v -0.429932803 -0.436749995 0.422636688
vn -0.999708652 -0.000000000 -0.024139777
f 2608/2608/2608 2609/2609/2609 2610/2610/2610
v -0.428278059 -0.268000007 0.354108214
vn -0.975429237 0.000000000 -0.220313236
v -0.412800014 -0.264999986 0.285579711
vn -0.975429237 0.000000000 -0.220313236
v -0.412800014 -0.428000003 0.285579711
vn -0.975429237 0.000000000 -0.220313236
f 2611/2611/2611 2612/2612/2612 2613/2613/2613
v -0.428278059 -0.268000007 0.354108214
vn -0.975429177 -0.000000000 -0.220313236
v -0.412800014 -0.428000003 0.285579711
vn -0.975429177 -0.000000000 -0.220313236
v -0.428278059 -0.432375014 0.354108214
vn -0.975429177 -0.000000000 -0.220313236
f 2614/2614/2614 2615/2615/2615 2616/2616/2616
o Victorian_5_|_closed_upholstered_base
usemtl UV_Base
v -0.409999996 -0.409999996 0.185000002
vn -0.249293625 -0.931785226 -0.263872802
v -0.422483593 -0.406660080 0.184999987
vn -0.249293625 -0.931785226 -0.263872802
v -0.421955287 -0.403415799 0.173044696
vn -0.249293625 -0.931785226 -0.263872802
f 2617/2617/2617 2618/2618/2618 2619/2619/2619
v -0.409999996 -0.409999996 0.185000002
vn -0.263872802 -0.931785226 -0.249293625
v -0.421955287 -0.403415799 0.173044696
vn -0.263872802 -0.931785226 -0.249293625
v -0.409999996 -0.406660080 0.172516391
vn -0.263872802 -0.931785226 -0.249293625
f 2620/2620/2620 2621/2621/2621 2622/2622/2622
v -0.422483593 -0.406660080 0.184999987
vn -0.690135062 -0.690135062 -0.217777580
v -0.431660086 -0.397483587 0.184999987
vn -0.690135062 -0.690135062 -0.217777580
v -0.428415805 -0.396955281 0.173044696
vn -0.690135062 -0.690135062 -0.217777580
f 2623/2623/2623 2624/2624/2624 2625/2625/2625
v -0.422483593 -0.406660080 0.184999987
vn -0.690135121 -0.690135062 -0.217777565
v -0.428415805 -0.396955281 0.173044696
vn -0.690135121 -0.690135062 -0.217777565
v -0.421955287 -0.403415799 0.173044696
vn -0.690135121 -0.690135062 -0.217777565
f 2626/2626/2626 2627/2627/2627 2628/2628/2628
v -0.435000002 -0.384999990 0.185000002
vn -0.931785226 -0.263872802 -0.249293625
v -0.431660086 -0.384999990 0.172516391
vn -0.931785226 -0.263872802 -0.249293625
v -0.428415805 -0.396955281 0.173044696
vn -0.931785226 -0.263872802 -0.249293625
f 2629/2629/2629 2630/2630/2630 2631/2631/2631
v -0.435000002 -0.384999990 0.185000002
vn -0.931785226 -0.249293625 -0.263872802
v -0.428415805 -0.396955281 0.173044696
vn -0.931785226 -0.249293625 -0.263872802
v -0.431660086 -0.397483587 0.184999987
vn -0.931785226 -0.249293625 -0.263872802
f 2632/2632/2632 2633/2633/2633 2634/2634/2634
v -0.431660086 -0.384999990 0.172516391
vn -0.690135717 -0.217777491 -0.690134585
v -0.422483593 -0.384999990 0.163339883
vn -0.690135717 -0.217777491 -0.690134585
v -0.421955287 -0.396955281 0.166584164
vn -0.690135717 -0.217777491 -0.690134585
f 2635/2635/2635 2636/2636/2636 2637/2637/2637
v -0.431660086 -0.384999990 0.172516391
vn -0.690135837 -0.217777774 -0.690134346
v -0.421955287 -0.396955281 0.166584164
vn -0.690135837 -0.217777774 -0.690134346
v -0.428415805 -0.396955281 0.173044696
vn -0.690135837 -0.217777774 -0.690134346
f 2638/2638/2638 2639/2639/2639 2640/2640/2640
v -0.409999996 -0.384999990 0.159999996
vn -0.263872862 -0.249291822 -0.931785762
v -0.409999996 -0.397483587 0.163339883
vn -0.263872862 -0.249291822 -0.931785762
v -0.421955287 -0.396955281 0.166584164
vn -0.263872862 -0.249291822 -0.931785762
f 2641/2641/2641 2642/2642/2642 2643/2643/2643
v -0.409999996 -0.384999990 0.159999996
vn -0.249291822 -0.263872862 -0.931785762
v -0.421955287 -0.396955281 0.166584164
vn -0.249291822 -0.263872862 -0.931785762
v -0.422483593 -0.384999990 0.163339883
vn -0.249291822 -0.263872862 -0.931785762
f 2644/2644/2644 2645/2645/2645 2646/2646/2646
v -0.409999996 -0.397483587 0.163339883
vn -0.217777714 -0.690135658 -0.690134466
v -0.409999996 -0.406660080 0.172516391
vn -0.217777714 -0.690135658 -0.690134466
v -0.421955287 -0.403415799 0.173044696
vn -0.217777714 -0.690135658 -0.690134466
f 2647/2647/2647 2648/2648/2648 2649/2649/2649
v -0.409999996 -0.397483587 0.163339883
vn -0.217777401 -0.690135896 -0.690134287
v -0.421955287 -0.403415799 0.173044696
vn -0.217777401 -0.690135896 -0.690134287
v -0.421955287 -0.396955281 0.166584164
vn -0.217777401 -0.690135896 -0.690134287
f 2650/2650/2650 2651/2651/2651 2652/2652/2652
v -0.421955287 -0.403415799 0.173044696
vn -0.577350736 -0.577350736 -0.577349365
v -0.428415805 -0.396955281 0.173044696
vn -0.577350736 -0.577350736 -0.577349365
v -0.421955287 -0.396955281 0.166584164
vn -0.577350736 -0.577350736 -0.577349365
f 2653/2653/2653 2654/2654/2654 2655/2655/2655
v 0.409999996 -0.409999996 0.185000002
vn 0.263872802 -0.931785226 -0.249293625
v 0.409999996 -0.406660080 0.172516391
vn 0.263872802 -0.931785226 -0.249293625
v 0.421955287 -0.403415799 0.173044696
vn 0.263872802 -0.931785226 -0.249293625
f 2656/2656/2656 2657/2657/2657 2658/2658/2658
v 0.409999996 -0.409999996 0.185000002
vn 0.249293625 -0.931785226 -0.263872802
v 0.421955287 -0.403415799 0.173044696
vn 0.249293625 -0.931785226 -0.263872802
v 0.422483593 -0.406660080 0.184999987
vn 0.249293625 -0.931785226 -0.263872802
f 2659/2659/2659 2660/2660/2660 2661/2661/2661
v 0.409999996 -0.406660080 0.172516391
vn 0.217777491 -0.690135717 -0.690134585
v 0.409999996 -0.397483587 0.163339883
vn 0.217777491 -0.690135717 -0.690134585
v 0.421955287 -0.396955281 0.166584164
vn 0.217777491 -0.690135717 -0.690134585
f 2662/2662/2662 2663/2663/2663 2664/2664/2664
v 0.409999996 -0.406660080 0.172516391
vn 0.217777774 -0.690135837 -0.690134346
v 0.421955287 -0.396955281 0.166584164
vn 0.217777774 -0.690135837 -0.690134346
v 0.421955287 -0.403415799 0.173044696
vn 0.217777774 -0.690135837 -0.690134346
f 2665/2665/2665 2666/2666/2666 2667/2667/2667
v 0.409999996 -0.384999990 0.159999996
vn 0.249291822 -0.263872862 -0.931785762
v 0.422483593 -0.384999990 0.163339883
vn 0.249291822 -0.263872862 -0.931785762
v 0.421955287 -0.396955281 0.166584164
vn 0.249291822 -0.263872862 -0.931785762
f 2668/2668/2668 2669/2669/2669 2670/2670/2670
v 0.409999996 -0.384999990 0.159999996
vn 0.263872862 -0.249291822 -0.931785762
v 0.421955287 -0.396955281 0.166584164
vn 0.263872862 -0.249291822 -0.931785762
v 0.409999996 -0.397483587 0.163339883
vn 0.263872862 -0.249291822 -0.931785762
f 2671/2671/2671 2672/2672/2672 2673/2673/2673
v 0.422483593 -0.384999990 0.163339883
vn 0.690135658 -0.217777714 -0.690134466
v 0.431660086 -0.384999990 0.172516391
vn 0.690135658 -0.217777714 -0.690134466
v 0.428415805 -0.396955281 0.173044696
vn 0.690135658 -0.217777714 -0.690134466
f 2674/2674/2674 2675/2675/2675 2676/2676/2676
v 0.422483593 -0.384999990 0.163339883
vn 0.690135896 -0.217777401 -0.690134287
v 0.428415805 -0.396955281 0.173044696
vn 0.690135896 -0.217777401 -0.690134287
v 0.421955287 -0.396955281 0.166584164
vn 0.690135896 -0.217777401 -0.690134287
f 2677/2677/2677 2678/2678/2678 2679/2679/2679
v 0.435000002 -0.384999990 0.185000002
vn 0.931785226 -0.249293625 -0.263872802
v 0.431660086 -0.397483587 0.184999987
vn 0.931785226 -0.249293625 -0.263872802
v 0.428415805 -0.396955281 0.173044696
vn 0.931785226 -0.249293625 -0.263872802
f 2680/2680/2680 2681/2681/2681 2682/2682/2682
v 0.435000002 -0.384999990 0.185000002
vn 0.931785226 -0.263872802 -0.249293625
v 0.428415805 -0.396955281 0.173044696
vn 0.931785226 -0.263872802 -0.249293625
v 0.431660086 -0.384999990 0.172516391
vn 0.931785226 -0.263872802 -0.249293625
f 2683/2683/2683 2684/2684/2684 2685/2685/2685
v 0.431660086 -0.397483587 0.184999987
vn 0.690135062 -0.690135062 -0.217777580
v 0.422483593 -0.406660080 0.184999987
vn 0.690135062 -0.690135062 -0.217777580
v 0.421955287 -0.403415799 0.173044696
vn 0.690135062 -0.690135062 -0.217777580
f 2686/2686/2686 2687/2687/2687 2688/2688/2688
v 0.431660086 -0.397483587 0.184999987
vn 0.690135062 -0.690135121 -0.217777565
v 0.421955287 -0.403415799 0.173044696
vn 0.690135062 -0.690135121 -0.217777565
v 0.428415805 -0.396955281 0.173044696
vn 0.690135062 -0.690135121 -0.217777565
f 2689/2689/2689 2690/2690/2690 2691/2691/2691
v 0.421955287 -0.403415799 0.173044696
vn 0.577350736 -0.577350736 -0.577349365
v 0.421955287 -0.396955281 0.166584164
vn 0.577350736 -0.577350736 -0.577349365
v 0.428415805 -0.396955281 0.173044696
vn 0.577350736 -0.577350736 -0.577349365
f 2692/2692/2692 2693/2693/2693 2694/2694/2694
v 0.409999996 0.430000007 0.185000002
vn 0.249293625 0.931785226 -0.263872802
v 0.422483593 0.426660091 0.184999987
vn 0.249293625 0.931785226 -0.263872802
v 0.421955287 0.423415810 0.173044696
vn 0.249293625 0.931785226 -0.263872802
f 2695/2695/2695 2696/2696/2696 2697/2697/2697
v 0.409999996 0.430000007 0.185000002
vn 0.263872802 0.931785226 -0.249293625
v 0.421955287 0.423415810 0.173044696
vn 0.263872802 0.931785226 -0.249293625
v 0.409999996 0.426660091 0.172516391
vn 0.263872802 0.931785226 -0.249293625
f 2698/2698/2698 2699/2699/2699 2700/2700/2700
v 0.422483593 0.426660091 0.184999987
vn 0.690135062 0.690135062 -0.217777580
v 0.431660086 0.417483598 0.184999987
vn 0.690135062 0.690135062 -0.217777580
v 0.428415805 0.416955292 0.173044696
vn 0.690135062 0.690135062 -0.217777580
f 2701/2701/2701 2702/2702/2702 2703/2703/2703
v 0.422483593 0.426660091 0.184999987
vn 0.690135121 0.690135062 -0.217777565
v 0.428415805 0.416955292 0.173044696
vn 0.690135121 0.690135062 -0.217777565
v 0.421955287 0.423415810 0.173044696
vn 0.690135121 0.690135062 -0.217777565
f 2704/2704/2704 2705/2705/2705 2706/2706/2706
v 0.435000002 0.405000001 0.185000002
vn 0.931785226 0.263872802 -0.249293625
v 0.431660086 0.405000001 0.172516391
vn 0.931785226 0.263872802 -0.249293625
v 0.428415805 0.416955292 0.173044696
vn 0.931785226 0.263872802 -0.249293625
f 2707/2707/2707 2708/2708/2708 2709/2709/2709
v 0.435000002 0.405000001 0.185000002
vn 0.931785226 0.249293625 -0.263872802
v 0.428415805 0.416955292 0.173044696
vn 0.931785226 0.249293625 -0.263872802
v 0.431660086 0.417483598 0.184999987
vn 0.931785226 0.249293625 -0.263872802
f 2710/2710/2710 2711/2711/2711 2712/2712/2712
v 0.431660086 0.405000001 0.172516391
vn 0.690135717 0.217777491 -0.690134585
v 0.422483593 0.405000001 0.163339883
vn 0.690135717 0.217777491 -0.690134585
v 0.421955287 0.416955292 0.166584164
vn 0.690135717 0.217777491 -0.690134585
f 2713/2713/2713 2714/2714/2714 2715/2715/2715
v 0.431660086 0.405000001 0.172516391
vn 0.690135837 0.217777774 -0.690134346
v 0.421955287 0.416955292 0.166584164
vn 0.690135837 0.217777774 -0.690134346
v 0.428415805 0.416955292 0.173044696
vn 0.690135837 0.217777774 -0.690134346
f 2716/2716/2716 2717/2717/2717 2718/2718/2718
v 0.409999996 0.405000001 0.159999996
vn 0.263872862 0.249291822 -0.931785762
v 0.409999996 0.417483598 0.163339883
vn 0.263872862 0.249291822 -0.931785762
v 0.421955287 0.416955292 0.166584164
vn 0.263872862 0.249291822 -0.931785762
f 2719/2719/2719 2720/2720/2720 2721/2721/2721
v 0.409999996 0.405000001 0.159999996
vn 0.249291822 0.263872862 -0.931785762
v 0.421955287 0.416955292 0.166584164
vn 0.249291822 0.263872862 -0.931785762
v 0.422483593 0.405000001 0.163339883
vn 0.249291822 0.263872862 -0.931785762
f 2722/2722/2722 2723/2723/2723 2724/2724/2724
v 0.409999996 0.417483598 0.163339883
vn 0.217777714 0.690135658 -0.690134466
v 0.409999996 0.426660091 0.172516391
vn 0.217777714 0.690135658 -0.690134466
v 0.421955287 0.423415810 0.173044696
vn 0.217777714 0.690135658 -0.690134466
f 2725/2725/2725 2726/2726/2726 2727/2727/2727
v 0.409999996 0.417483598 0.163339883
vn 0.217777401 0.690135896 -0.690134287
v 0.421955287 0.423415810 0.173044696
vn 0.217777401 0.690135896 -0.690134287
v 0.421955287 0.416955292 0.166584164
vn 0.217777401 0.690135896 -0.690134287
f 2728/2728/2728 2729/2729/2729 2730/2730/2730
v 0.421955287 0.423415810 0.173044696
vn 0.577350736 0.577350736 -0.577349365
v 0.428415805 0.416955292 0.173044696
vn 0.577350736 0.577350736 -0.577349365
v 0.421955287 0.416955292 0.166584164
vn 0.577350736 0.577350736 -0.577349365
f 2731/2731/2731 2732/2732/2732 2733/2733/2733
v -0.435000002 0.405000001 0.185000002
vn -0.931785226 0.249293625 -0.263872802
v -0.431660086 0.417483598 0.184999987
vn -0.931785226 0.249293625 -0.263872802
v -0.428415805 0.416955292 0.173044696
vn -0.931785226 0.249293625 -0.263872802
f 2734/2734/2734 2735/2735/2735 2736/2736/2736
v -0.435000002 0.405000001 0.185000002
vn -0.931785226 0.263872802 -0.249293625
v -0.428415805 0.416955292 0.173044696
vn -0.931785226 0.263872802 -0.249293625
v -0.431660086 0.405000001 0.172516391
vn -0.931785226 0.263872802 -0.249293625
f 2737/2737/2737 2738/2738/2738 2739/2739/2739
v -0.431660086 0.417483598 0.184999987
vn -0.690135062 0.690135062 -0.217777580
v -0.422483593 0.426660091 0.184999987
vn -0.690135062 0.690135062 -0.217777580
v -0.421955287 0.423415810 0.173044696
vn -0.690135062 0.690135062 -0.217777580
f 2740/2740/2740 2741/2741/2741 2742/2742/2742
v -0.431660086 0.417483598 0.184999987
vn -0.690135062 0.690135121 -0.217777565
v -0.421955287 0.423415810 0.173044696
vn -0.690135062 0.690135121 -0.217777565
v -0.428415805 0.416955292 0.173044696
vn -0.690135062 0.690135121 -0.217777565
f 2743/2743/2743 2744/2744/2744 2745/2745/2745
v -0.409999996 0.430000007 0.185000002
vn -0.263872802 0.931785226 -0.249293625
v -0.409999996 0.426660091 0.172516391
vn -0.263872802 0.931785226 -0.249293625
v -0.421955287 0.423415810 0.173044696
vn -0.263872802 0.931785226 -0.249293625
f 2746/2746/2746 2747/2747/2747 2748/2748/2748
v -0.409999996 0.430000007 0.185000002
vn -0.249293625 0.931785226 -0.263872802
v -0.421955287 0.423415810 0.173044696
vn -0.249293625 0.931785226 -0.263872802
v -0.422483593 0.426660091 0.184999987
vn -0.249293625 0.931785226 -0.263872802
f 2749/2749/2749 2750/2750/2750 2751/2751/2751
v -0.409999996 0.426660091 0.172516391
vn -0.217777491 0.690135717 -0.690134585
v -0.409999996 0.417483598 0.163339883
vn -0.217777491 0.690135717 -0.690134585
v -0.421955287 0.416955292 0.166584164
vn -0.217777491 0.690135717 -0.690134585
f 2752/2752/2752 2753/2753/2753 2754/2754/2754
v -0.409999996 0.426660091 0.172516391
vn -0.217777774 0.690135837 -0.690134346
v -0.421955287 0.416955292 0.166584164
vn -0.217777774 0.690135837 -0.690134346
v -0.421955287 0.423415810 0.173044696
vn -0.217777774 0.690135837 -0.690134346
f 2755/2755/2755 2756/2756/2756 2757/2757/2757
v -0.409999996 0.405000001 0.159999996
vn -0.249291822 0.263872862 -0.931785762
v -0.422483593 0.405000001 0.163339883
vn -0.249291822 0.263872862 -0.931785762
v -0.421955287 0.416955292 0.166584164
vn -0.249291822 0.263872862 -0.931785762
f 2758/2758/2758 2759/2759/2759 2760/2760/2760
v -0.409999996 0.405000001 0.159999996
vn -0.263872862 0.249291822 -0.931785762
v -0.421955287 0.416955292 0.166584164
vn -0.263872862 0.249291822 -0.931785762
v -0.409999996 0.417483598 0.163339883
vn -0.263872862 0.249291822 -0.931785762
f 2761/2761/2761 2762/2762/2762 2763/2763/2763
v -0.422483593 0.405000001 0.163339883
vn -0.690135658 0.217777714 -0.690134466
v -0.431660086 0.405000001 0.172516391
vn -0.690135658 0.217777714 -0.690134466
v -0.428415805 0.416955292 0.173044696
vn -0.690135658 0.217777714 -0.690134466
f 2764/2764/2764 2765/2765/2765 2766/2766/2766
v -0.422483593 0.405000001 0.163339883
vn -0.690135896 0.217777401 -0.690134287
v -0.428415805 0.416955292 0.173044696
vn -0.690135896 0.217777401 -0.690134287
v -0.421955287 0.416955292 0.166584164
vn -0.690135896 0.217777401 -0.690134287
f 2767/2767/2767 2768/2768/2768 2769/2769/2769
v -0.428415805 0.416955292 0.173044696
vn -0.577350736 0.577350736 -0.577349365
v -0.421955287 0.423415810 0.173044696
vn -0.577350736 0.577350736 -0.577349365
v -0.421955287 0.416955292 0.166584164
vn -0.577350736 0.577350736 -0.577349365
f 2770/2770/2770 2771/2771/2771 2772/2772/2772
v -0.435000002 -0.384999990 0.338771999
vn -0.931785226 -0.249293908 0.263872802
v -0.431660086 -0.397483587 0.338771999
vn -0.931785226 -0.249293908 0.263872802
v -0.428415805 -0.396955281 0.350727290
vn -0.931785226 -0.249293908 0.263872802
f 2773/2773/2773 2774/2774/2774 2775/2775/2775
v -0.435000002 -0.384999990 0.338771999
vn -0.931785226 -0.263872802 0.249293908
v -0.428415805 -0.396955281 0.350727290
vn -0.931785226 -0.263872802 0.249293908
v -0.431660086 -0.384999990 0.351255596
vn -0.931785226 -0.263872802 0.249293908
f 2776/2776/2776 2777/2777/2777 2778/2778/2778
v -0.431660086 -0.397483587 0.338771999
vn -0.690135062 -0.690135062 0.217777580
v -0.422483593 -0.406660080 0.338771999
vn -0.690135062 -0.690135062 0.217777580
v -0.421955287 -0.403415799 0.350727290
vn -0.690135062 -0.690135062 0.217777580
f 2779/2779/2779 2780/2780/2780 2781/2781/2781
v -0.431660086 -0.397483587 0.338771999
vn -0.690135062 -0.690135121 0.217777565
v -0.421955287 -0.403415799 0.350727290
vn -0.690135062 -0.690135121 0.217777565
v -0.428415805 -0.396955281 0.350727290
vn -0.690135062 -0.690135121 0.217777565
f 2782/2782/2782 2783/2783/2783 2784/2784/2784
v -0.409999996 -0.409999996 0.338771999
vn -0.263872802 -0.931785226 0.249293908
v -0.409999996 -0.406660080 0.351255596
vn -0.263872802 -0.931785226 0.249293908
v -0.421955287 -0.403415799 0.350727290
vn -0.263872802 -0.931785226 0.249293908
f 2785/2785/2785 2786/2786/2786 2787/2787/2787
v -0.409999996 -0.409999996 0.338771999
vn -0.249293908 -0.931785226 0.263872802
v -0.421955287 -0.403415799 0.350727290
vn -0.249293908 -0.931785226 0.263872802
v -0.422483593 -0.406660080 0.338771999
vn -0.249293908 -0.931785226 0.263872802
f 2788/2788/2788 2789/2789/2789 2790/2790/2790
v -0.409999996 -0.406660080 0.351255596
vn -0.217777580 -0.690135062 0.690135062
v -0.409999996 -0.397483587 0.360432088
vn -0.217777580 -0.690135062 0.690135062
v -0.421955287 -0.396955281 0.357187808
vn -0.217777580 -0.690135062 0.690135062
f 2791/2791/2791 2792/2792/2792 2793/2793/2793
v -0.409999996 -0.406660080 0.351255596
vn -0.217777565 -0.690135062 0.690135121
v -0.421955287 -0.396955281 0.357187808
vn -0.217777565 -0.690135062 0.690135121
v -0.421955287 -0.403415799 0.350727290
vn -0.217777565 -0.690135062 0.690135121
f 2794/2794/2794 2795/2795/2795 2796/2796/2796
v -0.409999996 -0.384999990 0.363772005
vn -0.249293908 -0.263872802 0.931785226
v -0.422483593 -0.384999990 0.360432088
vn -0.249293908 -0.263872802 0.931785226
v -0.421955287 -0.396955281 0.357187808
vn -0.249293908 -0.263872802 0.931785226
f 2797/2797/2797 2798/2798/2798 2799/2799/2799
v -0.409999996 -0.384999990 0.363772005
vn -0.263872802 -0.249293908 0.931785226
v -0.421955287 -0.396955281 0.357187808
vn -0.263872802 -0.249293908 0.931785226
v -0.409999996 -0.397483587 0.360432088
vn -0.263872802 -0.249293908 0.931785226
f 2800/2800/2800 2801/2801/2801 2802/2802/2802
v -0.422483593 -0.384999990 0.360432088
vn -0.690135062 -0.217777580 0.690135062
v -0.431660086 -0.384999990 0.351255596
vn -0.690135062 -0.217777580 0.690135062
v -0.428415805 -0.396955281 0.350727290
vn -0.690135062 -0.217777580 0.690135062
f 2803/2803/2803 2804/2804/2804 2805/2805/2805
v -0.422483593 -0.384999990 0.360432088
vn -0.690135121 -0.217777565 0.690135062
v -0.428415805 -0.396955281 0.350727290
vn -0.690135121 -0.217777565 0.690135062
v -0.421955287 -0.396955281 0.357187808
vn -0.690135121 -0.217777565 0.690135062
f 2806/2806/2806 2807/2807/2807 2808/2808/2808
v -0.428415805 -0.396955281 0.350727290
vn -0.577350259 -0.577350259 0.577350259
v -0.421955287 -0.403415799 0.350727290
vn -0.577350259 -0.577350259 0.577350259
v -0.421955287 -0.396955281 0.357187808
vn -0.577350259 -0.577350259 0.577350259
f 2809/2809/2809 2810/2810/2810 2811/2811/2811
v 0.409999996 -0.409999996 0.338771999
vn 0.249293908 -0.931785226 0.263872802
v 0.422483593 -0.406660080 0.338771999
vn 0.249293908 -0.931785226 0.263872802
v 0.421955287 -0.403415799 0.350727290
vn 0.249293908 -0.931785226 0.263872802
f 2812/2812/2812 2813/2813/2813 2814/2814/2814
v 0.409999996 -0.409999996 0.338771999
vn 0.263872802 -0.931785226 0.249293908
v 0.421955287 -0.403415799 0.350727290
vn 0.263872802 -0.931785226 0.249293908
v 0.409999996 -0.406660080 0.351255596
vn 0.263872802 -0.931785226 0.249293908
f 2815/2815/2815 2816/2816/2816 2817/2817/2817
v 0.422483593 -0.406660080 0.338771999
vn 0.690135062 -0.690135062 0.217777580
v 0.431660086 -0.397483587 0.338771999
vn 0.690135062 -0.690135062 0.217777580
v 0.428415805 -0.396955281 0.350727290
vn 0.690135062 -0.690135062 0.217777580
f 2818/2818/2818 2819/2819/2819 2820/2820/2820
v 0.422483593 -0.406660080 0.338771999
vn 0.690135121 -0.690135062 0.217777565
v 0.428415805 -0.396955281 0.350727290
vn 0.690135121 -0.690135062 0.217777565
v 0.421955287 -0.403415799 0.350727290
vn 0.690135121 -0.690135062 0.217777565
f 2821/2821/2821 2822/2822/2822 2823/2823/2823
v 0.435000002 -0.384999990 0.338771999
vn 0.931785226 -0.263872802 0.249293908
v 0.431660086 -0.384999990 0.351255596
vn 0.931785226 -0.263872802 0.249293908
v 0.428415805 -0.396955281 0.350727290
vn 0.931785226 -0.263872802 0.249293908
f 2824/2824/2824 2825/2825/2825 2826/2826/2826
v 0.435000002 -0.384999990 0.338771999
vn 0.931785226 -0.249293908 0.263872802
v 0.428415805 -0.396955281 0.350727290
vn 0.931785226 -0.249293908 0.263872802
v 0.431660086 -0.397483587 0.338771999
vn 0.931785226 -0.249293908 0.263872802
f 2827/2827/2827 2828/2828/2828 2829/2829/2829
v 0.431660086 -0.384999990 0.351255596
vn 0.690135062 -0.217777580 0.690135062
v 0.422483593 -0.384999990 0.360432088
vn 0.690135062 -0.217777580 0.690135062
v 0.421955287 -0.396955281 0.357187808
vn 0.690135062 -0.217777580 0.690135062
f 2830/2830/2830 2831/2831/2831 2832/2832/2832
v 0.431660086 -0.384999990 0.351255596
vn 0.690135062 -0.217777565 0.690135121
v 0.421955287 -0.396955281 0.357187808
vn 0.690135062 -0.217777565 0.690135121
v 0.428415805 -0.396955281 0.350727290
vn 0.690135062 -0.217777565 0.690135121
f 2833/2833/2833 2834/2834/2834 2835/2835/2835
v 0.409999996 -0.384999990 0.363772005
vn 0.263872802 -0.249293908 0.931785226
v 0.409999996 -0.397483587 0.360432088
vn 0.263872802 -0.249293908 0.931785226
v 0.421955287 -0.396955281 0.357187808
vn 0.263872802 -0.249293908 0.931785226
f 2836/2836/2836 2837/2837/2837 2838/2838/2838
v 0.409999996 -0.384999990 0.363772005
vn 0.249293908 -0.263872802 0.931785226
v 0.421955287 -0.396955281 0.357187808
vn 0.249293908 -0.263872802 0.931785226
v 0.422483593 -0.384999990 0.360432088
vn 0.249293908 -0.263872802 0.931785226
f 2839/2839/2839 2840/2840/2840 2841/2841/2841
v 0.409999996 -0.397483587 0.360432088
vn 0.217777580 -0.690135062 0.690135062
v 0.409999996 -0.406660080 0.351255596
vn 0.217777580 -0.690135062 0.690135062
v 0.421955287 -0.403415799 0.350727290
vn 0.217777580 -0.690135062 0.690135062
f 2842/2842/2842 2843/2843/2843 2844/2844/2844
v 0.409999996 -0.397483587 0.360432088
vn 0.217777565 -0.690135121 0.690135062
v 0.421955287 -0.403415799 0.350727290
vn 0.217777565 -0.690135121 0.690135062
v 0.421955287 -0.396955281 0.357187808
vn 0.217777565 -0.690135121 0.690135062
f 2845/2845/2845 2846/2846/2846 2847/2847/2847
v 0.421955287 -0.403415799 0.350727290
vn 0.577350259 -0.577350259 0.577350259
v 0.428415805 -0.396955281 0.350727290
vn 0.577350259 -0.577350259 0.577350259
v 0.421955287 -0.396955281 0.357187808
vn 0.577350259 -0.577350259 0.577350259
f 2848/2848/2848 2849/2849/2849 2850/2850/2850
v 0.435000002 0.405000001 0.338771999
vn 0.931785226 0.249293908 0.263872802
v 0.431660086 0.417483598 0.338771999
vn 0.931785226 0.249293908 0.263872802
v 0.428415805 0.416955292 0.350727290
vn 0.931785226 0.249293908 0.263872802
f 2851/2851/2851 2852/2852/2852 2853/2853/2853
v 0.435000002 0.405000001 0.338771999
vn 0.931785226 0.263872802 0.249293908
v 0.428415805 0.416955292 0.350727290
vn 0.931785226 0.263872802 0.249293908
v 0.431660086 0.405000001 0.351255596
vn 0.931785226 0.263872802 0.249293908
f 2854/2854/2854 2855/2855/2855 2856/2856/2856
v 0.431660086 0.417483598 0.338771999
vn 0.690135062 0.690135062 0.217777580
v 0.422483593 0.426660091 0.338771999
vn 0.690135062 0.690135062 0.217777580
v 0.421955287 0.423415810 0.350727290
vn 0.690135062 0.690135062 0.217777580
f 2857/2857/2857 2858/2858/2858 2859/2859/2859
v 0.431660086 0.417483598 0.338771999
vn 0.690135062 0.690135121 0.217777565
v 0.421955287 0.423415810 0.350727290
vn 0.690135062 0.690135121 0.217777565
v 0.428415805 0.416955292 0.350727290
vn 0.690135062 0.690135121 0.217777565
f 2860/2860/2860 2861/2861/2861 2862/2862/2862
v 0.409999996 0.430000007 0.338771999
vn 0.263872802 0.931785226 0.249293908
v 0.409999996 0.426660091 0.351255596
vn 0.263872802 0.931785226 0.249293908
v 0.421955287 0.423415810 0.350727290
vn 0.263872802 0.931785226 0.249293908
f 2863/2863/2863 2864/2864/2864 2865/2865/2865
v 0.409999996 0.430000007 0.338771999
vn 0.249293908 0.931785226 0.263872802
v 0.421955287 0.423415810 0.350727290
vn 0.249293908 0.931785226 0.263872802
v 0.422483593 0.426660091 0.338771999
vn 0.249293908 0.931785226 0.263872802
f 2866/2866/2866 2867/2867/2867 2868/2868/2868
v 0.409999996 0.426660091 0.351255596
vn 0.217777580 0.690135062 0.690135062
v 0.409999996 0.417483598 0.360432088
vn 0.217777580 0.690135062 0.690135062
v 0.421955287 0.416955292 0.357187808
vn 0.217777580 0.690135062 0.690135062
f 2869/2869/2869 2870/2870/2870 2871/2871/2871
v 0.409999996 0.426660091 0.351255596
vn 0.217777565 0.690135062 0.690135121
v 0.421955287 0.416955292 0.357187808
vn 0.217777565 0.690135062 0.690135121
v 0.421955287 0.423415810 0.350727290
vn 0.217777565 0.690135062 0.690135121
f 2872/2872/2872 2873/2873/2873 2874/2874/2874
v 0.409999996 0.405000001 0.363772005
vn 0.249293908 0.263872802 0.931785226
v 0.422483593 0.405000001 0.360432088
vn 0.249293908 0.263872802 0.931785226
v 0.421955287 0.416955292 0.357187808
vn 0.249293908 0.263872802 0.931785226
f 2875/2875/2875 2876/2876/2876 2877/2877/2877
v 0.409999996 0.405000001 0.363772005
vn 0.263872802 0.249293908 0.931785226
v 0.421955287 0.416955292 0.357187808
vn 0.263872802 0.249293908 0.931785226
v 0.409999996 0.417483598 0.360432088
vn 0.263872802 0.249293908 0.931785226
f 2878/2878/2878 2879/2879/2879 2880/2880/2880
v 0.422483593 0.405000001 0.360432088
vn 0.690135062 0.217777580 0.690135062
v 0.431660086 0.405000001 0.351255596
vn 0.690135062 0.217777580 0.690135062
v 0.428415805 0.416955292 0.350727290
vn 0.690135062 0.217777580 0.690135062
f 2881/2881/2881 2882/2882/2882 2883/2883/2883
v 0.422483593 0.405000001 0.360432088
vn 0.690135121 0.217777565 0.690135062
v 0.428415805 0.416955292 0.350727290
vn 0.690135121 0.217777565 0.690135062
v 0.421955287 0.416955292 0.357187808
vn 0.690135121 0.217777565 0.690135062
f 2884/2884/2884 2885/2885/2885 2886/2886/2886
v 0.428415805 0.416955292 0.350727290
vn 0.577350259 0.577350259 0.577350259
v 0.421955287 0.423415810 0.350727290
vn 0.577350259 0.577350259 0.577350259
v 0.421955287 0.416955292 0.357187808
vn 0.577350259 0.577350259 0.577350259
f 2887/2887/2887 2888/2888/2888 2889/2889/2889
v -0.435000002 0.405000001 0.338771999
vn -0.931785226 0.263872802 0.249293908
v -0.431660086 0.405000001 0.351255596
vn -0.931785226 0.263872802 0.249293908
v -0.428415805 0.416955292 0.350727290
vn -0.931785226 0.263872802 0.249293908
f 2890/2890/2890 2891/2891/2891 2892/2892/2892
v -0.435000002 0.405000001 0.338771999
vn -0.931785226 0.249293908 0.263872802
v -0.428415805 0.416955292 0.350727290
vn -0.931785226 0.249293908 0.263872802
v -0.431660086 0.417483598 0.338771999
vn -0.931785226 0.249293908 0.263872802
f 2893/2893/2893 2894/2894/2894 2895/2895/2895
v -0.431660086 0.405000001 0.351255596
vn -0.690135062 0.217777580 0.690135062
v -0.422483593 0.405000001 0.360432088
vn -0.690135062 0.217777580 0.690135062
v -0.421955287 0.416955292 0.357187808
vn -0.690135062 0.217777580 0.690135062
f 2896/2896/2896 2897/2897/2897 2898/2898/2898
v -0.431660086 0.405000001 0.351255596
vn -0.690135062 0.217777565 0.690135121
v -0.421955287 0.416955292 0.357187808
vn -0.690135062 0.217777565 0.690135121
v -0.428415805 0.416955292 0.350727290
vn -0.690135062 0.217777565 0.690135121
f 2899/2899/2899 2900/2900/2900 2901/2901/2901
v -0.409999996 0.405000001 0.363772005
vn -0.263872802 0.249293908 0.931785226
v -0.409999996 0.417483598 0.360432088
vn -0.263872802 0.249293908 0.931785226
v -0.421955287 0.416955292 0.357187808
vn -0.263872802 0.249293908 0.931785226
f 2902/2902/2902 2903/2903/2903 2904/2904/2904
v -0.409999996 0.405000001 0.363772005
vn -0.249293908 0.263872802 0.931785226
v -0.421955287 0.416955292 0.357187808
vn -0.249293908 0.263872802 0.931785226
v -0.422483593 0.405000001 0.360432088
vn -0.249293908 0.263872802 0.931785226
f 2905/2905/2905 2906/2906/2906 2907/2907/2907
v -0.409999996 0.417483598 0.360432088
vn -0.217777580 0.690135062 0.690135062
v -0.409999996 0.426660091 0.351255596
vn -0.217777580 0.690135062 0.690135062
v -0.421955287 0.423415810 0.350727290
vn -0.217777580 0.690135062 0.690135062
f 2908/2908/2908 2909/2909/2909 2910/2910/2910
v -0.409999996 0.417483598 0.360432088
vn -0.217777565 0.690135121 0.690135062
v -0.421955287 0.423415810 0.350727290
vn -0.217777565 0.690135121 0.690135062
v -0.421955287 0.416955292 0.357187808
vn -0.217777565 0.690135121 0.690135062
f 2911/2911/2911 2912/2912/2912 2913/2913/2913
v -0.409999996 0.430000007 0.338771999
vn -0.249293908 0.931785226 0.263872802
v -0.422483593 0.426660091 0.338771999
vn -0.249293908 0.931785226 0.263872802
v -0.421955287 0.423415810 0.350727290
vn -0.249293908 0.931785226 0.263872802
f 2914/2914/2914 2915/2915/2915 2916/2916/2916
v -0.409999996 0.430000007 0.338771999
vn -0.263872802 0.931785226 0.249293908
v -0.421955287 0.423415810 0.350727290
vn -0.263872802 0.931785226 0.249293908
v -0.409999996 0.426660091 0.351255596
vn -0.263872802 0.931785226 0.249293908
f 2917/2917/2917 2918/2918/2918 2919/2919/2919
v -0.422483593 0.426660091 0.338771999
vn -0.690135062 0.690135062 0.217777580
v -0.431660086 0.417483598 0.338771999
vn -0.690135062 0.690135062 0.217777580
v -0.428415805 0.416955292 0.350727290
vn -0.690135062 0.690135062 0.217777580
f 2920/2920/2920 2921/2921/2921 2922/2922/2922
v -0.422483593 0.426660091 0.338771999
vn -0.690135121 0.690135062 0.217777565
v -0.428415805 0.416955292 0.350727290
vn -0.690135121 0.690135062 0.217777565
v -0.421955287 0.423415810 0.350727290
vn -0.690135121 0.690135062 0.217777565
f 2923/2923/2923 2924/2924/2924 2925/2925/2925
v -0.428415805 0.416955292 0.350727290
vn -0.577350259 0.577350259 0.577350259
v -0.421955287 0.416955292 0.357187808
vn -0.577350259 0.577350259 0.577350259
v -0.421955287 0.423415810 0.350727290
vn -0.577350259 0.577350259 0.577350259
f 2926/2926/2926 2927/2927/2927 2928/2928/2928
v -0.409999996 -0.384999990 0.159999996
vn 0.000000000 -0.258452028 -0.966024101
v 0.409999996 -0.384999990 0.159999996
vn 0.000000000 -0.258452028 -0.966024101
v 0.409999996 -0.397483587 0.163339883
vn 0.000000000 -0.258452028 -0.966024101
f 2929/2929/2929 2930/2930/2930 2931/2931/2931
v -0.409999996 -0.384999990 0.159999996
vn 0.000000000 -0.258452028 -0.966024101
v 0.409999996 -0.397483587 0.163339883
vn 0.000000000 -0.258452028 -0.966024101
v -0.409999996 -0.397483587 0.163339883
vn 0.000000000 -0.258452028 -0.966024101
f 2932/2932/2932 2933/2933/2933 2934/2934/2934
v -0.409999996 -0.397483587 0.163339883
vn 0.000000000 -0.707107365 -0.707106173
v 0.409999996 -0.397483587 0.163339883
vn 0.000000000 -0.707107365 -0.707106173
v 0.409999996 -0.406660080 0.172516391
vn 0.000000000 -0.707107365 -0.707106173
f 2935/2935/2935 2936/2936/2936 2937/2937/2937
v -0.409999996 -0.397483587 0.163339883
vn 0.000000000 -0.707107365 -0.707106173
v 0.409999996 -0.406660080 0.172516391
vn 0.000000000 -0.707107365 -0.707106173
v -0.409999996 -0.406660080 0.172516391
vn 0.000000000 -0.707107365 -0.707106173
f 2938/2938/2938 2939/2939/2939 2940/2940/2940
v -0.409999996 -0.406660080 0.172516391
vn 0.000000000 -0.966023624 -0.258453906
v 0.409999996 -0.406660080 0.172516391
vn 0.000000000 -0.966023624 -0.258453906
v 0.409999996 -0.409999996 0.185000002
vn 0.000000000 -0.966023624 -0.258453906
f 2941/2941/2941 2942/2942/2942 2943/2943/2943
v -0.409999996 -0.406660080 0.172516391
vn 0.000000000 -0.966023624 -0.258453906
v 0.409999996 -0.409999996 0.185000002
vn 0.000000000 -0.966023624 -0.258453906
v -0.409999996 -0.409999996 0.185000002
vn 0.000000000 -0.966023624 -0.258453906
f 2944/2944/2944 2945/2945/2945 2946/2946/2946
v -0.435000002 -0.384999990 0.185000002
vn -0.966023505 0.000000000 -0.258453876
v -0.435000002 0.405000001 0.185000002
vn -0.966023505 0.000000000 -0.258453876
v -0.431660086 0.405000001 0.172516391
vn -0.966023505 0.000000000 -0.258453876
f 2947/2947/2947 2948/2948/2948 2949/2949/2949
v -0.435000002 -0.384999990 0.185000002
vn -0.966023505 0.000000000 -0.258453876
v -0.431660086 0.405000001 0.172516391
vn -0.966023505 0.000000000 -0.258453876
v -0.431660086 -0.384999990 0.172516391
vn -0.966023505 0.000000000 -0.258453876
f 2950/2950/2950 2951/2951/2951 2952/2952/2952
v -0.431660086 -0.384999990 0.172516391
vn -0.707107365 0.000000000 -0.707106233
v -0.431660086 0.405000001 0.172516391
vn -0.707107365 0.000000000 -0.707106233
v -0.422483593 0.405000001 0.163339883
vn -0.707107365 0.000000000 -0.707106233
f 2953/2953/2953 2954/2954/2954 2955/2955/2955
v -0.431660086 -0.384999990 0.172516391
vn -0.707107365 0.000000000 -0.707106233
v -0.422483593 0.405000001 0.163339883
vn -0.707107365 0.000000000 -0.707106233
v -0.422483593 -0.384999990 0.163339883
vn -0.707107365 0.000000000 -0.707106233
f 2956/2956/2956 2957/2957/2957 2958/2958/2958
v -0.422483593 -0.384999990 0.163339883
vn -0.258452058 0.000000000 -0.966024160
v -0.422483593 0.405000001 0.163339883
vn -0.258452058 0.000000000 -0.966024160
v -0.409999996 0.405000001 0.159999996
vn -0.258452058 0.000000000 -0.966024160
f 2959/2959/2959 2960/2960/2960 2961/2961/2961
v -0.422483593 -0.384999990 0.163339883
vn -0.258452058 0.000000000 -0.966024160
v -0.409999996 0.405000001 0.159999996
vn -0.258452058 0.000000000 -0.966024160
v -0.409999996 -0.384999990 0.159999996
vn -0.258452058 0.000000000 -0.966024160
f 2962/2962/2962 2963/2963/2963 2964/2964/2964
v 0.409999996 0.405000001 0.159999996
vn 0.000000000 0.258452028 -0.966024101
v -0.409999996 0.405000001 0.159999996
vn 0.000000000 0.258452028 -0.966024101
v -0.409999996 0.417483598 0.163339883
vn 0.000000000 0.258452028 -0.966024101
f 2965/2965/2965 2966/2966/2966 2967/2967/2967
v 0.409999996 0.405000001 0.159999996
vn 0.000000000 0.258452028 -0.966024101
v -0.409999996 0.417483598 0.163339883
vn 0.000000000 0.258452028 -0.966024101
v 0.409999996 0.417483598 0.163339883
vn 0.000000000 0.258452028 -0.966024101
f 2968/2968/2968 2969/2969/2969 2970/2970/2970
v 0.409999996 0.417483598 0.163339883
vn 0.000000000 0.707107365 -0.707106173
v -0.409999996 0.417483598 0.163339883
vn 0.000000000 0.707107365 -0.707106173
v -0.409999996 0.426660091 0.172516391
vn 0.000000000 0.707107365 -0.707106173
f 2971/2971/2971 2972/2972/2972 2973/2973/2973
v 0.409999996 0.417483598 0.163339883
vn 0.000000000 0.707107365 -0.707106173
v -0.409999996 0.426660091 0.172516391
vn 0.000000000 0.707107365 -0.707106173
v 0.409999996 0.426660091 0.172516391
vn 0.000000000 0.707107365 -0.707106173
f 2974/2974/2974 2975/2975/2975 2976/2976/2976
v 0.409999996 0.426660091 0.172516391
vn 0.000000000 0.966023624 -0.258453906
v -0.409999996 0.426660091 0.172516391
vn 0.000000000 0.966023624 -0.258453906
v -0.409999996 0.430000007 0.185000002
vn 0.000000000 0.966023624 -0.258453906
f 2977/2977/2977 2978/2978/2978 2979/2979/2979
v 0.409999996 0.426660091 0.172516391
vn 0.000000000 0.966023624 -0.258453906
v -0.409999996 0.430000007 0.185000002
vn 0.000000000 0.966023624 -0.258453906
v 0.409999996 0.430000007 0.185000002
vn 0.000000000 0.966023624 -0.258453906
f 2980/2980/2980 2981/2981/2981 2982/2982/2982
v 0.409999996 -0.384999990 0.159999996
vn 0.258452058 0.000000000 -0.966024160
v 0.409999996 0.405000001 0.159999996
vn 0.258452058 0.000000000 -0.966024160
v 0.422483593 0.405000001 0.163339883
vn 0.258452058 0.000000000 -0.966024160
f 2983/2983/2983 2984/2984/2984 2985/2985/2985
v 0.409999996 -0.384999990 0.159999996
vn 0.258452058 0.000000000 -0.966024160
v 0.422483593 0.405000001 0.163339883
vn 0.258452058 0.000000000 -0.966024160
v 0.422483593 -0.384999990 0.163339883
vn 0.258452058 0.000000000 -0.966024160
f 2986/2986/2986 2987/2987/2987 2988/2988/2988
v 0.422483593 -0.384999990 0.163339883
vn 0.707107365 0.000000000 -0.707106233
v 0.422483593 0.405000001 0.163339883
vn 0.707107365 0.000000000 -0.707106233
v 0.431660086 0.405000001 0.172516391
vn 0.707107365 0.000000000 -0.707106233
f 2989/2989/2989 2990/2990/2990 2991/2991/2991
v 0.422483593 -0.384999990 0.163339883
vn 0.707107365 0.000000000 -0.707106233
v 0.431660086 0.405000001 0.172516391
vn 0.707107365 0.000000000 -0.707106233
v 0.431660086 -0.384999990 0.172516391
vn 0.707107365 0.000000000 -0.707106233
f 2992/2992/2992 2993/2993/2993 2994/2994/2994
v 0.431660086 -0.384999990 0.172516391
vn 0.966023505 0.000000000 -0.258453876
v 0.431660086 0.405000001 0.172516391
vn 0.966023505 0.000000000 -0.258453876
v 0.435000002 0.405000001 0.185000002
vn 0.966023505 0.000000000 -0.258453876
f 2995/2995/2995 2996/2996/2996 2997/2997/2997
v 0.431660086 -0.384999990 0.172516391
vn 0.966023505 0.000000000 -0.258453876
v 0.435000002 0.405000001 0.185000002
vn 0.966023505 0.000000000 -0.258453876
v 0.435000002 -0.384999990 0.185000002
vn 0.966023505 0.000000000 -0.258453876
f 2998/2998/2998 2999/2999/2999 3000/3000/3000
v -0.409999996 -0.384999990 0.363772005
vn -0.258454204 0.000000000 0.966023564
v -0.409999996 0.405000001 0.363772005
vn -0.258454204 0.000000000 0.966023564
v -0.422483593 0.405000001 0.360432088
vn -0.258454204 0.000000000 0.966023564
f 3001/3001/3001 3002/3002/3002 3003/3003/3003
v -0.409999996 -0.384999990 0.363772005
vn -0.258454204 0.000000000 0.966023564
v -0.422483593 0.405000001 0.360432088
vn -0.258454204 0.000000000 0.966023564
v -0.422483593 -0.384999990 0.360432088
vn -0.258454204 0.000000000 0.966023564
f 3004/3004/3004 3005/3005/3005 3006/3006/3006
v -0.422483593 -0.384999990 0.360432088
vn -0.707106769 0.000000000 0.707106769
v -0.422483593 0.405000001 0.360432088
vn -0.707106769 0.000000000 0.707106769
v -0.431660086 0.405000001 0.351255596
vn -0.707106769 0.000000000 0.707106769
f 3007/3007/3007 3008/3008/3008 3009/3009/3009
v -0.422483593 -0.384999990 0.360432088
vn -0.707106769 0.000000000 0.707106769
v -0.431660086 0.405000001 0.351255596
vn -0.707106769 0.000000000 0.707106769
v -0.431660086 -0.384999990 0.351255596
vn -0.707106769 0.000000000 0.707106769
f 3010/3010/3010 3011/3011/3011 3012/3012/3012
v -0.431660086 -0.384999990 0.351255596
vn -0.966023564 0.000000000 0.258454204
v -0.431660086 0.405000001 0.351255596
vn -0.966023564 0.000000000 0.258454204
v -0.435000002 0.405000001 0.338771999
vn -0.966023564 0.000000000 0.258454204
f 3013/3013/3013 3014/3014/3014 3015/3015/3015
v -0.431660086 -0.384999990 0.351255596
vn -0.966023564 0.000000000 0.258454204
v -0.435000002 0.405000001 0.338771999
vn -0.966023564 0.000000000 0.258454204
v -0.435000002 -0.384999990 0.338771999
vn -0.966023564 0.000000000 0.258454204
f 3016/3016/3016 3017/3017/3017 3018/3018/3018
v -0.409999996 -0.409999996 0.338771999
vn 0.000000000 -0.966023564 0.258454204
v 0.409999996 -0.409999996 0.338771999
vn 0.000000000 -0.966023564 0.258454204
v 0.409999996 -0.406660080 0.351255596
vn 0.000000000 -0.966023564 0.258454204
f 3019/3019/3019 3020/3020/3020 3021/3021/3021
v -0.409999996 -0.409999996 0.338771999
vn 0.000000000 -0.966023564 0.258454204
v 0.409999996 -0.406660080 0.351255596
vn 0.000000000 -0.966023564 0.258454204
v -0.409999996 -0.406660080 0.351255596
vn 0.000000000 -0.966023564 0.258454204
f 3022/3022/3022 3023/3023/3023 3024/3024/3024
v -0.409999996 -0.406660080 0.351255596
vn 0.000000000 -0.707106829 0.707106829
v 0.409999996 -0.406660080 0.351255596
vn 0.000000000 -0.707106829 0.707106829
v 0.409999996 -0.397483587 0.360432088
vn 0.000000000 -0.707106829 0.707106829
f 3025/3025/3025 3026/3026/3026 3027/3027/3027
v -0.409999996 -0.406660080 0.351255596
vn 0.000000000 -0.707106829 0.707106829
v 0.409999996 -0.397483587 0.360432088
vn 0.000000000 -0.707106829 0.707106829
v -0.409999996 -0.397483587 0.360432088
vn 0.000000000 -0.707106829 0.707106829
f 3028/3028/3028 3029/3029/3029 3030/3030/3030
v -0.409999996 -0.397483587 0.360432088
vn 0.000000000 -0.258454204 0.966023564
v 0.409999996 -0.397483587 0.360432088
vn 0.000000000 -0.258454204 0.966023564
v 0.409999996 -0.384999990 0.363772005
vn 0.000000000 -0.258454204 0.966023564
f 3031/3031/3031 3032/3032/3032 3033/3033/3033
v -0.409999996 -0.397483587 0.360432088
vn 0.000000000 -0.258454204 0.966023564
v 0.409999996 -0.384999990 0.363772005
vn 0.000000000 -0.258454204 0.966023564
v -0.409999996 -0.384999990 0.363772005
vn 0.000000000 -0.258454204 0.966023564
f 3034/3034/3034 3035/3035/3035 3036/3036/3036
v 0.435000002 -0.384999990 0.338771999
vn 0.966023564 -0.000000000 0.258454204
v 0.435000002 0.405000001 0.338771999
vn 0.966023564 -0.000000000 0.258454204
v 0.431660086 0.405000001 0.351255596
vn 0.966023564 -0.000000000 0.258454204
f 3037/3037/3037 3038/3038/3038 3039/3039/3039
v 0.435000002 -0.384999990 0.338771999
vn 0.966023564 0.000000000 0.258454204
v 0.431660086 0.405000001 0.351255596
vn 0.966023564 0.000000000 0.258454204
v 0.431660086 -0.384999990 0.351255596
vn 0.966023564 0.000000000 0.258454204
f 3040/3040/3040 3041/3041/3041 3042/3042/3042
v 0.431660086 -0.384999990 0.351255596
vn 0.707106769 -0.000000000 0.707106769
v 0.431660086 0.405000001 0.351255596
vn 0.707106769 -0.000000000 0.707106769
v 0.422483593 0.405000001 0.360432088
vn 0.707106769 -0.000000000 0.707106769
f 3043/3043/3043 3044/3044/3044 3045/3045/3045
v 0.431660086 -0.384999990 0.351255596
vn 0.707106769 0.000000000 0.707106769
v 0.422483593 0.405000001 0.360432088
vn 0.707106769 0.000000000 0.707106769
v 0.422483593 -0.384999990 0.360432088
vn 0.707106769 0.000000000 0.707106769
f 3046/3046/3046 3047/3047/3047 3048/3048/3048
v 0.422483593 -0.384999990 0.360432088
vn 0.258454204 -0.000000000 0.966023564
v 0.422483593 0.405000001 0.360432088
vn 0.258454204 -0.000000000 0.966023564
v 0.409999996 0.405000001 0.363772005
vn 0.258454204 -0.000000000 0.966023564
f 3049/3049/3049 3050/3050/3050 3051/3051/3051
v 0.422483593 -0.384999990 0.360432088
vn 0.258454204 0.000000000 0.966023564
v 0.409999996 0.405000001 0.363772005
vn 0.258454204 0.000000000 0.966023564
v 0.409999996 -0.384999990 0.363772005
vn 0.258454204 0.000000000 0.966023564
f 3052/3052/3052 3053/3053/3053 3054/3054/3054
v 0.409999996 0.430000007 0.338771999
vn 0.000000000 0.966023564 0.258454204
v -0.409999996 0.430000007 0.338771999
vn 0.000000000 0.966023564 0.258454204
v -0.409999996 0.426660091 0.351255596
vn 0.000000000 0.966023564 0.258454204
f 3055/3055/3055 3056/3056/3056 3057/3057/3057
v 0.409999996 0.430000007 0.338771999
vn 0.000000000 0.966023564 0.258454204
v -0.409999996 0.426660091 0.351255596
vn 0.000000000 0.966023564 0.258454204
v 0.409999996 0.426660091 0.351255596
vn 0.000000000 0.966023564 0.258454204
f 3058/3058/3058 3059/3059/3059 3060/3060/3060
v 0.409999996 0.426660091 0.351255596
vn 0.000000000 0.707106829 0.707106829
v -0.409999996 0.426660091 0.351255596
vn 0.000000000 0.707106829 0.707106829
v -0.409999996 0.417483598 0.360432088
vn 0.000000000 0.707106829 0.707106829
f 3061/3061/3061 3062/3062/3062 3063/3063/3063
v 0.409999996 0.426660091 0.351255596
vn 0.000000000 0.707106829 0.707106829
v -0.409999996 0.417483598 0.360432088
vn 0.000000000 0.707106829 0.707106829
v 0.409999996 0.417483598 0.360432088
vn 0.000000000 0.707106829 0.707106829
f 3064/3064/3064 3065/3065/3065 3066/3066/3066
v 0.409999996 0.417483598 0.360432088
vn 0.000000000 0.258454204 0.966023564
v -0.409999996 0.417483598 0.360432088
vn 0.000000000 0.258454204 0.966023564
v -0.409999996 0.405000001 0.363772005
vn 0.000000000 0.258454204 0.966023564
f 3067/3067/3067 3068/3068/3068 3069/3069/3069
v 0.409999996 0.417483598 0.360432088
vn 0.000000000 0.258454204 0.966023564
v -0.409999996 0.405000001 0.363772005
vn 0.000000000 0.258454204 0.966023564
v 0.409999996 0.405000001 0.363772005
vn 0.000000000 0.258454204 0.966023564
f 3070/3070/3070 3071/3071/3071 3072/3072/3072
v -0.409999996 -0.409999996 0.185000002
vn -0.258454174 -0.966023505 0.000000000
v -0.409999996 -0.409999996 0.338771999
vn -0.258454174 -0.966023505 0.000000000
v -0.422483593 -0.406660080 0.338771999
vn -0.258454174 -0.966023505 0.000000000
f 3073/3073/3073 3074/3074/3074 3075/3075/3075
v -0.409999996 -0.409999996 0.185000002
vn -0.258454174 -0.966023505 0.000000000
v -0.422483593 -0.406660080 0.338771999
vn -0.258454174 -0.966023505 0.000000000
v -0.422483593 -0.406660080 0.184999987
vn -0.258454174 -0.966023505 0.000000000
f 3076/3076/3076 3077/3077/3077 3078/3078/3078
v -0.422483593 -0.406660080 0.184999987
vn -0.707106769 -0.707106769 0.000000000
v -0.422483593 -0.406660080 0.338771999
vn -0.707106769 -0.707106769 0.000000000
v -0.431660086 -0.397483587 0.338771999
vn -0.707106769 -0.707106769 0.000000000
f 3079/3079/3079 3080/3080/3080 3081/3081/3081
v -0.422483593 -0.406660080 0.184999987
vn -0.707106769 -0.707106769 0.000000000
v -0.431660086 -0.397483587 0.338771999
vn -0.707106769 -0.707106769 0.000000000
v -0.431660086 -0.397483587 0.184999987
vn -0.707106769 -0.707106769 0.000000000
f 3082/3082/3082 3083/3083/3083 3084/3084/3084
v -0.431660086 -0.397483587 0.184999987
vn -0.966023564 -0.258454204 0.000000000
v -0.431660086 -0.397483587 0.338771999
vn -0.966023564 -0.258454204 0.000000000
v -0.435000002 -0.384999990 0.338771999
vn -0.966023564 -0.258454204 0.000000000
f 3085/3085/3085 3086/3086/3086 3087/3087/3087
v -0.431660086 -0.397483587 0.184999987
vn -0.966023564 -0.258454204 0.000000000
v -0.435000002 -0.384999990 0.338771999
vn -0.966023564 -0.258454204 0.000000000
v -0.435000002 -0.384999990 0.185000002
vn -0.966023564 -0.258454204 0.000000000
f 3088/3088/3088 3089/3089/3089 3090/3090/3090
v 0.435000002 -0.384999990 0.185000002
vn 0.966023505 -0.258454174 0.000000000
v 0.435000002 -0.384999990 0.338771999
vn 0.966023505 -0.258454174 0.000000000
v 0.431660086 -0.397483587 0.338771999
vn 0.966023505 -0.258454174 0.000000000
f 3091/3091/3091 3092/3092/3092 3093/3093/3093
v 0.435000002 -0.384999990 0.185000002
vn 0.966023505 -0.258454174 0.000000000
v 0.431660086 -0.397483587 0.338771999
vn 0.966023505 -0.258454174 0.000000000
v 0.431660086 -0.397483587 0.184999987
vn 0.966023505 -0.258454174 0.000000000
f 3094/3094/3094 3095/3095/3095 3096/3096/3096
v 0.431660086 -0.397483587 0.184999987
vn 0.707106769 -0.707106769 0.000000000
v 0.431660086 -0.397483587 0.338771999
vn 0.707106769 -0.707106769 0.000000000
v 0.422483593 -0.406660080 0.338771999
vn 0.707106769 -0.707106769 0.000000000
f 3097/3097/3097 3098/3098/3098 3099/3099/3099
v 0.431660086 -0.397483587 0.184999987
vn 0.707106769 -0.707106769 0.000000000
v 0.422483593 -0.406660080 0.338771999
vn 0.707106769 -0.707106769 0.000000000
v 0.422483593 -0.406660080 0.184999987
vn 0.707106769 -0.707106769 0.000000000
f 3100/3100/3100 3101/3101/3101 3102/3102/3102
v 0.422483593 -0.406660080 0.184999987
vn 0.258454204 -0.966023564 0.000000000
v 0.422483593 -0.406660080 0.338771999
vn 0.258454204 -0.966023564 0.000000000
v 0.409999996 -0.409999996 0.338771999
vn 0.258454204 -0.966023564 0.000000000
f 3103/3103/3103 3104/3104/3104 3105/3105/3105
v 0.422483593 -0.406660080 0.184999987
vn 0.258454204 -0.966023564 0.000000000
v 0.409999996 -0.409999996 0.338771999
vn 0.258454204 -0.966023564 0.000000000
v 0.409999996 -0.409999996 0.185000002
vn 0.258454204 -0.966023564 0.000000000
f 3106/3106/3106 3107/3107/3107 3108/3108/3108
v 0.409999996 0.430000007 0.185000002
vn 0.258454174 0.966023505 -0.000000000
v 0.409999996 0.430000007 0.338771999
vn 0.258454174 0.966023505 -0.000000000
v 0.422483593 0.426660091 0.338771999
vn 0.258454174 0.966023505 -0.000000000
f 3109/3109/3109 3110/3110/3110 3111/3111/3111
v 0.409999996 0.430000007 0.185000002
vn 0.258454174 0.966023505 0.000000000
v 0.422483593 0.426660091 0.338771999
vn 0.258454174 0.966023505 0.000000000
v 0.422483593 0.426660091 0.184999987
vn 0.258454174 0.966023505 0.000000000
f 3112/3112/3112 3113/3113/3113 3114/3114/3114
v 0.422483593 0.426660091 0.184999987
vn 0.707106769 0.707106769 -0.000000000
v 0.422483593 0.426660091 0.338771999
vn 0.707106769 0.707106769 -0.000000000
v 0.431660086 0.417483598 0.338771999
vn 0.707106769 0.707106769 -0.000000000
f 3115/3115/3115 3116/3116/3116 3117/3117/3117
v 0.422483593 0.426660091 0.184999987
vn 0.707106769 0.707106769 0.000000000
v 0.431660086 0.417483598 0.338771999
vn 0.707106769 0.707106769 0.000000000
v 0.431660086 0.417483598 0.184999987
vn 0.707106769 0.707106769 0.000000000
f 3118/3118/3118 3119/3119/3119 3120/3120/3120
v 0.431660086 0.417483598 0.184999987
vn 0.966023564 0.258454204 -0.000000000
v 0.431660086 0.417483598 0.338771999
vn 0.966023564 0.258454204 -0.000000000
v 0.435000002 0.405000001 0.338771999
vn 0.966023564 0.258454204 -0.000000000
f 3121/3121/3121 3122/3122/3122 3123/3123/3123
v 0.431660086 0.417483598 0.184999987
vn 0.966023564 0.258454204 0.000000000
v 0.435000002 0.405000001 0.338771999
vn 0.966023564 0.258454204 0.000000000
v 0.435000002 0.405000001 0.185000002
vn 0.966023564 0.258454204 0.000000000
f 3124/3124/3124 3125/3125/3125 3126/3126/3126
v -0.435000002 0.405000001 0.185000002
vn -0.966023505 0.258454174 0.000000000
v -0.435000002 0.405000001 0.338771999
vn -0.966023505 0.258454174 0.000000000
v -0.431660086 0.417483598 0.338771999
vn -0.966023505 0.258454174 0.000000000
f 3127/3127/3127 3128/3128/3128 3129/3129/3129
v -0.435000002 0.405000001 0.185000002
vn -0.966023505 0.258454174 0.000000000
v -0.431660086 0.417483598 0.338771999
vn -0.966023505 0.258454174 0.000000000
v -0.431660086 0.417483598 0.184999987
vn -0.966023505 0.258454174 0.000000000
f 3130/3130/3130 3131/3131/3131 3132/3132/3132
v -0.431660086 0.417483598 0.184999987
vn -0.707106769 0.707106769 0.000000000
v -0.431660086 0.417483598 0.338771999
vn -0.707106769 0.707106769 0.000000000
v -0.422483593 0.426660091 0.338771999
vn -0.707106769 0.707106769 0.000000000
f 3133/3133/3133 3134/3134/3134 3135/3135/3135
v -0.431660086 0.417483598 0.184999987
vn -0.707106769 0.707106769 0.000000000
v -0.422483593 0.426660091 0.338771999
vn -0.707106769 0.707106769 0.000000000
v -0.422483593 0.426660091 0.184999987
vn -0.707106769 0.707106769 0.000000000
f 3136/3136/3136 3137/3137/3137 3138/3138/3138
v -0.422483593 0.426660091 0.184999987
vn -0.258454204 0.966023564 0.000000000
v -0.422483593 0.426660091 0.338771999
vn -0.258454204 0.966023564 0.000000000
v -0.409999996 0.430000007 0.338771999
vn -0.258454204 0.966023564 0.000000000
f 3139/3139/3139 3140/3140/3140 3141/3141/3141
v -0.422483593 0.426660091 0.184999987
vn -0.258454204 0.966023564 0.000000000
v -0.409999996 0.430000007 0.338771999
vn -0.258454204 0.966023564 0.000000000
v -0.409999996 0.430000007 0.185000002
vn -0.258454204 0.966023564 0.000000000
f 3142/3142/3142 3143/3143/3143 3144/3144/3144
v -0.409999996 -0.409999996 0.185000002
vn 0.000000000 -1.000000000 0.000000000
v 0.409999996 -0.409999996 0.185000002
vn 0.000000000 -1.000000000 0.000000000
v 0.409999996 -0.409999996 0.338771999
vn 0.000000000 -1.000000000 0.000000000
f 3145/3145/3145 3146/3146/3146 3147/3147/3147
v -0.409999996 -0.409999996 0.185000002
vn 0.000000000 -1.000000000 0.000000000
v 0.409999996 -0.409999996 0.338771999
vn 0.000000000 -1.000000000 0.000000000
v -0.409999996 -0.409999996 0.338771999
vn 0.000000000 -1.000000000 0.000000000
f 3148/3148/3148 3149/3149/3149 3150/3150/3150
v -0.409999996 -0.384999990 0.159999996
vn 0.000000000 0.000000000 -1.000000000
v -0.409999996 0.405000001 0.159999996
vn 0.000000000 0.000000000 -1.000000000
v 0.409999996 0.405000001 0.159999996
vn 0.000000000 0.000000000 -1.000000000
f 3151/3151/3151 3152/3152/3152 3153/3153/3153
v -0.409999996 -0.384999990 0.159999996
vn 0.000000000 0.000000000 -1.000000000
v 0.409999996 0.405000001 0.159999996
vn 0.000000000 0.000000000 -1.000000000
v 0.409999996 -0.384999990 0.159999996
vn 0.000000000 0.000000000 -1.000000000
f 3154/3154/3154 3155/3155/3155 3156/3156/3156
v -0.435000002 0.405000001 0.185000002
vn -0.999999940 0.000000000 0.000000000
v -0.435000002 -0.384999990 0.185000002
vn -0.999999940 0.000000000 0.000000000
v -0.435000002 -0.384999990 0.338771999
vn -0.999999940 0.000000000 0.000000000
f 3157/3157/3157 3158/3158/3158 3159/3159/3159
v -0.435000002 0.405000001 0.185000002
vn -0.999999940 0.000000000 0.000000000
v -0.435000002 -0.384999990 0.338771999
vn -0.999999940 0.000000000 0.000000000
v -0.435000002 0.405000001 0.338771999
vn -0.999999940 0.000000000 0.000000000
f 3160/3160/3160 3161/3161/3161 3162/3162/3162
v 0.435000002 -0.384999990 0.185000002
vn 0.999999940 0.000000000 0.000000000
v 0.435000002 0.405000001 0.185000002
vn 0.999999940 0.000000000 0.000000000
v 0.435000002 0.405000001 0.338771999
vn 0.999999940 0.000000000 0.000000000
f 3163/3163/3163 3164/3164/3164 3165/3165/3165
v 0.435000002 -0.384999990 0.185000002
vn 0.999999940 0.000000000 0.000000000
v 0.435000002 0.405000001 0.338771999
vn 0.999999940 0.000000000 0.000000000
v 0.435000002 -0.384999990 0.338771999
vn 0.999999940 0.000000000 0.000000000
f 3166/3166/3166 3167/3167/3167 3168/3168/3168
v 0.409999996 0.430000007 0.185000002
vn 0.000000000 1.000000000 0.000000000
v -0.409999996 0.430000007 0.185000002
vn 0.000000000 1.000000000 0.000000000
v -0.409999996 0.430000007 0.338771999
vn 0.000000000 1.000000000 0.000000000
f 3169/3169/3169 3170/3170/3170 3171/3171/3171
v 0.409999996 0.430000007 0.185000002
vn 0.000000000 1.000000000 -0.000000000
v -0.409999996 0.430000007 0.338771999
vn 0.000000000 1.000000000 -0.000000000
v 0.409999996 0.430000007 0.338771999
vn 0.000000000 1.000000000 -0.000000000
f 3172/3172/3172 3173/3173/3173 3174/3174/3174
v -0.409999996 -0.384999990 0.363772005
vn 0.000000000 0.000000000 1.000000000
v 0.409999996 -0.384999990 0.363772005
vn 0.000000000 0.000000000 1.000000000
v 0.409999996 0.405000001 0.363772005
vn 0.000000000 0.000000000 1.000000000
f 3175/3175/3175 3176/3176/3176 3177/3177/3177
v -0.409999996 -0.384999990 0.363772005
vn 0.000000000 0.000000000 1.000000000
v 0.409999996 0.405000001 0.363772005
vn 0.000000000 0.000000000 1.000000000
v -0.409999996 0.405000001 0.363772005
vn 0.000000000 0.000000000 1.000000000
f 3178/3178/3178 3179/3179/3179 3180/3180/3180
o Victorian_5_|_closed_upholstered_side_-1
usemtl UV_Base
v -0.470999986 -0.444999993 0.170000002
vn -1.000000000 0.000000000 0.000000000
v -0.470999986 -0.444999993 0.805000007
vn -1.000000000 0.000000000 0.000000000
v -0.470999986 -0.395000011 0.814999998
vn -1.000000000 0.000000000 0.000000000
f 3181/3181/3181 3182/3182/3182 3183/3183/3183
v -0.470999986 -0.444999993 0.170000002
vn -1.000000000 0.000000000 0.000000000
v -0.470999986 -0.395000011 0.814999998
vn -1.000000000 0.000000000 0.000000000
v -0.470999986 -0.170000002 0.725000024
vn -1.000000000 0.000000000 0.000000000
f 3184/3184/3184 3185/3185/3185 3186/3186/3186
v -0.470999986 0.425000012 0.584999979
vn -1.000000000 0.000000000 -0.000000000
v -0.470999986 0.425000012 0.170000002
vn -1.000000000 0.000000000 -0.000000000
v -0.470999986 -0.444999993 0.170000002
vn -1.000000000 0.000000000 -0.000000000
f 3187/3187/3187 3188/3188/3188 3189/3189/3189
v -0.470999986 0.100000001 0.670000017
vn -0.999999940 0.000000000 0.000000000
v -0.470999986 0.340000004 0.649999976
vn -0.999999940 0.000000000 0.000000000
v -0.470999986 0.425000012 0.584999979
vn -0.999999940 0.000000000 0.000000000
f 3190/3190/3190 3191/3191/3191 3192/3192/3192
v -0.470999986 -0.444999993 0.170000002
vn -1.000000000 0.000000000 0.000000000
v -0.470999986 -0.170000002 0.725000024
vn -1.000000000 0.000000000 0.000000000
v -0.470999986 0.100000001 0.670000017
vn -1.000000000 0.000000000 0.000000000
f 3193/3193/3193 3194/3194/3194 3195/3195/3195
v -0.470999986 0.100000001 0.670000017
vn -1.000000000 0.000000000 -0.000000000
v -0.470999986 0.425000012 0.584999979
vn -1.000000000 0.000000000 -0.000000000
v -0.470999986 -0.444999993 0.170000002
vn -1.000000000 0.000000000 -0.000000000
f 3196/3196/3196 3197/3197/3197 3198/3198/3198
v -0.294999987 -0.444999993 0.805000007
vn 1.000000000 0.000000000 0.000000000
v -0.294999987 -0.444999993 0.170000002
vn 1.000000000 0.000000000 0.000000000
v -0.294999987 0.425000012 0.170000002
vn 1.000000000 0.000000000 0.000000000
f 3199/3199/3199 3200/3200/3200 3201/3201/3201
v -0.294999987 0.425000012 0.170000002
vn 1.000000000 0.000000000 -0.000000000
v -0.294999987 0.425000012 0.584999979
vn 1.000000000 0.000000000 -0.000000000
v -0.294999987 0.340000004 0.649999976
vn 1.000000000 0.000000000 -0.000000000
f 3202/3202/3202 3203/3203/3203 3204/3204/3204
v -0.294999987 0.425000012 0.170000002
vn 0.999999940 0.000000000 0.000000000
v -0.294999987 0.340000004 0.649999976
vn 0.999999940 0.000000000 0.000000000
v -0.294999987 0.100000001 0.670000017
vn 0.999999940 0.000000000 0.000000000
f 3205/3205/3205 3206/3206/3206 3207/3207/3207
v -0.294999987 -0.395000011 0.814999998
vn 1.000000000 0.000000000 0.000000000
v -0.294999987 -0.444999993 0.805000007
vn 1.000000000 0.000000000 0.000000000
v -0.294999987 0.425000012 0.170000002
vn 1.000000000 0.000000000 0.000000000
f 3208/3208/3208 3209/3209/3209 3210/3210/3210
v -0.294999987 0.425000012 0.170000002
vn 1.000000000 0.000000000 0.000000000
v -0.294999987 0.100000001 0.670000017
vn 1.000000000 0.000000000 0.000000000
v -0.294999987 -0.170000002 0.725000024
vn 1.000000000 0.000000000 0.000000000
f 3211/3211/3211 3212/3212/3212 3213/3213/3213
v -0.294999987 0.425000012 0.170000002
vn 1.000000000 0.000000000 0.000000000
v -0.294999987 -0.170000002 0.725000024
vn 1.000000000 0.000000000 0.000000000
v -0.294999987 -0.395000011 0.814999998
vn 1.000000000 0.000000000 0.000000000
f 3214/3214/3214 3215/3215/3215 3216/3216/3216
v -0.470999986 -0.444999993 0.170000002
vn 0.000000000 0.000000000 -1.000000000
v -0.470999986 0.425000012 0.170000002
vn 0.000000000 0.000000000 -1.000000000
v -0.294999987 0.425000012 0.170000002
vn 0.000000000 0.000000000 -1.000000000
f 3217/3217/3217 3218/3218/3218 3219/3219/3219
v -0.470999986 -0.444999993 0.170000002
vn 0.000000000 0.000000000 -1.000000000
v -0.294999987 0.425000012 0.170000002
vn 0.000000000 0.000000000 -1.000000000
v -0.294999987 -0.444999993 0.170000002
vn 0.000000000 0.000000000 -1.000000000
f 3220/3220/3220 3221/3221/3221 3222/3222/3222
v -0.470999986 0.425000012 0.170000002
vn 0.000000000 1.000000000 0.000000000
v -0.470999986 0.425000012 0.584999979
vn 0.000000000 1.000000000 0.000000000
v -0.294999987 0.425000012 0.584999979
vn 0.000000000 1.000000000 0.000000000
f 3223/3223/3223 3224/3224/3224 3225/3225/3225
v -0.470999986 0.425000012 0.170000002
vn 0.000000000 1.000000000 0.000000000
v -0.294999987 0.425000012 0.584999979
vn 0.000000000 1.000000000 0.000000000
v -0.294999987 0.425000012 0.170000002
vn 0.000000000 1.000000000 0.000000000
f 3226/3226/3226 3227/3227/3227 3228/3228/3228
v -0.470999986 0.425000012 0.584999979
vn 0.000000000 0.607450068 0.794357836
v -0.470999986 0.340000004 0.649999976
vn 0.000000000 0.607450068 0.794357836
v -0.294999987 0.340000004 0.649999976
vn 0.000000000 0.607450068 0.794357836
f 3229/3229/3229 3230/3230/3230 3231/3231/3231
v -0.470999986 0.425000012 0.584999979
vn -0.000000000 0.607450068 0.794357836
v -0.294999987 0.340000004 0.649999976
vn -0.000000000 0.607450068 0.794357836
v -0.294999987 0.425000012 0.584999979
vn -0.000000000 0.607450068 0.794357836
f 3232/3232/3232 3233/3233/3233 3234/3234/3234
v -0.470999986 0.340000004 0.649999976
vn 0.000000000 0.083045639 0.996545732
v -0.470999986 0.100000001 0.670000017
vn 0.000000000 0.083045639 0.996545732
v -0.294999987 0.100000001 0.670000017
vn 0.000000000 0.083045639 0.996545732
f 3235/3235/3235 3236/3236/3236 3237/3237/3237
v -0.470999986 0.340000004 0.649999976
vn -0.000000000 0.083045639 0.996545732
v -0.294999987 0.100000001 0.670000017
vn -0.000000000 0.083045639 0.996545732
v -0.294999987 0.340000004 0.649999976
vn -0.000000000 0.083045639 0.996545732
f 3238/3238/3238 3239/3239/3239 3240/3240/3240
v -0.470999986 0.100000001 0.670000017
vn 0.000000000 0.199604496 0.979876518
v -0.470999986 -0.170000002 0.725000024
vn 0.000000000 0.199604496 0.979876518
v -0.294999987 -0.170000002 0.725000024
vn 0.000000000 0.199604496 0.979876518
f 3241/3241/3241 3242/3242/3242 3243/3243/3243
v -0.470999986 0.100000001 0.670000017
vn -0.000000000 0.199604496 0.979876518
v -0.294999987 -0.170000002 0.725000024
vn -0.000000000 0.199604496 0.979876518
v -0.294999987 0.100000001 0.670000017
vn -0.000000000 0.199604496 0.979876518
f 3244/3244/3244 3245/3245/3245 3246/3246/3246
v -0.470999986 -0.170000002 0.725000024
vn 0.000000000 0.371390611 0.928476751
v -0.470999986 -0.395000011 0.814999998
vn 0.000000000 0.371390611 0.928476751
v -0.294999987 -0.395000011 0.814999998
vn 0.000000000 0.371390611 0.928476751
f 3247/3247/3247 3248/3248/3248 3249/3249/3249
v -0.470999986 -0.170000002 0.725000024
vn -0.000000000 0.371390611 0.928476751
v -0.294999987 -0.395000011 0.814999998
vn -0.000000000 0.371390611 0.928476751
v -0.294999987 -0.170000002 0.725000024
vn -0.000000000 0.371390611 0.928476751
f 3250/3250/3250 3251/3251/3251 3252/3252/3252
v -0.470999986 -0.395000011 0.814999998
vn 0.000000000 -0.196116015 0.980580747
v -0.470999986 -0.444999993 0.805000007
vn 0.000000000 -0.196116015 0.980580747
v -0.294999987 -0.444999993 0.805000007
vn 0.000000000 -0.196116015 0.980580747
f 3253/3253/3253 3254/3254/3254 3255/3255/3255
v -0.470999986 -0.395000011 0.814999998
vn 0.000000000 -0.196116015 0.980580747
v -0.294999987 -0.444999993 0.805000007
vn 0.000000000 -0.196116015 0.980580747
v -0.294999987 -0.395000011 0.814999998
vn 0.000000000 -0.196116015 0.980580747
f 3256/3256/3256 3257/3257/3257 3258/3258/3258
v -0.470999986 -0.444999993 0.805000007
vn 0.000000000 -1.000000000 0.000000000
v -0.470999986 -0.444999993 0.170000002
vn 0.000000000 -1.000000000 0.000000000
v -0.294999987 -0.444999993 0.170000002
vn 0.000000000 -1.000000000 0.000000000
f 3259/3259/3259 3260/3260/3260 3261/3261/3261
v -0.470999986 -0.444999993 0.805000007
vn 0.000000000 -1.000000000 0.000000000
v -0.294999987 -0.444999993 0.170000002
vn 0.000000000 -1.000000000 0.000000000
v -0.294999987 -0.444999993 0.805000007
vn 0.000000000 -1.000000000 0.000000000
f 3262/3262/3262 3263/3263/3263 3264/3264/3264
o Victorian_5_|_closed_upholstered_side_1
usemtl UV_Base
v 0.294999987 -0.444999993 0.170000002
vn -1.000000000 0.000000000 0.000000000
v 0.294999987 -0.444999993 0.805000007
vn -1.000000000 0.000000000 0.000000000
v 0.294999987 -0.395000011 0.814999998
vn -1.000000000 0.000000000 0.000000000
f 3265/3265/3265 3266/3266/3266 3267/3267/3267
v 0.294999987 -0.444999993 0.170000002
vn -1.000000000 0.000000000 0.000000000
v 0.294999987 -0.395000011 0.814999998
vn -1.000000000 0.000000000 0.000000000
v 0.294999987 -0.170000002 0.725000024
vn -1.000000000 0.000000000 0.000000000
f 3268/3268/3268 3269/3269/3269 3270/3270/3270
v 0.294999987 0.425000012 0.584999979
vn -1.000000000 0.000000000 -0.000000000
v 0.294999987 0.425000012 0.170000002
vn -1.000000000 0.000000000 -0.000000000
v 0.294999987 -0.444999993 0.170000002
vn -1.000000000 0.000000000 -0.000000000
f 3271/3271/3271 3272/3272/3272 3273/3273/3273
v 0.294999987 0.100000001 0.670000017
vn -0.999999940 0.000000000 0.000000000
v 0.294999987 0.340000004 0.649999976
vn -0.999999940 0.000000000 0.000000000
v 0.294999987 0.425000012 0.584999979
vn -0.999999940 0.000000000 0.000000000
f 3274/3274/3274 3275/3275/3275 3276/3276/3276
v 0.294999987 -0.444999993 0.170000002
vn -1.000000000 0.000000000 0.000000000
v 0.294999987 -0.170000002 0.725000024
vn -1.000000000 0.000000000 0.000000000
v 0.294999987 0.100000001 0.670000017
vn -1.000000000 0.000000000 0.000000000
f 3277/3277/3277 3278/3278/3278 3279/3279/3279
v 0.294999987 0.100000001 0.670000017
vn -1.000000000 0.000000000 -0.000000000
v 0.294999987 0.425000012 0.584999979
vn -1.000000000 0.000000000 -0.000000000
v 0.294999987 -0.444999993 0.170000002
vn -1.000000000 0.000000000 -0.000000000
f 3280/3280/3280 3281/3281/3281 3282/3282/3282
v 0.470999986 -0.444999993 0.805000007
vn 1.000000000 0.000000000 0.000000000
v 0.470999986 -0.444999993 0.170000002
vn 1.000000000 0.000000000 0.000000000
v 0.470999986 0.425000012 0.170000002
vn 1.000000000 0.000000000 0.000000000
f 3283/3283/3283 3284/3284/3284 3285/3285/3285
v 0.470999986 0.425000012 0.170000002
vn 1.000000000 0.000000000 -0.000000000
v 0.470999986 0.425000012 0.584999979
vn 1.000000000 0.000000000 -0.000000000
v 0.470999986 0.340000004 0.649999976
vn 1.000000000 0.000000000 -0.000000000
f 3286/3286/3286 3287/3287/3287 3288/3288/3288
v 0.470999986 0.425000012 0.170000002
vn 0.999999940 0.000000000 0.000000000
v 0.470999986 0.340000004 0.649999976
vn 0.999999940 0.000000000 0.000000000
v 0.470999986 0.100000001 0.670000017
vn 0.999999940 0.000000000 0.000000000
f 3289/3289/3289 3290/3290/3290 3291/3291/3291
v 0.470999986 -0.395000011 0.814999998
vn 1.000000000 0.000000000 0.000000000
v 0.470999986 -0.444999993 0.805000007
vn 1.000000000 0.000000000 0.000000000
v 0.470999986 0.425000012 0.170000002
vn 1.000000000 0.000000000 0.000000000
f 3292/3292/3292 3293/3293/3293 3294/3294/3294
v 0.470999986 0.425000012 0.170000002
vn 1.000000000 0.000000000 0.000000000
v 0.470999986 0.100000001 0.670000017
vn 1.000000000 0.000000000 0.000000000
v 0.470999986 -0.170000002 0.725000024
vn 1.000000000 0.000000000 0.000000000
f 3295/3295/3295 3296/3296/3296 3297/3297/3297
v 0.470999986 0.425000012 0.170000002
vn 1.000000000 0.000000000 0.000000000
v 0.470999986 -0.170000002 0.725000024
vn 1.000000000 0.000000000 0.000000000
v 0.470999986 -0.395000011 0.814999998
vn 1.000000000 0.000000000 0.000000000
f 3298/3298/3298 3299/3299/3299 3300/3300/3300
v 0.294999987 -0.444999993 0.170000002
vn 0.000000000 0.000000000 -1.000000000
v 0.294999987 0.425000012 0.170000002
vn 0.000000000 0.000000000 -1.000000000
v 0.470999986 0.425000012 0.170000002
vn 0.000000000 0.000000000 -1.000000000
f 3301/3301/3301 3302/3302/3302 3303/3303/3303
v 0.294999987 -0.444999993 0.170000002
vn 0.000000000 0.000000000 -1.000000000
v 0.470999986 0.425000012 0.170000002
vn 0.000000000 0.000000000 -1.000000000
v 0.470999986 -0.444999993 0.170000002
vn 0.000000000 0.000000000 -1.000000000
f 3304/3304/3304 3305/3305/3305 3306/3306/3306
v 0.294999987 0.425000012 0.170000002
vn 0.000000000 1.000000000 0.000000000
v 0.294999987 0.425000012 0.584999979
vn 0.000000000 1.000000000 0.000000000
v 0.470999986 0.425000012 0.584999979
vn 0.000000000 1.000000000 0.000000000
f 3307/3307/3307 3308/3308/3308 3309/3309/3309
v 0.294999987 0.425000012 0.170000002
vn 0.000000000 1.000000000 0.000000000
v 0.470999986 0.425000012 0.584999979
vn 0.000000000 1.000000000 0.000000000
v 0.470999986 0.425000012 0.170000002
vn 0.000000000 1.000000000 0.000000000
f 3310/3310/3310 3311/3311/3311 3312/3312/3312
v 0.294999987 0.425000012 0.584999979
vn 0.000000000 0.607450068 0.794357836
v 0.294999987 0.340000004 0.649999976
vn 0.000000000 0.607450068 0.794357836
v 0.470999986 0.340000004 0.649999976
vn 0.000000000 0.607450068 0.794357836
f 3313/3313/3313 3314/3314/3314 3315/3315/3315
v 0.294999987 0.425000012 0.584999979
vn -0.000000000 0.607450068 0.794357836
v 0.470999986 0.340000004 0.649999976
vn -0.000000000 0.607450068 0.794357836
v 0.470999986 0.425000012 0.584999979
vn -0.000000000 0.607450068 0.794357836
f 3316/3316/3316 3317/3317/3317 3318/3318/3318
v 0.294999987 0.340000004 0.649999976
vn 0.000000000 0.083045639 0.996545732
v 0.294999987 0.100000001 0.670000017
vn 0.000000000 0.083045639 0.996545732
v 0.470999986 0.100000001 0.670000017
vn 0.000000000 0.083045639 0.996545732
f 3319/3319/3319 3320/3320/3320 3321/3321/3321
v 0.294999987 0.340000004 0.649999976
vn -0.000000000 0.083045639 0.996545732
v 0.470999986 0.100000001 0.670000017
vn -0.000000000 0.083045639 0.996545732
v 0.470999986 0.340000004 0.649999976
vn -0.000000000 0.083045639 0.996545732
f 3322/3322/3322 3323/3323/3323 3324/3324/3324
v 0.294999987 0.100000001 0.670000017
vn 0.000000000 0.199604496 0.979876518
v 0.294999987 -0.170000002 0.725000024
vn 0.000000000 0.199604496 0.979876518
v 0.470999986 -0.170000002 0.725000024
vn 0.000000000 0.199604496 0.979876518
f 3325/3325/3325 3326/3326/3326 3327/3327/3327
v 0.294999987 0.100000001 0.670000017
vn -0.000000000 0.199604496 0.979876518
v 0.470999986 -0.170000002 0.725000024
vn -0.000000000 0.199604496 0.979876518
v 0.470999986 0.100000001 0.670000017
vn -0.000000000 0.199604496 0.979876518
f 3328/3328/3328 3329/3329/3329 3330/3330/3330
v 0.294999987 -0.170000002 0.725000024
vn 0.000000000 0.371390611 0.928476751
v 0.294999987 -0.395000011 0.814999998
vn 0.000000000 0.371390611 0.928476751
v 0.470999986 -0.395000011 0.814999998
vn 0.000000000 0.371390611 0.928476751
f 3331/3331/3331 3332/3332/3332 3333/3333/3333
v 0.294999987 -0.170000002 0.725000024
vn -0.000000000 0.371390611 0.928476751
v 0.470999986 -0.395000011 0.814999998
vn -0.000000000 0.371390611 0.928476751
v 0.470999986 -0.170000002 0.725000024
vn -0.000000000 0.371390611 0.928476751
f 3334/3334/3334 3335/3335/3335 3336/3336/3336
v 0.294999987 -0.395000011 0.814999998
vn 0.000000000 -0.196116015 0.980580747
v 0.294999987 -0.444999993 0.805000007
vn 0.000000000 -0.196116015 0.980580747
v 0.470999986 -0.444999993 0.805000007
vn 0.000000000 -0.196116015 0.980580747
f 3337/3337/3337 3338/3338/3338 3339/3339/3339
v 0.294999987 -0.395000011 0.814999998
vn 0.000000000 -0.196116015 0.980580747
v 0.470999986 -0.444999993 0.805000007
vn 0.000000000 -0.196116015 0.980580747
v 0.470999986 -0.395000011 0.814999998
vn 0.000000000 -0.196116015 0.980580747
f 3340/3340/3340 3341/3341/3341 3342/3342/3342
v 0.294999987 -0.444999993 0.805000007
vn 0.000000000 -1.000000000 0.000000000
v 0.294999987 -0.444999993 0.170000002
vn 0.000000000 -1.000000000 0.000000000
v 0.470999986 -0.444999993 0.170000002
vn 0.000000000 -1.000000000 0.000000000
f 3343/3343/3343 3344/3344/3344 3345/3345/3345
v 0.294999987 -0.444999993 0.805000007
vn 0.000000000 -1.000000000 0.000000000
v 0.470999986 -0.444999993 0.170000002
vn 0.000000000 -1.000000000 0.000000000
v 0.470999986 -0.444999993 0.805000007
vn 0.000000000 -1.000000000 0.000000000
f 3346/3346/3346 3347/3347/3347 3348/3348/3348
o Victorian_5_|_native_front_wooden_apron
usemtl UV_Base
v -0.438000023 0.400000006 0.160000011
vn -0.249294609 -0.931785107 -0.263872653
v -0.442993492 0.401335984 0.160000011
vn -0.249294609 -0.931785107 -0.263872653
v -0.442782164 0.402633697 0.155217886
vn -0.249294609 -0.931785107 -0.263872653
f 3349/3349/3349 3350/3350/3350 3351/3351/3351
v -0.438000023 0.400000006 0.160000011
vn -0.263872653 -0.931785047 -0.249294519
v -0.442782164 0.402633697 0.155217886
vn -0.263872653 -0.931785047 -0.249294519
v -0.438000053 0.401335984 0.155006573
vn -0.263872653 -0.931785047 -0.249294519
f 3352/3352/3352 3353/3353/3353 3354/3354/3354
v -0.442993492 0.401335984 0.160000011
vn -0.690135002 -0.690135002 -0.217778012
v -0.446664095 0.405006588 0.160000011
vn -0.690135002 -0.690135002 -0.217778012
v -0.445366383 0.405217916 0.155217886
vn -0.690135002 -0.690135002 -0.217778012
f 3355/3355/3355 3356/3356/3356 3357/3357/3357
v -0.442993492 0.401335984 0.160000011
vn -0.690135062 -0.690135062 -0.217778027
v -0.445366383 0.405217916 0.155217886
vn -0.690135062 -0.690135062 -0.217778027
v -0.442782164 0.402633697 0.155217886
vn -0.690135062 -0.690135062 -0.217778027
f 3358/3358/3358 3359/3359/3359 3360/3360/3360
v -0.448000014 0.409999996 0.160000011
vn -0.931787074 -0.263872862 -0.249287099
v -0.446664095 0.410000026 0.155006573
vn -0.931787074 -0.263872862 -0.249287099
v -0.445366383 0.405217916 0.155217886
vn -0.931787074 -0.263872862 -0.249287099
f 3361/3361/3361 3362/3362/3362 3363/3363/3363
v -0.448000014 0.409999996 0.160000011
vn -0.931787133 -0.249287024 -0.263872862
v -0.445366383 0.405217916 0.155217886
vn -0.931787133 -0.249287024 -0.263872862
v -0.446664095 0.405006588 0.160000011
vn -0.931787133 -0.249287024 -0.263872862
f 3364/3364/3364 3365/3365/3365 3366/3366/3366
v -0.446664095 0.410000026 0.155006573
vn -0.690135002 -0.217778683 -0.690135002
v -0.442993492 0.410000026 0.151335970
vn -0.690135002 -0.217778683 -0.690135002
v -0.442782164 0.405217916 0.152633682
vn -0.690135002 -0.217778683 -0.690135002
f 3367/3367/3367 3368/3368/3368 3369/3369/3369
v -0.446664095 0.410000026 0.155006573
vn -0.690133393 -0.217776179 -0.690137327
v -0.442782164 0.405217916 0.152633682
vn -0.690133393 -0.217776179 -0.690137327
v -0.445366383 0.405217916 0.155217886
vn -0.690133393 -0.217776179 -0.690137327
f 3370/3370/3370 3371/3371/3371 3372/3372/3372
v -0.438000023 0.409999996 0.150000006
vn -0.263873428 -0.249293268 -0.931785226
v -0.438000053 0.405006588 0.151335970
vn -0.263873428 -0.249293268 -0.931785226
v -0.442782164 0.405217916 0.152633682
vn -0.263873428 -0.249293268 -0.931785226
f 3373/3373/3373 3374/3374/3374 3375/3375/3375
v -0.438000023 0.409999996 0.150000006
vn -0.249293447 -0.263873428 -0.931785166
v -0.442782164 0.405217916 0.152633682
vn -0.249293447 -0.263873428 -0.931785166
v -0.442993492 0.410000026 0.151335970
vn -0.249293447 -0.263873428 -0.931785166
f 3376/3376/3376 3377/3377/3377 3378/3378/3378
v -0.438000053 0.405006588 0.151335970
vn -0.217776626 -0.690135241 -0.690135241
v -0.438000053 0.401335984 0.155006573
vn -0.217776626 -0.690135241 -0.690135241
v -0.442782164 0.402633697 0.155217886
vn -0.217776626 -0.690135241 -0.690135241
f 3379/3379/3379 3380/3380/3380 3381/3381/3381
v -0.438000053 0.405006588 0.151335970
vn -0.217779085 -0.690132797 -0.690136850
v -0.442782164 0.402633697 0.155217886
vn -0.217779085 -0.690132797 -0.690136850
v -0.442782164 0.405217916 0.152633682
vn -0.217779085 -0.690132797 -0.690136850
f 3382/3382/3382 3383/3383/3383 3384/3384/3384
v -0.442782164 0.402633697 0.155217886
vn -0.577349126 -0.577349126 -0.577352464
v -0.445366383 0.405217916 0.155217886
vn -0.577349126 -0.577349126 -0.577352464
v -0.442782164 0.405217916 0.152633682
vn -0.577349126 -0.577349126 -0.577352464
f 3385/3385/3385 3386/3386/3386 3387/3387/3387
v 0.438000023 0.400000006 0.160000011
vn 0.263872653 -0.931785047 -0.249294519
v 0.438000053 0.401335984 0.155006573
vn 0.263872653 -0.931785047 -0.249294519
v 0.442782164 0.402633697 0.155217886
vn 0.263872653 -0.931785047 -0.249294519
f 3388/3388/3388 3389/3389/3389 3390/3390/3390
v 0.438000023 0.400000006 0.160000011
vn 0.249294609 -0.931785107 -0.263872653
v 0.442782164 0.402633697 0.155217886
vn 0.249294609 -0.931785107 -0.263872653
v 0.442993492 0.401335984 0.160000011
vn 0.249294609 -0.931785107 -0.263872653
f 3391/3391/3391 3392/3392/3392 3393/3393/3393
v 0.438000053 0.401335984 0.155006573
vn 0.217778683 -0.690135002 -0.690135002
v 0.438000053 0.405006588 0.151335970
vn 0.217778683 -0.690135002 -0.690135002
v 0.442782164 0.405217916 0.152633682
vn 0.217778683 -0.690135002 -0.690135002
f 3394/3394/3394 3395/3395/3395 3396/3396/3396
v 0.438000053 0.401335984 0.155006573
vn 0.217776179 -0.690133393 -0.690137327
v 0.442782164 0.405217916 0.152633682
vn 0.217776179 -0.690133393 -0.690137327
v 0.442782164 0.402633697 0.155217886
vn 0.217776179 -0.690133393 -0.690137327
f 3397/3397/3397 3398/3398/3398 3399/3399/3399
v 0.438000023 0.409999996 0.150000006
vn 0.249293447 -0.263873428 -0.931785166
v 0.442993492 0.410000026 0.151335970
vn 0.249293447 -0.263873428 -0.931785166
v 0.442782164 0.405217916 0.152633682
vn 0.249293447 -0.263873428 -0.931785166
f 3400/3400/3400 3401/3401/3401 3402/3402/3402
v 0.438000023 0.409999996 0.150000006
vn 0.263873428 -0.249293268 -0.931785226
v 0.442782164 0.405217916 0.152633682
vn 0.263873428 -0.249293268 -0.931785226
v 0.438000053 0.405006588 0.151335970
vn 0.263873428 -0.249293268 -0.931785226
f 3403/3403/3403 3404/3404/3404 3405/3405/3405
v 0.442993492 0.410000026 0.151335970
vn 0.690135241 -0.217776626 -0.690135241
v 0.446664095 0.410000026 0.155006573
vn 0.690135241 -0.217776626 -0.690135241
v 0.445366383 0.405217916 0.155217886
vn 0.690135241 -0.217776626 -0.690135241
f 3406/3406/3406 3407/3407/3407 3408/3408/3408
v 0.442993492 0.410000026 0.151335970
vn 0.690132797 -0.217779085 -0.690136850
v 0.445366383 0.405217916 0.155217886
vn 0.690132797 -0.217779085 -0.690136850
v 0.442782164 0.405217916 0.152633682
vn 0.690132797 -0.217779085 -0.690136850
f 3409/3409/3409 3410/3410/3410 3411/3411/3411
v 0.448000014 0.409999996 0.160000011
vn 0.931787133 -0.249287024 -0.263872862
v 0.446664095 0.405006588 0.160000011
vn 0.931787133 -0.249287024 -0.263872862
v 0.445366383 0.405217916 0.155217886
vn 0.931787133 -0.249287024 -0.263872862
f 3412/3412/3412 3413/3413/3413 3414/3414/3414
v 0.448000014 0.409999996 0.160000011
vn 0.931787074 -0.263872862 -0.249287099
v 0.445366383 0.405217916 0.155217886
vn 0.931787074 -0.263872862 -0.249287099
v 0.446664095 0.410000026 0.155006573
vn 0.931787074 -0.263872862 -0.249287099
f 3415/3415/3415 3416/3416/3416 3417/3417/3417
v 0.446664095 0.405006588 0.160000011
vn 0.690135002 -0.690135002 -0.217778012
v 0.442993492 0.401335984 0.160000011
vn 0.690135002 -0.690135002 -0.217778012
v 0.442782164 0.402633697 0.155217886
vn 0.690135002 -0.690135002 -0.217778012
f 3418/3418/3418 3419/3419/3419 3420/3420/3420
v 0.446664095 0.405006588 0.160000011
vn 0.690135062 -0.690135062 -0.217778027
v 0.442782164 0.402633697 0.155217886
vn 0.690135062 -0.690135062 -0.217778027
v 0.445366383 0.405217916 0.155217886
vn 0.690135062 -0.690135062 -0.217778027
f 3421/3421/3421 3422/3422/3422 3423/3423/3423
v 0.442782164 0.402633697 0.155217886
vn 0.577349126 -0.577349126 -0.577352464
v 0.442782164 0.405217916 0.152633682
vn 0.577349126 -0.577349126 -0.577352464
v 0.445366383 0.405217916 0.155217886
vn 0.577349126 -0.577349126 -0.577352464
f 3424/3424/3424 3425/3425/3425 3426/3426/3426
v 0.438000023 0.456000000 0.160000011
vn 0.249284223 0.931787789 -0.263872921
v 0.442993492 0.454664081 0.160000011
vn 0.249284223 0.931787789 -0.263872921
v 0.442782164 0.453366369 0.155217886
vn 0.249284223 0.931787789 -0.263872921
f 3427/3427/3427 3428/3428/3428 3429/3429/3429
v 0.438000023 0.456000000 0.160000011
vn 0.263872921 0.931787789 -0.249284118
v 0.442782164 0.453366369 0.155217886
vn 0.263872921 0.931787789 -0.249284118
v 0.438000053 0.454664081 0.155006573
vn 0.263872921 0.931787789 -0.249284118
f 3430/3430/3430 3431/3431/3431 3432/3432/3432
v 0.442993492 0.454664081 0.160000011
vn 0.690135002 0.690135002 -0.217778012
v 0.446664095 0.450993478 0.160000011
vn 0.690135002 0.690135002 -0.217778012
v 0.445366383 0.450782150 0.155217886
vn 0.690135002 0.690135002 -0.217778012
f 3433/3433/3433 3434/3434/3434 3435/3435/3435
v 0.442993492 0.454664081 0.160000011
vn 0.690135062 0.690135062 -0.217778027
v 0.445366383 0.450782150 0.155217886
vn 0.690135062 0.690135062 -0.217778027
v 0.442782164 0.453366369 0.155217886
vn 0.690135062 0.690135062 -0.217778027
f 3436/3436/3436 3437/3437/3437 3438/3438/3438
v 0.448000014 0.446000010 0.160000011
vn 0.931787789 0.263872921 -0.249284118
v 0.446664095 0.446000040 0.155006573
vn 0.931787789 0.263872921 -0.249284118
v 0.445366383 0.450782150 0.155217886
vn 0.931787789 0.263872921 -0.249284118
f 3439/3439/3439 3440/3440/3440 3441/3441/3441
v 0.448000014 0.446000010 0.160000011
vn 0.931787789 0.249284223 -0.263872921
v 0.445366383 0.450782150 0.155217886
vn 0.931787789 0.249284223 -0.263872921
v 0.446664095 0.450993478 0.160000011
vn 0.931787789 0.249284223 -0.263872921
f 3442/3442/3442 3443/3443/3443 3444/3444/3444
v 0.446664095 0.446000040 0.155006573
vn 0.690135002 0.217778683 -0.690135002
v 0.442993492 0.446000040 0.151335970
vn 0.690135002 0.217778683 -0.690135002
v 0.442782164 0.450782150 0.152633682
vn 0.690135002 0.217778683 -0.690135002
f 3445/3445/3445 3446/3446/3446 3447/3447/3447
v 0.446664095 0.446000040 0.155006573
vn 0.690133393 0.217776179 -0.690137327
v 0.442782164 0.450782150 0.152633682
vn 0.690133393 0.217776179 -0.690137327
v 0.445366383 0.450782150 0.155217886
vn 0.690133393 0.217776179 -0.690137327
f 3448/3448/3448 3449/3449/3449 3450/3450/3450
v 0.438000023 0.446000010 0.150000006
vn 0.263873488 0.249290481 -0.931785941
v 0.438000053 0.450993478 0.151335970
vn 0.263873488 0.249290481 -0.931785941
v 0.442782164 0.450782150 0.152633682
vn 0.263873488 0.249290481 -0.931785941
f 3451/3451/3451 3452/3452/3452 3453/3453/3453
v 0.438000023 0.446000010 0.150000006
vn 0.249290481 0.263873488 -0.931785941
v 0.442782164 0.450782150 0.152633682
vn 0.249290481 0.263873488 -0.931785941
v 0.442993492 0.446000040 0.151335970
vn 0.249290481 0.263873488 -0.931785941
f 3454/3454/3454 3455/3455/3455 3456/3456/3456
v 0.438000053 0.450993478 0.151335970
vn 0.217776626 0.690135241 -0.690135241
v 0.438000053 0.454664081 0.155006573
vn 0.217776626 0.690135241 -0.690135241
v 0.442782164 0.453366369 0.155217886
vn 0.217776626 0.690135241 -0.690135241
f 3457/3457/3457 3458/3458/3458 3459/3459/3459
v 0.438000053 0.450993478 0.151335970
vn 0.217779085 0.690132797 -0.690136850
v 0.442782164 0.453366369 0.155217886
vn 0.217779085 0.690132797 -0.690136850
v 0.442782164 0.450782150 0.152633682
vn 0.217779085 0.690132797 -0.690136850
f 3460/3460/3460 3461/3461/3461 3462/3462/3462
v 0.442782164 0.453366369 0.155217886
vn 0.577349126 0.577349126 -0.577352464
v 0.445366383 0.450782150 0.155217886
vn 0.577349126 0.577349126 -0.577352464
v 0.442782164 0.450782150 0.152633682
vn 0.577349126 0.577349126 -0.577352464
f 3463/3463/3463 3464/3464/3464 3465/3465/3465
v -0.448000014 0.446000010 0.160000011
vn -0.931787789 0.249284223 -0.263872921
v -0.446664095 0.450993478 0.160000011
vn -0.931787789 0.249284223 -0.263872921
v -0.445366383 0.450782150 0.155217886
vn -0.931787789 0.249284223 -0.263872921
f 3466/3466/3466 3467/3467/3467 3468/3468/3468
v -0.448000014 0.446000010 0.160000011
vn -0.931787789 0.263872921 -0.249284118
v -0.445366383 0.450782150 0.155217886
vn -0.931787789 0.263872921 -0.249284118
v -0.446664095 0.446000040 0.155006573
vn -0.931787789 0.263872921 -0.249284118
f 3469/3469/3469 3470/3470/3470 3471/3471/3471
v -0.446664095 0.450993478 0.160000011
vn -0.690135002 0.690135002 -0.217778012
v -0.442993492 0.454664081 0.160000011
vn -0.690135002 0.690135002 -0.217778012
v -0.442782164 0.453366369 0.155217886
vn -0.690135002 0.690135002 -0.217778012
f 3472/3472/3472 3473/3473/3473 3474/3474/3474
v -0.446664095 0.450993478 0.160000011
vn -0.690135062 0.690135062 -0.217778027
v -0.442782164 0.453366369 0.155217886
vn -0.690135062 0.690135062 -0.217778027
v -0.445366383 0.450782150 0.155217886
vn -0.690135062 0.690135062 -0.217778027
f 3475/3475/3475 3476/3476/3476 3477/3477/3477
v -0.438000023 0.456000000 0.160000011
vn -0.263872921 0.931787789 -0.249284118
v -0.438000053 0.454664081 0.155006573
vn -0.263872921 0.931787789 -0.249284118
v -0.442782164 0.453366369 0.155217886
vn -0.263872921 0.931787789 -0.249284118
f 3478/3478/3478 3479/3479/3479 3480/3480/3480
v -0.438000023 0.456000000 0.160000011
vn -0.249284223 0.931787789 -0.263872921
v -0.442782164 0.453366369 0.155217886
vn -0.249284223 0.931787789 -0.263872921
v -0.442993492 0.454664081 0.160000011
vn -0.249284223 0.931787789 -0.263872921
f 3481/3481/3481 3482/3482/3482 3483/3483/3483
v -0.438000053 0.454664081 0.155006573
vn -0.217778683 0.690135002 -0.690135002
v -0.438000053 0.450993478 0.151335970
vn -0.217778683 0.690135002 -0.690135002
v -0.442782164 0.450782150 0.152633682
vn -0.217778683 0.690135002 -0.690135002
f 3484/3484/3484 3485/3485/3485 3486/3486/3486
v -0.438000053 0.454664081 0.155006573
vn -0.217776179 0.690133393 -0.690137327
v -0.442782164 0.450782150 0.152633682
vn -0.217776179 0.690133393 -0.690137327
v -0.442782164 0.453366369 0.155217886
vn -0.217776179 0.690133393 -0.690137327
f 3487/3487/3487 3488/3488/3488 3489/3489/3489
v -0.438000023 0.446000010 0.150000006
vn -0.249290481 0.263873488 -0.931785941
v -0.442993492 0.446000040 0.151335970
vn -0.249290481 0.263873488 -0.931785941
v -0.442782164 0.450782150 0.152633682
vn -0.249290481 0.263873488 -0.931785941
f 3490/3490/3490 3491/3491/3491 3492/3492/3492
v -0.438000023 0.446000010 0.150000006
vn -0.263873488 0.249290481 -0.931785941
v -0.442782164 0.450782150 0.152633682
vn -0.263873488 0.249290481 -0.931785941
v -0.438000053 0.450993478 0.151335970
vn -0.263873488 0.249290481 -0.931785941
f 3493/3493/3493 3494/3494/3494 3495/3495/3495
v -0.442993492 0.446000040 0.151335970
vn -0.690135241 0.217776626 -0.690135241
v -0.446664095 0.446000040 0.155006573
vn -0.690135241 0.217776626 -0.690135241
v -0.445366383 0.450782150 0.155217886
vn -0.690135241 0.217776626 -0.690135241
f 3496/3496/3496 3497/3497/3497 3498/3498/3498
v -0.442993492 0.446000040 0.151335970
vn -0.690132797 0.217779085 -0.690136850
v -0.445366383 0.450782150 0.155217886
vn -0.690132797 0.217779085 -0.690136850
v -0.442782164 0.450782150 0.152633682
vn -0.690132797 0.217779085 -0.690136850
f 3499/3499/3499 3500/3500/3500 3501/3501/3501
v -0.445366383 0.450782150 0.155217886
vn -0.577349126 0.577349126 -0.577352464
v -0.442782164 0.453366369 0.155217886
vn -0.577349126 0.577349126 -0.577352464
v -0.442782164 0.450782150 0.152633682
vn -0.577349126 0.577349126 -0.577352464
f 3502/3502/3502 3503/3503/3503 3504/3504/3504
v -0.448000014 0.409999996 0.244999990
vn -0.931787252 -0.249286264 0.263872862
v -0.446664095 0.405006588 0.245000005
vn -0.931787252 -0.249286264 0.263872862
v -0.445366383 0.405217916 0.249782130
vn -0.931787252 -0.249286264 0.263872862
f 3505/3505/3505 3506/3506/3506 3507/3507/3507
v -0.448000014 0.409999996 0.244999990
vn -0.931787133 -0.263872862 0.249286383
v -0.445366383 0.405217916 0.249782130
vn -0.931787133 -0.263872862 0.249286383
v -0.446664095 0.410000026 0.249993443
vn -0.931787133 -0.263872862 0.249286383
f 3508/3508/3508 3509/3509/3509 3510/3510/3510
v -0.446664095 0.405006588 0.245000005
vn -0.690135002 -0.690135002 0.217778683
v -0.442993492 0.401335984 0.245000005
vn -0.690135002 -0.690135002 0.217778683
v -0.442782164 0.402633697 0.249782115
vn -0.690135002 -0.690135002 0.217778683
f 3511/3511/3511 3512/3512/3512 3513/3513/3513
v -0.446664095 0.405006588 0.245000005
vn -0.690134406 -0.690135658 0.217777878
v -0.442782164 0.402633697 0.249782115
vn -0.690134406 -0.690135658 0.217777878
v -0.445366383 0.405217916 0.249782130
vn -0.690134406 -0.690135658 0.217777878
f 3514/3514/3514 3515/3515/3515 3516/3516/3516
v -0.438000023 0.400000006 0.244999990
vn -0.263873428 -0.931785107 0.249293774
v -0.438000053 0.401335984 0.249993443
vn -0.263873428 -0.931785107 0.249293774
v -0.442782164 0.402633697 0.249782115
vn -0.263873428 -0.931785107 0.249293774
f 3517/3517/3517 3518/3518/3518 3519/3519/3519
v -0.438000023 0.400000006 0.244999990
vn -0.249293804 -0.931785047 0.263873398
v -0.442782164 0.402633697 0.249782115
vn -0.249293804 -0.931785047 0.263873398
v -0.442993492 0.401335984 0.245000005
vn -0.249293804 -0.931785047 0.263873398
f 3520/3520/3520 3521/3521/3521 3522/3522/3522
v -0.438000053 0.401335984 0.249993443
vn -0.217778683 -0.690135002 0.690135002
v -0.438000053 0.405006588 0.253664047
vn -0.217778683 -0.690135002 0.690135002
v -0.442782164 0.405217916 0.252366334
vn -0.217778683 -0.690135002 0.690135002
f 3523/3523/3523 3524/3524/3524 3525/3525/3525
v -0.438000053 0.401335984 0.249993443
vn -0.217778683 -0.690134943 0.690134883
v -0.442782164 0.405217916 0.252366334
vn -0.217778683 -0.690134943 0.690134883
v -0.442782164 0.402633697 0.249782115
vn -0.217778683 -0.690134943 0.690134883
f 3526/3526/3526 3527/3527/3527 3528/3528/3528
v -0.438000023 0.409999996 0.254999995
vn -0.249290854 -0.263873488 0.931785822
v -0.442993492 0.410000026 0.253664047
vn -0.249290854 -0.263873488 0.931785822
v -0.442782164 0.405217916 0.252366334
vn -0.249290854 -0.263873488 0.931785822
f 3529/3529/3529 3530/3530/3530 3531/3531/3531
v -0.438000023 0.409999996 0.254999995
vn -0.263873488 -0.249290660 0.931785882
v -0.442782164 0.405217916 0.252366334
vn -0.263873488 -0.249290660 0.931785882
v -0.438000053 0.405006588 0.253664047
vn -0.263873488 -0.249290660 0.931785882
f 3532/3532/3532 3533/3533/3533 3534/3534/3534
v -0.442993492 0.410000026 0.253664047
vn -0.690135241 -0.217776626 0.690135241
v -0.446664095 0.410000026 0.249993443
vn -0.690135241 -0.217776626 0.690135241
v -0.445366383 0.405217916 0.249782130
vn -0.690135241 -0.217776626 0.690135241
f 3535/3535/3535 3536/3536/3536 3537/3537/3537
v -0.442993492 0.410000026 0.253664047
vn -0.690132797 -0.217779085 0.690136850
v -0.445366383 0.405217916 0.249782130
vn -0.690132797 -0.217779085 0.690136850
v -0.442782164 0.405217916 0.252366334
vn -0.690132797 -0.217779085 0.690136850
f 3538/3538/3538 3539/3539/3539 3540/3540/3540
v -0.445366383 0.405217916 0.249782130
vn -0.577348053 -0.577351391 0.577351391
v -0.442782164 0.402633697 0.249782115
vn -0.577348053 -0.577351391 0.577351391
v -0.442782164 0.405217916 0.252366334
vn -0.577348053 -0.577351391 0.577351391
f 3541/3541/3541 3542/3542/3542 3543/3543/3543
v 0.438000023 0.400000006 0.244999990
vn 0.249293864 -0.931785226 0.263872653
v 0.442993492 0.401335984 0.245000005
vn 0.249293864 -0.931785226 0.263872653
v 0.442782164 0.402633697 0.249782130
vn 0.249293864 -0.931785226 0.263872653
f 3544/3544/3544 3545/3545/3545 3546/3546/3546
v 0.438000023 0.400000006 0.244999990
vn 0.263872713 -0.931785285 0.249293819
v 0.442782164 0.402633697 0.249782130
vn 0.263872713 -0.931785285 0.249293819
v 0.438000053 0.401335984 0.249993443
vn 0.263872713 -0.931785285 0.249293819
f 3547/3547/3547 3548/3548/3548 3549/3549/3549
v 0.442993492 0.401335984 0.245000005
vn 0.690135002 -0.690135002 0.217778683
v 0.446664095 0.405006588 0.245000005
vn 0.690135002 -0.690135002 0.217778683
v 0.445366383 0.405217916 0.249782115
vn 0.690135002 -0.690135002 0.217778683
f 3550/3550/3550 3551/3551/3551 3552/3552/3552
v 0.442993492 0.401335984 0.245000005
vn 0.690135658 -0.690134406 0.217777878
v 0.445366383 0.405217916 0.249782115
vn 0.690135658 -0.690134406 0.217777878
v 0.442782164 0.402633697 0.249782130
vn 0.690135658 -0.690134406 0.217777878
f 3553/3553/3553 3554/3554/3554 3555/3555/3555
v 0.448000014 0.409999996 0.244999990
vn 0.931787074 -0.263873607 0.249286354
v 0.446664095 0.410000026 0.249993443
vn 0.931787074 -0.263873607 0.249286354
v 0.445366383 0.405217916 0.249782115
vn 0.931787074 -0.263873607 0.249286354
f 3556/3556/3556 3557/3557/3557 3558/3558/3558
v 0.448000014 0.409999996 0.244999990
vn 0.931787074 -0.249286219 0.263873607
v 0.445366383 0.405217916 0.249782115
vn 0.931787074 -0.249286219 0.263873607
v 0.446664095 0.405006588 0.245000005
vn 0.931787074 -0.249286219 0.263873607
f 3559/3559/3559 3560/3560/3560 3561/3561/3561
v 0.446664095 0.410000026 0.249993443
vn 0.690135002 -0.217778683 0.690135002
v 0.442993492 0.410000026 0.253664047
vn 0.690135002 -0.217778683 0.690135002
v 0.442782164 0.405217916 0.252366334
vn 0.690135002 -0.217778683 0.690135002
f 3562/3562/3562 3563/3563/3563 3564/3564/3564
v 0.446664095 0.410000026 0.249993443
vn 0.690134943 -0.217778683 0.690134883
v 0.442782164 0.405217916 0.252366334
vn 0.690134943 -0.217778683 0.690134883
v 0.445366383 0.405217916 0.249782115
vn 0.690134943 -0.217778683 0.690134883
f 3565/3565/3565 3566/3566/3566 3567/3567/3567
v 0.438000023 0.409999996 0.254999995
vn 0.263873488 -0.249290660 0.931785882
v 0.438000053 0.405006588 0.253664047
vn 0.263873488 -0.249290660 0.931785882
v 0.442782164 0.405217916 0.252366334
vn 0.263873488 -0.249290660 0.931785882
f 3568/3568/3568 3569/3569/3569 3570/3570/3570
v 0.438000023 0.409999996 0.254999995
vn 0.249290854 -0.263873488 0.931785822
v 0.442782164 0.405217916 0.252366334
vn 0.249290854 -0.263873488 0.931785822
v 0.442993492 0.410000026 0.253664047
vn 0.249290854 -0.263873488 0.931785822
f 3571/3571/3571 3572/3572/3572 3573/3573/3573
v 0.438000053 0.405006588 0.253664047
vn 0.217776626 -0.690135241 0.690135241
v 0.438000053 0.401335984 0.249993443
vn 0.217776626 -0.690135241 0.690135241
v 0.442782164 0.402633697 0.249782130
vn 0.217776626 -0.690135241 0.690135241
f 3574/3574/3574 3575/3575/3575 3576/3576/3576
v 0.438000053 0.405006588 0.253664047
vn 0.217779085 -0.690132797 0.690136850
v 0.442782164 0.402633697 0.249782130
vn 0.217779085 -0.690132797 0.690136850
v 0.442782164 0.405217916 0.252366334
vn 0.217779085 -0.690132797 0.690136850
f 3577/3577/3577 3578/3578/3578 3579/3579/3579
v 0.442782164 0.402633697 0.249782130
vn 0.577351391 -0.577348053 0.577351391
v 0.445366383 0.405217916 0.249782115
vn 0.577351391 -0.577348053 0.577351391
v 0.442782164 0.405217916 0.252366334
vn 0.577351391 -0.577348053 0.577351391
f 3580/3580/3580 3581/3581/3581 3582/3582/3582
v 0.448000014 0.446000010 0.244999990
vn 0.931787968 0.249283463 0.263872921
v 0.446664095 0.450993478 0.245000005
vn 0.931787968 0.249283463 0.263872921
v 0.445366383 0.450782150 0.249782130
vn 0.931787968 0.249283463 0.263872921
f 3583/3583/3583 3584/3584/3584 3585/3585/3585
v 0.448000014 0.446000010 0.244999990
vn 0.931788027 0.263872951 0.249283418
v 0.445366383 0.450782150 0.249782130
vn 0.931788027 0.263872951 0.249283418
v 0.446664095 0.446000040 0.249993443
vn 0.931788027 0.263872951 0.249283418
f 3586/3586/3586 3587/3587/3587 3588/3588/3588
v 0.446664095 0.450993478 0.245000005
vn 0.690135002 0.690135002 0.217778683
v 0.442993492 0.454664081 0.245000005
vn 0.690135002 0.690135002 0.217778683
v 0.442782164 0.453366369 0.249782115
vn 0.690135002 0.690135002 0.217778683
f 3589/3589/3589 3590/3590/3590 3591/3591/3591
v 0.446664095 0.450993478 0.245000005
vn 0.690134406 0.690135658 0.217777878
v 0.442782164 0.453366369 0.249782115
vn 0.690134406 0.690135658 0.217777878
v 0.445366383 0.450782150 0.249782130
vn 0.690134406 0.690135658 0.217777878
f 3592/3592/3592 3593/3593/3593 3594/3594/3594
v 0.438000023 0.456000000 0.244999990
vn 0.263873667 0.931787848 0.249283373
v 0.438000053 0.454664081 0.249993443
vn 0.263873667 0.931787848 0.249283373
v 0.442782164 0.453366369 0.249782115
vn 0.263873667 0.931787848 0.249283373
f 3595/3595/3595 3596/3596/3596 3597/3597/3597
v 0.438000023 0.456000000 0.244999990
vn 0.249283433 0.931787729 0.263873696
v 0.442782164 0.453366369 0.249782115
vn 0.249283433 0.931787729 0.263873696
v 0.442993492 0.454664081 0.245000005
vn 0.249283433 0.931787729 0.263873696
f 3598/3598/3598 3599/3599/3599 3600/3600/3600
v 0.438000053 0.454664081 0.249993443
vn 0.217778683 0.690135002 0.690135002
v 0.438000053 0.450993478 0.253664047
vn 0.217778683 0.690135002 0.690135002
v 0.442782164 0.450782150 0.252366334
vn 0.217778683 0.690135002 0.690135002
f 3601/3601/3601 3602/3602/3602 3603/3603/3603
v 0.438000053 0.454664081 0.249993443
vn 0.217778683 0.690134943 0.690134883
v 0.442782164 0.450782150 0.252366334
vn 0.217778683 0.690134943 0.690134883
v 0.442782164 0.453366369 0.249782115
vn 0.217778683 0.690134943 0.690134883
f 3604/3604/3604 3605/3605/3605 3606/3606/3606
v 0.438000023 0.446000010 0.254999995
vn 0.249287874 0.263873547 0.931786597
v 0.442993492 0.446000040 0.253664047
vn 0.249287874 0.263873547 0.931786597
v 0.442782164 0.450782150 0.252366334
vn 0.249287874 0.263873547 0.931786597
f 3607/3607/3607 3608/3608/3608 3609/3609/3609
v 0.438000023 0.446000010 0.254999995
vn 0.263873547 0.249287874 0.931786597
v 0.442782164 0.450782150 0.252366334
vn 0.263873547 0.249287874 0.931786597
v 0.438000053 0.450993478 0.253664047
vn 0.263873547 0.249287874 0.931786597
f 3610/3610/3610 3611/3611/3611 3612/3612/3612
v 0.442993492 0.446000040 0.253664047
vn 0.690135241 0.217776626 0.690135241
v 0.446664095 0.446000040 0.249993443
vn 0.690135241 0.217776626 0.690135241
v 0.445366383 0.450782150 0.249782130
vn 0.690135241 0.217776626 0.690135241
f 3613/3613/3613 3614/3614/3614 3615/3615/3615
v 0.442993492 0.446000040 0.253664047
vn 0.690132797 0.217779085 0.690136850
v 0.445366383 0.450782150 0.249782130
vn 0.690132797 0.217779085 0.690136850
v 0.442782164 0.450782150 0.252366334
vn 0.690132797 0.217779085 0.690136850
f 3616/3616/3616 3617/3617/3617 3618/3618/3618
v 0.445366383 0.450782150 0.249782130
vn 0.577348053 0.577351391 0.577351391
v 0.442782164 0.453366369 0.249782115
vn 0.577348053 0.577351391 0.577351391
v 0.442782164 0.450782150 0.252366334
vn 0.577348053 0.577351391 0.577351391
f 3619/3619/3619 3620/3620/3620 3621/3621/3621
v -0.448000014 0.446000010 0.244999990
vn -0.931787848 0.263873667 0.249283373
v -0.446664095 0.446000040 0.249993443
vn -0.931787848 0.263873667 0.249283373
v -0.445366383 0.450782150 0.249782115
vn -0.931787848 0.263873667 0.249283373
f 3622/3622/3622 3623/3623/3623 3624/3624/3624
v -0.448000014 0.446000010 0.244999990
vn -0.931787729 0.249283433 0.263873696
v -0.445366383 0.450782150 0.249782115
vn -0.931787729 0.249283433 0.263873696
v -0.446664095 0.450993478 0.245000005
vn -0.931787729 0.249283433 0.263873696
f 3625/3625/3625 3626/3626/3626 3627/3627/3627
v -0.446664095 0.446000040 0.249993443
vn -0.690135002 0.217778683 0.690135002
v -0.442993492 0.446000040 0.253664047
vn -0.690135002 0.217778683 0.690135002
v -0.442782164 0.450782150 0.252366334
vn -0.690135002 0.217778683 0.690135002
f 3628/3628/3628 3629/3629/3629 3630/3630/3630
v -0.446664095 0.446000040 0.249993443
vn -0.690134943 0.217778683 0.690134883
v -0.442782164 0.450782150 0.252366334
vn -0.690134943 0.217778683 0.690134883
v -0.445366383 0.450782150 0.249782115
vn -0.690134943 0.217778683 0.690134883
f 3631/3631/3631 3632/3632/3632 3633/3633/3633
v -0.438000023 0.446000010 0.254999995
vn -0.263873547 0.249287874 0.931786597
v -0.438000053 0.450993478 0.253664047
vn -0.263873547 0.249287874 0.931786597
v -0.442782164 0.450782150 0.252366334
vn -0.263873547 0.249287874 0.931786597
f 3634/3634/3634 3635/3635/3635 3636/3636/3636
v -0.438000023 0.446000010 0.254999995
vn -0.249287874 0.263873547 0.931786597
v -0.442782164 0.450782150 0.252366334
vn -0.249287874 0.263873547 0.931786597
v -0.442993492 0.446000040 0.253664047
vn -0.249287874 0.263873547 0.931786597
f 3637/3637/3637 3638/3638/3638 3639/3639/3639
v -0.438000053 0.450993478 0.253664047
vn -0.217776626 0.690135241 0.690135241
v -0.438000053 0.454664081 0.249993443
vn -0.217776626 0.690135241 0.690135241
v -0.442782164 0.453366369 0.249782130
vn -0.217776626 0.690135241 0.690135241
f 3640/3640/3640 3641/3641/3641 3642/3642/3642
v -0.438000053 0.450993478 0.253664047
vn -0.217779085 0.690132797 0.690136850
v -0.442782164 0.453366369 0.249782130
vn -0.217779085 0.690132797 0.690136850
v -0.442782164 0.450782150 0.252366334
vn -0.217779085 0.690132797 0.690136850
f 3643/3643/3643 3644/3644/3644 3645/3645/3645
v -0.438000023 0.456000000 0.244999990
vn -0.249283463 0.931787968 0.263872921
v -0.442993492 0.454664081 0.245000005
vn -0.249283463 0.931787968 0.263872921
v -0.442782164 0.453366369 0.249782130
vn -0.249283463 0.931787968 0.263872921
f 3646/3646/3646 3647/3647/3647 3648/3648/3648
v -0.438000023 0.456000000 0.244999990
vn -0.263872951 0.931788027 0.249283418
v -0.442782164 0.453366369 0.249782130
vn -0.263872951 0.931788027 0.249283418
v -0.438000053 0.454664081 0.249993443
vn -0.263872951 0.931788027 0.249283418
f 3649/3649/3649 3650/3650/3650 3651/3651/3651
v -0.442993492 0.454664081 0.245000005
vn -0.690135002 0.690135002 0.217778683
v -0.446664095 0.450993478 0.245000005
vn -0.690135002 0.690135002 0.217778683
v -0.445366383 0.450782150 0.249782115
vn -0.690135002 0.690135002 0.217778683
f 3652/3652/3652 3653/3653/3653 3654/3654/3654
v -0.442993492 0.454664081 0.245000005
vn -0.690135658 0.690134406 0.217777878
v -0.445366383 0.450782150 0.249782115
vn -0.690135658 0.690134406 0.217777878
v -0.442782164 0.453366369 0.249782130
vn -0.690135658 0.690134406 0.217777878
f 3655/3655/3655 3656/3656/3656 3657/3657/3657
v -0.445366383 0.450782150 0.249782115
vn -0.577351391 0.577348053 0.577351391
v -0.442782164 0.450782150 0.252366334
vn -0.577351391 0.577348053 0.577351391
v -0.442782164 0.453366369 0.249782130
vn -0.577351391 0.577348053 0.577351391
f 3658/3658/3658 3659/3659/3659 3660/3660/3660
v -0.438000023 0.409999996 0.150000006
vn 0.000000000 -0.258455068 -0.966023266
v 0.438000023 0.409999996 0.150000006
vn 0.000000000 -0.258455068 -0.966023266
v 0.438000053 0.405006588 0.151335970
vn 0.000000000 -0.258455068 -0.966023266
f 3661/3661/3661 3662/3662/3662 3663/3663/3663
v -0.438000023 0.409999996 0.150000006
vn 0.000000000 -0.258455068 -0.966023266
v 0.438000053 0.405006588 0.151335970
vn 0.000000000 -0.258455068 -0.966023266
v -0.438000053 0.405006588 0.151335970
vn 0.000000000 -0.258455068 -0.966023266
f 3664/3664/3664 3665/3665/3665 3666/3666/3666
v -0.438000053 0.405006588 0.151335970
vn 0.000000000 -0.707106769 -0.707106769
v 0.438000053 0.405006588 0.151335970
vn 0.000000000 -0.707106769 -0.707106769
v 0.438000053 0.401335984 0.155006573
vn 0.000000000 -0.707106769 -0.707106769
f 3667/3667/3667 3668/3668/3668 3669/3669/3669
v -0.438000053 0.405006588 0.151335970
vn 0.000000000 -0.707106769 -0.707106769
v 0.438000053 0.401335984 0.155006573
vn 0.000000000 -0.707106769 -0.707106769
v -0.438000053 0.401335984 0.155006573
vn 0.000000000 -0.707106769 -0.707106769
f 3670/3670/3670 3671/3671/3671 3672/3672/3672
v -0.438000053 0.401335984 0.155006573
vn 0.000000000 -0.966022968 -0.258456349
v 0.438000053 0.401335984 0.155006573
vn 0.000000000 -0.966022968 -0.258456349
v 0.438000023 0.400000006 0.160000011
vn 0.000000000 -0.966022968 -0.258456349
f 3673/3673/3673 3674/3674/3674 3675/3675/3675
v -0.438000053 0.401335984 0.155006573
vn 0.000000000 -0.966022968 -0.258456349
v 0.438000023 0.400000006 0.160000011
vn 0.000000000 -0.966022968 -0.258456349
v -0.438000023 0.400000006 0.160000011
vn 0.000000000 -0.966022968 -0.258456349
f 3676/3676/3676 3677/3677/3677 3678/3678/3678
v -0.448000014 0.409999996 0.160000011
vn -0.966025770 0.000000000 -0.258445561
v -0.448000014 0.446000010 0.160000011
vn -0.966025770 0.000000000 -0.258445561
v -0.446664095 0.446000040 0.155006573
vn -0.966025770 0.000000000 -0.258445561
f 3679/3679/3679 3680/3680/3680 3681/3681/3681
v -0.448000014 0.409999996 0.160000011
vn -0.966025829 0.000000000 -0.258445561
v -0.446664095 0.446000040 0.155006573
vn -0.966025829 0.000000000 -0.258445561
v -0.446664095 0.410000026 0.155006573
vn -0.966025829 0.000000000 -0.258445561
f 3682/3682/3682 3683/3683/3683 3684/3684/3684
v -0.446664095 0.410000026 0.155006573
vn -0.707106769 0.000000000 -0.707106769
v -0.446664095 0.446000040 0.155006573
vn -0.707106769 0.000000000 -0.707106769
v -0.442993492 0.446000040 0.151335970
vn -0.707106769 0.000000000 -0.707106769
f 3685/3685/3685 3686/3686/3686 3687/3687/3687
v -0.446664095 0.410000026 0.155006573
vn -0.707106769 0.000000000 -0.707106769
v -0.442993492 0.446000040 0.151335970
vn -0.707106769 0.000000000 -0.707106769
v -0.442993492 0.410000026 0.151335970
vn -0.707106769 0.000000000 -0.707106769
f 3688/3688/3688 3689/3689/3689 3690/3690/3690
v -0.442993492 0.410000026 0.151335970
vn -0.258452207 0.000000000 -0.966023982
v -0.442993492 0.446000040 0.151335970
vn -0.258452207 0.000000000 -0.966023982
v -0.438000023 0.446000010 0.150000006
vn -0.258452207 0.000000000 -0.966023982
f 3691/3691/3691 3692/3692/3692 3693/3693/3693
v -0.442993492 0.410000026 0.151335970
vn -0.258452207 0.000000000 -0.966023982
v -0.438000023 0.446000010 0.150000006
vn -0.258452207 0.000000000 -0.966023982
v -0.438000023 0.409999996 0.150000006
vn -0.258452207 0.000000000 -0.966023982
f 3694/3694/3694 3695/3695/3695 3696/3696/3696
v 0.438000023 0.446000010 0.150000006
vn 0.000000000 0.258452207 -0.966024041
v -0.438000023 0.446000010 0.150000006
vn 0.000000000 0.258452207 -0.966024041
v -0.438000053 0.450993478 0.151335970
vn 0.000000000 0.258452207 -0.966024041
f 3697/3697/3697 3698/3698/3698 3699/3699/3699
v 0.438000023 0.446000010 0.150000006
vn 0.000000000 0.258452207 -0.966024041
v -0.438000053 0.450993478 0.151335970
vn 0.000000000 0.258452207 -0.966024041
v 0.438000053 0.450993478 0.151335970
vn 0.000000000 0.258452207 -0.966024041
f 3700/3700/3700 3701/3701/3701 3702/3702/3702
v 0.438000053 0.450993478 0.151335970
vn 0.000000000 0.707106769 -0.707106769
v -0.438000053 0.450993478 0.151335970
vn 0.000000000 0.707106769 -0.707106769
v -0.438000053 0.454664081 0.155006573
vn 0.000000000 0.707106769 -0.707106769
f 3703/3703/3703 3704/3704/3704 3705/3705/3705
v 0.438000053 0.450993478 0.151335970
vn 0.000000000 0.707106769 -0.707106769
v -0.438000053 0.454664081 0.155006573
vn 0.000000000 0.707106769 -0.707106769
v 0.438000053 0.454664081 0.155006573
vn 0.000000000 0.707106769 -0.707106769
f 3706/3706/3706 3707/3707/3707 3708/3708/3708
v 0.438000053 0.454664081 0.155006573
vn 0.000000000 0.966025829 -0.258445591
v -0.438000053 0.454664081 0.155006573
vn 0.000000000 0.966025829 -0.258445591
v -0.438000023 0.456000000 0.160000011
vn 0.000000000 0.966025829 -0.258445591
f 3709/3709/3709 3710/3710/3710 3711/3711/3711
v 0.438000053 0.454664081 0.155006573
vn 0.000000000 0.966025829 -0.258445561
v -0.438000023 0.456000000 0.160000011
vn 0.000000000 0.966025829 -0.258445561
v 0.438000023 0.456000000 0.160000011
vn 0.000000000 0.966025829 -0.258445561
f 3712/3712/3712 3713/3713/3713 3714/3714/3714
v 0.438000023 0.409999996 0.150000006
vn 0.258452207 0.000000000 -0.966023982
v 0.438000023 0.446000010 0.150000006
vn 0.258452207 0.000000000 -0.966023982
v 0.442993492 0.446000040 0.151335970
vn 0.258452207 0.000000000 -0.966023982
f 3715/3715/3715 3716/3716/3716 3717/3717/3717
v 0.438000023 0.409999996 0.150000006
vn 0.258452207 0.000000000 -0.966023982
v 0.442993492 0.446000040 0.151335970
vn 0.258452207 0.000000000 -0.966023982
v 0.442993492 0.410000026 0.151335970
vn 0.258452207 0.000000000 -0.966023982
f 3718/3718/3718 3719/3719/3719 3720/3720/3720
v 0.442993492 0.410000026 0.151335970
vn 0.707106769 0.000000000 -0.707106769
v 0.442993492 0.446000040 0.151335970
vn 0.707106769 0.000000000 -0.707106769
v 0.446664095 0.446000040 0.155006573
vn 0.707106769 0.000000000 -0.707106769
f 3721/3721/3721 3722/3722/3722 3723/3723/3723
v 0.442993492 0.410000026 0.151335970
vn 0.707106769 0.000000000 -0.707106769
v 0.446664095 0.446000040 0.155006573
vn 0.707106769 0.000000000 -0.707106769
v 0.446664095 0.410000026 0.155006573
vn 0.707106769 0.000000000 -0.707106769
f 3724/3724/3724 3725/3725/3725 3726/3726/3726
v 0.446664095 0.410000026 0.155006573
vn 0.966025770 0.000000000 -0.258445561
v 0.446664095 0.446000040 0.155006573
vn 0.966025770 0.000000000 -0.258445561
v 0.448000014 0.446000010 0.160000011
vn 0.966025770 0.000000000 -0.258445561
f 3727/3727/3727 3728/3728/3728 3729/3729/3729
v 0.446664095 0.410000026 0.155006573
vn 0.966025770 0.000000000 -0.258445561
v 0.448000014 0.446000010 0.160000011
vn 0.966025770 0.000000000 -0.258445561
v 0.448000014 0.409999996 0.160000011
vn 0.966025770 0.000000000 -0.258445561
f 3730/3730/3730 3731/3731/3731 3732/3732/3732
v -0.438000023 0.409999996 0.254999995
vn -0.258449525 0.000000000 0.966024816
v -0.438000023 0.446000010 0.254999995
vn -0.258449525 0.000000000 0.966024816
v -0.442993492 0.446000040 0.253664047
vn -0.258449525 0.000000000 0.966024816
f 3733/3733/3733 3734/3734/3734 3735/3735/3735
v -0.438000023 0.409999996 0.254999995
vn -0.258449525 0.000000000 0.966024816
v -0.442993492 0.446000040 0.253664047
vn -0.258449525 0.000000000 0.966024816
v -0.442993492 0.410000026 0.253664047
vn -0.258449525 0.000000000 0.966024816
f 3736/3736/3736 3737/3737/3737 3738/3738/3738
v -0.442993492 0.410000026 0.253664047
vn -0.707106769 0.000000000 0.707106769
v -0.442993492 0.446000040 0.253664047
vn -0.707106769 0.000000000 0.707106769
v -0.446664095 0.446000040 0.249993443
vn -0.707106769 0.000000000 0.707106769
f 3739/3739/3739 3740/3740/3740 3741/3741/3741
v -0.442993492 0.410000026 0.253664047
vn -0.707106769 0.000000000 0.707106769
v -0.446664095 0.446000040 0.249993443
vn -0.707106769 0.000000000 0.707106769
v -0.446664095 0.410000026 0.249993443
vn -0.707106769 0.000000000 0.707106769
f 3742/3742/3742 3743/3743/3743 3744/3744/3744
v -0.446664095 0.410000026 0.249993443
vn -0.966026008 0.000000000 0.258444875
v -0.446664095 0.446000040 0.249993443
vn -0.966026008 0.000000000 0.258444875
v -0.448000014 0.446000010 0.244999990
vn -0.966026008 0.000000000 0.258444875
f 3745/3745/3745 3746/3746/3746 3747/3747/3747
v -0.446664095 0.410000026 0.249993443
vn -0.966026008 0.000000000 0.258444875
v -0.448000014 0.446000010 0.244999990
vn -0.966026008 0.000000000 0.258444875
v -0.448000014 0.409999996 0.244999990
vn -0.966026008 0.000000000 0.258444875
f 3748/3748/3748 3749/3749/3749 3750/3750/3750
v -0.438000023 0.400000006 0.244999990
vn 0.000000000 -0.966023147 0.258455634
v 0.438000023 0.400000006 0.244999990
vn 0.000000000 -0.966023147 0.258455634
v 0.438000053 0.401335984 0.249993443
vn 0.000000000 -0.966023147 0.258455634
f 3751/3751/3751 3752/3752/3752 3753/3753/3753
v -0.438000023 0.400000006 0.244999990
vn 0.000000000 -0.966023147 0.258455634
v 0.438000053 0.401335984 0.249993443
vn 0.000000000 -0.966023147 0.258455634
v -0.438000053 0.401335984 0.249993443
vn 0.000000000 -0.966023147 0.258455634
f 3754/3754/3754 3755/3755/3755 3756/3756/3756
v -0.438000053 0.401335984 0.249993443
vn 0.000000000 -0.707106769 0.707106769
v 0.438000053 0.401335984 0.249993443
vn 0.000000000 -0.707106769 0.707106769
v 0.438000053 0.405006588 0.253664047
vn 0.000000000 -0.707106769 0.707106769
f 3757/3757/3757 3758/3758/3758 3759/3759/3759
v -0.438000053 0.401335984 0.249993443
vn 0.000000000 -0.707106769 0.707106769
v 0.438000053 0.405006588 0.253664047
vn 0.000000000 -0.707106769 0.707106769
v -0.438000053 0.405006588 0.253664047
vn 0.000000000 -0.707106769 0.707106769
f 3760/3760/3760 3761/3761/3761 3762/3762/3762
v -0.438000053 0.405006588 0.253664047
vn 0.000000000 -0.258452415 0.966023982
v 0.438000053 0.405006588 0.253664047
vn 0.000000000 -0.258452415 0.966023982
v 0.438000023 0.409999996 0.254999995
vn 0.000000000 -0.258452415 0.966023982
f 3763/3763/3763 3764/3764/3764 3765/3765/3765
v -0.438000053 0.405006588 0.253664047
vn 0.000000000 -0.258452386 0.966023982
v 0.438000023 0.409999996 0.254999995
vn 0.000000000 -0.258452386 0.966023982
v -0.438000023 0.409999996 0.254999995
vn 0.000000000 -0.258452386 0.966023982
f 3766/3766/3766 3767/3767/3767 3768/3768/3768
v 0.448000014 0.409999996 0.244999990
vn 0.966026008 -0.000000000 0.258444875
v 0.448000014 0.446000010 0.244999990
vn 0.966026008 -0.000000000 0.258444875
v 0.446664095 0.446000040 0.249993443
vn 0.966026008 -0.000000000 0.258444875
f 3769/3769/3769 3770/3770/3770 3771/3771/3771
v 0.448000014 0.409999996 0.244999990
vn 0.966026008 0.000000000 0.258444846
v 0.446664095 0.446000040 0.249993443
vn 0.966026008 0.000000000 0.258444846
v 0.446664095 0.410000026 0.249993443
vn 0.966026008 0.000000000 0.258444846
f 3772/3772/3772 3773/3773/3773 3774/3774/3774
v 0.446664095 0.410000026 0.249993443
vn 0.707106769 -0.000000000 0.707106769
v 0.446664095 0.446000040 0.249993443
vn 0.707106769 -0.000000000 0.707106769
v 0.442993492 0.446000040 0.253664047
vn 0.707106769 -0.000000000 0.707106769
f 3775/3775/3775 3776/3776/3776 3777/3777/3777
v 0.446664095 0.410000026 0.249993443
vn 0.707106769 0.000000000 0.707106769
v 0.442993492 0.446000040 0.253664047
vn 0.707106769 0.000000000 0.707106769
v 0.442993492 0.410000026 0.253664047
vn 0.707106769 0.000000000 0.707106769
f 3778/3778/3778 3779/3779/3779 3780/3780/3780
v 0.442993492 0.410000026 0.253664047
vn 0.258449525 -0.000000000 0.966024816
v 0.442993492 0.446000040 0.253664047
vn 0.258449525 -0.000000000 0.966024816
v 0.438000023 0.446000010 0.254999995
vn 0.258449525 -0.000000000 0.966024816
f 3781/3781/3781 3782/3782/3782 3783/3783/3783
v 0.442993492 0.410000026 0.253664047
vn 0.258449525 0.000000000 0.966024816
v 0.438000023 0.446000010 0.254999995
vn 0.258449525 0.000000000 0.966024816
v 0.438000023 0.409999996 0.254999995
vn 0.258449525 0.000000000 0.966024816
f 3784/3784/3784 3785/3785/3785 3786/3786/3786
v 0.438000023 0.456000000 0.244999990
vn 0.000000000 0.966026008 0.258444846
v -0.438000023 0.456000000 0.244999990
vn 0.000000000 0.966026008 0.258444846
v -0.438000053 0.454664081 0.249993443
vn 0.000000000 0.966026008 0.258444846
f 3787/3787/3787 3788/3788/3788 3789/3789/3789
v 0.438000023 0.456000000 0.244999990
vn 0.000000000 0.966026008 0.258444846
v -0.438000053 0.454664081 0.249993443
vn 0.000000000 0.966026008 0.258444846
v 0.438000053 0.454664081 0.249993443
vn 0.000000000 0.966026008 0.258444846
f 3790/3790/3790 3791/3791/3791 3792/3792/3792
v 0.438000053 0.454664081 0.249993443
vn 0.000000000 0.707106769 0.707106769
v -0.438000053 0.454664081 0.249993443
vn 0.000000000 0.707106769 0.707106769
v -0.438000053 0.450993478 0.253664047
vn 0.000000000 0.707106769 0.707106769
f 3793/3793/3793 3794/3794/3794 3795/3795/3795
v 0.438000053 0.454664081 0.249993443
vn 0.000000000 0.707106769 0.707106769
v -0.438000053 0.450993478 0.253664047
vn 0.000000000 0.707106769 0.707106769
v 0.438000053 0.450993478 0.253664047
vn 0.000000000 0.707106769 0.707106769
f 3796/3796/3796 3797/3797/3797 3798/3798/3798
v 0.438000053 0.450993478 0.253664047
vn 0.000000000 0.258449495 0.966024756
v -0.438000053 0.450993478 0.253664047
vn 0.000000000 0.258449495 0.966024756
v -0.438000023 0.446000010 0.254999995
vn 0.000000000 0.258449495 0.966024756
f 3799/3799/3799 3800/3800/3800 3801/3801/3801
v 0.438000053 0.450993478 0.253664047
vn 0.000000000 0.258449495 0.966024697
v -0.438000023 0.446000010 0.254999995
vn 0.000000000 0.258449495 0.966024697
v 0.438000023 0.446000010 0.254999995
vn 0.000000000 0.258449495 0.966024697
f 3802/3802/3802 3803/3803/3803 3804/3804/3804
v -0.438000023 0.400000006 0.160000011
vn -0.258454919 -0.966023326 0.000000000
v -0.438000023 0.400000006 0.244999990
vn -0.258454919 -0.966023326 0.000000000
v -0.442993492 0.401335984 0.245000005
vn -0.258454919 -0.966023326 0.000000000
f 3805/3805/3805 3806/3806/3806 3807/3807/3807
v -0.438000023 0.400000006 0.160000011
vn -0.258454919 -0.966023386 0.000000000
v -0.442993492 0.401335984 0.245000005
vn -0.258454919 -0.966023386 0.000000000
v -0.442993492 0.401335984 0.160000011
vn -0.258454919 -0.966023386 0.000000000
f 3808/3808/3808 3809/3809/3809 3810/3810/3810
v -0.442993492 0.401335984 0.160000011
vn -0.707106769 -0.707106769 0.000000000
v -0.442993492 0.401335984 0.245000005
vn -0.707106769 -0.707106769 0.000000000
v -0.446664095 0.405006588 0.245000005
vn -0.707106769 -0.707106769 0.000000000
f 3811/3811/3811 3812/3812/3812 3813/3813/3813
v -0.442993492 0.401335984 0.160000011
vn -0.707106769 -0.707106769 0.000000000
v -0.446664095 0.405006588 0.245000005
vn -0.707106769 -0.707106769 0.000000000
v -0.446664095 0.405006588 0.160000011
vn -0.707106769 -0.707106769 0.000000000
f 3814/3814/3814 3815/3815/3815 3816/3816/3816
v -0.446664095 0.405006588 0.160000011
vn -0.966025472 -0.258447021 0.000000000
v -0.446664095 0.405006588 0.245000005
vn -0.966025472 -0.258447021 0.000000000
v -0.448000014 0.409999996 0.244999990
vn -0.966025472 -0.258447021 0.000000000
f 3817/3817/3817 3818/3818/3818 3819/3819/3819
v -0.446664095 0.405006588 0.160000011
vn -0.966025472 -0.258447021 0.000000000
v -0.448000014 0.409999996 0.244999990
vn -0.966025472 -0.258447021 0.000000000
v -0.448000014 0.409999996 0.160000011
vn -0.966025472 -0.258447021 0.000000000
f 3820/3820/3820 3821/3821/3821 3822/3822/3822
v 0.448000014 0.409999996 0.160000011
vn 0.966025472 -0.258447021 0.000000000
v 0.448000014 0.409999996 0.244999990
vn 0.966025472 -0.258447021 0.000000000
v 0.446664095 0.405006588 0.245000005
vn 0.966025472 -0.258447021 0.000000000
f 3823/3823/3823 3824/3824/3824 3825/3825/3825
v 0.448000014 0.409999996 0.160000011
vn 0.966025472 -0.258447021 0.000000000
v 0.446664095 0.405006588 0.245000005
vn 0.966025472 -0.258447021 0.000000000
v 0.446664095 0.405006588 0.160000011
vn 0.966025472 -0.258447021 0.000000000
f 3826/3826/3826 3827/3827/3827 3828/3828/3828
v 0.446664095 0.405006588 0.160000011
vn 0.707106769 -0.707106769 0.000000000
v 0.446664095 0.405006588 0.245000005
vn 0.707106769 -0.707106769 0.000000000
v 0.442993492 0.401335984 0.245000005
vn 0.707106769 -0.707106769 0.000000000
f 3829/3829/3829 3830/3830/3830 3831/3831/3831
v 0.446664095 0.405006588 0.160000011
vn 0.707106769 -0.707106769 0.000000000
v 0.442993492 0.401335984 0.245000005
vn 0.707106769 -0.707106769 0.000000000
v 0.442993492 0.401335984 0.160000011
vn 0.707106769 -0.707106769 0.000000000
f 3832/3832/3832 3833/3833/3833 3834/3834/3834
v 0.442993492 0.401335984 0.160000011
vn 0.258454919 -0.966023386 0.000000000
v 0.442993492 0.401335984 0.245000005
vn 0.258454919 -0.966023386 0.000000000
v 0.438000023 0.400000006 0.244999990
vn 0.258454919 -0.966023386 0.000000000
f 3835/3835/3835 3836/3836/3836 3837/3837/3837
v 0.442993492 0.401335984 0.160000011
vn 0.258454919 -0.966023326 0.000000000
v 0.438000023 0.400000006 0.244999990
vn 0.258454919 -0.966023326 0.000000000
v 0.438000023 0.400000006 0.160000011
vn 0.258454919 -0.966023326 0.000000000
f 3838/3838/3838 3839/3839/3839 3840/3840/3840
v 0.438000023 0.456000000 0.160000011
vn 0.258444130 0.966026187 -0.000000000
v 0.438000023 0.456000000 0.244999990
vn 0.258444130 0.966026187 -0.000000000
v 0.442993492 0.454664081 0.245000005
vn 0.258444130 0.966026187 -0.000000000
f 3841/3841/3841 3842/3842/3842 3843/3843/3843
v 0.438000023 0.456000000 0.160000011
vn 0.258444130 0.966026187 0.000000000
v 0.442993492 0.454664081 0.245000005
vn 0.258444130 0.966026187 0.000000000
v 0.442993492 0.454664081 0.160000011
vn 0.258444130 0.966026187 0.000000000
f 3844/3844/3844 3845/3845/3845 3846/3846/3846
v 0.442993492 0.454664081 0.160000011
vn 0.707106769 0.707106769 -0.000000000
v 0.442993492 0.454664081 0.245000005
vn 0.707106769 0.707106769 -0.000000000
v 0.446664095 0.450993478 0.245000005
vn 0.707106769 0.707106769 -0.000000000
f 3847/3847/3847 3848/3848/3848 3849/3849/3849
v 0.442993492 0.454664081 0.160000011
vn 0.707106769 0.707106769 0.000000000
v 0.446664095 0.450993478 0.245000005
vn 0.707106769 0.707106769 0.000000000
v 0.446664095 0.450993478 0.160000011
vn 0.707106769 0.707106769 0.000000000
f 3850/3850/3850 3851/3851/3851 3852/3852/3852
v 0.446664095 0.450993478 0.160000011
vn 0.966026187 0.258444130 -0.000000000
v 0.446664095 0.450993478 0.245000005
vn 0.966026187 0.258444130 -0.000000000
v 0.448000014 0.446000010 0.244999990
vn 0.966026187 0.258444130 -0.000000000
f 3853/3853/3853 3854/3854/3854 3855/3855/3855
v 0.446664095 0.450993478 0.160000011
vn 0.966026187 0.258444130 0.000000000
v 0.448000014 0.446000010 0.244999990
vn 0.966026187 0.258444130 0.000000000
v 0.448000014 0.446000010 0.160000011
vn 0.966026187 0.258444130 0.000000000
f 3856/3856/3856 3857/3857/3857 3858/3858/3858
v -0.448000014 0.446000010 0.160000011
vn -0.966026187 0.258444130 0.000000000
v -0.448000014 0.446000010 0.244999990
vn -0.966026187 0.258444130 0.000000000
v -0.446664095 0.450993478 0.245000005
vn -0.966026187 0.258444130 0.000000000
f 3859/3859/3859 3860/3860/3860 3861/3861/3861
v -0.448000014 0.446000010 0.160000011
vn -0.966026187 0.258444130 0.000000000
v -0.446664095 0.450993478 0.245000005
vn -0.966026187 0.258444130 0.000000000
v -0.446664095 0.450993478 0.160000011
vn -0.966026187 0.258444130 0.000000000
f 3862/3862/3862 3863/3863/3863 3864/3864/3864
v -0.446664095 0.450993478 0.160000011
vn -0.707106769 0.707106769 0.000000000
v -0.446664095 0.450993478 0.245000005
vn -0.707106769 0.707106769 0.000000000
v -0.442993492 0.454664081 0.245000005
vn -0.707106769 0.707106769 0.000000000
f 3865/3865/3865 3866/3866/3866 3867/3867/3867
v -0.446664095 0.450993478 0.160000011
vn -0.707106769 0.707106769 0.000000000
v -0.442993492 0.454664081 0.245000005
vn -0.707106769 0.707106769 0.000000000
v -0.442993492 0.454664081 0.160000011
vn -0.707106769 0.707106769 0.000000000
f 3868/3868/3868 3869/3869/3869 3870/3870/3870
v -0.442993492 0.454664081 0.160000011
vn -0.258444130 0.966026187 0.000000000
v -0.442993492 0.454664081 0.245000005
vn -0.258444130 0.966026187 0.000000000
v -0.438000023 0.456000000 0.244999990
vn -0.258444130 0.966026187 0.000000000
f 3871/3871/3871 3872/3872/3872 3873/3873/3873
v -0.442993492 0.454664081 0.160000011
vn -0.258444130 0.966026187 0.000000000
v -0.438000023 0.456000000 0.244999990
vn -0.258444130 0.966026187 0.000000000
v -0.438000023 0.456000000 0.160000011
vn -0.258444130 0.966026187 0.000000000
f 3874/3874/3874 3875/3875/3875 3876/3876/3876
v -0.438000023 0.400000006 0.160000011
vn 0.000000000 -1.000000000 0.000000000
v 0.438000023 0.400000006 0.160000011
vn 0.000000000 -1.000000000 0.000000000
v 0.438000023 0.400000006 0.244999990
vn 0.000000000 -1.000000000 0.000000000
f 3877/3877/3877 3878/3878/3878 3879/3879/3879
v -0.438000023 0.400000006 0.160000011
vn 0.000000000 -1.000000000 0.000000000
v 0.438000023 0.400000006 0.244999990
vn 0.000000000 -1.000000000 0.000000000
v -0.438000023 0.400000006 0.244999990
vn 0.000000000 -1.000000000 0.000000000
f 3880/3880/3880 3881/3881/3881 3882/3882/3882
v -0.438000023 0.409999996 0.150000006
vn 0.000000000 0.000000000 -1.000000000
v -0.438000023 0.446000010 0.150000006
vn 0.000000000 0.000000000 -1.000000000
v 0.438000023 0.446000010 0.150000006
vn 0.000000000 0.000000000 -1.000000000
f 3883/3883/3883 3884/3884/3884 3885/3885/3885
v -0.438000023 0.409999996 0.150000006
vn 0.000000000 0.000000000 -1.000000000
v 0.438000023 0.446000010 0.150000006
vn 0.000000000 0.000000000 -1.000000000
v 0.438000023 0.409999996 0.150000006
vn 0.000000000 0.000000000 -1.000000000
f 3886/3886/3886 3887/3887/3887 3888/3888/3888
v -0.448000014 0.446000010 0.160000011
vn -1.000000000 0.000000000 0.000000000
v -0.448000014 0.409999996 0.160000011
vn -1.000000000 0.000000000 0.000000000
v -0.448000014 0.409999996 0.244999990
vn -1.000000000 0.000000000 0.000000000
f 3889/3889/3889 3890/3890/3890 3891/3891/3891
v -0.448000014 0.446000010 0.160000011
vn -1.000000000 0.000000000 0.000000000
v -0.448000014 0.409999996 0.244999990
vn -1.000000000 0.000000000 0.000000000
v -0.448000014 0.446000010 0.244999990
vn -1.000000000 0.000000000 0.000000000
f 3892/3892/3892 3893/3893/3893 3894/3894/3894
v 0.448000014 0.409999996 0.160000011
vn 1.000000000 0.000000000 0.000000000
v 0.448000014 0.446000010 0.160000011
vn 1.000000000 0.000000000 0.000000000
v 0.448000014 0.446000010 0.244999990
vn 1.000000000 0.000000000 0.000000000
f 3895/3895/3895 3896/3896/3896 3897/3897/3897
v 0.448000014 0.409999996 0.160000011
vn 1.000000000 0.000000000 0.000000000
v 0.448000014 0.446000010 0.244999990
vn 1.000000000 0.000000000 0.000000000
v 0.448000014 0.409999996 0.244999990
vn 1.000000000 0.000000000 0.000000000
f 3898/3898/3898 3899/3899/3899 3900/3900/3900
v 0.438000023 0.456000000 0.160000011
vn 0.000000000 1.000000000 0.000000000
v -0.438000023 0.456000000 0.160000011
vn 0.000000000 1.000000000 0.000000000
v -0.438000023 0.456000000 0.244999990
vn 0.000000000 1.000000000 0.000000000
f 3901/3901/3901 3902/3902/3902 3903/3903/3903
v 0.438000023 0.456000000 0.160000011
vn 0.000000000 1.000000000 -0.000000000
v -0.438000023 0.456000000 0.244999990
vn 0.000000000 1.000000000 -0.000000000
v 0.438000023 0.456000000 0.244999990
vn 0.000000000 1.000000000 -0.000000000
f 3904/3904/3904 3905/3905/3905 3906/3906/3906
v -0.438000023 0.409999996 0.254999995
vn 0.000000000 0.000000000 1.000000000
v 0.438000023 0.409999996 0.254999995
vn 0.000000000 0.000000000 1.000000000
v 0.438000023 0.446000010 0.254999995
vn 0.000000000 0.000000000 1.000000000
f 3907/3907/3907 3908/3908/3908 3909/3909/3909
v -0.438000023 0.409999996 0.254999995
vn 0.000000000 0.000000000 1.000000000
v 0.438000023 0.446000010 0.254999995
vn 0.000000000 0.000000000 1.000000000
v -0.438000023 0.446000010 0.254999995
vn 0.000000000 0.000000000 1.000000000
f 3910/3910/3910 3911/3911/3911 3912/3912/3912
o Victorian_5_|_rounded_seat_cushion_0
usemtl UV_Base
v -0.284999996 -0.215000004 0.368772000
vn -0.249292284 -0.931785583 -0.263873011
v -0.302477032 -0.210324153 0.368772000
vn -0.249292284 -0.931785583 -0.263873011
v -0.301737398 -0.205782160 0.352034599
vn -0.249292284 -0.931785583 -0.263873011
f 3913/3913/3913 3914/3914/3914 3915/3915/3915
v -0.284999996 -0.215000004 0.368772000
vn -0.263873011 -0.931785583 -0.249292284
v -0.301737398 -0.205782160 0.352034599
vn -0.263873011 -0.931785583 -0.249292284
v -0.284999996 -0.210324153 0.351294965
vn -0.263873011 -0.931785583 -0.249292284
f 3916/3916/3916 3917/3917/3917 3918/3918/3918
v -0.302477032 -0.210324153 0.368772000
vn -0.690135121 -0.690135121 -0.217777908
v -0.315324128 -0.197477058 0.368772000
vn -0.690135121 -0.690135121 -0.217777908
v -0.310782135 -0.196737424 0.352034599
vn -0.690135121 -0.690135121 -0.217777908
f 3919/3919/3919 3920/3920/3920 3921/3921/3921
v -0.302477032 -0.210324153 0.368772000
vn -0.690135062 -0.690135062 -0.217777893
v -0.310782135 -0.196737424 0.352034599
vn -0.690135062 -0.690135062 -0.217777893
v -0.301737398 -0.205782160 0.352034599
vn -0.690135062 -0.690135062 -0.217777893
f 3922/3922/3922 3923/3923/3923 3924/3924/3924
v -0.319999993 -0.180000007 0.368772000
vn -0.931785464 -0.263873041 -0.249292821
v -0.315324128 -0.180000022 0.351294965
vn -0.931785464 -0.263873041 -0.249292821
v -0.310782135 -0.196737424 0.352034599
vn -0.931785464 -0.263873041 -0.249292821
f 3925/3925/3925 3926/3926/3926 3927/3927/3927
v -0.319999993 -0.180000007 0.368772000
vn -0.931785524 -0.249292821 -0.263873041
v -0.310782135 -0.196737424 0.352034599
vn -0.931785524 -0.249292821 -0.263873041
v -0.315324128 -0.197477058 0.368772000
vn -0.931785524 -0.249292821 -0.263873041
f 3928/3928/3928 3929/3929/3929 3930/3930/3930
v -0.315324128 -0.180000022 0.351294965
vn -0.690135121 -0.217777908 -0.690135121
v -0.302477032 -0.180000022 0.338447869
vn -0.690135121 -0.217777908 -0.690135121
v -0.301737398 -0.196737424 0.342989862
vn -0.690135121 -0.217777908 -0.690135121
f 3931/3931/3931 3932/3932/3932 3933/3933/3933
v -0.315324128 -0.180000022 0.351294965
vn -0.690135062 -0.217777893 -0.690135062
v -0.301737398 -0.196737424 0.342989862
vn -0.690135062 -0.217777893 -0.690135062
v -0.310782135 -0.196737424 0.352034599
vn -0.690135062 -0.217777893 -0.690135062
f 3934/3934/3934 3935/3935/3935 3936/3936/3936
v -0.284999996 -0.180000007 0.333772004
vn -0.263873041 -0.249292821 -0.931785524
v -0.284999996 -0.197477058 0.338447869
vn -0.263873041 -0.249292821 -0.931785524
v -0.301737398 -0.196737424 0.342989862
vn -0.263873041 -0.249292821 -0.931785524
f 3937/3937/3937 3938/3938/3938 3939/3939/3939
v -0.284999996 -0.180000007 0.333772004
vn -0.249292821 -0.263873041 -0.931785464
v -0.301737398 -0.196737424 0.342989862
vn -0.249292821 -0.263873041 -0.931785464
v -0.302477032 -0.180000022 0.338447869
vn -0.249292821 -0.263873041 -0.931785464
f 3940/3940/3940 3941/3941/3941 3942/3942/3942
v -0.284999996 -0.197477058 0.338447869
vn -0.217777908 -0.690135121 -0.690135121
v -0.284999996 -0.210324153 0.351294965
vn -0.217777908 -0.690135121 -0.690135121
v -0.301737398 -0.205782160 0.352034599
vn -0.217777908 -0.690135121 -0.690135121
f 3943/3943/3943 3944/3944/3944 3945/3945/3945
v -0.284999996 -0.197477058 0.338447869
vn -0.217777893 -0.690135062 -0.690135062
v -0.301737398 -0.205782160 0.352034599
vn -0.217777893 -0.690135062 -0.690135062
v -0.301737398 -0.196737424 0.342989862
vn -0.217777893 -0.690135062 -0.690135062
f 3946/3946/3946 3947/3947/3947 3948/3948/3948
v -0.301737398 -0.205782160 0.352034599
vn -0.577350318 -0.577350318 -0.577350318
v -0.310782135 -0.196737424 0.352034599
vn -0.577350318 -0.577350318 -0.577350318
v -0.301737398 -0.196737424 0.342989862
vn -0.577350318 -0.577350318 -0.577350318
f 3949/3949/3949 3950/3950/3950 3951/3951/3951
v 0.284999996 -0.215000004 0.368772000
vn 0.263873011 -0.931785583 -0.249292284
v 0.284999996 -0.210324153 0.351294965
vn 0.263873011 -0.931785583 -0.249292284
v 0.301737398 -0.205782160 0.352034599
vn 0.263873011 -0.931785583 -0.249292284
f 3952/3952/3952 3953/3953/3953 3954/3954/3954
v 0.284999996 -0.215000004 0.368772000
vn 0.249292284 -0.931785583 -0.263873011
v 0.301737398 -0.205782160 0.352034599
vn 0.249292284 -0.931785583 -0.263873011
v 0.302477032 -0.210324153 0.368772000
vn 0.249292284 -0.931785583 -0.263873011
f 3955/3955/3955 3956/3956/3956 3957/3957/3957
v 0.284999996 -0.210324153 0.351294965
vn 0.217777908 -0.690135121 -0.690135121
v 0.284999996 -0.197477058 0.338447869
vn 0.217777908 -0.690135121 -0.690135121
v 0.301737398 -0.196737424 0.342989862
vn 0.217777908 -0.690135121 -0.690135121
f 3958/3958/3958 3959/3959/3959 3960/3960/3960
v 0.284999996 -0.210324153 0.351294965
vn 0.217777893 -0.690135062 -0.690135062
v 0.301737398 -0.196737424 0.342989862
vn 0.217777893 -0.690135062 -0.690135062
v 0.301737398 -0.205782160 0.352034599
vn 0.217777893 -0.690135062 -0.690135062
f 3961/3961/3961 3962/3962/3962 3963/3963/3963
v 0.284999996 -0.180000007 0.333772004
vn 0.249292821 -0.263873041 -0.931785464
v 0.302477032 -0.180000022 0.338447869
vn 0.249292821 -0.263873041 -0.931785464
v 0.301737398 -0.196737424 0.342989862
vn 0.249292821 -0.263873041 -0.931785464
f 3964/3964/3964 3965/3965/3965 3966/3966/3966
v 0.284999996 -0.180000007 0.333772004
vn 0.263873041 -0.249292821 -0.931785524
v 0.301737398 -0.196737424 0.342989862
vn 0.263873041 -0.249292821 -0.931785524
v 0.284999996 -0.197477058 0.338447869
vn 0.263873041 -0.249292821 -0.931785524
f 3967/3967/3967 3968/3968/3968 3969/3969/3969
v 0.302477032 -0.180000022 0.338447869
vn 0.690135121 -0.217777908 -0.690135121
v 0.315324128 -0.180000022 0.351294965
vn 0.690135121 -0.217777908 -0.690135121
v 0.310782135 -0.196737424 0.352034599
vn 0.690135121 -0.217777908 -0.690135121
f 3970/3970/3970 3971/3971/3971 3972/3972/3972
v 0.302477032 -0.180000022 0.338447869
vn 0.690135062 -0.217777893 -0.690135062
v 0.310782135 -0.196737424 0.352034599
vn 0.690135062 -0.217777893 -0.690135062
v 0.301737398 -0.196737424 0.342989862
vn 0.690135062 -0.217777893 -0.690135062
f 3973/3973/3973 3974/3974/3974 3975/3975/3975
v 0.319999993 -0.180000007 0.368772000
vn 0.931785524 -0.249292821 -0.263873041
v 0.315324128 -0.197477058 0.368772000
vn 0.931785524 -0.249292821 -0.263873041
v 0.310782135 -0.196737424 0.352034599
vn 0.931785524 -0.249292821 -0.263873041
f 3976/3976/3976 3977/3977/3977 3978/3978/3978
v 0.319999993 -0.180000007 0.368772000
vn 0.931785464 -0.263873041 -0.249292821
v 0.310782135 -0.196737424 0.352034599
vn 0.931785464 -0.263873041 -0.249292821
v 0.315324128 -0.180000022 0.351294965
vn 0.931785464 -0.263873041 -0.249292821
f 3979/3979/3979 3980/3980/3980 3981/3981/3981
v 0.315324128 -0.197477058 0.368772000
vn 0.690135121 -0.690135121 -0.217777908
v 0.302477032 -0.210324153 0.368772000
vn 0.690135121 -0.690135121 -0.217777908
v 0.301737398 -0.205782160 0.352034599
vn 0.690135121 -0.690135121 -0.217777908
f 3982/3982/3982 3983/3983/3983 3984/3984/3984
v 0.315324128 -0.197477058 0.368772000
vn 0.690135062 -0.690135062 -0.217777893
v 0.301737398 -0.205782160 0.352034599
vn 0.690135062 -0.690135062 -0.217777893
v 0.310782135 -0.196737424 0.352034599
vn 0.690135062 -0.690135062 -0.217777893
f 3985/3985/3985 3986/3986/3986 3987/3987/3987
v 0.301737398 -0.205782160 0.352034599
vn 0.577350318 -0.577350318 -0.577350318
v 0.301737398 -0.196737424 0.342989862
vn 0.577350318 -0.577350318 -0.577350318
v 0.310782135 -0.196737424 0.352034599
vn 0.577350318 -0.577350318 -0.577350318
f 3988/3988/3988 3989/3989/3989 3990/3990/3990
v 0.284999996 0.425000012 0.368772000
vn 0.249293029 0.931785464 -0.263873041
v 0.302477032 0.420324147 0.368772000
vn 0.249293029 0.931785464 -0.263873041
v 0.301737398 0.415782154 0.352034599
vn 0.249293029 0.931785464 -0.263873041
f 3991/3991/3991 3992/3992/3992 3993/3993/3993
v 0.284999996 0.425000012 0.368772000
vn 0.263873041 0.931785464 -0.249293029
v 0.301737398 0.415782154 0.352034599
vn 0.263873041 0.931785464 -0.249293029
v 0.284999996 0.420324147 0.351294965
vn 0.263873041 0.931785464 -0.249293029
f 3994/3994/3994 3995/3995/3995 3996/3996/3996
v 0.302477032 0.420324147 0.368772000
vn 0.690135121 0.690135121 -0.217777908
v 0.315324128 0.407477051 0.368772000
vn 0.690135121 0.690135121 -0.217777908
v 0.310782135 0.406737417 0.352034599
vn 0.690135121 0.690135121 -0.217777908
f 3997/3997/3997 3998/3998/3998 3999/3999/3999
v 0.302477032 0.420324147 0.368772000
vn 0.690135062 0.690135062 -0.217777893
v 0.310782135 0.406737417 0.352034599
vn 0.690135062 0.690135062 -0.217777893
v 0.301737398 0.415782154 0.352034599
vn 0.690135062 0.690135062 -0.217777893
f 4000/4000/4000 4001/4001/4001 4002/4002/4002
v 0.319999993 0.390000015 0.368772000
vn 0.931785464 0.263873041 -0.249293029
v 0.315324128 0.390000015 0.351294965
vn 0.931785464 0.263873041 -0.249293029
v 0.310782135 0.406737417 0.352034599
vn 0.931785464 0.263873041 -0.249293029
f 4003/4003/4003 4004/4004/4004 4005/4005/4005
v 0.319999993 0.390000015 0.368772000
vn 0.931785464 0.249293029 -0.263873041
v 0.310782135 0.406737417 0.352034599
vn 0.931785464 0.249293029 -0.263873041
v 0.315324128 0.407477051 0.368772000
vn 0.931785464 0.249293029 -0.263873041
f 4006/4006/4006 4007/4007/4007 4008/4008/4008
v 0.315324128 0.390000015 0.351294965
vn 0.690135121 0.217777908 -0.690135121
v 0.302477032 0.390000015 0.338447869
vn 0.690135121 0.217777908 -0.690135121
v 0.301737398 0.406737417 0.342989862
vn 0.690135121 0.217777908 -0.690135121
f 4009/4009/4009 4010/4010/4010 4011/4011/4011
v 0.315324128 0.390000015 0.351294965
vn 0.690135062 0.217777893 -0.690135062
v 0.301737398 0.406737417 0.342989862
vn 0.690135062 0.217777893 -0.690135062
v 0.310782135 0.406737417 0.352034599
vn 0.690135062 0.217777893 -0.690135062
f 4012/4012/4012 4013/4013/4013 4014/4014/4014
v 0.284999996 0.390000015 0.333772004
vn 0.263873041 0.249293029 -0.931785464
v 0.284999996 0.407477051 0.338447869
vn 0.263873041 0.249293029 -0.931785464
v 0.301737398 0.406737417 0.342989862
vn 0.263873041 0.249293029 -0.931785464
f 4015/4015/4015 4016/4016/4016 4017/4017/4017
v 0.284999996 0.390000015 0.333772004
vn 0.249293029 0.263873041 -0.931785464
v 0.301737398 0.406737417 0.342989862
vn 0.249293029 0.263873041 -0.931785464
v 0.302477032 0.390000015 0.338447869
vn 0.249293029 0.263873041 -0.931785464
f 4018/4018/4018 4019/4019/4019 4020/4020/4020
v 0.284999996 0.407477051 0.338447869
vn 0.217777908 0.690135121 -0.690135121
v 0.284999996 0.420324147 0.351294965
vn 0.217777908 0.690135121 -0.690135121
v 0.301737398 0.415782154 0.352034599
vn 0.217777908 0.690135121 -0.690135121
f 4021/4021/4021 4022/4022/4022 4023/4023/4023
v 0.284999996 0.407477051 0.338447869
vn 0.217777893 0.690135062 -0.690135062
v 0.301737398 0.415782154 0.352034599
vn 0.217777893 0.690135062 -0.690135062
v 0.301737398 0.406737417 0.342989862
vn 0.217777893 0.690135062 -0.690135062
f 4024/4024/4024 4025/4025/4025 4026/4026/4026
v 0.301737398 0.415782154 0.352034599
vn 0.577350318 0.577350318 -0.577350318
v 0.310782135 0.406737417 0.352034599
vn 0.577350318 0.577350318 -0.577350318
v 0.301737398 0.406737417 0.342989862
vn 0.577350318 0.577350318 -0.577350318
f 4027/4027/4027 4028/4028/4028 4029/4029/4029
v -0.319999993 0.390000015 0.368772000
vn -0.931785464 0.249293029 -0.263873041
v -0.315324128 0.407477051 0.368772000
vn -0.931785464 0.249293029 -0.263873041
v -0.310782135 0.406737417 0.352034599
vn -0.931785464 0.249293029 -0.263873041
f 4030/4030/4030 4031/4031/4031 4032/4032/4032
v -0.319999993 0.390000015 0.368772000
vn -0.931785464 0.263873041 -0.249293029
v -0.310782135 0.406737417 0.352034599
vn -0.931785464 0.263873041 -0.249293029
v -0.315324128 0.390000015 0.351294965
vn -0.931785464 0.263873041 -0.249293029
f 4033/4033/4033 4034/4034/4034 4035/4035/4035
v -0.315324128 0.407477051 0.368772000
vn -0.690135121 0.690135121 -0.217777908
v -0.302477032 0.420324147 0.368772000
vn -0.690135121 0.690135121 -0.217777908
v -0.301737398 0.415782154 0.352034599
vn -0.690135121 0.690135121 -0.217777908
f 4036/4036/4036 4037/4037/4037 4038/4038/4038
v -0.315324128 0.407477051 0.368772000
vn -0.690135062 0.690135062 -0.217777893
v -0.301737398 0.415782154 0.352034599
vn -0.690135062 0.690135062 -0.217777893
v -0.310782135 0.406737417 0.352034599
vn -0.690135062 0.690135062 -0.217777893
f 4039/4039/4039 4040/4040/4040 4041/4041/4041
v -0.284999996 0.425000012 0.368772000
vn -0.263873041 0.931785464 -0.249293029
v -0.284999996 0.420324147 0.351294965
vn -0.263873041 0.931785464 -0.249293029
v -0.301737398 0.415782154 0.352034599
vn -0.263873041 0.931785464 -0.249293029
f 4042/4042/4042 4043/4043/4043 4044/4044/4044
v -0.284999996 0.425000012 0.368772000
vn -0.249293029 0.931785464 -0.263873041
v -0.301737398 0.415782154 0.352034599
vn -0.249293029 0.931785464 -0.263873041
v -0.302477032 0.420324147 0.368772000
vn -0.249293029 0.931785464 -0.263873041
f 4045/4045/4045 4046/4046/4046 4047/4047/4047
v -0.284999996 0.420324147 0.351294965
vn -0.217777908 0.690135121 -0.690135121
v -0.284999996 0.407477051 0.338447869
vn -0.217777908 0.690135121 -0.690135121
v -0.301737398 0.406737417 0.342989862
vn -0.217777908 0.690135121 -0.690135121
f 4048/4048/4048 4049/4049/4049 4050/4050/4050
v -0.284999996 0.420324147 0.351294965
vn -0.217777893 0.690135062 -0.690135062
v -0.301737398 0.406737417 0.342989862
vn -0.217777893 0.690135062 -0.690135062
v -0.301737398 0.415782154 0.352034599
vn -0.217777893 0.690135062 -0.690135062
f 4051/4051/4051 4052/4052/4052 4053/4053/4053
v -0.284999996 0.390000015 0.333772004
vn -0.249293029 0.263873041 -0.931785464
v -0.302477032 0.390000015 0.338447869
vn -0.249293029 0.263873041 -0.931785464
v -0.301737398 0.406737417 0.342989862
vn -0.249293029 0.263873041 -0.931785464
f 4054/4054/4054 4055/4055/4055 4056/4056/4056
v -0.284999996 0.390000015 0.333772004
vn -0.263873041 0.249293029 -0.931785464
v -0.301737398 0.406737417 0.342989862
vn -0.263873041 0.249293029 -0.931785464
v -0.284999996 0.407477051 0.338447869
vn -0.263873041 0.249293029 -0.931785464
f 4057/4057/4057 4058/4058/4058 4059/4059/4059
v -0.302477032 0.390000015 0.338447869
vn -0.690135121 0.217777908 -0.690135121
v -0.315324128 0.390000015 0.351294965
vn -0.690135121 0.217777908 -0.690135121
v -0.310782135 0.406737417 0.352034599
vn -0.690135121 0.217777908 -0.690135121
f 4060/4060/4060 4061/4061/4061 4062/4062/4062
v -0.302477032 0.390000015 0.338447869
vn -0.690135062 0.217777893 -0.690135062
v -0.310782135 0.406737417 0.352034599
vn -0.690135062 0.217777893 -0.690135062
v -0.301737398 0.406737417 0.342989862
vn -0.690135062 0.217777893 -0.690135062
f 4063/4063/4063 4064/4064/4064 4065/4065/4065
v -0.310782135 0.406737417 0.352034599
vn -0.577350318 0.577350318 -0.577350318
v -0.301737398 0.415782154 0.352034599
vn -0.577350318 0.577350318 -0.577350318
v -0.301737398 0.406737417 0.342989862
vn -0.577350318 0.577350318 -0.577350318
f 4066/4066/4066 4067/4067/4067 4068/4068/4068
v -0.319999993 -0.180000007 0.407772005
vn -0.931785524 -0.249292821 0.263873041
v -0.315324128 -0.197477058 0.407772005
vn -0.931785524 -0.249292821 0.263873041
v -0.310782135 -0.196737424 0.424509406
vn -0.931785524 -0.249292821 0.263873041
f 4069/4069/4069 4070/4070/4070 4071/4071/4071
v -0.319999993 -0.180000007 0.407772005
vn -0.931785464 -0.263873041 0.249292821
v -0.310782135 -0.196737424 0.424509406
vn -0.931785464 -0.263873041 0.249292821
v -0.315324128 -0.180000022 0.425249040
vn -0.931785464 -0.263873041 0.249292821
f 4072/4072/4072 4073/4073/4073 4074/4074/4074
v -0.315324128 -0.197477058 0.407772005
vn -0.690135121 -0.690135121 0.217777908
v -0.302477032 -0.210324153 0.407772005
vn -0.690135121 -0.690135121 0.217777908
v -0.301737398 -0.205782160 0.424509406
vn -0.690135121 -0.690135121 0.217777908
f 4075/4075/4075 4076/4076/4076 4077/4077/4077
v -0.315324128 -0.197477058 0.407772005
vn -0.690135062 -0.690135062 0.217777893
v -0.301737398 -0.205782160 0.424509406
vn -0.690135062 -0.690135062 0.217777893
v -0.310782135 -0.196737424 0.424509406
vn -0.690135062 -0.690135062 0.217777893
f 4078/4078/4078 4079/4079/4079 4080/4080/4080
v -0.284999996 -0.215000004 0.407772005
vn -0.263873011 -0.931785583 0.249292284
v -0.284999996 -0.210324153 0.425249040
vn -0.263873011 -0.931785583 0.249292284
v -0.301737398 -0.205782160 0.424509406
vn -0.263873011 -0.931785583 0.249292284
f 4081/4081/4081 4082/4082/4082 4083/4083/4083
v -0.284999996 -0.215000004 0.407772005
vn -0.249292284 -0.931785583 0.263873011
v -0.301737398 -0.205782160 0.424509406
vn -0.249292284 -0.931785583 0.263873011
v -0.302477032 -0.210324153 0.407772005
vn -0.249292284 -0.931785583 0.263873011
f 4084/4084/4084 4085/4085/4085 4086/4086/4086
v -0.284999996 -0.210324153 0.425249040
vn -0.217777908 -0.690135121 0.690135121
v -0.284999996 -0.197477058 0.438096136
vn -0.217777908 -0.690135121 0.690135121
v -0.301737398 -0.196737424 0.433554143
vn -0.217777908 -0.690135121 0.690135121
f 4087/4087/4087 4088/4088/4088 4089/4089/4089
v -0.284999996 -0.210324153 0.425249040
vn -0.217777893 -0.690135062 0.690135062
v -0.301737398 -0.196737424 0.433554143
vn -0.217777893 -0.690135062 0.690135062
v -0.301737398 -0.205782160 0.424509406
vn -0.217777893 -0.690135062 0.690135062
f 4090/4090/4090 4091/4091/4091 4092/4092/4092
v -0.284999996 -0.180000007 0.442772001
vn -0.249292821 -0.263873041 0.931785464
v -0.302477032 -0.180000022 0.438096136
vn -0.249292821 -0.263873041 0.931785464
v -0.301737398 -0.196737424 0.433554143
vn -0.249292821 -0.263873041 0.931785464
f 4093/4093/4093 4094/4094/4094 4095/4095/4095
v -0.284999996 -0.180000007 0.442772001
vn -0.263873041 -0.249292821 0.931785524
v -0.301737398 -0.196737424 0.433554143
vn -0.263873041 -0.249292821 0.931785524
v -0.284999996 -0.197477058 0.438096136
vn -0.263873041 -0.249292821 0.931785524
f 4096/4096/4096 4097/4097/4097 4098/4098/4098
v -0.302477032 -0.180000022 0.438096136
vn -0.690135121 -0.217777908 0.690135121
v -0.315324128 -0.180000022 0.425249040
vn -0.690135121 -0.217777908 0.690135121
v -0.310782135 -0.196737424 0.424509406
vn -0.690135121 -0.217777908 0.690135121
f 4099/4099/4099 4100/4100/4100 4101/4101/4101
v -0.302477032 -0.180000022 0.438096136
vn -0.690135062 -0.217777893 0.690135062
v -0.310782135 -0.196737424 0.424509406
vn -0.690135062 -0.217777893 0.690135062
v -0.301737398 -0.196737424 0.433554143
vn -0.690135062 -0.217777893 0.690135062
f 4102/4102/4102 4103/4103/4103 4104/4104/4104
v -0.310782135 -0.196737424 0.424509406
vn -0.577350318 -0.577350318 0.577350318
v -0.301737398 -0.205782160 0.424509406
vn -0.577350318 -0.577350318 0.577350318
v -0.301737398 -0.196737424 0.433554143
vn -0.577350318 -0.577350318 0.577350318
f 4105/4105/4105 4106/4106/4106 4107/4107/4107
v 0.284999996 -0.215000004 0.407772005
vn 0.249292284 -0.931785583 0.263873011
v 0.302477032 -0.210324153 0.407772005
vn 0.249292284 -0.931785583 0.263873011
v 0.301737398 -0.205782160 0.424509406
vn 0.249292284 -0.931785583 0.263873011
f 4108/4108/4108 4109/4109/4109 4110/4110/4110
v 0.284999996 -0.215000004 0.407772005
vn 0.263873011 -0.931785583 0.249292284
v 0.301737398 -0.205782160 0.424509406
vn 0.263873011 -0.931785583 0.249292284
v 0.284999996 -0.210324153 0.425249040
vn 0.263873011 -0.931785583 0.249292284
f 4111/4111/4111 4112/4112/4112 4113/4113/4113
v 0.302477032 -0.210324153 0.407772005
vn 0.690135121 -0.690135121 0.217777908
v 0.315324128 -0.197477058 0.407772005
vn 0.690135121 -0.690135121 0.217777908
v 0.310782135 -0.196737424 0.424509406
vn 0.690135121 -0.690135121 0.217777908
f 4114/4114/4114 4115/4115/4115 4116/4116/4116
v 0.302477032 -0.210324153 0.407772005
vn 0.690135062 -0.690135062 0.217777893
v 0.310782135 -0.196737424 0.424509406
vn 0.690135062 -0.690135062 0.217777893
v 0.301737398 -0.205782160 0.424509406
vn 0.690135062 -0.690135062 0.217777893
f 4117/4117/4117 4118/4118/4118 4119/4119/4119
v 0.319999993 -0.180000007 0.407772005
vn 0.931785464 -0.263873041 0.249292821
v 0.315324128 -0.180000022 0.425249040
vn 0.931785464 -0.263873041 0.249292821
v 0.310782135 -0.196737424 0.424509406
vn 0.931785464 -0.263873041 0.249292821
f 4120/4120/4120 4121/4121/4121 4122/4122/4122
v 0.319999993 -0.180000007 0.407772005
vn 0.931785524 -0.249292821 0.263873041
v 0.310782135 -0.196737424 0.424509406
vn 0.931785524 -0.249292821 0.263873041
v 0.315324128 -0.197477058 0.407772005
vn 0.931785524 -0.249292821 0.263873041
f 4123/4123/4123 4124/4124/4124 4125/4125/4125
v 0.315324128 -0.180000022 0.425249040
vn 0.690135121 -0.217777908 0.690135121
v 0.302477032 -0.180000022 0.438096136
vn 0.690135121 -0.217777908 0.690135121
v 0.301737398 -0.196737424 0.433554143
vn 0.690135121 -0.217777908 0.690135121
f 4126/4126/4126 4127/4127/4127 4128/4128/4128
v 0.315324128 -0.180000022 0.425249040
vn 0.690135062 -0.217777893 0.690135062
v 0.301737398 -0.196737424 0.433554143
vn 0.690135062 -0.217777893 0.690135062
v 0.310782135 -0.196737424 0.424509406
vn 0.690135062 -0.217777893 0.690135062
f 4129/4129/4129 4130/4130/4130 4131/4131/4131
v 0.284999996 -0.180000007 0.442772001
vn 0.263873041 -0.249292821 0.931785524
v 0.284999996 -0.197477058 0.438096136
vn 0.263873041 -0.249292821 0.931785524
v 0.301737398 -0.196737424 0.433554143
vn 0.263873041 -0.249292821 0.931785524
f 4132/4132/4132 4133/4133/4133 4134/4134/4134
v 0.284999996 -0.180000007 0.442772001
vn 0.249292821 -0.263873041 0.931785464
v 0.301737398 -0.196737424 0.433554143
vn 0.249292821 -0.263873041 0.931785464
v 0.302477032 -0.180000022 0.438096136
vn 0.249292821 -0.263873041 0.931785464
f 4135/4135/4135 4136/4136/4136 4137/4137/4137
v 0.284999996 -0.197477058 0.438096136
vn 0.217777908 -0.690135121 0.690135121
v 0.284999996 -0.210324153 0.425249040
vn 0.217777908 -0.690135121 0.690135121
v 0.301737398 -0.205782160 0.424509406
vn 0.217777908 -0.690135121 0.690135121
f 4138/4138/4138 4139/4139/4139 4140/4140/4140
v 0.284999996 -0.197477058 0.438096136
vn 0.217777893 -0.690135062 0.690135062
v 0.301737398 -0.205782160 0.424509406
vn 0.217777893 -0.690135062 0.690135062
v 0.301737398 -0.196737424 0.433554143
vn 0.217777893 -0.690135062 0.690135062
f 4141/4141/4141 4142/4142/4142 4143/4143/4143
v 0.301737398 -0.205782160 0.424509406
vn 0.577350318 -0.577350318 0.577350318
v 0.310782135 -0.196737424 0.424509406
vn 0.577350318 -0.577350318 0.577350318
v 0.301737398 -0.196737424 0.433554143
vn 0.577350318 -0.577350318 0.577350318
f 4144/4144/4144 4145/4145/4145 4146/4146/4146
v 0.319999993 0.390000015 0.407772005
vn 0.931785464 0.249293029 0.263873041
v 0.315324128 0.407477051 0.407772005
vn 0.931785464 0.249293029 0.263873041
v 0.310782135 0.406737417 0.424509406
vn 0.931785464 0.249293029 0.263873041
f 4147/4147/4147 4148/4148/4148 4149/4149/4149
v 0.319999993 0.390000015 0.407772005
vn 0.931785464 0.263873041 0.249293029
v 0.310782135 0.406737417 0.424509406
vn 0.931785464 0.263873041 0.249293029
v 0.315324128 0.390000015 0.425249040
vn 0.931785464 0.263873041 0.249293029
f 4150/4150/4150 4151/4151/4151 4152/4152/4152
v 0.315324128 0.407477051 0.407772005
vn 0.690135121 0.690135121 0.217777908
v 0.302477032 0.420324147 0.407772005
vn 0.690135121 0.690135121 0.217777908
v 0.301737398 0.415782154 0.424509406
vn 0.690135121 0.690135121 0.217777908
f 4153/4153/4153 4154/4154/4154 4155/4155/4155
v 0.315324128 0.407477051 0.407772005
vn 0.690135062 0.690135062 0.217777893
v 0.301737398 0.415782154 0.424509406
vn 0.690135062 0.690135062 0.217777893
v 0.310782135 0.406737417 0.424509406
vn 0.690135062 0.690135062 0.217777893
f 4156/4156/4156 4157/4157/4157 4158/4158/4158
v 0.284999996 0.425000012 0.407772005
vn 0.263873041 0.931785464 0.249293029
v 0.284999996 0.420324147 0.425249040
vn 0.263873041 0.931785464 0.249293029
v 0.301737398 0.415782154 0.424509406
vn 0.263873041 0.931785464 0.249293029
f 4159/4159/4159 4160/4160/4160 4161/4161/4161
v 0.284999996 0.425000012 0.407772005
vn 0.249293029 0.931785464 0.263873041
v 0.301737398 0.415782154 0.424509406
vn 0.249293029 0.931785464 0.263873041
v 0.302477032 0.420324147 0.407772005
vn 0.249293029 0.931785464 0.263873041
f 4162/4162/4162 4163/4163/4163 4164/4164/4164
v 0.284999996 0.420324147 0.425249040
vn 0.217777908 0.690135121 0.690135121
v 0.284999996 0.407477051 0.438096136
vn 0.217777908 0.690135121 0.690135121
v 0.301737398 0.406737417 0.433554143
vn 0.217777908 0.690135121 0.690135121
f 4165/4165/4165 4166/4166/4166 4167/4167/4167
v 0.284999996 0.420324147 0.425249040
vn 0.217777893 0.690135062 0.690135062
v 0.301737398 0.406737417 0.433554143
vn 0.217777893 0.690135062 0.690135062
v 0.301737398 0.415782154 0.424509406
vn 0.217777893 0.690135062 0.690135062
f 4168/4168/4168 4169/4169/4169 4170/4170/4170
v 0.284999996 0.390000015 0.442772001
vn 0.249293029 0.263873041 0.931785464
v 0.302477032 0.390000015 0.438096136
vn 0.249293029 0.263873041 0.931785464
v 0.301737398 0.406737417 0.433554143
vn 0.249293029 0.263873041 0.931785464
f 4171/4171/4171 4172/4172/4172 4173/4173/4173
v 0.284999996 0.390000015 0.442772001
vn 0.263873041 0.249293029 0.931785464
v 0.301737398 0.406737417 0.433554143
vn 0.263873041 0.249293029 0.931785464
v 0.284999996 0.407477051 0.438096136
vn 0.263873041 0.249293029 0.931785464
f 4174/4174/4174 4175/4175/4175 4176/4176/4176
v 0.302477032 0.390000015 0.438096136
vn 0.690135121 0.217777908 0.690135121
v 0.315324128 0.390000015 0.425249040
vn 0.690135121 0.217777908 0.690135121
v 0.310782135 0.406737417 0.424509406
vn 0.690135121 0.217777908 0.690135121
f 4177/4177/4177 4178/4178/4178 4179/4179/4179
v 0.302477032 0.390000015 0.438096136
vn 0.690135062 0.217777893 0.690135062
v 0.310782135 0.406737417 0.424509406
vn 0.690135062 0.217777893 0.690135062
v 0.301737398 0.406737417 0.433554143
vn 0.690135062 0.217777893 0.690135062
f 4180/4180/4180 4181/4181/4181 4182/4182/4182
v 0.310782135 0.406737417 0.424509406
vn 0.577350318 0.577350318 0.577350318
v 0.301737398 0.415782154 0.424509406
vn 0.577350318 0.577350318 0.577350318
v 0.301737398 0.406737417 0.433554143
vn 0.577350318 0.577350318 0.577350318
f 4183/4183/4183 4184/4184/4184 4185/4185/4185
v -0.319999993 0.390000015 0.407772005
vn -0.931785464 0.263873041 0.249293029
v -0.315324128 0.390000015 0.425249040
vn -0.931785464 0.263873041 0.249293029
v -0.310782135 0.406737417 0.424509406
vn -0.931785464 0.263873041 0.249293029
f 4186/4186/4186 4187/4187/4187 4188/4188/4188
v -0.319999993 0.390000015 0.407772005
vn -0.931785464 0.249293029 0.263873041
v -0.310782135 0.406737417 0.424509406
vn -0.931785464 0.249293029 0.263873041
v -0.315324128 0.407477051 0.407772005
vn -0.931785464 0.249293029 0.263873041
f 4189/4189/4189 4190/4190/4190 4191/4191/4191
v -0.315324128 0.390000015 0.425249040
vn -0.690135121 0.217777908 0.690135121
v -0.302477032 0.390000015 0.438096136
vn -0.690135121 0.217777908 0.690135121
v -0.301737398 0.406737417 0.433554143
vn -0.690135121 0.217777908 0.690135121
f 4192/4192/4192 4193/4193/4193 4194/4194/4194
v -0.315324128 0.390000015 0.425249040
vn -0.690135062 0.217777893 0.690135062
v -0.301737398 0.406737417 0.433554143
vn -0.690135062 0.217777893 0.690135062
v -0.310782135 0.406737417 0.424509406
vn -0.690135062 0.217777893 0.690135062
f 4195/4195/4195 4196/4196/4196 4197/4197/4197
v -0.284999996 0.390000015 0.442772001
vn -0.263873041 0.249293029 0.931785464
v -0.284999996 0.407477051 0.438096136
vn -0.263873041 0.249293029 0.931785464
v -0.301737398 0.406737417 0.433554143
vn -0.263873041 0.249293029 0.931785464
f 4198/4198/4198 4199/4199/4199 4200/4200/4200
v -0.284999996 0.390000015 0.442772001
vn -0.249293029 0.263873041 0.931785464
v -0.301737398 0.406737417 0.433554143
vn -0.249293029 0.263873041 0.931785464
v -0.302477032 0.390000015 0.438096136
vn -0.249293029 0.263873041 0.931785464
f 4201/4201/4201 4202/4202/4202 4203/4203/4203
v -0.284999996 0.407477051 0.438096136
vn -0.217777908 0.690135121 0.690135121
v -0.284999996 0.420324147 0.425249040
vn -0.217777908 0.690135121 0.690135121
v -0.301737398 0.415782154 0.424509406
vn -0.217777908 0.690135121 0.690135121
f 4204/4204/4204 4205/4205/4205 4206/4206/4206
v -0.284999996 0.407477051 0.438096136
vn -0.217777893 0.690135062 0.690135062
v -0.301737398 0.415782154 0.424509406
vn -0.217777893 0.690135062 0.690135062
v -0.301737398 0.406737417 0.433554143
vn -0.217777893 0.690135062 0.690135062
f 4207/4207/4207 4208/4208/4208 4209/4209/4209
v -0.284999996 0.425000012 0.407772005
vn -0.249293029 0.931785464 0.263873041
v -0.302477032 0.420324147 0.407772005
vn -0.249293029 0.931785464 0.263873041
v -0.301737398 0.415782154 0.424509406
vn -0.249293029 0.931785464 0.263873041
f 4210/4210/4210 4211/4211/4211 4212/4212/4212
v -0.284999996 0.425000012 0.407772005
vn -0.263873041 0.931785464 0.249293029
v -0.301737398 0.415782154 0.424509406
vn -0.263873041 0.931785464 0.249293029
v -0.284999996 0.420324147 0.425249040
vn -0.263873041 0.931785464 0.249293029
f 4213/4213/4213 4214/4214/4214 4215/4215/4215
v -0.302477032 0.420324147 0.407772005
vn -0.690135121 0.690135121 0.217777908
v -0.315324128 0.407477051 0.407772005
vn -0.690135121 0.690135121 0.217777908
v -0.310782135 0.406737417 0.424509406
vn -0.690135121 0.690135121 0.217777908
f 4216/4216/4216 4217/4217/4217 4218/4218/4218
v -0.302477032 0.420324147 0.407772005
vn -0.690135062 0.690135062 0.217777893
v -0.310782135 0.406737417 0.424509406
vn -0.690135062 0.690135062 0.217777893
v -0.301737398 0.415782154 0.424509406
vn -0.690135062 0.690135062 0.217777893
f 4219/4219/4219 4220/4220/4220 4221/4221/4221
v -0.310782135 0.406737417 0.424509406
vn -0.577350318 0.577350318 0.577350318
v -0.301737398 0.406737417 0.433554143
vn -0.577350318 0.577350318 0.577350318
v -0.301737398 0.415782154 0.424509406
vn -0.577350318 0.577350318 0.577350318
f 4222/4222/4222 4223/4223/4223 4224/4224/4224
v -0.284999996 -0.180000007 0.333772004
vn 0.000000000 -0.258453071 -0.966023862
v 0.284999996 -0.180000007 0.333772004
vn 0.000000000 -0.258453071 -0.966023862
v 0.284999996 -0.197477058 0.338447869
vn 0.000000000 -0.258453071 -0.966023862
f 4225/4225/4225 4226/4226/4226 4227/4227/4227
v -0.284999996 -0.180000007 0.333772004
vn 0.000000000 -0.258453071 -0.966023862
v 0.284999996 -0.197477058 0.338447869
vn 0.000000000 -0.258453071 -0.966023862
v -0.284999996 -0.197477058 0.338447869
vn 0.000000000 -0.258453071 -0.966023862
f 4228/4228/4228 4229/4229/4229 4230/4230/4230
v -0.284999996 -0.197477058 0.338447869
vn 0.000000000 -0.707106829 -0.707106829
v 0.284999996 -0.197477058 0.338447869
vn 0.000000000 -0.707106829 -0.707106829
v 0.284999996 -0.210324153 0.351294965
vn 0.000000000 -0.707106829 -0.707106829
f 4231/4231/4231 4232/4232/4232 4233/4233/4233
v -0.284999996 -0.197477058 0.338447869
vn 0.000000000 -0.707106829 -0.707106829
v 0.284999996 -0.210324153 0.351294965
vn 0.000000000 -0.707106829 -0.707106829
v -0.284999996 -0.210324153 0.351294965
vn 0.000000000 -0.707106829 -0.707106829
f 4234/4234/4234 4235/4235/4235 4236/4236/4236
v -0.284999996 -0.210324153 0.351294965
vn 0.000000000 -0.966024041 -0.258452505
v 0.284999996 -0.210324153 0.351294965
vn 0.000000000 -0.966024041 -0.258452505
v 0.284999996 -0.215000004 0.368772000
vn 0.000000000 -0.966024041 -0.258452505
f 4237/4237/4237 4238/4238/4238 4239/4239/4239
v -0.284999996 -0.210324153 0.351294965
vn 0.000000000 -0.966024041 -0.258452505
v 0.284999996 -0.215000004 0.368772000
vn 0.000000000 -0.966024041 -0.258452505
v -0.284999996 -0.215000004 0.368772000
vn 0.000000000 -0.966024041 -0.258452505
f 4240/4240/4240 4241/4241/4241 4242/4242/4242
v -0.319999993 -0.180000007 0.368772000
vn -0.966023743 0.000000000 -0.258453250
v -0.319999993 0.390000015 0.368772000
vn -0.966023743 0.000000000 -0.258453250
v -0.315324128 0.390000015 0.351294965
vn -0.966023743 0.000000000 -0.258453250
f 4243/4243/4243 4244/4244/4244 4245/4245/4245
v -0.319999993 -0.180000007 0.368772000
vn -0.966023743 0.000000000 -0.258453250
v -0.315324128 0.390000015 0.351294965
vn -0.966023743 0.000000000 -0.258453250
v -0.315324128 -0.180000022 0.351294965
vn -0.966023743 0.000000000 -0.258453250
f 4246/4246/4246 4247/4247/4247 4248/4248/4248
v -0.315324128 -0.180000022 0.351294965
vn -0.707106829 0.000000000 -0.707106829
v -0.315324128 0.390000015 0.351294965
vn -0.707106829 0.000000000 -0.707106829
v -0.302477032 0.390000015 0.338447869
vn -0.707106829 0.000000000 -0.707106829
f 4249/4249/4249 4250/4250/4250 4251/4251/4251
v -0.315324128 -0.180000022 0.351294965
vn -0.707106829 0.000000000 -0.707106829
v -0.302477032 0.390000015 0.338447869
vn -0.707106829 0.000000000 -0.707106829
v -0.302477032 -0.180000022 0.338447869
vn -0.707106829 0.000000000 -0.707106829
f 4252/4252/4252 4253/4253/4253 4254/4254/4254
v -0.302477032 -0.180000022 0.338447869
vn -0.258453250 0.000000000 -0.966023743
v -0.302477032 0.390000015 0.338447869
vn -0.258453250 0.000000000 -0.966023743
v -0.284999996 0.390000015 0.333772004
vn -0.258453250 0.000000000 -0.966023743
f 4255/4255/4255 4256/4256/4256 4257/4257/4257
v -0.302477032 -0.180000022 0.338447869
vn -0.258453250 0.000000000 -0.966023743
v -0.284999996 0.390000015 0.333772004
vn -0.258453250 0.000000000 -0.966023743
v -0.284999996 -0.180000007 0.333772004
vn -0.258453250 0.000000000 -0.966023743
f 4258/4258/4258 4259/4259/4259 4260/4260/4260
v 0.284999996 0.390000015 0.333772004
vn 0.000000000 0.258453250 -0.966023743
v -0.284999996 0.390000015 0.333772004
vn 0.000000000 0.258453250 -0.966023743
v -0.284999996 0.407477051 0.338447869
vn 0.000000000 0.258453250 -0.966023743
f 4261/4261/4261 4262/4262/4262 4263/4263/4263
v 0.284999996 0.390000015 0.333772004
vn 0.000000000 0.258453250 -0.966023743
v -0.284999996 0.407477051 0.338447869
vn 0.000000000 0.258453250 -0.966023743
v 0.284999996 0.407477051 0.338447869
vn 0.000000000 0.258453250 -0.966023743
f 4264/4264/4264 4265/4265/4265 4266/4266/4266
v 0.284999996 0.407477051 0.338447869
vn 0.000000000 0.707106829 -0.707106829
v -0.284999996 0.407477051 0.338447869
vn 0.000000000 0.707106829 -0.707106829
v -0.284999996 0.420324147 0.351294965
vn 0.000000000 0.707106829 -0.707106829
f 4267/4267/4267 4268/4268/4268 4269/4269/4269
v 0.284999996 0.407477051 0.338447869
vn 0.000000000 0.707106829 -0.707106829
v -0.284999996 0.420324147 0.351294965
vn 0.000000000 0.707106829 -0.707106829
v 0.284999996 0.420324147 0.351294965
vn 0.000000000 0.707106829 -0.707106829
f 4270/4270/4270 4271/4271/4271 4272/4272/4272
v 0.284999996 0.420324147 0.351294965
vn 0.000000000 0.966023743 -0.258453250
v -0.284999996 0.420324147 0.351294965
vn 0.000000000 0.966023743 -0.258453250
v -0.284999996 0.425000012 0.368772000
vn 0.000000000 0.966023743 -0.258453250
f 4273/4273/4273 4274/4274/4274 4275/4275/4275
v 0.284999996 0.420324147 0.351294965
vn 0.000000000 0.966023743 -0.258453250
v -0.284999996 0.425000012 0.368772000
vn 0.000000000 0.966023743 -0.258453250
v 0.284999996 0.425000012 0.368772000
vn 0.000000000 0.966023743 -0.258453250
f 4276/4276/4276 4277/4277/4277 4278/4278/4278
v 0.284999996 -0.180000007 0.333772004
vn 0.258453250 0.000000000 -0.966023743
v 0.284999996 0.390000015 0.333772004
vn 0.258453250 0.000000000 -0.966023743
v 0.302477032 0.390000015 0.338447869
vn 0.258453250 0.000000000 -0.966023743
f 4279/4279/4279 4280/4280/4280 4281/4281/4281
v 0.284999996 -0.180000007 0.333772004
vn 0.258453250 0.000000000 -0.966023743
v 0.302477032 0.390000015 0.338447869
vn 0.258453250 0.000000000 -0.966023743
v 0.302477032 -0.180000022 0.338447869
vn 0.258453250 0.000000000 -0.966023743
f 4282/4282/4282 4283/4283/4283 4284/4284/4284
v 0.302477032 -0.180000022 0.338447869
vn 0.707106829 0.000000000 -0.707106829
v 0.302477032 0.390000015 0.338447869
vn 0.707106829 0.000000000 -0.707106829
v 0.315324128 0.390000015 0.351294965
vn 0.707106829 0.000000000 -0.707106829
f 4285/4285/4285 4286/4286/4286 4287/4287/4287
v 0.302477032 -0.180000022 0.338447869
vn 0.707106829 0.000000000 -0.707106829
v 0.315324128 0.390000015 0.351294965
vn 0.707106829 0.000000000 -0.707106829
v 0.315324128 -0.180000022 0.351294965
vn 0.707106829 0.000000000 -0.707106829
f 4288/4288/4288 4289/4289/4289 4290/4290/4290
v 0.315324128 -0.180000022 0.351294965
vn 0.966023743 0.000000000 -0.258453250
v 0.315324128 0.390000015 0.351294965
vn 0.966023743 0.000000000 -0.258453250
v 0.319999993 0.390000015 0.368772000
vn 0.966023743 0.000000000 -0.258453250
f 4291/4291/4291 4292/4292/4292 4293/4293/4293
v 0.315324128 -0.180000022 0.351294965
vn 0.966023743 0.000000000 -0.258453250
v 0.319999993 0.390000015 0.368772000
vn 0.966023743 0.000000000 -0.258453250
v 0.319999993 -0.180000007 0.368772000
vn 0.966023743 0.000000000 -0.258453250
f 4294/4294/4294 4295/4295/4295 4296/4296/4296
v -0.284999996 -0.180000007 0.442772001
vn -0.258453250 0.000000000 0.966023743
v -0.284999996 0.390000015 0.442772001
vn -0.258453250 0.000000000 0.966023743
v -0.302477032 0.390000015 0.438096136
vn -0.258453250 0.000000000 0.966023743
f 4297/4297/4297 4298/4298/4298 4299/4299/4299
v -0.284999996 -0.180000007 0.442772001
vn -0.258453250 0.000000000 0.966023743
v -0.302477032 0.390000015 0.438096136
vn -0.258453250 0.000000000 0.966023743
v -0.302477032 -0.180000022 0.438096136
vn -0.258453250 0.000000000 0.966023743
f 4300/4300/4300 4301/4301/4301 4302/4302/4302
v -0.302477032 -0.180000022 0.438096136
vn -0.707106829 0.000000000 0.707106829
v -0.302477032 0.390000015 0.438096136
vn -0.707106829 0.000000000 0.707106829
v -0.315324128 0.390000015 0.425249040
vn -0.707106829 0.000000000 0.707106829
f 4303/4303/4303 4304/4304/4304 4305/4305/4305
v -0.302477032 -0.180000022 0.438096136
vn -0.707106829 0.000000000 0.707106829
v -0.315324128 0.390000015 0.425249040
vn -0.707106829 0.000000000 0.707106829
v -0.315324128 -0.180000022 0.425249040
vn -0.707106829 0.000000000 0.707106829
f 4306/4306/4306 4307/4307/4307 4308/4308/4308
v -0.315324128 -0.180000022 0.425249040
vn -0.966023743 0.000000000 0.258453250
v -0.315324128 0.390000015 0.425249040
vn -0.966023743 0.000000000 0.258453250
v -0.319999993 0.390000015 0.407772005
vn -0.966023743 0.000000000 0.258453250
f 4309/4309/4309 4310/4310/4310 4311/4311/4311
v -0.315324128 -0.180000022 0.425249040
vn -0.966023743 0.000000000 0.258453250
v -0.319999993 0.390000015 0.407772005
vn -0.966023743 0.000000000 0.258453250
v -0.319999993 -0.180000007 0.407772005
vn -0.966023743 0.000000000 0.258453250
f 4312/4312/4312 4313/4313/4313 4314/4314/4314
v -0.284999996 -0.215000004 0.407772005
vn 0.000000000 -0.966024041 0.258452505
v 0.284999996 -0.215000004 0.407772005
vn 0.000000000 -0.966024041 0.258452505
v 0.284999996 -0.210324153 0.425249040
vn 0.000000000 -0.966024041 0.258452505
f 4315/4315/4315 4316/4316/4316 4317/4317/4317
v -0.284999996 -0.215000004 0.407772005
vn 0.000000000 -0.966024041 0.258452505
v 0.284999996 -0.210324153 0.425249040
vn 0.000000000 -0.966024041 0.258452505
v -0.284999996 -0.210324153 0.425249040
vn 0.000000000 -0.966024041 0.258452505
f 4318/4318/4318 4319/4319/4319 4320/4320/4320
v -0.284999996 -0.210324153 0.425249040
vn 0.000000000 -0.707106829 0.707106829
v 0.284999996 -0.210324153 0.425249040
vn 0.000000000 -0.707106829 0.707106829
v 0.284999996 -0.197477058 0.438096136
vn 0.000000000 -0.707106829 0.707106829
f 4321/4321/4321 4322/4322/4322 4323/4323/4323
v -0.284999996 -0.210324153 0.425249040
vn 0.000000000 -0.707106829 0.707106829
v 0.284999996 -0.197477058 0.438096136
vn 0.000000000 -0.707106829 0.707106829
v -0.284999996 -0.197477058 0.438096136
vn 0.000000000 -0.707106829 0.707106829
f 4324/4324/4324 4325/4325/4325 4326/4326/4326
v -0.284999996 -0.197477058 0.438096136
vn 0.000000000 -0.258453071 0.966023862
v 0.284999996 -0.197477058 0.438096136
vn 0.000000000 -0.258453071 0.966023862
v 0.284999996 -0.180000007 0.442772001
vn 0.000000000 -0.258453071 0.966023862
f 4327/4327/4327 4328/4328/4328 4329/4329/4329
v -0.284999996 -0.197477058 0.438096136
vn 0.000000000 -0.258453071 0.966023862
v 0.284999996 -0.180000007 0.442772001
vn 0.000000000 -0.258453071 0.966023862
v -0.284999996 -0.180000007 0.442772001
vn 0.000000000 -0.258453071 0.966023862
f 4330/4330/4330 4331/4331/4331 4332/4332/4332
v 0.319999993 -0.180000007 0.407772005
vn 0.966023743 -0.000000000 0.258453250
v 0.319999993 0.390000015 0.407772005
vn 0.966023743 -0.000000000 0.258453250
v 0.315324128 0.390000015 0.425249040
vn 0.966023743 -0.000000000 0.258453250
f 4333/4333/4333 4334/4334/4334 4335/4335/4335
v 0.319999993 -0.180000007 0.407772005
vn 0.966023743 0.000000000 0.258453250
v 0.315324128 0.390000015 0.425249040
vn 0.966023743 0.000000000 0.258453250
v 0.315324128 -0.180000022 0.425249040
vn 0.966023743 0.000000000 0.258453250
f 4336/4336/4336 4337/4337/4337 4338/4338/4338
v 0.315324128 -0.180000022 0.425249040
vn 0.707106829 -0.000000000 0.707106829
v 0.315324128 0.390000015 0.425249040
vn 0.707106829 -0.000000000 0.707106829
v 0.302477032 0.390000015 0.438096136
vn 0.707106829 -0.000000000 0.707106829
f 4339/4339/4339 4340/4340/4340 4341/4341/4341
v 0.315324128 -0.180000022 0.425249040
vn 0.707106829 0.000000000 0.707106829
v 0.302477032 0.390000015 0.438096136
vn 0.707106829 0.000000000 0.707106829
v 0.302477032 -0.180000022 0.438096136
vn 0.707106829 0.000000000 0.707106829
f 4342/4342/4342 4343/4343/4343 4344/4344/4344
v 0.302477032 -0.180000022 0.438096136
vn 0.258453250 -0.000000000 0.966023743
v 0.302477032 0.390000015 0.438096136
vn 0.258453250 -0.000000000 0.966023743
v 0.284999996 0.390000015 0.442772001
vn 0.258453250 -0.000000000 0.966023743
f 4345/4345/4345 4346/4346/4346 4347/4347/4347
v 0.302477032 -0.180000022 0.438096136
vn 0.258453250 0.000000000 0.966023743
v 0.284999996 0.390000015 0.442772001
vn 0.258453250 0.000000000 0.966023743
v 0.284999996 -0.180000007 0.442772001
vn 0.258453250 0.000000000 0.966023743
f 4348/4348/4348 4349/4349/4349 4350/4350/4350
v 0.284999996 0.425000012 0.407772005
vn 0.000000000 0.966023743 0.258453250
v -0.284999996 0.425000012 0.407772005
vn 0.000000000 0.966023743 0.258453250
v -0.284999996 0.420324147 0.425249040
vn 0.000000000 0.966023743 0.258453250
f 4351/4351/4351 4352/4352/4352 4353/4353/4353
v 0.284999996 0.425000012 0.407772005
vn 0.000000000 0.966023743 0.258453250
v -0.284999996 0.420324147 0.425249040
vn 0.000000000 0.966023743 0.258453250
v 0.284999996 0.420324147 0.425249040
vn 0.000000000 0.966023743 0.258453250
f 4354/4354/4354 4355/4355/4355 4356/4356/4356
v 0.284999996 0.420324147 0.425249040
vn 0.000000000 0.707106829 0.707106829
v -0.284999996 0.420324147 0.425249040
vn 0.000000000 0.707106829 0.707106829
v -0.284999996 0.407477051 0.438096136
vn 0.000000000 0.707106829 0.707106829
f 4357/4357/4357 4358/4358/4358 4359/4359/4359
v 0.284999996 0.420324147 0.425249040
vn 0.000000000 0.707106829 0.707106829
v -0.284999996 0.407477051 0.438096136
vn 0.000000000 0.707106829 0.707106829
v 0.284999996 0.407477051 0.438096136
vn 0.000000000 0.707106829 0.707106829
f 4360/4360/4360 4361/4361/4361 4362/4362/4362
v 0.284999996 0.407477051 0.438096136
vn 0.000000000 0.258453250 0.966023743
v -0.284999996 0.407477051 0.438096136
vn 0.000000000 0.258453250 0.966023743
v -0.284999996 0.390000015 0.442772001
vn 0.000000000 0.258453250 0.966023743
f 4363/4363/4363 4364/4364/4364 4365/4365/4365
v 0.284999996 0.407477051 0.438096136
vn 0.000000000 0.258453250 0.966023743
v -0.284999996 0.390000015 0.442772001
vn 0.000000000 0.258453250 0.966023743
v 0.284999996 0.390000015 0.442772001
vn 0.000000000 0.258453250 0.966023743
f 4366/4366/4366 4367/4367/4367 4368/4368/4368
v -0.284999996 -0.215000004 0.368772000
vn -0.258452475 -0.966023922 0.000000000
v -0.284999996 -0.215000004 0.407772005
vn -0.258452475 -0.966023922 0.000000000
v -0.302477032 -0.210324153 0.407772005
vn -0.258452475 -0.966023922 0.000000000
f 4369/4369/4369 4370/4370/4370 4371/4371/4371
v -0.284999996 -0.215000004 0.368772000
vn -0.258452475 -0.966023922 0.000000000
v -0.302477032 -0.210324153 0.407772005
vn -0.258452475 -0.966023922 0.000000000
v -0.302477032 -0.210324153 0.368772000
vn -0.258452475 -0.966023922 0.000000000
f 4372/4372/4372 4373/4373/4373 4374/4374/4374
v -0.302477032 -0.210324153 0.368772000
vn -0.707106769 -0.707106769 0.000000000
v -0.302477032 -0.210324153 0.407772005
vn -0.707106769 -0.707106769 0.000000000
v -0.315324128 -0.197477058 0.407772005
vn -0.707106769 -0.707106769 0.000000000
f 4375/4375/4375 4376/4376/4376 4377/4377/4377
v -0.302477032 -0.210324153 0.368772000
vn -0.707106769 -0.707106769 0.000000000
v -0.315324128 -0.197477058 0.407772005
vn -0.707106769 -0.707106769 0.000000000
v -0.315324128 -0.197477058 0.368772000
vn -0.707106769 -0.707106769 0.000000000
f 4378/4378/4378 4379/4379/4379 4380/4380/4380
v -0.315324128 -0.197477058 0.368772000
vn -0.966023862 -0.258453071 0.000000000
v -0.315324128 -0.197477058 0.407772005
vn -0.966023862 -0.258453071 0.000000000
v -0.319999993 -0.180000007 0.407772005
vn -0.966023862 -0.258453071 0.000000000
f 4381/4381/4381 4382/4382/4382 4383/4383/4383
v -0.315324128 -0.197477058 0.368772000
vn -0.966023862 -0.258453071 0.000000000
v -0.319999993 -0.180000007 0.407772005
vn -0.966023862 -0.258453071 0.000000000
v -0.319999993 -0.180000007 0.368772000
vn -0.966023862 -0.258453071 0.000000000
f 4384/4384/4384 4385/4385/4385 4386/4386/4386
v 0.319999993 -0.180000007 0.368772000
vn 0.966023862 -0.258453071 0.000000000
v 0.319999993 -0.180000007 0.407772005
vn 0.966023862 -0.258453071 0.000000000
v 0.315324128 -0.197477058 0.407772005
vn 0.966023862 -0.258453071 0.000000000
f 4387/4387/4387 4388/4388/4388 4389/4389/4389
v 0.319999993 -0.180000007 0.368772000
vn 0.966023862 -0.258453071 0.000000000
v 0.315324128 -0.197477058 0.407772005
vn 0.966023862 -0.258453071 0.000000000
v 0.315324128 -0.197477058 0.368772000
vn 0.966023862 -0.258453071 0.000000000
f 4390/4390/4390 4391/4391/4391 4392/4392/4392
v 0.315324128 -0.197477058 0.368772000
vn 0.707106769 -0.707106769 0.000000000
v 0.315324128 -0.197477058 0.407772005
vn 0.707106769 -0.707106769 0.000000000
v 0.302477032 -0.210324153 0.407772005
vn 0.707106769 -0.707106769 0.000000000
f 4393/4393/4393 4394/4394/4394 4395/4395/4395
v 0.315324128 -0.197477058 0.368772000
vn 0.707106769 -0.707106769 0.000000000
v 0.302477032 -0.210324153 0.407772005
vn 0.707106769 -0.707106769 0.000000000
v 0.302477032 -0.210324153 0.368772000
vn 0.707106769 -0.707106769 0.000000000
f 4396/4396/4396 4397/4397/4397 4398/4398/4398
v 0.302477032 -0.210324153 0.368772000
vn 0.258452475 -0.966023922 0.000000000
v 0.302477032 -0.210324153 0.407772005
vn 0.258452475 -0.966023922 0.000000000
v 0.284999996 -0.215000004 0.407772005
vn 0.258452475 -0.966023922 0.000000000
f 4399/4399/4399 4400/4400/4400 4401/4401/4401
v 0.302477032 -0.210324153 0.368772000
vn 0.258452475 -0.966023922 0.000000000
v 0.284999996 -0.215000004 0.407772005
vn 0.258452475 -0.966023922 0.000000000
v 0.284999996 -0.215000004 0.368772000
vn 0.258452475 -0.966023922 0.000000000
f 4402/4402/4402 4403/4403/4403 4404/4404/4404
v 0.284999996 0.425000012 0.368772000
vn 0.258453250 0.966023743 -0.000000000
v 0.284999996 0.425000012 0.407772005
vn 0.258453250 0.966023743 -0.000000000
v 0.302477032 0.420324147 0.407772005
vn 0.258453250 0.966023743 -0.000000000
f 4405/4405/4405 4406/4406/4406 4407/4407/4407
v 0.284999996 0.425000012 0.368772000
vn 0.258453250 0.966023743 0.000000000
v 0.302477032 0.420324147 0.407772005
vn 0.258453250 0.966023743 0.000000000
v 0.302477032 0.420324147 0.368772000
vn 0.258453250 0.966023743 0.000000000
f 4408/4408/4408 4409/4409/4409 4410/4410/4410
v 0.302477032 0.420324147 0.368772000
vn 0.707106769 0.707106769 -0.000000000
v 0.302477032 0.420324147 0.407772005
vn 0.707106769 0.707106769 -0.000000000
v 0.315324128 0.407477051 0.407772005
vn 0.707106769 0.707106769 -0.000000000
f 4411/4411/4411 4412/4412/4412 4413/4413/4413
v 0.302477032 0.420324147 0.368772000
vn 0.707106769 0.707106769 0.000000000
v 0.315324128 0.407477051 0.407772005
vn 0.707106769 0.707106769 0.000000000
v 0.315324128 0.407477051 0.368772000
vn 0.707106769 0.707106769 0.000000000
f 4414/4414/4414 4415/4415/4415 4416/4416/4416
v 0.315324128 0.407477051 0.368772000
vn 0.966023743 0.258453250 -0.000000000
v 0.315324128 0.407477051 0.407772005
vn 0.966023743 0.258453250 -0.000000000
v 0.319999993 0.390000015 0.407772005
vn 0.966023743 0.258453250 -0.000000000
f 4417/4417/4417 4418/4418/4418 4419/4419/4419
v 0.315324128 0.407477051 0.368772000
vn 0.966023743 0.258453250 0.000000000
v 0.319999993 0.390000015 0.407772005
vn 0.966023743 0.258453250 0.000000000
v 0.319999993 0.390000015 0.368772000
vn 0.966023743 0.258453250 0.000000000
f 4420/4420/4420 4421/4421/4421 4422/4422/4422
v -0.319999993 0.390000015 0.368772000
vn -0.966023743 0.258453250 0.000000000
v -0.319999993 0.390000015 0.407772005
vn -0.966023743 0.258453250 0.000000000
v -0.315324128 0.407477051 0.407772005
vn -0.966023743 0.258453250 0.000000000
f 4423/4423/4423 4424/4424/4424 4425/4425/4425
v -0.319999993 0.390000015 0.368772000
vn -0.966023743 0.258453250 0.000000000
v -0.315324128 0.407477051 0.407772005
vn -0.966023743 0.258453250 0.000000000
v -0.315324128 0.407477051 0.368772000
vn -0.966023743 0.258453250 0.000000000
f 4426/4426/4426 4427/4427/4427 4428/4428/4428
v -0.315324128 0.407477051 0.368772000
vn -0.707106769 0.707106769 0.000000000
v -0.315324128 0.407477051 0.407772005
vn -0.707106769 0.707106769 0.000000000
v -0.302477032 0.420324147 0.407772005
vn -0.707106769 0.707106769 0.000000000
f 4429/4429/4429 4430/4430/4430 4431/4431/4431
v -0.315324128 0.407477051 0.368772000
vn -0.707106769 0.707106769 0.000000000
v -0.302477032 0.420324147 0.407772005
vn -0.707106769 0.707106769 0.000000000
v -0.302477032 0.420324147 0.368772000
vn -0.707106769 0.707106769 0.000000000
f 4432/4432/4432 4433/4433/4433 4434/4434/4434
v -0.302477032 0.420324147 0.368772000
vn -0.258453250 0.966023743 0.000000000
v -0.302477032 0.420324147 0.407772005
vn -0.258453250 0.966023743 0.000000000
v -0.284999996 0.425000012 0.407772005
vn -0.258453250 0.966023743 0.000000000
f 4435/4435/4435 4436/4436/4436 4437/4437/4437
v -0.302477032 0.420324147 0.368772000
vn -0.258453250 0.966023743 0.000000000
v -0.284999996 0.425000012 0.407772005
vn -0.258453250 0.966023743 0.000000000
v -0.284999996 0.425000012 0.368772000
vn -0.258453250 0.966023743 0.000000000
f 4438/4438/4438 4439/4439/4439 4440/4440/4440
v -0.284999996 -0.215000004 0.368772000
vn 0.000000000 -1.000000000 0.000000000
v 0.284999996 -0.215000004 0.368772000
vn 0.000000000 -1.000000000 0.000000000
v 0.284999996 -0.215000004 0.407772005
vn 0.000000000 -1.000000000 0.000000000
f 4441/4441/4441 4442/4442/4442 4443/4443/4443
v -0.284999996 -0.215000004 0.368772000
vn 0.000000000 -1.000000000 0.000000000
v 0.284999996 -0.215000004 0.407772005
vn 0.000000000 -1.000000000 0.000000000
v -0.284999996 -0.215000004 0.407772005
vn 0.000000000 -1.000000000 0.000000000
f 4444/4444/4444 4445/4445/4445 4446/4446/4446
v -0.284999996 -0.180000007 0.333772004
vn 0.000000000 0.000000000 -1.000000000
v -0.284999996 0.390000015 0.333772004
vn 0.000000000 0.000000000 -1.000000000
v 0.284999996 0.390000015 0.333772004
vn 0.000000000 0.000000000 -1.000000000
f 4447/4447/4447 4448/4448/4448 4449/4449/4449
v -0.284999996 -0.180000007 0.333772004
vn 0.000000000 0.000000000 -1.000000000
v 0.284999996 0.390000015 0.333772004
vn 0.000000000 0.000000000 -1.000000000
v 0.284999996 -0.180000007 0.333772004
vn 0.000000000 0.000000000 -1.000000000
f 4450/4450/4450 4451/4451/4451 4452/4452/4452
v -0.319999993 0.390000015 0.368772000
vn -1.000000000 0.000000000 0.000000000
v -0.319999993 -0.180000007 0.368772000
vn -1.000000000 0.000000000 0.000000000
v -0.319999993 -0.180000007 0.407772005
vn -1.000000000 0.000000000 0.000000000
f 4453/4453/4453 4454/4454/4454 4455/4455/4455
v -0.319999993 0.390000015 0.368772000
vn -1.000000000 0.000000000 0.000000000
v -0.319999993 -0.180000007 0.407772005
vn -1.000000000 0.000000000 0.000000000
v -0.319999993 0.390000015 0.407772005
vn -1.000000000 0.000000000 0.000000000
f 4456/4456/4456 4457/4457/4457 4458/4458/4458
v 0.319999993 -0.180000007 0.368772000
vn 1.000000000 0.000000000 0.000000000
v 0.319999993 0.390000015 0.368772000
vn 1.000000000 0.000000000 0.000000000
v 0.319999993 0.390000015 0.407772005
vn 1.000000000 0.000000000 0.000000000
f 4459/4459/4459 4460/4460/4460 4461/4461/4461
v 0.319999993 -0.180000007 0.368772000
vn 1.000000000 0.000000000 0.000000000
v 0.319999993 0.390000015 0.407772005
vn 1.000000000 0.000000000 0.000000000
v 0.319999993 -0.180000007 0.407772005
vn 1.000000000 0.000000000 0.000000000
f 4462/4462/4462 4463/4463/4463 4464/4464/4464
v 0.284999996 0.425000012 0.368772000
vn 0.000000000 1.000000000 0.000000000
v -0.284999996 0.425000012 0.368772000
vn 0.000000000 1.000000000 0.000000000
v -0.284999996 0.425000012 0.407772005
vn 0.000000000 1.000000000 0.000000000
f 4465/4465/4465 4466/4466/4466 4467/4467/4467
v 0.284999996 0.425000012 0.368772000
vn 0.000000000 1.000000000 -0.000000000
v -0.284999996 0.425000012 0.407772005
vn 0.000000000 1.000000000 -0.000000000
v 0.284999996 0.425000012 0.407772005
vn 0.000000000 1.000000000 -0.000000000
f 4468/4468/4468 4469/4469/4469 4470/4470/4470
v -0.284999996 -0.180000007 0.442772001
vn 0.000000000 0.000000000 1.000000000
v 0.284999996 -0.180000007 0.442772001
vn 0.000000000 0.000000000 1.000000000
v 0.284999996 0.390000015 0.442772001
vn 0.000000000 0.000000000 1.000000000
f 4471/4471/4471 4472/4472/4472 4473/4473/4473
v -0.284999996 -0.180000007 0.442772001
vn 0.000000000 0.000000000 1.000000000
v 0.284999996 0.390000015 0.442772001
vn 0.000000000 0.000000000 1.000000000
v -0.284999996 0.390000015 0.442772001
vn 0.000000000 0.000000000 1.000000000
f 4474/4474/4474 4475/4475/4475 4476/4476/4476
o Victorian_5_|_short_wood_foot_(-0.35,_-0.3)
usemtl UV_Base
v -0.380999982 -0.337000012 0.006000000
vn -0.249307200 -0.931783080 -0.263867766
v -0.383996040 -0.336198390 0.006000000
vn -0.249307200 -0.931783080 -0.263867766
v -0.383869261 -0.335419774 0.003130730
vn -0.249307200 -0.931783080 -0.263867766
f 4477/4477/4477 4478/4478/4478 4479/4479/4479
v -0.380999982 -0.337000012 0.006000000
vn -0.263868302 -0.931783140 -0.249306619
v -0.383869261 -0.335419774 0.003130730
vn -0.263868302 -0.931783140 -0.249306619
v -0.380999982 -0.336198390 0.003003936
vn -0.263868302 -0.931783140 -0.249306619
f 4480/4480/4480 4481/4481/4481 4482/4482/4482
v -0.383996040 -0.336198390 0.006000000
vn -0.690136075 -0.690136075 -0.217771620
v -0.386198401 -0.333996028 0.006000000
vn -0.690136075 -0.690136075 -0.217771620
v -0.385419786 -0.333869249 0.003130731
vn -0.690136075 -0.690136075 -0.217771620
f 4483/4483/4483 4484/4484/4484 4485/4485/4485
v -0.383996040 -0.336198390 0.006000000
vn -0.690136015 -0.690136015 -0.217771590
v -0.385419786 -0.333869249 0.003130731
vn -0.690136015 -0.690136015 -0.217771590
v -0.383869261 -0.335419774 0.003130730
vn -0.690136015 -0.690136015 -0.217771590
f 4486/4486/4486 4487/4487/4487 4488/4488/4488
v -0.386999995 -0.331000000 0.006000001
vn -0.931784689 -0.263868421 -0.249300376
v -0.386198401 -0.330999970 0.003003936
vn -0.931784689 -0.263868421 -0.249300376
v -0.385419786 -0.333869249 0.003130731
vn -0.931784689 -0.263868421 -0.249300376
f 4489/4489/4489 4490/4490/4490 4491/4491/4491
v -0.386999995 -0.331000000 0.006000001
vn -0.931784689 -0.249300793 -0.263867915
v -0.385419786 -0.333869249 0.003130731
vn -0.931784689 -0.249300793 -0.263867915
v -0.386198401 -0.333996028 0.006000000
vn -0.931784689 -0.249300793 -0.263867915
f 4492/4492/4492 4493/4493/4493 4494/4494/4494
v -0.386198401 -0.330999970 0.003003936
vn -0.690135241 -0.217773855 -0.690136135
v -0.383996040 -0.330999970 0.000801577
vn -0.690135241 -0.217773855 -0.690136135
v -0.383869261 -0.333869249 0.001580205
vn -0.690135241 -0.217773855 -0.690136135
f 4495/4495/4495 4496/4496/4496 4497/4497/4497
v -0.386198401 -0.330999970 0.003003936
vn -0.690135717 -0.217774540 -0.690135539
v -0.383869261 -0.333869249 0.001580205
vn -0.690135717 -0.217774540 -0.690135539
v -0.385419786 -0.333869249 0.003130731
vn -0.690135717 -0.217774540 -0.690135539
f 4498/4498/4498 4499/4499/4499 4500/4500/4500
v -0.380999982 -0.331000000 0.000000000
vn -0.263870925 -0.249296054 -0.931785226
v -0.380999982 -0.333996028 0.000801577
vn -0.263870925 -0.249296054 -0.931785226
v -0.383869261 -0.333869249 0.001580205
vn -0.263870925 -0.249296054 -0.931785226
f 4501/4501/4501 4502/4502/4502 4503/4503/4503
v -0.380999982 -0.331000000 0.000000000
vn -0.249296218 -0.263870984 -0.931785226
v -0.383869261 -0.333869249 0.001580205
vn -0.249296218 -0.263870984 -0.931785226
v -0.383996040 -0.330999970 0.000801577
vn -0.249296218 -0.263870984 -0.931785226
f 4504/4504/4504 4505/4505/4505 4506/4506/4506
v -0.380999982 -0.333996028 0.000801577
vn -0.217774481 -0.690135062 -0.690136135
v -0.380999982 -0.336198390 0.003003936
vn -0.217774481 -0.690135062 -0.690136135
v -0.383869261 -0.335419774 0.003130730
vn -0.217774481 -0.690135062 -0.690136135
f 4507/4507/4507 4508/4508/4508 4509/4509/4509
v -0.380999982 -0.333996028 0.000801577
vn -0.217773750 -0.690135777 -0.690135658
v -0.383869261 -0.335419774 0.003130730
vn -0.217773750 -0.690135777 -0.690135658
v -0.383869261 -0.333869249 0.001580205
vn -0.217773750 -0.690135777 -0.690135658
f 4510/4510/4510 4511/4511/4511 4512/4512/4512
v -0.383869261 -0.335419774 0.003130730
vn -0.577350318 -0.577350199 -0.577350140
v -0.385419786 -0.333869249 0.003130731
vn -0.577350318 -0.577350199 -0.577350140
v -0.383869261 -0.333869249 0.001580205
vn -0.577350318 -0.577350199 -0.577350140
f 4513/4513/4513 4514/4514/4514 4515/4515/4515
v -0.319000006 -0.337000012 0.006000001
vn 0.263868302 -0.931783140 -0.249306619
v -0.319000006 -0.336198390 0.003003936
vn 0.263868302 -0.931783140 -0.249306619
v -0.316130728 -0.335419774 0.003130731
vn 0.263868302 -0.931783140 -0.249306619
f 4516/4516/4516 4517/4517/4517 4518/4518/4518
v -0.319000006 -0.337000012 0.006000001
vn 0.249307141 -0.931783080 -0.263867795
v -0.316130728 -0.335419774 0.003130731
vn 0.249307141 -0.931783080 -0.263867795
v -0.316003948 -0.336198390 0.006000000
vn 0.249307141 -0.931783080 -0.263867795
f 4519/4519/4519 4520/4520/4520 4521/4521/4521
v -0.319000006 -0.336198390 0.003003936
vn 0.217773855 -0.690135241 -0.690136135
v -0.319000006 -0.333996028 0.000801577
vn 0.217773855 -0.690135241 -0.690136135
v -0.316130728 -0.333869249 0.001580205
vn 0.217773855 -0.690135241 -0.690136135
f 4522/4522/4522 4523/4523/4523 4524/4524/4524
v -0.319000006 -0.336198390 0.003003936
vn 0.217774585 -0.690135717 -0.690135419
v -0.316130728 -0.333869249 0.001580205
vn 0.217774585 -0.690135717 -0.690135419
v -0.316130728 -0.335419774 0.003130731
vn 0.217774585 -0.690135717 -0.690135419
f 4525/4525/4525 4526/4526/4526 4527/4527/4527
v -0.319000006 -0.331000000 0.000000000
vn 0.249296218 -0.263870984 -0.931785226
v -0.316003948 -0.330999970 0.000801577
vn 0.249296218 -0.263870984 -0.931785226
v -0.316130728 -0.333869249 0.001580205
vn 0.249296218 -0.263870984 -0.931785226
f 4528/4528/4528 4529/4529/4529 4530/4530/4530
v -0.319000006 -0.331000000 0.000000000
vn 0.263870925 -0.249296054 -0.931785226
v -0.316130728 -0.333869249 0.001580205
vn 0.263870925 -0.249296054 -0.931785226
v -0.319000006 -0.333996028 0.000801577
vn 0.263870925 -0.249296054 -0.931785226
f 4531/4531/4531 4532/4532/4532 4533/4533/4533
v -0.316003948 -0.330999970 0.000801577
vn 0.690135062 -0.217774421 -0.690136135
v -0.313801587 -0.330999970 0.003003936
vn 0.690135062 -0.217774421 -0.690136135
v -0.314580202 -0.333869249 0.003130730
vn 0.690135062 -0.217774421 -0.690136135
f 4534/4534/4534 4535/4535/4535 4536/4536/4536
v -0.316003948 -0.330999970 0.000801577
vn 0.690135658 -0.217773736 -0.690135658
v -0.314580202 -0.333869249 0.003130730
vn 0.690135658 -0.217773736 -0.690135658
v -0.316130728 -0.333869249 0.001580205
vn 0.690135658 -0.217773736 -0.690135658
f 4537/4537/4537 4538/4538/4538 4539/4539/4539
v -0.312999994 -0.331000000 0.006000000
vn 0.931784749 -0.249300852 -0.263867915
v -0.313801587 -0.333996028 0.006000000
vn 0.931784749 -0.249300852 -0.263867915
v -0.314580202 -0.333869249 0.003130730
vn 0.931784749 -0.249300852 -0.263867915
f 4540/4540/4540 4541/4541/4541 4542/4542/4542
v -0.312999994 -0.331000000 0.006000000
vn 0.931784689 -0.263868421 -0.249300376
v -0.314580202 -0.333869249 0.003130730
vn 0.931784689 -0.263868421 -0.249300376
v -0.313801587 -0.330999970 0.003003936
vn 0.931784689 -0.263868421 -0.249300376
f 4543/4543/4543 4544/4544/4544 4545/4545/4545
v -0.313801587 -0.333996028 0.006000000
vn 0.690136015 -0.690136015 -0.217771620
v -0.316003948 -0.336198390 0.006000000
vn 0.690136015 -0.690136015 -0.217771620
v -0.316130728 -0.335419774 0.003130731
vn 0.690136015 -0.690136015 -0.217771620
f 4546/4546/4546 4547/4547/4547 4548/4548/4548
v -0.313801587 -0.333996028 0.006000000
vn 0.690136015 -0.690136135 -0.217771575
v -0.316130728 -0.335419774 0.003130731
vn 0.690136015 -0.690136135 -0.217771575
v -0.314580202 -0.333869249 0.003130730
vn 0.690136015 -0.690136135 -0.217771575
f 4549/4549/4549 4550/4550/4550 4551/4551/4551
v -0.316130728 -0.335419774 0.003130731
vn 0.577350199 -0.577350438 -0.577350259
v -0.316130728 -0.333869249 0.001580205
vn 0.577350199 -0.577350438 -0.577350259
v -0.314580202 -0.333869249 0.003130730
vn 0.577350199 -0.577350438 -0.577350259
f 4552/4552/4552 4553/4553/4553 4554/4554/4554
v -0.319000006 -0.263000011 0.006000000
vn 0.249307200 0.931783080 -0.263867766
v -0.316003948 -0.263801634 0.006000000
vn 0.249307200 0.931783080 -0.263867766
v -0.316130728 -0.264580250 0.003130730
vn 0.249307200 0.931783080 -0.263867766
f 4555/4555/4555 4556/4556/4556 4557/4557/4557
v -0.319000006 -0.263000011 0.006000000
vn 0.263868302 0.931783140 -0.249306619
v -0.316130728 -0.264580250 0.003130730
vn 0.263868302 0.931783140 -0.249306619
v -0.319000006 -0.263801634 0.003003936
vn 0.263868302 0.931783140 -0.249306619
f 4558/4558/4558 4559/4559/4559 4560/4560/4560
v -0.316003948 -0.263801634 0.006000000
vn 0.690136075 0.690136075 -0.217771620
v -0.313801587 -0.266003996 0.006000000
vn 0.690136075 0.690136075 -0.217771620
v -0.314580202 -0.266130775 0.003130731
vn 0.690136075 0.690136075 -0.217771620
f 4561/4561/4561 4562/4562/4562 4563/4563/4563
v -0.316003948 -0.263801634 0.006000000
vn 0.690136015 0.690136015 -0.217771590
v -0.314580202 -0.266130775 0.003130731
vn 0.690136015 0.690136015 -0.217771590
v -0.316130728 -0.264580250 0.003130730
vn 0.690136015 0.690136015 -0.217771590
f 4564/4564/4564 4565/4565/4565 4566/4566/4566
v -0.312999994 -0.269000024 0.006000001
vn 0.931784689 0.263868421 -0.249300376
v -0.313801587 -0.269000053 0.003003936
vn 0.931784689 0.263868421 -0.249300376
v -0.314580202 -0.266130775 0.003130731
vn 0.931784689 0.263868421 -0.249300376
f 4567/4567/4567 4568/4568/4568 4569/4569/4569
v -0.312999994 -0.269000024 0.006000001
vn 0.931784689 0.249300793 -0.263867915
v -0.314580202 -0.266130775 0.003130731
vn 0.931784689 0.249300793 -0.263867915
v -0.313801587 -0.266003996 0.006000000
vn 0.931784689 0.249300793 -0.263867915
f 4570/4570/4570 4571/4571/4571 4572/4572/4572
v -0.313801587 -0.269000053 0.003003936
vn 0.690135241 0.217773855 -0.690136135
v -0.316003948 -0.269000053 0.000801577
vn 0.690135241 0.217773855 -0.690136135
v -0.316130728 -0.266130775 0.001580205
vn 0.690135241 0.217773855 -0.690136135
f 4573/4573/4573 4574/4574/4574 4575/4575/4575
v -0.313801587 -0.269000053 0.003003936
vn 0.690135717 0.217774540 -0.690135539
v -0.316130728 -0.266130775 0.001580205
vn 0.690135717 0.217774540 -0.690135539
v -0.314580202 -0.266130775 0.003130731
vn 0.690135717 0.217774540 -0.690135539
f 4576/4576/4576 4577/4577/4577 4578/4578/4578
v -0.319000006 -0.269000024 0.000000000
vn 0.263870925 0.249296054 -0.931785226
v -0.319000006 -0.266003996 0.000801577
vn 0.263870925 0.249296054 -0.931785226
v -0.316130728 -0.266130775 0.001580205
vn 0.263870925 0.249296054 -0.931785226
f 4579/4579/4579 4580/4580/4580 4581/4581/4581
v -0.319000006 -0.269000024 0.000000000
vn 0.249296218 0.263870984 -0.931785226
v -0.316130728 -0.266130775 0.001580205
vn 0.249296218 0.263870984 -0.931785226
v -0.316003948 -0.269000053 0.000801577
vn 0.249296218 0.263870984 -0.931785226
f 4582/4582/4582 4583/4583/4583 4584/4584/4584
v -0.319000006 -0.266003996 0.000801577
vn 0.217774481 0.690135062 -0.690136135
v -0.319000006 -0.263801634 0.003003936
vn 0.217774481 0.690135062 -0.690136135
v -0.316130728 -0.264580250 0.003130730
vn 0.217774481 0.690135062 -0.690136135
f 4585/4585/4585 4586/4586/4586 4587/4587/4587
v -0.319000006 -0.266003996 0.000801577
vn 0.217773750 0.690135777 -0.690135658
v -0.316130728 -0.264580250 0.003130730
vn 0.217773750 0.690135777 -0.690135658
v -0.316130728 -0.266130775 0.001580205
vn 0.217773750 0.690135777 -0.690135658
f 4588/4588/4588 4589/4589/4589 4590/4590/4590
v -0.316130728 -0.264580250 0.003130730
vn 0.577350318 0.577350199 -0.577350140
v -0.314580202 -0.266130775 0.003130731
vn 0.577350318 0.577350199 -0.577350140
v -0.316130728 -0.266130775 0.001580205
vn 0.577350318 0.577350199 -0.577350140
f 4591/4591/4591 4592/4592/4592 4593/4593/4593
v -0.386999995 -0.269000024 0.006000000
vn -0.931784689 0.249300852 -0.263867915
v -0.386198401 -0.266003996 0.006000000
vn -0.931784689 0.249300852 -0.263867915
v -0.385419786 -0.266130775 0.003130730
vn -0.931784689 0.249300852 -0.263867915
f 4594/4594/4594 4595/4595/4595 4596/4596/4596
v -0.386999995 -0.269000024 0.006000000
vn -0.931784689 0.263868451 -0.249300376
v -0.385419786 -0.266130775 0.003130730
vn -0.931784689 0.263868451 -0.249300376
v -0.386198401 -0.269000053 0.003003936
vn -0.931784689 0.263868451 -0.249300376
f 4597/4597/4597 4598/4598/4598 4599/4599/4599
v -0.386198401 -0.266003996 0.006000000
vn -0.690136075 0.690136075 -0.217771620
v -0.383996040 -0.263801634 0.006000000
vn -0.690136075 0.690136075 -0.217771620
v -0.383869261 -0.264580250 0.003130731
vn -0.690136075 0.690136075 -0.217771620
f 4600/4600/4600 4601/4601/4601 4602/4602/4602
v -0.386198401 -0.266003996 0.006000000
vn -0.690136015 0.690136015 -0.217771590
v -0.383869261 -0.264580250 0.003130731
vn -0.690136015 0.690136015 -0.217771590
v -0.385419786 -0.266130775 0.003130730
vn -0.690136015 0.690136015 -0.217771590
f 4603/4603/4603 4604/4604/4604 4605/4605/4605
v -0.380999982 -0.263000011 0.006000001
vn -0.263868272 0.931783140 -0.249306619
v -0.380999982 -0.263801634 0.003003936
vn -0.263868272 0.931783140 -0.249306619
v -0.383869261 -0.264580250 0.003130731
vn -0.263868272 0.931783140 -0.249306619
f 4606/4606/4606 4607/4607/4607 4608/4608/4608
v -0.380999982 -0.263000011 0.006000001
vn -0.249307156 0.931783080 -0.263867766
v -0.383869261 -0.264580250 0.003130731
vn -0.249307156 0.931783080 -0.263867766
v -0.383996040 -0.263801634 0.006000000
vn -0.249307156 0.931783080 -0.263867766
f 4609/4609/4609 4610/4610/4610 4611/4611/4611
v -0.380999982 -0.263801634 0.003003936
vn -0.217773855 0.690135241 -0.690136135
v -0.380999982 -0.266003996 0.000801577
vn -0.217773855 0.690135241 -0.690136135
v -0.383869261 -0.266130775 0.001580205
vn -0.217773855 0.690135241 -0.690136135
f 4612/4612/4612 4613/4613/4613 4614/4614/4614
v -0.380999982 -0.263801634 0.003003936
vn -0.217774540 0.690135717 -0.690135539
v -0.383869261 -0.266130775 0.001580205
vn -0.217774540 0.690135717 -0.690135539
v -0.383869261 -0.264580250 0.003130731
vn -0.217774540 0.690135717 -0.690135539
f 4615/4615/4615 4616/4616/4616 4617/4617/4617
v -0.380999982 -0.269000024 0.000000000
vn -0.249296218 0.263870984 -0.931785226
v -0.383996040 -0.269000053 0.000801577
vn -0.249296218 0.263870984 -0.931785226
v -0.383869261 -0.266130775 0.001580205
vn -0.249296218 0.263870984 -0.931785226
f 4618/4618/4618 4619/4619/4619 4620/4620/4620
v -0.380999982 -0.269000024 0.000000000
vn -0.263870925 0.249296054 -0.931785226
v -0.383869261 -0.266130775 0.001580205
vn -0.263870925 0.249296054 -0.931785226
v -0.380999982 -0.266003996 0.000801577
vn -0.263870925 0.249296054 -0.931785226
f 4621/4621/4621 4622/4622/4622 4623/4623/4623
v -0.383996040 -0.269000053 0.000801577
vn -0.690135062 0.217774481 -0.690136135
v -0.386198401 -0.269000053 0.003003936
vn -0.690135062 0.217774481 -0.690136135
v -0.385419786 -0.266130775 0.003130730
vn -0.690135062 0.217774481 -0.690136135
f 4624/4624/4624 4625/4625/4625 4626/4626/4626
v -0.383996040 -0.269000053 0.000801577
vn -0.690135777 0.217773750 -0.690135658
v -0.385419786 -0.266130775 0.003130730
vn -0.690135777 0.217773750 -0.690135658
v -0.383869261 -0.266130775 0.001580205
vn -0.690135777 0.217773750 -0.690135658
f 4627/4627/4627 4628/4628/4628 4629/4629/4629
v -0.385419786 -0.266130775 0.003130730
vn -0.577350199 0.577350318 -0.577350140
v -0.383869261 -0.264580250 0.003130731
vn -0.577350199 0.577350318 -0.577350140
v -0.383869261 -0.266130775 0.001580205
vn -0.577350199 0.577350318 -0.577350140
f 4630/4630/4630 4631/4631/4631 4632/4632/4632
v -0.386999995 -0.331000000 0.184000000
vn -0.931784332 -0.249302059 0.263868451
v -0.386198401 -0.333996028 0.183999985
vn -0.931784332 -0.249302059 0.263868451
v -0.385419786 -0.333869249 0.186869249
vn -0.931784332 -0.249302059 0.263868451
f 4633/4633/4633 4634/4634/4634 4635/4635/4635
v -0.386999995 -0.331000000 0.184000000
vn -0.931784332 -0.263868392 0.249302119
v -0.385419786 -0.333869249 0.186869249
vn -0.931784332 -0.263868392 0.249302119
v -0.386198401 -0.330999970 0.186996043
vn -0.931784332 -0.263868392 0.249302119
f 4636/4636/4636 4637/4637/4637 4638/4638/4638
v -0.386198401 -0.333996028 0.183999985
vn -0.690136015 -0.690136015 0.217772067
v -0.383996040 -0.336198390 0.183999985
vn -0.690136015 -0.690136015 0.217772067
v -0.383869261 -0.335419774 0.186869249
vn -0.690136015 -0.690136015 0.217772067
f 4639/4639/4639 4640/4640/4640 4641/4641/4641
v -0.386198401 -0.333996028 0.183999985
vn -0.690135956 -0.690135956 0.217772052
v -0.383869261 -0.335419774 0.186869249
vn -0.690135956 -0.690135956 0.217772052
v -0.385419786 -0.333869249 0.186869249
vn -0.690135956 -0.690135956 0.217772052
f 4642/4642/4642 4643/4643/4643 4644/4644/4644
v -0.380999982 -0.337000012 0.184000000
vn -0.263868183 -0.931782663 0.249308303
v -0.380999982 -0.336198390 0.186996043
vn -0.263868183 -0.931782663 0.249308303
v -0.383869261 -0.335419774 0.186869249
vn -0.263868183 -0.931782663 0.249308303
f 4645/4645/4645 4646/4646/4646 4647/4647/4647
v -0.380999982 -0.337000012 0.184000000
vn -0.249308407 -0.931782663 0.263868302
v -0.383869261 -0.335419774 0.186869249
vn -0.249308407 -0.931782663 0.263868302
v -0.383996040 -0.336198390 0.183999985
vn -0.249308407 -0.931782663 0.263868302
f 4648/4648/4648 4649/4649/4649 4650/4650/4650
v -0.380999982 -0.336198390 0.186996043
vn -0.217774376 -0.690135598 0.690135598
v -0.380999982 -0.333996028 0.189198405
vn -0.217774376 -0.690135598 0.690135598
v -0.383869261 -0.333869249 0.188419774
vn -0.217774376 -0.690135598 0.690135598
f 4651/4651/4651 4652/4652/4652 4653/4653/4653
v -0.380999982 -0.336198390 0.186996043
vn -0.217774376 -0.690135598 0.690135598
v -0.383869261 -0.333869249 0.188419774
vn -0.217774376 -0.690135598 0.690135598
v -0.383869261 -0.335419774 0.186869249
vn -0.217774376 -0.690135598 0.690135598
f 4654/4654/4654 4655/4655/4655 4656/4656/4656
v -0.380999982 -0.331000000 0.189999998
vn -0.249300718 -0.263871729 0.931783736
v -0.383996040 -0.330999970 0.189198405
vn -0.249300718 -0.263871729 0.931783736
v -0.383869261 -0.333869249 0.188419774
vn -0.249300718 -0.263871729 0.931783736
f 4657/4657/4657 4658/4658/4658 4659/4659/4659
v -0.380999982 -0.331000000 0.189999998
vn -0.263871670 -0.249300569 0.931783736
v -0.383869261 -0.333869249 0.188419774
vn -0.263871670 -0.249300569 0.931783736
v -0.380999982 -0.333996028 0.189198405
vn -0.263871670 -0.249300569 0.931783736
f 4660/4660/4660 4661/4661/4661 4662/4662/4662
v -0.383996040 -0.330999970 0.189198405
vn -0.690135598 -0.217774376 0.690135598
v -0.386198401 -0.330999970 0.186996043
vn -0.690135598 -0.217774376 0.690135598
v -0.385419786 -0.333869249 0.186869249
vn -0.690135598 -0.217774376 0.690135598
f 4663/4663/4663 4664/4664/4664 4665/4665/4665
v -0.383996040 -0.330999970 0.189198405
vn -0.690135598 -0.217774406 0.690135598
v -0.385419786 -0.333869249 0.186869249
vn -0.690135598 -0.217774406 0.690135598
v -0.383869261 -0.333869249 0.188419774
vn -0.690135598 -0.217774406 0.690135598
f 4666/4666/4666 4667/4667/4667 4668/4668/4668
v -0.385419786 -0.333869249 0.186869249
vn -0.577350318 -0.577350318 0.577350318
v -0.383869261 -0.335419774 0.186869249
vn -0.577350318 -0.577350318 0.577350318
v -0.383869261 -0.333869249 0.188419774
vn -0.577350318 -0.577350318 0.577350318
f 4669/4669/4669 4670/4670/4670 4671/4671/4671
v -0.319000006 -0.337000012 0.184000000
vn 0.249308407 -0.931782663 0.263868302
v -0.316003948 -0.336198390 0.183999985
vn 0.249308407 -0.931782663 0.263868302
v -0.316130728 -0.335419774 0.186869249
vn 0.249308407 -0.931782663 0.263868302
f 4672/4672/4672 4673/4673/4673 4674/4674/4674
v -0.319000006 -0.337000012 0.184000000
vn 0.263868183 -0.931782663 0.249308303
v -0.316130728 -0.335419774 0.186869249
vn 0.263868183 -0.931782663 0.249308303
v -0.319000006 -0.336198390 0.186996043
vn 0.263868183 -0.931782663 0.249308303
f 4675/4675/4675 4676/4676/4676 4677/4677/4677
v -0.316003948 -0.336198390 0.183999985
vn 0.690136015 -0.690136015 0.217772067
v -0.313801587 -0.333996028 0.183999985
vn 0.690136015 -0.690136015 0.217772067
v -0.314580202 -0.333869249 0.186869249
vn 0.690136015 -0.690136015 0.217772067
f 4678/4678/4678 4679/4679/4679 4680/4680/4680
v -0.316003948 -0.336198390 0.183999985
vn 0.690135956 -0.690135956 0.217772052
v -0.314580202 -0.333869249 0.186869249
vn 0.690135956 -0.690135956 0.217772052
v -0.316130728 -0.335419774 0.186869249
vn 0.690135956 -0.690135956 0.217772052
f 4681/4681/4681 4682/4682/4682 4683/4683/4683
v -0.312999994 -0.331000000 0.184000000
vn 0.931784332 -0.263868392 0.249302119
v -0.313801587 -0.330999970 0.186996043
vn 0.931784332 -0.263868392 0.249302119
v -0.314580202 -0.333869249 0.186869249
vn 0.931784332 -0.263868392 0.249302119
f 4684/4684/4684 4685/4685/4685 4686/4686/4686
v -0.312999994 -0.331000000 0.184000000
vn 0.931784332 -0.249302059 0.263868451
v -0.314580202 -0.333869249 0.186869249
vn 0.931784332 -0.249302059 0.263868451
v -0.313801587 -0.333996028 0.183999985
vn 0.931784332 -0.249302059 0.263868451
f 4687/4687/4687 4688/4688/4688 4689/4689/4689
v -0.313801587 -0.330999970 0.186996043
vn 0.690135598 -0.217774376 0.690135598
v -0.316003948 -0.330999970 0.189198405
vn 0.690135598 -0.217774376 0.690135598
v -0.316130728 -0.333869249 0.188419774
vn 0.690135598 -0.217774376 0.690135598
f 4690/4690/4690 4691/4691/4691 4692/4692/4692
v -0.313801587 -0.330999970 0.186996043
vn 0.690135598 -0.217774376 0.690135598
v -0.316130728 -0.333869249 0.188419774
vn 0.690135598 -0.217774376 0.690135598
v -0.314580202 -0.333869249 0.186869249
vn 0.690135598 -0.217774376 0.690135598
f 4693/4693/4693 4694/4694/4694 4695/4695/4695
v -0.319000006 -0.331000000 0.189999998
vn 0.263871670 -0.249300569 0.931783736
v -0.319000006 -0.333996028 0.189198405
vn 0.263871670 -0.249300569 0.931783736
v -0.316130728 -0.333869249 0.188419774
vn 0.263871670 -0.249300569 0.931783736
f 4696/4696/4696 4697/4697/4697 4698/4698/4698
v -0.319000006 -0.331000000 0.189999998
vn 0.249300718 -0.263871729 0.931783736
v -0.316130728 -0.333869249 0.188419774
vn 0.249300718 -0.263871729 0.931783736
v -0.316003948 -0.330999970 0.189198405
vn 0.249300718 -0.263871729 0.931783736
f 4699/4699/4699 4700/4700/4700 4701/4701/4701
v -0.319000006 -0.333996028 0.189198405
vn 0.217774376 -0.690135598 0.690135598
v -0.319000006 -0.336198390 0.186996043
vn 0.217774376 -0.690135598 0.690135598
v -0.316130728 -0.335419774 0.186869249
vn 0.217774376 -0.690135598 0.690135598
f 4702/4702/4702 4703/4703/4703 4704/4704/4704
v -0.319000006 -0.333996028 0.189198405
vn 0.217774406 -0.690135598 0.690135598
v -0.316130728 -0.335419774 0.186869249
vn 0.217774406 -0.690135598 0.690135598
v -0.316130728 -0.333869249 0.188419774
vn 0.217774406 -0.690135598 0.690135598
f 4705/4705/4705 4706/4706/4706 4707/4707/4707
v -0.316130728 -0.335419774 0.186869249
vn 0.577350318 -0.577350318 0.577350318
v -0.314580202 -0.333869249 0.186869249
vn 0.577350318 -0.577350318 0.577350318
v -0.316130728 -0.333869249 0.188419774
vn 0.577350318 -0.577350318 0.577350318
f 4708/4708/4708 4709/4709/4709 4710/4710/4710
v -0.312999994 -0.269000024 0.184000000
vn 0.931784332 0.249302059 0.263868451
v -0.313801587 -0.266003996 0.183999985
vn 0.931784332 0.249302059 0.263868451
v -0.314580202 -0.266130775 0.186869249
vn 0.931784332 0.249302059 0.263868451
f 4711/4711/4711 4712/4712/4712 4713/4713/4713
v -0.312999994 -0.269000024 0.184000000
vn 0.931784332 0.263868392 0.249302119
v -0.314580202 -0.266130775 0.186869249
vn 0.931784332 0.263868392 0.249302119
v -0.313801587 -0.269000053 0.186996043
vn 0.931784332 0.263868392 0.249302119
f 4714/4714/4714 4715/4715/4715 4716/4716/4716
v -0.313801587 -0.266003996 0.183999985
vn 0.690136015 0.690136015 0.217772067
v -0.316003948 -0.263801634 0.183999985
vn 0.690136015 0.690136015 0.217772067
v -0.316130728 -0.264580250 0.186869249
vn 0.690136015 0.690136015 0.217772067
f 4717/4717/4717 4718/4718/4718 4719/4719/4719
v -0.313801587 -0.266003996 0.183999985
vn 0.690135956 0.690135956 0.217772052
v -0.316130728 -0.264580250 0.186869249
vn 0.690135956 0.690135956 0.217772052
v -0.314580202 -0.266130775 0.186869249
vn 0.690135956 0.690135956 0.217772052
f 4720/4720/4720 4721/4721/4721 4722/4722/4722
v -0.319000006 -0.263000011 0.184000000
vn 0.263868183 0.931782663 0.249308303
v -0.319000006 -0.263801634 0.186996043
vn 0.263868183 0.931782663 0.249308303
v -0.316130728 -0.264580250 0.186869249
vn 0.263868183 0.931782663 0.249308303
f 4723/4723/4723 4724/4724/4724 4725/4725/4725
v -0.319000006 -0.263000011 0.184000000
vn 0.249308407 0.931782663 0.263868302
v -0.316130728 -0.264580250 0.186869249
vn 0.249308407 0.931782663 0.263868302
v -0.316003948 -0.263801634 0.183999985
vn 0.249308407 0.931782663 0.263868302
f 4726/4726/4726 4727/4727/4727 4728/4728/4728
v -0.319000006 -0.263801634 0.186996043
vn 0.217774376 0.690135598 0.690135598
v -0.319000006 -0.266003996 0.189198405
vn 0.217774376 0.690135598 0.690135598
v -0.316130728 -0.266130775 0.188419774
vn 0.217774376 0.690135598 0.690135598
f 4729/4729/4729 4730/4730/4730 4731/4731/4731
v -0.319000006 -0.263801634 0.186996043
vn 0.217774376 0.690135598 0.690135598
v -0.316130728 -0.266130775 0.188419774
vn 0.217774376 0.690135598 0.690135598
v -0.316130728 -0.264580250 0.186869249
vn 0.217774376 0.690135598 0.690135598
f 4732/4732/4732 4733/4733/4733 4734/4734/4734
v -0.319000006 -0.269000024 0.189999998
vn 0.249300718 0.263871729 0.931783736
v -0.316003948 -0.269000053 0.189198405
vn 0.249300718 0.263871729 0.931783736
v -0.316130728 -0.266130775 0.188419774
vn 0.249300718 0.263871729 0.931783736
f 4735/4735/4735 4736/4736/4736 4737/4737/4737
v -0.319000006 -0.269000024 0.189999998
vn 0.263871670 0.249300569 0.931783736
v -0.316130728 -0.266130775 0.188419774
vn 0.263871670 0.249300569 0.931783736
v -0.319000006 -0.266003996 0.189198405
vn 0.263871670 0.249300569 0.931783736
f 4738/4738/4738 4739/4739/4739 4740/4740/4740
v -0.316003948 -0.269000053 0.189198405
vn 0.690135598 0.217774376 0.690135598
v -0.313801587 -0.269000053 0.186996043
vn 0.690135598 0.217774376 0.690135598
v -0.314580202 -0.266130775 0.186869249
vn 0.690135598 0.217774376 0.690135598
f 4741/4741/4741 4742/4742/4742 4743/4743/4743
v -0.316003948 -0.269000053 0.189198405
vn 0.690135598 0.217774406 0.690135598
v -0.314580202 -0.266130775 0.186869249
vn 0.690135598 0.217774406 0.690135598
v -0.316130728 -0.266130775 0.188419774
vn 0.690135598 0.217774406 0.690135598
f 4744/4744/4744 4745/4745/4745 4746/4746/4746
v -0.314580202 -0.266130775 0.186869249
vn 0.577350318 0.577350318 0.577350318
v -0.316130728 -0.264580250 0.186869249
vn 0.577350318 0.577350318 0.577350318
v -0.316130728 -0.266130775 0.188419774
vn 0.577350318 0.577350318 0.577350318
f 4747/4747/4747 4748/4748/4748 4749/4749/4749
v -0.386999995 -0.269000024 0.184000000
vn -0.931785464 0.263868451 0.249297306
v -0.386198401 -0.269000024 0.186996073
vn -0.931785464 0.263868451 0.249297306
v -0.385419786 -0.266130745 0.186869279
vn -0.931785464 0.263868451 0.249297306
f 4750/4750/4750 4751/4751/4751 4752/4752/4752
v -0.386999995 -0.269000024 0.184000000
vn -0.931785583 0.249297246 0.263868541
v -0.385419786 -0.266130745 0.186869279
vn -0.931785583 0.249297246 0.263868541
v -0.386198401 -0.266003966 0.184000015
vn -0.931785583 0.249297246 0.263868541
f 4753/4753/4753 4754/4754/4754 4755/4755/4755
v -0.386198401 -0.269000024 0.186996073
vn -0.690135598 0.217774376 0.690135598
v -0.383996040 -0.269000024 0.189198434
vn -0.690135598 0.217774376 0.690135598
v -0.383869261 -0.266130745 0.188419804
vn -0.690135598 0.217774376 0.690135598
f 4756/4756/4756 4757/4757/4757 4758/4758/4758
v -0.386198401 -0.269000024 0.186996073
vn -0.690135598 0.217774376 0.690135598
v -0.383869261 -0.266130745 0.188419804
vn -0.690135598 0.217774376 0.690135598
v -0.385419786 -0.266130745 0.186869279
vn -0.690135598 0.217774376 0.690135598
f 4759/4759/4759 4760/4760/4760 4761/4761/4761
v -0.380999982 -0.269000024 0.189999998
vn -0.263871938 0.249289572 0.931786537
v -0.380999982 -0.266003966 0.189198434
vn -0.263871938 0.249289572 0.931786537
v -0.383869261 -0.266130745 0.188419804
vn -0.263871938 0.249289572 0.931786537
f 4762/4762/4762 4763/4763/4763 4764/4764/4764
v -0.380999982 -0.269000024 0.189999998
vn -0.249289572 0.263871938 0.931786537
v -0.383869261 -0.266130745 0.188419804
vn -0.249289572 0.263871938 0.931786537
v -0.383996040 -0.269000024 0.189198434
vn -0.249289572 0.263871938 0.931786537
f 4765/4765/4765 4766/4766/4766 4767/4767/4767
v -0.380999982 -0.266003966 0.189198434
vn -0.217774376 0.690135598 0.690135598
v -0.380999982 -0.263801605 0.186996073
vn -0.217774376 0.690135598 0.690135598
v -0.383869261 -0.264580220 0.186869279
vn -0.217774376 0.690135598 0.690135598
f 4768/4768/4768 4769/4769/4769 4770/4770/4770
v -0.380999982 -0.266003966 0.189198434
vn -0.217774406 0.690135598 0.690135598
v -0.383869261 -0.264580220 0.186869279
vn -0.217774406 0.690135598 0.690135598
v -0.383869261 -0.266130745 0.188419804
vn -0.217774406 0.690135598 0.690135598
f 4771/4771/4771 4772/4772/4772 4773/4773/4773
v -0.380999982 -0.263000011 0.184000000
vn -0.249297246 0.931785583 0.263868541
v -0.383996040 -0.263801605 0.184000015
vn -0.249297246 0.931785583 0.263868541
v -0.383869261 -0.264580220 0.186869279
vn -0.249297246 0.931785583 0.263868541
f 4774/4774/4774 4775/4775/4775 4776/4776/4776
v -0.380999982 -0.263000011 0.184000000
vn -0.263868451 0.931785464 0.249297306
v -0.383869261 -0.264580220 0.186869279
vn -0.263868451 0.931785464 0.249297306
v -0.380999982 -0.263801605 0.186996073
vn -0.263868451 0.931785464 0.249297306
f 4777/4777/4777 4778/4778/4778 4779/4779/4779
v -0.383996040 -0.263801605 0.184000015
vn -0.690136015 0.690136015 0.217772067
v -0.386198401 -0.266003966 0.184000015
vn -0.690136015 0.690136015 0.217772067
v -0.385419786 -0.266130745 0.186869279
vn -0.690136015 0.690136015 0.217772067
f 4780/4780/4780 4781/4781/4781 4782/4782/4782
v -0.383996040 -0.263801605 0.184000015
vn -0.690135956 0.690135956 0.217772052
v -0.385419786 -0.266130745 0.186869279
vn -0.690135956 0.690135956 0.217772052
v -0.383869261 -0.264580220 0.186869279
vn -0.690135956 0.690135956 0.217772052
f 4783/4783/4783 4784/4784/4784 4785/4785/4785
v -0.385419786 -0.266130745 0.186869279
vn -0.577350318 0.577350318 0.577350318
v -0.383869261 -0.266130745 0.188419804
vn -0.577350318 0.577350318 0.577350318
v -0.383869261 -0.264580220 0.186869279
vn -0.577350318 0.577350318 0.577350318
f 4786/4786/4786 4787/4787/4787 4788/4788/4788
v -0.380999982 -0.331000000 0.000000000
vn 0.000000000 -0.258456260 -0.966022968
v -0.319000006 -0.331000000 0.000000000
vn 0.000000000 -0.258456260 -0.966022968
v -0.319000006 -0.333996028 0.000801577
vn 0.000000000 -0.258456260 -0.966022968
f 4789/4789/4789 4790/4790/4790 4791/4791/4791
v -0.380999982 -0.331000000 0.000000000
vn 0.000000000 -0.258456260 -0.966022968
v -0.319000006 -0.333996028 0.000801577
vn 0.000000000 -0.258456260 -0.966022968
v -0.380999982 -0.333996028 0.000801577
vn 0.000000000 -0.258456260 -0.966022968
f 4792/4792/4792 4793/4793/4793 4794/4794/4794
v -0.380999982 -0.333996028 0.000801577
vn 0.000000000 -0.707106352 -0.707107246
v -0.319000006 -0.333996028 0.000801577
vn 0.000000000 -0.707106352 -0.707107246
v -0.319000006 -0.336198390 0.003003936
vn 0.000000000 -0.707106352 -0.707107246
f 4795/4795/4795 4796/4796/4796 4797/4797/4797
v -0.380999982 -0.333996028 0.000801577
vn 0.000000007 -0.707106233 -0.707107306
v -0.319000006 -0.336198390 0.003003936
vn 0.000000007 -0.707106233 -0.707107306
v -0.380999982 -0.336198390 0.003003936
vn 0.000000007 -0.707106233 -0.707107306
f 4798/4798/4798 4799/4799/4799 4800/4800/4800
v -0.380999982 -0.336198390 0.003003936
vn 0.000000002 -0.966020107 -0.258467019
v -0.319000006 -0.336198390 0.003003936
vn 0.000000002 -0.966020107 -0.258467019
v -0.319000006 -0.337000012 0.006000001
vn 0.000000002 -0.966020107 -0.258467019
f 4801/4801/4801 4802/4802/4802 4803/4803/4803
v -0.380999982 -0.336198390 0.003003936
vn 0.000000002 -0.966020107 -0.258467019
v -0.319000006 -0.337000012 0.006000001
vn 0.000000002 -0.966020107 -0.258467019
v -0.380999982 -0.337000012 0.006000000
vn 0.000000002 -0.966020107 -0.258467019
f 4804/4804/4804 4805/4805/4805 4806/4806/4806
v -0.386999995 -0.331000000 0.006000001
vn -0.966022432 -0.000000002 -0.258458048
v -0.386999995 -0.269000024 0.006000000
vn -0.966022432 -0.000000002 -0.258458048
v -0.386198401 -0.269000053 0.003003936
vn -0.966022432 -0.000000002 -0.258458048
f 4807/4807/4807 4808/4808/4808 4809/4809/4809
v -0.386999995 -0.331000000 0.006000001
vn -0.966022551 -0.000000001 -0.258458048
v -0.386198401 -0.269000053 0.003003936
vn -0.966022551 -0.000000001 -0.258458048
v -0.386198401 -0.330999970 0.003003936
vn -0.966022551 -0.000000001 -0.258458048
f 4810/4810/4810 4811/4811/4811 4812/4812/4812
v -0.386198401 -0.330999970 0.003003936
vn -0.707106233 -0.000000005 -0.707107306
v -0.386198401 -0.269000053 0.003003936
vn -0.707106233 -0.000000005 -0.707107306
v -0.383996040 -0.269000053 0.000801577
vn -0.707106233 -0.000000005 -0.707107306
f 4813/4813/4813 4814/4814/4814 4815/4815/4815
v -0.386198401 -0.330999970 0.003003936
vn -0.707106352 0.000000000 -0.707107246
v -0.383996040 -0.269000053 0.000801577
vn -0.707106352 0.000000000 -0.707107246
v -0.383996040 -0.330999970 0.000801577
vn -0.707106352 0.000000000 -0.707107246
f 4816/4816/4816 4817/4817/4817 4818/4818/4818
v -0.383996040 -0.330999970 0.000801577
vn -0.258453846 0.000000000 -0.966023624
v -0.383996040 -0.269000053 0.000801577
vn -0.258453846 0.000000000 -0.966023624
v -0.380999982 -0.269000024 0.000000000
vn -0.258453846 0.000000000 -0.966023624
f 4819/4819/4819 4820/4820/4820 4821/4821/4821
v -0.383996040 -0.330999970 0.000801577
vn -0.258453846 0.000000000 -0.966023624
v -0.380999982 -0.269000024 0.000000000
vn -0.258453846 0.000000000 -0.966023624
v -0.380999982 -0.331000000 0.000000000
vn -0.258453846 0.000000000 -0.966023624
f 4822/4822/4822 4823/4823/4823 4824/4824/4824
v -0.319000006 -0.269000024 0.000000000
vn 0.000000000 0.258456260 -0.966022968
v -0.380999982 -0.269000024 0.000000000
vn 0.000000000 0.258456260 -0.966022968
v -0.380999982 -0.266003996 0.000801577
vn 0.000000000 0.258456260 -0.966022968
f 4825/4825/4825 4826/4826/4826 4827/4827/4827
v -0.319000006 -0.269000024 0.000000000
vn 0.000000000 0.258456260 -0.966022968
v -0.380999982 -0.266003996 0.000801577
vn 0.000000000 0.258456260 -0.966022968
v -0.319000006 -0.266003996 0.000801577
vn 0.000000000 0.258456260 -0.966022968
f 4828/4828/4828 4829/4829/4829 4830/4830/4830
v -0.319000006 -0.266003996 0.000801577
vn 0.000000000 0.707106352 -0.707107246
v -0.380999982 -0.266003996 0.000801577
vn 0.000000000 0.707106352 -0.707107246
v -0.380999982 -0.263801634 0.003003936
vn 0.000000000 0.707106352 -0.707107246
f 4831/4831/4831 4832/4832/4832 4833/4833/4833
v -0.319000006 -0.266003996 0.000801577
vn -0.000000007 0.707106233 -0.707107306
v -0.380999982 -0.263801634 0.003003936
vn -0.000000007 0.707106233 -0.707107306
v -0.319000006 -0.263801634 0.003003936
vn -0.000000007 0.707106233 -0.707107306
f 4834/4834/4834 4835/4835/4835 4836/4836/4836
v -0.319000006 -0.263801634 0.003003936
vn -0.000000002 0.966020107 -0.258467019
v -0.380999982 -0.263801634 0.003003936
vn -0.000000002 0.966020107 -0.258467019
v -0.380999982 -0.263000011 0.006000001
vn -0.000000002 0.966020107 -0.258467019
f 4837/4837/4837 4838/4838/4838 4839/4839/4839
v -0.319000006 -0.263801634 0.003003936
vn -0.000000002 0.966020107 -0.258467019
v -0.380999982 -0.263000011 0.006000001
vn -0.000000002 0.966020107 -0.258467019
v -0.319000006 -0.263000011 0.006000000
vn -0.000000002 0.966020107 -0.258467019
f 4840/4840/4840 4841/4841/4841 4842/4842/4842
v -0.319000006 -0.331000000 0.000000000
vn 0.258453846 0.000000000 -0.966023624
v -0.319000006 -0.269000024 0.000000000
vn 0.258453846 0.000000000 -0.966023624
v -0.316003948 -0.269000053 0.000801577
vn 0.258453846 0.000000000 -0.966023624
f 4843/4843/4843 4844/4844/4844 4845/4845/4845
v -0.319000006 -0.331000000 0.000000000
vn 0.258453846 0.000000000 -0.966023624
v -0.316003948 -0.269000053 0.000801577
vn 0.258453846 0.000000000 -0.966023624
v -0.316003948 -0.330999970 0.000801577
vn 0.258453846 0.000000000 -0.966023624
f 4846/4846/4846 4847/4847/4847 4848/4848/4848
v -0.316003948 -0.330999970 0.000801577
vn 0.707106352 0.000000000 -0.707107246
v -0.316003948 -0.269000053 0.000801577
vn 0.707106352 0.000000000 -0.707107246
v -0.313801587 -0.269000053 0.003003936
vn 0.707106352 0.000000000 -0.707107246
f 4849/4849/4849 4850/4850/4850 4851/4851/4851
v -0.316003948 -0.330999970 0.000801577
vn 0.707106233 0.000000007 -0.707107306
v -0.313801587 -0.269000053 0.003003936
vn 0.707106233 0.000000007 -0.707107306
v -0.313801587 -0.330999970 0.003003936
vn 0.707106233 0.000000007 -0.707107306
f 4852/4852/4852 4853/4853/4853 4854/4854/4854
v -0.313801587 -0.330999970 0.003003936
vn 0.966022551 0.000000002 -0.258458078
v -0.313801587 -0.269000053 0.003003936
vn 0.966022551 0.000000002 -0.258458078
v -0.312999994 -0.269000024 0.006000001
vn 0.966022551 0.000000002 -0.258458078
f 4855/4855/4855 4856/4856/4856 4857/4857/4857
v -0.313801587 -0.330999970 0.003003936
vn 0.966022432 0.000000001 -0.258458048
v -0.312999994 -0.269000024 0.006000001
vn 0.966022432 0.000000001 -0.258458048
v -0.312999994 -0.331000000 0.006000000
vn 0.966022432 0.000000001 -0.258458048
f 4858/4858/4858 4859/4859/4859 4860/4860/4860
v -0.380999982 -0.331000000 0.189999998
vn -0.258449644 0.000000000 0.966024697
v -0.380999982 -0.269000024 0.189999998
vn -0.258449644 0.000000000 0.966024697
v -0.383996040 -0.269000024 0.189198434
vn -0.258449644 0.000000000 0.966024697
f 4861/4861/4861 4862/4862/4862 4863/4863/4863
v -0.380999982 -0.331000000 0.189999998
vn -0.258458614 -0.000000465 0.966022313
v -0.383996040 -0.269000024 0.189198434
vn -0.258458614 -0.000000465 0.966022313
v -0.383996040 -0.330999970 0.189198405
vn -0.258458614 -0.000000465 0.966022313
f 4864/4864/4864 4865/4865/4865 4866/4866/4866
v -0.383996040 -0.330999970 0.189198405
vn -0.707106829 -0.000000340 0.707106829
v -0.383996040 -0.269000024 0.189198434
vn -0.707106829 -0.000000340 0.707106829
v -0.386198401 -0.269000024 0.186996073
vn -0.707106829 -0.000000340 0.707106829
f 4867/4867/4867 4868/4868/4868 4869/4869/4869
v -0.383996040 -0.330999970 0.189198405
vn -0.707106829 -0.000000339 0.707106829
v -0.386198401 -0.269000024 0.186996073
vn -0.707106829 -0.000000339 0.707106829
v -0.386198401 -0.330999970 0.186996043
vn -0.707106829 -0.000000339 0.707106829
f 4870/4870/4870 4871/4871/4871 4872/4872/4872
v -0.386198401 -0.330999970 0.186996043
vn -0.966022670 -0.000000124 0.258457392
v -0.386198401 -0.269000024 0.186996073
vn -0.966022670 -0.000000124 0.258457392
v -0.386999995 -0.269000024 0.184000000
vn -0.966022670 -0.000000124 0.258457392
f 4873/4873/4873 4874/4874/4874 4875/4875/4875
v -0.386198401 -0.330999970 0.186996043
vn -0.966022015 0.000000000 0.258459806
v -0.386999995 -0.269000024 0.184000000
vn -0.966022015 0.000000000 0.258459806
v -0.386999995 -0.331000000 0.184000000
vn -0.966022015 0.000000000 0.258459806
f 4876/4876/4876 4877/4877/4877 4878/4878/4878
v -0.380999982 -0.337000012 0.184000000
vn 0.000000000 -0.966019571 0.258468777
v -0.319000006 -0.337000012 0.184000000
vn 0.000000000 -0.966019571 0.258468777
v -0.319000006 -0.336198390 0.186996043
vn 0.000000000 -0.966019571 0.258468777
f 4879/4879/4879 4880/4880/4880 4881/4881/4881
v -0.380999982 -0.337000012 0.184000000
vn 0.000000000 -0.966019571 0.258468777
v -0.319000006 -0.336198390 0.186996043
vn 0.000000000 -0.966019571 0.258468777
v -0.380999982 -0.336198390 0.186996043
vn 0.000000000 -0.966019571 0.258468777
f 4882/4882/4882 4883/4883/4883 4884/4884/4884
v -0.380999982 -0.336198390 0.186996043
vn 0.000000000 -0.707106769 0.707106769
v -0.319000006 -0.336198390 0.186996043
vn 0.000000000 -0.707106769 0.707106769
v -0.319000006 -0.333996028 0.189198405
vn 0.000000000 -0.707106769 0.707106769
f 4885/4885/4885 4886/4886/4886 4887/4887/4887
v -0.380999982 -0.336198390 0.186996043
vn 0.000000000 -0.707106769 0.707106769
v -0.319000006 -0.333996028 0.189198405
vn 0.000000000 -0.707106769 0.707106769
v -0.380999982 -0.333996028 0.189198405
vn 0.000000000 -0.707106769 0.707106769
f 4888/4888/4888 4889/4889/4889 4890/4890/4890
v -0.380999982 -0.333996028 0.189198405
vn 0.000000000 -0.258461028 0.966021717
v -0.319000006 -0.333996028 0.189198405
vn 0.000000000 -0.258461028 0.966021717
v -0.319000006 -0.331000000 0.189999998
vn 0.000000000 -0.258461028 0.966021717
f 4891/4891/4891 4892/4892/4892 4893/4893/4893
v -0.380999982 -0.333996028 0.189198405
vn 0.000000000 -0.258461028 0.966021717
v -0.319000006 -0.331000000 0.189999998
vn 0.000000000 -0.258461028 0.966021717
v -0.380999982 -0.331000000 0.189999998
vn 0.000000000 -0.258461028 0.966021717
f 4894/4894/4894 4895/4895/4895 4896/4896/4896
v -0.312999994 -0.331000000 0.184000000
vn 0.966022015 -0.000000000 0.258459806
v -0.312999994 -0.269000024 0.184000000
vn 0.966022015 -0.000000000 0.258459806
v -0.313801587 -0.269000053 0.186996043
vn 0.966022015 -0.000000000 0.258459806
f 4897/4897/4897 4898/4898/4898 4899/4899/4899
v -0.312999994 -0.331000000 0.184000000
vn 0.966022015 0.000000000 0.258459806
v -0.313801587 -0.269000053 0.186996043
vn 0.966022015 0.000000000 0.258459806
v -0.313801587 -0.330999970 0.186996043
vn 0.966022015 0.000000000 0.258459806
f 4900/4900/4900 4901/4901/4901 4902/4902/4902
v -0.313801587 -0.330999970 0.186996043
vn 0.707106769 -0.000000000 0.707106769
v -0.313801587 -0.269000053 0.186996043
vn 0.707106769 -0.000000000 0.707106769
v -0.316003948 -0.269000053 0.189198405
vn 0.707106769 -0.000000000 0.707106769
f 4903/4903/4903 4904/4904/4904 4905/4905/4905
v -0.313801587 -0.330999970 0.186996043
vn 0.707106769 0.000000000 0.707106769
v -0.316003948 -0.269000053 0.189198405
vn 0.707106769 0.000000000 0.707106769
v -0.316003948 -0.330999970 0.189198405
vn 0.707106769 0.000000000 0.707106769
f 4906/4906/4906 4907/4907/4907 4908/4908/4908
v -0.316003948 -0.330999970 0.189198405
vn 0.258458614 -0.000000000 0.966022253
v -0.316003948 -0.269000053 0.189198405
vn 0.258458614 -0.000000000 0.966022253
v -0.319000006 -0.269000024 0.189999998
vn 0.258458614 -0.000000000 0.966022253
f 4909/4909/4909 4910/4910/4910 4911/4911/4911
v -0.316003948 -0.330999970 0.189198405
vn 0.258458614 0.000000000 0.966022313
v -0.319000006 -0.269000024 0.189999998
vn 0.258458614 0.000000000 0.966022313
v -0.319000006 -0.331000000 0.189999998
vn 0.258458614 0.000000000 0.966022313
f 4912/4912/4912 4913/4913/4913 4914/4914/4914
v -0.319000006 -0.263000011 0.184000000
vn 0.000000000 0.966022670 0.258457422
v -0.380999982 -0.263000011 0.184000000
vn 0.000000000 0.966022670 0.258457422
v -0.380999982 -0.263801605 0.186996073
vn 0.000000000 0.966022670 0.258457422
f 4915/4915/4915 4916/4916/4916 4917/4917/4917
v -0.319000006 -0.263000011 0.184000000
vn 0.000000589 0.966019571 0.258468777
v -0.380999982 -0.263801605 0.186996073
vn 0.000000589 0.966019571 0.258468777
v -0.319000006 -0.263801634 0.186996043
vn 0.000000589 0.966019571 0.258468777
f 4918/4918/4918 4919/4919/4919 4920/4920/4920
v -0.319000006 -0.263801634 0.186996043
vn 0.000000680 0.707106769 0.707106769
v -0.380999982 -0.263801605 0.186996073
vn 0.000000680 0.707106769 0.707106769
v -0.380999982 -0.266003966 0.189198434
vn 0.000000680 0.707106769 0.707106769
f 4921/4921/4921 4922/4922/4922 4923/4923/4923
v -0.319000006 -0.263801634 0.186996043
vn 0.000000678 0.707106769 0.707106769
v -0.380999982 -0.266003966 0.189198434
vn 0.000000678 0.707106769 0.707106769
v -0.319000006 -0.266003996 0.189198405
vn 0.000000678 0.707106769 0.707106769
f 4924/4924/4924 4925/4925/4925 4926/4926/4926
v -0.319000006 -0.266003996 0.189198405
vn 0.000000589 0.258449644 0.966024697
v -0.380999982 -0.266003966 0.189198434
vn 0.000000589 0.258449644 0.966024697
v -0.380999982 -0.269000024 0.189999998
vn 0.000000589 0.258449644 0.966024697
f 4927/4927/4927 4928/4928/4928 4929/4929/4929
v -0.319000006 -0.266003996 0.189198405
vn 0.000000000 0.258461028 0.966021717
v -0.380999982 -0.269000024 0.189999998
vn 0.000000000 0.258461028 0.966021717
v -0.319000006 -0.269000024 0.189999998
vn 0.000000000 0.258461028 0.966021717
f 4930/4930/4930 4931/4931/4931 4932/4932/4932
v -0.380999982 -0.337000012 0.006000000
vn -0.258467585 -0.966019928 0.000000000
v -0.380999982 -0.337000012 0.184000000
vn -0.258467585 -0.966019928 0.000000000
v -0.383996040 -0.336198390 0.183999985
vn -0.258467585 -0.966019928 0.000000000
f 4933/4933/4933 4934/4934/4934 4935/4935/4935
v -0.380999982 -0.337000012 0.006000000
vn -0.258467555 -0.966019928 0.000000000
v -0.383996040 -0.336198390 0.183999985
vn -0.258467555 -0.966019928 0.000000000
v -0.383996040 -0.336198390 0.006000000
vn -0.258467555 -0.966019928 0.000000000
f 4936/4936/4936 4937/4937/4937 4938/4938/4938
v -0.383996040 -0.336198390 0.006000000
vn -0.707106769 -0.707106769 0.000000000
v -0.383996040 -0.336198390 0.183999985
vn -0.707106769 -0.707106769 0.000000000
v -0.386198401 -0.333996028 0.183999985
vn -0.707106769 -0.707106769 0.000000000
f 4939/4939/4939 4940/4940/4940 4941/4941/4941
v -0.383996040 -0.336198390 0.006000000
vn -0.707106769 -0.707106769 0.000000000
v -0.386198401 -0.333996028 0.183999985
vn -0.707106769 -0.707106769 0.000000000
v -0.386198401 -0.333996028 0.006000000
vn -0.707106769 -0.707106769 0.000000000
f 4942/4942/4942 4943/4943/4943 4944/4944/4944
v -0.386198401 -0.333996028 0.006000000
vn -0.966021657 -0.258460999 0.000000000
v -0.386198401 -0.333996028 0.183999985
vn -0.966021657 -0.258460999 0.000000000
v -0.386999995 -0.331000000 0.184000000
vn -0.966021657 -0.258460999 0.000000000
f 4945/4945/4945 4946/4946/4946 4947/4947/4947
v -0.386198401 -0.333996028 0.006000000
vn -0.966021657 -0.258460999 0.000000000
v -0.386999995 -0.331000000 0.184000000
vn -0.966021657 -0.258460999 0.000000000
v -0.386999995 -0.331000000 0.006000001
vn -0.966021657 -0.258460999 0.000000000
f 4948/4948/4948 4949/4949/4949 4950/4950/4950
v -0.312999994 -0.331000000 0.006000000
vn 0.966021657 -0.258460999 0.000000000
v -0.312999994 -0.331000000 0.184000000
vn 0.966021657 -0.258460999 0.000000000
v -0.313801587 -0.333996028 0.183999985
vn 0.966021657 -0.258460999 0.000000000
f 4951/4951/4951 4952/4952/4952 4953/4953/4953
v -0.312999994 -0.331000000 0.006000000
vn 0.966021657 -0.258460999 0.000000000
v -0.313801587 -0.333996028 0.183999985
vn 0.966021657 -0.258460999 0.000000000
v -0.313801587 -0.333996028 0.006000000
vn 0.966021657 -0.258460999 0.000000000
f 4954/4954/4954 4955/4955/4955 4956/4956/4956
v -0.313801587 -0.333996028 0.006000000
vn 0.707106769 -0.707106769 0.000000000
v -0.313801587 -0.333996028 0.183999985
vn 0.707106769 -0.707106769 0.000000000
v -0.316003948 -0.336198390 0.183999985
vn 0.707106769 -0.707106769 0.000000000
f 4957/4957/4957 4958/4958/4958 4959/4959/4959
v -0.313801587 -0.333996028 0.006000000
vn 0.707106769 -0.707106769 0.000000000
v -0.316003948 -0.336198390 0.183999985
vn 0.707106769 -0.707106769 0.000000000
v -0.316003948 -0.336198390 0.006000000
vn 0.707106769 -0.707106769 0.000000000
f 4960/4960/4960 4961/4961/4961 4962/4962/4962
v -0.316003948 -0.336198390 0.006000000
vn 0.258467555 -0.966019928 0.000000000
v -0.316003948 -0.336198390 0.183999985
vn 0.258467555 -0.966019928 0.000000000
v -0.319000006 -0.337000012 0.184000000
vn 0.258467555 -0.966019928 0.000000000
f 4963/4963/4963 4964/4964/4964 4965/4965/4965
v -0.316003948 -0.336198390 0.006000000
vn 0.258467585 -0.966019928 0.000000000
v -0.319000006 -0.337000012 0.184000000
vn 0.258467585 -0.966019928 0.000000000
v -0.319000006 -0.337000012 0.006000001
vn 0.258467585 -0.966019928 0.000000000
f 4966/4966/4966 4967/4967/4967 4968/4968/4968
v -0.319000006 -0.263000011 0.006000000
vn 0.258467585 0.966019928 -0.000000000
v -0.319000006 -0.263000011 0.184000000
vn 0.258467585 0.966019928 -0.000000000
v -0.316003948 -0.263801634 0.183999985
vn 0.258467585 0.966019928 -0.000000000
f 4969/4969/4969 4970/4970/4970 4971/4971/4971
v -0.319000006 -0.263000011 0.006000000
vn 0.258467555 0.966019928 0.000000000
v -0.316003948 -0.263801634 0.183999985
vn 0.258467555 0.966019928 0.000000000
v -0.316003948 -0.263801634 0.006000000
vn 0.258467555 0.966019928 0.000000000
f 4972/4972/4972 4973/4973/4973 4974/4974/4974
v -0.316003948 -0.263801634 0.006000000
vn 0.707106769 0.707106769 -0.000000000
v -0.316003948 -0.263801634 0.183999985
vn 0.707106769 0.707106769 -0.000000000
v -0.313801587 -0.266003996 0.183999985
vn 0.707106769 0.707106769 -0.000000000
f 4975/4975/4975 4976/4976/4976 4977/4977/4977
v -0.316003948 -0.263801634 0.006000000
vn 0.707106769 0.707106769 0.000000000
v -0.313801587 -0.266003996 0.183999985
vn 0.707106769 0.707106769 0.000000000
v -0.313801587 -0.266003996 0.006000000
vn 0.707106769 0.707106769 0.000000000
f 4978/4978/4978 4979/4979/4979 4980/4980/4980
v -0.313801587 -0.266003996 0.006000000
vn 0.966021657 0.258460999 -0.000000000
v -0.313801587 -0.266003996 0.183999985
vn 0.966021657 0.258460999 -0.000000000
v -0.312999994 -0.269000024 0.184000000
vn 0.966021657 0.258460999 -0.000000000
f 4981/4981/4981 4982/4982/4982 4983/4983/4983
v -0.313801587 -0.266003996 0.006000000
vn 0.966021657 0.258460999 0.000000000
v -0.312999994 -0.269000024 0.184000000
vn 0.966021657 0.258460999 0.000000000
v -0.312999994 -0.269000024 0.006000001
vn 0.966021657 0.258460999 0.000000000
f 4984/4984/4984 4985/4985/4985 4986/4986/4986
v -0.386999995 -0.269000024 0.006000000
vn -0.966022253 0.258458614 0.000000000
v -0.386999995 -0.269000024 0.184000000
vn -0.966022253 0.258458614 0.000000000
v -0.386198401 -0.266003966 0.184000015
vn -0.966022253 0.258458614 0.000000000
f 4987/4987/4987 4988/4988/4988 4989/4989/4989
v -0.386999995 -0.269000024 0.006000000
vn -0.966021657 0.258460999 -0.000000043
v -0.386198401 -0.266003966 0.184000015
vn -0.966021657 0.258460999 -0.000000043
v -0.386198401 -0.266003996 0.006000000
vn -0.966021657 0.258460999 -0.000000043
f 4990/4990/4990 4991/4991/4991 4992/4992/4992
v -0.386198401 -0.266003996 0.006000000
vn -0.707106769 0.707106769 -0.000000118
v -0.386198401 -0.266003966 0.184000015
vn -0.707106769 0.707106769 -0.000000118
v -0.383996040 -0.263801605 0.184000015
vn -0.707106769 0.707106769 -0.000000118
f 4993/4993/4993 4994/4994/4994 4995/4995/4995
v -0.386198401 -0.266003996 0.006000000
vn -0.707106769 0.707106769 -0.000000118
v -0.383996040 -0.263801605 0.184000015
vn -0.707106769 0.707106769 -0.000000118
v -0.383996040 -0.263801634 0.006000000
vn -0.707106769 0.707106769 -0.000000118
f 4996/4996/4996 4997/4997/4997 4998/4998/4998
v -0.383996040 -0.263801634 0.006000000
vn -0.258458614 0.966022313 -0.000000162
v -0.383996040 -0.263801605 0.184000015
vn -0.258458614 0.966022313 -0.000000162
v -0.380999982 -0.263000011 0.184000000
vn -0.258458614 0.966022313 -0.000000162
f 4999/4999/4999 5000/5000/5000 5001/5001/5001
v -0.383996040 -0.263801634 0.006000000
vn -0.258467585 0.966019928 0.000000000
v -0.380999982 -0.263000011 0.184000000
vn -0.258467585 0.966019928 0.000000000
v -0.380999982 -0.263000011 0.006000001
vn -0.258467585 0.966019928 0.000000000
f 5002/5002/5002 5003/5003/5003 5004/5004/5004
v -0.380999982 -0.337000012 0.006000000
vn 0.000000000 -1.000000000 0.000000000
v -0.319000006 -0.337000012 0.006000001
vn 0.000000000 -1.000000000 0.000000000
v -0.319000006 -0.337000012 0.184000000
vn 0.000000000 -1.000000000 0.000000000
f 5005/5005/5005 5006/5006/5006 5007/5007/5007
v -0.380999982 -0.337000012 0.006000000
vn 0.000000000 -1.000000000 0.000000000
v -0.319000006 -0.337000012 0.184000000
vn 0.000000000 -1.000000000 0.000000000
v -0.380999982 -0.337000012 0.184000000
vn 0.000000000 -1.000000000 0.000000000
f 5008/5008/5008 5009/5009/5009 5010/5010/5010
v -0.380999982 -0.331000000 0.000000000
vn 0.000000000 0.000000000 -1.000000000
v -0.380999982 -0.269000024 0.000000000
vn 0.000000000 0.000000000 -1.000000000
v -0.319000006 -0.269000024 0.000000000
vn 0.000000000 0.000000000 -1.000000000
f 5011/5011/5011 5012/5012/5012 5013/5013/5013
v -0.380999982 -0.331000000 0.000000000
vn 0.000000000 0.000000000 -1.000000000
v -0.319000006 -0.269000024 0.000000000
vn 0.000000000 0.000000000 -1.000000000
v -0.319000006 -0.331000000 0.000000000
vn 0.000000000 0.000000000 -1.000000000
f 5014/5014/5014 5015/5015/5015 5016/5016/5016
v -0.386999995 -0.269000024 0.006000000
vn -1.000000000 0.000000000 0.000000000
v -0.386999995 -0.331000000 0.006000001
vn -1.000000000 0.000000000 0.000000000
v -0.386999995 -0.331000000 0.184000000
vn -1.000000000 0.000000000 0.000000000
f 5017/5017/5017 5018/5018/5018 5019/5019/5019
v -0.386999995 -0.269000024 0.006000000
vn -1.000000000 0.000000000 0.000000000
v -0.386999995 -0.331000000 0.184000000
vn -1.000000000 0.000000000 0.000000000
v -0.386999995 -0.269000024 0.184000000
vn -1.000000000 0.000000000 0.000000000
f 5020/5020/5020 5021/5021/5021 5022/5022/5022
v -0.312999994 -0.331000000 0.006000000
vn 1.000000000 0.000000000 0.000000000
v -0.312999994 -0.269000024 0.006000001
vn 1.000000000 0.000000000 0.000000000
v -0.312999994 -0.269000024 0.184000000
vn 1.000000000 0.000000000 0.000000000
f 5023/5023/5023 5024/5024/5024 5025/5025/5025
v -0.312999994 -0.331000000 0.006000000
vn 1.000000000 0.000000000 0.000000000
v -0.312999994 -0.269000024 0.184000000
vn 1.000000000 0.000000000 0.000000000
v -0.312999994 -0.331000000 0.184000000
vn 1.000000000 0.000000000 0.000000000
f 5026/5026/5026 5027/5027/5027 5028/5028/5028
v -0.319000006 -0.263000011 0.006000000
vn 0.000000000 1.000000000 0.000000000
v -0.380999982 -0.263000011 0.006000001
vn 0.000000000 1.000000000 0.000000000
v -0.380999982 -0.263000011 0.184000000
vn 0.000000000 1.000000000 0.000000000
f 5029/5029/5029 5030/5030/5030 5031/5031/5031
v -0.319000006 -0.263000011 0.006000000
vn 0.000000000 1.000000000 -0.000000000
v -0.380999982 -0.263000011 0.184000000
vn 0.000000000 1.000000000 -0.000000000
v -0.319000006 -0.263000011 0.184000000
vn 0.000000000 1.000000000 -0.000000000
f 5032/5032/5032 5033/5033/5033 5034/5034/5034
v -0.380999982 -0.331000000 0.189999998
vn 0.000000000 0.000000000 1.000000000
v -0.319000006 -0.331000000 0.189999998
vn 0.000000000 0.000000000 1.000000000
v -0.319000006 -0.269000024 0.189999998
vn 0.000000000 0.000000000 1.000000000
f 5035/5035/5035 5036/5036/5036 5037/5037/5037
v -0.380999982 -0.331000000 0.189999998
vn 0.000000000 0.000000000 1.000000000
v -0.319000006 -0.269000024 0.189999998
vn 0.000000000 0.000000000 1.000000000
v -0.380999982 -0.269000024 0.189999998
vn 0.000000000 0.000000000 1.000000000
f 5038/5038/5038 5039/5039/5039 5040/5040/5040
o Victorian_5_|_short_wood_foot_(-0.35,_0.35)
usemtl UV_Base
v -0.380999982 0.312999994 0.006000000
vn -0.249298543 -0.931785405 -0.263867974
v -0.383996040 0.313801587 0.006000000
vn -0.249298543 -0.931785405 -0.263867974
v -0.383869261 0.314580202 0.003130730
vn -0.249298543 -0.931785405 -0.263867974
f 5041/5041/5041 5042/5042/5042 5043/5043/5043
v -0.380999982 0.312999994 0.006000000
vn -0.263868511 -0.931785405 -0.249297932
v -0.383869261 0.314580202 0.003130730
vn -0.263868511 -0.931785405 -0.249297932
v -0.380999982 0.313801587 0.003003936
vn -0.263868511 -0.931785405 -0.249297932
f 5044/5044/5044 5045/5045/5045 5046/5046/5046
v -0.383996040 0.313801587 0.006000000
vn -0.690136075 -0.690136075 -0.217771620
v -0.386198401 0.316003948 0.006000000
vn -0.690136075 -0.690136075 -0.217771620
v -0.385419786 0.316130728 0.003130731
vn -0.690136075 -0.690136075 -0.217771620
f 5047/5047/5047 5048/5048/5048 5049/5049/5049
v -0.383996040 0.313801587 0.006000000
vn -0.690136015 -0.690136015 -0.217771590
v -0.385419786 0.316130728 0.003130731
vn -0.690136015 -0.690136015 -0.217771590
v -0.383869261 0.314580202 0.003130730
vn -0.690136015 -0.690136015 -0.217771590
f 5050/5050/5050 5051/5051/5051 5052/5052/5052
v -0.386999995 0.319000006 0.006000001
vn -0.931785405 -0.263868511 -0.249297932
v -0.386198401 0.319000006 0.003003936
vn -0.931785405 -0.263868511 -0.249297932
v -0.385419786 0.316130728 0.003130731
vn -0.931785405 -0.263868511 -0.249297932
f 5053/5053/5053 5054/5054/5054 5055/5055/5055
v -0.386999995 0.319000006 0.006000001
vn -0.931785405 -0.249298498 -0.263867974
v -0.385419786 0.316130728 0.003130731
vn -0.931785405 -0.249298498 -0.263867974
v -0.386198401 0.316003948 0.006000000
vn -0.931785405 -0.249298498 -0.263867974
f 5056/5056/5056 5057/5057/5057 5058/5058/5058
v -0.386198401 0.319000006 0.003003936
vn -0.690135241 -0.217773855 -0.690136135
v -0.383996040 0.319000006 0.000801577
vn -0.690135241 -0.217773855 -0.690136135
v -0.383869261 0.316130728 0.001580205
vn -0.690135241 -0.217773855 -0.690136135
f 5059/5059/5059 5060/5060/5060 5061/5061/5061
v -0.386198401 0.319000006 0.003003936
vn -0.690135717 -0.217774540 -0.690135539
v -0.383869261 0.316130728 0.001580205
vn -0.690135717 -0.217774540 -0.690135539
v -0.385419786 0.316130728 0.003130731
vn -0.690135717 -0.217774540 -0.690135539
f 5062/5062/5062 5063/5063/5063 5064/5064/5064
v -0.380999982 0.319000006 0.000000000
vn -0.263870984 -0.249293715 -0.931785762
v -0.380999982 0.316003948 0.000801577
vn -0.263870984 -0.249293715 -0.931785762
v -0.383869261 0.316130728 0.001580205
vn -0.263870984 -0.249293715 -0.931785762
f 5065/5065/5065 5066/5066/5066 5067/5067/5067
v -0.380999982 0.319000006 0.000000000
vn -0.249293715 -0.263870984 -0.931785762
v -0.383869261 0.316130728 0.001580205
vn -0.249293715 -0.263870984 -0.931785762
v -0.383996040 0.319000006 0.000801577
vn -0.249293715 -0.263870984 -0.931785762
f 5068/5068/5068 5069/5069/5069 5070/5070/5070
v -0.380999982 0.316003948 0.000801577
vn -0.217774481 -0.690135062 -0.690136135
v -0.380999982 0.313801587 0.003003936
vn -0.217774481 -0.690135062 -0.690136135
v -0.383869261 0.314580202 0.003130730
vn -0.217774481 -0.690135062 -0.690136135
f 5071/5071/5071 5072/5072/5072 5073/5073/5073
v -0.380999982 0.316003948 0.000801577
vn -0.217773750 -0.690135777 -0.690135658
v -0.383869261 0.314580202 0.003130730
vn -0.217773750 -0.690135777 -0.690135658
v -0.383869261 0.316130728 0.001580205
vn -0.217773750 -0.690135777 -0.690135658
f 5074/5074/5074 5075/5075/5075 5076/5076/5076
v -0.383869261 0.314580202 0.003130730
vn -0.577350318 -0.577350199 -0.577350140
v -0.385419786 0.316130728 0.003130731
vn -0.577350318 -0.577350199 -0.577350140
v -0.383869261 0.316130728 0.001580205
vn -0.577350318 -0.577350199 -0.577350140
f 5077/5077/5077 5078/5078/5078 5079/5079/5079
v -0.319000006 0.312999994 0.006000001
vn 0.263868511 -0.931785405 -0.249297932
v -0.319000006 0.313801587 0.003003936
vn 0.263868511 -0.931785405 -0.249297932
v -0.316130728 0.314580202 0.003130731
vn 0.263868511 -0.931785405 -0.249297932
f 5080/5080/5080 5081/5081/5081 5082/5082/5082
v -0.319000006 0.312999994 0.006000001
vn 0.249298498 -0.931785345 -0.263868004
v -0.316130728 0.314580202 0.003130731
vn 0.249298498 -0.931785345 -0.263868004
v -0.316003948 0.313801587 0.006000000
vn 0.249298498 -0.931785345 -0.263868004
f 5083/5083/5083 5084/5084/5084 5085/5085/5085
v -0.319000006 0.313801587 0.003003936
vn 0.217773855 -0.690135241 -0.690136135
v -0.319000006 0.316003948 0.000801577
vn 0.217773855 -0.690135241 -0.690136135
v -0.316130728 0.316130728 0.001580205
vn 0.217773855 -0.690135241 -0.690136135
f 5086/5086/5086 5087/5087/5087 5088/5088/5088
v -0.319000006 0.313801587 0.003003936
vn 0.217774585 -0.690135717 -0.690135419
v -0.316130728 0.316130728 0.001580205
vn 0.217774585 -0.690135717 -0.690135419
v -0.316130728 0.314580202 0.003130731
vn 0.217774585 -0.690135717 -0.690135419
f 5089/5089/5089 5090/5090/5090 5091/5091/5091
v -0.319000006 0.319000006 0.000000000
vn 0.249293715 -0.263870984 -0.931785762
v -0.316003948 0.319000006 0.000801577
vn 0.249293715 -0.263870984 -0.931785762
v -0.316130728 0.316130728 0.001580205
vn 0.249293715 -0.263870984 -0.931785762
f 5092/5092/5092 5093/5093/5093 5094/5094/5094
v -0.319000006 0.319000006 0.000000000
vn 0.263870984 -0.249293715 -0.931785762
v -0.316130728 0.316130728 0.001580205
vn 0.263870984 -0.249293715 -0.931785762
v -0.319000006 0.316003948 0.000801577
vn 0.263870984 -0.249293715 -0.931785762
f 5095/5095/5095 5096/5096/5096 5097/5097/5097
v -0.316003948 0.319000006 0.000801577
vn 0.690135062 -0.217774421 -0.690136135
v -0.313801587 0.319000006 0.003003936
vn 0.690135062 -0.217774421 -0.690136135
v -0.314580202 0.316130728 0.003130730
vn 0.690135062 -0.217774421 -0.690136135
f 5098/5098/5098 5099/5099/5099 5100/5100/5100
v -0.316003948 0.319000006 0.000801577
vn 0.690135658 -0.217773736 -0.690135658
v -0.314580202 0.316130728 0.003130730
vn 0.690135658 -0.217773736 -0.690135658
v -0.316130728 0.316130728 0.001580205
vn 0.690135658 -0.217773736 -0.690135658
f 5101/5101/5101 5102/5102/5102 5103/5103/5103
v -0.312999994 0.319000006 0.006000000
vn 0.931785345 -0.249298543 -0.263867944
v -0.313801587 0.316003948 0.006000000
vn 0.931785345 -0.249298543 -0.263867944
v -0.314580202 0.316130728 0.003130730
vn 0.931785345 -0.249298543 -0.263867944
f 5104/5104/5104 5105/5105/5105 5106/5106/5106
v -0.312999994 0.319000006 0.006000000
vn 0.931785405 -0.263868511 -0.249297932
v -0.314580202 0.316130728 0.003130730
vn 0.931785405 -0.263868511 -0.249297932
v -0.313801587 0.319000006 0.003003936
vn 0.931785405 -0.263868511 -0.249297932
f 5107/5107/5107 5108/5108/5108 5109/5109/5109
v -0.313801587 0.316003948 0.006000000
vn 0.690136015 -0.690136015 -0.217771620
v -0.316003948 0.313801587 0.006000000
vn 0.690136015 -0.690136015 -0.217771620
v -0.316130728 0.314580202 0.003130731
vn 0.690136015 -0.690136015 -0.217771620
f 5110/5110/5110 5111/5111/5111 5112/5112/5112
v -0.313801587 0.316003948 0.006000000
vn 0.690136015 -0.690136135 -0.217771575
v -0.316130728 0.314580202 0.003130731
vn 0.690136015 -0.690136135 -0.217771575
v -0.314580202 0.316130728 0.003130730
vn 0.690136015 -0.690136135 -0.217771575
f 5113/5113/5113 5114/5114/5114 5115/5115/5115
v -0.316130728 0.314580202 0.003130731
vn 0.577350199 -0.577350438 -0.577350259
v -0.316130728 0.316130728 0.001580205
vn 0.577350199 -0.577350438 -0.577350259
v -0.314580202 0.316130728 0.003130730
vn 0.577350199 -0.577350438 -0.577350259
f 5116/5116/5116 5117/5117/5117 5118/5118/5118
v -0.319000006 0.386999995 0.006000000
vn 0.249298543 0.931785405 -0.263867974
v -0.316003948 0.386198401 0.006000000
vn 0.249298543 0.931785405 -0.263867974
v -0.316130728 0.385419786 0.003130730
vn 0.249298543 0.931785405 -0.263867974
f 5119/5119/5119 5120/5120/5120 5121/5121/5121
v -0.319000006 0.386999995 0.006000000
vn 0.263868511 0.931785405 -0.249297932
v -0.316130728 0.385419786 0.003130730
vn 0.263868511 0.931785405 -0.249297932
v -0.319000006 0.386198401 0.003003936
vn 0.263868511 0.931785405 -0.249297932
f 5122/5122/5122 5123/5123/5123 5124/5124/5124
v -0.316003948 0.386198401 0.006000000
vn 0.690136075 0.690136075 -0.217771620
v -0.313801587 0.383996040 0.006000000
vn 0.690136075 0.690136075 -0.217771620
v -0.314580202 0.383869261 0.003130731
vn 0.690136075 0.690136075 -0.217771620
f 5125/5125/5125 5126/5126/5126 5127/5127/5127
v -0.316003948 0.386198401 0.006000000
vn 0.690136015 0.690136015 -0.217771590
v -0.314580202 0.383869261 0.003130731
vn 0.690136015 0.690136015 -0.217771590
v -0.316130728 0.385419786 0.003130730
vn 0.690136015 0.690136015 -0.217771590
f 5128/5128/5128 5129/5129/5129 5130/5130/5130
v -0.312999994 0.380999982 0.006000001
vn 0.931785405 0.263868511 -0.249297932
v -0.313801587 0.380999982 0.003003936
vn 0.931785405 0.263868511 -0.249297932
v -0.314580202 0.383869261 0.003130731
vn 0.931785405 0.263868511 -0.249297932
f 5131/5131/5131 5132/5132/5132 5133/5133/5133
v -0.312999994 0.380999982 0.006000001
vn 0.931785405 0.249298498 -0.263867974
v -0.314580202 0.383869261 0.003130731
vn 0.931785405 0.249298498 -0.263867974
v -0.313801587 0.383996040 0.006000000
vn 0.931785405 0.249298498 -0.263867974
f 5134/5134/5134 5135/5135/5135 5136/5136/5136
v -0.313801587 0.380999982 0.003003936
vn 0.690135241 0.217773855 -0.690136135
v -0.316003948 0.380999982 0.000801577
vn 0.690135241 0.217773855 -0.690136135
v -0.316130728 0.383869261 0.001580205
vn 0.690135241 0.217773855 -0.690136135
f 5137/5137/5137 5138/5138/5138 5139/5139/5139
v -0.313801587 0.380999982 0.003003936
vn 0.690135717 0.217774540 -0.690135539
v -0.316130728 0.383869261 0.001580205
vn 0.690135717 0.217774540 -0.690135539
v -0.314580202 0.383869261 0.003130731
vn 0.690135717 0.217774540 -0.690135539
f 5140/5140/5140 5141/5141/5141 5142/5142/5142
v -0.319000006 0.380999982 0.000000000
vn 0.263870984 0.249293715 -0.931785762
v -0.319000006 0.383996040 0.000801577
vn 0.263870984 0.249293715 -0.931785762
v -0.316130728 0.383869261 0.001580205
vn 0.263870984 0.249293715 -0.931785762
f 5143/5143/5143 5144/5144/5144 5145/5145/5145
v -0.319000006 0.380999982 0.000000000
vn 0.249293715 0.263870984 -0.931785762
v -0.316130728 0.383869261 0.001580205
vn 0.249293715 0.263870984 -0.931785762
v -0.316003948 0.380999982 0.000801577
vn 0.249293715 0.263870984 -0.931785762
f 5146/5146/5146 5147/5147/5147 5148/5148/5148
v -0.319000006 0.383996040 0.000801577
vn 0.217774481 0.690135062 -0.690136135
v -0.319000006 0.386198401 0.003003936
vn 0.217774481 0.690135062 -0.690136135
v -0.316130728 0.385419786 0.003130730
vn 0.217774481 0.690135062 -0.690136135
f 5149/5149/5149 5150/5150/5150 5151/5151/5151
v -0.319000006 0.383996040 0.000801577
vn 0.217773750 0.690135777 -0.690135658
v -0.316130728 0.385419786 0.003130730
vn 0.217773750 0.690135777 -0.690135658
v -0.316130728 0.383869261 0.001580205
vn 0.217773750 0.690135777 -0.690135658
f 5152/5152/5152 5153/5153/5153 5154/5154/5154
v -0.316130728 0.385419786 0.003130730
vn 0.577350318 0.577350199 -0.577350140
v -0.314580202 0.383869261 0.003130731
vn 0.577350318 0.577350199 -0.577350140
v -0.316130728 0.383869261 0.001580205
vn 0.577350318 0.577350199 -0.577350140
f 5155/5155/5155 5156/5156/5156 5157/5157/5157
v -0.386999995 0.380999982 0.006000000
vn -0.931785405 0.249298543 -0.263867974
v -0.386198401 0.383996040 0.006000000
vn -0.931785405 0.249298543 -0.263867974
v -0.385419786 0.383869261 0.003130730
vn -0.931785405 0.249298543 -0.263867974
f 5158/5158/5158 5159/5159/5159 5160/5160/5160
v -0.386999995 0.380999982 0.006000000
vn -0.931785405 0.263868511 -0.249297932
v -0.385419786 0.383869261 0.003130730
vn -0.931785405 0.263868511 -0.249297932
v -0.386198401 0.380999982 0.003003936
vn -0.931785405 0.263868511 -0.249297932
f 5161/5161/5161 5162/5162/5162 5163/5163/5163
v -0.386198401 0.383996040 0.006000000
vn -0.690136075 0.690136075 -0.217771620
v -0.383996040 0.386198401 0.006000000
vn -0.690136075 0.690136075 -0.217771620
v -0.383869261 0.385419786 0.003130731
vn -0.690136075 0.690136075 -0.217771620
f 5164/5164/5164 5165/5165/5165 5166/5166/5166
v -0.386198401 0.383996040 0.006000000
vn -0.690136015 0.690136015 -0.217771590
v -0.383869261 0.385419786 0.003130731
vn -0.690136015 0.690136015 -0.217771590
v -0.385419786 0.383869261 0.003130730
vn -0.690136015 0.690136015 -0.217771590
f 5167/5167/5167 5168/5168/5168 5169/5169/5169
v -0.380999982 0.386999995 0.006000001
vn -0.263868511 0.931785405 -0.249297932
v -0.380999982 0.386198401 0.003003936
vn -0.263868511 0.931785405 -0.249297932
v -0.383869261 0.385419786 0.003130731
vn -0.263868511 0.931785405 -0.249297932
f 5170/5170/5170 5171/5171/5171 5172/5172/5172
v -0.380999982 0.386999995 0.006000001
vn -0.249298498 0.931785405 -0.263867974
v -0.383869261 0.385419786 0.003130731
vn -0.249298498 0.931785405 -0.263867974
v -0.383996040 0.386198401 0.006000000
vn -0.249298498 0.931785405 -0.263867974
f 5173/5173/5173 5174/5174/5174 5175/5175/5175
v -0.380999982 0.386198401 0.003003936
vn -0.217773855 0.690135241 -0.690136135
v -0.380999982 0.383996040 0.000801577
vn -0.217773855 0.690135241 -0.690136135
v -0.383869261 0.383869261 0.001580205
vn -0.217773855 0.690135241 -0.690136135
f 5176/5176/5176 5177/5177/5177 5178/5178/5178
v -0.380999982 0.386198401 0.003003936
vn -0.217774540 0.690135717 -0.690135539
v -0.383869261 0.383869261 0.001580205
vn -0.217774540 0.690135717 -0.690135539
v -0.383869261 0.385419786 0.003130731
vn -0.217774540 0.690135717 -0.690135539
f 5179/5179/5179 5180/5180/5180 5181/5181/5181
v -0.380999982 0.380999982 0.000000000
vn -0.249293715 0.263870984 -0.931785762
v -0.383996040 0.380999982 0.000801577
vn -0.249293715 0.263870984 -0.931785762
v -0.383869261 0.383869261 0.001580205
vn -0.249293715 0.263870984 -0.931785762
f 5182/5182/5182 5183/5183/5183 5184/5184/5184
v -0.380999982 0.380999982 0.000000000
vn -0.263870984 0.249293715 -0.931785762
v -0.383869261 0.383869261 0.001580205
vn -0.263870984 0.249293715 -0.931785762
v -0.380999982 0.383996040 0.000801577
vn -0.263870984 0.249293715 -0.931785762
f 5185/5185/5185 5186/5186/5186 5187/5187/5187
v -0.383996040 0.380999982 0.000801577
vn -0.690135062 0.217774481 -0.690136135
v -0.386198401 0.380999982 0.003003936
vn -0.690135062 0.217774481 -0.690136135
v -0.385419786 0.383869261 0.003130730
vn -0.690135062 0.217774481 -0.690136135
f 5188/5188/5188 5189/5189/5189 5190/5190/5190
v -0.383996040 0.380999982 0.000801577
vn -0.690135777 0.217773750 -0.690135658
v -0.385419786 0.383869261 0.003130730
vn -0.690135777 0.217773750 -0.690135658
v -0.383869261 0.383869261 0.001580205
vn -0.690135777 0.217773750 -0.690135658
f 5191/5191/5191 5192/5192/5192 5193/5193/5193
v -0.385419786 0.383869261 0.003130730
vn -0.577350199 0.577350318 -0.577350140
v -0.383869261 0.385419786 0.003130731
vn -0.577350199 0.577350318 -0.577350140
v -0.383869261 0.383869261 0.001580205
vn -0.577350199 0.577350318 -0.577350140
f 5194/5194/5194 5195/5195/5195 5196/5196/5196
v -0.386999995 0.319000006 0.184000000
vn -0.931784868 -0.249299735 0.263868481
v -0.386198401 0.316003948 0.183999985
vn -0.931784868 -0.249299735 0.263868481
v -0.385419786 0.316130728 0.186869249
vn -0.931784868 -0.249299735 0.263868481
f 5197/5197/5197 5198/5198/5198 5199/5199/5199
v -0.386999995 0.319000006 0.184000000
vn -0.931784868 -0.263868421 0.249299631
v -0.385419786 0.316130728 0.186869249
vn -0.931784868 -0.263868421 0.249299631
v -0.386198401 0.319000006 0.186996043
vn -0.931784868 -0.263868421 0.249299631
f 5200/5200/5200 5201/5201/5201 5202/5202/5202
v -0.386198401 0.316003948 0.183999985
vn -0.690136015 -0.690136015 0.217772067
v -0.383996040 0.313801587 0.183999985
vn -0.690136015 -0.690136015 0.217772067
v -0.383869261 0.314580202 0.186869249
vn -0.690136015 -0.690136015 0.217772067
f 5203/5203/5203 5204/5204/5204 5205/5205/5205
v -0.386198401 0.316003948 0.183999985
vn -0.690135956 -0.690135956 0.217772052
v -0.383869261 0.314580202 0.186869249
vn -0.690135956 -0.690135956 0.217772052
v -0.385419786 0.316130728 0.186869249
vn -0.690135956 -0.690135956 0.217772052
f 5206/5206/5206 5207/5207/5207 5208/5208/5208
v -0.380999982 0.312999994 0.184000000
vn -0.263868421 -0.931784868 0.249299631
v -0.380999982 0.313801587 0.186996043
vn -0.263868421 -0.931784868 0.249299631
v -0.383869261 0.314580202 0.186869249
vn -0.263868421 -0.931784868 0.249299631
f 5209/5209/5209 5210/5210/5210 5211/5211/5211
v -0.380999982 0.312999994 0.184000000
vn -0.249299735 -0.931784868 0.263868481
v -0.383869261 0.314580202 0.186869249
vn -0.249299735 -0.931784868 0.263868481
v -0.383996040 0.313801587 0.183999985
vn -0.249299735 -0.931784868 0.263868481
f 5212/5212/5212 5213/5213/5213 5214/5214/5214
v -0.380999982 0.313801587 0.186996043
vn -0.217774376 -0.690135598 0.690135598
v -0.380999982 0.316003948 0.189198405
vn -0.217774376 -0.690135598 0.690135598
v -0.383869261 0.316130728 0.188419774
vn -0.217774376 -0.690135598 0.690135598
f 5215/5215/5215 5216/5216/5216 5217/5217/5217
v -0.380999982 0.313801587 0.186996043
vn -0.217774376 -0.690135598 0.690135598
v -0.383869261 0.316130728 0.188419774
vn -0.217774376 -0.690135598 0.690135598
v -0.383869261 0.314580202 0.186869249
vn -0.217774376 -0.690135598 0.690135598
f 5218/5218/5218 5219/5219/5219 5220/5220/5220
v -0.380999982 0.319000006 0.189999998
vn -0.249298245 -0.263871759 0.931784332
v -0.383996040 0.319000006 0.189198405
vn -0.249298245 -0.263871759 0.931784332
v -0.383869261 0.316130728 0.188419774
vn -0.249298245 -0.263871759 0.931784332
f 5221/5221/5221 5222/5222/5222 5223/5223/5223
v -0.380999982 0.319000006 0.189999998
vn -0.263871759 -0.249298245 0.931784332
v -0.383869261 0.316130728 0.188419774
vn -0.263871759 -0.249298245 0.931784332
v -0.380999982 0.316003948 0.189198405
vn -0.263871759 -0.249298245 0.931784332
f 5224/5224/5224 5225/5225/5225 5226/5226/5226
v -0.383996040 0.319000006 0.189198405
vn -0.690135598 -0.217774376 0.690135598
v -0.386198401 0.319000006 0.186996043
vn -0.690135598 -0.217774376 0.690135598
v -0.385419786 0.316130728 0.186869249
vn -0.690135598 -0.217774376 0.690135598
f 5227/5227/5227 5228/5228/5228 5229/5229/5229
v -0.383996040 0.319000006 0.189198405
vn -0.690135598 -0.217774406 0.690135598
v -0.385419786 0.316130728 0.186869249
vn -0.690135598 -0.217774406 0.690135598
v -0.383869261 0.316130728 0.188419774
vn -0.690135598 -0.217774406 0.690135598
f 5230/5230/5230 5231/5231/5231 5232/5232/5232
v -0.385419786 0.316130728 0.186869249
vn -0.577350318 -0.577350318 0.577350318
v -0.383869261 0.314580202 0.186869249
vn -0.577350318 -0.577350318 0.577350318
v -0.383869261 0.316130728 0.188419774
vn -0.577350318 -0.577350318 0.577350318
f 5233/5233/5233 5234/5234/5234 5235/5235/5235
v -0.319000006 0.312999994 0.184000000
vn 0.249299735 -0.931784868 0.263868481
v -0.316003948 0.313801587 0.183999985
vn 0.249299735 -0.931784868 0.263868481
v -0.316130728 0.314580202 0.186869249
vn 0.249299735 -0.931784868 0.263868481
f 5236/5236/5236 5237/5237/5237 5238/5238/5238
v -0.319000006 0.312999994 0.184000000
vn 0.263868421 -0.931784868 0.249299631
v -0.316130728 0.314580202 0.186869249
vn 0.263868421 -0.931784868 0.249299631
v -0.319000006 0.313801587 0.186996043
vn 0.263868421 -0.931784868 0.249299631
f 5239/5239/5239 5240/5240/5240 5241/5241/5241
v -0.316003948 0.313801587 0.183999985
vn 0.690136015 -0.690136015 0.217772067
v -0.313801587 0.316003948 0.183999985
vn 0.690136015 -0.690136015 0.217772067
v -0.314580202 0.316130728 0.186869249
vn 0.690136015 -0.690136015 0.217772067
f 5242/5242/5242 5243/5243/5243 5244/5244/5244
v -0.316003948 0.313801587 0.183999985
vn 0.690135956 -0.690135956 0.217772052
v -0.314580202 0.316130728 0.186869249
vn 0.690135956 -0.690135956 0.217772052
v -0.316130728 0.314580202 0.186869249
vn 0.690135956 -0.690135956 0.217772052
f 5245/5245/5245 5246/5246/5246 5247/5247/5247
v -0.312999994 0.319000006 0.184000000
vn 0.931784868 -0.263868421 0.249299631
v -0.313801587 0.319000006 0.186996043
vn 0.931784868 -0.263868421 0.249299631
v -0.314580202 0.316130728 0.186869249
vn 0.931784868 -0.263868421 0.249299631
f 5248/5248/5248 5249/5249/5249 5250/5250/5250
v -0.312999994 0.319000006 0.184000000
vn 0.931784868 -0.249299735 0.263868481
v -0.314580202 0.316130728 0.186869249
vn 0.931784868 -0.249299735 0.263868481
v -0.313801587 0.316003948 0.183999985
vn 0.931784868 -0.249299735 0.263868481
f 5251/5251/5251 5252/5252/5252 5253/5253/5253
v -0.313801587 0.319000006 0.186996043
vn 0.690135598 -0.217774376 0.690135598
v -0.316003948 0.319000006 0.189198405
vn 0.690135598 -0.217774376 0.690135598
v -0.316130728 0.316130728 0.188419774
vn 0.690135598 -0.217774376 0.690135598
f 5254/5254/5254 5255/5255/5255 5256/5256/5256
v -0.313801587 0.319000006 0.186996043
vn 0.690135598 -0.217774376 0.690135598
v -0.316130728 0.316130728 0.188419774
vn 0.690135598 -0.217774376 0.690135598
v -0.314580202 0.316130728 0.186869249
vn 0.690135598 -0.217774376 0.690135598
f 5257/5257/5257 5258/5258/5258 5259/5259/5259
v -0.319000006 0.319000006 0.189999998
vn 0.263871759 -0.249298245 0.931784332
v -0.319000006 0.316003948 0.189198405
vn 0.263871759 -0.249298245 0.931784332
v -0.316130728 0.316130728 0.188419774
vn 0.263871759 -0.249298245 0.931784332
f 5260/5260/5260 5261/5261/5261 5262/5262/5262
v -0.319000006 0.319000006 0.189999998
vn 0.249298245 -0.263871759 0.931784332
v -0.316130728 0.316130728 0.188419774
vn 0.249298245 -0.263871759 0.931784332
v -0.316003948 0.319000006 0.189198405
vn 0.249298245 -0.263871759 0.931784332
f 5263/5263/5263 5264/5264/5264 5265/5265/5265
v -0.319000006 0.316003948 0.189198405
vn 0.217774376 -0.690135598 0.690135598
v -0.319000006 0.313801587 0.186996043
vn 0.217774376 -0.690135598 0.690135598
v -0.316130728 0.314580202 0.186869249
vn 0.217774376 -0.690135598 0.690135598
f 5266/5266/5266 5267/5267/5267 5268/5268/5268
v -0.319000006 0.316003948 0.189198405
vn 0.217774406 -0.690135598 0.690135598
v -0.316130728 0.314580202 0.186869249
vn 0.217774406 -0.690135598 0.690135598
v -0.316130728 0.316130728 0.188419774
vn 0.217774406 -0.690135598 0.690135598
f 5269/5269/5269 5270/5270/5270 5271/5271/5271
v -0.316130728 0.314580202 0.186869249
vn 0.577350318 -0.577350318 0.577350318
v -0.314580202 0.316130728 0.186869249
vn 0.577350318 -0.577350318 0.577350318
v -0.316130728 0.316130728 0.188419774
vn 0.577350318 -0.577350318 0.577350318
f 5272/5272/5272 5273/5273/5273 5274/5274/5274
v -0.312999994 0.380999982 0.184000000
vn 0.931784868 0.249299735 0.263868481
v -0.313801587 0.383996040 0.183999985
vn 0.931784868 0.249299735 0.263868481
v -0.314580202 0.383869261 0.186869249
vn 0.931784868 0.249299735 0.263868481
f 5275/5275/5275 5276/5276/5276 5277/5277/5277
v -0.312999994 0.380999982 0.184000000
vn 0.931784868 0.263868421 0.249299631
v -0.314580202 0.383869261 0.186869249
vn 0.931784868 0.263868421 0.249299631
v -0.313801587 0.380999982 0.186996043
vn 0.931784868 0.263868421 0.249299631
f 5278/5278/5278 5279/5279/5279 5280/5280/5280
v -0.313801587 0.383996040 0.183999985
vn 0.690136015 0.690136015 0.217772067
v -0.316003948 0.386198401 0.183999985
vn 0.690136015 0.690136015 0.217772067
v -0.316130728 0.385419786 0.186869249
vn 0.690136015 0.690136015 0.217772067
f 5281/5281/5281 5282/5282/5282 5283/5283/5283
v -0.313801587 0.383996040 0.183999985
vn 0.690135956 0.690135956 0.217772052
v -0.316130728 0.385419786 0.186869249
vn 0.690135956 0.690135956 0.217772052
v -0.314580202 0.383869261 0.186869249
vn 0.690135956 0.690135956 0.217772052
f 5284/5284/5284 5285/5285/5285 5286/5286/5286
v -0.319000006 0.386999995 0.184000000
vn 0.263868421 0.931784868 0.249299631
v -0.319000006 0.386198401 0.186996043
vn 0.263868421 0.931784868 0.249299631
v -0.316130728 0.385419786 0.186869249
vn 0.263868421 0.931784868 0.249299631
f 5287/5287/5287 5288/5288/5288 5289/5289/5289
v -0.319000006 0.386999995 0.184000000
vn 0.249299735 0.931784868 0.263868481
v -0.316130728 0.385419786 0.186869249
vn 0.249299735 0.931784868 0.263868481
v -0.316003948 0.386198401 0.183999985
vn 0.249299735 0.931784868 0.263868481
f 5290/5290/5290 5291/5291/5291 5292/5292/5292
v -0.319000006 0.386198401 0.186996043
vn 0.217774376 0.690135598 0.690135598
v -0.319000006 0.383996040 0.189198405
vn 0.217774376 0.690135598 0.690135598
v -0.316130728 0.383869261 0.188419774
vn 0.217774376 0.690135598 0.690135598
f 5293/5293/5293 5294/5294/5294 5295/5295/5295
v -0.319000006 0.386198401 0.186996043
vn 0.217774376 0.690135598 0.690135598
v -0.316130728 0.383869261 0.188419774
vn 0.217774376 0.690135598 0.690135598
v -0.316130728 0.385419786 0.186869249
vn 0.217774376 0.690135598 0.690135598
f 5296/5296/5296 5297/5297/5297 5298/5298/5298
v -0.319000006 0.380999982 0.189999998
vn 0.249298245 0.263871759 0.931784332
v -0.316003948 0.380999982 0.189198405
vn 0.249298245 0.263871759 0.931784332
v -0.316130728 0.383869261 0.188419774
vn 0.249298245 0.263871759 0.931784332
f 5299/5299/5299 5300/5300/5300 5301/5301/5301
v -0.319000006 0.380999982 0.189999998
vn 0.263871759 0.249298245 0.931784332
v -0.316130728 0.383869261 0.188419774
vn 0.263871759 0.249298245 0.931784332
v -0.319000006 0.383996040 0.189198405
vn 0.263871759 0.249298245 0.931784332
f 5302/5302/5302 5303/5303/5303 5304/5304/5304
v -0.316003948 0.380999982 0.189198405
vn 0.690135598 0.217774376 0.690135598
v -0.313801587 0.380999982 0.186996043
vn 0.690135598 0.217774376 0.690135598
v -0.314580202 0.383869261 0.186869249
vn 0.690135598 0.217774376 0.690135598
f 5305/5305/5305 5306/5306/5306 5307/5307/5307
v -0.316003948 0.380999982 0.189198405
vn 0.690135598 0.217774406 0.690135598
v -0.314580202 0.383869261 0.186869249
vn 0.690135598 0.217774406 0.690135598
v -0.316130728 0.383869261 0.188419774
vn 0.690135598 0.217774406 0.690135598
f 5308/5308/5308 5309/5309/5309 5310/5310/5310
v -0.314580202 0.383869261 0.186869249
vn 0.577350318 0.577350318 0.577350318
v -0.316130728 0.385419786 0.186869249
vn 0.577350318 0.577350318 0.577350318
v -0.316130728 0.383869261 0.188419774
vn 0.577350318 0.577350318 0.577350318
f 5311/5311/5311 5312/5312/5312 5313/5313/5313
v -0.386999995 0.380999982 0.184000000
vn -0.931785464 0.263868451 0.249297306
v -0.386198401 0.380999982 0.186996073
vn -0.931785464 0.263868451 0.249297306
v -0.385419786 0.383869261 0.186869279
vn -0.931785464 0.263868451 0.249297306
f 5314/5314/5314 5315/5315/5315 5316/5316/5316
v -0.386999995 0.380999982 0.184000000
vn -0.931785583 0.249297246 0.263868541
v -0.385419786 0.383869261 0.186869279
vn -0.931785583 0.249297246 0.263868541
v -0.386198401 0.383996040 0.184000015
vn -0.931785583 0.249297246 0.263868541
f 5317/5317/5317 5318/5318/5318 5319/5319/5319
v -0.386198401 0.380999982 0.186996073
vn -0.690135598 0.217774376 0.690135598
v -0.383996040 0.380999982 0.189198434
vn -0.690135598 0.217774376 0.690135598
v -0.383869261 0.383869261 0.188419804
vn -0.690135598 0.217774376 0.690135598
f 5320/5320/5320 5321/5321/5321 5322/5322/5322
v -0.386198401 0.380999982 0.186996073
vn -0.690135598 0.217774376 0.690135598
v -0.383869261 0.383869261 0.188419804
vn -0.690135598 0.217774376 0.690135598
v -0.385419786 0.383869261 0.186869279
vn -0.690135598 0.217774376 0.690135598
f 5323/5323/5323 5324/5324/5324 5325/5325/5325
v -0.380999982 0.380999982 0.189999998
vn -0.263871938 0.249289572 0.931786537
v -0.380999982 0.383996040 0.189198434
vn -0.263871938 0.249289572 0.931786537
v -0.383869261 0.383869261 0.188419804
vn -0.263871938 0.249289572 0.931786537
f 5326/5326/5326 5327/5327/5327 5328/5328/5328
v -0.380999982 0.380999982 0.189999998
vn -0.249289572 0.263871938 0.931786537
v -0.383869261 0.383869261 0.188419804
vn -0.249289572 0.263871938 0.931786537
v -0.383996040 0.380999982 0.189198434
vn -0.249289572 0.263871938 0.931786537
f 5329/5329/5329 5330/5330/5330 5331/5331/5331
v -0.380999982 0.383996040 0.189198434
vn -0.217774376 0.690135598 0.690135598
v -0.380999982 0.386198401 0.186996073
vn -0.217774376 0.690135598 0.690135598
v -0.383869261 0.385419786 0.186869279
vn -0.217774376 0.690135598 0.690135598
f 5332/5332/5332 5333/5333/5333 5334/5334/5334
v -0.380999982 0.383996040 0.189198434
vn -0.217774406 0.690135598 0.690135598
v -0.383869261 0.385419786 0.186869279
vn -0.217774406 0.690135598 0.690135598
v -0.383869261 0.383869261 0.188419804
vn -0.217774406 0.690135598 0.690135598
f 5335/5335/5335 5336/5336/5336 5337/5337/5337
v -0.380999982 0.386999995 0.184000000
vn -0.249297246 0.931785583 0.263868541
v -0.383996040 0.386198401 0.184000015
vn -0.249297246 0.931785583 0.263868541
v -0.383869261 0.385419786 0.186869279
vn -0.249297246 0.931785583 0.263868541
f 5338/5338/5338 5339/5339/5339 5340/5340/5340
v -0.380999982 0.386999995 0.184000000
vn -0.263868451 0.931785464 0.249297306
v -0.383869261 0.385419786 0.186869279
vn -0.263868451 0.931785464 0.249297306
v -0.380999982 0.386198401 0.186996073
vn -0.263868451 0.931785464 0.249297306
f 5341/5341/5341 5342/5342/5342 5343/5343/5343
v -0.383996040 0.386198401 0.184000015
vn -0.690136015 0.690136015 0.217772067
v -0.386198401 0.383996040 0.184000015
vn -0.690136015 0.690136015 0.217772067
v -0.385419786 0.383869261 0.186869279
vn -0.690136015 0.690136015 0.217772067
f 5344/5344/5344 5345/5345/5345 5346/5346/5346
v -0.383996040 0.386198401 0.184000015
vn -0.690135956 0.690135956 0.217772052
v -0.385419786 0.383869261 0.186869279
vn -0.690135956 0.690135956 0.217772052
v -0.383869261 0.385419786 0.186869279
vn -0.690135956 0.690135956 0.217772052
f 5347/5347/5347 5348/5348/5348 5349/5349/5349
v -0.385419786 0.383869261 0.186869279
vn -0.577350318 0.577350318 0.577350318
v -0.383869261 0.383869261 0.188419804
vn -0.577350318 0.577350318 0.577350318
v -0.383869261 0.385419786 0.186869279
vn -0.577350318 0.577350318 0.577350318
f 5350/5350/5350 5351/5351/5351 5352/5352/5352
v -0.380999982 0.319000006 0.000000000
vn 0.000000000 -0.258453846 -0.966023624
v -0.319000006 0.319000006 0.000000000
vn 0.000000000 -0.258453846 -0.966023624
v -0.319000006 0.316003948 0.000801577
vn 0.000000000 -0.258453846 -0.966023624
f 5353/5353/5353 5354/5354/5354 5355/5355/5355
v -0.380999982 0.319000006 0.000000000
vn 0.000000000 -0.258453846 -0.966023624
v -0.319000006 0.316003948 0.000801577
vn 0.000000000 -0.258453846 -0.966023624
v -0.380999982 0.316003948 0.000801577
vn 0.000000000 -0.258453846 -0.966023624
f 5356/5356/5356 5357/5357/5357 5358/5358/5358
v -0.380999982 0.316003948 0.000801577
vn 0.000000000 -0.707106352 -0.707107246
v -0.319000006 0.316003948 0.000801577
vn 0.000000000 -0.707106352 -0.707107246
v -0.319000006 0.313801587 0.003003936
vn 0.000000000 -0.707106352 -0.707107246
f 5359/5359/5359 5360/5360/5360 5361/5361/5361
v -0.380999982 0.316003948 0.000801577
vn 0.000000007 -0.707106233 -0.707107306
v -0.319000006 0.313801587 0.003003936
vn 0.000000007 -0.707106233 -0.707107306
v -0.380999982 0.313801587 0.003003936
vn 0.000000007 -0.707106233 -0.707107306
f 5362/5362/5362 5363/5363/5363 5364/5364/5364
v -0.380999982 0.313801587 0.003003936
vn 0.000000002 -0.966022432 -0.258458048
v -0.319000006 0.313801587 0.003003936
vn 0.000000002 -0.966022432 -0.258458048
v -0.319000006 0.312999994 0.006000001
vn 0.000000002 -0.966022432 -0.258458048
f 5365/5365/5365 5366/5366/5366 5367/5367/5367
v -0.380999982 0.313801587 0.003003936
vn 0.000000001 -0.966022432 -0.258458048
v -0.319000006 0.312999994 0.006000001
vn 0.000000001 -0.966022432 -0.258458048
v -0.380999982 0.312999994 0.006000000
vn 0.000000001 -0.966022432 -0.258458048
f 5368/5368/5368 5369/5369/5369 5370/5370/5370
v -0.386999995 0.319000006 0.006000001
vn -0.966022432 -0.000000002 -0.258458048
v -0.386999995 0.380999982 0.006000000
vn -0.966022432 -0.000000002 -0.258458048
v -0.386198401 0.380999982 0.003003936
vn -0.966022432 -0.000000002 -0.258458048
f 5371/5371/5371 5372/5372/5372 5373/5373/5373
v -0.386999995 0.319000006 0.006000001
vn -0.966022432 -0.000000001 -0.258458048
v -0.386198401 0.380999982 0.003003936
vn -0.966022432 -0.000000001 -0.258458048
v -0.386198401 0.319000006 0.003003936
vn -0.966022432 -0.000000001 -0.258458048
f 5374/5374/5374 5375/5375/5375 5376/5376/5376
v -0.386198401 0.319000006 0.003003936
vn -0.707106233 -0.000000005 -0.707107306
v -0.386198401 0.380999982 0.003003936
vn -0.707106233 -0.000000005 -0.707107306
v -0.383996040 0.380999982 0.000801577
vn -0.707106233 -0.000000005 -0.707107306
f 5377/5377/5377 5378/5378/5378 5379/5379/5379
v -0.386198401 0.319000006 0.003003936
vn -0.707106352 0.000000000 -0.707107246
v -0.383996040 0.380999982 0.000801577
vn -0.707106352 0.000000000 -0.707107246
v -0.383996040 0.319000006 0.000801577
vn -0.707106352 0.000000000 -0.707107246
f 5380/5380/5380 5381/5381/5381 5382/5382/5382
v -0.383996040 0.319000006 0.000801577
vn -0.258453846 0.000000000 -0.966023624
v -0.383996040 0.380999982 0.000801577
vn -0.258453846 0.000000000 -0.966023624
v -0.380999982 0.380999982 0.000000000
vn -0.258453846 0.000000000 -0.966023624
f 5383/5383/5383 5384/5384/5384 5385/5385/5385
v -0.383996040 0.319000006 0.000801577
vn -0.258453846 0.000000000 -0.966023624
v -0.380999982 0.380999982 0.000000000
vn -0.258453846 0.000000000 -0.966023624
v -0.380999982 0.319000006 0.000000000
vn -0.258453846 0.000000000 -0.966023624
f 5386/5386/5386 5387/5387/5387 5388/5388/5388
v -0.319000006 0.380999982 0.000000000
vn 0.000000000 0.258453846 -0.966023624
v -0.380999982 0.380999982 0.000000000
vn 0.000000000 0.258453846 -0.966023624
v -0.380999982 0.383996040 0.000801577
vn 0.000000000 0.258453846 -0.966023624
f 5389/5389/5389 5390/5390/5390 5391/5391/5391
v -0.319000006 0.380999982 0.000000000
vn 0.000000000 0.258453846 -0.966023624
v -0.380999982 0.383996040 0.000801577
vn 0.000000000 0.258453846 -0.966023624
v -0.319000006 0.383996040 0.000801577
vn 0.000000000 0.258453846 -0.966023624
f 5392/5392/5392 5393/5393/5393 5394/5394/5394
v -0.319000006 0.383996040 0.000801577
vn 0.000000000 0.707106352 -0.707107246
v -0.380999982 0.383996040 0.000801577
vn 0.000000000 0.707106352 -0.707107246
v -0.380999982 0.386198401 0.003003936
vn 0.000000000 0.707106352 -0.707107246
f 5395/5395/5395 5396/5396/5396 5397/5397/5397
v -0.319000006 0.383996040 0.000801577
vn -0.000000007 0.707106233 -0.707107306
v -0.380999982 0.386198401 0.003003936
vn -0.000000007 0.707106233 -0.707107306
v -0.319000006 0.386198401 0.003003936
vn -0.000000007 0.707106233 -0.707107306
f 5398/5398/5398 5399/5399/5399 5400/5400/5400
v -0.319000006 0.386198401 0.003003936
vn -0.000000002 0.966022432 -0.258458048
v -0.380999982 0.386198401 0.003003936
vn -0.000000002 0.966022432 -0.258458048
v -0.380999982 0.386999995 0.006000001
vn -0.000000002 0.966022432 -0.258458048
f 5401/5401/5401 5402/5402/5402 5403/5403/5403
v -0.319000006 0.386198401 0.003003936
vn -0.000000001 0.966022432 -0.258458048
v -0.380999982 0.386999995 0.006000001
vn -0.000000001 0.966022432 -0.258458048
v -0.319000006 0.386999995 0.006000000
vn -0.000000001 0.966022432 -0.258458048
f 5404/5404/5404 5405/5405/5405 5406/5406/5406
v -0.319000006 0.319000006 0.000000000
vn 0.258453846 0.000000000 -0.966023624
v -0.319000006 0.380999982 0.000000000
vn 0.258453846 0.000000000 -0.966023624
v -0.316003948 0.380999982 0.000801577
vn 0.258453846 0.000000000 -0.966023624
f 5407/5407/5407 5408/5408/5408 5409/5409/5409
v -0.319000006 0.319000006 0.000000000
vn 0.258453846 0.000000000 -0.966023624
v -0.316003948 0.380999982 0.000801577
vn 0.258453846 0.000000000 -0.966023624
v -0.316003948 0.319000006 0.000801577
vn 0.258453846 0.000000000 -0.966023624
f 5410/5410/5410 5411/5411/5411 5412/5412/5412
v -0.316003948 0.319000006 0.000801577
vn 0.707106352 0.000000000 -0.707107246
v -0.316003948 0.380999982 0.000801577
vn 0.707106352 0.000000000 -0.707107246
v -0.313801587 0.380999982 0.003003936
vn 0.707106352 0.000000000 -0.707107246
f 5413/5413/5413 5414/5414/5414 5415/5415/5415
v -0.316003948 0.319000006 0.000801577
vn 0.707106233 0.000000007 -0.707107306
v -0.313801587 0.380999982 0.003003936
vn 0.707106233 0.000000007 -0.707107306
v -0.313801587 0.319000006 0.003003936
vn 0.707106233 0.000000007 -0.707107306
f 5416/5416/5416 5417/5417/5417 5418/5418/5418
v -0.313801587 0.319000006 0.003003936
vn 0.966022432 0.000000002 -0.258458048
v -0.313801587 0.380999982 0.003003936
vn 0.966022432 0.000000002 -0.258458048
v -0.312999994 0.380999982 0.006000001
vn 0.966022432 0.000000002 -0.258458048
f 5419/5419/5419 5420/5420/5420 5421/5421/5421
v -0.313801587 0.319000006 0.003003936
vn 0.966022432 0.000000001 -0.258458048
v -0.312999994 0.380999982 0.006000001
vn 0.966022432 0.000000001 -0.258458048
v -0.312999994 0.319000006 0.006000000
vn 0.966022432 0.000000001 -0.258458048
f 5422/5422/5422 5423/5423/5423 5424/5424/5424
v -0.380999982 0.319000006 0.189999998
vn -0.258449644 0.000000000 0.966024697
v -0.380999982 0.380999982 0.189999998
vn -0.258449644 0.000000000 0.966024697
v -0.383996040 0.380999982 0.189198434
vn -0.258449644 0.000000000 0.966024697
f 5425/5425/5425 5426/5426/5426 5427/5427/5427
v -0.380999982 0.319000006 0.189999998
vn -0.258458614 -0.000000465 0.966022313
v -0.383996040 0.380999982 0.189198434
vn -0.258458614 -0.000000465 0.966022313
v -0.383996040 0.319000006 0.189198405
vn -0.258458614 -0.000000465 0.966022313
f 5428/5428/5428 5429/5429/5429 5430/5430/5430
v -0.383996040 0.319000006 0.189198405
vn -0.707106769 -0.000000340 0.707106769
v -0.383996040 0.380999982 0.189198434
vn -0.707106769 -0.000000340 0.707106769
v -0.386198401 0.380999982 0.186996073
vn -0.707106769 -0.000000340 0.707106769
f 5431/5431/5431 5432/5432/5432 5433/5433/5433
v -0.383996040 0.319000006 0.189198405
vn -0.707106769 -0.000000339 0.707106769
v -0.386198401 0.380999982 0.186996073
vn -0.707106769 -0.000000339 0.707106769
v -0.386198401 0.319000006 0.186996043
vn -0.707106769 -0.000000339 0.707106769
f 5434/5434/5434 5435/5435/5435 5436/5436/5436
v -0.386198401 0.319000006 0.186996043
vn -0.966022670 -0.000000124 0.258457422
v -0.386198401 0.380999982 0.186996073
vn -0.966022670 -0.000000124 0.258457422
v -0.386999995 0.380999982 0.184000000
vn -0.966022670 -0.000000124 0.258457422
f 5437/5437/5437 5438/5438/5438 5439/5439/5439
v -0.386198401 0.319000006 0.186996043
vn -0.966022015 0.000000000 0.258459806
v -0.386999995 0.380999982 0.184000000
vn -0.966022015 0.000000000 0.258459806
v -0.386999995 0.319000006 0.184000000
vn -0.966022015 0.000000000 0.258459806
f 5440/5440/5440 5441/5441/5441 5442/5442/5442
v -0.380999982 0.312999994 0.184000000
vn 0.000000000 -0.966022015 0.258459806
v -0.319000006 0.312999994 0.184000000
vn 0.000000000 -0.966022015 0.258459806
v -0.319000006 0.313801587 0.186996043
vn 0.000000000 -0.966022015 0.258459806
f 5443/5443/5443 5444/5444/5444 5445/5445/5445
v -0.380999982 0.312999994 0.184000000
vn 0.000000000 -0.966022015 0.258459806
v -0.319000006 0.313801587 0.186996043
vn 0.000000000 -0.966022015 0.258459806
v -0.380999982 0.313801587 0.186996043
vn 0.000000000 -0.966022015 0.258459806
f 5446/5446/5446 5447/5447/5447 5448/5448/5448
v -0.380999982 0.313801587 0.186996043
vn 0.000000000 -0.707106769 0.707106769
v -0.319000006 0.313801587 0.186996043
vn 0.000000000 -0.707106769 0.707106769
v -0.319000006 0.316003948 0.189198405
vn 0.000000000 -0.707106769 0.707106769
f 5449/5449/5449 5450/5450/5450 5451/5451/5451
v -0.380999982 0.313801587 0.186996043
vn 0.000000000 -0.707106769 0.707106769
v -0.319000006 0.316003948 0.189198405
vn 0.000000000 -0.707106769 0.707106769
v -0.380999982 0.316003948 0.189198405
vn 0.000000000 -0.707106769 0.707106769
f 5452/5452/5452 5453/5453/5453 5454/5454/5454
v -0.380999982 0.316003948 0.189198405
vn 0.000000000 -0.258458614 0.966022313
v -0.319000006 0.316003948 0.189198405
vn 0.000000000 -0.258458614 0.966022313
v -0.319000006 0.319000006 0.189999998
vn 0.000000000 -0.258458614 0.966022313
f 5455/5455/5455 5456/5456/5456 5457/5457/5457
v -0.380999982 0.316003948 0.189198405
vn 0.000000000 -0.258458614 0.966022313
v -0.319000006 0.319000006 0.189999998
vn 0.000000000 -0.258458614 0.966022313
v -0.380999982 0.319000006 0.189999998
vn 0.000000000 -0.258458614 0.966022313
f 5458/5458/5458 5459/5459/5459 5460/5460/5460
v -0.312999994 0.319000006 0.184000000
vn 0.966022015 -0.000000000 0.258459806
v -0.312999994 0.380999982 0.184000000
vn 0.966022015 -0.000000000 0.258459806
v -0.313801587 0.380999982 0.186996043
vn 0.966022015 -0.000000000 0.258459806
f 5461/5461/5461 5462/5462/5462 5463/5463/5463
v -0.312999994 0.319000006 0.184000000
vn 0.966022015 0.000000000 0.258459806
v -0.313801587 0.380999982 0.186996043
vn 0.966022015 0.000000000 0.258459806
v -0.313801587 0.319000006 0.186996043
vn 0.966022015 0.000000000 0.258459806
f 5464/5464/5464 5465/5465/5465 5466/5466/5466
v -0.313801587 0.319000006 0.186996043
vn 0.707106769 -0.000000000 0.707106769
v -0.313801587 0.380999982 0.186996043
vn 0.707106769 -0.000000000 0.707106769
v -0.316003948 0.380999982 0.189198405
vn 0.707106769 -0.000000000 0.707106769
f 5467/5467/5467 5468/5468/5468 5469/5469/5469
v -0.313801587 0.319000006 0.186996043
vn 0.707106769 0.000000000 0.707106769
v -0.316003948 0.380999982 0.189198405
vn 0.707106769 0.000000000 0.707106769
v -0.316003948 0.319000006 0.189198405
vn 0.707106769 0.000000000 0.707106769
f 5470/5470/5470 5471/5471/5471 5472/5472/5472
v -0.316003948 0.319000006 0.189198405
vn 0.258458614 -0.000000000 0.966022313
v -0.316003948 0.380999982 0.189198405
vn 0.258458614 -0.000000000 0.966022313
v -0.319000006 0.380999982 0.189999998
vn 0.258458614 -0.000000000 0.966022313
f 5473/5473/5473 5474/5474/5474 5475/5475/5475
v -0.316003948 0.319000006 0.189198405
vn 0.258458614 0.000000000 0.966022313
v -0.319000006 0.380999982 0.189999998
vn 0.258458614 0.000000000 0.966022313
v -0.319000006 0.319000006 0.189999998
vn 0.258458614 0.000000000 0.966022313
f 5476/5476/5476 5477/5477/5477 5478/5478/5478
v -0.319000006 0.386999995 0.184000000
vn 0.000000000 0.966022670 0.258457422
v -0.380999982 0.386999995 0.184000000
vn 0.000000000 0.966022670 0.258457422
v -0.380999982 0.386198401 0.186996073
vn 0.000000000 0.966022670 0.258457422
f 5479/5479/5479 5480/5480/5480 5481/5481/5481
v -0.319000006 0.386999995 0.184000000
vn 0.000000124 0.966022015 0.258459806
v -0.380999982 0.386198401 0.186996073
vn 0.000000124 0.966022015 0.258459806
v -0.319000006 0.386198401 0.186996043
vn 0.000000124 0.966022015 0.258459806
f 5482/5482/5482 5483/5483/5483 5484/5484/5484
v -0.319000006 0.386198401 0.186996043
vn 0.000000340 0.707106769 0.707106769
v -0.380999982 0.386198401 0.186996073
vn 0.000000340 0.707106769 0.707106769
v -0.380999982 0.383996040 0.189198434
vn 0.000000340 0.707106769 0.707106769
f 5485/5485/5485 5486/5486/5486 5487/5487/5487
v -0.319000006 0.386198401 0.186996043
vn 0.000000339 0.707106769 0.707106769
v -0.380999982 0.383996040 0.189198434
vn 0.000000339 0.707106769 0.707106769
v -0.319000006 0.383996040 0.189198405
vn 0.000000339 0.707106769 0.707106769
f 5488/5488/5488 5489/5489/5489 5490/5490/5490
v -0.319000006 0.383996040 0.189198405
vn 0.000000464 0.258449644 0.966024697
v -0.380999982 0.383996040 0.189198434
vn 0.000000464 0.258449644 0.966024697
v -0.380999982 0.380999982 0.189999998
vn 0.000000464 0.258449644 0.966024697
f 5491/5491/5491 5492/5492/5492 5493/5493/5493
v -0.319000006 0.383996040 0.189198405
vn 0.000000000 0.258458614 0.966022313
v -0.380999982 0.380999982 0.189999998
vn 0.000000000 0.258458614 0.966022313
v -0.319000006 0.380999982 0.189999998
vn 0.000000000 0.258458614 0.966022313
f 5494/5494/5494 5495/5495/5495 5496/5496/5496
v -0.380999982 0.312999994 0.006000000
vn -0.258458614 -0.966022253 0.000000000
v -0.380999982 0.312999994 0.184000000
vn -0.258458614 -0.966022253 0.000000000
v -0.383996040 0.313801587 0.183999985
vn -0.258458614 -0.966022253 0.000000000
f 5497/5497/5497 5498/5498/5498 5499/5499/5499
v -0.380999982 0.312999994 0.006000000
vn -0.258458614 -0.966022372 0.000000000
v -0.383996040 0.313801587 0.183999985
vn -0.258458614 -0.966022372 0.000000000
v -0.383996040 0.313801587 0.006000000
vn -0.258458614 -0.966022372 0.000000000
f 5500/5500/5500 5501/5501/5501 5502/5502/5502
v -0.383996040 0.313801587 0.006000000
vn -0.707106769 -0.707106769 0.000000000
v -0.383996040 0.313801587 0.183999985
vn -0.707106769 -0.707106769 0.000000000
v -0.386198401 0.316003948 0.183999985
vn -0.707106769 -0.707106769 0.000000000
f 5503/5503/5503 5504/5504/5504 5505/5505/5505
v -0.383996040 0.313801587 0.006000000
vn -0.707106769 -0.707106769 0.000000000
v -0.386198401 0.316003948 0.183999985
vn -0.707106769 -0.707106769 0.000000000
v -0.386198401 0.316003948 0.006000000
vn -0.707106769 -0.707106769 0.000000000
f 5506/5506/5506 5507/5507/5507 5508/5508/5508
v -0.386198401 0.316003948 0.006000000
vn -0.966022372 -0.258458614 0.000000000
v -0.386198401 0.316003948 0.183999985
vn -0.966022372 -0.258458614 0.000000000
v -0.386999995 0.319000006 0.184000000
vn -0.966022372 -0.258458614 0.000000000
f 5509/5509/5509 5510/5510/5510 5511/5511/5511
v -0.386198401 0.316003948 0.006000000
vn -0.966022253 -0.258458614 0.000000000
v -0.386999995 0.319000006 0.184000000
vn -0.966022253 -0.258458614 0.000000000
v -0.386999995 0.319000006 0.006000001
vn -0.966022253 -0.258458614 0.000000000
f 5512/5512/5512 5513/5513/5513 5514/5514/5514
v -0.312999994 0.319000006 0.006000000
vn 0.966022253 -0.258458614 0.000000000
v -0.312999994 0.319000006 0.184000000
vn 0.966022253 -0.258458614 0.000000000
v -0.313801587 0.316003948 0.183999985
vn 0.966022253 -0.258458614 0.000000000
f 5515/5515/5515 5516/5516/5516 5517/5517/5517
v -0.312999994 0.319000006 0.006000000
vn 0.966022372 -0.258458614 0.000000000
v -0.313801587 0.316003948 0.183999985
vn 0.966022372 -0.258458614 0.000000000
v -0.313801587 0.316003948 0.006000000
vn 0.966022372 -0.258458614 0.000000000
f 5518/5518/5518 5519/5519/5519 5520/5520/5520
v -0.313801587 0.316003948 0.006000000
vn 0.707106769 -0.707106769 0.000000000
v -0.313801587 0.316003948 0.183999985
vn 0.707106769 -0.707106769 0.000000000
v -0.316003948 0.313801587 0.183999985
vn 0.707106769 -0.707106769 0.000000000
f 5521/5521/5521 5522/5522/5522 5523/5523/5523
v -0.313801587 0.316003948 0.006000000
vn 0.707106769 -0.707106769 0.000000000
v -0.316003948 0.313801587 0.183999985
vn 0.707106769 -0.707106769 0.000000000
v -0.316003948 0.313801587 0.006000000
vn 0.707106769 -0.707106769 0.000000000
f 5524/5524/5524 5525/5525/5525 5526/5526/5526
v -0.316003948 0.313801587 0.006000000
vn 0.258458614 -0.966022372 0.000000000
v -0.316003948 0.313801587 0.183999985
vn 0.258458614 -0.966022372 0.000000000
v -0.319000006 0.312999994 0.184000000
vn 0.258458614 -0.966022372 0.000000000
f 5527/5527/5527 5528/5528/5528 5529/5529/5529
v -0.316003948 0.313801587 0.006000000
vn 0.258458614 -0.966022253 0.000000000
v -0.319000006 0.312999994 0.184000000
vn 0.258458614 -0.966022253 0.000000000
v -0.319000006 0.312999994 0.006000001
vn 0.258458614 -0.966022253 0.000000000
f 5530/5530/5530 5531/5531/5531 5532/5532/5532
v -0.319000006 0.386999995 0.006000000
vn 0.258458614 0.966022253 -0.000000000
v -0.319000006 0.386999995 0.184000000
vn 0.258458614 0.966022253 -0.000000000
v -0.316003948 0.386198401 0.183999985
vn 0.258458614 0.966022253 -0.000000000
f 5533/5533/5533 5534/5534/5534 5535/5535/5535
v -0.319000006 0.386999995 0.006000000
vn 0.258458614 0.966022372 0.000000000
v -0.316003948 0.386198401 0.183999985
vn 0.258458614 0.966022372 0.000000000
v -0.316003948 0.386198401 0.006000000
vn 0.258458614 0.966022372 0.000000000
f 5536/5536/5536 5537/5537/5537 5538/5538/5538
v -0.316003948 0.386198401 0.006000000
vn 0.707106769 0.707106769 -0.000000000
v -0.316003948 0.386198401 0.183999985
vn 0.707106769 0.707106769 -0.000000000
v -0.313801587 0.383996040 0.183999985
vn 0.707106769 0.707106769 -0.000000000
f 5539/5539/5539 5540/5540/5540 5541/5541/5541
v -0.316003948 0.386198401 0.006000000
vn 0.707106769 0.707106769 0.000000000
v -0.313801587 0.383996040 0.183999985
vn 0.707106769 0.707106769 0.000000000
v -0.313801587 0.383996040 0.006000000
vn 0.707106769 0.707106769 0.000000000
f 5542/5542/5542 5543/5543/5543 5544/5544/5544
v -0.313801587 0.383996040 0.006000000
vn 0.966022372 0.258458614 -0.000000000
v -0.313801587 0.383996040 0.183999985
vn 0.966022372 0.258458614 -0.000000000
v -0.312999994 0.380999982 0.184000000
vn 0.966022372 0.258458614 -0.000000000
f 5545/5545/5545 5546/5546/5546 5547/5547/5547
v -0.313801587 0.383996040 0.006000000
vn 0.966022253 0.258458614 0.000000000
v -0.312999994 0.380999982 0.184000000
vn 0.966022253 0.258458614 0.000000000
v -0.312999994 0.380999982 0.006000001
vn 0.966022253 0.258458614 0.000000000
f 5548/5548/5548 5549/5549/5549 5550/5550/5550
v -0.386999995 0.380999982 0.006000000
vn -0.966022253 0.258458614 0.000000000
v -0.386999995 0.380999982 0.184000000
vn -0.966022253 0.258458614 0.000000000
v -0.386198401 0.383996040 0.184000015
vn -0.966022253 0.258458614 0.000000000
f 5551/5551/5551 5552/5552/5552 5553/5553/5553
v -0.386999995 0.380999982 0.006000000
vn -0.966022313 0.258458614 0.000000000
v -0.386198401 0.383996040 0.184000015
vn -0.966022313 0.258458614 0.000000000
v -0.386198401 0.383996040 0.006000000
vn -0.966022313 0.258458614 0.000000000
f 5554/5554/5554 5555/5555/5555 5556/5556/5556
v -0.386198401 0.383996040 0.006000000
vn -0.707106769 0.707106769 0.000000000
v -0.386198401 0.383996040 0.184000015
vn -0.707106769 0.707106769 0.000000000
v -0.383996040 0.386198401 0.184000015
vn -0.707106769 0.707106769 0.000000000
f 5557/5557/5557 5558/5558/5558 5559/5559/5559
v -0.386198401 0.383996040 0.006000000
vn -0.707106769 0.707106769 0.000000000
v -0.383996040 0.386198401 0.184000015
vn -0.707106769 0.707106769 0.000000000
v -0.383996040 0.386198401 0.006000000
vn -0.707106769 0.707106769 0.000000000
f 5560/5560/5560 5561/5561/5561 5562/5562/5562
v -0.383996040 0.386198401 0.006000000
vn -0.258458614 0.966022313 0.000000000
v -0.383996040 0.386198401 0.184000015
vn -0.258458614 0.966022313 0.000000000
v -0.380999982 0.386999995 0.184000000
vn -0.258458614 0.966022313 0.000000000
f 5563/5563/5563 5564/5564/5564 5565/5565/5565
v -0.383996040 0.386198401 0.006000000
vn -0.258458614 0.966022253 0.000000000
v -0.380999982 0.386999995 0.184000000
vn -0.258458614 0.966022253 0.000000000
v -0.380999982 0.386999995 0.006000001
vn -0.258458614 0.966022253 0.000000000
f 5566/5566/5566 5567/5567/5567 5568/5568/5568
v -0.380999982 0.312999994 0.006000000
vn 0.000000000 -1.000000000 0.000000000
v -0.319000006 0.312999994 0.006000001
vn 0.000000000 -1.000000000 0.000000000
v -0.319000006 0.312999994 0.184000000
vn 0.000000000 -1.000000000 0.000000000
f 5569/5569/5569 5570/5570/5570 5571/5571/5571
v -0.380999982 0.312999994 0.006000000
vn 0.000000000 -1.000000000 0.000000000
v -0.319000006 0.312999994 0.184000000
vn 0.000000000 -1.000000000 0.000000000
v -0.380999982 0.312999994 0.184000000
vn 0.000000000 -1.000000000 0.000000000
f 5572/5572/5572 5573/5573/5573 5574/5574/5574
v -0.380999982 0.319000006 0.000000000
vn 0.000000000 0.000000000 -1.000000000
v -0.380999982 0.380999982 0.000000000
vn 0.000000000 0.000000000 -1.000000000
v -0.319000006 0.380999982 0.000000000
vn 0.000000000 0.000000000 -1.000000000
f 5575/5575/5575 5576/5576/5576 5577/5577/5577
v -0.380999982 0.319000006 0.000000000
vn 0.000000000 0.000000000 -1.000000000
v -0.319000006 0.380999982 0.000000000
vn 0.000000000 0.000000000 -1.000000000
v -0.319000006 0.319000006 0.000000000
vn 0.000000000 0.000000000 -1.000000000
f 5578/5578/5578 5579/5579/5579 5580/5580/5580
v -0.386999995 0.380999982 0.006000000
vn -1.000000000 0.000000000 0.000000000
v -0.386999995 0.319000006 0.006000001
vn -1.000000000 0.000000000 0.000000000
v -0.386999995 0.319000006 0.184000000
vn -1.000000000 0.000000000 0.000000000
f 5581/5581/5581 5582/5582/5582 5583/5583/5583
v -0.386999995 0.380999982 0.006000000
vn -1.000000000 0.000000000 0.000000000
v -0.386999995 0.319000006 0.184000000
vn -1.000000000 0.000000000 0.000000000
v -0.386999995 0.380999982 0.184000000
vn -1.000000000 0.000000000 0.000000000
f 5584/5584/5584 5585/5585/5585 5586/5586/5586
v -0.312999994 0.319000006 0.006000000
vn 1.000000000 0.000000000 0.000000000
v -0.312999994 0.380999982 0.006000001
vn 1.000000000 0.000000000 0.000000000
v -0.312999994 0.380999982 0.184000000
vn 1.000000000 0.000000000 0.000000000
f 5587/5587/5587 5588/5588/5588 5589/5589/5589
v -0.312999994 0.319000006 0.006000000
vn 1.000000000 0.000000000 0.000000000
v -0.312999994 0.380999982 0.184000000
vn 1.000000000 0.000000000 0.000000000
v -0.312999994 0.319000006 0.184000000
vn 1.000000000 0.000000000 0.000000000
f 5590/5590/5590 5591/5591/5591 5592/5592/5592
v -0.319000006 0.386999995 0.006000000
vn 0.000000000 1.000000000 0.000000000
v -0.380999982 0.386999995 0.006000001
vn 0.000000000 1.000000000 0.000000000
v -0.380999982 0.386999995 0.184000000
vn 0.000000000 1.000000000 0.000000000
f 5593/5593/5593 5594/5594/5594 5595/5595/5595
v -0.319000006 0.386999995 0.006000000
vn 0.000000000 1.000000000 -0.000000000
v -0.380999982 0.386999995 0.184000000
vn 0.000000000 1.000000000 -0.000000000
v -0.319000006 0.386999995 0.184000000
vn 0.000000000 1.000000000 -0.000000000
f 5596/5596/5596 5597/5597/5597 5598/5598/5598
v -0.380999982 0.319000006 0.189999998
vn 0.000000000 0.000000000 1.000000000
v -0.319000006 0.319000006 0.189999998
vn 0.000000000 0.000000000 1.000000000
v -0.319000006 0.380999982 0.189999998
vn 0.000000000 0.000000000 1.000000000
f 5599/5599/5599 5600/5600/5600 5601/5601/5601
v -0.380999982 0.319000006 0.189999998
vn 0.000000000 0.000000000 1.000000000
v -0.319000006 0.380999982 0.189999998
vn 0.000000000 0.000000000 1.000000000
v -0.380999982 0.380999982 0.189999998
vn 0.000000000 0.000000000 1.000000000
f 5602/5602/5602 5603/5603/5603 5604/5604/5604
o Victorian_5_|_short_wood_foot_(0.35,_-0.3)
usemtl UV_Base
v 0.319000006 -0.337000012 0.006000000
vn -0.249307200 -0.931783080 -0.263867766
v 0.316003948 -0.336198390 0.006000000
vn -0.249307200 -0.931783080 -0.263867766
v 0.316130728 -0.335419774 0.003130730
vn -0.249307200 -0.931783080 -0.263867766
f 5605/5605/5605 5606/5606/5606 5607/5607/5607
v 0.319000006 -0.337000012 0.006000000
vn -0.263868302 -0.931783140 -0.249306619
v 0.316130728 -0.335419774 0.003130730
vn -0.263868302 -0.931783140 -0.249306619
v 0.319000006 -0.336198390 0.003003936
vn -0.263868302 -0.931783140 -0.249306619
f 5608/5608/5608 5609/5609/5609 5610/5610/5610
v 0.316003948 -0.336198390 0.006000000
vn -0.690136075 -0.690136075 -0.217771620
v 0.313801587 -0.333996028 0.006000000
vn -0.690136075 -0.690136075 -0.217771620
v 0.314580202 -0.333869249 0.003130731
vn -0.690136075 -0.690136075 -0.217771620
f 5611/5611/5611 5612/5612/5612 5613/5613/5613
v 0.316003948 -0.336198390 0.006000000
vn -0.690136015 -0.690136015 -0.217771590
v 0.314580202 -0.333869249 0.003130731
vn -0.690136015 -0.690136015 -0.217771590
v 0.316130728 -0.335419774 0.003130730
vn -0.690136015 -0.690136015 -0.217771590
f 5614/5614/5614 5615/5615/5615 5616/5616/5616
v 0.312999994 -0.331000000 0.006000001
vn -0.931784689 -0.263868421 -0.249300376
v 0.313801587 -0.330999970 0.003003936
vn -0.931784689 -0.263868421 -0.249300376
v 0.314580202 -0.333869249 0.003130731
vn -0.931784689 -0.263868421 -0.249300376
f 5617/5617/5617 5618/5618/5618 5619/5619/5619
v 0.312999994 -0.331000000 0.006000001
vn -0.931784689 -0.249300793 -0.263867915
v 0.314580202 -0.333869249 0.003130731
vn -0.931784689 -0.249300793 -0.263867915
v 0.313801587 -0.333996028 0.006000000
vn -0.931784689 -0.249300793 -0.263867915
f 5620/5620/5620 5621/5621/5621 5622/5622/5622
v 0.313801587 -0.330999970 0.003003936
vn -0.690135241 -0.217773855 -0.690136135
v 0.316003948 -0.330999970 0.000801577
vn -0.690135241 -0.217773855 -0.690136135
v 0.316130728 -0.333869249 0.001580205
vn -0.690135241 -0.217773855 -0.690136135
f 5623/5623/5623 5624/5624/5624 5625/5625/5625
v 0.313801587 -0.330999970 0.003003936
vn -0.690135717 -0.217774540 -0.690135539
v 0.316130728 -0.333869249 0.001580205
vn -0.690135717 -0.217774540 -0.690135539
v 0.314580202 -0.333869249 0.003130731
vn -0.690135717 -0.217774540 -0.690135539
f 5626/5626/5626 5627/5627/5627 5628/5628/5628
v 0.319000006 -0.331000000 0.000000000
vn -0.263870925 -0.249296054 -0.931785226
v 0.319000006 -0.333996028 0.000801577
vn -0.263870925 -0.249296054 -0.931785226
v 0.316130728 -0.333869249 0.001580205
vn -0.263870925 -0.249296054 -0.931785226
f 5629/5629/5629 5630/5630/5630 5631/5631/5631
v 0.319000006 -0.331000000 0.000000000
vn -0.249296218 -0.263870984 -0.931785226
v 0.316130728 -0.333869249 0.001580205
vn -0.249296218 -0.263870984 -0.931785226
v 0.316003948 -0.330999970 0.000801577
vn -0.249296218 -0.263870984 -0.931785226
f 5632/5632/5632 5633/5633/5633 5634/5634/5634
v 0.319000006 -0.333996028 0.000801577
vn -0.217774481 -0.690135062 -0.690136135
v 0.319000006 -0.336198390 0.003003936
vn -0.217774481 -0.690135062 -0.690136135
v 0.316130728 -0.335419774 0.003130730
vn -0.217774481 -0.690135062 -0.690136135
f 5635/5635/5635 5636/5636/5636 5637/5637/5637
v 0.319000006 -0.333996028 0.000801577
vn -0.217773750 -0.690135777 -0.690135658
v 0.316130728 -0.335419774 0.003130730
vn -0.217773750 -0.690135777 -0.690135658
v 0.316130728 -0.333869249 0.001580205
vn -0.217773750 -0.690135777 -0.690135658
f 5638/5638/5638 5639/5639/5639 5640/5640/5640
v 0.316130728 -0.335419774 0.003130730
vn -0.577350318 -0.577350199 -0.577350140
v 0.314580202 -0.333869249 0.003130731
vn -0.577350318 -0.577350199 -0.577350140
v 0.316130728 -0.333869249 0.001580205
vn -0.577350318 -0.577350199 -0.577350140
f 5641/5641/5641 5642/5642/5642 5643/5643/5643
v 0.380999982 -0.337000012 0.006000001
vn 0.263868302 -0.931783140 -0.249306619
v 0.380999982 -0.336198390 0.003003936
vn 0.263868302 -0.931783140 -0.249306619
v 0.383869261 -0.335419774 0.003130731
vn 0.263868302 -0.931783140 -0.249306619
f 5644/5644/5644 5645/5645/5645 5646/5646/5646
v 0.380999982 -0.337000012 0.006000001
vn 0.249307141 -0.931783080 -0.263867795
v 0.383869261 -0.335419774 0.003130731
vn 0.249307141 -0.931783080 -0.263867795
v 0.383996040 -0.336198390 0.006000000
vn 0.249307141 -0.931783080 -0.263867795
f 5647/5647/5647 5648/5648/5648 5649/5649/5649
v 0.380999982 -0.336198390 0.003003936
vn 0.217773855 -0.690135241 -0.690136135
v 0.380999982 -0.333996028 0.000801577
vn 0.217773855 -0.690135241 -0.690136135
v 0.383869261 -0.333869249 0.001580205
vn 0.217773855 -0.690135241 -0.690136135
f 5650/5650/5650 5651/5651/5651 5652/5652/5652
v 0.380999982 -0.336198390 0.003003936
vn 0.217774585 -0.690135717 -0.690135419
v 0.383869261 -0.333869249 0.001580205
vn 0.217774585 -0.690135717 -0.690135419
v 0.383869261 -0.335419774 0.003130731
vn 0.217774585 -0.690135717 -0.690135419
f 5653/5653/5653 5654/5654/5654 5655/5655/5655
v 0.380999982 -0.331000000 0.000000000
vn 0.249296218 -0.263870984 -0.931785226
v 0.383996040 -0.330999970 0.000801577
vn 0.249296218 -0.263870984 -0.931785226
v 0.383869261 -0.333869249 0.001580205
vn 0.249296218 -0.263870984 -0.931785226
f 5656/5656/5656 5657/5657/5657 5658/5658/5658
v 0.380999982 -0.331000000 0.000000000
vn 0.263870925 -0.249296054 -0.931785226
v 0.383869261 -0.333869249 0.001580205
vn 0.263870925 -0.249296054 -0.931785226
v 0.380999982 -0.333996028 0.000801577
vn 0.263870925 -0.249296054 -0.931785226
f 5659/5659/5659 5660/5660/5660 5661/5661/5661
v 0.383996040 -0.330999970 0.000801577
vn 0.690135062 -0.217774421 -0.690136135
v 0.386198401 -0.330999970 0.003003936
vn 0.690135062 -0.217774421 -0.690136135
v 0.385419786 -0.333869249 0.003130730
vn 0.690135062 -0.217774421 -0.690136135
f 5662/5662/5662 5663/5663/5663 5664/5664/5664
v 0.383996040 -0.330999970 0.000801577
vn 0.690135658 -0.217773736 -0.690135658
v 0.385419786 -0.333869249 0.003130730
vn 0.690135658 -0.217773736 -0.690135658
v 0.383869261 -0.333869249 0.001580205
vn 0.690135658 -0.217773736 -0.690135658
f 5665/5665/5665 5666/5666/5666 5667/5667/5667
v 0.386999995 -0.331000000 0.006000000
vn 0.931784749 -0.249300852 -0.263867915
v 0.386198401 -0.333996028 0.006000000
vn 0.931784749 -0.249300852 -0.263867915
v 0.385419786 -0.333869249 0.003130730
vn 0.931784749 -0.249300852 -0.263867915
f 5668/5668/5668 5669/5669/5669 5670/5670/5670
v 0.386999995 -0.331000000 0.006000000
vn 0.931784689 -0.263868421 -0.249300376
v 0.385419786 -0.333869249 0.003130730
vn 0.931784689 -0.263868421 -0.249300376
v 0.386198401 -0.330999970 0.003003936
vn 0.931784689 -0.263868421 -0.249300376
f 5671/5671/5671 5672/5672/5672 5673/5673/5673
v 0.386198401 -0.333996028 0.006000000
vn 0.690136015 -0.690136015 -0.217771620
v 0.383996040 -0.336198390 0.006000000
vn 0.690136015 -0.690136015 -0.217771620
v 0.383869261 -0.335419774 0.003130731
vn 0.690136015 -0.690136015 -0.217771620
f 5674/5674/5674 5675/5675/5675 5676/5676/5676
v 0.386198401 -0.333996028 0.006000000
vn 0.690136015 -0.690136135 -0.217771575
v 0.383869261 -0.335419774 0.003130731
vn 0.690136015 -0.690136135 -0.217771575
v 0.385419786 -0.333869249 0.003130730
vn 0.690136015 -0.690136135 -0.217771575
f 5677/5677/5677 5678/5678/5678 5679/5679/5679
v 0.383869261 -0.335419774 0.003130731
vn 0.577350199 -0.577350438 -0.577350259
v 0.383869261 -0.333869249 0.001580205
vn 0.577350199 -0.577350438 -0.577350259
v 0.385419786 -0.333869249 0.003130730
vn 0.577350199 -0.577350438 -0.577350259
f 5680/5680/5680 5681/5681/5681 5682/5682/5682
v 0.380999982 -0.263000011 0.006000000
vn 0.249307200 0.931783080 -0.263867766
v 0.383996040 -0.263801634 0.006000000
vn 0.249307200 0.931783080 -0.263867766
v 0.383869261 -0.264580250 0.003130730
vn 0.249307200 0.931783080 -0.263867766
f 5683/5683/5683 5684/5684/5684 5685/5685/5685
v 0.380999982 -0.263000011 0.006000000
vn 0.263868302 0.931783140 -0.249306619
v 0.383869261 -0.264580250 0.003130730
vn 0.263868302 0.931783140 -0.249306619
v 0.380999982 -0.263801634 0.003003936
vn 0.263868302 0.931783140 -0.249306619
f 5686/5686/5686 5687/5687/5687 5688/5688/5688
v 0.383996040 -0.263801634 0.006000000
vn 0.690136075 0.690136075 -0.217771620
v 0.386198401 -0.266003996 0.006000000
vn 0.690136075 0.690136075 -0.217771620
v 0.385419786 -0.266130775 0.003130731
vn 0.690136075 0.690136075 -0.217771620
f 5689/5689/5689 5690/5690/5690 5691/5691/5691
v 0.383996040 -0.263801634 0.006000000
vn 0.690136015 0.690136015 -0.217771590
v 0.385419786 -0.266130775 0.003130731
vn 0.690136015 0.690136015 -0.217771590
v 0.383869261 -0.264580250 0.003130730
vn 0.690136015 0.690136015 -0.217771590
f 5692/5692/5692 5693/5693/5693 5694/5694/5694
v 0.386999995 -0.269000024 0.006000001
vn 0.931784689 0.263868421 -0.249300376
v 0.386198401 -0.269000053 0.003003936
vn 0.931784689 0.263868421 -0.249300376
v 0.385419786 -0.266130775 0.003130731
vn 0.931784689 0.263868421 -0.249300376
f 5695/5695/5695 5696/5696/5696 5697/5697/5697
v 0.386999995 -0.269000024 0.006000001
vn 0.931784689 0.249300793 -0.263867915
v 0.385419786 -0.266130775 0.003130731
vn 0.931784689 0.249300793 -0.263867915
v 0.386198401 -0.266003996 0.006000000
vn 0.931784689 0.249300793 -0.263867915
f 5698/5698/5698 5699/5699/5699 5700/5700/5700
v 0.386198401 -0.269000053 0.003003936
vn 0.690135241 0.217773855 -0.690136135
v 0.383996040 -0.269000053 0.000801577
vn 0.690135241 0.217773855 -0.690136135
v 0.383869261 -0.266130775 0.001580205
vn 0.690135241 0.217773855 -0.690136135
f 5701/5701/5701 5702/5702/5702 5703/5703/5703
v 0.386198401 -0.269000053 0.003003936
vn 0.690135717 0.217774540 -0.690135539
v 0.383869261 -0.266130775 0.001580205
vn 0.690135717 0.217774540 -0.690135539
v 0.385419786 -0.266130775 0.003130731
vn 0.690135717 0.217774540 -0.690135539
f 5704/5704/5704 5705/5705/5705 5706/5706/5706
v 0.380999982 -0.269000024 0.000000000
vn 0.263870925 0.249296054 -0.931785226
v 0.380999982 -0.266003996 0.000801577
vn 0.263870925 0.249296054 -0.931785226
v 0.383869261 -0.266130775 0.001580205
vn 0.263870925 0.249296054 -0.931785226
f 5707/5707/5707 5708/5708/5708 5709/5709/5709
v 0.380999982 -0.269000024 0.000000000
vn 0.249296218 0.263870984 -0.931785226
v 0.383869261 -0.266130775 0.001580205
vn 0.249296218 0.263870984 -0.931785226
v 0.383996040 -0.269000053 0.000801577
vn 0.249296218 0.263870984 -0.931785226
f 5710/5710/5710 5711/5711/5711 5712/5712/5712
v 0.380999982 -0.266003996 0.000801577
vn 0.217774481 0.690135062 -0.690136135
v 0.380999982 -0.263801634 0.003003936
vn 0.217774481 0.690135062 -0.690136135
v 0.383869261 -0.264580250 0.003130730
vn 0.217774481 0.690135062 -0.690136135
f 5713/5713/5713 5714/5714/5714 5715/5715/5715
v 0.380999982 -0.266003996 0.000801577
vn 0.217773750 0.690135777 -0.690135658
v 0.383869261 -0.264580250 0.003130730
vn 0.217773750 0.690135777 -0.690135658
v 0.383869261 -0.266130775 0.001580205
vn 0.217773750 0.690135777 -0.690135658
f 5716/5716/5716 5717/5717/5717 5718/5718/5718
v 0.383869261 -0.264580250 0.003130730
vn 0.577350318 0.577350199 -0.577350140
v 0.385419786 -0.266130775 0.003130731
vn 0.577350318 0.577350199 -0.577350140
v 0.383869261 -0.266130775 0.001580205
vn 0.577350318 0.577350199 -0.577350140
f 5719/5719/5719 5720/5720/5720 5721/5721/5721
v 0.312999994 -0.269000024 0.006000000
vn -0.931784689 0.249300852 -0.263867915
v 0.313801587 -0.266003996 0.006000000
vn -0.931784689 0.249300852 -0.263867915
v 0.314580202 -0.266130775 0.003130730
vn -0.931784689 0.249300852 -0.263867915
f 5722/5722/5722 5723/5723/5723 5724/5724/5724
v 0.312999994 -0.269000024 0.006000000
vn -0.931784689 0.263868451 -0.249300376
v 0.314580202 -0.266130775 0.003130730
vn -0.931784689 0.263868451 -0.249300376
v 0.313801587 -0.269000053 0.003003936
vn -0.931784689 0.263868451 -0.249300376
f 5725/5725/5725 5726/5726/5726 5727/5727/5727
v 0.313801587 -0.266003996 0.006000000
vn -0.690136075 0.690136075 -0.217771620
v 0.316003948 -0.263801634 0.006000000
vn -0.690136075 0.690136075 -0.217771620
v 0.316130728 -0.264580250 0.003130731
vn -0.690136075 0.690136075 -0.217771620
f 5728/5728/5728 5729/5729/5729 5730/5730/5730
v 0.313801587 -0.266003996 0.006000000
vn -0.690136015 0.690136015 -0.217771590
v 0.316130728 -0.264580250 0.003130731
vn -0.690136015 0.690136015 -0.217771590
v 0.314580202 -0.266130775 0.003130730
vn -0.690136015 0.690136015 -0.217771590
f 5731/5731/5731 5732/5732/5732 5733/5733/5733
v 0.319000006 -0.263000011 0.006000001
vn -0.263868272 0.931783140 -0.249306619
v 0.319000006 -0.263801634 0.003003936
vn -0.263868272 0.931783140 -0.249306619
v 0.316130728 -0.264580250 0.003130731
vn -0.263868272 0.931783140 -0.249306619
f 5734/5734/5734 5735/5735/5735 5736/5736/5736
v 0.319000006 -0.263000011 0.006000001
vn -0.249307156 0.931783080 -0.263867766
v 0.316130728 -0.264580250 0.003130731
vn -0.249307156 0.931783080 -0.263867766
v 0.316003948 -0.263801634 0.006000000
vn -0.249307156 0.931783080 -0.263867766
f 5737/5737/5737 5738/5738/5738 5739/5739/5739
v 0.319000006 -0.263801634 0.003003936
vn -0.217773855 0.690135241 -0.690136135
v 0.319000006 -0.266003996 0.000801577
vn -0.217773855 0.690135241 -0.690136135
v 0.316130728 -0.266130775 0.001580205
vn -0.217773855 0.690135241 -0.690136135
f 5740/5740/5740 5741/5741/5741 5742/5742/5742
v 0.319000006 -0.263801634 0.003003936
vn -0.217774540 0.690135717 -0.690135539
v 0.316130728 -0.266130775 0.001580205
vn -0.217774540 0.690135717 -0.690135539
v 0.316130728 -0.264580250 0.003130731
vn -0.217774540 0.690135717 -0.690135539
f 5743/5743/5743 5744/5744/5744 5745/5745/5745
v 0.319000006 -0.269000024 0.000000000
vn -0.249296218 0.263870984 -0.931785226
v 0.316003948 -0.269000053 0.000801577
vn -0.249296218 0.263870984 -0.931785226
v 0.316130728 -0.266130775 0.001580205
vn -0.249296218 0.263870984 -0.931785226
f 5746/5746/5746 5747/5747/5747 5748/5748/5748
v 0.319000006 -0.269000024 0.000000000
vn -0.263870925 0.249296054 -0.931785226
v 0.316130728 -0.266130775 0.001580205
vn -0.263870925 0.249296054 -0.931785226
v 0.319000006 -0.266003996 0.000801577
vn -0.263870925 0.249296054 -0.931785226
f 5749/5749/5749 5750/5750/5750 5751/5751/5751
v 0.316003948 -0.269000053 0.000801577
vn -0.690135062 0.217774481 -0.690136135
v 0.313801587 -0.269000053 0.003003936
vn -0.690135062 0.217774481 -0.690136135
v 0.314580202 -0.266130775 0.003130730
vn -0.690135062 0.217774481 -0.690136135
f 5752/5752/5752 5753/5753/5753 5754/5754/5754
v 0.316003948 -0.269000053 0.000801577
vn -0.690135777 0.217773750 -0.690135658
v 0.314580202 -0.266130775 0.003130730
vn -0.690135777 0.217773750 -0.690135658
v 0.316130728 -0.266130775 0.001580205
vn -0.690135777 0.217773750 -0.690135658
f 5755/5755/5755 5756/5756/5756 5757/5757/5757
v 0.314580202 -0.266130775 0.003130730
vn -0.577350199 0.577350318 -0.577350140
v 0.316130728 -0.264580250 0.003130731
vn -0.577350199 0.577350318 -0.577350140
v 0.316130728 -0.266130775 0.001580205
vn -0.577350199 0.577350318 -0.577350140
f 5758/5758/5758 5759/5759/5759 5760/5760/5760
v 0.312999994 -0.331000000 0.184000000
vn -0.931784332 -0.249302059 0.263868451
v 0.313801587 -0.333996028 0.183999985
vn -0.931784332 -0.249302059 0.263868451
v 0.314580202 -0.333869249 0.186869249
vn -0.931784332 -0.249302059 0.263868451
f 5761/5761/5761 5762/5762/5762 5763/5763/5763
v 0.312999994 -0.331000000 0.184000000
vn -0.931784332 -0.263868392 0.249302119
v 0.314580202 -0.333869249 0.186869249
vn -0.931784332 -0.263868392 0.249302119
v 0.313801587 -0.330999970 0.186996043
vn -0.931784332 -0.263868392 0.249302119
f 5764/5764/5764 5765/5765/5765 5766/5766/5766
v 0.313801587 -0.333996028 0.183999985
vn -0.690136015 -0.690136015 0.217772067
v 0.316003948 -0.336198390 0.183999985
vn -0.690136015 -0.690136015 0.217772067
v 0.316130728 -0.335419774 0.186869249
vn -0.690136015 -0.690136015 0.217772067
f 5767/5767/5767 5768/5768/5768 5769/5769/5769
v 0.313801587 -0.333996028 0.183999985
vn -0.690135956 -0.690135956 0.217772052
v 0.316130728 -0.335419774 0.186869249
vn -0.690135956 -0.690135956 0.217772052
v 0.314580202 -0.333869249 0.186869249
vn -0.690135956 -0.690135956 0.217772052
f 5770/5770/5770 5771/5771/5771 5772/5772/5772
v 0.319000006 -0.337000012 0.184000000
vn -0.263868183 -0.931782663 0.249308303
v 0.319000006 -0.336198390 0.186996043
vn -0.263868183 -0.931782663 0.249308303
v 0.316130728 -0.335419774 0.186869249
vn -0.263868183 -0.931782663 0.249308303
f 5773/5773/5773 5774/5774/5774 5775/5775/5775
v 0.319000006 -0.337000012 0.184000000
vn -0.249308407 -0.931782663 0.263868302
v 0.316130728 -0.335419774 0.186869249
vn -0.249308407 -0.931782663 0.263868302
v 0.316003948 -0.336198390 0.183999985
vn -0.249308407 -0.931782663 0.263868302
f 5776/5776/5776 5777/5777/5777 5778/5778/5778
v 0.319000006 -0.336198390 0.186996043
vn -0.217774376 -0.690135598 0.690135598
v 0.319000006 -0.333996028 0.189198405
vn -0.217774376 -0.690135598 0.690135598
v 0.316130728 -0.333869249 0.188419774
vn -0.217774376 -0.690135598 0.690135598
f 5779/5779/5779 5780/5780/5780 5781/5781/5781
v 0.319000006 -0.336198390 0.186996043
vn -0.217774376 -0.690135598 0.690135598
v 0.316130728 -0.333869249 0.188419774
vn -0.217774376 -0.690135598 0.690135598
v 0.316130728 -0.335419774 0.186869249
vn -0.217774376 -0.690135598 0.690135598
f 5782/5782/5782 5783/5783/5783 5784/5784/5784
v 0.319000006 -0.331000000 0.189999998
vn -0.249300718 -0.263871729 0.931783736
v 0.316003948 -0.330999970 0.189198405
vn -0.249300718 -0.263871729 0.931783736
v 0.316130728 -0.333869249 0.188419774
vn -0.249300718 -0.263871729 0.931783736
f 5785/5785/5785 5786/5786/5786 5787/5787/5787
v 0.319000006 -0.331000000 0.189999998
vn -0.263871670 -0.249300569 0.931783736
v 0.316130728 -0.333869249 0.188419774
vn -0.263871670 -0.249300569 0.931783736
v 0.319000006 -0.333996028 0.189198405
vn -0.263871670 -0.249300569 0.931783736
f 5788/5788/5788 5789/5789/5789 5790/5790/5790
v 0.316003948 -0.330999970 0.189198405
vn -0.690135598 -0.217774376 0.690135598
v 0.313801587 -0.330999970 0.186996043
vn -0.690135598 -0.217774376 0.690135598
v 0.314580202 -0.333869249 0.186869249
vn -0.690135598 -0.217774376 0.690135598
f 5791/5791/5791 5792/5792/5792 5793/5793/5793
v 0.316003948 -0.330999970 0.189198405
vn -0.690135598 -0.217774406 0.690135598
v 0.314580202 -0.333869249 0.186869249
vn -0.690135598 -0.217774406 0.690135598
v 0.316130728 -0.333869249 0.188419774
vn -0.690135598 -0.217774406 0.690135598
f 5794/5794/5794 5795/5795/5795 5796/5796/5796
v 0.314580202 -0.333869249 0.186869249
vn -0.577350318 -0.577350318 0.577350318
v 0.316130728 -0.335419774 0.186869249
vn -0.577350318 -0.577350318 0.577350318
v 0.316130728 -0.333869249 0.188419774
vn -0.577350318 -0.577350318 0.577350318
f 5797/5797/5797 5798/5798/5798 5799/5799/5799
v 0.380999982 -0.337000012 0.184000000
vn 0.249308407 -0.931782663 0.263868302
v 0.383996040 -0.336198390 0.183999985
vn 0.249308407 -0.931782663 0.263868302
v 0.383869261 -0.335419774 0.186869249
vn 0.249308407 -0.931782663 0.263868302
f 5800/5800/5800 5801/5801/5801 5802/5802/5802
v 0.380999982 -0.337000012 0.184000000
vn 0.263868183 -0.931782663 0.249308303
v 0.383869261 -0.335419774 0.186869249
vn 0.263868183 -0.931782663 0.249308303
v 0.380999982 -0.336198390 0.186996043
vn 0.263868183 -0.931782663 0.249308303
f 5803/5803/5803 5804/5804/5804 5805/5805/5805
v 0.383996040 -0.336198390 0.183999985
vn 0.690136015 -0.690136015 0.217772067
v 0.386198401 -0.333996028 0.183999985
vn 0.690136015 -0.690136015 0.217772067
v 0.385419786 -0.333869249 0.186869249
vn 0.690136015 -0.690136015 0.217772067
f 5806/5806/5806 5807/5807/5807 5808/5808/5808
v 0.383996040 -0.336198390 0.183999985
vn 0.690135956 -0.690135956 0.217772052
v 0.385419786 -0.333869249 0.186869249
vn 0.690135956 -0.690135956 0.217772052
v 0.383869261 -0.335419774 0.186869249
vn 0.690135956 -0.690135956 0.217772052
f 5809/5809/5809 5810/5810/5810 5811/5811/5811
v 0.386999995 -0.331000000 0.184000000
vn 0.931784332 -0.263868392 0.249302119
v 0.386198401 -0.330999970 0.186996043
vn 0.931784332 -0.263868392 0.249302119
v 0.385419786 -0.333869249 0.186869249
vn 0.931784332 -0.263868392 0.249302119
f 5812/5812/5812 5813/5813/5813 5814/5814/5814
v 0.386999995 -0.331000000 0.184000000
vn 0.931784332 -0.249302059 0.263868451
v 0.385419786 -0.333869249 0.186869249
vn 0.931784332 -0.249302059 0.263868451
v 0.386198401 -0.333996028 0.183999985
vn 0.931784332 -0.249302059 0.263868451
f 5815/5815/5815 5816/5816/5816 5817/5817/5817
v 0.386198401 -0.330999970 0.186996043
vn 0.690135598 -0.217774376 0.690135598
v 0.383996040 -0.330999970 0.189198405
vn 0.690135598 -0.217774376 0.690135598
v 0.383869261 -0.333869249 0.188419774
vn 0.690135598 -0.217774376 0.690135598
f 5818/5818/5818 5819/5819/5819 5820/5820/5820
v 0.386198401 -0.330999970 0.186996043
vn 0.690135598 -0.217774376 0.690135598
v 0.383869261 -0.333869249 0.188419774
vn 0.690135598 -0.217774376 0.690135598
v 0.385419786 -0.333869249 0.186869249
vn 0.690135598 -0.217774376 0.690135598
f 5821/5821/5821 5822/5822/5822 5823/5823/5823
v 0.380999982 -0.331000000 0.189999998
vn 0.263871670 -0.249300569 0.931783736
v 0.380999982 -0.333996028 0.189198405
vn 0.263871670 -0.249300569 0.931783736
v 0.383869261 -0.333869249 0.188419774
vn 0.263871670 -0.249300569 0.931783736
f 5824/5824/5824 5825/5825/5825 5826/5826/5826
v 0.380999982 -0.331000000 0.189999998
vn 0.249300718 -0.263871729 0.931783736
v 0.383869261 -0.333869249 0.188419774
vn 0.249300718 -0.263871729 0.931783736
v 0.383996040 -0.330999970 0.189198405
vn 0.249300718 -0.263871729 0.931783736
f 5827/5827/5827 5828/5828/5828 5829/5829/5829
v 0.380999982 -0.333996028 0.189198405
vn 0.217774376 -0.690135598 0.690135598
v 0.380999982 -0.336198390 0.186996043
vn 0.217774376 -0.690135598 0.690135598
v 0.383869261 -0.335419774 0.186869249
vn 0.217774376 -0.690135598 0.690135598
f 5830/5830/5830 5831/5831/5831 5832/5832/5832
v 0.380999982 -0.333996028 0.189198405
vn 0.217774406 -0.690135598 0.690135598
v 0.383869261 -0.335419774 0.186869249
vn 0.217774406 -0.690135598 0.690135598
v 0.383869261 -0.333869249 0.188419774
vn 0.217774406 -0.690135598 0.690135598
f 5833/5833/5833 5834/5834/5834 5835/5835/5835
v 0.383869261 -0.335419774 0.186869249
vn 0.577350318 -0.577350318 0.577350318
v 0.385419786 -0.333869249 0.186869249
vn 0.577350318 -0.577350318 0.577350318
v 0.383869261 -0.333869249 0.188419774
vn 0.577350318 -0.577350318 0.577350318
f 5836/5836/5836 5837/5837/5837 5838/5838/5838
v 0.386999995 -0.269000024 0.184000000
vn 0.931784332 0.249302059 0.263868451
v 0.386198401 -0.266003996 0.183999985
vn 0.931784332 0.249302059 0.263868451
v 0.385419786 -0.266130775 0.186869249
vn 0.931784332 0.249302059 0.263868451
f 5839/5839/5839 5840/5840/5840 5841/5841/5841
v 0.386999995 -0.269000024 0.184000000
vn 0.931784332 0.263868392 0.249302119
v 0.385419786 -0.266130775 0.186869249
vn 0.931784332 0.263868392 0.249302119
v 0.386198401 -0.269000053 0.186996043
vn 0.931784332 0.263868392 0.249302119
f 5842/5842/5842 5843/5843/5843 5844/5844/5844
v 0.386198401 -0.266003996 0.183999985
vn 0.690136015 0.690136015 0.217772067
v 0.383996040 -0.263801634 0.183999985
vn 0.690136015 0.690136015 0.217772067
v 0.383869261 -0.264580250 0.186869249
vn 0.690136015 0.690136015 0.217772067
f 5845/5845/5845 5846/5846/5846 5847/5847/5847
v 0.386198401 -0.266003996 0.183999985
vn 0.690135956 0.690135956 0.217772052
v 0.383869261 -0.264580250 0.186869249
vn 0.690135956 0.690135956 0.217772052
v 0.385419786 -0.266130775 0.186869249
vn 0.690135956 0.690135956 0.217772052
f 5848/5848/5848 5849/5849/5849 5850/5850/5850
v 0.380999982 -0.263000011 0.184000000
vn 0.263868183 0.931782663 0.249308303
v 0.380999982 -0.263801634 0.186996043
vn 0.263868183 0.931782663 0.249308303
v 0.383869261 -0.264580250 0.186869249
vn 0.263868183 0.931782663 0.249308303
f 5851/5851/5851 5852/5852/5852 5853/5853/5853
v 0.380999982 -0.263000011 0.184000000
vn 0.249308407 0.931782663 0.263868302
v 0.383869261 -0.264580250 0.186869249
vn 0.249308407 0.931782663 0.263868302
v 0.383996040 -0.263801634 0.183999985
vn 0.249308407 0.931782663 0.263868302
f 5854/5854/5854 5855/5855/5855 5856/5856/5856
v 0.380999982 -0.263801634 0.186996043
vn 0.217774376 0.690135598 0.690135598
v 0.380999982 -0.266003996 0.189198405
vn 0.217774376 0.690135598 0.690135598
v 0.383869261 -0.266130775 0.188419774
vn 0.217774376 0.690135598 0.690135598
f 5857/5857/5857 5858/5858/5858 5859/5859/5859
v 0.380999982 -0.263801634 0.186996043
vn 0.217774376 0.690135598 0.690135598
v 0.383869261 -0.266130775 0.188419774
vn 0.217774376 0.690135598 0.690135598
v 0.383869261 -0.264580250 0.186869249
vn 0.217774376 0.690135598 0.690135598
f 5860/5860/5860 5861/5861/5861 5862/5862/5862
v 0.380999982 -0.269000024 0.189999998
vn 0.249300718 0.263871729 0.931783736
v 0.383996040 -0.269000053 0.189198405
vn 0.249300718 0.263871729 0.931783736
v 0.383869261 -0.266130775 0.188419774
vn 0.249300718 0.263871729 0.931783736
f 5863/5863/5863 5864/5864/5864 5865/5865/5865
v 0.380999982 -0.269000024 0.189999998
vn 0.263871670 0.249300569 0.931783736
v 0.383869261 -0.266130775 0.188419774
vn 0.263871670 0.249300569 0.931783736
v 0.380999982 -0.266003996 0.189198405
vn 0.263871670 0.249300569 0.931783736
f 5866/5866/5866 5867/5867/5867 5868/5868/5868
v 0.383996040 -0.269000053 0.189198405
vn 0.690135598 0.217774376 0.690135598
v 0.386198401 -0.269000053 0.186996043
vn 0.690135598 0.217774376 0.690135598
v 0.385419786 -0.266130775 0.186869249
vn 0.690135598 0.217774376 0.690135598
f 5869/5869/5869 5870/5870/5870 5871/5871/5871
v 0.383996040 -0.269000053 0.189198405
vn 0.690135598 0.217774406 0.690135598
v 0.385419786 -0.266130775 0.186869249
vn 0.690135598 0.217774406 0.690135598
v 0.383869261 -0.266130775 0.188419774
vn 0.690135598 0.217774406 0.690135598
f 5872/5872/5872 5873/5873/5873 5874/5874/5874
v 0.385419786 -0.266130775 0.186869249
vn 0.577350318 0.577350318 0.577350318
v 0.383869261 -0.264580250 0.186869249
vn 0.577350318 0.577350318 0.577350318
v 0.383869261 -0.266130775 0.188419774
vn 0.577350318 0.577350318 0.577350318
f 5875/5875/5875 5876/5876/5876 5877/5877/5877
v 0.312999994 -0.269000024 0.184000000
vn -0.931785464 0.263868451 0.249297306
v 0.313801587 -0.269000024 0.186996073
vn -0.931785464 0.263868451 0.249297306
v 0.314580202 -0.266130745 0.186869279
vn -0.931785464 0.263868451 0.249297306
f 5878/5878/5878 5879/5879/5879 5880/5880/5880
v 0.312999994 -0.269000024 0.184000000
vn -0.931785583 0.249297246 0.263868541
v 0.314580202 -0.266130745 0.186869279
vn -0.931785583 0.249297246 0.263868541
v 0.313801587 -0.266003966 0.184000015
vn -0.931785583 0.249297246 0.263868541
f 5881/5881/5881 5882/5882/5882 5883/5883/5883
v 0.313801587 -0.269000024 0.186996073
vn -0.690135598 0.217774376 0.690135598
v 0.316003948 -0.269000024 0.189198434
vn -0.690135598 0.217774376 0.690135598
v 0.316130728 -0.266130745 0.188419804
vn -0.690135598 0.217774376 0.690135598
f 5884/5884/5884 5885/5885/5885 5886/5886/5886
v 0.313801587 -0.269000024 0.186996073
vn -0.690135598 0.217774376 0.690135598
v 0.316130728 -0.266130745 0.188419804
vn -0.690135598 0.217774376 0.690135598
v 0.314580202 -0.266130745 0.186869279
vn -0.690135598 0.217774376 0.690135598
f 5887/5887/5887 5888/5888/5888 5889/5889/5889
v 0.319000006 -0.269000024 0.189999998
vn -0.263871938 0.249289572 0.931786537
v 0.319000006 -0.266003966 0.189198434
vn -0.263871938 0.249289572 0.931786537
v 0.316130728 -0.266130745 0.188419804
vn -0.263871938 0.249289572 0.931786537
f 5890/5890/5890 5891/5891/5891 5892/5892/5892
v 0.319000006 -0.269000024 0.189999998
vn -0.249289572 0.263871938 0.931786537
v 0.316130728 -0.266130745 0.188419804
vn -0.249289572 0.263871938 0.931786537
v 0.316003948 -0.269000024 0.189198434
vn -0.249289572 0.263871938 0.931786537
f 5893/5893/5893 5894/5894/5894 5895/5895/5895
v 0.319000006 -0.266003966 0.189198434
vn -0.217774376 0.690135598 0.690135598
v 0.319000006 -0.263801605 0.186996073
vn -0.217774376 0.690135598 0.690135598
v 0.316130728 -0.264580220 0.186869279
vn -0.217774376 0.690135598 0.690135598
f 5896/5896/5896 5897/5897/5897 5898/5898/5898
v 0.319000006 -0.266003966 0.189198434
vn -0.217774406 0.690135598 0.690135598
v 0.316130728 -0.264580220 0.186869279
vn -0.217774406 0.690135598 0.690135598
v 0.316130728 -0.266130745 0.188419804
vn -0.217774406 0.690135598 0.690135598
f 5899/5899/5899 5900/5900/5900 5901/5901/5901
v 0.319000006 -0.263000011 0.184000000
vn -0.249297246 0.931785583 0.263868541
v 0.316003948 -0.263801605 0.184000015
vn -0.249297246 0.931785583 0.263868541
v 0.316130728 -0.264580220 0.186869279
vn -0.249297246 0.931785583 0.263868541
f 5902/5902/5902 5903/5903/5903 5904/5904/5904
v 0.319000006 -0.263000011 0.184000000
vn -0.263868451 0.931785464 0.249297306
v 0.316130728 -0.264580220 0.186869279
vn -0.263868451 0.931785464 0.249297306
v 0.319000006 -0.263801605 0.186996073
vn -0.263868451 0.931785464 0.249297306
f 5905/5905/5905 5906/5906/5906 5907/5907/5907
v 0.316003948 -0.263801605 0.184000015
vn -0.690136015 0.690136015 0.217772067
v 0.313801587 -0.266003966 0.184000015
vn -0.690136015 0.690136015 0.217772067
v 0.314580202 -0.266130745 0.186869279
vn -0.690136015 0.690136015 0.217772067
f 5908/5908/5908 5909/5909/5909 5910/5910/5910
v 0.316003948 -0.263801605 0.184000015
vn -0.690135956 0.690135956 0.217772052
v 0.314580202 -0.266130745 0.186869279
vn -0.690135956 0.690135956 0.217772052
v 0.316130728 -0.264580220 0.186869279
vn -0.690135956 0.690135956 0.217772052
f 5911/5911/5911 5912/5912/5912 5913/5913/5913
v 0.314580202 -0.266130745 0.186869279
vn -0.577350318 0.577350318 0.577350318
v 0.316130728 -0.266130745 0.188419804
vn -0.577350318 0.577350318 0.577350318
v 0.316130728 -0.264580220 0.186869279
vn -0.577350318 0.577350318 0.577350318
f 5914/5914/5914 5915/5915/5915 5916/5916/5916
v 0.319000006 -0.331000000 0.000000000
vn 0.000000000 -0.258456260 -0.966022968
v 0.380999982 -0.331000000 0.000000000
vn 0.000000000 -0.258456260 -0.966022968
v 0.380999982 -0.333996028 0.000801577
vn 0.000000000 -0.258456260 -0.966022968
f 5917/5917/5917 5918/5918/5918 5919/5919/5919
v 0.319000006 -0.331000000 0.000000000
vn 0.000000000 -0.258456260 -0.966022968
v 0.380999982 -0.333996028 0.000801577
vn 0.000000000 -0.258456260 -0.966022968
v 0.319000006 -0.333996028 0.000801577
vn 0.000000000 -0.258456260 -0.966022968
f 5920/5920/5920 5921/5921/5921 5922/5922/5922
v 0.319000006 -0.333996028 0.000801577
vn 0.000000000 -0.707106352 -0.707107246
v 0.380999982 -0.333996028 0.000801577
vn 0.000000000 -0.707106352 -0.707107246
v 0.380999982 -0.336198390 0.003003936
vn 0.000000000 -0.707106352 -0.707107246
f 5923/5923/5923 5924/5924/5924 5925/5925/5925
v 0.319000006 -0.333996028 0.000801577
vn 0.000000007 -0.707106233 -0.707107306
v 0.380999982 -0.336198390 0.003003936
vn 0.000000007 -0.707106233 -0.707107306
v 0.319000006 -0.336198390 0.003003936
vn 0.000000007 -0.707106233 -0.707107306
f 5926/5926/5926 5927/5927/5927 5928/5928/5928
v 0.319000006 -0.336198390 0.003003936
vn 0.000000002 -0.966020107 -0.258467019
v 0.380999982 -0.336198390 0.003003936
vn 0.000000002 -0.966020107 -0.258467019
v 0.380999982 -0.337000012 0.006000001
vn 0.000000002 -0.966020107 -0.258467019
f 5929/5929/5929 5930/5930/5930 5931/5931/5931
v 0.319000006 -0.336198390 0.003003936
vn 0.000000002 -0.966020107 -0.258467019
v 0.380999982 -0.337000012 0.006000001
vn 0.000000002 -0.966020107 -0.258467019
v 0.319000006 -0.337000012 0.006000000
vn 0.000000002 -0.966020107 -0.258467019
f 5932/5932/5932 5933/5933/5933 5934/5934/5934
v 0.312999994 -0.331000000 0.006000001
vn -0.966022432 -0.000000002 -0.258458048
v 0.312999994 -0.269000024 0.006000000
vn -0.966022432 -0.000000002 -0.258458048
v 0.313801587 -0.269000053 0.003003936
vn -0.966022432 -0.000000002 -0.258458048
f 5935/5935/5935 5936/5936/5936 5937/5937/5937
v 0.312999994 -0.331000000 0.006000001
vn -0.966022551 -0.000000001 -0.258458048
v 0.313801587 -0.269000053 0.003003936
vn -0.966022551 -0.000000001 -0.258458048
v 0.313801587 -0.330999970 0.003003936
vn -0.966022551 -0.000000001 -0.258458048
f 5938/5938/5938 5939/5939/5939 5940/5940/5940
v 0.313801587 -0.330999970 0.003003936
vn -0.707106233 -0.000000005 -0.707107306
v 0.313801587 -0.269000053 0.003003936
vn -0.707106233 -0.000000005 -0.707107306
v 0.316003948 -0.269000053 0.000801577
vn -0.707106233 -0.000000005 -0.707107306
f 5941/5941/5941 5942/5942/5942 5943/5943/5943
v 0.313801587 -0.330999970 0.003003936
vn -0.707106352 0.000000000 -0.707107246
v 0.316003948 -0.269000053 0.000801577
vn -0.707106352 0.000000000 -0.707107246
v 0.316003948 -0.330999970 0.000801577
vn -0.707106352 0.000000000 -0.707107246
f 5944/5944/5944 5945/5945/5945 5946/5946/5946
v 0.316003948 -0.330999970 0.000801577
vn -0.258453846 0.000000000 -0.966023624
v 0.316003948 -0.269000053 0.000801577
vn -0.258453846 0.000000000 -0.966023624
v 0.319000006 -0.269000024 0.000000000
vn -0.258453846 0.000000000 -0.966023624
f 5947/5947/5947 5948/5948/5948 5949/5949/5949
v 0.316003948 -0.330999970 0.000801577
vn -0.258453846 0.000000000 -0.966023624
v 0.319000006 -0.269000024 0.000000000
vn -0.258453846 0.000000000 -0.966023624
v 0.319000006 -0.331000000 0.000000000
vn -0.258453846 0.000000000 -0.966023624
f 5950/5950/5950 5951/5951/5951 5952/5952/5952
v 0.380999982 -0.269000024 0.000000000
vn 0.000000000 0.258456260 -0.966022968
v 0.319000006 -0.269000024 0.000000000
vn 0.000000000 0.258456260 -0.966022968
v 0.319000006 -0.266003996 0.000801577
vn 0.000000000 0.258456260 -0.966022968
f 5953/5953/5953 5954/5954/5954 5955/5955/5955
v 0.380999982 -0.269000024 0.000000000
vn 0.000000000 0.258456260 -0.966022968
v 0.319000006 -0.266003996 0.000801577
vn 0.000000000 0.258456260 -0.966022968
v 0.380999982 -0.266003996 0.000801577
vn 0.000000000 0.258456260 -0.966022968
f 5956/5956/5956 5957/5957/5957 5958/5958/5958
v 0.380999982 -0.266003996 0.000801577
vn 0.000000000 0.707106352 -0.707107246
v 0.319000006 -0.266003996 0.000801577
vn 0.000000000 0.707106352 -0.707107246
v 0.319000006 -0.263801634 0.003003936
vn 0.000000000 0.707106352 -0.707107246
f 5959/5959/5959 5960/5960/5960 5961/5961/5961
v 0.380999982 -0.266003996 0.000801577
vn -0.000000007 0.707106233 -0.707107306
v 0.319000006 -0.263801634 0.003003936
vn -0.000000007 0.707106233 -0.707107306
v 0.380999982 -0.263801634 0.003003936
vn -0.000000007 0.707106233 -0.707107306
f 5962/5962/5962 5963/5963/5963 5964/5964/5964
v 0.380999982 -0.263801634 0.003003936
vn -0.000000002 0.966020107 -0.258467019
v 0.319000006 -0.263801634 0.003003936
vn -0.000000002 0.966020107 -0.258467019
v 0.319000006 -0.263000011 0.006000001
vn -0.000000002 0.966020107 -0.258467019
f 5965/5965/5965 5966/5966/5966 5967/5967/5967
v 0.380999982 -0.263801634 0.003003936
vn -0.000000002 0.966020107 -0.258467019
v 0.319000006 -0.263000011 0.006000001
vn -0.000000002 0.966020107 -0.258467019
v 0.380999982 -0.263000011 0.006000000
vn -0.000000002 0.966020107 -0.258467019
f 5968/5968/5968 5969/5969/5969 5970/5970/5970
v 0.380999982 -0.331000000 0.000000000
vn 0.258453846 0.000000000 -0.966023624
v 0.380999982 -0.269000024 0.000000000
vn 0.258453846 0.000000000 -0.966023624
v 0.383996040 -0.269000053 0.000801577
vn 0.258453846 0.000000000 -0.966023624
f 5971/5971/5971 5972/5972/5972 5973/5973/5973
v 0.380999982 -0.331000000 0.000000000
vn 0.258453846 0.000000000 -0.966023624
v 0.383996040 -0.269000053 0.000801577
vn 0.258453846 0.000000000 -0.966023624
v 0.383996040 -0.330999970 0.000801577
vn 0.258453846 0.000000000 -0.966023624
f 5974/5974/5974 5975/5975/5975 5976/5976/5976
v 0.383996040 -0.330999970 0.000801577
vn 0.707106352 0.000000000 -0.707107246
v 0.383996040 -0.269000053 0.000801577
vn 0.707106352 0.000000000 -0.707107246
v 0.386198401 -0.269000053 0.003003936
vn 0.707106352 0.000000000 -0.707107246
f 5977/5977/5977 5978/5978/5978 5979/5979/5979
v 0.383996040 -0.330999970 0.000801577
vn 0.707106233 0.000000007 -0.707107306
v 0.386198401 -0.269000053 0.003003936
vn 0.707106233 0.000000007 -0.707107306
v 0.386198401 -0.330999970 0.003003936
vn 0.707106233 0.000000007 -0.707107306
f 5980/5980/5980 5981/5981/5981 5982/5982/5982
v 0.386198401 -0.330999970 0.003003936
vn 0.966022551 0.000000002 -0.258458078
v 0.386198401 -0.269000053 0.003003936
vn 0.966022551 0.000000002 -0.258458078
v 0.386999995 -0.269000024 0.006000001
vn 0.966022551 0.000000002 -0.258458078
f 5983/5983/5983 5984/5984/5984 5985/5985/5985
v 0.386198401 -0.330999970 0.003003936
vn 0.966022432 0.000000001 -0.258458048
v 0.386999995 -0.269000024 0.006000001
vn 0.966022432 0.000000001 -0.258458048
v 0.386999995 -0.331000000 0.006000000
vn 0.966022432 0.000000001 -0.258458048
f 5986/5986/5986 5987/5987/5987 5988/5988/5988
v 0.319000006 -0.331000000 0.189999998
vn -0.258449644 0.000000000 0.966024697
v 0.319000006 -0.269000024 0.189999998
vn -0.258449644 0.000000000 0.966024697
v 0.316003948 -0.269000024 0.189198434
vn -0.258449644 0.000000000 0.966024697
f 5989/5989/5989 5990/5990/5990 5991/5991/5991
v 0.319000006 -0.331000000 0.189999998
vn -0.258458614 -0.000000465 0.966022313
v 0.316003948 -0.269000024 0.189198434
vn -0.258458614 -0.000000465 0.966022313
v 0.316003948 -0.330999970 0.189198405
vn -0.258458614 -0.000000465 0.966022313
f 5992/5992/5992 5993/5993/5993 5994/5994/5994
v 0.316003948 -0.330999970 0.189198405
vn -0.707106829 -0.000000340 0.707106829
v 0.316003948 -0.269000024 0.189198434
vn -0.707106829 -0.000000340 0.707106829
v 0.313801587 -0.269000024 0.186996073
vn -0.707106829 -0.000000340 0.707106829
f 5995/5995/5995 5996/5996/5996 5997/5997/5997
v 0.316003948 -0.330999970 0.189198405
vn -0.707106829 -0.000000339 0.707106829
v 0.313801587 -0.269000024 0.186996073
vn -0.707106829 -0.000000339 0.707106829
v 0.313801587 -0.330999970 0.186996043
vn -0.707106829 -0.000000339 0.707106829
f 5998/5998/5998 5999/5999/5999 6000/6000/6000
v 0.313801587 -0.330999970 0.186996043
vn -0.966022670 -0.000000124 0.258457392
v 0.313801587 -0.269000024 0.186996073
vn -0.966022670 -0.000000124 0.258457392
v 0.312999994 -0.269000024 0.184000000
vn -0.966022670 -0.000000124 0.258457392
f 6001/6001/6001 6002/6002/6002 6003/6003/6003
v 0.313801587 -0.330999970 0.186996043
vn -0.966022015 0.000000000 0.258459806
v 0.312999994 -0.269000024 0.184000000
vn -0.966022015 0.000000000 0.258459806
v 0.312999994 -0.331000000 0.184000000
vn -0.966022015 0.000000000 0.258459806
f 6004/6004/6004 6005/6005/6005 6006/6006/6006
v 0.319000006 -0.337000012 0.184000000
vn 0.000000000 -0.966019571 0.258468777
v 0.380999982 -0.337000012 0.184000000
vn 0.000000000 -0.966019571 0.258468777
v 0.380999982 -0.336198390 0.186996043
vn 0.000000000 -0.966019571 0.258468777
f 6007/6007/6007 6008/6008/6008 6009/6009/6009
v 0.319000006 -0.337000012 0.184000000
vn 0.000000000 -0.966019571 0.258468777
v 0.380999982 -0.336198390 0.186996043
vn 0.000000000 -0.966019571 0.258468777
v 0.319000006 -0.336198390 0.186996043
vn 0.000000000 -0.966019571 0.258468777
f 6010/6010/6010 6011/6011/6011 6012/6012/6012
v 0.319000006 -0.336198390 0.186996043
vn 0.000000000 -0.707106769 0.707106769
v 0.380999982 -0.336198390 0.186996043
vn 0.000000000 -0.707106769 0.707106769
v 0.380999982 -0.333996028 0.189198405
vn 0.000000000 -0.707106769 0.707106769
f 6013/6013/6013 6014/6014/6014 6015/6015/6015
v 0.319000006 -0.336198390 0.186996043
vn 0.000000000 -0.707106769 0.707106769
v 0.380999982 -0.333996028 0.189198405
vn 0.000000000 -0.707106769 0.707106769
v 0.319000006 -0.333996028 0.189198405
vn 0.000000000 -0.707106769 0.707106769
f 6016/6016/6016 6017/6017/6017 6018/6018/6018
v 0.319000006 -0.333996028 0.189198405
vn 0.000000000 -0.258461028 0.966021717
v 0.380999982 -0.333996028 0.189198405
vn 0.000000000 -0.258461028 0.966021717
v 0.380999982 -0.331000000 0.189999998
vn 0.000000000 -0.258461028 0.966021717
f 6019/6019/6019 6020/6020/6020 6021/6021/6021
v 0.319000006 -0.333996028 0.189198405
vn 0.000000000 -0.258461028 0.966021717
v 0.380999982 -0.331000000 0.189999998
vn 0.000000000 -0.258461028 0.966021717
v 0.319000006 -0.331000000 0.189999998
vn 0.000000000 -0.258461028 0.966021717
f 6022/6022/6022 6023/6023/6023 6024/6024/6024
v 0.386999995 -0.331000000 0.184000000
vn 0.966022015 -0.000000000 0.258459806
v 0.386999995 -0.269000024 0.184000000
vn 0.966022015 -0.000000000 0.258459806
v 0.386198401 -0.269000053 0.186996043
vn 0.966022015 -0.000000000 0.258459806
f 6025/6025/6025 6026/6026/6026 6027/6027/6027
v 0.386999995 -0.331000000 0.184000000
vn 0.966022015 0.000000000 0.258459806
v 0.386198401 -0.269000053 0.186996043
vn 0.966022015 0.000000000 0.258459806
v 0.386198401 -0.330999970 0.186996043
vn 0.966022015 0.000000000 0.258459806
f 6028/6028/6028 6029/6029/6029 6030/6030/6030
v 0.386198401 -0.330999970 0.186996043
vn 0.707106769 -0.000000000 0.707106769
v 0.386198401 -0.269000053 0.186996043
vn 0.707106769 -0.000000000 0.707106769
v 0.383996040 -0.269000053 0.189198405
vn 0.707106769 -0.000000000 0.707106769
f 6031/6031/6031 6032/6032/6032 6033/6033/6033
v 0.386198401 -0.330999970 0.186996043
vn 0.707106769 0.000000000 0.707106769
v 0.383996040 -0.269000053 0.189198405
vn 0.707106769 0.000000000 0.707106769
v 0.383996040 -0.330999970 0.189198405
vn 0.707106769 0.000000000 0.707106769
f 6034/6034/6034 6035/6035/6035 6036/6036/6036
v 0.383996040 -0.330999970 0.189198405
vn 0.258458614 -0.000000000 0.966022253
v 0.383996040 -0.269000053 0.189198405
vn 0.258458614 -0.000000000 0.966022253
v 0.380999982 -0.269000024 0.189999998
vn 0.258458614 -0.000000000 0.966022253
f 6037/6037/6037 6038/6038/6038 6039/6039/6039
v 0.383996040 -0.330999970 0.189198405
vn 0.258458614 0.000000000 0.966022313
v 0.380999982 -0.269000024 0.189999998
vn 0.258458614 0.000000000 0.966022313
v 0.380999982 -0.331000000 0.189999998
vn 0.258458614 0.000000000 0.966022313
f 6040/6040/6040 6041/6041/6041 6042/6042/6042
v 0.380999982 -0.263000011 0.184000000
vn 0.000000000 0.966022670 0.258457422
v 0.319000006 -0.263000011 0.184000000
vn 0.000000000 0.966022670 0.258457422
v 0.319000006 -0.263801605 0.186996073
vn 0.000000000 0.966022670 0.258457422
f 6043/6043/6043 6044/6044/6044 6045/6045/6045
v 0.380999982 -0.263000011 0.184000000
vn 0.000000589 0.966019571 0.258468777
v 0.319000006 -0.263801605 0.186996073
vn 0.000000589 0.966019571 0.258468777
v 0.380999982 -0.263801634 0.186996043
vn 0.000000589 0.966019571 0.258468777
f 6046/6046/6046 6047/6047/6047 6048/6048/6048
v 0.380999982 -0.263801634 0.186996043
vn 0.000000680 0.707106769 0.707106769
v 0.319000006 -0.263801605 0.186996073
vn 0.000000680 0.707106769 0.707106769
v 0.319000006 -0.266003966 0.189198434
vn 0.000000680 0.707106769 0.707106769
f 6049/6049/6049 6050/6050/6050 6051/6051/6051
v 0.380999982 -0.263801634 0.186996043
vn 0.000000678 0.707106769 0.707106769
v 0.319000006 -0.266003966 0.189198434
vn 0.000000678 0.707106769 0.707106769
v 0.380999982 -0.266003996 0.189198405
vn 0.000000678 0.707106769 0.707106769
f 6052/6052/6052 6053/6053/6053 6054/6054/6054
v 0.380999982 -0.266003996 0.189198405
vn 0.000000589 0.258449644 0.966024697
v 0.319000006 -0.266003966 0.189198434
vn 0.000000589 0.258449644 0.966024697
v 0.319000006 -0.269000024 0.189999998
vn 0.000000589 0.258449644 0.966024697
f 6055/6055/6055 6056/6056/6056 6057/6057/6057
v 0.380999982 -0.266003996 0.189198405
vn 0.000000000 0.258461028 0.966021717
v 0.319000006 -0.269000024 0.189999998
vn 0.000000000 0.258461028 0.966021717
v 0.380999982 -0.269000024 0.189999998
vn 0.000000000 0.258461028 0.966021717
f 6058/6058/6058 6059/6059/6059 6060/6060/6060
v 0.319000006 -0.337000012 0.006000000
vn -0.258467585 -0.966019928 0.000000000
v 0.319000006 -0.337000012 0.184000000
vn -0.258467585 -0.966019928 0.000000000
v 0.316003948 -0.336198390 0.183999985
vn -0.258467585 -0.966019928 0.000000000
f 6061/6061/6061 6062/6062/6062 6063/6063/6063
v 0.319000006 -0.337000012 0.006000000
vn -0.258467555 -0.966019928 0.000000000
v 0.316003948 -0.336198390 0.183999985
vn -0.258467555 -0.966019928 0.000000000
v 0.316003948 -0.336198390 0.006000000
vn -0.258467555 -0.966019928 0.000000000
f 6064/6064/6064 6065/6065/6065 6066/6066/6066
v 0.316003948 -0.336198390 0.006000000
vn -0.707106769 -0.707106769 0.000000000
v 0.316003948 -0.336198390 0.183999985
vn -0.707106769 -0.707106769 0.000000000
v 0.313801587 -0.333996028 0.183999985
vn -0.707106769 -0.707106769 0.000000000
f 6067/6067/6067 6068/6068/6068 6069/6069/6069
v 0.316003948 -0.336198390 0.006000000
vn -0.707106769 -0.707106769 0.000000000
v 0.313801587 -0.333996028 0.183999985
vn -0.707106769 -0.707106769 0.000000000
v 0.313801587 -0.333996028 0.006000000
vn -0.707106769 -0.707106769 0.000000000
f 6070/6070/6070 6071/6071/6071 6072/6072/6072
v 0.313801587 -0.333996028 0.006000000
vn -0.966021657 -0.258460999 0.000000000
v 0.313801587 -0.333996028 0.183999985
vn -0.966021657 -0.258460999 0.000000000
v 0.312999994 -0.331000000 0.184000000
vn -0.966021657 -0.258460999 0.000000000
f 6073/6073/6073 6074/6074/6074 6075/6075/6075
v 0.313801587 -0.333996028 0.006000000
vn -0.966021657 -0.258460999 0.000000000
v 0.312999994 -0.331000000 0.184000000
vn -0.966021657 -0.258460999 0.000000000
v 0.312999994 -0.331000000 0.006000001
vn -0.966021657 -0.258460999 0.000000000
f 6076/6076/6076 6077/6077/6077 6078/6078/6078
v 0.386999995 -0.331000000 0.006000000
vn 0.966021657 -0.258460999 0.000000000
v 0.386999995 -0.331000000 0.184000000
vn 0.966021657 -0.258460999 0.000000000
v 0.386198401 -0.333996028 0.183999985
vn 0.966021657 -0.258460999 0.000000000
f 6079/6079/6079 6080/6080/6080 6081/6081/6081
v 0.386999995 -0.331000000 0.006000000
vn 0.966021657 -0.258460999 0.000000000
v 0.386198401 -0.333996028 0.183999985
vn 0.966021657 -0.258460999 0.000000000
v 0.386198401 -0.333996028 0.006000000
vn 0.966021657 -0.258460999 0.000000000
f 6082/6082/6082 6083/6083/6083 6084/6084/6084
v 0.386198401 -0.333996028 0.006000000
vn 0.707106769 -0.707106769 0.000000000
v 0.386198401 -0.333996028 0.183999985
vn 0.707106769 -0.707106769 0.000000000
v 0.383996040 -0.336198390 0.183999985
vn 0.707106769 -0.707106769 0.000000000
f 6085/6085/6085 6086/6086/6086 6087/6087/6087
v 0.386198401 -0.333996028 0.006000000
vn 0.707106769 -0.707106769 0.000000000
v 0.383996040 -0.336198390 0.183999985
vn 0.707106769 -0.707106769 0.000000000
v 0.383996040 -0.336198390 0.006000000
vn 0.707106769 -0.707106769 0.000000000
f 6088/6088/6088 6089/6089/6089 6090/6090/6090
v 0.383996040 -0.336198390 0.006000000
vn 0.258467555 -0.966019928 0.000000000
v 0.383996040 -0.336198390 0.183999985
vn 0.258467555 -0.966019928 0.000000000
v 0.380999982 -0.337000012 0.184000000
vn 0.258467555 -0.966019928 0.000000000
f 6091/6091/6091 6092/6092/6092 6093/6093/6093
v 0.383996040 -0.336198390 0.006000000
vn 0.258467585 -0.966019928 0.000000000
v 0.380999982 -0.337000012 0.184000000
vn 0.258467585 -0.966019928 0.000000000
v 0.380999982 -0.337000012 0.006000001
vn 0.258467585 -0.966019928 0.000000000
f 6094/6094/6094 6095/6095/6095 6096/6096/6096
v 0.380999982 -0.263000011 0.006000000
vn 0.258467585 0.966019928 -0.000000000
v 0.380999982 -0.263000011 0.184000000
vn 0.258467585 0.966019928 -0.000000000
v 0.383996040 -0.263801634 0.183999985
vn 0.258467585 0.966019928 -0.000000000
f 6097/6097/6097 6098/6098/6098 6099/6099/6099
v 0.380999982 -0.263000011 0.006000000
vn 0.258467555 0.966019928 0.000000000
v 0.383996040 -0.263801634 0.183999985
vn 0.258467555 0.966019928 0.000000000
v 0.383996040 -0.263801634 0.006000000
vn 0.258467555 0.966019928 0.000000000
f 6100/6100/6100 6101/6101/6101 6102/6102/6102
v 0.383996040 -0.263801634 0.006000000
vn 0.707106769 0.707106769 -0.000000000
v 0.383996040 -0.263801634 0.183999985
vn 0.707106769 0.707106769 -0.000000000
v 0.386198401 -0.266003996 0.183999985
vn 0.707106769 0.707106769 -0.000000000
f 6103/6103/6103 6104/6104/6104 6105/6105/6105
v 0.383996040 -0.263801634 0.006000000
vn 0.707106769 0.707106769 0.000000000
v 0.386198401 -0.266003996 0.183999985
vn 0.707106769 0.707106769 0.000000000
v 0.386198401 -0.266003996 0.006000000
vn 0.707106769 0.707106769 0.000000000
f 6106/6106/6106 6107/6107/6107 6108/6108/6108
v 0.386198401 -0.266003996 0.006000000
vn 0.966021657 0.258460999 -0.000000000
v 0.386198401 -0.266003996 0.183999985
vn 0.966021657 0.258460999 -0.000000000
v 0.386999995 -0.269000024 0.184000000
vn 0.966021657 0.258460999 -0.000000000
f 6109/6109/6109 6110/6110/6110 6111/6111/6111
v 0.386198401 -0.266003996 0.006000000
vn 0.966021657 0.258460999 0.000000000
v 0.386999995 -0.269000024 0.184000000
vn 0.966021657 0.258460999 0.000000000
v 0.386999995 -0.269000024 0.006000001
vn 0.966021657 0.258460999 0.000000000
f 6112/6112/6112 6113/6113/6113 6114/6114/6114
v 0.312999994 -0.269000024 0.006000000
vn -0.966022253 0.258458614 0.000000000
v 0.312999994 -0.269000024 0.184000000
vn -0.966022253 0.258458614 0.000000000
v 0.313801587 -0.266003966 0.184000015
vn -0.966022253 0.258458614 0.000000000
f 6115/6115/6115 6116/6116/6116 6117/6117/6117
v 0.312999994 -0.269000024 0.006000000
vn -0.966021657 0.258460999 -0.000000043
v 0.313801587 -0.266003966 0.184000015
vn -0.966021657 0.258460999 -0.000000043
v 0.313801587 -0.266003996 0.006000000
vn -0.966021657 0.258460999 -0.000000043
f 6118/6118/6118 6119/6119/6119 6120/6120/6120
v 0.313801587 -0.266003996 0.006000000
vn -0.707106769 0.707106769 -0.000000118
v 0.313801587 -0.266003966 0.184000015
vn -0.707106769 0.707106769 -0.000000118
v 0.316003948 -0.263801605 0.184000015
vn -0.707106769 0.707106769 -0.000000118
f 6121/6121/6121 6122/6122/6122 6123/6123/6123
v 0.313801587 -0.266003996 0.006000000
vn -0.707106769 0.707106769 -0.000000118
v 0.316003948 -0.263801605 0.184000015
vn -0.707106769 0.707106769 -0.000000118
v 0.316003948 -0.263801634 0.006000000
vn -0.707106769 0.707106769 -0.000000118
f 6124/6124/6124 6125/6125/6125 6126/6126/6126
v 0.316003948 -0.263801634 0.006000000
vn -0.258458614 0.966022313 -0.000000162
v 0.316003948 -0.263801605 0.184000015
vn -0.258458614 0.966022313 -0.000000162
v 0.319000006 -0.263000011 0.184000000
vn -0.258458614 0.966022313 -0.000000162
f 6127/6127/6127 6128/6128/6128 6129/6129/6129
v 0.316003948 -0.263801634 0.006000000
vn -0.258467585 0.966019928 0.000000000
v 0.319000006 -0.263000011 0.184000000
vn -0.258467585 0.966019928 0.000000000
v 0.319000006 -0.263000011 0.006000001
vn -0.258467585 0.966019928 0.000000000
f 6130/6130/6130 6131/6131/6131 6132/6132/6132
v 0.319000006 -0.337000012 0.006000000
vn 0.000000000 -1.000000000 0.000000000
v 0.380999982 -0.337000012 0.006000001
vn 0.000000000 -1.000000000 0.000000000
v 0.380999982 -0.337000012 0.184000000
vn 0.000000000 -1.000000000 0.000000000
f 6133/6133/6133 6134/6134/6134 6135/6135/6135
v 0.319000006 -0.337000012 0.006000000
vn 0.000000000 -1.000000000 0.000000000
v 0.380999982 -0.337000012 0.184000000
vn 0.000000000 -1.000000000 0.000000000
v 0.319000006 -0.337000012 0.184000000
vn 0.000000000 -1.000000000 0.000000000
f 6136/6136/6136 6137/6137/6137 6138/6138/6138
v 0.319000006 -0.331000000 0.000000000
vn 0.000000000 0.000000000 -1.000000000
v 0.319000006 -0.269000024 0.000000000
vn 0.000000000 0.000000000 -1.000000000
v 0.380999982 -0.269000024 0.000000000
vn 0.000000000 0.000000000 -1.000000000
f 6139/6139/6139 6140/6140/6140 6141/6141/6141
v 0.319000006 -0.331000000 0.000000000
vn 0.000000000 0.000000000 -1.000000000
v 0.380999982 -0.269000024 0.000000000
vn 0.000000000 0.000000000 -1.000000000
v 0.380999982 -0.331000000 0.000000000
vn 0.000000000 0.000000000 -1.000000000
f 6142/6142/6142 6143/6143/6143 6144/6144/6144
v 0.312999994 -0.269000024 0.006000000
vn -1.000000000 0.000000000 0.000000000
v 0.312999994 -0.331000000 0.006000001
vn -1.000000000 0.000000000 0.000000000
v 0.312999994 -0.331000000 0.184000000
vn -1.000000000 0.000000000 0.000000000
f 6145/6145/6145 6146/6146/6146 6147/6147/6147
v 0.312999994 -0.269000024 0.006000000
vn -1.000000000 0.000000000 0.000000000
v 0.312999994 -0.331000000 0.184000000
vn -1.000000000 0.000000000 0.000000000
v 0.312999994 -0.269000024 0.184000000
vn -1.000000000 0.000000000 0.000000000
f 6148/6148/6148 6149/6149/6149 6150/6150/6150
v 0.386999995 -0.331000000 0.006000000
vn 1.000000000 0.000000000 0.000000000
v 0.386999995 -0.269000024 0.006000001
vn 1.000000000 0.000000000 0.000000000
v 0.386999995 -0.269000024 0.184000000
vn 1.000000000 0.000000000 0.000000000
f 6151/6151/6151 6152/6152/6152 6153/6153/6153
v 0.386999995 -0.331000000 0.006000000
vn 1.000000000 0.000000000 0.000000000
v 0.386999995 -0.269000024 0.184000000
vn 1.000000000 0.000000000 0.000000000
v 0.386999995 -0.331000000 0.184000000
vn 1.000000000 0.000000000 0.000000000
f 6154/6154/6154 6155/6155/6155 6156/6156/6156
v 0.380999982 -0.263000011 0.006000000
vn 0.000000000 1.000000000 0.000000000
v 0.319000006 -0.263000011 0.006000001
vn 0.000000000 1.000000000 0.000000000
v 0.319000006 -0.263000011 0.184000000
vn 0.000000000 1.000000000 0.000000000
f 6157/6157/6157 6158/6158/6158 6159/6159/6159
v 0.380999982 -0.263000011 0.006000000
vn 0.000000000 1.000000000 -0.000000000
v 0.319000006 -0.263000011 0.184000000
vn 0.000000000 1.000000000 -0.000000000
v 0.380999982 -0.263000011 0.184000000
vn 0.000000000 1.000000000 -0.000000000
f 6160/6160/6160 6161/6161/6161 6162/6162/6162
v 0.319000006 -0.331000000 0.189999998
vn 0.000000000 0.000000000 1.000000000
v 0.380999982 -0.331000000 0.189999998
vn 0.000000000 0.000000000 1.000000000
v 0.380999982 -0.269000024 0.189999998
vn 0.000000000 0.000000000 1.000000000
f 6163/6163/6163 6164/6164/6164 6165/6165/6165
v 0.319000006 -0.331000000 0.189999998
vn 0.000000000 0.000000000 1.000000000
v 0.380999982 -0.269000024 0.189999998
vn 0.000000000 0.000000000 1.000000000
v 0.319000006 -0.269000024 0.189999998
vn 0.000000000 0.000000000 1.000000000
f 6166/6166/6166 6167/6167/6167 6168/6168/6168
o Victorian_5_|_short_wood_foot_(0.35,_0.35)
usemtl UV_Base
v 0.319000006 0.312999994 0.006000000
vn -0.249298543 -0.931785405 -0.263867974
v 0.316003948 0.313801587 0.006000000
vn -0.249298543 -0.931785405 -0.263867974
v 0.316130728 0.314580202 0.003130730
vn -0.249298543 -0.931785405 -0.263867974
f 6169/6169/6169 6170/6170/6170 6171/6171/6171
v 0.319000006 0.312999994 0.006000000
vn -0.263868511 -0.931785405 -0.249297932
v 0.316130728 0.314580202 0.003130730
vn -0.263868511 -0.931785405 -0.249297932
v 0.319000006 0.313801587 0.003003936
vn -0.263868511 -0.931785405 -0.249297932
f 6172/6172/6172 6173/6173/6173 6174/6174/6174
v 0.316003948 0.313801587 0.006000000
vn -0.690136075 -0.690136075 -0.217771620
v 0.313801587 0.316003948 0.006000000
vn -0.690136075 -0.690136075 -0.217771620
v 0.314580202 0.316130728 0.003130731
vn -0.690136075 -0.690136075 -0.217771620
f 6175/6175/6175 6176/6176/6176 6177/6177/6177
v 0.316003948 0.313801587 0.006000000
vn -0.690136015 -0.690136015 -0.217771590
v 0.314580202 0.316130728 0.003130731
vn -0.690136015 -0.690136015 -0.217771590
v 0.316130728 0.314580202 0.003130730
vn -0.690136015 -0.690136015 -0.217771590
f 6178/6178/6178 6179/6179/6179 6180/6180/6180
v 0.312999994 0.319000006 0.006000001
vn -0.931785405 -0.263868511 -0.249297932
v 0.313801587 0.319000006 0.003003936
vn -0.931785405 -0.263868511 -0.249297932
v 0.314580202 0.316130728 0.003130731
vn -0.931785405 -0.263868511 -0.249297932
f 6181/6181/6181 6182/6182/6182 6183/6183/6183
v 0.312999994 0.319000006 0.006000001
vn -0.931785405 -0.249298498 -0.263867974
v 0.314580202 0.316130728 0.003130731
vn -0.931785405 -0.249298498 -0.263867974
v 0.313801587 0.316003948 0.006000000
vn -0.931785405 -0.249298498 -0.263867974
f 6184/6184/6184 6185/6185/6185 6186/6186/6186
v 0.313801587 0.319000006 0.003003936
vn -0.690135241 -0.217773855 -0.690136135
v 0.316003948 0.319000006 0.000801577
vn -0.690135241 -0.217773855 -0.690136135
v 0.316130728 0.316130728 0.001580205
vn -0.690135241 -0.217773855 -0.690136135
f 6187/6187/6187 6188/6188/6188 6189/6189/6189
v 0.313801587 0.319000006 0.003003936
vn -0.690135717 -0.217774540 -0.690135539
v 0.316130728 0.316130728 0.001580205
vn -0.690135717 -0.217774540 -0.690135539
v 0.314580202 0.316130728 0.003130731
vn -0.690135717 -0.217774540 -0.690135539
f 6190/6190/6190 6191/6191/6191 6192/6192/6192
v 0.319000006 0.319000006 0.000000000
vn -0.263870984 -0.249293715 -0.931785762
v 0.319000006 0.316003948 0.000801577
vn -0.263870984 -0.249293715 -0.931785762
v 0.316130728 0.316130728 0.001580205
vn -0.263870984 -0.249293715 -0.931785762
f 6193/6193/6193 6194/6194/6194 6195/6195/6195
v 0.319000006 0.319000006 0.000000000
vn -0.249293715 -0.263870984 -0.931785762
v 0.316130728 0.316130728 0.001580205
vn -0.249293715 -0.263870984 -0.931785762
v 0.316003948 0.319000006 0.000801577
vn -0.249293715 -0.263870984 -0.931785762
f 6196/6196/6196 6197/6197/6197 6198/6198/6198
v 0.319000006 0.316003948 0.000801577
vn -0.217774481 -0.690135062 -0.690136135
v 0.319000006 0.313801587 0.003003936
vn -0.217774481 -0.690135062 -0.690136135
v 0.316130728 0.314580202 0.003130730
vn -0.217774481 -0.690135062 -0.690136135
f 6199/6199/6199 6200/6200/6200 6201/6201/6201
v 0.319000006 0.316003948 0.000801577
vn -0.217773750 -0.690135777 -0.690135658
v 0.316130728 0.314580202 0.003130730
vn -0.217773750 -0.690135777 -0.690135658
v 0.316130728 0.316130728 0.001580205
vn -0.217773750 -0.690135777 -0.690135658
f 6202/6202/6202 6203/6203/6203 6204/6204/6204
v 0.316130728 0.314580202 0.003130730
vn -0.577350318 -0.577350199 -0.577350140
v 0.314580202 0.316130728 0.003130731
vn -0.577350318 -0.577350199 -0.577350140
v 0.316130728 0.316130728 0.001580205
vn -0.577350318 -0.577350199 -0.577350140
f 6205/6205/6205 6206/6206/6206 6207/6207/6207
v 0.380999982 0.312999994 0.006000001
vn 0.263868511 -0.931785405 -0.249297932
v 0.380999982 0.313801587 0.003003936
vn 0.263868511 -0.931785405 -0.249297932
v 0.383869261 0.314580202 0.003130731
vn 0.263868511 -0.931785405 -0.249297932
f 6208/6208/6208 6209/6209/6209 6210/6210/6210
v 0.380999982 0.312999994 0.006000001
vn 0.249298498 -0.931785345 -0.263868004
v 0.383869261 0.314580202 0.003130731
vn 0.249298498 -0.931785345 -0.263868004
v 0.383996040 0.313801587 0.006000000
vn 0.249298498 -0.931785345 -0.263868004
f 6211/6211/6211 6212/6212/6212 6213/6213/6213
v 0.380999982 0.313801587 0.003003936
vn 0.217773855 -0.690135241 -0.690136135
v 0.380999982 0.316003948 0.000801577
vn 0.217773855 -0.690135241 -0.690136135
v 0.383869261 0.316130728 0.001580205
vn 0.217773855 -0.690135241 -0.690136135
f 6214/6214/6214 6215/6215/6215 6216/6216/6216
v 0.380999982 0.313801587 0.003003936
vn 0.217774585 -0.690135717 -0.690135419
v 0.383869261 0.316130728 0.001580205
vn 0.217774585 -0.690135717 -0.690135419
v 0.383869261 0.314580202 0.003130731
vn 0.217774585 -0.690135717 -0.690135419
f 6217/6217/6217 6218/6218/6218 6219/6219/6219
v 0.380999982 0.319000006 0.000000000
vn 0.249293715 -0.263870984 -0.931785762
v 0.383996040 0.319000006 0.000801577
vn 0.249293715 -0.263870984 -0.931785762
v 0.383869261 0.316130728 0.001580205
vn 0.249293715 -0.263870984 -0.931785762
f 6220/6220/6220 6221/6221/6221 6222/6222/6222
v 0.380999982 0.319000006 0.000000000
vn 0.263870984 -0.249293715 -0.931785762
v 0.383869261 0.316130728 0.001580205
vn 0.263870984 -0.249293715 -0.931785762
v 0.380999982 0.316003948 0.000801577
vn 0.263870984 -0.249293715 -0.931785762
f 6223/6223/6223 6224/6224/6224 6225/6225/6225
v 0.383996040 0.319000006 0.000801577
vn 0.690135062 -0.217774421 -0.690136135
v 0.386198401 0.319000006 0.003003936
vn 0.690135062 -0.217774421 -0.690136135
v 0.385419786 0.316130728 0.003130730
vn 0.690135062 -0.217774421 -0.690136135
f 6226/6226/6226 6227/6227/6227 6228/6228/6228
v 0.383996040 0.319000006 0.000801577
vn 0.690135658 -0.217773736 -0.690135658
v 0.385419786 0.316130728 0.003130730
vn 0.690135658 -0.217773736 -0.690135658
v 0.383869261 0.316130728 0.001580205
vn 0.690135658 -0.217773736 -0.690135658
f 6229/6229/6229 6230/6230/6230 6231/6231/6231
v 0.386999995 0.319000006 0.006000000
vn 0.931785345 -0.249298543 -0.263867944
v 0.386198401 0.316003948 0.006000000
vn 0.931785345 -0.249298543 -0.263867944
v 0.385419786 0.316130728 0.003130730
vn 0.931785345 -0.249298543 -0.263867944
f 6232/6232/6232 6233/6233/6233 6234/6234/6234
v 0.386999995 0.319000006 0.006000000
vn 0.931785405 -0.263868511 -0.249297932
v 0.385419786 0.316130728 0.003130730
vn 0.931785405 -0.263868511 -0.249297932
v 0.386198401 0.319000006 0.003003936
vn 0.931785405 -0.263868511 -0.249297932
f 6235/6235/6235 6236/6236/6236 6237/6237/6237
v 0.386198401 0.316003948 0.006000000
vn 0.690136015 -0.690136015 -0.217771620
v 0.383996040 0.313801587 0.006000000
vn 0.690136015 -0.690136015 -0.217771620
v 0.383869261 0.314580202 0.003130731
vn 0.690136015 -0.690136015 -0.217771620
f 6238/6238/6238 6239/6239/6239 6240/6240/6240
v 0.386198401 0.316003948 0.006000000
vn 0.690136015 -0.690136135 -0.217771575
v 0.383869261 0.314580202 0.003130731
vn 0.690136015 -0.690136135 -0.217771575
v 0.385419786 0.316130728 0.003130730
vn 0.690136015 -0.690136135 -0.217771575
f 6241/6241/6241 6242/6242/6242 6243/6243/6243
v 0.383869261 0.314580202 0.003130731
vn 0.577350199 -0.577350438 -0.577350259
v 0.383869261 0.316130728 0.001580205
vn 0.577350199 -0.577350438 -0.577350259
v 0.385419786 0.316130728 0.003130730
vn 0.577350199 -0.577350438 -0.577350259
f 6244/6244/6244 6245/6245/6245 6246/6246/6246
v 0.380999982 0.386999995 0.006000000
vn 0.249298543 0.931785405 -0.263867974
v 0.383996040 0.386198401 0.006000000
vn 0.249298543 0.931785405 -0.263867974
v 0.383869261 0.385419786 0.003130730
vn 0.249298543 0.931785405 -0.263867974
f 6247/6247/6247 6248/6248/6248 6249/6249/6249
v 0.380999982 0.386999995 0.006000000
vn 0.263868511 0.931785405 -0.249297932
v 0.383869261 0.385419786 0.003130730
vn 0.263868511 0.931785405 -0.249297932
v 0.380999982 0.386198401 0.003003936
vn 0.263868511 0.931785405 -0.249297932
f 6250/6250/6250 6251/6251/6251 6252/6252/6252
v 0.383996040 0.386198401 0.006000000
vn 0.690136075 0.690136075 -0.217771620
v 0.386198401 0.383996040 0.006000000
vn 0.690136075 0.690136075 -0.217771620
v 0.385419786 0.383869261 0.003130731
vn 0.690136075 0.690136075 -0.217771620
f 6253/6253/6253 6254/6254/6254 6255/6255/6255
v 0.383996040 0.386198401 0.006000000
vn 0.690136015 0.690136015 -0.217771590
v 0.385419786 0.383869261 0.003130731
vn 0.690136015 0.690136015 -0.217771590
v 0.383869261 0.385419786 0.003130730
vn 0.690136015 0.690136015 -0.217771590
f 6256/6256/6256 6257/6257/6257 6258/6258/6258
v 0.386999995 0.380999982 0.006000001
vn 0.931785405 0.263868511 -0.249297932
v 0.386198401 0.380999982 0.003003936
vn 0.931785405 0.263868511 -0.249297932
v 0.385419786 0.383869261 0.003130731
vn 0.931785405 0.263868511 -0.249297932
f 6259/6259/6259 6260/6260/6260 6261/6261/6261
v 0.386999995 0.380999982 0.006000001
vn 0.931785405 0.249298498 -0.263867974
v 0.385419786 0.383869261 0.003130731
vn 0.931785405 0.249298498 -0.263867974
v 0.386198401 0.383996040 0.006000000
vn 0.931785405 0.249298498 -0.263867974
f 6262/6262/6262 6263/6263/6263 6264/6264/6264
v 0.386198401 0.380999982 0.003003936
vn 0.690135241 0.217773855 -0.690136135
v 0.383996040 0.380999982 0.000801577
vn 0.690135241 0.217773855 -0.690136135
v 0.383869261 0.383869261 0.001580205
vn 0.690135241 0.217773855 -0.690136135
f 6265/6265/6265 6266/6266/6266 6267/6267/6267
v 0.386198401 0.380999982 0.003003936
vn 0.690135717 0.217774540 -0.690135539
v 0.383869261 0.383869261 0.001580205
vn 0.690135717 0.217774540 -0.690135539
v 0.385419786 0.383869261 0.003130731
vn 0.690135717 0.217774540 -0.690135539
f 6268/6268/6268 6269/6269/6269 6270/6270/6270
v 0.380999982 0.380999982 0.000000000
vn 0.263870984 0.249293715 -0.931785762
v 0.380999982 0.383996040 0.000801577
vn 0.263870984 0.249293715 -0.931785762
v 0.383869261 0.383869261 0.001580205
vn 0.263870984 0.249293715 -0.931785762
f 6271/6271/6271 6272/6272/6272 6273/6273/6273
v 0.380999982 0.380999982 0.000000000
vn 0.249293715 0.263870984 -0.931785762
v 0.383869261 0.383869261 0.001580205
vn 0.249293715 0.263870984 -0.931785762
v 0.383996040 0.380999982 0.000801577
vn 0.249293715 0.263870984 -0.931785762
f 6274/6274/6274 6275/6275/6275 6276/6276/6276
v 0.380999982 0.383996040 0.000801577
vn 0.217774481 0.690135062 -0.690136135
v 0.380999982 0.386198401 0.003003936
vn 0.217774481 0.690135062 -0.690136135
v 0.383869261 0.385419786 0.003130730
vn 0.217774481 0.690135062 -0.690136135
f 6277/6277/6277 6278/6278/6278 6279/6279/6279
v 0.380999982 0.383996040 0.000801577
vn 0.217773750 0.690135777 -0.690135658
v 0.383869261 0.385419786 0.003130730
vn 0.217773750 0.690135777 -0.690135658
v 0.383869261 0.383869261 0.001580205
vn 0.217773750 0.690135777 -0.690135658
f 6280/6280/6280 6281/6281/6281 6282/6282/6282
v 0.383869261 0.385419786 0.003130730
vn 0.577350318 0.577350199 -0.577350140
v 0.385419786 0.383869261 0.003130731
vn 0.577350318 0.577350199 -0.577350140
v 0.383869261 0.383869261 0.001580205
vn 0.577350318 0.577350199 -0.577350140
f 6283/6283/6283 6284/6284/6284 6285/6285/6285
v 0.312999994 0.380999982 0.006000000
vn -0.931785405 0.249298543 -0.263867974
v 0.313801587 0.383996040 0.006000000
vn -0.931785405 0.249298543 -0.263867974
v 0.314580202 0.383869261 0.003130730
vn -0.931785405 0.249298543 -0.263867974
f 6286/6286/6286 6287/6287/6287 6288/6288/6288
v 0.312999994 0.380999982 0.006000000
vn -0.931785405 0.263868511 -0.249297932
v 0.314580202 0.383869261 0.003130730
vn -0.931785405 0.263868511 -0.249297932
v 0.313801587 0.380999982 0.003003936
vn -0.931785405 0.263868511 -0.249297932
f 6289/6289/6289 6290/6290/6290 6291/6291/6291
v 0.313801587 0.383996040 0.006000000
vn -0.690136075 0.690136075 -0.217771620
v 0.316003948 0.386198401 0.006000000
vn -0.690136075 0.690136075 -0.217771620
v 0.316130728 0.385419786 0.003130731
vn -0.690136075 0.690136075 -0.217771620
f 6292/6292/6292 6293/6293/6293 6294/6294/6294
v 0.313801587 0.383996040 0.006000000
vn -0.690136015 0.690136015 -0.217771590
v 0.316130728 0.385419786 0.003130731
vn -0.690136015 0.690136015 -0.217771590
v 0.314580202 0.383869261 0.003130730
vn -0.690136015 0.690136015 -0.217771590
f 6295/6295/6295 6296/6296/6296 6297/6297/6297
v 0.319000006 0.386999995 0.006000001
vn -0.263868511 0.931785405 -0.249297932
v 0.319000006 0.386198401 0.003003936
vn -0.263868511 0.931785405 -0.249297932
v 0.316130728 0.385419786 0.003130731
vn -0.263868511 0.931785405 -0.249297932
f 6298/6298/6298 6299/6299/6299 6300/6300/6300
v 0.319000006 0.386999995 0.006000001
vn -0.249298498 0.931785405 -0.263867974
v 0.316130728 0.385419786 0.003130731
vn -0.249298498 0.931785405 -0.263867974
v 0.316003948 0.386198401 0.006000000
vn -0.249298498 0.931785405 -0.263867974
f 6301/6301/6301 6302/6302/6302 6303/6303/6303
v 0.319000006 0.386198401 0.003003936
vn -0.217773855 0.690135241 -0.690136135
v 0.319000006 0.383996040 0.000801577
vn -0.217773855 0.690135241 -0.690136135
v 0.316130728 0.383869261 0.001580205
vn -0.217773855 0.690135241 -0.690136135
f 6304/6304/6304 6305/6305/6305 6306/6306/6306
v 0.319000006 0.386198401 0.003003936
vn -0.217774540 0.690135717 -0.690135539
v 0.316130728 0.383869261 0.001580205
vn -0.217774540 0.690135717 -0.690135539
v 0.316130728 0.385419786 0.003130731
vn -0.217774540 0.690135717 -0.690135539
f 6307/6307/6307 6308/6308/6308 6309/6309/6309
v 0.319000006 0.380999982 0.000000000
vn -0.249293715 0.263870984 -0.931785762
v 0.316003948 0.380999982 0.000801577
vn -0.249293715 0.263870984 -0.931785762
v 0.316130728 0.383869261 0.001580205
vn -0.249293715 0.263870984 -0.931785762
f 6310/6310/6310 6311/6311/6311 6312/6312/6312
v 0.319000006 0.380999982 0.000000000
vn -0.263870984 0.249293715 -0.931785762
v 0.316130728 0.383869261 0.001580205
vn -0.263870984 0.249293715 -0.931785762
v 0.319000006 0.383996040 0.000801577
vn -0.263870984 0.249293715 -0.931785762
f 6313/6313/6313 6314/6314/6314 6315/6315/6315
v 0.316003948 0.380999982 0.000801577
vn -0.690135062 0.217774481 -0.690136135
v 0.313801587 0.380999982 0.003003936
vn -0.690135062 0.217774481 -0.690136135
v 0.314580202 0.383869261 0.003130730
vn -0.690135062 0.217774481 -0.690136135
f 6316/6316/6316 6317/6317/6317 6318/6318/6318
v 0.316003948 0.380999982 0.000801577
vn -0.690135777 0.217773750 -0.690135658
v 0.314580202 0.383869261 0.003130730
vn -0.690135777 0.217773750 -0.690135658
v 0.316130728 0.383869261 0.001580205
vn -0.690135777 0.217773750 -0.690135658
f 6319/6319/6319 6320/6320/6320 6321/6321/6321
v 0.314580202 0.383869261 0.003130730
vn -0.577350199 0.577350318 -0.577350140
v 0.316130728 0.385419786 0.003130731
vn -0.577350199 0.577350318 -0.577350140
v 0.316130728 0.383869261 0.001580205
vn -0.577350199 0.577350318 -0.577350140
f 6322/6322/6322 6323/6323/6323 6324/6324/6324
v 0.312999994 0.319000006 0.184000000
vn -0.931784868 -0.249299735 0.263868481
v 0.313801587 0.316003948 0.183999985
vn -0.931784868 -0.249299735 0.263868481
v 0.314580202 0.316130728 0.186869249
vn -0.931784868 -0.249299735 0.263868481
f 6325/6325/6325 6326/6326/6326 6327/6327/6327
v 0.312999994 0.319000006 0.184000000
vn -0.931784868 -0.263868421 0.249299631
v 0.314580202 0.316130728 0.186869249
vn -0.931784868 -0.263868421 0.249299631
v 0.313801587 0.319000006 0.186996043
vn -0.931784868 -0.263868421 0.249299631
f 6328/6328/6328 6329/6329/6329 6330/6330/6330
v 0.313801587 0.316003948 0.183999985
vn -0.690136015 -0.690136015 0.217772067
v 0.316003948 0.313801587 0.183999985
vn -0.690136015 -0.690136015 0.217772067
v 0.316130728 0.314580202 0.186869249
vn -0.690136015 -0.690136015 0.217772067
f 6331/6331/6331 6332/6332/6332 6333/6333/6333
v 0.313801587 0.316003948 0.183999985
vn -0.690135956 -0.690135956 0.217772052
v 0.316130728 0.314580202 0.186869249
vn -0.690135956 -0.690135956 0.217772052
v 0.314580202 0.316130728 0.186869249
vn -0.690135956 -0.690135956 0.217772052
f 6334/6334/6334 6335/6335/6335 6336/6336/6336
v 0.319000006 0.312999994 0.184000000
vn -0.263868421 -0.931784868 0.249299631
v 0.319000006 0.313801587 0.186996043
vn -0.263868421 -0.931784868 0.249299631
v 0.316130728 0.314580202 0.186869249
vn -0.263868421 -0.931784868 0.249299631
f 6337/6337/6337 6338/6338/6338 6339/6339/6339
v 0.319000006 0.312999994 0.184000000
vn -0.249299735 -0.931784868 0.263868481
v 0.316130728 0.314580202 0.186869249
vn -0.249299735 -0.931784868 0.263868481
v 0.316003948 0.313801587 0.183999985
vn -0.249299735 -0.931784868 0.263868481
f 6340/6340/6340 6341/6341/6341 6342/6342/6342
v 0.319000006 0.313801587 0.186996043
vn -0.217774376 -0.690135598 0.690135598
v 0.319000006 0.316003948 0.189198405
vn -0.217774376 -0.690135598 0.690135598
v 0.316130728 0.316130728 0.188419774
vn -0.217774376 -0.690135598 0.690135598
f 6343/6343/6343 6344/6344/6344 6345/6345/6345
v 0.319000006 0.313801587 0.186996043
vn -0.217774376 -0.690135598 0.690135598
v 0.316130728 0.316130728 0.188419774
vn -0.217774376 -0.690135598 0.690135598
v 0.316130728 0.314580202 0.186869249
vn -0.217774376 -0.690135598 0.690135598
f 6346/6346/6346 6347/6347/6347 6348/6348/6348
v 0.319000006 0.319000006 0.189999998
vn -0.249298245 -0.263871759 0.931784332
v 0.316003948 0.319000006 0.189198405
vn -0.249298245 -0.263871759 0.931784332
v 0.316130728 0.316130728 0.188419774
vn -0.249298245 -0.263871759 0.931784332
f 6349/6349/6349 6350/6350/6350 6351/6351/6351
v 0.319000006 0.319000006 0.189999998
vn -0.263871759 -0.249298245 0.931784332
v 0.316130728 0.316130728 0.188419774
vn -0.263871759 -0.249298245 0.931784332
v 0.319000006 0.316003948 0.189198405
vn -0.263871759 -0.249298245 0.931784332
f 6352/6352/6352 6353/6353/6353 6354/6354/6354
v 0.316003948 0.319000006 0.189198405
vn -0.690135598 -0.217774376 0.690135598
v 0.313801587 0.319000006 0.186996043
vn -0.690135598 -0.217774376 0.690135598
v 0.314580202 0.316130728 0.186869249
vn -0.690135598 -0.217774376 0.690135598
f 6355/6355/6355 6356/6356/6356 6357/6357/6357
v 0.316003948 0.319000006 0.189198405
vn -0.690135598 -0.217774406 0.690135598
v 0.314580202 0.316130728 0.186869249
vn -0.690135598 -0.217774406 0.690135598
v 0.316130728 0.316130728 0.188419774
vn -0.690135598 -0.217774406 0.690135598
f 6358/6358/6358 6359/6359/6359 6360/6360/6360
v 0.314580202 0.316130728 0.186869249
vn -0.577350318 -0.577350318 0.577350318
v 0.316130728 0.314580202 0.186869249
vn -0.577350318 -0.577350318 0.577350318
v 0.316130728 0.316130728 0.188419774
vn -0.577350318 -0.577350318 0.577350318
f 6361/6361/6361 6362/6362/6362 6363/6363/6363
v 0.380999982 0.312999994 0.184000000
vn 0.249299735 -0.931784868 0.263868481
v 0.383996040 0.313801587 0.183999985
vn 0.249299735 -0.931784868 0.263868481
v 0.383869261 0.314580202 0.186869249
vn 0.249299735 -0.931784868 0.263868481
f 6364/6364/6364 6365/6365/6365 6366/6366/6366
v 0.380999982 0.312999994 0.184000000
vn 0.263868421 -0.931784868 0.249299631
v 0.383869261 0.314580202 0.186869249
vn 0.263868421 -0.931784868 0.249299631
v 0.380999982 0.313801587 0.186996043
vn 0.263868421 -0.931784868 0.249299631
f 6367/6367/6367 6368/6368/6368 6369/6369/6369
v 0.383996040 0.313801587 0.183999985
vn 0.690136015 -0.690136015 0.217772067
v 0.386198401 0.316003948 0.183999985
vn 0.690136015 -0.690136015 0.217772067
v 0.385419786 0.316130728 0.186869249
vn 0.690136015 -0.690136015 0.217772067
f 6370/6370/6370 6371/6371/6371 6372/6372/6372
v 0.383996040 0.313801587 0.183999985
vn 0.690135956 -0.690135956 0.217772052
v 0.385419786 0.316130728 0.186869249
vn 0.690135956 -0.690135956 0.217772052
v 0.383869261 0.314580202 0.186869249
vn 0.690135956 -0.690135956 0.217772052
f 6373/6373/6373 6374/6374/6374 6375/6375/6375
v 0.386999995 0.319000006 0.184000000
vn 0.931784868 -0.263868421 0.249299631
v 0.386198401 0.319000006 0.186996043
vn 0.931784868 -0.263868421 0.249299631
v 0.385419786 0.316130728 0.186869249
vn 0.931784868 -0.263868421 0.249299631
f 6376/6376/6376 6377/6377/6377 6378/6378/6378
v 0.386999995 0.319000006 0.184000000
vn 0.931784868 -0.249299735 0.263868481
v 0.385419786 0.316130728 0.186869249
vn 0.931784868 -0.249299735 0.263868481
v 0.386198401 0.316003948 0.183999985
vn 0.931784868 -0.249299735 0.263868481
f 6379/6379/6379 6380/6380/6380 6381/6381/6381
v 0.386198401 0.319000006 0.186996043
vn 0.690135598 -0.217774376 0.690135598
v 0.383996040 0.319000006 0.189198405
vn 0.690135598 -0.217774376 0.690135598
v 0.383869261 0.316130728 0.188419774
vn 0.690135598 -0.217774376 0.690135598
f 6382/6382/6382 6383/6383/6383 6384/6384/6384
v 0.386198401 0.319000006 0.186996043
vn 0.690135598 -0.217774376 0.690135598
v 0.383869261 0.316130728 0.188419774
vn 0.690135598 -0.217774376 0.690135598
v 0.385419786 0.316130728 0.186869249
vn 0.690135598 -0.217774376 0.690135598
f 6385/6385/6385 6386/6386/6386 6387/6387/6387
v 0.380999982 0.319000006 0.189999998
vn 0.263871759 -0.249298245 0.931784332
v 0.380999982 0.316003948 0.189198405
vn 0.263871759 -0.249298245 0.931784332
v 0.383869261 0.316130728 0.188419774
vn 0.263871759 -0.249298245 0.931784332
f 6388/6388/6388 6389/6389/6389 6390/6390/6390
v 0.380999982 0.319000006 0.189999998
vn 0.249298245 -0.263871759 0.931784332
v 0.383869261 0.316130728 0.188419774
vn 0.249298245 -0.263871759 0.931784332
v 0.383996040 0.319000006 0.189198405
vn 0.249298245 -0.263871759 0.931784332
f 6391/6391/6391 6392/6392/6392 6393/6393/6393
v 0.380999982 0.316003948 0.189198405
vn 0.217774376 -0.690135598 0.690135598
v 0.380999982 0.313801587 0.186996043
vn 0.217774376 -0.690135598 0.690135598
v 0.383869261 0.314580202 0.186869249
vn 0.217774376 -0.690135598 0.690135598
f 6394/6394/6394 6395/6395/6395 6396/6396/6396
v 0.380999982 0.316003948 0.189198405
vn 0.217774406 -0.690135598 0.690135598
v 0.383869261 0.314580202 0.186869249
vn 0.217774406 -0.690135598 0.690135598
v 0.383869261 0.316130728 0.188419774
vn 0.217774406 -0.690135598 0.690135598
f 6397/6397/6397 6398/6398/6398 6399/6399/6399
v 0.383869261 0.314580202 0.186869249
vn 0.577350318 -0.577350318 0.577350318
v 0.385419786 0.316130728 0.186869249
vn 0.577350318 -0.577350318 0.577350318
v 0.383869261 0.316130728 0.188419774
vn 0.577350318 -0.577350318 0.577350318
f 6400/6400/6400 6401/6401/6401 6402/6402/6402
v 0.386999995 0.380999982 0.184000000
vn 0.931784868 0.249299735 0.263868481
v 0.386198401 0.383996040 0.183999985
vn 0.931784868 0.249299735 0.263868481
v 0.385419786 0.383869261 0.186869249
vn 0.931784868 0.249299735 0.263868481
f 6403/6403/6403 6404/6404/6404 6405/6405/6405
v 0.386999995 0.380999982 0.184000000
vn 0.931784868 0.263868421 0.249299631
v 0.385419786 0.383869261 0.186869249
vn 0.931784868 0.263868421 0.249299631
v 0.386198401 0.380999982 0.186996043
vn 0.931784868 0.263868421 0.249299631
f 6406/6406/6406 6407/6407/6407 6408/6408/6408
v 0.386198401 0.383996040 0.183999985
vn 0.690136015 0.690136015 0.217772067
v 0.383996040 0.386198401 0.183999985
vn 0.690136015 0.690136015 0.217772067
v 0.383869261 0.385419786 0.186869249
vn 0.690136015 0.690136015 0.217772067
f 6409/6409/6409 6410/6410/6410 6411/6411/6411
v 0.386198401 0.383996040 0.183999985
vn 0.690135956 0.690135956 0.217772052
v 0.383869261 0.385419786 0.186869249
vn 0.690135956 0.690135956 0.217772052
v 0.385419786 0.383869261 0.186869249
vn 0.690135956 0.690135956 0.217772052
f 6412/6412/6412 6413/6413/6413 6414/6414/6414
v 0.380999982 0.386999995 0.184000000
vn 0.263868421 0.931784868 0.249299631
v 0.380999982 0.386198401 0.186996043
vn 0.263868421 0.931784868 0.249299631
v 0.383869261 0.385419786 0.186869249
vn 0.263868421 0.931784868 0.249299631
f 6415/6415/6415 6416/6416/6416 6417/6417/6417
v 0.380999982 0.386999995 0.184000000
vn 0.249299735 0.931784868 0.263868481
v 0.383869261 0.385419786 0.186869249
vn 0.249299735 0.931784868 0.263868481
v 0.383996040 0.386198401 0.183999985
vn 0.249299735 0.931784868 0.263868481
f 6418/6418/6418 6419/6419/6419 6420/6420/6420
v 0.380999982 0.386198401 0.186996043
vn 0.217774376 0.690135598 0.690135598
v 0.380999982 0.383996040 0.189198405
vn 0.217774376 0.690135598 0.690135598
v 0.383869261 0.383869261 0.188419774
vn 0.217774376 0.690135598 0.690135598
f 6421/6421/6421 6422/6422/6422 6423/6423/6423
v 0.380999982 0.386198401 0.186996043
vn 0.217774376 0.690135598 0.690135598
v 0.383869261 0.383869261 0.188419774
vn 0.217774376 0.690135598 0.690135598
v 0.383869261 0.385419786 0.186869249
vn 0.217774376 0.690135598 0.690135598
f 6424/6424/6424 6425/6425/6425 6426/6426/6426
v 0.380999982 0.380999982 0.189999998
vn 0.249298245 0.263871759 0.931784332
v 0.383996040 0.380999982 0.189198405
vn 0.249298245 0.263871759 0.931784332
v 0.383869261 0.383869261 0.188419774
vn 0.249298245 0.263871759 0.931784332
f 6427/6427/6427 6428/6428/6428 6429/6429/6429
v 0.380999982 0.380999982 0.189999998
vn 0.263871759 0.249298245 0.931784332
v 0.383869261 0.383869261 0.188419774
vn 0.263871759 0.249298245 0.931784332
v 0.380999982 0.383996040 0.189198405
vn 0.263871759 0.249298245 0.931784332
f 6430/6430/6430 6431/6431/6431 6432/6432/6432
v 0.383996040 0.380999982 0.189198405
vn 0.690135598 0.217774376 0.690135598
v 0.386198401 0.380999982 0.186996043
vn 0.690135598 0.217774376 0.690135598
v 0.385419786 0.383869261 0.186869249
vn 0.690135598 0.217774376 0.690135598
f 6433/6433/6433 6434/6434/6434 6435/6435/6435
v 0.383996040 0.380999982 0.189198405
vn 0.690135598 0.217774406 0.690135598
v 0.385419786 0.383869261 0.186869249
vn 0.690135598 0.217774406 0.690135598
v 0.383869261 0.383869261 0.188419774
vn 0.690135598 0.217774406 0.690135598
f 6436/6436/6436 6437/6437/6437 6438/6438/6438
v 0.385419786 0.383869261 0.186869249
vn 0.577350318 0.577350318 0.577350318
v 0.383869261 0.385419786 0.186869249
vn 0.577350318 0.577350318 0.577350318
v 0.383869261 0.383869261 0.188419774
vn 0.577350318 0.577350318 0.577350318
f 6439/6439/6439 6440/6440/6440 6441/6441/6441
v 0.312999994 0.380999982 0.184000000
vn -0.931785464 0.263868451 0.249297306
v 0.313801587 0.380999982 0.186996073
vn -0.931785464 0.263868451 0.249297306
v 0.314580202 0.383869261 0.186869279
vn -0.931785464 0.263868451 0.249297306
f 6442/6442/6442 6443/6443/6443 6444/6444/6444
v 0.312999994 0.380999982 0.184000000
vn -0.931785583 0.249297246 0.263868541
v 0.314580202 0.383869261 0.186869279
vn -0.931785583 0.249297246 0.263868541
v 0.313801587 0.383996040 0.184000015
vn -0.931785583 0.249297246 0.263868541
f 6445/6445/6445 6446/6446/6446 6447/6447/6447
v 0.313801587 0.380999982 0.186996073
vn -0.690135598 0.217774376 0.690135598
v 0.316003948 0.380999982 0.189198434
vn -0.690135598 0.217774376 0.690135598
v 0.316130728 0.383869261 0.188419804
vn -0.690135598 0.217774376 0.690135598
f 6448/6448/6448 6449/6449/6449 6450/6450/6450
v 0.313801587 0.380999982 0.186996073
vn -0.690135598 0.217774376 0.690135598
v 0.316130728 0.383869261 0.188419804
vn -0.690135598 0.217774376 0.690135598
v 0.314580202 0.383869261 0.186869279
vn -0.690135598 0.217774376 0.690135598
f 6451/6451/6451 6452/6452/6452 6453/6453/6453
v 0.319000006 0.380999982 0.189999998
vn -0.263871938 0.249289572 0.931786537
v 0.319000006 0.383996040 0.189198434
vn -0.263871938 0.249289572 0.931786537
v 0.316130728 0.383869261 0.188419804
vn -0.263871938 0.249289572 0.931786537
f 6454/6454/6454 6455/6455/6455 6456/6456/6456
v 0.319000006 0.380999982 0.189999998
vn -0.249289572 0.263871938 0.931786537
v 0.316130728 0.383869261 0.188419804
vn -0.249289572 0.263871938 0.931786537
v 0.316003948 0.380999982 0.189198434
vn -0.249289572 0.263871938 0.931786537
f 6457/6457/6457 6458/6458/6458 6459/6459/6459
v 0.319000006 0.383996040 0.189198434
vn -0.217774376 0.690135598 0.690135598
v 0.319000006 0.386198401 0.186996073
vn -0.217774376 0.690135598 0.690135598
v 0.316130728 0.385419786 0.186869279
vn -0.217774376 0.690135598 0.690135598
f 6460/6460/6460 6461/6461/6461 6462/6462/6462
v 0.319000006 0.383996040 0.189198434
vn -0.217774406 0.690135598 0.690135598
v 0.316130728 0.385419786 0.186869279
vn -0.217774406 0.690135598 0.690135598
v 0.316130728 0.383869261 0.188419804
vn -0.217774406 0.690135598 0.690135598
f 6463/6463/6463 6464/6464/6464 6465/6465/6465
v 0.319000006 0.386999995 0.184000000
vn -0.249297246 0.931785583 0.263868541
v 0.316003948 0.386198401 0.184000015
vn -0.249297246 0.931785583 0.263868541
v 0.316130728 0.385419786 0.186869279
vn -0.249297246 0.931785583 0.263868541
f 6466/6466/6466 6467/6467/6467 6468/6468/6468
v 0.319000006 0.386999995 0.184000000
vn -0.263868451 0.931785464 0.249297306
v 0.316130728 0.385419786 0.186869279
vn -0.263868451 0.931785464 0.249297306
v 0.319000006 0.386198401 0.186996073
vn -0.263868451 0.931785464 0.249297306
f 6469/6469/6469 6470/6470/6470 6471/6471/6471
v 0.316003948 0.386198401 0.184000015
vn -0.690136015 0.690136015 0.217772067
v 0.313801587 0.383996040 0.184000015
vn -0.690136015 0.690136015 0.217772067
v 0.314580202 0.383869261 0.186869279
vn -0.690136015 0.690136015 0.217772067
f 6472/6472/6472 6473/6473/6473 6474/6474/6474
v 0.316003948 0.386198401 0.184000015
vn -0.690135956 0.690135956 0.217772052
v 0.314580202 0.383869261 0.186869279
vn -0.690135956 0.690135956 0.217772052
v 0.316130728 0.385419786 0.186869279
vn -0.690135956 0.690135956 0.217772052
f 6475/6475/6475 6476/6476/6476 6477/6477/6477
v 0.314580202 0.383869261 0.186869279
vn -0.577350318 0.577350318 0.577350318
v 0.316130728 0.383869261 0.188419804
vn -0.577350318 0.577350318 0.577350318
v 0.316130728 0.385419786 0.186869279
vn -0.577350318 0.577350318 0.577350318
f 6478/6478/6478 6479/6479/6479 6480/6480/6480
v 0.319000006 0.319000006 0.000000000
vn 0.000000000 -0.258453846 -0.966023624
v 0.380999982 0.319000006 0.000000000
vn 0.000000000 -0.258453846 -0.966023624
v 0.380999982 0.316003948 0.000801577
vn 0.000000000 -0.258453846 -0.966023624
f 6481/6481/6481 6482/6482/6482 6483/6483/6483
v 0.319000006 0.319000006 0.000000000
vn 0.000000000 -0.258453846 -0.966023624
v 0.380999982 0.316003948 0.000801577
vn 0.000000000 -0.258453846 -0.966023624
v 0.319000006 0.316003948 0.000801577
vn 0.000000000 -0.258453846 -0.966023624
f 6484/6484/6484 6485/6485/6485 6486/6486/6486
v 0.319000006 0.316003948 0.000801577
vn 0.000000000 -0.707106352 -0.707107246
v 0.380999982 0.316003948 0.000801577
vn 0.000000000 -0.707106352 -0.707107246
v 0.380999982 0.313801587 0.003003936
vn 0.000000000 -0.707106352 -0.707107246
f 6487/6487/6487 6488/6488/6488 6489/6489/6489
v 0.319000006 0.316003948 0.000801577
vn 0.000000007 -0.707106233 -0.707107306
v 0.380999982 0.313801587 0.003003936
vn 0.000000007 -0.707106233 -0.707107306
v 0.319000006 0.313801587 0.003003936
vn 0.000000007 -0.707106233 -0.707107306
f 6490/6490/6490 6491/6491/6491 6492/6492/6492
v 0.319000006 0.313801587 0.003003936
vn 0.000000002 -0.966022432 -0.258458048
v 0.380999982 0.313801587 0.003003936
vn 0.000000002 -0.966022432 -0.258458048
v 0.380999982 0.312999994 0.006000001
vn 0.000000002 -0.966022432 -0.258458048
f 6493/6493/6493 6494/6494/6494 6495/6495/6495
v 0.319000006 0.313801587 0.003003936
vn 0.000000001 -0.966022432 -0.258458048
v 0.380999982 0.312999994 0.006000001
vn 0.000000001 -0.966022432 -0.258458048
v 0.319000006 0.312999994 0.006000000
vn 0.000000001 -0.966022432 -0.258458048
f 6496/6496/6496 6497/6497/6497 6498/6498/6498
v 0.312999994 0.319000006 0.006000001
vn -0.966022432 -0.000000002 -0.258458048
v 0.312999994 0.380999982 0.006000000
vn -0.966022432 -0.000000002 -0.258458048
v 0.313801587 0.380999982 0.003003936
vn -0.966022432 -0.000000002 -0.258458048
f 6499/6499/6499 6500/6500/6500 6501/6501/6501
v 0.312999994 0.319000006 0.006000001
vn -0.966022432 -0.000000001 -0.258458048
v 0.313801587 0.380999982 0.003003936
vn -0.966022432 -0.000000001 -0.258458048
v 0.313801587 0.319000006 0.003003936
vn -0.966022432 -0.000000001 -0.258458048
f 6502/6502/6502 6503/6503/6503 6504/6504/6504
v 0.313801587 0.319000006 0.003003936
vn -0.707106233 -0.000000005 -0.707107306
v 0.313801587 0.380999982 0.003003936
vn -0.707106233 -0.000000005 -0.707107306
v 0.316003948 0.380999982 0.000801577
vn -0.707106233 -0.000000005 -0.707107306
f 6505/6505/6505 6506/6506/6506 6507/6507/6507
v 0.313801587 0.319000006 0.003003936
vn -0.707106352 0.000000000 -0.707107246
v 0.316003948 0.380999982 0.000801577
vn -0.707106352 0.000000000 -0.707107246
v 0.316003948 0.319000006 0.000801577
vn -0.707106352 0.000000000 -0.707107246
f 6508/6508/6508 6509/6509/6509 6510/6510/6510
v 0.316003948 0.319000006 0.000801577
vn -0.258453846 0.000000000 -0.966023624
v 0.316003948 0.380999982 0.000801577
vn -0.258453846 0.000000000 -0.966023624
v 0.319000006 0.380999982 0.000000000
vn -0.258453846 0.000000000 -0.966023624
f 6511/6511/6511 6512/6512/6512 6513/6513/6513
v 0.316003948 0.319000006 0.000801577
vn -0.258453846 0.000000000 -0.966023624
v 0.319000006 0.380999982 0.000000000
vn -0.258453846 0.000000000 -0.966023624
v 0.319000006 0.319000006 0.000000000
vn -0.258453846 0.000000000 -0.966023624
f 6514/6514/6514 6515/6515/6515 6516/6516/6516
v 0.380999982 0.380999982 0.000000000
vn 0.000000000 0.258453846 -0.966023624
v 0.319000006 0.380999982 0.000000000
vn 0.000000000 0.258453846 -0.966023624
v 0.319000006 0.383996040 0.000801577
vn 0.000000000 0.258453846 -0.966023624
f 6517/6517/6517 6518/6518/6518 6519/6519/6519
v 0.380999982 0.380999982 0.000000000
vn 0.000000000 0.258453846 -0.966023624
v 0.319000006 0.383996040 0.000801577
vn 0.000000000 0.258453846 -0.966023624
v 0.380999982 0.383996040 0.000801577
vn 0.000000000 0.258453846 -0.966023624
f 6520/6520/6520 6521/6521/6521 6522/6522/6522
v 0.380999982 0.383996040 0.000801577
vn 0.000000000 0.707106352 -0.707107246
v 0.319000006 0.383996040 0.000801577
vn 0.000000000 0.707106352 -0.707107246
v 0.319000006 0.386198401 0.003003936
vn 0.000000000 0.707106352 -0.707107246
f 6523/6523/6523 6524/6524/6524 6525/6525/6525
v 0.380999982 0.383996040 0.000801577
vn -0.000000007 0.707106233 -0.707107306
v 0.319000006 0.386198401 0.003003936
vn -0.000000007 0.707106233 -0.707107306
v 0.380999982 0.386198401 0.003003936
vn -0.000000007 0.707106233 -0.707107306
f 6526/6526/6526 6527/6527/6527 6528/6528/6528
v 0.380999982 0.386198401 0.003003936
vn -0.000000002 0.966022432 -0.258458048
v 0.319000006 0.386198401 0.003003936
vn -0.000000002 0.966022432 -0.258458048
v 0.319000006 0.386999995 0.006000001
vn -0.000000002 0.966022432 -0.258458048
f 6529/6529/6529 6530/6530/6530 6531/6531/6531
v 0.380999982 0.386198401 0.003003936
vn -0.000000001 0.966022432 -0.258458048
v 0.319000006 0.386999995 0.006000001
vn -0.000000001 0.966022432 -0.258458048
v 0.380999982 0.386999995 0.006000000
vn -0.000000001 0.966022432 -0.258458048
f 6532/6532/6532 6533/6533/6533 6534/6534/6534
v 0.380999982 0.319000006 0.000000000
vn 0.258453846 0.000000000 -0.966023624
v 0.380999982 0.380999982 0.000000000
vn 0.258453846 0.000000000 -0.966023624
v 0.383996040 0.380999982 0.000801577
vn 0.258453846 0.000000000 -0.966023624
f 6535/6535/6535 6536/6536/6536 6537/6537/6537
v 0.380999982 0.319000006 0.000000000
vn 0.258453846 0.000000000 -0.966023624
v 0.383996040 0.380999982 0.000801577
vn 0.258453846 0.000000000 -0.966023624
v 0.383996040 0.319000006 0.000801577
vn 0.258453846 0.000000000 -0.966023624
f 6538/6538/6538 6539/6539/6539 6540/6540/6540
v 0.383996040 0.319000006 0.000801577
vn 0.707106352 0.000000000 -0.707107246
v 0.383996040 0.380999982 0.000801577
vn 0.707106352 0.000000000 -0.707107246
v 0.386198401 0.380999982 0.003003936
vn 0.707106352 0.000000000 -0.707107246
f 6541/6541/6541 6542/6542/6542 6543/6543/6543
v 0.383996040 0.319000006 0.000801577
vn 0.707106233 0.000000007 -0.707107306
v 0.386198401 0.380999982 0.003003936
vn 0.707106233 0.000000007 -0.707107306
v 0.386198401 0.319000006 0.003003936
vn 0.707106233 0.000000007 -0.707107306
f 6544/6544/6544 6545/6545/6545 6546/6546/6546
v 0.386198401 0.319000006 0.003003936
vn 0.966022432 0.000000002 -0.258458048
v 0.386198401 0.380999982 0.003003936
vn 0.966022432 0.000000002 -0.258458048
v 0.386999995 0.380999982 0.006000001
vn 0.966022432 0.000000002 -0.258458048
f 6547/6547/6547 6548/6548/6548 6549/6549/6549
v 0.386198401 0.319000006 0.003003936
vn 0.966022432 0.000000001 -0.258458048
v 0.386999995 0.380999982 0.006000001
vn 0.966022432 0.000000001 -0.258458048
v 0.386999995 0.319000006 0.006000000
vn 0.966022432 0.000000001 -0.258458048
f 6550/6550/6550 6551/6551/6551 6552/6552/6552
v 0.319000006 0.319000006 0.189999998
vn -0.258449644 0.000000000 0.966024697
v 0.319000006 0.380999982 0.189999998
vn -0.258449644 0.000000000 0.966024697
v 0.316003948 0.380999982 0.189198434
vn -0.258449644 0.000000000 0.966024697
f 6553/6553/6553 6554/6554/6554 6555/6555/6555
v 0.319000006 0.319000006 0.189999998
vn -0.258458614 -0.000000465 0.966022313
v 0.316003948 0.380999982 0.189198434
vn -0.258458614 -0.000000465 0.966022313
v 0.316003948 0.319000006 0.189198405
vn -0.258458614 -0.000000465 0.966022313
f 6556/6556/6556 6557/6557/6557 6558/6558/6558
v 0.316003948 0.319000006 0.189198405
vn -0.707106769 -0.000000340 0.707106769
v 0.316003948 0.380999982 0.189198434
vn -0.707106769 -0.000000340 0.707106769
v 0.313801587 0.380999982 0.186996073
vn -0.707106769 -0.000000340 0.707106769
f 6559/6559/6559 6560/6560/6560 6561/6561/6561
v 0.316003948 0.319000006 0.189198405
vn -0.707106769 -0.000000339 0.707106769
v 0.313801587 0.380999982 0.186996073
vn -0.707106769 -0.000000339 0.707106769
v 0.313801587 0.319000006 0.186996043
vn -0.707106769 -0.000000339 0.707106769
f 6562/6562/6562 6563/6563/6563 6564/6564/6564
v 0.313801587 0.319000006 0.186996043
vn -0.966022670 -0.000000124 0.258457422
v 0.313801587 0.380999982 0.186996073
vn -0.966022670 -0.000000124 0.258457422
v 0.312999994 0.380999982 0.184000000
vn -0.966022670 -0.000000124 0.258457422
f 6565/6565/6565 6566/6566/6566 6567/6567/6567
v 0.313801587 0.319000006 0.186996043
vn -0.966022015 0.000000000 0.258459806
v 0.312999994 0.380999982 0.184000000
vn -0.966022015 0.000000000 0.258459806
v 0.312999994 0.319000006 0.184000000
vn -0.966022015 0.000000000 0.258459806
f 6568/6568/6568 6569/6569/6569 6570/6570/6570
v 0.319000006 0.312999994 0.184000000
vn 0.000000000 -0.966022015 0.258459806
v 0.380999982 0.312999994 0.184000000
vn 0.000000000 -0.966022015 0.258459806
v 0.380999982 0.313801587 0.186996043
vn 0.000000000 -0.966022015 0.258459806
f 6571/6571/6571 6572/6572/6572 6573/6573/6573
v 0.319000006 0.312999994 0.184000000
vn 0.000000000 -0.966022015 0.258459806
v 0.380999982 0.313801587 0.186996043
vn 0.000000000 -0.966022015 0.258459806
v 0.319000006 0.313801587 0.186996043
vn 0.000000000 -0.966022015 0.258459806
f 6574/6574/6574 6575/6575/6575 6576/6576/6576
v 0.319000006 0.313801587 0.186996043
vn 0.000000000 -0.707106769 0.707106769
v 0.380999982 0.313801587 0.186996043
vn 0.000000000 -0.707106769 0.707106769
v 0.380999982 0.316003948 0.189198405
vn 0.000000000 -0.707106769 0.707106769
f 6577/6577/6577 6578/6578/6578 6579/6579/6579
v 0.319000006 0.313801587 0.186996043
vn 0.000000000 -0.707106769 0.707106769
v 0.380999982 0.316003948 0.189198405
vn 0.000000000 -0.707106769 0.707106769
v 0.319000006 0.316003948 0.189198405
vn 0.000000000 -0.707106769 0.707106769
f 6580/6580/6580 6581/6581/6581 6582/6582/6582
v 0.319000006 0.316003948 0.189198405
vn 0.000000000 -0.258458614 0.966022313
v 0.380999982 0.316003948 0.189198405
vn 0.000000000 -0.258458614 0.966022313
v 0.380999982 0.319000006 0.189999998
vn 0.000000000 -0.258458614 0.966022313
f 6583/6583/6583 6584/6584/6584 6585/6585/6585
v 0.319000006 0.316003948 0.189198405
vn 0.000000000 -0.258458614 0.966022313
v 0.380999982 0.319000006 0.189999998
vn 0.000000000 -0.258458614 0.966022313
v 0.319000006 0.319000006 0.189999998
vn 0.000000000 -0.258458614 0.966022313
f 6586/6586/6586 6587/6587/6587 6588/6588/6588
v 0.386999995 0.319000006 0.184000000
vn 0.966022015 -0.000000000 0.258459806
v 0.386999995 0.380999982 0.184000000
vn 0.966022015 -0.000000000 0.258459806
v 0.386198401 0.380999982 0.186996043
vn 0.966022015 -0.000000000 0.258459806
f 6589/6589/6589 6590/6590/6590 6591/6591/6591
v 0.386999995 0.319000006 0.184000000
vn 0.966022015 0.000000000 0.258459806
v 0.386198401 0.380999982 0.186996043
vn 0.966022015 0.000000000 0.258459806
v 0.386198401 0.319000006 0.186996043
vn 0.966022015 0.000000000 0.258459806
f 6592/6592/6592 6593/6593/6593 6594/6594/6594
v 0.386198401 0.319000006 0.186996043
vn 0.707106769 -0.000000000 0.707106769
v 0.386198401 0.380999982 0.186996043
vn 0.707106769 -0.000000000 0.707106769
v 0.383996040 0.380999982 0.189198405
vn 0.707106769 -0.000000000 0.707106769
f 6595/6595/6595 6596/6596/6596 6597/6597/6597
v 0.386198401 0.319000006 0.186996043
vn 0.707106769 0.000000000 0.707106769
v 0.383996040 0.380999982 0.189198405
vn 0.707106769 0.000000000 0.707106769
v 0.383996040 0.319000006 0.189198405
vn 0.707106769 0.000000000 0.707106769
f 6598/6598/6598 6599/6599/6599 6600/6600/6600
v 0.383996040 0.319000006 0.189198405
vn 0.258458614 -0.000000000 0.966022313
v 0.383996040 0.380999982 0.189198405
vn 0.258458614 -0.000000000 0.966022313
v 0.380999982 0.380999982 0.189999998
vn 0.258458614 -0.000000000 0.966022313
f 6601/6601/6601 6602/6602/6602 6603/6603/6603
v 0.383996040 0.319000006 0.189198405
vn 0.258458614 0.000000000 0.966022313
v 0.380999982 0.380999982 0.189999998
vn 0.258458614 0.000000000 0.966022313
v 0.380999982 0.319000006 0.189999998
vn 0.258458614 0.000000000 0.966022313
f 6604/6604/6604 6605/6605/6605 6606/6606/6606
v 0.380999982 0.386999995 0.184000000
vn 0.000000000 0.966022670 0.258457422
v 0.319000006 0.386999995 0.184000000
vn 0.000000000 0.966022670 0.258457422
v 0.319000006 0.386198401 0.186996073
vn 0.000000000 0.966022670 0.258457422
f 6607/6607/6607 6608/6608/6608 6609/6609/6609
v 0.380999982 0.386999995 0.184000000
vn 0.000000124 0.966022015 0.258459806
v 0.319000006 0.386198401 0.186996073
vn 0.000000124 0.966022015 0.258459806
v 0.380999982 0.386198401 0.186996043
vn 0.000000124 0.966022015 0.258459806
f 6610/6610/6610 6611/6611/6611 6612/6612/6612
v 0.380999982 0.386198401 0.186996043
vn 0.000000340 0.707106769 0.707106769
v 0.319000006 0.386198401 0.186996073
vn 0.000000340 0.707106769 0.707106769
v 0.319000006 0.383996040 0.189198434
vn 0.000000340 0.707106769 0.707106769
f 6613/6613/6613 6614/6614/6614 6615/6615/6615
v 0.380999982 0.386198401 0.186996043
vn 0.000000339 0.707106769 0.707106769
v 0.319000006 0.383996040 0.189198434
vn 0.000000339 0.707106769 0.707106769
v 0.380999982 0.383996040 0.189198405
vn 0.000000339 0.707106769 0.707106769
f 6616/6616/6616 6617/6617/6617 6618/6618/6618
v 0.380999982 0.383996040 0.189198405
vn 0.000000464 0.258449644 0.966024697
v 0.319000006 0.383996040 0.189198434
vn 0.000000464 0.258449644 0.966024697
v 0.319000006 0.380999982 0.189999998
vn 0.000000464 0.258449644 0.966024697
f 6619/6619/6619 6620/6620/6620 6621/6621/6621
v 0.380999982 0.383996040 0.189198405
vn 0.000000000 0.258458614 0.966022313
v 0.319000006 0.380999982 0.189999998
vn 0.000000000 0.258458614 0.966022313
v 0.380999982 0.380999982 0.189999998
vn 0.000000000 0.258458614 0.966022313
f 6622/6622/6622 6623/6623/6623 6624/6624/6624
v 0.319000006 0.312999994 0.006000000
vn -0.258458614 -0.966022253 0.000000000
v 0.319000006 0.312999994 0.184000000
vn -0.258458614 -0.966022253 0.000000000
v 0.316003948 0.313801587 0.183999985
vn -0.258458614 -0.966022253 0.000000000
f 6625/6625/6625 6626/6626/6626 6627/6627/6627
v 0.319000006 0.312999994 0.006000000
vn -0.258458614 -0.966022372 0.000000000
v 0.316003948 0.313801587 0.183999985
vn -0.258458614 -0.966022372 0.000000000
v 0.316003948 0.313801587 0.006000000
vn -0.258458614 -0.966022372 0.000000000
f 6628/6628/6628 6629/6629/6629 6630/6630/6630
v 0.316003948 0.313801587 0.006000000
vn -0.707106769 -0.707106769 0.000000000
v 0.316003948 0.313801587 0.183999985
vn -0.707106769 -0.707106769 0.000000000
v 0.313801587 0.316003948 0.183999985
vn -0.707106769 -0.707106769 0.000000000
f 6631/6631/6631 6632/6632/6632 6633/6633/6633
v 0.316003948 0.313801587 0.006000000
vn -0.707106769 -0.707106769 0.000000000
v 0.313801587 0.316003948 0.183999985
vn -0.707106769 -0.707106769 0.000000000
v 0.313801587 0.316003948 0.006000000
vn -0.707106769 -0.707106769 0.000000000
f 6634/6634/6634 6635/6635/6635 6636/6636/6636
v 0.313801587 0.316003948 0.006000000
vn -0.966022372 -0.258458614 0.000000000
v 0.313801587 0.316003948 0.183999985
vn -0.966022372 -0.258458614 0.000000000
v 0.312999994 0.319000006 0.184000000
vn -0.966022372 -0.258458614 0.000000000
f 6637/6637/6637 6638/6638/6638 6639/6639/6639
v 0.313801587 0.316003948 0.006000000
vn -0.966022253 -0.258458614 0.000000000
v 0.312999994 0.319000006 0.184000000
vn -0.966022253 -0.258458614 0.000000000
v 0.312999994 0.319000006 0.006000001
vn -0.966022253 -0.258458614 0.000000000
f 6640/6640/6640 6641/6641/6641 6642/6642/6642
v 0.386999995 0.319000006 0.006000000
vn 0.966022253 -0.258458614 0.000000000
v 0.386999995 0.319000006 0.184000000
vn 0.966022253 -0.258458614 0.000000000
v 0.386198401 0.316003948 0.183999985
vn 0.966022253 -0.258458614 0.000000000
f 6643/6643/6643 6644/6644/6644 6645/6645/6645
v 0.386999995 0.319000006 0.006000000
vn 0.966022372 -0.258458614 0.000000000
v 0.386198401 0.316003948 0.183999985
vn 0.966022372 -0.258458614 0.000000000
v 0.386198401 0.316003948 0.006000000
vn 0.966022372 -0.258458614 0.000000000
f 6646/6646/6646 6647/6647/6647 6648/6648/6648
v 0.386198401 0.316003948 0.006000000
vn 0.707106769 -0.707106769 0.000000000
v 0.386198401 0.316003948 0.183999985
vn 0.707106769 -0.707106769 0.000000000
v 0.383996040 0.313801587 0.183999985
vn 0.707106769 -0.707106769 0.000000000
f 6649/6649/6649 6650/6650/6650 6651/6651/6651
v 0.386198401 0.316003948 0.006000000
vn 0.707106769 -0.707106769 0.000000000
v 0.383996040 0.313801587 0.183999985
vn 0.707106769 -0.707106769 0.000000000
v 0.383996040 0.313801587 0.006000000
vn 0.707106769 -0.707106769 0.000000000
f 6652/6652/6652 6653/6653/6653 6654/6654/6654
v 0.383996040 0.313801587 0.006000000
vn 0.258458614 -0.966022372 0.000000000
v 0.383996040 0.313801587 0.183999985
vn 0.258458614 -0.966022372 0.000000000
v 0.380999982 0.312999994 0.184000000
vn 0.258458614 -0.966022372 0.000000000
f 6655/6655/6655 6656/6656/6656 6657/6657/6657
v 0.383996040 0.313801587 0.006000000
vn 0.258458614 -0.966022253 0.000000000
v 0.380999982 0.312999994 0.184000000
vn 0.258458614 -0.966022253 0.000000000
v 0.380999982 0.312999994 0.006000001
vn 0.258458614 -0.966022253 0.000000000
f 6658/6658/6658 6659/6659/6659 6660/6660/6660
v 0.380999982 0.386999995 0.006000000
vn 0.258458614 0.966022253 -0.000000000
v 0.380999982 0.386999995 0.184000000
vn 0.258458614 0.966022253 -0.000000000
v 0.383996040 0.386198401 0.183999985
vn 0.258458614 0.966022253 -0.000000000
f 6661/6661/6661 6662/6662/6662 6663/6663/6663
v 0.380999982 0.386999995 0.006000000
vn 0.258458614 0.966022372 0.000000000
v 0.383996040 0.386198401 0.183999985
vn 0.258458614 0.966022372 0.000000000
v 0.383996040 0.386198401 0.006000000
vn 0.258458614 0.966022372 0.000000000
f 6664/6664/6664 6665/6665/6665 6666/6666/6666
v 0.383996040 0.386198401 0.006000000
vn 0.707106769 0.707106769 -0.000000000
v 0.383996040 0.386198401 0.183999985
vn 0.707106769 0.707106769 -0.000000000
v 0.386198401 0.383996040 0.183999985
vn 0.707106769 0.707106769 -0.000000000
f 6667/6667/6667 6668/6668/6668 6669/6669/6669
v 0.383996040 0.386198401 0.006000000
vn 0.707106769 0.707106769 0.000000000
v 0.386198401 0.383996040 0.183999985
vn 0.707106769 0.707106769 0.000000000
v 0.386198401 0.383996040 0.006000000
vn 0.707106769 0.707106769 0.000000000
f 6670/6670/6670 6671/6671/6671 6672/6672/6672
v 0.386198401 0.383996040 0.006000000
vn 0.966022372 0.258458614 -0.000000000
v 0.386198401 0.383996040 0.183999985
vn 0.966022372 0.258458614 -0.000000000
v 0.386999995 0.380999982 0.184000000
vn 0.966022372 0.258458614 -0.000000000
f 6673/6673/6673 6674/6674/6674 6675/6675/6675
v 0.386198401 0.383996040 0.006000000
vn 0.966022253 0.258458614 0.000000000
v 0.386999995 0.380999982 0.184000000
vn 0.966022253 0.258458614 0.000000000
v 0.386999995 0.380999982 0.006000001
vn 0.966022253 0.258458614 0.000000000
f 6676/6676/6676 6677/6677/6677 6678/6678/6678
v 0.312999994 0.380999982 0.006000000
vn -0.966022253 0.258458614 0.000000000
v 0.312999994 0.380999982 0.184000000
vn -0.966022253 0.258458614 0.000000000
v 0.313801587 0.383996040 0.184000015
vn -0.966022253 0.258458614 0.000000000
f 6679/6679/6679 6680/6680/6680 6681/6681/6681
v 0.312999994 0.380999982 0.006000000
vn -0.966022313 0.258458614 0.000000000
v 0.313801587 0.383996040 0.184000015
vn -0.966022313 0.258458614 0.000000000
v 0.313801587 0.383996040 0.006000000
vn -0.966022313 0.258458614 0.000000000
f 6682/6682/6682 6683/6683/6683 6684/6684/6684
v 0.313801587 0.383996040 0.006000000
vn -0.707106769 0.707106769 0.000000000
v 0.313801587 0.383996040 0.184000015
vn -0.707106769 0.707106769 0.000000000
v 0.316003948 0.386198401 0.184000015
vn -0.707106769 0.707106769 0.000000000
f 6685/6685/6685 6686/6686/6686 6687/6687/6687
v 0.313801587 0.383996040 0.006000000
vn -0.707106769 0.707106769 0.000000000
v 0.316003948 0.386198401 0.184000015
vn -0.707106769 0.707106769 0.000000000
v 0.316003948 0.386198401 0.006000000
vn -0.707106769 0.707106769 0.000000000
f 6688/6688/6688 6689/6689/6689 6690/6690/6690
v 0.316003948 0.386198401 0.006000000
vn -0.258458614 0.966022313 0.000000000
v 0.316003948 0.386198401 0.184000015
vn -0.258458614 0.966022313 0.000000000
v 0.319000006 0.386999995 0.184000000
vn -0.258458614 0.966022313 0.000000000
f 6691/6691/6691 6692/6692/6692 6693/6693/6693
v 0.316003948 0.386198401 0.006000000
vn -0.258458614 0.966022253 0.000000000
v 0.319000006 0.386999995 0.184000000
vn -0.258458614 0.966022253 0.000000000
v 0.319000006 0.386999995 0.006000001
vn -0.258458614 0.966022253 0.000000000
f 6694/6694/6694 6695/6695/6695 6696/6696/6696
v 0.319000006 0.312999994 0.006000000
vn 0.000000000 -1.000000000 0.000000000
v 0.380999982 0.312999994 0.006000001
vn 0.000000000 -1.000000000 0.000000000
v 0.380999982 0.312999994 0.184000000
vn 0.000000000 -1.000000000 0.000000000
f 6697/6697/6697 6698/6698/6698 6699/6699/6699
v 0.319000006 0.312999994 0.006000000
vn 0.000000000 -1.000000000 0.000000000
v 0.380999982 0.312999994 0.184000000
vn 0.000000000 -1.000000000 0.000000000
v 0.319000006 0.312999994 0.184000000
vn 0.000000000 -1.000000000 0.000000000
f 6700/6700/6700 6701/6701/6701 6702/6702/6702
v 0.319000006 0.319000006 0.000000000
vn 0.000000000 0.000000000 -1.000000000
v 0.319000006 0.380999982 0.000000000
vn 0.000000000 0.000000000 -1.000000000
v 0.380999982 0.380999982 0.000000000
vn 0.000000000 0.000000000 -1.000000000
f 6703/6703/6703 6704/6704/6704 6705/6705/6705
v 0.319000006 0.319000006 0.000000000
vn 0.000000000 0.000000000 -1.000000000
v 0.380999982 0.380999982 0.000000000
vn 0.000000000 0.000000000 -1.000000000
v 0.380999982 0.319000006 0.000000000
vn 0.000000000 0.000000000 -1.000000000
f 6706/6706/6706 6707/6707/6707 6708/6708/6708
v 0.312999994 0.380999982 0.006000000
vn -1.000000000 0.000000000 0.000000000
v 0.312999994 0.319000006 0.006000001
vn -1.000000000 0.000000000 0.000000000
v 0.312999994 0.319000006 0.184000000
vn -1.000000000 0.000000000 0.000000000
f 6709/6709/6709 6710/6710/6710 6711/6711/6711
v 0.312999994 0.380999982 0.006000000
vn -1.000000000 0.000000000 0.000000000
v 0.312999994 0.319000006 0.184000000
vn -1.000000000 0.000000000 0.000000000
v 0.312999994 0.380999982 0.184000000
vn -1.000000000 0.000000000 0.000000000
f 6712/6712/6712 6713/6713/6713 6714/6714/6714
v 0.386999995 0.319000006 0.006000000
vn 1.000000000 0.000000000 0.000000000
v 0.386999995 0.380999982 0.006000001
vn 1.000000000 0.000000000 0.000000000
v 0.386999995 0.380999982 0.184000000
vn 1.000000000 0.000000000 0.000000000
f 6715/6715/6715 6716/6716/6716 6717/6717/6717
v 0.386999995 0.319000006 0.006000000
vn 1.000000000 0.000000000 0.000000000
v 0.386999995 0.380999982 0.184000000
vn 1.000000000 0.000000000 0.000000000
v 0.386999995 0.319000006 0.184000000
vn 1.000000000 0.000000000 0.000000000
f 6718/6718/6718 6719/6719/6719 6720/6720/6720
v 0.380999982 0.386999995 0.006000000
vn 0.000000000 1.000000000 0.000000000
v 0.319000006 0.386999995 0.006000001
vn 0.000000000 1.000000000 0.000000000
v 0.319000006 0.386999995 0.184000000
vn 0.000000000 1.000000000 0.000000000
f 6721/6721/6721 6722/6722/6722 6723/6723/6723
v 0.380999982 0.386999995 0.006000000
vn 0.000000000 1.000000000 -0.000000000
v 0.319000006 0.386999995 0.184000000
vn 0.000000000 1.000000000 -0.000000000
v 0.380999982 0.386999995 0.184000000
vn 0.000000000 1.000000000 -0.000000000
f 6724/6724/6724 6725/6725/6725 6726/6726/6726
v 0.319000006 0.319000006 0.189999998
vn 0.000000000 0.000000000 1.000000000
v 0.380999982 0.319000006 0.189999998
vn 0.000000000 0.000000000 1.000000000
v 0.380999982 0.380999982 0.189999998
vn 0.000000000 0.000000000 1.000000000
f 6727/6727/6727 6728/6728/6728 6729/6729/6729
v 0.319000006 0.319000006 0.189999998
vn 0.000000000 0.000000000 1.000000000
v 0.380999982 0.380999982 0.189999998
vn 0.000000000 0.000000000 1.000000000
v 0.319000006 0.380999982 0.189999998
vn 0.000000000 0.000000000 1.000000000
f 6730/6730/6730 6731/6731/6731 6732/6732/6732
o Victorian_5_|_wood_side_plinth_-0.443
usemtl UV_Base
v -0.454999983 -0.409999996 0.156000003
vn -0.249293849 -0.931786418 -0.263868600
v -0.457996100 -0.409198403 0.156000003
vn -0.249293849 -0.931786418 -0.263868600
v -0.457869321 -0.408419788 0.153130740
vn -0.249293849 -0.931786418 -0.263868600
f 6733/6733/6733 6734/6734/6734 6735/6735/6735
v -0.454999983 -0.409999996 0.156000003
vn -0.263868570 -0.931786537 -0.249293625
v -0.457869321 -0.408419788 0.153130740
vn -0.263868570 -0.931786537 -0.249293625
v -0.455000043 -0.409198403 0.153003946
vn -0.263868570 -0.931786537 -0.249293625
f 6736/6736/6736 6737/6737/6737 6738/6738/6738
v -0.457996100 -0.409198403 0.156000003
vn -0.690136015 -0.690136015 -0.217772067
v -0.460198462 -0.406996042 0.156000003
vn -0.690136015 -0.690136015 -0.217772067
v -0.459419847 -0.406869262 0.153130740
vn -0.690136015 -0.690136015 -0.217772067
f 6739/6739/6739 6740/6740/6740 6741/6741/6741
v -0.457996100 -0.409198403 0.156000003
vn -0.690135956 -0.690135956 -0.217772052
v -0.459419847 -0.406869262 0.153130740
vn -0.690135956 -0.690135956 -0.217772052
v -0.457869321 -0.408419788 0.153130740
vn -0.690135956 -0.690135956 -0.217772052
f 6742/6742/6742 6743/6743/6743 6744/6744/6744
v -0.460999995 -0.403999984 0.156000003
vn -0.931789696 -0.263868898 -0.249281153
v -0.460198462 -0.403999984 0.153003946
vn -0.931789696 -0.263868898 -0.249281153
v -0.459419847 -0.406869262 0.153130740
vn -0.931789696 -0.263868898 -0.249281153
f 6745/6745/6745 6746/6746/6746 6747/6747/6747
v -0.460999995 -0.403999984 0.156000003
vn -0.931789756 -0.249281168 -0.263868988
v -0.459419847 -0.406869262 0.153130740
vn -0.931789756 -0.249281168 -0.263868988
v -0.460198462 -0.406996042 0.156000003
vn -0.931789756 -0.249281168 -0.263868988
f 6748/6748/6748 6749/6749/6749 6750/6750/6750
v -0.460198462 -0.403999984 0.153003946
vn -0.690135598 -0.217774376 -0.690135598
v -0.457996100 -0.403999984 0.150801584
vn -0.690135598 -0.217774376 -0.690135598
v -0.457869321 -0.406869262 0.151580215
vn -0.690135598 -0.217774376 -0.690135598
f 6751/6751/6751 6752/6752/6752 6753/6753/6753
v -0.460198462 -0.403999984 0.153003946
vn -0.690135598 -0.217774376 -0.690135598
v -0.457869321 -0.406869262 0.151580215
vn -0.690135598 -0.217774376 -0.690135598
v -0.459419847 -0.406869262 0.153130740
vn -0.690135598 -0.217774376 -0.690135598
f 6754/6754/6754 6755/6755/6755 6756/6756/6756
v -0.454999983 -0.403999984 0.150000006
vn -0.263871968 -0.249289021 -0.931786776
v -0.455000043 -0.406996042 0.150801584
vn -0.263871968 -0.249289021 -0.931786776
v -0.457869321 -0.406869262 0.151580215
vn -0.263871968 -0.249289021 -0.931786776
f 6757/6757/6757 6758/6758/6758 6759/6759/6759
v -0.454999983 -0.403999984 0.150000006
vn -0.249289259 -0.263871938 -0.931786656
v -0.457869321 -0.406869262 0.151580215
vn -0.249289259 -0.263871938 -0.931786656
v -0.457996100 -0.403999984 0.150801584
vn -0.249289259 -0.263871938 -0.931786656
f 6760/6760/6760 6761/6761/6761 6762/6762/6762
v -0.455000043 -0.406996042 0.150801584
vn -0.217774376 -0.690135598 -0.690135598
v -0.455000043 -0.409198403 0.153003946
vn -0.217774376 -0.690135598 -0.690135598
v -0.457869321 -0.408419788 0.153130740
vn -0.217774376 -0.690135598 -0.690135598
f 6763/6763/6763 6764/6764/6764 6765/6765/6765
v -0.455000043 -0.406996042 0.150801584
vn -0.217774406 -0.690135598 -0.690135598
v -0.457869321 -0.408419788 0.153130740
vn -0.217774406 -0.690135598 -0.690135598
v -0.457869321 -0.406869262 0.151580215
vn -0.217774406 -0.690135598 -0.690135598
f 6766/6766/6766 6767/6767/6767 6768/6768/6768
v -0.457869321 -0.408419788 0.153130740
vn -0.577350318 -0.577350318 -0.577350318
v -0.459419847 -0.406869262 0.153130740
vn -0.577350318 -0.577350318 -0.577350318
v -0.457869321 -0.406869262 0.151580215
vn -0.577350318 -0.577350318 -0.577350318
f 6769/6769/6769 6770/6770/6770 6771/6771/6771
v -0.431000024 -0.409999996 0.156000003
vn 0.263868392 -0.931785226 -0.249298483
v -0.431000024 -0.409198403 0.153003946
vn 0.263868392 -0.931785226 -0.249298483
v -0.428130746 -0.408419788 0.153130740
vn 0.263868392 -0.931785226 -0.249298483
f 6772/6772/6772 6773/6773/6773 6774/6774/6774
v -0.431000024 -0.409999996 0.156000003
vn 0.249298483 -0.931785226 -0.263868481
v -0.428130746 -0.408419788 0.153130740
vn 0.249298483 -0.931785226 -0.263868481
v -0.428003967 -0.409198403 0.156000003
vn 0.249298483 -0.931785226 -0.263868481
f 6775/6775/6775 6776/6776/6776 6777/6777/6777
v -0.431000024 -0.409198403 0.153003946
vn 0.217774376 -0.690135598 -0.690135598
v -0.431000024 -0.406996042 0.150801584
vn 0.217774376 -0.690135598 -0.690135598
v -0.428130746 -0.406869262 0.151580215
vn 0.217774376 -0.690135598 -0.690135598
f 6778/6778/6778 6779/6779/6779 6780/6780/6780
v -0.431000024 -0.409198403 0.153003946
vn 0.217774376 -0.690135598 -0.690135598
v -0.428130746 -0.406869262 0.151580215
vn 0.217774376 -0.690135598 -0.690135598
v -0.428130746 -0.408419788 0.153130740
vn 0.217774376 -0.690135598 -0.690135598
f 6781/6781/6781 6782/6782/6782 6783/6783/6783
v -0.431000024 -0.403999984 0.150000006
vn 0.249293923 -0.263871819 -0.931785464
v -0.428003967 -0.403999984 0.150801584
vn 0.249293923 -0.263871819 -0.931785464
v -0.428130746 -0.406869262 0.151580215
vn 0.249293923 -0.263871819 -0.931785464
f 6784/6784/6784 6785/6785/6785 6786/6786/6786
v -0.431000024 -0.403999984 0.150000006
vn 0.263871819 -0.249293923 -0.931785464
v -0.428130746 -0.406869262 0.151580215
vn 0.263871819 -0.249293923 -0.931785464
v -0.431000024 -0.406996042 0.150801584
vn 0.263871819 -0.249293923 -0.931785464
f 6787/6787/6787 6788/6788/6788 6789/6789/6789
v -0.428003967 -0.403999984 0.150801584
vn 0.690135598 -0.217774376 -0.690135598
v -0.425801605 -0.403999984 0.153003946
vn 0.690135598 -0.217774376 -0.690135598
v -0.426580220 -0.406869262 0.153130740
vn 0.690135598 -0.217774376 -0.690135598
f 6790/6790/6790 6791/6791/6791 6792/6792/6792
v -0.428003967 -0.403999984 0.150801584
vn 0.690135598 -0.217774406 -0.690135598
v -0.426580220 -0.406869262 0.153130740
vn 0.690135598 -0.217774406 -0.690135598
v -0.428130746 -0.406869262 0.151580215
vn 0.690135598 -0.217774406 -0.690135598
f 6793/6793/6793 6794/6794/6794 6795/6795/6795
v -0.425000012 -0.403999984 0.156000003
vn 0.931785226 -0.249298483 -0.263868481
v -0.425801605 -0.406996042 0.156000003
vn 0.931785226 -0.249298483 -0.263868481
v -0.426580220 -0.406869262 0.153130740
vn 0.931785226 -0.249298483 -0.263868481
f 6796/6796/6796 6797/6797/6797 6798/6798/6798
v -0.425000012 -0.403999984 0.156000003
vn 0.931785226 -0.263868392 -0.249298483
v -0.426580220 -0.406869262 0.153130740
vn 0.931785226 -0.263868392 -0.249298483
v -0.425801605 -0.403999984 0.153003946
vn 0.931785226 -0.263868392 -0.249298483
f 6799/6799/6799 6800/6800/6800 6801/6801/6801
v -0.425801605 -0.406996042 0.156000003
vn 0.690136015 -0.690136015 -0.217772067
v -0.428003967 -0.409198403 0.156000003
vn 0.690136015 -0.690136015 -0.217772067
v -0.428130746 -0.408419788 0.153130740
vn 0.690136015 -0.690136015 -0.217772067
f 6802/6802/6802 6803/6803/6803 6804/6804/6804
v -0.425801605 -0.406996042 0.156000003
vn 0.690135956 -0.690135956 -0.217772052
v -0.428130746 -0.408419788 0.153130740
vn 0.690135956 -0.690135956 -0.217772052
v -0.426580220 -0.406869262 0.153130740
vn 0.690135956 -0.690135956 -0.217772052
f 6805/6805/6805 6806/6806/6806 6807/6807/6807
v -0.428130746 -0.408419788 0.153130740
vn 0.577350318 -0.577350318 -0.577350318
v -0.428130746 -0.406869262 0.151580215
vn 0.577350318 -0.577350318 -0.577350318
v -0.426580220 -0.406869262 0.153130740
vn 0.577350318 -0.577350318 -0.577350318
f 6808/6808/6808 6809/6809/6809 6810/6810/6810
v -0.431000024 0.400000006 0.156000003
vn 0.249298483 0.931785226 -0.263868481
v -0.428003967 0.399198413 0.156000003
vn 0.249298483 0.931785226 -0.263868481
v -0.428130746 0.398419797 0.153130740
vn 0.249298483 0.931785226 -0.263868481
f 6811/6811/6811 6812/6812/6812 6813/6813/6813
v -0.431000024 0.400000006 0.156000003
vn 0.263868392 0.931785226 -0.249298483
v -0.428130746 0.398419797 0.153130740
vn 0.263868392 0.931785226 -0.249298483
v -0.431000024 0.399198413 0.153003946
vn 0.263868392 0.931785226 -0.249298483
f 6814/6814/6814 6815/6815/6815 6816/6816/6816
v -0.428003967 0.399198413 0.156000003
vn 0.690136015 0.690136015 -0.217772067
v -0.425801605 0.396996051 0.156000003
vn 0.690136015 0.690136015 -0.217772067
v -0.426580220 0.396869272 0.153130740
vn 0.690136015 0.690136015 -0.217772067
f 6817/6817/6817 6818/6818/6818 6819/6819/6819
v -0.428003967 0.399198413 0.156000003
vn 0.690135956 0.690135956 -0.217772052
v -0.426580220 0.396869272 0.153130740
vn 0.690135956 0.690135956 -0.217772052
v -0.428130746 0.398419797 0.153130740
vn 0.690135956 0.690135956 -0.217772052
f 6820/6820/6820 6821/6821/6821 6822/6822/6822
v -0.425000012 0.393999994 0.156000003
vn 0.931785226 0.263868392 -0.249298483
v -0.425801605 0.393999994 0.153003946
vn 0.931785226 0.263868392 -0.249298483
v -0.426580220 0.396869272 0.153130740
vn 0.931785226 0.263868392 -0.249298483
f 6823/6823/6823 6824/6824/6824 6825/6825/6825
v -0.425000012 0.393999994 0.156000003
vn 0.931785226 0.249298483 -0.263868481
v -0.426580220 0.396869272 0.153130740
vn 0.931785226 0.249298483 -0.263868481
v -0.425801605 0.396996051 0.156000003
vn 0.931785226 0.249298483 -0.263868481
f 6826/6826/6826 6827/6827/6827 6828/6828/6828
v -0.425801605 0.393999994 0.153003946
vn 0.690135598 0.217774376 -0.690135598
v -0.428003967 0.393999994 0.150801584
vn 0.690135598 0.217774376 -0.690135598
v -0.428130746 0.396869272 0.151580215
vn 0.690135598 0.217774376 -0.690135598
f 6829/6829/6829 6830/6830/6830 6831/6831/6831
v -0.425801605 0.393999994 0.153003946
vn 0.690135598 0.217774376 -0.690135598
v -0.428130746 0.396869272 0.151580215
vn 0.690135598 0.217774376 -0.690135598
v -0.426580220 0.396869272 0.153130740
vn 0.690135598 0.217774376 -0.690135598
f 6832/6832/6832 6833/6833/6833 6834/6834/6834
v -0.431000024 0.393999994 0.150000006
vn 0.263871819 0.249293923 -0.931785464
v -0.431000024 0.396996051 0.150801584
vn 0.263871819 0.249293923 -0.931785464
v -0.428130746 0.396869272 0.151580215
vn 0.263871819 0.249293923 -0.931785464
f 6835/6835/6835 6836/6836/6836 6837/6837/6837
v -0.431000024 0.393999994 0.150000006
vn 0.249293923 0.263871819 -0.931785464
v -0.428130746 0.396869272 0.151580215
vn 0.249293923 0.263871819 -0.931785464
v -0.428003967 0.393999994 0.150801584
vn 0.249293923 0.263871819 -0.931785464
f 6838/6838/6838 6839/6839/6839 6840/6840/6840
v -0.431000024 0.396996051 0.150801584
vn 0.217774376 0.690135598 -0.690135598
v -0.431000024 0.399198413 0.153003946
vn 0.217774376 0.690135598 -0.690135598
v -0.428130746 0.398419797 0.153130740
vn 0.217774376 0.690135598 -0.690135598
f 6841/6841/6841 6842/6842/6842 6843/6843/6843
v -0.431000024 0.396996051 0.150801584
vn 0.217774406 0.690135598 -0.690135598
v -0.428130746 0.398419797 0.153130740
vn 0.217774406 0.690135598 -0.690135598
v -0.428130746 0.396869272 0.151580215
vn 0.217774406 0.690135598 -0.690135598
f 6844/6844/6844 6845/6845/6845 6846/6846/6846
v -0.428130746 0.398419797 0.153130740
vn 0.577350318 0.577350318 -0.577350318
v -0.426580220 0.396869272 0.153130740
vn 0.577350318 0.577350318 -0.577350318
v -0.428130746 0.396869272 0.151580215
vn 0.577350318 0.577350318 -0.577350318
f 6847/6847/6847 6848/6848/6848 6849/6849/6849
v -0.460999995 0.393999994 0.156000003
vn -0.931789756 0.249281168 -0.263868988
v -0.460198462 0.396996051 0.156000003
vn -0.931789756 0.249281168 -0.263868988
v -0.459419847 0.396869272 0.153130740
vn -0.931789756 0.249281168 -0.263868988
f 6850/6850/6850 6851/6851/6851 6852/6852/6852
v -0.460999995 0.393999994 0.156000003
vn -0.931789696 0.263868898 -0.249281153
v -0.459419847 0.396869272 0.153130740
vn -0.931789696 0.263868898 -0.249281153
v -0.460198462 0.393999994 0.153003946
vn -0.931789696 0.263868898 -0.249281153
f 6853/6853/6853 6854/6854/6854 6855/6855/6855
v -0.460198462 0.396996051 0.156000003
vn -0.690136015 0.690136015 -0.217772067
v -0.457996100 0.399198413 0.156000003
vn -0.690136015 0.690136015 -0.217772067
v -0.457869321 0.398419797 0.153130740
vn -0.690136015 0.690136015 -0.217772067
f 6856/6856/6856 6857/6857/6857 6858/6858/6858
v -0.460198462 0.396996051 0.156000003
vn -0.690135956 0.690135956 -0.217772052
v -0.457869321 0.398419797 0.153130740
vn -0.690135956 0.690135956 -0.217772052
v -0.459419847 0.396869272 0.153130740
vn -0.690135956 0.690135956 -0.217772052
f 6859/6859/6859 6860/6860/6860 6861/6861/6861
v -0.454999983 0.400000006 0.156000003
vn -0.263868570 0.931786537 -0.249293625
v -0.455000043 0.399198413 0.153003946
vn -0.263868570 0.931786537 -0.249293625
v -0.457869321 0.398419797 0.153130740
vn -0.263868570 0.931786537 -0.249293625
f 6862/6862/6862 6863/6863/6863 6864/6864/6864
v -0.454999983 0.400000006 0.156000003
vn -0.249293849 0.931786418 -0.263868600
v -0.457869321 0.398419797 0.153130740
vn -0.249293849 0.931786418 -0.263868600
v -0.457996100 0.399198413 0.156000003
vn -0.249293849 0.931786418 -0.263868600
f 6865/6865/6865 6866/6866/6866 6867/6867/6867
v -0.455000043 0.399198413 0.153003946
vn -0.217774376 0.690135598 -0.690135598
v -0.455000043 0.396996051 0.150801584
vn -0.217774376 0.690135598 -0.690135598
v -0.457869321 0.396869272 0.151580215
vn -0.217774376 0.690135598 -0.690135598
f 6868/6868/6868 6869/6869/6869 6870/6870/6870
v -0.455000043 0.399198413 0.153003946
vn -0.217774376 0.690135598 -0.690135598
v -0.457869321 0.396869272 0.151580215
vn -0.217774376 0.690135598 -0.690135598
v -0.457869321 0.398419797 0.153130740
vn -0.217774376 0.690135598 -0.690135598
f 6871/6871/6871 6872/6872/6872 6873/6873/6873
v -0.454999983 0.393999994 0.150000006
vn -0.249289259 0.263871938 -0.931786656
v -0.457996100 0.393999994 0.150801584
vn -0.249289259 0.263871938 -0.931786656
v -0.457869321 0.396869272 0.151580215
vn -0.249289259 0.263871938 -0.931786656
f 6874/6874/6874 6875/6875/6875 6876/6876/6876
v -0.454999983 0.393999994 0.150000006
vn -0.263871968 0.249289021 -0.931786776
v -0.457869321 0.396869272 0.151580215
vn -0.263871968 0.249289021 -0.931786776
v -0.455000043 0.396996051 0.150801584
vn -0.263871968 0.249289021 -0.931786776
f 6877/6877/6877 6878/6878/6878 6879/6879/6879
v -0.457996100 0.393999994 0.150801584
vn -0.690135598 0.217774376 -0.690135598
v -0.460198462 0.393999994 0.153003946
vn -0.690135598 0.217774376 -0.690135598
v -0.459419847 0.396869272 0.153130740
vn -0.690135598 0.217774376 -0.690135598
f 6880/6880/6880 6881/6881/6881 6882/6882/6882
v -0.457996100 0.393999994 0.150801584
vn -0.690135598 0.217774406 -0.690135598
v -0.459419847 0.396869272 0.153130740
vn -0.690135598 0.217774406 -0.690135598
v -0.457869321 0.396869272 0.151580215
vn -0.690135598 0.217774406 -0.690135598
f 6883/6883/6883 6884/6884/6884 6885/6885/6885
v -0.459419847 0.396869272 0.153130740
vn -0.577350318 0.577350318 -0.577350318
v -0.457869321 0.398419797 0.153130740
vn -0.577350318 0.577350318 -0.577350318
v -0.457869321 0.396869272 0.151580215
vn -0.577350318 0.577350318 -0.577350318
f 6886/6886/6886 6887/6887/6887 6888/6888/6888
v -0.460999995 -0.403999984 0.239000008
vn -0.931790054 -0.249279916 0.263869017
v -0.460198462 -0.406996042 0.239000022
vn -0.931790054 -0.249279916 0.263869017
v -0.459419847 -0.406869262 0.241869286
vn -0.931790054 -0.249279916 0.263869017
f 6889/6889/6889 6890/6890/6890 6891/6891/6891
v -0.460999995 -0.403999984 0.239000008
vn -0.931789994 -0.263868898 0.249279976
v -0.459419847 -0.406869262 0.241869286
vn -0.931789994 -0.263868898 0.249279976
v -0.460198462 -0.403999984 0.241996080
vn -0.931789994 -0.263868898 0.249279976
f 6892/6892/6892 6893/6893/6893 6894/6894/6894
v -0.460198462 -0.406996042 0.239000022
vn -0.690136015 -0.690136015 0.217772067
v -0.457996100 -0.409198403 0.239000022
vn -0.690136015 -0.690136015 0.217772067
v -0.457869321 -0.408419788 0.241869286
vn -0.690136015 -0.690136015 0.217772067
f 6895/6895/6895 6896/6896/6896 6897/6897/6897
v -0.460198462 -0.406996042 0.239000022
vn -0.690135956 -0.690135956 0.217772052
v -0.457869321 -0.408419788 0.241869286
vn -0.690135956 -0.690135956 0.217772052
v -0.459419847 -0.406869262 0.241869286
vn -0.690135956 -0.690135956 0.217772052
f 6898/6898/6898 6899/6899/6899 6900/6900/6900
v -0.454999983 -0.409999996 0.239000008
vn -0.263868570 -0.931786776 0.249292433
v -0.455000043 -0.409198403 0.241996080
vn -0.263868570 -0.931786776 0.249292433
v -0.457869321 -0.408419788 0.241869286
vn -0.263868570 -0.931786776 0.249292433
f 6901/6901/6901 6902/6902/6902 6903/6903/6903
v -0.454999983 -0.409999996 0.239000008
vn -0.249292612 -0.931786776 0.263868630
v -0.457869321 -0.408419788 0.241869286
vn -0.249292612 -0.931786776 0.263868630
v -0.457996100 -0.409198403 0.239000022
vn -0.249292612 -0.931786776 0.263868630
f 6904/6904/6904 6905/6905/6905 6906/6906/6906
v -0.455000043 -0.409198403 0.241996080
vn -0.217774376 -0.690135598 0.690135598
v -0.455000043 -0.406996042 0.244198442
vn -0.217774376 -0.690135598 0.690135598
v -0.457869321 -0.406869262 0.243419811
vn -0.217774376 -0.690135598 0.690135598
f 6907/6907/6907 6908/6908/6908 6909/6909/6909
v -0.455000043 -0.409198403 0.241996080
vn -0.217774376 -0.690135598 0.690135598
v -0.457869321 -0.406869262 0.243419811
vn -0.217774376 -0.690135598 0.690135598
v -0.457869321 -0.408419788 0.241869286
vn -0.217774376 -0.690135598 0.690135598
f 6910/6910/6910 6911/6911/6911 6912/6912/6912
v -0.454999983 -0.403999984 0.245000005
vn -0.249284953 -0.263872087 0.931787848
v -0.457996100 -0.403999984 0.244198442
vn -0.249284953 -0.263872087 0.931787848
v -0.457869321 -0.406869262 0.243419811
vn -0.249284953 -0.263872087 0.931787848
f 6913/6913/6913 6914/6914/6914 6915/6915/6915
v -0.454999983 -0.403999984 0.245000005
vn -0.263872087 -0.249284685 0.931787908
v -0.457869321 -0.406869262 0.243419811
vn -0.263872087 -0.249284685 0.931787908
v -0.455000043 -0.406996042 0.244198442
vn -0.263872087 -0.249284685 0.931787908
f 6916/6916/6916 6917/6917/6917 6918/6918/6918
v -0.457996100 -0.403999984 0.244198442
vn -0.690135598 -0.217774376 0.690135598
v -0.460198462 -0.403999984 0.241996080
vn -0.690135598 -0.217774376 0.690135598
v -0.459419847 -0.406869262 0.241869286
vn -0.690135598 -0.217774376 0.690135598
f 6919/6919/6919 6920/6920/6920 6921/6921/6921
v -0.457996100 -0.403999984 0.244198442
vn -0.690135598 -0.217774406 0.690135598
v -0.459419847 -0.406869262 0.241869286
vn -0.690135598 -0.217774406 0.690135598
v -0.457869321 -0.406869262 0.243419811
vn -0.690135598 -0.217774406 0.690135598
f 6922/6922/6922 6923/6923/6923 6924/6924/6924
v -0.459419847 -0.406869262 0.241869286
vn -0.577350318 -0.577350318 0.577350318
v -0.457869321 -0.408419788 0.241869286
vn -0.577350318 -0.577350318 0.577350318
v -0.457869321 -0.406869262 0.243419811
vn -0.577350318 -0.577350318 0.577350318
f 6925/6925/6925 6926/6926/6926 6927/6927/6927
v -0.431000024 -0.409999996 0.239000008
vn 0.249297246 -0.931785583 0.263868541
v -0.428003967 -0.409198403 0.239000022
vn 0.249297246 -0.931785583 0.263868541
v -0.428130746 -0.408419788 0.241869286
vn 0.249297246 -0.931785583 0.263868541
f 6928/6928/6928 6929/6929/6929 6930/6930/6930
v -0.431000024 -0.409999996 0.239000008
vn 0.263868451 -0.931785464 0.249297306
v -0.428130746 -0.408419788 0.241869286
vn 0.263868451 -0.931785464 0.249297306
v -0.431000024 -0.409198403 0.241996080
vn 0.263868451 -0.931785464 0.249297306
f 6931/6931/6931 6932/6932/6932 6933/6933/6933
v -0.428003967 -0.409198403 0.239000022
vn 0.690136015 -0.690136015 0.217772067
v -0.425801605 -0.406996042 0.239000022
vn 0.690136015 -0.690136015 0.217772067
v -0.426580220 -0.406869262 0.241869286
vn 0.690136015 -0.690136015 0.217772067
f 6934/6934/6934 6935/6935/6935 6936/6936/6936
v -0.428003967 -0.409198403 0.239000022
vn 0.690135956 -0.690135956 0.217772052
v -0.426580220 -0.406869262 0.241869286
vn 0.690135956 -0.690135956 0.217772052
v -0.428130746 -0.408419788 0.241869286
vn 0.690135956 -0.690135956 0.217772052
f 6937/6937/6937 6938/6938/6938 6939/6939/6939
v -0.425000012 -0.403999984 0.239000008
vn 0.931785464 -0.263868451 0.249297306
v -0.425801605 -0.403999984 0.241996080
vn 0.931785464 -0.263868451 0.249297306
v -0.426580220 -0.406869262 0.241869286
vn 0.931785464 -0.263868451 0.249297306
f 6940/6940/6940 6941/6941/6941 6942/6942/6942
v -0.425000012 -0.403999984 0.239000008
vn 0.931785583 -0.249297246 0.263868541
v -0.426580220 -0.406869262 0.241869286
vn 0.931785583 -0.249297246 0.263868541
v -0.425801605 -0.406996042 0.239000022
vn 0.931785583 -0.249297246 0.263868541
f 6943/6943/6943 6944/6944/6944 6945/6945/6945
v -0.425801605 -0.403999984 0.241996080
vn 0.690135598 -0.217774376 0.690135598
v -0.428003967 -0.403999984 0.244198442
vn 0.690135598 -0.217774376 0.690135598
v -0.428130746 -0.406869262 0.243419811
vn 0.690135598 -0.217774376 0.690135598
f 6946/6946/6946 6947/6947/6947 6948/6948/6948
v -0.425801605 -0.403999984 0.241996080
vn 0.690135598 -0.217774376 0.690135598
v -0.428130746 -0.406869262 0.243419811
vn 0.690135598 -0.217774376 0.690135598
v -0.426580220 -0.406869262 0.241869286
vn 0.690135598 -0.217774376 0.690135598
f 6949/6949/6949 6950/6950/6950 6951/6951/6951
v -0.431000024 -0.403999984 0.245000005
vn 0.263871938 -0.249289572 0.931786537
v -0.431000024 -0.406996042 0.244198442
vn 0.263871938 -0.249289572 0.931786537
v -0.428130746 -0.406869262 0.243419811
vn 0.263871938 -0.249289572 0.931786537
f 6952/6952/6952 6953/6953/6953 6954/6954/6954
v -0.431000024 -0.403999984 0.245000005
vn 0.249289572 -0.263871938 0.931786537
v -0.428130746 -0.406869262 0.243419811
vn 0.249289572 -0.263871938 0.931786537
v -0.428003967 -0.403999984 0.244198442
vn 0.249289572 -0.263871938 0.931786537
f 6955/6955/6955 6956/6956/6956 6957/6957/6957
v -0.431000024 -0.406996042 0.244198442
vn 0.217774376 -0.690135598 0.690135598
v -0.431000024 -0.409198403 0.241996080
vn 0.217774376 -0.690135598 0.690135598
v -0.428130746 -0.408419788 0.241869286
vn 0.217774376 -0.690135598 0.690135598
f 6958/6958/6958 6959/6959/6959 6960/6960/6960
v -0.431000024 -0.406996042 0.244198442
vn 0.217774406 -0.690135598 0.690135598
v -0.428130746 -0.408419788 0.241869286
vn 0.217774406 -0.690135598 0.690135598
v -0.428130746 -0.406869262 0.243419811
vn 0.217774406 -0.690135598 0.690135598
f 6961/6961/6961 6962/6962/6962 6963/6963/6963
v -0.428130746 -0.408419788 0.241869286
vn 0.577350318 -0.577350318 0.577350318
v -0.426580220 -0.406869262 0.241869286
vn 0.577350318 -0.577350318 0.577350318
v -0.428130746 -0.406869262 0.243419811
vn 0.577350318 -0.577350318 0.577350318
f 6964/6964/6964 6965/6965/6965 6966/6966/6966
v -0.425000012 0.393999994 0.239000008
vn 0.931785583 0.249297246 0.263868541
v -0.425801605 0.396996051 0.239000022
vn 0.931785583 0.249297246 0.263868541
v -0.426580220 0.396869272 0.241869286
vn 0.931785583 0.249297246 0.263868541
f 6967/6967/6967 6968/6968/6968 6969/6969/6969
v -0.425000012 0.393999994 0.239000008
vn 0.931785464 0.263868451 0.249297306
v -0.426580220 0.396869272 0.241869286
vn 0.931785464 0.263868451 0.249297306
v -0.425801605 0.393999994 0.241996080
vn 0.931785464 0.263868451 0.249297306
f 6970/6970/6970 6971/6971/6971 6972/6972/6972
v -0.425801605 0.396996051 0.239000022
vn 0.690136015 0.690136015 0.217772067
v -0.428003967 0.399198413 0.239000022
vn 0.690136015 0.690136015 0.217772067
v -0.428130746 0.398419797 0.241869286
vn 0.690136015 0.690136015 0.217772067
f 6973/6973/6973 6974/6974/6974 6975/6975/6975
v -0.425801605 0.396996051 0.239000022
vn 0.690135956 0.690135956 0.217772052
v -0.428130746 0.398419797 0.241869286
vn 0.690135956 0.690135956 0.217772052
v -0.426580220 0.396869272 0.241869286
vn 0.690135956 0.690135956 0.217772052
f 6976/6976/6976 6977/6977/6977 6978/6978/6978
v -0.431000024 0.400000006 0.239000008
vn 0.263868451 0.931785464 0.249297306
v -0.431000024 0.399198413 0.241996080
vn 0.263868451 0.931785464 0.249297306
v -0.428130746 0.398419797 0.241869286
vn 0.263868451 0.931785464 0.249297306
f 6979/6979/6979 6980/6980/6980 6981/6981/6981
v -0.431000024 0.400000006 0.239000008
vn 0.249297246 0.931785583 0.263868541
v -0.428130746 0.398419797 0.241869286
vn 0.249297246 0.931785583 0.263868541
v -0.428003967 0.399198413 0.239000022
vn 0.249297246 0.931785583 0.263868541
f 6982/6982/6982 6983/6983/6983 6984/6984/6984
v -0.431000024 0.399198413 0.241996080
vn 0.217774376 0.690135598 0.690135598
v -0.431000024 0.396996051 0.244198442
vn 0.217774376 0.690135598 0.690135598
v -0.428130746 0.396869272 0.243419811
vn 0.217774376 0.690135598 0.690135598
f 6985/6985/6985 6986/6986/6986 6987/6987/6987
v -0.431000024 0.399198413 0.241996080
vn 0.217774376 0.690135598 0.690135598
v -0.428130746 0.396869272 0.243419811
vn 0.217774376 0.690135598 0.690135598
v -0.428130746 0.398419797 0.241869286
vn 0.217774376 0.690135598 0.690135598
f 6988/6988/6988 6989/6989/6989 6990/6990/6990
v -0.431000024 0.393999994 0.245000005
vn 0.249289572 0.263871938 0.931786537
v -0.428003967 0.393999994 0.244198442
vn 0.249289572 0.263871938 0.931786537
v -0.428130746 0.396869272 0.243419811
vn 0.249289572 0.263871938 0.931786537
f 6991/6991/6991 6992/6992/6992 6993/6993/6993
v -0.431000024 0.393999994 0.245000005
vn 0.263871938 0.249289572 0.931786537
v -0.428130746 0.396869272 0.243419811
vn 0.263871938 0.249289572 0.931786537
v -0.431000024 0.396996051 0.244198442
vn 0.263871938 0.249289572 0.931786537
f 6994/6994/6994 6995/6995/6995 6996/6996/6996
v -0.428003967 0.393999994 0.244198442
vn 0.690135598 0.217774376 0.690135598
v -0.425801605 0.393999994 0.241996080
vn 0.690135598 0.217774376 0.690135598
v -0.426580220 0.396869272 0.241869286
vn 0.690135598 0.217774376 0.690135598
f 6997/6997/6997 6998/6998/6998 6999/6999/6999
v -0.428003967 0.393999994 0.244198442
vn 0.690135598 0.217774406 0.690135598
v -0.426580220 0.396869272 0.241869286
vn 0.690135598 0.217774406 0.690135598
v -0.428130746 0.396869272 0.243419811
vn 0.690135598 0.217774406 0.690135598
f 7000/7000/7000 7001/7001/7001 7002/7002/7002
v -0.426580220 0.396869272 0.241869286
vn 0.577350318 0.577350318 0.577350318
v -0.428130746 0.398419797 0.241869286
vn 0.577350318 0.577350318 0.577350318
v -0.428130746 0.396869272 0.243419811
vn 0.577350318 0.577350318 0.577350318
f 7003/7003/7003 7004/7004/7004 7005/7005/7005
v -0.460999995 0.393999994 0.239000008
vn -0.931789994 0.263868898 0.249279976
v -0.460198462 0.393999994 0.241996080
vn -0.931789994 0.263868898 0.249279976
v -0.459419847 0.396869272 0.241869286
vn -0.931789994 0.263868898 0.249279976
f 7006/7006/7006 7007/7007/7007 7008/7008/7008
v -0.460999995 0.393999994 0.239000008
vn -0.931790054 0.249279916 0.263869017
v -0.459419847 0.396869272 0.241869286
vn -0.931790054 0.249279916 0.263869017
v -0.460198462 0.396996051 0.239000022
vn -0.931790054 0.249279916 0.263869017
f 7009/7009/7009 7010/7010/7010 7011/7011/7011
v -0.460198462 0.393999994 0.241996080
vn -0.690135598 0.217774376 0.690135598
v -0.457996100 0.393999994 0.244198442
vn -0.690135598 0.217774376 0.690135598
v -0.457869321 0.396869272 0.243419811
vn -0.690135598 0.217774376 0.690135598
f 7012/7012/7012 7013/7013/7013 7014/7014/7014
v -0.460198462 0.393999994 0.241996080
vn -0.690135598 0.217774376 0.690135598
v -0.457869321 0.396869272 0.243419811
vn -0.690135598 0.217774376 0.690135598
v -0.459419847 0.396869272 0.241869286
vn -0.690135598 0.217774376 0.690135598
f 7015/7015/7015 7016/7016/7016 7017/7017/7017
v -0.454999983 0.393999994 0.245000005
vn -0.263872087 0.249284685 0.931787908
v -0.455000043 0.396996051 0.244198442
vn -0.263872087 0.249284685 0.931787908
v -0.457869321 0.396869272 0.243419811
vn -0.263872087 0.249284685 0.931787908
f 7018/7018/7018 7019/7019/7019 7020/7020/7020
v -0.454999983 0.393999994 0.245000005
vn -0.249284953 0.263872087 0.931787848
v -0.457869321 0.396869272 0.243419811
vn -0.249284953 0.263872087 0.931787848
v -0.457996100 0.393999994 0.244198442
vn -0.249284953 0.263872087 0.931787848
f 7021/7021/7021 7022/7022/7022 7023/7023/7023
v -0.455000043 0.396996051 0.244198442
vn -0.217774376 0.690135598 0.690135598
v -0.455000043 0.399198413 0.241996080
vn -0.217774376 0.690135598 0.690135598
v -0.457869321 0.398419797 0.241869286
vn -0.217774376 0.690135598 0.690135598
f 7024/7024/7024 7025/7025/7025 7026/7026/7026
v -0.455000043 0.396996051 0.244198442
vn -0.217774406 0.690135598 0.690135598
v -0.457869321 0.398419797 0.241869286
vn -0.217774406 0.690135598 0.690135598
v -0.457869321 0.396869272 0.243419811
vn -0.217774406 0.690135598 0.690135598
f 7027/7027/7027 7028/7028/7028 7029/7029/7029
v -0.454999983 0.400000006 0.239000008
vn -0.249292612 0.931786776 0.263868630
v -0.457996100 0.399198413 0.239000022
vn -0.249292612 0.931786776 0.263868630
v -0.457869321 0.398419797 0.241869286
vn -0.249292612 0.931786776 0.263868630
f 7030/7030/7030 7031/7031/7031 7032/7032/7032
v -0.454999983 0.400000006 0.239000008
vn -0.263868570 0.931786776 0.249292433
v -0.457869321 0.398419797 0.241869286
vn -0.263868570 0.931786776 0.249292433
v -0.455000043 0.399198413 0.241996080
vn -0.263868570 0.931786776 0.249292433
f 7033/7033/7033 7034/7034/7034 7035/7035/7035
v -0.457996100 0.399198413 0.239000022
vn -0.690136015 0.690136015 0.217772067
v -0.460198462 0.396996051 0.239000022
vn -0.690136015 0.690136015 0.217772067
v -0.459419847 0.396869272 0.241869286
vn -0.690136015 0.690136015 0.217772067
f 7036/7036/7036 7037/7037/7037 7038/7038/7038
v -0.457996100 0.399198413 0.239000022
vn -0.690135956 0.690135956 0.217772052
v -0.459419847 0.396869272 0.241869286
vn -0.690135956 0.690135956 0.217772052
v -0.457869321 0.398419797 0.241869286
vn -0.690135956 0.690135956 0.217772052
f 7039/7039/7039 7040/7040/7040 7041/7041/7041
v -0.459419847 0.396869272 0.241869286
vn -0.577350318 0.577350318 0.577350318
v -0.457869321 0.396869272 0.243419811
vn -0.577350318 0.577350318 0.577350318
v -0.457869321 0.398419797 0.241869286
vn -0.577350318 0.577350318 0.577350318
f 7042/7042/7042 7043/7043/7043 7044/7044/7044
v -0.454999983 -0.403999984 0.150000006
vn 0.000000000 -0.258454114 -0.966023505
v -0.431000024 -0.403999984 0.150000006
vn 0.000000000 -0.258454114 -0.966023505
v -0.431000024 -0.406996042 0.150801584
vn 0.000000000 -0.258454114 -0.966023505
f 7045/7045/7045 7046/7046/7046 7047/7047/7047
v -0.454999983 -0.403999984 0.150000006
vn 0.000000000 -0.258454084 -0.966023505
v -0.431000024 -0.406996042 0.150801584
vn 0.000000000 -0.258454084 -0.966023505
v -0.455000043 -0.406996042 0.150801584
vn 0.000000000 -0.258454084 -0.966023505
f 7048/7048/7048 7049/7049/7049 7050/7050/7050
v -0.455000043 -0.406996042 0.150801584
vn 0.000000000 -0.707106769 -0.707106769
v -0.431000024 -0.406996042 0.150801584
vn 0.000000000 -0.707106769 -0.707106769
v -0.431000024 -0.409198403 0.153003946
vn 0.000000000 -0.707106769 -0.707106769
f 7051/7051/7051 7052/7052/7052 7053/7053/7053
v -0.455000043 -0.406996042 0.150801584
vn 0.000000000 -0.707106769 -0.707106769
v -0.431000024 -0.409198403 0.153003946
vn 0.000000000 -0.707106769 -0.707106769
v -0.455000043 -0.409198403 0.153003946
vn 0.000000000 -0.707106769 -0.707106769
f 7054/7054/7054 7055/7055/7055 7056/7056/7056
v -0.455000043 -0.409198403 0.153003946
vn 0.000000000 -0.966022253 -0.258458585
v -0.431000024 -0.409198403 0.153003946
vn 0.000000000 -0.966022253 -0.258458585
v -0.431000024 -0.409999996 0.156000003
vn 0.000000000 -0.966022253 -0.258458585
f 7057/7057/7057 7058/7058/7058 7059/7059/7059
v -0.455000043 -0.409198403 0.153003946
vn 0.000000000 -0.966022313 -0.258458614
v -0.431000024 -0.409999996 0.156000003
vn 0.000000000 -0.966022313 -0.258458614
v -0.454999983 -0.409999996 0.156000003
vn 0.000000000 -0.966022313 -0.258458614
f 7060/7060/7060 7061/7061/7061 7062/7062/7062
v -0.460999995 -0.403999984 0.156000003
vn -0.966027081 0.000000000 -0.258440673
v -0.460999995 0.393999994 0.156000003
vn -0.966027081 0.000000000 -0.258440673
v -0.460198462 0.393999994 0.153003946
vn -0.966027081 0.000000000 -0.258440673
f 7063/7063/7063 7064/7064/7064 7065/7065/7065
v -0.460999995 -0.403999984 0.156000003
vn -0.966027081 0.000000000 -0.258440673
v -0.460198462 0.393999994 0.153003946
vn -0.966027081 0.000000000 -0.258440673
v -0.460198462 -0.403999984 0.153003946
vn -0.966027081 0.000000000 -0.258440673
f 7066/7066/7066 7067/7067/7067 7068/7068/7068
v -0.460198462 -0.403999984 0.153003946
vn -0.707106769 0.000000000 -0.707106769
v -0.460198462 0.393999994 0.153003946
vn -0.707106769 0.000000000 -0.707106769
v -0.457996100 0.393999994 0.150801584
vn -0.707106769 0.000000000 -0.707106769
f 7069/7069/7069 7070/7070/7070 7071/7071/7071
v -0.460198462 -0.403999984 0.153003946
vn -0.707106769 0.000000000 -0.707106769
v -0.457996100 0.393999994 0.150801584
vn -0.707106769 0.000000000 -0.707106769
v -0.457996100 -0.403999984 0.150801584
vn -0.707106769 0.000000000 -0.707106769
f 7072/7072/7072 7073/7073/7073 7074/7074/7074
v -0.457996100 -0.403999984 0.150801584
vn -0.258449346 0.000000000 -0.966024816
v -0.457996100 0.393999994 0.150801584
vn -0.258449346 0.000000000 -0.966024816
v -0.454999983 0.393999994 0.150000006
vn -0.258449346 0.000000000 -0.966024816
f 7075/7075/7075 7076/7076/7076 7077/7077/7077
v -0.457996100 -0.403999984 0.150801584
vn -0.258449346 0.000000000 -0.966024816
v -0.454999983 0.393999994 0.150000006
vn -0.258449346 0.000000000 -0.966024816
v -0.454999983 -0.403999984 0.150000006
vn -0.258449346 0.000000000 -0.966024816
f 7078/7078/7078 7079/7079/7079 7080/7080/7080
v -0.431000024 0.393999994 0.150000006
vn 0.000000000 0.258454114 -0.966023505
v -0.454999983 0.393999994 0.150000006
vn 0.000000000 0.258454114 -0.966023505
v -0.455000043 0.396996051 0.150801584
vn 0.000000000 0.258454114 -0.966023505
f 7081/7081/7081 7082/7082/7082 7083/7083/7083
v -0.431000024 0.393999994 0.150000006
vn 0.000000000 0.258454114 -0.966023564
v -0.455000043 0.396996051 0.150801584
vn 0.000000000 0.258454114 -0.966023564
v -0.431000024 0.396996051 0.150801584
vn 0.000000000 0.258454114 -0.966023564
f 7084/7084/7084 7085/7085/7085 7086/7086/7086
v -0.431000024 0.396996051 0.150801584
vn 0.000000000 0.707106769 -0.707106769
v -0.455000043 0.396996051 0.150801584
vn 0.000000000 0.707106769 -0.707106769
v -0.455000043 0.399198413 0.153003946
vn 0.000000000 0.707106769 -0.707106769
f 7087/7087/7087 7088/7088/7088 7089/7089/7089
v -0.431000024 0.396996051 0.150801584
vn 0.000000000 0.707106769 -0.707106769
v -0.455000043 0.399198413 0.153003946
vn 0.000000000 0.707106769 -0.707106769
v -0.431000024 0.399198413 0.153003946
vn 0.000000000 0.707106769 -0.707106769
f 7090/7090/7090 7091/7091/7091 7092/7092/7092
v -0.431000024 0.399198413 0.153003946
vn 0.000000000 0.966022253 -0.258458585
v -0.455000043 0.399198413 0.153003946
vn 0.000000000 0.966022253 -0.258458585
v -0.454999983 0.400000006 0.156000003
vn 0.000000000 0.966022253 -0.258458585
f 7093/7093/7093 7094/7094/7094 7095/7095/7095
v -0.431000024 0.399198413 0.153003946
vn 0.000000000 0.966022313 -0.258458614
v -0.454999983 0.400000006 0.156000003
vn 0.000000000 0.966022313 -0.258458614
v -0.431000024 0.400000006 0.156000003
vn 0.000000000 0.966022313 -0.258458614
f 7096/7096/7096 7097/7097/7097 7098/7098/7098
v -0.431000024 -0.403999984 0.150000006
vn 0.258454144 0.000000000 -0.966023564
v -0.431000024 0.393999994 0.150000006
vn 0.258454144 0.000000000 -0.966023564
v -0.428003967 0.393999994 0.150801584
vn 0.258454144 0.000000000 -0.966023564
f 7099/7099/7099 7100/7100/7100 7101/7101/7101
v -0.431000024 -0.403999984 0.150000006
vn 0.258454144 0.000000000 -0.966023564
v -0.428003967 0.393999994 0.150801584
vn 0.258454144 0.000000000 -0.966023564
v -0.428003967 -0.403999984 0.150801584
vn 0.258454144 0.000000000 -0.966023564
f 7102/7102/7102 7103/7103/7103 7104/7104/7104
v -0.428003967 -0.403999984 0.150801584
vn 0.707106769 0.000000000 -0.707106769
v -0.428003967 0.393999994 0.150801584
vn 0.707106769 0.000000000 -0.707106769
v -0.425801605 0.393999994 0.153003946
vn 0.707106769 0.000000000 -0.707106769
f 7105/7105/7105 7106/7106/7106 7107/7107/7107
v -0.428003967 -0.403999984 0.150801584
vn 0.707106769 0.000000000 -0.707106769
v -0.425801605 0.393999994 0.153003946
vn 0.707106769 0.000000000 -0.707106769
v -0.425801605 -0.403999984 0.153003946
vn 0.707106769 0.000000000 -0.707106769
f 7108/7108/7108 7109/7109/7109 7110/7110/7110
v -0.425801605 -0.403999984 0.153003946
vn 0.966022313 0.000000000 -0.258458614
v -0.425801605 0.393999994 0.153003946
vn 0.966022313 0.000000000 -0.258458614
v -0.425000012 0.393999994 0.156000003
vn 0.966022313 0.000000000 -0.258458614
f 7111/7111/7111 7112/7112/7112 7113/7113/7113
v -0.425801605 -0.403999984 0.153003946
vn 0.966022313 0.000000000 -0.258458614
v -0.425000012 0.393999994 0.156000003
vn 0.966022313 0.000000000 -0.258458614
v -0.425000012 -0.403999984 0.156000003
vn 0.966022313 0.000000000 -0.258458614
f 7114/7114/7114 7115/7115/7115 7116/7116/7116
v -0.454999983 -0.403999984 0.245000005
vn -0.258444875 0.000000000 0.966026068
v -0.454999983 0.393999994 0.245000005
vn -0.258444875 0.000000000 0.966026068
v -0.457996100 0.393999994 0.244198442
vn -0.258444875 0.000000000 0.966026068
f 7117/7117/7117 7118/7118/7118 7119/7119/7119
v -0.454999983 -0.403999984 0.245000005
vn -0.258444875 0.000000000 0.966026068
v -0.457996100 0.393999994 0.244198442
vn -0.258444875 0.000000000 0.966026068
v -0.457996100 -0.403999984 0.244198442
vn -0.258444875 0.000000000 0.966026068
f 7120/7120/7120 7121/7121/7121 7122/7122/7122
v -0.457996100 -0.403999984 0.244198442
vn -0.707106769 0.000000000 0.707106769
v -0.457996100 0.393999994 0.244198442
vn -0.707106769 0.000000000 0.707106769
v -0.460198462 0.393999994 0.241996080
vn -0.707106769 0.000000000 0.707106769
f 7123/7123/7123 7124/7124/7124 7125/7125/7125
v -0.457996100 -0.403999984 0.244198442
vn -0.707106769 0.000000000 0.707106769
v -0.460198462 0.393999994 0.241996080
vn -0.707106769 0.000000000 0.707106769
v -0.460198462 -0.403999984 0.241996080
vn -0.707106769 0.000000000 0.707106769
f 7126/7126/7126 7127/7127/7127 7128/7128/7128
v -0.460198462 -0.403999984 0.241996080
vn -0.966027439 0.000000000 0.258439481
v -0.460198462 0.393999994 0.241996080
vn -0.966027439 0.000000000 0.258439481
v -0.460999995 0.393999994 0.239000008
vn -0.966027439 0.000000000 0.258439481
f 7129/7129/7129 7130/7130/7130 7131/7131/7131
v -0.460198462 -0.403999984 0.241996080
vn -0.966027439 0.000000000 0.258439481
v -0.460999995 0.393999994 0.239000008
vn -0.966027439 0.000000000 0.258439481
v -0.460999995 -0.403999984 0.239000008
vn -0.966027439 0.000000000 0.258439481
f 7132/7132/7132 7133/7133/7133 7134/7134/7134
v -0.454999983 -0.409999996 0.239000008
vn 0.000000000 -0.966022670 0.258457422
v -0.431000024 -0.409999996 0.239000008
vn 0.000000000 -0.966022670 0.258457422
v -0.431000024 -0.409198403 0.241996080
vn 0.000000000 -0.966022670 0.258457422
f 7135/7135/7135 7136/7136/7136 7137/7137/7137
v -0.454999983 -0.409999996 0.239000008
vn 0.000000000 -0.966022670 0.258457392
v -0.431000024 -0.409198403 0.241996080
vn 0.000000000 -0.966022670 0.258457392
v -0.455000043 -0.409198403 0.241996080
vn 0.000000000 -0.966022670 0.258457392
f 7138/7138/7138 7139/7139/7139 7140/7140/7140
v -0.455000043 -0.409198403 0.241996080
vn 0.000000000 -0.707106769 0.707106769
v -0.431000024 -0.409198403 0.241996080
vn 0.000000000 -0.707106769 0.707106769
v -0.431000024 -0.406996042 0.244198442
vn 0.000000000 -0.707106769 0.707106769
f 7141/7141/7141 7142/7142/7142 7143/7143/7143
v -0.455000043 -0.409198403 0.241996080
vn 0.000000000 -0.707106769 0.707106769
v -0.431000024 -0.406996042 0.244198442
vn 0.000000000 -0.707106769 0.707106769
v -0.455000043 -0.406996042 0.244198442
vn 0.000000000 -0.707106769 0.707106769
f 7144/7144/7144 7145/7145/7145 7146/7146/7146
v -0.455000043 -0.406996042 0.244198442
vn 0.000000000 -0.258449644 0.966024756
v -0.431000024 -0.406996042 0.244198442
vn 0.000000000 -0.258449644 0.966024756
v -0.431000024 -0.403999984 0.245000005
vn 0.000000000 -0.258449644 0.966024756
f 7147/7147/7147 7148/7148/7148 7149/7149/7149
v -0.455000043 -0.406996042 0.244198442
vn 0.000000000 -0.258449674 0.966024756
v -0.431000024 -0.403999984 0.245000005
vn 0.000000000 -0.258449674 0.966024756
v -0.454999983 -0.403999984 0.245000005
vn 0.000000000 -0.258449674 0.966024756
f 7150/7150/7150 7151/7151/7151 7152/7152/7152
v -0.425000012 -0.403999984 0.239000008
vn 0.966022611 -0.000000000 0.258457392
v -0.425000012 0.393999994 0.239000008
vn 0.966022611 -0.000000000 0.258457392
v -0.425801605 0.393999994 0.241996080
vn 0.966022611 -0.000000000 0.258457392
f 7153/7153/7153 7154/7154/7154 7155/7155/7155
v -0.425000012 -0.403999984 0.239000008
vn 0.966022611 0.000000000 0.258457392
v -0.425801605 0.393999994 0.241996080
vn 0.966022611 0.000000000 0.258457392
v -0.425801605 -0.403999984 0.241996080
vn 0.966022611 0.000000000 0.258457392
f 7156/7156/7156 7157/7157/7157 7158/7158/7158
v -0.425801605 -0.403999984 0.241996080
vn 0.707106769 -0.000000000 0.707106769
v -0.425801605 0.393999994 0.241996080
vn 0.707106769 -0.000000000 0.707106769
v -0.428003967 0.393999994 0.244198442
vn 0.707106769 -0.000000000 0.707106769
f 7159/7159/7159 7160/7160/7160 7161/7161/7161
v -0.425801605 -0.403999984 0.241996080
vn 0.707106769 0.000000000 0.707106769
v -0.428003967 0.393999994 0.244198442
vn 0.707106769 0.000000000 0.707106769
v -0.428003967 -0.403999984 0.244198442
vn 0.707106769 0.000000000 0.707106769
f 7162/7162/7162 7163/7163/7163 7164/7164/7164
v -0.428003967 -0.403999984 0.244198442
vn 0.258449644 -0.000000000 0.966024756
v -0.428003967 0.393999994 0.244198442
vn 0.258449644 -0.000000000 0.966024756
v -0.431000024 0.393999994 0.245000005
vn 0.258449644 -0.000000000 0.966024756
f 7165/7165/7165 7166/7166/7166 7167/7167/7167
v -0.428003967 -0.403999984 0.244198442
vn 0.258449644 0.000000000 0.966024756
v -0.431000024 0.393999994 0.245000005
vn 0.258449644 0.000000000 0.966024756
v -0.431000024 -0.403999984 0.245000005
vn 0.258449644 0.000000000 0.966024756
f 7168/7168/7168 7169/7169/7169 7170/7170/7170
v -0.431000024 0.400000006 0.239000008
vn 0.000000000 0.966022670 0.258457422
v -0.454999983 0.400000006 0.239000008
vn 0.000000000 0.966022670 0.258457422
v -0.455000043 0.399198413 0.241996080
vn 0.000000000 0.966022670 0.258457422
f 7171/7171/7171 7172/7172/7172 7173/7173/7173
v -0.431000024 0.400000006 0.239000008
vn 0.000000000 0.966022611 0.258457422
v -0.455000043 0.399198413 0.241996080
vn 0.000000000 0.966022611 0.258457422
v -0.431000024 0.399198413 0.241996080
vn 0.000000000 0.966022611 0.258457422
f 7174/7174/7174 7175/7175/7175 7176/7176/7176
v -0.431000024 0.399198413 0.241996080
vn 0.000000000 0.707106769 0.707106769
v -0.455000043 0.399198413 0.241996080
vn 0.000000000 0.707106769 0.707106769
v -0.455000043 0.396996051 0.244198442
vn 0.000000000 0.707106769 0.707106769
f 7177/7177/7177 7178/7178/7178 7179/7179/7179
v -0.431000024 0.399198413 0.241996080
vn 0.000000000 0.707106769 0.707106769
v -0.455000043 0.396996051 0.244198442
vn 0.000000000 0.707106769 0.707106769
v -0.431000024 0.396996051 0.244198442
vn 0.000000000 0.707106769 0.707106769
f 7180/7180/7180 7181/7181/7181 7182/7182/7182
v -0.431000024 0.396996051 0.244198442
vn 0.000000000 0.258449644 0.966024756
v -0.455000043 0.396996051 0.244198442
vn 0.000000000 0.258449644 0.966024756
v -0.454999983 0.393999994 0.245000005
vn 0.000000000 0.258449644 0.966024756
f 7183/7183/7183 7184/7184/7184 7185/7185/7185
v -0.431000024 0.396996051 0.244198442
vn 0.000000000 0.258449644 0.966024756
v -0.454999983 0.393999994 0.245000005
vn 0.000000000 0.258449644 0.966024756
v -0.431000024 0.393999994 0.245000005
vn 0.000000000 0.258449644 0.966024756
f 7186/7186/7186 7187/7187/7187 7188/7188/7188
v -0.454999983 -0.409999996 0.156000003
vn -0.258453816 -0.966023564 0.000000000
v -0.454999983 -0.409999996 0.239000008
vn -0.258453816 -0.966023564 0.000000000
v -0.457996100 -0.409198403 0.239000022
vn -0.258453816 -0.966023564 0.000000000
f 7189/7189/7189 7190/7190/7190 7191/7191/7191
v -0.454999983 -0.409999996 0.156000003
vn -0.258453786 -0.966023624 0.000000000
v -0.457996100 -0.409198403 0.239000022
vn -0.258453786 -0.966023624 0.000000000
v -0.457996100 -0.409198403 0.156000003
vn -0.258453786 -0.966023624 0.000000000
f 7192/7192/7192 7193/7193/7193 7194/7194/7194
v -0.457996100 -0.409198403 0.156000003
vn -0.707106769 -0.707106769 0.000000000
v -0.457996100 -0.409198403 0.239000022
vn -0.707106769 -0.707106769 0.000000000
v -0.460198462 -0.406996042 0.239000022
vn -0.707106769 -0.707106769 0.000000000
f 7195/7195/7195 7196/7196/7196 7197/7197/7197
v -0.457996100 -0.409198403 0.156000003
vn -0.707106769 -0.707106769 0.000000000
v -0.460198462 -0.406996042 0.239000022
vn -0.707106769 -0.707106769 0.000000000
v -0.460198462 -0.406996042 0.156000003
vn -0.707106769 -0.707106769 0.000000000
f 7198/7198/7198 7199/7199/7199 7200/7200/7200
v -0.460198462 -0.406996042 0.156000003
vn -0.966027141 -0.258440644 0.000000000
v -0.460198462 -0.406996042 0.239000022
vn -0.966027141 -0.258440644 0.000000000
v -0.460999995 -0.403999984 0.239000008
vn -0.966027141 -0.258440644 0.000000000
f 7201/7201/7201 7202/7202/7202 7203/7203/7203
v -0.460198462 -0.406996042 0.156000003
vn -0.966027081 -0.258440673 0.000000000
v -0.460999995 -0.403999984 0.239000008
vn -0.966027081 -0.258440673 0.000000000
v -0.460999995 -0.403999984 0.156000003
vn -0.966027081 -0.258440673 0.000000000
f 7204/7204/7204 7205/7205/7205 7206/7206/7206
v -0.425000012 -0.403999984 0.156000003
vn 0.966022253 -0.258458614 0.000000000
v -0.425000012 -0.403999984 0.239000008
vn 0.966022253 -0.258458614 0.000000000
v -0.425801605 -0.406996042 0.239000022
vn 0.966022253 -0.258458614 0.000000000
f 7207/7207/7207 7208/7208/7208 7209/7209/7209
v -0.425000012 -0.403999984 0.156000003
vn 0.966022313 -0.258458585 0.000000000
v -0.425801605 -0.406996042 0.239000022
vn 0.966022313 -0.258458585 0.000000000
v -0.425801605 -0.406996042 0.156000003
vn 0.966022313 -0.258458585 0.000000000
f 7210/7210/7210 7211/7211/7211 7212/7212/7212
v -0.425801605 -0.406996042 0.156000003
vn 0.707106769 -0.707106769 0.000000000
v -0.425801605 -0.406996042 0.239000022
vn 0.707106769 -0.707106769 0.000000000
v -0.428003967 -0.409198403 0.239000022
vn 0.707106769 -0.707106769 0.000000000
f 7213/7213/7213 7214/7214/7214 7215/7215/7215
v -0.425801605 -0.406996042 0.156000003
vn 0.707106769 -0.707106769 0.000000000
v -0.428003967 -0.409198403 0.239000022
vn 0.707106769 -0.707106769 0.000000000
v -0.428003967 -0.409198403 0.156000003
vn 0.707106769 -0.707106769 0.000000000
f 7216/7216/7216 7217/7217/7217 7218/7218/7218
v -0.428003967 -0.409198403 0.156000003
vn 0.258458585 -0.966022313 0.000000000
v -0.428003967 -0.409198403 0.239000022
vn 0.258458585 -0.966022313 0.000000000
v -0.431000024 -0.409999996 0.239000008
vn 0.258458585 -0.966022313 0.000000000
f 7219/7219/7219 7220/7220/7220 7221/7221/7221
v -0.428003967 -0.409198403 0.156000003
vn 0.258458614 -0.966022253 0.000000000
v -0.431000024 -0.409999996 0.239000008
vn 0.258458614 -0.966022253 0.000000000
v -0.431000024 -0.409999996 0.156000003
vn 0.258458614 -0.966022253 0.000000000
f 7222/7222/7222 7223/7223/7223 7224/7224/7224
v -0.431000024 0.400000006 0.156000003
vn 0.258458614 0.966022253 -0.000000000
v -0.431000024 0.400000006 0.239000008
vn 0.258458614 0.966022253 -0.000000000
v -0.428003967 0.399198413 0.239000022
vn 0.258458614 0.966022253 -0.000000000
f 7225/7225/7225 7226/7226/7226 7227/7227/7227
v -0.431000024 0.400000006 0.156000003
vn 0.258458585 0.966022313 0.000000000
v -0.428003967 0.399198413 0.239000022
vn 0.258458585 0.966022313 0.000000000
v -0.428003967 0.399198413 0.156000003
vn 0.258458585 0.966022313 0.000000000
f 7228/7228/7228 7229/7229/7229 7230/7230/7230
v -0.428003967 0.399198413 0.156000003
vn 0.707106769 0.707106769 -0.000000000
v -0.428003967 0.399198413 0.239000022
vn 0.707106769 0.707106769 -0.000000000
v -0.425801605 0.396996051 0.239000022
vn 0.707106769 0.707106769 -0.000000000
f 7231/7231/7231 7232/7232/7232 7233/7233/7233
v -0.428003967 0.399198413 0.156000003
vn 0.707106769 0.707106769 0.000000000
v -0.425801605 0.396996051 0.239000022
vn 0.707106769 0.707106769 0.000000000
v -0.425801605 0.396996051 0.156000003
vn 0.707106769 0.707106769 0.000000000
f 7234/7234/7234 7235/7235/7235 7236/7236/7236
v -0.425801605 0.396996051 0.156000003
vn 0.966022313 0.258458585 -0.000000000
v -0.425801605 0.396996051 0.239000022
vn 0.966022313 0.258458585 -0.000000000
v -0.425000012 0.393999994 0.239000008
vn 0.966022313 0.258458585 -0.000000000
f 7237/7237/7237 7238/7238/7238 7239/7239/7239
v -0.425801605 0.396996051 0.156000003
vn 0.966022253 0.258458614 0.000000000
v -0.425000012 0.393999994 0.239000008
vn 0.966022253 0.258458614 0.000000000
v -0.425000012 0.393999994 0.156000003
vn 0.966022253 0.258458614 0.000000000
f 7240/7240/7240 7241/7241/7241 7242/7242/7242
v -0.460999995 0.393999994 0.156000003
vn -0.966027081 0.258440673 0.000000000
v -0.460999995 0.393999994 0.239000008
vn -0.966027081 0.258440673 0.000000000
v -0.460198462 0.396996051 0.239000022
vn -0.966027081 0.258440673 0.000000000
f 7243/7243/7243 7244/7244/7244 7245/7245/7245
v -0.460999995 0.393999994 0.156000003
vn -0.966027141 0.258440644 0.000000000
v -0.460198462 0.396996051 0.239000022
vn -0.966027141 0.258440644 0.000000000
v -0.460198462 0.396996051 0.156000003
vn -0.966027141 0.258440644 0.000000000
f 7246/7246/7246 7247/7247/7247 7248/7248/7248
v -0.460198462 0.396996051 0.156000003
vn -0.707106769 0.707106769 0.000000000
v -0.460198462 0.396996051 0.239000022
vn -0.707106769 0.707106769 0.000000000
v -0.457996100 0.399198413 0.239000022
vn -0.707106769 0.707106769 0.000000000
f 7249/7249/7249 7250/7250/7250 7251/7251/7251
v -0.460198462 0.396996051 0.156000003
vn -0.707106769 0.707106769 0.000000000
v -0.457996100 0.399198413 0.239000022
vn -0.707106769 0.707106769 0.000000000
v -0.457996100 0.399198413 0.156000003
vn -0.707106769 0.707106769 0.000000000
f 7252/7252/7252 7253/7253/7253 7254/7254/7254
v -0.457996100 0.399198413 0.156000003
vn -0.258453786 0.966023624 0.000000000
v -0.457996100 0.399198413 0.239000022
vn -0.258453786 0.966023624 0.000000000
v -0.454999983 0.400000006 0.239000008
vn -0.258453786 0.966023624 0.000000000
f 7255/7255/7255 7256/7256/7256 7257/7257/7257
v -0.457996100 0.399198413 0.156000003
vn -0.258453816 0.966023564 0.000000000
v -0.454999983 0.400000006 0.239000008
vn -0.258453816 0.966023564 0.000000000
v -0.454999983 0.400000006 0.156000003
vn -0.258453816 0.966023564 0.000000000
f 7258/7258/7258 7259/7259/7259 7260/7260/7260
v -0.454999983 -0.409999996 0.156000003
vn 0.000000000 -1.000000000 0.000000000
v -0.431000024 -0.409999996 0.156000003
vn 0.000000000 -1.000000000 0.000000000
v -0.431000024 -0.409999996 0.239000008
vn 0.000000000 -1.000000000 0.000000000
f 7261/7261/7261 7262/7262/7262 7263/7263/7263
v -0.454999983 -0.409999996 0.156000003
vn 0.000000000 -1.000000000 0.000000000
v -0.431000024 -0.409999996 0.239000008
vn 0.000000000 -1.000000000 0.000000000
v -0.454999983 -0.409999996 0.239000008
vn 0.000000000 -1.000000000 0.000000000
f 7264/7264/7264 7265/7265/7265 7266/7266/7266
v -0.454999983 -0.403999984 0.150000006
vn 0.000000000 0.000000000 -1.000000000
v -0.454999983 0.393999994 0.150000006
vn 0.000000000 0.000000000 -1.000000000
v -0.431000024 0.393999994 0.150000006
vn 0.000000000 0.000000000 -1.000000000
f 7267/7267/7267 7268/7268/7268 7269/7269/7269
v -0.454999983 -0.403999984 0.150000006
vn 0.000000000 0.000000000 -1.000000000
v -0.431000024 0.393999994 0.150000006
vn 0.000000000 0.000000000 -1.000000000
v -0.431000024 -0.403999984 0.150000006
vn 0.000000000 0.000000000 -1.000000000
f 7270/7270/7270 7271/7271/7271 7272/7272/7272
v -0.460999995 0.393999994 0.156000003
vn -1.000000000 0.000000000 0.000000000
v -0.460999995 -0.403999984 0.156000003
vn -1.000000000 0.000000000 0.000000000
v -0.460999995 -0.403999984 0.239000008
vn -1.000000000 0.000000000 0.000000000
f 7273/7273/7273 7274/7274/7274 7275/7275/7275
v -0.460999995 0.393999994 0.156000003
vn -1.000000000 0.000000000 0.000000000
v -0.460999995 -0.403999984 0.239000008
vn -1.000000000 0.000000000 0.000000000
v -0.460999995 0.393999994 0.239000008
vn -1.000000000 0.000000000 0.000000000
f 7276/7276/7276 7277/7277/7277 7278/7278/7278
v -0.425000012 -0.403999984 0.156000003
vn 1.000000000 0.000000000 0.000000000
v -0.425000012 0.393999994 0.156000003
vn 1.000000000 0.000000000 0.000000000
v -0.425000012 0.393999994 0.239000008
vn 1.000000000 0.000000000 0.000000000
f 7279/7279/7279 7280/7280/7280 7281/7281/7281
v -0.425000012 -0.403999984 0.156000003
vn 1.000000000 0.000000000 0.000000000
v -0.425000012 0.393999994 0.239000008
vn 1.000000000 0.000000000 0.000000000
v -0.425000012 -0.403999984 0.239000008
vn 1.000000000 0.000000000 0.000000000
f 7282/7282/7282 7283/7283/7283 7284/7284/7284
v -0.431000024 0.400000006 0.156000003
vn 0.000000000 1.000000000 0.000000000
v -0.454999983 0.400000006 0.156000003
vn 0.000000000 1.000000000 0.000000000
v -0.454999983 0.400000006 0.239000008
vn 0.000000000 1.000000000 0.000000000
f 7285/7285/7285 7286/7286/7286 7287/7287/7287
v -0.431000024 0.400000006 0.156000003
vn 0.000000000 1.000000000 -0.000000000
v -0.454999983 0.400000006 0.239000008
vn 0.000000000 1.000000000 -0.000000000
v -0.431000024 0.400000006 0.239000008
vn 0.000000000 1.000000000 -0.000000000
f 7288/7288/7288 7289/7289/7289 7290/7290/7290
v -0.454999983 -0.403999984 0.245000005
vn 0.000000000 0.000000000 1.000000000
v -0.431000024 -0.403999984 0.245000005
vn 0.000000000 0.000000000 1.000000000
v -0.431000024 0.393999994 0.245000005
vn 0.000000000 0.000000000 1.000000000
f 7291/7291/7291 7292/7292/7292 7293/7293/7293
v -0.454999983 -0.403999984 0.245000005
vn 0.000000000 0.000000000 1.000000000
v -0.431000024 0.393999994 0.245000005
vn 0.000000000 0.000000000 1.000000000
v -0.454999983 0.393999994 0.245000005
vn 0.000000000 0.000000000 1.000000000
f 7294/7294/7294 7295/7295/7295 7296/7296/7296
o Victorian_5_|_wood_side_plinth_0.443
usemtl UV_Base
v 0.431000024 -0.409999996 0.156000003
vn -0.249298483 -0.931785226 -0.263868481
v 0.428003967 -0.409198403 0.156000003
vn -0.249298483 -0.931785226 -0.263868481
v 0.428130746 -0.408419788 0.153130740
vn -0.249298483 -0.931785226 -0.263868481
f 7297/7297/7297 7298/7298/7298 7299/7299/7299
v 0.431000024 -0.409999996 0.156000003
vn -0.263868392 -0.931785226 -0.249298483
v 0.428130746 -0.408419788 0.153130740
vn -0.263868392 -0.931785226 -0.249298483
v 0.431000024 -0.409198403 0.153003946
vn -0.263868392 -0.931785226 -0.249298483
f 7300/7300/7300 7301/7301/7301 7302/7302/7302
v 0.428003967 -0.409198403 0.156000003
vn -0.690136015 -0.690136015 -0.217772067
v 0.425801605 -0.406996042 0.156000003
vn -0.690136015 -0.690136015 -0.217772067
v 0.426580220 -0.406869262 0.153130740
vn -0.690136015 -0.690136015 -0.217772067
f 7303/7303/7303 7304/7304/7304 7305/7305/7305
v 0.428003967 -0.409198403 0.156000003
vn -0.690135956 -0.690135956 -0.217772052
v 0.426580220 -0.406869262 0.153130740
vn -0.690135956 -0.690135956 -0.217772052
v 0.428130746 -0.408419788 0.153130740
vn -0.690135956 -0.690135956 -0.217772052
f 7306/7306/7306 7307/7307/7307 7308/7308/7308
v 0.425000012 -0.403999984 0.156000003
vn -0.931785226 -0.263868392 -0.249298483
v 0.425801605 -0.403999984 0.153003946
vn -0.931785226 -0.263868392 -0.249298483
v 0.426580220 -0.406869262 0.153130740
vn -0.931785226 -0.263868392 -0.249298483
f 7309/7309/7309 7310/7310/7310 7311/7311/7311
v 0.425000012 -0.403999984 0.156000003
vn -0.931785226 -0.249298483 -0.263868481
v 0.426580220 -0.406869262 0.153130740
vn -0.931785226 -0.249298483 -0.263868481
v 0.425801605 -0.406996042 0.156000003
vn -0.931785226 -0.249298483 -0.263868481
f 7312/7312/7312 7313/7313/7313 7314/7314/7314
v 0.425801605 -0.403999984 0.153003946
vn -0.690135598 -0.217774376 -0.690135598
v 0.428003967 -0.403999984 0.150801584
vn -0.690135598 -0.217774376 -0.690135598
v 0.428130746 -0.406869262 0.151580215
vn -0.690135598 -0.217774376 -0.690135598
f 7315/7315/7315 7316/7316/7316 7317/7317/7317
v 0.425801605 -0.403999984 0.153003946
vn -0.690135598 -0.217774376 -0.690135598
v 0.428130746 -0.406869262 0.151580215
vn -0.690135598 -0.217774376 -0.690135598
v 0.426580220 -0.406869262 0.153130740
vn -0.690135598 -0.217774376 -0.690135598
f 7318/7318/7318 7319/7319/7319 7320/7320/7320
v 0.431000024 -0.403999984 0.150000006
vn -0.263871819 -0.249293923 -0.931785464
v 0.431000024 -0.406996042 0.150801584
vn -0.263871819 -0.249293923 -0.931785464
v 0.428130746 -0.406869262 0.151580215
vn -0.263871819 -0.249293923 -0.931785464
f 7321/7321/7321 7322/7322/7322 7323/7323/7323
v 0.431000024 -0.403999984 0.150000006
vn -0.249293923 -0.263871819 -0.931785464
v 0.428130746 -0.406869262 0.151580215
vn -0.249293923 -0.263871819 -0.931785464
v 0.428003967 -0.403999984 0.150801584
vn -0.249293923 -0.263871819 -0.931785464
f 7324/7324/7324 7325/7325/7325 7326/7326/7326
v 0.431000024 -0.406996042 0.150801584
vn -0.217774376 -0.690135598 -0.690135598
v 0.431000024 -0.409198403 0.153003946
vn -0.217774376 -0.690135598 -0.690135598
v 0.428130746 -0.408419788 0.153130740
vn -0.217774376 -0.690135598 -0.690135598
f 7327/7327/7327 7328/7328/7328 7329/7329/7329
v 0.431000024 -0.406996042 0.150801584
vn -0.217774406 -0.690135598 -0.690135598
v 0.428130746 -0.408419788 0.153130740
vn -0.217774406 -0.690135598 -0.690135598
v 0.428130746 -0.406869262 0.151580215
vn -0.217774406 -0.690135598 -0.690135598
f 7330/7330/7330 7331/7331/7331 7332/7332/7332
v 0.428130746 -0.408419788 0.153130740
vn -0.577350318 -0.577350318 -0.577350318
v 0.426580220 -0.406869262 0.153130740
vn -0.577350318 -0.577350318 -0.577350318
v 0.428130746 -0.406869262 0.151580215
vn -0.577350318 -0.577350318 -0.577350318
f 7333/7333/7333 7334/7334/7334 7335/7335/7335
v 0.454999983 -0.409999996 0.156000003
vn 0.263868392 -0.931785226 -0.249298483
v 0.454999983 -0.409198403 0.153003946
vn 0.263868392 -0.931785226 -0.249298483
v 0.457869262 -0.408419788 0.153130740
vn 0.263868392 -0.931785226 -0.249298483
f 7336/7336/7336 7337/7337/7337 7338/7338/7338
v 0.454999983 -0.409999996 0.156000003
vn 0.249298483 -0.931785226 -0.263868481
v 0.457869262 -0.408419788 0.153130740
vn 0.249298483 -0.931785226 -0.263868481
v 0.457996041 -0.409198403 0.156000003
vn 0.249298483 -0.931785226 -0.263868481
f 7339/7339/7339 7340/7340/7340 7341/7341/7341
v 0.454999983 -0.409198403 0.153003946
vn 0.217774376 -0.690135598 -0.690135598
v 0.454999983 -0.406996042 0.150801584
vn 0.217774376 -0.690135598 -0.690135598
v 0.457869262 -0.406869262 0.151580215
vn 0.217774376 -0.690135598 -0.690135598
f 7342/7342/7342 7343/7343/7343 7344/7344/7344
v 0.454999983 -0.409198403 0.153003946
vn 0.217774376 -0.690135598 -0.690135598
v 0.457869262 -0.406869262 0.151580215
vn 0.217774376 -0.690135598 -0.690135598
v 0.457869262 -0.408419788 0.153130740
vn 0.217774376 -0.690135598 -0.690135598
f 7345/7345/7345 7346/7346/7346 7347/7347/7347
v 0.454999983 -0.403999984 0.150000006
vn 0.249293923 -0.263871819 -0.931785464
v 0.457996041 -0.403999984 0.150801584
vn 0.249293923 -0.263871819 -0.931785464
v 0.457869262 -0.406869262 0.151580215
vn 0.249293923 -0.263871819 -0.931785464
f 7348/7348/7348 7349/7349/7349 7350/7350/7350
v 0.454999983 -0.403999984 0.150000006
vn 0.263871819 -0.249293923 -0.931785464
v 0.457869262 -0.406869262 0.151580215
vn 0.263871819 -0.249293923 -0.931785464
v 0.454999983 -0.406996042 0.150801584
vn 0.263871819 -0.249293923 -0.931785464
f 7351/7351/7351 7352/7352/7352 7353/7353/7353
v 0.457996041 -0.403999984 0.150801584
vn 0.690135598 -0.217774376 -0.690135598
v 0.460198402 -0.403999984 0.153003946
vn 0.690135598 -0.217774376 -0.690135598
v 0.459419787 -0.406869262 0.153130740
vn 0.690135598 -0.217774376 -0.690135598
f 7354/7354/7354 7355/7355/7355 7356/7356/7356
v 0.457996041 -0.403999984 0.150801584
vn 0.690135598 -0.217774406 -0.690135598
v 0.459419787 -0.406869262 0.153130740
vn 0.690135598 -0.217774406 -0.690135598
v 0.457869262 -0.406869262 0.151580215
vn 0.690135598 -0.217774406 -0.690135598
f 7357/7357/7357 7358/7358/7358 7359/7359/7359
v 0.460999995 -0.403999984 0.156000003
vn 0.931785226 -0.249298483 -0.263868481
v 0.460198402 -0.406996042 0.156000003
vn 0.931785226 -0.249298483 -0.263868481
v 0.459419787 -0.406869262 0.153130740
vn 0.931785226 -0.249298483 -0.263868481
f 7360/7360/7360 7361/7361/7361 7362/7362/7362
v 0.460999995 -0.403999984 0.156000003
vn 0.931785226 -0.263868392 -0.249298483
v 0.459419787 -0.406869262 0.153130740
vn 0.931785226 -0.263868392 -0.249298483
v 0.460198402 -0.403999984 0.153003946
vn 0.931785226 -0.263868392 -0.249298483
f 7363/7363/7363 7364/7364/7364 7365/7365/7365
v 0.460198402 -0.406996042 0.156000003
vn 0.690136015 -0.690136015 -0.217772067
v 0.457996041 -0.409198403 0.156000003
vn 0.690136015 -0.690136015 -0.217772067
v 0.457869262 -0.408419788 0.153130740
vn 0.690136015 -0.690136015 -0.217772067
f 7366/7366/7366 7367/7367/7367 7368/7368/7368
v 0.460198402 -0.406996042 0.156000003
vn 0.690135956 -0.690135956 -0.217772052
v 0.457869262 -0.408419788 0.153130740
vn 0.690135956 -0.690135956 -0.217772052
v 0.459419787 -0.406869262 0.153130740
vn 0.690135956 -0.690135956 -0.217772052
f 7369/7369/7369 7370/7370/7370 7371/7371/7371
v 0.457869262 -0.408419788 0.153130740
vn 0.577350318 -0.577350318 -0.577350318
v 0.457869262 -0.406869262 0.151580215
vn 0.577350318 -0.577350318 -0.577350318
v 0.459419787 -0.406869262 0.153130740
vn 0.577350318 -0.577350318 -0.577350318
f 7372/7372/7372 7373/7373/7373 7374/7374/7374
v 0.454999983 0.400000006 0.156000003
vn 0.249293849 0.931786418 -0.263868600
v 0.457996100 0.399198413 0.156000003
vn 0.249293849 0.931786418 -0.263868600
v 0.457869321 0.398419797 0.153130740
vn 0.249293849 0.931786418 -0.263868600
f 7375/7375/7375 7376/7376/7376 7377/7377/7377
v 0.454999983 0.400000006 0.156000003
vn 0.263868570 0.931786537 -0.249293625
v 0.457869321 0.398419797 0.153130740
vn 0.263868570 0.931786537 -0.249293625
v 0.455000043 0.399198413 0.153003946
vn 0.263868570 0.931786537 -0.249293625
f 7378/7378/7378 7379/7379/7379 7380/7380/7380
v 0.457996100 0.399198413 0.156000003
vn 0.690136015 0.690136015 -0.217772067
v 0.460198462 0.396996051 0.156000003
vn 0.690136015 0.690136015 -0.217772067
v 0.459419847 0.396869272 0.153130740
vn 0.690136015 0.690136015 -0.217772067
f 7381/7381/7381 7382/7382/7382 7383/7383/7383
v 0.457996100 0.399198413 0.156000003
vn 0.690135956 0.690135956 -0.217772052
v 0.459419847 0.396869272 0.153130740
vn 0.690135956 0.690135956 -0.217772052
v 0.457869321 0.398419797 0.153130740
vn 0.690135956 0.690135956 -0.217772052
f 7384/7384/7384 7385/7385/7385 7386/7386/7386
v 0.460999995 0.393999994 0.156000003
vn 0.931789696 0.263868898 -0.249281153
v 0.460198462 0.393999994 0.153003946
vn 0.931789696 0.263868898 -0.249281153
v 0.459419847 0.396869272 0.153130740
vn 0.931789696 0.263868898 -0.249281153
f 7387/7387/7387 7388/7388/7388 7389/7389/7389
v 0.460999995 0.393999994 0.156000003
vn 0.931789756 0.249281168 -0.263868988
v 0.459419847 0.396869272 0.153130740
vn 0.931789756 0.249281168 -0.263868988
v 0.460198462 0.396996051 0.156000003
vn 0.931789756 0.249281168 -0.263868988
f 7390/7390/7390 7391/7391/7391 7392/7392/7392
v 0.460198462 0.393999994 0.153003946
vn 0.690135598 0.217774376 -0.690135598
v 0.457996100 0.393999994 0.150801584
vn 0.690135598 0.217774376 -0.690135598
v 0.457869321 0.396869272 0.151580215
vn 0.690135598 0.217774376 -0.690135598
f 7393/7393/7393 7394/7394/7394 7395/7395/7395
v 0.460198462 0.393999994 0.153003946
vn 0.690135598 0.217774376 -0.690135598
v 0.457869321 0.396869272 0.151580215
vn 0.690135598 0.217774376 -0.690135598
v 0.459419847 0.396869272 0.153130740
vn 0.690135598 0.217774376 -0.690135598
f 7396/7396/7396 7397/7397/7397 7398/7398/7398
v 0.454999983 0.393999994 0.150000006
vn 0.263871968 0.249289021 -0.931786776
v 0.455000043 0.396996051 0.150801584
vn 0.263871968 0.249289021 -0.931786776
v 0.457869321 0.396869272 0.151580215
vn 0.263871968 0.249289021 -0.931786776
f 7399/7399/7399 7400/7400/7400 7401/7401/7401
v 0.454999983 0.393999994 0.150000006
vn 0.249289259 0.263871938 -0.931786656
v 0.457869321 0.396869272 0.151580215
vn 0.249289259 0.263871938 -0.931786656
v 0.457996100 0.393999994 0.150801584
vn 0.249289259 0.263871938 -0.931786656
f 7402/7402/7402 7403/7403/7403 7404/7404/7404
v 0.455000043 0.396996051 0.150801584
vn 0.217774376 0.690135598 -0.690135598
v 0.455000043 0.399198413 0.153003946
vn 0.217774376 0.690135598 -0.690135598
v 0.457869321 0.398419797 0.153130740
vn 0.217774376 0.690135598 -0.690135598
f 7405/7405/7405 7406/7406/7406 7407/7407/7407
v 0.455000043 0.396996051 0.150801584
vn 0.217774406 0.690135598 -0.690135598
v 0.457869321 0.398419797 0.153130740
vn 0.217774406 0.690135598 -0.690135598
v 0.457869321 0.396869272 0.151580215
vn 0.217774406 0.690135598 -0.690135598
f 7408/7408/7408 7409/7409/7409 7410/7410/7410
v 0.457869321 0.398419797 0.153130740
vn 0.577350318 0.577350318 -0.577350318
v 0.459419847 0.396869272 0.153130740
vn 0.577350318 0.577350318 -0.577350318
v 0.457869321 0.396869272 0.151580215
vn 0.577350318 0.577350318 -0.577350318
f 7411/7411/7411 7412/7412/7412 7413/7413/7413
v 0.425000012 0.393999994 0.156000003
vn -0.931785226 0.249298483 -0.263868481
v 0.425801605 0.396996051 0.156000003
vn -0.931785226 0.249298483 -0.263868481
v 0.426580220 0.396869272 0.153130740
vn -0.931785226 0.249298483 -0.263868481
f 7414/7414/7414 7415/7415/7415 7416/7416/7416
v 0.425000012 0.393999994 0.156000003
vn -0.931785226 0.263868392 -0.249298483
v 0.426580220 0.396869272 0.153130740
vn -0.931785226 0.263868392 -0.249298483
v 0.425801605 0.393999994 0.153003946
vn -0.931785226 0.263868392 -0.249298483
f 7417/7417/7417 7418/7418/7418 7419/7419/7419
v 0.425801605 0.396996051 0.156000003
vn -0.690136015 0.690136015 -0.217772067
v 0.428003967 0.399198413 0.156000003
vn -0.690136015 0.690136015 -0.217772067
v 0.428130746 0.398419797 0.153130740
vn -0.690136015 0.690136015 -0.217772067
f 7420/7420/7420 7421/7421/7421 7422/7422/7422
v 0.425801605 0.396996051 0.156000003
vn -0.690135956 0.690135956 -0.217772052
v 0.428130746 0.398419797 0.153130740
vn -0.690135956 0.690135956 -0.217772052
v 0.426580220 0.396869272 0.153130740
vn -0.690135956 0.690135956 -0.217772052
f 7423/7423/7423 7424/7424/7424 7425/7425/7425
v 0.431000024 0.400000006 0.156000003
vn -0.263868392 0.931785226 -0.249298483
v 0.431000024 0.399198413 0.153003946
vn -0.263868392 0.931785226 -0.249298483
v 0.428130746 0.398419797 0.153130740
vn -0.263868392 0.931785226 -0.249298483
f 7426/7426/7426 7427/7427/7427 7428/7428/7428
v 0.431000024 0.400000006 0.156000003
vn -0.249298483 0.931785226 -0.263868481
v 0.428130746 0.398419797 0.153130740
vn -0.249298483 0.931785226 -0.263868481
v 0.428003967 0.399198413 0.156000003
vn -0.249298483 0.931785226 -0.263868481
f 7429/7429/7429 7430/7430/7430 7431/7431/7431
v 0.431000024 0.399198413 0.153003946
vn -0.217774376 0.690135598 -0.690135598
v 0.431000024 0.396996051 0.150801584
vn -0.217774376 0.690135598 -0.690135598
v 0.428130746 0.396869272 0.151580215
vn -0.217774376 0.690135598 -0.690135598
f 7432/7432/7432 7433/7433/7433 7434/7434/7434
v 0.431000024 0.399198413 0.153003946
vn -0.217774376 0.690135598 -0.690135598
v 0.428130746 0.396869272 0.151580215
vn -0.217774376 0.690135598 -0.690135598
v 0.428130746 0.398419797 0.153130740
vn -0.217774376 0.690135598 -0.690135598
f 7435/7435/7435 7436/7436/7436 7437/7437/7437
v 0.431000024 0.393999994 0.150000006
vn -0.249293923 0.263871819 -0.931785464
v 0.428003967 0.393999994 0.150801584
vn -0.249293923 0.263871819 -0.931785464
v 0.428130746 0.396869272 0.151580215
vn -0.249293923 0.263871819 -0.931785464
f 7438/7438/7438 7439/7439/7439 7440/7440/7440
v 0.431000024 0.393999994 0.150000006
vn -0.263871819 0.249293923 -0.931785464
v 0.428130746 0.396869272 0.151580215
vn -0.263871819 0.249293923 -0.931785464
v 0.431000024 0.396996051 0.150801584
vn -0.263871819 0.249293923 -0.931785464
f 7441/7441/7441 7442/7442/7442 7443/7443/7443
v 0.428003967 0.393999994 0.150801584
vn -0.690135598 0.217774376 -0.690135598
v 0.425801605 0.393999994 0.153003946
vn -0.690135598 0.217774376 -0.690135598
v 0.426580220 0.396869272 0.153130740
vn -0.690135598 0.217774376 -0.690135598
f 7444/7444/7444 7445/7445/7445 7446/7446/7446
v 0.428003967 0.393999994 0.150801584
vn -0.690135598 0.217774406 -0.690135598
v 0.426580220 0.396869272 0.153130740
vn -0.690135598 0.217774406 -0.690135598
v 0.428130746 0.396869272 0.151580215
vn -0.690135598 0.217774406 -0.690135598
f 7447/7447/7447 7448/7448/7448 7449/7449/7449
v 0.426580220 0.396869272 0.153130740
vn -0.577350318 0.577350318 -0.577350318
v 0.428130746 0.398419797 0.153130740
vn -0.577350318 0.577350318 -0.577350318
v 0.428130746 0.396869272 0.151580215
vn -0.577350318 0.577350318 -0.577350318
f 7450/7450/7450 7451/7451/7451 7452/7452/7452
v 0.425000012 -0.403999984 0.239000008
vn -0.931785583 -0.249297246 0.263868541
v 0.425801605 -0.406996042 0.239000022
vn -0.931785583 -0.249297246 0.263868541
v 0.426580220 -0.406869262 0.241869286
vn -0.931785583 -0.249297246 0.263868541
f 7453/7453/7453 7454/7454/7454 7455/7455/7455
v 0.425000012 -0.403999984 0.239000008
vn -0.931785464 -0.263868451 0.249297306
v 0.426580220 -0.406869262 0.241869286
vn -0.931785464 -0.263868451 0.249297306
v 0.425801605 -0.403999984 0.241996080
vn -0.931785464 -0.263868451 0.249297306
f 7456/7456/7456 7457/7457/7457 7458/7458/7458
v 0.425801605 -0.406996042 0.239000022
vn -0.690136015 -0.690136015 0.217772067
v 0.428003967 -0.409198403 0.239000022
vn -0.690136015 -0.690136015 0.217772067
v 0.428130746 -0.408419788 0.241869286
vn -0.690136015 -0.690136015 0.217772067
f 7459/7459/7459 7460/7460/7460 7461/7461/7461
v 0.425801605 -0.406996042 0.239000022
vn -0.690135956 -0.690135956 0.217772052
v 0.428130746 -0.408419788 0.241869286
vn -0.690135956 -0.690135956 0.217772052
v 0.426580220 -0.406869262 0.241869286
vn -0.690135956 -0.690135956 0.217772052
f 7462/7462/7462 7463/7463/7463 7464/7464/7464
v 0.431000024 -0.409999996 0.239000008
vn -0.263868451 -0.931785464 0.249297306
v 0.431000024 -0.409198403 0.241996080
vn -0.263868451 -0.931785464 0.249297306
v 0.428130746 -0.408419788 0.241869286
vn -0.263868451 -0.931785464 0.249297306
f 7465/7465/7465 7466/7466/7466 7467/7467/7467
v 0.431000024 -0.409999996 0.239000008
vn -0.249297246 -0.931785583 0.263868541
v 0.428130746 -0.408419788 0.241869286
vn -0.249297246 -0.931785583 0.263868541
v 0.428003967 -0.409198403 0.239000022
vn -0.249297246 -0.931785583 0.263868541
f 7468/7468/7468 7469/7469/7469 7470/7470/7470
v 0.431000024 -0.409198403 0.241996080
vn -0.217774376 -0.690135598 0.690135598
v 0.431000024 -0.406996042 0.244198442
vn -0.217774376 -0.690135598 0.690135598
v 0.428130746 -0.406869262 0.243419811
vn -0.217774376 -0.690135598 0.690135598
f 7471/7471/7471 7472/7472/7472 7473/7473/7473
v 0.431000024 -0.409198403 0.241996080
vn -0.217774376 -0.690135598 0.690135598
v 0.428130746 -0.406869262 0.243419811
vn -0.217774376 -0.690135598 0.690135598
v 0.428130746 -0.408419788 0.241869286
vn -0.217774376 -0.690135598 0.690135598
f 7474/7474/7474 7475/7475/7475 7476/7476/7476
v 0.431000024 -0.403999984 0.245000005
vn -0.249289572 -0.263871938 0.931786537
v 0.428003967 -0.403999984 0.244198442
vn -0.249289572 -0.263871938 0.931786537
v 0.428130746 -0.406869262 0.243419811
vn -0.249289572 -0.263871938 0.931786537
f 7477/7477/7477 7478/7478/7478 7479/7479/7479
v 0.431000024 -0.403999984 0.245000005
vn -0.263871938 -0.249289572 0.931786537
v 0.428130746 -0.406869262 0.243419811
vn -0.263871938 -0.249289572 0.931786537
v 0.431000024 -0.406996042 0.244198442
vn -0.263871938 -0.249289572 0.931786537
f 7480/7480/7480 7481/7481/7481 7482/7482/7482
v 0.428003967 -0.403999984 0.244198442
vn -0.690135598 -0.217774376 0.690135598
v 0.425801605 -0.403999984 0.241996080
vn -0.690135598 -0.217774376 0.690135598
v 0.426580220 -0.406869262 0.241869286
vn -0.690135598 -0.217774376 0.690135598
f 7483/7483/7483 7484/7484/7484 7485/7485/7485
v 0.428003967 -0.403999984 0.244198442
vn -0.690135598 -0.217774406 0.690135598
v 0.426580220 -0.406869262 0.241869286
vn -0.690135598 -0.217774406 0.690135598
v 0.428130746 -0.406869262 0.243419811
vn -0.690135598 -0.217774406 0.690135598
f 7486/7486/7486 7487/7487/7487 7488/7488/7488
v 0.426580220 -0.406869262 0.241869286
vn -0.577350318 -0.577350318 0.577350318
v 0.428130746 -0.408419788 0.241869286
vn -0.577350318 -0.577350318 0.577350318
v 0.428130746 -0.406869262 0.243419811
vn -0.577350318 -0.577350318 0.577350318
f 7489/7489/7489 7490/7490/7490 7491/7491/7491
v 0.454999983 -0.409999996 0.239000008
vn 0.249292612 -0.931786776 0.263868630
v 0.457996100 -0.409198403 0.239000022
vn 0.249292612 -0.931786776 0.263868630
v 0.457869321 -0.408419788 0.241869286
vn 0.249292612 -0.931786776 0.263868630
f 7492/7492/7492 7493/7493/7493 7494/7494/7494
v 0.454999983 -0.409999996 0.239000008
vn 0.263868570 -0.931786776 0.249292433
v 0.457869321 -0.408419788 0.241869286
vn 0.263868570 -0.931786776 0.249292433
v 0.455000043 -0.409198403 0.241996080
vn 0.263868570 -0.931786776 0.249292433
f 7495/7495/7495 7496/7496/7496 7497/7497/7497
v 0.457996100 -0.409198403 0.239000022
vn 0.690136015 -0.690136015 0.217772067
v 0.460198462 -0.406996042 0.239000022
vn 0.690136015 -0.690136015 0.217772067
v 0.459419847 -0.406869262 0.241869286
vn 0.690136015 -0.690136015 0.217772067
f 7498/7498/7498 7499/7499/7499 7500/7500/7500
v 0.457996100 -0.409198403 0.239000022
vn 0.690135956 -0.690135956 0.217772052
v 0.459419847 -0.406869262 0.241869286
vn 0.690135956 -0.690135956 0.217772052
v 0.457869321 -0.408419788 0.241869286
vn 0.690135956 -0.690135956 0.217772052
f 7501/7501/7501 7502/7502/7502 7503/7503/7503
v 0.460999995 -0.403999984 0.239000008
vn 0.931789994 -0.263868898 0.249279976
v 0.460198462 -0.403999984 0.241996080
vn 0.931789994 -0.263868898 0.249279976
v 0.459419847 -0.406869262 0.241869286
vn 0.931789994 -0.263868898 0.249279976
f 7504/7504/7504 7505/7505/7505 7506/7506/7506
v 0.460999995 -0.403999984 0.239000008
vn 0.931790054 -0.249279916 0.263869017
v 0.459419847 -0.406869262 0.241869286
vn 0.931790054 -0.249279916 0.263869017
v 0.460198462 -0.406996042 0.239000022
vn 0.931790054 -0.249279916 0.263869017
f 7507/7507/7507 7508/7508/7508 7509/7509/7509
v 0.460198462 -0.403999984 0.241996080
vn 0.690135598 -0.217774376 0.690135598
v 0.457996100 -0.403999984 0.244198442
vn 0.690135598 -0.217774376 0.690135598
v 0.457869321 -0.406869262 0.243419811
vn 0.690135598 -0.217774376 0.690135598
f 7510/7510/7510 7511/7511/7511 7512/7512/7512
v 0.460198462 -0.403999984 0.241996080
vn 0.690135598 -0.217774376 0.690135598
v 0.457869321 -0.406869262 0.243419811
vn 0.690135598 -0.217774376 0.690135598
v 0.459419847 -0.406869262 0.241869286
vn 0.690135598 -0.217774376 0.690135598
f 7513/7513/7513 7514/7514/7514 7515/7515/7515
v 0.454999983 -0.403999984 0.245000005
vn 0.263872087 -0.249284685 0.931787908
v 0.455000043 -0.406996042 0.244198442
vn 0.263872087 -0.249284685 0.931787908
v 0.457869321 -0.406869262 0.243419811
vn 0.263872087 -0.249284685 0.931787908
f 7516/7516/7516 7517/7517/7517 7518/7518/7518
v 0.454999983 -0.403999984 0.245000005
vn 0.249284953 -0.263872087 0.931787848
v 0.457869321 -0.406869262 0.243419811
vn 0.249284953 -0.263872087 0.931787848
v 0.457996100 -0.403999984 0.244198442
vn 0.249284953 -0.263872087 0.931787848
f 7519/7519/7519 7520/7520/7520 7521/7521/7521
v 0.455000043 -0.406996042 0.244198442
vn 0.217774376 -0.690135598 0.690135598
v 0.455000043 -0.409198403 0.241996080
vn 0.217774376 -0.690135598 0.690135598
v 0.457869321 -0.408419788 0.241869286
vn 0.217774376 -0.690135598 0.690135598
f 7522/7522/7522 7523/7523/7523 7524/7524/7524
v 0.455000043 -0.406996042 0.244198442
vn 0.217774406 -0.690135598 0.690135598
v 0.457869321 -0.408419788 0.241869286
vn 0.217774406 -0.690135598 0.690135598
v 0.457869321 -0.406869262 0.243419811
vn 0.217774406 -0.690135598 0.690135598
f 7525/7525/7525 7526/7526/7526 7527/7527/7527
v 0.457869321 -0.408419788 0.241869286
vn 0.577350318 -0.577350318 0.577350318
v 0.459419847 -0.406869262 0.241869286
vn 0.577350318 -0.577350318 0.577350318
v 0.457869321 -0.406869262 0.243419811
vn 0.577350318 -0.577350318 0.577350318
f 7528/7528/7528 7529/7529/7529 7530/7530/7530
v 0.460999995 0.393999994 0.239000008
vn 0.931790054 0.249279916 0.263869017
v 0.460198462 0.396996051 0.239000022
vn 0.931790054 0.249279916 0.263869017
v 0.459419847 0.396869272 0.241869286
vn 0.931790054 0.249279916 0.263869017
f 7531/7531/7531 7532/7532/7532 7533/7533/7533
v 0.460999995 0.393999994 0.239000008
vn 0.931789994 0.263868898 0.249279976
v 0.459419847 0.396869272 0.241869286
vn 0.931789994 0.263868898 0.249279976
v 0.460198462 0.393999994 0.241996080
vn 0.931789994 0.263868898 0.249279976
f 7534/7534/7534 7535/7535/7535 7536/7536/7536
v 0.460198462 0.396996051 0.239000022
vn 0.690136015 0.690136015 0.217772067
v 0.457996100 0.399198413 0.239000022
vn 0.690136015 0.690136015 0.217772067
v 0.457869321 0.398419797 0.241869286
vn 0.690136015 0.690136015 0.217772067
f 7537/7537/7537 7538/7538/7538 7539/7539/7539
v 0.460198462 0.396996051 0.239000022
vn 0.690135956 0.690135956 0.217772052
v 0.457869321 0.398419797 0.241869286
vn 0.690135956 0.690135956 0.217772052
v 0.459419847 0.396869272 0.241869286
vn 0.690135956 0.690135956 0.217772052
f 7540/7540/7540 7541/7541/7541 7542/7542/7542
v 0.454999983 0.400000006 0.239000008
vn 0.263868570 0.931786776 0.249292433
v 0.455000043 0.399198413 0.241996080
vn 0.263868570 0.931786776 0.249292433
v 0.457869321 0.398419797 0.241869286
vn 0.263868570 0.931786776 0.249292433
f 7543/7543/7543 7544/7544/7544 7545/7545/7545
v 0.454999983 0.400000006 0.239000008
vn 0.249292612 0.931786776 0.263868630
v 0.457869321 0.398419797 0.241869286
vn 0.249292612 0.931786776 0.263868630
v 0.457996100 0.399198413 0.239000022
vn 0.249292612 0.931786776 0.263868630
f 7546/7546/7546 7547/7547/7547 7548/7548/7548
v 0.455000043 0.399198413 0.241996080
vn 0.217774376 0.690135598 0.690135598
v 0.455000043 0.396996051 0.244198442
vn 0.217774376 0.690135598 0.690135598
v 0.457869321 0.396869272 0.243419811
vn 0.217774376 0.690135598 0.690135598
f 7549/7549/7549 7550/7550/7550 7551/7551/7551
v 0.455000043 0.399198413 0.241996080
vn 0.217774376 0.690135598 0.690135598
v 0.457869321 0.396869272 0.243419811
vn 0.217774376 0.690135598 0.690135598
v 0.457869321 0.398419797 0.241869286
vn 0.217774376 0.690135598 0.690135598
f 7552/7552/7552 7553/7553/7553 7554/7554/7554
v 0.454999983 0.393999994 0.245000005
vn 0.249284953 0.263872087 0.931787848
v 0.457996100 0.393999994 0.244198442
vn 0.249284953 0.263872087 0.931787848
v 0.457869321 0.396869272 0.243419811
vn 0.249284953 0.263872087 0.931787848
f 7555/7555/7555 7556/7556/7556 7557/7557/7557
v 0.454999983 0.393999994 0.245000005
vn 0.263872087 0.249284685 0.931787908
v 0.457869321 0.396869272 0.243419811
vn 0.263872087 0.249284685 0.931787908
v 0.455000043 0.396996051 0.244198442
vn 0.263872087 0.249284685 0.931787908
f 7558/7558/7558 7559/7559/7559 7560/7560/7560
v 0.457996100 0.393999994 0.244198442
vn 0.690135598 0.217774376 0.690135598
v 0.460198462 0.393999994 0.241996080
vn 0.690135598 0.217774376 0.690135598
v 0.459419847 0.396869272 0.241869286
vn 0.690135598 0.217774376 0.690135598
f 7561/7561/7561 7562/7562/7562 7563/7563/7563
v 0.457996100 0.393999994 0.244198442
vn 0.690135598 0.217774406 0.690135598
v 0.459419847 0.396869272 0.241869286
vn 0.690135598 0.217774406 0.690135598
v 0.457869321 0.396869272 0.243419811
vn 0.690135598 0.217774406 0.690135598
f 7564/7564/7564 7565/7565/7565 7566/7566/7566
v 0.459419847 0.396869272 0.241869286
vn 0.577350318 0.577350318 0.577350318
v 0.457869321 0.398419797 0.241869286
vn 0.577350318 0.577350318 0.577350318
v 0.457869321 0.396869272 0.243419811
vn 0.577350318 0.577350318 0.577350318
f 7567/7567/7567 7568/7568/7568 7569/7569/7569
v 0.425000012 0.393999994 0.239000008
vn -0.931785464 0.263868451 0.249297306
v 0.425801605 0.393999994 0.241996080
vn -0.931785464 0.263868451 0.249297306
v 0.426580220 0.396869272 0.241869286
vn -0.931785464 0.263868451 0.249297306
f 7570/7570/7570 7571/7571/7571 7572/7572/7572
v 0.425000012 0.393999994 0.239000008
vn -0.931785583 0.249297246 0.263868541
v 0.426580220 0.396869272 0.241869286
vn -0.931785583 0.249297246 0.263868541
v 0.425801605 0.396996051 0.239000022
vn -0.931785583 0.249297246 0.263868541
f 7573/7573/7573 7574/7574/7574 7575/7575/7575
v 0.425801605 0.393999994 0.241996080
vn -0.690135598 0.217774376 0.690135598
v 0.428003967 0.393999994 0.244198442
vn -0.690135598 0.217774376 0.690135598
v 0.428130746 0.396869272 0.243419811
vn -0.690135598 0.217774376 0.690135598
f 7576/7576/7576 7577/7577/7577 7578/7578/7578
v 0.425801605 0.393999994 0.241996080
vn -0.690135598 0.217774376 0.690135598
v 0.428130746 0.396869272 0.243419811
vn -0.690135598 0.217774376 0.690135598
v 0.426580220 0.396869272 0.241869286
vn -0.690135598 0.217774376 0.690135598
f 7579/7579/7579 7580/7580/7580 7581/7581/7581
v 0.431000024 0.393999994 0.245000005
vn -0.263871938 0.249289572 0.931786537
v 0.431000024 0.396996051 0.244198442
vn -0.263871938 0.249289572 0.931786537
v 0.428130746 0.396869272 0.243419811
vn -0.263871938 0.249289572 0.931786537
f 7582/7582/7582 7583/7583/7583 7584/7584/7584
v 0.431000024 0.393999994 0.245000005
vn -0.249289572 0.263871938 0.931786537
v 0.428130746 0.396869272 0.243419811
vn -0.249289572 0.263871938 0.931786537
v 0.428003967 0.393999994 0.244198442
vn -0.249289572 0.263871938 0.931786537
f 7585/7585/7585 7586/7586/7586 7587/7587/7587
v 0.431000024 0.396996051 0.244198442
vn -0.217774376 0.690135598 0.690135598
v 0.431000024 0.399198413 0.241996080
vn -0.217774376 0.690135598 0.690135598
v 0.428130746 0.398419797 0.241869286
vn -0.217774376 0.690135598 0.690135598
f 7588/7588/7588 7589/7589/7589 7590/7590/7590
v 0.431000024 0.396996051 0.244198442
vn -0.217774406 0.690135598 0.690135598
v 0.428130746 0.398419797 0.241869286
vn -0.217774406 0.690135598 0.690135598
v 0.428130746 0.396869272 0.243419811
vn -0.217774406 0.690135598 0.690135598
f 7591/7591/7591 7592/7592/7592 7593/7593/7593
v 0.431000024 0.400000006 0.239000008
vn -0.249297246 0.931785583 0.263868541
v 0.428003967 0.399198413 0.239000022
vn -0.249297246 0.931785583 0.263868541
v 0.428130746 0.398419797 0.241869286
vn -0.249297246 0.931785583 0.263868541
f 7594/7594/7594 7595/7595/7595 7596/7596/7596
v 0.431000024 0.400000006 0.239000008
vn -0.263868451 0.931785464 0.249297306
v 0.428130746 0.398419797 0.241869286
vn -0.263868451 0.931785464 0.249297306
v 0.431000024 0.399198413 0.241996080
vn -0.263868451 0.931785464 0.249297306
f 7597/7597/7597 7598/7598/7598 7599/7599/7599
v 0.428003967 0.399198413 0.239000022
vn -0.690136015 0.690136015 0.217772067
v 0.425801605 0.396996051 0.239000022
vn -0.690136015 0.690136015 0.217772067
v 0.426580220 0.396869272 0.241869286
vn -0.690136015 0.690136015 0.217772067
f 7600/7600/7600 7601/7601/7601 7602/7602/7602
v 0.428003967 0.399198413 0.239000022
vn -0.690135956 0.690135956 0.217772052
v 0.426580220 0.396869272 0.241869286
vn -0.690135956 0.690135956 0.217772052
v 0.428130746 0.398419797 0.241869286
vn -0.690135956 0.690135956 0.217772052
f 7603/7603/7603 7604/7604/7604 7605/7605/7605
v 0.426580220 0.396869272 0.241869286
vn -0.577350318 0.577350318 0.577350318
v 0.428130746 0.396869272 0.243419811
vn -0.577350318 0.577350318 0.577350318
v 0.428130746 0.398419797 0.241869286
vn -0.577350318 0.577350318 0.577350318
f 7606/7606/7606 7607/7607/7607 7608/7608/7608
v 0.431000024 -0.403999984 0.150000006
vn 0.000000000 -0.258454114 -0.966023505
v 0.454999983 -0.403999984 0.150000006
vn 0.000000000 -0.258454114 -0.966023505
v 0.454999983 -0.406996042 0.150801584
vn 0.000000000 -0.258454114 -0.966023505
f 7609/7609/7609 7610/7610/7610 7611/7611/7611
v 0.431000024 -0.403999984 0.150000006
vn 0.000000000 -0.258454114 -0.966023505
v 0.454999983 -0.406996042 0.150801584
vn 0.000000000 -0.258454114 -0.966023505
v 0.431000024 -0.406996042 0.150801584
vn 0.000000000 -0.258454114 -0.966023505
f 7612/7612/7612 7613/7613/7613 7614/7614/7614
v 0.431000024 -0.406996042 0.150801584
vn 0.000000000 -0.707106769 -0.707106769
v 0.454999983 -0.406996042 0.150801584
vn 0.000000000 -0.707106769 -0.707106769
v 0.454999983 -0.409198403 0.153003946
vn 0.000000000 -0.707106769 -0.707106769
f 7615/7615/7615 7616/7616/7616 7617/7617/7617
v 0.431000024 -0.406996042 0.150801584
vn 0.000000000 -0.707106769 -0.707106769
v 0.454999983 -0.409198403 0.153003946
vn 0.000000000 -0.707106769 -0.707106769
v 0.431000024 -0.409198403 0.153003946
vn 0.000000000 -0.707106769 -0.707106769
f 7618/7618/7618 7619/7619/7619 7620/7620/7620
v 0.431000024 -0.409198403 0.153003946
vn 0.000000000 -0.966022313 -0.258458614
v 0.454999983 -0.409198403 0.153003946
vn 0.000000000 -0.966022313 -0.258458614
v 0.454999983 -0.409999996 0.156000003
vn 0.000000000 -0.966022313 -0.258458614
f 7621/7621/7621 7622/7622/7622 7623/7623/7623
v 0.431000024 -0.409198403 0.153003946
vn 0.000000000 -0.966022313 -0.258458614
v 0.454999983 -0.409999996 0.156000003
vn 0.000000000 -0.966022313 -0.258458614
v 0.431000024 -0.409999996 0.156000003
vn 0.000000000 -0.966022313 -0.258458614
f 7624/7624/7624 7625/7625/7625 7626/7626/7626
v 0.425000012 -0.403999984 0.156000003
vn -0.966022313 0.000000000 -0.258458614
v 0.425000012 0.393999994 0.156000003
vn -0.966022313 0.000000000 -0.258458614
v 0.425801605 0.393999994 0.153003946
vn -0.966022313 0.000000000 -0.258458614
f 7627/7627/7627 7628/7628/7628 7629/7629/7629
v 0.425000012 -0.403999984 0.156000003
vn -0.966022313 0.000000000 -0.258458614
v 0.425801605 0.393999994 0.153003946
vn -0.966022313 0.000000000 -0.258458614
v 0.425801605 -0.403999984 0.153003946
vn -0.966022313 0.000000000 -0.258458614
f 7630/7630/7630 7631/7631/7631 7632/7632/7632
v 0.425801605 -0.403999984 0.153003946
vn -0.707106769 0.000000000 -0.707106769
v 0.425801605 0.393999994 0.153003946
vn -0.707106769 0.000000000 -0.707106769
v 0.428003967 0.393999994 0.150801584
vn -0.707106769 0.000000000 -0.707106769
f 7633/7633/7633 7634/7634/7634 7635/7635/7635
v 0.425801605 -0.403999984 0.153003946
vn -0.707106769 0.000000000 -0.707106769
v 0.428003967 0.393999994 0.150801584
vn -0.707106769 0.000000000 -0.707106769
v 0.428003967 -0.403999984 0.150801584
vn -0.707106769 0.000000000 -0.707106769
f 7636/7636/7636 7637/7637/7637 7638/7638/7638
v 0.428003967 -0.403999984 0.150801584
vn -0.258454144 0.000000000 -0.966023564
v 0.428003967 0.393999994 0.150801584
vn -0.258454144 0.000000000 -0.966023564
v 0.431000024 0.393999994 0.150000006
vn -0.258454144 0.000000000 -0.966023564
f 7639/7639/7639 7640/7640/7640 7641/7641/7641
v 0.428003967 -0.403999984 0.150801584
vn -0.258454144 0.000000000 -0.966023564
v 0.431000024 0.393999994 0.150000006
vn -0.258454144 0.000000000 -0.966023564
v 0.431000024 -0.403999984 0.150000006
vn -0.258454144 0.000000000 -0.966023564
f 7642/7642/7642 7643/7643/7643 7644/7644/7644
v 0.454999983 0.393999994 0.150000006
vn 0.000000000 0.258454114 -0.966023505
v 0.431000024 0.393999994 0.150000006
vn 0.000000000 0.258454114 -0.966023505
v 0.431000024 0.396996051 0.150801584
vn 0.000000000 0.258454114 -0.966023505
f 7645/7645/7645 7646/7646/7646 7647/7647/7647
v 0.454999983 0.393999994 0.150000006
vn 0.000000000 0.258454084 -0.966023505
v 0.431000024 0.396996051 0.150801584
vn 0.000000000 0.258454084 -0.966023505
v 0.455000043 0.396996051 0.150801584
vn 0.000000000 0.258454084 -0.966023505
f 7648/7648/7648 7649/7649/7649 7650/7650/7650
v 0.455000043 0.396996051 0.150801584
vn 0.000000000 0.707106769 -0.707106769
v 0.431000024 0.396996051 0.150801584
vn 0.000000000 0.707106769 -0.707106769
v 0.431000024 0.399198413 0.153003946
vn 0.000000000 0.707106769 -0.707106769
f 7651/7651/7651 7652/7652/7652 7653/7653/7653
v 0.455000043 0.396996051 0.150801584
vn 0.000000000 0.707106769 -0.707106769
v 0.431000024 0.399198413 0.153003946
vn 0.000000000 0.707106769 -0.707106769
v 0.455000043 0.399198413 0.153003946
vn 0.000000000 0.707106769 -0.707106769
f 7654/7654/7654 7655/7655/7655 7656/7656/7656
v 0.455000043 0.399198413 0.153003946
vn 0.000000000 0.966022253 -0.258458585
v 0.431000024 0.399198413 0.153003946
vn 0.000000000 0.966022253 -0.258458585
v 0.431000024 0.400000006 0.156000003
vn 0.000000000 0.966022253 -0.258458585
f 7657/7657/7657 7658/7658/7658 7659/7659/7659
v 0.455000043 0.399198413 0.153003946
vn 0.000000000 0.966022313 -0.258458614
v 0.431000024 0.400000006 0.156000003
vn 0.000000000 0.966022313 -0.258458614
v 0.454999983 0.400000006 0.156000003
vn 0.000000000 0.966022313 -0.258458614
f 7660/7660/7660 7661/7661/7661 7662/7662/7662
v 0.454999983 -0.403999984 0.150000006
vn 0.258449346 0.000000000 -0.966024816
v 0.454999983 0.393999994 0.150000006
vn 0.258449346 0.000000000 -0.966024816
v 0.457996100 0.393999994 0.150801584
vn 0.258449346 0.000000000 -0.966024816
f 7663/7663/7663 7664/7664/7664 7665/7665/7665
v 0.454999983 -0.403999984 0.150000006
vn 0.258454144 -0.000000019 -0.966023564
v 0.457996100 0.393999994 0.150801584
vn 0.258454144 -0.000000019 -0.966023564
v 0.457996041 -0.403999984 0.150801584
vn 0.258454144 -0.000000019 -0.966023564
f 7666/7666/7666 7667/7667/7667 7668/7668/7668
v 0.457996041 -0.403999984 0.150801584
vn 0.707106769 -0.000000053 -0.707106769
v 0.457996100 0.393999994 0.150801584
vn 0.707106769 -0.000000053 -0.707106769
v 0.460198462 0.393999994 0.153003946
vn 0.707106769 -0.000000053 -0.707106769
f 7669/7669/7669 7670/7670/7670 7671/7671/7671
v 0.457996041 -0.403999984 0.150801584
vn 0.707106769 -0.000000053 -0.707106769
v 0.460198462 0.393999994 0.153003946
vn 0.707106769 -0.000000053 -0.707106769
v 0.460198402 -0.403999984 0.153003946
vn 0.707106769 -0.000000053 -0.707106769
f 7672/7672/7672 7673/7673/7673 7674/7674/7674
v 0.460198402 -0.403999984 0.153003946
vn 0.966027081 -0.000000072 -0.258440673
v 0.460198462 0.393999994 0.153003946
vn 0.966027081 -0.000000072 -0.258440673
v 0.460999995 0.393999994 0.156000003
vn 0.966027081 -0.000000072 -0.258440673
f 7675/7675/7675 7676/7676/7676 7677/7677/7677
v 0.460198402 -0.403999984 0.153003946
vn 0.966022313 0.000000000 -0.258458614
v 0.460999995 0.393999994 0.156000003
vn 0.966022313 0.000000000 -0.258458614
v 0.460999995 -0.403999984 0.156000003
vn 0.966022313 0.000000000 -0.258458614
f 7678/7678/7678 7679/7679/7679 7680/7680/7680
v 0.431000024 -0.403999984 0.245000005
vn -0.258449644 0.000000000 0.966024756
v 0.431000024 0.393999994 0.245000005
vn -0.258449644 0.000000000 0.966024756
v 0.428003967 0.393999994 0.244198442
vn -0.258449644 0.000000000 0.966024756
f 7681/7681/7681 7682/7682/7682 7683/7683/7683
v 0.431000024 -0.403999984 0.245000005
vn -0.258449644 0.000000000 0.966024756
v 0.428003967 0.393999994 0.244198442
vn -0.258449644 0.000000000 0.966024756
v 0.428003967 -0.403999984 0.244198442
vn -0.258449644 0.000000000 0.966024756
f 7684/7684/7684 7685/7685/7685 7686/7686/7686
v 0.428003967 -0.403999984 0.244198442
vn -0.707106769 0.000000000 0.707106769
v 0.428003967 0.393999994 0.244198442
vn -0.707106769 0.000000000 0.707106769
v 0.425801605 0.393999994 0.241996080
vn -0.707106769 0.000000000 0.707106769
f 7687/7687/7687 7688/7688/7688 7689/7689/7689
v 0.428003967 -0.403999984 0.244198442
vn -0.707106769 0.000000000 0.707106769
v 0.425801605 0.393999994 0.241996080
vn -0.707106769 0.000000000 0.707106769
v 0.425801605 -0.403999984 0.241996080
vn -0.707106769 0.000000000 0.707106769
f 7690/7690/7690 7691/7691/7691 7692/7692/7692
v 0.425801605 -0.403999984 0.241996080
vn -0.966022611 0.000000000 0.258457392
v 0.425801605 0.393999994 0.241996080
vn -0.966022611 0.000000000 0.258457392
v 0.425000012 0.393999994 0.239000008
vn -0.966022611 0.000000000 0.258457392
f 7693/7693/7693 7694/7694/7694 7695/7695/7695
v 0.425801605 -0.403999984 0.241996080
vn -0.966022611 0.000000000 0.258457392
v 0.425000012 0.393999994 0.239000008
vn -0.966022611 0.000000000 0.258457392
v 0.425000012 -0.403999984 0.239000008
vn -0.966022611 0.000000000 0.258457392
f 7696/7696/7696 7697/7697/7697 7698/7698/7698
v 0.431000024 -0.409999996 0.239000008
vn 0.000000000 -0.966022670 0.258457422
v 0.454999983 -0.409999996 0.239000008
vn 0.000000000 -0.966022670 0.258457422
v 0.455000043 -0.409198403 0.241996080
vn 0.000000000 -0.966022670 0.258457422
f 7699/7699/7699 7700/7700/7700 7701/7701/7701
v 0.431000024 -0.409999996 0.239000008
vn 0.000000000 -0.966022611 0.258457422
v 0.455000043 -0.409198403 0.241996080
vn 0.000000000 -0.966022611 0.258457422
v 0.431000024 -0.409198403 0.241996080
vn 0.000000000 -0.966022611 0.258457422
f 7702/7702/7702 7703/7703/7703 7704/7704/7704
v 0.431000024 -0.409198403 0.241996080
vn 0.000000000 -0.707106769 0.707106769
v 0.455000043 -0.409198403 0.241996080
vn 0.000000000 -0.707106769 0.707106769
v 0.455000043 -0.406996042 0.244198442
vn 0.000000000 -0.707106769 0.707106769
f 7705/7705/7705 7706/7706/7706 7707/7707/7707
v 0.431000024 -0.409198403 0.241996080
vn 0.000000000 -0.707106769 0.707106769
v 0.455000043 -0.406996042 0.244198442
vn 0.000000000 -0.707106769 0.707106769
v 0.431000024 -0.406996042 0.244198442
vn 0.000000000 -0.707106769 0.707106769
f 7708/7708/7708 7709/7709/7709 7710/7710/7710
v 0.431000024 -0.406996042 0.244198442
vn 0.000000000 -0.258449644 0.966024756
v 0.455000043 -0.406996042 0.244198442
vn 0.000000000 -0.258449644 0.966024756
v 0.454999983 -0.403999984 0.245000005
vn 0.000000000 -0.258449644 0.966024756
f 7711/7711/7711 7712/7712/7712 7713/7713/7713
v 0.431000024 -0.406996042 0.244198442
vn 0.000000000 -0.258449644 0.966024756
v 0.454999983 -0.403999984 0.245000005
vn 0.000000000 -0.258449644 0.966024756
v 0.431000024 -0.403999984 0.245000005
vn 0.000000000 -0.258449644 0.966024756
f 7714/7714/7714 7715/7715/7715 7716/7716/7716
v 0.460999995 -0.403999984 0.239000008
vn 0.966027439 -0.000000000 0.258439481
v 0.460999995 0.393999994 0.239000008
vn 0.966027439 -0.000000000 0.258439481
v 0.460198462 0.393999994 0.241996080
vn 0.966027439 -0.000000000 0.258439481
f 7717/7717/7717 7718/7718/7718 7719/7719/7719
v 0.460999995 -0.403999984 0.239000008
vn 0.966027439 0.000000000 0.258439481
v 0.460198462 0.393999994 0.241996080
vn 0.966027439 0.000000000 0.258439481
v 0.460198462 -0.403999984 0.241996080
vn 0.966027439 0.000000000 0.258439481
f 7720/7720/7720 7721/7721/7721 7722/7722/7722
v 0.460198462 -0.403999984 0.241996080
vn 0.707106769 -0.000000000 0.707106769
v 0.460198462 0.393999994 0.241996080
vn 0.707106769 -0.000000000 0.707106769
v 0.457996100 0.393999994 0.244198442
vn 0.707106769 -0.000000000 0.707106769
f 7723/7723/7723 7724/7724/7724 7725/7725/7725
v 0.460198462 -0.403999984 0.241996080
vn 0.707106769 0.000000000 0.707106769
v 0.457996100 0.393999994 0.244198442
vn 0.707106769 0.000000000 0.707106769
v 0.457996100 -0.403999984 0.244198442
vn 0.707106769 0.000000000 0.707106769
f 7726/7726/7726 7727/7727/7727 7728/7728/7728
v 0.457996100 -0.403999984 0.244198442
vn 0.258444875 -0.000000000 0.966026068
v 0.457996100 0.393999994 0.244198442
vn 0.258444875 -0.000000000 0.966026068
v 0.454999983 0.393999994 0.245000005
vn 0.258444875 -0.000000000 0.966026068
f 7729/7729/7729 7730/7730/7730 7731/7731/7731
v 0.457996100 -0.403999984 0.244198442
vn 0.258444875 0.000000000 0.966026068
v 0.454999983 0.393999994 0.245000005
vn 0.258444875 0.000000000 0.966026068
v 0.454999983 -0.403999984 0.245000005
vn 0.258444875 0.000000000 0.966026068
f 7732/7732/7732 7733/7733/7733 7734/7734/7734
v 0.454999983 0.400000006 0.239000008
vn 0.000000000 0.966022670 0.258457422
v 0.431000024 0.400000006 0.239000008
vn 0.000000000 0.966022670 0.258457422
v 0.431000024 0.399198413 0.241996080
vn 0.000000000 0.966022670 0.258457422
f 7735/7735/7735 7736/7736/7736 7737/7737/7737
v 0.454999983 0.400000006 0.239000008
vn 0.000000000 0.966022670 0.258457392
v 0.431000024 0.399198413 0.241996080
vn 0.000000000 0.966022670 0.258457392
v 0.455000043 0.399198413 0.241996080
vn 0.000000000 0.966022670 0.258457392
f 7738/7738/7738 7739/7739/7739 7740/7740/7740
v 0.455000043 0.399198413 0.241996080
vn 0.000000000 0.707106769 0.707106769
v 0.431000024 0.399198413 0.241996080
vn 0.000000000 0.707106769 0.707106769
v 0.431000024 0.396996051 0.244198442
vn 0.000000000 0.707106769 0.707106769
f 7741/7741/7741 7742/7742/7742 7743/7743/7743
v 0.455000043 0.399198413 0.241996080
vn 0.000000000 0.707106769 0.707106769
v 0.431000024 0.396996051 0.244198442
vn 0.000000000 0.707106769 0.707106769
v 0.455000043 0.396996051 0.244198442
vn 0.000000000 0.707106769 0.707106769
f 7744/7744/7744 7745/7745/7745 7746/7746/7746
v 0.455000043 0.396996051 0.244198442
vn 0.000000000 0.258449644 0.966024756
v 0.431000024 0.396996051 0.244198442
vn 0.000000000 0.258449644 0.966024756
v 0.431000024 0.393999994 0.245000005
vn 0.000000000 0.258449644 0.966024756
f 7747/7747/7747 7748/7748/7748 7749/7749/7749
v 0.455000043 0.396996051 0.244198442
vn 0.000000000 0.258449674 0.966024756
v 0.431000024 0.393999994 0.245000005
vn 0.000000000 0.258449674 0.966024756
v 0.454999983 0.393999994 0.245000005
vn 0.000000000 0.258449674 0.966024756
f 7750/7750/7750 7751/7751/7751 7752/7752/7752
v 0.431000024 -0.409999996 0.156000003
vn -0.258458614 -0.966022253 0.000000000
v 0.431000024 -0.409999996 0.239000008
vn -0.258458614 -0.966022253 0.000000000
v 0.428003967 -0.409198403 0.239000022
vn -0.258458614 -0.966022253 0.000000000
f 7753/7753/7753 7754/7754/7754 7755/7755/7755
v 0.431000024 -0.409999996 0.156000003
vn -0.258458585 -0.966022313 0.000000000
v 0.428003967 -0.409198403 0.239000022
vn -0.258458585 -0.966022313 0.000000000
v 0.428003967 -0.409198403 0.156000003
vn -0.258458585 -0.966022313 0.000000000
f 7756/7756/7756 7757/7757/7757 7758/7758/7758
v 0.428003967 -0.409198403 0.156000003
vn -0.707106769 -0.707106769 0.000000000
v 0.428003967 -0.409198403 0.239000022
vn -0.707106769 -0.707106769 0.000000000
v 0.425801605 -0.406996042 0.239000022
vn -0.707106769 -0.707106769 0.000000000
f 7759/7759/7759 7760/7760/7760 7761/7761/7761
v 0.428003967 -0.409198403 0.156000003
vn -0.707106769 -0.707106769 0.000000000
v 0.425801605 -0.406996042 0.239000022
vn -0.707106769 -0.707106769 0.000000000
v 0.425801605 -0.406996042 0.156000003
vn -0.707106769 -0.707106769 0.000000000
f 7762/7762/7762 7763/7763/7763 7764/7764/7764
v 0.425801605 -0.406996042 0.156000003
vn -0.966022313 -0.258458585 0.000000000
v 0.425801605 -0.406996042 0.239000022
vn -0.966022313 -0.258458585 0.000000000
v 0.425000012 -0.403999984 0.239000008
vn -0.966022313 -0.258458585 0.000000000
f 7765/7765/7765 7766/7766/7766 7767/7767/7767
v 0.425801605 -0.406996042 0.156000003
vn -0.966022253 -0.258458614 0.000000000
v 0.425000012 -0.403999984 0.239000008
vn -0.966022253 -0.258458614 0.000000000
v 0.425000012 -0.403999984 0.156000003
vn -0.966022253 -0.258458614 0.000000000
f 7768/7768/7768 7769/7769/7769 7770/7770/7770
v 0.460999995 -0.403999984 0.156000003
vn 0.966027081 -0.258440673 0.000000000
v 0.460999995 -0.403999984 0.239000008
vn 0.966027081 -0.258440673 0.000000000
v 0.460198462 -0.406996042 0.239000022
vn 0.966027081 -0.258440673 0.000000000
f 7771/7771/7771 7772/7772/7772 7773/7773/7773
v 0.460999995 -0.403999984 0.156000003
vn 0.966022313 -0.258458585 -0.000000694
v 0.460198462 -0.406996042 0.239000022
vn 0.966022313 -0.258458585 -0.000000694
v 0.460198402 -0.406996042 0.156000003
vn 0.966022313 -0.258458585 -0.000000694
f 7774/7774/7774 7775/7775/7775 7776/7776/7776
v 0.460198402 -0.406996042 0.156000003
vn 0.707106769 -0.707106769 -0.000000508
v 0.460198462 -0.406996042 0.239000022
vn 0.707106769 -0.707106769 -0.000000508
v 0.457996100 -0.409198403 0.239000022
vn 0.707106769 -0.707106769 -0.000000508
f 7777/7777/7777 7778/7778/7778 7779/7779/7779
v 0.460198402 -0.406996042 0.156000003
vn 0.707106769 -0.707106769 -0.000000508
v 0.457996100 -0.409198403 0.239000022
vn 0.707106769 -0.707106769 -0.000000508
v 0.457996041 -0.409198403 0.156000003
vn 0.707106769 -0.707106769 -0.000000508
f 7780/7780/7780 7781/7781/7781 7782/7782/7782
v 0.457996041 -0.409198403 0.156000003
vn 0.258453786 -0.966023624 -0.000000186
v 0.457996100 -0.409198403 0.239000022
vn 0.258453786 -0.966023624 -0.000000186
v 0.454999983 -0.409999996 0.239000008
vn 0.258453786 -0.966023624 -0.000000186
f 7783/7783/7783 7784/7784/7784 7785/7785/7785
v 0.457996041 -0.409198403 0.156000003
vn 0.258458614 -0.966022253 0.000000000
v 0.454999983 -0.409999996 0.239000008
vn 0.258458614 -0.966022253 0.000000000
v 0.454999983 -0.409999996 0.156000003
vn 0.258458614 -0.966022253 0.000000000
f 7786/7786/7786 7787/7787/7787 7788/7788/7788
v 0.454999983 0.400000006 0.156000003
vn 0.258453816 0.966023564 -0.000000000
v 0.454999983 0.400000006 0.239000008
vn 0.258453816 0.966023564 -0.000000000
v 0.457996100 0.399198413 0.239000022
vn 0.258453816 0.966023564 -0.000000000
f 7789/7789/7789 7790/7790/7790 7791/7791/7791
v 0.454999983 0.400000006 0.156000003
vn 0.258453786 0.966023624 0.000000000
v 0.457996100 0.399198413 0.239000022
vn 0.258453786 0.966023624 0.000000000
v 0.457996100 0.399198413 0.156000003
vn 0.258453786 0.966023624 0.000000000
f 7792/7792/7792 7793/7793/7793 7794/7794/7794
v 0.457996100 0.399198413 0.156000003
vn 0.707106769 0.707106769 -0.000000000
v 0.457996100 0.399198413 0.239000022
vn 0.707106769 0.707106769 -0.000000000
v 0.460198462 0.396996051 0.239000022
vn 0.707106769 0.707106769 -0.000000000
f 7795/7795/7795 7796/7796/7796 7797/7797/7797
v 0.457996100 0.399198413 0.156000003
vn 0.707106769 0.707106769 0.000000000
v 0.460198462 0.396996051 0.239000022
vn 0.707106769 0.707106769 0.000000000
v 0.460198462 0.396996051 0.156000003
vn 0.707106769 0.707106769 0.000000000
f 7798/7798/7798 7799/7799/7799 7800/7800/7800
v 0.460198462 0.396996051 0.156000003
vn 0.966027141 0.258440644 -0.000000000
v 0.460198462 0.396996051 0.239000022
vn 0.966027141 0.258440644 -0.000000000
v 0.460999995 0.393999994 0.239000008
vn 0.966027141 0.258440644 -0.000000000
f 7801/7801/7801 7802/7802/7802 7803/7803/7803
v 0.460198462 0.396996051 0.156000003
vn 0.966027081 0.258440673 0.000000000
v 0.460999995 0.393999994 0.239000008
vn 0.966027081 0.258440673 0.000000000
v 0.460999995 0.393999994 0.156000003
vn 0.966027081 0.258440673 0.000000000
f 7804/7804/7804 7805/7805/7805 7806/7806/7806
v 0.425000012 0.393999994 0.156000003
vn -0.966022253 0.258458614 0.000000000
v 0.425000012 0.393999994 0.239000008
vn -0.966022253 0.258458614 0.000000000
v 0.425801605 0.396996051 0.239000022
vn -0.966022253 0.258458614 0.000000000
f 7807/7807/7807 7808/7808/7808 7809/7809/7809
v 0.425000012 0.393999994 0.156000003
vn -0.966022313 0.258458585 0.000000000
v 0.425801605 0.396996051 0.239000022
vn -0.966022313 0.258458585 0.000000000
v 0.425801605 0.396996051 0.156000003
vn -0.966022313 0.258458585 0.000000000
f 7810/7810/7810 7811/7811/7811 7812/7812/7812
v 0.425801605 0.396996051 0.156000003
vn -0.707106769 0.707106769 0.000000000
v 0.425801605 0.396996051 0.239000022
vn -0.707106769 0.707106769 0.000000000
v 0.428003967 0.399198413 0.239000022
vn -0.707106769 0.707106769 0.000000000
f 7813/7813/7813 7814/7814/7814 7815/7815/7815
v 0.425801605 0.396996051 0.156000003
vn -0.707106769 0.707106769 0.000000000
v 0.428003967 0.399198413 0.239000022
vn -0.707106769 0.707106769 0.000000000
v 0.428003967 0.399198413 0.156000003
vn -0.707106769 0.707106769 0.000000000
f 7816/7816/7816 7817/7817/7817 7818/7818/7818
v 0.428003967 0.399198413 0.156000003
vn -0.258458585 0.966022313 0.000000000
v 0.428003967 0.399198413 0.239000022
vn -0.258458585 0.966022313 0.000000000
v 0.431000024 0.400000006 0.239000008
vn -0.258458585 0.966022313 0.000000000
f 7819/7819/7819 7820/7820/7820 7821/7821/7821
v 0.428003967 0.399198413 0.156000003
vn -0.258458614 0.966022253 0.000000000
v 0.431000024 0.400000006 0.239000008
vn -0.258458614 0.966022253 0.000000000
v 0.431000024 0.400000006 0.156000003
vn -0.258458614 0.966022253 0.000000000
f 7822/7822/7822 7823/7823/7823 7824/7824/7824
v 0.431000024 -0.409999996 0.156000003
vn 0.000000000 -1.000000000 0.000000000
v 0.454999983 -0.409999996 0.156000003
vn 0.000000000 -1.000000000 0.000000000
v 0.454999983 -0.409999996 0.239000008
vn 0.000000000 -1.000000000 0.000000000
f 7825/7825/7825 7826/7826/7826 7827/7827/7827
v 0.431000024 -0.409999996 0.156000003
vn 0.000000000 -1.000000000 0.000000000
v 0.454999983 -0.409999996 0.239000008
vn 0.000000000 -1.000000000 0.000000000
v 0.431000024 -0.409999996 0.239000008
vn 0.000000000 -1.000000000 0.000000000
f 7828/7828/7828 7829/7829/7829 7830/7830/7830
v 0.431000024 -0.403999984 0.150000006
vn 0.000000000 0.000000000 -1.000000000
v 0.431000024 0.393999994 0.150000006
vn 0.000000000 0.000000000 -1.000000000
v 0.454999983 0.393999994 0.150000006
vn 0.000000000 0.000000000 -1.000000000
f 7831/7831/7831 7832/7832/7832 7833/7833/7833
v 0.431000024 -0.403999984 0.150000006
vn 0.000000000 0.000000000 -1.000000000
v 0.454999983 0.393999994 0.150000006
vn 0.000000000 0.000000000 -1.000000000
v 0.454999983 -0.403999984 0.150000006
vn 0.000000000 0.000000000 -1.000000000
f 7834/7834/7834 7835/7835/7835 7836/7836/7836
v 0.425000012 0.393999994 0.156000003
vn -1.000000000 0.000000000 0.000000000
v 0.425000012 -0.403999984 0.156000003
vn -1.000000000 0.000000000 0.000000000
v 0.425000012 -0.403999984 0.239000008
vn -1.000000000 0.000000000 0.000000000
f 7837/7837/7837 7838/7838/7838 7839/7839/7839
v 0.425000012 0.393999994 0.156000003
vn -1.000000000 0.000000000 0.000000000
v 0.425000012 -0.403999984 0.239000008
vn -1.000000000 0.000000000 0.000000000
v 0.425000012 0.393999994 0.239000008
vn -1.000000000 0.000000000 0.000000000
f 7840/7840/7840 7841/7841/7841 7842/7842/7842
v 0.460999995 -0.403999984 0.156000003
vn 1.000000000 0.000000000 0.000000000
v 0.460999995 0.393999994 0.156000003
vn 1.000000000 0.000000000 0.000000000
v 0.460999995 0.393999994 0.239000008
vn 1.000000000 0.000000000 0.000000000
f 7843/7843/7843 7844/7844/7844 7845/7845/7845
v 0.460999995 -0.403999984 0.156000003
vn 1.000000000 0.000000000 0.000000000
v 0.460999995 0.393999994 0.239000008
vn 1.000000000 0.000000000 0.000000000
v 0.460999995 -0.403999984 0.239000008
vn 1.000000000 0.000000000 0.000000000
f 7846/7846/7846 7847/7847/7847 7848/7848/7848
v 0.454999983 0.400000006 0.156000003
vn 0.000000000 1.000000000 0.000000000
v 0.431000024 0.400000006 0.156000003
vn 0.000000000 1.000000000 0.000000000
v 0.431000024 0.400000006 0.239000008
vn 0.000000000 1.000000000 0.000000000
f 7849/7849/7849 7850/7850/7850 7851/7851/7851
v 0.454999983 0.400000006 0.156000003
vn 0.000000000 1.000000000 -0.000000000
v 0.431000024 0.400000006 0.239000008
vn 0.000000000 1.000000000 -0.000000000
v 0.454999983 0.400000006 0.239000008
vn 0.000000000 1.000000000 -0.000000000
f 7852/7852/7852 7853/7853/7853 7854/7854/7854
v 0.431000024 -0.403999984 0.245000005
vn 0.000000000 0.000000000 1.000000000
v 0.454999983 -0.403999984 0.245000005
vn 0.000000000 0.000000000 1.000000000
v 0.454999983 0.393999994 0.245000005
vn 0.000000000 0.000000000 1.000000000
f 7855/7855/7855 7856/7856/7856 7857/7857/7857
v 0.431000024 -0.403999984 0.245000005
vn 0.000000000 0.000000000 1.000000000
v 0.454999983 0.393999994 0.245000005
vn 0.000000000 0.000000000 1.000000000
v 0.431000024 0.393999994 0.245000005
vn 0.000000000 0.000000000 1.000000000
f 7858/7858/7858 7859/7859/7859 7860/7860/7860
