# Native geometry authored with Blender MCP in an isolated background process.
mtllib ../Materials/pz_street_pole_18.mtl
o pz_street_pole_18_|_tapered_native_street_pole
usemtl UV_Base
v 0.0710000 0.0000000 0.0150000
vn 0.0000000 0.0000000 -1.0000000
v 0.0614878 -0.0355000 0.0150000
vn 0.0000000 0.0000000 -1.0000000
v 0.0355000 -0.0614878 0.0150000
vn 0.0000000 0.0000000 -1.0000000
vt 0.063024107 0.564715178
vt 0.059063960 0.579494642
vt 0.048244642 0.590313960
vt 0.048244642 0.590313960
vt 0.033465178 0.594274107
vt 0.018685714 0.590313960
vt 0.018685714 0.590313960
vt 0.007866397 0.579494642
vt 0.003906250 0.564715178
vt 0.003906250 0.564715178
vt 0.007866397 0.549935714
vt 0.018685714 0.539116397
vt 0.018685714 0.539116397
vt 0.033465178 0.535156250
vt 0.048244642 0.539116397
vt 0.048244642 0.539116397
vt 0.059063960 0.549935714
vt 0.063024107 0.564715178
vt 0.063024107 0.564715178
vt 0.048244642 0.590313960
vt 0.018685714 0.590313960
vt 0.018685714 0.590313960
vt 0.003906250 0.564715178
vt 0.018685714 0.539116397
vt 0.018685714 0.539116397
vt 0.048244642 0.539116397
vt 0.063024107 0.564715178
vt 0.018685714 0.590313960
vt 0.018685714 0.539116397
vt 0.063024107 0.564715178
vt 0.185437340 0.540360287
vt 0.186831772 0.545564323
vt 0.185437340 0.550768360
vt 0.185437340 0.550768360
vt 0.181627735 0.554577965
vt 0.176423698 0.555972397
vt 0.176423698 0.555972397
vt 0.171219662 0.554577965
vt 0.167410057 0.550768360
vt 0.167410057 0.550768360
vt 0.166015625 0.545564323
vt 0.167410057 0.540360287
vt 0.167410057 0.540360287
vt 0.171219662 0.536550682
vt 0.176423698 0.535156250
vt 0.176423698 0.535156250
vt 0.181627735 0.536550682
vt 0.185437340 0.540360287
vt 0.185437340 0.540360287
vt 0.185437340 0.550768360
vt 0.176423698 0.555972397
vt 0.176423698 0.555972397
vt 0.167410057 0.550768360
vt 0.167410057 0.540360287
vt 0.167410057 0.540360287
vt 0.176423698 0.535156250
vt 0.185437340 0.540360287
vt 0.176423698 0.555972397
vt 0.167410057 0.540360287
vt 0.185437340 0.540360287
vt 0.003906250 0.033341144
vt 0.003906250 0.018040317
vt 0.026686421 0.017717062
vt 0.003906250 0.033341144
vt 0.026686421 0.017717062
vt 0.026686421 0.033664401
vt 0.003906250 0.018040317
vt 0.004376903 0.004789414
vt 0.027176961 0.003906250
vt 0.003906250 0.018040317
vt 0.027176961 0.003906250
vt 0.026686421 0.017717062
vt 0.004037679 0.086617908
vt 0.003906250 0.071399282
vt 0.026622702 0.071202646
vt 0.004037679 0.086617908
vt 0.026622702 0.071202646
vt 0.026759683 0.087064311
vt 0.003906250 0.071399282
vt 0.004423833 0.057427614
vt 0.027162154 0.056640625
vt 0.003906250 0.071399282
vt 0.027162154 0.056640625
vt 0.026622702 0.071202646
vt 0.004037679 0.125680405
vt 0.003906250 0.110461782
vt 0.026622701 0.110265140
vt 0.004037679 0.125680405
vt 0.026622701 0.110265140
vt 0.026759683 0.126126818
vt 0.003906250 0.110461782
vt 0.004423833 0.096490113
vt 0.027162155 0.095703125
vt 0.003906250 0.110461782
vt 0.027162155 0.095703125
vt 0.026622701 0.110265140
vt 0.004037679 0.164742914
vt 0.003906250 0.149524287
vt 0.026622701 0.149327655
vt 0.004037679 0.164742914
vt 0.026622701 0.149327655
vt 0.026759684 0.165189318
vt 0.003906250 0.149524287
vt 0.004423833 0.135552622
vt 0.027162155 0.134765625
vt 0.003906250 0.149524287
vt 0.027162155 0.134765625
vt 0.026622701 0.149327655
vt 0.004037679 0.203805408
vt 0.003906250 0.188586782
vt 0.026622702 0.188390146
vt 0.004037679 0.203805408
vt 0.026622702 0.188390146
vt 0.026759683 0.204251811
vt 0.003906250 0.188586782
vt 0.004423833 0.174615114
vt 0.027162154 0.173828125
vt 0.003906250 0.188586782
vt 0.027162154 0.173828125
vt 0.026622702 0.188390146
vt 0.003906250 0.228514714
vt 0.003906250 0.213213889
vt 0.026514360 0.212890625
vt 0.003906250 0.228514714
vt 0.026514360 0.212890625
vt 0.026514360 0.228837978
vt 0.004376903 0.046592049
vt 0.003906250 0.033341144
vt 0.026686421 0.033664401
vt 0.004376903 0.046592049
vt 0.026686421 0.033664401
vt 0.027176961 0.047475206
vt 0.026686421 0.033664401
vt 0.026686421 0.017717062
vt 0.056318095 0.020087609
vt 0.026686421 0.033664401
vt 0.056318095 0.020087609
vt 0.056318094 0.031293851
vt 0.003906250 0.254228603
vt 0.003906250 0.238281250
vt 0.034129513 0.240651813
vt 0.003906250 0.254228603
vt 0.034129513 0.240651813
vt 0.034129513 0.251858040
vt 0.026759683 0.087064311
vt 0.026622702 0.071202646
vt 0.056415330 0.072644641
vt 0.026759683 0.087064311
vt 0.056415330 0.072644641
vt 0.056511588 0.083790678
vt 0.003906251 0.279619214
vt 0.003906250 0.263671875
vt 0.034129514 0.266042422
vt 0.003906251 0.279619214
vt 0.034129514 0.266042422
vt 0.034129512 0.277248664
vt 0.026759683 0.126126818
vt 0.026622701 0.110265140
vt 0.056415330 0.111707145
vt 0.026759683 0.126126818
vt 0.056415330 0.111707145
vt 0.056511588 0.122853168
vt 0.003906250 0.305009839
vt 0.003906251 0.289062500
vt 0.034129512 0.291433050
vt 0.003906250 0.305009839
vt 0.034129512 0.291433050
vt 0.034129514 0.302639292
vt 0.026759684 0.165189318
vt 0.026622701 0.149327655
vt 0.056415331 0.150769644
vt 0.026759684 0.165189318
vt 0.056415331 0.150769644
vt 0.056511588 0.161915683
vt 0.003906250 0.330400478
vt 0.003906250 0.314453125
vt 0.034129513 0.316823688
vt 0.003906250 0.330400478
vt 0.034129513 0.316823688
vt 0.034129513 0.328029915
vt 0.026759683 0.204251811
vt 0.026622702 0.188390146
vt 0.056415330 0.189832141
vt 0.026759683 0.204251811
vt 0.056415330 0.189832141
vt 0.056511588 0.200978178
vt 0.003906251 0.355791089
vt 0.003906250 0.339843750
vt 0.034129514 0.342214297
vt 0.003906251 0.355791089
vt 0.034129514 0.342214297
vt 0.034129512 0.353420539
vt 0.026514360 0.228837978
vt 0.026514360 0.212890625
vt 0.056479603 0.215261188
vt 0.026514360 0.228837978
vt 0.056479603 0.215261188
vt 0.056479603 0.226467415
vt 0.003906250 0.381181714
vt 0.003906251 0.365234375
vt 0.034129512 0.367604925
vt 0.003906250 0.381181714
vt 0.034129512 0.367604925
vt 0.034129514 0.378811167
vt 0.056318094 0.031293851
vt 0.056318095 0.020087609
vt 0.090006152 0.022027157
vt 0.056318094 0.031293851
vt 0.090006152 0.022027157
vt 0.090006153 0.029354310
vt 0.034129513 0.251858040
vt 0.034129513 0.240651813
vt 0.068181423 0.242591337
vt 0.034129513 0.251858040
vt 0.068181423 0.242591337
vt 0.068181423 0.249918515
vt 0.056511588 0.083790678
vt 0.056415330 0.072644641
vt 0.090220371 0.073824454
vt 0.056511588 0.083790678
vt 0.090220371 0.073824454
vt 0.090283308 0.081112244
vt 0.034129512 0.277248664
vt 0.034129514 0.266042422
vt 0.068181422 0.267981970
vt 0.034129512 0.277248664
vt 0.068181422 0.267981970
vt 0.068181425 0.275309123
vt 0.056511588 0.122853168
vt 0.056415330 0.111707145
vt 0.090220370 0.112886944
vt 0.056511588 0.122853168
vt 0.090220370 0.112886944
vt 0.090283308 0.120174757
vt 0.034129514 0.302639292
vt 0.034129512 0.291433050
vt 0.068181425 0.293372591
vt 0.034129514 0.302639292
vt 0.068181425 0.293372591
vt 0.068181422 0.300699744
vt 0.056511588 0.161915683
vt 0.056415331 0.150769644
vt 0.090220370 0.151949467
vt 0.056511588 0.161915683
vt 0.090220370 0.151949467
vt 0.090283309 0.159237255
vt 0.034129513 0.328029915
vt 0.034129513 0.316823688
vt 0.068181423 0.318763212
vt 0.034129513 0.328029915
vt 0.068181423 0.318763212
vt 0.068181423 0.326090390
vt 0.056511588 0.200978178
vt 0.056415330 0.189832141
vt 0.090220371 0.191011954
vt 0.056511588 0.200978178
vt 0.090220371 0.191011954
vt 0.090283308 0.198299744
vt 0.034129512 0.353420539
vt 0.034129514 0.342214297
vt 0.068181422 0.344153845
vt 0.034129512 0.353420539
vt 0.068181422 0.344153845
vt 0.068181425 0.351480998
vt 0.056479603 0.226467415
vt 0.056479603 0.215261188
vt 0.090396011 0.217200712
vt 0.056479603 0.226467415
vt 0.090396011 0.217200712
vt 0.090396011 0.224527890
vt 0.034129514 0.378811167
vt 0.034129512 0.367604925
vt 0.068181425 0.369544466
vt 0.034129514 0.378811167
vt 0.068181425 0.369544466
vt 0.068181422 0.376871619
vt 0.090006153 0.029354310
vt 0.090006152 0.022027157
vt 0.996093750 0.022996920
vt 0.090006153 0.029354310
vt 0.996093750 0.022996920
vt 0.996093749 0.028384539
vt 0.068181423 0.249918515
vt 0.068181423 0.242591337
vt 0.963135469 0.243561129
vt 0.068181423 0.249918515
vt 0.963135469 0.243561129
vt 0.963135469 0.248948724
vt 0.090283308 0.081112244
vt 0.090220371 0.073824454
vt 0.994981544 0.074414361
vt 0.090283308 0.081112244
vt 0.994981544 0.074414361
vt 0.995027823 0.079773034
vt 0.068181425 0.275309123
vt 0.068181422 0.267981970
vt 0.963135467 0.268951733
vt 0.068181425 0.275309123
vt 0.963135467 0.268951733
vt 0.963135464 0.274339352
vt 0.090283308 0.120174757
vt 0.090220370 0.112886944
vt 0.994981546 0.113476869
vt 0.090283308 0.120174757
vt 0.994981546 0.113476869
vt 0.995027824 0.118835519
vt 0.068181422 0.300699744
vt 0.068181425 0.293372591
vt 0.963135467 0.294342362
vt 0.068181422 0.300699744
vt 0.963135467 0.294342362
vt 0.963135470 0.299729981
vt 0.090283309 0.159237255
vt 0.090220370 0.151949467
vt 0.994981546 0.152539364
vt 0.090283309 0.159237255
vt 0.994981546 0.152539364
vt 0.995027822 0.157898040
vt 0.068181423 0.326090390
vt 0.068181423 0.318763212
vt 0.963135469 0.319733004
vt 0.068181423 0.326090390
vt 0.963135469 0.319733004
vt 0.963135469 0.325120599
vt 0.090283308 0.198299744
vt 0.090220371 0.191011954
vt 0.994981544 0.191601861
vt 0.090283308 0.198299744
vt 0.994981544 0.191601861
vt 0.995027823 0.196960534
vt 0.068181425 0.351480998
vt 0.068181422 0.344153845
vt 0.963135467 0.345123608
vt 0.068181425 0.351480998
vt 0.963135467 0.345123608
vt 0.963135464 0.350511227
vt 0.090396011 0.224527890
vt 0.090396011 0.217200712
vt 0.992401230 0.218170504
vt 0.090396011 0.224527890
vt 0.992401230 0.218170504
vt 0.992401230 0.223558099
vt 0.068181422 0.376871619
vt 0.068181425 0.369544466
vt 0.963135467 0.370514237
vt 0.068181422 0.376871619
vt 0.963135467 0.370514237
vt 0.963135470 0.375901856
vt 0.972656250 0.245775090
vt 0.987643876 0.245775090
vt 0.980150063 0.253268904
vt 0.980150063 0.238281250
vt 0.987643876 0.245775090
vt 0.972656250 0.245775090
vt 0.987643876 0.271165679
vt 0.972656250 0.271165679
vt 0.980150063 0.263671875
vt 0.980150063 0.278659516
vt 0.972656250 0.271165679
vt 0.987643876 0.271165679
vt 0.510870763 0.399908488
vt 0.486705505 0.412359748
vt 0.481850802 0.402940462
vt 0.510870763 0.399908488
vt 0.481850802 0.402940462
vt 0.505760199 0.390625000
vt 0.607322819 0.453041092
vt 0.583413406 0.440725678
vt 0.588268084 0.431306377
vt 0.607322819 0.453041092
vt 0.588268084 0.431306377
vt 0.612433358 0.443757589
vt 0.093507481 0.454291388
vt 0.069852847 0.442112852
vt 0.074706989 0.432693222
vt 0.093507481 0.454291388
vt 0.074706989 0.432693222
vt 0.098617484 0.445007613
vt 0.202133030 0.399908764
vt 0.178222548 0.412223194
vt 0.173368385 0.402803575
vt 0.202133030 0.399908764
vt 0.173368385 0.402803575
vt 0.197023007 0.390625000
vt 0.486705505 0.412359748
vt 0.465750008 0.423057323
vt 0.460532995 0.413833083
vt 0.486705505 0.412359748
vt 0.460532995 0.413833083
vt 0.481850802 0.402940462
vt 0.583413406 0.440725678
vt 0.562095585 0.429833098
vt 0.567312574 0.420608844
vt 0.583413406 0.440725678
vt 0.567312574 0.420608844
vt 0.588268084 0.431306377
vt 0.069852847 0.442112852
vt 0.048171791 0.431026113
vt 0.053388201 0.421801547
vt 0.069852847 0.442112852
vt 0.053388201 0.421801547
vt 0.074706989 0.432693222
vt 0.178222548 0.412223194
vt 0.156903770 0.423114903
vt 0.151687340 0.413890348
vt 0.178222548 0.412223194
vt 0.151687340 0.413890348
vt 0.173368385 0.402803575
vt 0.465750008 0.423057323
vt 0.443699353 0.436719788
vt 0.437652946 0.428016239
vt 0.465750008 0.423057323
vt 0.437652946 0.428016239
vt 0.460532995 0.413833083
vt 0.562095585 0.429833098
vt 0.539215505 0.415649998
vt 0.545261889 0.406946431
vt 0.562095585 0.429833098
vt 0.545261889 0.406946431
vt 0.567312574 0.420608844
vt 0.048171791 0.431026113
vt 0.024461268 0.416323511
vt 0.030507155 0.407619624
vt 0.048171791 0.431026113
vt 0.030507155 0.407619624
vt 0.053388201 0.421801547
vt 0.156903770 0.423114903
vt 0.134022749 0.437296870
vt 0.127976843 0.428592996
vt 0.156903770 0.423114903
vt 0.127976843 0.428592996
vt 0.151687340 0.413890348
vt 0.443699353 0.436719788
vt 0.437355361 0.441644389
vt 0.430531563 0.433536448
vt 0.443699353 0.436719788
vt 0.430531563 0.433536448
vt 0.437652946 0.428016239
vt 0.539215505 0.415649998
vt 0.532094105 0.410129809
vt 0.538917881 0.402021850
vt 0.539215505 0.415649998
vt 0.538917881 0.402021850
vt 0.545261889 0.406946431
vt 0.024461268 0.416323511
vt 0.016562188 0.410208258
vt 0.023385486 0.402099894
vt 0.024461268 0.416323511
vt 0.023385486 0.402099894
vt 0.030507155 0.407619624
vt 0.134022749 0.437296870
vt 0.126901094 0.442816617
vt 0.120077779 0.434708268
vt 0.134022749 0.437296870
vt 0.120077779 0.434708268
vt 0.127976843 0.428592996
vt 0.437355361 0.441644389
vt 0.431757704 0.446787559
vt 0.424624648 0.438951045
vt 0.437355361 0.441644389
vt 0.424624648 0.438951045
vt 0.430531563 0.433536448
vt 0.532094105 0.410129809
vt 0.526187170 0.404715234
vt 0.533320205 0.396878700
vt 0.532094105 0.410129809
vt 0.533320205 0.396878700
vt 0.538917881 0.402021850
vt 0.016562188 0.410208258
vt 0.010345833 0.404522763
vt 0.017478352 0.396685768
vt 0.016562188 0.410208258
vt 0.017478352 0.396685768
vt 0.023385486 0.402099894
vt 0.126901094 0.442816617
vt 0.120993976 0.448230760
vt 0.113861440 0.440393781
vt 0.126901094 0.442816617
vt 0.113861440 0.440393781
vt 0.120077779 0.434708268
vt 0.431757704 0.446787559
vt 0.424885192 0.453041283
vt 0.417968750 0.445012340
vt 0.431757704 0.446787559
vt 0.417968750 0.445012340
vt 0.424624648 0.438951045
vt 0.526187170 0.404715234
vt 0.519531250 0.398653962
vt 0.526447671 0.390625000
vt 0.526187170 0.404715234
vt 0.526447671 0.390625000
vt 0.533320205 0.396878700
vt 0.010345833 0.404522763
vt 0.003906250 0.398654339
vt 0.010822207 0.390625000
vt 0.010345833 0.404522763
vt 0.010822207 0.390625000
vt 0.017478352 0.396685768
vt 0.120993976 0.448230760
vt 0.114337849 0.454291547
vt 0.107421875 0.446262223
vt 0.120993976 0.448230760
vt 0.107421875 0.446262223
vt 0.113861440 0.440393781
vt 0.758071832 0.519531250
vt 0.758071832 0.526596484
vt 0.751953125 0.523063867
vt 0.773696832 0.526596484
vt 0.767578125 0.523063867
vt 0.773696832 0.519531250
vt 0.789321832 0.519531250
vt 0.789321832 0.526596484
vt 0.783203125 0.523063867
vt 0.804946832 0.519531250
vt 0.804946832 0.526596484
vt 0.798828125 0.523063867
vt 0.814453125 0.526596484
vt 0.814453125 0.519531250
vt 0.820571832 0.523063867
vt 0.830078125 0.526596484
vt 0.830078125 0.519531250
vt 0.836196832 0.523063867
vt 0.845703125 0.526596484
vt 0.845703125 0.519531250
vt 0.851821832 0.523063867
vt 0.861328125 0.519531250
vt 0.867446832 0.523063867
vt 0.861328125 0.526596484
vt 0.496093750 0.462890625
vt 0.569366586 0.462890625
vt 0.569366586 0.469955889
vt 0.496093750 0.462890625
vt 0.569366586 0.469955889
vt 0.496093750 0.469955889
vt 0.996093750 0.462890625
vt 0.996093750 0.511184085
vt 0.989028486 0.511184085
vt 0.996093750 0.462890625
vt 0.989028486 0.511184085
vt 0.989028486 0.462890625
vt 0.651397836 0.469955889
vt 0.578125000 0.469955889
vt 0.578125000 0.462890625
vt 0.651397836 0.469955889
vt 0.578125000 0.462890625
vt 0.651397836 0.462890625
vt 0.167968750 0.519531250
vt 0.216262210 0.519531250
vt 0.216262210 0.526596514
vt 0.167968750 0.519531250
vt 0.216262210 0.526596514
vt 0.167968750 0.526596514
vt 0.224609375 0.519531250
vt 0.272902835 0.519531250
vt 0.272902835 0.526596514
vt 0.224609375 0.519531250
vt 0.272902835 0.526596514
vt 0.224609375 0.526596514
vt 0.660156250 0.462890625
vt 0.733429086 0.462890625
vt 0.733429086 0.469955889
vt 0.660156250 0.462890625
vt 0.733429086 0.469955889
vt 0.660156250 0.469955889
vt 0.281250000 0.519531250
vt 0.329543460 0.519531250
vt 0.329543460 0.526596514
vt 0.281250000 0.519531250
vt 0.329543460 0.526596514
vt 0.281250000 0.526596514
vt 0.815460336 0.469955889
vt 0.742187500 0.469955889
vt 0.742187500 0.462890625
vt 0.815460336 0.469955889
vt 0.742187500 0.462890625
vt 0.815460336 0.462890625
vt 0.564453125 0.519531250
vt 0.579440751 0.519531250
vt 0.579440751 0.526596484
vt 0.564453125 0.519531250
vt 0.579440751 0.526596484
vt 0.564453125 0.526596484
vt 0.587890625 0.519531250
vt 0.602878251 0.519531250
vt 0.602878251 0.526596484
vt 0.587890625 0.519531250
vt 0.602878251 0.526596484
vt 0.587890625 0.526596484
vt 0.611328125 0.519531250
vt 0.626315751 0.519531250
vt 0.626315751 0.526596484
vt 0.611328125 0.519531250
vt 0.626315751 0.526596484
vt 0.611328125 0.526596484
vt 0.634765625 0.519531250
vt 0.649753251 0.519531250
vt 0.649753251 0.526596484
vt 0.634765625 0.519531250
vt 0.649753251 0.526596484
vt 0.634765625 0.526596484
vt 0.167968750 0.462890625
vt 0.241241586 0.462890625
vt 0.241241586 0.477878251
vt 0.167968750 0.462890625
vt 0.241241586 0.477878251
vt 0.167968750 0.477878251
vt 0.824218750 0.438918460
vt 0.824218750 0.390625000
vt 0.897491586 0.390625000
vt 0.824218750 0.438918460
vt 0.897491586 0.390625000
vt 0.897491586 0.438918460
vt 0.072902999 0.583449710
vt 0.072902999 0.535156250
vt 0.087890625 0.535156250
vt 0.072902999 0.583449710
vt 0.087890625 0.535156250
vt 0.087890625 0.583449710
vt 0.111328125 0.535156250
vt 0.111328125 0.583449710
vt 0.096340499 0.583449710
vt 0.111328125 0.535156250
vt 0.096340499 0.583449710
vt 0.096340499 0.535156250
vt 0.323272836 0.477878251
vt 0.250000000 0.477878251
vt 0.250000000 0.462890625
vt 0.323272836 0.477878251
vt 0.250000000 0.462890625
vt 0.323272836 0.462890625
vt 0.906250000 0.390625000
vt 0.979522836 0.390625000
vt 0.979522836 0.438918460
vt 0.906250000 0.390625000
vt 0.979522836 0.438918460
vt 0.906250000 0.438918460
vt 0.987643876 0.296556315
vt 0.972656250 0.296556315
vt 0.980150063 0.289062500
vt 0.980150063 0.304050154
vt 0.972656250 0.296556315
vt 0.987643876 0.296556315
vt 0.972656250 0.321946963
vt 0.987643876 0.321946963
vt 0.980150063 0.329440766
vt 0.980150063 0.314453125
vt 0.987643876 0.321946963
vt 0.972656250 0.321946963
vt 0.621093750 0.443757795
vt 0.645259008 0.431306535
vt 0.650113710 0.440725821
vt 0.621093750 0.443757795
vt 0.650113710 0.440725821
vt 0.626204314 0.453041283
vt 0.727766789 0.390625000
vt 0.751676202 0.402940414
vt 0.746821524 0.412359714
vt 0.727766789 0.390625000
vt 0.746821524 0.412359714
vt 0.722656250 0.399908503
vt 0.216047503 0.390625000
vt 0.239702137 0.402803537
vt 0.234847995 0.412223167
vt 0.216047503 0.390625000
vt 0.234847995 0.412223167
vt 0.210937500 0.399908775
vt 0.314453125 0.445007783
vt 0.338363607 0.432693354
vt 0.343217770 0.442112972
vt 0.314453125 0.445007783
vt 0.343217770 0.442112972
vt 0.319563148 0.454291547
vt 0.645259008 0.431306535
vt 0.666214504 0.420608960
vt 0.671431518 0.429833200
vt 0.645259008 0.431306535
vt 0.671431518 0.429833200
vt 0.650113710 0.440725821
vt 0.751676202 0.402940414
vt 0.772994023 0.413832993
vt 0.767777033 0.423057248
vt 0.751676202 0.402940414
vt 0.767777033 0.423057248
vt 0.746821524 0.412359714
vt 0.239702137 0.402803537
vt 0.261383193 0.413890275
vt 0.256166783 0.423114841
vt 0.239702137 0.402803537
vt 0.256166783 0.423114841
vt 0.234847995 0.412223167
vt 0.338363607 0.432693354
vt 0.359682385 0.421801645
vt 0.364898815 0.431026199
vt 0.338363607 0.432693354
vt 0.364898815 0.431026199
vt 0.343217770 0.442112972
vt 0.666214504 0.420608960
vt 0.688265160 0.406946495
vt 0.694311567 0.415650044
vt 0.666214504 0.420608960
vt 0.694311567 0.415650044
vt 0.671431518 0.429833200
vt 0.772994023 0.413832993
vt 0.795874103 0.428016094
vt 0.789827719 0.436719660
vt 0.772994023 0.413832993
vt 0.789827719 0.436719660
vt 0.767777033 0.423057248
vt 0.261383193 0.413890275
vt 0.285093716 0.428592877
vt 0.279047829 0.437296764
vt 0.261383193 0.413890275
vt 0.279047829 0.437296764
vt 0.256166783 0.423114841
vt 0.359682385 0.421801645
vt 0.382563406 0.407619677
vt 0.388609312 0.416323551
vt 0.359682385 0.421801645
vt 0.388609312 0.416323551
vt 0.364898815 0.431026199
vt 0.688265160 0.406946495
vt 0.694609152 0.402021894
vt 0.701432950 0.410129835
vt 0.688265160 0.406946495
vt 0.701432950 0.410129835
vt 0.694311567 0.415650044
vt 0.795874103 0.428016094
vt 0.802995503 0.433536282
vt 0.796171726 0.441644242
vt 0.795874103 0.428016094
vt 0.796171726 0.441644242
vt 0.789827719 0.436719660
vt 0.285093716 0.428592877
vt 0.292992796 0.434708130
vt 0.286169498 0.442816494
vt 0.285093716 0.428592877
vt 0.286169498 0.442816494
vt 0.279047829 0.437296764
vt 0.382563406 0.407619677
vt 0.389685061 0.402099930
vt 0.396508376 0.410208279
vt 0.382563406 0.407619677
vt 0.396508376 0.410208279
vt 0.388609312 0.416323551
vt 0.694609152 0.402021894
vt 0.700206809 0.396878724
vt 0.707339865 0.404715238
vt 0.694609152 0.402021894
vt 0.707339865 0.404715238
vt 0.701432950 0.410129835
vt 0.802995503 0.433536282
vt 0.808902438 0.438950858
vt 0.801769402 0.446787392
vt 0.802995503 0.433536282
vt 0.801769402 0.446787392
vt 0.796171726 0.441644242
vt 0.292992796 0.434708130
vt 0.299209151 0.440393625
vt 0.292076632 0.448230620
vt 0.292992796 0.434708130
vt 0.292076632 0.448230620
vt 0.286169498 0.442816494
vt 0.389685061 0.402099930
vt 0.395592179 0.396685787
vt 0.402724715 0.404522766
vt 0.389685061 0.402099930
vt 0.402724715 0.404522766
vt 0.396508376 0.410208279
vt 0.700206809 0.396878724
vt 0.707079321 0.390625000
vt 0.713995763 0.398653943
vt 0.700206809 0.396878724
vt 0.713995763 0.398653943
vt 0.707339865 0.404715238
vt 0.808902438 0.438950858
vt 0.815558358 0.445012130
vt 0.808641937 0.453041092
vt 0.808902438 0.438950858
vt 0.808641937 0.453041092
vt 0.801769402 0.446787392
vt 0.299209151 0.440393625
vt 0.305648734 0.446262049
vt 0.298732778 0.454291388
vt 0.299209151 0.440393625
vt 0.298732778 0.454291388
vt 0.292076632 0.448230620
vt 0.395592179 0.396685787
vt 0.402248306 0.390625000
vt 0.409164280 0.398654324
vt 0.395592179 0.396685787
vt 0.409164280 0.398654324
vt 0.402724715 0.404522766
vt 0.883071832 0.519531250
vt 0.883071832 0.526596484
vt 0.876953125 0.523063867
vt 0.898696832 0.526596484
vt 0.892578125 0.523063867
vt 0.898696832 0.519531250
vt 0.914321832 0.519531250
vt 0.914321832 0.526596484
vt 0.908203125 0.523063867
vt 0.929946832 0.519531250
vt 0.929946832 0.526596484
vt 0.923828125 0.523063867
vt 0.939453125 0.526596484
vt 0.939453125 0.519531250
vt 0.945571832 0.523063867
vt 0.955078125 0.526596484
vt 0.955078125 0.519531250
vt 0.961196832 0.523063867
vt 0.970703125 0.526596484
vt 0.970703125 0.519531250
vt 0.976821832 0.523063867
vt 0.986328125 0.519531250
vt 0.992446832 0.523063867
vt 0.986328125 0.526596484
vt 0.824218750 0.462890625
vt 0.897491586 0.462890625
vt 0.897491586 0.469955889
vt 0.824218750 0.462890625
vt 0.897491586 0.469955889
vt 0.824218750 0.469955889
vt 0.337890625 0.519531250
vt 0.386184085 0.519531250
vt 0.386184085 0.526596514
vt 0.337890625 0.519531250
vt 0.386184085 0.526596514
vt 0.337890625 0.526596514
vt 0.979522836 0.469955889
vt 0.906250000 0.469955889
vt 0.906250000 0.462890625
vt 0.979522836 0.469955889
vt 0.906250000 0.462890625
vt 0.979522836 0.462890625
vt 0.394531250 0.519531250
vt 0.442824710 0.519531250
vt 0.442824710 0.526596514
vt 0.394531250 0.519531250
vt 0.442824710 0.526596514
vt 0.394531250 0.526596514
vt 0.451171875 0.519531250
vt 0.499465335 0.519531250
vt 0.499465335 0.526596514
vt 0.451171875 0.519531250
vt 0.499465335 0.526596514
vt 0.451171875 0.526596514
vt 0.003906250 0.519531250
vt 0.077179086 0.519531250
vt 0.077179086 0.526596514
vt 0.003906250 0.519531250
vt 0.077179086 0.526596514
vt 0.003906250 0.526596514
vt 0.507812500 0.519531250
vt 0.556105960 0.519531250
vt 0.556105960 0.526596514
vt 0.507812500 0.519531250
vt 0.556105960 0.526596514
vt 0.507812500 0.526596514
vt 0.159210336 0.526596514
vt 0.085937500 0.526596514
vt 0.085937500 0.519531250
vt 0.159210336 0.526596514
vt 0.085937500 0.519531250
vt 0.159210336 0.519531250
vt 0.658203125 0.519531250
vt 0.673190751 0.519531250
vt 0.673190751 0.526596484
vt 0.658203125 0.519531250
vt 0.673190751 0.526596484
vt 0.658203125 0.526596484
vt 0.681640625 0.519531250
vt 0.696628251 0.519531250
vt 0.696628251 0.526596484
vt 0.681640625 0.519531250
vt 0.696628251 0.526596484
vt 0.681640625 0.526596484
vt 0.705078125 0.519531250
vt 0.720065751 0.519531250
vt 0.720065751 0.526596484
vt 0.705078125 0.519531250
vt 0.720065751 0.526596484
vt 0.705078125 0.526596484
vt 0.728515625 0.519531250
vt 0.743503251 0.519531250
vt 0.743503251 0.526596484
vt 0.728515625 0.519531250
vt 0.743503251 0.526596484
vt 0.728515625 0.526596484
vt 0.332031250 0.462890625
vt 0.405304086 0.462890625
vt 0.405304086 0.477878251
vt 0.332031250 0.462890625
vt 0.405304086 0.477878251
vt 0.332031250 0.477878251
vt 0.003906250 0.511184085
vt 0.003906250 0.462890625
vt 0.077179086 0.462890625
vt 0.003906250 0.511184085
vt 0.077179086 0.462890625
vt 0.077179086 0.511184085
vt 0.119777999 0.583449710
vt 0.119777999 0.535156250
vt 0.134765625 0.535156250
vt 0.119777999 0.583449710
vt 0.134765625 0.535156250
vt 0.134765625 0.583449710
vt 0.158203125 0.535156250
vt 0.158203125 0.583449710
vt 0.143215499 0.583449710
vt 0.158203125 0.535156250
vt 0.143215499 0.583449710
vt 0.143215499 0.535156250
vt 0.487335336 0.477878251
vt 0.414062500 0.477878251
vt 0.414062500 0.462890625
vt 0.487335336 0.477878251
vt 0.414062500 0.462890625
vt 0.487335336 0.462890625
vt 0.085937500 0.462890625
vt 0.159210336 0.462890625
vt 0.159210336 0.511184085
vt 0.085937500 0.462890625
vt 0.159210336 0.511184085
vt 0.085937500 0.511184085
f 1/1/1 2/2/2 3/3/3
v 0.0355000 -0.0614878 0.0150000
vn 0.0000000 0.0000000 -1.0000000
v -0.0000000 -0.0710000 0.0150000
vn 0.0000000 0.0000000 -1.0000000
v -0.0355000 -0.0614878 0.0150000
vn 0.0000000 0.0000000 -1.0000000
f 4/4/4 5/5/5 6/6/6
v -0.0355000 -0.0614878 0.0150000
vn 0.0000000 0.0000000 -1.0000000
v -0.0614878 -0.0355000 0.0150000
vn 0.0000000 0.0000000 -1.0000000
v -0.0710000 0.0000000 0.0150000
vn 0.0000000 0.0000000 -1.0000000
f 7/7/7 8/8/8 9/9/9
v -0.0710000 0.0000000 0.0150000
vn 0.0000000 0.0000000 -1.0000000
v -0.0614878 0.0355000 0.0150000
vn 0.0000000 0.0000000 -1.0000000
v -0.0355000 0.0614878 0.0150000
vn 0.0000000 0.0000000 -1.0000000
f 10/10/10 11/11/11 12/12/12
v -0.0355000 0.0614878 0.0150000
vn -0.0000000 0.0000000 -1.0000000
v 0.0000000 0.0710000 0.0150000
vn -0.0000000 0.0000000 -1.0000000
v 0.0355000 0.0614878 0.0150000
vn -0.0000000 0.0000000 -1.0000000
f 13/13/13 14/14/14 15/15/15
v 0.0355000 0.0614878 0.0150000
vn 0.0000000 0.0000000 -1.0000000
v 0.0614878 0.0355000 0.0150000
vn 0.0000000 0.0000000 -1.0000000
v 0.0710000 0.0000000 0.0150000
vn 0.0000000 0.0000000 -1.0000000
f 16/16/16 17/17/17 18/18/18
v 0.0710000 0.0000000 0.0150000
vn 0.0000000 0.0000000 -1.0000000
v 0.0355000 -0.0614878 0.0150000
vn 0.0000000 0.0000000 -1.0000000
v -0.0355000 -0.0614878 0.0150000
vn 0.0000000 0.0000000 -1.0000000
f 19/19/19 20/20/20 21/21/21
v -0.0355000 -0.0614878 0.0150000
vn 0.0000000 -0.0000000 -1.0000000
v -0.0710000 0.0000000 0.0150000
vn 0.0000000 -0.0000000 -1.0000000
v -0.0355000 0.0614878 0.0150000
vn 0.0000000 -0.0000000 -1.0000000
f 22/22/22 23/23/23 24/24/24
v -0.0355000 0.0614878 0.0150000
vn 0.0000000 0.0000000 -1.0000000
v 0.0355000 0.0614878 0.0150000
vn 0.0000000 0.0000000 -1.0000000
v 0.0710000 0.0000000 0.0150000
vn 0.0000000 0.0000000 -1.0000000
f 25/25/25 26/26/26 27/27/27
v -0.0355000 -0.0614878 0.0150000
vn -0.0000000 -0.0000000 -1.0000000
v -0.0355000 0.0614878 0.0150000
vn -0.0000000 -0.0000000 -1.0000000
v 0.0710000 0.0000000 0.0150000
vn -0.0000000 -0.0000000 -1.0000000
f 28/28/28 29/29/29 30/30/30
v 0.0216506 -0.0125000 2.4000001
vn 0.0000000 0.0000000 1.0000000
v 0.0250000 0.0000000 2.4000001
vn 0.0000000 0.0000000 1.0000000
v 0.0216506 0.0125000 2.4000001
vn 0.0000000 0.0000000 1.0000000
f 31/31/31 32/32/32 33/33/33
v 0.0216506 0.0125000 2.4000001
vn 0.0000000 0.0000000 1.0000000
v 0.0125000 0.0216506 2.4000001
vn 0.0000000 0.0000000 1.0000000
v 0.0000000 0.0250000 2.4000001
vn 0.0000000 0.0000000 1.0000000
f 34/34/34 35/35/35 36/36/36
v 0.0000000 0.0250000 2.4000001
vn 0.0000000 0.0000000 1.0000000
v -0.0125000 0.0216506 2.4000001
vn 0.0000000 0.0000000 1.0000000
v -0.0216506 0.0125000 2.4000001
vn 0.0000000 0.0000000 1.0000000
f 37/37/37 38/38/38 39/39/39
v -0.0216506 0.0125000 2.4000001
vn 0.0000000 -0.0000000 1.0000000
v -0.0250000 0.0000000 2.4000001
vn 0.0000000 -0.0000000 1.0000000
v -0.0216506 -0.0125000 2.4000001
vn 0.0000000 -0.0000000 1.0000000
f 40/40/40 41/41/41 42/42/42
v -0.0216506 -0.0125000 2.4000001
vn 0.0000000 0.0000000 1.0000000
v -0.0125000 -0.0216506 2.4000001
vn 0.0000000 0.0000000 1.0000000
v -0.0000000 -0.0250000 2.4000001
vn 0.0000000 0.0000000 1.0000000
f 43/43/43 44/44/44 45/45/45
v -0.0000000 -0.0250000 2.4000001
vn 0.0000000 0.0000000 1.0000000
v 0.0125000 -0.0216506 2.4000001
vn 0.0000000 0.0000000 1.0000000
v 0.0216506 -0.0125000 2.4000001
vn 0.0000000 0.0000000 1.0000000
f 46/46/46 47/47/47 48/48/48
v 0.0216506 -0.0125000 2.4000001
vn 0.0000000 0.0000000 1.0000000
v 0.0216506 0.0125000 2.4000001
vn 0.0000000 0.0000000 1.0000000
v 0.0000000 0.0250000 2.4000001
vn 0.0000000 0.0000000 1.0000000
f 49/49/49 50/50/50 51/51/51
v 0.0000000 0.0250000 2.4000001
vn 0.0000000 0.0000000 1.0000000
v -0.0216506 0.0125000 2.4000001
vn 0.0000000 0.0000000 1.0000000
v -0.0216506 -0.0125000 2.4000001
vn 0.0000000 0.0000000 1.0000000
f 52/52/52 53/53/53 54/54/54
v -0.0216506 -0.0125000 2.4000001
vn 0.0000000 0.0000000 1.0000000
v -0.0000000 -0.0250000 2.4000001
vn 0.0000000 0.0000000 1.0000000
v 0.0216506 -0.0125000 2.4000001
vn 0.0000000 0.0000000 1.0000000
f 55/55/55 56/56/56 57/57/57
v 0.0000000 0.0250000 2.4000001
vn 0.0000000 -0.0000000 1.0000000
v -0.0216506 -0.0125000 2.4000001
vn 0.0000000 -0.0000000 1.0000000
v 0.0216506 -0.0125000 2.4000001
vn 0.0000000 -0.0000000 1.0000000
f 58/58/58 59/59/59 60/60/60
v 0.0710000 0.0000000 0.0150000
vn 0.9645879 0.2584606 -0.0526138
v 0.0614878 0.0355000 0.0150000
vn 0.9645879 0.2584606 -0.0526138
v 0.0640859 0.0370000 0.0700000
vn 0.9645879 0.2584606 -0.0526138
f 61/61/61 62/62/62 63/63/63
v 0.0710000 0.0000000 0.0150000
vn 0.9645879 0.2584606 -0.0526139
v 0.0640859 0.0370000 0.0700000
vn 0.9645879 0.2584606 -0.0526139
v 0.0740000 0.0000000 0.0700000
vn 0.9645879 0.2584606 -0.0526139
f 64/64/64 65/65/65 66/66/66
v 0.0614878 0.0355000 0.0150000
vn 0.7061274 0.7061274 -0.0526138
v 0.0355000 0.0614878 0.0150000
vn 0.7061274 0.7061274 -0.0526138
v 0.0370000 0.0640859 0.0700000
vn 0.7061274 0.7061274 -0.0526138
f 67/67/67 68/68/68 69/69/69
v 0.0614878 0.0355000 0.0150000
vn 0.7061274 0.7061274 -0.0526139
v 0.0370000 0.0640859 0.0700000
vn 0.7061274 0.7061274 -0.0526139
v 0.0640859 0.0370000 0.0700000
vn 0.7061274 0.7061274 -0.0526139
f 70/70/70 71/71/71 72/72/72
v 0.0355000 0.0614878 0.0150000
vn 0.2584606 0.9645879 -0.0526139
v 0.0000000 0.0710000 0.0150000
vn 0.2584606 0.9645879 -0.0526139
v 0.0000000 0.0740000 0.0700000
vn 0.2584606 0.9645879 -0.0526139
f 73/73/73 74/74/74 75/75/75
v 0.0355000 0.0614878 0.0150000
vn 0.2584606 0.9645879 -0.0526138
v 0.0000000 0.0740000 0.0700000
vn 0.2584606 0.9645879 -0.0526138
v 0.0370000 0.0640859 0.0700000
vn 0.2584606 0.9645879 -0.0526138
f 76/76/76 77/77/77 78/78/78
v 0.0000000 0.0710000 0.0150000
vn -0.2584606 0.9645879 -0.0526138
v -0.0355000 0.0614878 0.0150000
vn -0.2584606 0.9645879 -0.0526138
v -0.0370000 0.0640859 0.0700000
vn -0.2584606 0.9645879 -0.0526138
f 79/79/79 80/80/80 81/81/81
v 0.0000000 0.0710000 0.0150000
vn -0.2584606 0.9645879 -0.0526139
v -0.0370000 0.0640859 0.0700000
vn -0.2584606 0.9645879 -0.0526139
v 0.0000000 0.0740000 0.0700000
vn -0.2584606 0.9645879 -0.0526139
f 82/82/82 83/83/83 84/84/84
v -0.0355000 0.0614878 0.0150000
vn -0.7061274 0.7061274 -0.0526138
v -0.0614878 0.0355000 0.0150000
vn -0.7061274 0.7061274 -0.0526138
v -0.0640859 0.0370000 0.0700000
vn -0.7061274 0.7061274 -0.0526138
f 85/85/85 86/86/86 87/87/87
v -0.0355000 0.0614878 0.0150000
vn -0.7061274 0.7061274 -0.0526139
v -0.0640859 0.0370000 0.0700000
vn -0.7061274 0.7061274 -0.0526139
v -0.0370000 0.0640859 0.0700000
vn -0.7061274 0.7061274 -0.0526139
f 88/88/88 89/89/89 90/90/90
v -0.0614878 0.0355000 0.0150000
vn -0.9645879 0.2584606 -0.0526139
v -0.0710000 0.0000000 0.0150000
vn -0.9645879 0.2584606 -0.0526139
v -0.0740000 0.0000000 0.0700000
vn -0.9645879 0.2584606 -0.0526139
f 91/91/91 92/92/92 93/93/93
v -0.0614878 0.0355000 0.0150000
vn -0.9645879 0.2584606 -0.0526138
v -0.0740000 0.0000000 0.0700000
vn -0.9645879 0.2584606 -0.0526138
v -0.0640859 0.0370000 0.0700000
vn -0.9645879 0.2584606 -0.0526138
f 94/94/94 95/95/95 96/96/96
v -0.0710000 0.0000000 0.0150000
vn -0.9645879 -0.2584606 -0.0526138
v -0.0614878 -0.0355000 0.0150000
vn -0.9645879 -0.2584606 -0.0526138
v -0.0640859 -0.0370000 0.0700000
vn -0.9645879 -0.2584606 -0.0526138
f 97/97/97 98/98/98 99/99/99
v -0.0710000 0.0000000 0.0150000
vn -0.9645879 -0.2584606 -0.0526139
v -0.0640859 -0.0370000 0.0700000
vn -0.9645879 -0.2584606 -0.0526139
v -0.0740000 0.0000000 0.0700000
vn -0.9645879 -0.2584606 -0.0526139
f 100/100/100 101/101/101 102/102/102
v -0.0614878 -0.0355000 0.0150000
vn -0.7061274 -0.7061274 -0.0526138
v -0.0355000 -0.0614878 0.0150000
vn -0.7061274 -0.7061274 -0.0526138
v -0.0370000 -0.0640859 0.0700000
vn -0.7061274 -0.7061274 -0.0526138
f 103/103/103 104/104/104 105/105/105
v -0.0614878 -0.0355000 0.0150000
vn -0.7061274 -0.7061274 -0.0526139
v -0.0370000 -0.0640859 0.0700000
vn -0.7061274 -0.7061274 -0.0526139
v -0.0640859 -0.0370000 0.0700000
vn -0.7061274 -0.7061274 -0.0526139
f 106/106/106 107/107/107 108/108/108
v -0.0355000 -0.0614878 0.0150000
vn -0.2584606 -0.9645879 -0.0526139
v -0.0000000 -0.0710000 0.0150000
vn -0.2584606 -0.9645879 -0.0526139
v -0.0000000 -0.0740000 0.0700000
vn -0.2584606 -0.9645879 -0.0526139
f 109/109/109 110/110/110 111/111/111
v -0.0355000 -0.0614878 0.0150000
vn -0.2584606 -0.9645879 -0.0526138
v -0.0000000 -0.0740000 0.0700000
vn -0.2584606 -0.9645879 -0.0526138
v -0.0370000 -0.0640859 0.0700000
vn -0.2584606 -0.9645879 -0.0526138
f 112/112/112 113/113/113 114/114/114
v -0.0000000 -0.0710000 0.0150000
vn 0.2584606 -0.9645879 -0.0526138
v 0.0355000 -0.0614878 0.0150000
vn 0.2584606 -0.9645879 -0.0526138
v 0.0370000 -0.0640859 0.0700000
vn 0.2584606 -0.9645879 -0.0526138
f 115/115/115 116/116/116 117/117/117
v -0.0000000 -0.0710000 0.0150000
vn 0.2584606 -0.9645879 -0.0526139
v 0.0370000 -0.0640859 0.0700000
vn 0.2584606 -0.9645879 -0.0526139
v -0.0000000 -0.0740000 0.0700000
vn 0.2584606 -0.9645879 -0.0526139
f 118/118/118 119/119/119 120/120/120
v 0.0355000 -0.0614878 0.0150000
vn 0.7061274 -0.7061274 -0.0526138
v 0.0614878 -0.0355000 0.0150000
vn 0.7061274 -0.7061274 -0.0526138
v 0.0640859 -0.0370000 0.0700000
vn 0.7061274 -0.7061274 -0.0526138
f 121/121/121 122/122/122 123/123/123
v 0.0355000 -0.0614878 0.0150000
vn 0.7061274 -0.7061274 -0.0526139
v 0.0640859 -0.0370000 0.0700000
vn 0.7061274 -0.7061274 -0.0526139
v 0.0370000 -0.0640859 0.0700000
vn 0.7061274 -0.7061274 -0.0526139
f 124/124/124 125/125/125 126/126/126
v 0.0614878 -0.0355000 0.0150000
vn 0.9645879 -0.2584606 -0.0526139
v 0.0710000 0.0000000 0.0150000
vn 0.9645879 -0.2584606 -0.0526139
v 0.0740000 0.0000000 0.0700000
vn 0.9645879 -0.2584606 -0.0526139
f 127/127/127 128/128/128 129/129/129
v 0.0614878 -0.0355000 0.0150000
vn 0.9645879 -0.2584606 -0.0526138
v 0.0740000 0.0000000 0.0700000
vn 0.9645879 -0.2584606 -0.0526138
v 0.0640859 -0.0370000 0.0700000
vn 0.9645879 -0.2584606 -0.0526138
f 130/130/130 131/131/131 132/132/132
v 0.0740000 0.0000000 0.0700000
vn 0.9242742 0.2476586 0.2904862
v 0.0640859 0.0370000 0.0700000
vn 0.9242742 0.2476586 0.2904862
v 0.0450333 0.0260000 0.1400000
vn 0.9242742 0.2476586 0.2904862
f 133/133/133 134/134/134 135/135/135
v 0.0740000 0.0000000 0.0700000
vn 0.9242743 0.2476586 0.2904862
v 0.0450333 0.0260000 0.1400000
vn 0.9242743 0.2476586 0.2904862
v 0.0520000 0.0000000 0.1400000
vn 0.9242743 0.2476586 0.2904862
f 136/136/136 137/137/137 138/138/138
v 0.0640859 0.0370000 0.0700000
vn 0.6766158 0.6766158 0.2904862
v 0.0370000 0.0640859 0.0700000
vn 0.6766158 0.6766158 0.2904862
v 0.0260000 0.0450333 0.1400000
vn 0.6766158 0.6766158 0.2904862
f 139/139/139 140/140/140 141/141/141
v 0.0640859 0.0370000 0.0700000
vn 0.6766157 0.6766157 0.2904862
v 0.0260000 0.0450333 0.1400000
vn 0.6766157 0.6766157 0.2904862
v 0.0450333 0.0260000 0.1400000
vn 0.6766157 0.6766157 0.2904862
f 142/142/142 143/143/143 144/144/144
v 0.0370000 0.0640859 0.0700000
vn 0.2476586 0.9242742 0.2904862
v 0.0000000 0.0740000 0.0700000
vn 0.2476586 0.9242742 0.2904862
v 0.0000000 0.0520000 0.1400000
vn 0.2476586 0.9242742 0.2904862
f 145/145/145 146/146/146 147/147/147
v 0.0370000 0.0640859 0.0700000
vn 0.2476586 0.9242743 0.2904862
v 0.0000000 0.0520000 0.1400000
vn 0.2476586 0.9242743 0.2904862
v 0.0260000 0.0450333 0.1400000
vn 0.2476586 0.9242743 0.2904862
f 148/148/148 149/149/149 150/150/150
v 0.0000000 0.0740000 0.0700000
vn -0.2476586 0.9242742 0.2904862
v -0.0370000 0.0640859 0.0700000
vn -0.2476586 0.9242742 0.2904862
v -0.0260000 0.0450333 0.1400000
vn -0.2476586 0.9242742 0.2904862
f 151/151/151 152/152/152 153/153/153
v 0.0000000 0.0740000 0.0700000
vn -0.2476586 0.9242743 0.2904862
v -0.0260000 0.0450333 0.1400000
vn -0.2476586 0.9242743 0.2904862
v 0.0000000 0.0520000 0.1400000
vn -0.2476586 0.9242743 0.2904862
f 154/154/154 155/155/155 156/156/156
v -0.0370000 0.0640859 0.0700000
vn -0.6766158 0.6766158 0.2904862
v -0.0640859 0.0370000 0.0700000
vn -0.6766158 0.6766158 0.2904862
v -0.0450333 0.0260000 0.1400000
vn -0.6766158 0.6766158 0.2904862
f 157/157/157 158/158/158 159/159/159
v -0.0370000 0.0640859 0.0700000
vn -0.6766157 0.6766157 0.2904862
v -0.0450333 0.0260000 0.1400000
vn -0.6766157 0.6766157 0.2904862
v -0.0260000 0.0450333 0.1400000
vn -0.6766157 0.6766157 0.2904862
f 160/160/160 161/161/161 162/162/162
v -0.0640859 0.0370000 0.0700000
vn -0.9242742 0.2476586 0.2904862
v -0.0740000 0.0000000 0.0700000
vn -0.9242742 0.2476586 0.2904862
v -0.0520000 0.0000000 0.1400000
vn -0.9242742 0.2476586 0.2904862
f 163/163/163 164/164/164 165/165/165
v -0.0640859 0.0370000 0.0700000
vn -0.9242743 0.2476586 0.2904862
v -0.0520000 0.0000000 0.1400000
vn -0.9242743 0.2476586 0.2904862
v -0.0450333 0.0260000 0.1400000
vn -0.9242743 0.2476586 0.2904862
f 166/166/166 167/167/167 168/168/168
v -0.0740000 0.0000000 0.0700000
vn -0.9242742 -0.2476586 0.2904862
v -0.0640859 -0.0370000 0.0700000
vn -0.9242742 -0.2476586 0.2904862
v -0.0450333 -0.0260000 0.1400000
vn -0.9242742 -0.2476586 0.2904862
f 169/169/169 170/170/170 171/171/171
v -0.0740000 0.0000000 0.0700000
vn -0.9242743 -0.2476586 0.2904862
v -0.0450333 -0.0260000 0.1400000
vn -0.9242743 -0.2476586 0.2904862
v -0.0520000 0.0000000 0.1400000
vn -0.9242743 -0.2476586 0.2904862
f 172/172/172 173/173/173 174/174/174
v -0.0640859 -0.0370000 0.0700000
vn -0.6766158 -0.6766158 0.2904862
v -0.0370000 -0.0640859 0.0700000
vn -0.6766158 -0.6766158 0.2904862
v -0.0260000 -0.0450333 0.1400000
vn -0.6766158 -0.6766158 0.2904862
f 175/175/175 176/176/176 177/177/177
v -0.0640859 -0.0370000 0.0700000
vn -0.6766157 -0.6766157 0.2904862
v -0.0260000 -0.0450333 0.1400000
vn -0.6766157 -0.6766157 0.2904862
v -0.0450333 -0.0260000 0.1400000
vn -0.6766157 -0.6766157 0.2904862
f 178/178/178 179/179/179 180/180/180
v -0.0370000 -0.0640859 0.0700000
vn -0.2476586 -0.9242742 0.2904862
v -0.0000000 -0.0740000 0.0700000
vn -0.2476586 -0.9242742 0.2904862
v -0.0000000 -0.0520000 0.1400000
vn -0.2476586 -0.9242742 0.2904862
f 181/181/181 182/182/182 183/183/183
v -0.0370000 -0.0640859 0.0700000
vn -0.2476586 -0.9242743 0.2904862
v -0.0000000 -0.0520000 0.1400000
vn -0.2476586 -0.9242743 0.2904862
v -0.0260000 -0.0450333 0.1400000
vn -0.2476586 -0.9242743 0.2904862
f 184/184/184 185/185/185 186/186/186
v -0.0000000 -0.0740000 0.0700000
vn 0.2476586 -0.9242742 0.2904862
v 0.0370000 -0.0640859 0.0700000
vn 0.2476586 -0.9242742 0.2904862
v 0.0260000 -0.0450333 0.1400000
vn 0.2476586 -0.9242742 0.2904862
f 187/187/187 188/188/188 189/189/189
v -0.0000000 -0.0740000 0.0700000
vn 0.2476586 -0.9242743 0.2904862
v 0.0260000 -0.0450333 0.1400000
vn 0.2476586 -0.9242743 0.2904862
v -0.0000000 -0.0520000 0.1400000
vn 0.2476586 -0.9242743 0.2904862
f 190/190/190 191/191/191 192/192/192
v 0.0370000 -0.0640859 0.0700000
vn 0.6766158 -0.6766158 0.2904862
v 0.0640859 -0.0370000 0.0700000
vn 0.6766158 -0.6766158 0.2904862
v 0.0450333 -0.0260000 0.1400000
vn 0.6766158 -0.6766158 0.2904862
f 193/193/193 194/194/194 195/195/195
v 0.0370000 -0.0640859 0.0700000
vn 0.6766157 -0.6766157 0.2904862
v 0.0450333 -0.0260000 0.1400000
vn 0.6766157 -0.6766157 0.2904862
v 0.0260000 -0.0450333 0.1400000
vn 0.6766157 -0.6766157 0.2904862
f 196/196/196 197/197/197 198/198/198
v 0.0640859 -0.0370000 0.0700000
vn 0.9242742 -0.2476586 0.2904862
v 0.0740000 0.0000000 0.0700000
vn 0.9242742 -0.2476586 0.2904862
v 0.0520000 0.0000000 0.1400000
vn 0.9242742 -0.2476586 0.2904862
f 199/199/199 200/200/200 201/201/201
v 0.0640859 -0.0370000 0.0700000
vn 0.9242743 -0.2476586 0.2904862
v 0.0520000 0.0000000 0.1400000
vn 0.9242743 -0.2476586 0.2904862
v 0.0450333 -0.0260000 0.1400000
vn 0.9242743 -0.2476586 0.2904862
f 202/202/202 203/203/203 204/204/204
v 0.0520000 0.0000000 0.1400000
vn 0.9438912 0.2529149 0.2123755
v 0.0450333 0.0260000 0.1400000
vn 0.9438912 0.2529149 0.2123755
v 0.0294449 0.0170000 0.2200000
vn 0.9438912 0.2529149 0.2123755
f 205/205/205 206/206/206 207/207/207
v 0.0520000 0.0000000 0.1400000
vn 0.9438913 0.2529150 0.2123755
v 0.0294449 0.0170000 0.2200000
vn 0.9438913 0.2529150 0.2123755
v 0.0340000 0.0000000 0.2200000
vn 0.9438913 0.2529150 0.2123755
f 208/208/208 209/209/209 210/210/210
v 0.0450333 0.0260000 0.1400000
vn 0.6909763 0.6909763 0.2123755
v 0.0260000 0.0450333 0.1400000
vn 0.6909763 0.6909763 0.2123755
v 0.0170000 0.0294449 0.2200000
vn 0.6909763 0.6909763 0.2123755
f 211/211/211 212/212/212 213/213/213
v 0.0450333 0.0260000 0.1400000
vn 0.6909764 0.6909764 0.2123755
v 0.0170000 0.0294449 0.2200000
vn 0.6909764 0.6909764 0.2123755
v 0.0294449 0.0170000 0.2200000
vn 0.6909764 0.6909764 0.2123755
f 214/214/214 215/215/215 216/216/216
v 0.0260000 0.0450333 0.1400000
vn 0.2529149 0.9438912 0.2123755
v 0.0000000 0.0520000 0.1400000
vn 0.2529149 0.9438912 0.2123755
v 0.0000000 0.0340000 0.2200000
vn 0.2529149 0.9438912 0.2123755
f 217/217/217 218/218/218 219/219/219
v 0.0260000 0.0450333 0.1400000
vn 0.2529150 0.9438913 0.2123755
v 0.0000000 0.0340000 0.2200000
vn 0.2529150 0.9438913 0.2123755
v 0.0170000 0.0294449 0.2200000
vn 0.2529150 0.9438913 0.2123755
f 220/220/220 221/221/221 222/222/222
v 0.0000000 0.0520000 0.1400000
vn -0.2529149 0.9438912 0.2123755
v -0.0260000 0.0450333 0.1400000
vn -0.2529149 0.9438912 0.2123755
v -0.0170000 0.0294449 0.2200000
vn -0.2529149 0.9438912 0.2123755
f 223/223/223 224/224/224 225/225/225
v 0.0000000 0.0520000 0.1400000
vn -0.2529150 0.9438913 0.2123755
v -0.0170000 0.0294449 0.2200000
vn -0.2529150 0.9438913 0.2123755
v 0.0000000 0.0340000 0.2200000
vn -0.2529150 0.9438913 0.2123755
f 226/226/226 227/227/227 228/228/228
v -0.0260000 0.0450333 0.1400000
vn -0.6909763 0.6909763 0.2123755
v -0.0450333 0.0260000 0.1400000
vn -0.6909763 0.6909763 0.2123755
v -0.0294449 0.0170000 0.2200000
vn -0.6909763 0.6909763 0.2123755
f 229/229/229 230/230/230 231/231/231
v -0.0260000 0.0450333 0.1400000
vn -0.6909764 0.6909764 0.2123755
v -0.0294449 0.0170000 0.2200000
vn -0.6909764 0.6909764 0.2123755
v -0.0170000 0.0294449 0.2200000
vn -0.6909764 0.6909764 0.2123755
f 232/232/232 233/233/233 234/234/234
v -0.0450333 0.0260000 0.1400000
vn -0.9438912 0.2529149 0.2123755
v -0.0520000 0.0000000 0.1400000
vn -0.9438912 0.2529149 0.2123755
v -0.0340000 0.0000000 0.2200000
vn -0.9438912 0.2529149 0.2123755
f 235/235/235 236/236/236 237/237/237
v -0.0450333 0.0260000 0.1400000
vn -0.9438913 0.2529150 0.2123755
v -0.0340000 0.0000000 0.2200000
vn -0.9438913 0.2529150 0.2123755
v -0.0294449 0.0170000 0.2200000
vn -0.9438913 0.2529150 0.2123755
f 238/238/238 239/239/239 240/240/240
v -0.0520000 0.0000000 0.1400000
vn -0.9438912 -0.2529149 0.2123755
v -0.0450333 -0.0260000 0.1400000
vn -0.9438912 -0.2529149 0.2123755
v -0.0294449 -0.0170000 0.2200000
vn -0.9438912 -0.2529149 0.2123755
f 241/241/241 242/242/242 243/243/243
v -0.0520000 0.0000000 0.1400000
vn -0.9438913 -0.2529150 0.2123755
v -0.0294449 -0.0170000 0.2200000
vn -0.9438913 -0.2529150 0.2123755
v -0.0340000 0.0000000 0.2200000
vn -0.9438913 -0.2529150 0.2123755
f 244/244/244 245/245/245 246/246/246
v -0.0450333 -0.0260000 0.1400000
vn -0.6909763 -0.6909763 0.2123755
v -0.0260000 -0.0450333 0.1400000
vn -0.6909763 -0.6909763 0.2123755
v -0.0170000 -0.0294449 0.2200000
vn -0.6909763 -0.6909763 0.2123755
f 247/247/247 248/248/248 249/249/249
v -0.0450333 -0.0260000 0.1400000
vn -0.6909764 -0.6909764 0.2123755
v -0.0170000 -0.0294449 0.2200000
vn -0.6909764 -0.6909764 0.2123755
v -0.0294449 -0.0170000 0.2200000
vn -0.6909764 -0.6909764 0.2123755
f 250/250/250 251/251/251 252/252/252
v -0.0260000 -0.0450333 0.1400000
vn -0.2529149 -0.9438912 0.2123755
v -0.0000000 -0.0520000 0.1400000
vn -0.2529149 -0.9438912 0.2123755
v -0.0000000 -0.0340000 0.2200000
vn -0.2529149 -0.9438912 0.2123755
f 253/253/253 254/254/254 255/255/255
v -0.0260000 -0.0450333 0.1400000
vn -0.2529150 -0.9438913 0.2123755
v -0.0000000 -0.0340000 0.2200000
vn -0.2529150 -0.9438913 0.2123755
v -0.0170000 -0.0294449 0.2200000
vn -0.2529150 -0.9438913 0.2123755
f 256/256/256 257/257/257 258/258/258
v -0.0000000 -0.0520000 0.1400000
vn 0.2529149 -0.9438912 0.2123755
v 0.0260000 -0.0450333 0.1400000
vn 0.2529149 -0.9438912 0.2123755
v 0.0170000 -0.0294449 0.2200000
vn 0.2529149 -0.9438912 0.2123755
f 259/259/259 260/260/260 261/261/261
v -0.0000000 -0.0520000 0.1400000
vn 0.2529150 -0.9438913 0.2123755
v 0.0170000 -0.0294449 0.2200000
vn 0.2529150 -0.9438913 0.2123755
v -0.0000000 -0.0340000 0.2200000
vn 0.2529150 -0.9438913 0.2123755
f 262/262/262 263/263/263 264/264/264
v 0.0260000 -0.0450333 0.1400000
vn 0.6909763 -0.6909763 0.2123755
v 0.0450333 -0.0260000 0.1400000
vn 0.6909763 -0.6909763 0.2123755
v 0.0294449 -0.0170000 0.2200000
vn 0.6909763 -0.6909763 0.2123755
f 265/265/265 266/266/266 267/267/267
v 0.0260000 -0.0450333 0.1400000
vn 0.6909764 -0.6909764 0.2123755
v 0.0294449 -0.0170000 0.2200000
vn 0.6909764 -0.6909764 0.2123755
v 0.0170000 -0.0294449 0.2200000
vn 0.6909764 -0.6909764 0.2123755
f 268/268/268 269/269/269 270/270/270
v 0.0450333 -0.0260000 0.1400000
vn 0.9438912 -0.2529149 0.2123755
v 0.0520000 0.0000000 0.1400000
vn 0.9438912 -0.2529149 0.2123755
v 0.0340000 0.0000000 0.2200000
vn 0.9438912 -0.2529149 0.2123755
f 271/271/271 272/272/272 273/273/273
v 0.0450333 -0.0260000 0.1400000
vn 0.9438913 -0.2529150 0.2123755
v 0.0340000 0.0000000 0.2200000
vn 0.9438913 -0.2529150 0.2123755
v 0.0294449 -0.0170000 0.2200000
vn 0.9438913 -0.2529150 0.2123755
f 274/274/274 275/275/275 276/276/276
v 0.0340000 0.0000000 0.2200000
vn 0.9659181 0.2588170 0.0039877
v 0.0294449 0.0170000 0.2200000
vn 0.9659181 0.2588170 0.0039877
v 0.0216506 0.0125000 2.4000001
vn 0.9659181 0.2588170 0.0039877
f 277/277/277 278/278/278 279/279/279
v 0.0340000 0.0000000 0.2200000
vn 0.9659181 0.2588170 0.0039877
v 0.0216506 0.0125000 2.4000001
vn 0.9659181 0.2588170 0.0039877
v 0.0250000 0.0000000 2.4000001
vn 0.9659181 0.2588170 0.0039877
f 280/280/280 281/281/281 282/282/282
v 0.0294449 0.0170000 0.2200000
vn 0.7071012 0.7071012 0.0039877
v 0.0170000 0.0294449 0.2200000
vn 0.7071012 0.7071012 0.0039877
v 0.0125000 0.0216506 2.4000001
vn 0.7071012 0.7071012 0.0039877
f 283/283/283 284/284/284 285/285/285
v 0.0294449 0.0170000 0.2200000
vn 0.7071012 0.7071012 0.0039877
v 0.0125000 0.0216506 2.4000001
vn 0.7071012 0.7071012 0.0039877
v 0.0216506 0.0125000 2.4000001
vn 0.7071012 0.7071012 0.0039877
f 286/286/286 287/287/287 288/288/288
v 0.0170000 0.0294449 0.2200000
vn 0.2588170 0.9659181 0.0039877
v 0.0000000 0.0340000 0.2200000
vn 0.2588170 0.9659181 0.0039877
v 0.0000000 0.0250000 2.4000001
vn 0.2588170 0.9659181 0.0039877
f 289/289/289 290/290/290 291/291/291
v 0.0170000 0.0294449 0.2200000
vn 0.2588170 0.9659181 0.0039877
v 0.0000000 0.0250000 2.4000001
vn 0.2588170 0.9659181 0.0039877
v 0.0125000 0.0216506 2.4000001
vn 0.2588170 0.9659181 0.0039877
f 292/292/292 293/293/293 294/294/294
v 0.0000000 0.0340000 0.2200000
vn -0.2588170 0.9659181 0.0039877
v -0.0170000 0.0294449 0.2200000
vn -0.2588170 0.9659181 0.0039877
v -0.0125000 0.0216506 2.4000001
vn -0.2588170 0.9659181 0.0039877
f 295/295/295 296/296/296 297/297/297
v 0.0000000 0.0340000 0.2200000
vn -0.2588170 0.9659181 0.0039877
v -0.0125000 0.0216506 2.4000001
vn -0.2588170 0.9659181 0.0039877
v 0.0000000 0.0250000 2.4000001
vn -0.2588170 0.9659181 0.0039877
f 298/298/298 299/299/299 300/300/300
v -0.0170000 0.0294449 0.2200000
vn -0.7071012 0.7071012 0.0039877
v -0.0294449 0.0170000 0.2200000
vn -0.7071012 0.7071012 0.0039877
v -0.0216506 0.0125000 2.4000001
vn -0.7071012 0.7071012 0.0039877
f 301/301/301 302/302/302 303/303/303
v -0.0170000 0.0294449 0.2200000
vn -0.7071012 0.7071012 0.0039877
v -0.0216506 0.0125000 2.4000001
vn -0.7071012 0.7071012 0.0039877
v -0.0125000 0.0216506 2.4000001
vn -0.7071012 0.7071012 0.0039877
f 304/304/304 305/305/305 306/306/306
v -0.0294449 0.0170000 0.2200000
vn -0.9659181 0.2588170 0.0039877
v -0.0340000 0.0000000 0.2200000
vn -0.9659181 0.2588170 0.0039877
v -0.0250000 0.0000000 2.4000001
vn -0.9659181 0.2588170 0.0039877
f 307/307/307 308/308/308 309/309/309
v -0.0294449 0.0170000 0.2200000
vn -0.9659181 0.2588170 0.0039877
v -0.0250000 0.0000000 2.4000001
vn -0.9659181 0.2588170 0.0039877
v -0.0216506 0.0125000 2.4000001
vn -0.9659181 0.2588170 0.0039877
f 310/310/310 311/311/311 312/312/312
v -0.0340000 0.0000000 0.2200000
vn -0.9659181 -0.2588170 0.0039877
v -0.0294449 -0.0170000 0.2200000
vn -0.9659181 -0.2588170 0.0039877
v -0.0216506 -0.0125000 2.4000001
vn -0.9659181 -0.2588170 0.0039877
f 313/313/313 314/314/314 315/315/315
v -0.0340000 0.0000000 0.2200000
vn -0.9659181 -0.2588170 0.0039877
v -0.0216506 -0.0125000 2.4000001
vn -0.9659181 -0.2588170 0.0039877
v -0.0250000 0.0000000 2.4000001
vn -0.9659181 -0.2588170 0.0039877
f 316/316/316 317/317/317 318/318/318
v -0.0294449 -0.0170000 0.2200000
vn -0.7071012 -0.7071012 0.0039877
v -0.0170000 -0.0294449 0.2200000
vn -0.7071012 -0.7071012 0.0039877
v -0.0125000 -0.0216506 2.4000001
vn -0.7071012 -0.7071012 0.0039877
f 319/319/319 320/320/320 321/321/321
v -0.0294449 -0.0170000 0.2200000
vn -0.7071012 -0.7071012 0.0039877
v -0.0125000 -0.0216506 2.4000001
vn -0.7071012 -0.7071012 0.0039877
v -0.0216506 -0.0125000 2.4000001
vn -0.7071012 -0.7071012 0.0039877
f 322/322/322 323/323/323 324/324/324
v -0.0170000 -0.0294449 0.2200000
vn -0.2588170 -0.9659181 0.0039877
v -0.0000000 -0.0340000 0.2200000
vn -0.2588170 -0.9659181 0.0039877
v -0.0000000 -0.0250000 2.4000001
vn -0.2588170 -0.9659181 0.0039877
f 325/325/325 326/326/326 327/327/327
v -0.0170000 -0.0294449 0.2200000
vn -0.2588170 -0.9659181 0.0039877
v -0.0000000 -0.0250000 2.4000001
vn -0.2588170 -0.9659181 0.0039877
v -0.0125000 -0.0216506 2.4000001
vn -0.2588170 -0.9659181 0.0039877
f 328/328/328 329/329/329 330/330/330
v -0.0000000 -0.0340000 0.2200000
vn 0.2588170 -0.9659181 0.0039877
v 0.0170000 -0.0294449 0.2200000
vn 0.2588170 -0.9659181 0.0039877
v 0.0125000 -0.0216506 2.4000001
vn 0.2588170 -0.9659181 0.0039877
f 331/331/331 332/332/332 333/333/333
v -0.0000000 -0.0340000 0.2200000
vn 0.2588170 -0.9659181 0.0039877
v 0.0125000 -0.0216506 2.4000001
vn 0.2588170 -0.9659181 0.0039877
v -0.0000000 -0.0250000 2.4000001
vn 0.2588170 -0.9659181 0.0039877
f 334/334/334 335/335/335 336/336/336
v 0.0170000 -0.0294449 0.2200000
vn 0.7071012 -0.7071012 0.0039877
v 0.0294449 -0.0170000 0.2200000
vn 0.7071012 -0.7071012 0.0039877
v 0.0216506 -0.0125000 2.4000001
vn 0.7071012 -0.7071012 0.0039877
f 337/337/337 338/338/338 339/339/339
v 0.0170000 -0.0294449 0.2200000
vn 0.7071012 -0.7071012 0.0039877
v 0.0216506 -0.0125000 2.4000001
vn 0.7071012 -0.7071012 0.0039877
v 0.0125000 -0.0216506 2.4000001
vn 0.7071012 -0.7071012 0.0039877
f 340/340/340 341/341/341 342/342/342
v 0.0294449 -0.0170000 0.2200000
vn 0.9659181 -0.2588170 0.0039877
v 0.0340000 0.0000000 0.2200000
vn 0.9659181 -0.2588170 0.0039877
v 0.0250000 0.0000000 2.4000001
vn 0.9659181 -0.2588170 0.0039877
f 343/343/343 344/344/344 345/345/345
v 0.0294449 -0.0170000 0.2200000
vn 0.9659181 -0.2588170 0.0039877
v 0.0250000 0.0000000 2.4000001
vn 0.9659181 -0.2588170 0.0039877
v 0.0216506 -0.0125000 2.4000001
vn 0.9659181 -0.2588170 0.0039877
f 346/346/346 347/347/347 348/348/348
o pz_street_pole_18_|_EDITABLE_branched_parking_lamp_arm
usemtl UV_Base
v -0.1900000 -0.0180000 2.3800001
vn -0.6050798 0.0000000 0.7961649
v -0.1900000 0.0180000 2.3800001
vn -0.6050798 0.0000000 0.7961649
v -0.2043310 -0.0000000 2.3691087
vn -0.6050798 0.0000000 0.7961649
f 349/349/349 350/350/350 351/351/351
v -0.1756690 0.0000000 2.3908916
vn -0.6050798 0.0000000 0.7961649
v -0.1900000 0.0180000 2.3800001
vn -0.6050798 0.0000000 0.7961649
v -0.1900000 -0.0180000 2.3800001
vn -0.6050798 0.0000000 0.7961649
f 352/352/352 353/353/353 354/354/354
v -0.0000000 0.0180000 2.2200000
vn 0.8101181 0.0000001 -0.5862666
v 0.0000000 -0.0180000 2.2200000
vn 0.8101181 0.0000001 -0.5862666
v -0.0105528 -0.0000000 2.2054179
vn 0.8101181 0.0000001 -0.5862666
f 355/355/355 356/356/356 357/357/357
v 0.0105528 0.0000000 2.2345822
vn 0.8101182 0.0000001 -0.5862666
v 0.0000000 -0.0180000 2.2200000
vn 0.8101182 0.0000001 -0.5862666
v -0.0000000 0.0180000 2.2200000
vn 0.8101182 0.0000001 -0.5862666
f 358/358/358 359/359/359 360/360/360
v 0.0105528 0.0000000 2.2345822
vn 0.3933818 -0.7071059 0.5875816
v -0.0441601 0.0000000 2.2712121
vn 0.3933818 -0.7071059 0.5875816
v -0.0541374 -0.0180000 2.2562304
vn 0.3933818 -0.7071059 0.5875816
f 361/361/361 362/362/362 363/363/363
v 0.0105528 0.0000000 2.2345822
vn 0.3934058 -0.7068696 0.5878497
v -0.0541374 -0.0180000 2.2562304
vn 0.3934058 -0.7068696 0.5878497
v 0.0000000 -0.0180000 2.2200000
vn 0.3934058 -0.7068696 0.5878497
f 364/364/364 365/365/365 366/366/366
v -0.0000000 0.0180000 2.2200000
vn 0.3932743 0.7071060 0.5876532
v -0.0541374 0.0180000 2.2562304
vn 0.3932743 0.7071060 0.5876532
v -0.0441601 0.0000000 2.2712121
vn 0.3932743 0.7071060 0.5876532
f 367/367/367 368/368/368 369/369/369
v -0.0000000 0.0180000 2.2200000
vn 0.3935119 0.7068721 0.5877758
v -0.0441601 0.0000000 2.2712121
vn 0.3935119 0.7068721 0.5877758
v 0.0105528 0.0000000 2.2345822
vn 0.3935119 0.7068721 0.5877758
f 370/370/370 371/371/371 372/372/372
v -0.0105528 -0.0000000 2.2054179
vn -0.3931647 0.7071061 -0.5877265
v -0.0641148 -0.0000000 2.2412486
vn -0.3931647 0.7071061 -0.5877265
v -0.0541374 0.0180000 2.2562304
vn -0.3931647 0.7071061 -0.5877265
f 373/373/373 374/374/374 375/375/375
v -0.0105528 -0.0000000 2.2054179
vn -0.3934058 0.7068696 -0.5878496
v -0.0541374 0.0180000 2.2562304
vn -0.3934058 0.7068696 -0.5878496
v -0.0000000 0.0180000 2.2200000
vn -0.3934058 0.7068696 -0.5878496
f 376/376/376 377/377/377 378/378/378
v 0.0000000 -0.0180000 2.2200000
vn -0.3932744 -0.7071061 -0.5876532
v -0.0541374 -0.0180000 2.2562304
vn -0.3932744 -0.7071061 -0.5876532
v -0.0641148 -0.0000000 2.2412486
vn -0.3932744 -0.7071061 -0.5876532
f 379/379/379 380/380/380 381/381/381
v 0.0000000 -0.0180000 2.2200000
vn -0.3932974 -0.7068673 -0.5879250
v -0.0641148 -0.0000000 2.2412486
vn -0.3932974 -0.7068673 -0.5879250
v -0.0105528 -0.0000000 2.2054179
vn -0.3932974 -0.7068673 -0.5879250
f 382/382/382 383/383/383 384/384/384
v -0.0441601 0.0000000 2.2712121
vn 0.3906400 -0.7065110 0.5901207
v -0.0917014 0.0000000 2.3026829
vn 0.3906400 -0.7065110 0.5901207
v -0.1024910 -0.0180000 2.2882750
vn 0.3906400 -0.7065110 0.5901207
f 385/385/385 386/386/386 387/387/387
v -0.0441601 0.0000000 2.2712121
vn 0.3906191 -0.7071061 0.5894216
v -0.1024910 -0.0180000 2.2882750
vn 0.3906191 -0.7071061 0.5894216
v -0.0541374 -0.0180000 2.2562304
vn 0.3906191 -0.7071061 0.5894216
f 388/388/388 389/389/389 390/390/390
v -0.0541374 0.0180000 2.2562304
vn 0.3909416 0.7065218 0.5899082
v -0.1024910 0.0180000 2.2882750
vn 0.3909416 0.7065218 0.5899082
v -0.0917014 0.0000000 2.3026829
vn 0.3909416 0.7065218 0.5899082
f 391/391/391 392/392/392 393/393/393
v -0.0541374 0.0180000 2.2562304
vn 0.3903122 0.7071056 0.5896254
v -0.0917014 0.0000000 2.3026829
vn 0.3903122 0.7071056 0.5896254
v -0.0441601 0.0000000 2.2712121
vn 0.3903122 0.7071056 0.5896254
f 394/394/394 395/395/395 396/396/396
v -0.0641148 -0.0000000 2.2412486
vn -0.3912330 0.7065319 -0.5897028
v -0.1132805 -0.0000000 2.2738671
vn -0.3912330 0.7065319 -0.5897028
v -0.1024910 0.0180000 2.2882750
vn -0.3912330 0.7065319 -0.5897028
f 397/397/397 398/398/398 399/399/399
v -0.0641148 -0.0000000 2.2412486
vn -0.3906191 0.7071060 -0.5894216
v -0.1024910 0.0180000 2.2882750
vn -0.3906191 0.7071060 -0.5894216
v -0.0541374 0.0180000 2.2562304
vn -0.3906191 0.7071060 -0.5894216
f 400/400/400 401/401/401 402/402/402
v -0.0541374 -0.0180000 2.2562304
vn -0.3909415 -0.7065218 -0.5899082
v -0.1024910 -0.0180000 2.2882750
vn -0.3909415 -0.7065218 -0.5899082
v -0.1132805 -0.0000000 2.2738671
vn -0.3909415 -0.7065218 -0.5899082
f 403/403/403 404/404/404 405/405/405
v -0.0541374 -0.0180000 2.2562304
vn -0.3909156 -0.7071064 -0.5892245
v -0.1132805 -0.0000000 2.2738671
vn -0.3909156 -0.7071064 -0.5892245
v -0.0641148 -0.0000000 2.2412486
vn -0.3909156 -0.7071064 -0.5892245
f 406/406/406 407/407/407 408/408/408
v -0.0917014 0.0000000 2.3026829
vn 0.4561410 -0.7061437 0.5415686
v -0.1394220 0.0000000 2.3428760
vn 0.4561410 -0.7061437 0.5415686
v -0.1520000 -0.0180000 2.3299999
vn 0.4561410 -0.7061437 0.5415686
f 409/409/409 410/410/410 411/411/411
v -0.0917014 0.0000000 2.3026829
vn 0.4560609 -0.7065217 0.5411427
v -0.1520000 -0.0180000 2.3299999
vn 0.4560609 -0.7065217 0.5411427
v -0.1024910 -0.0180000 2.2882750
vn 0.4560609 -0.7065217 0.5411427
f 412/412/412 413/413/413 414/414/414
v -0.1024910 0.0180000 2.2882750
vn 0.4562989 0.7061515 0.5414252
v -0.1520000 0.0180000 2.3299999
vn 0.4562989 0.7061515 0.5414252
v -0.1394220 0.0000000 2.3428760
vn 0.4562989 0.7061515 0.5414252
f 415/415/415 416/416/416 417/417/417
v -0.1024910 0.0180000 2.2882750
vn 0.4558940 0.7065278 0.5412754
v -0.1394220 0.0000000 2.3428760
vn 0.4558940 0.7065278 0.5412754
v -0.0917014 0.0000000 2.3026829
vn 0.4558940 0.7065278 0.5412754
f 418/418/418 419/419/419 420/420/420
v -0.1132805 -0.0000000 2.2738671
vn -0.4564458 0.7061588 -0.5412919
v -0.1645780 -0.0000000 2.3171239
vn -0.4564458 0.7061588 -0.5412919
v -0.1520000 0.0180000 2.3299999
vn -0.4564458 0.7061588 -0.5412919
f 421/421/421 422/422/422 423/423/423
v -0.1132805 -0.0000000 2.2738671
vn -0.4560609 0.7065216 -0.5411428
v -0.1520000 0.0180000 2.3299999
vn -0.4560609 0.7065216 -0.5411428
v -0.1024910 0.0180000 2.2882750
vn -0.4560609 0.7065216 -0.5411428
f 424/424/424 425/425/425 426/426/426
v -0.1024910 -0.0180000 2.2882750
vn -0.4562989 -0.7061515 -0.5414252
v -0.1520000 -0.0180000 2.3299999
vn -0.4562989 -0.7061515 -0.5414252
v -0.1645780 -0.0000000 2.3171239
vn -0.4562989 -0.7061515 -0.5414252
f 427/427/427 428/428/428 429/429/429
v -0.1024910 -0.0180000 2.2882750
vn -0.4562160 -0.7065161 -0.5410194
v -0.1645780 -0.0000000 2.3171239
vn -0.4562160 -0.7065161 -0.5410194
v -0.1132805 -0.0000000 2.2738671
vn -0.4562160 -0.7065161 -0.5410194
f 430/430/430 431/431/431 432/432/432
v -0.1394220 0.0000000 2.3428760
vn 0.5307524 -0.7065396 0.4680851
v -0.1521989 0.0000000 2.3573635
vn 0.5307524 -0.7065396 0.4680851
v -0.1663501 -0.0180000 2.3462396
vn 0.5307524 -0.7065396 0.4680851
f 433/433/433 434/434/434 435/435/435
v -0.1394220 0.0000000 2.3428760
vn 0.5305893 -0.7061517 0.4688547
v -0.1663501 -0.0180000 2.3462396
vn 0.5305893 -0.7061517 0.4688547
v -0.1520000 -0.0180000 2.3299999
vn 0.5305893 -0.7061517 0.4688547
f 436/436/436 437/437/437 438/438/438
v -0.1520000 0.0180000 2.3299999
vn 0.5303139 0.7065201 0.4686113
v -0.1663501 0.0180000 2.3462396
vn 0.5303139 0.7065201 0.4686113
v -0.1521989 0.0000000 2.3573635
vn 0.5303139 0.7065201 0.4686113
f 439/439/439 440/440/440 441/441/441
v -0.1520000 0.0180000 2.3299999
vn 0.5310616 0.7061264 0.4683578
v -0.1521989 0.0000000 2.3573635
vn 0.5310616 0.7061264 0.4683578
v -0.1394220 0.0000000 2.3428760
vn 0.5310616 0.7061264 0.4683578
f 442/442/442 443/443/443 444/444/444
v -0.1645780 -0.0000000 2.3171239
vn -0.5299611 0.7065040 -0.4690344
v -0.1805013 -0.0000000 2.3351157
vn -0.5299611 0.7065040 -0.4690344
v -0.1663501 0.0180000 2.3462396
vn -0.5299611 0.7065040 -0.4690344
f 445/445/445 446/446/446 447/447/447
v -0.1645780 -0.0000000 2.3171239
vn -0.5305892 0.7061517 -0.4688548
v -0.1663501 0.0180000 2.3462396
vn -0.5305892 0.7061517 -0.4688548
v -0.1520000 0.0180000 2.3299999
vn -0.5305892 0.7061517 -0.4688548
f 448/448/448 449/449/449 450/450/450
v -0.1520000 -0.0180000 2.3299999
vn -0.5303138 -0.7065201 -0.4686113
v -0.1663501 -0.0180000 2.3462396
vn -0.5303138 -0.7065201 -0.4686113
v -0.1805013 -0.0000000 2.3351157
vn -0.5303138 -0.7065201 -0.4686113
f 451/451/451 452/452/452 453/453/453
v -0.1520000 -0.0180000 2.3299999
vn -0.5302092 -0.7061719 -0.4692541
v -0.1805013 -0.0000000 2.3351157
vn -0.5302092 -0.7061719 -0.4692541
v -0.1645780 -0.0000000 2.3171239
vn -0.5302092 -0.7061719 -0.4692541
f 454/454/454 455/455/455 456/456/456
v -0.1521989 0.0000000 2.3573635
vn 0.5807651 -0.7071032 0.4033821
v -0.1627081 0.0000000 2.3724940
vn 0.5807651 -0.7071032 0.4033821
v -0.1774521 -0.0180000 2.3621686
vn 0.5807651 -0.7071032 0.4033821
f 457/457/457 458/458/458 459/459/459
v -0.1521989 0.0000000 2.3573635
vn 0.5805911 -0.7065202 0.4046517
v -0.1774521 -0.0180000 2.3621686
vn 0.5805911 -0.7065202 0.4046517
v -0.1663501 -0.0180000 2.3462396
vn 0.5805911 -0.7065202 0.4046517
f 460/460/460 461/461/461 462/462/462
v -0.1663501 0.0180000 2.3462396
vn 0.5801118 0.7071050 0.4043178
v -0.1774521 0.0180000 2.3621686
vn 0.5801118 0.7071050 0.4043178
v -0.1627081 0.0000000 2.3724940
vn 0.5801118 0.7071050 0.4043178
f 463/463/463 464/464/464 465/465/465
v -0.1663501 0.0180000 2.3462396
vn 0.5812708 0.7064870 0.4037333
v -0.1627081 0.0000000 2.3724940
vn 0.5812708 0.7064870 0.4037333
v -0.1521989 0.0000000 2.3573635
vn 0.5812708 0.7064870 0.4037333
f 466/466/466 467/467/467 468/468/468
v -0.1805013 -0.0000000 2.3351157
vn -0.5795217 0.7071056 -0.4051618
v -0.1921960 -0.0000000 2.3518431
vn -0.5795217 0.7071056 -0.4051618
v -0.1774521 0.0180000 2.3621686
vn -0.5795217 0.7071056 -0.4051618
f 469/469/469 470/470/470 471/471/471
v -0.1805013 -0.0000000 2.3351157
vn -0.5805911 0.7065201 -0.4046517
v -0.1774521 0.0180000 2.3621686
vn -0.5805911 0.7065201 -0.4046517
v -0.1663501 0.0180000 2.3462396
vn -0.5805911 0.7065201 -0.4046517
f 472/472/472 473/473/473 474/474/474
v -0.1663501 -0.0180000 2.3462396
vn -0.5801118 -0.7071050 -0.4043178
v -0.1774521 -0.0180000 2.3621686
vn -0.5801118 -0.7071050 -0.4043178
v -0.1921960 -0.0000000 2.3518431
vn -0.5801118 -0.7071050 -0.4043178
f 475/475/475 476/476/476 477/477/477
v -0.1663501 -0.0180000 2.3462396
vn -0.5799770 -0.7065496 -0.4054802
v -0.1921960 -0.0000000 2.3518431
vn -0.5799770 -0.7065496 -0.4054802
v -0.1805013 -0.0000000 2.3351157
vn -0.5799770 -0.7065496 -0.4054802
f 478/478/478 479/479/479 480/480/480
v -0.1627081 0.0000000 2.3724940
vn 0.5782515 -0.7068759 0.4073717
v -0.1756690 0.0000000 2.3908916
vn 0.5782515 -0.7068759 0.4073717
v -0.1900000 -0.0180000 2.3800001
vn 0.5782515 -0.7068759 0.4073717
f 481/481/481 482/482/482 483/483/483
v -0.1627081 0.0000000 2.3724940
vn 0.5782814 -0.7071049 0.4069315
v -0.1900000 -0.0180000 2.3800001
vn 0.5782814 -0.7071049 0.4069315
v -0.1774521 -0.0180000 2.3621686
vn 0.5782814 -0.7071049 0.4069315
f 484/484/484 485/485/485 486/486/486
v -0.1774521 0.0180000 2.3621686
vn 0.5784743 0.7068691 0.4070671
v -0.1900000 0.0180000 2.3800001
vn 0.5784743 0.7068691 0.4070671
v -0.1756690 0.0000000 2.3908916
vn 0.5784743 0.7068691 0.4070671
f 487/487/487 488/488/488 489/489/489
v -0.1774521 0.0180000 2.3621686
vn 0.5780647 0.7071045 0.4072401
v -0.1756690 0.0000000 2.3908916
vn 0.5780647 0.7071045 0.4072401
v -0.1627081 0.0000000 2.3724940
vn 0.5780647 0.7071045 0.4072401
f 490/490/490 491/491/491 492/492/492
v -0.1921960 -0.0000000 2.3518431
vn -0.5787119 0.7068616 -0.4067424
v -0.2043310 -0.0000000 2.3691087
vn -0.5787119 0.7068616 -0.4067424
v -0.1900000 0.0180000 2.3800001
vn -0.5787119 0.7068616 -0.4067424
f 493/493/493 494/494/494 495/495/495
v -0.1921960 -0.0000000 2.3518431
vn -0.5782815 0.7071048 -0.4069314
v -0.1900000 0.0180000 2.3800001
vn -0.5782815 0.7071048 -0.4069314
v -0.1774521 0.0180000 2.3621686
vn -0.5782815 0.7071048 -0.4069314
f 496/496/496 497/497/497 498/498/498
v -0.1774521 -0.0180000 2.3621686
vn -0.5784743 -0.7068691 -0.4070670
v -0.1900000 -0.0180000 2.3800001
vn -0.5784743 -0.7068691 -0.4070670
v -0.2043310 -0.0000000 2.3691087
vn -0.5784743 -0.7068691 -0.4070670
f 499/499/499 500/500/500 501/501/501
v -0.1774521 -0.0180000 2.3621686
vn -0.5785125 -0.7071053 -0.4066021
v -0.2043310 -0.0000000 2.3691087
vn -0.5785125 -0.7071053 -0.4066021
v -0.1921960 -0.0000000 2.3518431
vn -0.5785125 -0.7071053 -0.4066021
f 502/502/502 503/503/503 504/504/504
o pz_street_pole_18_|_parking_flood_head
usemtl UV_Base
v -0.2780000 -0.0700000 2.3720000
vn -0.5773518 -0.5773515 -0.5773476
v -0.2900000 -0.0580000 2.3720000
vn -0.5773518 -0.5773515 -0.5773476
v -0.2780000 -0.0580000 2.3599999
vn -0.5773518 -0.5773515 -0.5773476
f 505/505/505 506/506/506 507/507/507
v -0.1020000 -0.0700000 2.3720000
vn 0.5773516 -0.5773516 -0.5773477
v -0.1020000 -0.0580000 2.3599999
vn 0.5773516 -0.5773516 -0.5773477
v -0.0900000 -0.0580000 2.3720000
vn 0.5773516 -0.5773516 -0.5773477
f 508/508/508 509/509/509 510/510/510
v -0.1020000 0.0700000 2.3720000
vn 0.5773516 0.5773516 -0.5773477
v -0.0900000 0.0580000 2.3720000
vn 0.5773516 0.5773516 -0.5773477
v -0.1020000 0.0580000 2.3599999
vn 0.5773516 0.5773516 -0.5773477
f 511/511/511 512/512/512 513/513/513
v -0.2900000 0.0580000 2.3720000
vn -0.5773518 0.5773515 -0.5773476
v -0.2780000 0.0700000 2.3720000
vn -0.5773518 0.5773515 -0.5773476
v -0.2780000 0.0580000 2.3599999
vn -0.5773518 0.5773515 -0.5773476
f 514/514/514 515/515/515 516/516/516
v -0.2900000 -0.0580000 2.4080000
vn -0.5773518 -0.5773515 0.5773476
v -0.2780000 -0.0700000 2.4080000
vn -0.5773518 -0.5773515 0.5773476
v -0.2780000 -0.0580000 2.4200001
vn -0.5773518 -0.5773515 0.5773476
f 517/517/517 518/518/518 519/519/519
v -0.1020000 -0.0700000 2.4080000
vn 0.5773516 -0.5773516 0.5773477
v -0.0900000 -0.0580000 2.4080000
vn 0.5773516 -0.5773516 0.5773477
v -0.1020000 -0.0580000 2.4200001
vn 0.5773516 -0.5773516 0.5773477
f 520/520/520 521/521/521 522/522/522
v -0.0900000 0.0580000 2.4080000
vn 0.5773516 0.5773516 0.5773477
v -0.1020000 0.0700000 2.4080000
vn 0.5773516 0.5773516 0.5773477
v -0.1020000 0.0580000 2.4200001
vn 0.5773516 0.5773516 0.5773477
f 523/523/523 524/524/524 525/525/525
v -0.2900000 0.0580000 2.4080000
vn -0.5773518 0.5773515 0.5773476
v -0.2780000 0.0580000 2.4200001
vn -0.5773518 0.5773515 0.5773476
v -0.2780000 0.0700000 2.4080000
vn -0.5773518 0.5773515 0.5773476
f 526/526/526 527/527/527 528/528/528
v -0.2780000 -0.0580000 2.3599999
vn -0.0000000 -0.7071092 -0.7071044
v -0.1020000 -0.0580000 2.3599999
vn -0.0000000 -0.7071092 -0.7071044
v -0.1020000 -0.0700000 2.3720000
vn -0.0000000 -0.7071092 -0.7071044
f 529/529/529 530/530/530 531/531/531
v -0.2780000 -0.0580000 2.3599999
vn 0.0000000 -0.7071092 -0.7071044
v -0.1020000 -0.0700000 2.3720000
vn 0.0000000 -0.7071092 -0.7071044
v -0.2780000 -0.0700000 2.3720000
vn 0.0000000 -0.7071092 -0.7071044
f 532/532/532 533/533/533 534/534/534
v -0.2900000 -0.0580000 2.3720000
vn -0.7071094 -0.0000000 -0.7071041
v -0.2900000 0.0580000 2.3720000
vn -0.7071094 -0.0000000 -0.7071041
v -0.2780000 0.0580000 2.3599999
vn -0.7071094 -0.0000000 -0.7071041
f 535/535/535 536/536/536 537/537/537
v -0.2900000 -0.0580000 2.3720000
vn -0.7071094 0.0000000 -0.7071041
v -0.2780000 0.0580000 2.3599999
vn -0.7071094 0.0000000 -0.7071041
v -0.2780000 -0.0580000 2.3599999
vn -0.7071094 0.0000000 -0.7071041
f 538/538/538 539/539/539 540/540/540
v -0.1020000 0.0580000 2.3599999
vn 0.0000000 0.7071092 -0.7071044
v -0.2780000 0.0580000 2.3599999
vn 0.0000000 0.7071092 -0.7071044
v -0.2780000 0.0700000 2.3720000
vn 0.0000000 0.7071092 -0.7071044
f 541/541/541 542/542/542 543/543/543
v -0.1020000 0.0580000 2.3599999
vn 0.0000000 0.7071092 -0.7071044
v -0.2780000 0.0700000 2.3720000
vn 0.0000000 0.7071092 -0.7071044
v -0.1020000 0.0700000 2.3720000
vn 0.0000000 0.7071092 -0.7071044
f 544/544/544 545/545/545 546/546/546
v -0.1020000 -0.0580000 2.3599999
vn 0.7071092 0.0000000 -0.7071044
v -0.1020000 0.0580000 2.3599999
vn 0.7071092 0.0000000 -0.7071044
v -0.0900000 0.0580000 2.3720000
vn 0.7071092 0.0000000 -0.7071044
f 547/547/547 548/548/548 549/549/549
v -0.1020000 -0.0580000 2.3599999
vn 0.7071092 0.0000000 -0.7071044
v -0.0900000 0.0580000 2.3720000
vn 0.7071092 0.0000000 -0.7071044
v -0.0900000 -0.0580000 2.3720000
vn 0.7071092 0.0000000 -0.7071044
f 550/550/550 551/551/551 552/552/552
v -0.2780000 -0.0580000 2.4200001
vn -0.7071094 0.0000000 0.7071041
v -0.2780000 0.0580000 2.4200001
vn -0.7071094 0.0000000 0.7071041
v -0.2900000 0.0580000 2.4080000
vn -0.7071094 0.0000000 0.7071041
f 553/553/553 554/554/554 555/555/555
v -0.2780000 -0.0580000 2.4200001
vn -0.7071094 0.0000000 0.7071041
v -0.2900000 0.0580000 2.4080000
vn -0.7071094 0.0000000 0.7071041
v -0.2900000 -0.0580000 2.4080000
vn -0.7071094 0.0000000 0.7071041
f 556/556/556 557/557/557 558/558/558
v -0.2780000 -0.0700000 2.4080000
vn 0.0000000 -0.7071092 0.7071044
v -0.1020000 -0.0700000 2.4080000
vn 0.0000000 -0.7071092 0.7071044
v -0.1020000 -0.0580000 2.4200001
vn 0.0000000 -0.7071092 0.7071044
f 559/559/559 560/560/560 561/561/561
v -0.2780000 -0.0700000 2.4080000
vn 0.0000000 -0.7071092 0.7071044
v -0.1020000 -0.0580000 2.4200001
vn 0.0000000 -0.7071092 0.7071044
v -0.2780000 -0.0580000 2.4200001
vn 0.0000000 -0.7071092 0.7071044
f 562/562/562 563/563/563 564/564/564
v -0.0900000 -0.0580000 2.4080000
vn 0.7071092 0.0000000 0.7071044
v -0.0900000 0.0580000 2.4080000
vn 0.7071092 0.0000000 0.7071044
v -0.1020000 0.0580000 2.4200001
vn 0.7071092 0.0000000 0.7071044
f 565/565/565 566/566/566 567/567/567
v -0.0900000 -0.0580000 2.4080000
vn 0.7071092 -0.0000000 0.7071044
v -0.1020000 0.0580000 2.4200001
vn 0.7071092 -0.0000000 0.7071044
v -0.1020000 -0.0580000 2.4200001
vn 0.7071092 -0.0000000 0.7071044
f 568/568/568 569/569/569 570/570/570
v -0.1020000 0.0700000 2.4080000
vn -0.0000000 0.7071092 0.7071044
v -0.2780000 0.0700000 2.4080000
vn -0.0000000 0.7071092 0.7071044
v -0.2780000 0.0580000 2.4200001
vn -0.0000000 0.7071092 0.7071044
f 571/571/571 572/572/572 573/573/573
v -0.1020000 0.0700000 2.4080000
vn 0.0000000 0.7071092 0.7071044
v -0.2780000 0.0580000 2.4200001
vn 0.0000000 0.7071092 0.7071044
v -0.1020000 0.0580000 2.4200001
vn 0.0000000 0.7071092 0.7071044
f 574/574/574 575/575/575 576/576/576
v -0.2780000 -0.0700000 2.3720000
vn -0.7071070 -0.7071066 -0.0000000
v -0.2780000 -0.0700000 2.4080000
vn -0.7071070 -0.7071066 -0.0000000
v -0.2900000 -0.0580000 2.4080000
vn -0.7071070 -0.7071066 -0.0000000
f 577/577/577 578/578/578 579/579/579
v -0.2780000 -0.0700000 2.3720000
vn -0.7071070 -0.7071066 0.0000000
v -0.2900000 -0.0580000 2.4080000
vn -0.7071070 -0.7071066 0.0000000
v -0.2900000 -0.0580000 2.3720000
vn -0.7071070 -0.7071066 0.0000000
f 580/580/580 581/581/581 582/582/582
v -0.0900000 -0.0580000 2.3720000
vn 0.7071068 -0.7071068 0.0000000
v -0.0900000 -0.0580000 2.4080000
vn 0.7071068 -0.7071068 0.0000000
v -0.1020000 -0.0700000 2.4080000
vn 0.7071068 -0.7071068 0.0000000
f 583/583/583 584/584/584 585/585/585
v -0.0900000 -0.0580000 2.3720000
vn 0.7071068 -0.7071068 0.0000000
v -0.1020000 -0.0700000 2.4080000
vn 0.7071068 -0.7071068 0.0000000
v -0.1020000 -0.0700000 2.3720000
vn 0.7071068 -0.7071068 0.0000000
f 586/586/586 587/587/587 588/588/588
v -0.1020000 0.0700000 2.3720000
vn 0.7071068 0.7071068 0.0000000
v -0.1020000 0.0700000 2.4080000
vn 0.7071068 0.7071068 0.0000000
v -0.0900000 0.0580000 2.4080000
vn 0.7071068 0.7071068 0.0000000
f 589/589/589 590/590/590 591/591/591
v -0.1020000 0.0700000 2.3720000
vn 0.7071068 0.7071068 -0.0000000
v -0.0900000 0.0580000 2.4080000
vn 0.7071068 0.7071068 -0.0000000
v -0.0900000 0.0580000 2.3720000
vn 0.7071068 0.7071068 -0.0000000
f 592/592/592 593/593/593 594/594/594
v -0.2900000 0.0580000 2.3720000
vn -0.7071070 0.7071066 0.0000000
v -0.2900000 0.0580000 2.4080000
vn -0.7071070 0.7071066 0.0000000
v -0.2780000 0.0700000 2.4080000
vn -0.7071070 0.7071066 0.0000000
f 595/595/595 596/596/596 597/597/597
v -0.2900000 0.0580000 2.3720000
vn -0.7071070 0.7071066 0.0000000
v -0.2780000 0.0700000 2.4080000
vn -0.7071070 0.7071066 0.0000000
v -0.2780000 0.0700000 2.3720000
vn -0.7071070 0.7071066 0.0000000
f 598/598/598 599/599/599 600/600/600
v -0.2780000 -0.0700000 2.3720000
vn -0.0000000 -1.0000000 -0.0000000
v -0.1020000 -0.0700000 2.3720000
vn -0.0000000 -1.0000000 -0.0000000
v -0.1020000 -0.0700000 2.4080000
vn -0.0000000 -1.0000000 -0.0000000
f 601/601/601 602/602/602 603/603/603
v -0.2780000 -0.0700000 2.3720000
vn 0.0000000 -1.0000000 -0.0000000
v -0.1020000 -0.0700000 2.4080000
vn 0.0000000 -1.0000000 -0.0000000
v -0.2780000 -0.0700000 2.4080000
vn 0.0000000 -1.0000000 -0.0000000
f 604/604/604 605/605/605 606/606/606
v -0.2780000 -0.0580000 2.3599999
vn -0.0000000 -0.0000000 -1.0000000
v -0.2780000 0.0580000 2.3599999
vn -0.0000000 -0.0000000 -1.0000000
v -0.1020000 0.0580000 2.3599999
vn -0.0000000 -0.0000000 -1.0000000
f 607/607/607 608/608/608 609/609/609
v -0.2780000 -0.0580000 2.3599999
vn -0.0000000 0.0000000 -1.0000000
v -0.1020000 0.0580000 2.3599999
vn -0.0000000 0.0000000 -1.0000000
v -0.1020000 -0.0580000 2.3599999
vn -0.0000000 0.0000000 -1.0000000
f 610/610/610 611/611/611 612/612/612
v -0.2900000 0.0580000 2.3720000
vn -1.0000000 0.0000000 0.0000000
v -0.2900000 -0.0580000 2.3720000
vn -1.0000000 0.0000000 0.0000000
v -0.2900000 -0.0580000 2.4080000
vn -1.0000000 0.0000000 0.0000000
f 613/613/613 614/614/614 615/615/615
v -0.2900000 0.0580000 2.3720000
vn -1.0000000 -0.0000000 -0.0000000
v -0.2900000 -0.0580000 2.4080000
vn -1.0000000 -0.0000000 -0.0000000
v -0.2900000 0.0580000 2.4080000
vn -1.0000000 -0.0000000 -0.0000000
f 616/616/616 617/617/617 618/618/618
v -0.0900000 -0.0580000 2.3720000
vn 1.0000000 0.0000000 0.0000000
v -0.0900000 0.0580000 2.3720000
vn 1.0000000 0.0000000 0.0000000
v -0.0900000 0.0580000 2.4080000
vn 1.0000000 0.0000000 0.0000000
f 619/619/619 620/620/620 621/621/621
v -0.0900000 -0.0580000 2.3720000
vn 1.0000000 -0.0000000 0.0000000
v -0.0900000 0.0580000 2.4080000
vn 1.0000000 -0.0000000 0.0000000
v -0.0900000 -0.0580000 2.4080000
vn 1.0000000 -0.0000000 0.0000000
f 622/622/622 623/623/623 624/624/624
v -0.1020000 0.0700000 2.3720000
vn -0.0000000 1.0000000 0.0000000
v -0.2780000 0.0700000 2.3720000
vn -0.0000000 1.0000000 0.0000000
v -0.2780000 0.0700000 2.4080000
vn -0.0000000 1.0000000 0.0000000
f 625/625/625 626/626/626 627/627/627
v -0.1020000 0.0700000 2.3720000
vn 0.0000000 1.0000000 0.0000000
v -0.2780000 0.0700000 2.4080000
vn 0.0000000 1.0000000 0.0000000
v -0.1020000 0.0700000 2.4080000
vn 0.0000000 1.0000000 0.0000000
f 628/628/628 629/629/629 630/630/630
v -0.2780000 -0.0580000 2.4200001
vn 0.0000000 0.0000000 1.0000000
v -0.1020000 -0.0580000 2.4200001
vn 0.0000000 0.0000000 1.0000000
v -0.1020000 0.0580000 2.4200001
vn 0.0000000 0.0000000 1.0000000
f 631/631/631 632/632/632 633/633/633
v -0.2780000 -0.0580000 2.4200001
vn -0.0000000 0.0000000 1.0000000
v -0.1020000 0.0580000 2.4200001
vn -0.0000000 0.0000000 1.0000000
v -0.2780000 0.0580000 2.4200001
vn -0.0000000 0.0000000 1.0000000
f 634/634/634 635/635/635 636/636/636
o pz_street_pole_18_|_EDITABLE_branched_parking_lamp_arm.001
usemtl UV_Base
v 0.1900000 0.0180000 2.3800001
vn 0.6050798 -0.0000000 0.7961649
v 0.1900000 -0.0180000 2.3800001
vn 0.6050798 -0.0000000 0.7961649
v 0.2043310 0.0000000 2.3691087
vn 0.6050798 -0.0000000 0.7961649
f 637/637/637 638/638/638 639/639/639
v 0.1756690 0.0000000 2.3908916
vn 0.6050798 0.0000000 0.7961649
v 0.1900000 -0.0180000 2.3800001
vn 0.6050798 0.0000000 0.7961649
v 0.1900000 0.0180000 2.3800001
vn 0.6050798 0.0000000 0.7961649
f 640/640/640 641/641/641 642/642/642
v 0.0000000 -0.0180000 2.2200000
vn -0.8101181 -0.0000001 -0.5862666
v -0.0000000 0.0180000 2.2200000
vn -0.8101181 -0.0000001 -0.5862666
v 0.0105528 0.0000000 2.2054179
vn -0.8101181 -0.0000001 -0.5862666
f 643/643/643 644/644/644 645/645/645
v -0.0105528 0.0000000 2.2345822
vn -0.8101182 -0.0000001 -0.5862666
v -0.0000000 0.0180000 2.2200000
vn -0.8101182 -0.0000001 -0.5862666
v 0.0000000 -0.0180000 2.2200000
vn -0.8101182 -0.0000001 -0.5862666
f 646/646/646 647/647/647 648/648/648
v -0.0105528 0.0000000 2.2345822
vn -0.3933818 0.7071059 0.5875816
v 0.0441601 0.0000000 2.2712121
vn -0.3933818 0.7071059 0.5875816
v 0.0541374 0.0180000 2.2562304
vn -0.3933818 0.7071059 0.5875816
f 649/649/649 650/650/650 651/651/651
v -0.0105528 0.0000000 2.2345822
vn -0.3934058 0.7068696 0.5878497
v 0.0541374 0.0180000 2.2562304
vn -0.3934058 0.7068696 0.5878497
v -0.0000000 0.0180000 2.2200000
vn -0.3934058 0.7068696 0.5878497
f 652/652/652 653/653/653 654/654/654
v 0.0000000 -0.0180000 2.2200000
vn -0.3932743 -0.7071060 0.5876532
v 0.0541374 -0.0180000 2.2562304
vn -0.3932743 -0.7071060 0.5876532
v 0.0441601 0.0000000 2.2712121
vn -0.3932743 -0.7071060 0.5876532
f 655/655/655 656/656/656 657/657/657
v 0.0000000 -0.0180000 2.2200000
vn -0.3935119 -0.7068720 0.5877758
v 0.0441601 0.0000000 2.2712121
vn -0.3935119 -0.7068720 0.5877758
v -0.0105528 0.0000000 2.2345822
vn -0.3935119 -0.7068720 0.5877758
f 658/658/658 659/659/659 660/660/660
v 0.0105528 0.0000000 2.2054179
vn 0.3931647 -0.7071061 -0.5877265
v 0.0641148 0.0000000 2.2412486
vn 0.3931647 -0.7071061 -0.5877265
v 0.0541374 -0.0180000 2.2562304
vn 0.3931647 -0.7071061 -0.5877265
f 661/661/661 662/662/662 663/663/663
v 0.0105528 0.0000000 2.2054179
vn 0.3934058 -0.7068696 -0.5878496
v 0.0541374 -0.0180000 2.2562304
vn 0.3934058 -0.7068696 -0.5878496
v 0.0000000 -0.0180000 2.2200000
vn 0.3934058 -0.7068696 -0.5878496
f 664/664/664 665/665/665 666/666/666
v -0.0000000 0.0180000 2.2200000
vn 0.3932744 0.7071061 -0.5876532
v 0.0541374 0.0180000 2.2562304
vn 0.3932744 0.7071061 -0.5876532
v 0.0641148 0.0000000 2.2412486
vn 0.3932744 0.7071061 -0.5876532
f 667/667/667 668/668/668 669/669/669
v -0.0000000 0.0180000 2.2200000
vn 0.3932974 0.7068673 -0.5879250
v 0.0641148 0.0000000 2.2412486
vn 0.3932974 0.7068673 -0.5879250
v 0.0105528 0.0000000 2.2054179
vn 0.3932974 0.7068673 -0.5879250
f 670/670/670 671/671/671 672/672/672
v 0.0441601 0.0000000 2.2712121
vn -0.3906400 0.7065110 0.5901207
v 0.0917014 0.0000000 2.3026829
vn -0.3906400 0.7065110 0.5901207
v 0.1024910 0.0180000 2.2882750
vn -0.3906400 0.7065110 0.5901207
f 673/673/673 674/674/674 675/675/675
v 0.0441601 0.0000000 2.2712121
vn -0.3906191 0.7071061 0.5894216
v 0.1024910 0.0180000 2.2882750
vn -0.3906191 0.7071061 0.5894216
v 0.0541374 0.0180000 2.2562304
vn -0.3906191 0.7071061 0.5894216
f 676/676/676 677/677/677 678/678/678
v 0.0541374 -0.0180000 2.2562304
vn -0.3909416 -0.7065218 0.5899082
v 0.1024910 -0.0180000 2.2882750
vn -0.3909416 -0.7065218 0.5899082
v 0.0917014 0.0000000 2.3026829
vn -0.3909416 -0.7065218 0.5899082
f 679/679/679 680/680/680 681/681/681
v 0.0541374 -0.0180000 2.2562304
vn -0.3903122 -0.7071056 0.5896254
v 0.0917014 0.0000000 2.3026829
vn -0.3903122 -0.7071056 0.5896254
v 0.0441601 0.0000000 2.2712121
vn -0.3903122 -0.7071056 0.5896254
f 682/682/682 683/683/683 684/684/684
v 0.0641148 0.0000000 2.2412486
vn 0.3912330 -0.7065319 -0.5897028
v 0.1132805 0.0000000 2.2738671
vn 0.3912330 -0.7065319 -0.5897028
v 0.1024910 -0.0180000 2.2882750
vn 0.3912330 -0.7065319 -0.5897028
f 685/685/685 686/686/686 687/687/687
v 0.0641148 0.0000000 2.2412486
vn 0.3906192 -0.7071060 -0.5894216
v 0.1024910 -0.0180000 2.2882750
vn 0.3906192 -0.7071060 -0.5894216
v 0.0541374 -0.0180000 2.2562304
vn 0.3906192 -0.7071060 -0.5894216
f 688/688/688 689/689/689 690/690/690
v 0.0541374 0.0180000 2.2562304
vn 0.3909415 0.7065218 -0.5899081
v 0.1024910 0.0180000 2.2882750
vn 0.3909415 0.7065218 -0.5899081
v 0.1132805 0.0000000 2.2738671
vn 0.3909415 0.7065218 -0.5899081
f 691/691/691 692/692/692 693/693/693
v 0.0541374 0.0180000 2.2562304
vn 0.3909156 0.7071065 -0.5892245
v 0.1132805 0.0000000 2.2738671
vn 0.3909156 0.7071065 -0.5892245
v 0.0641148 0.0000000 2.2412486
vn 0.3909156 0.7071065 -0.5892245
f 694/694/694 695/695/695 696/696/696
v 0.0917014 0.0000000 2.3026829
vn -0.4561410 0.7061437 0.5415686
v 0.1394220 0.0000000 2.3428760
vn -0.4561410 0.7061437 0.5415686
v 0.1520000 0.0180000 2.3299999
vn -0.4561410 0.7061437 0.5415686
f 697/697/697 698/698/698 699/699/699
v 0.0917014 0.0000000 2.3026829
vn -0.4560609 0.7065217 0.5411427
v 0.1520000 0.0180000 2.3299999
vn -0.4560609 0.7065217 0.5411427
v 0.1024910 0.0180000 2.2882750
vn -0.4560609 0.7065217 0.5411427
f 700/700/700 701/701/701 702/702/702
v 0.1024910 -0.0180000 2.2882750
vn -0.4562989 -0.7061515 0.5414252
v 0.1520000 -0.0180000 2.3299999
vn -0.4562989 -0.7061515 0.5414252
v 0.1394220 0.0000000 2.3428760
vn -0.4562989 -0.7061515 0.5414252
f 703/703/703 704/704/704 705/705/705
v 0.1024910 -0.0180000 2.2882750
vn -0.4558940 -0.7065279 0.5412754
v 0.1394220 0.0000000 2.3428760
vn -0.4558940 -0.7065279 0.5412754
v 0.0917014 0.0000000 2.3026829
vn -0.4558940 -0.7065279 0.5412754
f 706/706/706 707/707/707 708/708/708
v 0.1132805 0.0000000 2.2738671
vn 0.4564458 -0.7061588 -0.5412919
v 0.1645780 0.0000000 2.3171239
vn 0.4564458 -0.7061588 -0.5412919
v 0.1520000 -0.0180000 2.3299999
vn 0.4564458 -0.7061588 -0.5412919
f 709/709/709 710/710/710 711/711/711
v 0.1132805 0.0000000 2.2738671
vn 0.4560609 -0.7065216 -0.5411428
v 0.1520000 -0.0180000 2.3299999
vn 0.4560609 -0.7065216 -0.5411428
v 0.1024910 -0.0180000 2.2882750
vn 0.4560609 -0.7065216 -0.5411428
f 712/712/712 713/713/713 714/714/714
v 0.1024910 0.0180000 2.2882750
vn 0.4562989 0.7061516 -0.5414252
v 0.1520000 0.0180000 2.3299999
vn 0.4562989 0.7061516 -0.5414252
v 0.1645780 0.0000000 2.3171239
vn 0.4562989 0.7061516 -0.5414252
f 715/715/715 716/716/716 717/717/717
v 0.1024910 0.0180000 2.2882750
vn 0.4562160 0.7065161 -0.5410194
v 0.1645780 0.0000000 2.3171239
vn 0.4562160 0.7065161 -0.5410194
v 0.1132805 0.0000000 2.2738671
vn 0.4562160 0.7065161 -0.5410194
f 718/718/718 719/719/719 720/720/720
v 0.1394220 0.0000000 2.3428760
vn -0.5307524 0.7065396 0.4680851
v 0.1521989 0.0000000 2.3573635
vn -0.5307524 0.7065396 0.4680851
v 0.1663501 0.0180000 2.3462396
vn -0.5307524 0.7065396 0.4680851
f 721/721/721 722/722/722 723/723/723
v 0.1394220 0.0000000 2.3428760
vn -0.5305893 0.7061517 0.4688547
v 0.1663501 0.0180000 2.3462396
vn -0.5305893 0.7061517 0.4688547
v 0.1520000 0.0180000 2.3299999
vn -0.5305893 0.7061517 0.4688547
f 724/724/724 725/725/725 726/726/726
v 0.1520000 -0.0180000 2.3299999
vn -0.5303139 -0.7065201 0.4686113
v 0.1663501 -0.0180000 2.3462396
vn -0.5303139 -0.7065201 0.4686113
v 0.1521989 0.0000000 2.3573635
vn -0.5303139 -0.7065201 0.4686113
f 727/727/727 728/728/728 729/729/729
v 0.1520000 -0.0180000 2.3299999
vn -0.5310616 -0.7061264 0.4683578
v 0.1521989 0.0000000 2.3573635
vn -0.5310616 -0.7061264 0.4683578
v 0.1394220 0.0000000 2.3428760
vn -0.5310616 -0.7061264 0.4683578
f 730/730/730 731/731/731 732/732/732
v 0.1645780 0.0000000 2.3171239
vn 0.5299611 -0.7065040 -0.4690344
v 0.1805013 0.0000000 2.3351157
vn 0.5299611 -0.7065040 -0.4690344
v 0.1663501 -0.0180000 2.3462396
vn 0.5299611 -0.7065040 -0.4690344
f 733/733/733 734/734/734 735/735/735
v 0.1645780 0.0000000 2.3171239
vn 0.5305893 -0.7061517 -0.4688548
v 0.1663501 -0.0180000 2.3462396
vn 0.5305893 -0.7061517 -0.4688548
v 0.1520000 -0.0180000 2.3299999
vn 0.5305893 -0.7061517 -0.4688548
f 736/736/736 737/737/737 738/738/738
v 0.1520000 0.0180000 2.3299999
vn 0.5303138 0.7065201 -0.4686113
v 0.1663501 0.0180000 2.3462396
vn 0.5303138 0.7065201 -0.4686113
v 0.1805013 0.0000000 2.3351157
vn 0.5303138 0.7065201 -0.4686113
f 739/739/739 740/740/740 741/741/741
v 0.1520000 0.0180000 2.3299999
vn 0.5302092 0.7061719 -0.4692540
v 0.1805013 0.0000000 2.3351157
vn 0.5302092 0.7061719 -0.4692540
v 0.1645780 0.0000000 2.3171239
vn 0.5302092 0.7061719 -0.4692540
f 742/742/742 743/743/743 744/744/744
v 0.1521989 0.0000000 2.3573635
vn -0.5807651 0.7071032 0.4033821
v 0.1627081 0.0000000 2.3724940
vn -0.5807651 0.7071032 0.4033821
v 0.1774521 0.0180000 2.3621686
vn -0.5807651 0.7071032 0.4033821
f 745/745/745 746/746/746 747/747/747
v 0.1521989 0.0000000 2.3573635
vn -0.5805911 0.7065202 0.4046517
v 0.1774521 0.0180000 2.3621686
vn -0.5805911 0.7065202 0.4046517
v 0.1663501 0.0180000 2.3462396
vn -0.5805911 0.7065202 0.4046517
f 748/748/748 749/749/749 750/750/750
v 0.1663501 -0.0180000 2.3462396
vn -0.5801118 -0.7071050 0.4043178
v 0.1774521 -0.0180000 2.3621686
vn -0.5801118 -0.7071050 0.4043178
v 0.1627081 0.0000000 2.3724940
vn -0.5801118 -0.7071050 0.4043178
f 751/751/751 752/752/752 753/753/753
v 0.1663501 -0.0180000 2.3462396
vn -0.5812708 -0.7064870 0.4037333
v 0.1627081 0.0000000 2.3724940
vn -0.5812708 -0.7064870 0.4037333
v 0.1521989 0.0000000 2.3573635
vn -0.5812708 -0.7064870 0.4037333
f 754/754/754 755/755/755 756/756/756
v 0.1805013 0.0000000 2.3351157
vn 0.5795217 -0.7071056 -0.4051618
v 0.1921960 0.0000000 2.3518431
vn 0.5795217 -0.7071056 -0.4051618
v 0.1774521 -0.0180000 2.3621686
vn 0.5795217 -0.7071056 -0.4051618
f 757/757/757 758/758/758 759/759/759
v 0.1805013 0.0000000 2.3351157
vn 0.5805911 -0.7065201 -0.4046517
v 0.1774521 -0.0180000 2.3621686
vn 0.5805911 -0.7065201 -0.4046517
v 0.1663501 -0.0180000 2.3462396
vn 0.5805911 -0.7065201 -0.4046517
f 760/760/760 761/761/761 762/762/762
v 0.1663501 0.0180000 2.3462396
vn 0.5801118 0.7071050 -0.4043178
v 0.1774521 0.0180000 2.3621686
vn 0.5801118 0.7071050 -0.4043178
v 0.1921960 0.0000000 2.3518431
vn 0.5801118 0.7071050 -0.4043178
f 763/763/763 764/764/764 765/765/765
v 0.1663501 0.0180000 2.3462396
vn 0.5799770 0.7065496 -0.4054802
v 0.1921960 0.0000000 2.3518431
vn 0.5799770 0.7065496 -0.4054802
v 0.1805013 0.0000000 2.3351157
vn 0.5799770 0.7065496 -0.4054802
f 766/766/766 767/767/767 768/768/768
v 0.1627081 0.0000000 2.3724940
vn -0.5782515 0.7068759 0.4073717
v 0.1756690 0.0000000 2.3908916
vn -0.5782515 0.7068759 0.4073717
v 0.1900000 0.0180000 2.3800001
vn -0.5782515 0.7068759 0.4073717
f 769/769/769 770/770/770 771/771/771
v 0.1627081 0.0000000 2.3724940
vn -0.5782814 0.7071049 0.4069315
v 0.1900000 0.0180000 2.3800001
vn -0.5782814 0.7071049 0.4069315
v 0.1774521 0.0180000 2.3621686
vn -0.5782814 0.7071049 0.4069315
f 772/772/772 773/773/773 774/774/774
v 0.1774521 -0.0180000 2.3621686
vn -0.5784743 -0.7068691 0.4070671
v 0.1900000 -0.0180000 2.3800001
vn -0.5784743 -0.7068691 0.4070671
v 0.1756690 0.0000000 2.3908916
vn -0.5784743 -0.7068691 0.4070671
f 775/775/775 776/776/776 777/777/777
v 0.1774521 -0.0180000 2.3621686
vn -0.5780647 -0.7071045 0.4072401
v 0.1756690 0.0000000 2.3908916
vn -0.5780647 -0.7071045 0.4072401
v 0.1627081 0.0000000 2.3724940
vn -0.5780647 -0.7071045 0.4072401
f 778/778/778 779/779/779 780/780/780
v 0.1921960 0.0000000 2.3518431
vn 0.5787119 -0.7068616 -0.4067424
v 0.2043310 0.0000000 2.3691087
vn 0.5787119 -0.7068616 -0.4067424
v 0.1900000 -0.0180000 2.3800001
vn 0.5787119 -0.7068616 -0.4067424
f 781/781/781 782/782/782 783/783/783
v 0.1921960 0.0000000 2.3518431
vn 0.5782815 -0.7071048 -0.4069314
v 0.1900000 -0.0180000 2.3800001
vn 0.5782815 -0.7071048 -0.4069314
v 0.1774521 -0.0180000 2.3621686
vn 0.5782815 -0.7071048 -0.4069314
f 784/784/784 785/785/785 786/786/786
v 0.1774521 0.0180000 2.3621686
vn 0.5784743 0.7068691 -0.4070670
v 0.1900000 0.0180000 2.3800001
vn 0.5784743 0.7068691 -0.4070670
v 0.2043310 0.0000000 2.3691087
vn 0.5784743 0.7068691 -0.4070670
f 787/787/787 788/788/788 789/789/789
v 0.1774521 0.0180000 2.3621686
vn 0.5785125 0.7071053 -0.4066021
v 0.2043310 0.0000000 2.3691087
vn 0.5785125 0.7071053 -0.4066021
v 0.1921960 0.0000000 2.3518431
vn 0.5785125 0.7071053 -0.4066021
f 790/790/790 791/791/791 792/792/792
o pz_street_pole_18_|_parking_flood_head.001
usemtl UV_Base
v 0.1020000 -0.0700000 2.3720000
vn -0.5773516 -0.5773516 -0.5773477
v 0.0900000 -0.0580000 2.3720000
vn -0.5773516 -0.5773516 -0.5773477
v 0.1020000 -0.0580000 2.3599999
vn -0.5773516 -0.5773516 -0.5773477
f 793/793/793 794/794/794 795/795/795
v 0.2780000 -0.0700000 2.3720000
vn 0.5773518 -0.5773515 -0.5773476
v 0.2780000 -0.0580000 2.3599999
vn 0.5773518 -0.5773515 -0.5773476
v 0.2900000 -0.0580000 2.3720000
vn 0.5773518 -0.5773515 -0.5773476
f 796/796/796 797/797/797 798/798/798
v 0.2780000 0.0700000 2.3720000
vn 0.5773518 0.5773515 -0.5773476
v 0.2900000 0.0580000 2.3720000
vn 0.5773518 0.5773515 -0.5773476
v 0.2780000 0.0580000 2.3599999
vn 0.5773518 0.5773515 -0.5773476
f 799/799/799 800/800/800 801/801/801
v 0.0900000 0.0580000 2.3720000
vn -0.5773516 0.5773516 -0.5773477
v 0.1020000 0.0700000 2.3720000
vn -0.5773516 0.5773516 -0.5773477
v 0.1020000 0.0580000 2.3599999
vn -0.5773516 0.5773516 -0.5773477
f 802/802/802 803/803/803 804/804/804
v 0.0900000 -0.0580000 2.4080000
vn -0.5773516 -0.5773516 0.5773477
v 0.1020000 -0.0700000 2.4080000
vn -0.5773516 -0.5773516 0.5773477
v 0.1020000 -0.0580000 2.4200001
vn -0.5773516 -0.5773516 0.5773477
f 805/805/805 806/806/806 807/807/807
v 0.2780000 -0.0700000 2.4080000
vn 0.5773518 -0.5773515 0.5773476
v 0.2900000 -0.0580000 2.4080000
vn 0.5773518 -0.5773515 0.5773476
v 0.2780000 -0.0580000 2.4200001
vn 0.5773518 -0.5773515 0.5773476
f 808/808/808 809/809/809 810/810/810
v 0.2900000 0.0580000 2.4080000
vn 0.5773518 0.5773515 0.5773476
v 0.2780000 0.0700000 2.4080000
vn 0.5773518 0.5773515 0.5773476
v 0.2780000 0.0580000 2.4200001
vn 0.5773518 0.5773515 0.5773476
f 811/811/811 812/812/812 813/813/813
v 0.0900000 0.0580000 2.4080000
vn -0.5773516 0.5773516 0.5773477
v 0.1020000 0.0580000 2.4200001
vn -0.5773516 0.5773516 0.5773477
v 0.1020000 0.0700000 2.4080000
vn -0.5773516 0.5773516 0.5773477
f 814/814/814 815/815/815 816/816/816
v 0.1020000 -0.0580000 2.3599999
vn -0.0000000 -0.7071092 -0.7071044
v 0.2780000 -0.0580000 2.3599999
vn -0.0000000 -0.7071092 -0.7071044
v 0.2780000 -0.0700000 2.3720000
vn -0.0000000 -0.7071092 -0.7071044
f 817/817/817 818/818/818 819/819/819
v 0.1020000 -0.0580000 2.3599999
vn 0.0000000 -0.7071092 -0.7071044
v 0.2780000 -0.0700000 2.3720000
vn 0.0000000 -0.7071092 -0.7071044
v 0.1020000 -0.0700000 2.3720000
vn 0.0000000 -0.7071092 -0.7071044
f 820/820/820 821/821/821 822/822/822
v 0.0900000 -0.0580000 2.3720000
vn -0.7071092 -0.0000000 -0.7071044
v 0.0900000 0.0580000 2.3720000
vn -0.7071092 -0.0000000 -0.7071044
v 0.1020000 0.0580000 2.3599999
vn -0.7071092 -0.0000000 -0.7071044
f 823/823/823 824/824/824 825/825/825
v 0.0900000 -0.0580000 2.3720000
vn -0.7071092 0.0000000 -0.7071044
v 0.1020000 0.0580000 2.3599999
vn -0.7071092 0.0000000 -0.7071044
v 0.1020000 -0.0580000 2.3599999
vn -0.7071092 0.0000000 -0.7071044
f 826/826/826 827/827/827 828/828/828
v 0.2780000 0.0580000 2.3599999
vn 0.0000000 0.7071092 -0.7071044
v 0.1020000 0.0580000 2.3599999
vn 0.0000000 0.7071092 -0.7071044
v 0.1020000 0.0700000 2.3720000
vn 0.0000000 0.7071092 -0.7071044
f 829/829/829 830/830/830 831/831/831
v 0.2780000 0.0580000 2.3599999
vn 0.0000000 0.7071092 -0.7071044
v 0.1020000 0.0700000 2.3720000
vn 0.0000000 0.7071092 -0.7071044
v 0.2780000 0.0700000 2.3720000
vn 0.0000000 0.7071092 -0.7071044
f 832/832/832 833/833/833 834/834/834
v 0.2780000 -0.0580000 2.3599999
vn 0.7071094 0.0000000 -0.7071041
v 0.2780000 0.0580000 2.3599999
vn 0.7071094 0.0000000 -0.7071041
v 0.2900000 0.0580000 2.3720000
vn 0.7071094 0.0000000 -0.7071041
f 835/835/835 836/836/836 837/837/837
v 0.2780000 -0.0580000 2.3599999
vn 0.7071094 0.0000000 -0.7071041
v 0.2900000 0.0580000 2.3720000
vn 0.7071094 0.0000000 -0.7071041
v 0.2900000 -0.0580000 2.3720000
vn 0.7071094 0.0000000 -0.7071041
f 838/838/838 839/839/839 840/840/840
v 0.1020000 -0.0580000 2.4200001
vn -0.7071092 0.0000000 0.7071044
v 0.1020000 0.0580000 2.4200001
vn -0.7071092 0.0000000 0.7071044
v 0.0900000 0.0580000 2.4080000
vn -0.7071092 0.0000000 0.7071044
f 841/841/841 842/842/842 843/843/843
v 0.1020000 -0.0580000 2.4200001
vn -0.7071092 0.0000000 0.7071044
v 0.0900000 0.0580000 2.4080000
vn -0.7071092 0.0000000 0.7071044
v 0.0900000 -0.0580000 2.4080000
vn -0.7071092 0.0000000 0.7071044
f 844/844/844 845/845/845 846/846/846
v 0.1020000 -0.0700000 2.4080000
vn 0.0000000 -0.7071092 0.7071044
v 0.2780000 -0.0700000 2.4080000
vn 0.0000000 -0.7071092 0.7071044
v 0.2780000 -0.0580000 2.4200001
vn 0.0000000 -0.7071092 0.7071044
f 847/847/847 848/848/848 849/849/849
v 0.1020000 -0.0700000 2.4080000
vn 0.0000000 -0.7071092 0.7071044
v 0.2780000 -0.0580000 2.4200001
vn 0.0000000 -0.7071092 0.7071044
v 0.1020000 -0.0580000 2.4200001
vn 0.0000000 -0.7071092 0.7071044
f 850/850/850 851/851/851 852/852/852
v 0.2900000 -0.0580000 2.4080000
vn 0.7071094 0.0000000 0.7071041
v 0.2900000 0.0580000 2.4080000
vn 0.7071094 0.0000000 0.7071041
v 0.2780000 0.0580000 2.4200001
vn 0.7071094 0.0000000 0.7071041
f 853/853/853 854/854/854 855/855/855
v 0.2900000 -0.0580000 2.4080000
vn 0.7071094 -0.0000000 0.7071041
v 0.2780000 0.0580000 2.4200001
vn 0.7071094 -0.0000000 0.7071041
v 0.2780000 -0.0580000 2.4200001
vn 0.7071094 -0.0000000 0.7071041
f 856/856/856 857/857/857 858/858/858
v 0.2780000 0.0700000 2.4080000
vn -0.0000000 0.7071092 0.7071044
v 0.1020000 0.0700000 2.4080000
vn -0.0000000 0.7071092 0.7071044
v 0.1020000 0.0580000 2.4200001
vn -0.0000000 0.7071092 0.7071044
f 859/859/859 860/860/860 861/861/861
v 0.2780000 0.0700000 2.4080000
vn 0.0000000 0.7071092 0.7071044
v 0.1020000 0.0580000 2.4200001
vn 0.0000000 0.7071092 0.7071044
v 0.2780000 0.0580000 2.4200001
vn 0.0000000 0.7071092 0.7071044
f 862/862/862 863/863/863 864/864/864
v 0.1020000 -0.0700000 2.3720000
vn -0.7071068 -0.7071068 -0.0000000
v 0.1020000 -0.0700000 2.4080000
vn -0.7071068 -0.7071068 -0.0000000
v 0.0900000 -0.0580000 2.4080000
vn -0.7071068 -0.7071068 -0.0000000
f 865/865/865 866/866/866 867/867/867
v 0.1020000 -0.0700000 2.3720000
vn -0.7071068 -0.7071068 0.0000000
v 0.0900000 -0.0580000 2.4080000
vn -0.7071068 -0.7071068 0.0000000
v 0.0900000 -0.0580000 2.3720000
vn -0.7071068 -0.7071068 0.0000000
f 868/868/868 869/869/869 870/870/870
v 0.2900000 -0.0580000 2.3720000
vn 0.7071070 -0.7071066 0.0000000
v 0.2900000 -0.0580000 2.4080000
vn 0.7071070 -0.7071066 0.0000000
v 0.2780000 -0.0700000 2.4080000
vn 0.7071070 -0.7071066 0.0000000
f 871/871/871 872/872/872 873/873/873
v 0.2900000 -0.0580000 2.3720000
vn 0.7071070 -0.7071066 0.0000000
v 0.2780000 -0.0700000 2.4080000
vn 0.7071070 -0.7071066 0.0000000
v 0.2780000 -0.0700000 2.3720000
vn 0.7071070 -0.7071066 0.0000000
f 874/874/874 875/875/875 876/876/876
v 0.2780000 0.0700000 2.3720000
vn 0.7071070 0.7071066 0.0000000
v 0.2780000 0.0700000 2.4080000
vn 0.7071070 0.7071066 0.0000000
v 0.2900000 0.0580000 2.4080000
vn 0.7071070 0.7071066 0.0000000
f 877/877/877 878/878/878 879/879/879
v 0.2780000 0.0700000 2.3720000
vn 0.7071070 0.7071066 -0.0000000
v 0.2900000 0.0580000 2.4080000
vn 0.7071070 0.7071066 -0.0000000
v 0.2900000 0.0580000 2.3720000
vn 0.7071070 0.7071066 -0.0000000
f 880/880/880 881/881/881 882/882/882
v 0.0900000 0.0580000 2.3720000
vn -0.7071068 0.7071068 0.0000000
v 0.0900000 0.0580000 2.4080000
vn -0.7071068 0.7071068 0.0000000
v 0.1020000 0.0700000 2.4080000
vn -0.7071068 0.7071068 0.0000000
f 883/883/883 884/884/884 885/885/885
v 0.0900000 0.0580000 2.3720000
vn -0.7071068 0.7071068 0.0000000
v 0.1020000 0.0700000 2.4080000
vn -0.7071068 0.7071068 0.0000000
v 0.1020000 0.0700000 2.3720000
vn -0.7071068 0.7071068 0.0000000
f 886/886/886 887/887/887 888/888/888
v 0.1020000 -0.0700000 2.3720000
vn -0.0000000 -1.0000000 -0.0000000
v 0.2780000 -0.0700000 2.3720000
vn -0.0000000 -1.0000000 -0.0000000
v 0.2780000 -0.0700000 2.4080000
vn -0.0000000 -1.0000000 -0.0000000
f 889/889/889 890/890/890 891/891/891
v 0.1020000 -0.0700000 2.3720000
vn 0.0000000 -1.0000000 -0.0000000
v 0.2780000 -0.0700000 2.4080000
vn 0.0000000 -1.0000000 -0.0000000
v 0.1020000 -0.0700000 2.4080000
vn 0.0000000 -1.0000000 -0.0000000
f 892/892/892 893/893/893 894/894/894
v 0.1020000 -0.0580000 2.3599999
vn -0.0000000 -0.0000000 -1.0000000
v 0.1020000 0.0580000 2.3599999
vn -0.0000000 -0.0000000 -1.0000000
v 0.2780000 0.0580000 2.3599999
vn -0.0000000 -0.0000000 -1.0000000
f 895/895/895 896/896/896 897/897/897
v 0.1020000 -0.0580000 2.3599999
vn -0.0000000 0.0000000 -1.0000000
v 0.2780000 0.0580000 2.3599999
vn -0.0000000 0.0000000 -1.0000000
v 0.2780000 -0.0580000 2.3599999
vn -0.0000000 0.0000000 -1.0000000
f 898/898/898 899/899/899 900/900/900
v 0.0900000 0.0580000 2.3720000
vn -1.0000000 0.0000000 0.0000000
v 0.0900000 -0.0580000 2.3720000
vn -1.0000000 0.0000000 0.0000000
v 0.0900000 -0.0580000 2.4080000
vn -1.0000000 0.0000000 0.0000000
f 901/901/901 902/902/902 903/903/903
v 0.0900000 0.0580000 2.3720000
vn -1.0000000 -0.0000000 -0.0000000
v 0.0900000 -0.0580000 2.4080000
vn -1.0000000 -0.0000000 -0.0000000
v 0.0900000 0.0580000 2.4080000
vn -1.0000000 -0.0000000 -0.0000000
f 904/904/904 905/905/905 906/906/906
v 0.2900000 -0.0580000 2.3720000
vn 1.0000000 0.0000000 0.0000000
v 0.2900000 0.0580000 2.3720000
vn 1.0000000 0.0000000 0.0000000
v 0.2900000 0.0580000 2.4080000
vn 1.0000000 0.0000000 0.0000000
f 907/907/907 908/908/908 909/909/909
v 0.2900000 -0.0580000 2.3720000
vn 1.0000000 -0.0000000 0.0000000
v 0.2900000 0.0580000 2.4080000
vn 1.0000000 -0.0000000 0.0000000
v 0.2900000 -0.0580000 2.4080000
vn 1.0000000 -0.0000000 0.0000000
f 910/910/910 911/911/911 912/912/912
v 0.2780000 0.0700000 2.3720000
vn -0.0000000 1.0000000 0.0000000
v 0.1020000 0.0700000 2.3720000
vn -0.0000000 1.0000000 0.0000000
v 0.1020000 0.0700000 2.4080000
vn -0.0000000 1.0000000 0.0000000
f 913/913/913 914/914/914 915/915/915
v 0.2780000 0.0700000 2.3720000
vn 0.0000000 1.0000000 0.0000000
v 0.1020000 0.0700000 2.4080000
vn 0.0000000 1.0000000 0.0000000
v 0.2780000 0.0700000 2.4080000
vn 0.0000000 1.0000000 0.0000000
f 916/916/916 917/917/917 918/918/918
v 0.1020000 -0.0580000 2.4200001
vn 0.0000000 0.0000000 1.0000000
v 0.2780000 -0.0580000 2.4200001
vn 0.0000000 0.0000000 1.0000000
v 0.2780000 0.0580000 2.4200001
vn 0.0000000 0.0000000 1.0000000
f 919/919/919 920/920/920 921/921/921
v 0.1020000 -0.0580000 2.4200001
vn -0.0000000 0.0000000 1.0000000
v 0.2780000 0.0580000 2.4200001
vn -0.0000000 0.0000000 1.0000000
v 0.1020000 0.0580000 2.4200001
vn -0.0000000 0.0000000 1.0000000
f 922/922/922 923/923/923 924/924/924
