# G002 original authored geometry via Blender MCP; tile units, Z up.
mtllib ../Materials/pz_sink_white_hanging.mtl
o pz_sink_white_hanging_|_open_rounded_ceramic_bowl
usemtl UV_Base
v 0.0750000 0.2100000 0.7735760
vn 0.0000000 0.0000000 -0.9999999
v 0.0724444 0.1965414 0.7735760
vn 0.0000000 0.0000000 -0.9999999
v 0.0649519 0.1840000 0.7735760
vn 0.0000000 0.0000000 -0.9999999
vt 0.634445207 0.129596295
vt 0.632839139 0.138054356
vt 0.628130476 0.145936001
vt 0.628130476 0.145936001
vt 0.620640041 0.152704096
vt 0.610878323 0.157897483
vt 0.610878323 0.157897483
vt 0.599510538 0.161162156
vt 0.587311440 0.162275707
vt 0.587311440 0.162275707
vt 0.575112341 0.161162156
vt 0.563744556 0.157897483
vt 0.563744556 0.157897483
vt 0.553982839 0.152704096
vt 0.546492403 0.145936001
vt 0.546492403 0.145936001
vt 0.541783740 0.138054356
vt 0.540177673 0.129596295
vt 0.540177673 0.129596295
vt 0.541783740 0.121138235
vt 0.546492403 0.113256590
vt 0.546492403 0.113256590
vt 0.553982839 0.106488495
vt 0.563744556 0.101295108
vt 0.563744556 0.101295108
vt 0.575112341 0.098030372
vt 0.587311440 0.096916884
vt 0.587311440 0.096916884
vt 0.599510538 0.098030372
vt 0.610878323 0.101295108
vt 0.610878323 0.101295108
vt 0.620640041 0.106488495
vt 0.628130476 0.113256590
vt 0.628130476 0.113256590
vt 0.632839139 0.121138235
vt 0.634445207 0.129596295
vt 0.634445207 0.129596295
vt 0.628130476 0.145936001
vt 0.610878323 0.157897483
vt 0.610878323 0.157897483
vt 0.587311440 0.162275707
vt 0.563744556 0.157897483
vt 0.563744556 0.157897483
vt 0.546492403 0.145936001
vt 0.540177673 0.129596295
vt 0.540177673 0.129596295
vt 0.546492403 0.113256590
vt 0.563744556 0.101295108
vt 0.563744556 0.101295108
vt 0.587311440 0.096916884
vt 0.610878323 0.101295108
vt 0.610878323 0.101295108
vt 0.628130476 0.113256590
vt 0.634445207 0.129596295
vt 0.634445207 0.129596295
vt 0.610878323 0.157897483
vt 0.563744556 0.157897483
vt 0.563744556 0.157897483
vt 0.540177673 0.129596295
vt 0.563744556 0.101295108
vt 0.563744556 0.101295108
vt 0.610878323 0.101295108
vt 0.634445207 0.129596295
vt 0.563744556 0.157897483
vt 0.563744556 0.101295108
vt 0.634445207 0.129596295
vt 0.205982347 0.428180596
vt 0.207524124 0.436150665
vt 0.205982347 0.444120733
vt 0.205982347 0.444120733
vt 0.201461967 0.451547695
vt 0.194271177 0.457925334
vt 0.194271177 0.457925334
vt 0.184899915 0.462819076
vt 0.173986877 0.465895465
vt 0.173986877 0.465895465
vt 0.162275707 0.466944726
vt 0.150564537 0.465895465
vt 0.150564537 0.465895465
vt 0.139651499 0.462819076
vt 0.130280238 0.457925334
vt 0.130280238 0.457925334
vt 0.123089447 0.451547695
vt 0.118569068 0.444120733
vt 0.118569068 0.444120733
vt 0.117027291 0.436150665
vt 0.118569068 0.428180596
vt 0.118569068 0.428180596
vt 0.123089447 0.420753634
vt 0.130280238 0.414375996
vt 0.130280238 0.414375996
vt 0.139651499 0.409482191
vt 0.150564537 0.406405864
vt 0.150564537 0.406405864
vt 0.162275707 0.405356604
vt 0.173986877 0.406405864
vt 0.173986877 0.406405864
vt 0.184899915 0.409482191
vt 0.194271177 0.414375996
vt 0.194271177 0.414375996
vt 0.201461967 0.420753634
vt 0.205982347 0.428180596
vt 0.205982347 0.428180596
vt 0.205982347 0.444120733
vt 0.194271177 0.457925334
vt 0.194271177 0.457925334
vt 0.173986877 0.465895465
vt 0.150564537 0.465895465
vt 0.150564537 0.465895465
vt 0.130280238 0.457925334
vt 0.118569068 0.444120733
vt 0.118569068 0.444120733
vt 0.118569068 0.428180596
vt 0.130280238 0.414375996
vt 0.130280238 0.414375996
vt 0.150564537 0.406405864
vt 0.173986877 0.406405864
vt 0.173986877 0.406405864
vt 0.194271177 0.414375996
vt 0.205982347 0.428180596
vt 0.205982347 0.428180596
vt 0.194271177 0.457925334
vt 0.150564537 0.465895465
vt 0.150564537 0.465895465
vt 0.118569068 0.444120733
vt 0.130280238 0.414375996
vt 0.130280238 0.414375996
vt 0.173986877 0.406405864
vt 0.205982347 0.428180596
vt 0.150564537 0.465895465
vt 0.130280238 0.414375996
vt 0.205982347 0.428180596
vt 0.634445207 0.129596295
vt 0.632839139 0.121138235
vt 0.760316812 0.097065324
vt 0.634445207 0.129596295
vt 0.760316812 0.097065324
vt 0.766419755 0.129596295
vt 0.632839139 0.121138235
vt 0.628130476 0.113256590
vt 0.742423765 0.066751273
vt 0.632839139 0.121138235
vt 0.742423765 0.066751273
vt 0.760316812 0.097065324
vt 0.628130476 0.113256590
vt 0.620640041 0.106488495
vt 0.713960123 0.040719984
vt 0.628130476 0.113256590
vt 0.713960123 0.040719984
vt 0.742423765 0.066751273
vt 0.620640041 0.106488495
vt 0.610878323 0.101295108
vt 0.676865597 0.020745511
vt 0.620640041 0.106488495
vt 0.676865597 0.020745511
vt 0.713960123 0.040719984
vt 0.610878323 0.101295108
vt 0.599510538 0.098030372
vt 0.633668065 0.008189013
vt 0.610878323 0.101295108
vt 0.633668065 0.008189013
vt 0.676865597 0.020745511
vt 0.599510538 0.098030372
vt 0.587311440 0.096916884
vt 0.587311440 0.003906250
vt 0.599510538 0.098030372
vt 0.587311440 0.003906250
vt 0.633668065 0.008189013
vt 0.587311440 0.096916884
vt 0.575112341 0.098030372
vt 0.540954814 0.008189013
vt 0.587311440 0.096916884
vt 0.540954814 0.008189013
vt 0.587311440 0.003906250
vt 0.575112341 0.098030372
vt 0.563744556 0.101295108
vt 0.497757282 0.020745511
vt 0.575112341 0.098030372
vt 0.497757282 0.020745511
vt 0.540954814 0.008189013
vt 0.563744556 0.101295108
vt 0.553982839 0.106488495
vt 0.460662756 0.040719984
vt 0.563744556 0.101295108
vt 0.460662756 0.040719984
vt 0.497757282 0.020745511
vt 0.553982839 0.106488495
vt 0.546492403 0.113256590
vt 0.432199114 0.066751273
vt 0.553982839 0.106488495
vt 0.432199114 0.066751273
vt 0.460662756 0.040719984
vt 0.546492403 0.113256590
vt 0.541783740 0.121138235
vt 0.414306068 0.097065324
vt 0.546492403 0.113256590
vt 0.414306068 0.097065324
vt 0.432199114 0.066751273
vt 0.541783740 0.121138235
vt 0.540177673 0.129596295
vt 0.408203125 0.129596295
vt 0.541783740 0.121138235
vt 0.408203125 0.129596295
vt 0.414306068 0.097065324
vt 0.540177673 0.129596295
vt 0.541783740 0.138054356
vt 0.414306068 0.162127267
vt 0.540177673 0.129596295
vt 0.414306068 0.162127267
vt 0.408203125 0.129596295
vt 0.541783740 0.138054356
vt 0.546492403 0.145936001
vt 0.432199114 0.192441318
vt 0.541783740 0.138054356
vt 0.432199114 0.192441318
vt 0.414306068 0.162127267
vt 0.546492403 0.145936001
vt 0.553982839 0.152704096
vt 0.460662756 0.218472606
vt 0.546492403 0.145936001
vt 0.460662756 0.218472606
vt 0.432199114 0.192441318
vt 0.553982839 0.152704096
vt 0.563744556 0.157897483
vt 0.497757282 0.238447080
vt 0.553982839 0.152704096
vt 0.497757282 0.238447080
vt 0.460662756 0.218472606
vt 0.563744556 0.157897483
vt 0.575112341 0.161162156
vt 0.540954814 0.251003578
vt 0.563744556 0.157897483
vt 0.540954814 0.251003578
vt 0.497757282 0.238447080
vt 0.575112341 0.161162156
vt 0.587311440 0.162275707
vt 0.587311440 0.255286341
vt 0.575112341 0.161162156
vt 0.587311440 0.255286341
vt 0.540954814 0.251003578
vt 0.587311440 0.162275707
vt 0.599510538 0.161162156
vt 0.633668065 0.251003578
vt 0.587311440 0.162275707
vt 0.633668065 0.251003578
vt 0.587311440 0.255286341
vt 0.599510538 0.161162156
vt 0.610878323 0.157897483
vt 0.676865597 0.238447080
vt 0.599510538 0.161162156
vt 0.676865597 0.238447080
vt 0.633668065 0.251003578
vt 0.610878323 0.157897483
vt 0.620640041 0.152704096
vt 0.713960123 0.218472606
vt 0.610878323 0.157897483
vt 0.713960123 0.218472606
vt 0.676865597 0.238447080
vt 0.620640041 0.152704096
vt 0.628130476 0.145936001
vt 0.742423765 0.192441318
vt 0.620640041 0.152704096
vt 0.742423765 0.192441318
vt 0.713960123 0.218472606
vt 0.628130476 0.145936001
vt 0.632839139 0.138054356
vt 0.760316812 0.162127267
vt 0.628130476 0.145936001
vt 0.760316812 0.162127267
vt 0.742423765 0.192441318
vt 0.632839139 0.138054356
vt 0.634445207 0.129596295
vt 0.766419755 0.129596295
vt 0.632839139 0.138054356
vt 0.766419755 0.129596295
vt 0.760316812 0.162127267
vt 0.043643154 0.744770824
vt 0.076413508 0.741289229
vt 0.084350342 0.800778833
vt 0.043643154 0.744770824
vt 0.084350342 0.800778833
vt 0.042646995 0.804993417
vt 0.076413508 0.741289229
vt 0.109398006 0.731081636
vt 0.126174215 0.788422325
vt 0.076413508 0.741289229
vt 0.126174215 0.788422325
vt 0.084350342 0.800778833
vt 0.109398006 0.731081636
vt 0.140348794 0.714843750
vt 0.165268469 0.768765906
vt 0.109398006 0.731081636
vt 0.165268469 0.768765906
vt 0.126174215 0.788422325
vt 0.611753418 0.511009405
vt 0.622466878 0.471026556
vt 0.678302655 0.489375448
vt 0.611753418 0.511009405
vt 0.678302655 0.489375448
vt 0.664642965 0.538026467
vt 0.622466878 0.471026556
vt 0.629201652 0.426549432
vt 0.686889482 0.435377154
vt 0.622466878 0.471026556
vt 0.686889482 0.435377154
vt 0.678302655 0.489375448
vt 0.629201652 0.426549432
vt 0.631498744 0.380609158
vt 0.689818284 0.379711444
vt 0.629201652 0.426549432
vt 0.689818284 0.379711444
vt 0.686889482 0.435377154
vt 0.631498744 0.380609158
vt 0.629201652 0.336336439
vt 0.686889482 0.326171875
vt 0.631498744 0.380609158
vt 0.686889482 0.326171875
vt 0.689818284 0.379711444
vt 0.873715824 0.478818315
vt 0.868213453 0.434371841
vt 0.923698062 0.418812006
vt 0.873715824 0.478818315
vt 0.923698062 0.418812006
vt 0.930713578 0.472865486
vt 0.868213453 0.434371841
vt 0.859460458 0.393367445
vt 0.912537970 0.368777563
vt 0.868213453 0.434371841
vt 0.912537970 0.368777563
vt 0.923698062 0.418812006
vt 0.859460458 0.393367445
vt 0.848053311 0.358599439
vt 0.897993882 0.326171875
vt 0.859460458 0.393367445
vt 0.897993882 0.326171875
vt 0.912537970 0.368777563
vt 0.072932141 0.919675536
vt 0.039139778 0.910536128
vt 0.044955910 0.851410985
vt 0.072932141 0.919675536
vt 0.044955910 0.851410985
vt 0.087691092 0.862474433
vt 0.039139778 0.910536128
vt 0.006850365 0.907418868
vt 0.003906250 0.847637441
vt 0.039139778 0.910536128
vt 0.003906250 0.847637441
vt 0.044955910 0.851410985
vt 0.587590970 0.793976922
vt 0.555266445 0.797361337
vt 0.548265870 0.737941029
vt 0.587590970 0.793976922
vt 0.548265870 0.737941029
vt 0.589368594 0.733844086
vt 0.555266445 0.797361337
vt 0.521698736 0.807284006
vt 0.505792795 0.749952632
vt 0.555266445 0.797361337
vt 0.505792795 0.749952632
vt 0.548265870 0.737941029
vt 0.521698736 0.807284006
vt 0.489175452 0.823068647
vt 0.464843750 0.769060385
vt 0.521698736 0.807284006
vt 0.464843750 0.769060385
vt 0.505792795 0.749952632
vt 0.791015625 0.357484221
vt 0.780302165 0.397467070
vt 0.724466388 0.379118178
vt 0.791015625 0.357484221
vt 0.724466388 0.379118178
vt 0.738126078 0.330467159
vt 0.780302165 0.397467070
vt 0.773567391 0.441944194
vt 0.715879562 0.433116472
vt 0.780302165 0.397467070
vt 0.715879562 0.433116472
vt 0.724466388 0.379118178
vt 0.773567391 0.441944194
vt 0.771270299 0.487884468
vt 0.712950759 0.488782182
vt 0.773567391 0.441944194
vt 0.712950759 0.488782182
vt 0.715879562 0.433116472
vt 0.771270299 0.487884468
vt 0.773567391 0.532157187
vt 0.715879562 0.542321751
vt 0.771270299 0.487884468
vt 0.715879562 0.542321751
vt 0.712950759 0.488782182
vt 0.855196862 0.052342320
vt 0.860699233 0.096788793
vt 0.805214625 0.112348628
vt 0.855196862 0.052342320
vt 0.805214625 0.112348628
vt 0.798199109 0.058295149
vt 0.860699233 0.096788793
vt 0.869452229 0.137793189
vt 0.816374716 0.162383072
vt 0.860699233 0.096788793
vt 0.816374716 0.162383072
vt 0.805214625 0.112348628
vt 0.869452229 0.137793189
vt 0.880859375 0.172561195
vt 0.830918804 0.204988760
vt 0.869452229 0.137793189
vt 0.830918804 0.204988760
vt 0.816374716 0.162383072
vt 0.102293377 0.832031250
vt 0.137488559 0.832279886
vt 0.147649720 0.889796166
vt 0.102293377 0.832031250
vt 0.147649720 0.889796166
vt 0.103344353 0.889872877
vt 0.013320155 0.741289229
vt 0.043643154 0.744770824
vt 0.042646995 0.804993417
vt 0.013320155 0.741289229
vt 0.042646995 0.804993417
vt 0.003906250 0.800778833
vt 0.042646995 0.804993417
vt 0.084350342 0.800778833
vt 0.087418686 0.819543416
vt 0.042646995 0.804993417
vt 0.087418686 0.819543416
vt 0.044905258 0.823819091
vt 0.961030112 0.417733597
vt 0.961986220 0.373895954
vt 0.982957652 0.374311694
vt 0.961030112 0.417733597
vt 0.982957652 0.374311694
vt 0.981969727 0.418941342
vt 0.961986220 0.373895954
vt 0.960937500 0.326576423
vt 0.981909163 0.326171875
vt 0.961986220 0.373895954
vt 0.981909163 0.326171875
vt 0.982957652 0.374311694
vt 0.664642965 0.538026467
vt 0.678302655 0.489375448
vt 0.697265625 0.492940255
vt 0.664642965 0.538026467
vt 0.697265625 0.492940255
vt 0.683338130 0.542321751
vt 0.316604663 0.628939316
vt 0.371021349 0.629748890
vt 0.370819526 0.650723469
vt 0.316604663 0.628939316
vt 0.370819526 0.650723469
vt 0.315598124 0.649890204
vt 0.371021349 0.629748890
vt 0.427117720 0.628906250
vt 0.427734375 0.649872698
vt 0.371021349 0.629748890
vt 0.427734375 0.649872698
vt 0.370819526 0.650723469
vt 0.933106436 0.527254385
vt 0.930713578 0.472865486
vt 0.950685214 0.469917685
vt 0.933106436 0.527254385
vt 0.950685214 0.469917685
vt 0.953125000 0.525103459
vt 0.930713578 0.472865486
vt 0.923698062 0.418812006
vt 0.943532140 0.415055547
vt 0.930713578 0.472865486
vt 0.943532140 0.415055547
vt 0.950685214 0.469917685
vt 0.783123522 0.628906250
vt 0.834018267 0.630177801
vt 0.834336000 0.651150920
vt 0.923698062 0.418812006
vt 0.932153249 0.364255734
vt 0.943532140 0.415055547
vt 0.834018267 0.630177801
vt 0.881696506 0.629597204
vt 0.882812500 0.650542539
vt 0.834018267 0.630177801
vt 0.882812500 0.650542539
vt 0.834336000 0.651150920
vt 0.087691092 0.862474433
vt 0.044955910 0.851410985
vt 0.048534373 0.832031250
vt 0.087691092 0.862474433
vt 0.048534373 0.832031250
vt 0.092073940 0.843255037
vt 0.662109375 0.874710764
vt 0.662112080 0.832580931
vt 0.683080425 0.832031250
vt 0.662109375 0.874710764
vt 0.683080425 0.832031250
vt 0.683083184 0.874980492
vt 0.589368594 0.733844086
vt 0.548265870 0.737941029
vt 0.544455835 0.719000079
vt 0.589368594 0.733844086
vt 0.544455835 0.719000079
vt 0.586353834 0.714843750
vt 0.955170735 0.095467972
vt 0.956126846 0.051630330
vt 0.977098278 0.052046070
vt 0.955170735 0.095467972
vt 0.977098278 0.052046070
vt 0.976110355 0.096675667
vt 0.956126846 0.051630330
vt 0.955078125 0.004310798
vt 0.976049788 0.003906250
vt 0.956126846 0.051630330
vt 0.976049788 0.003906250
vt 0.977098278 0.052046070
vt 0.738126078 0.330467159
vt 0.724466388 0.379118178
vt 0.705503418 0.375553371
vt 0.738126078 0.330467159
vt 0.705503418 0.375553371
vt 0.719430913 0.326171875
vt 0.437698413 0.628939316
vt 0.492115099 0.629748890
vt 0.491913276 0.650723469
vt 0.437698413 0.628939316
vt 0.491913276 0.650723469
vt 0.436691874 0.649890204
vt 0.492115099 0.629748890
vt 0.548211470 0.628906250
vt 0.548828125 0.649872698
vt 0.492115099 0.629748890
vt 0.548828125 0.649872698
vt 0.491913276 0.650723469
vt 0.795806250 0.003906250
vt 0.798199109 0.058295149
vt 0.778227472 0.061242949
vt 0.795806250 0.003906250
vt 0.778227472 0.061242949
vt 0.775787686 0.006057176
vt 0.798199109 0.058295149
vt 0.805214625 0.112348628
vt 0.785380546 0.116105088
vt 0.798199109 0.058295149
vt 0.785380546 0.116105088
vt 0.778227472 0.061242949
vt 0.892498522 0.628906250
vt 0.943393267 0.630177801
vt 0.943711000 0.651150920
vt 0.805214625 0.112348628
vt 0.796759437 0.166904900
vt 0.785380546 0.116105088
vt 0.943393267 0.630177801
vt 0.991071506 0.629597204
vt 0.992187500 0.650542539
vt 0.943393267 0.630177801
vt 0.992187500 0.650542539
vt 0.943711000 0.651150920
vt 0.103344353 0.889872877
vt 0.147649720 0.889796166
vt 0.148437500 0.910066574
vt 0.103344353 0.889872877
vt 0.148437500 0.910066574
vt 0.103317993 0.910182599
vt 0.691406250 0.874710764
vt 0.691408956 0.832580930
vt 0.712377301 0.832031250
vt 0.691406250 0.874710764
vt 0.712377301 0.832031250
vt 0.712380060 0.874980554
vt 0.947265625 0.083008527
vt 0.941578792 0.125579063
vt 0.930678831 0.123898592
vt 0.947265625 0.083008527
vt 0.930678831 0.123898592
vt 0.936154422 0.082964625
vt 0.941578792 0.125579063
vt 0.924905920 0.166318772
vt 0.914625235 0.163073403
vt 0.941578792 0.125579063
vt 0.914625235 0.163073403
vt 0.930678831 0.123898592
vt 0.924905920 0.166318772
vt 0.898383182 0.202451244
vt 0.889087608 0.197819438
vt 0.924905920 0.166318772
vt 0.889087608 0.197819438
vt 0.914625235 0.163073403
vt 0.831256452 0.540967822
vt 0.813987397 0.493013080
vt 0.823238896 0.488831572
vt 0.831256452 0.540967822
vt 0.823238896 0.488831572
vt 0.839843750 0.535001281
vt 0.813987397 0.493013080
vt 0.803131608 0.438732976
vt 0.812800594 0.436569967
vt 0.813987397 0.493013080
vt 0.812800594 0.436569967
vt 0.823238896 0.488831572
vt 0.803131608 0.438732976
vt 0.799428893 0.381826533
vt 0.809240315 0.381778053
vt 0.803131608 0.438732976
vt 0.809240315 0.381778053
vt 0.812800594 0.436569967
vt 0.799428893 0.381826533
vt 0.803131608 0.326171875
vt 0.812800594 0.328189770
vt 0.799428893 0.381826533
vt 0.812800594 0.328189770
vt 0.809240315 0.381778053
vt 0.346565510 0.617456049
vt 0.293122194 0.605598359
vt 0.297560130 0.596461936
vt 0.346565510 0.617456049
vt 0.297560130 0.596461936
vt 0.349012993 0.607863609
vt 0.293122194 0.605598359
vt 0.244197293 0.586735509
vt 0.250461137 0.578324588
vt 0.293122194 0.605598359
vt 0.250461137 0.578324588
vt 0.297560130 0.596461936
vt 0.244197293 0.586735509
vt 0.203125000 0.562152923
vt 0.210925690 0.554687500
vt 0.244197293 0.586735509
vt 0.210925690 0.554687500
vt 0.250461137 0.578324588
vt 0.634623101 0.564991701
vt 0.593777280 0.581320437
vt 0.592124305 0.570409742
vt 0.634623101 0.564991701
vt 0.592124305 0.570409742
vt 0.631401323 0.554687500
vt 0.593777280 0.581320437
vt 0.551190760 0.586889890
vt 0.551174909 0.575772314
vt 0.593777280 0.581320437
vt 0.551174909 0.575772314
vt 0.592124305 0.570409742
vt 0.551190760 0.586889890
vt 0.509765625 0.581320437
vt 0.511343817 0.570409742
vt 0.551190760 0.586889890
vt 0.511343817 0.570409742
vt 0.551174909 0.575772314
vt 0.597656250 0.795023836
vt 0.628302707 0.763176506
vt 0.636552112 0.770157705
vt 0.597656250 0.795023836
vt 0.636552112 0.770157705
vt 0.607059285 0.800780142
vt 0.628302707 0.763176506
vt 0.668540566 0.735828544
vt 0.675282270 0.743861604
vt 0.628302707 0.763176506
vt 0.675282270 0.743861604
vt 0.636552112 0.770157705
vt 0.668540566 0.735828544
vt 0.715627662 0.714843750
vt 0.720610320 0.723683874
vt 0.668540566 0.735828544
vt 0.720610320 0.723683874
vt 0.675282270 0.743861604
vt 0.589236646 0.326171875
vt 0.599884003 0.379221452
vt 0.590208230 0.381335999
vt 0.589236646 0.326171875
vt 0.590208230 0.381335999
vt 0.579970386 0.330256803
vt 0.599884003 0.379221452
vt 0.603515625 0.436150691
vt 0.593700151 0.436150692
vt 0.599884003 0.379221452
vt 0.593700151 0.436150692
vt 0.590208230 0.381335999
vt 0.603515625 0.436150691
vt 0.599884003 0.493079917
vt 0.590208230 0.490965371
vt 0.603515625 0.436150691
vt 0.590208230 0.490965371
vt 0.593700151 0.436150692
vt 0.599884003 0.493079917
vt 0.589236646 0.546129455
vt 0.579970386 0.542044529
vt 0.599884003 0.493079917
vt 0.579970386 0.542044529
vt 0.590208230 0.490965371
vt 0.905010356 0.554687500
vt 0.953384268 0.574364174
vt 0.946958013 0.582652540
vt 0.905010356 0.554687500
vt 0.946958013 0.582652540
vt 0.900390625 0.563732621
vt 0.953384268 0.574364174
vt 0.994480358 0.600007359
vt 0.986514941 0.607309434
vt 0.953384268 0.574364174
vt 0.986514941 0.607309434
vt 0.946958013 0.582652540
vt 0.924905920 0.003906250
vt 0.941578792 0.041508157
vt 0.930678831 0.043061133
vt 0.924905920 0.003906250
vt 0.930678831 0.043061133
vt 0.914625235 0.006907516
vt 0.941578792 0.041508157
vt 0.947265625 0.083008527
vt 0.936154422 0.082964625
vt 0.941578792 0.041508157
vt 0.936154422 0.082964625
vt 0.930678831 0.043061133
vt 0.400390625 0.160913906
vt 0.393183890 0.201579381
vt 0.371639630 0.195515084
vt 0.400390625 0.160913906
vt 0.371639630 0.195515084
vt 0.378097889 0.160867944
vt 0.393183890 0.201579381
vt 0.372054846 0.239480244
vt 0.352704990 0.227807048
vt 0.393183890 0.201579381
vt 0.352704990 0.227807048
vt 0.371639630 0.195515084
vt 0.372054846 0.239480244
vt 0.338443332 0.272033688
vt 0.322584253 0.255543243
vt 0.372054846 0.239480244
vt 0.322584253 0.255543243
vt 0.352704990 0.227807048
vt 0.338443332 0.272033688
vt 0.294639966 0.297021184
vt 0.283330235 0.276833542
vt 0.338443332 0.272033688
vt 0.283330235 0.276833542
vt 0.322584253 0.255543243
vt 0.294639966 0.297021184
vt 0.243629864 0.312740005
vt 0.237617897 0.290226983
vt 0.294639966 0.297021184
vt 0.237617897 0.290226983
vt 0.283330235 0.276833542
vt 0.243629864 0.312740005
vt 0.188889306 0.318118764
vt 0.188562582 0.294810836
vt 0.243629864 0.312740005
vt 0.188562582 0.294810836
vt 0.237617897 0.290226983
vt 0.188889306 0.318118764
vt 0.134148748 0.312791045
vt 0.139507268 0.290272722
vt 0.188889306 0.318118764
vt 0.139507268 0.290272722
vt 0.188562582 0.294810836
vt 0.134148748 0.312791045
vt 0.083138647 0.297119785
vt 0.093794929 0.276921902
vt 0.134148748 0.312791045
vt 0.093794929 0.276921902
vt 0.139507268 0.290272722
vt 0.083138647 0.297119785
vt 0.039335281 0.272173131
vt 0.054540912 0.255668204
vt 0.083138647 0.297119785
vt 0.054540912 0.255668204
vt 0.093794929 0.276921902
vt 0.039335281 0.272173131
vt 0.005723767 0.239651027
vt 0.024420175 0.227960093
vt 0.039335281 0.272173131
vt 0.024420175 0.227960093
vt 0.054540912 0.255668204
vt 0.177227783 0.678109119
vt 0.139603126 0.698581357
vt 0.133621726 0.676436718
vt 0.005723767 0.239651027
vt 0.005485535 0.195685784
vt 0.024420175 0.227960093
vt 0.139603126 0.698581357
vt 0.099056942 0.705564067
vt 0.099079866 0.682694218
vt 0.139603126 0.698581357
vt 0.099079866 0.682694218
vt 0.133621726 0.676436718
vt 0.099056942 0.705564067
vt 0.058352434 0.698581357
vt 0.064396124 0.676436718
vt 0.099056942 0.705564067
vt 0.064396124 0.676436718
vt 0.099079866 0.682694218
vt 0.058352434 0.698581357
vt 0.020263595 0.678109119
vt 0.031934194 0.658090670
vt 0.058352434 0.698581357
vt 0.031934194 0.658090670
vt 0.064396124 0.676436718
vt 0.005723767 0.082544770
vt 0.039335281 0.049991326
vt 0.054540912 0.066369366
vt 0.020263595 0.678109119
vt 0.003906250 0.628906250
vt 0.031934194 0.658090670
vt 0.039335281 0.049991326
vt 0.083138647 0.025003767
vt 0.093794929 0.045079068
vt 0.039335281 0.049991326
vt 0.093794929 0.045079068
vt 0.054540912 0.066369366
vt 0.083138647 0.025003767
vt 0.134148748 0.009285008
vt 0.139507268 0.031685626
vt 0.083138647 0.025003767
vt 0.139507268 0.031685626
vt 0.093794929 0.045079068
vt 0.134148748 0.009285008
vt 0.188889306 0.003906250
vt 0.188562582 0.027101774
vt 0.134148748 0.009285008
vt 0.188562582 0.027101774
vt 0.139507268 0.031685626
vt 0.188889306 0.003906250
vt 0.243629864 0.009233969
vt 0.237617897 0.031639887
vt 0.188889306 0.003906250
vt 0.237617897 0.031639887
vt 0.188562582 0.027101774
vt 0.243629864 0.009233969
vt 0.294639966 0.024905166
vt 0.283330235 0.044990707
vt 0.243629864 0.009233969
vt 0.283330235 0.044990707
vt 0.237617897 0.031639887
vt 0.294639966 0.024905166
vt 0.338443332 0.049851883
vt 0.322584253 0.066244406
vt 0.294639966 0.024905166
vt 0.322584253 0.066244406
vt 0.283330235 0.044990707
vt 0.338443332 0.049851883
vt 0.372054846 0.082373987
vt 0.352704990 0.093952517
vt 0.338443332 0.049851883
vt 0.352704990 0.093952517
vt 0.322584253 0.066244406
vt 0.372054846 0.082373987
vt 0.393183890 0.120255150
vt 0.371639630 0.126226826
vt 0.372054846 0.082373987
vt 0.371639630 0.126226826
vt 0.352704990 0.093952517
vt 0.393183890 0.120255150
vt 0.400390625 0.160913906
vt 0.378097889 0.160867944
vt 0.393183890 0.120255150
vt 0.378097889 0.160867944
vt 0.371639630 0.126226826
vt 0.703304645 0.628906250
vt 0.738389165 0.632251431
vt 0.732027149 0.693668063
vt 0.703304645 0.628906250
vt 0.732027149 0.693668063
vt 0.703190955 0.690876717
vt 0.738389165 0.632251431
vt 0.772784429 0.642058996
vt 0.760318245 0.701851865
vt 0.738389165 0.632251431
vt 0.760318245 0.701851865
vt 0.732027149 0.693668063
vt 0.311176109 0.767300700
vt 0.273509605 0.780823211
vt 0.248582428 0.725953810
vt 0.311176109 0.767300700
vt 0.248582428 0.725953810
vt 0.279878179 0.714843750
vt 0.273509605 0.780823211
vt 0.230037265 0.791199419
vt 0.212410746 0.734478837
vt 0.273509605 0.780823211
vt 0.212410746 0.734478837
vt 0.248582428 0.725953810
vt 0.230037265 0.791199419
vt 0.183721555 0.797722173
vt 0.173828125 0.739837913
vt 0.230037265 0.791199419
vt 0.173828125 0.739837913
vt 0.212410746 0.734478837
vt 0.501952774 0.617416559
vt 0.453363981 0.619307293
vt 0.453399009 0.560795327
vt 0.501952774 0.617416559
vt 0.453399009 0.560795327
vt 0.493947871 0.559241902
vt 0.453363981 0.619307293
vt 0.404067205 0.617416559
vt 0.412268467 0.559241902
vt 0.453363981 0.619307293
vt 0.412268467 0.559241902
vt 0.453399009 0.560795327
vt 0.404067205 0.617416559
vt 0.357421875 0.611873207
vt 0.373359228 0.554687500
vt 0.404067205 0.617416559
vt 0.373359228 0.554687500
vt 0.412268467 0.559241902
vt 0.763671875 0.613990906
vt 0.720448217 0.619282555
vt 0.725104221 0.559195796
vt 0.763671875 0.613990906
vt 0.725104221 0.559195796
vt 0.760984763 0.554687500
vt 0.720448217 0.619282555
vt 0.679483244 0.619473313
vt 0.691165049 0.559475789
vt 0.720448217 0.619282555
vt 0.691165049 0.559475789
vt 0.725104221 0.559195796
vt 0.679483244 0.619473313
vt 0.643568720 0.614550121
vt 0.661480182 0.555508404
vt 0.679483244 0.619473313
vt 0.661480182 0.555508404
vt 0.691165049 0.559475789
vt 0.286224835 0.901322287
vt 0.282942368 0.866676803
vt 0.344917235 0.866676803
vt 0.286224835 0.901322287
vt 0.344917235 0.866676803
vt 0.347656250 0.895141359
vt 0.282942368 0.866676803
vt 0.286224835 0.832031250
vt 0.347656250 0.838212190
vt 0.282942368 0.866676803
vt 0.347656250 0.838212190
vt 0.344917235 0.866676803
vt 0.892578125 0.614550069
vt 0.856663677 0.619469903
vt 0.844981676 0.559472172
vt 0.892578125 0.614550069
vt 0.844981676 0.559472172
vt 0.874666481 0.555507491
vt 0.856663677 0.619469903
vt 0.815698701 0.619279416
vt 0.811042500 0.559192490
vt 0.856663677 0.619469903
vt 0.811042500 0.559192490
vt 0.844981676 0.559472172
vt 0.815698701 0.619279416
vt 0.772474961 0.613991651
vt 0.775161887 0.554687500
vt 0.815698701 0.619279416
vt 0.775161887 0.554687500
vt 0.811042500 0.559192490
vt 0.003906250 0.562182770
vt 0.049680584 0.556593795
vt 0.057813306 0.614763722
vt 0.003906250 0.562182770
vt 0.057813306 0.614763722
vt 0.019617533 0.619355608
vt 0.049680584 0.556593795
vt 0.098802359 0.554687500
vt 0.098802364 0.613197513
vt 0.049680584 0.556593795
vt 0.098802364 0.613197513
vt 0.057813306 0.614763722
vt 0.098802359 0.554687500
vt 0.147924071 0.556593795
vt 0.139791370 0.614763722
vt 0.098802359 0.554687500
vt 0.139791370 0.614763722
vt 0.098802364 0.613197513
vt 0.147924071 0.556593795
vt 0.193698219 0.562182770
vt 0.177986990 0.619355608
vt 0.147924071 0.556593795
vt 0.177986990 0.619355608
vt 0.139791370 0.614763722
vt 0.306640625 0.688209656
vt 0.263416967 0.693501305
vt 0.268072971 0.633414546
vt 0.306640625 0.688209656
vt 0.268072971 0.633414546
vt 0.303953513 0.628906250
vt 0.263416967 0.693501305
vt 0.222451994 0.693692063
vt 0.234133799 0.633694539
vt 0.263416967 0.693501305
vt 0.234133799 0.633694539
vt 0.268072971 0.633414546
vt 0.222451994 0.693692063
vt 0.186537470 0.688768871
vt 0.204448932 0.629727154
vt 0.222451994 0.693692063
vt 0.204448932 0.629727154
vt 0.234133799 0.633694539
vt 0.669921875 0.632251431
vt 0.703304645 0.628906250
vt 0.703190955 0.690876717
vt 0.669921875 0.632251431
vt 0.703190955 0.690876717
vt 0.675774765 0.693668063
vt 0.320645165 0.436150665
vt 0.315248851 0.464615249
vt 0.205982347 0.444120733
vt 0.320645165 0.436150665
vt 0.205982347 0.444120733
vt 0.207524124 0.436150665
vt 0.315248851 0.464615249
vt 0.299427679 0.491140060
vt 0.201461967 0.451547695
vt 0.315248851 0.464615249
vt 0.201461967 0.451547695
vt 0.205982347 0.444120733
vt 0.299427679 0.491140060
vt 0.274259819 0.513917421
vt 0.194271177 0.457925334
vt 0.299427679 0.491140060
vt 0.194271177 0.457925334
vt 0.201461967 0.451547695
vt 0.274259819 0.513917421
vt 0.241460436 0.531395062
vt 0.184899915 0.462819076
vt 0.274259819 0.513917421
vt 0.184899915 0.462819076
vt 0.194271177 0.457925334
vt 0.241460436 0.531395062
vt 0.203264739 0.542382006
vt 0.173986877 0.465895465
vt 0.241460436 0.531395062
vt 0.173986877 0.465895465
vt 0.184899915 0.462819076
vt 0.203264739 0.542382006
vt 0.162275707 0.546129455
vt 0.162275707 0.466944726
vt 0.203264739 0.542382006
vt 0.162275707 0.466944726
vt 0.173986877 0.465895465
vt 0.162275707 0.546129455
vt 0.121286675 0.542382006
vt 0.150564537 0.465895465
vt 0.162275707 0.546129455
vt 0.150564537 0.465895465
vt 0.162275707 0.466944726
vt 0.121286675 0.542382006
vt 0.083090979 0.531395062
vt 0.139651499 0.462819076
vt 0.121286675 0.542382006
vt 0.139651499 0.462819076
vt 0.150564537 0.465895465
vt 0.083090979 0.531395062
vt 0.050291596 0.513917421
vt 0.130280238 0.457925334
vt 0.083090979 0.531395062
vt 0.130280238 0.457925334
vt 0.139651499 0.462819076
vt 0.050291596 0.513917421
vt 0.025123735 0.491140060
vt 0.123089447 0.451547695
vt 0.050291596 0.513917421
vt 0.123089447 0.451547695
vt 0.130280238 0.457925334
vt 0.025123735 0.491140060
vt 0.009302564 0.464615249
vt 0.118569068 0.444120733
vt 0.025123735 0.491140060
vt 0.118569068 0.444120733
vt 0.123089447 0.451547695
vt 0.009302564 0.464615249
vt 0.003906250 0.436150665
vt 0.117027291 0.436150665
vt 0.009302564 0.464615249
vt 0.117027291 0.436150665
vt 0.118569068 0.444120733
vt 0.003906250 0.436150665
vt 0.009302564 0.407686080
vt 0.118569068 0.428180596
vt 0.003906250 0.436150665
vt 0.118569068 0.428180596
vt 0.117027291 0.436150665
vt 0.009302564 0.407686080
vt 0.025123735 0.381161270
vt 0.123089447 0.420753634
vt 0.009302564 0.407686080
vt 0.123089447 0.420753634
vt 0.118569068 0.428180596
vt 0.025123735 0.381161270
vt 0.050291596 0.358383908
vt 0.130280238 0.414375996
vt 0.025123735 0.381161270
vt 0.130280238 0.414375996
vt 0.123089447 0.420753634
vt 0.050291596 0.358383908
vt 0.083090979 0.340906268
vt 0.139651499 0.409482191
vt 0.050291596 0.358383908
vt 0.139651499 0.409482191
vt 0.130280238 0.414375996
vt 0.083090979 0.340906268
vt 0.121286675 0.329919324
vt 0.150564537 0.406405864
vt 0.083090979 0.340906268
vt 0.150564537 0.406405864
vt 0.139651499 0.409482191
vt 0.121286675 0.329919324
vt 0.162275707 0.326171875
vt 0.162275707 0.405356604
vt 0.121286675 0.329919324
vt 0.162275707 0.405356604
vt 0.150564537 0.406405864
vt 0.162275707 0.326171875
vt 0.203264739 0.329919324
vt 0.173986877 0.406405864
vt 0.162275707 0.326171875
vt 0.173986877 0.406405864
vt 0.162275707 0.405356604
vt 0.203264739 0.329919324
vt 0.241460436 0.340906268
vt 0.184899915 0.409482191
vt 0.203264739 0.329919324
vt 0.184899915 0.409482191
vt 0.173986877 0.406405864
vt 0.241460436 0.340906268
vt 0.274259819 0.358383908
vt 0.194271177 0.414375996
vt 0.241460436 0.340906268
vt 0.194271177 0.414375996
vt 0.184899915 0.409482191
vt 0.274259819 0.358383908
vt 0.299427679 0.381161270
vt 0.201461967 0.420753634
vt 0.274259819 0.358383908
vt 0.201461967 0.420753634
vt 0.194271177 0.414375996
vt 0.299427679 0.381161270
vt 0.315248851 0.407686080
vt 0.205982347 0.428180596
vt 0.299427679 0.381161270
vt 0.205982347 0.428180596
vt 0.201461967 0.420753634
vt 0.315248851 0.407686080
vt 0.320645165 0.436150665
vt 0.207524124 0.436150665
vt 0.315248851 0.407686080
vt 0.207524124 0.436150665
vt 0.205982347 0.428180596
vt 0.386891261 0.901160775
vt 0.377181140 0.899469050
vt 0.368421549 0.894559471
vt 0.368421549 0.894559471
vt 0.361469947 0.886912677
vt 0.357006693 0.877277090
vt 0.357006693 0.877277090
vt 0.355468750 0.866596012
vt 0.357006693 0.855914935
vt 0.357006693 0.855914935
vt 0.361469947 0.846279348
vt 0.368421549 0.838632554
vt 0.368421549 0.838632554
vt 0.377181140 0.833722975
vt 0.386891261 0.832031250
vt 0.386891261 0.832031250
vt 0.396601320 0.833722975
vt 0.405360974 0.838632554
vt 0.405360974 0.838632554
vt 0.412312639 0.846279348
vt 0.416775829 0.855914935
vt 0.416775829 0.855914935
vt 0.418313773 0.866596012
vt 0.416775829 0.877277090
vt 0.416775829 0.877277090
vt 0.412312639 0.886912677
vt 0.405360974 0.894559471
vt 0.405360974 0.894559471
vt 0.396601320 0.899469050
vt 0.386891261 0.901160775
vt 0.386891261 0.901160775
vt 0.368421549 0.894559471
vt 0.357006693 0.877277090
vt 0.357006693 0.877277090
vt 0.357006693 0.855914935
vt 0.368421549 0.838632554
vt 0.368421549 0.838632554
vt 0.386891261 0.832031250
vt 0.405360974 0.838632554
vt 0.405360974 0.838632554
vt 0.416775829 0.855914935
vt 0.416775829 0.877277090
vt 0.416775829 0.877277090
vt 0.405360974 0.894559471
vt 0.386891261 0.901160775
vt 0.386891261 0.901160775
vt 0.357006693 0.877277090
vt 0.368421549 0.838632554
vt 0.368421549 0.838632554
vt 0.405360974 0.838632554
vt 0.416775829 0.877277090
vt 0.368421549 0.838632554
vt 0.416775829 0.877277090
vt 0.386891261 0.901160775
vt 0.564468353 0.386966642
vt 0.570312500 0.414154907
vt 0.564468353 0.441343172
vt 0.564468353 0.441343172
vt 0.547508052 0.465870013
vt 0.521091775 0.485334688
vt 0.521091775 0.485334688
vt 0.487805281 0.497831735
vt 0.450906957 0.502137939
vt 0.450906957 0.502137939
vt 0.414008633 0.497831735
vt 0.380722138 0.485334688
vt 0.380722138 0.485334688
vt 0.354305861 0.465870013
vt 0.337345561 0.441343172
vt 0.337345561 0.441343172
vt 0.331501414 0.414154907
vt 0.337345561 0.386966642
vt 0.337345561 0.386966642
vt 0.354305861 0.362439800
vt 0.380722138 0.342975126
vt 0.380722138 0.342975126
vt 0.414008633 0.330478079
vt 0.450906957 0.326171875
vt 0.450906957 0.326171875
vt 0.487805281 0.330478079
vt 0.521091775 0.342975126
vt 0.521091775 0.342975126
vt 0.547508052 0.362439800
vt 0.564468353 0.386966642
vt 0.564468353 0.386966642
vt 0.564468353 0.441343172
vt 0.521091775 0.485334688
vt 0.521091775 0.485334688
vt 0.450906957 0.502137939
vt 0.380722138 0.485334688
vt 0.380722138 0.485334688
vt 0.337345561 0.441343172
vt 0.337345561 0.386966642
vt 0.337345561 0.386966642
vt 0.380722138 0.342975126
vt 0.450906957 0.326171875
vt 0.450906957 0.326171875
vt 0.521091775 0.342975126
vt 0.564468353 0.386966642
vt 0.564468353 0.386966642
vt 0.521091775 0.485334688
vt 0.380722138 0.485334688
vt 0.380722138 0.485334688
vt 0.337345561 0.386966642
vt 0.450906957 0.326171875
vt 0.380722138 0.485334688
vt 0.450906957 0.326171875
vt 0.564468353 0.386966642
vt 0.371197152 0.728310066
vt 0.380921602 0.726711164
vt 0.391413795 0.762141833
vt 0.371197152 0.728310066
vt 0.391413795 0.762141833
vt 0.371968517 0.765194292
vt 0.380921602 0.726711164
vt 0.389775259 0.722070970
vt 0.409110294 0.753283340
vt 0.380921602 0.726711164
vt 0.409110294 0.753283340
vt 0.391413795 0.762141833
vt 0.389775259 0.722070970
vt 0.396891338 0.714843750
vt 0.423325806 0.739485887
vt 0.389775259 0.722070970
vt 0.423325806 0.739485887
vt 0.409110294 0.753283340
vt 0.728823964 0.805449276
vt 0.732787220 0.795850183
vt 0.769439538 0.805459926
vt 0.728823964 0.805449276
vt 0.769439538 0.805459926
vt 0.761512914 0.823782244
vt 0.732787220 0.795850183
vt 0.734152894 0.785182756
vt 0.772170831 0.785095887
vt 0.732787220 0.795850183
vt 0.772170831 0.785095887
vt 0.769439538 0.805459926
vt 0.734152894 0.785182756
vt 0.732787220 0.774491150
vt 0.769439538 0.764683488
vt 0.734152894 0.785182756
vt 0.769439538 0.764683488
vt 0.772170831 0.785095887
vt 0.732787220 0.774491150
vt 0.728823964 0.764821884
vt 0.761512914 0.746220825
vt 0.732787220 0.774491150
vt 0.761512914 0.746220825
vt 0.769439538 0.764683488
vt 0.558260622 0.654796820
vt 0.565439563 0.647468176
vt 0.596881280 0.667882157
vt 0.558260622 0.654796820
vt 0.596881280 0.667882157
vt 0.583175997 0.682493355
vt 0.565439563 0.647468176
vt 0.570048760 0.638546849
vt 0.605680596 0.650069224
vt 0.565439563 0.647468176
vt 0.605680596 0.650069224
vt 0.596881280 0.667882157
vt 0.570048760 0.638546849
vt 0.571636980 0.628906250
vt 0.608712664 0.630798160
vt 0.570048760 0.638546849
vt 0.608712664 0.630798160
vt 0.605680596 0.650069224
vt 0.972642702 0.805261785
vt 0.963031446 0.806867683
vt 0.951163147 0.771582195
vt 0.972642702 0.805261785
vt 0.951163147 0.771582195
vt 0.970375628 0.768516379
vt 0.963031446 0.806867683
vt 0.954141721 0.811528182
vt 0.933412632 0.780479450
vt 0.963031446 0.806867683
vt 0.933412632 0.780479450
vt 0.951163147 0.771582195
vt 0.954141721 0.811528182
vt 0.946843724 0.818787026
vt 0.918861576 0.794337277
vt 0.954141721 0.811528182
vt 0.918861576 0.794337277
vt 0.933412632 0.780479450
vt 0.876953125 0.733176718
vt 0.872989812 0.742775811
vt 0.836337496 0.733166067
vt 0.876953125 0.733176718
vt 0.836337496 0.733166067
vt 0.844264121 0.714843750
vt 0.872989812 0.742775811
vt 0.871624138 0.753443237
vt 0.833606203 0.753530107
vt 0.872989812 0.742775811
vt 0.833606203 0.753530107
vt 0.836337496 0.733166067
vt 0.871624138 0.753443237
vt 0.872989812 0.764134844
vt 0.836337496 0.773942506
vt 0.871624138 0.753443237
vt 0.836337496 0.773942506
vt 0.833606203 0.753530107
vt 0.872989812 0.764134844
vt 0.876953125 0.773804110
vt 0.844264121 0.792405169
vt 0.872989812 0.764134844
vt 0.844264121 0.792405169
vt 0.836337496 0.773942506
vt 0.748046875 0.838198381
vt 0.756339037 0.832031250
vt 0.784034305 0.858567170
vt 0.748046875 0.838198381
vt 0.784034305 0.858567170
vt 0.768088699 0.870901543
vt 0.352935204 0.722070970
vt 0.361553663 0.726711164
vt 0.352677918 0.762141833
vt 0.352935204 0.722070970
vt 0.352677918 0.762141833
vt 0.335430310 0.753283340
vt 0.361553663 0.726711164
vt 0.371197152 0.728310066
vt 0.371968517 0.765194292
vt 0.361553663 0.726711164
vt 0.371968517 0.765194292
vt 0.352677918 0.762141833
vt 0.371968517 0.765194292
vt 0.391413795 0.762141833
vt 0.398597475 0.813237706
vt 0.371968517 0.765194292
vt 0.398597475 0.813237706
vt 0.371342401 0.818761189
vt 0.391413795 0.762141833
vt 0.409110294 0.753283340
vt 0.423464478 0.797208004
vt 0.391413795 0.762141833
vt 0.423464478 0.797208004
vt 0.398597475 0.813237706
vt 0.409110294 0.753283340
vt 0.423325806 0.739485887
vt 0.443509371 0.772241168
vt 0.409110294 0.753283340
vt 0.443509371 0.772241168
vt 0.423464478 0.797208004
vt 0.423325806 0.739485887
vt 0.432668802 0.722100038
vt 0.456769897 0.740781077
vt 0.423325806 0.739485887
vt 0.456769897 0.740781077
vt 0.443509371 0.772241168
vt 0.769439538 0.805459926
vt 0.772170831 0.785095887
vt 0.798828125 0.785150407
vt 0.769439538 0.805459926
vt 0.798828125 0.785150407
vt 0.795004271 0.822009487
vt 0.772170831 0.785095887
vt 0.769439538 0.764683488
vt 0.795004271 0.748223623
vt 0.772170831 0.785095887
vt 0.795004271 0.748223623
vt 0.798828125 0.785150407
vt 0.769439538 0.764683488
vt 0.761512914 0.746220825
vt 0.783907053 0.714843750
vt 0.769439538 0.764683488
vt 0.783907053 0.714843750
vt 0.795004271 0.748223623
vt 0.583175997 0.682493355
vt 0.596881280 0.667882157
vt 0.640700169 0.681219840
vt 0.583175997 0.682493355
vt 0.640700169 0.681219840
vt 0.615900116 0.702071923
vt 0.596881280 0.667882157
vt 0.605680596 0.650069224
vt 0.656622790 0.656027245
vt 0.596881280 0.667882157
vt 0.656622790 0.656027245
vt 0.640700169 0.681219840
vt 0.605680596 0.650069224
vt 0.608712664 0.630798160
vt 0.662109375 0.628960050
vt 0.605680596 0.650069224
vt 0.662109375 0.628960050
vt 0.656622790 0.656027245
vt 0.970375628 0.768516379
vt 0.951163147 0.771582195
vt 0.945010545 0.720391403
vt 0.970375628 0.768516379
vt 0.945010545 0.720391403
vt 0.971993765 0.714843750
vt 0.951163147 0.771582195
vt 0.933412632 0.780479450
vt 0.919911021 0.736491247
vt 0.951163147 0.771582195
vt 0.919911021 0.736491247
vt 0.945010545 0.720391403
vt 0.933412632 0.780479450
vt 0.918861576 0.794337277
vt 0.899151996 0.761567331
vt 0.933412632 0.780479450
vt 0.899151996 0.761567331
vt 0.919911021 0.736491247
vt 0.918861576 0.794337277
vt 0.908934354 0.811799202
vt 0.884765625 0.793165083
vt 0.918861576 0.794337277
vt 0.884765625 0.793165083
vt 0.899151996 0.761567331
vt 0.836337496 0.733166067
vt 0.833606203 0.753530107
vt 0.806948908 0.753475587
vt 0.836337496 0.733166067
vt 0.806948908 0.753475587
vt 0.810772762 0.716616507
vt 0.833606203 0.753530107
vt 0.836337496 0.773942506
vt 0.810772762 0.790402371
vt 0.833606203 0.753530107
vt 0.810772762 0.790402371
vt 0.806948908 0.753475587
vt 0.836337496 0.773942506
vt 0.844264121 0.792405169
vt 0.821869982 0.823782244
vt 0.836337496 0.773942506
vt 0.821869982 0.823782244
vt 0.810772762 0.790402371
vt 0.321913964 0.739485887
vt 0.335430310 0.753283340
vt 0.320312500 0.797208004
vt 0.468750000 0.832031250
vt 0.465899708 0.890546567
vt 0.446877122 0.863810178
vt 0.335430310 0.753283340
vt 0.352677918 0.762141833
vt 0.344367221 0.813237706
vt 0.335430310 0.753283340
vt 0.344367221 0.813237706
vt 0.320312500 0.797208004
vt 0.352677918 0.762141833
vt 0.371968517 0.765194292
vt 0.371342401 0.818761189
vt 0.352677918 0.762141833
vt 0.371342401 0.818761189
vt 0.344367221 0.813237706
vt 0.060004680 0.957899986
vt 0.052463278 0.955879267
vt 0.046942594 0.950358583
vt 0.046942594 0.950358583
vt 0.044921875 0.942817180
vt 0.046942594 0.935275778
vt 0.046942594 0.935275778
vt 0.052463278 0.929755094
vt 0.060004680 0.927734375
vt 0.060004680 0.927734375
vt 0.067546083 0.929755094
vt 0.073066767 0.935275778
vt 0.073066767 0.935275778
vt 0.075087486 0.942817180
vt 0.073066767 0.950358583
vt 0.073066767 0.950358583
vt 0.067546083 0.955879267
vt 0.060004680 0.957899986
vt 0.060004680 0.957899986
vt 0.046942594 0.950358583
vt 0.046942594 0.935275778
vt 0.046942594 0.935275778
vt 0.060004680 0.927734375
vt 0.073066767 0.935275778
vt 0.073066767 0.935275778
vt 0.073066767 0.950358583
vt 0.060004680 0.957899986
vt 0.046942594 0.935275778
vt 0.073066767 0.935275778
vt 0.060004680 0.957899986
vt 0.313689265 0.934333102
vt 0.315457410 0.940931830
vt 0.313689265 0.947530557
vt 0.313689265 0.947530557
vt 0.308858682 0.952361140
vt 0.302259955 0.954129285
vt 0.302259955 0.954129285
vt 0.295661227 0.952361140
vt 0.290830645 0.947530557
vt 0.290830645 0.947530557
vt 0.289062500 0.940931830
vt 0.290830645 0.934333102
vt 0.290830645 0.934333102
vt 0.295661227 0.929502520
vt 0.302259955 0.927734375
vt 0.302259955 0.927734375
vt 0.308858682 0.929502520
vt 0.313689265 0.934333102
vt 0.313689265 0.934333102
vt 0.313689265 0.947530557
vt 0.302259955 0.954129285
vt 0.302259955 0.954129285
vt 0.290830645 0.947530557
vt 0.290830645 0.934333102
vt 0.290830645 0.934333102
vt 0.302259955 0.927734375
vt 0.313689265 0.934333102
vt 0.302259955 0.954129285
vt 0.290830645 0.934333102
vt 0.313689265 0.934333102
vt 0.331134259 0.927734375
vt 0.338941695 0.927734375
vt 0.338453735 0.954818443
vt 0.331134259 0.927734375
vt 0.338453735 0.954818443
vt 0.331622224 0.954818442
vt 0.338941695 0.927734375
vt 0.345703125 0.928022462
vt 0.344369966 0.955070518
vt 0.338941695 0.927734375
vt 0.344369966 0.955070518
vt 0.338453735 0.954818443
vt 0.368598430 0.954805844
vt 0.361057028 0.954946483
vt 0.361057028 0.927857435
vt 0.368598430 0.954805844
vt 0.361057028 0.927857435
vt 0.367655755 0.927734375
vt 0.361057028 0.954946483
vt 0.353515625 0.954805844
vt 0.354458300 0.927734375
vt 0.361057028 0.954946483
vt 0.354458300 0.927734375
vt 0.361057028 0.927857435
vt 0.377495325 0.927875013
vt 0.385036721 0.927734375
vt 0.385036712 0.954823424
vt 0.377495325 0.927875013
vt 0.385036712 0.954823424
vt 0.378438012 0.954946482
vt 0.385036721 0.927734375
vt 0.392578125 0.927875014
vt 0.391635448 0.954946482
vt 0.385036721 0.927734375
vt 0.391635448 0.954946482
vt 0.385036712 0.954823424
vt 0.400932825 0.927875014
vt 0.408474229 0.927734375
vt 0.408474238 0.954823424
vt 0.400932825 0.927875014
vt 0.408474238 0.954823424
vt 0.401875502 0.954946482
vt 0.408474229 0.927734375
vt 0.416015625 0.927875013
vt 0.415072938 0.954946482
vt 0.408474229 0.927734375
vt 0.415072938 0.954946482
vt 0.408474238 0.954823424
vt 0.423828125 0.927875014
vt 0.431369528 0.927734375
vt 0.431369528 0.954823423
vt 0.423828125 0.927875014
vt 0.431369528 0.954823423
vt 0.424770800 0.954946483
vt 0.431369528 0.927734375
vt 0.438910930 0.927875014
vt 0.437968255 0.954946483
vt 0.431369528 0.927734375
vt 0.437968255 0.954946483
vt 0.431369528 0.954823423
vt 0.464848824 0.927734375
vt 0.472656250 0.927734375
vt 0.472168275 0.954819028
vt 0.464848824 0.927734375
vt 0.472168275 0.954819028
vt 0.465336799 0.954819028
vt 0.324372824 0.928022463
vt 0.331134259 0.927734375
vt 0.331622224 0.954818442
vt 0.324372824 0.928022463
vt 0.331622224 0.954818442
vt 0.325705973 0.955070520
vt 0.931833596 0.945330981
vt 0.939453125 0.932133527
vt 0.939453125 0.940931830
vt 0.931833596 0.945330981
vt 0.931833596 0.927734375
vt 0.939453125 0.932133527
vt 0.924214028 0.940931830
vt 0.931833596 0.927734375
vt 0.931833596 0.945330981
vt 0.924214028 0.940931830
vt 0.924214028 0.932133527
vt 0.931833596 0.927734375
vt 0.955271043 0.945330981
vt 0.962890625 0.932133527
vt 0.962890625 0.940931830
vt 0.955271043 0.945330981
vt 0.955271043 0.927734375
vt 0.962890625 0.932133527
vt 0.947651524 0.940931830
vt 0.955271043 0.927734375
vt 0.955271043 0.945330981
vt 0.947651524 0.940931830
vt 0.947651524 0.932133527
vt 0.955271043 0.927734375
vt 0.237166673 0.832031250
vt 0.235942262 0.846357276
vt 0.227232414 0.845263939
vt 0.237166673 0.832031250
vt 0.227232414 0.845263939
vt 0.228378958 0.832078521
vt 0.485360803 0.832031250
vt 0.485360803 0.846578079
vt 0.476562500 0.846578079
vt 0.485360803 0.832031250
vt 0.476562500 0.846578079
vt 0.476562500 0.832031250
vt 0.268278017 0.832078580
vt 0.269424588 0.845263931
vt 0.260714762 0.846357203
vt 0.268278017 0.832078580
vt 0.260714762 0.846357203
vt 0.259490322 0.832031250
vt 0.176491503 0.832078527
vt 0.177560063 0.844122822
vt 0.168850164 0.845216104
vt 0.176491503 0.832078527
vt 0.168850164 0.845216104
vt 0.167703685 0.832031250
vt 0.427734375 0.895887274
vt 0.427734375 0.883711231
vt 0.436532678 0.883711231
vt 0.427734375 0.895887274
vt 0.436532678 0.883711231
vt 0.436532678 0.895887274
vt 0.204191789 0.832031250
vt 0.203045333 0.845216146
vt 0.194335416 0.844122813
vt 0.204191789 0.832031250
vt 0.194335416 0.844122813
vt 0.195403954 0.832078479
vt 0.235942262 0.846357276
vt 0.233609823 0.858676918
vt 0.224939384 0.857327631
vt 0.235942262 0.846357276
vt 0.224939384 0.857327631
vt 0.227232414 0.845263939
vt 0.485360803 0.846578079
vt 0.485360803 0.859311713
vt 0.476562500 0.859311713
vt 0.485360803 0.846578079
vt 0.476562500 0.859311713
vt 0.476562500 0.846578079
vt 0.269424588 0.845263931
vt 0.271717672 0.857327545
vt 0.263047256 0.858676765
vt 0.269424588 0.845263931
vt 0.263047256 0.858676765
vt 0.260714762 0.846357203
vt 0.177560063 0.844122822
vt 0.179813503 0.855929878
vt 0.171143066 0.857279093
vt 0.177560063 0.844122822
vt 0.171143066 0.857279093
vt 0.168850164 0.845216104
vt 0.427734375 0.883711231
vt 0.427734375 0.871709252
vt 0.436532678 0.871709252
vt 0.427734375 0.883711231
vt 0.436532678 0.871709252
vt 0.436532678 0.883711231
vt 0.203045333 0.845216146
vt 0.200752477 0.857279182
vt 0.192082022 0.855929915
vt 0.203045333 0.845216146
vt 0.192082022 0.855929915
vt 0.194335416 0.844122813
vt 0.233609823 0.858676918
vt 0.231997418 0.869094896
vt 0.223219597 0.868732825
vt 0.233609823 0.858676918
vt 0.223219597 0.868732825
vt 0.224939384 0.857327631
vt 0.485360803 0.859311713
vt 0.485360803 0.870016724
vt 0.476562500 0.870016724
vt 0.485360803 0.859311713
vt 0.476562500 0.870016724
vt 0.476562500 0.859311713
vt 0.271717672 0.857327545
vt 0.273437500 0.868732670
vt 0.264659699 0.869094680
vt 0.271717672 0.857327545
vt 0.264659699 0.869094680
vt 0.263047256 0.858676765
vt 0.179813503 0.855929878
vt 0.181640625 0.868321640
vt 0.172862757 0.868683689
vt 0.179813503 0.855929878
vt 0.172862757 0.868683689
vt 0.171143066 0.857279093
vt 0.427734375 0.871709252
vt 0.427734375 0.859142250
vt 0.436532678 0.859142250
vt 0.427734375 0.871709252
vt 0.436532678 0.859142250
vt 0.436532678 0.871709252
vt 0.200752477 0.857279182
vt 0.199032822 0.868683820
vt 0.190254936 0.868321722
vt 0.200752477 0.857279182
vt 0.190254936 0.868321722
vt 0.192082022 0.855929915
vt 0.231997418 0.869094896
vt 0.232381723 0.878063084
vt 0.223792896 0.879942815
vt 0.231997418 0.869094896
vt 0.223792896 0.879942815
vt 0.223219597 0.868732825
vt 0.485360803 0.870016724
vt 0.485360803 0.878921567
vt 0.476562500 0.878921567
vt 0.485360803 0.870016724
vt 0.476562500 0.878921567
vt 0.476562500 0.870016724
vt 0.273437500 0.868732670
vt 0.272864187 0.879942624
vt 0.264275385 0.878062837
vt 0.273437500 0.868732670
vt 0.264275385 0.878062837
vt 0.264659699 0.869094680
vt 0.181640625 0.868321640
vt 0.180878430 0.881773209
vt 0.172289489 0.879893433
vt 0.181640625 0.868321640
vt 0.172289489 0.879893433
vt 0.172862757 0.868683689
vt 0.427734375 0.859142250
vt 0.427734375 0.845650198
vt 0.436532678 0.845650198
vt 0.427734375 0.859142250
vt 0.436532678 0.845650198
vt 0.436532678 0.859142250
vt 0.199032822 0.868683820
vt 0.199606077 0.879893588
vt 0.191017116 0.881773319
vt 0.199032822 0.868683820
vt 0.191017116 0.881773319
vt 0.190254936 0.868321722
vt 0.232381723 0.878063084
vt 0.236072786 0.887186229
vt 0.228378958 0.891420952
vt 0.232381723 0.878063084
vt 0.228378958 0.891420952
vt 0.223792896 0.879942815
vt 0.989267053 0.714843750
vt 0.989267053 0.724619338
vt 0.980468750 0.724619338
vt 0.989267053 0.714843750
vt 0.980468750 0.724619338
vt 0.980468750 0.714843750
vt 0.272864187 0.879942624
vt 0.268278017 0.891420777
vt 0.260584235 0.887185996
vt 0.272864187 0.879942624
vt 0.260584235 0.887185996
vt 0.264275385 0.878062837
vt 0.180878430 0.881773209
vt 0.175397622 0.895606694
vt 0.167703685 0.891371921
vt 0.180878430 0.881773209
vt 0.167703685 0.891371921
vt 0.172289489 0.879893433
vt 0.427734375 0.845650198
vt 0.427734375 0.832031250
vt 0.436532678 0.832031250
vt 0.427734375 0.845650198
vt 0.436532678 0.832031250
vt 0.436532678 0.845650198
vt 0.199606077 0.879893588
vt 0.204191789 0.891372070
vt 0.196497813 0.895606798
vt 0.199606077 0.879893588
vt 0.196497813 0.895606798
vt 0.191017116 0.881773319
vt 0.236072786 0.887186229
vt 0.239817456 0.892091711
vt 0.233306617 0.897930017
vt 0.236072786 0.887186229
vt 0.233306617 0.897930017
vt 0.228378958 0.891420952
vt 0.989267053 0.724619338
vt 0.989267053 0.730877705
vt 0.980468750 0.730877705
vt 0.989267053 0.724619338
vt 0.980468750 0.730877705
vt 0.980468750 0.724619338
vt 0.268278017 0.891420777
vt 0.263350241 0.897929882
vt 0.256839476 0.892091509
vt 0.268278017 0.891420777
vt 0.256839476 0.892091509
vt 0.260584235 0.887185996
vt 0.175397622 0.895606694
vt 0.169287315 0.903719960
vt 0.162776302 0.897881536
vt 0.175397622 0.895606694
vt 0.162776302 0.897881536
vt 0.167703685 0.891371921
vt 0.271484375 0.956865782
vt 0.271484375 0.946784193
vt 0.280282678 0.946784193
vt 0.271484375 0.956865782
vt 0.280282678 0.946784193
vt 0.280282678 0.956865782
vt 0.204191789 0.891372070
vt 0.209119073 0.897881665
vt 0.202607996 0.903720039
vt 0.204191789 0.891372070
vt 0.202607996 0.903720039
vt 0.196497813 0.895606798
vt 0.239817456 0.892091711
vt 0.244140625 0.895689784
vt 0.239031732 0.902680143
vt 0.239817456 0.892091711
vt 0.239031732 0.902680143
vt 0.233306617 0.897930017
vt 0.214843750 0.977548303
vt 0.208977508 0.977548303
vt 0.208977508 0.968750000
vt 0.214843750 0.977548303
vt 0.208977508 0.968750000
vt 0.214843750 0.968750000
vt 0.263350241 0.897929882
vt 0.257624992 0.902680068
vt 0.252516205 0.895689627
vt 0.263350241 0.897929882
vt 0.252516205 0.895689627
vt 0.256839476 0.892091509
vt 0.169287315 0.903719960
vt 0.162160656 0.909623102
vt 0.157051509 0.902632384
vt 0.169287315 0.903719960
vt 0.157051509 0.902632384
vt 0.162776302 0.897881536
vt 0.271484375 0.946784193
vt 0.271484375 0.937046368
vt 0.280282678 0.937046368
vt 0.271484375 0.946784193
vt 0.280282678 0.937046368
vt 0.280282678 0.946784193
vt 0.209119073 0.897881665
vt 0.214843750 0.902632483
vt 0.209734512 0.909623142
vt 0.209119073 0.897881665
vt 0.209734512 0.909623142
vt 0.202607996 0.903720039
vt 0.161007603 0.954970659
vt 0.162672333 0.949682323
vt 0.171319340 0.951286536
vt 0.161007603 0.954970659
vt 0.171319340 0.951286536
vt 0.169068592 0.958440145
vt 0.208977508 0.977548303
vt 0.203382361 0.977548303
vt 0.203382361 0.968750000
vt 0.208977508 0.977548303
vt 0.203382361 0.968750000
vt 0.208977508 0.968750000
vt 0.184270722 0.958440125
vt 0.182019731 0.951286411
vt 0.190666696 0.949682221
vt 0.184270722 0.958440125
vt 0.190666696 0.949682221
vt 0.192331605 0.954970635
vt 0.796926940 0.870843928
vt 0.794089296 0.861826856
vt 0.802736181 0.860222956
vt 0.796926940 0.870843928
vt 0.802736181 0.860222956
vt 0.804987625 0.867375178
vt 0.271484375 0.937046368
vt 0.271484375 0.927734375
vt 0.280282678 0.927734375
vt 0.271484375 0.937046368
vt 0.280282678 0.927734375
vt 0.280282678 0.937046368
vt 0.816526402 0.867375197
vt 0.818777714 0.860223033
vt 0.827424622 0.861826948
vt 0.816526402 0.867375197
vt 0.827424622 0.861826948
vt 0.824587146 0.870843945
vt 0.162672333 0.949682323
vt 0.163083396 0.943827085
vt 0.171875000 0.943508282
vt 0.162672333 0.949682323
vt 0.171875000 0.943508282
vt 0.171319340 0.951286536
vt 0.195312500 0.977548303
vt 0.189473529 0.977548303
vt 0.189473529 0.968750000
vt 0.195312500 0.977548303
vt 0.189473529 0.968750000
vt 0.195312500 0.968750000
vt 0.182019731 0.951286411
vt 0.181464011 0.943508122
vt 0.190255588 0.943826958
vt 0.182019731 0.951286411
vt 0.190255588 0.943826958
vt 0.190666696 0.949682221
vt 0.794089296 0.861826856
vt 0.793388877 0.852126136
vt 0.802180349 0.852445191
vt 0.794089296 0.861826856
vt 0.802180349 0.852445191
vt 0.802736181 0.860222956
vt 0.888671875 0.947749970
vt 0.888671875 0.938079091
vt 0.897470178 0.938079091
vt 0.888671875 0.947749970
vt 0.897470178 0.938079091
vt 0.897470178 0.947749970
vt 0.818777714 0.860223033
vt 0.819333514 0.852445288
vt 0.828125000 0.852126253
vt 0.818777714 0.860223033
vt 0.828125000 0.852126253
vt 0.827424622 0.861826948
vt 0.163083396 0.943827085
vt 0.162208788 0.937611847
vt 0.170680676 0.935251727
vt 0.163083396 0.943827085
vt 0.170680676 0.935251727
vt 0.171875000 0.943508282
vt 0.189473529 0.977548303
vt 0.183233182 0.977548303
vt 0.183233182 0.968750000
vt 0.189473529 0.977548303
vt 0.183233182 0.968750000
vt 0.189473529 0.968750000
vt 0.181464011 0.943508122
vt 0.182658464 0.935251603
vt 0.191130290 0.937611746
vt 0.181464011 0.943508122
vt 0.191130290 0.937611746
vt 0.190255588 0.943826958
vt 0.793388877 0.852126136
vt 0.794903331 0.841827699
vt 0.803375042 0.844188193
vt 0.793388877 0.852126136
vt 0.803375042 0.844188193
vt 0.802180349 0.852445191
vt 0.888671875 0.938079091
vt 0.888671875 0.927734375
vt 0.897470178 0.927734375
vt 0.888671875 0.938079091
vt 0.897470178 0.927734375
vt 0.897470178 0.938079091
vt 0.819333514 0.852445288
vt 0.818138891 0.844188270
vt 0.826610636 0.841827790
vt 0.819333514 0.852445288
vt 0.826610636 0.841827790
vt 0.828125000 0.852126253
vt 0.162208788 0.937611847
vt 0.159979944 0.932371516
vt 0.167416103 0.927734375
vt 0.162208788 0.937611847
vt 0.167416103 0.927734375
vt 0.170680676 0.935251727
vt 0.234375000 0.977548303
vt 0.228687139 0.977548303
vt 0.228687139 0.968750000
vt 0.234375000 0.977548303
vt 0.228687139 0.968750000
vt 0.234375000 0.968750000
vt 0.182658464 0.935251603
vt 0.185923389 0.927734375
vt 0.193359375 0.932371498
vt 0.182658464 0.935251603
vt 0.193359375 0.932371498
vt 0.191130290 0.937611746
vt 0.794903331 0.841827699
vt 0.799204908 0.832031250
vt 0.806640625 0.836669265
vt 0.794903331 0.841827699
vt 0.806640625 0.836669265
vt 0.803375042 0.844188193
vt 0.906250000 0.948171501
vt 0.906250000 0.937436396
vt 0.915048303 0.937436396
vt 0.906250000 0.948171501
vt 0.915048303 0.937436396
vt 0.915048303 0.948171501
vt 0.818138891 0.844188270
vt 0.814873500 0.836669274
vt 0.822309312 0.832031250
vt 0.818138891 0.844188270
vt 0.822309312 0.832031250
vt 0.826610636 0.841827790
vt 0.837415218 0.859363390
vt 0.840555714 0.855089608
vt 0.848055491 0.859690025
vt 0.837415218 0.859363390
vt 0.848055491 0.859690025
vt 0.843491155 0.865722470
vt 0.228687139 0.977548303
vt 0.223474745 0.977548303
vt 0.223474745 0.968750000
vt 0.228687139 0.977548303
vt 0.223474745 0.968750000
vt 0.228687139 0.968750000
vt 0.884548494 0.865723152
vt 0.879984810 0.859690235
vt 0.887484953 0.855090412
vt 0.884548494 0.865723152
vt 0.887484953 0.855090412
vt 0.890625000 0.859364512
vt 0.915800811 0.867130768
vt 0.909810013 0.859339672
vt 0.917308665 0.854737482
vt 0.915800811 0.867130768
vt 0.917308665 0.854737482
vt 0.921875000 0.860769783
vt 0.906250000 0.937436396
vt 0.906250000 0.927734375
vt 0.915048303 0.927734375
vt 0.906250000 0.937436396
vt 0.915048303 0.927734375
vt 0.915048303 0.937436396
vt 0.929959713 0.860769010
vt 0.934526451 0.854737000
vt 0.942024875 0.859339559
vt 0.929959713 0.860769010
vt 0.942024875 0.859339559
vt 0.936033548 0.867130268
vt 0.840555714 0.855089608
vt 0.843539940 0.848867695
vt 0.851518984 0.852575091
vt 0.840555714 0.855089608
vt 0.851518984 0.852575091
vt 0.848055491 0.859690025
vt 0.456063928 0.927734375
vt 0.456063928 0.934638104
vt 0.447265625 0.934638104
vt 0.456063928 0.927734375
vt 0.447265625 0.934638104
vt 0.447265625 0.927734375
vt 0.879984810 0.859690235
vt 0.876521813 0.852575070
vt 0.884501154 0.848868303
vt 0.879984810 0.859690235
vt 0.884501154 0.848868303
vt 0.887484953 0.855090412
vt 0.909810013 0.859339672
vt 0.905865527 0.851333206
vt 0.913843656 0.847623784
vt 0.909810013 0.859339672
vt 0.913843656 0.847623784
vt 0.917308665 0.854737482
vt 0.519531250 0.952705284
vt 0.519531250 0.943776072
vt 0.528329553 0.943776072
vt 0.519531250 0.952705284
vt 0.528329553 0.943776072
vt 0.528329553 0.952705284
vt 0.934526451 0.854737000
vt 0.937991766 0.847623444
vt 0.945969709 0.851333257
vt 0.934526451 0.854737000
vt 0.945969709 0.851333257
vt 0.942024875 0.859339559
vt 0.843539940 0.848867695
vt 0.847075718 0.840902259
vt 0.854939523 0.844848259
vt 0.843539940 0.848867695
vt 0.854939523 0.844848259
vt 0.851518984 0.852575091
vt 0.456063928 0.934638104
vt 0.456063928 0.943353816
vt 0.447265625 0.943353816
vt 0.456063928 0.934638104
vt 0.447265625 0.943353816
vt 0.447265625 0.934638104
vt 0.876521813 0.852575070
vt 0.873101763 0.844848045
vt 0.880965881 0.840902667
vt 0.876521813 0.852575070
vt 0.880965881 0.840902667
vt 0.884501154 0.848868303
vt 0.905865527 0.851333206
vt 0.902558779 0.843846345
vt 0.910421618 0.839898483
vt 0.905865527 0.851333206
vt 0.910421618 0.839898483
vt 0.913843656 0.847623784
vt 0.519531250 0.943776072
vt 0.519531250 0.935591014
vt 0.528329553 0.935591014
vt 0.519531250 0.943776072
vt 0.528329553 0.935591014
vt 0.528329553 0.943776072
vt 0.937991766 0.847623444
vt 0.941414105 0.839898262
vt 0.949276749 0.843846511
vt 0.937991766 0.847623444
vt 0.949276749 0.843846511
vt 0.945969709 0.851333257
vt 0.847075718 0.840902259
vt 0.852100444 0.832031250
vt 0.859375000 0.836979996
vt 0.847075718 0.840902259
vt 0.859375000 0.836979996
vt 0.854939523 0.844848259
vt 0.456063928 0.943353816
vt 0.456063928 0.953528485
vt 0.447265625 0.953528485
vt 0.456063928 0.943353816
vt 0.447265625 0.953528485
vt 0.447265625 0.943353816
vt 0.873101763 0.844848045
vt 0.868666920 0.836979423
vt 0.875941874 0.832031250
vt 0.873101763 0.844848045
vt 0.875941874 0.832031250
vt 0.880965881 0.840902667
vt 0.902558779 0.843846345
vt 0.898710867 0.836981861
vt 0.905984199 0.832031250
vt 0.902558779 0.843846345
vt 0.905984199 0.832031250
vt 0.910421618 0.839898483
vt 0.519531250 0.935591014
vt 0.519531250 0.927734375
vt 0.528329553 0.927734375
vt 0.519531250 0.935591014
vt 0.528329553 0.927734375
vt 0.528329553 0.935591014
vt 0.941414105 0.839898262
vt 0.945851915 0.832031250
vt 0.953125000 0.836982217
vt 0.941414105 0.839898262
vt 0.953125000 0.836982217
vt 0.949276749 0.843846511
vt 0.214321065 0.955386185
vt 0.206194386 0.952745689
vt 0.201171875 0.945832736
vt 0.201171875 0.945832736
vt 0.201171875 0.937287824
vt 0.206194386 0.930374871
vt 0.206194386 0.930374871
vt 0.214321065 0.927734375
vt 0.222447743 0.930374871
vt 0.222447743 0.930374871
vt 0.227470255 0.937287824
vt 0.227470255 0.945832736
vt 0.227470255 0.945832736
vt 0.222447743 0.952745689
vt 0.214321065 0.955386185
vt 0.214321065 0.955386185
vt 0.201171875 0.945832736
vt 0.206194386 0.930374871
vt 0.206194386 0.930374871
vt 0.222447743 0.930374871
vt 0.227470255 0.945832736
vt 0.206194386 0.930374871
vt 0.227470255 0.945832736
vt 0.214321065 0.955386185
vt 0.089463455 0.930614939
vt 0.098328940 0.927734375
vt 0.107194424 0.930614939
vt 0.107194424 0.930614939
vt 0.112673505 0.938156342
vt 0.112673505 0.947478019
vt 0.112673505 0.947478019
vt 0.107194424 0.955019421
vt 0.098328940 0.957899986
vt 0.098328940 0.957899986
vt 0.089463455 0.955019421
vt 0.083984375 0.947478019
vt 0.083984375 0.947478019
vt 0.083984375 0.938156342
vt 0.089463455 0.930614939
vt 0.089463455 0.930614939
vt 0.107194424 0.930614939
vt 0.112673505 0.947478019
vt 0.112673505 0.947478019
vt 0.098328940 0.957899986
vt 0.083984375 0.947478019
vt 0.112673505 0.947478019
vt 0.083984375 0.947478019
vt 0.089463455 0.930614939
vt 0.538330111 0.927734377
vt 0.546875000 0.927734375
vt 0.546098163 0.950484555
vt 0.538330111 0.927734377
vt 0.546098163 0.950484555
vt 0.539106917 0.950484554
vt 0.555908271 0.927734375
vt 0.564453125 0.927734377
vt 0.563676347 0.950484555
vt 0.555908271 0.927734375
vt 0.563676347 0.950484555
vt 0.556685076 0.950484556
vt 0.580810537 0.950484550
vt 0.572265625 0.950484550
vt 0.573042452 0.927734375
vt 0.580810537 0.950484550
vt 0.573042452 0.927734375
vt 0.580033710 0.927734375
vt 0.591064521 0.927734377
vt 0.599609375 0.927734375
vt 0.598832570 0.950484556
vt 0.591064521 0.927734377
vt 0.598832570 0.950484556
vt 0.591841299 0.950484555
vt 0.608642611 0.927734375
vt 0.617187500 0.927734377
vt 0.616410694 0.950484554
vt 0.608642611 0.927734375
vt 0.616410694 0.950484554
vt 0.609419449 0.950484555
vt 0.626220736 0.927734377
vt 0.634765625 0.927734375
vt 0.633988788 0.950484555
vt 0.626220736 0.927734377
vt 0.633988788 0.950484555
vt 0.626997542 0.950484554
vt 0.643798896 0.927734375
vt 0.652343750 0.927734377
vt 0.651566972 0.950484555
vt 0.643798896 0.927734375
vt 0.651566972 0.950484555
vt 0.644575701 0.950484556
vt 0.660156250 0.927734375
vt 0.668701162 0.927734375
vt 0.667924335 0.950484550
vt 0.660156250 0.927734375
vt 0.667924335 0.950484550
vt 0.660933077 0.950484550
vt 0.678955146 0.927734377
vt 0.687500000 0.927734375
vt 0.686723195 0.950484556
vt 0.678955146 0.927734377
vt 0.686723195 0.950484556
vt 0.679731924 0.950484555
vt 0.696533236 0.927734375
vt 0.705078125 0.927734377
vt 0.704301319 0.950484554
vt 0.696533236 0.927734375
vt 0.704301319 0.950484554
vt 0.697310074 0.950484555
vt 0.487092807 0.935719834
vt 0.488500947 0.942567801
vt 0.482699691 0.944950346
vt 0.487092807 0.935719834
vt 0.482699691 0.944950346
vt 0.480822170 0.935819663
vt 0.488500947 0.942567801
vt 0.492187500 0.947584146
vt 0.487615094 0.951638725
vt 0.488500947 0.942567801
vt 0.487615094 0.951638725
vt 0.482699691 0.944950346
vt 0.989925388 0.020253949
vt 0.989925388 0.013479691
vt 0.996093750 0.012277153
vt 0.989925388 0.020253949
vt 0.996093750 0.012277153
vt 0.996093750 0.021309497
vt 0.989925388 0.013479691
vt 0.987380785 0.007201502
vt 0.992700999 0.003906250
vt 0.989925388 0.013479691
vt 0.992700999 0.003906250
vt 0.996093750 0.012277153
vt 0.970934867 0.943248926
vt 0.972231123 0.936599859
vt 0.978515625 0.936599859
vt 0.970934867 0.943248926
vt 0.978515625 0.936599859
vt 0.976787284 0.945465344
vt 0.972231123 0.936599859
vt 0.970934867 0.929950793
vt 0.976787284 0.927734375
vt 0.972231123 0.936599859
vt 0.976787284 0.927734375
vt 0.978515625 0.936599859
vt 0.007201501 0.968750000
vt 0.013479691 0.971294601
vt 0.012277154 0.977462963
vt 0.007201501 0.968750000
vt 0.012277154 0.977462963
vt 0.003906250 0.974070214
vt 0.013479691 0.971294601
vt 0.020253949 0.971294601
vt 0.021309497 0.977462963
vt 0.013479691 0.971294601
vt 0.021309497 0.977462963
vt 0.012277154 0.977462963
vt 0.242187500 0.971467684
vt 0.248628933 0.968750000
vt 0.252103067 0.973986946
vt 0.242187500 0.971467684
vt 0.252103067 0.973986946
vt 0.243514520 0.977610469
vt 0.488500947 0.929655914
vt 0.487092807 0.935719834
vt 0.480822170 0.935819663
vt 0.488500947 0.929655914
vt 0.480822170 0.935819663
vt 0.482699691 0.927734375
vt 0.271773954 0.973103989
vt 0.264232551 0.968750000
vt 0.269260153 0.968750000
vt 0.271773954 0.973103989
vt 0.261718750 0.973103989
vt 0.264232551 0.968750000
vt 0.269260153 0.977458039
vt 0.261718750 0.973103989
vt 0.271773954 0.973103989
vt 0.269260153 0.977458039
vt 0.264232551 0.977458039
vt 0.261718750 0.973103989
vt 0.281250000 0.973104050
vt 0.288791403 0.977458039
vt 0.283763801 0.977458039
vt 0.281250000 0.973104050
vt 0.291305204 0.973104050
vt 0.288791403 0.977458039
vt 0.283763801 0.968750000
vt 0.291305204 0.973104050
vt 0.281250000 0.973104050
vt 0.283763801 0.968750000
vt 0.288791403 0.968750000
vt 0.291305204 0.973104050
vt 0.500001926 0.832031250
vt 0.500928249 0.836542705
vt 0.496020837 0.837629547
vt 0.500001926 0.832031250
vt 0.496020837 0.837629547
vt 0.495048162 0.832885125
vt 0.564453125 0.877730517
vt 0.564453125 0.873219061
vt 0.569480727 0.873219061
vt 0.564453125 0.877730517
vt 0.569480727 0.873219061
vt 0.569480727 0.877730517
vt 0.521484375 0.832885125
vt 0.520511701 0.837629548
vt 0.515604289 0.836542706
vt 0.521484375 0.832885125
vt 0.515604289 0.836542706
vt 0.516530611 0.832031250
vt 0.601562500 0.832885125
vt 0.600543463 0.837862452
vt 0.595636108 0.836775672
vt 0.601562500 0.832885125
vt 0.595636108 0.836775672
vt 0.596608793 0.832031250
vt 0.725730727 0.832031250
vt 0.725730727 0.837008576
vt 0.720703125 0.837008576
vt 0.725730727 0.832031250
vt 0.720703125 0.837008576
vt 0.720703125 0.832031250
vt 0.615309864 0.832031250
vt 0.616282549 0.836775672
vt 0.611375194 0.837862451
vt 0.615309864 0.832031250
vt 0.611375194 0.837862451
vt 0.610356157 0.832885125
vt 0.500928249 0.836542705
vt 0.501937479 0.840674137
vt 0.497042654 0.841815214
vt 0.500928249 0.836542705
vt 0.497042654 0.841815214
vt 0.496020837 0.837629547
vt 0.564453125 0.873219061
vt 0.564453125 0.869087629
vt 0.569480727 0.869087629
vt 0.564453125 0.873219061
vt 0.569480727 0.869087629
vt 0.569480727 0.873219061
vt 0.520511701 0.837629548
vt 0.519489883 0.841815215
vt 0.514595058 0.840674138
vt 0.520511701 0.837629548
vt 0.514595058 0.840674138
vt 0.515604289 0.836542706
vt 0.600543463 0.837862452
vt 0.599509103 0.842102480
vt 0.594614280 0.840961340
vt 0.600543463 0.837862452
vt 0.594614280 0.840961340
vt 0.595636108 0.836775672
vt 0.725730727 0.837008576
vt 0.725730727 0.841248603
vt 0.720703125 0.841248603
vt 0.725730727 0.837008576
vt 0.720703125 0.841248603
vt 0.720703125 0.837008576
vt 0.616282549 0.836775672
vt 0.617304377 0.840961338
vt 0.612409554 0.842102478
vt 0.616282549 0.836775672
vt 0.612409554 0.842102478
vt 0.611375194 0.837862451
vt 0.501937479 0.840674137
vt 0.502899154 0.844888272
vt 0.497961205 0.845828308
vt 0.501937479 0.840674137
vt 0.497961205 0.845828308
vt 0.497042654 0.841815214
vt 0.564453125 0.869087629
vt 0.564453125 0.864873493
vt 0.569480727 0.864873493
vt 0.564453125 0.869087629
vt 0.569480727 0.864873493
vt 0.569480727 0.869087629
vt 0.519489883 0.841815215
vt 0.518571332 0.845828310
vt 0.513633383 0.844888274
vt 0.519489883 0.841815215
vt 0.513633383 0.844888274
vt 0.514595058 0.840674138
vt 0.599509103 0.842102480
vt 0.598633664 0.845914471
vt 0.593695718 0.844974435
vt 0.599509103 0.842102480
vt 0.593695718 0.844974435
vt 0.594614280 0.840961340
vt 0.725730727 0.841248603
vt 0.725730727 0.845060594
vt 0.720703125 0.845060594
vt 0.725730727 0.841248603
vt 0.720703125 0.845060594
vt 0.720703125 0.841248603
vt 0.617304377 0.840961338
vt 0.618222939 0.844974433
vt 0.613284992 0.845914468
vt 0.617304377 0.840961338
vt 0.613284992 0.845914468
vt 0.612409554 0.842102478
vt 0.502899154 0.844888272
vt 0.503624473 0.849536290
vt 0.498624084 0.850054824
vt 0.502899154 0.844888272
vt 0.498624084 0.850054824
vt 0.497961205 0.845828308
vt 0.564453125 0.864873493
vt 0.564453125 0.860225475
vt 0.569480727 0.860225475
vt 0.564453125 0.864873493
vt 0.569480727 0.860225475
vt 0.569480727 0.864873493
vt 0.518571332 0.845828310
vt 0.517908453 0.850054827
vt 0.512908064 0.849536292
vt 0.518571332 0.845828310
vt 0.512908064 0.849536292
vt 0.513633383 0.844888274
vt 0.598633664 0.845914471
vt 0.598033220 0.849719549
vt 0.593032832 0.849200951
vt 0.598633664 0.845914471
vt 0.593032832 0.849200951
vt 0.593695718 0.844974435
vt 0.725730727 0.845060594
vt 0.725730727 0.848865671
vt 0.720703125 0.848865671
vt 0.725730727 0.845060594
vt 0.720703125 0.848865671
vt 0.720703125 0.845060594
vt 0.618222939 0.844974433
vt 0.618885825 0.849200949
vt 0.613885437 0.849719546
vt 0.618222939 0.844974433
vt 0.613885437 0.849719546
vt 0.613284992 0.845914468
vt 0.503624473 0.849536290
vt 0.503906250 0.854880882
vt 0.498878882 0.854880882
vt 0.503624473 0.849536290
vt 0.498878882 0.854880882
vt 0.498624084 0.850054824
vt 0.564453125 0.860225475
vt 0.564453125 0.854880883
vt 0.569480727 0.854880883
vt 0.564453125 0.860225475
vt 0.569480727 0.854880883
vt 0.569480727 0.860225475
vt 0.517908453 0.850054827
vt 0.517653655 0.854880885
vt 0.512626287 0.854880885
vt 0.517908453 0.850054827
vt 0.512626287 0.854880885
vt 0.512908064 0.849536292
vt 0.598033220 0.849719549
vt 0.597805399 0.854027009
vt 0.592778032 0.854027009
vt 0.598033220 0.849719549
vt 0.592778032 0.854027009
vt 0.593032832 0.849200951
vt 0.725730727 0.848865671
vt 0.725730727 0.853173132
vt 0.720703125 0.853173132
vt 0.725730727 0.848865671
vt 0.720703125 0.853173132
vt 0.720703125 0.848865671
vt 0.618885825 0.849200949
vt 0.619140625 0.854027006
vt 0.614113258 0.854027006
vt 0.618885825 0.849200949
vt 0.614113258 0.854027006
vt 0.613885437 0.849719546
vt 0.503906250 0.854880882
vt 0.503624473 0.860225474
vt 0.498624084 0.859706940
vt 0.503906250 0.854880882
vt 0.498624084 0.859706940
vt 0.498878882 0.854880882
vt 0.564453125 0.854880883
vt 0.564453125 0.849536291
vt 0.569480727 0.849536291
vt 0.564453125 0.854880883
vt 0.569480727 0.849536291
vt 0.569480727 0.854880883
vt 0.517653655 0.854880885
vt 0.517908453 0.859706942
vt 0.512908064 0.860225477
vt 0.517653655 0.854880885
vt 0.512908064 0.860225477
vt 0.512626287 0.854880885
vt 0.597805399 0.854027009
vt 0.598033220 0.858334533
vt 0.593032832 0.858853067
vt 0.597805399 0.854027009
vt 0.593032832 0.858853067
vt 0.592778032 0.854027009
vt 0.725730727 0.853173132
vt 0.725730727 0.857480655
vt 0.720703125 0.857480655
vt 0.725730727 0.853173132
vt 0.720703125 0.857480655
vt 0.720703125 0.853173132
vt 0.619140625 0.854027006
vt 0.618885825 0.858853064
vt 0.613885437 0.858334530
vt 0.619140625 0.854027006
vt 0.613885437 0.858334530
vt 0.614113258 0.854027006
vt 0.503624473 0.860225474
vt 0.502899154 0.864873492
vt 0.497961205 0.863933456
vt 0.503624473 0.860225474
vt 0.497961205 0.863933456
vt 0.498624084 0.859706940
vt 0.564453125 0.849536291
vt 0.564453125 0.844888273
vt 0.569480727 0.844888273
vt 0.564453125 0.849536291
vt 0.569480727 0.844888273
vt 0.569480727 0.849536291
vt 0.517908453 0.859706942
vt 0.518571332 0.863933458
vt 0.513633383 0.864873494
vt 0.517908453 0.859706942
vt 0.513633383 0.864873494
vt 0.512908064 0.860225477
vt 0.598033220 0.858334533
vt 0.598633664 0.862139547
vt 0.593695718 0.863079583
vt 0.598033220 0.858334533
vt 0.593695718 0.863079583
vt 0.593032832 0.858853067
vt 0.725730727 0.857480655
vt 0.725730727 0.861285670
vt 0.720703125 0.861285670
vt 0.725730727 0.857480655
vt 0.720703125 0.861285670
vt 0.720703125 0.857480655
vt 0.618885825 0.858853064
vt 0.618222939 0.863079581
vt 0.613284992 0.862139545
vt 0.618885825 0.858853064
vt 0.613284992 0.862139545
vt 0.613885437 0.858334530
vt 0.502899154 0.864873492
vt 0.501937479 0.869087628
vt 0.497042654 0.867946551
vt 0.502899154 0.864873492
vt 0.497042654 0.867946551
vt 0.497961205 0.863933456
vt 0.564453125 0.844888273
vt 0.564453125 0.840674137
vt 0.569480727 0.840674137
vt 0.564453125 0.844888273
vt 0.569480727 0.840674137
vt 0.569480727 0.844888273
vt 0.518571332 0.863933458
vt 0.519489883 0.867946553
vt 0.514595058 0.869087630
vt 0.518571332 0.863933458
vt 0.514595058 0.869087630
vt 0.513633383 0.864873494
vt 0.598633664 0.862139547
vt 0.599509103 0.865951538
vt 0.594614280 0.867092677
vt 0.598633664 0.862139547
vt 0.594614280 0.867092677
vt 0.593695718 0.863079583
vt 0.725730727 0.861285670
vt 0.725730727 0.865097661
vt 0.720703125 0.865097661
vt 0.725730727 0.861285670
vt 0.720703125 0.865097661
vt 0.720703125 0.861285670
vt 0.618222939 0.863079581
vt 0.617304377 0.867092676
vt 0.612409554 0.865951536
vt 0.618222939 0.863079581
vt 0.612409554 0.865951536
vt 0.613284992 0.862139545
vt 0.501937479 0.869087628
vt 0.500928249 0.873219061
vt 0.496020837 0.872132219
vt 0.501937479 0.869087628
vt 0.496020837 0.872132219
vt 0.497042654 0.867946551
vt 0.564453125 0.840674137
vt 0.564453125 0.836542706
vt 0.569480727 0.836542706
vt 0.564453125 0.840674137
vt 0.569480727 0.836542706
vt 0.569480727 0.840674137
vt 0.519489883 0.867946553
vt 0.520511701 0.872132219
vt 0.515604289 0.873219061
vt 0.519489883 0.867946553
vt 0.515604289 0.873219061
vt 0.514595058 0.869087630
vt 0.599509103 0.865951538
vt 0.600543463 0.870191565
vt 0.595636108 0.871278344
vt 0.599509103 0.865951538
vt 0.595636108 0.871278344
vt 0.594614280 0.867092677
vt 0.725730727 0.865097661
vt 0.725730727 0.869337689
vt 0.720703125 0.869337689
vt 0.725730727 0.865097661
vt 0.720703125 0.869337689
vt 0.720703125 0.865097661
vt 0.617304377 0.867092676
vt 0.616282549 0.871278343
vt 0.611375194 0.870191564
vt 0.617304377 0.867092676
vt 0.611375194 0.870191564
vt 0.612409554 0.865951536
vt 0.500928249 0.873219061
vt 0.500001926 0.877730517
vt 0.495048162 0.876876641
vt 0.500928249 0.873219061
vt 0.495048162 0.876876641
vt 0.496020837 0.872132219
vt 0.564453125 0.836542706
vt 0.564453125 0.832031250
vt 0.569480727 0.832031250
vt 0.564453125 0.836542706
vt 0.569480727 0.832031250
vt 0.569480727 0.836542706
vt 0.520511701 0.872132219
vt 0.521484375 0.876876641
vt 0.516530611 0.877730517
vt 0.520511701 0.872132219
vt 0.516530611 0.877730517
vt 0.515604289 0.873219061
vt 0.600543463 0.870191565
vt 0.601562500 0.875168891
vt 0.596608793 0.876022766
vt 0.600543463 0.870191565
vt 0.596608793 0.876022766
vt 0.595636108 0.871278344
vt 0.725730727 0.869337689
vt 0.725730727 0.874315015
vt 0.720703125 0.874315015
vt 0.725730727 0.869337689
vt 0.720703125 0.874315015
vt 0.720703125 0.869337689
vt 0.616282549 0.871278343
vt 0.615309864 0.876022766
vt 0.610356157 0.875168891
vt 0.616282549 0.871278343
vt 0.610356157 0.875168891
vt 0.611375194 0.870191564
vt 0.249477315 0.955386185
vt 0.241350636 0.952745689
vt 0.236328125 0.945832736
vt 0.236328125 0.945832736
vt 0.236328125 0.937287824
vt 0.241350636 0.930374871
vt 0.241350636 0.930374871
vt 0.249477315 0.927734375
vt 0.257603993 0.930374871
vt 0.257603993 0.930374871
vt 0.262626505 0.937287824
vt 0.262626505 0.945832736
vt 0.262626505 0.945832736
vt 0.257603993 0.952745689
vt 0.249477315 0.955386185
vt 0.249477315 0.955386185
vt 0.236328125 0.945832736
vt 0.241350636 0.930374871
vt 0.241350636 0.930374871
vt 0.257603993 0.930374871
vt 0.262626505 0.945832736
vt 0.241350636 0.930374871
vt 0.262626505 0.945832736
vt 0.249477315 0.955386185
vt 0.126572830 0.930614939
vt 0.135438315 0.927734375
vt 0.144303799 0.930614939
vt 0.144303799 0.930614939
vt 0.149782880 0.938156342
vt 0.149782880 0.947478019
vt 0.149782880 0.947478019
vt 0.144303799 0.955019421
vt 0.135438315 0.957899986
vt 0.135438315 0.957899986
vt 0.126572830 0.955019421
vt 0.121093750 0.947478019
vt 0.121093750 0.947478019
vt 0.121093750 0.938156342
vt 0.126572830 0.930614939
vt 0.126572830 0.930614939
vt 0.144303799 0.930614939
vt 0.149782880 0.947478019
vt 0.149782880 0.947478019
vt 0.135438315 0.957899986
vt 0.121093750 0.947478019
vt 0.149782880 0.947478019
vt 0.121093750 0.947478019
vt 0.126572830 0.930614939
vt 0.714111361 0.927734377
vt 0.722656250 0.927734375
vt 0.721879413 0.950484555
vt 0.714111361 0.927734377
vt 0.721879413 0.950484555
vt 0.714888167 0.950484554
vt 0.731689521 0.927734375
vt 0.740234375 0.927734377
vt 0.739457597 0.950484555
vt 0.731689521 0.927734375
vt 0.739457597 0.950484555
vt 0.732466326 0.950484556
vt 0.756591787 0.950484550
vt 0.748046875 0.950484550
vt 0.748823702 0.927734375
vt 0.756591787 0.950484550
vt 0.748823702 0.927734375
vt 0.755814960 0.927734375
vt 0.766845771 0.927734377
vt 0.775390625 0.927734375
vt 0.774613820 0.950484556
vt 0.766845771 0.927734377
vt 0.774613820 0.950484556
vt 0.767622549 0.950484555
vt 0.784423861 0.927734375
vt 0.792968750 0.927734377
vt 0.792191944 0.950484554
vt 0.784423861 0.927734375
vt 0.792191944 0.950484554
vt 0.785200699 0.950484555
vt 0.802001986 0.927734377
vt 0.810546875 0.927734375
vt 0.809770038 0.950484555
vt 0.802001986 0.927734377
vt 0.809770038 0.950484555
vt 0.802778792 0.950484554
vt 0.819580146 0.927734375
vt 0.828125000 0.927734377
vt 0.827348222 0.950484555
vt 0.819580146 0.927734375
vt 0.827348222 0.950484555
vt 0.820356951 0.950484556
vt 0.835937500 0.927734375
vt 0.844482412 0.927734375
vt 0.843705585 0.950484550
vt 0.835937500 0.927734375
vt 0.843705585 0.950484550
vt 0.836714327 0.950484550
vt 0.854736396 0.927734377
vt 0.863281250 0.927734375
vt 0.862504445 0.950484556
vt 0.854736396 0.927734377
vt 0.862504445 0.950484556
vt 0.855513174 0.950484555
vt 0.872314486 0.927734375
vt 0.880859375 0.927734377
vt 0.880082569 0.950484554
vt 0.872314486 0.927734375
vt 0.880082569 0.950484554
vt 0.873091324 0.950484555
vt 0.506624057 0.935719834
vt 0.508032197 0.942567801
vt 0.502230941 0.944950346
vt 0.506624057 0.935719834
vt 0.502230941 0.944950346
vt 0.500353420 0.935819663
vt 0.508032197 0.942567801
vt 0.511718750 0.947584146
vt 0.507146344 0.951638725
vt 0.508032197 0.942567801
vt 0.507146344 0.951638725
vt 0.502230941 0.944950346
vt 0.045644574 0.974918362
vt 0.038870316 0.974918362
vt 0.037667778 0.968750000
vt 0.045644574 0.974918362
vt 0.037667778 0.968750000
vt 0.046700122 0.968750000
vt 0.038870316 0.974918362
vt 0.032592127 0.977462965
vt 0.029296875 0.972142751
vt 0.038870316 0.974918362
vt 0.029296875 0.972142751
vt 0.037667778 0.968750000
vt 0.986559867 0.943248926
vt 0.987856123 0.936599859
vt 0.994140625 0.936599859
vt 0.986559867 0.943248926
vt 0.994140625 0.936599859
vt 0.992412284 0.945465344
vt 0.987856123 0.936599859
vt 0.986559867 0.929950793
vt 0.992412284 0.927734375
vt 0.987856123 0.936599859
vt 0.992412284 0.927734375
vt 0.994140625 0.936599859
vt 0.057982751 0.968750000
vt 0.064260941 0.971294601
vt 0.063058404 0.977462963
vt 0.057982751 0.968750000
vt 0.063058404 0.977462963
vt 0.054687500 0.974070214
vt 0.064260941 0.971294601
vt 0.071035199 0.971294601
vt 0.072090747 0.977462963
vt 0.064260941 0.971294601
vt 0.072090747 0.977462963
vt 0.063058404 0.977462963
vt 0.300781250 0.971467684
vt 0.307222683 0.968750000
vt 0.310696817 0.973986946
vt 0.300781250 0.971467684
vt 0.310696817 0.973986946
vt 0.302108270 0.977610469
vt 0.508032197 0.929655914
vt 0.506624057 0.935719834
vt 0.500353420 0.935819663
vt 0.508032197 0.929655914
vt 0.500353420 0.935819663
vt 0.502230941 0.927734375
vt 0.330367704 0.973103989
vt 0.322826301 0.968750000
vt 0.327853903 0.968750000
vt 0.330367704 0.973103989
vt 0.320312500 0.973103989
vt 0.322826301 0.968750000
vt 0.327853903 0.977458039
vt 0.320312500 0.973103989
vt 0.330367704 0.973103989
vt 0.327853903 0.977458039
vt 0.322826301 0.977458039
vt 0.320312500 0.973103989
vt 0.339843750 0.973104050
vt 0.347385153 0.977458039
vt 0.342357551 0.977458039
vt 0.339843750 0.973104050
vt 0.349898954 0.973104050
vt 0.347385153 0.977458039
vt 0.342357551 0.968750000
vt 0.349898954 0.973104050
vt 0.339843750 0.973104050
vt 0.342357551 0.968750000
vt 0.347385153 0.968750000
vt 0.349898954 0.973104050
vt 0.535158176 0.832031250
vt 0.536084499 0.836542705
vt 0.531177087 0.837629547
vt 0.535158176 0.832031250
vt 0.531177087 0.837629547
vt 0.530204412 0.832885125
vt 0.578125000 0.877730517
vt 0.578125000 0.873219061
vt 0.583152602 0.873219061
vt 0.578125000 0.877730517
vt 0.583152602 0.873219061
vt 0.583152602 0.877730517
vt 0.556640625 0.832885125
vt 0.555667951 0.837629548
vt 0.550760539 0.836542706
vt 0.556640625 0.832885125
vt 0.550760539 0.836542706
vt 0.551686861 0.832031250
vt 0.636718750 0.832885125
vt 0.635699713 0.837862452
vt 0.630792358 0.836775673
vt 0.636718750 0.832885125
vt 0.630792358 0.836775673
vt 0.631765043 0.832031250
vt 0.739402602 0.832031250
vt 0.739402602 0.837008576
vt 0.734375000 0.837008576
vt 0.739402602 0.832031250
vt 0.734375000 0.837008576
vt 0.734375000 0.832031250
vt 0.650466114 0.832031250
vt 0.651438799 0.836775672
vt 0.646531444 0.837862451
vt 0.650466114 0.832031250
vt 0.646531444 0.837862451
vt 0.645512407 0.832885125
vt 0.536084499 0.836542705
vt 0.537093729 0.840674137
vt 0.532198904 0.841815214
vt 0.536084499 0.836542705
vt 0.532198904 0.841815214
vt 0.531177087 0.837629547
vt 0.578125000 0.873219061
vt 0.578125000 0.869087629
vt 0.583152602 0.869087629
vt 0.578125000 0.873219061
vt 0.583152602 0.869087629
vt 0.583152602 0.873219061
vt 0.555667951 0.837629548
vt 0.554646133 0.841815215
vt 0.549751308 0.840674138
vt 0.555667951 0.837629548
vt 0.549751308 0.840674138
vt 0.550760539 0.836542706
vt 0.635699713 0.837862452
vt 0.634665353 0.842102480
vt 0.629770530 0.840961340
vt 0.635699713 0.837862452
vt 0.629770530 0.840961340
vt 0.630792358 0.836775673
vt 0.739402602 0.837008576
vt 0.739402602 0.841248604
vt 0.734375000 0.841248604
vt 0.739402602 0.837008576
vt 0.734375000 0.841248604
vt 0.734375000 0.837008576
vt 0.651438799 0.836775672
vt 0.652460627 0.840961339
vt 0.647565804 0.842102478
vt 0.651438799 0.836775672
vt 0.647565804 0.842102478
vt 0.646531444 0.837862451
vt 0.537093729 0.840674137
vt 0.538055404 0.844888272
vt 0.533117455 0.845828308
vt 0.537093729 0.840674137
vt 0.533117455 0.845828308
vt 0.532198904 0.841815214
vt 0.578125000 0.869087629
vt 0.578125000 0.864873493
vt 0.583152602 0.864873493
vt 0.578125000 0.869087629
vt 0.583152602 0.864873493
vt 0.583152602 0.869087629
vt 0.554646133 0.841815215
vt 0.553727582 0.845828310
vt 0.548789633 0.844888274
vt 0.554646133 0.841815215
vt 0.548789633 0.844888274
vt 0.549751308 0.840674138
vt 0.634665353 0.842102480
vt 0.633789914 0.845914471
vt 0.628851968 0.844974435
vt 0.634665353 0.842102480
vt 0.628851968 0.844974435
vt 0.629770530 0.840961340
vt 0.739402602 0.841248604
vt 0.739402602 0.845060595
vt 0.734375000 0.845060595
vt 0.739402602 0.841248604
vt 0.734375000 0.845060595
vt 0.734375000 0.841248604
vt 0.652460627 0.840961339
vt 0.653379189 0.844974433
vt 0.648441242 0.845914469
vt 0.652460627 0.840961339
vt 0.648441242 0.845914469
vt 0.647565804 0.842102478
vt 0.538055404 0.844888272
vt 0.538780723 0.849536290
vt 0.533780334 0.850054824
vt 0.538055404 0.844888272
vt 0.533780334 0.850054824
vt 0.533117455 0.845828308
vt 0.578125000 0.864873493
vt 0.578125000 0.860225475
vt 0.583152602 0.860225475
vt 0.578125000 0.864873493
vt 0.583152602 0.860225475
vt 0.583152602 0.864873493
vt 0.553727582 0.845828310
vt 0.553064703 0.850054827
vt 0.548064314 0.849536292
vt 0.553727582 0.845828310
vt 0.548064314 0.849536292
vt 0.548789633 0.844888274
vt 0.633789914 0.845914471
vt 0.633189470 0.849719486
vt 0.628189082 0.849200952
vt 0.633789914 0.845914471
vt 0.628189082 0.849200952
vt 0.628851968 0.844974435
vt 0.739402602 0.845060595
vt 0.739402602 0.848865610
vt 0.734375000 0.848865610
vt 0.739402602 0.845060595
vt 0.734375000 0.848865610
vt 0.734375000 0.845060595
vt 0.653379189 0.844974433
vt 0.654042075 0.849200949
vt 0.649041687 0.849719483
vt 0.653379189 0.844974433
vt 0.649041687 0.849719483
vt 0.648441242 0.845914469
vt 0.538780723 0.849536290
vt 0.539062500 0.854880882
vt 0.534035132 0.854880882
vt 0.538780723 0.849536290
vt 0.534035132 0.854880882
vt 0.533780334 0.850054824
vt 0.578125000 0.860225475
vt 0.578125000 0.854880883
vt 0.583152602 0.854880883
vt 0.578125000 0.860225475
vt 0.583152602 0.854880883
vt 0.583152602 0.860225475
vt 0.553064703 0.850054827
vt 0.552809905 0.854880885
vt 0.547782537 0.854880885
vt 0.553064703 0.850054827
vt 0.547782537 0.854880885
vt 0.548064314 0.849536292
vt 0.633189470 0.849719486
vt 0.632961649 0.854027010
vt 0.627934282 0.854027010
vt 0.633189470 0.849719486
vt 0.627934282 0.854027010
vt 0.628189082 0.849200952
vt 0.739402602 0.848865610
vt 0.739402602 0.853173133
vt 0.734375000 0.853173133
vt 0.739402602 0.848865610
vt 0.734375000 0.853173133
vt 0.734375000 0.848865610
vt 0.654042075 0.849200949
vt 0.654296875 0.854027007
vt 0.649269508 0.854027007
vt 0.654042075 0.849200949
vt 0.649269508 0.854027007
vt 0.649041687 0.849719483
vt 0.539062500 0.854880882
vt 0.538780723 0.860225474
vt 0.533780334 0.859706940
vt 0.539062500 0.854880882
vt 0.533780334 0.859706940
vt 0.534035132 0.854880882
vt 0.578125000 0.854880883
vt 0.578125000 0.849536291
vt 0.583152602 0.849536291
vt 0.578125000 0.854880883
vt 0.583152602 0.849536291
vt 0.583152602 0.854880883
vt 0.552809905 0.854880885
vt 0.553064703 0.859706942
vt 0.548064314 0.860225477
vt 0.552809905 0.854880885
vt 0.548064314 0.860225477
vt 0.547782537 0.854880885
vt 0.632961649 0.854027010
vt 0.633189470 0.858334470
vt 0.628189082 0.858853067
vt 0.632961649 0.854027010
vt 0.628189082 0.858853067
vt 0.627934282 0.854027010
vt 0.739402602 0.853173133
vt 0.739402602 0.857480594
vt 0.734375000 0.857480594
vt 0.739402602 0.853173133
vt 0.734375000 0.857480594
vt 0.734375000 0.853173133
vt 0.654296875 0.854027007
vt 0.654042075 0.858853065
vt 0.649041687 0.858334467
vt 0.654296875 0.854027007
vt 0.649041687 0.858334467
vt 0.649269508 0.854027007
vt 0.538780723 0.860225474
vt 0.538055404 0.864873492
vt 0.533117455 0.863933456
vt 0.538780723 0.860225474
vt 0.533117455 0.863933456
vt 0.533780334 0.859706940
vt 0.578125000 0.849536291
vt 0.578125000 0.844888273
vt 0.583152602 0.844888273
vt 0.578125000 0.849536291
vt 0.583152602 0.844888273
vt 0.583152602 0.849536291
vt 0.553064703 0.859706942
vt 0.553727582 0.863933458
vt 0.548789633 0.864873494
vt 0.553064703 0.859706942
vt 0.548789633 0.864873494
vt 0.548064314 0.860225477
vt 0.633189470 0.858334470
vt 0.633789914 0.862139548
vt 0.628851968 0.863079583
vt 0.633189470 0.858334470
vt 0.628851968 0.863079583
vt 0.628189082 0.858853067
vt 0.739402602 0.857480594
vt 0.739402602 0.861285672
vt 0.734375000 0.861285672
vt 0.739402602 0.857480594
vt 0.734375000 0.861285672
vt 0.734375000 0.857480594
vt 0.654042075 0.858853065
vt 0.653379189 0.863079581
vt 0.648441242 0.862139545
vt 0.654042075 0.858853065
vt 0.648441242 0.862139545
vt 0.649041687 0.858334467
vt 0.538055404 0.864873492
vt 0.537093729 0.869087628
vt 0.532198904 0.867946551
vt 0.538055404 0.864873492
vt 0.532198904 0.867946551
vt 0.533117455 0.863933456
vt 0.578125000 0.844888273
vt 0.578125000 0.840674137
vt 0.583152602 0.840674137
vt 0.578125000 0.844888273
vt 0.583152602 0.840674137
vt 0.583152602 0.844888273
vt 0.553727582 0.863933458
vt 0.554646133 0.867946553
vt 0.549751308 0.869087630
vt 0.553727582 0.863933458
vt 0.549751308 0.869087630
vt 0.548789633 0.864873494
vt 0.633789914 0.862139548
vt 0.634665353 0.865951538
vt 0.629770530 0.867092678
vt 0.633789914 0.862139548
vt 0.629770530 0.867092678
vt 0.628851968 0.863079583
vt 0.739402602 0.861285672
vt 0.739402602 0.865097662
vt 0.734375000 0.865097662
vt 0.739402602 0.861285672
vt 0.734375000 0.865097662
vt 0.734375000 0.861285672
vt 0.653379189 0.863079581
vt 0.652460627 0.867092676
vt 0.647565804 0.865951536
vt 0.653379189 0.863079581
vt 0.647565804 0.865951536
vt 0.648441242 0.862139545
vt 0.537093729 0.869087628
vt 0.536084499 0.873219061
vt 0.531177087 0.872132219
vt 0.537093729 0.869087628
vt 0.531177087 0.872132219
vt 0.532198904 0.867946551
vt 0.578125000 0.840674137
vt 0.578125000 0.836542706
vt 0.583152602 0.836542706
vt 0.578125000 0.840674137
vt 0.583152602 0.836542706
vt 0.583152602 0.840674137
vt 0.554646133 0.867946553
vt 0.555667951 0.872132219
vt 0.550760539 0.873219061
vt 0.554646133 0.867946553
vt 0.550760539 0.873219061
vt 0.549751308 0.869087630
vt 0.634665353 0.865951538
vt 0.635699713 0.870191565
vt 0.630792358 0.871278344
vt 0.634665353 0.865951538
vt 0.630792358 0.871278344
vt 0.629770530 0.867092678
vt 0.739402602 0.865097662
vt 0.739402602 0.869337690
vt 0.734375000 0.869337690
vt 0.739402602 0.865097662
vt 0.734375000 0.869337690
vt 0.734375000 0.865097662
vt 0.652460627 0.867092676
vt 0.651438799 0.871278343
vt 0.646531444 0.870191564
vt 0.652460627 0.867092676
vt 0.646531444 0.870191564
vt 0.647565804 0.865951536
vt 0.536084499 0.873219061
vt 0.535158176 0.877730517
vt 0.530204412 0.876876641
vt 0.536084499 0.873219061
vt 0.530204412 0.876876641
vt 0.531177087 0.872132219
vt 0.578125000 0.836542706
vt 0.578125000 0.832031250
vt 0.583152602 0.832031250
vt 0.578125000 0.836542706
vt 0.583152602 0.832031250
vt 0.583152602 0.836542706
vt 0.555667951 0.872132219
vt 0.556640625 0.876876641
vt 0.551686861 0.877730517
vt 0.555667951 0.872132219
vt 0.551686861 0.877730517
vt 0.550760539 0.873219061
vt 0.635699713 0.870191565
vt 0.636718750 0.875168891
vt 0.631765043 0.876022766
vt 0.635699713 0.870191565
vt 0.631765043 0.876022766
vt 0.630792358 0.871278344
vt 0.739402602 0.869337690
vt 0.739402602 0.874315015
vt 0.734375000 0.874315015
vt 0.739402602 0.869337690
vt 0.734375000 0.874315015
vt 0.734375000 0.869337690
vt 0.651438799 0.871278343
vt 0.650466114 0.876022766
vt 0.645512407 0.875168891
vt 0.651438799 0.871278343
vt 0.645512407 0.875168891
vt 0.646531444 0.870191564
vt 0.993616912 0.848370956
vt 0.991427831 0.856540809
vt 0.985447059 0.862521581
vt 0.985447059 0.862521581
vt 0.977277206 0.864710662
vt 0.969107353 0.862521581
vt 0.969107353 0.862521581
vt 0.963126581 0.856540809
vt 0.960937500 0.848370956
vt 0.960937500 0.848370956
vt 0.963126581 0.840201103
vt 0.969107353 0.834220331
vt 0.969107353 0.834220331
vt 0.977277206 0.832031250
vt 0.985447059 0.834220331
vt 0.985447059 0.834220331
vt 0.991427831 0.840201103
vt 0.993616912 0.848370956
vt 0.993616912 0.848370956
vt 0.985447059 0.862521581
vt 0.969107353 0.862521581
vt 0.969107353 0.862521581
vt 0.960937500 0.848370956
vt 0.969107353 0.834220331
vt 0.969107353 0.834220331
vt 0.985447059 0.834220331
vt 0.993616912 0.848370956
vt 0.969107353 0.862521581
vt 0.969107353 0.834220331
vt 0.993616912 0.848370956
vt 0.034396581 0.935904228
vt 0.036585662 0.944074081
vt 0.034396581 0.952243934
vt 0.034396581 0.952243934
vt 0.028415809 0.958224706
vt 0.020245956 0.960413787
vt 0.020245956 0.960413787
vt 0.012076103 0.958224706
vt 0.006095331 0.952243934
vt 0.006095331 0.952243934
vt 0.003906250 0.944074081
vt 0.006095331 0.935904228
vt 0.006095331 0.935904228
vt 0.012076103 0.929923456
vt 0.020245956 0.927734375
vt 0.020245956 0.927734375
vt 0.028415809 0.929923456
vt 0.034396581 0.935904228
vt 0.034396581 0.935904228
vt 0.034396581 0.952243934
vt 0.020245956 0.960413787
vt 0.020245956 0.960413787
vt 0.006095331 0.952243934
vt 0.006095331 0.935904228
vt 0.006095331 0.935904228
vt 0.020245956 0.927734375
vt 0.034396581 0.935904228
vt 0.020245956 0.960413787
vt 0.006095331 0.935904228
vt 0.034396581 0.935904228
vt 0.088247978 0.968750000
vt 0.096417831 0.968750000
vt 0.096417831 0.971263801
vt 0.088247978 0.968750000
vt 0.096417831 0.971263801
vt 0.088247978 0.971263801
vt 0.359375000 0.977208089
vt 0.359375000 0.968750000
vt 0.361888801 0.968750000
vt 0.359375000 0.977208089
vt 0.361888801 0.968750000
vt 0.361888801 0.977208089
vt 0.121808456 0.971263801
vt 0.113638603 0.971263801
vt 0.113638603 0.968750000
vt 0.121808456 0.971263801
vt 0.113638603 0.968750000
vt 0.121808456 0.968750000
vt 0.113638603 0.971263801
vt 0.105468750 0.971263801
vt 0.105468750 0.968750000
vt 0.113638603 0.971263801
vt 0.105468750 0.968750000
vt 0.113638603 0.968750000
vt 0.371093750 0.977208089
vt 0.371093750 0.968750000
vt 0.373607551 0.968750000
vt 0.371093750 0.977208089
vt 0.373607551 0.968750000
vt 0.373607551 0.977208089
vt 0.147199081 0.971263801
vt 0.139029228 0.971263801
vt 0.139029228 0.968750000
vt 0.147199081 0.971263801
vt 0.139029228 0.968750000
vt 0.147199081 0.968750000
vt 0.139029228 0.971263801
vt 0.130859375 0.971263801
vt 0.130859375 0.968750000
vt 0.139029228 0.971263801
vt 0.130859375 0.968750000
vt 0.139029228 0.968750000
vt 0.382812500 0.977208089
vt 0.382812500 0.968750000
vt 0.385326301 0.968750000
vt 0.382812500 0.977208089
vt 0.385326301 0.968750000
vt 0.385326301 0.977208089
vt 0.156250000 0.968750000
vt 0.164419853 0.968750000
vt 0.164419853 0.971263801
vt 0.156250000 0.968750000
vt 0.164419853 0.971263801
vt 0.156250000 0.971263801
vt 0.164419853 0.968750000
vt 0.172589706 0.968750000
vt 0.172589706 0.971263801
vt 0.164419853 0.968750000
vt 0.172589706 0.971263801
vt 0.164419853 0.971263801
vt 0.394531250 0.977208089
vt 0.394531250 0.968750000
vt 0.397045051 0.968750000
vt 0.394531250 0.977208089
vt 0.397045051 0.968750000
vt 0.397045051 0.977208089
vt 0.080078125 0.968750000
vt 0.088247978 0.968750000
vt 0.088247978 0.971263801
vt 0.080078125 0.968750000
vt 0.088247978 0.971263801
vt 0.080078125 0.971263801
f 1/1/1 2/2/2 3/3/3
v 0.0649519 0.1840000 0.7735760
vn 0.0000000 0.0000000 -1.0000000
v 0.0530330 0.1732305 0.7735760
vn 0.0000000 0.0000000 -1.0000000
v 0.0375000 0.1649667 0.7735760
vn 0.0000000 0.0000000 -1.0000000
f 4/4/4 5/5/5 6/6/6
v 0.0375000 0.1649667 0.7735760
vn 0.0000000 0.0000000 -1.0000000
v 0.0194114 0.1597719 0.7735760
vn 0.0000000 0.0000000 -1.0000000
v -0.0000000 0.1580000 0.7735760
vn 0.0000000 0.0000000 -1.0000000
f 7/7/7 8/8/8 9/9/9
v -0.0000000 0.1580000 0.7735760
vn 0.0000000 0.0000000 -1.0000000
v -0.0194114 0.1597719 0.7735760
vn 0.0000000 0.0000000 -1.0000000
v -0.0375000 0.1649667 0.7735760
vn 0.0000000 0.0000000 -1.0000000
f 10/10/10 11/11/11 12/12/12
v -0.0375000 0.1649667 0.7735760
vn 0.0000000 0.0000000 -1.0000000
v -0.0530330 0.1732305 0.7735760
vn 0.0000000 0.0000000 -1.0000000
v -0.0649519 0.1840000 0.7735760
vn 0.0000000 0.0000000 -1.0000000
f 13/13/13 14/14/14 15/15/15
v -0.0649519 0.1840000 0.7735760
vn 0.0000000 0.0000000 -0.9999999
v -0.0724444 0.1965414 0.7735760
vn 0.0000000 0.0000000 -0.9999999
v -0.0750000 0.2100000 0.7735760
vn 0.0000000 0.0000000 -0.9999999
f 16/16/16 17/17/17 18/18/18
v -0.0750000 0.2100000 0.7735760
vn 0.0000000 0.0000000 -1.0000000
v -0.0724444 0.2234586 0.7735760
vn 0.0000000 0.0000000 -1.0000000
v -0.0649519 0.2360000 0.7735760
vn 0.0000000 0.0000000 -1.0000000
f 19/19/19 20/20/20 21/21/21
v -0.0649519 0.2360000 0.7735760
vn 0.0000000 0.0000000 -1.0000000
v -0.0530330 0.2467695 0.7735760
vn 0.0000000 0.0000000 -1.0000000
v -0.0375000 0.2550333 0.7735760
vn 0.0000000 0.0000000 -1.0000000
f 22/22/22 23/23/23 24/24/24
v -0.0375000 0.2550333 0.7735760
vn 0.0000000 0.0000000 -1.0000000
v -0.0194114 0.2602282 0.7735760
vn 0.0000000 0.0000000 -1.0000000
v 0.0000000 0.2620000 0.7735760
vn 0.0000000 0.0000000 -1.0000000
f 25/25/25 26/26/26 27/27/27
v 0.0000000 0.2620000 0.7735760
vn 0.0000000 0.0000000 -1.0000000
v 0.0194114 0.2602282 0.7735760
vn 0.0000000 0.0000000 -1.0000000
v 0.0375000 0.2550333 0.7735760
vn 0.0000000 0.0000000 -1.0000000
f 28/28/28 29/29/29 30/30/30
v 0.0375000 0.2550333 0.7735760
vn 0.0000000 0.0000000 -1.0000000
v 0.0530330 0.2467695 0.7735760
vn 0.0000000 0.0000000 -1.0000000
v 0.0649519 0.2360000 0.7735760
vn 0.0000000 0.0000000 -1.0000000
f 31/31/31 32/32/32 33/33/33
v 0.0649519 0.2360000 0.7735760
vn 0.0000000 0.0000000 -1.0000000
v 0.0724444 0.2234586 0.7735760
vn 0.0000000 0.0000000 -1.0000000
v 0.0750000 0.2100000 0.7735760
vn 0.0000000 0.0000000 -1.0000000
f 34/34/34 35/35/35 36/36/36
v 0.0750000 0.2100000 0.7735760
vn 0.0000000 0.0000000 -1.0000000
v 0.0649519 0.1840000 0.7735760
vn 0.0000000 0.0000000 -1.0000000
v 0.0375000 0.1649667 0.7735760
vn 0.0000000 0.0000000 -1.0000000
f 37/37/37 38/38/38 39/39/39
v 0.0375000 0.1649667 0.7735760
vn 0.0000000 0.0000000 -1.0000000
v -0.0000000 0.1580000 0.7735760
vn 0.0000000 0.0000000 -1.0000000
v -0.0375000 0.1649667 0.7735760
vn 0.0000000 0.0000000 -1.0000000
f 40/40/40 41/41/41 42/42/42
v -0.0375000 0.1649667 0.7735760
vn 0.0000000 0.0000000 -1.0000000
v -0.0649519 0.1840000 0.7735760
vn 0.0000000 0.0000000 -1.0000000
v -0.0750000 0.2100000 0.7735760
vn 0.0000000 0.0000000 -1.0000000
f 43/43/43 44/44/44 45/45/45
v -0.0750000 0.2100000 0.7735760
vn 0.0000000 0.0000000 -1.0000000
v -0.0649519 0.2360000 0.7735760
vn 0.0000000 0.0000000 -1.0000000
v -0.0375000 0.2550333 0.7735760
vn 0.0000000 0.0000000 -1.0000000
f 46/46/46 47/47/47 48/48/48
v -0.0375000 0.2550333 0.7735760
vn -0.0000000 0.0000000 -1.0000000
v 0.0000000 0.2620000 0.7735760
vn -0.0000000 0.0000000 -1.0000000
v 0.0375000 0.2550333 0.7735760
vn -0.0000000 0.0000000 -1.0000000
f 49/49/49 50/50/50 51/51/51
v 0.0375000 0.2550333 0.7735760
vn 0.0000000 0.0000000 -1.0000000
v 0.0649519 0.2360000 0.7735760
vn 0.0000000 0.0000000 -1.0000000
v 0.0750000 0.2100000 0.7735760
vn 0.0000000 0.0000000 -1.0000000
f 52/52/52 53/53/53 54/54/54
v 0.0750000 0.2100000 0.7735760
vn 0.0000000 0.0000000 -1.0000000
v 0.0375000 0.1649667 0.7735760
vn 0.0000000 0.0000000 -1.0000000
v -0.0375000 0.1649667 0.7735760
vn 0.0000000 0.0000000 -1.0000000
f 55/55/55 56/56/56 57/57/57
v -0.0375000 0.1649667 0.7735760
vn 0.0000000 -0.0000000 -1.0000000
v -0.0750000 0.2100000 0.7735760
vn 0.0000000 -0.0000000 -1.0000000
v -0.0375000 0.2550333 0.7735760
vn 0.0000000 -0.0000000 -1.0000000
f 58/58/58 59/59/59 60/60/60
v -0.0375000 0.2550333 0.7735760
vn 0.0000000 0.0000000 -1.0000000
v 0.0375000 0.2550333 0.7735760
vn 0.0000000 0.0000000 -1.0000000
v 0.0750000 0.2100000 0.7735760
vn 0.0000000 0.0000000 -1.0000000
f 61/61/61 62/62/62 63/63/63
v -0.0375000 0.1649667 0.7735760
vn -0.0000000 -0.0000000 -1.0000000
v -0.0375000 0.2550333 0.7735760
vn -0.0000000 -0.0000000 -1.0000000
v 0.0750000 0.2100000 0.7735760
vn -0.0000000 -0.0000000 -1.0000000
f 64/64/64 65/65/65 66/66/66
v 0.0695467 0.1973179 0.7965760
vn 0.0000000 0.0000000 1.0000000
v 0.0720000 0.2100000 0.7965760
vn 0.0000000 0.0000000 1.0000000
v 0.0695467 0.2226821 0.7965760
vn 0.0000000 0.0000000 1.0000000
f 67/67/67 68/68/68 69/69/69
v 0.0695467 0.2226821 0.7965760
vn 0.0000000 0.0000000 1.0000000
v 0.0623538 0.2345000 0.7965760
vn 0.0000000 0.0000000 1.0000000
v 0.0509117 0.2446482 0.7965760
vn 0.0000000 0.0000000 1.0000000
f 70/70/70 71/71/71 72/72/72
v 0.0509117 0.2446482 0.7965760
vn 0.0000000 0.0000000 1.0000000
v 0.0360000 0.2524352 0.7965760
vn 0.0000000 0.0000000 1.0000000
v 0.0186350 0.2573304 0.7965760
vn 0.0000000 0.0000000 1.0000000
f 73/73/73 74/74/74 75/75/75
v 0.0186350 0.2573304 0.7965760
vn -0.0000000 0.0000000 1.0000000
v 0.0000000 0.2590000 0.7965760
vn -0.0000000 0.0000000 1.0000000
v -0.0186350 0.2573304 0.7965760
vn -0.0000000 0.0000000 1.0000000
f 76/76/76 77/77/77 78/78/78
v -0.0186350 0.2573304 0.7965760
vn 0.0000000 0.0000000 1.0000000
v -0.0360000 0.2524352 0.7965760
vn 0.0000000 0.0000000 1.0000000
v -0.0509117 0.2446482 0.7965760
vn 0.0000000 0.0000000 1.0000000
f 79/79/79 80/80/80 81/81/81
v -0.0509117 0.2446482 0.7965760
vn 0.0000000 0.0000000 1.0000000
v -0.0623538 0.2345000 0.7965760
vn 0.0000000 0.0000000 1.0000000
v -0.0695467 0.2226821 0.7965760
vn 0.0000000 0.0000000 1.0000000
f 82/82/82 83/83/83 84/84/84
v -0.0695467 0.2226821 0.7965760
vn 0.0000000 -0.0000000 1.0000000
v -0.0720000 0.2100000 0.7965760
vn 0.0000000 -0.0000000 1.0000000
v -0.0695467 0.1973179 0.7965760
vn 0.0000000 -0.0000000 1.0000000
f 85/85/85 86/86/86 87/87/87
v -0.0695467 0.1973179 0.7965760
vn 0.0000000 0.0000000 1.0000000
v -0.0623538 0.1855000 0.7965760
vn 0.0000000 0.0000000 1.0000000
v -0.0509117 0.1753518 0.7965760
vn 0.0000000 0.0000000 1.0000000
f 88/88/88 89/89/89 90/90/90
v -0.0509117 0.1753518 0.7965760
vn 0.0000000 0.0000000 1.0000000
v -0.0360000 0.1675647 0.7965760
vn 0.0000000 0.0000000 1.0000000
v -0.0186350 0.1626696 0.7965760
vn 0.0000000 0.0000000 1.0000000
f 91/91/91 92/92/92 93/93/93
v -0.0186350 0.1626696 0.7965760
vn 0.0000000 0.0000000 1.0000000
v -0.0000000 0.1610000 0.7965760
vn 0.0000000 0.0000000 1.0000000
v 0.0186350 0.1626696 0.7965760
vn 0.0000000 0.0000000 1.0000000
f 94/94/94 95/95/95 96/96/96
v 0.0186350 0.1626696 0.7965760
vn 0.0000000 0.0000000 1.0000000
v 0.0360000 0.1675647 0.7965760
vn 0.0000000 0.0000000 1.0000000
v 0.0509117 0.1753518 0.7965760
vn 0.0000000 0.0000000 1.0000000
f 97/97/97 98/98/98 99/99/99
v 0.0509117 0.1753518 0.7965760
vn 0.0000000 0.0000000 1.0000000
v 0.0623538 0.1855000 0.7965760
vn 0.0000000 0.0000000 1.0000000
v 0.0695467 0.1973179 0.7965760
vn 0.0000000 0.0000000 1.0000000
f 100/100/100 101/101/101 102/102/102
v 0.0695467 0.1973179 0.7965760
vn 0.0000000 0.0000000 1.0000000
v 0.0695467 0.2226821 0.7965760
vn 0.0000000 0.0000000 1.0000000
v 0.0509117 0.2446482 0.7965760
vn 0.0000000 0.0000000 1.0000000
f 103/103/103 104/104/104 105/105/105
v 0.0509117 0.2446482 0.7965760
vn -0.0000000 0.0000000 1.0000000
v 0.0186350 0.2573304 0.7965760
vn -0.0000000 0.0000000 1.0000000
v -0.0186350 0.2573304 0.7965760
vn -0.0000000 0.0000000 1.0000000
f 106/106/106 107/107/107 108/108/108
v -0.0186350 0.2573304 0.7965760
vn 0.0000000 0.0000000 1.0000000
v -0.0509117 0.2446482 0.7965760
vn 0.0000000 0.0000000 1.0000000
v -0.0695467 0.2226821 0.7965760
vn 0.0000000 0.0000000 1.0000000
f 109/109/109 110/110/110 111/111/111
v -0.0695467 0.2226821 0.7965760
vn 0.0000000 -0.0000000 1.0000000
v -0.0695467 0.1973179 0.7965760
vn 0.0000000 -0.0000000 1.0000000
v -0.0509117 0.1753518 0.7965760
vn 0.0000000 -0.0000000 1.0000000
f 112/112/112 113/113/113 114/114/114
v -0.0509117 0.1753518 0.7965760
vn 0.0000000 0.0000000 1.0000000
v -0.0186350 0.1626696 0.7965760
vn 0.0000000 0.0000000 1.0000000
v 0.0186350 0.1626696 0.7965760
vn 0.0000000 0.0000000 1.0000000
f 115/115/115 116/116/116 117/117/117
v 0.0186350 0.1626696 0.7965760
vn 0.0000000 0.0000000 1.0000000
v 0.0509117 0.1753518 0.7965760
vn 0.0000000 0.0000000 1.0000000
v 0.0695467 0.1973179 0.7965760
vn 0.0000000 0.0000000 1.0000000
f 118/118/118 119/119/119 120/120/120
v 0.0695467 0.1973179 0.7965760
vn 0.0000000 0.0000000 1.0000000
v 0.0509117 0.2446482 0.7965760
vn 0.0000000 0.0000000 1.0000000
v -0.0186350 0.2573304 0.7965760
vn 0.0000000 0.0000000 1.0000000
f 121/121/121 122/122/122 123/123/123
v -0.0186350 0.2573304 0.7965760
vn 0.0000000 -0.0000000 1.0000000
v -0.0695467 0.2226821 0.7965760
vn 0.0000000 -0.0000000 1.0000000
v -0.0509117 0.1753518 0.7965760
vn 0.0000000 -0.0000000 1.0000000
f 124/124/124 125/125/125 126/126/126
v -0.0509117 0.1753518 0.7965760
vn 0.0000000 0.0000000 0.9999999
v 0.0186350 0.1626696 0.7965760
vn 0.0000000 0.0000000 0.9999999
v 0.0695467 0.1973179 0.7965760
vn 0.0000000 0.0000000 0.9999999
f 127/127/127 128/128/128 129/129/129
v -0.0186350 0.2573304 0.7965760
vn 0.0000000 -0.0000000 1.0000000
v -0.0509117 0.1753518 0.7965760
vn 0.0000000 -0.0000000 1.0000000
v 0.0695467 0.1973179 0.7965760
vn 0.0000000 -0.0000000 1.0000000
f 130/130/130 131/131/131 132/132/132
v 0.0750000 0.2100000 0.7735760
vn 0.1181176 0.0224286 -0.9927463
v 0.0724444 0.2234586 0.7735760
vn 0.1181176 0.0224286 -0.9927463
v 0.2752889 0.2617638 0.7985760
vn 0.1181176 0.0224286 -0.9927463
f 133/133/133 134/134/134 135/135/135
v 0.0750000 0.2100000 0.7735760
vn 0.1181837 0.0221718 -0.9927442
v 0.2752889 0.2617638 0.7985760
vn 0.1181837 0.0221718 -0.9927442
v 0.2850000 0.2100000 0.7985760
vn 0.1181837 0.0221718 -0.9927442
f 136/136/136 137/137/137 138/138/138
v 0.0724444 0.2234586 0.7735760
vn 0.1096766 0.0655234 -0.9918053
v 0.0649519 0.2360000 0.7735760
vn 0.1096766 0.0655234 -0.9918053
v 0.2468172 0.3100000 0.7985760
vn 0.1096766 0.0655234 -0.9918053
f 139/139/139 140/140/140 141/141/141
v 0.0724444 0.2234586 0.7735760
vn 0.1099792 0.0649157 -0.9918118
v 0.2468172 0.3100000 0.7985760
vn 0.1099792 0.0649157 -0.9918118
v 0.2752889 0.2617638 0.7985760
vn 0.1099792 0.0649157 -0.9918118
f 142/142/142 143/143/143 144/144/144
v 0.0649519 0.2360000 0.7735760
vn 0.0936573 0.1036526 -0.9901940
v 0.0530330 0.2467695 0.7735760
vn 0.0936573 0.1036526 -0.9901940
v 0.2015254 0.3514214 0.7985760
vn 0.0936573 0.1036526 -0.9901940
f 145/145/145 146/146/146 147/147/147
v 0.0649519 0.2360000 0.7735760
vn 0.0942051 0.1030077 -0.9902095
v 0.2015254 0.3514214 0.7985760
vn 0.0942051 0.1030077 -0.9902095
v 0.2468172 0.3100000 0.7985760
vn 0.0942051 0.1030077 -0.9902095
f 148/148/148 149/149/149 150/150/150
v 0.0530330 0.2467695 0.7735760
vn 0.0714306 0.1342648 -0.9883677
v 0.0375000 0.2550333 0.7735760
vn 0.0714306 0.1342648 -0.9883677
v 0.1425000 0.3832051 0.7985760
vn 0.0714306 0.1342648 -0.9883677
f 151/151/151 152/152/152 153/153/153
v 0.0530330 0.2467695 0.7735760
vn 0.0720726 0.1338457 -0.9883779
v 0.1425000 0.3832051 0.7985760
vn 0.0720726 0.1338457 -0.9883779
v 0.2015254 0.3514214 0.7985760
vn 0.0720726 0.1338457 -0.9883779
f 154/154/154 155/155/155 156/156/156
v 0.0375000 0.2550333 0.7735760
vn 0.0446818 0.1555833 -0.9868117
v 0.0194114 0.2602282 0.7735760
vn 0.0446818 0.1555833 -0.9868117
v 0.0737634 0.4031852 0.7985760
vn 0.0446818 0.1555833 -0.9868117
f 157/157/157 158/158/158 159/159/159
v 0.0375000 0.2550333 0.7735760
vn 0.0451881 0.1554588 -0.9868082
v 0.0737634 0.4031852 0.7985760
vn 0.0451881 0.1554588 -0.9868082
v 0.1425000 0.3832051 0.7985760
vn 0.0451881 0.1554588 -0.9868082
f 160/160/160 161/161/161 162/162/162
v 0.0194114 0.2602282 0.7735760
vn 0.0152014 0.1665400 -0.9859176
v 0.0000000 0.2620000 0.7735760
vn 0.0152014 0.1665400 -0.9859176
v 0.0000000 0.4100000 0.7985760
vn 0.0152014 0.1665400 -0.9859176
f 163/163/163 164/164/164 165/165/165
v 0.0194114 0.2602282 0.7735760
vn 0.0153884 0.1665630 -0.9859107
v 0.0000000 0.4100000 0.7985760
vn 0.0153884 0.1665630 -0.9859107
v 0.0737634 0.4031852 0.7985760
vn 0.0153884 0.1665630 -0.9859107
f 166/166/166 167/167/167 168/168/168
v 0.0000000 0.2620000 0.7735760
vn -0.0152096 0.1666296 -0.9859022
v -0.0194114 0.2602282 0.7735760
vn -0.0152096 0.1666296 -0.9859022
v -0.0737634 0.4031852 0.7985760
vn -0.0152096 0.1666296 -0.9859022
f 169/169/169 170/170/170 171/171/171
v 0.0000000 0.2620000 0.7735760
vn -0.0153862 0.1665395 -0.9859147
v -0.0737634 0.4031852 0.7985760
vn -0.0153862 0.1665395 -0.9859147
v 0.0000000 0.4100000 0.7985760
vn -0.0153862 0.1665395 -0.9859147
f 172/172/172 173/173/173 174/174/174
v -0.0194114 0.2602282 0.7735760
vn -0.0447477 0.1558127 -0.9867725
v -0.0375000 0.2550333 0.7735760
vn -0.0447477 0.1558127 -0.9867725
v -0.1425000 0.3832051 0.7985760
vn -0.0447477 0.1558127 -0.9867725
f 175/175/175 176/176/176 177/177/177
v -0.0194114 0.2602282 0.7735760
vn -0.0451707 0.1553987 -0.9868186
v -0.1425000 0.3832051 0.7985760
vn -0.0451707 0.1553987 -0.9868186
v -0.0737634 0.4031852 0.7985760
vn -0.0451707 0.1553987 -0.9868186
f 178/178/178 179/179/179 180/180/180
v -0.0375000 0.2550333 0.7735760
vn -0.0715756 0.1345371 -0.9883202
v -0.0530330 0.2467695 0.7735760
vn -0.0715756 0.1345371 -0.9883202
v -0.2015254 0.3514214 0.7985760
vn -0.0715756 0.1345371 -0.9883202
f 181/181/181 182/182/182 183/183/183
v -0.0375000 0.2550333 0.7735760
vn -0.0720343 0.1337746 -0.9883903
v -0.2015254 0.3514214 0.7985760
vn -0.0720343 0.1337746 -0.9883903
v -0.1425000 0.3832051 0.7985760
vn -0.0720343 0.1337746 -0.9883903
f 184/184/184 185/185/185 186/186/186
v -0.0530330 0.2467695 0.7735760
vn -0.0938488 0.1038646 -0.9901538
v -0.0649519 0.2360000 0.7735760
vn -0.0938488 0.1038646 -0.9901538
v -0.2468172 0.3100000 0.7985760
vn -0.0938488 0.1038646 -0.9901538
f 187/187/187 188/188/188 189/189/189
v -0.0530330 0.2467695 0.7735760
vn -0.0941548 0.1029528 -0.9902200
v -0.2468172 0.3100000 0.7985760
vn -0.0941548 0.1029528 -0.9902200
v -0.2015254 0.3514214 0.7985760
vn -0.0941548 0.1029528 -0.9902200
f 190/190/190 191/191/191 192/192/192
v -0.0649519 0.2360000 0.7735760
vn -0.1098419 0.0656221 -0.9917805
v -0.0724444 0.2234586 0.7735760
vn -0.1098419 0.0656221 -0.9917805
v -0.2752889 0.2617638 0.7985760
vn -0.1098419 0.0656221 -0.9917805
f 193/193/193 194/194/194 195/195/195
v -0.0649519 0.2360000 0.7735760
vn -0.1099361 0.0648902 -0.9918182
v -0.2752889 0.2617638 0.7985760
vn -0.1099361 0.0648902 -0.9918182
v -0.2468172 0.3100000 0.7985760
vn -0.1099361 0.0648902 -0.9918182
f 196/196/196 197/197/197 198/198/198
v -0.0724444 0.2234586 0.7735760
vn -0.1181830 0.0224410 -0.9927382
v -0.0750000 0.2100000 0.7735760
vn -0.1181830 0.0224410 -0.9927382
v -0.2850000 0.2100000 0.7985760
vn -0.1181830 0.0224410 -0.9927382
f 199/199/199 200/200/200 201/201/201
v -0.0724444 0.2234586 0.7735760
vn -0.1181667 0.0221687 -0.9927463
v -0.2850000 0.2100000 0.7985760
vn -0.1181667 0.0221687 -0.9927463
v -0.2752889 0.2617638 0.7985760
vn -0.1181667 0.0221687 -0.9927463
f 202/202/202 203/203/203 204/204/204
v -0.0750000 0.2100000 0.7735760
vn -0.1181176 -0.0224286 -0.9927463
v -0.0724444 0.1965414 0.7735760
vn -0.1181176 -0.0224286 -0.9927463
v -0.2752889 0.1582362 0.7985760
vn -0.1181176 -0.0224286 -0.9927463
f 205/205/205 206/206/206 207/207/207
v -0.0750000 0.2100000 0.7735760
vn -0.1181837 -0.0221719 -0.9927442
v -0.2752889 0.1582362 0.7985760
vn -0.1181837 -0.0221719 -0.9927442
v -0.2850000 0.2100000 0.7985760
vn -0.1181837 -0.0221719 -0.9927442
f 208/208/208 209/209/209 210/210/210
v -0.0724444 0.1965414 0.7735760
vn -0.1096766 -0.0655234 -0.9918053
v -0.0649519 0.1840000 0.7735760
vn -0.1096766 -0.0655234 -0.9918053
v -0.2468172 0.1100000 0.7985760
vn -0.1096766 -0.0655234 -0.9918053
f 211/211/211 212/212/212 213/213/213
v -0.0724444 0.1965414 0.7735760
vn -0.1099792 -0.0649157 -0.9918118
v -0.2468172 0.1100000 0.7985760
vn -0.1099792 -0.0649157 -0.9918118
v -0.2752889 0.1582362 0.7985760
vn -0.1099792 -0.0649157 -0.9918118
f 214/214/214 215/215/215 216/216/216
v -0.0649519 0.1840000 0.7735760
vn -0.0936573 -0.1036526 -0.9901940
v -0.0530330 0.1732305 0.7735760
vn -0.0936573 -0.1036526 -0.9901940
v -0.2015254 0.0685786 0.7985760
vn -0.0936573 -0.1036526 -0.9901940
f 217/217/217 218/218/218 219/219/219
v -0.0649519 0.1840000 0.7735760
vn -0.0942051 -0.1030077 -0.9902095
v -0.2015254 0.0685786 0.7985760
vn -0.0942051 -0.1030077 -0.9902095
v -0.2468172 0.1100000 0.7985760
vn -0.0942051 -0.1030077 -0.9902095
f 220/220/220 221/221/221 222/222/222
v -0.0530330 0.1732305 0.7735760
vn -0.0714307 -0.1342647 -0.9883677
v -0.0375000 0.1649667 0.7735760
vn -0.0714307 -0.1342647 -0.9883677
v -0.1425000 0.0367949 0.7985760
vn -0.0714307 -0.1342647 -0.9883677
f 223/223/223 224/224/224 225/225/225
v -0.0530330 0.1732305 0.7735760
vn -0.0720726 -0.1338457 -0.9883779
v -0.1425000 0.0367949 0.7985760
vn -0.0720726 -0.1338457 -0.9883779
v -0.2015254 0.0685786 0.7985760
vn -0.0720726 -0.1338457 -0.9883779
f 226/226/226 227/227/227 228/228/228
v -0.0375000 0.1649667 0.7735760
vn -0.0446816 -0.1555834 -0.9868117
v -0.0194114 0.1597719 0.7735760
vn -0.0446816 -0.1555834 -0.9868117
v -0.0737634 0.0168148 0.7985760
vn -0.0446816 -0.1555834 -0.9868117
f 229/229/229 230/230/230 231/231/231
v -0.0375000 0.1649667 0.7735760
vn -0.0451882 -0.1554588 -0.9868082
v -0.0737634 0.0168148 0.7985760
vn -0.0451882 -0.1554588 -0.9868082
v -0.1425000 0.0367949 0.7985760
vn -0.0451882 -0.1554588 -0.9868082
f 232/232/232 233/233/233 234/234/234
v -0.0194114 0.1597719 0.7735760
vn -0.0152016 -0.1665400 -0.9859176
v -0.0000000 0.1580000 0.7735760
vn -0.0152016 -0.1665400 -0.9859176
v -0.0000000 0.0100000 0.7985760
vn -0.0152016 -0.1665400 -0.9859176
f 235/235/235 236/236/236 237/237/237
v -0.0194114 0.1597719 0.7735760
vn -0.0153884 -0.1665630 -0.9859108
v -0.0000000 0.0100000 0.7985760
vn -0.0153884 -0.1665630 -0.9859108
v -0.0737634 0.0168148 0.7985760
vn -0.0153884 -0.1665630 -0.9859108
f 238/238/238 239/239/239 240/240/240
v -0.0000000 0.1580000 0.7735760
vn 0.0152097 -0.1666295 -0.9859023
v 0.0194114 0.1597719 0.7735760
vn 0.0152097 -0.1666295 -0.9859023
v 0.0737634 0.0168148 0.7985760
vn 0.0152097 -0.1666295 -0.9859023
f 241/241/241 242/242/242 243/243/243
v -0.0000000 0.1580000 0.7735760
vn 0.0153862 -0.1665395 -0.9859147
v 0.0737634 0.0168148 0.7985760
vn 0.0153862 -0.1665395 -0.9859147
v -0.0000000 0.0100000 0.7985760
vn 0.0153862 -0.1665395 -0.9859147
f 244/244/244 245/245/245 246/246/246
v 0.0194114 0.1597719 0.7735760
vn 0.0447475 -0.1558128 -0.9867725
v 0.0375000 0.1649667 0.7735760
vn 0.0447475 -0.1558128 -0.9867725
v 0.1425000 0.0367949 0.7985760
vn 0.0447475 -0.1558128 -0.9867725
f 247/247/247 248/248/248 249/249/249
v 0.0194114 0.1597719 0.7735760
vn 0.0451707 -0.1553986 -0.9868185
v 0.1425000 0.0367949 0.7985760
vn 0.0451707 -0.1553986 -0.9868185
v 0.0737634 0.0168148 0.7985760
vn 0.0451707 -0.1553986 -0.9868185
f 250/250/250 251/251/251 252/252/252
v 0.0375000 0.1649667 0.7735760
vn 0.0715756 -0.1345370 -0.9883202
v 0.0530330 0.1732305 0.7735760
vn 0.0715756 -0.1345370 -0.9883202
v 0.2015254 0.0685786 0.7985760
vn 0.0715756 -0.1345370 -0.9883202
f 253/253/253 254/254/254 255/255/255
v 0.0375000 0.1649667 0.7735760
vn 0.0720343 -0.1337747 -0.9883903
v 0.2015254 0.0685786 0.7985760
vn 0.0720343 -0.1337747 -0.9883903
v 0.1425000 0.0367949 0.7985760
vn 0.0720343 -0.1337747 -0.9883903
f 256/256/256 257/257/257 258/258/258
v 0.0530330 0.1732305 0.7735760
vn 0.0938488 -0.1038646 -0.9901538
v 0.0649519 0.1840000 0.7735760
vn 0.0938488 -0.1038646 -0.9901538
v 0.2468172 0.1100000 0.7985760
vn 0.0938488 -0.1038646 -0.9901538
f 259/259/259 260/260/260 261/261/261
v 0.0530330 0.1732305 0.7735760
vn 0.0941548 -0.1029528 -0.9902200
v 0.2468172 0.1100000 0.7985760
vn 0.0941548 -0.1029528 -0.9902200
v 0.2015254 0.0685786 0.7985760
vn 0.0941548 -0.1029528 -0.9902200
f 262/262/262 263/263/263 264/264/264
v 0.0649519 0.1840000 0.7735760
vn 0.1098419 -0.0656221 -0.9917805
v 0.0724444 0.1965414 0.7735760
vn 0.1098419 -0.0656221 -0.9917805
v 0.2752889 0.1582362 0.7985760
vn 0.1098419 -0.0656221 -0.9917805
f 265/265/265 266/266/266 267/267/267
v 0.0649519 0.1840000 0.7735760
vn 0.1099361 -0.0648902 -0.9918182
v 0.2752889 0.1582362 0.7985760
vn 0.1099361 -0.0648902 -0.9918182
v 0.2468172 0.1100000 0.7985760
vn 0.1099361 -0.0648902 -0.9918182
f 268/268/268 269/269/269 270/270/270
v 0.0724444 0.1965414 0.7735760
vn 0.1181830 -0.0224410 -0.9927382
v 0.0750000 0.2100000 0.7735760
vn 0.1181830 -0.0224410 -0.9927382
v 0.2850000 0.2100000 0.7985760
vn 0.1181830 -0.0224410 -0.9927382
f 271/271/271 272/272/272 273/273/273
v 0.0724444 0.1965414 0.7735760
vn 0.1181667 -0.0221687 -0.9927462
v 0.2850000 0.2100000 0.7985760
vn 0.1181667 -0.0221687 -0.9927462
v 0.2752889 0.1582362 0.7985760
vn 0.1181667 -0.0221687 -0.9927462
f 274/274/274 275/275/275 276/276/276
v 0.2850000 0.2100000 0.7985760
vn 0.7695444 0.1443703 -0.6220601
v 0.2752889 0.2617638 0.7985760
vn 0.7695444 0.1443703 -0.6220601
v 0.3332444 0.2759989 0.8735760
vn 0.7695444 0.1443703 -0.6220601
f 277/277/277 278/278/278 279/279/279
v 0.2850000 0.2100000 0.7985760
vn 0.7734237 0.1377607 -0.6187391
v 0.3332444 0.2759989 0.8735760
vn 0.7734237 0.1377607 -0.6187391
v 0.3450000 0.2100000 0.8735760
vn 0.7734237 0.1377607 -0.6187391
f 280/280/280 281/281/281 282/282/282
v 0.2752889 0.2617638 0.7985760
vn 0.6780432 0.4002177 -0.6165088
v 0.2468172 0.3100000 0.7985760
vn 0.6780432 0.4002177 -0.6165088
v 0.2987788 0.3375000 0.8735760
vn 0.6780432 0.4002177 -0.6165088
f 283/283/283 284/284/284 285/285/285
v 0.2752889 0.2617638 0.7985760
vn 0.6922308 0.3879306 -0.6085445
v 0.2987788 0.3375000 0.8735760
vn 0.6922308 0.3879306 -0.6085445
v 0.3332444 0.2759989 0.8735760
vn 0.6922308 0.3879306 -0.6085445
f 286/286/286 287/287/287 288/288/288
v 0.2468172 0.3100000 0.7985760
vn 0.5361652 0.5862650 -0.6073056
v 0.2015254 0.3514214 0.7985760
vn 0.5361652 0.5862650 -0.6073056
v 0.2439518 0.3903122 0.8735760
vn 0.5361652 0.5862650 -0.6073056
f 289/289/289 290/290/290 291/291/291
v 0.2468172 0.3100000 0.7985760
vn 0.5564062 0.5776323 -0.5972881
v 0.2439518 0.3903122 0.8735760
vn 0.5564062 0.5776323 -0.5972881
v 0.2987788 0.3375000 0.8735760
vn 0.5564062 0.5776323 -0.5972881
f 292/292/292 293/293/293 294/294/294
v 0.2015254 0.3514214 0.7985760
vn 0.3795031 0.7047737 -0.5993926
v 0.1425000 0.3832051 0.7985760
vn 0.3795031 0.7047737 -0.5993926
v 0.1725000 0.4308365 0.8735760
vn 0.3795031 0.7047737 -0.5993926
f 295/295/295 296/296/296 297/297/297
v 0.2015254 0.3514214 0.7985760
vn 0.3984360 0.7025174 -0.5896763
v 0.1725000 0.4308365 0.8735760
vn 0.3984360 0.7025174 -0.5896763
v 0.2439518 0.3903122 0.8735760
vn 0.3984360 0.7025174 -0.5896763
f 298/298/298 299/299/299 300/300/300
v 0.1425000 0.3832051 0.7985760
vn 0.2245870 0.7726367 -0.5937957
v 0.0737634 0.4031852 0.7985760
vn 0.2245870 0.7726367 -0.5937957
v 0.0892926 0.4563111 0.8735760
vn 0.2245870 0.7726367 -0.5937957
f 301/301/301 302/302/302 303/303/303
v 0.1425000 0.3832051 0.7985760
vn 0.2370816 0.7743770 -0.5866280
v 0.0892926 0.4563111 0.8735760
vn 0.2370816 0.7743770 -0.5866280
v 0.1725000 0.4308365 0.8735760
vn 0.2370816 0.7743770 -0.5866280
f 304/304/304 305/305/305 306/306/306
v 0.0737634 0.4031852 0.7985760
vn 0.0742960 0.8041762 -0.5897294
v 0.0000000 0.4100000 0.7985760
vn 0.0742960 0.8041762 -0.5897294
v 0.0000000 0.4650000 0.8735760
vn 0.0742960 0.8041762 -0.5897294
f 307/307/307 308/308/308 309/309/309
v 0.0737634 0.4031852 0.7985760
vn 0.0784090 0.8057779 -0.5870043
v 0.0000000 0.4650000 0.8735760
vn 0.0784090 0.8057779 -0.5870043
v 0.0892926 0.4563111 0.8735760
vn 0.0784090 0.8057779 -0.5870043
f 310/310/310 311/311/311 312/312/312
v 0.0000000 0.4100000 0.7985760
vn -0.0745025 0.8064108 -0.5866438
v -0.0737634 0.4031852 0.7985760
vn -0.0745025 0.8064108 -0.5866438
v -0.0892926 0.4563111 0.8735760
vn -0.0745025 0.8064108 -0.5866438
f 313/313/313 314/314/314 315/315/315
v 0.0000000 0.4100000 0.7985760
vn -0.0782296 0.8039336 -0.5895514
v -0.0892926 0.4563111 0.8735760
vn -0.0782296 0.8039336 -0.5895514
v 0.0000000 0.4650000 0.8735760
vn -0.0782296 0.8039336 -0.5895514
f 316/316/316 317/317/317 318/318/318
v -0.0737634 0.4031852 0.7985760
vn -0.2263577 0.7787284 -0.5851020
v -0.1425000 0.3832051 0.7985760
vn -0.2263577 0.7787284 -0.5851020
v -0.1725000 0.4308365 0.8735760
vn -0.2263577 0.7787284 -0.5851020
f 319/319/319 320/320/320 321/321/321
v -0.0737634 0.4031852 0.7985760
vn -0.2355541 0.7693877 -0.5937652
v -0.1725000 0.4308365 0.8735760
vn -0.2355541 0.7693877 -0.5937652
v -0.0892926 0.4563111 0.8735760
vn -0.2355541 0.7693877 -0.5937652
f 322/322/322 323/323/323 324/324/324
v -0.1425000 0.3832051 0.7985760
vn -0.3838878 0.7129166 -0.5868391
v -0.2015254 0.3514214 0.7985760
vn -0.3838878 0.7129166 -0.5868391
v -0.2439518 0.3903122 0.8735760
vn -0.3838878 0.7129166 -0.5868391
f 325/325/325 326/326/326 327/327/327
v -0.1425000 0.3832051 0.7985760
vn -0.3947133 0.6959535 -0.5998751
v -0.2439518 0.3903122 0.8735760
vn -0.3947133 0.6959535 -0.5998751
v -0.1725000 0.4308365 0.8735760
vn -0.3947133 0.6959535 -0.5998751
f 328/328/328 329/329/329 330/330/330
v -0.2015254 0.3514214 0.7985760
vn -0.5429732 0.5937092 -0.5938764
v -0.2468172 0.3100000 0.7985760
vn -0.5429732 0.5937092 -0.5938764
v -0.2987788 0.3375000 0.8735760
vn -0.5429732 0.5937092 -0.5938764
f 331/331/331 332/332/332 333/333/333
v -0.2015254 0.3514214 0.7985760
vn -0.5507661 0.5717770 -0.6080525
v -0.2987788 0.3375000 0.8735760
vn -0.5507661 0.5717770 -0.6080525
v -0.2439518 0.3903122 0.8735760
vn -0.5507661 0.5717770 -0.6080525
f 334/334/334 335/335/335 336/336/336
v -0.2468172 0.3100000 0.7985760
vn -0.6849925 0.4043195 -0.6060619
v -0.2752889 0.2617638 0.7985760
vn -0.6849925 0.4043195 -0.6060619
v -0.3332444 0.2759989 0.8735760
vn -0.6849925 0.4043195 -0.6060619
f 337/337/337 338/338/338 339/339/339
v -0.2468172 0.3100000 0.7985760
vn -0.6866403 0.3847977 -0.6168110
v -0.3332444 0.2759989 0.8735760
vn -0.6866403 0.3847977 -0.6168110
v -0.2987788 0.3375000 0.8735760
vn -0.6866403 0.3847977 -0.6168110
f 340/340/340 341/341/341 342/342/342
v -0.2752889 0.2617638 0.7985760
vn -0.7726222 0.1449477 -0.6180979
v -0.2850000 0.2100000 0.7985760
vn -0.7726222 0.1449477 -0.6180979
v -0.3450000 0.2100000 0.8735760
vn -0.7726222 0.1449477 -0.6180979
f 343/343/343 344/344/344 345/345/345
v -0.2752889 0.2617638 0.7985760
vn -0.7710016 0.1373293 -0.6218497
v -0.3450000 0.2100000 0.8735760
vn -0.7710016 0.1373293 -0.6218497
v -0.3332444 0.2759989 0.8735760
vn -0.7710016 0.1373293 -0.6218497
f 346/346/346 347/347/347 348/348/348
v -0.2850000 0.2100000 0.7985760
vn -0.7695443 -0.1443703 -0.6220600
v -0.2752889 0.1582362 0.7985760
vn -0.7695443 -0.1443703 -0.6220600
v -0.3332444 0.1440011 0.8735760
vn -0.7695443 -0.1443703 -0.6220600
f 349/349/349 350/350/350 351/351/351
v -0.2850000 0.2100000 0.7985760
vn -0.7734236 -0.1377607 -0.6187390
v -0.3332444 0.1440011 0.8735760
vn -0.7734236 -0.1377607 -0.6187390
v -0.3450000 0.2100000 0.8735760
vn -0.7734236 -0.1377607 -0.6187390
f 352/352/352 353/353/353 354/354/354
v -0.2752889 0.1582362 0.7985760
vn -0.6780432 -0.4002177 -0.6165087
v -0.2468172 0.1100000 0.7985760
vn -0.6780432 -0.4002177 -0.6165087
v -0.2987788 0.0825000 0.8735760
vn -0.6780432 -0.4002177 -0.6165087
f 355/355/355 356/356/356 357/357/357
v -0.2752889 0.1582362 0.7985760
vn -0.6922306 -0.3879306 -0.6085445
v -0.2987788 0.0825000 0.8735760
vn -0.6922306 -0.3879306 -0.6085445
v -0.3332444 0.1440011 0.8735760
vn -0.6922306 -0.3879306 -0.6085445
f 358/358/358 359/359/359 360/360/360
v -0.2468172 0.1100000 0.7985760
vn -0.5361652 -0.5862650 -0.6073058
v -0.2015254 0.0685786 0.7985760
vn -0.5361652 -0.5862650 -0.6073058
v -0.2439518 0.0296878 0.8735760
vn -0.5361652 -0.5862650 -0.6073058
f 361/361/361 362/362/362 363/363/363
v -0.2468172 0.1100000 0.7985760
vn -0.5564063 -0.5776322 -0.5972881
v -0.2439518 0.0296878 0.8735760
vn -0.5564063 -0.5776322 -0.5972881
v -0.2987788 0.0825000 0.8735760
vn -0.5564063 -0.5776322 -0.5972881
f 364/364/364 365/365/365 366/366/366
v -0.2015254 0.0685786 0.7985760
vn -0.3795030 -0.7047736 -0.5993927
v -0.1425000 0.0367949 0.7985760
vn -0.3795030 -0.7047736 -0.5993927
v -0.1725000 -0.0108365 0.8735760
vn -0.3795030 -0.7047736 -0.5993927
f 367/367/367 368/368/368 369/369/369
v -0.2015254 0.0685786 0.7985760
vn -0.3984360 -0.7025173 -0.5896764
v -0.1725000 -0.0108365 0.8735760
vn -0.3984360 -0.7025173 -0.5896764
v -0.2439518 0.0296878 0.8735760
vn -0.3984360 -0.7025173 -0.5896764
f 370/370/370 371/371/371 372/372/372
v -0.1425000 0.0367949 0.7985760
vn -0.2245871 -0.7726365 -0.5937957
v -0.0737634 0.0168148 0.7985760
vn -0.2245871 -0.7726365 -0.5937957
v -0.0892926 -0.0363111 0.8735760
vn -0.2245871 -0.7726365 -0.5937957
f 373/373/373 374/374/374 375/375/375
v -0.1425000 0.0367949 0.7985760
vn -0.2370816 -0.7743770 -0.5866282
v -0.0892926 -0.0363111 0.8735760
vn -0.2370816 -0.7743770 -0.5866282
v -0.1725000 -0.0108365 0.8735760
vn -0.2370816 -0.7743770 -0.5866282
f 376/376/376 377/377/377 378/378/378
v -0.0737634 0.0168148 0.7985760
vn -0.0742960 -0.8041762 -0.5897293
v -0.0000000 0.0100000 0.7985760
vn -0.0742960 -0.8041762 -0.5897293
v -0.0000000 -0.0450000 0.8735760
vn -0.0742960 -0.8041762 -0.5897293
f 379/379/379 380/380/380 381/381/381
v -0.0737634 0.0168148 0.7985760
vn -0.0784089 -0.8057778 -0.5870042
v -0.0000000 -0.0450000 0.8735760
vn -0.0784089 -0.8057778 -0.5870042
v -0.0892926 -0.0363111 0.8735760
vn -0.0784089 -0.8057778 -0.5870042
f 382/382/382 383/383/383 384/384/384
v -0.0000000 0.0100000 0.7985760
vn 0.0745025 -0.8064108 -0.5866438
v 0.0737634 0.0168148 0.7985760
vn 0.0745025 -0.8064108 -0.5866438
v 0.0892926 -0.0363111 0.8735760
vn 0.0745025 -0.8064108 -0.5866438
f 385/385/385 386/386/386 387/387/387
v -0.0000000 0.0100000 0.7985760
vn 0.0782295 -0.8039336 -0.5895514
v 0.0892926 -0.0363111 0.8735760
vn 0.0782295 -0.8039336 -0.5895514
v -0.0000000 -0.0450000 0.8735760
vn 0.0782295 -0.8039336 -0.5895514
f 388/388/388 389/389/389 390/390/390
v 0.0737634 0.0168148 0.7985760
vn 0.2263578 -0.7787282 -0.5851021
v 0.1425000 0.0367949 0.7985760
vn 0.2263578 -0.7787282 -0.5851021
v 0.1725000 -0.0108365 0.8735760
vn 0.2263578 -0.7787282 -0.5851021
f 391/391/391 392/392/392 393/393/393
v 0.0737634 0.0168148 0.7985760
vn 0.2355541 -0.7693877 -0.5937652
v 0.1725000 -0.0108365 0.8735760
vn 0.2355541 -0.7693877 -0.5937652
v 0.0892926 -0.0363111 0.8735760
vn 0.2355541 -0.7693877 -0.5937652
f 394/394/394 395/395/395 396/396/396
v 0.1425000 0.0367949 0.7985760
vn 0.3838878 -0.7129165 -0.5868391
v 0.2015254 0.0685786 0.7985760
vn 0.3838878 -0.7129165 -0.5868391
v 0.2439518 0.0296878 0.8735760
vn 0.3838878 -0.7129165 -0.5868391
f 397/397/397 398/398/398 399/399/399
v 0.1425000 0.0367949 0.7985760
vn 0.3947133 -0.6959534 -0.5998752
v 0.2439518 0.0296878 0.8735760
vn 0.3947133 -0.6959534 -0.5998752
v 0.1725000 -0.0108365 0.8735760
vn 0.3947133 -0.6959534 -0.5998752
f 400/400/400 401/401/401 402/402/402
v 0.2015254 0.0685786 0.7985760
vn 0.5429733 -0.5937093 -0.5938764
v 0.2468172 0.1100000 0.7985760
vn 0.5429733 -0.5937093 -0.5938764
v 0.2987788 0.0825000 0.8735760
vn 0.5429733 -0.5937093 -0.5938764
f 403/403/403 404/404/404 405/405/405
v 0.2015254 0.0685786 0.7985760
vn 0.5507662 -0.5717770 -0.6080526
v 0.2987788 0.0825000 0.8735760
vn 0.5507662 -0.5717770 -0.6080526
v 0.2439518 0.0296878 0.8735760
vn 0.5507662 -0.5717770 -0.6080526
f 406/406/406 407/407/407 408/408/408
v 0.2468172 0.1100000 0.7985760
vn 0.6849925 -0.4043195 -0.6060619
v 0.2752889 0.1582362 0.7985760
vn 0.6849925 -0.4043195 -0.6060619
v 0.3332444 0.1440011 0.8735760
vn 0.6849925 -0.4043195 -0.6060619
f 409/409/409 410/410/410 411/411/411
v 0.2468172 0.1100000 0.7985760
vn 0.6866403 -0.3847977 -0.6168110
v 0.3332444 0.1440011 0.8735760
vn 0.6866403 -0.3847977 -0.6168110
v 0.2987788 0.0825000 0.8735760
vn 0.6866403 -0.3847977 -0.6168110
f 412/412/412 413/413/413 414/414/414
v 0.2752889 0.1582362 0.7985760
vn 0.7726222 -0.1449478 -0.6180980
v 0.2850000 0.2100000 0.7985760
vn 0.7726222 -0.1449478 -0.6180980
v 0.3450000 0.2100000 0.8735760
vn 0.7726222 -0.1449478 -0.6180980
f 415/415/415 416/416/416 417/417/417
v 0.2752889 0.1582362 0.7985760
vn 0.7710016 -0.1373293 -0.6218498
v 0.3450000 0.2100000 0.8735760
vn 0.7710016 -0.1373293 -0.6218498
v 0.3332444 0.1440011 0.8735760
vn 0.7710016 -0.1373293 -0.6218498
f 418/418/418 419/419/419 420/420/420
v 0.3450000 0.2100000 0.8735760
vn 0.9734749 0.1733934 -0.1492695
v 0.3332444 0.2759989 0.8735760
vn 0.9734749 0.1733934 -0.1492695
v 0.3380740 0.2772929 0.9065760
vn 0.9734749 0.1733934 -0.1492695
f 421/421/421 422/422/422 423/423/423
v 0.3450000 0.2100000 0.8735760
vn 0.9738777 0.1725951 -0.1475571
v 0.3380740 0.2772929 0.9065760
vn 0.9738777 0.1725951 -0.1475571
v 0.3500000 0.2100000 0.9065760
vn 0.9738777 0.1725951 -0.1475571
f 424/424/424 425/425/425 426/426/426
v 0.3332444 0.2759989 0.8735760
vn 0.8625123 0.4833575 -0.1497934
v 0.2987788 0.3375000 0.8735760
vn 0.8625123 0.4833575 -0.1497934
v 0.3031089 0.3400000 0.9065760
vn 0.8625123 0.4833575 -0.1497934
f 427/427/427 428/428/428 429/429/429
v 0.3332444 0.2759989 0.8735760
vn 0.8641235 0.4818307 -0.1453609
v 0.3031089 0.3400000 0.9065760
vn 0.8641235 0.4818307 -0.1453609
v 0.3380740 0.2772929 0.9065760
vn 0.8641235 0.4818307 -0.1453609
f 430/430/430 431/431/431 432/432/432
v 0.2987788 0.3375000 0.8735760
vn 0.6859243 0.7120913 -0.1497797
v 0.2439518 0.3903122 0.8735760
vn 0.6859243 0.7120913 -0.1497797
v 0.2474874 0.3938478 0.9065760
vn 0.6859243 0.7120913 -0.1497797
f 433/433/433 434/434/434 435/435/435
v 0.2987788 0.3375000 0.8735760
vn 0.6882908 0.7109635 -0.1441756
v 0.2474874 0.3938478 0.9065760
vn 0.6882908 0.7109635 -0.1441756
v 0.3031089 0.3400000 0.9065760
vn 0.6882908 0.7109635 -0.1441756
f 436/436/436 437/437/437 438/438/438
v 0.2439518 0.3903122 0.8735760
vn 0.4877671 0.8600249 -0.1498011
v 0.1725000 0.4308365 0.8735760
vn 0.4877671 0.8600249 -0.1498011
v 0.1750000 0.4351666 0.9065760
vn 0.4877671 0.8600249 -0.1498011
f 439/439/439 440/440/440 441/441/441
v 0.2439518 0.3903122 0.8735760
vn 0.4900079 0.8596416 -0.1445979
v 0.1750000 0.4351666 0.9065760
vn 0.4900079 0.8596416 -0.1445979
v 0.2474874 0.3938478 0.9065760
vn 0.4900079 0.8596416 -0.1445979
f 442/442/442 443/443/443 444/444/444
v 0.1725000 0.4308365 0.8735760
vn 0.2894458 0.9454135 -0.1497146
v 0.0892926 0.4563111 0.8735760
vn 0.2894458 0.9454135 -0.1497146
v 0.0905867 0.4611407 0.9065760
vn 0.2894458 0.9454135 -0.1497146
f 445/445/445 446/446/446 447/447/447
v 0.1725000 0.4308365 0.8735760
vn 0.2909380 0.9455197 -0.1461081
v 0.0905867 0.4611407 0.9065760
vn 0.2909380 0.9455197 -0.1461081
v 0.1750000 0.4351666 0.9065760
vn 0.2909380 0.9455197 -0.1461081
f 448/448/448 449/449/449 450/450/450
v 0.0892926 0.4563111 0.8735760
vn 0.0957682 0.9841712 -0.1491167
v 0.0000000 0.4650000 0.8735760
vn 0.0957682 0.9841712 -0.1491167
v 0.0000000 0.4700000 0.9065760
vn 0.0957682 0.9841712 -0.1491167
f 451/451/451 452/452/452 453/453/453
v 0.0892926 0.4563111 0.8735760
vn 0.0962651 0.9843163 -0.1478326
v 0.0000000 0.4700000 0.9065760
vn 0.0962651 0.9843163 -0.1478326
v 0.0905867 0.4611407 0.9065760
vn 0.0962651 0.9843163 -0.1478326
f 454/454/454 455/455/455 456/456/456
v 0.0000000 0.4650000 0.8735760
vn -0.0957871 0.9843646 -0.1478209
v -0.0892926 0.4563111 0.8735760
vn -0.0957871 0.9843646 -0.1478209
v -0.0905867 0.4611407 0.9065760
vn -0.0957871 0.9843646 -0.1478209
f 457/457/457 458/458/458 459/459/459
v 0.0000000 0.4650000 0.8735760
vn -0.0962464 0.9841254 -0.1491098
v -0.0905867 0.4611407 0.9065760
vn -0.0962464 0.9841254 -0.1491098
v 0.0000000 0.4700000 0.9065760
vn -0.0962464 0.9841254 -0.1491098
f 460/460/460 461/461/461 462/462/462
v -0.0892926 0.4563111 0.8735760
vn -0.2896057 0.9459358 -0.1460618
v -0.1725000 0.4308365 0.8735760
vn -0.2896057 0.9459358 -0.1460618
v -0.1750000 0.4351666 0.9065760
vn -0.2896057 0.9459358 -0.1460618
f 463/463/463 464/464/464 465/465/465
v -0.0892926 0.4563111 0.8735760
vn -0.2907797 0.9450053 -0.1497072
v -0.1750000 0.4351666 0.9065760
vn -0.2907797 0.9450053 -0.1497072
v -0.0905867 0.4611407 0.9065760
vn -0.2907797 0.9450053 -0.1497072
f 466/466/466 467/467/467 468/468/468
v -0.1725000 0.4308365 0.8735760
vn -0.4881552 0.8607092 -0.1445138
v -0.2439518 0.3903122 0.8735760
vn -0.4881552 0.8607092 -0.1445138
v -0.2474874 0.3938478 0.9065760
vn -0.4881552 0.8607092 -0.1445138
f 469/469/469 470/470/470 471/471/471
v -0.1725000 0.4308365 0.8735760
vn -0.4896243 0.8589686 -0.1498032
v -0.2474874 0.3938478 0.9065760
vn -0.4896243 0.8589686 -0.1498032
v -0.1750000 0.4351666 0.9065760
vn -0.4896243 0.8589686 -0.1498032
f 472/472/472 473/473/473 474/474/474
v -0.2439518 0.3903122 0.8735760
vn -0.6865122 0.7127017 -0.1440739
v -0.2987788 0.3375000 0.8735760
vn -0.6865122 0.7127017 -0.1440739
v -0.3031089 0.3400000 0.9065760
vn -0.6865122 0.7127017 -0.1440739
f 475/475/475 476/476/476 477/477/477
v -0.2439518 0.3903122 0.8735760
vn -0.6877109 0.7103645 -0.1497861
v -0.3031089 0.3400000 0.9065760
vn -0.6877109 0.7103645 -0.1497861
v -0.2474874 0.3938478 0.9065760
vn -0.6877109 0.7103645 -0.1497861
f 478/478/478 479/479/479 480/480/480
v -0.2987788 0.3375000 0.8735760
vn -0.8630991 0.4836864 -0.1452838
v -0.3332444 0.2759989 0.8735760
vn -0.8630991 0.4836864 -0.1452838
v -0.3380740 0.2772929 0.9065760
vn -0.8630991 0.4836864 -0.1452838
f 481/481/481 482/482/482 483/483/483
v -0.2987788 0.3375000 0.8735760
vn -0.8635464 0.4815089 -0.1497891
v -0.3380740 0.2772929 0.9065760
vn -0.8635464 0.4815089 -0.1497891
v -0.3031089 0.3400000 0.9065760
vn -0.8635464 0.4815089 -0.1497891
f 484/484/484 485/485/485 486/486/486
v -0.3332444 0.2759989 0.8735760
vn -0.9737312 0.1734390 -0.1475349
v -0.3450000 0.2100000 0.8735760
vn -0.9737312 0.1734390 -0.1475349
v -0.3500000 0.2100000 0.9065760
vn -0.9737312 0.1734390 -0.1475349
f 487/487/487 488/488/488 489/489/489
v -0.3332444 0.2759989 0.8735760
vn -0.9736263 0.1725505 -0.1492586
v -0.3500000 0.2100000 0.9065760
vn -0.9736263 0.1725505 -0.1492586
v -0.3380740 0.2772929 0.9065760
vn -0.9736263 0.1725505 -0.1492586
f 490/490/490 491/491/491 492/492/492
v -0.3450000 0.2100000 0.8735760
vn -0.9734749 -0.1733934 -0.1492696
v -0.3332444 0.1440011 0.8735760
vn -0.9734749 -0.1733934 -0.1492696
v -0.3380740 0.1427070 0.9065760
vn -0.9734749 -0.1733934 -0.1492696
f 493/493/493 494/494/494 495/495/495
v -0.3450000 0.2100000 0.8735760
vn -0.9738777 -0.1725951 -0.1475571
v -0.3380740 0.1427070 0.9065760
vn -0.9738777 -0.1725951 -0.1475571
v -0.3500000 0.2100000 0.9065760
vn -0.9738777 -0.1725951 -0.1475571
f 496/496/496 497/497/497 498/498/498
v -0.3332444 0.1440011 0.8735760
vn -0.8625122 -0.4833575 -0.1497935
v -0.2987788 0.0825000 0.8735760
vn -0.8625122 -0.4833575 -0.1497935
v -0.3031089 0.0800000 0.9065760
vn -0.8625122 -0.4833575 -0.1497935
f 499/499/499 500/500/500 501/501/501
v -0.3332444 0.1440011 0.8735760
vn -0.8641234 -0.4818307 -0.1453612
v -0.3031089 0.0800000 0.9065760
vn -0.8641234 -0.4818307 -0.1453612
v -0.3380740 0.1427070 0.9065760
vn -0.8641234 -0.4818307 -0.1453612
f 502/502/502 503/503/503 504/504/504
v -0.2987788 0.0825000 0.8735760
vn -0.6859244 -0.7120912 -0.1497796
v -0.2439518 0.0296878 0.8735760
vn -0.6859244 -0.7120912 -0.1497796
v -0.2474874 0.0261522 0.9065760
vn -0.6859244 -0.7120912 -0.1497796
f 505/505/505 506/506/506 507/507/507
v -0.2987788 0.0825000 0.8735760
vn -0.6882908 -0.7109635 -0.1441757
v -0.2474874 0.0261522 0.9065760
vn -0.6882908 -0.7109635 -0.1441757
v -0.3031089 0.0800000 0.9065760
vn -0.6882908 -0.7109635 -0.1441757
f 508/508/508 509/509/509 510/510/510
v -0.2439518 0.0296878 0.8735760
vn -0.4877672 -0.8600249 -0.1498010
v -0.1725000 -0.0108365 0.8735760
vn -0.4877672 -0.8600249 -0.1498010
v -0.1750000 -0.0151666 0.9065760
vn -0.4877672 -0.8600249 -0.1498010
f 511/511/511 512/512/512 513/513/513
v -0.2439518 0.0296878 0.8735760
vn -0.4900080 -0.8596415 -0.1445978
v -0.1750000 -0.0151666 0.9065760
vn -0.4900080 -0.8596415 -0.1445978
v -0.2474874 0.0261522 0.9065760
vn -0.4900080 -0.8596415 -0.1445978
f 514/514/514 515/515/515 516/516/516
v -0.1725000 -0.0108365 0.8735760
vn -0.2894458 -0.9454135 -0.1497142
v -0.0892926 -0.0363111 0.8735760
vn -0.2894458 -0.9454135 -0.1497142
v -0.0905867 -0.0411407 0.9065760
vn -0.2894458 -0.9454135 -0.1497142
f 517/517/517 518/518/518 519/519/519
v -0.1725000 -0.0108365 0.8735760
vn -0.2909379 -0.9455198 -0.1461080
v -0.0905867 -0.0411407 0.9065760
vn -0.2909379 -0.9455198 -0.1461080
v -0.1750000 -0.0151666 0.9065760
vn -0.2909379 -0.9455198 -0.1461080
f 520/520/520 521/521/521 522/522/522
v -0.0892926 -0.0363111 0.8735760
vn -0.0957681 -0.9841710 -0.1491168
v -0.0000000 -0.0450000 0.8735760
vn -0.0957681 -0.9841710 -0.1491168
v -0.0000000 -0.0500000 0.9065760
vn -0.0957681 -0.9841710 -0.1491168
f 523/523/523 524/524/524 525/525/525
v -0.0892926 -0.0363111 0.8735760
vn -0.0962651 -0.9843163 -0.1478322
v -0.0000000 -0.0500000 0.9065760
vn -0.0962651 -0.9843163 -0.1478322
v -0.0905867 -0.0411407 0.9065760
vn -0.0962651 -0.9843163 -0.1478322
f 526/526/526 527/527/527 528/528/528
v -0.0000000 -0.0450000 0.8735760
vn 0.0957869 -0.9843647 -0.1478205
v 0.0892926 -0.0363111 0.8735760
vn 0.0957869 -0.9843647 -0.1478205
v 0.0905867 -0.0411407 0.9065760
vn 0.0957869 -0.9843647 -0.1478205
f 529/529/529 530/530/530 531/531/531
v -0.0000000 -0.0450000 0.8735760
vn 0.0962465 -0.9841254 -0.1491099
v 0.0905867 -0.0411407 0.9065760
vn 0.0962465 -0.9841254 -0.1491099
v -0.0000000 -0.0500000 0.9065760
vn 0.0962465 -0.9841254 -0.1491099
f 532/532/532 533/533/533 534/534/534
v 0.0892926 -0.0363111 0.8735760
vn 0.2896057 -0.9459358 -0.1460617
v 0.1725000 -0.0108365 0.8735760
vn 0.2896057 -0.9459358 -0.1460617
v 0.1750000 -0.0151666 0.9065760
vn 0.2896057 -0.9459358 -0.1460617
f 535/535/535 536/536/536 537/537/537
v 0.0892926 -0.0363111 0.8735760
vn 0.2907796 -0.9450054 -0.1497068
v 0.1750000 -0.0151666 0.9065760
vn 0.2907796 -0.9450054 -0.1497068
v 0.0905867 -0.0411407 0.9065760
vn 0.2907796 -0.9450054 -0.1497068
f 538/538/538 539/539/539 540/540/540
v 0.1725000 -0.0108365 0.8735760
vn 0.4881553 -0.8607092 -0.1445137
v 0.2439518 0.0296878 0.8735760
vn 0.4881553 -0.8607092 -0.1445137
v 0.2474874 0.0261522 0.9065760
vn 0.4881553 -0.8607092 -0.1445137
f 541/541/541 542/542/542 543/543/543
v 0.1725000 -0.0108365 0.8735760
vn 0.4896244 -0.8589686 -0.1498031
v 0.2474874 0.0261522 0.9065760
vn 0.4896244 -0.8589686 -0.1498031
v 0.1750000 -0.0151666 0.9065760
vn 0.4896244 -0.8589686 -0.1498031
f 544/544/544 545/545/545 546/546/546
v 0.2439518 0.0296878 0.8735760
vn 0.6865123 -0.7127016 -0.1440741
v 0.2987788 0.0825000 0.8735760
vn 0.6865123 -0.7127016 -0.1440741
v 0.3031089 0.0800000 0.9065760
vn 0.6865123 -0.7127016 -0.1440741
f 547/547/547 548/548/548 549/549/549
v 0.2439518 0.0296878 0.8735760
vn 0.6877110 -0.7103646 -0.1497859
v 0.3031089 0.0800000 0.9065760
vn 0.6877110 -0.7103646 -0.1497859
v 0.2474874 0.0261522 0.9065760
vn 0.6877110 -0.7103646 -0.1497859
f 550/550/550 551/551/551 552/552/552
v 0.2987788 0.0825000 0.8735760
vn 0.8630990 -0.4836864 -0.1452840
v 0.3332444 0.1440011 0.8735760
vn 0.8630990 -0.4836864 -0.1452840
v 0.3380740 0.1427070 0.9065760
vn 0.8630990 -0.4836864 -0.1452840
f 553/553/553 554/554/554 555/555/555
v 0.2987788 0.0825000 0.8735760
vn 0.8635464 -0.4815090 -0.1497891
v 0.3380740 0.1427070 0.9065760
vn 0.8635464 -0.4815090 -0.1497891
v 0.3031089 0.0800000 0.9065760
vn 0.8635464 -0.4815090 -0.1497891
f 556/556/556 557/557/557 558/558/558
v 0.3332444 0.1440011 0.8735760
vn 0.9737312 -0.1734391 -0.1475349
v 0.3450000 0.2100000 0.8735760
vn 0.9737312 -0.1734391 -0.1475349
v 0.3500000 0.2100000 0.9065760
vn 0.9737312 -0.1734391 -0.1475349
f 559/559/559 560/560/560 561/561/561
v 0.3332444 0.1440011 0.8735760
vn 0.9736263 -0.1725505 -0.1492587
v 0.3500000 0.2100000 0.9065760
vn 0.9736263 -0.1725505 -0.1492587
v 0.3380740 0.1427070 0.9065760
vn 0.9736263 -0.1725505 -0.1492587
f 562/562/562 563/563/563 564/564/564
v 0.3500000 0.2100000 0.9065760
vn 0.6729994 0.1192721 0.7299629
v 0.3380740 0.2772929 0.9065760
vn 0.6729994 0.1192721 0.7299629
v 0.3255170 0.2747048 0.9185760
vn 0.6729994 0.1192721 0.7299629
f 565/565/565 566/566/566 567/567/567
v 0.3500000 0.2100000 0.9065760
vn 0.6734201 0.1195104 0.7295359
v 0.3255170 0.2747048 0.9185760
vn 0.6734201 0.1195104 0.7295359
v 0.3370000 0.2100000 0.9185760
vn 0.6734201 0.1195104 0.7295359
f 568/568/568 569/569/569 570/570/570
v 0.3380740 0.2772929 0.9065760
vn 0.6107292 0.3405393 0.7148725
v 0.3031089 0.3400000 0.9065760
vn 0.6107292 0.3405393 0.7148725
v 0.2918506 0.3350000 0.9185760
vn 0.6107292 0.3405393 0.7148725
f 571/571/571 572/572/572 573/573/573
v 0.3380740 0.2772929 0.9065760
vn 0.6116131 0.3415000 0.7136577
v 0.2918506 0.3350000 0.9185760
vn 0.6116131 0.3415000 0.7136577
v 0.3255170 0.2747048 0.9185760
vn 0.6116131 0.3415000 0.7136577
f 574/574/574 575/575/575 576/576/576
v 0.3031089 0.3400000 0.9065760
vn 0.5027249 0.5192850 0.6910938
v 0.2474874 0.3938478 0.9065760
vn 0.5027249 0.5192850 0.6910938
v 0.2382950 0.3867767 0.9185760
vn 0.5027249 0.5192850 0.6910938
f 577/577/577 578/578/578 579/579/579
v 0.3031089 0.3400000 0.9065760
vn 0.5035033 0.5208022 0.6893834
v 0.2382950 0.3867767 0.9185760
vn 0.5035033 0.5208022 0.6893834
v 0.2918506 0.3350000 0.9185760
vn 0.5035033 0.5208022 0.6893834
f 580/580/580 581/581/581 582/582/582
v 0.2474874 0.3938478 0.9065760
vn 0.3689641 0.6472893 0.6669949
v 0.1750000 0.4351666 0.9065760
vn 0.3689641 0.6472893 0.6669949
v 0.1685000 0.4265063 0.9185760
vn 0.3689641 0.6472893 0.6669949
f 583/583/583 584/584/584 585/585/585
v 0.2474874 0.3938478 0.9065760
vn 0.3693460 0.6488477 0.6652670
v 0.1685000 0.4265063 0.9185760
vn 0.3693460 0.6488477 0.6652670
v 0.2382950 0.3867767 0.9185760
vn 0.3693460 0.6488477 0.6652670
f 586/586/586 587/587/587 588/588/588
v 0.1750000 0.4351666 0.9065760
vn 0.2238828 0.7275971 0.6484434
v 0.0905867 0.4611407 0.9065760
vn 0.2238828 0.7275971 0.6484434
v 0.0872220 0.4514815 0.9185760
vn 0.2238828 0.7275971 0.6484434
f 589/589/589 590/590/590 591/591/591
v 0.1750000 0.4351666 0.9065760
vn 0.2239169 0.7287060 0.6471852
v 0.0872220 0.4514815 0.9185760
vn 0.2239169 0.7287060 0.6471852
v 0.1685000 0.4265063 0.9185760
vn 0.2239169 0.7287060 0.6471852
f 592/592/592 593/593/593 594/594/594
v 0.0905867 0.4611407 0.9065760
vn 0.0749201 0.7660632 0.6383840
v 0.0000000 0.4700000 0.9065760
vn 0.0749201 0.7660632 0.6383840
v 0.0000000 0.4600000 0.9185760
vn 0.0749201 0.7660632 0.6383840
f 595/595/595 596/596/596 597/597/597
v 0.0905867 0.4611407 0.9065760
vn 0.0748552 0.7664475 0.6379302
v 0.0000000 0.4600000 0.9185760
vn 0.0748552 0.7664475 0.6379302
v 0.0872220 0.4514815 0.9185760
vn 0.0748552 0.7664475 0.6379302
f 598/598/598 599/599/599 600/600/600
v 0.0000000 0.4700000 0.9065760
vn -0.0749558 0.7664276 0.6379423
v -0.0905867 0.4611407 0.9065760
vn -0.0749558 0.7664276 0.6379423
v -0.0872220 0.4514815 0.9185760
vn -0.0749558 0.7664276 0.6379423
f 601/601/601 602/602/602 603/603/603
v 0.0000000 0.4700000 0.9065760
vn -0.0748182 0.7660690 0.6383889
v -0.0872220 0.4514815 0.9185760
vn -0.0748182 0.7660690 0.6383889
v 0.0000000 0.4600000 0.9185760
vn -0.0748182 0.7660690 0.6383889
f 604/604/604 605/605/605 606/606/606
v -0.0905867 0.4611407 0.9065760
vn -0.2241845 0.7285774 0.6472374
v -0.1750000 0.4351666 0.9065760
vn -0.2241845 0.7285774 0.6472374
v -0.1685000 0.4265063 0.9185760
vn -0.2241845 0.7285774 0.6472374
f 607/607/607 608/608/608 609/609/609
v -0.0905867 0.4611407 0.9065760
vn -0.2236040 0.7276877 0.6484381
v -0.1685000 0.4265063 0.9185760
vn -0.2236040 0.7276877 0.6484381
v -0.0872220 0.4514815 0.9185760
vn -0.2236040 0.7276877 0.6484381
f 610/610/610 611/611/611 612/612/612
v -0.1750000 0.4351666 0.9065760
vn -0.3696878 0.6485589 0.6653587
v -0.2474874 0.3938478 0.9065760
vn -0.3696878 0.6485589 0.6653587
v -0.2382950 0.3867767 0.9185760
vn -0.3696878 0.6485589 0.6653587
f 613/613/613 614/614/614 615/615/615
v -0.1750000 0.4351666 0.9065760
vn -0.3685948 0.6475281 0.6669673
v -0.2382950 0.3867767 0.9185760
vn -0.3685948 0.6475281 0.6669673
v -0.1685000 0.4265063 0.9185760
vn -0.3685948 0.6475281 0.6669673
f 616/616/616 617/617/617 618/618/618
v -0.2474874 0.3938478 0.9065760
vn -0.5037936 0.5203888 0.6894835
v -0.3031089 0.3400000 0.9065760
vn -0.5037936 0.5203888 0.6894835
v -0.2918506 0.3350000 0.9185760
vn -0.5037936 0.5203888 0.6894835
f 619/619/619 620/620/620 621/621/621
v -0.2474874 0.3938478 0.9065760
vn -0.5023934 0.5196542 0.6910575
v -0.2918506 0.3350000 0.9185760
vn -0.5023934 0.5196542 0.6910575
v -0.2382950 0.3867767 0.9185760
vn -0.5023934 0.5196542 0.6910575
f 622/622/622 623/623/623 624/624/624
v -0.3031089 0.3400000 0.9065760
vn -0.6117549 0.3411113 0.7137221
v -0.3380740 0.2772929 0.9065760
vn -0.6117549 0.3411113 0.7137221
v -0.3255170 0.2747048 0.9185760
vn -0.6117549 0.3411113 0.7137221
f 625/625/625 626/626/626 627/627/627
v -0.3031089 0.3400000 0.9065760
vn -0.6105471 0.3409048 0.7148539
v -0.3255170 0.2747048 0.9185760
vn -0.6105471 0.3409048 0.7148539
v -0.2918506 0.3350000 0.9185760
vn -0.6105471 0.3409048 0.7148539
f 628/628/628 629/629/629 630/630/630
v -0.3380740 0.2772929 0.9065760
vn -0.6734332 0.1193489 0.7295501
v -0.3500000 0.2100000 0.9065760
vn -0.6734332 0.1193489 0.7295501
v -0.3370000 0.2100000 0.9185760
vn -0.6734332 0.1193489 0.7295501
f 631/631/631 632/632/632 633/633/633
v -0.3380740 0.2772929 0.9065760
vn -0.6729689 0.1194303 0.7299651
v -0.3370000 0.2100000 0.9185760
vn -0.6729689 0.1194303 0.7299651
v -0.3255170 0.2747048 0.9185760
vn -0.6729689 0.1194303 0.7299651
f 634/634/634 635/635/635 636/636/636
v -0.3500000 0.2100000 0.9065760
vn -0.6729994 -0.1192721 0.7299629
v -0.3380740 0.1427070 0.9065760
vn -0.6729994 -0.1192721 0.7299629
v -0.3255170 0.1452952 0.9185760
vn -0.6729994 -0.1192721 0.7299629
f 637/637/637 638/638/638 639/639/639
v -0.3500000 0.2100000 0.9065760
vn -0.6734201 -0.1195104 0.7295359
v -0.3255170 0.1452952 0.9185760
vn -0.6734201 -0.1195104 0.7295359
v -0.3370000 0.2100000 0.9185760
vn -0.6734201 -0.1195104 0.7295359
f 640/640/640 641/641/641 642/642/642
v -0.3380740 0.1427070 0.9065760
vn -0.6107291 -0.3405394 0.7148727
v -0.3031089 0.0800000 0.9065760
vn -0.6107291 -0.3405394 0.7148727
v -0.2918506 0.0850000 0.9185760
vn -0.6107291 -0.3405394 0.7148727
f 643/643/643 644/644/644 645/645/645
v -0.3380740 0.1427070 0.9065760
vn -0.6116131 -0.3415002 0.7136576
v -0.2918506 0.0850000 0.9185760
vn -0.6116131 -0.3415002 0.7136576
v -0.3255170 0.1452952 0.9185760
vn -0.6116131 -0.3415002 0.7136576
f 646/646/646 647/647/647 648/648/648
v -0.3031089 0.0800000 0.9065760
vn -0.5027252 -0.5192852 0.6910937
v -0.2474874 0.0261522 0.9065760
vn -0.5027252 -0.5192852 0.6910937
v -0.2382950 0.0332233 0.9185760
vn -0.5027252 -0.5192852 0.6910937
f 649/649/649 650/650/650 651/651/651
v -0.3031089 0.0800000 0.9065760
vn -0.5035033 -0.5208021 0.6893836
v -0.2382950 0.0332233 0.9185760
vn -0.5035033 -0.5208021 0.6893836
v -0.2918506 0.0850000 0.9185760
vn -0.5035033 -0.5208021 0.6893836
f 652/652/652 653/653/653 654/654/654
v -0.2474874 0.0261522 0.9065760
vn -0.3689642 -0.6472893 0.6669948
v -0.1750000 -0.0151666 0.9065760
vn -0.3689642 -0.6472893 0.6669948
v -0.1685000 -0.0065064 0.9185760
vn -0.3689642 -0.6472893 0.6669948
f 655/655/655 656/656/656 657/657/657
v -0.2474874 0.0261522 0.9065760
vn -0.3693461 -0.6488479 0.6652668
v -0.1685000 -0.0065064 0.9185760
vn -0.3693461 -0.6488479 0.6652668
v -0.2382950 0.0332233 0.9185760
vn -0.3693461 -0.6488479 0.6652668
f 658/658/658 659/659/659 660/660/660
v -0.1750000 -0.0151666 0.9065760
vn -0.2238828 -0.7275972 0.6484434
v -0.0905867 -0.0411407 0.9065760
vn -0.2238828 -0.7275972 0.6484434
v -0.0872220 -0.0314815 0.9185760
vn -0.2238828 -0.7275972 0.6484434
f 661/661/661 662/662/662 663/663/663
v -0.1750000 -0.0151666 0.9065760
vn -0.2239168 -0.7287061 0.6471853
v -0.0872220 -0.0314815 0.9185760
vn -0.2239168 -0.7287061 0.6471853
v -0.1685000 -0.0065064 0.9185760
vn -0.2239168 -0.7287061 0.6471853
f 664/664/664 665/665/665 666/666/666
v -0.0905867 -0.0411407 0.9065760
vn -0.0749202 -0.7660628 0.6383845
v -0.0000000 -0.0500000 0.9065760
vn -0.0749202 -0.7660628 0.6383845
v -0.0000000 -0.0400000 0.9185760
vn -0.0749202 -0.7660628 0.6383845
f 667/667/667 668/668/668 669/669/669
v -0.0905867 -0.0411407 0.9065760
vn -0.0748551 -0.7664475 0.6379302
v -0.0000000 -0.0400000 0.9185760
vn -0.0748551 -0.7664475 0.6379302
v -0.0872220 -0.0314815 0.9185760
vn -0.0748551 -0.7664475 0.6379302
f 670/670/670 671/671/671 672/672/672
v -0.0000000 -0.0500000 0.9065760
vn 0.0749558 -0.7664276 0.6379423
v 0.0905867 -0.0411407 0.9065760
vn 0.0749558 -0.7664276 0.6379423
v 0.0872220 -0.0314815 0.9185760
vn 0.0749558 -0.7664276 0.6379423
f 673/673/673 674/674/674 675/675/675
v -0.0000000 -0.0500000 0.9065760
vn 0.0748181 -0.7660686 0.6383894
v 0.0872220 -0.0314815 0.9185760
vn 0.0748181 -0.7660686 0.6383894
v -0.0000000 -0.0400000 0.9185760
vn 0.0748181 -0.7660686 0.6383894
f 676/676/676 677/677/677 678/678/678
v 0.0905867 -0.0411407 0.9065760
vn 0.2241844 -0.7285776 0.6472373
v 0.1750000 -0.0151666 0.9065760
vn 0.2241844 -0.7285776 0.6472373
v 0.1685000 -0.0065064 0.9185760
vn 0.2241844 -0.7285776 0.6472373
f 679/679/679 680/680/680 681/681/681
v 0.0905867 -0.0411407 0.9065760
vn 0.2236039 -0.7276877 0.6484381
v 0.1685000 -0.0065064 0.9185760
vn 0.2236039 -0.7276877 0.6484381
v 0.0872220 -0.0314815 0.9185760
vn 0.2236039 -0.7276877 0.6484381
f 682/682/682 683/683/683 684/684/684
v 0.1750000 -0.0151666 0.9065760
vn 0.3696880 -0.6485592 0.6653584
v 0.2474874 0.0261522 0.9065760
vn 0.3696880 -0.6485592 0.6653584
v 0.2382950 0.0332233 0.9185760
vn 0.3696880 -0.6485592 0.6653584
f 685/685/685 686/686/686 687/687/687
v 0.1750000 -0.0151666 0.9065760
vn 0.3685948 -0.6475281 0.6669673
v 0.2382950 0.0332233 0.9185760
vn 0.3685948 -0.6475281 0.6669673
v 0.1685000 -0.0065064 0.9185760
vn 0.3685948 -0.6475281 0.6669673
f 688/688/688 689/689/689 690/690/690
v 0.2474874 0.0261522 0.9065760
vn 0.5037935 -0.5203887 0.6894837
v 0.3031089 0.0800000 0.9065760
vn 0.5037935 -0.5203887 0.6894837
v 0.2918506 0.0850000 0.9185760
vn 0.5037935 -0.5203887 0.6894837
f 691/691/691 692/692/692 693/693/693
v 0.2474874 0.0261522 0.9065760
vn 0.5023937 -0.5196544 0.6910571
v 0.2918506 0.0850000 0.9185760
vn 0.5023937 -0.5196544 0.6910571
v 0.2382950 0.0332233 0.9185760
vn 0.5023937 -0.5196544 0.6910571
f 694/694/694 695/695/695 696/696/696
v 0.3031089 0.0800000 0.9065760
vn 0.6117548 -0.3411113 0.7137221
v 0.3380740 0.1427070 0.9065760
vn 0.6117548 -0.3411113 0.7137221
v 0.3255170 0.1452952 0.9185760
vn 0.6117548 -0.3411113 0.7137221
f 697/697/697 698/698/698 699/699/699
v 0.3031089 0.0800000 0.9065760
vn 0.6105469 -0.3409049 0.7148541
v 0.3255170 0.1452952 0.9185760
vn 0.6105469 -0.3409049 0.7148541
v 0.2918506 0.0850000 0.9185760
vn 0.6105469 -0.3409049 0.7148541
f 700/700/700 701/701/701 702/702/702
v 0.3380740 0.1427070 0.9065760
vn 0.6734332 -0.1193489 0.7295501
v 0.3500000 0.2100000 0.9065760
vn 0.6734332 -0.1193489 0.7295501
v 0.3370000 0.2100000 0.9185760
vn 0.6734332 -0.1193489 0.7295501
f 703/703/703 704/704/704 705/705/705
v 0.3380740 0.1427070 0.9065760
vn 0.6729689 -0.1194303 0.7299651
v 0.3370000 0.2100000 0.9185760
vn 0.6729689 -0.1194303 0.7299651
v 0.3255170 0.1452952 0.9185760
vn 0.6729689 -0.1194303 0.7299651
f 706/706/706 707/707/707 708/708/708
v 0.3370000 0.2100000 0.9185760
vn -0.2707760 -0.0480540 0.9614422
v 0.3255170 0.2747048 0.9185760
vn -0.2707760 -0.0480540 0.9614422
v 0.2917096 0.2651285 0.9085760
vn -0.2707760 -0.0480540 0.9614422
f 709/709/709 710/710/710 711/711/711
v 0.3370000 0.2100000 0.9185760
vn -0.2743602 -0.0512126 0.9602624
v 0.2917096 0.2651285 0.9085760
vn -0.2743602 -0.0512126 0.9602624
v 0.3020000 0.2100000 0.9085760
vn -0.2743602 -0.0512126 0.9602624
f 712/712/712 713/713/713 714/714/714
v 0.3255170 0.2747048 0.9185760
vn -0.2368343 -0.1322387 0.9625084
v 0.2918506 0.3350000 0.9185760
vn -0.2368343 -0.1322387 0.9625084
v 0.2615397 0.3165000 0.9085760
vn -0.2368343 -0.1322387 0.9625084
f 715/715/715 716/716/716 717/717/717
v 0.3255170 0.2747048 0.9185760
vn -0.2433002 -0.1428875 0.9593686
v 0.2615397 0.3165000 0.9085760
vn -0.2433002 -0.1428875 0.9593686
v 0.2917096 0.2651285 0.9085760
vn -0.2433002 -0.1428875 0.9593686
f 718/718/718 719/719/719 720/720/720
v 0.2918506 0.3350000 0.9185760
vn -0.1859735 -0.1923631 0.9635406
v 0.2382950 0.3867767 0.9185760
vn -0.1859735 -0.1923631 0.9635406
v 0.2135462 0.3606137 0.9085760
vn -0.1859735 -0.1923631 0.9635406
f 721/721/721 722/722/722 723/723/723
v 0.2918506 0.3350000 0.9185760
vn -0.1902657 -0.2069991 0.9596615
v 0.2135462 0.3606137 0.9085760
vn -0.1902657 -0.2069991 0.9596615
v 0.2615397 0.3165000 0.9085760
vn -0.1902657 -0.2069991 0.9596615
f 724/724/724 725/725/725 726/726/726
v 0.2382950 0.3867767 0.9185760
vn -0.1307018 -0.2296100 0.9644669
v 0.1685000 0.4265063 0.9185760
vn -0.1307018 -0.2296100 0.9644669
v 0.1510000 0.3944634 0.9085760
vn -0.1307018 -0.2296100 0.9644669
f 727/727/727 728/728/728 729/729/729
v 0.2382950 0.3867767 0.9185760
vn -0.1314898 -0.2429622 0.9610826
v 0.1510000 0.3944634 0.9085760
vn -0.1314898 -0.2429622 0.9610826
v 0.2135462 0.3606137 0.9085760
vn -0.1314898 -0.2429622 0.9610826
f 730/730/730 731/731/731 732/732/732
v 0.1685000 0.4265063 0.9185760
vn -0.0769777 -0.2505131 0.9650480
v 0.0872220 0.4514815 0.9185760
vn -0.0769777 -0.2505131 0.9650480
v 0.0781633 0.4157422 0.9085760
vn -0.0769777 -0.2505131 0.9650480
f 733/733/733 734/734/734 735/735/735
v 0.1685000 0.4265063 0.9185760
vn -0.0757077 -0.2591453 0.9628665
v 0.0781633 0.4157422 0.9085760
vn -0.0757077 -0.2591453 0.9628665
v 0.1510000 0.3944634 0.9085760
vn -0.0757077 -0.2591453 0.9628665
f 736/736/736 737/737/737 738/738/738
v 0.0872220 0.4514815 0.9185760
vn -0.0254734 -0.2608241 0.9650502
v 0.0000000 0.4600000 0.9185760
vn -0.0254734 -0.2608241 0.9650502
v 0.0000000 0.4230000 0.9085760
vn -0.0254734 -0.2608241 0.9650502
f 739/739/739 740/740/740 741/741/741
v 0.0872220 0.4514815 0.9185760
vn -0.0244779 -0.2636155 0.9643172
v 0.0000000 0.4230000 0.9085760
vn -0.0244779 -0.2636155 0.9643172
v 0.0781633 0.4157422 0.9085760
vn -0.0244779 -0.2636155 0.9643172
f 742/742/742 743/743/743 744/744/744
v 0.0000000 0.4600000 0.9185760
vn 0.0257167 -0.2633154 0.9643670
v -0.0872220 0.4514815 0.9185760
vn 0.0257167 -0.2633154 0.9643670
v -0.0781633 0.4157422 0.9085760
vn 0.0257167 -0.2633154 0.9643670
f 745/745/745 746/746/746 747/747/747
v 0.0000000 0.4600000 0.9185760
vn 0.0242195 -0.2608323 0.9650803
v -0.0781633 0.4157422 0.9085760
vn 0.0242195 -0.2608323 0.9650803
v 0.0000000 0.4230000 0.9085760
vn 0.0242195 -0.2608323 0.9650803
f 748/748/748 749/749/749 750/750/750
v -0.0872220 0.4514815 0.9185760
vn 0.0790835 -0.2573659 0.9630725
v -0.1685000 0.4265063 0.9185760
vn 0.0790835 -0.2573659 0.9630725
v -0.1510000 0.3944634 0.9085760
vn 0.0790835 -0.2573659 0.9630725
f 751/751/751 752/752/752 753/753/753
v -0.0872220 0.4514815 0.9185760
vn 0.0734503 -0.2514182 0.9650876
v -0.1510000 0.3944634 0.9085760
vn 0.0734503 -0.2514182 0.9650876
v -0.0781633 0.4157422 0.9085760
vn 0.0734503 -0.2514182 0.9650876
f 754/754/754 755/755/755 756/756/756
v -0.1685000 0.4265063 0.9185760
vn 0.1359746 -0.2388731 0.9614835
v -0.2382950 0.3867767 0.9185760
vn 0.1359746 -0.2388731 0.9614835
v -0.2135462 0.3606137 0.9085760
vn 0.1359746 -0.2388731 0.9614835
f 757/757/757 758/758/758 759/759/759
v -0.1685000 0.4265063 0.9185760
vn 0.1257338 -0.2323264 0.9644768
v -0.2135462 0.3606137 0.9085760
vn 0.1257338 -0.2323264 0.9644768
v -0.1510000 0.3944634 0.9085760
vn 0.1257338 -0.2323264 0.9644768
f 760/760/760 761/761/761 762/762/762
v -0.2382950 0.3867767 0.9185760
vn 0.1941857 -0.2008574 0.9601814
v -0.2918506 0.3350000 0.9185760
vn 0.1941857 -0.2008574 0.9601814
v -0.2615397 0.3165000 0.9085760
vn 0.1941857 -0.2008574 0.9601814
f 763/763/763 764/764/764 765/765/765
v -0.2382950 0.3867767 0.9185760
vn 0.1810728 -0.1969977 0.9635375
v -0.2615397 0.3165000 0.9085760
vn 0.1810728 -0.1969977 0.9635375
v -0.2135462 0.3606137 0.9085760
vn 0.1810728 -0.1969977 0.9635375
f 766/766/766 767/767/767 768/768/768
v -0.2918506 0.3350000 0.9185760
vn 0.2451270 -0.1368690 0.9597811
v -0.3255170 0.2747048 0.9185760
vn 0.2451270 -0.1368690 0.9597811
v -0.2917096 0.2651285 0.9085760
vn 0.2451270 -0.1368690 0.9597811
f 769/769/769 770/770/770 771/771/771
v -0.2918506 0.3350000 0.9185760
vn 0.2337664 -0.1372884 0.9625514
v -0.2917096 0.2651285 0.9085760
vn 0.2337664 -0.1372884 0.9625514
v -0.2615397 0.3165000 0.9085760
vn 0.2337664 -0.1372884 0.9625514
f 772/772/772 773/773/773 774/774/774
v -0.3255170 0.2747048 0.9185760
vn 0.2743948 -0.0486962 0.9603834
v -0.3370000 0.2100000 0.9185760
vn 0.2743948 -0.0486962 0.9603834
v -0.3020000 0.2100000 0.9085760
vn 0.2743948 -0.0486962 0.9603834
f 775/775/775 776/776/776 777/777/777
v -0.3255170 0.2747048 0.9185760
vn 0.2701237 -0.0504218 0.9615044
v -0.3020000 0.2100000 0.9085760
vn 0.2701237 -0.0504218 0.9615044
v -0.2917096 0.2651285 0.9085760
vn 0.2701237 -0.0504218 0.9615044
f 778/778/778 779/779/779 780/780/780
v -0.3370000 0.2100000 0.9185760
vn 0.2707760 0.0480540 0.9614422
v -0.3255170 0.1452952 0.9185760
vn 0.2707760 0.0480540 0.9614422
v -0.2917096 0.1548715 0.9085760
vn 0.2707760 0.0480540 0.9614422
f 781/781/781 782/782/782 783/783/783
v -0.3370000 0.2100000 0.9185760
vn 0.2743602 0.0512126 0.9602624
v -0.2917096 0.1548715 0.9085760
vn 0.2743602 0.0512126 0.9602624
v -0.3020000 0.2100000 0.9085760
vn 0.2743602 0.0512126 0.9602624
f 784/784/784 785/785/785 786/786/786
v -0.3255170 0.1452952 0.9185760
vn 0.2368342 0.1322387 0.9625084
v -0.2918506 0.0850000 0.9185760
vn 0.2368342 0.1322387 0.9625084
v -0.2615397 0.1035000 0.9085760
vn 0.2368342 0.1322387 0.9625084
f 787/787/787 788/788/788 789/789/789
v -0.3255170 0.1452952 0.9185760
vn 0.2433001 0.1428875 0.9593686
v -0.2615397 0.1035000 0.9085760
vn 0.2433001 0.1428875 0.9593686
v -0.2917096 0.1548715 0.9085760
vn 0.2433001 0.1428875 0.9593686
f 790/790/790 791/791/791 792/792/792
v -0.2918506 0.0850000 0.9185760
vn 0.1859736 0.1923630 0.9635406
v -0.2382950 0.0332233 0.9185760
vn 0.1859736 0.1923630 0.9635406
v -0.2135462 0.0593863 0.9085760
vn 0.1859736 0.1923630 0.9635406
f 793/793/793 794/794/794 795/795/795
v -0.2918506 0.0850000 0.9185760
vn 0.1902657 0.2069990 0.9596615
v -0.2135462 0.0593863 0.9085760
vn 0.1902657 0.2069990 0.9596615
v -0.2615397 0.1035000 0.9085760
vn 0.1902657 0.2069990 0.9596615
f 796/796/796 797/797/797 798/798/798
v -0.2382950 0.0332233 0.9185760
vn 0.1307017 0.2296100 0.9644669
v -0.1685000 -0.0065064 0.9185760
vn 0.1307017 0.2296100 0.9644669
v -0.1510000 0.0255366 0.9085760
vn 0.1307017 0.2296100 0.9644669
f 799/799/799 800/800/800 801/801/801
v -0.2382950 0.0332233 0.9185760
vn 0.1314898 0.2429623 0.9610826
v -0.1510000 0.0255366 0.9085760
vn 0.1314898 0.2429623 0.9610826
v -0.2135462 0.0593863 0.9085760
vn 0.1314898 0.2429623 0.9610826
f 802/802/802 803/803/803 804/804/804
v -0.1685000 -0.0065064 0.9185760
vn 0.0769777 0.2505132 0.9650480
v -0.0872220 -0.0314815 0.9185760
vn 0.0769777 0.2505132 0.9650480
v -0.0781633 0.0042578 0.9085760
vn 0.0769777 0.2505132 0.9650480
f 805/805/805 806/806/806 807/807/807
v -0.1685000 -0.0065064 0.9185760
vn 0.0757077 0.2591451 0.9628666
v -0.0781633 0.0042578 0.9085760
vn 0.0757077 0.2591451 0.9628666
v -0.1510000 0.0255366 0.9085760
vn 0.0757077 0.2591451 0.9628666
f 808/808/808 809/809/809 810/810/810
v -0.0872220 -0.0314815 0.9185760
vn 0.0254734 0.2608241 0.9650502
v -0.0000000 -0.0400000 0.9185760
vn 0.0254734 0.2608241 0.9650502
v -0.0000000 -0.0030000 0.9085760
vn 0.0254734 0.2608241 0.9650502
f 811/811/811 812/812/812 813/813/813
v -0.0872220 -0.0314815 0.9185760
vn 0.0244778 0.2636156 0.9643172
v -0.0000000 -0.0030000 0.9085760
vn 0.0244778 0.2636156 0.9643172
v -0.0781633 0.0042578 0.9085760
vn 0.0244778 0.2636156 0.9643172
f 814/814/814 815/815/815 816/816/816
v -0.0000000 -0.0400000 0.9185760
vn -0.0257167 0.2633156 0.9643670
v 0.0872220 -0.0314815 0.9185760
vn -0.0257167 0.2633156 0.9643670
v 0.0781633 0.0042578 0.9085760
vn -0.0257167 0.2633156 0.9643670
f 817/817/817 818/818/818 819/819/819
v -0.0000000 -0.0400000 0.9185760
vn -0.0242194 0.2608323 0.9650802
v 0.0781633 0.0042578 0.9085760
vn -0.0242194 0.2608323 0.9650802
v -0.0000000 -0.0030000 0.9085760
vn -0.0242194 0.2608323 0.9650802
f 820/820/820 821/821/821 822/822/822
v 0.0872220 -0.0314815 0.9185760
vn -0.0790834 0.2573658 0.9630725
v 0.1685000 -0.0065064 0.9185760
vn -0.0790834 0.2573658 0.9630725
v 0.1510000 0.0255366 0.9085760
vn -0.0790834 0.2573658 0.9630725
f 823/823/823 824/824/824 825/825/825
v 0.0872220 -0.0314815 0.9185760
vn -0.0734504 0.2514183 0.9650874
v 0.1510000 0.0255366 0.9085760
vn -0.0734504 0.2514183 0.9650874
v 0.0781633 0.0042578 0.9085760
vn -0.0734504 0.2514183 0.9650874
f 826/826/826 827/827/827 828/828/828
v 0.1685000 -0.0065064 0.9185760
vn -0.1359746 0.2388731 0.9614835
v 0.2382950 0.0332233 0.9185760
vn -0.1359746 0.2388731 0.9614835
v 0.2135462 0.0593863 0.9085760
vn -0.1359746 0.2388731 0.9614835
f 829/829/829 830/830/830 831/831/831
v 0.1685000 -0.0065064 0.9185760
vn -0.1257337 0.2323263 0.9644768
v 0.2135462 0.0593863 0.9085760
vn -0.1257337 0.2323263 0.9644768
v 0.1510000 0.0255366 0.9085760
vn -0.1257337 0.2323263 0.9644768
f 832/832/832 833/833/833 834/834/834
v 0.2382950 0.0332233 0.9185760
vn -0.1941857 0.2008573 0.9601813
v 0.2918506 0.0850000 0.9185760
vn -0.1941857 0.2008573 0.9601813
v 0.2615397 0.1035000 0.9085760
vn -0.1941857 0.2008573 0.9601813
f 835/835/835 836/836/836 837/837/837
v 0.2382950 0.0332233 0.9185760
vn -0.1810728 0.1969977 0.9635375
v 0.2615397 0.1035000 0.9085760
vn -0.1810728 0.1969977 0.9635375
v 0.2135462 0.0593863 0.9085760
vn -0.1810728 0.1969977 0.9635375
f 838/838/838 839/839/839 840/840/840
v 0.2918506 0.0850000 0.9185760
vn -0.2451269 0.1368690 0.9597811
v 0.3255170 0.1452952 0.9185760
vn -0.2451269 0.1368690 0.9597811
v 0.2917096 0.1548715 0.9085760
vn -0.2451269 0.1368690 0.9597811
f 841/841/841 842/842/842 843/843/843
v 0.2918506 0.0850000 0.9185760
vn -0.2337664 0.1372884 0.9625514
v 0.2917096 0.1548715 0.9085760
vn -0.2337664 0.1372884 0.9625514
v 0.2615397 0.1035000 0.9085760
vn -0.2337664 0.1372884 0.9625514
f 844/844/844 845/845/845 846/846/846
v 0.3255170 0.1452952 0.9185760
vn -0.2743948 0.0486962 0.9603834
v 0.3370000 0.2100000 0.9185760
vn -0.2743948 0.0486962 0.9603834
v 0.3020000 0.2100000 0.9085760
vn -0.2743948 0.0486962 0.9603834
f 847/847/847 848/848/848 849/849/849
v 0.3255170 0.1452952 0.9185760
vn -0.2701237 0.0504218 0.9615043
v 0.3020000 0.2100000 0.9085760
vn -0.2701237 0.0504218 0.9615043
v 0.2917096 0.1548715 0.9085760
vn -0.2701237 0.0504218 0.9615043
f 850/850/850 851/851/851 852/852/852
v 0.3020000 0.2100000 0.9085760
vn -0.8504268 -0.1587423 0.5015728
v 0.2917096 0.2651285 0.9085760
vn -0.8504268 -0.1587423 0.5015728
v 0.2434133 0.2552933 0.8235760
vn -0.8504268 -0.1587423 0.5015728
f 853/853/853 854/854/854 855/855/855
v 0.3020000 0.2100000 0.9085760
vn -0.8506525 -0.1612663 0.5003834
v 0.2434133 0.2552933 0.8235760
vn -0.8506525 -0.1612663 0.5003834
v 0.2520000 0.2100000 0.8235760
vn -0.8506525 -0.1612663 0.5003834
f 856/856/856 857/857/857 858/858/858
v 0.2917096 0.2651285 0.9085760
vn -0.7547636 -0.4432642 0.4835791
v 0.2615397 0.3165000 0.9085760
vn -0.7547636 -0.4432642 0.4835791
v 0.2182384 0.2975000 0.8235760
vn -0.7547636 -0.4432642 0.4835791
f 859/859/859 860/860/860 861/861/861
v 0.2917096 0.2651285 0.9085760
vn -0.7533918 -0.4493739 0.4800666
v 0.2182384 0.2975000 0.8235760
vn -0.7533918 -0.4493739 0.4800666
v 0.2434133 0.2552933 0.8235760
vn -0.7533918 -0.4493739 0.4800666
f 862/862/862 863/863/863 864/864/864
v 0.2615397 0.3165000 0.9085760
vn -0.6018176 -0.6547460 0.4573000
v 0.2135462 0.3606137 0.9085760
vn -0.6018176 -0.6547460 0.4573000
v 0.1781909 0.3337437 0.8235760
vn -0.6018176 -0.6547460 0.4573000
f 865/865/865 866/866/866 867/867/867
v 0.2615397 0.3165000 0.9085760
vn -0.5983540 -0.6611520 0.4526042
v 0.1781909 0.3337437 0.8235760
vn -0.5983540 -0.6611520 0.4526042
v 0.2182384 0.2975000 0.8235760
vn -0.5983540 -0.6611520 0.4526042
f 868/868/868 869/869/869 870/870/870
v 0.2135462 0.3606137 0.9085760
vn -0.4290093 -0.7927082 0.4330874
v 0.1510000 0.3944634 0.9085760
vn -0.4290093 -0.7927082 0.4330874
v 0.1260000 0.3615544 0.8235760
vn -0.4290093 -0.7927082 0.4330874
f 871/871/871 872/872/872 873/873/873
v 0.2135462 0.3606137 0.9085760
vn -0.4248496 -0.7972918 0.4287524
v 0.1260000 0.3615544 0.8235760
vn -0.4248496 -0.7972918 0.4287524
v 0.1781909 0.3337437 0.8235760
vn -0.4248496 -0.7972918 0.4287524
f 874/874/874 875/875/875 876/876/876
v 0.1510000 0.3944634 0.9085760
vn -0.2550319 -0.8729671 0.4157970
v 0.0781633 0.4157422 0.9085760
vn -0.2550319 -0.8729671 0.4157970
v 0.0652224 0.3790370 0.8235760
vn -0.2550319 -0.8729671 0.4157970
f 877/877/877 878/878/878 879/879/879
v 0.1510000 0.3944634 0.9085760
vn -0.2517711 -0.8752739 0.4129250
v 0.0652224 0.3790370 0.8235760
vn -0.2517711 -0.8752739 0.4129250
v 0.1260000 0.3615544 0.8235760
vn -0.2517711 -0.8752739 0.4129250
f 880/880/880 881/881/881 882/882/882
v 0.0781633 0.4157422 0.9085760
vn -0.0844661 -0.9096611 0.4066720
v 0.0000000 0.4230000 0.9085760
vn -0.0844661 -0.9096611 0.4066720
v 0.0000000 0.3850000 0.8235760
vn -0.0844661 -0.9096611 0.4066720
f 883/883/883 884/884/884 885/885/885
v 0.0781633 0.4157422 0.9085760
vn -0.0832154 -0.9102024 0.4057176
v 0.0000000 0.3850000 0.8235760
vn -0.0832154 -0.9102024 0.4057176
v 0.0652224 0.3790370 0.8235760
vn -0.0832154 -0.9102024 0.4057176
f 886/886/886 887/887/887 888/888/888
v 0.0000000 0.4230000 0.9085760
vn 0.0845004 -0.9100299 0.4058388
v -0.0781633 0.4157422 0.9085760
vn 0.0845004 -0.9100299 0.4058388
v -0.0652224 0.3790370 0.8235760
vn 0.0845004 -0.9100299 0.4058388
f 889/889/889 890/890/890 891/891/891
v 0.0000000 0.4230000 0.9085760
vn 0.0831750 -0.9097603 0.4067163
v -0.0652224 0.3790370 0.8235760
vn 0.0831750 -0.9097603 0.4067163
v 0.0000000 0.3850000 0.8235760
vn 0.0831750 -0.9097603 0.4067163
f 892/892/892 893/893/893 894/894/894
v -0.0781633 0.4157422 0.9085760
vn 0.2553290 -0.8739840 0.4134721
v -0.1510000 0.3944634 0.9085760
vn 0.2553290 -0.8739840 0.4134721
v -0.1260000 0.3615544 0.8235760
vn 0.2553290 -0.8739840 0.4134721
f 895/895/895 896/896/896 897/897/897
v -0.0781633 0.4157422 0.9085760
vn 0.2514199 -0.8740528 0.4157159
v -0.1260000 0.3615544 0.8235760
vn 0.2514199 -0.8740528 0.4157159
v -0.0652224 0.3790370 0.8235760
vn 0.2514199 -0.8740528 0.4157159
f 898/898/898 899/899/899 900/900/900
v -0.1510000 0.3944634 0.9085760
vn 0.4297609 -0.7940971 0.4297853
v -0.2135462 0.3606137 0.9085760
vn 0.4297609 -0.7940971 0.4297853
v -0.1781909 0.3337437 0.8235760
vn 0.4297609 -0.7940971 0.4297853
f 901/901/901 902/902/902 903/903/903
v -0.1510000 0.3944634 0.9085760
vn 0.4239573 -0.7956172 0.4327278
v -0.1781909 0.3337437 0.8235760
vn 0.4239573 -0.7956172 0.4327278
v -0.1260000 0.3615544 0.8235760
vn 0.4239573 -0.7956172 0.4327278
f 904/904/904 905/905/905 906/906/906
v -0.2135462 0.3606137 0.9085760
vn 0.6030163 -0.6560501 0.4538389
v -0.2615397 0.3165000 0.9085760
vn 0.6030163 -0.6560501 0.4538389
v -0.2182384 0.2975000 0.8235760
vn 0.6030163 -0.6560501 0.4538389
f 907/907/907 908/908/908 909/909/909
v -0.2135462 0.3606137 0.9085760
vn 0.5969208 -0.6595684 0.4567877
v -0.2182384 0.2975000 0.8235760
vn 0.5969208 -0.6595684 0.4567877
v -0.1781909 0.3337437 0.8235760
vn 0.5969208 -0.6595684 0.4567877
f 910/910/910 911/911/911 912/912/912
v -0.2615397 0.3165000 0.9085760
vn 0.7560178 -0.4440008 0.4809369
v -0.2917096 0.2651285 0.9085760
vn 0.7560178 -0.4440008 0.4809369
v -0.2434133 0.2552933 0.8235760
vn 0.7560178 -0.4440008 0.4809369
f 913/913/913 914/914/914 915/915/915
v -0.2615397 0.3165000 0.9085760
vn 0.7518782 -0.4484710 0.4832731
v -0.2434133 0.2552933 0.8235760
vn 0.7518782 -0.4484710 0.4832731
v -0.2182384 0.2975000 0.8235760
vn 0.7518782 -0.4484710 0.4832731
f 916/916/916 917/917/917 918/918/918
v -0.2917096 0.2651285 0.9085760
vn 0.8509906 -0.1588475 0.5005823
v -0.3020000 0.2100000 0.9085760
vn 0.8509906 -0.1588475 0.5005823
v -0.2520000 0.2100000 0.8235760
vn 0.8509906 -0.1588475 0.5005823
f 919/919/919 920/920/920 921/921/921
v -0.2917096 0.2651285 0.9085760
vn 0.8499670 -0.1611363 0.5015885
v -0.2520000 0.2100000 0.8235760
vn 0.8499670 -0.1611363 0.5015885
v -0.2434133 0.2552933 0.8235760
vn 0.8499670 -0.1611363 0.5015885
f 922/922/922 923/923/923 924/924/924
v -0.3020000 0.2100000 0.9085760
vn 0.8504267 0.1587423 0.5015728
v -0.2917096 0.1548715 0.9085760
vn 0.8504267 0.1587423 0.5015728
v -0.2434133 0.1647067 0.8235760
vn 0.8504267 0.1587423 0.5015728
f 925/925/925 926/926/926 927/927/927
v -0.3020000 0.2100000 0.9085760
vn 0.8506525 0.1612663 0.5003834
v -0.2434133 0.1647067 0.8235760
vn 0.8506525 0.1612663 0.5003834
v -0.2520000 0.2100000 0.8235760
vn 0.8506525 0.1612663 0.5003834
f 928/928/928 929/929/929 930/930/930
v -0.2917096 0.1548715 0.9085760
vn 0.7547636 0.4432643 0.4835791
v -0.2615397 0.1035000 0.9085760
vn 0.7547636 0.4432643 0.4835791
v -0.2182384 0.1225000 0.8235760
vn 0.7547636 0.4432643 0.4835791
f 931/931/931 932/932/932 933/933/933
v -0.2917096 0.1548715 0.9085760
vn 0.7533918 0.4493740 0.4800666
v -0.2182384 0.1225000 0.8235760
vn 0.7533918 0.4493740 0.4800666
v -0.2434133 0.1647067 0.8235760
vn 0.7533918 0.4493740 0.4800666
f 934/934/934 935/935/935 936/936/936
v -0.2615397 0.1035000 0.9085760
vn 0.6018177 0.6547458 0.4573001
v -0.2135462 0.0593863 0.9085760
vn 0.6018177 0.6547458 0.4573001
v -0.1781909 0.0862563 0.8235760
vn 0.6018177 0.6547458 0.4573001
f 937/937/937 938/938/938 939/939/939
v -0.2615397 0.1035000 0.9085760
vn 0.5983542 0.6611519 0.4526043
v -0.1781909 0.0862563 0.8235760
vn 0.5983542 0.6611519 0.4526043
v -0.2182384 0.1225000 0.8235760
vn 0.5983542 0.6611519 0.4526043
f 940/940/940 941/941/941 942/942/942
v -0.2135462 0.0593863 0.9085760
vn 0.4290091 0.7927083 0.4330873
v -0.1510000 0.0255366 0.9085760
vn 0.4290091 0.7927083 0.4330873
v -0.1260000 0.0584456 0.8235760
vn 0.4290091 0.7927083 0.4330873
f 943/943/943 944/944/944 945/945/945
v -0.2135462 0.0593863 0.9085760
vn 0.4248497 0.7972917 0.4287525
v -0.1260000 0.0584456 0.8235760
vn 0.4248497 0.7972917 0.4287525
v -0.1781909 0.0862563 0.8235760
vn 0.4248497 0.7972917 0.4287525
f 946/946/946 947/947/947 948/948/948
v -0.1510000 0.0255366 0.9085760
vn 0.2550321 0.8729669 0.4157971
v -0.0781633 0.0042578 0.9085760
vn 0.2550321 0.8729669 0.4157971
v -0.0652224 0.0409630 0.8235760
vn 0.2550321 0.8729669 0.4157971
f 949/949/949 950/950/950 951/951/951
v -0.1510000 0.0255366 0.9085760
vn 0.2517711 0.8752739 0.4129249
v -0.0652224 0.0409630 0.8235760
vn 0.2517711 0.8752739 0.4129249
v -0.1260000 0.0584456 0.8235760
vn 0.2517711 0.8752739 0.4129249
f 952/952/952 953/953/953 954/954/954
v -0.0781633 0.0042578 0.9085760
vn 0.0844659 0.9096612 0.4066719
v -0.0000000 -0.0030000 0.9085760
vn 0.0844659 0.9096612 0.4066719
v -0.0000000 0.0350000 0.8235760
vn 0.0844659 0.9096612 0.4066719
f 955/955/955 956/956/956 957/957/957
v -0.0781633 0.0042578 0.9085760
vn 0.0832155 0.9102023 0.4057178
v -0.0000000 0.0350000 0.8235760
vn 0.0832155 0.9102023 0.4057178
v -0.0652224 0.0409630 0.8235760
vn 0.0832155 0.9102023 0.4057178
f 958/958/958 959/959/959 960/960/960
v -0.0000000 -0.0030000 0.9085760
vn -0.0845001 0.9100299 0.4058389
v 0.0781633 0.0042578 0.9085760
vn -0.0845001 0.9100299 0.4058389
v 0.0652224 0.0409630 0.8235760
vn -0.0845001 0.9100299 0.4058389
f 961/961/961 962/962/962 963/963/963
v -0.0000000 -0.0030000 0.9085760
vn -0.0831751 0.9097603 0.4067162
v 0.0652224 0.0409630 0.8235760
vn -0.0831751 0.9097603 0.4067162
v -0.0000000 0.0350000 0.8235760
vn -0.0831751 0.9097603 0.4067162
f 964/964/964 965/965/965 966/966/966
v 0.0781633 0.0042578 0.9085760
vn -0.2553292 0.8739840 0.4134720
v 0.1510000 0.0255366 0.9085760
vn -0.2553292 0.8739840 0.4134720
v 0.1260000 0.0584456 0.8235760
vn -0.2553292 0.8739840 0.4134720
f 967/967/967 968/968/968 969/969/969
v 0.0781633 0.0042578 0.9085760
vn -0.2514198 0.8740528 0.4157161
v 0.1260000 0.0584456 0.8235760
vn -0.2514198 0.8740528 0.4157161
v 0.0652224 0.0409630 0.8235760
vn -0.2514198 0.8740528 0.4157161
f 970/970/970 971/971/971 972/972/972
v 0.1510000 0.0255366 0.9085760
vn -0.4297608 0.7940971 0.4297853
v 0.2135462 0.0593863 0.9085760
vn -0.4297608 0.7940971 0.4297853
v 0.1781909 0.0862563 0.8235760
vn -0.4297608 0.7940971 0.4297853
f 973/973/973 974/974/974 975/975/975
v 0.1510000 0.0255366 0.9085760
vn -0.4239574 0.7956172 0.4327277
v 0.1781909 0.0862563 0.8235760
vn -0.4239574 0.7956172 0.4327277
v 0.1260000 0.0584456 0.8235760
vn -0.4239574 0.7956172 0.4327277
f 976/976/976 977/977/977 978/978/978
v 0.2135462 0.0593863 0.9085760
vn -0.6030164 0.6560499 0.4538389
v 0.2615397 0.1035000 0.9085760
vn -0.6030164 0.6560499 0.4538389
v 0.2182384 0.1225000 0.8235760
vn -0.6030164 0.6560499 0.4538389
f 979/979/979 980/980/980 981/981/981
v 0.2135462 0.0593863 0.9085760
vn -0.5969209 0.6595683 0.4567878
v 0.2182384 0.1225000 0.8235760
vn -0.5969209 0.6595683 0.4567878
v 0.1781909 0.0862563 0.8235760
vn -0.5969209 0.6595683 0.4567878
f 982/982/982 983/983/983 984/984/984
v 0.2615397 0.1035000 0.9085760
vn -0.7560177 0.4440008 0.4809369
v 0.2917096 0.1548715 0.9085760
vn -0.7560177 0.4440008 0.4809369
v 0.2434133 0.1647067 0.8235760
vn -0.7560177 0.4440008 0.4809369
f 985/985/985 986/986/986 987/987/987
v 0.2615397 0.1035000 0.9085760
vn -0.7518782 0.4484712 0.4832731
v 0.2434133 0.1647067 0.8235760
vn -0.7518782 0.4484712 0.4832731
v 0.2182384 0.1225000 0.8235760
vn -0.7518782 0.4484712 0.4832731
f 988/988/988 989/989/989 990/990/990
v 0.2917096 0.1548715 0.9085760
vn -0.8509905 0.1588476 0.5005823
v 0.3020000 0.2100000 0.9085760
vn -0.8509905 0.1588476 0.5005823
v 0.2520000 0.2100000 0.8235760
vn -0.8509905 0.1588476 0.5005823
f 991/991/991 992/992/992 993/993/993
v 0.2917096 0.1548715 0.9085760
vn -0.8499671 0.1611364 0.5015886
v 0.2520000 0.2100000 0.8235760
vn -0.8499671 0.1611364 0.5015886
v 0.2434133 0.1647067 0.8235760
vn -0.8499671 0.1611364 0.5015886
f 994/994/994 995/995/995 996/996/996
v 0.2520000 0.2100000 0.8235760
vn -0.1482420 -0.0281037 0.9885516
v 0.2434133 0.2552933 0.8235760
vn -0.1482420 -0.0281037 0.9885516
v 0.0695467 0.2226821 0.7965760
vn -0.1482420 -0.0281037 0.9885516
f 997/997/997 998/998/998 999/999/999
v 0.2520000 0.2100000 0.8235760
vn -0.1482792 -0.0286843 0.9885295
v 0.0695467 0.2226821 0.7965760
vn -0.1482792 -0.0286843 0.9885295
v 0.0720000 0.2100000 0.7965760
vn -0.1482792 -0.0286843 0.9885295
f 1000/1000/1000 1001/1001/1001 1002/1002/1002
v 0.2434133 0.2552933 0.8235760
vn -0.1377550 -0.0821664 0.9870524
v 0.2182384 0.2975000 0.8235760
vn -0.1377550 -0.0821664 0.9870524
v 0.0623538 0.2345000 0.7965760
vn -0.1377550 -0.0821664 0.9870524
f 1003/1003/1003 1004/1004/1004 1005/1005/1005
v 0.2434133 0.2552933 0.8235760
vn -0.1375605 -0.0837249 0.9869485
v 0.0623538 0.2345000 0.7965760
vn -0.1375605 -0.0837249 0.9869485
v 0.0695467 0.2226821 0.7965760
vn -0.1375605 -0.0837249 0.9869485
f 1006/1006/1006 1007/1007/1007 1008/1008/1008
v 0.2182384 0.2975000 0.8235760
vn -0.1177579 -0.1301167 0.9844809
v 0.1781909 0.3337437 0.8235760
vn -0.1177579 -0.1301167 0.9844809
v 0.0509117 0.2446482 0.7965760
vn -0.1177579 -0.1301167 0.9844809
f 1009/1009/1009 1010/1010/1010 1011/1011/1011
v 0.2182384 0.2975000 0.8235760
vn -0.1171178 -0.1320505 0.9842997
v 0.0509117 0.2446482 0.7965760
vn -0.1171178 -0.1320505 0.9842997
v 0.0623538 0.2345000 0.7965760
vn -0.1171178 -0.1320505 0.9842997
f 1012/1012/1012 1013/1013/1013 1014/1014/1014
v 0.1781909 0.3337437 0.8235760
vn -0.0899048 -0.1687193 0.9815554
v 0.1260000 0.3615544 0.8235760
vn -0.0899048 -0.1687193 0.9815554
v 0.0360000 0.2524352 0.7965760
vn -0.0899048 -0.1687193 0.9815554
f 1015/1015/1015 1016/1016/1016 1017/1017/1017
v 0.1781909 0.3337437 0.8235760
vn -0.0889476 -0.1703298 0.9813644
v 0.0360000 0.2524352 0.7965760
vn -0.0889476 -0.1703298 0.9813644
v 0.0509117 0.2446482 0.7965760
vn -0.0889476 -0.1703298 0.9813644
f 1018/1018/1018 1019/1019/1019 1020/1020/1020
v 0.1260000 0.3615544 0.8235760
vn -0.0562799 -0.1956552 0.9790565
v 0.0652224 0.3790370 0.8235760
vn -0.0562799 -0.1956552 0.9790565
v 0.0186350 0.2573304 0.7965760
vn -0.0562799 -0.1956552 0.9790565
f 1021/1021/1021 1022/1022/1022 1023/1023/1023
v 0.1260000 0.3615544 0.8235760
vn -0.0554005 -0.1965287 0.9789317
v 0.0186350 0.2573304 0.7965760
vn -0.0554005 -0.1965287 0.9789317
v 0.0360000 0.2524352 0.7965760
vn -0.0554005 -0.1965287 0.9789317
f 1024/1024/1024 1025/1025/1025 1026/1026/1026
v 0.0652224 0.3790370 0.8235760
vn -0.0191527 -0.2094903 0.9776231
v 0.0000000 0.3850000 0.8235760
vn -0.0191527 -0.2094903 0.9776231
v 0.0000000 0.2590000 0.7965760
vn -0.0191527 -0.2094903 0.9776231
f 1027/1027/1027 1028/1028/1028 1029/1029/1029
v 0.0652224 0.3790370 0.8235760
vn -0.0187869 -0.2096814 0.9775892
v 0.0000000 0.2590000 0.7965760
vn -0.0187869 -0.2096814 0.9775892
v 0.0186350 0.2573304 0.7965760
vn -0.0187869 -0.2096814 0.9775892
f 1030/1030/1030 1031/1031/1031 1032/1032/1032
v 0.0000000 0.3850000 0.8235760
vn 0.0191576 -0.2095445 0.9776114
v -0.0652224 0.3790370 0.8235760
vn 0.0191576 -0.2095445 0.9776114
v -0.0186350 0.2573304 0.7965760
vn 0.0191576 -0.2095445 0.9776114
f 1033/1033/1033 1034/1034/1034 1035/1035/1035
v 0.0000000 0.3850000 0.8235760
vn 0.0187699 -0.2094918 0.9776302
v -0.0186350 0.2573304 0.7965760
vn 0.0187699 -0.2094918 0.9776302
v 0.0000000 0.2590000 0.7965760
vn 0.0187699 -0.2094918 0.9776302
f 1036/1036/1036 1037/1037/1037 1038/1038/1038
v -0.0652224 0.3790370 0.8235760
vn 0.0563198 -0.1957940 0.9790265
v -0.1260000 0.3615544 0.8235760
vn 0.0563198 -0.1957940 0.9790265
v -0.0360000 0.2524352 0.7965760
vn 0.0563198 -0.1957940 0.9790265
f 1039/1039/1039 1040/1040/1040 1041/1041/1041
v -0.0652224 0.3790370 0.8235760
vn 0.0552628 -0.1960403 0.9790373
v -0.0360000 0.2524352 0.7965760
vn 0.0552628 -0.1960403 0.9790373
v -0.0186350 0.2573304 0.7965760
vn 0.0552628 -0.1960403 0.9790373
f 1042/1042/1042 1043/1043/1043 1044/1044/1044
v -0.1260000 0.3615544 0.8235760
vn 0.0899925 -0.1688839 0.9815190
v -0.1781909 0.3337437 0.8235760
vn 0.0899925 -0.1688839 0.9815190
v -0.0509117 0.2446482 0.7965760
vn 0.0899925 -0.1688839 0.9815190
f 1045/1045/1045 1046/1046/1046 1047/1047/1047
v -0.1260000 0.3615544 0.8235760
vn 0.0886423 -0.1697452 0.9814934
v -0.0509117 0.2446482 0.7965760
vn 0.0886423 -0.1697452 0.9814934
v -0.0360000 0.2524352 0.7965760
vn 0.0886423 -0.1697452 0.9814934
f 1048/1048/1048 1049/1049/1049 1050/1050/1050
v -0.1781909 0.3337437 0.8235760
vn 0.1178737 -0.1302447 0.9844502
v -0.2182384 0.2975000 0.8235760
vn 0.1178737 -0.1302447 0.9844502
v -0.0623538 0.2345000 0.7965760
vn 0.1178737 -0.1302447 0.9844502
f 1051/1051/1051 1052/1052/1052 1053/1053/1053
v -0.1781909 0.3337437 0.8235760
vn 0.1167105 -0.1315913 0.9844097
v -0.0623538 0.2345000 0.7965760
vn 0.1167105 -0.1315913 0.9844097
v -0.0509117 0.2446482 0.7965760
vn 0.1167105 -0.1315913 0.9844097
f 1054/1054/1054 1055/1055/1055 1056/1056/1056
v -0.2182384 0.2975000 0.8235760
vn 0.1378549 -0.0822260 0.9870334
v -0.2434133 0.2552933 0.8235760
vn 0.1378549 -0.0822260 0.9870334
v -0.0695467 0.2226821 0.7965760
vn 0.1378549 -0.0822260 0.9870334
f 1057/1057/1057 1058/1058/1058 1059/1059/1059
v -0.2182384 0.2975000 0.8235760
vn 0.1372061 -0.0835091 0.9870161
v -0.0695467 0.2226821 0.7965760
vn 0.1372061 -0.0835091 0.9870161
v -0.0623538 0.2345000 0.7965760
vn 0.1372061 -0.0835091 0.9870161
f 1060/1060/1060 1061/1061/1061 1062/1062/1062
v -0.2434133 0.2552933 0.8235760
vn 0.1482816 -0.0281111 0.9885456
v -0.2520000 0.2100000 0.8235760
vn 0.1482816 -0.0281111 0.9885456
v -0.0720000 0.2100000 0.7965760
vn 0.1482816 -0.0281111 0.9885456
f 1063/1063/1063 1064/1064/1064 1065/1065/1065
v -0.2434133 0.2552933 0.8235760
vn 0.1481382 -0.0286570 0.9885514
v -0.0720000 0.2100000 0.7965760
vn 0.1481382 -0.0286570 0.9885514
v -0.0695467 0.2226821 0.7965760
vn 0.1481382 -0.0286570 0.9885514
f 1066/1066/1066 1067/1067/1067 1068/1068/1068
v -0.2520000 0.2100000 0.8235760
vn 0.1482421 0.0281037 0.9885517
v -0.2434133 0.1647067 0.8235760
vn 0.1482421 0.0281037 0.9885517
v -0.0695467 0.1973179 0.7965760
vn 0.1482421 0.0281037 0.9885517
f 1069/1069/1069 1070/1070/1070 1071/1071/1071
v -0.2520000 0.2100000 0.8235760
vn 0.1482791 0.0286843 0.9885294
v -0.0695467 0.1973179 0.7965760
vn 0.1482791 0.0286843 0.9885294
v -0.0720000 0.2100000 0.7965760
vn 0.1482791 0.0286843 0.9885294
f 1072/1072/1072 1073/1073/1073 1074/1074/1074
v -0.2434133 0.1647067 0.8235760
vn 0.1377550 0.0821664 0.9870523
v -0.2182384 0.1225000 0.8235760
vn 0.1377550 0.0821664 0.9870523
v -0.0623538 0.1855000 0.7965760
vn 0.1377550 0.0821664 0.9870523
f 1075/1075/1075 1076/1076/1076 1077/1077/1077
v -0.2434133 0.1647067 0.8235760
vn 0.1375605 0.0837249 0.9869485
v -0.0623538 0.1855000 0.7965760
vn 0.1375605 0.0837249 0.9869485
v -0.0695467 0.1973179 0.7965760
vn 0.1375605 0.0837249 0.9869485
f 1078/1078/1078 1079/1079/1079 1080/1080/1080
v -0.2182384 0.1225000 0.8235760
vn 0.1177579 0.1301167 0.9844809
v -0.1781909 0.0862563 0.8235760
vn 0.1177579 0.1301167 0.9844809
v -0.0509117 0.1753518 0.7965760
vn 0.1177579 0.1301167 0.9844809
f 1081/1081/1081 1082/1082/1082 1083/1083/1083
v -0.2182384 0.1225000 0.8235760
vn 0.1171178 0.1320505 0.9842998
v -0.0509117 0.1753518 0.7965760
vn 0.1171178 0.1320505 0.9842998
v -0.0623538 0.1855000 0.7965760
vn 0.1171178 0.1320505 0.9842998
f 1084/1084/1084 1085/1085/1085 1086/1086/1086
v -0.1781909 0.0862563 0.8235760
vn 0.0899048 0.1687193 0.9815555
v -0.1260000 0.0584456 0.8235760
vn 0.0899048 0.1687193 0.9815555
v -0.0360000 0.1675647 0.7965760
vn 0.0899048 0.1687193 0.9815555
f 1087/1087/1087 1088/1088/1088 1089/1089/1089
v -0.1781909 0.0862563 0.8235760
vn 0.0889477 0.1703296 0.9813644
v -0.0360000 0.1675647 0.7965760
vn 0.0889477 0.1703296 0.9813644
v -0.0509117 0.1753518 0.7965760
vn 0.0889477 0.1703296 0.9813644
f 1090/1090/1090 1091/1091/1091 1092/1092/1092
v -0.1260000 0.0584456 0.8235760
vn 0.0562799 0.1956552 0.9790564
v -0.0652224 0.0409630 0.8235760
vn 0.0562799 0.1956552 0.9790564
v -0.0186350 0.1626696 0.7965760
vn 0.0562799 0.1956552 0.9790564
f 1093/1093/1093 1094/1094/1094 1095/1095/1095
v -0.1260000 0.0584456 0.8235760
vn 0.0554005 0.1965288 0.9789317
v -0.0186350 0.1626696 0.7965760
vn 0.0554005 0.1965288 0.9789317
v -0.0360000 0.1675647 0.7965760
vn 0.0554005 0.1965288 0.9789317
f 1096/1096/1096 1097/1097/1097 1098/1098/1098
v -0.0652224 0.0409630 0.8235760
vn 0.0191527 0.2094903 0.9776231
v -0.0000000 0.0350000 0.8235760
vn 0.0191527 0.2094903 0.9776231
v -0.0000000 0.1610000 0.7965760
vn 0.0191527 0.2094903 0.9776231
f 1099/1099/1099 1100/1100/1100 1101/1101/1101
v -0.0652224 0.0409630 0.8235760
vn 0.0187868 0.2096815 0.9775892
v -0.0000000 0.1610000 0.7965760
vn 0.0187868 0.2096815 0.9775892
v -0.0186350 0.1626696 0.7965760
vn 0.0187868 0.2096815 0.9775892
f 1102/1102/1102 1103/1103/1103 1104/1104/1104
v -0.0000000 0.0350000 0.8235760
vn -0.0191577 0.2095445 0.9776114
v 0.0652224 0.0409630 0.8235760
vn -0.0191577 0.2095445 0.9776114
v 0.0186350 0.1626696 0.7965760
vn -0.0191577 0.2095445 0.9776114
f 1105/1105/1105 1106/1106/1106 1107/1107/1107
v -0.0000000 0.0350000 0.8235760
vn -0.0187698 0.2094918 0.9776303
v 0.0186350 0.1626696 0.7965760
vn -0.0187698 0.2094918 0.9776303
v -0.0000000 0.1610000 0.7965760
vn -0.0187698 0.2094918 0.9776303
f 1108/1108/1108 1109/1109/1109 1110/1110/1110
v 0.0652224 0.0409630 0.8235760
vn -0.0563198 0.1957940 0.9790266
v 0.1260000 0.0584456 0.8235760
vn -0.0563198 0.1957940 0.9790266
v 0.0360000 0.1675647 0.7965760
vn -0.0563198 0.1957940 0.9790266
f 1111/1111/1111 1112/1112/1112 1113/1113/1113
v 0.0652224 0.0409630 0.8235760
vn -0.0552628 0.1960403 0.9790373
v 0.0360000 0.1675647 0.7965760
vn -0.0552628 0.1960403 0.9790373
v 0.0186350 0.1626696 0.7965760
vn -0.0552628 0.1960403 0.9790373
f 1114/1114/1114 1115/1115/1115 1116/1116/1116
v 0.1260000 0.0584456 0.8235760
vn -0.0899925 0.1688839 0.9815190
v 0.1781909 0.0862563 0.8235760
vn -0.0899925 0.1688839 0.9815190
v 0.0509117 0.1753518 0.7965760
vn -0.0899925 0.1688839 0.9815190
f 1117/1117/1117 1118/1118/1118 1119/1119/1119
v 0.1260000 0.0584456 0.8235760
vn -0.0886424 0.1697451 0.9814933
v 0.0509117 0.1753518 0.7965760
vn -0.0886424 0.1697451 0.9814933
v 0.0360000 0.1675647 0.7965760
vn -0.0886424 0.1697451 0.9814933
f 1120/1120/1120 1121/1121/1121 1122/1122/1122
v 0.1781909 0.0862563 0.8235760
vn -0.1178737 0.1302447 0.9844502
v 0.2182384 0.1225000 0.8235760
vn -0.1178737 0.1302447 0.9844502
v 0.0623538 0.1855000 0.7965760
vn -0.1178737 0.1302447 0.9844502
f 1123/1123/1123 1124/1124/1124 1125/1125/1125
v 0.1781909 0.0862563 0.8235760
vn -0.1167105 0.1315913 0.9844097
v 0.0623538 0.1855000 0.7965760
vn -0.1167105 0.1315913 0.9844097
v 0.0509117 0.1753518 0.7965760
vn -0.1167105 0.1315913 0.9844097
f 1126/1126/1126 1127/1127/1127 1128/1128/1128
v 0.2182384 0.1225000 0.8235760
vn -0.1378549 0.0822260 0.9870334
v 0.2434133 0.1647067 0.8235760
vn -0.1378549 0.0822260 0.9870334
v 0.0695467 0.1973179 0.7965760
vn -0.1378549 0.0822260 0.9870334
f 1129/1129/1129 1130/1130/1130 1131/1131/1131
v 0.2182384 0.1225000 0.8235760
vn -0.1372061 0.0835091 0.9870160
v 0.0695467 0.1973179 0.7965760
vn -0.1372061 0.0835091 0.9870160
v 0.0623538 0.1855000 0.7965760
vn -0.1372061 0.0835091 0.9870160
f 1132/1132/1132 1133/1133/1133 1134/1134/1134
v 0.2434133 0.1647067 0.8235760
vn -0.1482816 0.0281112 0.9885455
v 0.2520000 0.2100000 0.8235760
vn -0.1482816 0.0281112 0.9885455
v 0.0720000 0.2100000 0.7965760
vn -0.1482816 0.0281112 0.9885455
f 1135/1135/1135 1136/1136/1136 1137/1137/1137
v 0.2434133 0.1647067 0.8235760
vn -0.1481382 0.0286571 0.9885514
v 0.0720000 0.2100000 0.7965760
vn -0.1481382 0.0286571 0.9885514
v 0.0695467 0.1973179 0.7965760
vn -0.1481382 0.0286571 0.9885514
f 1138/1138/1138 1139/1139/1139 1140/1140/1140
o pz_sink_white_hanging_|_closed_curved_underside
usemtl UV_Base
v 0.0550000 0.2700000 0.7235760
vn 0.0000000 0.0000000 -1.0000000
v 0.0523081 0.2545491 0.7235760
vn 0.0000000 0.0000000 -1.0000000
v 0.0444959 0.2406107 0.7235760
vn 0.0000000 0.0000000 -1.0000000
f 1141/1141/1141 1142/1142/1142 1143/1143/1143
v 0.0444959 0.2406107 0.7235760
vn 0.0000000 0.0000000 -1.0000000
v 0.0323282 0.2295492 0.7235760
vn 0.0000000 0.0000000 -1.0000000
v 0.0169959 0.2224472 0.7235760
vn 0.0000000 0.0000000 -1.0000000
f 1144/1144/1144 1145/1145/1145 1146/1146/1146
v 0.0169959 0.2224472 0.7235760
vn 0.0000000 0.0000000 -1.0000000
v -0.0000000 0.2200000 0.7235760
vn 0.0000000 0.0000000 -1.0000000
v -0.0169959 0.2224472 0.7235760
vn 0.0000000 0.0000000 -1.0000000
f 1147/1147/1147 1148/1148/1148 1149/1149/1149
v -0.0169959 0.2224472 0.7235760
vn 0.0000000 0.0000000 -1.0000000
v -0.0323282 0.2295492 0.7235760
vn 0.0000000 0.0000000 -1.0000000
v -0.0444959 0.2406107 0.7235760
vn 0.0000000 0.0000000 -1.0000000
f 1150/1150/1150 1151/1151/1151 1152/1152/1152
v -0.0444959 0.2406107 0.7235760
vn 0.0000000 0.0000000 -1.0000000
v -0.0523081 0.2545491 0.7235760
vn 0.0000000 0.0000000 -1.0000000
v -0.0550000 0.2700000 0.7235760
vn 0.0000000 0.0000000 -1.0000000
f 1153/1153/1153 1154/1154/1154 1155/1155/1155
v -0.0550000 0.2700000 0.7235760
vn 0.0000000 0.0000000 -1.0000000
v -0.0523081 0.2854508 0.7235760
vn 0.0000000 0.0000000 -1.0000000
v -0.0444959 0.2993893 0.7235760
vn 0.0000000 0.0000000 -1.0000000
f 1156/1156/1156 1157/1157/1157 1158/1158/1158
v -0.0444959 0.2993893 0.7235760
vn 0.0000000 0.0000000 -1.0000000
v -0.0323282 0.3104509 0.7235760
vn 0.0000000 0.0000000 -1.0000000
v -0.0169959 0.3175528 0.7235760
vn 0.0000000 0.0000000 -1.0000000
f 1159/1159/1159 1160/1160/1160 1161/1161/1161
v -0.0169959 0.3175528 0.7235760
vn -0.0000000 0.0000000 -1.0000000
v 0.0000000 0.3200000 0.7235760
vn -0.0000000 0.0000000 -1.0000000
v 0.0169959 0.3175528 0.7235760
vn -0.0000000 0.0000000 -1.0000000
f 1162/1162/1162 1163/1163/1163 1164/1164/1164
v 0.0169959 0.3175528 0.7235760
vn 0.0000000 0.0000000 -1.0000000
v 0.0323282 0.3104509 0.7235760
vn 0.0000000 0.0000000 -1.0000000
v 0.0444959 0.2993893 0.7235760
vn 0.0000000 0.0000000 -1.0000000
f 1165/1165/1165 1166/1166/1166 1167/1167/1167
v 0.0444959 0.2993893 0.7235760
vn 0.0000000 0.0000000 -1.0000000
v 0.0523081 0.2854508 0.7235760
vn 0.0000000 0.0000000 -1.0000000
v 0.0550000 0.2700000 0.7235760
vn 0.0000000 0.0000000 -1.0000000
f 1168/1168/1168 1169/1169/1169 1170/1170/1170
v 0.0550000 0.2700000 0.7235760
vn 0.0000000 0.0000000 -1.0000000
v 0.0444959 0.2406107 0.7235760
vn 0.0000000 0.0000000 -1.0000000
v 0.0169959 0.2224472 0.7235760
vn 0.0000000 0.0000000 -1.0000000
f 1171/1171/1171 1172/1172/1172 1173/1173/1173
v 0.0169959 0.2224472 0.7235760
vn 0.0000000 0.0000000 -1.0000000
v -0.0169959 0.2224472 0.7235760
vn 0.0000000 0.0000000 -1.0000000
v -0.0444959 0.2406107 0.7235760
vn 0.0000000 0.0000000 -1.0000000
f 1174/1174/1174 1175/1175/1175 1176/1176/1176
v -0.0444959 0.2406107 0.7235760
vn 0.0000000 -0.0000000 -1.0000000
v -0.0550000 0.2700000 0.7235760
vn 0.0000000 -0.0000000 -1.0000000
v -0.0444959 0.2993893 0.7235760
vn 0.0000000 -0.0000000 -1.0000000
f 1177/1177/1177 1178/1178/1178 1179/1179/1179
v -0.0444959 0.2993893 0.7235760
vn -0.0000000 0.0000000 -1.0000000
v -0.0169959 0.3175528 0.7235760
vn -0.0000000 0.0000000 -1.0000000
v 0.0169959 0.3175528 0.7235760
vn -0.0000000 0.0000000 -1.0000000
f 1180/1180/1180 1181/1181/1181 1182/1182/1182
v 0.0169959 0.3175528 0.7235760
vn 0.0000000 0.0000000 -1.0000000
v 0.0444959 0.2993893 0.7235760
vn 0.0000000 0.0000000 -1.0000000
v 0.0550000 0.2700000 0.7235760
vn 0.0000000 0.0000000 -1.0000000
f 1183/1183/1183 1184/1184/1184 1185/1185/1185
v 0.0550000 0.2700000 0.7235760
vn 0.0000000 0.0000000 -1.0000000
v 0.0169959 0.2224472 0.7235760
vn 0.0000000 0.0000000 -1.0000000
v -0.0444959 0.2406107 0.7235760
vn 0.0000000 0.0000000 -1.0000000
f 1186/1186/1186 1187/1187/1187 1188/1188/1188
v -0.0444959 0.2406107 0.7235760
vn 0.0000000 -0.0000000 -0.9999999
v -0.0444959 0.2993893 0.7235760
vn 0.0000000 -0.0000000 -0.9999999
v 0.0169959 0.3175528 0.7235760
vn 0.0000000 -0.0000000 -0.9999999
f 1189/1189/1189 1190/1190/1190 1191/1191/1191
v -0.0444959 0.2406107 0.7235760
vn -0.0000000 0.0000000 -1.0000000
v 0.0169959 0.3175528 0.7235760
vn -0.0000000 0.0000000 -1.0000000
v 0.0550000 0.2700000 0.7235760
vn -0.0000000 0.0000000 -1.0000000
f 1192/1192/1192 1193/1193/1193 1194/1194/1194
v 0.1807007 0.2267376 0.7735760
vn 0.0000000 0.0000000 1.0000000
v 0.1900000 0.2700000 0.7735760
vn 0.0000000 0.0000000 1.0000000
v 0.1807007 0.3132624 0.7735760
vn 0.0000000 0.0000000 1.0000000
f 1195/1195/1195 1196/1196/1196 1197/1197/1197
v 0.1807007 0.3132624 0.7735760
vn 0.0000000 0.0000000 1.0000000
v 0.1537132 0.3522899 0.7735760
vn 0.0000000 0.0000000 1.0000000
v 0.1116792 0.3832624 0.7735760
vn 0.0000000 0.0000000 1.0000000
f 1198/1198/1198 1199/1199/1199 1200/1200/1200
v 0.1116792 0.3832624 0.7735760
vn 0.0000000 0.0000000 1.0000000
v 0.0587132 0.4031479 0.7735760
vn 0.0000000 0.0000000 1.0000000
v 0.0000000 0.4100000 0.7735760
vn 0.0000000 0.0000000 1.0000000
f 1201/1201/1201 1202/1202/1202 1203/1203/1203
v 0.0000000 0.4100000 0.7735760
vn 0.0000000 0.0000000 1.0000000
v -0.0587132 0.4031479 0.7735760
vn 0.0000000 0.0000000 1.0000000
v -0.1116792 0.3832624 0.7735760
vn 0.0000000 0.0000000 1.0000000
f 1204/1204/1204 1205/1205/1205 1206/1206/1206
v -0.1116792 0.3832624 0.7735760
vn 0.0000000 0.0000000 1.0000000
v -0.1537132 0.3522899 0.7735760
vn 0.0000000 0.0000000 1.0000000
v -0.1807007 0.3132624 0.7735760
vn 0.0000000 0.0000000 1.0000000
f 1207/1207/1207 1208/1208/1208 1209/1209/1209
v -0.1807007 0.3132624 0.7735760
vn 0.0000000 -0.0000000 1.0000000
v -0.1900000 0.2700000 0.7735760
vn 0.0000000 -0.0000000 1.0000000
v -0.1807007 0.2267376 0.7735760
vn 0.0000000 -0.0000000 1.0000000
f 1210/1210/1210 1211/1211/1211 1212/1212/1212
v -0.1807007 0.2267376 0.7735760
vn 0.0000000 0.0000000 1.0000000
v -0.1537132 0.1877101 0.7735760
vn 0.0000000 0.0000000 1.0000000
v -0.1116792 0.1567376 0.7735760
vn 0.0000000 0.0000000 1.0000000
f 1213/1213/1213 1214/1214/1214 1215/1215/1215
v -0.1116792 0.1567376 0.7735760
vn 0.0000000 0.0000000 1.0000000
v -0.0587132 0.1368521 0.7735760
vn 0.0000000 0.0000000 1.0000000
v -0.0000000 0.1300000 0.7735760
vn 0.0000000 0.0000000 1.0000000
f 1216/1216/1216 1217/1217/1217 1218/1218/1218
v -0.0000000 0.1300000 0.7735760
vn 0.0000000 0.0000000 1.0000000
v 0.0587132 0.1368521 0.7735760
vn 0.0000000 0.0000000 1.0000000
v 0.1116792 0.1567376 0.7735760
vn 0.0000000 0.0000000 1.0000000
f 1219/1219/1219 1220/1220/1220 1221/1221/1221
v 0.1116792 0.1567376 0.7735760
vn 0.0000000 0.0000000 1.0000000
v 0.1537132 0.1877101 0.7735760
vn 0.0000000 0.0000000 1.0000000
v 0.1807007 0.2267376 0.7735760
vn 0.0000000 0.0000000 1.0000000
f 1222/1222/1222 1223/1223/1223 1224/1224/1224
v 0.1807007 0.2267376 0.7735760
vn 0.0000000 0.0000000 1.0000000
v 0.1807007 0.3132624 0.7735760
vn 0.0000000 0.0000000 1.0000000
v 0.1116792 0.3832624 0.7735760
vn 0.0000000 0.0000000 1.0000000
f 1225/1225/1225 1226/1226/1226 1227/1227/1227
v 0.1116792 0.3832624 0.7735760
vn -0.0000000 0.0000000 0.9999999
v 0.0000000 0.4100000 0.7735760
vn -0.0000000 0.0000000 0.9999999
v -0.1116792 0.3832624 0.7735760
vn -0.0000000 0.0000000 0.9999999
f 1228/1228/1228 1229/1229/1229 1230/1230/1230
v -0.1116792 0.3832624 0.7735760
vn 0.0000000 0.0000000 1.0000000
v -0.1807007 0.3132624 0.7735760
vn 0.0000000 0.0000000 1.0000000
v -0.1807007 0.2267376 0.7735760
vn 0.0000000 0.0000000 1.0000000
f 1231/1231/1231 1232/1232/1232 1233/1233/1233
v -0.1807007 0.2267376 0.7735760
vn 0.0000000 0.0000000 0.9999999
v -0.1116792 0.1567376 0.7735760
vn 0.0000000 0.0000000 0.9999999
v -0.0000000 0.1300000 0.7735760
vn 0.0000000 0.0000000 0.9999999
f 1234/1234/1234 1235/1235/1235 1236/1236/1236
v -0.0000000 0.1300000 0.7735760
vn 0.0000000 0.0000000 0.9999999
v 0.1116792 0.1567376 0.7735760
vn 0.0000000 0.0000000 0.9999999
v 0.1807007 0.2267376 0.7735760
vn 0.0000000 0.0000000 0.9999999
f 1237/1237/1237 1238/1238/1238 1239/1239/1239
v 0.1807007 0.2267376 0.7735760
vn -0.0000000 0.0000000 1.0000000
v 0.1116792 0.3832624 0.7735760
vn -0.0000000 0.0000000 1.0000000
v -0.1116792 0.3832624 0.7735760
vn -0.0000000 0.0000000 1.0000000
f 1240/1240/1240 1241/1241/1241 1242/1242/1242
v -0.1116792 0.3832624 0.7735760
vn 0.0000000 -0.0000000 1.0000000
v -0.1807007 0.2267376 0.7735760
vn 0.0000000 -0.0000000 1.0000000
v -0.0000000 0.1300000 0.7735760
vn 0.0000000 -0.0000000 1.0000000
f 1243/1243/1243 1244/1244/1244 1245/1245/1245
v -0.1116792 0.3832624 0.7735760
vn 0.0000000 0.0000000 1.0000000
v -0.0000000 0.1300000 0.7735760
vn 0.0000000 0.0000000 1.0000000
v 0.1807007 0.2267376 0.7735760
vn 0.0000000 0.0000000 1.0000000
f 1246/1246/1246 1247/1247/1247 1248/1248/1248
v 0.0550000 0.2700000 0.7235760
vn 0.5687696 0.0990928 -0.8165057
v 0.0523081 0.2854508 0.7235760
vn 0.5687696 0.0990928 -0.8165057
v 0.0998609 0.3009017 0.7585760
vn 0.5687696 0.0990928 -0.8165057
f 1249/1249/1249 1250/1250/1250 1251/1251/1251
v 0.0550000 0.2700000 0.7235760
vn 0.5708718 0.0949380 -0.8155318
v 0.0998609 0.3009017 0.7585760
vn 0.5708718 0.0949380 -0.8155318
v 0.1050000 0.2700000 0.7585760
vn 0.5708718 0.0949380 -0.8155318
f 1252/1252/1252 1253/1253/1253 1254/1254/1254
v 0.0523081 0.2854508 0.7235760
vn 0.5025690 0.2816785 -0.8173625
v 0.0444959 0.2993893 0.7235760
vn 0.5025690 0.2816785 -0.8173625
v 0.0849468 0.3287785 0.7585760
vn 0.5025690 0.2816785 -0.8173625
f 1255/1255/1255 1256/1256/1256 1257/1257/1257
v 0.0523081 0.2854508 0.7235760
vn 0.5109950 0.2733833 -0.8149513
v 0.0849468 0.3287785 0.7585760
vn 0.5109950 0.2733833 -0.8149513
v 0.0998609 0.3009017 0.7585760
vn 0.5109950 0.2733833 -0.8149513
f 1258/1258/1258 1259/1259/1259 1260/1260/1260
v 0.0444959 0.2993893 0.7235760
vn 0.3873073 0.4260384 -0.8176090
v 0.0323282 0.3104509 0.7235760
vn 0.3873073 0.4260384 -0.8176090
v 0.0617175 0.3509017 0.7585760
vn 0.3873073 0.4260384 -0.8176090
f 1261/1261/1261 1262/1262/1262 1263/1263/1263
v 0.0444959 0.2993893 0.7235760
vn 0.3998856 0.4198802 -0.8147345
v 0.0617175 0.3509017 0.7585760
vn 0.3998856 0.4198802 -0.8147345
v 0.0849468 0.3287785 0.7585760
vn 0.3998856 0.4198802 -0.8147345
f 1264/1264/1264 1265/1265/1265 1266/1266/1266
v 0.0323282 0.3104509 0.7235760
vn 0.2421890 0.5228544 -0.8172930
v 0.0169959 0.3175528 0.7235760
vn 0.2421890 0.5228544 -0.8172930
v 0.0324468 0.3651057 0.7585760
vn 0.2421890 0.5228544 -0.8172930
f 1267/1267/1267 1268/1268/1268 1269/1269/1269
v 0.0323282 0.3104509 0.7235760
vn 0.2529913 0.5213491 -0.8149790
v 0.0324468 0.3651057 0.7585760
vn 0.2529913 0.5213491 -0.8149790
v 0.0617175 0.3509017 0.7585760
vn 0.2529913 0.5213491 -0.8149790
f 1270/1270/1270 1271/1271/1271 1272/1272/1272
v 0.0169959 0.3175528 0.7235760
vn 0.0822898 0.5715169 -0.8164538
v 0.0000000 0.3200000 0.7235760
vn 0.0822898 0.5715169 -0.8164538
v 0.0000000 0.3700000 0.7585760
vn 0.0822898 0.5715169 -0.8164538
f 1273/1273/1273 1274/1274/1274 1275/1275/1275
v 0.0169959 0.3175528 0.7235760
vn 0.0863144 0.5722165 -0.8155477
v 0.0000000 0.3700000 0.7585760
vn 0.0863144 0.5722165 -0.8155477
v 0.0324468 0.3651057 0.7585760
vn 0.0863144 0.5722165 -0.8155477
f 1276/1276/1276 1277/1277/1277 1278/1278/1278
v 0.0000000 0.3200000 0.7235760
vn -0.0825345 0.5732160 -0.8152370
v -0.0169959 0.3175528 0.7235760
vn -0.0825345 0.5732160 -0.8152370
v -0.0324468 0.3651057 0.7585760
vn -0.0825345 0.5732160 -0.8152370
f 1279/1279/1279 1280/1280/1280 1281/1281/1281
v 0.0000000 0.3200000 0.7235760
vn -0.0861805 0.5713283 -0.8161843
v -0.0324468 0.3651057 0.7585760
vn -0.0861805 0.5713283 -0.8161843
v 0.0000000 0.3700000 0.7585760
vn -0.0861805 0.5713283 -0.8161843
f 1282/1282/1282 1283/1283/1283 1284/1284/1284
v -0.0169959 0.3175528 0.7235760
vn -0.2441094 0.5270004 -0.8140523
v -0.0323282 0.3104509 0.7235760
vn -0.2441094 0.5270004 -0.8140523
v -0.0617175 0.3509017 0.7585760
vn -0.2441094 0.5270004 -0.8140523
f 1285/1285/1285 1286/1286/1286 1287/1287/1287
v -0.0169959 0.3175528 0.7235760
vn -0.2519558 0.5192152 -0.8166601
v -0.0617175 0.3509017 0.7585760
vn -0.2519558 0.5192152 -0.8166601
v -0.0324468 0.3651057 0.7585760
vn -0.2519558 0.5192152 -0.8166601
f 1288/1288/1288 1289/1289/1289 1290/1290/1290
v -0.0323282 0.3104509 0.7235760
vn -0.3912128 0.4303344 -0.8134893
v -0.0444959 0.2993893 0.7235760
vn -0.3912128 0.4303344 -0.8134893
v -0.0849468 0.3287785 0.7585760
vn -0.3912128 0.4303344 -0.8134893
f 1291/1291/1291 1292/1292/1292 1293/1293/1293
v -0.0323282 0.3104509 0.7235760
vn -0.3978347 0.4177267 -0.8168426
v -0.0849468 0.3287785 0.7585760
vn -0.3978347 0.4177267 -0.8168426
v -0.0617175 0.3509017 0.7585760
vn -0.3978347 0.4177267 -0.8168426
f 1294/1294/1294 1295/1295/1295 1296/1296/1296
v -0.0444959 0.2993893 0.7235760
vn -0.5067843 0.2840411 -0.8139352
v -0.0523081 0.2854508 0.7235760
vn -0.5067843 0.2840411 -0.8139352
v -0.0998609 0.3009017 0.7585760
vn -0.5067843 0.2840411 -0.8139352
f 1297/1297/1297 1298/1298/1298 1299/1299/1299
v -0.0444959 0.2993893 0.7235760
vn -0.5088430 0.2722320 -0.8166815
v -0.0998609 0.3009017 0.7585760
vn -0.5088430 0.2722320 -0.8166815
v -0.0849468 0.3287785 0.7585760
vn -0.5088430 0.2722320 -0.8166815
f 1300/1300/1300 1301/1301/1301 1302/1302/1302
v -0.0523081 0.2854508 0.7235760
vn -0.5706211 0.0994153 -0.8151737
v -0.0550000 0.2700000 0.7235760
vn -0.5706211 0.0994153 -0.8151737
v -0.1050000 0.2700000 0.7585760
vn -0.5706211 0.0994153 -0.8151737
f 1303/1303/1303 1304/1304/1304 1305/1305/1305
v -0.0523081 0.2854508 0.7235760
vn -0.5699437 0.0947836 -0.8161986
v -0.1050000 0.2700000 0.7585760
vn -0.5699437 0.0947836 -0.8161986
v -0.0998609 0.3009017 0.7585760
vn -0.5699437 0.0947836 -0.8161986
f 1306/1306/1306 1307/1307/1307 1308/1308/1308
v -0.0550000 0.2700000 0.7235760
vn -0.5687698 -0.0990926 -0.8165057
v -0.0523081 0.2545491 0.7235760
vn -0.5687698 -0.0990926 -0.8165057
v -0.0998609 0.2390983 0.7585760
vn -0.5687698 -0.0990926 -0.8165057
f 1309/1309/1309 1310/1310/1310 1311/1311/1311
v -0.0550000 0.2700000 0.7235760
vn -0.5708718 -0.0949379 -0.8155318
v -0.0998609 0.2390983 0.7585760
vn -0.5708718 -0.0949379 -0.8155318
v -0.1050000 0.2700000 0.7585760
vn -0.5708718 -0.0949379 -0.8155318
f 1312/1312/1312 1313/1313/1313 1314/1314/1314
v -0.0523081 0.2545491 0.7235760
vn -0.5025688 -0.2816787 -0.8173627
v -0.0444959 0.2406107 0.7235760
vn -0.5025688 -0.2816787 -0.8173627
v -0.0849468 0.2112215 0.7585760
vn -0.5025688 -0.2816787 -0.8173627
f 1315/1315/1315 1316/1316/1316 1317/1317/1317
v -0.0523081 0.2545491 0.7235760
vn -0.5109951 -0.2733834 -0.8149513
v -0.0849468 0.2112215 0.7585760
vn -0.5109951 -0.2733834 -0.8149513
v -0.0998609 0.2390983 0.7585760
vn -0.5109951 -0.2733834 -0.8149513
f 1318/1318/1318 1319/1319/1319 1320/1320/1320
v -0.0444959 0.2406107 0.7235760
vn -0.3873072 -0.4260384 -0.8176091
v -0.0323282 0.2295492 0.7235760
vn -0.3873072 -0.4260384 -0.8176091
v -0.0617175 0.1890983 0.7585760
vn -0.3873072 -0.4260384 -0.8176091
f 1321/1321/1321 1322/1322/1322 1323/1323/1323
v -0.0444959 0.2406107 0.7235760
vn -0.3998857 -0.4198800 -0.8147345
v -0.0617175 0.1890983 0.7585760
vn -0.3998857 -0.4198800 -0.8147345
v -0.0849468 0.2112215 0.7585760
vn -0.3998857 -0.4198800 -0.8147345
f 1324/1324/1324 1325/1325/1325 1326/1326/1326
v -0.0323282 0.2295492 0.7235760
vn -0.2421890 -0.5228544 -0.8172930
v -0.0169959 0.2224472 0.7235760
vn -0.2421890 -0.5228544 -0.8172930
v -0.0324468 0.1748943 0.7585760
vn -0.2421890 -0.5228544 -0.8172930
f 1327/1327/1327 1328/1328/1328 1329/1329/1329
v -0.0323282 0.2295492 0.7235760
vn -0.2529910 -0.5213491 -0.8149790
v -0.0324468 0.1748943 0.7585760
vn -0.2529910 -0.5213491 -0.8149790
v -0.0617175 0.1890983 0.7585760
vn -0.2529910 -0.5213491 -0.8149790
f 1330/1330/1330 1331/1331/1331 1332/1332/1332
v -0.0169959 0.2224472 0.7235760
vn -0.0822903 -0.5715171 -0.8164536
v -0.0000000 0.2200000 0.7235760
vn -0.0822903 -0.5715171 -0.8164536
v -0.0000000 0.1700000 0.7585760
vn -0.0822903 -0.5715171 -0.8164536
f 1333/1333/1333 1334/1334/1334 1335/1335/1335
v -0.0169959 0.2224472 0.7235760
vn -0.0863144 -0.5722165 -0.8155477
v -0.0000000 0.1700000 0.7585760
vn -0.0863144 -0.5722165 -0.8155477
v -0.0324468 0.1748943 0.7585760
vn -0.0863144 -0.5722165 -0.8155477
f 1336/1336/1336 1337/1337/1337 1338/1338/1338
v -0.0000000 0.2200000 0.7235760
vn 0.0825349 -0.5732160 -0.8152371
v 0.0169959 0.2224472 0.7235760
vn 0.0825349 -0.5732160 -0.8152371
v 0.0324468 0.1748943 0.7585760
vn 0.0825349 -0.5732160 -0.8152371
f 1339/1339/1339 1340/1340/1340 1341/1341/1341
v -0.0000000 0.2200000 0.7235760
vn 0.0861805 -0.5713285 -0.8161843
v 0.0324468 0.1748943 0.7585760
vn 0.0861805 -0.5713285 -0.8161843
v -0.0000000 0.1700000 0.7585760
vn 0.0861805 -0.5713285 -0.8161843
f 1342/1342/1342 1343/1343/1343 1344/1344/1344
v 0.0169959 0.2224472 0.7235760
vn 0.2441094 -0.5270003 -0.8140525
v 0.0323282 0.2295492 0.7235760
vn 0.2441094 -0.5270003 -0.8140525
v 0.0617175 0.1890983 0.7585760
vn 0.2441094 -0.5270003 -0.8140525
f 1345/1345/1345 1346/1346/1346 1347/1347/1347
v 0.0169959 0.2224472 0.7235760
vn 0.2519556 -0.5192153 -0.8166602
v 0.0617175 0.1890983 0.7585760
vn 0.2519556 -0.5192153 -0.8166602
v 0.0324468 0.1748943 0.7585760
vn 0.2519556 -0.5192153 -0.8166602
f 1348/1348/1348 1349/1349/1349 1350/1350/1350
v 0.0323282 0.2295492 0.7235760
vn 0.3912128 -0.4303344 -0.8134893
v 0.0444959 0.2406107 0.7235760
vn 0.3912128 -0.4303344 -0.8134893
v 0.0849468 0.2112215 0.7585760
vn 0.3912128 -0.4303344 -0.8134893
f 1351/1351/1351 1352/1352/1352 1353/1353/1353
v 0.0323282 0.2295492 0.7235760
vn 0.3978348 -0.4177265 -0.8168427
v 0.0849468 0.2112215 0.7585760
vn 0.3978348 -0.4177265 -0.8168427
v 0.0617175 0.1890983 0.7585760
vn 0.3978348 -0.4177265 -0.8168427
f 1354/1354/1354 1355/1355/1355 1356/1356/1356
v 0.0444959 0.2406107 0.7235760
vn 0.5067841 -0.2840413 -0.8139350
v 0.0523081 0.2545491 0.7235760
vn 0.5067841 -0.2840413 -0.8139350
v 0.0998609 0.2390983 0.7585760
vn 0.5067841 -0.2840413 -0.8139350
f 1357/1357/1357 1358/1358/1358 1359/1359/1359
v 0.0444959 0.2406107 0.7235760
vn 0.5088430 -0.2722320 -0.8166815
v 0.0998609 0.2390983 0.7585760
vn 0.5088430 -0.2722320 -0.8166815
v 0.0849468 0.2112215 0.7585760
vn 0.5088430 -0.2722320 -0.8166815
f 1360/1360/1360 1361/1361/1361 1362/1362/1362
v 0.0523081 0.2545491 0.7235760
vn 0.5706211 -0.0994151 -0.8151737
v 0.0550000 0.2700000 0.7235760
vn 0.5706211 -0.0994151 -0.8151737
v 0.1050000 0.2700000 0.7585760
vn 0.5706211 -0.0994151 -0.8151737
f 1363/1363/1363 1364/1364/1364 1365/1365/1365
v 0.0523081 0.2545491 0.7235760
vn 0.5699438 -0.0947836 -0.8161986
v 0.1050000 0.2700000 0.7585760
vn 0.5699438 -0.0947836 -0.8161986
v 0.0998609 0.2390983 0.7585760
vn 0.5699438 -0.0947836 -0.8161986
f 1366/1366/1366 1367/1367/1367 1368/1368/1368
v 0.1050000 0.2700000 0.7585760
vn 0.1779817 0.0295990 -0.9835886
v 0.0998609 0.3009017 0.7585760
vn 0.1779817 0.0295990 -0.9835886
v 0.1807007 0.3132624 0.7735760
vn 0.1779817 0.0295990 -0.9835886
f 1369/1369/1369 1370/1370/1370 1371/1371/1371
v 0.1050000 0.2700000 0.7585760
vn 0.1736647 0.0373293 -0.9840970
v 0.1807007 0.3132624 0.7735760
vn 0.1736647 0.0373293 -0.9840970
v 0.1900000 0.2700000 0.7735760
vn 0.1736647 0.0373293 -0.9840970
f 1372/1372/1372 1373/1373/1373 1374/1374/1374
v 0.0998609 0.3009017 0.7585760
vn 0.1804953 0.0965653 -0.9788240
v 0.0849468 0.3287785 0.7585760
vn 0.1804953 0.0965653 -0.9788240
v 0.1537132 0.3522899 0.7735760
vn 0.1804953 0.0965653 -0.9788240
f 1375/1375/1375 1376/1376/1376 1377/1377/1377
v 0.0998609 0.3009017 0.7585760
vn 0.1644226 0.1136980 -0.9798153
v 0.1537132 0.3522899 0.7735760
vn 0.1644226 0.1136980 -0.9798153
v 0.1807007 0.3132624 0.7735760
vn 0.1644226 0.1136980 -0.9798153
f 1378/1378/1378 1379/1379/1379 1380/1380/1380
v 0.0849468 0.3287785 0.7585760
vn 0.1729859 0.1816353 -0.9680313
v 0.0617175 0.3509017 0.7585760
vn 0.1729859 0.1816353 -0.9680313
v 0.1116792 0.3832624 0.7735760
vn 0.1729859 0.1816353 -0.9680313
f 1381/1381/1381 1382/1382/1382 1383/1383/1383
v 0.0849468 0.3287785 0.7585760
vn 0.1445065 0.1961161 -0.9698744
v 0.1116792 0.3832624 0.7735760
vn 0.1445065 0.1961161 -0.9698744
v 0.1537132 0.3522899 0.7735760
vn 0.1445065 0.1961161 -0.9698744
f 1384/1384/1384 1385/1385/1385 1386/1386/1386
v 0.0617175 0.3509017 0.7585760
vn 0.1361698 0.2806104 -0.9501135
v 0.0324468 0.3651057 0.7585760
vn 0.1361698 0.2806104 -0.9501135
v 0.0587132 0.4031479 0.7735760
vn 0.1361698 0.2806104 -0.9501135
f 1387/1387/1387 1388/1388/1388 1389/1389/1389
v 0.0617175 0.3509017 0.7585760
vn 0.1051253 0.2800057 -0.9542251
v 0.0587132 0.4031479 0.7735760
vn 0.1051253 0.2800057 -0.9542251
v 0.1116792 0.3832624 0.7735760
vn 0.1051253 0.2800057 -0.9542251
f 1390/1390/1390 1391/1391/1391 1392/1392/1392
v 0.0324468 0.3651057 0.7585760
vn 0.0528903 0.3506330 -0.9350182
v 0.0000000 0.3700000 0.7585760
vn 0.0528903 0.3506330 -0.9350182
v 0.0000000 0.4100000 0.7735760
vn 0.0528903 0.3506330 -0.9350182
f 1393/1393/1393 1394/1394/1394 1395/1395/1395
v 0.0324468 0.3651057 0.7585760
vn 0.0399729 0.3425145 -0.9386618
v 0.0000000 0.4100000 0.7735760
vn 0.0399729 0.3425145 -0.9386618
v 0.0587132 0.4031479 0.7735760
vn 0.0399729 0.3425145 -0.9386618
f 1396/1396/1396 1397/1397/1397 1398/1398/1398
v 0.0000000 0.3700000 0.7585760
vn -0.0506641 0.3358746 -0.9405432
v -0.0324468 0.3651057 0.7585760
vn -0.0506641 0.3358746 -0.9405432
v -0.0587132 0.4031479 0.7735760
vn -0.0506641 0.3358746 -0.9405432
f 1399/1399/1399 1400/1400/1400 1401/1401/1401
v 0.0000000 0.3700000 0.7585760
vn -0.0409434 0.3508300 -0.9355437
v -0.0587132 0.4031479 0.7735760
vn -0.0409434 0.3508300 -0.9355437
v 0.0000000 0.4100000 0.7735760
vn -0.0409434 0.3508300 -0.9355437
f 1402/1402/1402 1403/1403/1403 1404/1404/1404
v -0.0324468 0.3651057 0.7585760
vn -0.1233521 0.2541965 -0.9592540
v -0.0617175 0.3509017 0.7585760
vn -0.1233521 0.2541965 -0.9592540
v -0.1116792 0.3832624 0.7735760
vn -0.1233521 0.2541965 -0.9592540
f 1405/1405/1405 1406/1406/1406 1407/1407/1407
v -0.0324468 0.3651057 0.7585760
vn -0.1114902 0.2969589 -0.9483594
v -0.1116792 0.3832624 0.7735760
vn -0.1114902 0.2969589 -0.9483594
v -0.0587132 0.4031479 0.7735760
vn -0.1114902 0.2969589 -0.9483594
f 1408/1408/1408 1409/1409/1409 1410/1410/1410
v -0.0617175 0.3509017 0.7585760
vn -0.1563301 0.1641467 -0.9739696
v -0.0849468 0.3287785 0.7585760
vn -0.1563301 0.1641467 -0.9739696
v -0.1537132 0.3522899 0.7735760
vn -0.1563301 0.1641467 -0.9739696
f 1411/1411/1411 1412/1412/1412 1413/1413/1413
v -0.0617175 0.3509017 0.7585760
vn -0.1542806 0.2093810 -0.9655864
v -0.1537132 0.3522899 0.7735760
vn -0.1542806 0.2093810 -0.9655864
v -0.1116792 0.3832624 0.7735760
vn -0.1542806 0.2093810 -0.9655864
f 1414/1414/1414 1415/1415/1415 1416/1416/1416
v -0.0849468 0.3287785 0.7585760
vn -0.1683657 0.0900760 -0.9816005
v -0.0998609 0.3009017 0.7585760
vn -0.1683657 0.0900760 -0.9816005
v -0.1807007 0.3132624 0.7735760
vn -0.1683657 0.0900760 -0.9816005
f 1417/1417/1417 1418/1418/1418 1419/1419/1419
v -0.0849468 0.3287785 0.7585760
vn -0.1724968 0.1192813 -0.9777611
v -0.1807007 0.3132624 0.7735760
vn -0.1724968 0.1192813 -0.9777611
v -0.1537132 0.3522899 0.7735760
vn -0.1724968 0.1192813 -0.9777611
f 1420/1420/1420 1421/1421/1421 1422/1422/1422
v -0.0998609 0.3009017 0.7585760
vn -0.1737133 0.0288891 -0.9843724
v -0.1050000 0.2700000 0.7585760
vn -0.1737133 0.0288891 -0.9843724
v -0.1900000 0.2700000 0.7735760
vn -0.1737133 0.0288891 -0.9843724
f 1423/1423/1423 1424/1424/1424 1425/1425/1425
v -0.0998609 0.3009017 0.7585760
vn -0.1766901 0.0379796 -0.9835335
v -0.1900000 0.2700000 0.7735760
vn -0.1766901 0.0379796 -0.9835335
v -0.1807007 0.3132624 0.7735760
vn -0.1766901 0.0379796 -0.9835335
f 1426/1426/1426 1427/1427/1427 1428/1428/1428
v -0.1050000 0.2700000 0.7585760
vn -0.1779818 -0.0295990 -0.9835885
v -0.0998609 0.2390983 0.7585760
vn -0.1779818 -0.0295990 -0.9835885
v -0.1807007 0.2267376 0.7735760
vn -0.1779818 -0.0295990 -0.9835885
f 1429/1429/1429 1430/1430/1430 1431/1431/1431
v -0.1050000 0.2700000 0.7585760
vn -0.1736647 -0.0373293 -0.9840971
v -0.1807007 0.2267376 0.7735760
vn -0.1736647 -0.0373293 -0.9840971
v -0.1900000 0.2700000 0.7735760
vn -0.1736647 -0.0373293 -0.9840971
f 1432/1432/1432 1433/1433/1433 1434/1434/1434
v -0.0998609 0.2390983 0.7585760
vn -0.1804953 -0.0965653 -0.9788240
v -0.0849468 0.2112215 0.7585760
vn -0.1804953 -0.0965653 -0.9788240
v -0.1537132 0.1877101 0.7735760
vn -0.1804953 -0.0965653 -0.9788240
f 1435/1435/1435 1436/1436/1436 1437/1437/1437
v -0.0998609 0.2390983 0.7585760
vn -0.1644226 -0.1136980 -0.9798153
v -0.1537132 0.1877101 0.7735760
vn -0.1644226 -0.1136980 -0.9798153
v -0.1807007 0.2267376 0.7735760
vn -0.1644226 -0.1136980 -0.9798153
f 1438/1438/1438 1439/1439/1439 1440/1440/1440
v -0.0849468 0.2112215 0.7585760
vn -0.1729859 -0.1816352 -0.9680313
v -0.0617175 0.1890983 0.7585760
vn -0.1729859 -0.1816352 -0.9680313
v -0.1116792 0.1567376 0.7735760
vn -0.1729859 -0.1816352 -0.9680313
f 1441/1441/1441 1442/1442/1442 1443/1443/1443
v -0.0849468 0.2112215 0.7585760
vn -0.1445065 -0.1961160 -0.9698744
v -0.1116792 0.1567376 0.7735760
vn -0.1445065 -0.1961160 -0.9698744
v -0.1537132 0.1877101 0.7735760
vn -0.1445065 -0.1961160 -0.9698744
f 1444/1444/1444 1445/1445/1445 1446/1446/1446
v -0.0617175 0.1890983 0.7585760
vn -0.1361696 -0.2806104 -0.9501135
v -0.0324468 0.1748943 0.7585760
vn -0.1361696 -0.2806104 -0.9501135
v -0.0587132 0.1368521 0.7735760
vn -0.1361696 -0.2806104 -0.9501135
f 1447/1447/1447 1448/1448/1448 1449/1449/1449
v -0.0617175 0.1890983 0.7585760
vn -0.1051253 -0.2800057 -0.9542251
v -0.0587132 0.1368521 0.7735760
vn -0.1051253 -0.2800057 -0.9542251
v -0.1116792 0.1567376 0.7735760
vn -0.1051253 -0.2800057 -0.9542251
f 1450/1450/1450 1451/1451/1451 1452/1452/1452
v -0.0324468 0.1748943 0.7585760
vn -0.0528902 -0.3506328 -0.9350183
v -0.0000000 0.1700000 0.7585760
vn -0.0528902 -0.3506328 -0.9350183
v -0.0000000 0.1300000 0.7735760
vn -0.0528902 -0.3506328 -0.9350183
f 1453/1453/1453 1454/1454/1454 1455/1455/1455
v -0.0324468 0.1748943 0.7585760
vn -0.0399729 -0.3425144 -0.9386618
v -0.0000000 0.1300000 0.7735760
vn -0.0399729 -0.3425144 -0.9386618
v -0.0587132 0.1368521 0.7735760
vn -0.0399729 -0.3425144 -0.9386618
f 1456/1456/1456 1457/1457/1457 1458/1458/1458
v -0.0000000 0.1700000 0.7585760
vn 0.0506641 -0.3358745 -0.9405432
v 0.0324468 0.1748943 0.7585760
vn 0.0506641 -0.3358745 -0.9405432
v 0.0587132 0.1368521 0.7735760
vn 0.0506641 -0.3358745 -0.9405432
f 1459/1459/1459 1460/1460/1460 1461/1461/1461
v -0.0000000 0.1700000 0.7585760
vn 0.0409434 -0.3508299 -0.9355437
v 0.0587132 0.1368521 0.7735760
vn 0.0409434 -0.3508299 -0.9355437
v -0.0000000 0.1300000 0.7735760
vn 0.0409434 -0.3508299 -0.9355437
f 1462/1462/1462 1463/1463/1463 1464/1464/1464
v 0.0324468 0.1748943 0.7585760
vn 0.1233520 -0.2541966 -0.9592540
v 0.0617175 0.1890983 0.7585760
vn 0.1233520 -0.2541966 -0.9592540
v 0.1116792 0.1567376 0.7735760
vn 0.1233520 -0.2541966 -0.9592540
f 1465/1465/1465 1466/1466/1466 1467/1467/1467
v 0.0324468 0.1748943 0.7585760
vn 0.1114902 -0.2969587 -0.9483594
v 0.1116792 0.1567376 0.7735760
vn 0.1114902 -0.2969587 -0.9483594
v 0.0587132 0.1368521 0.7735760
vn 0.1114902 -0.2969587 -0.9483594
f 1468/1468/1468 1469/1469/1469 1470/1470/1470
v 0.0617175 0.1890983 0.7585760
vn 0.1563302 -0.1641466 -0.9739696
v 0.0849468 0.2112215 0.7585760
vn 0.1563302 -0.1641466 -0.9739696
v 0.1537132 0.1877101 0.7735760
vn 0.1563302 -0.1641466 -0.9739696
f 1471/1471/1471 1472/1472/1472 1473/1473/1473
v 0.0617175 0.1890983 0.7585760
vn 0.1542807 -0.2093810 -0.9655864
v 0.1537132 0.1877101 0.7735760
vn 0.1542807 -0.2093810 -0.9655864
v 0.1116792 0.1567376 0.7735760
vn 0.1542807 -0.2093810 -0.9655864
f 1474/1474/1474 1475/1475/1475 1476/1476/1476
v 0.0849468 0.2112215 0.7585760
vn 0.1683657 -0.0900760 -0.9816003
v 0.0998609 0.2390983 0.7585760
vn 0.1683657 -0.0900760 -0.9816003
v 0.1807007 0.2267376 0.7735760
vn 0.1683657 -0.0900760 -0.9816003
f 1477/1477/1477 1478/1478/1478 1479/1479/1479
v 0.0849468 0.2112215 0.7585760
vn 0.1724968 -0.1192813 -0.9777612
v 0.1807007 0.2267376 0.7735760
vn 0.1724968 -0.1192813 -0.9777612
v 0.1537132 0.1877101 0.7735760
vn 0.1724968 -0.1192813 -0.9777612
f 1480/1480/1480 1481/1481/1481 1482/1482/1482
v 0.0998609 0.2390983 0.7585760
vn 0.1737133 -0.0288891 -0.9843724
v 0.1050000 0.2700000 0.7585760
vn 0.1737133 -0.0288891 -0.9843724
v 0.1900000 0.2700000 0.7735760
vn 0.1737133 -0.0288891 -0.9843724
f 1483/1483/1483 1484/1484/1484 1485/1485/1485
v 0.0998609 0.2390983 0.7585760
vn 0.1766901 -0.0379796 -0.9835335
v 0.1900000 0.2700000 0.7735760
vn 0.1766901 -0.0379796 -0.9835335
v 0.1807007 0.2267376 0.7735760
vn 0.1766901 -0.0379796 -0.9835335
f 1486/1486/1486 1487/1487/1487 1488/1488/1488
o pz_sink_white_hanging_|_faucet_socket
usemtl UV_Base
v 0.0240000 0.4110000 0.9105760
vn 0.0000000 0.0000000 -1.0000000
v 0.0207846 0.3990000 0.9105760
vn 0.0000000 0.0000000 -1.0000000
v 0.0120000 0.3902154 0.9105760
vn 0.0000000 0.0000000 -1.0000000
f 1489/1489/1489 1490/1490/1490 1491/1491/1491
v 0.0120000 0.3902154 0.9105760
vn 0.0000000 0.0000000 -1.0000000
v -0.0000000 0.3870000 0.9105760
vn 0.0000000 0.0000000 -1.0000000
v -0.0120000 0.3902154 0.9105760
vn 0.0000000 0.0000000 -1.0000000
f 1492/1492/1492 1493/1493/1493 1494/1494/1494
v -0.0120000 0.3902154 0.9105760
vn 0.0000000 0.0000000 -1.0000000
v -0.0207846 0.3990000 0.9105760
vn 0.0000000 0.0000000 -1.0000000
v -0.0240000 0.4110000 0.9105760
vn 0.0000000 0.0000000 -1.0000000
f 1495/1495/1495 1496/1496/1496 1497/1497/1497
v -0.0240000 0.4110000 0.9105760
vn 0.0000000 0.0000000 -1.0000000
v -0.0207846 0.4230000 0.9105760
vn 0.0000000 0.0000000 -1.0000000
v -0.0120000 0.4317846 0.9105760
vn 0.0000000 0.0000000 -1.0000000
f 1498/1498/1498 1499/1499/1499 1500/1500/1500
v -0.0120000 0.4317846 0.9105760
vn -0.0000000 0.0000000 -1.0000000
v 0.0000000 0.4350000 0.9105760
vn -0.0000000 0.0000000 -1.0000000
v 0.0120000 0.4317846 0.9105760
vn -0.0000000 0.0000000 -1.0000000
f 1501/1501/1501 1502/1502/1502 1503/1503/1503
v 0.0120000 0.4317846 0.9105760
vn 0.0000000 0.0000000 -1.0000000
v 0.0207846 0.4230000 0.9105760
vn 0.0000000 0.0000000 -1.0000000
v 0.0240000 0.4110000 0.9105760
vn 0.0000000 0.0000000 -1.0000000
f 1504/1504/1504 1505/1505/1505 1506/1506/1506
v 0.0240000 0.4110000 0.9105760
vn 0.0000000 0.0000000 -1.0000000
v 0.0120000 0.3902154 0.9105760
vn 0.0000000 0.0000000 -1.0000000
v -0.0120000 0.3902154 0.9105760
vn 0.0000000 0.0000000 -1.0000000
f 1507/1507/1507 1508/1508/1508 1509/1509/1509
v -0.0120000 0.3902154 0.9105760
vn 0.0000000 -0.0000000 -1.0000000
v -0.0240000 0.4110000 0.9105760
vn 0.0000000 -0.0000000 -1.0000000
v -0.0120000 0.4317846 0.9105760
vn 0.0000000 -0.0000000 -1.0000000
f 1510/1510/1510 1511/1511/1511 1512/1512/1512
v -0.0120000 0.4317846 0.9105760
vn 0.0000000 0.0000000 -1.0000000
v 0.0120000 0.4317846 0.9105760
vn 0.0000000 0.0000000 -1.0000000
v 0.0240000 0.4110000 0.9105760
vn 0.0000000 0.0000000 -1.0000000
f 1513/1513/1513 1514/1514/1514 1515/1515/1515
v -0.0120000 0.3902154 0.9105760
vn -0.0000000 -0.0000000 -0.9999999
v -0.0120000 0.4317846 0.9105760
vn -0.0000000 -0.0000000 -0.9999999
v 0.0240000 0.4110000 0.9105760
vn -0.0000000 -0.0000000 -0.9999999
f 1516/1516/1516 1517/1517/1517 1518/1518/1518
v 0.0181865 0.4005000 0.9535760
vn 0.0000000 0.0000000 1.0000000
v 0.0210000 0.4110000 0.9535760
vn 0.0000000 0.0000000 1.0000000
v 0.0181865 0.4215000 0.9535760
vn 0.0000000 0.0000000 1.0000000
f 1519/1519/1519 1520/1520/1520 1521/1521/1521
v 0.0181865 0.4215000 0.9535760
vn 0.0000000 0.0000000 1.0000000
v 0.0105000 0.4291865 0.9535760
vn 0.0000000 0.0000000 1.0000000
v 0.0000000 0.4320000 0.9535760
vn 0.0000000 0.0000000 1.0000000
f 1522/1522/1522 1523/1523/1523 1524/1524/1524
v 0.0000000 0.4320000 0.9535760
vn 0.0000000 0.0000000 1.0000000
v -0.0105000 0.4291865 0.9535760
vn 0.0000000 0.0000000 1.0000000
v -0.0181865 0.4215000 0.9535760
vn 0.0000000 0.0000000 1.0000000
f 1525/1525/1525 1526/1526/1526 1527/1527/1527
v -0.0181865 0.4215000 0.9535760
vn 0.0000000 -0.0000000 1.0000000
v -0.0210000 0.4110000 0.9535760
vn 0.0000000 -0.0000000 1.0000000
v -0.0181865 0.4005000 0.9535760
vn 0.0000000 -0.0000000 1.0000000
f 1528/1528/1528 1529/1529/1529 1530/1530/1530
v -0.0181865 0.4005000 0.9535760
vn 0.0000000 0.0000000 1.0000000
v -0.0105000 0.3928135 0.9535760
vn 0.0000000 0.0000000 1.0000000
v -0.0000000 0.3900000 0.9535760
vn 0.0000000 0.0000000 1.0000000
f 1531/1531/1531 1532/1532/1532 1533/1533/1533
v -0.0000000 0.3900000 0.9535760
vn 0.0000000 0.0000000 1.0000000
v 0.0105000 0.3928135 0.9535760
vn 0.0000000 0.0000000 1.0000000
v 0.0181865 0.4005000 0.9535760
vn 0.0000000 0.0000000 1.0000000
f 1534/1534/1534 1535/1535/1535 1536/1536/1536
v 0.0181865 0.4005000 0.9535760
vn 0.0000000 0.0000000 1.0000000
v 0.0181865 0.4215000 0.9535760
vn 0.0000000 0.0000000 1.0000000
v 0.0000000 0.4320000 0.9535760
vn 0.0000000 0.0000000 1.0000000
f 1537/1537/1537 1538/1538/1538 1539/1539/1539
v 0.0000000 0.4320000 0.9535760
vn 0.0000000 0.0000000 1.0000000
v -0.0181865 0.4215000 0.9535760
vn 0.0000000 0.0000000 1.0000000
v -0.0181865 0.4005000 0.9535760
vn 0.0000000 0.0000000 1.0000000
f 1540/1540/1540 1541/1541/1541 1542/1542/1542
v -0.0181865 0.4005000 0.9535760
vn 0.0000000 0.0000000 1.0000000
v -0.0000000 0.3900000 0.9535760
vn 0.0000000 0.0000000 1.0000000
v 0.0181865 0.4005000 0.9535760
vn 0.0000000 0.0000000 1.0000000
f 1543/1543/1543 1544/1544/1544 1545/1545/1545
v 0.0000000 0.4320000 0.9535760
vn 0.0000000 -0.0000000 1.0000000
v -0.0181865 0.4005000 0.9535760
vn 0.0000000 -0.0000000 1.0000000
v 0.0181865 0.4005000 0.9535760
vn 0.0000000 -0.0000000 1.0000000
f 1546/1546/1546 1547/1547/1547 1548/1548/1548
v 0.0240000 0.4110000 0.9105760
vn 0.9637399 0.2582335 0.0672377
v 0.0207846 0.4230000 0.9105760
vn 0.9637399 0.2582335 0.0672377
v 0.0181865 0.4215000 0.9535760
vn 0.9637399 0.2582335 0.0672377
f 1549/1549/1549 1550/1550/1550 1551/1551/1551
v 0.0240000 0.4110000 0.9105760
vn 0.9637398 0.2582336 0.0672376
v 0.0181865 0.4215000 0.9535760
vn 0.9637398 0.2582336 0.0672376
v 0.0210000 0.4110000 0.9535760
vn 0.9637398 0.2582336 0.0672376
f 1552/1552/1552 1553/1553/1553 1554/1554/1554
v 0.0207846 0.4230000 0.9105760
vn 0.7055060 0.7055073 0.0672376
v 0.0120000 0.4317846 0.9105760
vn 0.7055060 0.7055073 0.0672376
v 0.0105000 0.4291865 0.9535760
vn 0.7055060 0.7055073 0.0672376
f 1555/1555/1555 1556/1556/1556 1557/1557/1557
v 0.0207846 0.4230000 0.9105760
vn 0.7055062 0.7055070 0.0672377
v 0.0105000 0.4291865 0.9535760
vn 0.7055062 0.7055070 0.0672377
v 0.0181865 0.4215000 0.9535760
vn 0.7055062 0.7055070 0.0672377
f 1558/1558/1558 1559/1559/1559 1560/1560/1560
v 0.0120000 0.4317846 0.9105760
vn 0.2582342 0.9637397 0.0672374
v 0.0000000 0.4350000 0.9105760
vn 0.2582342 0.9637397 0.0672374
v 0.0000000 0.4320000 0.9535760
vn 0.2582342 0.9637397 0.0672374
f 1561/1561/1561 1562/1562/1562 1563/1563/1563
v 0.0120000 0.4317846 0.9105760
vn 0.2582352 0.9637395 0.0672377
v 0.0000000 0.4320000 0.9535760
vn 0.2582352 0.9637395 0.0672377
v 0.0105000 0.4291865 0.9535760
vn 0.2582352 0.9637395 0.0672377
f 1564/1564/1564 1565/1565/1565 1566/1566/1566
v 0.0000000 0.4350000 0.9105760
vn -0.2582342 0.9637397 0.0672376
v -0.0120000 0.4317846 0.9105760
vn -0.2582342 0.9637397 0.0672376
v -0.0105000 0.4291865 0.9535760
vn -0.2582342 0.9637397 0.0672376
f 1567/1567/1567 1568/1568/1568 1569/1569/1569
v 0.0000000 0.4350000 0.9105760
vn -0.2582352 0.9637395 0.0672374
v -0.0105000 0.4291865 0.9535760
vn -0.2582352 0.9637395 0.0672374
v 0.0000000 0.4320000 0.9535760
vn -0.2582352 0.9637395 0.0672374
f 1570/1570/1570 1571/1571/1571 1572/1572/1572
v -0.0120000 0.4317846 0.9105760
vn -0.7055060 0.7055073 0.0672377
v -0.0207846 0.4230000 0.9105760
vn -0.7055060 0.7055073 0.0672377
v -0.0181865 0.4215000 0.9535760
vn -0.7055060 0.7055073 0.0672377
f 1573/1573/1573 1574/1574/1574 1575/1575/1575
v -0.0120000 0.4317846 0.9105760
vn -0.7055062 0.7055070 0.0672376
v -0.0181865 0.4215000 0.9535760
vn -0.7055062 0.7055070 0.0672376
v -0.0105000 0.4291865 0.9535760
vn -0.7055062 0.7055070 0.0672376
f 1576/1576/1576 1577/1577/1577 1578/1578/1578
v -0.0207846 0.4230000 0.9105760
vn -0.9637399 0.2582335 0.0672376
v -0.0240000 0.4110000 0.9105760
vn -0.9637399 0.2582335 0.0672376
v -0.0210000 0.4110000 0.9535760
vn -0.9637399 0.2582335 0.0672376
f 1579/1579/1579 1580/1580/1580 1581/1581/1581
v -0.0207846 0.4230000 0.9105760
vn -0.9637398 0.2582336 0.0672376
v -0.0210000 0.4110000 0.9535760
vn -0.9637398 0.2582336 0.0672376
v -0.0181865 0.4215000 0.9535760
vn -0.9637398 0.2582336 0.0672376
f 1582/1582/1582 1583/1583/1583 1584/1584/1584
v -0.0240000 0.4110000 0.9105760
vn -0.9637401 -0.2582329 0.0672376
v -0.0207846 0.3990000 0.9105760
vn -0.9637401 -0.2582329 0.0672376
v -0.0181865 0.4005000 0.9535760
vn -0.9637401 -0.2582329 0.0672376
f 1585/1585/1585 1586/1586/1586 1587/1587/1587
v -0.0240000 0.4110000 0.9105760
vn -0.9637400 -0.2582330 0.0672376
v -0.0181865 0.4005000 0.9535760
vn -0.9637400 -0.2582330 0.0672376
v -0.0210000 0.4110000 0.9535760
vn -0.9637400 -0.2582330 0.0672376
f 1588/1588/1588 1589/1589/1589 1590/1590/1590
v -0.0207846 0.3990000 0.9105760
vn -0.7055060 -0.7055073 0.0672376
v -0.0120000 0.3902154 0.9105760
vn -0.7055060 -0.7055073 0.0672376
v -0.0105000 0.3928135 0.9535760
vn -0.7055060 -0.7055073 0.0672376
f 1591/1591/1591 1592/1592/1592 1593/1593/1593
v -0.0207846 0.3990000 0.9105760
vn -0.7055062 -0.7055070 0.0672377
v -0.0105000 0.3928135 0.9535760
vn -0.7055062 -0.7055070 0.0672377
v -0.0181865 0.4005000 0.9535760
vn -0.7055062 -0.7055070 0.0672377
f 1594/1594/1594 1595/1595/1595 1596/1596/1596
v -0.0120000 0.3902154 0.9105760
vn -0.2582342 -0.9637397 0.0672374
v -0.0000000 0.3870000 0.9105760
vn -0.2582342 -0.9637397 0.0672374
v -0.0000000 0.3900000 0.9535760
vn -0.2582342 -0.9637397 0.0672374
f 1597/1597/1597 1598/1598/1598 1599/1599/1599
v -0.0120000 0.3902154 0.9105760
vn -0.2582352 -0.9637395 0.0672377
v -0.0000000 0.3900000 0.9535760
vn -0.2582352 -0.9637395 0.0672377
v -0.0105000 0.3928135 0.9535760
vn -0.2582352 -0.9637395 0.0672377
f 1600/1600/1600 1601/1601/1601 1602/1602/1602
v -0.0000000 0.3870000 0.9105760
vn 0.2582342 -0.9637397 0.0672376
v 0.0120000 0.3902154 0.9105760
vn 0.2582342 -0.9637397 0.0672376
v 0.0105000 0.3928135 0.9535760
vn 0.2582342 -0.9637397 0.0672376
f 1603/1603/1603 1604/1604/1604 1605/1605/1605
v -0.0000000 0.3870000 0.9105760
vn 0.2582352 -0.9637395 0.0672374
v 0.0105000 0.3928135 0.9535760
vn 0.2582352 -0.9637395 0.0672374
v -0.0000000 0.3900000 0.9535760
vn 0.2582352 -0.9637395 0.0672374
f 1606/1606/1606 1607/1607/1607 1608/1608/1608
v 0.0120000 0.3902154 0.9105760
vn 0.7055060 -0.7055073 0.0672377
v 0.0207846 0.3990000 0.9105760
vn 0.7055060 -0.7055073 0.0672377
v 0.0181865 0.4005000 0.9535760
vn 0.7055060 -0.7055073 0.0672377
f 1609/1609/1609 1610/1610/1610 1611/1611/1611
v 0.0120000 0.3902154 0.9105760
vn 0.7055062 -0.7055070 0.0672376
v 0.0181865 0.4005000 0.9535760
vn 0.7055062 -0.7055070 0.0672376
v 0.0105000 0.3928135 0.9535760
vn 0.7055062 -0.7055070 0.0672376
f 1612/1612/1612 1613/1613/1613 1614/1614/1614
v 0.0207846 0.3990000 0.9105760
vn 0.9637401 -0.2582329 0.0672376
v 0.0240000 0.4110000 0.9105760
vn 0.9637401 -0.2582329 0.0672376
v 0.0210000 0.4110000 0.9535760
vn 0.9637401 -0.2582329 0.0672376
f 1615/1615/1615 1616/1616/1616 1617/1617/1617
v 0.0207846 0.3990000 0.9105760
vn 0.9637400 -0.2582330 0.0672376
v 0.0210000 0.4110000 0.9535760
vn 0.9637400 -0.2582330 0.0672376
v 0.0181865 0.4005000 0.9535760
vn 0.9637400 -0.2582330 0.0672376
f 1618/1618/1618 1619/1619/1619 1620/1620/1620
o pz_sink_white_hanging_|_EDITABLE_curved_spout_|_export_mesh
usemtl UV_Base
v 0.0140000 0.3150000 1.0035760
vn -0.0000000 -0.6246957 -0.7808684
v -0.0070000 0.3244675 0.9960020
vn -0.0000000 -0.6246957 -0.7808684
v 0.0070000 0.3244675 0.9960020
vn -0.0000000 -0.6246957 -0.7808684
f 1621/1621/1621 1622/1622/1622 1623/1623/1623
v 0.0140000 0.3150000 1.0035760
vn 0.0000000 -0.6246957 -0.7808683
v -0.0140000 0.3150000 1.0035760
vn 0.0000000 -0.6246957 -0.7808683
v -0.0070000 0.3244675 0.9960020
vn 0.0000000 -0.6246957 -0.7808683
f 1624/1624/1624 1625/1625/1625 1626/1626/1626
v 0.0070000 0.3055325 1.0111501
vn -0.0000000 -0.6246986 -0.7808659
v -0.0140000 0.3150000 1.0035760
vn -0.0000000 -0.6246986 -0.7808659
v 0.0140000 0.3150000 1.0035760
vn -0.0000000 -0.6246986 -0.7808659
f 1627/1627/1627 1628/1628/1628 1629/1629/1629
v 0.0070000 0.3055325 1.0111501
vn 0.0000000 -0.6246986 -0.7808660
v -0.0070000 0.3055325 1.0111501
vn 0.0000000 -0.6246986 -0.7808660
v -0.0140000 0.3150000 1.0035760
vn 0.0000000 -0.6246986 -0.7808660
f 1630/1630/1630 1631/1631/1631 1632/1632/1632
v 0.0140000 0.4110000 0.9385760
vn -0.0000000 -0.0000000 -0.9999999
v -0.0070000 0.4231244 0.9385760
vn -0.0000000 -0.0000000 -0.9999999
v 0.0070000 0.4231244 0.9385760
vn -0.0000000 -0.0000000 -0.9999999
f 1633/1633/1633 1634/1634/1634 1635/1635/1635
v 0.0140000 0.4110000 0.9385760
vn 0.0000000 -0.0000000 -0.9999999
v -0.0140000 0.4110000 0.9385760
vn 0.0000000 -0.0000000 -0.9999999
v -0.0070000 0.4231244 0.9385760
vn 0.0000000 -0.0000000 -0.9999999
f 1636/1636/1636 1637/1637/1637 1638/1638/1638
v 0.0070000 0.3988757 0.9385760
vn -0.0000000 -0.0000000 -0.9999999
v -0.0140000 0.4110000 0.9385760
vn -0.0000000 -0.0000000 -0.9999999
v 0.0140000 0.4110000 0.9385760
vn -0.0000000 -0.0000000 -0.9999999
f 1639/1639/1639 1640/1640/1640 1641/1641/1641
v 0.0070000 0.3988757 0.9385760
vn 0.0000000 0.0000000 -1.0000000
v -0.0070000 0.3988757 0.9385760
vn 0.0000000 0.0000000 -1.0000000
v -0.0140000 0.4110000 0.9385760
vn 0.0000000 0.0000000 -1.0000000
f 1642/1642/1642 1643/1643/1643 1644/1644/1644
v -0.0070000 0.3988757 0.9385760
vn -0.8656732 -0.4983633 0.0473695
v -0.0070000 0.4010661 0.9616207
vn -0.8656732 -0.4983633 0.0473695
v -0.0140000 0.4130511 0.9597877
vn -0.8656732 -0.4983633 0.0473695
f 1645/1645/1645 1646/1646/1646 1647/1647/1647
v -0.0070000 0.3988757 0.9385760
vn -0.8650150 -0.4994166 0.0482906
v -0.0140000 0.4130511 0.9597877
vn -0.8650150 -0.4994166 0.0482906
v -0.0140000 0.4110000 0.9385760
vn -0.8650150 -0.4994166 0.0482906
f 1648/1648/1648 1649/1649/1649 1650/1650/1650
v 0.0070000 0.3988757 0.9385760
vn 0.0000000 -0.9955131 0.0946238
v 0.0070000 0.4010661 0.9616207
vn 0.0000000 -0.9955131 0.0946238
v -0.0070000 0.4010661 0.9616207
vn 0.0000000 -0.9955131 0.0946238
f 1651/1651/1651 1652/1652/1652 1653/1653/1653
v 0.0070000 0.3988757 0.9385760
vn 0.0000000 -0.9955131 0.0946238
v -0.0070000 0.4010661 0.9616207
vn 0.0000000 -0.9955131 0.0946238
v -0.0070000 0.3988757 0.9385760
vn 0.0000000 -0.9955131 0.0946238
f 1654/1654/1654 1655/1655/1655 1656/1656/1656
v 0.0140000 0.4110000 0.9385760
vn 0.8656932 -0.4982512 0.0481780
v 0.0140000 0.4130511 0.9597877
vn 0.8656932 -0.4982512 0.0481780
v 0.0070000 0.4010661 0.9616207
vn 0.8656932 -0.4982512 0.0481780
f 1657/1657/1657 1658/1658/1658 1659/1659/1659
v 0.0140000 0.4110000 0.9385760
vn 0.8650490 -0.4994362 0.0474715
v 0.0070000 0.4010661 0.9616207
vn 0.8650490 -0.4994362 0.0474715
v 0.0070000 0.3988757 0.9385760
vn 0.8650490 -0.4994362 0.0474715
f 1660/1660/1660 1661/1661/1661 1662/1662/1662
v 0.0070000 0.4231244 0.9385760
vn 0.8657160 0.4981175 -0.0491391
v 0.0070000 0.4250361 0.9579547
vn 0.8657160 0.4981175 -0.0491391
v 0.0140000 0.4130511 0.9597877
vn 0.8657160 0.4981175 -0.0491391
f 1663/1663/1663 1664/1664/1664 1665/1665/1665
v 0.0070000 0.4231244 0.9385760
vn 0.8650151 0.4994165 -0.0482909
v 0.0140000 0.4130511 0.9597877
vn 0.8650151 0.4994165 -0.0482909
v 0.0140000 0.4110000 0.9385760
vn 0.8650151 0.4994165 -0.0482909
f 1666/1666/1666 1667/1667/1667 1668/1668/1668
v -0.0070000 0.4231244 0.9385760
vn 0.0000000 0.9951694 -0.0981729
v -0.0070000 0.4250361 0.9579547
vn 0.0000000 0.9951694 -0.0981729
v 0.0070000 0.4250361 0.9579547
vn 0.0000000 0.9951694 -0.0981729
f 1669/1669/1669 1670/1670/1670 1671/1671/1671
v -0.0070000 0.4231244 0.9385760
vn 0.0000000 0.9951694 -0.0981729
v 0.0070000 0.4250361 0.9579547
vn 0.0000000 0.9951694 -0.0981729
v 0.0070000 0.4231244 0.9385760
vn 0.0000000 0.9951694 -0.0981729
f 1672/1672/1672 1673/1673/1673 1674/1674/1674
v -0.0140000 0.4110000 0.9385760
vn -0.8656932 0.4982511 -0.0481782
v -0.0140000 0.4130511 0.9597877
vn -0.8656932 0.4982511 -0.0481782
v -0.0070000 0.4250361 0.9579547
vn -0.8656932 0.4982511 -0.0481782
f 1675/1675/1675 1676/1676/1676 1677/1677/1677
v -0.0140000 0.4110000 0.9385760
vn -0.8649738 0.4993927 -0.0492649
v -0.0070000 0.4250361 0.9579547
vn -0.8649738 0.4993927 -0.0492649
v -0.0070000 0.4231244 0.9385760
vn -0.8649738 0.4993927 -0.0492649
f 1678/1678/1678 1679/1679/1679 1680/1680/1680
v -0.0070000 0.4010661 0.9616207
vn -0.8659822 -0.4894651 0.1024633
v -0.0070000 0.4052387 0.9815534
vn -0.8659822 -0.4894651 0.1024633
v -0.0140000 0.4171532 0.9793071
vn -0.8659822 -0.4894651 0.1024633
f 1681/1681/1681 1682/1682/1682 1683/1683/1683
v -0.0070000 0.4010661 0.9616207
vn -0.8656930 -0.4898742 0.1029499
v -0.0140000 0.4171532 0.9793071
vn -0.8656930 -0.4898742 0.1029499
v -0.0140000 0.4130511 0.9597877
vn -0.8656930 -0.4898742 0.1029499
f 1684/1684/1684 1685/1685/1685 1686/1686/1686
v 0.0070000 0.4010661 0.9616207
vn 0.0000000 -0.9787837 0.2048959
v 0.0070000 0.4052387 0.9815534
vn 0.0000000 -0.9787837 0.2048959
v -0.0070000 0.4052387 0.9815534
vn 0.0000000 -0.9787837 0.2048959
f 1687/1687/1687 1688/1688/1688 1689/1689/1689
v 0.0070000 0.4010661 0.9616207
vn 0.0000000 -0.9787837 0.2048958
v -0.0070000 0.4052387 0.9815534
vn 0.0000000 -0.9787837 0.2048958
v -0.0070000 0.4010661 0.9616207
vn 0.0000000 -0.9787837 0.2048958
f 1690/1690/1690 1691/1691/1691 1692/1692/1692
v 0.0140000 0.4130511 0.9597877
vn 0.8659788 -0.4893904 0.1028483
v 0.0140000 0.4171532 0.9793071
vn 0.8659788 -0.4893904 0.1028483
v 0.0070000 0.4052387 0.9815534
vn 0.8659788 -0.4893904 0.1028483
f 1693/1693/1693 1694/1694/1694 1695/1695/1695
v 0.0140000 0.4130511 0.9597877
vn 0.8657025 -0.4899389 0.1025625
v 0.0070000 0.4052387 0.9815534
vn 0.8657025 -0.4899389 0.1025625
v 0.0070000 0.4010661 0.9616207
vn 0.8657025 -0.4899389 0.1025625
f 1696/1696/1696 1697/1697/1697 1698/1698/1698
v 0.0070000 0.4250361 0.9579547
vn 0.8659751 0.4893124 -0.1032496
v 0.0070000 0.4290676 0.9770608
vn 0.8659751 0.4893124 -0.1032496
v 0.0140000 0.4171532 0.9793071
vn 0.8659751 0.4893124 -0.1032496
f 1699/1699/1699 1700/1700/1700 1701/1701/1701
v 0.0070000 0.4250361 0.9579547
vn 0.8656932 0.4898742 -0.1029498
v 0.0140000 0.4171532 0.9793071
vn 0.8656932 0.4898742 -0.1029498
v 0.0140000 0.4130511 0.9597877
vn 0.8656932 0.4898742 -0.1029498
f 1702/1702/1702 1703/1703/1703 1704/1704/1704
v -0.0070000 0.4250361 0.9579547
vn 0.0000000 0.9784543 -0.2064633
v -0.0070000 0.4290676 0.9770608
vn 0.0000000 0.9784543 -0.2064633
v 0.0070000 0.4290676 0.9770608
vn 0.0000000 0.9784543 -0.2064633
f 1705/1705/1705 1706/1706/1706 1707/1707/1707
v -0.0070000 0.4250361 0.9579547
vn 0.0000000 0.9784544 -0.2064633
v 0.0070000 0.4290676 0.9770608
vn 0.0000000 0.9784544 -0.2064633
v 0.0070000 0.4250361 0.9579547
vn 0.0000000 0.9784544 -0.2064633
f 1708/1708/1708 1709/1709/1709 1710/1710/1710
v -0.0140000 0.4130511 0.9597877
vn -0.8659788 0.4893903 -0.1028481
v -0.0140000 0.4171532 0.9793071
vn -0.8659788 0.4893903 -0.1028481
v -0.0070000 0.4290676 0.9770608
vn -0.8659788 0.4893903 -0.1028481
f 1711/1711/1711 1712/1712/1712 1713/1713/1713
v -0.0140000 0.4130511 0.9597877
vn -0.8656832 0.4898065 -0.1033539
v -0.0070000 0.4290676 0.9770608
vn -0.8656832 0.4898065 -0.1033539
v -0.0070000 0.4250361 0.9579547
vn -0.8656832 0.4898065 -0.1033539
f 1714/1714/1714 1715/1715/1715 1716/1716/1716
v -0.0070000 0.4052387 0.9815534
vn -0.8645684 -0.4952881 0.0849193
v -0.0070000 0.4081232 0.9983768
vn -0.8645684 -0.4952881 0.0849193
v -0.0140000 0.4202298 0.9977206
vn -0.8645684 -0.4952881 0.0849193
f 1717/1717/1717 1718/1718/1718 1719/1719/1719
v -0.0070000 0.4052387 0.9815534
vn -0.8659788 -0.4932433 0.0824126
v -0.0140000 0.4202298 0.9977206
vn -0.8659788 -0.4932433 0.0824126
v -0.0140000 0.4171532 0.9793071
vn -0.8659788 -0.4932433 0.0824126
f 1720/1720/1720 1721/1721/1721 1722/1722/1722
v 0.0070000 0.4052387 0.9815534
vn 0.0000000 -0.9856181 0.1689885
v 0.0070000 0.4081232 0.9983768
vn 0.0000000 -0.9856181 0.1689885
v -0.0070000 0.4081232 0.9983768
vn 0.0000000 -0.9856181 0.1689885
f 1723/1723/1723 1724/1724/1724 1725/1725/1725
v 0.0070000 0.4052387 0.9815534
vn 0.0000000 -0.9856181 0.1689886
v -0.0070000 0.4081232 0.9983768
vn 0.0000000 -0.9856181 0.1689886
v -0.0070000 0.4052387 0.9815534
vn 0.0000000 -0.9856181 0.1689886
f 1726/1726/1726 1727/1727/1727 1728/1728/1728
v 0.0140000 0.4171532 0.9793071
vn 0.8646742 -0.4954649 0.0827838
v 0.0140000 0.4202298 0.9977206
vn 0.8646742 -0.4954649 0.0827838
v 0.0070000 0.4081232 0.9983768
vn 0.8646742 -0.4954649 0.0827838
f 1729/1729/1729 1730/1730/1730 1731/1731/1731
v 0.0140000 0.4171532 0.9793071
vn 0.8659959 -0.4928592 0.0845029
v 0.0070000 0.4081232 0.9983768
vn 0.8659959 -0.4928592 0.0845029
v 0.0070000 0.4052387 0.9815534
vn 0.8659959 -0.4928592 0.0845029
f 1732/1732/1732 1733/1733/1733 1734/1734/1734
v 0.0070000 0.4290676 0.9770608
vn 0.8647600 0.4956119 -0.0809864
v 0.0070000 0.4323364 0.9970644
vn 0.8647600 0.4956119 -0.0809864
v 0.0140000 0.4202298 0.9977206
vn 0.8647600 0.4956119 -0.0809864
f 1735/1735/1735 1736/1736/1736 1737/1737/1737
v 0.0070000 0.4290676 0.9770608
vn 0.8659788 0.4932432 -0.0824127
v 0.0140000 0.4202298 0.9977206
vn 0.8659788 0.4932432 -0.0824127
v 0.0140000 0.4171532 0.9793071
vn 0.8659788 0.4932432 -0.0824127
f 1738/1738/1738 1739/1739/1739 1740/1740/1740
v -0.0070000 0.4290676 0.9770608
vn 0.0000000 0.9869106 -0.1612680
v -0.0070000 0.4323364 0.9970644
vn 0.0000000 0.9869106 -0.1612680
v 0.0070000 0.4323364 0.9970644
vn 0.0000000 0.9869106 -0.1612680
f 1741/1741/1741 1742/1742/1742 1743/1743/1743
v -0.0070000 0.4290676 0.9770608
vn 0.0000000 0.9869106 -0.1612680
v 0.0070000 0.4323364 0.9970644
vn 0.0000000 0.9869106 -0.1612680
v 0.0070000 0.4290676 0.9770608
vn 0.0000000 0.9869106 -0.1612680
f 1744/1744/1744 1745/1745/1745 1746/1746/1746
v -0.0140000 0.4171532 0.9793071
vn -0.8646742 0.4954648 -0.0827839
v -0.0140000 0.4202298 0.9977206
vn -0.8646742 0.4954648 -0.0827839
v -0.0070000 0.4323364 0.9970644
vn -0.8646742 0.4954648 -0.0827839
f 1747/1747/1747 1748/1748/1748 1749/1749/1749
v -0.0140000 0.4171532 0.9793071
vn -0.8659613 0.4935648 -0.0806519
v -0.0070000 0.4323364 0.9970644
vn -0.8659613 0.4935648 -0.0806519
v -0.0070000 0.4290676 0.9770608
vn -0.8659613 0.4935648 -0.0806519
f 1750/1750/1750 1751/1751/1751 1752/1752/1752
v -0.0070000 0.4081232 0.9983768
vn -0.8618374 -0.5066015 -0.0243172
v -0.0070000 0.4074357 1.0126991
vn -0.8618374 -0.5066015 -0.0243172
v -0.0140000 0.4192042 1.0156147
vn -0.8618374 -0.5066015 -0.0243172
f 1753/1753/1753 1754/1754/1754 1755/1755/1755
v -0.0070000 0.4081232 0.9983768
vn -0.8646742 -0.5015104 -0.0287419
v -0.0140000 0.4192042 1.0156147
vn -0.8646742 -0.5015104 -0.0287419
v -0.0140000 0.4202298 0.9977206
vn -0.8646742 -0.5015104 -0.0287419
f 1756/1756/1756 1757/1757/1757 1758/1758/1758
v 0.0070000 0.4081232 0.9983768
vn 0.0000000 -0.9988499 -0.0479455
v 0.0070000 0.4074357 1.0126991
vn 0.0000000 -0.9988499 -0.0479455
v -0.0070000 0.4074357 1.0126991
vn 0.0000000 -0.9988499 -0.0479455
f 1759/1759/1759 1760/1760/1760 1761/1761/1761
v 0.0070000 0.4081232 0.9983768
vn 0.0000000 -0.9988500 -0.0479455
v -0.0070000 0.4074357 1.0126991
vn 0.0000000 -0.9988500 -0.0479455
v -0.0070000 0.4081232 0.9983768
vn 0.0000000 -0.9988500 -0.0479455
f 1762/1762/1762 1763/1763/1763 1764/1764/1764
v 0.0140000 0.4202298 0.9977206
vn 0.8622333 -0.5056814 -0.0289809
v 0.0140000 0.4192042 1.0156147
vn 0.8622333 -0.5056814 -0.0289809
v 0.0070000 0.4074357 1.0126991
vn 0.8622333 -0.5056814 -0.0289809
f 1765/1765/1765 1766/1766/1766 1767/1767/1767
v 0.0140000 0.4202298 0.9977206
vn 0.8648911 -0.5013822 -0.0240667
v 0.0070000 0.4074357 1.0126991
vn 0.8648911 -0.5013822 -0.0240667
v 0.0070000 0.4081232 0.9983768
vn 0.8648911 -0.5013822 -0.0240667
f 1768/1768/1768 1769/1769/1769 1770/1770/1770
v 0.0070000 0.4323364 0.9970644
vn 0.8624859 0.5050631 0.0320829
v 0.0070000 0.4309728 1.0185304
vn 0.8624859 0.5050631 0.0320829
v 0.0140000 0.4192042 1.0156147
vn 0.8624859 0.5050631 0.0320829
f 1771/1771/1771 1772/1772/1772 1773/1773/1773
v 0.0070000 0.4323364 0.9970644
vn 0.8646742 0.5015103 0.0287420
v 0.0140000 0.4192042 1.0156147
vn 0.8646742 0.5015103 0.0287420
v 0.0140000 0.4202298 0.9977206
vn 0.8646742 0.5015103 0.0287420
f 1774/1774/1774 1775/1775/1775 1776/1776/1776
v -0.0070000 0.4323364 0.9970644
vn 0.0000000 0.9979885 0.0633947
v -0.0070000 0.4309728 1.0185304
vn 0.0000000 0.9979885 0.0633947
v 0.0070000 0.4309728 1.0185304
vn 0.0000000 0.9979885 0.0633947
f 1777/1777/1777 1778/1778/1778 1779/1779/1779
v -0.0070000 0.4323364 0.9970644
vn 0.0000000 0.9979885 0.0633947
v 0.0070000 0.4309728 1.0185304
vn 0.0000000 0.9979885 0.0633947
v 0.0070000 0.4323364 0.9970644
vn 0.0000000 0.9979885 0.0633947
f 1780/1780/1780 1781/1781/1781 1782/1782/1782
v -0.0140000 0.4202298 0.9977206
vn -0.8622335 0.5056814 0.0289811
v -0.0140000 0.4192042 1.0156147
vn -0.8622335 0.5056814 0.0289811
v -0.0070000 0.4309728 1.0185304
vn -0.8622335 0.5056814 0.0289811
f 1783/1783/1783 1784/1784/1784 1785/1785/1785
v -0.0140000 0.4202298 0.9977206
vn -0.8645188 0.5015894 0.0318623
v -0.0070000 0.4309728 1.0185304
vn -0.8645188 0.5015894 0.0318623
v -0.0070000 0.4323364 0.9970644
vn -0.8645188 0.5015894 0.0318623
f 1786/1786/1786 1787/1787/1787 1788/1788/1788
v -0.0070000 0.4074357 1.0126991
vn -0.8637974 -0.4572704 -0.2115605
v -0.0070000 0.4008326 1.0269711
vn -0.8637974 -0.4572704 -0.2115605
v -0.0140000 0.4110000 1.0335760
vn -0.8637974 -0.4572704 -0.2115605
f 1789/1789/1789 1790/1790/1790 1791/1791/1791
v -0.0070000 0.4074357 1.0126991
vn -0.8622330 -0.4607239 -0.2104464
v -0.0140000 0.4110000 1.0335760
vn -0.8622330 -0.4607239 -0.2104464
v -0.0140000 0.4192042 1.0156147
vn -0.8622330 -0.4607239 -0.2104464
f 1792/1792/1792 1793/1793/1793 1794/1794/1794
v 0.0070000 0.4074357 1.0126991
vn 0.0000000 -0.9075719 -0.4198966
v 0.0070000 0.4008326 1.0269711
vn 0.0000000 -0.9075719 -0.4198966
v -0.0070000 0.4008326 1.0269711
vn 0.0000000 -0.9075719 -0.4198966
f 1795/1795/1795 1796/1796/1796 1797/1797/1797
v 0.0070000 0.4074357 1.0126991
vn 0.0000000 -0.9075719 -0.4198966
v -0.0070000 0.4008326 1.0269711
vn 0.0000000 -0.9075719 -0.4198966
v -0.0070000 0.4074357 1.0126991
vn 0.0000000 -0.9075719 -0.4198966
f 1798/1798/1798 1799/1799/1799 1800/1800/1800
v 0.0140000 0.4192042 1.0156147
vn 0.8636416 -0.4585360 -0.2094470
v 0.0140000 0.4110000 1.0335760
vn 0.8636416 -0.4585360 -0.2094470
v 0.0070000 0.4008326 1.0269711
vn 0.8636416 -0.4585360 -0.2094470
f 1801/1801/1801 1802/1802/1802 1803/1803/1803
v 0.0140000 0.4192042 1.0156147
vn 0.8620284 -0.4600118 -0.2128288
v 0.0070000 0.4008326 1.0269711
vn 0.8620284 -0.4600118 -0.2128288
v 0.0070000 0.4074357 1.0126991
vn 0.8620284 -0.4600118 -0.2128288
f 1804/1804/1804 1805/1805/1805 1806/1806/1806
v 0.0070000 0.4309728 1.0185304
vn 0.8635353 0.4593726 0.2080465
v 0.0070000 0.4211674 1.0401809
vn 0.8635353 0.4593726 0.2080465
v 0.0140000 0.4110000 1.0335760
vn 0.8635353 0.4593726 0.2080465
f 1807/1807/1807 1808/1808/1808 1809/1809/1809
v 0.0070000 0.4309728 1.0185304
vn 0.8622331 0.4607238 0.2104461
v 0.0140000 0.4110000 1.0335760
vn 0.8622331 0.4607238 0.2104461
v 0.0140000 0.4192042 1.0156147
vn 0.8622331 0.4607238 0.2104461
f 1810/1810/1810 1811/1811/1811 1812/1812/1812
v -0.0070000 0.4309728 1.0185304
vn 0.0000000 0.9109327 0.4125549
v -0.0070000 0.4211674 1.0401809
vn 0.0000000 0.9109327 0.4125549
v 0.0070000 0.4211674 1.0401809
vn 0.0000000 0.9109327 0.4125549
f 1813/1813/1813 1814/1814/1814 1815/1815/1815
v -0.0070000 0.4309728 1.0185304
vn 0.0000000 0.9109327 0.4125549
v 0.0070000 0.4211674 1.0401809
vn 0.0000000 0.9109327 0.4125549
v 0.0070000 0.4309728 1.0185304
vn 0.0000000 0.9109327 0.4125549
f 1816/1816/1816 1817/1817/1817 1818/1818/1818
v -0.0140000 0.4192042 1.0156147
vn -0.8636416 0.4585360 0.2094468
v -0.0140000 0.4110000 1.0335760
vn -0.8636416 0.4585360 0.2094468
v -0.0070000 0.4211674 1.0401809
vn -0.8636416 0.4585360 0.2094468
f 1819/1819/1819 1820/1820/1820 1821/1821/1821
v -0.0140000 0.4192042 1.0156147
vn -0.8623655 0.4611928 0.2088709
v -0.0070000 0.4211674 1.0401809
vn -0.8623655 0.4611928 0.2088709
v -0.0070000 0.4309728 1.0185304
vn -0.8623655 0.4611928 0.2088709
f 1822/1822/1822 1823/1823/1823 1824/1824/1824
v -0.0070000 0.4008326 1.0269711
vn -0.8645453 -0.3751456 -0.3344055
v -0.0070000 0.3941336 1.0344863
vn -0.8645453 -0.3751456 -0.3344055
v -0.0140000 0.4021847 1.0435516
vn -0.8645453 -0.3751456 -0.3344055
f 1825/1825/1825 1826/1826/1826 1827/1827/1827
v -0.0070000 0.4008326 1.0269711
vn -0.8636417 -0.3777467 -0.3338119
v -0.0140000 0.4021847 1.0435516
vn -0.8636417 -0.3777467 -0.3338119
v -0.0140000 0.4110000 1.0335760
vn -0.8636417 -0.3777467 -0.3338119
f 1828/1828/1828 1829/1829/1829 1830/1830/1830
v 0.0070000 0.4008326 1.0269711
vn 0.0000000 -0.7464771 -0.6654111
v 0.0070000 0.3941336 1.0344863
vn 0.0000000 -0.7464771 -0.6654111
v -0.0070000 0.3941336 1.0344863
vn 0.0000000 -0.7464771 -0.6654111
f 1831/1831/1831 1832/1832/1832 1833/1833/1833
v 0.0070000 0.4008326 1.0269711
vn 0.0000000 -0.7464771 -0.6654111
v -0.0070000 0.3941336 1.0344863
vn 0.0000000 -0.7464771 -0.6654111
v -0.0070000 0.4008326 1.0269711
vn 0.0000000 -0.7464771 -0.6654111
f 1834/1834/1834 1835/1835/1835 1836/1836/1836
v 0.0140000 0.4110000 1.0335760
vn 0.8644332 -0.3767289 -0.3329124
v 0.0140000 0.4021847 1.0435516
vn 0.8644332 -0.3767289 -0.3329124
v 0.0070000 0.3941336 1.0344863
vn 0.8644332 -0.3767289 -0.3329124
f 1837/1837/1837 1838/1838/1838 1839/1839/1839
v 0.0140000 0.4110000 1.0335760
vn 0.8634989 -0.3764863 -0.3356005
v 0.0070000 0.3941336 1.0344863
vn 0.8634989 -0.3764863 -0.3356005
v 0.0070000 0.4008326 1.0269711
vn 0.8634989 -0.3764863 -0.3356005
f 1840/1840/1840 1841/1841/1841 1842/1842/1842
v 0.0070000 0.4211674 1.0401809
vn 0.8643627 0.3776913 0.3320033
v 0.0070000 0.4102358 1.0526168
vn 0.8643627 0.3776913 0.3320033
v 0.0140000 0.4021847 1.0435516
vn 0.8643627 0.3776913 0.3320033
f 1843/1843/1843 1844/1844/1844 1845/1845/1845
v 0.0070000 0.4211674 1.0401809
vn 0.8636418 0.3777466 0.3338118
v 0.0140000 0.4021847 1.0435516
vn 0.8636418 0.3777466 0.3338118
v 0.0140000 0.4110000 1.0335760
vn 0.8636418 0.3777466 0.3338118
f 1846/1846/1846 1847/1847/1847 1848/1848/1848
v -0.0070000 0.4211674 1.0401809
vn 0.0000000 0.7510735 0.6602186
v -0.0070000 0.4102358 1.0526168
vn 0.0000000 0.7510735 0.6602186
v 0.0070000 0.4102358 1.0526168
vn 0.0000000 0.7510735 0.6602186
f 1849/1849/1849 1850/1850/1850 1851/1851/1851
v -0.0070000 0.4211674 1.0401809
vn 0.0000000 0.7510735 0.6602186
v 0.0070000 0.4102358 1.0526168
vn 0.0000000 0.7510735 0.6602186
v 0.0070000 0.4211674 1.0401809
vn 0.0000000 0.7510735 0.6602186
f 1852/1852/1852 1853/1853/1853 1854/1854/1854
v -0.0140000 0.4110000 1.0335760
vn -0.8644332 0.3767289 0.3329124
v -0.0140000 0.4021847 1.0435516
vn -0.8644332 0.3767289 0.3329124
v -0.0070000 0.4102358 1.0526168
vn -0.8644332 0.3767289 0.3329124
f 1855/1855/1855 1856/1856/1856 1857/1857/1857
v -0.0140000 0.4110000 1.0335760
vn -0.8637266 0.3785115 0.3327242
v -0.0070000 0.4102358 1.0526168
vn -0.8637266 0.3785115 0.3327242
v -0.0070000 0.4211674 1.0401809
vn -0.8637266 0.3785115 0.3327242
f 1858/1858/1858 1859/1859/1859 1860/1860/1860
v -0.0070000 0.3941336 1.0344863
vn -0.8641207 -0.2870467 -0.4134001
v -0.0070000 0.3863997 1.0398563
vn -0.8641207 -0.2870467 -0.4134001
v -0.0140000 0.3919428 1.0506394
vn -0.8641207 -0.2870467 -0.4134001
f 1861/1861/1861 1862/1862/1862 1863/1863/1863
v -0.0070000 0.3941336 1.0344863
vn -0.8644330 -0.2860957 -0.4134064
v -0.0140000 0.3919428 1.0506394
vn -0.8644330 -0.2860957 -0.4134064
v -0.0140000 0.4021847 1.0435516
vn -0.8644330 -0.2860957 -0.4134064
f 1864/1864/1864 1865/1865/1865 1866/1866/1866
v 0.0070000 0.3941336 1.0344863
vn 0.0000000 -0.5703465 -0.8214042
v 0.0070000 0.3863997 1.0398563
vn 0.0000000 -0.5703465 -0.8214042
v -0.0070000 0.3863997 1.0398563
vn 0.0000000 -0.5703465 -0.8214042
f 1867/1867/1867 1868/1868/1868 1869/1869/1869
v 0.0070000 0.3941336 1.0344863
vn 0.0000000 -0.5703465 -0.8214042
v -0.0070000 0.3863997 1.0398563
vn 0.0000000 -0.5703465 -0.8214042
v -0.0070000 0.3941336 1.0344863
vn 0.0000000 -0.5703465 -0.8214042
f 1870/1870/1870 1871/1871/1871 1872/1872/1872
v 0.0140000 0.4021847 1.0435516
vn 0.8641658 -0.2863569 -0.4137838
v 0.0140000 0.3919428 1.0506394
vn 0.8641658 -0.2863569 -0.4137838
v 0.0070000 0.3863997 1.0398563
vn 0.8641658 -0.2863569 -0.4137838
f 1873/1873/1873 1874/1874/1874 1875/1875/1875
v 0.0140000 0.4021847 1.0435516
vn 0.8644742 -0.2867002 -0.4129012
v 0.0070000 0.3863997 1.0398563
vn 0.8644742 -0.2867002 -0.4129012
v 0.0070000 0.3941336 1.0344863
vn 0.8644742 -0.2867002 -0.4129012
f 1876/1876/1876 1877/1877/1877 1878/1878/1878
v 0.0070000 0.4102358 1.0526168
vn 0.8641931 0.2859378 0.4140169
v 0.0070000 0.3974859 1.0614225
vn 0.8641931 0.2859378 0.4140169
v 0.0140000 0.3919428 1.0506394
vn 0.8641931 0.2859378 0.4140169
f 1879/1879/1879 1880/1880/1880 1881/1881/1881
v 0.0070000 0.4102358 1.0526168
vn 0.8644331 0.2860956 0.4134065
v 0.0140000 0.3919428 1.0506394
vn 0.8644331 0.2860956 0.4134065
v 0.0140000 0.4021847 1.0435516
vn 0.8644331 0.2860956 0.4134065
f 1882/1882/1882 1883/1883/1883 1884/1884/1884
v -0.0070000 0.4102358 1.0526168
vn 0.0000000 0.5682835 0.8228328
v -0.0070000 0.3974859 1.0614225
vn 0.0000000 0.5682835 0.8228328
v 0.0070000 0.3974859 1.0614225
vn 0.0000000 0.5682835 0.8228328
f 1885/1885/1885 1886/1886/1886 1887/1887/1887
v -0.0070000 0.4102358 1.0526168
vn 0.0000000 0.5682835 0.8228328
v 0.0070000 0.3974859 1.0614225
vn 0.0000000 0.5682835 0.8228328
v 0.0070000 0.4102358 1.0526168
vn 0.0000000 0.5682835 0.8228328
f 1888/1888/1888 1889/1889/1889 1890/1890/1890
v -0.0140000 0.4021847 1.0435516
vn -0.8641659 0.2863567 0.4137838
v -0.0140000 0.3919428 1.0506394
vn -0.8641659 0.2863567 0.4137838
v -0.0070000 0.3974859 1.0614225
vn -0.8641659 0.2863567 0.4137838
f 1891/1891/1891 1892/1892/1892 1893/1893/1893
v -0.0140000 0.4021847 1.0435516
vn -0.8644078 0.2857281 0.4137132
v -0.0070000 0.3974859 1.0614225
vn -0.8644078 0.2857281 0.4137132
v -0.0070000 0.4102358 1.0526168
vn -0.8644078 0.2857281 0.4137132
f 1894/1894/1894 1895/1895/1895 1896/1896/1896
v -0.0070000 0.3863997 1.0398563
vn -0.8641356 -0.1699384 -0.4736988
v -0.0070000 0.3779469 1.0428888
vn -0.8641356 -0.1699384 -0.4736988
v -0.0140000 0.3805086 1.0547394
vn -0.8641356 -0.1699384 -0.4736988
f 1897/1897/1897 1898/1898/1898 1899/1899/1899
v -0.0070000 0.3863997 1.0398563
vn -0.8641658 -0.1698464 -0.4736767
v -0.0140000 0.3805086 1.0547394
vn -0.8641658 -0.1698464 -0.4736767
v -0.0140000 0.3919428 1.0506394
vn -0.8641658 -0.1698464 -0.4736767
f 1900/1900/1900 1901/1901/1901 1902/1902/1902
v 0.0070000 0.3863997 1.0398563
vn 0.0000000 -0.3376759 -0.9412625
v 0.0070000 0.3779469 1.0428888
vn 0.0000000 -0.3376759 -0.9412625
v -0.0070000 0.3779469 1.0428888
vn 0.0000000 -0.3376759 -0.9412625
f 1903/1903/1903 1904/1904/1904 1905/1905/1905
v 0.0070000 0.3863997 1.0398563
vn 0.0000000 -0.3376759 -0.9412625
v -0.0070000 0.3779469 1.0428888
vn 0.0000000 -0.3376759 -0.9412625
v -0.0070000 0.3863997 1.0398563
vn 0.0000000 -0.3376759 -0.9412625
f 1906/1906/1906 1907/1907/1907 1908/1908/1908
v 0.0140000 0.3919428 1.0506394
vn 0.8641403 -0.1698613 -0.4737180
v 0.0140000 0.3805086 1.0547394
vn 0.8641403 -0.1698613 -0.4737180
v 0.0070000 0.3779469 1.0428888
vn 0.8641403 -0.1698613 -0.4737180
f 1909/1909/1909 1910/1910/1910 1911/1911/1911
v 0.0140000 0.3919428 1.0506394
vn 0.8641704 -0.1699182 -0.4736425
v 0.0070000 0.3779469 1.0428888
vn 0.8641704 -0.1699182 -0.4736425
v 0.0070000 0.3863997 1.0398563
vn 0.8641704 -0.1699182 -0.4736425
f 1912/1912/1912 1913/1913/1913 1914/1914/1914
v 0.0070000 0.3974859 1.0614225
vn 0.8641428 0.1698160 0.4737293
v 0.0070000 0.3830704 1.0665900
vn 0.8641428 0.1698160 0.4737293
v 0.0140000 0.3805086 1.0547394
vn 0.8641428 0.1698160 0.4737293
f 1915/1915/1915 1916/1916/1916 1917/1917/1917
v 0.0070000 0.3974859 1.0614225
vn 0.8641660 0.1698464 0.4736765
v 0.0140000 0.3805086 1.0547394
vn 0.8641660 0.1698464 0.4736765
v 0.0140000 0.3919428 1.0506394
vn 0.8641660 0.1698464 0.4736765
f 1918/1918/1918 1919/1919/1919 1920/1920/1920
v -0.0070000 0.3974859 1.0614225
vn 0.0000000 0.3374411 0.9413466
v -0.0070000 0.3830704 1.0665900
vn 0.0000000 0.3374411 0.9413466
v 0.0070000 0.3830704 1.0665900
vn 0.0000000 0.3374411 0.9413466
f 1921/1921/1921 1922/1922/1922 1923/1923/1923
v -0.0070000 0.3974859 1.0614225
vn 0.0000000 0.3374411 0.9413466
v 0.0070000 0.3830704 1.0665900
vn 0.0000000 0.3374411 0.9413466
v 0.0070000 0.3974859 1.0614225
vn 0.0000000 0.3374411 0.9413466
f 1924/1924/1924 1925/1925/1925 1926/1926/1926
v -0.0140000 0.3919428 1.0506394
vn -0.8641403 0.1698613 0.4737180
v -0.0140000 0.3805086 1.0547394
vn -0.8641403 0.1698613 0.4737180
v -0.0070000 0.3830704 1.0665900
vn -0.8641403 0.1698613 0.4737180
f 1927/1927/1927 1928/1928/1928 1929/1929/1929
v -0.0140000 0.3919428 1.0506394
vn -0.8641633 0.1698042 0.4736964
v -0.0070000 0.3830704 1.0665900
vn -0.8641633 0.1698042 0.4736964
v -0.0070000 0.3974859 1.0614225
vn -0.8641633 0.1698042 0.4736964
f 1930/1930/1930 1931/1931/1931 1932/1932/1932
v -0.0070000 0.3779469 1.0428888
vn -0.8644145 -0.0402333 -0.5011677
v -0.0070000 0.3686185 1.0436376
vn -0.8644145 -0.0402333 -0.5011677
v -0.0140000 0.3681163 1.0557516
vn -0.8644145 -0.0402333 -0.5011677
f 1933/1933/1933 1934/1934/1934 1935/1935/1935
v -0.0070000 0.3779469 1.0428888
vn -0.8641402 -0.0409692 -0.5015808
v -0.0140000 0.3681163 1.0557516
vn -0.8641402 -0.0409692 -0.5015808
v -0.0140000 0.3805086 1.0547394
vn -0.8641402 -0.0409692 -0.5015808
f 1936/1936/1936 1937/1937/1937 1938/1938/1938
v 0.0070000 0.3779469 1.0428888
vn 0.0000000 -0.0800217 -0.9967931
v 0.0070000 0.3686185 1.0436376
vn 0.0000000 -0.0800217 -0.9967931
v -0.0070000 0.3686185 1.0436376
vn 0.0000000 -0.0800217 -0.9967931
f 1939/1939/1939 1940/1940/1940 1941/1941/1941
v 0.0070000 0.3779469 1.0428888
vn 0.0000000 -0.0800217 -0.9967931
v -0.0070000 0.3686185 1.0436376
vn 0.0000000 -0.0800217 -0.9967931
v -0.0070000 0.3779469 1.0428888
vn 0.0000000 -0.0800217 -0.9967931
f 1942/1942/1942 1943/1943/1943 1944/1944/1944
v 0.0140000 0.3805086 1.0547394
vn 0.8643771 -0.0409361 -0.5011750
v 0.0140000 0.3681163 1.0557516
vn 0.8643771 -0.0409361 -0.5011750
v 0.0070000 0.3686185 1.0436376
vn 0.8643771 -0.0409361 -0.5011750
f 1945/1945/1945 1946/1946/1946 1947/1947/1947
v 0.0140000 0.3805086 1.0547394
vn 0.8640997 -0.0402766 -0.5017065
v 0.0070000 0.3686185 1.0436376
vn 0.8640997 -0.0402766 -0.5017065
v 0.0070000 0.3779469 1.0428888
vn 0.8640997 -0.0402766 -0.5017065
f 1948/1948/1948 1949/1949/1949 1950/1950/1950
v 0.0070000 0.3830704 1.0665900
vn 0.8643543 0.0413600 0.5011795
v 0.0070000 0.3676141 1.0678655
vn 0.8643543 0.0413600 0.5011795
v 0.0140000 0.3681163 1.0557516
vn 0.8643543 0.0413600 0.5011795
f 1951/1951/1951 1952/1952/1952 1953/1953/1953
v 0.0070000 0.3830704 1.0665900
vn 0.8641402 0.0409690 0.5015807
v 0.0140000 0.3681163 1.0557516
vn 0.8641402 0.0409690 0.5015807
v 0.0140000 0.3805086 1.0547394
vn 0.8641402 0.0409690 0.5015807
f 1954/1954/1954 1955/1955/1955 1956/1956/1956
v -0.0070000 0.3830704 1.0665900
vn 0.0000000 0.0822458 0.9966121
v -0.0070000 0.3676141 1.0678655
vn 0.0000000 0.0822458 0.9966121
v 0.0070000 0.3676141 1.0678655
vn 0.0000000 0.0822458 0.9966121
f 1957/1957/1957 1958/1958/1958 1959/1959/1959
v -0.0070000 0.3830704 1.0665900
vn 0.0000000 0.0822458 0.9966120
v 0.0070000 0.3676141 1.0678655
vn 0.0000000 0.0822458 0.9966120
v 0.0070000 0.3830704 1.0665900
vn 0.0000000 0.0822458 0.9966120
f 1960/1960/1960 1961/1961/1961 1962/1962/1962
v -0.0140000 0.3805086 1.0547394
vn -0.8643771 0.0409358 0.5011750
v -0.0140000 0.3681163 1.0557516
vn -0.8643771 0.0409358 0.5011750
v -0.0070000 0.3676141 1.0678655
vn -0.8643771 0.0409358 0.5011750
f 1963/1963/1963 1964/1964/1964 1965/1965/1965
v -0.0140000 0.3805086 1.0547394
vn -0.8641644 0.0413868 0.5015046
v -0.0070000 0.3676141 1.0678655
vn -0.8641644 0.0413868 0.5015046
v -0.0070000 0.3830704 1.0665900
vn -0.8641644 0.0413868 0.5015046
f 1966/1966/1966 1967/1967/1967 1968/1968/1968
v -0.0070000 0.3686185 1.0436376
vn -0.8634277 0.0803602 -0.4980309
v -0.0070000 0.3587445 1.0420444
vn -0.8634277 0.0803602 -0.4980309
v -0.0140000 0.3550000 1.0535760
vn -0.8634277 0.0803602 -0.4980309
f 1969/1969/1969 1970/1970/1970 1971/1971/1971
v -0.0070000 0.3686185 1.0436376
vn -0.8643770 0.0822815 -0.4960667
v -0.0140000 0.3550000 1.0535760
vn -0.8643770 0.0822815 -0.4960667
v -0.0140000 0.3681163 1.0557516
vn -0.8643770 0.0822815 -0.4960667
f 1972/1972/1972 1973/1973/1973 1974/1974/1974
v 0.0070000 0.3686185 1.0436376
vn 0.0000000 0.1592957 -0.9872310
v 0.0070000 0.3587445 1.0420444
vn 0.0000000 0.1592957 -0.9872310
v -0.0070000 0.3587445 1.0420444
vn 0.0000000 0.1592957 -0.9872310
f 1975/1975/1975 1976/1976/1976 1977/1977/1977
v 0.0070000 0.3686185 1.0436376
vn 0.0000000 0.1592957 -0.9872309
v -0.0070000 0.3587445 1.0420444
vn 0.0000000 0.1592957 -0.9872309
v -0.0070000 0.3686185 1.0436376
vn 0.0000000 0.1592957 -0.9872309
f 1978/1978/1978 1979/1979/1979 1980/1980/1980
v 0.0140000 0.3681163 1.0557516
vn 0.8635755 0.0825066 -0.4974234
v 0.0140000 0.3550000 1.0535760
vn 0.8635755 0.0825066 -0.4974234
v 0.0070000 0.3587445 1.0420444
vn 0.8635755 0.0825066 -0.4974234
f 1981/1981/1981 1982/1982/1982 1983/1983/1983
v 0.0140000 0.3681163 1.0557516
vn 0.8644936 0.0800690 -0.4962256
v 0.0070000 0.3587445 1.0420444
vn 0.8644936 0.0800690 -0.4962256
v 0.0070000 0.3686185 1.0436376
vn 0.8644936 0.0800690 -0.4962256
f 1984/1984/1984 1985/1985/1985 1986/1986/1986
v 0.0070000 0.3676141 1.0678655
vn 0.8636624 -0.0837991 0.4970564
v 0.0070000 0.3512555 1.0651076
vn 0.8636624 -0.0837991 0.4970564
v 0.0140000 0.3550000 1.0535760
vn 0.8636624 -0.0837991 0.4970564
f 1987/1987/1987 1988/1988/1988 1989/1989/1989
v 0.0070000 0.3676141 1.0678655
vn 0.8643771 -0.0822813 0.4960667
v 0.0140000 0.3550000 1.0535760
vn 0.8643771 -0.0822813 0.4960667
v 0.0140000 0.3681163 1.0557516
vn 0.8643771 -0.0822813 0.4960667
f 1990/1990/1990 1991/1991/1991 1992/1992/1992
v -0.0070000 0.3676141 1.0678655
vn 0.0000000 -0.1662448 0.9860845
v -0.0070000 0.3512555 1.0651076
vn 0.0000000 -0.1662448 0.9860845
v 0.0070000 0.3512555 1.0651076
vn 0.0000000 -0.1662448 0.9860845
f 1993/1993/1993 1994/1994/1994 1995/1995/1995
v -0.0070000 0.3676141 1.0678655
vn 0.0000000 -0.1662448 0.9860845
v 0.0070000 0.3512555 1.0651076
vn 0.0000000 -0.1662448 0.9860845
v 0.0070000 0.3676141 1.0678655
vn 0.0000000 -0.1662448 0.9860845
f 1996/1996/1996 1997/1997/1997 1998/1998/1998
v -0.0140000 0.3681163 1.0557516
vn -0.8635756 -0.0825063 0.4974235
v -0.0140000 0.3550000 1.0535760
vn -0.8635756 -0.0825063 0.4974235
v -0.0070000 0.3512555 1.0651076
vn -0.8635756 -0.0825063 0.4974235
f 1999/1999/1999 2000/2000/2000 2001/2001/2001
v -0.0140000 0.3681163 1.0557516
vn -0.8643047 -0.0836159 0.4959694
v -0.0070000 0.3512555 1.0651076
vn -0.8643047 -0.0836159 0.4959694
v -0.0070000 0.3676141 1.0678655
vn -0.8643047 -0.0836159 0.4959694
f 2002/2002/2002 2003/2003/2003 2004/2004/2004
v -0.0070000 0.3587445 1.0420444
vn -0.8618026 0.2230350 -0.4555783
v -0.0070000 0.3504511 1.0379843
vn -0.8618026 0.2230350 -0.4555783
v -0.0140000 0.3431044 1.0476292
vn -0.8618026 0.2230350 -0.4555783
f 2005/2005/2005 2006/2006/2006 2007/2007/2007
v -0.0070000 0.3587445 1.0420444
vn -0.8635755 0.2254622 -0.4510034
v -0.0140000 0.3431044 1.0476292
vn -0.8635755 0.2254622 -0.4510034
v -0.0140000 0.3550000 1.0535760
vn -0.8635755 0.2254622 -0.4510034
f 2008/2008/2008 2009/2009/2009 2010/2010/2010
v 0.0070000 0.3587445 1.0420444
vn 0.0000000 0.4396998 -0.8981448
v 0.0070000 0.3504511 1.0379843
vn 0.0000000 0.4396998 -0.8981448
v -0.0070000 0.3504511 1.0379843
vn 0.0000000 0.4396998 -0.8981448
f 2011/2011/2011 2012/2012/2012 2013/2013/2013
v 0.0070000 0.3587445 1.0420444
vn 0.0000000 0.4396998 -0.8981448
v -0.0070000 0.3504511 1.0379843
vn 0.0000000 0.4396998 -0.8981448
v -0.0070000 0.3587445 1.0420444
vn 0.0000000 0.4396998 -0.8981448
f 2014/2014/2014 2015/2015/2015 2016/2016/2016
v 0.0140000 0.3550000 1.0535760
vn 0.8621597 0.2265429 -0.4531653
v 0.0140000 0.3431044 1.0476292
vn 0.8621597 0.2265429 -0.4531653
v 0.0070000 0.3504511 1.0379843
vn 0.8621597 0.2265429 -0.4531653
f 2017/2017/2017 2018/2018/2018 2019/2019/2019
v 0.0140000 0.3550000 1.0535760
vn 0.8638428 0.2215039 -0.4524508
v 0.0070000 0.3504511 1.0379843
vn 0.8638428 0.2215039 -0.4524508
v 0.0070000 0.3587445 1.0420444
vn 0.8638428 0.2215039 -0.4524508
f 2020/2020/2020 2021/2021/2021 2022/2022/2022
v 0.0070000 0.3512555 1.0651076
vn 0.8623430 -0.2284033 0.4518812
v 0.0070000 0.3357577 1.0572742
vn 0.8623430 -0.2284033 0.4518812
v 0.0140000 0.3431044 1.0476292
vn 0.8623430 -0.2284033 0.4518812
f 2023/2023/2023 2024/2024/2024 2025/2025/2025
v 0.0070000 0.3512555 1.0651076
vn 0.8635756 -0.2254621 0.4510033
v 0.0140000 0.3431044 1.0476292
vn 0.8635756 -0.2254621 0.4510033
v 0.0140000 0.3550000 1.0535760
vn 0.8635756 -0.2254621 0.4510033
f 2026/2026/2026 2027/2027/2027 2028/2028/2028
v -0.0070000 0.3512555 1.0651076
vn 0.0000000 -0.4511004 0.8924732
v -0.0070000 0.3357577 1.0572742
vn 0.0000000 -0.4511004 0.8924732
v 0.0070000 0.3357577 1.0572742
vn 0.0000000 -0.4511004 0.8924732
f 2029/2029/2029 2030/2030/2030 2031/2031/2031
v -0.0070000 0.3512555 1.0651076
vn 0.0000000 -0.4511003 0.8924732
v 0.0070000 0.3357577 1.0572742
vn 0.0000000 -0.4511003 0.8924732
v 0.0070000 0.3512555 1.0651076
vn 0.0000000 -0.4511003 0.8924732
f 2032/2032/2032 2033/2033/2033 2034/2034/2034
v -0.0140000 0.3550000 1.0535760
vn -0.8621598 -0.2265429 0.4531652
v -0.0140000 0.3431044 1.0476292
vn -0.8621598 -0.2265429 0.4531652
v -0.0070000 0.3357577 1.0572742
vn -0.8621598 -0.2265429 0.4531652
f 2035/2035/2035 2036/2036/2036 2037/2037/2037
v -0.0140000 0.3550000 1.0535760
vn -0.8634272 -0.2275682 0.4502292
v -0.0070000 0.3357577 1.0572742
vn -0.8634272 -0.2275682 0.4502292
v -0.0070000 0.3512555 1.0651076
vn -0.8634272 -0.2275682 0.4502292
f 2038/2038/2038 2039/2039/2039 2040/2040/2040
v -0.0070000 0.3504511 1.0379843
vn -0.8650203 0.3783994 -0.3294748
v -0.0070000 0.3448944 1.0316024
vn -0.8650203 0.3783994 -0.3294748
v -0.0140000 0.3350284 1.0386496
vn -0.8650203 0.3783994 -0.3294748
f 2041/2041/2041 2042/2042/2042 2043/2043/2043
v -0.0070000 0.3504511 1.0379843
vn -0.8621597 0.3766993 -0.3387893
v -0.0140000 0.3350284 1.0386496
vn -0.8621597 0.3766993 -0.3387893
v -0.0140000 0.3431044 1.0476292
vn -0.8621597 0.3766993 -0.3387893
f 2044/2044/2044 2045/2045/2045 2046/2046/2046
v 0.0070000 0.3504511 1.0379843
vn 0.0000000 0.7541793 -0.6566685
v 0.0070000 0.3448944 1.0316024
vn 0.0000000 0.7541793 -0.6566685
v -0.0070000 0.3448944 1.0316024
vn 0.0000000 0.7541793 -0.6566685
f 2047/2047/2047 2048/2048/2048 2049/2049/2049
v 0.0070000 0.3504511 1.0379843
vn 0.0000000 0.7541793 -0.6566685
v -0.0070000 0.3448944 1.0316024
vn 0.0000000 0.7541793 -0.6566685
v -0.0070000 0.3504511 1.0379843
vn 0.0000000 0.7541793 -0.6566685
f 2050/2050/2050 2051/2051/2051 2052/2052/2052
v 0.0140000 0.3431044 1.0476292
vn 0.8646541 0.3735253 -0.3359346
v 0.0140000 0.3350284 1.0386496
vn 0.8646541 0.3735253 -0.3359346
v 0.0070000 0.3448944 1.0316024
vn 0.8646541 0.3735253 -0.3359346
f 2053/2053/2053 2054/2054/2054 2055/2055/2055
v 0.0140000 0.3431044 1.0476292
vn 0.8614545 0.3829984 -0.3334791
v 0.0070000 0.3448944 1.0316024
vn 0.8614545 0.3829984 -0.3334791
v 0.0070000 0.3504511 1.0379843
vn 0.8614545 0.3829984 -0.3334791
f 2056/2056/2056 2057/2057/2057 2058/2058/2058
v 0.0070000 0.3357577 1.0572742
vn 0.8644326 -0.3708818 0.3394154
v 0.0070000 0.3251624 1.0456967
vn 0.8644326 -0.3708818 0.3394154
v 0.0140000 0.3350284 1.0386496
vn 0.8644326 -0.3708818 0.3394154
f 2059/2059/2059 2060/2060/2060 2061/2061/2061
v 0.0070000 0.3357577 1.0572742
vn 0.8621598 -0.3766994 0.3387890
v 0.0140000 0.3350284 1.0386496
vn 0.8621598 -0.3766994 0.3387890
v 0.0140000 0.3431044 1.0476292
vn 0.8621598 -0.3766994 0.3387890
f 2062/2062/2062 2063/2063/2063 2064/2064/2064
v -0.0070000 0.3357577 1.0572742
vn 0.0000000 -0.7377082 0.6751197
v -0.0070000 0.3251624 1.0456967
vn 0.0000000 -0.7377082 0.6751197
v 0.0070000 0.3251624 1.0456967
vn 0.0000000 -0.7377082 0.6751197
f 2065/2065/2065 2066/2066/2066 2067/2067/2067
v -0.0070000 0.3357577 1.0572742
vn 0.0000000 -0.7377082 0.6751197
v 0.0070000 0.3251624 1.0456967
vn 0.0000000 -0.7377082 0.6751197
v 0.0070000 0.3357577 1.0572742
vn 0.0000000 -0.7377082 0.6751197
f 2068/2068/2068 2069/2069/2069 2070/2070/2070
v -0.0140000 0.3431044 1.0476292
vn -0.8646541 -0.3735254 0.3359344
v -0.0140000 0.3350284 1.0386496
vn -0.8646541 -0.3735254 0.3359344
v -0.0070000 0.3251624 1.0456967
vn -0.8646541 -0.3735254 0.3359344
f 2071/2071/2071 2072/2072/2072 2073/2073/2073
v -0.0140000 0.3431044 1.0476292
vn -0.8625145 -0.3733043 0.3416324
v -0.0070000 0.3251624 1.0456967
vn -0.8625145 -0.3733043 0.3416324
v -0.0070000 0.3357577 1.0572742
vn -0.8625145 -0.3733043 0.3416324
f 2074/2074/2074 2075/2075/2075 2076/2076/2076
v -0.0070000 0.3448944 1.0316024
vn -0.8660041 0.4385017 -0.2403187
v -0.0070000 0.3396142 1.0219679
vn -0.8660041 0.4385017 -0.2403187
v -0.0140000 0.3289002 1.0276433
vn -0.8660041 0.4385017 -0.2403187
f 2077/2077/2077 2078/2078/2078 2079/2079/2079
v -0.0070000 0.3448944 1.0316024
vn -0.8646541 0.4389177 -0.2443861
v -0.0140000 0.3289002 1.0276433
vn -0.8646541 0.4389177 -0.2443861
v -0.0140000 0.3350284 1.0386496
vn -0.8646541 0.4389177 -0.2443861
f 2080/2080/2080 2081/2081/2081 2082/2082/2082
v 0.0070000 0.3448944 1.0316024
vn 0.0000000 0.8769388 -0.4806020
v 0.0070000 0.3396142 1.0219679
vn 0.0000000 0.8769388 -0.4806020
v -0.0070000 0.3396142 1.0219679
vn 0.0000000 0.8769388 -0.4806020
f 2083/2083/2083 2084/2084/2084 2085/2085/2085
v 0.0070000 0.3448944 1.0316024
vn 0.0000000 0.8769388 -0.4806020
v -0.0070000 0.3396142 1.0219679
vn 0.0000000 0.8769388 -0.4806020
v -0.0070000 0.3448944 1.0316024
vn 0.0000000 0.8769388 -0.4806020
f 2086/2086/2086 2087/2087/2087 2088/2088/2088
v 0.0140000 0.3350284 1.0386496
vn 0.8659787 0.4369196 -0.2432737
v 0.0140000 0.3289002 1.0276433
vn 0.8659787 0.4369196 -0.2432737
v 0.0070000 0.3396142 1.0219679
vn 0.8659787 0.4369196 -0.2432737
f 2089/2089/2089 2090/2090/2090 2091/2091/2091
v 0.0140000 0.3350284 1.0386496
vn 0.8644843 0.4408019 -0.2415793
v 0.0070000 0.3396142 1.0219679
vn 0.8644843 0.4408019 -0.2415793
v 0.0070000 0.3448944 1.0316024
vn 0.8644843 0.4408019 -0.2415793
f 2092/2092/2092 2093/2093/2093 2094/2094/2094
v 0.0070000 0.3251624 1.0456967
vn 0.8659523 -0.4356928 0.2455571
v 0.0070000 0.3181862 1.0333188
vn 0.8659523 -0.4356928 0.2455571
v 0.0140000 0.3289002 1.0276433
vn 0.8659523 -0.4356928 0.2455571
f 2095/2095/2095 2096/2096/2096 2097/2097/2097
v 0.0070000 0.3251624 1.0456967
vn 0.8646541 -0.4389176 0.2443861
v 0.0140000 0.3289002 1.0276433
vn 0.8646541 -0.4389176 0.2443861
v 0.0140000 0.3350284 1.0386496
vn 0.8646541 -0.4389176 0.2443861
f 2098/2098/2098 2099/2099/2099 2100/2100/2100
v -0.0070000 0.3251624 1.0456967
vn 0.0000000 -0.8711652 0.4909900
v -0.0070000 0.3181862 1.0333188
vn 0.0000000 -0.8711652 0.4909900
v 0.0070000 0.3181862 1.0333188
vn 0.0000000 -0.8711652 0.4909900
f 2101/2101/2101 2102/2102/2102 2103/2103/2103
v -0.0070000 0.3251624 1.0456967
vn 0.0000000 -0.8711652 0.4909900
v 0.0070000 0.3181862 1.0333188
vn 0.0000000 -0.8711652 0.4909900
v 0.0070000 0.3251624 1.0456967
vn 0.0000000 -0.8711652 0.4909900
f 2104/2104/2104 2105/2105/2105 2106/2106/2106
v -0.0140000 0.3350284 1.0386496
vn -0.8659787 -0.4369196 0.2432736
v -0.0140000 0.3289002 1.0276433
vn -0.8659787 -0.4369196 0.2432736
v -0.0070000 0.3181862 1.0333188
vn -0.8659787 -0.4369196 0.2432736
f 2107/2107/2107 2108/2108/2108 2109/2109/2109
v -0.0140000 0.3350284 1.0386496
vn -0.8647785 -0.4374585 0.2465523
v -0.0070000 0.3181862 1.0333188
vn -0.8647785 -0.4374585 0.2465523
v -0.0070000 0.3251624 1.0456967
vn -0.8647785 -0.4374585 0.2465523
f 2110/2110/2110 2111/2111/2111 2112/2112/2112
v -0.0070000 0.3396142 1.0219679
vn -0.8657025 0.4468710 -0.2255337
v -0.0070000 0.3333581 1.0095720
vn -0.8657025 0.4468710 -0.2255337
v -0.0140000 0.3228480 1.0156167
vn -0.8657025 0.4468710 -0.2255337
f 2113/2113/2113 2114/2114/2114 2115/2115/2115
v -0.0070000 0.3396142 1.0219679
vn -0.8659786 0.4467072 -0.2247971
v -0.0140000 0.3228480 1.0156167
vn -0.8659786 0.4467072 -0.2247971
v -0.0140000 0.3289002 1.0276433
vn -0.8659786 0.4467072 -0.2247971
f 2116/2116/2116 2117/2117/2117 2118/2118/2118
v 0.0070000 0.3396142 1.0219679
vn 0.0000000 0.8927442 -0.4505639
v 0.0070000 0.3333581 1.0095720
vn 0.0000000 0.8927442 -0.4505639
v -0.0070000 0.3333581 1.0095720
vn 0.0000000 0.8927442 -0.4505639
f 2119/2119/2119 2120/2120/2120 2121/2121/2121
v 0.0070000 0.3396142 1.0219679
vn 0.0000000 0.8927442 -0.4505639
v -0.0070000 0.3333581 1.0095720
vn 0.0000000 0.8927442 -0.4505639
v -0.0070000 0.3396142 1.0219679
vn 0.0000000 0.8927442 -0.4505639
f 2122/2122/2122 2123/2123/2123 2124/2124/2124
v 0.0140000 0.3289002 1.0276433
vn 0.8656887 0.4471555 -0.2250227
v 0.0140000 0.3228480 1.0156167
vn 0.8656887 0.4471555 -0.2250227
v 0.0070000 0.3333581 1.0095720
vn 0.8656887 0.4471555 -0.2250227
f 2125/2125/2125 2126/2126/2126 2127/2127/2127
v 0.0140000 0.3289002 1.0276433
vn 0.8659839 0.4464364 -0.2253144
v 0.0070000 0.3333581 1.0095720
vn 0.8659839 0.4464364 -0.2253144
v 0.0070000 0.3396142 1.0219679
vn 0.8659839 0.4464364 -0.2253144
f 2128/2128/2128 2129/2129/2129 2130/2130/2130
v 0.0070000 0.3181862 1.0333188
vn 0.8656734 -0.4474583 0.2244784
v 0.0070000 0.3123379 1.0216613
vn 0.8656734 -0.4474583 0.2244784
v 0.0140000 0.3228480 1.0156167
vn 0.8656734 -0.4474583 0.2244784
f 2131/2131/2131 2132/2132/2132 2133/2133/2133
v 0.0070000 0.3181862 1.0333188
vn 0.8659788 -0.4467071 0.2247970
v 0.0140000 0.3228480 1.0156167
vn 0.8659788 -0.4467071 0.2247970
v 0.0140000 0.3289002 1.0276433
vn 0.8659788 -0.4467071 0.2247970
f 2134/2134/2134 2135/2135/2135 2136/2136/2136
v -0.0070000 0.3181862 1.0333188
vn 0.0000000 -0.8938276 0.4484105
v -0.0070000 0.3123379 1.0216613
vn 0.0000000 -0.8938276 0.4484105
v 0.0070000 0.3123379 1.0216613
vn 0.0000000 -0.8938276 0.4484105
f 2137/2137/2137 2138/2138/2138 2139/2139/2139
v -0.0070000 0.3181862 1.0333188
vn 0.0000000 -0.8938276 0.4484105
v 0.0070000 0.3123379 1.0216613
vn 0.0000000 -0.8938276 0.4484105
v 0.0070000 0.3181862 1.0333188
vn 0.0000000 -0.8938276 0.4484105
f 2140/2140/2140 2141/2141/2141 2142/2142/2142
v -0.0140000 0.3289002 1.0276433
vn -0.8656887 -0.4471554 0.2250226
v -0.0140000 0.3228480 1.0156167
vn -0.8656887 -0.4471554 0.2250226
v -0.0070000 0.3123379 1.0216613
vn -0.8656887 -0.4471554 0.2250226
f 2143/2143/2143 2144/2144/2144 2145/2145/2145
v -0.0140000 0.3289002 1.0276433
vn -0.8659729 -0.4469951 0.2242460
v -0.0070000 0.3123379 1.0216613
vn -0.8659729 -0.4469951 0.2242460
v -0.0070000 0.3181862 1.0333188
vn -0.8659729 -0.4469951 0.2242460
f 2146/2146/2146 2147/2147/2147 2148/2148/2148
v -0.0070000 0.3333581 1.0095720
vn -0.8650491 0.4196433 -0.2749356
v -0.0070000 0.3244675 0.9960020
vn -0.8650491 0.4196433 -0.2749356
v -0.0140000 0.3150000 1.0035760
vn -0.8650491 0.4196433 -0.2749356
f 2149/2149/2149 2150/2150/2150 2151/2151/2151
v -0.0070000 0.3333581 1.0095720
vn -0.8656884 0.4193664 -0.2733411
v -0.0140000 0.3150000 1.0035760
vn -0.8656884 0.4193664 -0.2733411
v -0.0140000 0.3228480 1.0156167
vn -0.8656884 0.4193664 -0.2733411
f 2152/2152/2152 2153/2153/2153 2154/2154/2154
v 0.0070000 0.3333581 1.0095720
vn 0.0000000 0.8364639 -0.5480221
v 0.0070000 0.3244675 0.9960020
vn 0.0000000 0.8364639 -0.5480221
v -0.0070000 0.3244675 0.9960020
vn 0.0000000 0.8364639 -0.5480221
f 2155/2155/2155 2156/2156/2156 2157/2157/2157
v 0.0070000 0.3333581 1.0095720
vn 0.0000000 0.8364639 -0.5480220
v -0.0070000 0.3244675 0.9960020
vn 0.0000000 0.8364639 -0.5480220
v -0.0070000 0.3333581 1.0095720
vn 0.0000000 0.8364639 -0.5480220
f 2158/2158/2158 2159/2159/2159 2160/2160/2160
v 0.0140000 0.3228480 1.0156167
vn 0.8649997 0.4203627 -0.2739905
v 0.0140000 0.3150000 1.0035760
vn 0.8649997 0.4203627 -0.2739905
v 0.0070000 0.3244675 0.9960020
vn 0.8649997 0.4203627 -0.2739905
f 2161/2161/2161 2162/2162/2162 2163/2163/2163
v 0.0140000 0.3228480 1.0156167
vn 0.8656594 0.4187619 -0.2743581
v 0.0070000 0.3244675 0.9960020
vn 0.8656594 0.4187619 -0.2743581
v 0.0070000 0.3333581 1.0095720
vn 0.8656594 0.4187619 -0.2743581
f 2164/2164/2164 2165/2165/2165 2166/2166/2166
v 0.0070000 0.3123379 1.0216613
vn 0.8649344 -0.4212925 0.2727659
v 0.0070000 0.3055325 1.0111501
vn 0.8649344 -0.4212925 0.2727659
v 0.0140000 0.3150000 1.0035760
vn 0.8649344 -0.4212925 0.2727659
f 2167/2167/2167 2168/2168/2168 2169/2169/2169
v 0.0070000 0.3123379 1.0216613
vn 0.8656885 -0.4193661 0.2733413
v 0.0140000 0.3150000 1.0035760
vn 0.8656885 -0.4193661 0.2733413
v 0.0140000 0.3228480 1.0156167
vn 0.8656885 -0.4193661 0.2733413
f 2170/2170/2170 2171/2171/2171 2172/2172/2172
v -0.0070000 0.3123379 1.0216613
vn 0.0000000 -0.8394203 0.5434826
v -0.0070000 0.3055325 1.0111501
vn 0.0000000 -0.8394203 0.5434826
v 0.0070000 0.3055325 1.0111501
vn 0.0000000 -0.8394203 0.5434826
f 2173/2173/2173 2174/2174/2174 2175/2175/2175
v -0.0070000 0.3123379 1.0216613
vn 0.0000000 -0.8394203 0.5434827
v 0.0070000 0.3055325 1.0111501
vn 0.0000000 -0.8394203 0.5434827
v 0.0070000 0.3123379 1.0216613
vn 0.0000000 -0.8394203 0.5434827
f 2176/2176/2176 2177/2177/2177 2178/2178/2178
v -0.0140000 0.3228480 1.0156167
vn -0.8650003 -0.4203616 0.2739902
v -0.0140000 0.3150000 1.0035760
vn -0.8650003 -0.4203616 0.2739902
v -0.0070000 0.3055325 1.0111501
vn -0.8650003 -0.4203616 0.2739902
f 2179/2179/2179 2180/2180/2180 2181/2181/2181
v -0.0140000 0.3228480 1.0156167
vn -0.8657245 -0.4201473 0.2720245
v -0.0070000 0.3055325 1.0111501
vn -0.8657245 -0.4201473 0.2720245
v -0.0070000 0.3123379 1.0216613
vn -0.8657245 -0.4201473 0.2720245
f 2182/2182/2182 2183/2183/2183 2184/2184/2184
o pz_sink_white_hanging_|_tap_stem_-0.145
usemtl UV_Base
v -0.1230000 0.3900000 0.9095760
vn 0.0000000 0.0000000 -0.9999999
v -0.1272016 0.3770687 0.9095760
vn 0.0000000 0.0000000 -0.9999999
v -0.1382016 0.3690768 0.9095760
vn 0.0000000 0.0000000 -0.9999999
f 2185/2185/2185 2186/2186/2186 2187/2187/2187
v -0.1382016 0.3690768 0.9095760
vn 0.0000000 0.0000000 -1.0000000
v -0.1517984 0.3690768 0.9095760
vn 0.0000000 0.0000000 -1.0000000
v -0.1627984 0.3770687 0.9095760
vn 0.0000000 0.0000000 -1.0000000
f 2188/2188/2188 2189/2189/2189 2190/2190/2190
v -0.1627984 0.3770687 0.9095760
vn 0.0000000 -0.0000000 -0.9999999
v -0.1670000 0.3900000 0.9095760
vn 0.0000000 -0.0000000 -0.9999999
v -0.1627984 0.4029313 0.9095760
vn 0.0000000 -0.0000000 -0.9999999
f 2191/2191/2191 2192/2192/2192 2193/2193/2193
v -0.1627984 0.4029313 0.9095760
vn -0.0000000 0.0000000 -1.0000000
v -0.1517984 0.4109232 0.9095760
vn -0.0000000 0.0000000 -1.0000000
v -0.1382016 0.4109232 0.9095760
vn -0.0000000 0.0000000 -1.0000000
f 2194/2194/2194 2195/2195/2195 2196/2196/2196
v -0.1382016 0.4109232 0.9095760
vn 0.0000000 0.0000000 -1.0000000
v -0.1272016 0.4029313 0.9095760
vn 0.0000000 0.0000000 -1.0000000
v -0.1230000 0.3900000 0.9095760
vn 0.0000000 0.0000000 -1.0000000
f 2197/2197/2197 2198/2198/2198 2199/2199/2199
v -0.1230000 0.3900000 0.9095760
vn 0.0000000 0.0000000 -1.0000000
v -0.1382016 0.3690768 0.9095760
vn 0.0000000 0.0000000 -1.0000000
v -0.1627984 0.3770687 0.9095760
vn 0.0000000 0.0000000 -1.0000000
f 2200/2200/2200 2201/2201/2201 2202/2202/2202
v -0.1627984 0.3770687 0.9095760
vn 0.0000000 -0.0000000 -1.0000000
v -0.1627984 0.4029313 0.9095760
vn 0.0000000 -0.0000000 -1.0000000
v -0.1382016 0.4109232 0.9095760
vn 0.0000000 -0.0000000 -1.0000000
f 2203/2203/2203 2204/2204/2204 2205/2205/2205
v -0.1627984 0.3770687 0.9095760
vn -0.0000000 0.0000000 -1.0000000
v -0.1382016 0.4109232 0.9095760
vn -0.0000000 0.0000000 -1.0000000
v -0.1230000 0.3900000 0.9095760
vn -0.0000000 0.0000000 -1.0000000
f 2206/2206/2206 2207/2207/2207 2208/2208/2208
v -0.1255836 0.3758931 0.9535760
vn 0.0000000 0.0000000 1.0000000
v -0.1210000 0.3900000 0.9535760
vn 0.0000000 0.0000000 1.0000000
v -0.1255836 0.4041069 0.9535760
vn 0.0000000 0.0000000 1.0000000
f 2209/2209/2209 2210/2210/2210 2211/2211/2211
v -0.1255836 0.4041069 0.9535760
vn -0.0000000 0.0000000 1.0000000
v -0.1375836 0.4128253 0.9535760
vn -0.0000000 0.0000000 1.0000000
v -0.1524164 0.4128253 0.9535760
vn -0.0000000 0.0000000 1.0000000
f 2212/2212/2212 2213/2213/2213 2214/2214/2214
v -0.1524164 0.4128253 0.9535760
vn 0.0000000 0.0000000 1.0000000
v -0.1644164 0.4041069 0.9535760
vn 0.0000000 0.0000000 1.0000000
v -0.1690000 0.3900000 0.9535760
vn 0.0000000 0.0000000 1.0000000
f 2215/2215/2215 2216/2216/2216 2217/2217/2217
v -0.1690000 0.3900000 0.9535760
vn 0.0000000 0.0000000 1.0000000
v -0.1644164 0.3758931 0.9535760
vn 0.0000000 0.0000000 1.0000000
v -0.1524164 0.3671747 0.9535760
vn 0.0000000 0.0000000 1.0000000
f 2218/2218/2218 2219/2219/2219 2220/2220/2220
v -0.1524164 0.3671747 0.9535760
vn 0.0000000 0.0000000 1.0000000
v -0.1375836 0.3671747 0.9535760
vn 0.0000000 0.0000000 1.0000000
v -0.1255836 0.3758931 0.9535760
vn 0.0000000 0.0000000 1.0000000
f 2221/2221/2221 2222/2222/2222 2223/2223/2223
v -0.1255836 0.3758931 0.9535760
vn 0.0000000 0.0000000 0.9999999
v -0.1255836 0.4041069 0.9535760
vn 0.0000000 0.0000000 0.9999999
v -0.1524164 0.4128253 0.9535760
vn 0.0000000 0.0000000 0.9999999
f 2224/2224/2224 2225/2225/2225 2226/2226/2226
v -0.1524164 0.4128253 0.9535760
vn 0.0000000 -0.0000000 1.0000000
v -0.1690000 0.3900000 0.9535760
vn 0.0000000 -0.0000000 1.0000000
v -0.1524164 0.3671747 0.9535760
vn 0.0000000 -0.0000000 1.0000000
f 2227/2227/2227 2228/2228/2228 2229/2229/2229
v -0.1524164 0.4128253 0.9535760
vn 0.0000000 -0.0000000 1.0000000
v -0.1524164 0.3671747 0.9535760
vn 0.0000000 -0.0000000 1.0000000
v -0.1255836 0.3758931 0.9535760
vn 0.0000000 -0.0000000 1.0000000
f 2230/2230/2230 2231/2231/2231 2232/2232/2232
v -0.1230000 0.3900000 0.9095760
vn 0.9457906 0.3073059 0.1050874
v -0.1272016 0.4029313 0.9095760
vn 0.9457906 0.3073059 0.1050874
v -0.1304377 0.4005801 0.9455760
vn 0.9457906 0.3073059 0.1050874
f 2233/2233/2233 2234/2234/2234 2235/2235/2235
v -0.1230000 0.3900000 0.9095760
vn 0.9457909 0.3073046 0.1050879
v -0.1304377 0.4005801 0.9455760
vn 0.9457909 0.3073046 0.1050879
v -0.1270000 0.3900000 0.9455760
vn 0.9457909 0.3073046 0.1050879
f 2236/2236/2236 2237/2237/2237 2238/2238/2238
v -0.1272016 0.4029313 0.9095760
vn 0.5845309 0.8045371 0.1050880
v -0.1382016 0.4109232 0.9095760
vn 0.5845309 0.8045371 0.1050880
v -0.1394377 0.4071190 0.9455760
vn 0.5845309 0.8045371 0.1050880
f 2239/2239/2239 2240/2240/2240 2241/2241/2241
v -0.1272016 0.4029313 0.9095760
vn 0.5845297 0.8045382 0.1050874
v -0.1394377 0.4071190 0.9455760
vn 0.5845297 0.8045382 0.1050874
v -0.1304377 0.4005801 0.9455760
vn 0.5845297 0.8045382 0.1050874
f 2242/2242/2242 2243/2243/2243 2244/2244/2244
v -0.1382016 0.4109232 0.9095760
vn -0.0000000 0.9944630 0.1050881
v -0.1517984 0.4109232 0.9095760
vn -0.0000000 0.9944630 0.1050881
v -0.1505623 0.4071190 0.9455760
vn -0.0000000 0.9944630 0.1050881
f 2245/2245/2245 2246/2246/2246 2247/2247/2247
v -0.1382016 0.4109232 0.9095760
vn 0.0000000 0.9944629 0.1050881
v -0.1505623 0.4071190 0.9455760
vn 0.0000000 0.9944629 0.1050881
v -0.1394377 0.4071190 0.9455760
vn 0.0000000 0.9944629 0.1050881
f 2248/2248/2248 2249/2249/2249 2250/2250/2250
v -0.1517984 0.4109232 0.9095760
vn -0.5845305 0.8045375 0.1050877
v -0.1627984 0.4029313 0.9095760
vn -0.5845305 0.8045375 0.1050877
v -0.1595623 0.4005801 0.9455760
vn -0.5845305 0.8045375 0.1050877
f 2251/2251/2251 2252/2252/2252 2253/2253/2253
v -0.1517984 0.4109232 0.9095760
vn -0.5845296 0.8045381 0.1050880
v -0.1595623 0.4005801 0.9455760
vn -0.5845296 0.8045381 0.1050880
v -0.1505623 0.4071190 0.9455760
vn -0.5845296 0.8045381 0.1050880
f 2254/2254/2254 2255/2255/2255 2256/2256/2256
v -0.1627984 0.4029313 0.9095760
vn -0.9457907 0.3073053 0.1050876
v -0.1670000 0.3900000 0.9095760
vn -0.9457907 0.3073053 0.1050876
v -0.1630000 0.3900000 0.9455760
vn -0.9457907 0.3073053 0.1050876
f 2257/2257/2257 2258/2258/2258 2259/2259/2259
v -0.1627984 0.4029313 0.9095760
vn -0.9457905 0.3073058 0.1050878
v -0.1630000 0.3900000 0.9455760
vn -0.9457905 0.3073058 0.1050878
v -0.1595623 0.4005801 0.9455760
vn -0.9457905 0.3073058 0.1050878
f 2260/2260/2260 2261/2261/2261 2262/2262/2262
v -0.1670000 0.3900000 0.9095760
vn -0.9457905 -0.3073060 0.1050878
v -0.1627984 0.3770687 0.9095760
vn -0.9457905 -0.3073060 0.1050878
v -0.1595623 0.3794199 0.9455760
vn -0.9457905 -0.3073060 0.1050878
f 2263/2263/2263 2264/2264/2264 2265/2265/2265
v -0.1670000 0.3900000 0.9095760
vn -0.9457902 -0.3073066 0.1050876
v -0.1595623 0.3794199 0.9455760
vn -0.9457902 -0.3073066 0.1050876
v -0.1630000 0.3900000 0.9455760
vn -0.9457902 -0.3073066 0.1050876
f 2266/2266/2266 2267/2267/2267 2268/2268/2268
v -0.1627984 0.3770687 0.9095760
vn -0.5845305 -0.8045375 0.1050880
v -0.1517984 0.3690768 0.9095760
vn -0.5845305 -0.8045375 0.1050880
v -0.1505623 0.3728810 0.9455760
vn -0.5845305 -0.8045375 0.1050880
f 2269/2269/2269 2270/2270/2270 2271/2271/2271
v -0.1627984 0.3770687 0.9095760
vn -0.5845296 -0.8045381 0.1050877
v -0.1505623 0.3728810 0.9455760
vn -0.5845296 -0.8045381 0.1050877
v -0.1595623 0.3794199 0.9455760
vn -0.5845296 -0.8045381 0.1050877
f 2272/2272/2272 2273/2273/2273 2274/2274/2274
v -0.1517984 0.3690768 0.9095760
vn 0.0000000 -0.9944630 0.1050881
v -0.1382016 0.3690768 0.9095760
vn 0.0000000 -0.9944630 0.1050881
v -0.1394377 0.3728810 0.9455760
vn 0.0000000 -0.9944630 0.1050881
f 2275/2275/2275 2276/2276/2276 2277/2277/2277
v -0.1517984 0.3690768 0.9095760
vn 0.0000000 -0.9944629 0.1050881
v -0.1394377 0.3728810 0.9455760
vn 0.0000000 -0.9944629 0.1050881
v -0.1505623 0.3728810 0.9455760
vn 0.0000000 -0.9944629 0.1050881
f 2278/2278/2278 2279/2279/2279 2280/2280/2280
v -0.1382016 0.3690768 0.9095760
vn 0.5845310 -0.8045372 0.1050875
v -0.1272016 0.3770687 0.9095760
vn 0.5845310 -0.8045372 0.1050875
v -0.1304377 0.3794199 0.9455760
vn 0.5845310 -0.8045372 0.1050875
f 2281/2281/2281 2282/2282/2282 2283/2283/2283
v -0.1382016 0.3690768 0.9095760
vn 0.5845296 -0.8045381 0.1050880
v -0.1304377 0.3794199 0.9455760
vn 0.5845296 -0.8045381 0.1050880
v -0.1394377 0.3728810 0.9455760
vn 0.5845296 -0.8045381 0.1050880
f 2284/2284/2284 2285/2285/2285 2286/2286/2286
v -0.1272016 0.3770687 0.9095760
vn 0.9457903 -0.3073065 0.1050878
v -0.1230000 0.3900000 0.9095760
vn 0.9457903 -0.3073065 0.1050878
v -0.1270000 0.3900000 0.9455760
vn 0.9457903 -0.3073065 0.1050878
f 2287/2287/2287 2288/2288/2288 2289/2289/2289
v -0.1272016 0.3770687 0.9095760
vn 0.9457907 -0.3073054 0.1050874
v -0.1270000 0.3900000 0.9455760
vn 0.9457907 -0.3073054 0.1050874
v -0.1304377 0.3794199 0.9455760
vn 0.9457907 -0.3073054 0.1050874
f 2290/2290/2290 2291/2291/2291 2292/2292/2292
v -0.1270000 0.3900000 0.9455760
vn 0.7742712 0.2515747 -0.5807015
v -0.1304377 0.4005801 0.9455760
vn 0.7742712 0.2515747 -0.5807015
v -0.1255836 0.4041069 0.9535760
vn 0.7742712 0.2515747 -0.5807015
f 2293/2293/2293 2294/2294/2294 2295/2295/2295
v -0.1270000 0.3900000 0.9455760
vn 0.7742706 0.2515752 -0.5807022
v -0.1255836 0.4041069 0.9535760
vn 0.7742706 0.2515752 -0.5807022
v -0.1210000 0.3900000 0.9535760
vn 0.7742706 0.2515752 -0.5807022
f 2296/2296/2296 2297/2297/2297 2298/2298/2298
v -0.1304377 0.4005801 0.9455760
vn 0.4785248 0.6586346 -0.5807016
v -0.1394377 0.4071190 0.9455760
vn 0.4785248 0.6586346 -0.5807016
v -0.1375836 0.4128253 0.9535760
vn 0.4785248 0.6586346 -0.5807016
f 2299/2299/2299 2300/2300/2300 2301/2301/2301
v -0.1304377 0.4005801 0.9455760
vn 0.4785246 0.6586347 -0.5807018
v -0.1375836 0.4128253 0.9535760
vn 0.4785246 0.6586347 -0.5807018
v -0.1255836 0.4041069 0.9535760
vn 0.4785246 0.6586347 -0.5807018
f 2302/2302/2302 2303/2303/2303 2304/2304/2304
v -0.1394377 0.4071190 0.9455760
vn 0.0000000 0.8141162 -0.5807019
v -0.1505623 0.4071190 0.9455760
vn 0.0000000 0.8141162 -0.5807019
v -0.1524164 0.4128253 0.9535760
vn 0.0000000 0.8141162 -0.5807019
f 2305/2305/2305 2306/2306/2306 2307/2307/2307
v -0.1394377 0.4071190 0.9455760
vn 0.0000000 0.8141164 -0.5807019
v -0.1524164 0.4128253 0.9535760
vn 0.0000000 0.8141164 -0.5807019
v -0.1375836 0.4128253 0.9535760
vn 0.0000000 0.8141164 -0.5807019
f 2308/2308/2308 2309/2309/2309 2310/2310/2310
v -0.1505623 0.4071190 0.9455760
vn -0.4785247 0.6586345 -0.5807018
v -0.1595623 0.4005801 0.9455760
vn -0.4785247 0.6586345 -0.5807018
v -0.1644164 0.4041069 0.9535760
vn -0.4785247 0.6586345 -0.5807018
f 2311/2311/2311 2312/2312/2312 2313/2313/2313
v -0.1505623 0.4071190 0.9455760
vn -0.4785248 0.6586341 -0.5807022
v -0.1644164 0.4041069 0.9535760
vn -0.4785248 0.6586341 -0.5807022
v -0.1524164 0.4128253 0.9535760
vn -0.4785248 0.6586341 -0.5807022
f 2314/2314/2314 2315/2315/2315 2316/2316/2316
v -0.1595623 0.4005801 0.9455760
vn -0.7742708 0.2515757 -0.5807016
v -0.1630000 0.3900000 0.9455760
vn -0.7742708 0.2515757 -0.5807016
v -0.1690000 0.3900000 0.9535760
vn -0.7742708 0.2515757 -0.5807016
f 2317/2317/2317 2318/2318/2318 2319/2319/2319
v -0.1595623 0.4005801 0.9455760
vn -0.7742708 0.2515757 -0.5807016
v -0.1690000 0.3900000 0.9535760
vn -0.7742708 0.2515757 -0.5807016
v -0.1644164 0.4041069 0.9535760
vn -0.7742708 0.2515757 -0.5807016
f 2320/2320/2320 2321/2321/2321 2322/2322/2322
v -0.1630000 0.3900000 0.9455760
vn -0.7742705 -0.2515763 -0.5807018
v -0.1595623 0.3794199 0.9455760
vn -0.7742705 -0.2515763 -0.5807018
v -0.1644164 0.3758931 0.9535760
vn -0.7742705 -0.2515763 -0.5807018
f 2323/2323/2323 2324/2324/2324 2325/2325/2325
v -0.1630000 0.3900000 0.9455760
vn -0.7742707 -0.2515762 -0.5807016
v -0.1644164 0.3758931 0.9535760
vn -0.7742707 -0.2515762 -0.5807016
v -0.1690000 0.3900000 0.9535760
vn -0.7742707 -0.2515762 -0.5807016
f 2326/2326/2326 2327/2327/2327 2328/2328/2328
v -0.1595623 0.3794199 0.9455760
vn -0.4785246 -0.6586343 -0.5807022
v -0.1505623 0.3728810 0.9455760
vn -0.4785246 -0.6586343 -0.5807022
v -0.1524164 0.3671747 0.9535760
vn -0.4785246 -0.6586343 -0.5807022
f 2329/2329/2329 2330/2330/2330 2331/2331/2331
v -0.1595623 0.3794199 0.9455760
vn -0.4785250 -0.6586343 -0.5807018
v -0.1524164 0.3671747 0.9535760
vn -0.4785250 -0.6586343 -0.5807018
v -0.1644164 0.3758931 0.9535760
vn -0.4785250 -0.6586343 -0.5807018
f 2332/2332/2332 2333/2333/2333 2334/2334/2334
v -0.1505623 0.3728810 0.9455760
vn -0.0000000 -0.8141162 -0.5807019
v -0.1394377 0.3728810 0.9455760
vn -0.0000000 -0.8141162 -0.5807019
v -0.1375836 0.3671747 0.9535760
vn -0.0000000 -0.8141162 -0.5807019
f 2335/2335/2335 2336/2336/2336 2337/2337/2337
v -0.1505623 0.3728810 0.9455760
vn 0.0000000 -0.8141164 -0.5807019
v -0.1375836 0.3671747 0.9535760
vn 0.0000000 -0.8141164 -0.5807019
v -0.1524164 0.3671747 0.9535760
vn 0.0000000 -0.8141164 -0.5807019
f 2338/2338/2338 2339/2339/2339 2340/2340/2340
v -0.1394377 0.3728810 0.9455760
vn 0.4785247 -0.6586345 -0.5807018
v -0.1304377 0.3794199 0.9455760
vn 0.4785247 -0.6586345 -0.5807018
v -0.1255836 0.3758931 0.9535760
vn 0.4785247 -0.6586345 -0.5807018
f 2341/2341/2341 2342/2342/2342 2343/2343/2343
v -0.1394377 0.3728810 0.9455760
vn 0.4785247 -0.6586348 -0.5807017
v -0.1255836 0.3758931 0.9535760
vn 0.4785247 -0.6586348 -0.5807017
v -0.1375836 0.3671747 0.9535760
vn 0.4785247 -0.6586348 -0.5807017
f 2344/2344/2344 2345/2345/2345 2346/2346/2346
v -0.1304377 0.3794199 0.9455760
vn 0.7742705 -0.2515752 -0.5807022
v -0.1270000 0.3900000 0.9455760
vn 0.7742705 -0.2515752 -0.5807022
v -0.1210000 0.3900000 0.9535760
vn 0.7742705 -0.2515752 -0.5807022
f 2347/2347/2347 2348/2348/2348 2349/2349/2349
v -0.1304377 0.3794199 0.9455760
vn 0.7742708 -0.2515758 -0.5807017
v -0.1210000 0.3900000 0.9535760
vn 0.7742708 -0.2515758 -0.5807017
v -0.1255836 0.3758931 0.9535760
vn 0.7742708 -0.2515758 -0.5807017
f 2350/2350/2350 2351/2351/2351 2352/2352/2352
o pz_sink_white_hanging_|_EDITABLE_curved_tap_lever_-0.145_|_export_mesh
usemtl UV_Base
v -0.1100000 0.3980000 0.9535760
vn 0.9805807 0.0000000 -0.1961157
v -0.1113587 0.3860000 0.9467824
vn 0.9805807 0.0000000 -0.1961157
v -0.1113587 0.3940000 0.9467824
vn 0.9805807 0.0000000 -0.1961157
f 2353/2353/2353 2354/2354/2354 2355/2355/2355
v -0.1100000 0.3980000 0.9535760
vn 0.9805807 0.0000000 -0.1961157
v -0.1100000 0.3820000 0.9535760
vn 0.9805807 0.0000000 -0.1961157
v -0.1113587 0.3860000 0.9467824
vn 0.9805807 0.0000000 -0.1961157
f 2356/2356/2356 2357/2357/2357 2358/2358/2358
v -0.1086413 0.3940000 0.9603697
vn 0.9805807 0.0000000 -0.1961157
v -0.1100000 0.3820000 0.9535760
vn 0.9805807 0.0000000 -0.1961157
v -0.1100000 0.3980000 0.9535760
vn 0.9805807 0.0000000 -0.1961157
f 2359/2359/2359 2360/2360/2360 2361/2361/2361
v -0.1086413 0.3940000 0.9603697
vn 0.9805807 0.0000000 -0.1961157
v -0.1086413 0.3860000 0.9603697
vn 0.9805807 0.0000000 -0.1961157
v -0.1100000 0.3820000 0.9535760
vn 0.9805807 0.0000000 -0.1961157
f 2362/2362/2362 2363/2363/2363 2364/2364/2364
v -0.1800000 0.3820000 0.9535760
vn -0.9805807 0.0000000 -0.1961157
v -0.1786413 0.3940000 0.9467824
vn -0.9805807 0.0000000 -0.1961157
v -0.1786413 0.3860000 0.9467824
vn -0.9805807 0.0000000 -0.1961157
f 2365/2365/2365 2366/2366/2366 2367/2367/2367
v -0.1800000 0.3820000 0.9535760
vn -0.9805807 -0.0000000 -0.1961157
v -0.1800000 0.3980000 0.9535760
vn -0.9805807 -0.0000000 -0.1961157
v -0.1786413 0.3940000 0.9467824
vn -0.9805807 -0.0000000 -0.1961157
f 2368/2368/2368 2369/2369/2369 2370/2370/2370
v -0.1813587 0.3860000 0.9603697
vn -0.9805807 0.0000000 -0.1961157
v -0.1800000 0.3980000 0.9535760
vn -0.9805807 0.0000000 -0.1961157
v -0.1800000 0.3820000 0.9535760
vn -0.9805807 0.0000000 -0.1961157
f 2371/2371/2371 2372/2372/2372 2373/2373/2373
v -0.1813587 0.3860000 0.9603697
vn -0.9805807 -0.0000000 -0.1961157
v -0.1813587 0.3940000 0.9603697
vn -0.9805807 -0.0000000 -0.1961157
v -0.1800000 0.3980000 0.9535760
vn -0.9805807 -0.0000000 -0.1961157
f 2374/2374/2374 2375/2375/2375 2376/2376/2376
v -0.1813587 0.3940000 0.9603697
vn -0.1147649 0.8659790 0.4867334
v -0.1741800 0.3940000 0.9620624
vn -0.1147649 0.8659790 0.4867334
v -0.1724506 0.3980000 0.9553534
vn -0.1147649 0.8659790 0.4867334
f 2377/2377/2377 2378/2378/2378 2379/2379/2379
v -0.1813587 0.3940000 0.9603697
vn -0.1146379 0.8659030 0.4868984
v -0.1724506 0.3980000 0.9553534
vn -0.1146379 0.8659030 0.4868984
v -0.1800000 0.3980000 0.9535760
vn -0.1146379 0.8659030 0.4868984
f 2380/2380/2380 2381/2381/2381 2382/2382/2382
v -0.1813587 0.3860000 0.9603697
vn -0.2294929 0.0000000 0.9733103
v -0.1741800 0.3860000 0.9620624
vn -0.2294929 0.0000000 0.9733103
v -0.1741800 0.3940000 0.9620624
vn -0.2294929 0.0000000 0.9733103
f 2383/2383/2383 2384/2384/2384 2385/2385/2385
v -0.1813587 0.3860000 0.9603697
vn -0.2294929 0.0000000 0.9733103
v -0.1741800 0.3940000 0.9620624
vn -0.2294929 0.0000000 0.9733103
v -0.1813587 0.3940000 0.9603697
vn -0.2294929 0.0000000 0.9733103
f 2386/2386/2386 2387/2387/2387 2388/2388/2388
v -0.1800000 0.3820000 0.9535760
vn -0.1146083 -0.8659775 0.4867729
v -0.1724506 0.3820000 0.9553534
vn -0.1146083 -0.8659775 0.4867729
v -0.1741800 0.3860000 0.9620624
vn -0.1146083 -0.8659775 0.4867729
f 2389/2389/2389 2390/2390/2390 2391/2391/2391
v -0.1800000 0.3820000 0.9535760
vn -0.1147960 -0.8659008 0.4868654
v -0.1741800 0.3860000 0.9620624
vn -0.1147960 -0.8659008 0.4868654
v -0.1813587 0.3860000 0.9603697
vn -0.1147960 -0.8659008 0.4868654
f 2392/2392/2392 2393/2393/2393 2394/2394/2394
v -0.1786413 0.3860000 0.9467824
vn 0.1144602 -0.8659762 -0.4868103
v -0.1707213 0.3860000 0.9486445
vn 0.1144602 -0.8659762 -0.4868103
v -0.1724506 0.3820000 0.9553534
vn 0.1144602 -0.8659762 -0.4868103
f 2395/2395/2395 2396/2396/2396 2397/2397/2397
v -0.1786413 0.3860000 0.9467824
vn 0.1146313 -0.8659031 -0.4868998
v -0.1724506 0.3820000 0.9553534
vn 0.1146313 -0.8659031 -0.4868998
v -0.1800000 0.3820000 0.9535760
vn 0.1146313 -0.8659031 -0.4868998
f 2398/2398/2398 2399/2399/2399 2400/2400/2400
v -0.1786413 0.3940000 0.9467824
vn 0.2288813 0.0000000 -0.9734544
v -0.1707213 0.3940000 0.9486445
vn 0.2288813 0.0000000 -0.9734544
v -0.1707213 0.3860000 0.9486445
vn 0.2288813 0.0000000 -0.9734544
f 2401/2401/2401 2402/2402/2402 2403/2403/2403
v -0.1786413 0.3940000 0.9467824
vn 0.2288813 0.0000000 -0.9734544
v -0.1707213 0.3860000 0.9486445
vn 0.2288813 0.0000000 -0.9734544
v -0.1786413 0.3860000 0.9467824
vn 0.2288813 0.0000000 -0.9734544
f 2404/2404/2404 2405/2405/2405 2406/2406/2406
v -0.1800000 0.3980000 0.9535760
vn 0.1146019 0.8659775 -0.4867745
v -0.1724506 0.3980000 0.9553534
vn 0.1146019 0.8659775 -0.4867745
v -0.1707213 0.3940000 0.9486445
vn 0.1146019 0.8659775 -0.4867745
f 2407/2407/2407 2408/2408/2408 2409/2409/2409
v -0.1800000 0.3980000 0.9535760
vn 0.1144883 0.8659052 -0.4869297
v -0.1707213 0.3940000 0.9486445
vn 0.1144883 0.8659052 -0.4869297
v -0.1786413 0.3940000 0.9467824
vn 0.1144883 0.8659052 -0.4869297
f 2410/2410/2410 2411/2411/2411 2412/2412/2412
v -0.1741800 0.3940000 0.9620624
vn -0.1350619 0.8660175 0.4814270
v -0.1676060 0.3940000 0.9639066
vn -0.1350619 0.8660175 0.4814270
v -0.1657903 0.3980000 0.9572206
vn -0.1350619 0.8660175 0.4814270
f 2413/2413/2413 2414/2414/2414 2415/2415/2415
v -0.1741800 0.3940000 0.9620624
vn -0.1349896 0.8659775 0.4815193
v -0.1657903 0.3980000 0.9572206
vn -0.1349896 0.8659775 0.4815193
v -0.1724506 0.3980000 0.9553534
vn -0.1349896 0.8659775 0.4815193
f 2416/2416/2416 2417/2417/2417 2418/2418/2418
v -0.1741800 0.3860000 0.9620624
vn -0.2701164 0.0000000 0.9628276
v -0.1676060 0.3860000 0.9639066
vn -0.2701164 0.0000000 0.9628276
v -0.1676060 0.3940000 0.9639066
vn -0.2701164 0.0000000 0.9628276
f 2419/2419/2419 2420/2420/2420 2421/2421/2421
v -0.1741800 0.3860000 0.9620624
vn -0.2701164 0.0000000 0.9628276
v -0.1676060 0.3940000 0.9639066
vn -0.2701164 0.0000000 0.9628276
v -0.1741800 0.3940000 0.9620624
vn -0.2701164 0.0000000 0.9628276
f 2422/2422/2422 2423/2423/2423 2424/2424/2424
v -0.1724506 0.3820000 0.9553534
vn -0.1349707 -0.8660179 0.4814520
v -0.1657903 0.3820000 0.9572206
vn -0.1349707 -0.8660179 0.4814520
v -0.1676060 0.3860000 0.9639066
vn -0.1349707 -0.8660179 0.4814520
f 2425/2425/2425 2426/2426/2426 2427/2427/2427
v -0.1724506 0.3820000 0.9553534
vn -0.1350810 -0.8659767 0.4814952
v -0.1676060 0.3860000 0.9639066
vn -0.1350810 -0.8659767 0.4814952
v -0.1741800 0.3860000 0.9620624
vn -0.1350810 -0.8659767 0.4814952
f 2428/2428/2428 2429/2429/2429 2430/2430/2430
v -0.1707213 0.3860000 0.9486445
vn 0.1348819 -0.8660182 -0.4814763
v -0.1639745 0.3860000 0.9505346
vn 0.1348819 -0.8660182 -0.4814763
v -0.1657903 0.3820000 0.9572206
vn 0.1348819 -0.8660182 -0.4814763
f 2431/2431/2431 2432/2432/2432 2433/2433/2433
v -0.1707213 0.3860000 0.9486445
vn 0.1349896 -0.8659775 -0.4815193
v -0.1657903 0.3820000 0.9572206
vn 0.1349896 -0.8659775 -0.4815193
v -0.1724506 0.3820000 0.9553534
vn 0.1349896 -0.8659775 -0.4815193
f 2434/2434/2434 2435/2435/2435 2436/2436/2436
v -0.1707213 0.3940000 0.9486445
vn 0.2697569 0.0000000 -0.9629285
v -0.1639745 0.3940000 0.9505346
vn 0.2697569 0.0000000 -0.9629285
v -0.1639745 0.3860000 0.9505346
vn 0.2697569 0.0000000 -0.9629285
f 2437/2437/2437 2438/2438/2438 2439/2439/2439
v -0.1707213 0.3940000 0.9486445
vn 0.2697569 0.0000000 -0.9629285
v -0.1639745 0.3860000 0.9505346
vn 0.2697569 0.0000000 -0.9629285
v -0.1707213 0.3860000 0.9486445
vn 0.2697569 0.0000000 -0.9629285
f 2440/2440/2440 2441/2441/2441 2442/2442/2442
v -0.1724506 0.3980000 0.9553534
vn 0.1349707 0.8660179 -0.4814520
v -0.1657903 0.3980000 0.9572206
vn 0.1349707 0.8660179 -0.4814520
v -0.1639745 0.3940000 0.9505346
vn 0.1349707 0.8660179 -0.4814520
f 2443/2443/2443 2444/2444/2444 2445/2445/2445
v -0.1724506 0.3980000 0.9553534
vn 0.1349005 0.8659784 -0.4815427
v -0.1639745 0.3940000 0.9505346
vn 0.1349005 0.8659784 -0.4815427
v -0.1707213 0.3940000 0.9486445
vn 0.1349005 0.8659784 -0.4815427
f 2446/2446/2446 2447/2447/2447 2448/2448/2448
v -0.1676060 0.3940000 0.9639066
vn -0.1268200 0.8658638 0.4839386
v -0.1609004 0.3940000 0.9656639
vn -0.1268200 0.8658638 0.4839386
v -0.1594046 0.3980000 0.9588991
vn -0.1268200 0.8658638 0.4839386
f 2449/2449/2449 2450/2450/2450 2451/2451/2451
v -0.1676060 0.3940000 0.9639066
vn -0.1271100 0.8660179 0.4835868
v -0.1594046 0.3980000 0.9588991
vn -0.1271100 0.8660179 0.4835868
v -0.1657903 0.3980000 0.9572206
vn -0.1271100 0.8660179 0.4835868
f 2452/2452/2452 2453/2453/2453 2454/2454/2454
v -0.1676060 0.3860000 0.9639066
vn -0.2534977 -0.0000005 0.9673361
v -0.1609004 0.3860000 0.9656639
vn -0.2534977 -0.0000005 0.9673361
v -0.1609004 0.3940000 0.9656639
vn -0.2534977 -0.0000005 0.9673361
f 2455/2455/2455 2456/2456/2456 2457/2457/2457
v -0.1676060 0.3860000 0.9639066
vn -0.2534983 0.0000000 0.9673359
v -0.1609004 0.3940000 0.9656639
vn -0.2534983 0.0000000 0.9673359
v -0.1676060 0.3940000 0.9639066
vn -0.2534983 0.0000000 0.9673359
f 2458/2458/2458 2459/2459/2459 2460/2460/2460
v -0.1657903 0.3820000 0.9572206
vn -0.1271806 -0.8658574 0.4838553
v -0.1594046 0.3820000 0.9588991
vn -0.1271806 -0.8658574 0.4838553
v -0.1609004 0.3860000 0.9656639
vn -0.1271806 -0.8658574 0.4838553
f 2461/2461/2461 2462/2462/2462 2463/2463/2463
v -0.1657903 0.3820000 0.9572206
vn -0.1267528 -0.8660165 0.4836830
v -0.1609004 0.3860000 0.9656639
vn -0.1267528 -0.8660165 0.4836830
v -0.1676060 0.3860000 0.9639066
vn -0.1267528 -0.8660165 0.4836830
f 2464/2464/2464 2465/2465/2465 2466/2466/2466
v -0.1639745 0.3860000 0.9505346
vn 0.1275789 -0.8658505 -0.4837629
v -0.1579088 0.3860000 0.9521343
vn 0.1275789 -0.8658505 -0.4837629
v -0.1594046 0.3820000 0.9588991
vn 0.1275789 -0.8658505 -0.4837629
f 2467/2467/2467 2468/2468/2468 2469/2469/2469
v -0.1639745 0.3860000 0.9505346
vn 0.1271100 -0.8660179 -0.4835868
v -0.1594046 0.3820000 0.9588991
vn 0.1271100 -0.8660179 -0.4835868
v -0.1657903 0.3820000 0.9572206
vn 0.1271100 -0.8660179 -0.4835868
f 2470/2470/2470 2471/2471/2471 2472/2472/2472
v -0.1639745 0.3940000 0.9505346
vn 0.2550040 0.0000005 -0.9669399
v -0.1579088 0.3940000 0.9521343
vn 0.2550040 0.0000005 -0.9669399
v -0.1579088 0.3860000 0.9521343
vn 0.2550040 0.0000005 -0.9669399
f 2473/2473/2473 2474/2474/2474 2475/2475/2475
v -0.1639745 0.3940000 0.9505346
vn 0.2550034 0.0000000 -0.9669402
v -0.1579088 0.3860000 0.9521343
vn 0.2550034 0.0000000 -0.9669402
v -0.1639745 0.3860000 0.9505346
vn 0.2550034 0.0000000 -0.9669402
f 2476/2476/2476 2477/2477/2477 2478/2478/2478
v -0.1657903 0.3980000 0.9572206
vn 0.1271806 0.8658574 -0.4838553
v -0.1594046 0.3980000 0.9588991
vn 0.1271806 0.8658574 -0.4838553
v -0.1579088 0.3940000 0.9521343
vn 0.1271806 0.8658574 -0.4838553
f 2479/2479/2479 2480/2480/2480 2481/2481/2481
v -0.1657903 0.3980000 0.9572206
vn 0.1275047 0.8660192 -0.4834803
v -0.1579088 0.3940000 0.9521343
vn 0.1275047 0.8660192 -0.4834803
v -0.1639745 0.3940000 0.9505346
vn 0.1275047 0.8660192 -0.4834803
f 2482/2482/2482 2483/2483/2483 2484/2484/2484
v -0.1609004 0.3940000 0.9656639
vn -0.0883059 0.8656631 0.4927771
v -0.1535044 0.3940000 0.9669893
vn -0.0883059 0.8656631 0.4927771
v -0.1526793 0.3980000 0.9601104
vn -0.0883059 0.8656631 0.4927771
f 2485/2485/2485 2486/2486/2486 2487/2487/2487
v -0.1609004 0.3940000 0.9656639
vn -0.0886760 0.8658575 0.4923692
v -0.1526793 0.3980000 0.9601104
vn -0.0886760 0.8658575 0.4923692
v -0.1594046 0.3980000 0.9588991
vn -0.0886760 0.8658575 0.4923692
f 2488/2488/2488 2489/2489/2489 2490/2490/2490
v -0.1609004 0.3860000 0.9656639
vn -0.1763910 0.0000000 0.9843202
v -0.1535044 0.3860000 0.9669893
vn -0.1763910 0.0000000 0.9843202
v -0.1535044 0.3940000 0.9669893
vn -0.1763910 0.0000000 0.9843202
f 2491/2491/2491 2492/2492/2492 2493/2493/2493
v -0.1609004 0.3860000 0.9656639
vn -0.1763906 -0.0000003 0.9843202
v -0.1535044 0.3940000 0.9669893
vn -0.1763906 -0.0000003 0.9843202
v -0.1609004 0.3940000 0.9656639
vn -0.1763906 -0.0000003 0.9843202
f 2494/2494/2494 2495/2495/2495 2496/2496/2496
v -0.1594046 0.3820000 0.9588991
vn -0.0887390 -0.8656521 0.4927188
v -0.1526793 0.3820000 0.9601104
vn -0.0887390 -0.8656521 0.4927188
v -0.1535044 0.3860000 0.9669893
vn -0.0887390 -0.8656521 0.4927188
f 2497/2497/2497 2498/2498/2498 2499/2499/2499
v -0.1594046 0.3820000 0.9588991
vn -0.0882491 -0.8658499 0.4924593
v -0.1535044 0.3860000 0.9669893
vn -0.0882491 -0.8658499 0.4924593
v -0.1609004 0.3860000 0.9656639
vn -0.0882491 -0.8658499 0.4924593
f 2500/2500/2500 2501/2501/2501 2502/2502/2502
v -0.1579088 0.3860000 0.9521343
vn 0.0892762 -0.8656382 -0.4926462
v -0.1518541 0.3860000 0.9532315
vn 0.0892762 -0.8656382 -0.4926462
v -0.1526793 0.3820000 0.9601104
vn 0.0892762 -0.8656382 -0.4926462
f 2503/2503/2503 2504/2504/2504 2505/2505/2505
v -0.1579088 0.3860000 0.9521343
vn 0.0886834 -0.8658575 -0.4923676
v -0.1526793 0.3820000 0.9601104
vn 0.0886834 -0.8658575 -0.4923676
v -0.1594046 0.3820000 0.9588991
vn 0.0886834 -0.8658575 -0.4923676
f 2506/2506/2506 2507/2507/2507 2508/2508/2508
v -0.1579088 0.3940000 0.9521343
vn 0.1783130 0.0000000 -0.9839738
v -0.1518541 0.3940000 0.9532315
vn 0.1783130 0.0000000 -0.9839738
v -0.1518541 0.3860000 0.9532315
vn 0.1783130 0.0000000 -0.9839738
f 2509/2509/2509 2510/2510/2510 2511/2511/2511
v -0.1579088 0.3940000 0.9521343
vn 0.1783134 0.0000003 -0.9839737
v -0.1518541 0.3860000 0.9532315
vn 0.1783134 0.0000003 -0.9839737
v -0.1579088 0.3860000 0.9521343
vn 0.1783134 0.0000003 -0.9839737
f 2512/2512/2512 2513/2513/2513 2514/2514/2514
v -0.1594046 0.3980000 0.9588991
vn 0.0887465 0.8656520 -0.4927178
v -0.1526793 0.3980000 0.9601104
vn 0.0887465 0.8656520 -0.4927178
v -0.1518541 0.3940000 0.9532315
vn 0.0887465 0.8656520 -0.4927178
f 2515/2515/2515 2516/2516/2516 2517/2517/2517
v -0.1594046 0.3980000 0.9588991
vn 0.0892056 0.8658665 -0.4922576
v -0.1518541 0.3940000 0.9532315
vn 0.0892056 0.8658665 -0.4922576
v -0.1579088 0.3940000 0.9521343
vn 0.0892056 0.8658665 -0.4922576
f 2518/2518/2518 2519/2519/2519 2520/2520/2520
v -0.1535044 0.3940000 0.9669893
vn -0.0302602 0.8656285 0.4997717
v -0.1450000 0.3940000 0.9675042
vn -0.0302602 0.8656285 0.4997717
v -0.1450000 0.3980000 0.9605760
vn -0.0302602 0.8656285 0.4997717
f 2521/2521/2521 2522/2522/2522 2523/2523/2523
v -0.1535044 0.3940000 0.9669893
vn -0.0303043 0.8656521 0.4997279
v -0.1450000 0.3980000 0.9605760
vn -0.0303043 0.8656521 0.4997279
v -0.1526793 0.3980000 0.9601104
vn -0.0303043 0.8656521 0.4997279
f 2524/2524/2524 2525/2525/2525 2526/2526/2526
v -0.1535044 0.3860000 0.9669893
vn -0.0604374 0.0000000 0.9981720
v -0.1450000 0.3860000 0.9675042
vn -0.0604374 0.0000000 0.9981720
v -0.1450000 0.3940000 0.9675042
vn -0.0604374 0.0000000 0.9981720
f 2527/2527/2527 2528/2528/2528 2529/2529/2529
v -0.1535044 0.3860000 0.9669893
vn -0.0604374 0.0000000 0.9981720
v -0.1450000 0.3940000 0.9675042
vn -0.0604374 0.0000000 0.9981720
v -0.1535044 0.3940000 0.9669893
vn -0.0604374 0.0000000 0.9981720
f 2530/2530/2530 2531/2531/2531 2532/2532/2532
v -0.1526793 0.3820000 0.9601104
vn -0.0303069 -0.8656272 0.4997709
v -0.1450000 0.3820000 0.9605760
vn -0.0303069 -0.8656272 0.4997709
v -0.1450000 0.3860000 0.9675042
vn -0.0303069 -0.8656272 0.4997709
f 2533/2533/2533 2534/2534/2534 2535/2535/2535
v -0.1526793 0.3820000 0.9601104
vn -0.0302579 -0.8656510 0.4997329
v -0.1450000 0.3860000 0.9675042
vn -0.0302579 -0.8656510 0.4997329
v -0.1535044 0.3860000 0.9669893
vn -0.0302579 -0.8656510 0.4997329
f 2536/2536/2536 2537/2537/2537 2538/2538/2538
v -0.1518541 0.3860000 0.9532315
vn 0.0303573 -0.8656259 -0.4997702
v -0.1450000 0.3860000 0.9536478
vn 0.0303573 -0.8656259 -0.4997702
v -0.1450000 0.3820000 0.9605760
vn 0.0303573 -0.8656259 -0.4997702
f 2539/2539/2539 2540/2540/2540 2541/2541/2541
v -0.1518541 0.3860000 0.9532315
vn 0.0302976 -0.8656520 -0.4997287
v -0.1450000 0.3820000 0.9605760
vn 0.0302976 -0.8656520 -0.4997287
v -0.1526793 0.3820000 0.9601104
vn 0.0302976 -0.8656520 -0.4997287
f 2542/2542/2542 2543/2543/2543 2544/2544/2544
v -0.1518541 0.3940000 0.9532315
vn 0.0606308 0.0000000 -0.9981603
v -0.1450000 0.3940000 0.9536478
vn 0.0606308 0.0000000 -0.9981603
v -0.1450000 0.3860000 0.9536478
vn 0.0606308 0.0000000 -0.9981603
f 2545/2545/2545 2546/2546/2546 2547/2547/2547
v -0.1518541 0.3940000 0.9532315
vn 0.0606308 0.0000000 -0.9981603
v -0.1450000 0.3860000 0.9536478
vn 0.0606308 0.0000000 -0.9981603
v -0.1518541 0.3860000 0.9532315
vn 0.0606308 0.0000000 -0.9981603
f 2548/2548/2548 2549/2549/2549 2550/2550/2550
v -0.1526793 0.3980000 0.9601104
vn 0.0303002 0.8656274 -0.4997710
v -0.1450000 0.3980000 0.9605760
vn 0.0303002 0.8656274 -0.4997710
v -0.1450000 0.3940000 0.9536478
vn 0.0303002 0.8656274 -0.4997710
f 2551/2551/2551 2552/2552/2552 2553/2553/2553
v -0.1526793 0.3980000 0.9601104
vn 0.0303544 0.8656534 -0.4997227
v -0.1450000 0.3940000 0.9536478
vn 0.0303544 0.8656534 -0.4997227
v -0.1518541 0.3940000 0.9532315
vn 0.0303544 0.8656534 -0.4997227
f 2554/2554/2554 2555/2555/2555 2556/2556/2556
v -0.1450000 0.3940000 0.9675042
vn 0.0302580 0.8656493 0.4997356
v -0.1364956 0.3940000 0.9669893
vn 0.0302580 0.8656493 0.4997356
v -0.1373207 0.3980000 0.9601104
vn 0.0302580 0.8656493 0.4997356
f 2557/2557/2557 2558/2558/2558 2559/2559/2559
v -0.1450000 0.3940000 0.9675042
vn 0.0303036 0.8656273 0.4997710
v -0.1373207 0.3980000 0.9601104
vn 0.0303036 0.8656273 0.4997710
v -0.1450000 0.3980000 0.9605760
vn 0.0303036 0.8656273 0.4997710
f 2560/2560/2560 2561/2561/2561 2562/2562/2562
v -0.1450000 0.3860000 0.9675042
vn 0.0604374 0.0000000 0.9981720
v -0.1364956 0.3860000 0.9669893
vn 0.0604374 0.0000000 0.9981720
v -0.1364956 0.3940000 0.9669893
vn 0.0604374 0.0000000 0.9981720
f 2563/2563/2563 2564/2564/2564 2565/2565/2565
v -0.1450000 0.3860000 0.9675042
vn 0.0604374 0.0000000 0.9981720
v -0.1364956 0.3940000 0.9669893
vn 0.0604374 0.0000000 0.9981720
v -0.1450000 0.3940000 0.9675042
vn 0.0604374 0.0000000 0.9981720
f 2566/2566/2566 2567/2567/2567 2568/2568/2568
v -0.1450000 0.3820000 0.9605760
vn 0.0303011 -0.8656505 0.4997311
v -0.1373207 0.3820000 0.9601104
vn 0.0303011 -0.8656505 0.4997311
v -0.1364956 0.3860000 0.9669893
vn 0.0303011 -0.8656505 0.4997311
f 2569/2569/2569 2570/2570/2570 2571/2571/2571
v -0.1450000 0.3820000 0.9605760
vn 0.0302602 -0.8656285 0.4997717
v -0.1364956 0.3860000 0.9669893
vn 0.0302602 -0.8656285 0.4997717
v -0.1450000 0.3860000 0.9675042
vn 0.0302602 -0.8656285 0.4997717
f 2572/2572/2572 2573/2573/2573 2574/2574/2574
v -0.1450000 0.3860000 0.9536478
vn -0.0303546 -0.8656518 -0.4997255
v -0.1381458 0.3860000 0.9532315
vn -0.0303546 -0.8656518 -0.4997255
v -0.1373207 0.3820000 0.9601104
vn -0.0303546 -0.8656518 -0.4997255
f 2575/2575/2575 2576/2576/2576 2577/2577/2577
v -0.1450000 0.3860000 0.9536478
vn -0.0303036 -0.8656273 -0.4997710
v -0.1373207 0.3820000 0.9601104
vn -0.0303036 -0.8656273 -0.4997710
v -0.1450000 0.3820000 0.9605760
vn -0.0303036 -0.8656273 -0.4997710
f 2578/2578/2578 2579/2579/2579 2580/2580/2580
v -0.1450000 0.3940000 0.9536478
vn -0.0606308 0.0000000 -0.9981603
v -0.1381458 0.3940000 0.9532315
vn -0.0606308 0.0000000 -0.9981603
v -0.1381458 0.3860000 0.9532315
vn -0.0606308 0.0000000 -0.9981603
f 2581/2581/2581 2582/2582/2582 2583/2583/2583
v -0.1450000 0.3940000 0.9536478
vn -0.0606308 0.0000000 -0.9981603
v -0.1381458 0.3860000 0.9532315
vn -0.0606308 0.0000000 -0.9981603
v -0.1450000 0.3860000 0.9536478
vn -0.0606308 0.0000000 -0.9981603
f 2584/2584/2584 2585/2585/2585 2586/2586/2586
v -0.1450000 0.3980000 0.9605760
vn -0.0303011 0.8656505 -0.4997311
v -0.1373207 0.3980000 0.9601104
vn -0.0303011 0.8656505 -0.4997311
v -0.1381458 0.3940000 0.9532315
vn -0.0303011 0.8656505 -0.4997311
f 2587/2587/2587 2588/2588/2588 2589/2589/2589
v -0.1450000 0.3980000 0.9605760
vn -0.0303573 0.8656259 -0.4997702
v -0.1381458 0.3940000 0.9532315
vn -0.0303573 0.8656259 -0.4997702
v -0.1450000 0.3940000 0.9536478
vn -0.0303573 0.8656259 -0.4997702
f 2590/2590/2590 2591/2591/2591 2592/2592/2592
v -0.1364956 0.3940000 0.9669893
vn 0.0882489 0.8658499 0.4924591
v -0.1290996 0.3940000 0.9656639
vn 0.0882489 0.8658499 0.4924591
v -0.1305954 0.3980000 0.9588991
vn 0.0882489 0.8658499 0.4924591
f 2593/2593/2593 2594/2594/2594 2595/2595/2595
v -0.1364956 0.3940000 0.9669893
vn 0.0887432 0.8656505 0.4927210
v -0.1305954 0.3980000 0.9588991
vn 0.0887432 0.8656505 0.4927210
v -0.1373207 0.3980000 0.9601104
vn 0.0887432 0.8656505 0.4927210
f 2596/2596/2596 2597/2597/2597 2598/2598/2598
v -0.1364956 0.3860000 0.9669893
vn 0.1763906 0.0000000 0.9843202
v -0.1290996 0.3860000 0.9656639
vn 0.1763906 0.0000000 0.9843202
v -0.1290996 0.3940000 0.9656639
vn 0.1763906 0.0000000 0.9843202
f 2599/2599/2599 2600/2600/2600 2601/2601/2601
v -0.1364956 0.3860000 0.9669893
vn 0.1763906 0.0000000 0.9843202
v -0.1290996 0.3940000 0.9656639
vn 0.1763906 0.0000000 0.9843202
v -0.1364956 0.3940000 0.9669893
vn 0.1763906 0.0000000 0.9843202
f 2602/2602/2602 2603/2603/2603 2604/2604/2604
v -0.1373207 0.3820000 0.9601104
vn 0.0886797 -0.8658575 0.4923684
v -0.1305954 0.3820000 0.9588991
vn 0.0886797 -0.8658575 0.4923684
v -0.1290996 0.3860000 0.9656639
vn 0.0886797 -0.8658575 0.4923684
f 2605/2605/2605 2606/2606/2606 2607/2607/2607
v -0.1373207 0.3820000 0.9601104
vn 0.0883064 -0.8656615 0.4927799
v -0.1290996 0.3860000 0.9656639
vn 0.0883064 -0.8656615 0.4927799
v -0.1364956 0.3860000 0.9669893
vn 0.0883064 -0.8656615 0.4927799
f 2608/2608/2608 2609/2609/2609 2610/2610/2610
v -0.1381458 0.3860000 0.9532315
vn -0.0892057 -0.8658666 -0.4922574
v -0.1320912 0.3860000 0.9521343
vn -0.0892057 -0.8658666 -0.4922574
v -0.1305954 0.3820000 0.9588991
vn -0.0892057 -0.8658666 -0.4922574
f 2611/2611/2611 2612/2612/2612 2613/2613/2613
v -0.1381458 0.3860000 0.9532315
vn -0.0887432 -0.8656504 -0.4927210
v -0.1305954 0.3820000 0.9588991
vn -0.0887432 -0.8656504 -0.4927210
v -0.1373207 0.3820000 0.9601104
vn -0.0887432 -0.8656504 -0.4927210
f 2614/2614/2614 2615/2615/2615 2616/2616/2616
v -0.1381458 0.3940000 0.9532315
vn -0.1783134 0.0000000 -0.9839737
v -0.1320912 0.3940000 0.9521343
vn -0.1783134 0.0000000 -0.9839737
v -0.1320912 0.3860000 0.9521343
vn -0.1783134 0.0000000 -0.9839737
f 2617/2617/2617 2618/2618/2618 2619/2619/2619
v -0.1381458 0.3940000 0.9532315
vn -0.1783134 0.0000000 -0.9839737
v -0.1320912 0.3860000 0.9521343
vn -0.1783134 0.0000000 -0.9839737
v -0.1381458 0.3860000 0.9532315
vn -0.1783134 0.0000000 -0.9839737
f 2620/2620/2620 2621/2621/2621 2622/2622/2622
v -0.1373207 0.3980000 0.9601104
vn -0.0886797 0.8658575 -0.4923684
v -0.1305954 0.3980000 0.9588991
vn -0.0886797 0.8658575 -0.4923684
v -0.1320912 0.3940000 0.9521343
vn -0.0886797 0.8658575 -0.4923684
f 2623/2623/2623 2624/2624/2624 2625/2625/2625
v -0.1373207 0.3980000 0.9601104
vn -0.0892767 0.8656365 -0.4926489
v -0.1320912 0.3940000 0.9521343
vn -0.0892767 0.8656365 -0.4926489
v -0.1381458 0.3940000 0.9532315
vn -0.0892767 0.8656365 -0.4926489
f 2626/2626/2626 2627/2627/2627 2628/2628/2628
v -0.1290996 0.3940000 0.9656639
vn 0.1267530 0.8660165 0.4836829
v -0.1223940 0.3940000 0.9639066
vn 0.1267530 0.8660165 0.4836829
v -0.1242097 0.3980000 0.9572206
vn 0.1267530 0.8660165 0.4836829
f 2629/2629/2629 2630/2630/2630 2631/2631/2631
v -0.1290996 0.3940000 0.9656639
vn 0.1271806 0.8658576 0.4838552
v -0.1242097 0.3980000 0.9572206
vn 0.1271806 0.8658576 0.4838552
v -0.1305954 0.3980000 0.9588991
vn 0.1271806 0.8658576 0.4838552
f 2632/2632/2632 2633/2633/2633 2634/2634/2634
v -0.1290996 0.3860000 0.9656639
vn 0.2534983 0.0000000 0.9673359
v -0.1223940 0.3860000 0.9639066
vn 0.2534983 0.0000000 0.9673359
v -0.1223940 0.3940000 0.9639066
vn 0.2534983 0.0000000 0.9673359
f 2635/2635/2635 2636/2636/2636 2637/2637/2637
v -0.1290996 0.3860000 0.9656639
vn 0.2534983 0.0000000 0.9673359
v -0.1223940 0.3940000 0.9639066
vn 0.2534983 0.0000000 0.9673359
v -0.1290996 0.3940000 0.9656639
vn 0.2534983 0.0000000 0.9673359
f 2638/2638/2638 2639/2639/2639 2640/2640/2640
v -0.1305954 0.3820000 0.9588991
vn 0.1271100 -0.8660179 0.4835868
v -0.1242097 0.3820000 0.9572206
vn 0.1271100 -0.8660179 0.4835868
v -0.1223940 0.3860000 0.9639066
vn 0.1271100 -0.8660179 0.4835868
f 2641/2641/2641 2642/2642/2642 2643/2643/2643
v -0.1305954 0.3820000 0.9588991
vn 0.1268200 -0.8658638 0.4839386
v -0.1223940 0.3860000 0.9639066
vn 0.1268200 -0.8658638 0.4839386
v -0.1290996 0.3860000 0.9656639
vn 0.1268200 -0.8658638 0.4839386
f 2644/2644/2644 2645/2645/2645 2646/2646/2646
v -0.1320912 0.3860000 0.9521343
vn -0.1275044 -0.8660192 -0.4834805
v -0.1260255 0.3860000 0.9505346
vn -0.1275044 -0.8660192 -0.4834805
v -0.1242097 0.3820000 0.9572206
vn -0.1275044 -0.8660192 -0.4834805
f 2647/2647/2647 2648/2648/2648 2649/2649/2649
v -0.1320912 0.3860000 0.9521343
vn -0.1271806 -0.8658576 -0.4838552
v -0.1242097 0.3820000 0.9572206
vn -0.1271806 -0.8658576 -0.4838552
v -0.1305954 0.3820000 0.9588991
vn -0.1271806 -0.8658576 -0.4838552
f 2650/2650/2650 2651/2651/2651 2652/2652/2652
v -0.1320912 0.3940000 0.9521343
vn -0.2550034 0.0000000 -0.9669402
v -0.1260255 0.3940000 0.9505346
vn -0.2550034 0.0000000 -0.9669402
v -0.1260255 0.3860000 0.9505346
vn -0.2550034 0.0000000 -0.9669402
f 2653/2653/2653 2654/2654/2654 2655/2655/2655
v -0.1320912 0.3940000 0.9521343
vn -0.2550034 0.0000000 -0.9669402
v -0.1260255 0.3860000 0.9505346
vn -0.2550034 0.0000000 -0.9669402
v -0.1320912 0.3860000 0.9521343
vn -0.2550034 0.0000000 -0.9669402
f 2656/2656/2656 2657/2657/2657 2658/2658/2658
v -0.1305954 0.3980000 0.9588991
vn -0.1271100 0.8660179 -0.4835868
v -0.1242097 0.3980000 0.9572206
vn -0.1271100 0.8660179 -0.4835868
v -0.1260255 0.3940000 0.9505346
vn -0.1271100 0.8660179 -0.4835868
f 2659/2659/2659 2660/2660/2660 2661/2661/2661
v -0.1305954 0.3980000 0.9588991
vn -0.1275789 0.8658505 -0.4837629
v -0.1260255 0.3940000 0.9505346
vn -0.1275789 0.8658505 -0.4837629
v -0.1320912 0.3940000 0.9521343
vn -0.1275789 0.8658505 -0.4837629
f 2662/2662/2662 2663/2663/2663 2664/2664/2664
v -0.1223940 0.3940000 0.9639066
vn 0.1350812 0.8659766 0.4814951
v -0.1158200 0.3940000 0.9620624
vn 0.1350812 0.8659766 0.4814951
v -0.1175494 0.3980000 0.9553534
vn 0.1350812 0.8659766 0.4814951
f 2665/2665/2665 2666/2666/2666 2667/2667/2667
v -0.1223940 0.3940000 0.9639066
vn 0.1349708 0.8660179 0.4814519
v -0.1175494 0.3980000 0.9553534
vn 0.1349708 0.8660179 0.4814519
v -0.1242097 0.3980000 0.9572206
vn 0.1349708 0.8660179 0.4814519
f 2668/2668/2668 2669/2669/2669 2670/2670/2670
v -0.1223940 0.3860000 0.9639066
vn 0.2701167 0.0000000 0.9628276
v -0.1158200 0.3860000 0.9620624
vn 0.2701167 0.0000000 0.9628276
v -0.1158200 0.3940000 0.9620624
vn 0.2701167 0.0000000 0.9628276
f 2671/2671/2671 2672/2672/2672 2673/2673/2673
v -0.1223940 0.3860000 0.9639066
vn 0.2701167 0.0000000 0.9628276
v -0.1158200 0.3940000 0.9620624
vn 0.2701167 0.0000000 0.9628276
v -0.1223940 0.3940000 0.9639066
vn 0.2701167 0.0000000 0.9628276
f 2674/2674/2674 2675/2675/2675 2676/2676/2676
v -0.1242097 0.3820000 0.9572206
vn 0.1349897 -0.8659775 0.4815192
v -0.1175494 0.3820000 0.9553534
vn 0.1349897 -0.8659775 0.4815192
v -0.1158200 0.3860000 0.9620624
vn 0.1349897 -0.8659775 0.4815192
f 2677/2677/2677 2678/2678/2678 2679/2679/2679
v -0.1242097 0.3820000 0.9572206
vn 0.1350620 -0.8660176 0.4814270
v -0.1158200 0.3860000 0.9620624
vn 0.1350620 -0.8660176 0.4814270
v -0.1223940 0.3860000 0.9639066
vn 0.1350620 -0.8660176 0.4814270
f 2680/2680/2680 2681/2681/2681 2682/2682/2682
v -0.1260255 0.3860000 0.9505346
vn -0.1349006 -0.8659783 -0.4815427
v -0.1192787 0.3860000 0.9486445
vn -0.1349006 -0.8659783 -0.4815427
v -0.1175494 0.3820000 0.9553534
vn -0.1349006 -0.8659783 -0.4815427
f 2683/2683/2683 2684/2684/2684 2685/2685/2685
v -0.1260255 0.3860000 0.9505346
vn -0.1349708 -0.8660179 -0.4814519
v -0.1175494 0.3820000 0.9553534
vn -0.1349708 -0.8660179 -0.4814519
v -0.1242097 0.3820000 0.9572206
vn -0.1349708 -0.8660179 -0.4814519
f 2686/2686/2686 2687/2687/2687 2688/2688/2688
v -0.1260255 0.3940000 0.9505346
vn -0.2697572 0.0000000 -0.9629284
v -0.1192787 0.3940000 0.9486445
vn -0.2697572 0.0000000 -0.9629284
v -0.1192787 0.3860000 0.9486445
vn -0.2697572 0.0000000 -0.9629284
f 2689/2689/2689 2690/2690/2690 2691/2691/2691
v -0.1260255 0.3940000 0.9505346
vn -0.2697572 0.0000000 -0.9629284
v -0.1192787 0.3860000 0.9486445
vn -0.2697572 0.0000000 -0.9629284
v -0.1260255 0.3860000 0.9505346
vn -0.2697572 0.0000000 -0.9629284
f 2692/2692/2692 2693/2693/2693 2694/2694/2694
v -0.1242097 0.3980000 0.9572206
vn -0.1349897 0.8659775 -0.4815192
v -0.1175494 0.3980000 0.9553534
vn -0.1349897 0.8659775 -0.4815192
v -0.1192787 0.3940000 0.9486445
vn -0.1349897 0.8659775 -0.4815192
f 2695/2695/2695 2696/2696/2696 2697/2697/2697
v -0.1242097 0.3980000 0.9572206
vn -0.1348820 0.8660182 -0.4814762
v -0.1192787 0.3940000 0.9486445
vn -0.1348820 0.8660182 -0.4814762
v -0.1260255 0.3940000 0.9505346
vn -0.1348820 0.8660182 -0.4814762
f 2698/2698/2698 2699/2699/2699 2700/2700/2700
v -0.1158200 0.3940000 0.9620624
vn 0.1147961 0.8659006 0.4868654
v -0.1086413 0.3940000 0.9603697
vn 0.1147961 0.8659006 0.4868654
v -0.1100000 0.3980000 0.9535760
vn 0.1147961 0.8659006 0.4868654
f 2701/2701/2701 2702/2702/2702 2703/2703/2703
v -0.1158200 0.3940000 0.9620624
vn 0.1146084 0.8659775 0.4867728
v -0.1100000 0.3980000 0.9535760
vn 0.1146084 0.8659775 0.4867728
v -0.1175494 0.3980000 0.9553534
vn 0.1146084 0.8659775 0.4867728
f 2704/2704/2704 2705/2705/2705 2706/2706/2706
v -0.1158200 0.3860000 0.9620624
vn 0.2294931 0.0000000 0.9733103
v -0.1086413 0.3860000 0.9603697
vn 0.2294931 0.0000000 0.9733103
v -0.1086413 0.3940000 0.9603697
vn 0.2294931 0.0000000 0.9733103
f 2707/2707/2707 2708/2708/2708 2709/2709/2709
v -0.1158200 0.3860000 0.9620624
vn 0.2294931 0.0000000 0.9733103
v -0.1086413 0.3940000 0.9603697
vn 0.2294931 0.0000000 0.9733103
v -0.1158200 0.3940000 0.9620624
vn 0.2294931 0.0000000 0.9733103
f 2710/2710/2710 2711/2711/2711 2712/2712/2712
v -0.1175494 0.3820000 0.9553534
vn 0.1146380 -0.8659031 0.4868984
v -0.1100000 0.3820000 0.9535760
vn 0.1146380 -0.8659031 0.4868984
v -0.1086413 0.3860000 0.9603697
vn 0.1146380 -0.8659031 0.4868984
f 2713/2713/2713 2714/2714/2714 2715/2715/2715
v -0.1175494 0.3820000 0.9553534
vn 0.1147650 -0.8659790 0.4867334
v -0.1086413 0.3860000 0.9603697
vn 0.1147650 -0.8659790 0.4867334
v -0.1158200 0.3860000 0.9620624
vn 0.1147650 -0.8659790 0.4867334
f 2716/2716/2716 2717/2717/2717 2718/2718/2718
v -0.1192787 0.3860000 0.9486445
vn -0.1144884 -0.8659053 -0.4869297
v -0.1113587 0.3860000 0.9467824
vn -0.1144884 -0.8659053 -0.4869297
v -0.1100000 0.3820000 0.9535760
vn -0.1144884 -0.8659053 -0.4869297
f 2719/2719/2719 2720/2720/2720 2721/2721/2721
v -0.1192787 0.3860000 0.9486445
vn -0.1146019 -0.8659774 -0.4867744
v -0.1100000 0.3820000 0.9535760
vn -0.1146019 -0.8659774 -0.4867744
v -0.1175494 0.3820000 0.9553534
vn -0.1146019 -0.8659774 -0.4867744
f 2722/2722/2722 2723/2723/2723 2724/2724/2724
v -0.1192787 0.3940000 0.9486445
vn -0.2288815 0.0000000 -0.9734543
v -0.1113587 0.3940000 0.9467824
vn -0.2288815 0.0000000 -0.9734543
v -0.1113587 0.3860000 0.9467824
vn -0.2288815 0.0000000 -0.9734543
f 2725/2725/2725 2726/2726/2726 2727/2727/2727
v -0.1192787 0.3940000 0.9486445
vn -0.2288815 0.0000000 -0.9734543
v -0.1113587 0.3860000 0.9467824
vn -0.2288815 0.0000000 -0.9734543
v -0.1192787 0.3860000 0.9486445
vn -0.2288815 0.0000000 -0.9734543
f 2728/2728/2728 2729/2729/2729 2730/2730/2730
v -0.1175494 0.3980000 0.9553534
vn -0.1146315 0.8659032 -0.4868998
v -0.1100000 0.3980000 0.9535760
vn -0.1146315 0.8659032 -0.4868998
v -0.1113587 0.3940000 0.9467824
vn -0.1146315 0.8659032 -0.4868998
f 2731/2731/2731 2732/2732/2732 2733/2733/2733
v -0.1175494 0.3980000 0.9553534
vn -0.1144603 0.8659761 -0.4868102
v -0.1113587 0.3940000 0.9467824
vn -0.1144603 0.8659761 -0.4868102
v -0.1192787 0.3940000 0.9486445
vn -0.1144603 0.8659761 -0.4868102
f 2734/2734/2734 2735/2735/2735 2736/2736/2736
o pz_sink_white_hanging_|_tap_stem_0.145
usemtl UV_Base
v 0.1670000 0.3900000 0.9095760
vn 0.0000000 0.0000000 -1.0000000
v 0.1627984 0.3770687 0.9095760
vn 0.0000000 0.0000000 -1.0000000
v 0.1517984 0.3690768 0.9095760
vn 0.0000000 0.0000000 -1.0000000
f 2737/2737/2737 2738/2738/2738 2739/2739/2739
v 0.1517984 0.3690768 0.9095760
vn 0.0000000 0.0000000 -1.0000000
v 0.1382016 0.3690768 0.9095760
vn 0.0000000 0.0000000 -1.0000000
v 0.1272016 0.3770687 0.9095760
vn 0.0000000 0.0000000 -1.0000000
f 2740/2740/2740 2741/2741/2741 2742/2742/2742
v 0.1272016 0.3770687 0.9095760
vn 0.0000000 -0.0000000 -1.0000000
v 0.1230000 0.3900000 0.9095760
vn 0.0000000 -0.0000000 -1.0000000
v 0.1272016 0.4029313 0.9095760
vn 0.0000000 -0.0000000 -1.0000000
f 2743/2743/2743 2744/2744/2744 2745/2745/2745
v 0.1272016 0.4029313 0.9095760
vn -0.0000000 0.0000000 -1.0000000
v 0.1382016 0.4109232 0.9095760
vn -0.0000000 0.0000000 -1.0000000
v 0.1517984 0.4109232 0.9095760
vn -0.0000000 0.0000000 -1.0000000
f 2746/2746/2746 2747/2747/2747 2748/2748/2748
v 0.1517984 0.4109232 0.9095760
vn 0.0000000 0.0000000 -1.0000000
v 0.1627984 0.4029313 0.9095760
vn 0.0000000 0.0000000 -1.0000000
v 0.1670000 0.3900000 0.9095760
vn 0.0000000 0.0000000 -1.0000000
f 2749/2749/2749 2750/2750/2750 2751/2751/2751
v 0.1670000 0.3900000 0.9095760
vn 0.0000000 0.0000000 -1.0000000
v 0.1517984 0.3690768 0.9095760
vn 0.0000000 0.0000000 -1.0000000
v 0.1272016 0.3770687 0.9095760
vn 0.0000000 0.0000000 -1.0000000
f 2752/2752/2752 2753/2753/2753 2754/2754/2754
v 0.1272016 0.3770687 0.9095760
vn 0.0000000 -0.0000000 -1.0000000
v 0.1272016 0.4029313 0.9095760
vn 0.0000000 -0.0000000 -1.0000000
v 0.1517984 0.4109232 0.9095760
vn 0.0000000 -0.0000000 -1.0000000
f 2755/2755/2755 2756/2756/2756 2757/2757/2757
v 0.1272016 0.3770687 0.9095760
vn -0.0000000 0.0000000 -1.0000000
v 0.1517984 0.4109232 0.9095760
vn -0.0000000 0.0000000 -1.0000000
v 0.1670000 0.3900000 0.9095760
vn -0.0000000 0.0000000 -1.0000000
f 2758/2758/2758 2759/2759/2759 2760/2760/2760
v 0.1644164 0.3758931 0.9535760
vn 0.0000000 0.0000000 1.0000000
v 0.1690000 0.3900000 0.9535760
vn 0.0000000 0.0000000 1.0000000
v 0.1644164 0.4041069 0.9535760
vn 0.0000000 0.0000000 1.0000000
f 2761/2761/2761 2762/2762/2762 2763/2763/2763
v 0.1644164 0.4041069 0.9535760
vn -0.0000000 0.0000000 1.0000000
v 0.1524164 0.4128253 0.9535760
vn -0.0000000 0.0000000 1.0000000
v 0.1375836 0.4128253 0.9535760
vn -0.0000000 0.0000000 1.0000000
f 2764/2764/2764 2765/2765/2765 2766/2766/2766
v 0.1375836 0.4128253 0.9535760
vn 0.0000000 0.0000000 1.0000000
v 0.1255836 0.4041069 0.9535760
vn 0.0000000 0.0000000 1.0000000
v 0.1210000 0.3900000 0.9535760
vn 0.0000000 0.0000000 1.0000000
f 2767/2767/2767 2768/2768/2768 2769/2769/2769
v 0.1210000 0.3900000 0.9535760
vn 0.0000000 0.0000000 1.0000000
v 0.1255836 0.3758931 0.9535760
vn 0.0000000 0.0000000 1.0000000
v 0.1375836 0.3671747 0.9535760
vn 0.0000000 0.0000000 1.0000000
f 2770/2770/2770 2771/2771/2771 2772/2772/2772
v 0.1375836 0.3671747 0.9535760
vn 0.0000000 0.0000000 1.0000000
v 0.1524164 0.3671747 0.9535760
vn 0.0000000 0.0000000 1.0000000
v 0.1644164 0.3758931 0.9535760
vn 0.0000000 0.0000000 1.0000000
f 2773/2773/2773 2774/2774/2774 2775/2775/2775
v 0.1644164 0.3758931 0.9535760
vn 0.0000000 0.0000000 1.0000000
v 0.1644164 0.4041069 0.9535760
vn 0.0000000 0.0000000 1.0000000
v 0.1375836 0.4128253 0.9535760
vn 0.0000000 0.0000000 1.0000000
f 2776/2776/2776 2777/2777/2777 2778/2778/2778
v 0.1375836 0.4128253 0.9535760
vn 0.0000000 -0.0000000 1.0000000
v 0.1210000 0.3900000 0.9535760
vn 0.0000000 -0.0000000 1.0000000
v 0.1375836 0.3671747 0.9535760
vn 0.0000000 -0.0000000 1.0000000
f 2779/2779/2779 2780/2780/2780 2781/2781/2781
v 0.1375836 0.4128253 0.9535760
vn 0.0000000 -0.0000000 1.0000000
v 0.1375836 0.3671747 0.9535760
vn 0.0000000 -0.0000000 1.0000000
v 0.1644164 0.3758931 0.9535760
vn 0.0000000 -0.0000000 1.0000000
f 2782/2782/2782 2783/2783/2783 2784/2784/2784
v 0.1670000 0.3900000 0.9095760
vn 0.9457907 0.3073053 0.1050878
v 0.1627984 0.4029313 0.9095760
vn 0.9457907 0.3073053 0.1050878
v 0.1595623 0.4005801 0.9455760
vn 0.9457907 0.3073053 0.1050878
f 2785/2785/2785 2786/2786/2786 2787/2787/2787
v 0.1670000 0.3900000 0.9095760
vn 0.9457906 0.3073058 0.1050876
v 0.1595623 0.4005801 0.9455760
vn 0.9457906 0.3073058 0.1050876
v 0.1630000 0.3900000 0.9455760
vn 0.9457906 0.3073058 0.1050876
f 2788/2788/2788 2789/2789/2789 2790/2790/2790
v 0.1627984 0.4029313 0.9095760
vn 0.5845305 0.8045375 0.1050880
v 0.1517984 0.4109232 0.9095760
vn 0.5845305 0.8045375 0.1050880
v 0.1505623 0.4071190 0.9455760
vn 0.5845305 0.8045375 0.1050880
f 2791/2791/2791 2792/2792/2792 2793/2793/2793
v 0.1627984 0.4029313 0.9095760
vn 0.5845296 0.8045381 0.1050877
v 0.1505623 0.4071190 0.9455760
vn 0.5845296 0.8045381 0.1050877
v 0.1595623 0.4005801 0.9455760
vn 0.5845296 0.8045381 0.1050877
f 2794/2794/2794 2795/2795/2795 2796/2796/2796
v 0.1517984 0.4109232 0.9095760
vn -0.0000000 0.9944630 0.1050881
v 0.1382016 0.4109232 0.9095760
vn -0.0000000 0.9944630 0.1050881
v 0.1394377 0.4071190 0.9455760
vn -0.0000000 0.9944630 0.1050881
f 2797/2797/2797 2798/2798/2798 2799/2799/2799
v 0.1517984 0.4109232 0.9095760
vn 0.0000000 0.9944629 0.1050881
v 0.1394377 0.4071190 0.9455760
vn 0.0000000 0.9944629 0.1050881
v 0.1505623 0.4071190 0.9455760
vn 0.0000000 0.9944629 0.1050881
f 2800/2800/2800 2801/2801/2801 2802/2802/2802
v 0.1382016 0.4109232 0.9095760
vn -0.5845310 0.8045372 0.1050875
v 0.1272016 0.4029313 0.9095760
vn -0.5845310 0.8045372 0.1050875
v 0.1304377 0.4005801 0.9455760
vn -0.5845310 0.8045372 0.1050875
f 2803/2803/2803 2804/2804/2804 2805/2805/2805
v 0.1382016 0.4109232 0.9095760
vn -0.5845296 0.8045381 0.1050880
v 0.1304377 0.4005801 0.9455760
vn -0.5845296 0.8045381 0.1050880
v 0.1394377 0.4071190 0.9455760
vn -0.5845296 0.8045381 0.1050880
f 2806/2806/2806 2807/2807/2807 2808/2808/2808
v 0.1272016 0.4029313 0.9095760
vn -0.9457905 0.3073058 0.1050878
v 0.1230000 0.3900000 0.9095760
vn -0.9457905 0.3073058 0.1050878
v 0.1270000 0.3900000 0.9455760
vn -0.9457905 0.3073058 0.1050878
f 2809/2809/2809 2810/2810/2810 2811/2811/2811
v 0.1272016 0.4029313 0.9095760
vn -0.9457909 0.3073046 0.1050874
v 0.1270000 0.3900000 0.9455760
vn -0.9457909 0.3073046 0.1050874
v 0.1304377 0.4005801 0.9455760
vn -0.9457909 0.3073046 0.1050874
f 2812/2812/2812 2813/2813/2813 2814/2814/2814
v 0.1230000 0.3900000 0.9095760
vn -0.9457904 -0.3073065 0.1050874
v 0.1272016 0.3770687 0.9095760
vn -0.9457904 -0.3073065 0.1050874
v 0.1304377 0.3794199 0.9455760
vn -0.9457904 -0.3073065 0.1050874
f 2815/2815/2815 2816/2816/2816 2817/2817/2817
v 0.1230000 0.3900000 0.9095760
vn -0.9457906 -0.3073054 0.1050878
v 0.1304377 0.3794199 0.9455760
vn -0.9457906 -0.3073054 0.1050878
v 0.1270000 0.3900000 0.9455760
vn -0.9457906 -0.3073054 0.1050878
f 2818/2818/2818 2819/2819/2819 2820/2820/2820
v 0.1272016 0.3770687 0.9095760
vn -0.5845309 -0.8045371 0.1050880
v 0.1382016 0.3690768 0.9095760
vn -0.5845309 -0.8045371 0.1050880
v 0.1394377 0.3728810 0.9455760
vn -0.5845309 -0.8045371 0.1050880
f 2821/2821/2821 2822/2822/2822 2823/2823/2823
v 0.1272016 0.3770687 0.9095760
vn -0.5845297 -0.8045382 0.1050874
v 0.1394377 0.3728810 0.9455760
vn -0.5845297 -0.8045382 0.1050874
v 0.1304377 0.3794199 0.9455760
vn -0.5845297 -0.8045382 0.1050874
f 2824/2824/2824 2825/2825/2825 2826/2826/2826
v 0.1382016 0.3690768 0.9095760
vn 0.0000000 -0.9944630 0.1050881
v 0.1517984 0.3690768 0.9095760
vn 0.0000000 -0.9944630 0.1050881
v 0.1505623 0.3728810 0.9455760
vn 0.0000000 -0.9944630 0.1050881
f 2827/2827/2827 2828/2828/2828 2829/2829/2829
v 0.1382016 0.3690768 0.9095760
vn 0.0000000 -0.9944629 0.1050881
v 0.1505623 0.3728810 0.9455760
vn 0.0000000 -0.9944629 0.1050881
v 0.1394377 0.3728810 0.9455760
vn 0.0000000 -0.9944629 0.1050881
f 2830/2830/2830 2831/2831/2831 2832/2832/2832
v 0.1517984 0.3690768 0.9095760
vn 0.5845305 -0.8045375 0.1050877
v 0.1627984 0.3770687 0.9095760
vn 0.5845305 -0.8045375 0.1050877
v 0.1595623 0.3794199 0.9455760
vn 0.5845305 -0.8045375 0.1050877
f 2833/2833/2833 2834/2834/2834 2835/2835/2835
v 0.1517984 0.3690768 0.9095760
vn 0.5845296 -0.8045381 0.1050880
v 0.1595623 0.3794199 0.9455760
vn 0.5845296 -0.8045381 0.1050880
v 0.1505623 0.3728810 0.9455760
vn 0.5845296 -0.8045381 0.1050880
f 2836/2836/2836 2837/2837/2837 2838/2838/2838
v 0.1627984 0.3770687 0.9095760
vn 0.9457905 -0.3073060 0.1050876
v 0.1670000 0.3900000 0.9095760
vn 0.9457905 -0.3073060 0.1050876
v 0.1630000 0.3900000 0.9455760
vn 0.9457905 -0.3073060 0.1050876
f 2839/2839/2839 2840/2840/2840 2841/2841/2841
v 0.1627984 0.3770687 0.9095760
vn 0.9457902 -0.3073066 0.1050878
v 0.1630000 0.3900000 0.9455760
vn 0.9457902 -0.3073066 0.1050878
v 0.1595623 0.3794199 0.9455760
vn 0.9457902 -0.3073066 0.1050878
f 2842/2842/2842 2843/2843/2843 2844/2844/2844
v 0.1630000 0.3900000 0.9455760
vn 0.7742708 0.2515757 -0.5807016
v 0.1595623 0.4005801 0.9455760
vn 0.7742708 0.2515757 -0.5807016
v 0.1644164 0.4041069 0.9535760
vn 0.7742708 0.2515757 -0.5807016
f 2845/2845/2845 2846/2846/2846 2847/2847/2847
v 0.1630000 0.3900000 0.9455760
vn 0.7742708 0.2515757 -0.5807016
v 0.1644164 0.4041069 0.9535760
vn 0.7742708 0.2515757 -0.5807016
v 0.1690000 0.3900000 0.9535760
vn 0.7742708 0.2515757 -0.5807016
f 2848/2848/2848 2849/2849/2849 2850/2850/2850
v 0.1595623 0.4005801 0.9455760
vn 0.4785246 0.6586343 -0.5807022
v 0.1505623 0.4071190 0.9455760
vn 0.4785246 0.6586343 -0.5807022
v 0.1524164 0.4128253 0.9535760
vn 0.4785246 0.6586343 -0.5807022
f 2851/2851/2851 2852/2852/2852 2853/2853/2853
v 0.1595623 0.4005801 0.9455760
vn 0.4785250 0.6586343 -0.5807018
v 0.1524164 0.4128253 0.9535760
vn 0.4785250 0.6586343 -0.5807018
v 0.1644164 0.4041069 0.9535760
vn 0.4785250 0.6586343 -0.5807018
f 2854/2854/2854 2855/2855/2855 2856/2856/2856
v 0.1505623 0.4071190 0.9455760
vn 0.0000000 0.8141162 -0.5807019
v 0.1394377 0.4071190 0.9455760
vn 0.0000000 0.8141162 -0.5807019
v 0.1375836 0.4128253 0.9535760
vn 0.0000000 0.8141162 -0.5807019
f 2857/2857/2857 2858/2858/2858 2859/2859/2859
v 0.1505623 0.4071190 0.9455760
vn 0.0000000 0.8141164 -0.5807019
v 0.1375836 0.4128253 0.9535760
vn 0.0000000 0.8141164 -0.5807019
v 0.1524164 0.4128253 0.9535760
vn 0.0000000 0.8141164 -0.5807019
f 2860/2860/2860 2861/2861/2861 2862/2862/2862
v 0.1394377 0.4071190 0.9455760
vn -0.4785247 0.6586345 -0.5807018
v 0.1304377 0.4005801 0.9455760
vn -0.4785247 0.6586345 -0.5807018
v 0.1255836 0.4041069 0.9535760
vn -0.4785247 0.6586345 -0.5807018
f 2863/2863/2863 2864/2864/2864 2865/2865/2865
v 0.1394377 0.4071190 0.9455760
vn -0.4785247 0.6586348 -0.5807017
v 0.1255836 0.4041069 0.9535760
vn -0.4785247 0.6586348 -0.5807017
v 0.1375836 0.4128253 0.9535760
vn -0.4785247 0.6586348 -0.5807017
f 2866/2866/2866 2867/2867/2867 2868/2868/2868
v 0.1304377 0.4005801 0.9455760
vn -0.7742707 0.2515745 -0.5807022
v 0.1270000 0.3900000 0.9455760
vn -0.7742707 0.2515745 -0.5807022
v 0.1210000 0.3900000 0.9535760
vn -0.7742707 0.2515745 -0.5807022
f 2869/2869/2869 2870/2870/2870 2871/2871/2871
v 0.1304377 0.4005801 0.9455760
vn -0.7742710 0.2515753 -0.5807016
v 0.1210000 0.3900000 0.9535760
vn -0.7742710 0.2515753 -0.5807016
v 0.1255836 0.4041069 0.9535760
vn -0.7742710 0.2515753 -0.5807016
f 2872/2872/2872 2873/2873/2873 2874/2874/2874
v 0.1270000 0.3900000 0.9455760
vn -0.7742710 -0.2515754 -0.5807016
v 0.1304377 0.3794199 0.9455760
vn -0.7742710 -0.2515754 -0.5807016
v 0.1255836 0.3758931 0.9535760
vn -0.7742710 -0.2515754 -0.5807016
f 2875/2875/2875 2876/2876/2876 2877/2877/2877
v 0.1270000 0.3900000 0.9455760
vn -0.7742705 -0.2515757 -0.5807021
v 0.1255836 0.3758931 0.9535760
vn -0.7742705 -0.2515757 -0.5807021
v 0.1210000 0.3900000 0.9535760
vn -0.7742705 -0.2515757 -0.5807021
f 2878/2878/2878 2879/2879/2879 2880/2880/2880
v 0.1304377 0.3794199 0.9455760
vn -0.4785248 -0.6586346 -0.5807016
v 0.1394377 0.3728810 0.9455760
vn -0.4785248 -0.6586346 -0.5807016
v 0.1375836 0.3671747 0.9535760
vn -0.4785248 -0.6586346 -0.5807016
f 2881/2881/2881 2882/2882/2882 2883/2883/2883
v 0.1304377 0.3794199 0.9455760
vn -0.4785246 -0.6586347 -0.5807018
v 0.1375836 0.3671747 0.9535760
vn -0.4785246 -0.6586347 -0.5807018
v 0.1255836 0.3758931 0.9535760
vn -0.4785246 -0.6586347 -0.5807018
f 2884/2884/2884 2885/2885/2885 2886/2886/2886
v 0.1394377 0.3728810 0.9455760
vn -0.0000000 -0.8141162 -0.5807019
v 0.1505623 0.3728810 0.9455760
vn -0.0000000 -0.8141162 -0.5807019
v 0.1524164 0.3671747 0.9535760
vn -0.0000000 -0.8141162 -0.5807019
f 2887/2887/2887 2888/2888/2888 2889/2889/2889
v 0.1394377 0.3728810 0.9455760
vn 0.0000000 -0.8141164 -0.5807019
v 0.1524164 0.3671747 0.9535760
vn 0.0000000 -0.8141164 -0.5807019
v 0.1375836 0.3671747 0.9535760
vn 0.0000000 -0.8141164 -0.5807019
f 2890/2890/2890 2891/2891/2891 2892/2892/2892
v 0.1505623 0.3728810 0.9455760
vn 0.4785247 -0.6586345 -0.5807018
v 0.1595623 0.3794199 0.9455760
vn 0.4785247 -0.6586345 -0.5807018
v 0.1644164 0.3758931 0.9535760
vn 0.4785247 -0.6586345 -0.5807018
f 2893/2893/2893 2894/2894/2894 2895/2895/2895
v 0.1505623 0.3728810 0.9455760
vn 0.4785248 -0.6586341 -0.5807022
v 0.1644164 0.3758931 0.9535760
vn 0.4785248 -0.6586341 -0.5807022
v 0.1524164 0.3671747 0.9535760
vn 0.4785248 -0.6586341 -0.5807022
f 2896/2896/2896 2897/2897/2897 2898/2898/2898
v 0.1595623 0.3794199 0.9455760
vn 0.7742706 -0.2515763 -0.5807015
v 0.1630000 0.3900000 0.9455760
vn 0.7742706 -0.2515763 -0.5807015
v 0.1690000 0.3900000 0.9535760
vn 0.7742706 -0.2515763 -0.5807015
f 2899/2899/2899 2900/2900/2900 2901/2901/2901
v 0.1595623 0.3794199 0.9455760
vn 0.7742705 -0.2515761 -0.5807017
v 0.1690000 0.3900000 0.9535760
vn 0.7742705 -0.2515761 -0.5807017
v 0.1644164 0.3758931 0.9535760
vn 0.7742705 -0.2515761 -0.5807017
f 2902/2902/2902 2903/2903/2903 2904/2904/2904
o pz_sink_white_hanging_|_EDITABLE_curved_tap_lever_0.145_|_export_mesh
usemtl UV_Base
v 0.1800000 0.3980000 0.9535760
vn 0.9805807 0.0000000 -0.1961157
v 0.1786413 0.3860000 0.9467824
vn 0.9805807 0.0000000 -0.1961157
v 0.1786413 0.3940000 0.9467824
vn 0.9805807 0.0000000 -0.1961157
f 2905/2905/2905 2906/2906/2906 2907/2907/2907
v 0.1800000 0.3980000 0.9535760
vn 0.9805807 0.0000000 -0.1961157
v 0.1800000 0.3820000 0.9535760
vn 0.9805807 0.0000000 -0.1961157
v 0.1786413 0.3860000 0.9467824
vn 0.9805807 0.0000000 -0.1961157
f 2908/2908/2908 2909/2909/2909 2910/2910/2910
v 0.1813587 0.3940000 0.9603697
vn 0.9805807 0.0000000 -0.1961157
v 0.1800000 0.3820000 0.9535760
vn 0.9805807 0.0000000 -0.1961157
v 0.1800000 0.3980000 0.9535760
vn 0.9805807 0.0000000 -0.1961157
f 2911/2911/2911 2912/2912/2912 2913/2913/2913
v 0.1813587 0.3940000 0.9603697
vn 0.9805807 0.0000000 -0.1961157
v 0.1813587 0.3860000 0.9603697
vn 0.9805807 0.0000000 -0.1961157
v 0.1800000 0.3820000 0.9535760
vn 0.9805807 0.0000000 -0.1961157
f 2914/2914/2914 2915/2915/2915 2916/2916/2916
v 0.1100000 0.3820000 0.9535760
vn -0.9805810 0.0000000 -0.1961147
v 0.1113587 0.3940000 0.9467824
vn -0.9805810 0.0000000 -0.1961147
v 0.1113587 0.3860000 0.9467824
vn -0.9805810 0.0000000 -0.1961147
f 2917/2917/2917 2918/2918/2918 2919/2919/2919
v 0.1100000 0.3820000 0.9535760
vn -0.9805810 -0.0000000 -0.1961147
v 0.1100000 0.3980000 0.9535760
vn -0.9805810 -0.0000000 -0.1961147
v 0.1113587 0.3940000 0.9467824
vn -0.9805810 -0.0000000 -0.1961147
f 2920/2920/2920 2921/2921/2921 2922/2922/2922
v 0.1086413 0.3860000 0.9603697
vn -0.9805810 0.0000000 -0.1961147
v 0.1100000 0.3980000 0.9535760
vn -0.9805810 0.0000000 -0.1961147
v 0.1100000 0.3820000 0.9535760
vn -0.9805810 0.0000000 -0.1961147
f 2923/2923/2923 2924/2924/2924 2925/2925/2925
v 0.1086413 0.3860000 0.9603697
vn -0.9805810 -0.0000000 -0.1961147
v 0.1086413 0.3940000 0.9603697
vn -0.9805810 -0.0000000 -0.1961147
v 0.1100000 0.3980000 0.9535760
vn -0.9805810 -0.0000000 -0.1961147
f 2926/2926/2926 2927/2927/2927 2928/2928/2928
v 0.1086413 0.3940000 0.9603697
vn -0.1147651 0.8659790 0.4867333
v 0.1158200 0.3940000 0.9620624
vn -0.1147651 0.8659790 0.4867333
v 0.1175494 0.3980000 0.9553534
vn -0.1147651 0.8659790 0.4867333
f 2929/2929/2929 2930/2930/2930 2931/2931/2931
v 0.1086413 0.3940000 0.9603697
vn -0.1146380 0.8659030 0.4868985
v 0.1175494 0.3980000 0.9553534
vn -0.1146380 0.8659030 0.4868985
v 0.1100000 0.3980000 0.9535760
vn -0.1146380 0.8659030 0.4868985
f 2932/2932/2932 2933/2933/2933 2934/2934/2934
v 0.1086413 0.3860000 0.9603697
vn -0.2294933 0.0000000 0.9733102
v 0.1158200 0.3860000 0.9620624
vn -0.2294933 0.0000000 0.9733102
v 0.1158200 0.3940000 0.9620624
vn -0.2294933 0.0000000 0.9733102
f 2935/2935/2935 2936/2936/2936 2937/2937/2937
v 0.1086413 0.3860000 0.9603697
vn -0.2294933 0.0000000 0.9733102
v 0.1158200 0.3940000 0.9620624
vn -0.2294933 0.0000000 0.9733102
v 0.1086413 0.3940000 0.9603697
vn -0.2294933 0.0000000 0.9733102
f 2938/2938/2938 2939/2939/2939 2940/2940/2940
v 0.1100000 0.3820000 0.9535760
vn -0.1146084 -0.8659775 0.4867729
v 0.1175494 0.3820000 0.9553534
vn -0.1146084 -0.8659775 0.4867729
v 0.1158200 0.3860000 0.9620624
vn -0.1146084 -0.8659775 0.4867729
f 2941/2941/2941 2942/2942/2942 2943/2943/2943
v 0.1100000 0.3820000 0.9535760
vn -0.1147963 -0.8659006 0.4868655
v 0.1158200 0.3860000 0.9620624
vn -0.1147963 -0.8659006 0.4868655
v 0.1086413 0.3860000 0.9603697
vn -0.1147963 -0.8659006 0.4868655
f 2944/2944/2944 2945/2945/2945 2946/2946/2946
v 0.1113587 0.3860000 0.9467824
vn 0.1144602 -0.8659762 -0.4868103
v 0.1192787 0.3860000 0.9486445
vn 0.1144602 -0.8659762 -0.4868103
v 0.1175494 0.3820000 0.9553534
vn 0.1144602 -0.8659762 -0.4868103
f 2947/2947/2947 2948/2948/2948 2949/2949/2949
v 0.1113587 0.3860000 0.9467824
vn 0.1146315 -0.8659031 -0.4868999
v 0.1175494 0.3820000 0.9553534
vn 0.1146315 -0.8659031 -0.4868999
v 0.1100000 0.3820000 0.9535760
vn 0.1146315 -0.8659031 -0.4868999
f 2950/2950/2950 2951/2951/2951 2952/2952/2952
v 0.1113587 0.3940000 0.9467824
vn 0.2288813 0.0000000 -0.9734544
v 0.1192787 0.3940000 0.9486445
vn 0.2288813 0.0000000 -0.9734544
v 0.1192787 0.3860000 0.9486445
vn 0.2288813 0.0000000 -0.9734544
f 2953/2953/2953 2954/2954/2954 2955/2955/2955
v 0.1113587 0.3940000 0.9467824
vn 0.2288813 0.0000000 -0.9734544
v 0.1192787 0.3860000 0.9486445
vn 0.2288813 0.0000000 -0.9734544
v 0.1113587 0.3860000 0.9467824
vn 0.2288813 0.0000000 -0.9734544
f 2956/2956/2956 2957/2957/2957 2958/2958/2958
v 0.1100000 0.3980000 0.9535760
vn 0.1146019 0.8659774 -0.4867744
v 0.1175494 0.3980000 0.9553534
vn 0.1146019 0.8659774 -0.4867744
v 0.1192787 0.3940000 0.9486445
vn 0.1146019 0.8659774 -0.4867744
f 2959/2959/2959 2960/2960/2960 2961/2961/2961
v 0.1100000 0.3980000 0.9535760
vn 0.1144883 0.8659052 -0.4869297
v 0.1192787 0.3940000 0.9486445
vn 0.1144883 0.8659052 -0.4869297
v 0.1113587 0.3940000 0.9467824
vn 0.1144883 0.8659052 -0.4869297
f 2962/2962/2962 2963/2963/2963 2964/2964/2964
v 0.1158200 0.3940000 0.9620624
vn -0.1350611 0.8660190 0.4814243
v 0.1223940 0.3940000 0.9639066
vn -0.1350611 0.8660190 0.4814243
v 0.1242097 0.3980000 0.9572206
vn -0.1350611 0.8660190 0.4814243
f 2965/2965/2965 2966/2966/2966 2967/2967/2967
v 0.1158200 0.3940000 0.9620624
vn -0.1349861 0.8659775 0.4815201
v 0.1242097 0.3980000 0.9572206
vn -0.1349861 0.8659775 0.4815201
v 0.1175494 0.3980000 0.9553534
vn -0.1349861 0.8659775 0.4815201
f 2968/2968/2968 2969/2969/2969 2970/2970/2970
v 0.1158200 0.3860000 0.9620624
vn -0.2701164 0.0000000 0.9628276
v 0.1223940 0.3860000 0.9639066
vn -0.2701164 0.0000000 0.9628276
v 0.1223940 0.3940000 0.9639066
vn -0.2701164 0.0000000 0.9628276
f 2971/2971/2971 2972/2972/2972 2973/2973/2973
v 0.1158200 0.3860000 0.9620624
vn -0.2701164 0.0000000 0.9628276
v 0.1223940 0.3940000 0.9639066
vn -0.2701164 0.0000000 0.9628276
v 0.1158200 0.3940000 0.9620624
vn -0.2701164 0.0000000 0.9628276
f 2974/2974/2974 2975/2975/2975 2976/2976/2976
v 0.1175494 0.3820000 0.9553534
vn -0.1349665 -0.8660194 0.4814503
v 0.1242097 0.3820000 0.9572206
vn -0.1349665 -0.8660194 0.4814503
v 0.1223940 0.3860000 0.9639066
vn -0.1349665 -0.8660194 0.4814503
f 2977/2977/2977 2978/2978/2978 2979/2979/2979
v 0.1175494 0.3820000 0.9553534
vn -0.1350810 -0.8659767 0.4814952
v 0.1223940 0.3860000 0.9639066
vn -0.1350810 -0.8659767 0.4814952
v 0.1158200 0.3860000 0.9620624
vn -0.1350810 -0.8659767 0.4814952
f 2980/2980/2980 2981/2981/2981 2982/2982/2982
v 0.1192787 0.3860000 0.9486445
vn 0.1348812 -0.8660197 -0.4814736
v 0.1260255 0.3860000 0.9505346
vn 0.1348812 -0.8660197 -0.4814736
v 0.1242097 0.3820000 0.9572206
vn 0.1348812 -0.8660197 -0.4814736
f 2983/2983/2983 2984/2984/2984 2985/2985/2985
v 0.1192787 0.3860000 0.9486445
vn 0.1349933 -0.8659775 -0.4815183
v 0.1242097 0.3820000 0.9572206
vn 0.1349933 -0.8659775 -0.4815183
v 0.1175494 0.3820000 0.9553534
vn 0.1349933 -0.8659775 -0.4815183
f 2986/2986/2986 2987/2987/2987 2988/2988/2988
v 0.1192787 0.3940000 0.9486445
vn 0.2697572 0.0000000 -0.9629284
v 0.1260255 0.3940000 0.9505346
vn 0.2697572 0.0000000 -0.9629284
v 0.1260255 0.3860000 0.9505346
vn 0.2697572 0.0000000 -0.9629284
f 2989/2989/2989 2990/2990/2990 2991/2991/2991
v 0.1192787 0.3940000 0.9486445
vn 0.2697572 0.0000000 -0.9629284
v 0.1260255 0.3860000 0.9505346
vn 0.2697572 0.0000000 -0.9629284
v 0.1192787 0.3860000 0.9486445
vn 0.2697572 0.0000000 -0.9629284
f 2992/2992/2992 2993/2993/2993 2994/2994/2994
v 0.1175494 0.3980000 0.9553534
vn 0.1349737 0.8660194 -0.4814482
v 0.1242097 0.3980000 0.9572206
vn 0.1349737 0.8660194 -0.4814482
v 0.1260255 0.3940000 0.9505346
vn 0.1349737 0.8660194 -0.4814482
f 2995/2995/2995 2996/2996/2996 2997/2997/2997
v 0.1175494 0.3980000 0.9553534
vn 0.1349006 0.8659783 -0.4815427
v 0.1260255 0.3940000 0.9505346
vn 0.1349006 0.8659783 -0.4815427
v 0.1192787 0.3940000 0.9486445
vn 0.1349006 0.8659783 -0.4815427
f 2998/2998/2998 2999/2999/2999 3000/3000/3000
v 0.1223940 0.3940000 0.9639066
vn -0.1268195 0.8658654 0.4839359
v 0.1290996 0.3940000 0.9656639
vn -0.1268195 0.8658654 0.4839359
v 0.1305954 0.3980000 0.9588991
vn -0.1268195 0.8658654 0.4839359
f 3001/3001/3001 3002/3002/3002 3003/3003/3003
v 0.1223940 0.3940000 0.9639066
vn -0.1271093 0.8660195 0.4835842
v 0.1305954 0.3980000 0.9588991
vn -0.1271093 0.8660195 0.4835842
v 0.1242097 0.3980000 0.9572206
vn -0.1271093 0.8660195 0.4835842
f 3004/3004/3004 3005/3005/3005 3006/3006/3006
v 0.1223940 0.3860000 0.9639066
vn -0.2534985 0.0000000 0.9673359
v 0.1290996 0.3860000 0.9656639
vn -0.2534985 0.0000000 0.9673359
v 0.1290996 0.3940000 0.9656639
vn -0.2534985 0.0000000 0.9673359
f 3007/3007/3007 3008/3008/3008 3009/3009/3009
v 0.1223940 0.3860000 0.9639066
vn -0.2534985 0.0000000 0.9673359
v 0.1290996 0.3940000 0.9656639
vn -0.2534985 0.0000000 0.9673359
v 0.1223940 0.3940000 0.9639066
vn -0.2534985 0.0000000 0.9673359
f 3010/3010/3010 3011/3011/3011 3012/3012/3012
v 0.1242097 0.3820000 0.9572206
vn -0.1271798 -0.8658591 0.4838524
v 0.1305954 0.3820000 0.9588991
vn -0.1271798 -0.8658591 0.4838524
v 0.1290996 0.3860000 0.9656639
vn -0.1271798 -0.8658591 0.4838524
f 3013/3013/3013 3014/3014/3014 3015/3015/3015
v 0.1242097 0.3820000 0.9572206
vn -0.1267525 -0.8660180 0.4836802
v 0.1290996 0.3860000 0.9656639
vn -0.1267525 -0.8660180 0.4836802
v 0.1223940 0.3860000 0.9639066
vn -0.1267525 -0.8660180 0.4836802
f 3016/3016/3016 3017/3017/3017 3018/3018/3018
v 0.1260255 0.3860000 0.9505346
vn 0.1275782 -0.8658521 -0.4837602
v 0.1320912 0.3860000 0.9521343
vn 0.1275782 -0.8658521 -0.4837602
v 0.1305954 0.3820000 0.9588991
vn 0.1275782 -0.8658521 -0.4837602
f 3019/3019/3019 3020/3020/3020 3021/3021/3021
v 0.1260255 0.3860000 0.9505346
vn 0.1271093 -0.8660194 -0.4835840
v 0.1305954 0.3820000 0.9588991
vn 0.1271093 -0.8660194 -0.4835840
v 0.1242097 0.3820000 0.9572206
vn 0.1271093 -0.8660194 -0.4835840
f 3022/3022/3022 3023/3023/3023 3024/3024/3024
v 0.1260255 0.3940000 0.9505346
vn 0.2550034 0.0000000 -0.9669402
v 0.1320912 0.3940000 0.9521343
vn 0.2550034 0.0000000 -0.9669402
v 0.1320912 0.3860000 0.9521343
vn 0.2550034 0.0000000 -0.9669402
f 3025/3025/3025 3026/3026/3026 3027/3027/3027
v 0.1260255 0.3940000 0.9505346
vn 0.2550034 0.0000000 -0.9669402
v 0.1320912 0.3860000 0.9521343
vn 0.2550034 0.0000000 -0.9669402
v 0.1260255 0.3860000 0.9505346
vn 0.2550034 0.0000000 -0.9669402
f 3028/3028/3028 3029/3029/3029 3030/3030/3030
v 0.1242097 0.3980000 0.9572206
vn 0.1271798 0.8658591 -0.4838524
v 0.1305954 0.3980000 0.9588991
vn 0.1271798 0.8658591 -0.4838524
v 0.1320912 0.3940000 0.9521343
vn 0.1271798 0.8658591 -0.4838524
f 3031/3031/3031 3032/3032/3032 3033/3033/3033
v 0.1242097 0.3980000 0.9572206
vn 0.1275037 0.8660209 -0.4834778
v 0.1320912 0.3940000 0.9521343
vn 0.1275037 0.8660209 -0.4834778
v 0.1260255 0.3940000 0.9505346
vn 0.1275037 0.8660209 -0.4834778
f 3034/3034/3034 3035/3035/3035 3036/3036/3036
v 0.1290996 0.3940000 0.9656639
vn -0.0883059 0.8656631 0.4927771
v 0.1364956 0.3940000 0.9669893
vn -0.0883059 0.8656631 0.4927771
v 0.1373207 0.3980000 0.9601104
vn -0.0883059 0.8656631 0.4927771
f 3037/3037/3037 3038/3038/3038 3039/3039/3039
v 0.1290996 0.3940000 0.9656639
vn -0.0886792 0.8658591 0.4923656
v 0.1373207 0.3980000 0.9601104
vn -0.0886792 0.8658591 0.4923656
v 0.1305954 0.3980000 0.9588991
vn -0.0886792 0.8658591 0.4923656
f 3040/3040/3040 3041/3041/3041 3042/3042/3042
v 0.1290996 0.3860000 0.9656639
vn -0.1763906 0.0000000 0.9843202
v 0.1364956 0.3860000 0.9669893
vn -0.1763906 0.0000000 0.9843202
v 0.1364956 0.3940000 0.9669893
vn -0.1763906 0.0000000 0.9843202
f 3043/3043/3043 3044/3044/3044 3045/3045/3045
v 0.1290996 0.3860000 0.9656639
vn -0.1763906 0.0000000 0.9843202
v 0.1364956 0.3940000 0.9669893
vn -0.1763906 0.0000000 0.9843202
v 0.1290996 0.3940000 0.9656639
vn -0.1763906 0.0000000 0.9843202
f 3046/3046/3046 3047/3047/3047 3048/3048/3048
v 0.1305954 0.3820000 0.9588991
vn -0.0887427 -0.8656520 0.4927182
v 0.1373207 0.3820000 0.9601104
vn -0.0887427 -0.8656520 0.4927182
v 0.1364956 0.3860000 0.9669893
vn -0.0887427 -0.8656520 0.4927182
f 3049/3049/3049 3050/3050/3050 3051/3051/3051
v 0.1305954 0.3820000 0.9588991
vn -0.0882484 -0.8658515 0.4924564
v 0.1364956 0.3860000 0.9669893
vn -0.0882484 -0.8658515 0.4924564
v 0.1290996 0.3860000 0.9656639
vn -0.0882484 -0.8658515 0.4924564
f 3052/3052/3052 3053/3053/3053 3054/3054/3054
v 0.1320912 0.3860000 0.9521343
vn 0.0892762 -0.8656382 -0.4926462
v 0.1381458 0.3860000 0.9532315
vn 0.0892762 -0.8656382 -0.4926462
v 0.1373207 0.3820000 0.9601104
vn 0.0892762 -0.8656382 -0.4926462
f 3055/3055/3055 3056/3056/3056 3057/3057/3057
v 0.1320912 0.3860000 0.9521343
vn 0.0886792 -0.8658591 -0.4923656
v 0.1373207 0.3820000 0.9601104
vn 0.0886792 -0.8658591 -0.4923656
v 0.1305954 0.3820000 0.9588991
vn 0.0886792 -0.8658591 -0.4923656
f 3058/3058/3058 3059/3059/3059 3060/3060/3060
v 0.1320912 0.3940000 0.9521343
vn 0.1783134 0.0000000 -0.9839737
v 0.1381458 0.3940000 0.9532315
vn 0.1783134 0.0000000 -0.9839737
v 0.1381458 0.3860000 0.9532315
vn 0.1783134 0.0000000 -0.9839737
f 3061/3061/3061 3062/3062/3062 3063/3063/3063
v 0.1320912 0.3940000 0.9521343
vn 0.1783134 0.0000000 -0.9839737
v 0.1381458 0.3860000 0.9532315
vn 0.1783134 0.0000000 -0.9839737
v 0.1320912 0.3860000 0.9521343
vn 0.1783134 0.0000000 -0.9839737
f 3064/3064/3064 3065/3065/3065 3066/3066/3066
v 0.1305954 0.3980000 0.9588991
vn 0.0887427 0.8656520 -0.4927182
v 0.1373207 0.3980000 0.9601104
vn 0.0887427 0.8656520 -0.4927182
v 0.1381458 0.3940000 0.9532315
vn 0.0887427 0.8656520 -0.4927182
f 3067/3067/3067 3068/3068/3068 3069/3069/3069
v 0.1305954 0.3980000 0.9588991
vn 0.0892052 0.8658682 -0.4922546
v 0.1381458 0.3940000 0.9532315
vn 0.0892052 0.8658682 -0.4922546
v 0.1320912 0.3940000 0.9521343
vn 0.0892052 0.8658682 -0.4922546
f 3070/3070/3070 3071/3071/3071 3072/3072/3072
v 0.1364956 0.3940000 0.9669893
vn -0.0302600 0.8656300 0.4997689
v 0.1450000 0.3940000 0.9675042
vn -0.0302600 0.8656300 0.4997689
v 0.1450000 0.3980000 0.9605760
vn -0.0302600 0.8656300 0.4997689
f 3073/3073/3073 3074/3074/3074 3075/3075/3075
v 0.1364956 0.3940000 0.9669893
vn -0.0303010 0.8656520 0.4997283
v 0.1450000 0.3980000 0.9605760
vn -0.0303010 0.8656520 0.4997283
v 0.1373207 0.3980000 0.9601104
vn -0.0303010 0.8656520 0.4997283
f 3076/3076/3076 3077/3077/3077 3078/3078/3078
v 0.1364956 0.3860000 0.9669893
vn -0.0604374 0.0000000 0.9981720
v 0.1450000 0.3860000 0.9675042
vn -0.0604374 0.0000000 0.9981720
v 0.1450000 0.3940000 0.9675042
vn -0.0604374 0.0000000 0.9981720
f 3079/3079/3079 3080/3080/3080 3081/3081/3081
v 0.1364956 0.3860000 0.9669893
vn -0.0604374 0.0000000 0.9981720
v 0.1450000 0.3940000 0.9675042
vn -0.0604374 0.0000000 0.9981720
v 0.1364956 0.3940000 0.9669893
vn -0.0604374 0.0000000 0.9981720
f 3082/3082/3082 3083/3083/3083 3084/3084/3084
v 0.1373207 0.3820000 0.9601104
vn -0.0303034 -0.8656288 0.4997681
v 0.1450000 0.3820000 0.9605760
vn -0.0303034 -0.8656288 0.4997681
v 0.1450000 0.3860000 0.9675042
vn -0.0303034 -0.8656288 0.4997681
f 3085/3085/3085 3086/3086/3086 3087/3087/3087
v 0.1373207 0.3820000 0.9601104
vn -0.0302579 -0.8656510 0.4997329
v 0.1450000 0.3860000 0.9675042
vn -0.0302579 -0.8656510 0.4997329
v 0.1364956 0.3860000 0.9669893
vn -0.0302579 -0.8656510 0.4997329
f 3088/3088/3088 3089/3089/3089 3090/3090/3090
v 0.1381458 0.3860000 0.9532315
vn 0.0303572 -0.8656275 -0.4997674
v 0.1450000 0.3860000 0.9536478
vn 0.0303572 -0.8656275 -0.4997674
v 0.1450000 0.3820000 0.9605760
vn 0.0303572 -0.8656275 -0.4997674
f 3091/3091/3091 3092/3092/3092 3093/3093/3093
v 0.1381458 0.3860000 0.9532315
vn 0.0303010 -0.8656520 -0.4997283
v 0.1450000 0.3820000 0.9605760
vn 0.0303010 -0.8656520 -0.4997283
v 0.1373207 0.3820000 0.9601104
vn 0.0303010 -0.8656520 -0.4997283
f 3094/3094/3094 3095/3095/3095 3096/3096/3096
v 0.1381458 0.3940000 0.9532315
vn 0.0606308 0.0000000 -0.9981603
v 0.1450000 0.3940000 0.9536478
vn 0.0606308 0.0000000 -0.9981603
v 0.1450000 0.3860000 0.9536478
vn 0.0606308 0.0000000 -0.9981603
f 3097/3097/3097 3098/3098/3098 3099/3099/3099
v 0.1381458 0.3940000 0.9532315
vn 0.0606308 0.0000000 -0.9981603
v 0.1450000 0.3860000 0.9536478
vn 0.0606308 0.0000000 -0.9981603
v 0.1381458 0.3860000 0.9532315
vn 0.0606308 0.0000000 -0.9981603
f 3100/3100/3100 3101/3101/3101 3102/3102/3102
v 0.1373207 0.3980000 0.9601104
vn 0.0303034 0.8656288 -0.4997681
v 0.1450000 0.3980000 0.9605760
vn 0.0303034 0.8656288 -0.4997681
v 0.1450000 0.3940000 0.9536478
vn 0.0303034 0.8656288 -0.4997681
f 3103/3103/3103 3104/3104/3104 3105/3105/3105
v 0.1373207 0.3980000 0.9601104
vn 0.0303544 0.8656534 -0.4997227
v 0.1450000 0.3940000 0.9536478
vn 0.0303544 0.8656534 -0.4997227
v 0.1381458 0.3940000 0.9532315
vn 0.0303544 0.8656534 -0.4997227
f 3106/3106/3106 3107/3107/3107 3108/3108/3108
v 0.1450000 0.3940000 0.9675042
vn 0.0302580 0.8656493 0.4997356
v 0.1535044 0.3940000 0.9669893
vn 0.0302580 0.8656493 0.4997356
v 0.1526793 0.3980000 0.9601104
vn 0.0302580 0.8656493 0.4997356
f 3109/3109/3109 3110/3110/3110 3111/3111/3111
v 0.1450000 0.3940000 0.9675042
vn 0.0303000 0.8656290 0.4997683
v 0.1526793 0.3980000 0.9601104
vn 0.0303000 0.8656290 0.4997683
v 0.1450000 0.3980000 0.9605760
vn 0.0303000 0.8656290 0.4997683
f 3112/3112/3112 3113/3113/3113 3114/3114/3114
v 0.1450000 0.3860000 0.9675042
vn 0.0604374 0.0000000 0.9981720
v 0.1535044 0.3860000 0.9669893
vn 0.0604374 0.0000000 0.9981720
v 0.1535044 0.3940000 0.9669893
vn 0.0604374 0.0000000 0.9981720
f 3115/3115/3115 3116/3116/3116 3117/3117/3117
v 0.1450000 0.3860000 0.9675042
vn 0.0604374 0.0000000 0.9981720
v 0.1535044 0.3940000 0.9669893
vn 0.0604374 0.0000000 0.9981720
v 0.1450000 0.3940000 0.9675042
vn 0.0604374 0.0000000 0.9981720
f 3118/3118/3118 3119/3119/3119 3120/3120/3120
v 0.1450000 0.3820000 0.9605760
vn 0.0302978 -0.8656504 0.4997315
v 0.1526793 0.3820000 0.9601104
vn 0.0302978 -0.8656504 0.4997315
v 0.1535044 0.3860000 0.9669893
vn 0.0302978 -0.8656504 0.4997315
f 3121/3121/3121 3122/3122/3122 3123/3123/3123
v 0.1450000 0.3820000 0.9605760
vn 0.0302600 -0.8656300 0.4997689
v 0.1535044 0.3860000 0.9669893
vn 0.0302600 -0.8656300 0.4997689
v 0.1450000 0.3860000 0.9675042
vn 0.0302600 -0.8656300 0.4997689
f 3124/3124/3124 3125/3125/3125 3126/3126/3126
v 0.1450000 0.3860000 0.9536478
vn -0.0303546 -0.8656518 -0.4997255
v 0.1518541 0.3860000 0.9532315
vn -0.0303546 -0.8656518 -0.4997255
v 0.1526793 0.3820000 0.9601104
vn -0.0303546 -0.8656518 -0.4997255
f 3127/3127/3127 3128/3128/3128 3129/3129/3129
v 0.1450000 0.3860000 0.9536478
vn -0.0303067 -0.8656288 -0.4997681
v 0.1526793 0.3820000 0.9601104
vn -0.0303067 -0.8656288 -0.4997681
v 0.1450000 0.3820000 0.9605760
vn -0.0303067 -0.8656288 -0.4997681
f 3130/3130/3130 3131/3131/3131 3132/3132/3132
v 0.1450000 0.3940000 0.9536478
vn -0.0606308 0.0000000 -0.9981603
v 0.1518541 0.3940000 0.9532315
vn -0.0606308 0.0000000 -0.9981603
v 0.1518541 0.3860000 0.9532315
vn -0.0606308 0.0000000 -0.9981603
f 3133/3133/3133 3134/3134/3134 3135/3135/3135
v 0.1450000 0.3940000 0.9536478
vn -0.0606308 0.0000000 -0.9981603
v 0.1518541 0.3860000 0.9532315
vn -0.0606308 0.0000000 -0.9981603
v 0.1450000 0.3860000 0.9536478
vn -0.0606308 0.0000000 -0.9981603
f 3136/3136/3136 3137/3137/3137 3138/3138/3138
v 0.1450000 0.3980000 0.9605760
vn -0.0303045 0.8656505 -0.4997307
v 0.1526793 0.3980000 0.9601104
vn -0.0303045 0.8656505 -0.4997307
v 0.1518541 0.3940000 0.9532315
vn -0.0303045 0.8656505 -0.4997307
f 3139/3139/3139 3140/3140/3140 3141/3141/3141
v 0.1450000 0.3980000 0.9605760
vn -0.0303572 0.8656275 -0.4997674
v 0.1518541 0.3940000 0.9532315
vn -0.0303572 0.8656275 -0.4997674
v 0.1450000 0.3940000 0.9536478
vn -0.0303572 0.8656275 -0.4997674
f 3142/3142/3142 3143/3143/3143 3144/3144/3144
v 0.1535044 0.3940000 0.9669893
vn 0.0882489 0.8658499 0.4924591
v 0.1609004 0.3940000 0.9656639
vn 0.0882489 0.8658499 0.4924591
v 0.1594046 0.3980000 0.9588991
vn 0.0882489 0.8658499 0.4924591
f 3145/3145/3145 3146/3146/3146 3147/3147/3147
v 0.1535044 0.3940000 0.9669893
vn 0.0887432 0.8656505 0.4927210
v 0.1594046 0.3980000 0.9588991
vn 0.0887432 0.8656505 0.4927210
v 0.1526793 0.3980000 0.9601104
vn 0.0887432 0.8656505 0.4927210
f 3148/3148/3148 3149/3149/3149 3150/3150/3150
v 0.1535044 0.3860000 0.9669893
vn 0.1763906 0.0000000 0.9843202
v 0.1609004 0.3860000 0.9656639
vn 0.1763906 0.0000000 0.9843202
v 0.1609004 0.3940000 0.9656639
vn 0.1763906 0.0000000 0.9843202
f 3151/3151/3151 3152/3152/3152 3153/3153/3153
v 0.1535044 0.3860000 0.9669893
vn 0.1763906 0.0000000 0.9843202
v 0.1609004 0.3940000 0.9656639
vn 0.1763906 0.0000000 0.9843202
v 0.1535044 0.3940000 0.9669893
vn 0.1763906 0.0000000 0.9843202
f 3154/3154/3154 3155/3155/3155 3156/3156/3156
v 0.1526793 0.3820000 0.9601104
vn 0.0886797 -0.8658575 0.4923684
v 0.1594046 0.3820000 0.9588991
vn 0.0886797 -0.8658575 0.4923684
v 0.1609004 0.3860000 0.9656639
vn 0.0886797 -0.8658575 0.4923684
f 3157/3157/3157 3158/3158/3158 3159/3159/3159
v 0.1526793 0.3820000 0.9601104
vn 0.0883064 -0.8656615 0.4927799
v 0.1609004 0.3860000 0.9656639
vn 0.0883064 -0.8656615 0.4927799
v 0.1535044 0.3860000 0.9669893
vn 0.0883064 -0.8656615 0.4927799
f 3160/3160/3160 3161/3161/3161 3162/3162/3162
v 0.1518541 0.3860000 0.9532315
vn -0.0892057 -0.8658666 -0.4922574
v 0.1579088 0.3860000 0.9521343
vn -0.0892057 -0.8658666 -0.4922574
v 0.1594046 0.3820000 0.9588991
vn -0.0892057 -0.8658666 -0.4922574
f 3163/3163/3163 3164/3164/3164 3165/3165/3165
v 0.1518541 0.3860000 0.9532315
vn -0.0887432 -0.8656504 -0.4927210
v 0.1594046 0.3820000 0.9588991
vn -0.0887432 -0.8656504 -0.4927210
v 0.1526793 0.3820000 0.9601104
vn -0.0887432 -0.8656504 -0.4927210
f 3166/3166/3166 3167/3167/3167 3168/3168/3168
v 0.1518541 0.3940000 0.9532315
vn -0.1783134 0.0000000 -0.9839737
v 0.1579088 0.3940000 0.9521343
vn -0.1783134 0.0000000 -0.9839737
v 0.1579088 0.3860000 0.9521343
vn -0.1783134 0.0000000 -0.9839737
f 3169/3169/3169 3170/3170/3170 3171/3171/3171
v 0.1518541 0.3940000 0.9532315
vn -0.1783134 0.0000000 -0.9839737
v 0.1579088 0.3860000 0.9521343
vn -0.1783134 0.0000000 -0.9839737
v 0.1518541 0.3860000 0.9532315
vn -0.1783134 0.0000000 -0.9839737
f 3172/3172/3172 3173/3173/3173 3174/3174/3174
v 0.1526793 0.3980000 0.9601104
vn -0.0886797 0.8658575 -0.4923684
v 0.1594046 0.3980000 0.9588991
vn -0.0886797 0.8658575 -0.4923684
v 0.1579088 0.3940000 0.9521343
vn -0.0886797 0.8658575 -0.4923684
f 3175/3175/3175 3176/3176/3176 3177/3177/3177
v 0.1526793 0.3980000 0.9601104
vn -0.0892767 0.8656365 -0.4926489
v 0.1579088 0.3940000 0.9521343
vn -0.0892767 0.8656365 -0.4926489
v 0.1518541 0.3940000 0.9532315
vn -0.0892767 0.8656365 -0.4926489
f 3178/3178/3178 3179/3179/3179 3180/3180/3180
v 0.1609004 0.3940000 0.9656639
vn 0.1267530 0.8660165 0.4836829
v 0.1676060 0.3940000 0.9639066
vn 0.1267530 0.8660165 0.4836829
v 0.1657903 0.3980000 0.9572206
vn 0.1267530 0.8660165 0.4836829
f 3181/3181/3181 3182/3182/3182 3183/3183/3183
v 0.1609004 0.3940000 0.9656639
vn 0.1271806 0.8658576 0.4838552
v 0.1657903 0.3980000 0.9572206
vn 0.1271806 0.8658576 0.4838552
v 0.1594046 0.3980000 0.9588991
vn 0.1271806 0.8658576 0.4838552
f 3184/3184/3184 3185/3185/3185 3186/3186/3186
v 0.1609004 0.3860000 0.9656639
vn 0.2534983 0.0000000 0.9673359
v 0.1676060 0.3860000 0.9639066
vn 0.2534983 0.0000000 0.9673359
v 0.1676060 0.3940000 0.9639066
vn 0.2534983 0.0000000 0.9673359
f 3187/3187/3187 3188/3188/3188 3189/3189/3189
v 0.1609004 0.3860000 0.9656639
vn 0.2534983 0.0000000 0.9673359
v 0.1676060 0.3940000 0.9639066
vn 0.2534983 0.0000000 0.9673359
v 0.1609004 0.3940000 0.9656639
vn 0.2534983 0.0000000 0.9673359
f 3190/3190/3190 3191/3191/3191 3192/3192/3192
v 0.1594046 0.3820000 0.9588991
vn 0.1271100 -0.8660179 0.4835868
v 0.1657903 0.3820000 0.9572206
vn 0.1271100 -0.8660179 0.4835868
v 0.1676060 0.3860000 0.9639066
vn 0.1271100 -0.8660179 0.4835868
f 3193/3193/3193 3194/3194/3194 3195/3195/3195
v 0.1594046 0.3820000 0.9588991
vn 0.1268200 -0.8658638 0.4839386
v 0.1676060 0.3860000 0.9639066
vn 0.1268200 -0.8658638 0.4839386
v 0.1609004 0.3860000 0.9656639
vn 0.1268200 -0.8658638 0.4839386
f 3196/3196/3196 3197/3197/3197 3198/3198/3198
v 0.1579088 0.3860000 0.9521343
vn -0.1275044 -0.8660192 -0.4834805
v 0.1639745 0.3860000 0.9505346
vn -0.1275044 -0.8660192 -0.4834805
v 0.1657903 0.3820000 0.9572206
vn -0.1275044 -0.8660192 -0.4834805
f 3199/3199/3199 3200/3200/3200 3201/3201/3201
v 0.1579088 0.3860000 0.9521343
vn -0.1271806 -0.8658576 -0.4838552
v 0.1657903 0.3820000 0.9572206
vn -0.1271806 -0.8658576 -0.4838552
v 0.1594046 0.3820000 0.9588991
vn -0.1271806 -0.8658576 -0.4838552
f 3202/3202/3202 3203/3203/3203 3204/3204/3204
v 0.1579088 0.3940000 0.9521343
vn -0.2550034 0.0000000 -0.9669402
v 0.1639745 0.3940000 0.9505346
vn -0.2550034 0.0000000 -0.9669402
v 0.1639745 0.3860000 0.9505346
vn -0.2550034 0.0000000 -0.9669402
f 3205/3205/3205 3206/3206/3206 3207/3207/3207
v 0.1579088 0.3940000 0.9521343
vn -0.2550034 0.0000000 -0.9669402
v 0.1639745 0.3860000 0.9505346
vn -0.2550034 0.0000000 -0.9669402
v 0.1579088 0.3860000 0.9521343
vn -0.2550034 0.0000000 -0.9669402
f 3208/3208/3208 3209/3209/3209 3210/3210/3210
v 0.1594046 0.3980000 0.9588991
vn -0.1271100 0.8660179 -0.4835868
v 0.1657903 0.3980000 0.9572206
vn -0.1271100 0.8660179 -0.4835868
v 0.1639745 0.3940000 0.9505346
vn -0.1271100 0.8660179 -0.4835868
f 3211/3211/3211 3212/3212/3212 3213/3213/3213
v 0.1594046 0.3980000 0.9588991
vn -0.1275789 0.8658505 -0.4837629
v 0.1639745 0.3940000 0.9505346
vn -0.1275789 0.8658505 -0.4837629
v 0.1579088 0.3940000 0.9521343
vn -0.1275789 0.8658505 -0.4837629
f 3214/3214/3214 3215/3215/3215 3216/3216/3216
v 0.1676060 0.3940000 0.9639066
vn 0.1350810 0.8659767 0.4814952
v 0.1741800 0.3940000 0.9620624
vn 0.1350810 0.8659767 0.4814952
v 0.1724506 0.3980000 0.9553534
vn 0.1350810 0.8659767 0.4814952
f 3217/3217/3217 3218/3218/3218 3219/3219/3219
v 0.1676060 0.3940000 0.9639066
vn 0.1349707 0.8660179 0.4814520
v 0.1724506 0.3980000 0.9553534
vn 0.1349707 0.8660179 0.4814520
v 0.1657903 0.3980000 0.9572206
vn 0.1349707 0.8660179 0.4814520
f 3220/3220/3220 3221/3221/3221 3222/3222/3222
v 0.1676060 0.3860000 0.9639066
vn 0.2701164 0.0000000 0.9628276
v 0.1741800 0.3860000 0.9620624
vn 0.2701164 0.0000000 0.9628276
v 0.1741800 0.3940000 0.9620624
vn 0.2701164 0.0000000 0.9628276
f 3223/3223/3223 3224/3224/3224 3225/3225/3225
v 0.1676060 0.3860000 0.9639066
vn 0.2701164 0.0000000 0.9628276
v 0.1741800 0.3940000 0.9620624
vn 0.2701164 0.0000000 0.9628276
v 0.1676060 0.3940000 0.9639066
vn 0.2701164 0.0000000 0.9628276
f 3226/3226/3226 3227/3227/3227 3228/3228/3228
v 0.1657903 0.3820000 0.9572206
vn 0.1349896 -0.8659775 0.4815193
v 0.1724506 0.3820000 0.9553534
vn 0.1349896 -0.8659775 0.4815193
v 0.1741800 0.3860000 0.9620624
vn 0.1349896 -0.8659775 0.4815193
f 3229/3229/3229 3230/3230/3230 3231/3231/3231
v 0.1657903 0.3820000 0.9572206
vn 0.1350619 -0.8660176 0.4814270
v 0.1741800 0.3860000 0.9620624
vn 0.1350619 -0.8660176 0.4814270
v 0.1676060 0.3860000 0.9639066
vn 0.1350619 -0.8660176 0.4814270
f 3232/3232/3232 3233/3233/3233 3234/3234/3234
v 0.1639745 0.3860000 0.9505346
vn -0.1349005 -0.8659783 -0.4815427
v 0.1707213 0.3860000 0.9486445
vn -0.1349005 -0.8659783 -0.4815427
v 0.1724506 0.3820000 0.9553534
vn -0.1349005 -0.8659783 -0.4815427
f 3235/3235/3235 3236/3236/3236 3237/3237/3237
v 0.1639745 0.3860000 0.9505346
vn -0.1349707 -0.8660179 -0.4814520
v 0.1724506 0.3820000 0.9553534
vn -0.1349707 -0.8660179 -0.4814520
v 0.1657903 0.3820000 0.9572206
vn -0.1349707 -0.8660179 -0.4814520
f 3238/3238/3238 3239/3239/3239 3240/3240/3240
v 0.1639745 0.3940000 0.9505346
vn -0.2697569 0.0000000 -0.9629285
v 0.1707213 0.3940000 0.9486445
vn -0.2697569 0.0000000 -0.9629285
v 0.1707213 0.3860000 0.9486445
vn -0.2697569 0.0000000 -0.9629285
f 3241/3241/3241 3242/3242/3242 3243/3243/3243
v 0.1639745 0.3940000 0.9505346
vn -0.2697569 0.0000000 -0.9629285
v 0.1707213 0.3860000 0.9486445
vn -0.2697569 0.0000000 -0.9629285
v 0.1639745 0.3860000 0.9505346
vn -0.2697569 0.0000000 -0.9629285
f 3244/3244/3244 3245/3245/3245 3246/3246/3246
v 0.1657903 0.3980000 0.9572206
vn -0.1349896 0.8659775 -0.4815193
v 0.1724506 0.3980000 0.9553534
vn -0.1349896 0.8659775 -0.4815193
v 0.1707213 0.3940000 0.9486445
vn -0.1349896 0.8659775 -0.4815193
f 3247/3247/3247 3248/3248/3248 3249/3249/3249
v 0.1657903 0.3980000 0.9572206
vn -0.1348819 0.8660182 -0.4814763
v 0.1707213 0.3940000 0.9486445
vn -0.1348819 0.8660182 -0.4814763
v 0.1639745 0.3940000 0.9505346
vn -0.1348819 0.8660182 -0.4814763
f 3250/3250/3250 3251/3251/3251 3252/3252/3252
v 0.1741800 0.3940000 0.9620624
vn 0.1147960 0.8659007 0.4868654
v 0.1813587 0.3940000 0.9603697
vn 0.1147960 0.8659007 0.4868654
v 0.1800000 0.3980000 0.9535760
vn 0.1147960 0.8659007 0.4868654
f 3253/3253/3253 3254/3254/3254 3255/3255/3255
v 0.1741800 0.3940000 0.9620624
vn 0.1146083 0.8659775 0.4867729
v 0.1800000 0.3980000 0.9535760
vn 0.1146083 0.8659775 0.4867729
v 0.1724506 0.3980000 0.9553534
vn 0.1146083 0.8659775 0.4867729
f 3256/3256/3256 3257/3257/3257 3258/3258/3258
v 0.1741800 0.3860000 0.9620624
vn 0.2294929 0.0000000 0.9733103
v 0.1813587 0.3860000 0.9603697
vn 0.2294929 0.0000000 0.9733103
v 0.1813587 0.3940000 0.9603697
vn 0.2294929 0.0000000 0.9733103
f 3259/3259/3259 3260/3260/3260 3261/3261/3261
v 0.1741800 0.3860000 0.9620624
vn 0.2294929 0.0000000 0.9733103
v 0.1813587 0.3940000 0.9603697
vn 0.2294929 0.0000000 0.9733103
v 0.1741800 0.3940000 0.9620624
vn 0.2294929 0.0000000 0.9733103
f 3262/3262/3262 3263/3263/3263 3264/3264/3264
v 0.1724506 0.3820000 0.9553534
vn 0.1146378 -0.8659030 0.4868984
v 0.1800000 0.3820000 0.9535760
vn 0.1146378 -0.8659030 0.4868984
v 0.1813587 0.3860000 0.9603697
vn 0.1146378 -0.8659030 0.4868984
f 3265/3265/3265 3266/3266/3266 3267/3267/3267
v 0.1724506 0.3820000 0.9553534
vn 0.1147649 -0.8659790 0.4867334
v 0.1813587 0.3860000 0.9603697
vn 0.1147649 -0.8659790 0.4867334
v 0.1741800 0.3860000 0.9620624
vn 0.1147649 -0.8659790 0.4867334
f 3268/3268/3268 3269/3269/3269 3270/3270/3270
v 0.1707213 0.3860000 0.9486445
vn -0.1144883 -0.8659052 -0.4869297
v 0.1786413 0.3860000 0.9467824
vn -0.1144883 -0.8659052 -0.4869297
v 0.1800000 0.3820000 0.9535760
vn -0.1144883 -0.8659052 -0.4869297
f 3271/3271/3271 3272/3272/3272 3273/3273/3273
v 0.1707213 0.3860000 0.9486445
vn -0.1146018 -0.8659775 -0.4867745
v 0.1800000 0.3820000 0.9535760
vn -0.1146018 -0.8659775 -0.4867745
v 0.1724506 0.3820000 0.9553534
vn -0.1146018 -0.8659775 -0.4867745
f 3274/3274/3274 3275/3275/3275 3276/3276/3276
v 0.1707213 0.3940000 0.9486445
vn -0.2288813 0.0000000 -0.9734544
v 0.1786413 0.3940000 0.9467824
vn -0.2288813 0.0000000 -0.9734544
v 0.1786413 0.3860000 0.9467824
vn -0.2288813 0.0000000 -0.9734544
f 3277/3277/3277 3278/3278/3278 3279/3279/3279
v 0.1707213 0.3940000 0.9486445
vn -0.2288813 0.0000000 -0.9734544
v 0.1786413 0.3860000 0.9467824
vn -0.2288813 0.0000000 -0.9734544
v 0.1707213 0.3860000 0.9486445
vn -0.2288813 0.0000000 -0.9734544
f 3280/3280/3280 3281/3281/3281 3282/3282/3282
v 0.1724506 0.3980000 0.9553534
vn -0.1146313 0.8659031 -0.4868998
v 0.1800000 0.3980000 0.9535760
vn -0.1146313 0.8659031 -0.4868998
v 0.1786413 0.3940000 0.9467824
vn -0.1146313 0.8659031 -0.4868998
f 3283/3283/3283 3284/3284/3284 3285/3285/3285
v 0.1724506 0.3980000 0.9553534
vn -0.1144602 0.8659762 -0.4868103
v 0.1786413 0.3940000 0.9467824
vn -0.1144602 0.8659762 -0.4868103
v 0.1707213 0.3940000 0.9486445
vn -0.1144602 0.8659762 -0.4868103
f 3286/3286/3286 3287/3287/3287 3288/3288/3288
o pz_sink_white_hanging_|_drain_disc
usemtl UV_Base
v 0.0260000 0.2100000 0.7975760
vn 0.0000000 0.0000000 -1.0000000
v 0.0225167 0.1970000 0.7975760
vn 0.0000000 0.0000000 -1.0000000
v 0.0130000 0.1874833 0.7975760
vn 0.0000000 0.0000000 -1.0000000
f 3289/3289/3289 3290/3290/3290 3291/3291/3291
v 0.0130000 0.1874833 0.7975760
vn 0.0000000 0.0000000 -1.0000000
v -0.0000000 0.1840000 0.7975760
vn 0.0000000 0.0000000 -1.0000000
v -0.0130000 0.1874833 0.7975760
vn 0.0000000 0.0000000 -1.0000000
f 3292/3292/3292 3293/3293/3293 3294/3294/3294
v -0.0130000 0.1874833 0.7975760
vn 0.0000000 0.0000000 -1.0000000
v -0.0225167 0.1970000 0.7975760
vn 0.0000000 0.0000000 -1.0000000
v -0.0260000 0.2100000 0.7975760
vn 0.0000000 0.0000000 -1.0000000
f 3295/3295/3295 3296/3296/3296 3297/3297/3297
v -0.0260000 0.2100000 0.7975760
vn 0.0000000 0.0000000 -0.9999999
v -0.0225167 0.2230000 0.7975760
vn 0.0000000 0.0000000 -0.9999999
v -0.0130000 0.2325167 0.7975760
vn 0.0000000 0.0000000 -0.9999999
f 3298/3298/3298 3299/3299/3299 3300/3300/3300
v -0.0130000 0.2325167 0.7975760
vn -0.0000000 0.0000000 -1.0000000
v 0.0000000 0.2360000 0.7975760
vn -0.0000000 0.0000000 -1.0000000
v 0.0130000 0.2325167 0.7975760
vn -0.0000000 0.0000000 -1.0000000
f 3301/3301/3301 3302/3302/3302 3303/3303/3303
v 0.0130000 0.2325167 0.7975760
vn 0.0000000 0.0000000 -0.9999999
v 0.0225167 0.2230000 0.7975760
vn 0.0000000 0.0000000 -0.9999999
v 0.0260000 0.2100000 0.7975760
vn 0.0000000 0.0000000 -0.9999999
f 3304/3304/3304 3305/3305/3305 3306/3306/3306
v 0.0260000 0.2100000 0.7975760
vn 0.0000000 0.0000000 -1.0000000
v 0.0130000 0.1874833 0.7975760
vn 0.0000000 0.0000000 -1.0000000
v -0.0130000 0.1874833 0.7975760
vn 0.0000000 0.0000000 -1.0000000
f 3307/3307/3307 3308/3308/3308 3309/3309/3309
v -0.0130000 0.1874833 0.7975760
vn 0.0000000 -0.0000000 -0.9999999
v -0.0260000 0.2100000 0.7975760
vn 0.0000000 -0.0000000 -0.9999999
v -0.0130000 0.2325167 0.7975760
vn 0.0000000 -0.0000000 -0.9999999
f 3310/3310/3310 3311/3311/3311 3312/3312/3312
v -0.0130000 0.2325167 0.7975760
vn 0.0000000 0.0000000 -1.0000000
v 0.0130000 0.2325167 0.7975760
vn 0.0000000 0.0000000 -1.0000000
v 0.0260000 0.2100000 0.7975760
vn 0.0000000 0.0000000 -1.0000000
f 3313/3313/3313 3314/3314/3314 3315/3315/3315
v -0.0130000 0.1874833 0.7975760
vn -0.0000000 -0.0000000 -1.0000000
v -0.0130000 0.2325167 0.7975760
vn -0.0000000 -0.0000000 -1.0000000
v 0.0260000 0.2100000 0.7975760
vn -0.0000000 -0.0000000 -1.0000000
f 3316/3316/3316 3317/3317/3317 3318/3318/3318
v 0.0225167 0.1970000 0.8015760
vn 0.0000000 0.0000000 1.0000000
v 0.0260000 0.2100000 0.8015760
vn 0.0000000 0.0000000 1.0000000
v 0.0225167 0.2230000 0.8015760
vn 0.0000000 0.0000000 1.0000000
f 3319/3319/3319 3320/3320/3320 3321/3321/3321
v 0.0225167 0.2230000 0.8015760
vn 0.0000000 0.0000000 0.9999999
v 0.0130000 0.2325167 0.8015760
vn 0.0000000 0.0000000 0.9999999
v 0.0000000 0.2360000 0.8015760
vn 0.0000000 0.0000000 0.9999999
f 3322/3322/3322 3323/3323/3323 3324/3324/3324
v 0.0000000 0.2360000 0.8015760
vn 0.0000000 0.0000000 0.9999999
v -0.0130000 0.2325167 0.8015760
vn 0.0000000 0.0000000 0.9999999
v -0.0225167 0.2230000 0.8015760
vn 0.0000000 0.0000000 0.9999999
f 3325/3325/3325 3326/3326/3326 3327/3327/3327
v -0.0225167 0.2230000 0.8015760
vn 0.0000000 -0.0000000 1.0000000
v -0.0260000 0.2100000 0.8015760
vn 0.0000000 -0.0000000 1.0000000
v -0.0225167 0.1970000 0.8015760
vn 0.0000000 -0.0000000 1.0000000
f 3328/3328/3328 3329/3329/3329 3330/3330/3330
v -0.0225167 0.1970000 0.8015760
vn 0.0000000 0.0000000 0.9999999
v -0.0130000 0.1874833 0.8015760
vn 0.0000000 0.0000000 0.9999999
v -0.0000000 0.1840000 0.8015760
vn 0.0000000 0.0000000 0.9999999
f 3331/3331/3331 3332/3332/3332 3333/3333/3333
v -0.0000000 0.1840000 0.8015760
vn 0.0000000 0.0000000 0.9999999
v 0.0130000 0.1874833 0.8015760
vn 0.0000000 0.0000000 0.9999999
v 0.0225167 0.1970000 0.8015760
vn 0.0000000 0.0000000 0.9999999
f 3334/3334/3334 3335/3335/3335 3336/3336/3336
v 0.0225167 0.1970000 0.8015760
vn 0.0000000 0.0000000 1.0000000
v 0.0225167 0.2230000 0.8015760
vn 0.0000000 0.0000000 1.0000000
v 0.0000000 0.2360000 0.8015760
vn 0.0000000 0.0000000 1.0000000
f 3337/3337/3337 3338/3338/3338 3339/3339/3339
v 0.0000000 0.2360000 0.8015760
vn 0.0000000 0.0000000 1.0000000
v -0.0225167 0.2230000 0.8015760
vn 0.0000000 0.0000000 1.0000000
v -0.0225167 0.1970000 0.8015760
vn 0.0000000 0.0000000 1.0000000
f 3340/3340/3340 3341/3341/3341 3342/3342/3342
v -0.0225167 0.1970000 0.8015760
vn 0.0000000 0.0000000 1.0000000
v -0.0000000 0.1840000 0.8015760
vn 0.0000000 0.0000000 1.0000000
v 0.0225167 0.1970000 0.8015760
vn 0.0000000 0.0000000 1.0000000
f 3343/3343/3343 3344/3344/3344 3345/3345/3345
v 0.0000000 0.2360000 0.8015760
vn 0.0000000 -0.0000000 1.0000000
v -0.0225167 0.1970000 0.8015760
vn 0.0000000 -0.0000000 1.0000000
v 0.0225167 0.1970000 0.8015760
vn 0.0000000 -0.0000000 1.0000000
f 3346/3346/3346 3347/3347/3347 3348/3348/3348
v 0.0260000 0.2100000 0.7975760
vn 0.9659259 0.2588189 0.0000000
v 0.0225167 0.2230000 0.7975760
vn 0.9659259 0.2588189 0.0000000
v 0.0225167 0.2230000 0.8015760
vn 0.9659259 0.2588189 0.0000000
f 3349/3349/3349 3350/3350/3350 3351/3351/3351
v 0.0260000 0.2100000 0.7975760
vn 0.9659259 0.2588189 0.0000000
v 0.0225167 0.2230000 0.8015760
vn 0.9659259 0.2588189 0.0000000
v 0.0260000 0.2100000 0.8015760
vn 0.9659259 0.2588189 0.0000000
f 3352/3352/3352 3353/3353/3353 3354/3354/3354
v 0.0225167 0.2230000 0.7975760
vn 0.7071066 0.7071069 0.0000000
v 0.0130000 0.2325167 0.7975760
vn 0.7071066 0.7071069 0.0000000
v 0.0130000 0.2325167 0.8015760
vn 0.7071066 0.7071069 0.0000000
f 3355/3355/3355 3356/3356/3356 3357/3357/3357
v 0.0225167 0.2230000 0.7975760
vn 0.7071066 0.7071069 0.0000000
v 0.0130000 0.2325167 0.8015760
vn 0.7071066 0.7071069 0.0000000
v 0.0225167 0.2230000 0.8015760
vn 0.7071066 0.7071069 0.0000000
f 3358/3358/3358 3359/3359/3359 3360/3360/3360
v 0.0130000 0.2325167 0.7975760
vn 0.2588191 0.9659258 0.0000000
v 0.0000000 0.2360000 0.7975760
vn 0.2588191 0.9659258 0.0000000
v 0.0000000 0.2360000 0.8015760
vn 0.2588191 0.9659258 0.0000000
f 3361/3361/3361 3362/3362/3362 3363/3363/3363
v 0.0130000 0.2325167 0.7975760
vn 0.2588191 0.9659258 0.0000000
v 0.0000000 0.2360000 0.8015760
vn 0.2588191 0.9659258 0.0000000
v 0.0130000 0.2325167 0.8015760
vn 0.2588191 0.9659258 0.0000000
f 3364/3364/3364 3365/3365/3365 3366/3366/3366
v 0.0000000 0.2360000 0.7975760
vn -0.2588191 0.9659258 0.0000000
v -0.0130000 0.2325167 0.7975760
vn -0.2588191 0.9659258 0.0000000
v -0.0130000 0.2325167 0.8015760
vn -0.2588191 0.9659258 0.0000000
f 3367/3367/3367 3368/3368/3368 3369/3369/3369
v 0.0000000 0.2360000 0.7975760
vn -0.2588191 0.9659258 0.0000000
v -0.0130000 0.2325167 0.8015760
vn -0.2588191 0.9659258 0.0000000
v 0.0000000 0.2360000 0.8015760
vn -0.2588191 0.9659258 0.0000000
f 3370/3370/3370 3371/3371/3371 3372/3372/3372
v -0.0130000 0.2325167 0.7975760
vn -0.7071066 0.7071069 0.0000000
v -0.0225167 0.2230000 0.7975760
vn -0.7071066 0.7071069 0.0000000
v -0.0225167 0.2230000 0.8015760
vn -0.7071066 0.7071069 0.0000000
f 3373/3373/3373 3374/3374/3374 3375/3375/3375
v -0.0130000 0.2325167 0.7975760
vn -0.7071066 0.7071069 0.0000000
v -0.0225167 0.2230000 0.8015760
vn -0.7071066 0.7071069 0.0000000
v -0.0130000 0.2325167 0.8015760
vn -0.7071066 0.7071069 0.0000000
f 3376/3376/3376 3377/3377/3377 3378/3378/3378
v -0.0225167 0.2230000 0.7975760
vn -0.9659259 0.2588189 0.0000000
v -0.0260000 0.2100000 0.7975760
vn -0.9659259 0.2588189 0.0000000
v -0.0260000 0.2100000 0.8015760
vn -0.9659259 0.2588189 0.0000000
f 3379/3379/3379 3380/3380/3380 3381/3381/3381
v -0.0225167 0.2230000 0.7975760
vn -0.9659259 0.2588189 0.0000000
v -0.0260000 0.2100000 0.8015760
vn -0.9659259 0.2588189 0.0000000
v -0.0225167 0.2230000 0.8015760
vn -0.9659259 0.2588189 0.0000000
f 3382/3382/3382 3383/3383/3383 3384/3384/3384
v -0.0260000 0.2100000 0.7975760
vn -0.9659258 -0.2588191 -0.0000000
v -0.0225167 0.1970000 0.7975760
vn -0.9659258 -0.2588191 -0.0000000
v -0.0225167 0.1970000 0.8015760
vn -0.9659258 -0.2588191 -0.0000000
f 3385/3385/3385 3386/3386/3386 3387/3387/3387
v -0.0260000 0.2100000 0.7975760
vn -0.9659258 -0.2588191 0.0000000
v -0.0225167 0.1970000 0.8015760
vn -0.9659258 -0.2588191 0.0000000
v -0.0260000 0.2100000 0.8015760
vn -0.9659258 -0.2588191 0.0000000
f 3388/3388/3388 3389/3389/3389 3390/3390/3390
v -0.0225167 0.1970000 0.7975760
vn -0.7071066 -0.7071069 -0.0000000
v -0.0130000 0.1874833 0.7975760
vn -0.7071066 -0.7071069 -0.0000000
v -0.0130000 0.1874833 0.8015760
vn -0.7071066 -0.7071069 -0.0000000
f 3391/3391/3391 3392/3392/3392 3393/3393/3393
v -0.0225167 0.1970000 0.7975760
vn -0.7071066 -0.7071069 0.0000000
v -0.0130000 0.1874833 0.8015760
vn -0.7071066 -0.7071069 0.0000000
v -0.0225167 0.1970000 0.8015760
vn -0.7071066 -0.7071069 0.0000000
f 3394/3394/3394 3395/3395/3395 3396/3396/3396
v -0.0130000 0.1874833 0.7975760
vn -0.2588191 -0.9659258 -0.0000000
v -0.0000000 0.1840000 0.7975760
vn -0.2588191 -0.9659258 -0.0000000
v -0.0000000 0.1840000 0.8015760
vn -0.2588191 -0.9659258 -0.0000000
f 3397/3397/3397 3398/3398/3398 3399/3399/3399
v -0.0130000 0.1874833 0.7975760
vn -0.2588191 -0.9659258 0.0000000
v -0.0000000 0.1840000 0.8015760
vn -0.2588191 -0.9659258 0.0000000
v -0.0130000 0.1874833 0.8015760
vn -0.2588191 -0.9659258 0.0000000
f 3400/3400/3400 3401/3401/3401 3402/3402/3402
v -0.0000000 0.1840000 0.7975760
vn 0.2588191 -0.9659258 0.0000000
v 0.0130000 0.1874833 0.7975760
vn 0.2588191 -0.9659258 0.0000000
v 0.0130000 0.1874833 0.8015760
vn 0.2588191 -0.9659258 0.0000000
f 3403/3403/3403 3404/3404/3404 3405/3405/3405
v -0.0000000 0.1840000 0.7975760
vn 0.2588191 -0.9659258 0.0000000
v 0.0130000 0.1874833 0.8015760
vn 0.2588191 -0.9659258 0.0000000
v -0.0000000 0.1840000 0.8015760
vn 0.2588191 -0.9659258 0.0000000
f 3406/3406/3406 3407/3407/3407 3408/3408/3408
v 0.0130000 0.1874833 0.7975760
vn 0.7071066 -0.7071069 0.0000000
v 0.0225167 0.1970000 0.7975760
vn 0.7071066 -0.7071069 0.0000000
v 0.0225167 0.1970000 0.8015760
vn 0.7071066 -0.7071069 0.0000000
f 3409/3409/3409 3410/3410/3410 3411/3411/3411
v 0.0130000 0.1874833 0.7975760
vn 0.7071066 -0.7071069 0.0000000
v 0.0225167 0.1970000 0.8015760
vn 0.7071066 -0.7071069 0.0000000
v 0.0130000 0.1874833 0.8015760
vn 0.7071066 -0.7071069 0.0000000
f 3412/3412/3412 3413/3413/3413 3414/3414/3414
v 0.0225167 0.1970000 0.7975760
vn 0.9659258 -0.2588191 0.0000000
v 0.0260000 0.2100000 0.7975760
vn 0.9659258 -0.2588191 0.0000000
v 0.0260000 0.2100000 0.8015760
vn 0.9659258 -0.2588191 0.0000000
f 3415/3415/3415 3416/3416/3416 3417/3417/3417
v 0.0225167 0.1970000 0.7975760
vn 0.9659258 -0.2588191 0.0000000
v 0.0260000 0.2100000 0.8015760
vn 0.9659258 -0.2588191 0.0000000
v 0.0225167 0.1970000 0.8015760
vn 0.9659258 -0.2588191 0.0000000
f 3418/3418/3418 3419/3419/3419 3420/3420/3420
