# G002 original authored geometry via Blender MCP; tile units, Z up.
mtllib ../Materials/pz_sink_white_standing.mtl
o pz_sink_white_standing_|_open_rounded_ceramic_bowl
usemtl UV_Base
v 0.0750000 0.2100000 0.7225440
vn 0.0000000 0.0000000 -0.9999999
v 0.0724444 0.1965414 0.7225440
vn 0.0000000 0.0000000 -0.9999999
v 0.0649519 0.1840000 0.7225440
vn 0.0000000 0.0000000 -0.9999999
vt 0.173466519 0.385215774
vt 0.172262829 0.391554785
vt 0.168733856 0.397461794
vt 0.168733856 0.397461794
vt 0.163120045 0.402534236
vt 0.155803991 0.406426492
vt 0.155803991 0.406426492
vt 0.147284247 0.408873247
vt 0.138141463 0.409707813
vt 0.138141463 0.409707813
vt 0.128998679 0.408873247
vt 0.120478935 0.406426492
vt 0.120478935 0.406426492
vt 0.113162880 0.402534236
vt 0.107549069 0.397461794
vt 0.107549069 0.397461794
vt 0.104020096 0.391554785
vt 0.102816407 0.385215774
vt 0.102816407 0.385215774
vt 0.104020096 0.378876764
vt 0.107549069 0.372969755
vt 0.107549069 0.372969755
vt 0.113162880 0.367897312
vt 0.120478935 0.364005056
vt 0.120478935 0.364005056
vt 0.128998679 0.361558255
vt 0.138141463 0.360723736
vt 0.138141463 0.360723736
vt 0.147284247 0.361558255
vt 0.155803991 0.364005056
vt 0.155803991 0.364005056
vt 0.163120045 0.367897312
vt 0.168733856 0.372969755
vt 0.168733856 0.372969755
vt 0.172262829 0.378876764
vt 0.173466519 0.385215774
vt 0.173466519 0.385215774
vt 0.168733856 0.397461794
vt 0.155803991 0.406426492
vt 0.155803991 0.406426492
vt 0.138141463 0.409707813
vt 0.120478935 0.406426492
vt 0.120478935 0.406426492
vt 0.107549069 0.397461794
vt 0.102816407 0.385215774
vt 0.102816407 0.385215774
vt 0.107549069 0.372969755
vt 0.120478935 0.364005056
vt 0.120478935 0.364005056
vt 0.138141463 0.360723736
vt 0.155803991 0.364005056
vt 0.155803991 0.364005056
vt 0.168733856 0.372969755
vt 0.173466519 0.385215774
vt 0.173466519 0.385215774
vt 0.155803991 0.406426492
vt 0.120478935 0.406426492
vt 0.120478935 0.406426492
vt 0.102816407 0.385215774
vt 0.120478935 0.364005056
vt 0.120478935 0.364005056
vt 0.155803991 0.364005056
vt 0.173466519 0.385215774
vt 0.120478935 0.406426492
vt 0.120478935 0.364005056
vt 0.173466519 0.385215774
vt 0.155354986 0.662389352
vt 0.156510492 0.668362631
vt 0.155354986 0.674335909
vt 0.155354986 0.674335909
vt 0.151967125 0.679902149
vt 0.146577887 0.684681959
vt 0.146577887 0.684681959
vt 0.139554465 0.688349642
vt 0.131375537 0.690655284
vt 0.131375537 0.690655284
vt 0.122598438 0.691441667
vt 0.113821339 0.690655284
vt 0.113821339 0.690655284
vt 0.105642411 0.688349642
vt 0.098618990 0.684681959
vt 0.098618990 0.684681959
vt 0.093229752 0.679902149
vt 0.089841891 0.674335909
vt 0.089841891 0.674335909
vt 0.088686384 0.668362631
vt 0.089841891 0.662389352
vt 0.089841891 0.662389352
vt 0.093229752 0.656823112
vt 0.098618990 0.652043303
vt 0.098618990 0.652043303
vt 0.105642411 0.648375573
vt 0.113821339 0.646069977
vt 0.113821339 0.646069977
vt 0.122598438 0.645283594
vt 0.131375537 0.646069977
vt 0.131375537 0.646069977
vt 0.139554465 0.648375573
vt 0.146577887 0.652043303
vt 0.146577887 0.652043303
vt 0.151967125 0.656823112
vt 0.155354986 0.662389352
vt 0.155354986 0.662389352
vt 0.155354986 0.674335909
vt 0.146577887 0.684681959
vt 0.146577887 0.684681959
vt 0.131375537 0.690655284
vt 0.113821339 0.690655284
vt 0.113821339 0.690655284
vt 0.098618990 0.684681959
vt 0.089841891 0.674335909
vt 0.089841891 0.674335909
vt 0.089841891 0.662389352
vt 0.098618990 0.652043303
vt 0.098618990 0.652043303
vt 0.113821339 0.646069977
vt 0.131375537 0.646069977
vt 0.131375537 0.646069977
vt 0.146577887 0.652043303
vt 0.155354986 0.662389352
vt 0.155354986 0.662389352
vt 0.146577887 0.684681959
vt 0.113821339 0.690655284
vt 0.113821339 0.690655284
vt 0.089841891 0.674335909
vt 0.098618990 0.652043303
vt 0.098618990 0.652043303
vt 0.131375537 0.646069977
vt 0.155354986 0.662389352
vt 0.113821339 0.690655284
vt 0.098618990 0.652043303
vt 0.155354986 0.662389352
vt 0.173466519 0.385215774
vt 0.172262829 0.378876764
vt 0.267802740 0.360834986
vt 0.173466519 0.385215774
vt 0.267802740 0.360834986
vt 0.272376676 0.385215774
vt 0.172262829 0.378876764
vt 0.168733856 0.372969755
vt 0.254392548 0.338115700
vt 0.172262829 0.378876764
vt 0.254392548 0.338115700
vt 0.267802740 0.360834986
vt 0.168733856 0.372969755
vt 0.163120045 0.367897312
vt 0.233060077 0.318606189
vt 0.168733856 0.372969755
vt 0.233060077 0.318606189
vt 0.254392548 0.338115700
vt 0.163120045 0.367897312
vt 0.155803991 0.364005056
vt 0.205259069 0.303636043
vt 0.163120045 0.367897312
vt 0.205259069 0.303636043
vt 0.233060077 0.318606189
vt 0.155803991 0.364005056
vt 0.147284247 0.361558255
vt 0.172884079 0.294225401
vt 0.155803991 0.364005056
vt 0.172884079 0.294225401
vt 0.205259069 0.303636043
vt 0.147284247 0.361558255
vt 0.138141463 0.360723736
vt 0.138141463 0.291015625
vt 0.147284247 0.361558255
vt 0.138141463 0.291015625
vt 0.172884079 0.294225401
vt 0.138141463 0.360723736
vt 0.128998679 0.361558255
vt 0.103398846 0.294225401
vt 0.138141463 0.360723736
vt 0.103398846 0.294225401
vt 0.138141463 0.291015625
vt 0.128998679 0.361558255
vt 0.120478935 0.364005056
vt 0.071023856 0.303636043
vt 0.128998679 0.361558255
vt 0.071023856 0.303636043
vt 0.103398846 0.294225401
vt 0.120478935 0.364005056
vt 0.113162880 0.367897312
vt 0.043222849 0.318606189
vt 0.120478935 0.364005056
vt 0.043222849 0.318606189
vt 0.071023856 0.303636043
vt 0.113162880 0.367897312
vt 0.107549069 0.372969755
vt 0.021890377 0.338115700
vt 0.113162880 0.367897312
vt 0.021890377 0.338115700
vt 0.043222849 0.318606189
vt 0.107549069 0.372969755
vt 0.104020096 0.378876764
vt 0.008480185 0.360834986
vt 0.107549069 0.372969755
vt 0.008480185 0.360834986
vt 0.021890377 0.338115700
vt 0.104020096 0.378876764
vt 0.102816407 0.385215774
vt 0.003906250 0.385215774
vt 0.104020096 0.378876764
vt 0.003906250 0.385215774
vt 0.008480185 0.360834986
vt 0.102816407 0.385215774
vt 0.104020096 0.391554785
vt 0.008480185 0.409596563
vt 0.102816407 0.385215774
vt 0.008480185 0.409596563
vt 0.003906250 0.385215774
vt 0.104020096 0.391554785
vt 0.107549069 0.397461794
vt 0.021890377 0.432315849
vt 0.104020096 0.391554785
vt 0.021890377 0.432315849
vt 0.008480185 0.409596563
vt 0.107549069 0.397461794
vt 0.113162880 0.402534236
vt 0.043222849 0.451825359
vt 0.107549069 0.397461794
vt 0.043222849 0.451825359
vt 0.021890377 0.432315849
vt 0.113162880 0.402534236
vt 0.120478935 0.406426492
vt 0.071023856 0.466795506
vt 0.113162880 0.402534236
vt 0.071023856 0.466795506
vt 0.043222849 0.451825359
vt 0.120478935 0.406426492
vt 0.128998679 0.408873247
vt 0.103398846 0.476206148
vt 0.120478935 0.406426492
vt 0.103398846 0.476206148
vt 0.071023856 0.466795506
vt 0.128998679 0.408873247
vt 0.138141463 0.409707813
vt 0.138141463 0.479415924
vt 0.128998679 0.408873247
vt 0.138141463 0.479415924
vt 0.103398846 0.476206148
vt 0.138141463 0.409707813
vt 0.147284247 0.408873247
vt 0.172884079 0.476206148
vt 0.138141463 0.409707813
vt 0.172884079 0.476206148
vt 0.138141463 0.479415924
vt 0.147284247 0.408873247
vt 0.155803991 0.406426492
vt 0.205259069 0.466795506
vt 0.147284247 0.408873247
vt 0.205259069 0.466795506
vt 0.172884079 0.476206148
vt 0.155803991 0.406426492
vt 0.163120045 0.402534236
vt 0.233060077 0.451825359
vt 0.155803991 0.406426492
vt 0.233060077 0.451825359
vt 0.205259069 0.466795506
vt 0.163120045 0.402534236
vt 0.168733856 0.397461794
vt 0.254392548 0.432315849
vt 0.163120045 0.402534236
vt 0.254392548 0.432315849
vt 0.233060077 0.451825359
vt 0.168733856 0.397461794
vt 0.172262829 0.391554785
vt 0.267802740 0.409596563
vt 0.168733856 0.397461794
vt 0.267802740 0.409596563
vt 0.254392548 0.432315849
vt 0.172262829 0.391554785
vt 0.173466519 0.385215774
vt 0.272376676 0.385215774
vt 0.172262829 0.391554785
vt 0.272376676 0.385215774
vt 0.267802740 0.409596563
vt 0.924836364 0.615718875
vt 0.927445694 0.640279071
vt 0.882860384 0.646227441
vt 0.924836364 0.615718875
vt 0.882860384 0.646227441
vt 0.879701706 0.614972289
vt 0.927445694 0.640279071
vt 0.935095916 0.664999761
vt 0.892121141 0.677572924
vt 0.927445694 0.640279071
vt 0.892121141 0.677572924
vt 0.882860384 0.646227441
vt 0.935095916 0.664999761
vt 0.947265625 0.688196259
vt 0.906852917 0.706872655
vt 0.935095916 0.664999761
vt 0.906852917 0.706872655
vt 0.892121141 0.677572924
vt 0.277708564 0.724466553
vt 0.285737916 0.694500851
vt 0.327584814 0.708252684
vt 0.277708564 0.724466553
vt 0.327584814 0.708252684
vt 0.317347370 0.744714865
vt 0.285737916 0.694500851
vt 0.290785385 0.661166854
vt 0.334020330 0.667782913
vt 0.285737916 0.694500851
vt 0.334020330 0.667782913
vt 0.327584814 0.708252684
vt 0.290785385 0.661166854
vt 0.292506973 0.626736277
vt 0.336215362 0.626063473
vt 0.290785385 0.661166854
vt 0.336215362 0.626063473
vt 0.334020330 0.667782913
vt 0.292506973 0.626736277
vt 0.290785385 0.593555474
vt 0.334020330 0.585937500
vt 0.292506973 0.626736277
vt 0.334020330 0.585937500
vt 0.336215362 0.626063473
vt 0.481501316 0.700340493
vt 0.477377487 0.667029467
vt 0.518961198 0.655367932
vt 0.481501316 0.700340493
vt 0.518961198 0.655367932
vt 0.524219073 0.695879063
vt 0.477377487 0.667029467
vt 0.470817434 0.636298153
vt 0.510597112 0.617868924
vt 0.477377487 0.667029467
vt 0.510597112 0.617868924
vt 0.518961198 0.655367932
vt 0.470817434 0.636298153
vt 0.462268189 0.610240788
vt 0.499696843 0.585937500
vt 0.470817434 0.636298153
vt 0.499696843 0.585937500
vt 0.510597112 0.617868924
vt 0.055638662 0.960217477
vt 0.030312507 0.953367821
vt 0.034671488 0.909055662
vt 0.055638662 0.960217477
vt 0.034671488 0.909055662
vt 0.066699963 0.917347316
vt 0.030312507 0.953367821
vt 0.006112758 0.951031547
vt 0.003906250 0.906227527
vt 0.030312507 0.953367821
vt 0.003906250 0.906227527
vt 0.034671488 0.909055662
vt 0.095900858 0.819073079
vt 0.071674794 0.821609576
vt 0.066428116 0.777076201
vt 0.095900858 0.819073079
vt 0.066428116 0.777076201
vt 0.097233123 0.774005690
vt 0.071674794 0.821609576
vt 0.046517008 0.829046258
vt 0.034596080 0.786078464
vt 0.071674794 0.821609576
vt 0.034596080 0.786078464
vt 0.066428116 0.777076201
vt 0.046517008 0.829046258
vt 0.022141982 0.840876277
vt 0.003906250 0.800399035
vt 0.046517008 0.829046258
vt 0.003906250 0.800399035
vt 0.034596080 0.786078464
vt 0.414062500 0.609404972
vt 0.406033148 0.639370674
vt 0.364186251 0.625618841
vt 0.414062500 0.609404972
vt 0.364186251 0.625618841
vt 0.374423695 0.589156660
vt 0.406033148 0.639370674
vt 0.400985679 0.672704671
vt 0.357750734 0.666088613
vt 0.406033148 0.639370674
vt 0.357750734 0.666088613
vt 0.364186251 0.625618841
vt 0.400985679 0.672704671
vt 0.399264091 0.707135248
vt 0.355555702 0.707808052
vt 0.400985679 0.672704671
vt 0.355555702 0.707808052
vt 0.357750734 0.666088613
vt 0.399264091 0.707135248
vt 0.400985679 0.740316051
vt 0.357750734 0.747934025
vt 0.399264091 0.707135248
vt 0.357750734 0.747934025
vt 0.355555702 0.707808052
vt 0.609673123 0.622238585
vt 0.613796952 0.655549611
vt 0.572213242 0.667211146
vt 0.609673123 0.622238585
vt 0.572213242 0.667211146
vt 0.566955366 0.626700015
vt 0.613796952 0.655549611
vt 0.620357006 0.686280925
vt 0.580577327 0.704710154
vt 0.613796952 0.655549611
vt 0.580577327 0.704710154
vt 0.572213242 0.667211146
vt 0.620357006 0.686280925
vt 0.628906250 0.712338290
vt 0.591477596 0.736641578
vt 0.620357006 0.686280925
vt 0.591477596 0.736641578
vt 0.580577327 0.704710154
vt 0.238281250 0.884192729
vt 0.238467594 0.857815211
vt 0.281573968 0.850199788
vt 0.238281250 0.884192729
vt 0.281573968 0.850199788
vt 0.281631461 0.883405060
vt 0.927445694 0.592992882
vt 0.924836364 0.615718875
vt 0.879701706 0.614972289
vt 0.927445694 0.592992882
vt 0.879701706 0.614972289
vt 0.882860384 0.585937500
vt 0.879701706 0.614972289
vt 0.882860384 0.646227441
vt 0.868797007 0.648527054
vt 0.879701706 0.614972289
vt 0.868797007 0.648527054
vt 0.865592543 0.616664776
vt 0.083721546 0.849678784
vt 0.116576276 0.850395353
vt 0.116264694 0.866112684
vt 0.083721546 0.849678784
vt 0.116264694 0.866112684
vt 0.082816385 0.865372270
vt 0.116576276 0.850395353
vt 0.152040556 0.849609375
vt 0.152343750 0.865326879
vt 0.116576276 0.850395353
vt 0.152343750 0.865326879
vt 0.116264694 0.866112684
vt 0.317347370 0.744714865
vt 0.327584814 0.708252684
vt 0.341796875 0.710924377
vt 0.317347370 0.744714865
vt 0.341796875 0.710924377
vt 0.331358720 0.747934025
vt 0.508509169 0.759790407
vt 0.549292511 0.760397153
vt 0.549141251 0.776116843
vt 0.508509169 0.759790407
vt 0.549141251 0.776116843
vt 0.507754805 0.775492341
vt 0.549292511 0.760397153
vt 0.591334714 0.759765625
vt 0.591796875 0.775479221
vt 0.549292511 0.760397153
vt 0.591796875 0.775479221
vt 0.549141251 0.776116843
vt 0.526012435 0.736641578
vt 0.524219073 0.695879063
vt 0.539187094 0.693669793
vt 0.526012435 0.736641578
vt 0.539187094 0.693669793
vt 0.541015625 0.735029537
vt 0.524219073 0.695879063
vt 0.518961198 0.655367932
vt 0.533826123 0.652552602
vt 0.524219073 0.695879063
vt 0.533826123 0.652552602
vt 0.539187094 0.693669793
vt 0.755859375 0.834478913
vt 0.756812357 0.796335140
vt 0.772530952 0.796097011
vt 0.518961198 0.655367932
vt 0.525298055 0.614479977
vt 0.533826123 0.652552602
vt 0.756812357 0.796335140
vt 0.756377220 0.760602022
vt 0.772074992 0.759765625
vt 0.756812357 0.796335140
vt 0.772074992 0.759765625
vt 0.772530952 0.796097011
vt 0.066699963 0.917347316
vt 0.034671488 0.909055662
vt 0.037353416 0.894531250
vt 0.066699963 0.917347316
vt 0.037353416 0.894531250
vt 0.069984750 0.902943073
vt 0.697265625 0.881596129
vt 0.697267653 0.850021341
vt 0.712982670 0.849609375
vt 0.697265625 0.881596129
vt 0.712982670 0.849609375
vt 0.712984737 0.881798281
vt 0.097233123 0.774005690
vt 0.066428116 0.777076201
vt 0.063572632 0.762880644
vt 0.097233123 0.774005690
vt 0.063572632 0.762880644
vt 0.094973669 0.759765625
vt 0.161846547 0.849678783
vt 0.194701276 0.850395354
vt 0.194389693 0.866112685
vt 0.161846547 0.849678783
vt 0.194389693 0.866112685
vt 0.160941423 0.865372272
vt 0.194701276 0.850395354
vt 0.230165556 0.849609375
vt 0.230468750 0.865326879
vt 0.194701276 0.850395354
vt 0.230468750 0.865326879
vt 0.194389693 0.866112685
vt 0.374423695 0.589156660
vt 0.364186251 0.625618841
vt 0.349974189 0.622947148
vt 0.374423695 0.589156660
vt 0.349974189 0.622947148
vt 0.360412344 0.585937500
vt 0.602259169 0.759790407
vt 0.643042511 0.760397153
vt 0.642891251 0.776116843
vt 0.602259169 0.759790407
vt 0.642891251 0.776116843
vt 0.601504805 0.775492341
vt 0.643042511 0.760397153
vt 0.685084714 0.759765625
vt 0.685546875 0.775479221
vt 0.643042511 0.760397153
vt 0.685546875 0.775479221
vt 0.642891251 0.776116843
vt 0.565162005 0.585937500
vt 0.566955366 0.626700015
vt 0.551987345 0.628909285
vt 0.565162005 0.585937500
vt 0.551987345 0.628909285
vt 0.550158814 0.587549541
vt 0.566955366 0.626700015
vt 0.572213242 0.667211146
vt 0.557348316 0.670026476
vt 0.566955366 0.626700015
vt 0.557348316 0.670026476
vt 0.551987345 0.628909285
vt 0.781250000 0.834478913
vt 0.782202982 0.796335140
vt 0.797921577 0.796097011
vt 0.572213242 0.667211146
vt 0.565876384 0.708099101
vt 0.557348316 0.670026476
vt 0.782202982 0.796335140
vt 0.781767845 0.760602022
vt 0.797465617 0.759765625
vt 0.782202982 0.796335140
vt 0.797465617 0.759765625
vt 0.797921577 0.796097011
vt 0.281631461 0.883405060
vt 0.281573968 0.850199788
vt 0.296765907 0.849609375
vt 0.281631461 0.883405060
vt 0.296765907 0.849609375
vt 0.296852864 0.883424816
vt 0.722656250 0.881596129
vt 0.722658278 0.850021340
vt 0.738373295 0.849609375
vt 0.722656250 0.881596129
vt 0.738373295 0.849609375
vt 0.738375363 0.881798327
vt 0.768268675 0.529296875
vt 0.800173754 0.533558951
vt 0.798914302 0.541728078
vt 0.768268675 0.529296875
vt 0.798914302 0.541728078
vt 0.768235772 0.537624320
vt 0.800173754 0.533558951
vt 0.830706694 0.546054666
vt 0.828274408 0.553759669
vt 0.800173754 0.533558951
vt 0.828274408 0.553759669
vt 0.798914302 0.541728078
vt 0.830706694 0.546054666
vt 0.857786677 0.565932500
vt 0.854315306 0.572899198
vt 0.830706694 0.546054666
vt 0.854315306 0.572899198
vt 0.828274408 0.553759669
vt 0.446689130 0.746919304
vt 0.433746597 0.710978957
vt 0.440680261 0.707845068
vt 0.446689130 0.746919304
vt 0.440680261 0.707845068
vt 0.453125000 0.742447597
vt 0.433746597 0.710978957
vt 0.425610576 0.670297980
vt 0.432857131 0.668676883
vt 0.433746597 0.710978957
vt 0.432857131 0.668676883
vt 0.440680261 0.707845068
vt 0.425610576 0.670297980
vt 0.422835524 0.627648656
vt 0.430188831 0.627612322
vt 0.425610576 0.670297980
vt 0.430188831 0.627612322
vt 0.432857131 0.668676883
vt 0.422835524 0.627648656
vt 0.425610576 0.585937500
vt 0.432857131 0.587449839
vt 0.422835524 0.627648656
vt 0.432857131 0.587449839
vt 0.430188831 0.627612322
vt 0.974690981 0.576339636
vt 0.934637146 0.567452725
vt 0.937963219 0.560605306
vt 0.974690981 0.576339636
vt 0.937963219 0.560605306
vt 0.976525282 0.569150448
vt 0.934637146 0.567452725
vt 0.897969700 0.553315700
vt 0.902664225 0.547012019
vt 0.934637146 0.567452725
vt 0.902664225 0.547012019
vt 0.937963219 0.560605306
vt 0.897969700 0.553315700
vt 0.867187500 0.534891940
vt 0.873033836 0.529296875
vt 0.897969700 0.553315700
vt 0.873033836 0.529296875
vt 0.902664225 0.547012019
vt 0.933419919 0.255769502
vt 0.902807451 0.268007299
vt 0.901568606 0.259830127
vt 0.933419919 0.255769502
vt 0.901568606 0.259830127
vt 0.931005313 0.248046875
vt 0.902807451 0.268007299
vt 0.870890393 0.272181404
vt 0.870878513 0.263849181
vt 0.902807451 0.268007299
vt 0.870878513 0.263849181
vt 0.901568606 0.259830127
vt 0.870890393 0.272181404
vt 0.839843750 0.268007299
vt 0.841026548 0.259830127
vt 0.870890393 0.272181404
vt 0.841026548 0.259830127
vt 0.870878513 0.263849181
vt 0.105468750 0.819857703
vt 0.128437163 0.795989280
vt 0.134619794 0.801221437
vt 0.105468750 0.819857703
vt 0.134619794 0.801221437
vt 0.112515985 0.824171847
vt 0.128437163 0.795989280
vt 0.158593985 0.775492970
vt 0.163646648 0.781513458
vt 0.128437163 0.795989280
vt 0.163646648 0.781513458
vt 0.134619794 0.801221437
vt 0.158593985 0.775492970
vt 0.193884062 0.759765625
vt 0.197618385 0.766390979
vt 0.158593985 0.775492970
vt 0.197618385 0.766390979
vt 0.163646648 0.781513458
vt 0.258829671 0.585937500
vt 0.266809480 0.625696242
vt 0.259557838 0.627281019
vt 0.258829671 0.585937500
vt 0.259557838 0.627281019
vt 0.251884943 0.588999006
vt 0.266809480 0.625696242
vt 0.269531250 0.668362651
vt 0.262174906 0.668362651
vt 0.266809480 0.625696242
vt 0.262174906 0.668362651
vt 0.259557838 0.627281019
vt 0.269531250 0.668362651
vt 0.266809480 0.711029049
vt 0.259557838 0.709444273
vt 0.269531250 0.668362651
vt 0.259557838 0.709444273
vt 0.262174906 0.668362651
vt 0.266809480 0.711029049
vt 0.258829671 0.750787761
vt 0.251884943 0.747726258
vt 0.266809480 0.711029049
vt 0.251884943 0.747726258
vt 0.259557838 0.709444273
vt 0.847656250 0.763227946
vt 0.832909293 0.799482446
vt 0.826697462 0.794666201
vt 0.847656250 0.763227946
vt 0.826697462 0.794666201
vt 0.840877259 0.759765625
vt 0.832909293 0.799482446
vt 0.813690652 0.830282482
vt 0.808218011 0.824312689
vt 0.832909293 0.799482446
vt 0.808218011 0.824312689
vt 0.826697462 0.794666201
vt 0.708984375 0.546054666
vt 0.737165647 0.533558951
vt 0.738329545 0.541728078
vt 0.708984375 0.546054666
vt 0.738329545 0.541728078
vt 0.711233716 0.553759669
vt 0.737165647 0.533558951
vt 0.768268675 0.529296875
vt 0.768235772 0.537624320
vt 0.737165647 0.533558951
vt 0.768235772 0.537624320
vt 0.738329545 0.541728078
vt 0.300781250 0.121577817
vt 0.295380063 0.152055122
vt 0.279233418 0.147510151
vt 0.300781250 0.121577817
vt 0.279233418 0.147510151
vt 0.284073649 0.121543371
vt 0.295380063 0.152055122
vt 0.279544607 0.180460450
vt 0.265042589 0.171711811
vt 0.295380063 0.152055122
vt 0.265042589 0.171711811
vt 0.279233418 0.147510151
vt 0.279544607 0.180460450
vt 0.254353991 0.204858081
vt 0.242468184 0.192499088
vt 0.279544607 0.180460450
vt 0.242468184 0.192499088
vt 0.265042589 0.171711811
vt 0.254353991 0.204858081
vt 0.221524950 0.223585306
vt 0.213048716 0.208455397
vt 0.254353991 0.204858081
vt 0.213048716 0.208455397
vt 0.242468184 0.192499088
vt 0.221524950 0.223585306
vt 0.183294722 0.235365995
vt 0.178788969 0.218493298
vt 0.221524950 0.223585306
vt 0.178788969 0.218493298
vt 0.213048716 0.208455397
vt 0.183294722 0.235365995
vt 0.142268651 0.239397180
vt 0.142023783 0.221928730
vt 0.183294722 0.235365995
vt 0.142023783 0.221928730
vt 0.178788969 0.218493298
vt 0.142268651 0.239397180
vt 0.101242580 0.235404248
vt 0.105258596 0.218527578
vt 0.142268651 0.239397180
vt 0.105258596 0.218527578
vt 0.142023783 0.221928730
vt 0.101242580 0.235404248
vt 0.063012351 0.223659204
vt 0.070998850 0.208521621
vt 0.101242580 0.235404248
vt 0.070998850 0.208521621
vt 0.105258596 0.218527578
vt 0.063012351 0.223659204
vt 0.030183310 0.204962588
vt 0.041579381 0.192592741
vt 0.063012351 0.223659204
vt 0.041579381 0.192592741
vt 0.070998850 0.208521621
vt 0.030183310 0.204962588
vt 0.004992695 0.180588445
vt 0.019004977 0.171826513
vt 0.030183310 0.204962588
vt 0.019004977 0.171826513
vt 0.041579381 0.192592741
vt 0.715077352 0.715835729
vt 0.699734149 0.687637407
vt 0.716330756 0.683154564
vt 0.004992695 0.180588445
vt 0.004814148 0.147638084
vt 0.019004977 0.171826513
vt 0.699734149 0.687637407
vt 0.694500860 0.657249507
vt 0.711640986 0.657266687
vt 0.699734149 0.687637407
vt 0.711640986 0.657266687
vt 0.716330756 0.683154564
vt 0.694500860 0.657249507
vt 0.699734149 0.626742949
vt 0.716330756 0.631272476
vt 0.694500860 0.657249507
vt 0.716330756 0.631272476
vt 0.711640986 0.657266687
vt 0.699734149 0.626742949
vt 0.715077352 0.598196739
vt 0.730080456 0.606943432
vt 0.699734149 0.626742949
vt 0.730080456 0.606943432
vt 0.716330756 0.631272476
vt 0.004992695 0.062842980
vt 0.030183310 0.038445350
vt 0.041579381 0.050720100
vt 0.715077352 0.598196739
vt 0.751953125 0.585937500
vt 0.730080456 0.606943432
vt 0.030183310 0.038445350
vt 0.063012351 0.019718077
vt 0.070998850 0.034763790
vt 0.030183310 0.038445350
vt 0.070998850 0.034763790
vt 0.041579381 0.050720100
vt 0.063012351 0.019718077
vt 0.101242580 0.007937435
vt 0.105258596 0.024725889
vt 0.063012351 0.019718077
vt 0.105258596 0.024725889
vt 0.070998850 0.034763790
vt 0.101242580 0.007937435
vt 0.142268651 0.003906250
vt 0.142023783 0.021290457
vt 0.101242580 0.007937435
vt 0.142023783 0.021290457
vt 0.105258596 0.024725889
vt 0.142268651 0.003906250
vt 0.183294722 0.007899183
vt 0.178788969 0.024691610
vt 0.142268651 0.003906250
vt 0.178788969 0.024691610
vt 0.142023783 0.021290457
vt 0.183294722 0.007899183
vt 0.221524950 0.019644179
vt 0.213048716 0.034697567
vt 0.183294722 0.007899183
vt 0.213048716 0.034697567
vt 0.178788969 0.024691610
vt 0.221524950 0.019644179
vt 0.254353991 0.038340842
vt 0.242468184 0.050626446
vt 0.221524950 0.019644179
vt 0.242468184 0.050626446
vt 0.213048716 0.034697567
vt 0.254353991 0.038340842
vt 0.279544607 0.062714985
vt 0.265042589 0.071392675
vt 0.254353991 0.038340842
vt 0.265042589 0.071392675
vt 0.242468184 0.050626446
vt 0.279544607 0.062714985
vt 0.295380063 0.091105548
vt 0.279233418 0.095581103
vt 0.279544607 0.062714985
vt 0.279233418 0.095581103
vt 0.265042589 0.071392675
vt 0.295380063 0.091105548
vt 0.300781250 0.121577817
vt 0.284073649 0.121543371
vt 0.295380063 0.091105548
vt 0.284073649 0.121543371
vt 0.279233418 0.095581103
vt 0.748046875 0.784784806
vt 0.745539783 0.811079386
vt 0.699510235 0.806311285
vt 0.748046875 0.784784806
vt 0.699510235 0.806311285
vt 0.701602248 0.784699599
vt 0.745539783 0.811079386
vt 0.738189367 0.836857394
vt 0.693376771 0.827514440
vt 0.745539783 0.811079386
vt 0.693376771 0.827514440
vt 0.699510235 0.806311285
vt 0.915763536 0.393952978
vt 0.905628902 0.365723294
vt 0.946751536 0.347041275
vt 0.915763536 0.393952978
vt 0.946751536 0.347041275
vt 0.955078125 0.370496310
vt 0.905628902 0.365723294
vt 0.897852309 0.333142345
vt 0.940362336 0.319931906
vt 0.905628902 0.365723294
vt 0.940362336 0.319931906
vt 0.946751536 0.347041275
vt 0.897852309 0.333142345
vt 0.892963740 0.298430393
vt 0.936345903 0.291015625
vt 0.897852309 0.333142345
vt 0.936345903 0.291015625
vt 0.940362336 0.319931906
vt 0.837752461 0.399336314
vt 0.836335424 0.362920768
vt 0.880188029 0.362947020
vt 0.837752461 0.399336314
vt 0.880188029 0.362947020
vt 0.881352265 0.393336928
vt 0.836335424 0.362920768
vt 0.837752461 0.325974615
vt 0.881352265 0.332121165
vt 0.836335424 0.362920768
vt 0.881352265 0.332121165
vt 0.880188029 0.362947020
vt 0.837752461 0.325974615
vt 0.841907003 0.291015625
vt 0.884765625 0.302960095
vt 0.837752461 0.325974615
vt 0.884765625 0.302960095
vt 0.881352265 0.332121165
vt 0.298828125 0.804211386
vt 0.266433555 0.808177285
vt 0.269923061 0.763144430
vt 0.298828125 0.804211386
vt 0.269923061 0.763144430
vt 0.296814232 0.759765625
vt 0.266433555 0.808177285
vt 0.235731787 0.808320252
vt 0.244486878 0.763354275
vt 0.266433555 0.808177285
vt 0.244486878 0.763354275
vt 0.269923061 0.763144430
vt 0.235731787 0.808320252
vt 0.208815148 0.804630498
vt 0.222239142 0.760380863
vt 0.235731787 0.808320252
vt 0.222239142 0.760380863
vt 0.244486878 0.763354275
vt 0.186381248 0.946462379
vt 0.183921158 0.920496841
vt 0.230369082 0.920496841
vt 0.186381248 0.946462379
vt 0.230369082 0.920496841
vt 0.232421875 0.941829997
vt 0.183921158 0.920496841
vt 0.186381248 0.894531250
vt 0.232421875 0.899163641
vt 0.183921158 0.920496841
vt 0.232421875 0.899163641
vt 0.230369082 0.920496841
vt 0.398437500 0.804630459
vt 0.371520918 0.808317696
vt 0.362765680 0.763351564
vt 0.398437500 0.804630459
vt 0.362765680 0.763351564
vt 0.385013370 0.760380179
vt 0.371520918 0.808317696
vt 0.340819148 0.808174933
vt 0.337329494 0.763141952
vt 0.371520918 0.808317696
vt 0.337329494 0.763141952
vt 0.362765680 0.763351564
vt 0.340819148 0.808174933
vt 0.308424517 0.804211944
vt 0.310438271 0.759765625
vt 0.340819148 0.808174933
vt 0.310438271 0.759765625
vt 0.337329494 0.763141952
vt 0.679929441 0.585937500
vt 0.684118176 0.620243710
vt 0.640521916 0.626338891
vt 0.679929441 0.585937500
vt 0.640521916 0.626338891
vt 0.637080464 0.597712539
vt 0.684118176 0.620243710
vt 0.685546875 0.657058707
vt 0.641695734 0.657058710
vt 0.684118176 0.620243710
vt 0.641695734 0.657058710
vt 0.640521916 0.626338891
vt 0.685546875 0.657058707
vt 0.684118176 0.693873655
vt 0.640521916 0.687778490
vt 0.685546875 0.657058707
vt 0.640521916 0.687778490
vt 0.641695734 0.657058710
vt 0.684118176 0.693873655
vt 0.679929441 0.728179726
vt 0.637080464 0.716404727
vt 0.684118176 0.693873655
vt 0.637080464 0.716404727
vt 0.640521916 0.687778490
vt 0.498046875 0.804211386
vt 0.465652305 0.808177285
vt 0.469141811 0.763144430
vt 0.498046875 0.804211386
vt 0.469141811 0.763144430
vt 0.496032982 0.759765625
vt 0.465652305 0.808177285
vt 0.434950537 0.808320252
vt 0.443705628 0.763354275
vt 0.465652305 0.808177285
vt 0.443705628 0.763354275
vt 0.469141811 0.763144430
vt 0.434950537 0.808320252
vt 0.408033898 0.804630498
vt 0.421457892 0.760380863
vt 0.434950537 0.808320252
vt 0.421457892 0.760380863
vt 0.443705628 0.763354275
vt 0.745539783 0.759765625
vt 0.748046875 0.784784806
vt 0.701602248 0.784699599
vt 0.745539783 0.759765625
vt 0.701602248 0.784699599
vt 0.699510235 0.764152155
vt 0.241290626 0.668362631
vt 0.237246284 0.689695809
vt 0.155354986 0.674335909
vt 0.241290626 0.668362631
vt 0.155354986 0.674335909
vt 0.156510492 0.668362631
vt 0.237246284 0.689695809
vt 0.225388888 0.709575196
vt 0.151967125 0.679902149
vt 0.237246284 0.689695809
vt 0.151967125 0.679902149
vt 0.155354986 0.674335909
vt 0.225388888 0.709575196
vt 0.206526485 0.726646006
vt 0.146577887 0.684681959
vt 0.225388888 0.709575196
vt 0.146577887 0.684681959
vt 0.151967125 0.679902149
vt 0.206526485 0.726646006
vt 0.181944532 0.739744866
vt 0.139554465 0.688349642
vt 0.206526485 0.726646006
vt 0.139554465 0.688349642
vt 0.146577887 0.684681959
vt 0.181944532 0.739744866
vt 0.153318237 0.747979184
vt 0.131375537 0.690655284
vt 0.181944532 0.739744866
vt 0.131375537 0.690655284
vt 0.139554465 0.688349642
vt 0.153318237 0.747979184
vt 0.122598438 0.750787761
vt 0.122598438 0.691441667
vt 0.153318237 0.747979184
vt 0.122598438 0.691441667
vt 0.131375537 0.690655284
vt 0.122598438 0.750787761
vt 0.091878639 0.747979184
vt 0.113821339 0.690655284
vt 0.122598438 0.750787761
vt 0.113821339 0.690655284
vt 0.122598438 0.691441667
vt 0.091878639 0.747979184
vt 0.063252344 0.739744866
vt 0.105642411 0.688349642
vt 0.091878639 0.747979184
vt 0.105642411 0.688349642
vt 0.113821339 0.690655284
vt 0.063252344 0.739744866
vt 0.038670391 0.726646006
vt 0.098618990 0.684681959
vt 0.063252344 0.739744866
vt 0.098618990 0.684681959
vt 0.105642411 0.688349642
vt 0.038670391 0.726646006
vt 0.019807989 0.709575196
vt 0.093229752 0.679902149
vt 0.038670391 0.726646006
vt 0.093229752 0.679902149
vt 0.098618990 0.684681959
vt 0.019807989 0.709575196
vt 0.007950592 0.689695809
vt 0.089841891 0.674335909
vt 0.019807989 0.709575196
vt 0.089841891 0.674335909
vt 0.093229752 0.679902149
vt 0.007950592 0.689695809
vt 0.003906250 0.668362631
vt 0.088686384 0.668362631
vt 0.007950592 0.689695809
vt 0.088686384 0.668362631
vt 0.089841891 0.674335909
vt 0.003906250 0.668362631
vt 0.007950592 0.647029453
vt 0.089841891 0.662389352
vt 0.003906250 0.668362631
vt 0.089841891 0.662389352
vt 0.088686384 0.668362631
vt 0.007950592 0.647029453
vt 0.019807989 0.627150065
vt 0.093229752 0.656823112
vt 0.007950592 0.647029453
vt 0.093229752 0.656823112
vt 0.089841891 0.662389352
vt 0.019807989 0.627150065
vt 0.038670391 0.610079256
vt 0.098618990 0.652043303
vt 0.019807989 0.627150065
vt 0.098618990 0.652043303
vt 0.093229752 0.656823112
vt 0.038670391 0.610079256
vt 0.063252344 0.596980395
vt 0.105642411 0.648375573
vt 0.038670391 0.610079256
vt 0.105642411 0.648375573
vt 0.098618990 0.652043303
vt 0.063252344 0.596980395
vt 0.091878639 0.588746077
vt 0.113821339 0.646069977
vt 0.063252344 0.596980395
vt 0.113821339 0.646069977
vt 0.105642411 0.648375573
vt 0.091878639 0.588746077
vt 0.122598438 0.585937500
vt 0.122598438 0.645283594
vt 0.091878639 0.588746077
vt 0.122598438 0.645283594
vt 0.113821339 0.646069977
vt 0.122598438 0.585937500
vt 0.153318237 0.588746077
vt 0.131375537 0.646069977
vt 0.122598438 0.585937500
vt 0.131375537 0.646069977
vt 0.122598438 0.645283594
vt 0.153318237 0.588746077
vt 0.181944532 0.596980395
vt 0.139554465 0.648375573
vt 0.153318237 0.588746077
vt 0.139554465 0.648375573
vt 0.131375537 0.646069977
vt 0.181944532 0.596980395
vt 0.206526485 0.610079256
vt 0.146577887 0.652043303
vt 0.181944532 0.596980395
vt 0.146577887 0.652043303
vt 0.139554465 0.648375573
vt 0.206526485 0.610079256
vt 0.225388888 0.627150065
vt 0.151967125 0.656823112
vt 0.206526485 0.610079256
vt 0.151967125 0.656823112
vt 0.146577887 0.652043303
vt 0.225388888 0.627150065
vt 0.237246284 0.647029453
vt 0.155354986 0.662389352
vt 0.225388888 0.627150065
vt 0.155354986 0.662389352
vt 0.151967125 0.656823112
vt 0.237246284 0.647029453
vt 0.241290626 0.668362631
vt 0.156510492 0.668362631
vt 0.237246284 0.647029453
vt 0.156510492 0.668362631
vt 0.155354986 0.662389352
vt 0.911746056 0.102816407
vt 0.898355693 0.100395887
vt 0.886276126 0.093371335
vt 0.886276126 0.093371335
vt 0.876689659 0.082430317
vt 0.870534810 0.068643795
vt 0.870534810 0.068643795
vt 0.868413988 0.053361328
vt 0.870534810 0.038078861
vt 0.870534810 0.038078861
vt 0.876689659 0.024292340
vt 0.886276126 0.013351322
vt 0.886276126 0.013351322
vt 0.898355693 0.006326770
vt 0.911746056 0.003906250
vt 0.911746056 0.003906250
vt 0.925136419 0.006326770
vt 0.937215987 0.013351322
vt 0.937215987 0.013351322
vt 0.946802453 0.024292340
vt 0.952957303 0.038078861
vt 0.952957303 0.038078861
vt 0.955078125 0.053361328
vt 0.952957303 0.068643795
vt 0.952957303 0.068643795
vt 0.946802453 0.082430317
vt 0.937215987 0.093371335
vt 0.937215987 0.093371335
vt 0.925136419 0.100395887
vt 0.911746056 0.102816407
vt 0.911746056 0.102816407
vt 0.886276126 0.093371335
vt 0.870534810 0.068643795
vt 0.870534810 0.068643795
vt 0.870534810 0.038078861
vt 0.886276126 0.013351322
vt 0.886276126 0.013351322
vt 0.911746056 0.003906250
vt 0.937215987 0.013351322
vt 0.937215987 0.013351322
vt 0.952957303 0.038078861
vt 0.952957303 0.068643795
vt 0.952957303 0.068643795
vt 0.937215987 0.093371335
vt 0.911746056 0.102816407
vt 0.911746056 0.102816407
vt 0.870534810 0.068643795
vt 0.886276126 0.013351322
vt 0.886276126 0.013351322
vt 0.937215987 0.013351322
vt 0.952957303 0.068643795
vt 0.886276126 0.013351322
vt 0.952957303 0.068643795
vt 0.911746056 0.102816407
vt 0.824225601 0.705400858
vt 0.809379799 0.708397694
vt 0.794533997 0.705400858
vt 0.794533997 0.705400858
vt 0.781141373 0.696703782
vt 0.770512958 0.683157753
vt 0.770512958 0.683157753
vt 0.763689053 0.666088733
vt 0.761337723 0.647167597
vt 0.761337723 0.647167597
vt 0.763689053 0.628246461
vt 0.770512958 0.611177441
vt 0.770512958 0.611177441
vt 0.781141373 0.597631412
vt 0.794533997 0.588934336
vt 0.794533997 0.588934336
vt 0.809379799 0.585937500
vt 0.824225601 0.588934336
vt 0.824225601 0.588934336
vt 0.837618225 0.597631412
vt 0.848246639 0.611177441
vt 0.848246639 0.611177441
vt 0.855070545 0.628246461
vt 0.857421875 0.647167597
vt 0.857421875 0.647167597
vt 0.855070545 0.666088733
vt 0.848246639 0.683157753
vt 0.848246639 0.683157753
vt 0.837618225 0.696703782
vt 0.824225601 0.705400858
vt 0.824225601 0.705400858
vt 0.794533997 0.705400858
vt 0.770512958 0.683157753
vt 0.770512958 0.683157753
vt 0.761337723 0.647167597
vt 0.770512958 0.611177441
vt 0.770512958 0.611177441
vt 0.794533997 0.588934336
vt 0.824225601 0.588934336
vt 0.824225601 0.588934336
vt 0.848246639 0.611177441
vt 0.857421875 0.647167597
vt 0.857421875 0.647167597
vt 0.848246639 0.683157753
vt 0.824225601 0.705400858
vt 0.824225601 0.705400858
vt 0.770512958 0.683157753
vt 0.770512958 0.611177441
vt 0.770512958 0.611177441
vt 0.824225601 0.588934336
vt 0.857421875 0.647167597
vt 0.770512958 0.611177441
vt 0.857421875 0.647167597
vt 0.824225601 0.705400858
vt 0.495912183 0.854686802
vt 0.509457048 0.853385593
vt 0.512146379 0.868599652
vt 0.495912183 0.854686802
vt 0.512146379 0.868599652
vt 0.495961493 0.870111522
vt 0.509457048 0.853385593
vt 0.522271687 0.849609375
vt 0.527439102 0.864212037
vt 0.509457048 0.853385593
vt 0.527439102 0.864212037
vt 0.512146379 0.868599652
vt 0.983982236 0.274050677
vt 0.970992997 0.268499945
vt 0.976117439 0.253776156
vt 0.983982236 0.274050677
vt 0.976117439 0.253776156
vt 0.991302364 0.260412877
vt 0.970992997 0.268499945
vt 0.956322307 0.264936179
vt 0.959012040 0.249515133
vt 0.970992997 0.268499945
vt 0.959012040 0.249515133
vt 0.976117439 0.253776156
vt 0.956322307 0.264936179
vt 0.941406250 0.263708186
vt 0.941660499 0.248046875
vt 0.956322307 0.264936179
vt 0.941660499 0.248046875
vt 0.959012040 0.249515133
vt 0.354582911 0.865271191
vt 0.339667213 0.866497967
vt 0.336981272 0.851076177
vt 0.354582911 0.865271191
vt 0.336981272 0.851076177
vt 0.354332416 0.849609375
vt 0.339667213 0.866497967
vt 0.324995667 0.870058201
vt 0.319874821 0.855332977
vt 0.339667213 0.866497967
vt 0.319874821 0.855332977
vt 0.336981272 0.851076177
vt 0.324995667 0.870058201
vt 0.312004443 0.875603431
vt 0.304687500 0.861963120
vt 0.324995667 0.870058201
vt 0.304687500 0.861963120
vt 0.319874821 0.855332977
vt 0.639580277 0.876280036
vt 0.643414419 0.863010406
vt 0.658621190 0.865754780
vt 0.639580277 0.876280036
vt 0.658621190 0.865754780
vt 0.654166273 0.881562879
vt 0.643414419 0.863010406
vt 0.644735587 0.849609375
vt 0.660156250 0.849751738
vt 0.643414419 0.863010406
vt 0.660156250 0.849751738
vt 0.658621190 0.865754780
vt 0.674032780 0.881564575
vt 0.672710309 0.868163477
vt 0.687916551 0.865416266
vt 0.674032780 0.881564575
vt 0.687916551 0.865416266
vt 0.689453125 0.881419407
vt 0.672710309 0.868163477
vt 0.668872387 0.854894904
vt 0.683457242 0.849609375
vt 0.672710309 0.868163477
vt 0.683457242 0.849609375
vt 0.687916551 0.865416266
vt 0.370601378 0.849609375
vt 0.383590617 0.855160107
vt 0.378466175 0.869883897
vt 0.370601378 0.849609375
vt 0.378466175 0.869883897
vt 0.363281250 0.863247175
vt 0.383590617 0.855160107
vt 0.398261307 0.858723873
vt 0.395571574 0.874144920
vt 0.383590617 0.855160107
vt 0.395571574 0.874144920
vt 0.378466175 0.869883897
vt 0.398261307 0.858723873
vt 0.413177364 0.859951866
vt 0.412923114 0.875613177
vt 0.398261307 0.858723873
vt 0.412923114 0.875613177
vt 0.395571574 0.874144920
vt 0.421875000 0.859941615
vt 0.436790699 0.858714839
vt 0.439476640 0.874136629
vt 0.421875000 0.859941615
vt 0.439476640 0.874136629
vt 0.422125496 0.875603431
vt 0.436790699 0.858714839
vt 0.451462244 0.855154605
vt 0.456583090 0.869879830
vt 0.436790699 0.858714839
vt 0.456583090 0.869879830
vt 0.439476640 0.874136629
vt 0.451462244 0.855154605
vt 0.464453468 0.849609375
vt 0.471770411 0.863249686
vt 0.451462244 0.855154605
vt 0.471770411 0.863249686
vt 0.456583090 0.869879830
vt 0.620699169 0.894531250
vt 0.634080636 0.898555079
vt 0.631151355 0.913727150
vt 0.620699169 0.894531250
vt 0.631151355 0.913727150
vt 0.615234375 0.909051835
vt 0.482963020 0.853385593
vt 0.495912183 0.854686802
vt 0.495961493 0.870111522
vt 0.482963020 0.853385593
vt 0.495961493 0.870111522
vt 0.480468750 0.868599652
vt 0.271484375 0.544595705
vt 0.270830240 0.560837753
vt 0.234618385 0.557361967
vt 0.271484375 0.544595705
vt 0.234618385 0.557361967
vt 0.235106310 0.545684177
vt 0.270830240 0.560837753
vt 0.268931868 0.576433116
vt 0.233202384 0.568600220
vt 0.270830240 0.560837753
vt 0.233202384 0.568600220
vt 0.234618385 0.557361967
vt 0.562987083 0.282390164
vt 0.562500000 0.265439330
vt 0.598682157 0.264943519
vt 0.562987083 0.282390164
vt 0.598682157 0.264943519
vt 0.598991554 0.277409210
vt 0.562500000 0.265439330
vt 0.563088501 0.248046875
vt 0.599155738 0.252084616
vt 0.562500000 0.265439330
vt 0.599155738 0.252084616
vt 0.598682157 0.264943519
vt 0.309931186 0.046459762
vt 0.309522480 0.028639493
vt 0.345344490 0.028891644
vt 0.309931186 0.046459762
vt 0.345344490 0.028891644
vt 0.345638012 0.042181825
vt 0.309522480 0.028639493
vt 0.309931186 0.010960327
vt 0.345638012 0.015702800
vt 0.309522480 0.028639493
vt 0.345638012 0.015702800
vt 0.345344490 0.028891644
vt 0.004272825 0.282392971
vt 0.003906250 0.264943836
vt 0.039586258 0.265747055
vt 0.309931186 0.010960327
vt 0.346489857 0.003906250
vt 0.345638012 0.015702800
vt 0.003906250 0.264943836
vt 0.004306290 0.248046875
vt 0.039845602 0.253315962
vt 0.003906250 0.264943836
vt 0.039845602 0.253315962
vt 0.039586258 0.265747055
vt 0.559005473 0.323346884
vt 0.558593750 0.306875359
vt 0.594793707 0.308053865
vt 0.559005473 0.323346884
vt 0.594793707 0.308053865
vt 0.595132907 0.319970477
vt 0.558593750 0.306875359
vt 0.559336363 0.291015625
vt 0.595312040 0.296633715
vt 0.558593750 0.306875359
vt 0.595312040 0.296633715
vt 0.594793707 0.308053865
vt 0.004393558 0.520639965
vt 0.003906250 0.504555905
vt 0.040106543 0.504482512
vt 0.004393558 0.520639965
vt 0.040106543 0.504482512
vt 0.040441186 0.516058233
vt 0.003906250 0.504555905
vt 0.004572425 0.488281250
vt 0.040629457 0.492723346
vt 0.003906250 0.504555905
vt 0.040629457 0.492723346
vt 0.040106543 0.504482512
vt 0.281737083 0.325358914
vt 0.281250000 0.308408080
vt 0.317432157 0.307912269
vt 0.281737083 0.325358914
vt 0.317432157 0.307912269
vt 0.317741554 0.320377960
vt 0.281250000 0.308408080
vt 0.281838501 0.291015625
vt 0.317905738 0.295053366
vt 0.281250000 0.308408080
vt 0.317905738 0.295053366
vt 0.317432157 0.307912269
vt 0.858966294 0.006422525
vt 0.859375000 0.024242795
vt 0.823552990 0.023990644
vt 0.858966294 0.006422525
vt 0.823552990 0.023990644
vt 0.823259469 0.010700463
vt 0.859375000 0.024242795
vt 0.858966294 0.041921961
vt 0.823259469 0.037179487
vt 0.859375000 0.024242795
vt 0.823259469 0.037179487
vt 0.823552990 0.023990644
vt 0.283569700 0.282392971
vt 0.283203125 0.264943836
vt 0.318883133 0.265747055
vt 0.858966294 0.041921961
vt 0.822407623 0.048976037
vt 0.823259469 0.037179487
vt 0.283203125 0.264943836
vt 0.283603165 0.248046875
vt 0.319142477 0.253315962
vt 0.283203125 0.264943836
vt 0.319142477 0.253315962
vt 0.318883133 0.265747055
vt 0.281250000 0.504867052
vt 0.281309147 0.488281250
vt 0.317110821 0.491492608
vt 0.281250000 0.504867052
vt 0.317110821 0.491492608
vt 0.317100537 0.503519767
vt 0.270830240 0.529296875
vt 0.271484375 0.544595705
vt 0.235106310 0.545684177
vt 0.270830240 0.529296875
vt 0.235106310 0.545684177
vt 0.234618385 0.534709942
vt 0.235106310 0.545684177
vt 0.234618385 0.557361967
vt 0.140188607 0.552171601
vt 0.235106310 0.545684177
vt 0.140188607 0.552171601
vt 0.140531762 0.544039002
vt 0.234618385 0.557361967
vt 0.233202384 0.568600220
vt 0.139192741 0.560002960
vt 0.234618385 0.557361967
vt 0.139192741 0.560002960
vt 0.140188607 0.552171601
vt 0.598991554 0.277409210
vt 0.598682157 0.264943519
vt 0.693294240 0.263871523
vt 0.598991554 0.277409210
vt 0.693294240 0.263871523
vt 0.693501922 0.272605902
vt 0.598682157 0.264943519
vt 0.599155738 0.252084616
vt 0.693633672 0.254848913
vt 0.598682157 0.264943519
vt 0.693633672 0.254848913
vt 0.693294240 0.263871523
vt 0.345638012 0.042181825
vt 0.345344490 0.028891644
vt 0.440134974 0.028778130
vt 0.345638012 0.042181825
vt 0.440134974 0.028778130
vt 0.440339327 0.038124733
vt 0.345344490 0.028891644
vt 0.345638012 0.015702800
vt 0.440339327 0.019502080
vt 0.345344490 0.028891644
vt 0.440339327 0.019502080
vt 0.440134974 0.028778130
vt 0.039884757 0.278651823
vt 0.039586258 0.265747055
vt 0.134490030 0.267066693
vt 0.039884757 0.278651823
vt 0.134490030 0.267066693
vt 0.134704572 0.276122217
vt 0.039586258 0.265747055
vt 0.039845602 0.253315962
vt 0.134665245 0.258355618
vt 0.039586258 0.265747055
vt 0.134665245 0.258355618
vt 0.134490030 0.267066693
vt 0.595132907 0.319970477
vt 0.594793707 0.308053865
vt 0.689532591 0.309483349
vt 0.595132907 0.319970477
vt 0.689532591 0.309483349
vt 0.689777044 0.317796355
vt 0.594793707 0.308053865
vt 0.595312040 0.296633715
vt 0.689890595 0.301526890
vt 0.594793707 0.308053865
vt 0.689890595 0.301526890
vt 0.689532591 0.309483349
vt 0.040441186 0.516058233
vt 0.040106543 0.504482512
vt 0.134870072 0.504003979
vt 0.040441186 0.516058233
vt 0.134870072 0.504003979
vt 0.135100127 0.512067691
vt 0.040106543 0.504482512
vt 0.040629457 0.492723346
vt 0.135242613 0.495803653
vt 0.040106543 0.504482512
vt 0.135242613 0.495803653
vt 0.134870072 0.504003979
vt 0.317741554 0.320377960
vt 0.317432157 0.307912269
vt 0.412044240 0.306840273
vt 0.317741554 0.320377960
vt 0.412044240 0.306840273
vt 0.412251922 0.315574652
vt 0.317432157 0.307912269
vt 0.317905738 0.295053366
vt 0.412383672 0.297817663
vt 0.317432157 0.307912269
vt 0.412383672 0.297817663
vt 0.412044240 0.306840273
vt 0.823259469 0.010700463
vt 0.823552990 0.023990644
vt 0.728762507 0.024104157
vt 0.823259469 0.010700463
vt 0.728762507 0.024104157
vt 0.728558154 0.014757555
vt 0.823552990 0.023990644
vt 0.823259469 0.037179487
vt 0.728558154 0.033380208
vt 0.823552990 0.023990644
vt 0.728558154 0.033380208
vt 0.728762507 0.024104157
vt 0.319181632 0.278651823
vt 0.318883133 0.265747055
vt 0.413786905 0.267066693
vt 0.319181632 0.278651823
vt 0.413786905 0.267066693
vt 0.414001447 0.276122217
vt 0.318883133 0.265747055
vt 0.319142477 0.253315962
vt 0.413962120 0.258355618
vt 0.318883133 0.265747055
vt 0.413962120 0.258355618
vt 0.413786905 0.267066693
vt 0.317100537 0.503519767
vt 0.317110821 0.491492608
vt 0.412028170 0.494665035
vt 0.317100537 0.503519767
vt 0.412028170 0.494665035
vt 0.412027153 0.503060436
vt 0.234618385 0.534709942
vt 0.235106310 0.545684177
vt 0.140531762 0.544039002
vt 0.234618385 0.534709942
vt 0.140531762 0.544039002
vt 0.140188607 0.536401208
vt 0.140531762 0.544039002
vt 0.140188607 0.552171601
vt 0.003909634 0.546395638
vt 0.140531762 0.544039002
vt 0.003909634 0.546395638
vt 0.004311771 0.537503671
vt 0.279296875 0.551628633
vt 0.279346989 0.543235185
vt 0.416320267 0.544274994
vt 0.279296875 0.551628633
vt 0.416320267 0.544274994
vt 0.416347008 0.553614649
vt 0.693501922 0.272605902
vt 0.693294240 0.263871523
vt 0.830925429 0.265327706
vt 0.693501922 0.272605902
vt 0.830925429 0.265327706
vt 0.831090057 0.275303505
vt 0.440932382 0.046626986
vt 0.440339327 0.038124733
vt 0.579431156 0.039020775
vt 0.440932382 0.046626986
vt 0.579431156 0.039020775
vt 0.580078125 0.048976037
vt 0.440339327 0.038124733
vt 0.440134974 0.028778130
vt 0.579208227 0.028070576
vt 0.440339327 0.038124733
vt 0.579208227 0.028070576
vt 0.579431156 0.039020775
vt 0.440134974 0.028778130
vt 0.440339327 0.019502080
vt 0.579431156 0.017197343
vt 0.440134974 0.028778130
vt 0.579431156 0.017197343
vt 0.579208227 0.028070576
vt 0.134704572 0.276122217
vt 0.134490030 0.267066693
vt 0.273794225 0.265541631
vt 0.134704572 0.276122217
vt 0.273794225 0.265541631
vt 0.274082255 0.275991965
vt 0.134490030 0.267066693
vt 0.134665245 0.258355618
vt 0.273942525 0.255584983
vt 0.134490030 0.267066693
vt 0.273942525 0.255584983
vt 0.273794225 0.265541631
vt 0.689777044 0.317796355
vt 0.689532591 0.309483349
vt 0.826726331 0.308259122
vt 0.689777044 0.317796355
vt 0.826726331 0.308259122
vt 0.827059670 0.317461218
vt 0.494669374 0.545841189
vt 0.495105335 0.537713245
vt 0.631626688 0.544393799
vt 0.494669374 0.545841189
vt 0.631626688 0.544393799
vt 0.631115794 0.553281372
vt 0.135100127 0.512067691
vt 0.134870072 0.504003979
vt 0.272092439 0.504859196
vt 0.135100127 0.512067691
vt 0.272092439 0.504859196
vt 0.272319924 0.513693467
vt 0.775390625 0.507873783
vt 0.775664224 0.499556891
vt 0.913863893 0.501083274
vt 0.775390625 0.507873783
vt 0.913863893 0.501083274
vt 0.913630219 0.510372053
vt 0.412251922 0.315574652
vt 0.412044240 0.306840273
vt 0.549675429 0.308296456
vt 0.412251922 0.315574652
vt 0.549675429 0.308296456
vt 0.549840057 0.318272255
vt 0.727965099 0.006255301
vt 0.728558154 0.014757555
vt 0.589466325 0.013861513
vt 0.727965099 0.006255301
vt 0.589466325 0.013861513
vt 0.588819355 0.003906250
vt 0.728558154 0.014757555
vt 0.728762507 0.024104157
vt 0.589689253 0.024811712
vt 0.728558154 0.014757555
vt 0.589689253 0.024811712
vt 0.589466325 0.013861513
vt 0.728762507 0.024104157
vt 0.728558154 0.033380208
vt 0.589466325 0.035684945
vt 0.728762507 0.024104157
vt 0.589466325 0.035684945
vt 0.589689253 0.024811712
vt 0.414001447 0.276122217
vt 0.413786905 0.267066693
vt 0.553091100 0.265541631
vt 0.414001447 0.276122217
vt 0.553091100 0.265541631
vt 0.553379130 0.275991965
vt 0.413786905 0.267066693
vt 0.413962120 0.258355618
vt 0.553239400 0.255584983
vt 0.413786905 0.267066693
vt 0.553239400 0.255584983
vt 0.553091100 0.265541631
vt 0.412027153 0.503060436
vt 0.412028170 0.494665035
vt 0.550617270 0.492774674
vt 0.412027153 0.503060436
vt 0.550617270 0.492774674
vt 0.550665488 0.502110285
vt 0.558871686 0.506009748
vt 0.558593750 0.497942564
vt 0.696445547 0.496332345
vt 0.558871686 0.506009748
vt 0.696445547 0.496332345
vt 0.696719680 0.505170045
vt 0.415476498 0.561942206
vt 0.416347008 0.553614649
vt 0.485281873 0.561444180
vt 0.415476498 0.561942206
vt 0.485281873 0.561444180
vt 0.483815537 0.575631477
vt 0.416347008 0.553614649
vt 0.416320267 0.544274994
vt 0.485197129 0.545478353
vt 0.416347008 0.553614649
vt 0.485197129 0.545478353
vt 0.485281873 0.561444180
vt 0.416320267 0.544274994
vt 0.415398868 0.534837437
vt 0.483569579 0.529296875
vt 0.416320267 0.544274994
vt 0.483569579 0.529296875
vt 0.485197129 0.545478353
vt 0.895126462 0.829128394
vt 0.884887373 0.827915991
vt 0.893031338 0.760475819
vt 0.895126462 0.829128394
vt 0.893031338 0.760475819
vt 0.910763641 0.762536907
vt 0.884887373 0.827915991
vt 0.873891986 0.827498228
vt 0.873978025 0.759765625
vt 0.884887373 0.827915991
vt 0.873978025 0.759765625
vt 0.893031338 0.760475819
vt 0.873891986 0.827498228
vt 0.863216621 0.827915991
vt 0.855468750 0.760475819
vt 0.873891986 0.827498228
vt 0.855468750 0.760475819
vt 0.873978025 0.759765625
vt 0.959478330 0.585938641
vt 0.970009547 0.586403825
vt 0.975135511 0.654657622
vt 0.959478330 0.585938641
vt 0.975135511 0.654657622
vt 0.956948590 0.653814844
vt 0.970009547 0.586403825
vt 0.979907651 0.585937500
vt 0.992187500 0.653906106
vt 0.970009547 0.586403825
vt 0.992187500 0.653906106
vt 0.975135511 0.654657622
vt 0.629633144 0.561898606
vt 0.631115794 0.553281372
vt 0.700286327 0.558495230
vt 0.629633144 0.561898606
vt 0.700286327 0.558495230
vt 0.697716391 0.573173551
vt 0.631115794 0.553281372
vt 0.631626688 0.544393799
vt 0.701171875 0.543376364
vt 0.631115794 0.553281372
vt 0.701171875 0.543376364
vt 0.700286327 0.558495230
vt 0.631626688 0.544393799
vt 0.631115794 0.536105869
vt 0.700286327 0.529296875
vt 0.631626688 0.544393799
vt 0.700286327 0.529296875
vt 0.701171875 0.543376364
vt 0.913630219 0.510372053
vt 0.913863893 0.501083274
vt 0.982418500 0.505032120
vt 0.913630219 0.510372053
vt 0.982418500 0.505032120
vt 0.982052519 0.520927205
vt 0.913863893 0.501083274
vt 0.913332875 0.491325208
vt 0.981467080 0.488281250
vt 0.913863893 0.501083274
vt 0.981467080 0.488281250
vt 0.982418500 0.505032120
vt 0.935559054 0.759765625
vt 0.945798142 0.760978028
vt 0.937654178 0.828418200
vt 0.935559054 0.759765625
vt 0.937654178 0.828418200
vt 0.919921875 0.826357112
vt 0.945798142 0.760978028
vt 0.956793530 0.761395791
vt 0.956707490 0.829128394
vt 0.945798142 0.760978028
vt 0.956707490 0.829128394
vt 0.937654178 0.828418200
vt 0.956793530 0.761395791
vt 0.967468895 0.760978028
vt 0.975216766 0.828418200
vt 0.956793530 0.761395791
vt 0.975216766 0.828418200
vt 0.956707490 0.829128394
vt 0.003907391 0.882318545
vt 0.004372575 0.871787328
vt 0.072626372 0.866661364
vt 0.003907391 0.882318545
vt 0.072626372 0.866661364
vt 0.071783594 0.884848285
vt 0.004372575 0.871787328
vt 0.003906250 0.861889224
vt 0.071874856 0.849609375
vt 0.004372575 0.871787328
vt 0.071874856 0.849609375
vt 0.072626372 0.866661364
vt 0.696125566 0.514217324
vt 0.696719680 0.505170045
vt 0.765825480 0.503323249
vt 0.696125566 0.514217324
vt 0.765825480 0.503323249
vt 0.764774780 0.518755627
vt 0.696719680 0.505170045
vt 0.696445547 0.496332345
vt 0.765373474 0.488281250
vt 0.696719680 0.505170045
vt 0.765373474 0.488281250
vt 0.765825480 0.503323249
vt 0.276929018 0.917139286
vt 0.271277009 0.915624830
vt 0.267139456 0.911487277
vt 0.267139456 0.911487277
vt 0.265625000 0.905835268
vt 0.267139456 0.900183259
vt 0.267139456 0.900183259
vt 0.271277009 0.896045706
vt 0.276929018 0.894531250
vt 0.276929018 0.894531250
vt 0.282581027 0.896045706
vt 0.286718580 0.900183259
vt 0.286718580 0.900183259
vt 0.288233036 0.905835268
vt 0.286718580 0.911487277
vt 0.286718580 0.911487277
vt 0.282581027 0.915624830
vt 0.276929018 0.917139286
vt 0.276929018 0.917139286
vt 0.267139456 0.911487277
vt 0.267139456 0.900183259
vt 0.267139456 0.900183259
vt 0.276929018 0.894531250
vt 0.286718580 0.900183259
vt 0.286718580 0.900183259
vt 0.286718580 0.911487277
vt 0.276929018 0.917139286
vt 0.267139456 0.900183259
vt 0.286718580 0.900183259
vt 0.276929018 0.917139286
vt 0.428613121 0.899476758
vt 0.429938281 0.904422266
vt 0.428613121 0.909367774
vt 0.428613121 0.909367774
vt 0.424992774 0.912988121
vt 0.420047266 0.914313281
vt 0.420047266 0.914313281
vt 0.415101758 0.912988121
vt 0.411481411 0.909367774
vt 0.411481411 0.909367774
vt 0.410156250 0.904422266
vt 0.411481411 0.899476758
vt 0.411481411 0.899476758
vt 0.415101758 0.895856411
vt 0.420047266 0.894531250
vt 0.420047266 0.894531250
vt 0.424992774 0.895856411
vt 0.428613121 0.899476758
vt 0.428613121 0.899476758
vt 0.428613121 0.909367774
vt 0.420047266 0.914313281
vt 0.420047266 0.914313281
vt 0.411481411 0.909367774
vt 0.411481411 0.899476758
vt 0.411481411 0.899476758
vt 0.420047266 0.894531250
vt 0.428613121 0.899476758
vt 0.420047266 0.914313281
vt 0.411481411 0.899476758
vt 0.428613121 0.899476758
vt 0.504706161 0.894531250
vt 0.510557553 0.894531250
vt 0.510191844 0.914829781
vt 0.504706161 0.894531250
vt 0.510191844 0.914829781
vt 0.505071873 0.914829780
vt 0.510557553 0.894531250
vt 0.515625000 0.894747161
vt 0.514625846 0.915018702
vt 0.510557553 0.894531250
vt 0.514625846 0.915018702
vt 0.510191844 0.914829781
vt 0.534741518 0.914820338
vt 0.529089509 0.914925742
vt 0.529089509 0.894623479
vt 0.534741518 0.914820338
vt 0.529089509 0.894623479
vt 0.534035017 0.894531250
vt 0.529089509 0.914925742
vt 0.523437500 0.914820338
vt 0.524144001 0.894531250
vt 0.529089509 0.914925742
vt 0.524144001 0.894531250
vt 0.529089509 0.894623479
vt 0.543383486 0.894636653
vt 0.549035490 0.894531250
vt 0.549035483 0.914833514
vt 0.543383486 0.894636653
vt 0.549035483 0.914833514
vt 0.544089996 0.914925741
vt 0.549035490 0.894531250
vt 0.554687500 0.894636654
vt 0.553980998 0.914925741
vt 0.549035490 0.894531250
vt 0.553980998 0.914925741
vt 0.549035483 0.914833514
vt 0.562914736 0.894636654
vt 0.568566746 0.894531250
vt 0.568566753 0.914833514
vt 0.562914736 0.894636654
vt 0.568566753 0.914833514
vt 0.563621238 0.914925741
vt 0.568566746 0.894531250
vt 0.574218750 0.894636653
vt 0.573512240 0.914925741
vt 0.568566746 0.894531250
vt 0.573512240 0.914925741
vt 0.568566753 0.914833514
vt 0.582031250 0.894636654
vt 0.587683259 0.894531250
vt 0.587683259 0.914833513
vt 0.582031250 0.894636654
vt 0.587683259 0.914833513
vt 0.582737751 0.914925742
vt 0.587683259 0.894531250
vt 0.593335268 0.894636654
vt 0.592628767 0.914925742
vt 0.587683259 0.894531250
vt 0.592628767 0.914925742
vt 0.587683259 0.914833513
vt 0.601570491 0.894531250
vt 0.607421875 0.894531250
vt 0.607056155 0.914830219
vt 0.601570491 0.894531250
vt 0.607056155 0.914830219
vt 0.601936211 0.914830219
vt 0.499638710 0.894747161
vt 0.504706161 0.894531250
vt 0.505071873 0.914829780
vt 0.499638710 0.894747161
vt 0.505071873 0.914829780
vt 0.500637857 0.915018703
vt 0.984523813 0.017094271
vt 0.990234375 0.007203255
vt 0.990234375 0.013797266
vt 0.984523813 0.017094271
vt 0.984523813 0.003906250
vt 0.990234375 0.007203255
vt 0.978813251 0.013797266
vt 0.984523813 0.003906250
vt 0.984523813 0.017094271
vt 0.978813251 0.013797266
vt 0.978813251 0.007203255
vt 0.984523813 0.003906250
vt 0.017094271 0.974460601
vt 0.007203255 0.968750000
vt 0.013797266 0.968750000
vt 0.017094271 0.974460601
vt 0.003906250 0.974460601
vt 0.007203255 0.968750000
vt 0.013797266 0.980171156
vt 0.003906250 0.974460601
vt 0.017094271 0.974460601
vt 0.013797266 0.980171156
vt 0.007203255 0.980171156
vt 0.003906250 0.974460601
vt 0.145163899 0.894531250
vt 0.144246248 0.905268088
vt 0.137718532 0.904448672
vt 0.145163899 0.894531250
vt 0.137718532 0.904448672
vt 0.138577824 0.894566678
vt 0.543703385 0.849609375
vt 0.543703385 0.860511698
vt 0.537109375 0.860511698
vt 0.543703385 0.849609375
vt 0.537109375 0.860511698
vt 0.537109375 0.849609375
vt 0.171914404 0.894566723
vt 0.172773717 0.904448666
vt 0.166246017 0.905268033
vt 0.171914404 0.894566723
vt 0.166246017 0.905268033
vt 0.165328344 0.894531250
vt 0.093797168 0.894566683
vt 0.094598015 0.903593447
vt 0.088070261 0.904412822
vt 0.093797168 0.894566683
vt 0.088070261 0.904412822
vt 0.087211016 0.894531250
vt 0.984375000 0.577154659
vt 0.984375000 0.568029154
vt 0.990969010 0.568029154
vt 0.984375000 0.577154659
vt 0.990969010 0.568029154
vt 0.990969010 0.577154659
vt 0.117016738 0.894531250
vt 0.116157510 0.904412853
vt 0.109629742 0.903593440
vt 0.117016738 0.894531250
vt 0.109629742 0.903593440
vt 0.110430573 0.894566647
vt 0.144246248 0.905268088
vt 0.142498168 0.914501214
vt 0.135999988 0.913489973
vt 0.144246248 0.905268088
vt 0.135999988 0.913489973
vt 0.137718532 0.904448672
vt 0.543703385 0.860511698
vt 0.543703385 0.870055097
vt 0.537109375 0.870055097
vt 0.543703385 0.860511698
vt 0.537109375 0.870055097
vt 0.537109375 0.860511698
vt 0.172773717 0.904448666
vt 0.174492301 0.913489908
vt 0.167994137 0.914501099
vt 0.172773717 0.904448666
vt 0.167994137 0.914501099
vt 0.166246017 0.905268033
vt 0.094598015 0.903593447
vt 0.096286887 0.912442409
vt 0.089788709 0.913453596
vt 0.094598015 0.903593447
vt 0.089788709 0.913453596
vt 0.088070261 0.904412822
vt 0.984375000 0.568029154
vt 0.984375000 0.559034103
vt 0.990969010 0.559034103
vt 0.984375000 0.568029154
vt 0.990969010 0.559034103
vt 0.990969010 0.568029154
vt 0.116157510 0.904412853
vt 0.114439097 0.913453663
vt 0.107940904 0.912442436
vt 0.116157510 0.904412853
vt 0.107940904 0.912442436
vt 0.109629742 0.903593440
vt 0.142498168 0.914501214
vt 0.141289729 0.922309111
vt 0.134711069 0.922037752
vt 0.142498168 0.914501214
vt 0.134711069 0.922037752
vt 0.135999988 0.913489973
vt 0.543703385 0.870055097
vt 0.543703385 0.878078116
vt 0.537109375 0.878078116
vt 0.543703385 0.870055097
vt 0.537109375 0.878078116
vt 0.537109375 0.870055097
vt 0.174492301 0.913489908
vt 0.175781250 0.922037636
vt 0.169202605 0.922308949
vt 0.174492301 0.913489908
vt 0.169202605 0.922308949
vt 0.167994137 0.914501099
vt 0.096286887 0.912442409
vt 0.097656250 0.921729540
vt 0.091077555 0.922000928
vt 0.096286887 0.912442409
vt 0.091077555 0.922000928
vt 0.089788709 0.913453596
vt 0.984375000 0.559034103
vt 0.984375000 0.549615637
vt 0.990969010 0.549615637
vt 0.984375000 0.559034103
vt 0.990969010 0.549615637
vt 0.990969010 0.559034103
vt 0.114439097 0.913453663
vt 0.113150277 0.922001026
vt 0.106571569 0.921729601
vt 0.114439097 0.913453663
vt 0.106571569 0.921729601
vt 0.107940904 0.912442436
vt 0.141289729 0.922309111
vt 0.141577752 0.929030444
vt 0.135140737 0.930439235
vt 0.141289729 0.922309111
vt 0.135140737 0.930439235
vt 0.134711069 0.922037752
vt 0.543703385 0.878078116
vt 0.543703385 0.884751974
vt 0.537109375 0.884751974
vt 0.543703385 0.878078116
vt 0.537109375 0.884751974
vt 0.537109375 0.878078116
vt 0.175781250 0.922037636
vt 0.175351573 0.930439091
vt 0.168914576 0.929030259
vt 0.175781250 0.922037636
vt 0.168914576 0.929030259
vt 0.169202605 0.922308949
vt 0.097656250 0.921729540
vt 0.097085012 0.931811051
vt 0.090647912 0.930402226
vt 0.097656250 0.921729540
vt 0.090647912 0.930402226
vt 0.091077555 0.922000928
vt 0.984375000 0.549615637
vt 0.984375000 0.539503784
vt 0.990969010 0.539503784
vt 0.984375000 0.549615637
vt 0.990969010 0.539503784
vt 0.990969010 0.549615637
vt 0.113150277 0.922001026
vt 0.113579912 0.930402342
vt 0.107142795 0.931811133
vt 0.113150277 0.922001026
vt 0.107142795 0.931811133
vt 0.106571569 0.921729601
vt 0.141577752 0.929030444
vt 0.144344071 0.935867958
vt 0.138577824 0.939041684
vt 0.141577752 0.929030444
vt 0.138577824 0.939041684
vt 0.135140737 0.930439235
vt 0.039062500 0.975344010
vt 0.031736016 0.975344010
vt 0.031736016 0.968750000
vt 0.039062500 0.975344010
vt 0.031736016 0.968750000
vt 0.039062500 0.968750000
vt 0.175351573 0.930439091
vt 0.171914404 0.939041553
vt 0.166148192 0.935867784
vt 0.175351573 0.930439091
vt 0.166148192 0.935867784
vt 0.168914576 0.929030259
vt 0.097085012 0.931811051
vt 0.092977343 0.942178748
vt 0.087211016 0.939004938
vt 0.097085012 0.931811051
vt 0.087211016 0.939004938
vt 0.090647912 0.930402226
vt 0.984375000 0.539503784
vt 0.984375000 0.529296875
vt 0.990969010 0.529296875
vt 0.984375000 0.539503784
vt 0.990969010 0.529296875
vt 0.990969010 0.539503784
vt 0.113579912 0.930402342
vt 0.117016738 0.939005050
vt 0.111250381 0.942178826
vt 0.113579912 0.930402342
vt 0.111250381 0.942178826
vt 0.107142795 0.931811133
vt 0.144344071 0.935867958
vt 0.147150566 0.939544347
vt 0.142270928 0.943919947
vt 0.144344071 0.935867958
vt 0.142270928 0.943919947
vt 0.138577824 0.939041684
vt 0.031736016 0.975344010
vt 0.027045671 0.975344010
vt 0.027045671 0.968750000
vt 0.031736016 0.975344010
vt 0.027045671 0.968750000
vt 0.031736016 0.968750000
vt 0.171914404 0.939041553
vt 0.168221214 0.943919846
vt 0.163341630 0.939544196
vt 0.171914404 0.939041553
vt 0.163341630 0.939544196
vt 0.166148192 0.935867784
vt 0.092977343 0.942178748
vt 0.088397888 0.948259348
vt 0.083518119 0.943883613
vt 0.092977343 0.942178748
vt 0.083518119 0.943883613
vt 0.087211016 0.939004938
vt 0.394531250 0.916364161
vt 0.394531250 0.908808377
vt 0.401125260 0.908808377
vt 0.394531250 0.916364161
vt 0.401125260 0.908808377
vt 0.401125260 0.916364161
vt 0.117016738 0.939005050
vt 0.120709560 0.943883710
vt 0.115829744 0.948259407
vt 0.117016738 0.939005050
vt 0.115829744 0.948259407
vt 0.111250381 0.942178826
vt 0.147150566 0.939544347
vt 0.150390625 0.942240974
vt 0.146561694 0.947479996
vt 0.147150566 0.939544347
vt 0.146561694 0.947479996
vt 0.142270928 0.943919947
vt 0.268312760 0.968750000
vt 0.268312760 0.973146534
vt 0.261718750 0.973146534
vt 0.268312760 0.968750000
vt 0.261718750 0.973146534
vt 0.261718750 0.968750000
vt 0.168221214 0.943919846
vt 0.163930346 0.947479939
vt 0.160101495 0.942240856
vt 0.168221214 0.943919846
vt 0.160101495 0.942240856
vt 0.163341630 0.939544196
vt 0.088397888 0.948259348
vt 0.083056712 0.952683446
vt 0.079227592 0.947444203
vt 0.088397888 0.948259348
vt 0.079227592 0.947444203
vt 0.083518119 0.943883613
vt 0.394531250 0.908808377
vt 0.394531250 0.901510282
vt 0.401125260 0.901510282
vt 0.394531250 0.908808377
vt 0.401125260 0.901510282
vt 0.401125260 0.908808377
vt 0.120709560 0.943883710
vt 0.125000000 0.947444276
vt 0.121170812 0.952683477
vt 0.120709560 0.943883710
vt 0.121170812 0.952683477
vt 0.115829744 0.948259407
vt 0.360995903 0.914943860
vt 0.362243517 0.910980441
vt 0.368724178 0.912182741
vt 0.360995903 0.914943860
vt 0.368724178 0.912182741
vt 0.367037323 0.917544114
vt 0.268312760 0.973146534
vt 0.268312760 0.977339875
vt 0.261718750 0.977339875
vt 0.268312760 0.973146534
vt 0.261718750 0.977339875
vt 0.261718750 0.973146534
vt 0.379907174 0.917544099
vt 0.378220138 0.912182648
vt 0.384700767 0.910980365
vt 0.379907174 0.917544099
vt 0.384700767 0.910980365
vt 0.385948515 0.914943842
vt 0.826704442 0.878698073
vt 0.824577688 0.871940100
vt 0.831058216 0.870738034
vt 0.826704442 0.878698073
vt 0.831058216 0.870738034
vt 0.832745593 0.876098370
vt 0.394531250 0.901510282
vt 0.394531250 0.894531250
vt 0.401125260 0.894531250
vt 0.394531250 0.901510282
vt 0.401125260 0.894531250
vt 0.401125260 0.901510282
vt 0.844822894 0.876098384
vt 0.846510172 0.870738093
vt 0.852990717 0.871940169
vt 0.844822894 0.876098384
vt 0.852990717 0.871940169
vt 0.850864088 0.878698086
vt 0.362243517 0.910980441
vt 0.362551677 0.906592153
vt 0.369140625 0.906353220
vt 0.362243517 0.910980441
vt 0.369140625 0.906353220
vt 0.368724178 0.912182741
vt 0.283937760 0.968750000
vt 0.283937760 0.973126101
vt 0.277343750 0.973126101
vt 0.283937760 0.968750000
vt 0.277343750 0.973126101
vt 0.277343750 0.968750000
vt 0.378220138 0.912182648
vt 0.377803646 0.906353101
vt 0.384392574 0.906592057
vt 0.378220138 0.912182648
vt 0.384392574 0.906592057
vt 0.384700767 0.910980365
vt 0.824577688 0.871940100
vt 0.824052749 0.864669760
vt 0.830641639 0.864908879
vt 0.824577688 0.871940100
vt 0.830641639 0.864908879
vt 0.831058216 0.870738034
vt 0.978515625 0.306016584
vt 0.978515625 0.298768602
vt 0.985109635 0.298768602
vt 0.978515625 0.306016584
vt 0.985109635 0.298768602
vt 0.985109635 0.306016584
vt 0.846510172 0.870738093
vt 0.846926724 0.864908953
vt 0.853515625 0.864669847
vt 0.846510172 0.870738093
vt 0.853515625 0.864669847
vt 0.852990717 0.871940169
vt 0.362551677 0.906592153
vt 0.361896190 0.901934009
vt 0.368245564 0.900165231
vt 0.362551677 0.906592153
vt 0.368245564 0.900165231
vt 0.369140625 0.906353220
vt 0.283937760 0.973126101
vt 0.283937760 0.977803055
vt 0.277343750 0.977803055
vt 0.283937760 0.973126101
vt 0.277343750 0.977803055
vt 0.277343750 0.973126101
vt 0.377803646 0.906353101
vt 0.378698803 0.900165139
vt 0.385048132 0.901933933
vt 0.377803646 0.906353101
vt 0.385048132 0.901933933
vt 0.384392574 0.906592057
vt 0.824052749 0.864669760
vt 0.825187654 0.856951456
vt 0.831536978 0.858720559
vt 0.824052749 0.864669760
vt 0.831536978 0.858720559
vt 0.830641639 0.864908879
vt 0.978515625 0.298768602
vt 0.978515625 0.291015625
vt 0.985109635 0.291015625
vt 0.978515625 0.298768602
vt 0.985109635 0.291015625
vt 0.985109635 0.298768602
vt 0.846926724 0.864908953
vt 0.846031437 0.858720618
vt 0.852380787 0.856951524
vt 0.846926724 0.864908953
vt 0.852380787 0.856951524
vt 0.853515625 0.864669847
vt 0.361896190 0.901934009
vt 0.360225751 0.898006618
vt 0.365798925 0.894531250
vt 0.361896190 0.901934009
vt 0.365798925 0.894531250
vt 0.368245564 0.900165231
vt 0.299562760 0.968750000
vt 0.299562760 0.973012807
vt 0.292968750 0.973012807
vt 0.299562760 0.968750000
vt 0.292968750 0.973012807
vt 0.292968750 0.968750000
vt 0.378698803 0.900165139
vt 0.381145705 0.894531250
vt 0.386718750 0.898006605
vt 0.378698803 0.900165139
vt 0.386718750 0.898006605
vt 0.385048132 0.901933933
vt 0.825187654 0.856951456
vt 0.828411574 0.849609375
vt 0.833984375 0.853085398
vt 0.825187654 0.856951456
vt 0.833984375 0.853085398
vt 0.831536978 0.858720559
vt 0.962890625 0.019223166
vt 0.962890625 0.011177568
vt 0.969484635 0.011177568
vt 0.962890625 0.019223166
vt 0.969484635 0.011177568
vt 0.969484635 0.019223166
vt 0.846031437 0.858720618
vt 0.843584185 0.853085405
vt 0.849157057 0.849609375
vt 0.846031437 0.858720618
vt 0.849157057 0.849609375
vt 0.852380787 0.856951524
vt 0.979635688 0.870093828
vt 0.981989376 0.866890783
vt 0.987610189 0.870338628
vt 0.979635688 0.870093828
vt 0.987610189 0.870338628
vt 0.984189384 0.874859773
vt 0.299562760 0.973012807
vt 0.299562760 0.976919310
vt 0.292968750 0.976919310
vt 0.299562760 0.973012807
vt 0.292968750 0.976919310
vt 0.292968750 0.973012807
vt 0.253258377 0.919782160
vt 0.249838062 0.915260660
vt 0.255459148 0.911813260
vt 0.253258377 0.919782160
vt 0.255459148 0.911813260
vt 0.257812500 0.915016544
vt 0.874353865 0.875915242
vt 0.869863978 0.870076097
vt 0.875483947 0.866626876
vt 0.874353865 0.875915242
vt 0.875483947 0.866626876
vt 0.878906250 0.871147914
vt 0.962890625 0.011177568
vt 0.962890625 0.003906250
vt 0.969484635 0.003906250
vt 0.962890625 0.011177568
vt 0.969484635 0.003906250
vt 0.969484635 0.011177568
vt 0.886935330 0.871147334
vt 0.890357935 0.866626515
vt 0.895977733 0.870076012
vt 0.886935330 0.871147334
vt 0.895977733 0.870076012
vt 0.891487450 0.875914867
vt 0.981989376 0.866890783
vt 0.984225945 0.862227683
vt 0.990205951 0.865006242
vt 0.981989376 0.866890783
vt 0.990205951 0.865006242
vt 0.987610189 0.870338628
vt 0.684328385 0.894531250
vt 0.684328385 0.899705346
vt 0.677734375 0.899705346
vt 0.684328385 0.894531250
vt 0.677734375 0.899705346
vt 0.677734375 0.894531250
vt 0.249838062 0.915260660
vt 0.247242671 0.909928101
vt 0.253222899 0.907150014
vt 0.249838062 0.915260660
vt 0.253222899 0.907150014
vt 0.255459148 0.911813260
vt 0.869863978 0.870076097
vt 0.866907729 0.864075449
vt 0.872887048 0.861295417
vt 0.869863978 0.870076097
vt 0.872887048 0.861295417
vt 0.875483947 0.866626876
vt 0.693359375 0.913246126
vt 0.693359375 0.906553922
vt 0.699953385 0.906553922
vt 0.693359375 0.913246126
vt 0.699953385 0.906553922
vt 0.699953385 0.913246126
vt 0.890357935 0.866626515
vt 0.892955063 0.861295162
vt 0.898934243 0.864075487
vt 0.890357935 0.866626515
vt 0.898934243 0.864075487
vt 0.895977733 0.870076012
vt 0.984225945 0.862227683
vt 0.986875883 0.856257876
vt 0.992769521 0.859215215
vt 0.984225945 0.862227683
vt 0.992769521 0.859215215
vt 0.990205951 0.865006242
vt 0.684328385 0.899705346
vt 0.684328385 0.906237457
vt 0.677734375 0.906237457
vt 0.684328385 0.899705346
vt 0.677734375 0.906237457
vt 0.677734375 0.899705346
vt 0.247242671 0.909928101
vt 0.244679467 0.904136929
vt 0.250573341 0.901180057
vt 0.247242671 0.909928101
vt 0.250573341 0.901180057
vt 0.253222899 0.907150014
vt 0.866907729 0.864075449
vt 0.864429441 0.858464362
vt 0.870322355 0.855505537
vt 0.866907729 0.864075449
vt 0.870322355 0.855505537
vt 0.872887048 0.861295417
vt 0.693359375 0.906553922
vt 0.693359375 0.900419558
vt 0.699953385 0.900419558
vt 0.693359375 0.906553922
vt 0.699953385 0.900419558
vt 0.699953385 0.906553922
vt 0.892955063 0.861295162
vt 0.895519982 0.855505371
vt 0.901412750 0.858464486
vt 0.892955063 0.861295162
vt 0.901412750 0.858464486
vt 0.898934243 0.864075487
vt 0.986875883 0.856257876
vt 0.990641733 0.849609375
vt 0.996093750 0.853318281
vt 0.986875883 0.856257876
vt 0.996093750 0.853318281
vt 0.992769521 0.859215215
vt 0.684328385 0.906237457
vt 0.684328385 0.913863004
vt 0.677734375 0.913863004
vt 0.684328385 0.906237457
vt 0.677734375 0.913863004
vt 0.677734375 0.906237457
vt 0.244679467 0.904136929
vt 0.241355714 0.898239727
vt 0.246808029 0.894531250
vt 0.244679467 0.904136929
vt 0.246808029 0.894531250
vt 0.250573341 0.901180057
vt 0.864429441 0.858464362
vt 0.861545570 0.853319634
vt 0.866996670 0.849609375
vt 0.864429441 0.858464362
vt 0.866996670 0.849609375
vt 0.870322355 0.855505537
vt 0.693359375 0.900419558
vt 0.693359375 0.894531250
vt 0.699953385 0.894531250
vt 0.693359375 0.900419558
vt 0.699953385 0.894531250
vt 0.699953385 0.900419558
vt 0.895519982 0.855505371
vt 0.898845961 0.849609375
vt 0.904296875 0.853319900
vt 0.895519982 0.855505371
vt 0.904296875 0.853319900
vt 0.901412750 0.858464486
vt 0.460177158 0.904386093
vt 0.458198201 0.910476745
vt 0.453017193 0.914240936
vt 0.453017193 0.914240936
vt 0.446613090 0.914240936
vt 0.441432082 0.910476745
vt 0.441432082 0.910476745
vt 0.439453125 0.904386093
vt 0.441432082 0.898295441
vt 0.441432082 0.898295441
vt 0.446613090 0.894531250
vt 0.453017193 0.894531250
vt 0.453017193 0.894531250
vt 0.458198201 0.898295441
vt 0.460177158 0.904386093
vt 0.460177158 0.904386093
vt 0.453017193 0.914240936
vt 0.441432082 0.910476745
vt 0.441432082 0.910476745
vt 0.441432082 0.898295441
vt 0.453017193 0.894531250
vt 0.441432082 0.910476745
vt 0.453017193 0.894531250
vt 0.460177158 0.904386093
vt 0.317324157 0.898637623
vt 0.319483036 0.905281983
vt 0.317324157 0.911926344
vt 0.317324157 0.911926344
vt 0.311672148 0.916032717
vt 0.304685888 0.916032717
vt 0.304685888 0.916032717
vt 0.299033879 0.911926344
vt 0.296875000 0.905281983
vt 0.296875000 0.905281983
vt 0.299033879 0.898637623
vt 0.304685888 0.894531250
vt 0.304685888 0.894531250
vt 0.311672148 0.894531250
vt 0.317324157 0.898637623
vt 0.317324157 0.898637623
vt 0.317324157 0.911926344
vt 0.304685888 0.916032717
vt 0.304685888 0.916032717
vt 0.296875000 0.905281983
vt 0.304685888 0.894531250
vt 0.304685888 0.916032717
vt 0.304685888 0.894531250
vt 0.317324157 0.898637623
vt 0.710392790 0.894531251
vt 0.716796875 0.894531250
vt 0.716214663 0.911581688
vt 0.710392790 0.894531251
vt 0.716214663 0.911581688
vt 0.710974978 0.911581687
vt 0.726017815 0.894531250
vt 0.732421875 0.894531252
vt 0.731839708 0.911581688
vt 0.726017815 0.894531250
vt 0.731839708 0.911581688
vt 0.726600003 0.911581689
vt 0.746638478 0.911581685
vt 0.740234375 0.911581685
vt 0.740816579 0.894531250
vt 0.746638478 0.911581685
vt 0.740816579 0.894531250
vt 0.746056274 0.894531250
vt 0.757267815 0.894531252
vt 0.763671875 0.894531250
vt 0.763089688 0.911581689
vt 0.757267815 0.894531252
vt 0.763089688 0.911581689
vt 0.757849982 0.911581688
vt 0.772892790 0.894531250
vt 0.779296875 0.894531251
vt 0.778714687 0.911581687
vt 0.772892790 0.894531250
vt 0.778714687 0.911581687
vt 0.773475001 0.911581688
vt 0.788517790 0.894531251
vt 0.794921875 0.894531250
vt 0.794339663 0.911581688
vt 0.788517790 0.894531251
vt 0.794339663 0.911581688
vt 0.789099978 0.911581687
vt 0.804142815 0.894531250
vt 0.810546875 0.894531252
vt 0.809964708 0.911581688
vt 0.804142815 0.894531250
vt 0.809964708 0.911581688
vt 0.804725003 0.911581689
vt 0.818359375 0.894531250
vt 0.824763478 0.894531250
vt 0.824181274 0.911581685
vt 0.818359375 0.894531250
vt 0.824181274 0.911581685
vt 0.818941579 0.911581685
vt 0.835392815 0.894531252
vt 0.841796875 0.894531250
vt 0.841214688 0.911581689
vt 0.835392815 0.894531252
vt 0.841214688 0.911581689
vt 0.835974982 0.911581688
vt 0.851017790 0.894531250
vt 0.857421875 0.894531251
vt 0.856839687 0.911581687
vt 0.851017790 0.894531250
vt 0.856839687 0.911581687
vt 0.851600001 0.911581688
vt 0.648525461 0.900516063
vt 0.649580812 0.905648367
vt 0.645232980 0.907433999
vt 0.648525461 0.900516063
vt 0.645232980 0.907433999
vt 0.643825846 0.900590881
vt 0.649580812 0.905648367
vt 0.652343750 0.909407937
vt 0.648916897 0.912446697
vt 0.649580812 0.905648367
vt 0.648916897 0.912446697
vt 0.645232980 0.907433999
vt 0.059127010 0.973372965
vt 0.054049948 0.973372965
vt 0.053148689 0.968750000
vt 0.059127010 0.973372965
vt 0.053148689 0.968750000
vt 0.059918105 0.968750000
vt 0.054049948 0.973372965
vt 0.049344672 0.975280052
vt 0.046875000 0.971292745
vt 0.054049948 0.973372965
vt 0.046875000 0.971292745
vt 0.053148689 0.968750000
vt 0.144440095 0.974431505
vt 0.139456860 0.973460007
vt 0.139456860 0.968750000
vt 0.144440095 0.974431505
vt 0.139456860 0.968750000
vt 0.146101221 0.970045329
vt 0.139456860 0.973460007
vt 0.134473625 0.974431505
vt 0.132812500 0.970045329
vt 0.139456860 0.973460007
vt 0.132812500 0.970045329
vt 0.139456860 0.968750000
vt 0.070829047 0.968750000
vt 0.075534323 0.970657086
vt 0.074633065 0.975280051
vt 0.070829047 0.968750000
vt 0.074633065 0.975280051
vt 0.068359375 0.972737308
vt 0.075534323 0.970657086
vt 0.080611385 0.970657086
vt 0.081402480 0.975280051
vt 0.075534323 0.970657086
vt 0.081402480 0.975280051
vt 0.074633065 0.975280051
vt 0.308593750 0.970786806
vt 0.313421372 0.968750000
vt 0.316025110 0.972674902
vt 0.308593750 0.970786806
vt 0.316025110 0.972674902
vt 0.309588303 0.975390602
vt 0.649580812 0.895971374
vt 0.648525461 0.900516063
vt 0.643825846 0.900590881
vt 0.649580812 0.895971374
vt 0.643825846 0.900590881
vt 0.645232980 0.894531250
vt 0.331754762 0.972013203
vt 0.326102753 0.968750000
vt 0.329870759 0.968750000
vt 0.331754762 0.972013203
vt 0.324218750 0.972013203
vt 0.326102753 0.968750000
vt 0.329870759 0.975276407
vt 0.324218750 0.972013203
vt 0.331754762 0.972013203
vt 0.329870759 0.975276407
vt 0.326102753 0.975276407
vt 0.324218750 0.972013203
vt 0.339843750 0.972013203
vt 0.345495759 0.975276407
vt 0.341727753 0.975276407
vt 0.339843750 0.972013203
vt 0.347379762 0.972013203
vt 0.345495759 0.975276407
vt 0.341727753 0.968750000
vt 0.347379762 0.972013203
vt 0.339843750 0.972013203
vt 0.341727753 0.968750000
vt 0.345495759 0.968750000
vt 0.347379762 0.972013203
vt 0.557620725 0.849609375
vt 0.558314971 0.852990548
vt 0.554637042 0.853805096
vt 0.557620725 0.849609375
vt 0.554637042 0.853805096
vt 0.553908058 0.850249324
vt 0.615234375 0.883859325
vt 0.615234375 0.880478152
vt 0.619002381 0.880478152
vt 0.615234375 0.883859325
vt 0.619002381 0.880478152
vt 0.619002381 0.883859325
vt 0.576171875 0.850249324
vt 0.575442891 0.853805097
vt 0.571764963 0.852990548
vt 0.576171875 0.850249324
vt 0.571764963 0.852990548
vt 0.572459208 0.849609375
vt 0.755859375 0.850249324
vt 0.755095601 0.853979650
vt 0.751417716 0.853165148
vt 0.755859375 0.850249324
vt 0.751417716 0.853165148
vt 0.752146709 0.849609375
vt 0.994002381 0.488281250
vt 0.994002381 0.492011576
vt 0.990234375 0.492011576
vt 0.994002381 0.488281250
vt 0.990234375 0.492011576
vt 0.990234375 0.488281250
vt 0.768613353 0.849609375
vt 0.769342347 0.853165148
vt 0.765664461 0.853979649
vt 0.768613353 0.849609375
vt 0.765664461 0.853979649
vt 0.764900688 0.850249324
vt 0.558314971 0.852990548
vt 0.559071352 0.856086906
vt 0.555402857 0.856942102
vt 0.558314971 0.852990548
vt 0.555402857 0.856942102
vt 0.554637042 0.853805096
vt 0.615234375 0.880478152
vt 0.615234375 0.877381793
vt 0.619002381 0.877381793
vt 0.615234375 0.880478152
vt 0.619002381 0.877381793
vt 0.619002381 0.880478152
vt 0.575442891 0.853805097
vt 0.574677076 0.856942104
vt 0.571008581 0.856086907
vt 0.575442891 0.853805097
vt 0.571008581 0.856086907
vt 0.571764963 0.852990548
vt 0.755095601 0.853979650
vt 0.754320384 0.857157398
vt 0.750651891 0.856302155
vt 0.755095601 0.853979650
vt 0.750651891 0.856302155
vt 0.751417716 0.853165148
vt 0.994002381 0.492011576
vt 0.994002381 0.495189323
vt 0.990234375 0.495189323
vt 0.994002381 0.492011576
vt 0.990234375 0.495189323
vt 0.990234375 0.492011576
vt 0.769342347 0.853165148
vt 0.770108171 0.856302154
vt 0.766439678 0.857157397
vt 0.769342347 0.853165148
vt 0.766439678 0.857157397
vt 0.765664461 0.853979649
vt 0.559071352 0.856086906
vt 0.559792093 0.859245249
vt 0.556091279 0.859949772
vt 0.559071352 0.856086906
vt 0.556091279 0.859949772
vt 0.555402857 0.856942102
vt 0.615234375 0.877381793
vt 0.615234375 0.874223450
vt 0.619002381 0.874223450
vt 0.615234375 0.877381793
vt 0.619002381 0.874223450
vt 0.619002381 0.877381793
vt 0.574677076 0.856942104
vt 0.573988654 0.859949773
vt 0.570287840 0.859245250
vt 0.574677076 0.856942104
vt 0.570287840 0.859245250
vt 0.571008581 0.856086907
vt 0.754320384 0.857157398
vt 0.753664315 0.860014347
vt 0.749963461 0.859309825
vt 0.754320384 0.857157398
vt 0.749963461 0.859309825
vt 0.750651891 0.856302155
vt 0.994002381 0.495189323
vt 0.994002381 0.498046272
vt 0.990234375 0.498046272
vt 0.994002381 0.495189323
vt 0.990234375 0.498046272
vt 0.990234375 0.495189323
vt 0.770108171 0.856302154
vt 0.770796601 0.859309823
vt 0.767095748 0.860014346
vt 0.770108171 0.856302154
vt 0.767095748 0.860014346
vt 0.766439678 0.857157397
vt 0.559792093 0.859245249
vt 0.560335693 0.862728770
vt 0.556588082 0.863117393
vt 0.559792093 0.859245249
vt 0.556588082 0.863117393
vt 0.556091279 0.859949772
vt 0.615234375 0.874223450
vt 0.615234375 0.870739929
vt 0.619002381 0.870739929
vt 0.615234375 0.874223450
vt 0.619002381 0.870739929
vt 0.619002381 0.874223450
vt 0.573988654 0.859949773
vt 0.573491851 0.863117395
vt 0.569744240 0.862728772
vt 0.573988654 0.859949773
vt 0.569744240 0.862728772
vt 0.570287840 0.859245250
vt 0.753664315 0.860014347
vt 0.753214303 0.862866116
vt 0.749466652 0.862477446
vt 0.753664315 0.860014347
vt 0.749466652 0.862477446
vt 0.749963461 0.859309825
vt 0.994002381 0.498046272
vt 0.994002381 0.500898041
vt 0.990234375 0.500898041
vt 0.994002381 0.498046272
vt 0.990234375 0.500898041
vt 0.990234375 0.498046272
vt 0.770796601 0.859309823
vt 0.771293411 0.862477444
vt 0.767545760 0.862866114
vt 0.770796601 0.859309823
vt 0.767545760 0.862866114
vt 0.767095748 0.860014346
vt 0.560335693 0.862728770
vt 0.560546875 0.866734349
vt 0.556779044 0.866734349
vt 0.560335693 0.862728770
vt 0.556779044 0.866734349
vt 0.556588082 0.863117393
vt 0.615234375 0.870739929
vt 0.615234375 0.866734350
vt 0.619002381 0.866734350
vt 0.615234375 0.870739929
vt 0.619002381 0.866734350
vt 0.619002381 0.870739929
vt 0.573491851 0.863117395
vt 0.573300889 0.866734351
vt 0.569533058 0.866734351
vt 0.573491851 0.863117395
vt 0.569533058 0.866734351
vt 0.569744240 0.862728772
vt 0.753214303 0.862866116
vt 0.753043518 0.866094402
vt 0.749275688 0.866094402
vt 0.753214303 0.862866116
vt 0.749275688 0.866094402
vt 0.749466652 0.862477446
vt 0.994002381 0.500898041
vt 0.994002381 0.504126327
vt 0.990234375 0.504126327
vt 0.994002381 0.500898041
vt 0.990234375 0.504126327
vt 0.990234375 0.500898041
vt 0.771293411 0.862477444
vt 0.771484375 0.866094400
vt 0.767716545 0.866094400
vt 0.771293411 0.862477444
vt 0.767716545 0.866094400
vt 0.767545760 0.862866114
vt 0.560546875 0.866734349
vt 0.560335693 0.870739928
vt 0.556588082 0.870351305
vt 0.560546875 0.866734349
vt 0.556588082 0.870351305
vt 0.556779044 0.866734349
vt 0.615234375 0.866734350
vt 0.615234375 0.862728771
vt 0.619002381 0.862728771
vt 0.615234375 0.866734350
vt 0.619002381 0.862728771
vt 0.619002381 0.866734350
vt 0.573300889 0.866734351
vt 0.573491851 0.870351307
vt 0.569744240 0.870739930
vt 0.573300889 0.866734351
vt 0.569744240 0.870739930
vt 0.569533058 0.866734351
vt 0.753043518 0.866094402
vt 0.753214303 0.869322735
vt 0.749466652 0.869711358
vt 0.753043518 0.866094402
vt 0.749466652 0.869711358
vt 0.749275688 0.866094402
vt 0.994002381 0.504126327
vt 0.994002381 0.507354660
vt 0.990234375 0.507354660
vt 0.994002381 0.504126327
vt 0.990234375 0.507354660
vt 0.990234375 0.504126327
vt 0.771484375 0.866094400
vt 0.771293411 0.869711356
vt 0.767545760 0.869322733
vt 0.771484375 0.866094400
vt 0.767545760 0.869322733
vt 0.767716545 0.866094400
vt 0.560335693 0.870739928
vt 0.559792093 0.874223449
vt 0.556091279 0.873518926
vt 0.560335693 0.870739928
vt 0.556091279 0.873518926
vt 0.556588082 0.870351305
vt 0.615234375 0.862728771
vt 0.615234375 0.859245250
vt 0.619002381 0.859245250
vt 0.615234375 0.862728771
vt 0.619002381 0.859245250
vt 0.619002381 0.862728771
vt 0.573491851 0.870351307
vt 0.573988654 0.873518928
vt 0.570287840 0.874223451
vt 0.573491851 0.870351307
vt 0.570287840 0.874223451
vt 0.569744240 0.870739930
vt 0.753214303 0.869322735
vt 0.753664315 0.872174456
vt 0.749963461 0.872878979
vt 0.753214303 0.869322735
vt 0.749963461 0.872878979
vt 0.749466652 0.869711358
vt 0.994002381 0.507354660
vt 0.994002381 0.510206381
vt 0.990234375 0.510206381
vt 0.994002381 0.507354660
vt 0.990234375 0.510206381
vt 0.990234375 0.507354660
vt 0.771293411 0.869711356
vt 0.770796601 0.872878978
vt 0.767095748 0.872174455
vt 0.771293411 0.869711356
vt 0.767095748 0.872174455
vt 0.767545760 0.869322733
vt 0.559792093 0.874223449
vt 0.559071352 0.877381792
vt 0.555402857 0.876526596
vt 0.559792093 0.874223449
vt 0.555402857 0.876526596
vt 0.556091279 0.873518926
vt 0.615234375 0.859245250
vt 0.615234375 0.856086907
vt 0.619002381 0.856086907
vt 0.615234375 0.859245250
vt 0.619002381 0.856086907
vt 0.619002381 0.859245250
vt 0.573988654 0.873518928
vt 0.574677076 0.876526597
vt 0.571008581 0.877381793
vt 0.573988654 0.873518928
vt 0.571008581 0.877381793
vt 0.570287840 0.874223451
vt 0.753664315 0.872174456
vt 0.754320384 0.875031405
vt 0.750651891 0.875886648
vt 0.753664315 0.872174456
vt 0.750651891 0.875886648
vt 0.749963461 0.872878979
vt 0.994002381 0.510206381
vt 0.994002381 0.513063331
vt 0.990234375 0.513063331
vt 0.994002381 0.510206381
vt 0.990234375 0.513063331
vt 0.990234375 0.510206381
vt 0.770796601 0.872878978
vt 0.770108171 0.875886647
vt 0.766439678 0.875031404
vt 0.770796601 0.872878978
vt 0.766439678 0.875031404
vt 0.767095748 0.872174455
vt 0.559071352 0.877381792
vt 0.558314971 0.880478151
vt 0.554637042 0.879663603
vt 0.559071352 0.877381792
vt 0.554637042 0.879663603
vt 0.555402857 0.876526596
vt 0.615234375 0.856086907
vt 0.615234375 0.852990548
vt 0.619002381 0.852990548
vt 0.615234375 0.856086907
vt 0.619002381 0.852990548
vt 0.619002381 0.856086907
vt 0.574677076 0.876526597
vt 0.575442891 0.879663603
vt 0.571764963 0.880478152
vt 0.574677076 0.876526597
vt 0.571764963 0.880478152
vt 0.571008581 0.877381793
vt 0.754320384 0.875031405
vt 0.755095601 0.878209153
vt 0.751417716 0.879023654
vt 0.754320384 0.875031405
vt 0.751417716 0.879023654
vt 0.750651891 0.875886648
vt 0.994002381 0.513063331
vt 0.994002381 0.516241079
vt 0.990234375 0.516241079
vt 0.994002381 0.513063331
vt 0.990234375 0.516241079
vt 0.990234375 0.513063331
vt 0.770108171 0.875886647
vt 0.769342347 0.879023654
vt 0.765664461 0.878209152
vt 0.770108171 0.875886647
vt 0.765664461 0.878209152
vt 0.766439678 0.875031404
vt 0.558314971 0.880478151
vt 0.557620725 0.883859325
vt 0.553908058 0.883219376
vt 0.558314971 0.880478151
vt 0.553908058 0.883219376
vt 0.554637042 0.879663603
vt 0.615234375 0.852990548
vt 0.615234375 0.849609375
vt 0.619002381 0.849609375
vt 0.615234375 0.852990548
vt 0.619002381 0.849609375
vt 0.619002381 0.852990548
vt 0.575442891 0.879663603
vt 0.576171875 0.883219376
vt 0.572459208 0.883859325
vt 0.575442891 0.879663603
vt 0.572459208 0.883859325
vt 0.571764963 0.880478152
vt 0.755095601 0.878209153
vt 0.755859375 0.881939479
vt 0.752146709 0.882579427
vt 0.755095601 0.878209153
vt 0.752146709 0.882579427
vt 0.751417716 0.879023654
vt 0.994002381 0.516241079
vt 0.994002381 0.519971405
vt 0.990234375 0.519971405
vt 0.994002381 0.516241079
vt 0.990234375 0.519971405
vt 0.990234375 0.516241079
vt 0.769342347 0.879023654
vt 0.768613353 0.882579427
vt 0.764900688 0.881939479
vt 0.769342347 0.879023654
vt 0.764900688 0.881939479
vt 0.765664461 0.878209152
vt 0.489474033 0.904386093
vt 0.487495076 0.910476745
vt 0.482314068 0.914240936
vt 0.482314068 0.914240936
vt 0.475909965 0.914240936
vt 0.470728957 0.910476745
vt 0.470728957 0.910476745
vt 0.468750000 0.904386093
vt 0.470728957 0.898295441
vt 0.470728957 0.898295441
vt 0.475909965 0.894531250
vt 0.482314068 0.894531250
vt 0.482314068 0.894531250
vt 0.487495076 0.898295441
vt 0.489474033 0.904386093
vt 0.489474033 0.904386093
vt 0.482314068 0.914240936
vt 0.470728957 0.910476745
vt 0.470728957 0.910476745
vt 0.470728957 0.898295441
vt 0.482314068 0.894531250
vt 0.470728957 0.910476745
vt 0.482314068 0.894531250
vt 0.489474033 0.904386093
vt 0.348574157 0.898637623
vt 0.350733036 0.905281983
vt 0.348574157 0.911926344
vt 0.348574157 0.911926344
vt 0.342922148 0.916032717
vt 0.335935888 0.916032717
vt 0.335935888 0.916032717
vt 0.330283879 0.911926344
vt 0.328125000 0.905281983
vt 0.328125000 0.905281983
vt 0.330283879 0.898637623
vt 0.335935888 0.894531250
vt 0.335935888 0.894531250
vt 0.342922148 0.894531250
vt 0.348574157 0.898637623
vt 0.348574157 0.898637623
vt 0.348574157 0.911926344
vt 0.335935888 0.916032717
vt 0.335935888 0.916032717
vt 0.328125000 0.905281983
vt 0.335935888 0.894531250
vt 0.335935888 0.916032717
vt 0.335935888 0.894531250
vt 0.348574157 0.898637623
vt 0.866642790 0.894531251
vt 0.873046875 0.894531250
vt 0.872464663 0.911581688
vt 0.866642790 0.894531251
vt 0.872464663 0.911581688
vt 0.867224978 0.911581687
vt 0.882267815 0.894531250
vt 0.888671875 0.894531252
vt 0.888089708 0.911581688
vt 0.882267815 0.894531250
vt 0.888089708 0.911581688
vt 0.882850003 0.911581689
vt 0.902888478 0.911581685
vt 0.896484375 0.911581685
vt 0.897066579 0.894531250
vt 0.902888478 0.911581685
vt 0.897066579 0.894531250
vt 0.902306274 0.894531250
vt 0.913517815 0.894531252
vt 0.919921875 0.894531250
vt 0.919339688 0.911581689
vt 0.913517815 0.894531252
vt 0.919339688 0.911581689
vt 0.914099982 0.911581688
vt 0.929142790 0.894531250
vt 0.935546875 0.894531251
vt 0.934964687 0.911581687
vt 0.929142790 0.894531250
vt 0.934964687 0.911581687
vt 0.929725001 0.911581688
vt 0.944767790 0.894531251
vt 0.951171875 0.894531250
vt 0.950589663 0.911581688
vt 0.944767790 0.894531251
vt 0.950589663 0.911581688
vt 0.945349978 0.911581687
vt 0.960392815 0.894531250
vt 0.966796875 0.894531252
vt 0.966214708 0.911581688
vt 0.960392815 0.894531250
vt 0.966214708 0.911581688
vt 0.960975003 0.911581689
vt 0.974609375 0.894531250
vt 0.981013478 0.894531250
vt 0.980431274 0.911581685
vt 0.974609375 0.894531250
vt 0.980431274 0.911581685
vt 0.975191579 0.911581685
vt 0.985783440 0.759765627
vt 0.992187500 0.759765625
vt 0.991605313 0.776816064
vt 0.985783440 0.759765627
vt 0.991605313 0.776816064
vt 0.986365607 0.776816063
vt 0.964299040 0.291015625
vt 0.970703125 0.291015626
vt 0.970120937 0.308066062
vt 0.964299040 0.291015625
vt 0.970120937 0.308066062
vt 0.964881251 0.308066063
vt 0.666103586 0.900516063
vt 0.667158937 0.905648367
vt 0.662811105 0.907433999
vt 0.666103586 0.900516063
vt 0.662811105 0.907433999
vt 0.661403971 0.900590881
vt 0.667158937 0.905648367
vt 0.669921875 0.909407937
vt 0.666495022 0.912446697
vt 0.667158937 0.905648367
vt 0.666495022 0.912446697
vt 0.662811105 0.907433999
vt 0.102095760 0.973372965
vt 0.097018698 0.973372965
vt 0.096117439 0.968750000
vt 0.102095760 0.973372965
vt 0.096117439 0.968750000
vt 0.102886855 0.968750000
vt 0.097018698 0.973372965
vt 0.092313422 0.975280052
vt 0.089843750 0.971292745
vt 0.097018698 0.973372965
vt 0.089843750 0.971292745
vt 0.096117439 0.968750000
vt 0.165924470 0.974431505
vt 0.160941235 0.973460007
vt 0.160941235 0.968750000
vt 0.165924470 0.974431505
vt 0.160941235 0.968750000
vt 0.167585596 0.970045329
vt 0.160941235 0.973460007
vt 0.155958000 0.974431505
vt 0.154296875 0.970045329
vt 0.160941235 0.973460007
vt 0.154296875 0.970045329
vt 0.160941235 0.968750000
vt 0.113797797 0.968750000
vt 0.118503073 0.970657086
vt 0.117601815 0.975280051
vt 0.113797797 0.968750000
vt 0.117601815 0.975280051
vt 0.111328125 0.972737308
vt 0.118503073 0.970657086
vt 0.123580135 0.970657086
vt 0.124371230 0.975280051
vt 0.118503073 0.970657086
vt 0.124371230 0.975280051
vt 0.117601815 0.975280051
vt 0.355468750 0.970786806
vt 0.360296372 0.968750000
vt 0.362900110 0.972674902
vt 0.355468750 0.970786806
vt 0.362900110 0.972674902
vt 0.356463303 0.975390602
vt 0.667158937 0.895971374
vt 0.666103586 0.900516063
vt 0.661403971 0.900590881
vt 0.667158937 0.895971374
vt 0.661403971 0.900590881
vt 0.662811105 0.894531250
vt 0.378629762 0.972013203
vt 0.372977753 0.968750000
vt 0.376745759 0.968750000
vt 0.378629762 0.972013203
vt 0.371093750 0.972013203
vt 0.372977753 0.968750000
vt 0.376745759 0.975276407
vt 0.371093750 0.972013203
vt 0.378629762 0.972013203
vt 0.376745759 0.975276407
vt 0.372977753 0.975276407
vt 0.371093750 0.972013203
vt 0.386718750 0.972013203
vt 0.392370759 0.975276407
vt 0.388602753 0.975276407
vt 0.386718750 0.972013203
vt 0.394254762 0.972013203
vt 0.392370759 0.975276407
vt 0.388602753 0.968750000
vt 0.394254762 0.972013203
vt 0.386718750 0.972013203
vt 0.388602753 0.968750000
vt 0.392370759 0.968750000
vt 0.394254762 0.972013203
vt 0.588870725 0.849609375
vt 0.589564971 0.852990548
vt 0.585887042 0.853805096
vt 0.588870725 0.849609375
vt 0.585887042 0.853805096
vt 0.585158058 0.850249324
vt 0.626953125 0.883859325
vt 0.626953125 0.880478152
vt 0.630721131 0.880478152
vt 0.626953125 0.883859325
vt 0.630721131 0.880478152
vt 0.630721131 0.883859325
vt 0.607421875 0.850249324
vt 0.606692891 0.853805097
vt 0.603014963 0.852990548
vt 0.607421875 0.850249324
vt 0.603014963 0.852990548
vt 0.603709208 0.849609375
vt 0.787109375 0.850249324
vt 0.786345601 0.853979650
vt 0.782667716 0.853165148
vt 0.787109375 0.850249324
vt 0.782667716 0.853165148
vt 0.783396709 0.849609375
vt 0.814314881 0.849609375
vt 0.814314881 0.853339701
vt 0.810546875 0.853339701
vt 0.814314881 0.849609375
vt 0.810546875 0.853339701
vt 0.810546875 0.849609375
vt 0.799863353 0.849609375
vt 0.800592347 0.853165148
vt 0.796914461 0.853979649
vt 0.799863353 0.849609375
vt 0.796914461 0.853979649
vt 0.796150688 0.850249324
vt 0.589564971 0.852990548
vt 0.590321352 0.856086906
vt 0.586652857 0.856942102
vt 0.589564971 0.852990548
vt 0.586652857 0.856942102
vt 0.585887042 0.853805096
vt 0.626953125 0.880478152
vt 0.626953125 0.877381793
vt 0.630721131 0.877381793
vt 0.626953125 0.880478152
vt 0.630721131 0.877381793
vt 0.630721131 0.880478152
vt 0.606692891 0.853805097
vt 0.605927076 0.856942104
vt 0.602258581 0.856086907
vt 0.606692891 0.853805097
vt 0.602258581 0.856086907
vt 0.603014963 0.852990548
vt 0.786345601 0.853979650
vt 0.785570384 0.857157398
vt 0.781901891 0.856302155
vt 0.786345601 0.853979650
vt 0.781901891 0.856302155
vt 0.782667716 0.853165148
vt 0.814314881 0.853339701
vt 0.814314881 0.856517449
vt 0.810546875 0.856517449
vt 0.814314881 0.853339701
vt 0.810546875 0.856517449
vt 0.810546875 0.853339701
vt 0.800592347 0.853165148
vt 0.801358171 0.856302154
vt 0.797689678 0.857157397
vt 0.800592347 0.853165148
vt 0.797689678 0.857157397
vt 0.796914461 0.853979649
vt 0.590321352 0.856086906
vt 0.591042093 0.859245249
vt 0.587341279 0.859949772
vt 0.590321352 0.856086906
vt 0.587341279 0.859949772
vt 0.586652857 0.856942102
vt 0.626953125 0.877381793
vt 0.626953125 0.874223450
vt 0.630721131 0.874223450
vt 0.626953125 0.877381793
vt 0.630721131 0.874223450
vt 0.630721131 0.877381793
vt 0.605927076 0.856942104
vt 0.605238654 0.859949773
vt 0.601537840 0.859245250
vt 0.605927076 0.856942104
vt 0.601537840 0.859245250
vt 0.602258581 0.856086907
vt 0.785570384 0.857157398
vt 0.784914315 0.860014348
vt 0.781213461 0.859309825
vt 0.785570384 0.857157398
vt 0.781213461 0.859309825
vt 0.781901891 0.856302155
vt 0.814314881 0.856517449
vt 0.814314881 0.859374398
vt 0.810546875 0.859374398
vt 0.814314881 0.856517449
vt 0.810546875 0.859374398
vt 0.810546875 0.856517449
vt 0.801358171 0.856302154
vt 0.802046601 0.859309823
vt 0.798345748 0.860014346
vt 0.801358171 0.856302154
vt 0.798345748 0.860014346
vt 0.797689678 0.857157397
vt 0.591042093 0.859245249
vt 0.591585693 0.862728770
vt 0.587838082 0.863117393
vt 0.591042093 0.859245249
vt 0.587838082 0.863117393
vt 0.587341279 0.859949772
vt 0.626953125 0.874223450
vt 0.626953125 0.870739929
vt 0.630721131 0.870739929
vt 0.626953125 0.874223450
vt 0.630721131 0.870739929
vt 0.630721131 0.874223450
vt 0.605238654 0.859949773
vt 0.604741851 0.863117395
vt 0.600994240 0.862728772
vt 0.605238654 0.859949773
vt 0.600994240 0.862728772
vt 0.601537840 0.859245250
vt 0.784914315 0.860014348
vt 0.784464303 0.862866069
vt 0.780716652 0.862477446
vt 0.784914315 0.860014348
vt 0.780716652 0.862477446
vt 0.781213461 0.859309825
vt 0.814314881 0.859374398
vt 0.814314881 0.862226120
vt 0.810546875 0.862226120
vt 0.814314881 0.859374398
vt 0.810546875 0.862226120
vt 0.810546875 0.859374398
vt 0.802046601 0.859309823
vt 0.802543411 0.862477444
vt 0.798795760 0.862866067
vt 0.802046601 0.859309823
vt 0.798795760 0.862866067
vt 0.798345748 0.860014346
vt 0.591585693 0.862728770
vt 0.591796875 0.866734349
vt 0.588029044 0.866734349
vt 0.591585693 0.862728770
vt 0.588029044 0.866734349
vt 0.587838082 0.863117393
vt 0.626953125 0.870739929
vt 0.626953125 0.866734350
vt 0.630721131 0.866734350
vt 0.626953125 0.870739929
vt 0.630721131 0.866734350
vt 0.630721131 0.870739929
vt 0.604741851 0.863117395
vt 0.604550889 0.866734351
vt 0.600783058 0.866734351
vt 0.604741851 0.863117395
vt 0.600783058 0.866734351
vt 0.600994240 0.862728772
vt 0.784464303 0.862866069
vt 0.784293518 0.866094402
vt 0.780525688 0.866094402
vt 0.784464303 0.862866069
vt 0.780525688 0.866094402
vt 0.780716652 0.862477446
vt 0.814314881 0.862226120
vt 0.814314881 0.865454453
vt 0.810546875 0.865454453
vt 0.814314881 0.862226120
vt 0.810546875 0.865454453
vt 0.810546875 0.862226120
vt 0.802543411 0.862477444
vt 0.802734375 0.866094400
vt 0.798966545 0.866094400
vt 0.802543411 0.862477444
vt 0.798966545 0.866094400
vt 0.798795760 0.862866067
vt 0.591796875 0.866734349
vt 0.591585693 0.870739928
vt 0.587838082 0.870351305
vt 0.591796875 0.866734349
vt 0.587838082 0.870351305
vt 0.588029044 0.866734349
vt 0.626953125 0.866734350
vt 0.626953125 0.862728771
vt 0.630721131 0.862728771
vt 0.626953125 0.866734350
vt 0.630721131 0.862728771
vt 0.630721131 0.866734350
vt 0.604550889 0.866734351
vt 0.604741851 0.870351307
vt 0.600994240 0.870739930
vt 0.604550889 0.866734351
vt 0.600994240 0.870739930
vt 0.600783058 0.866734351
vt 0.784293518 0.866094402
vt 0.784464303 0.869322688
vt 0.780716652 0.869711358
vt 0.784293518 0.866094402
vt 0.780716652 0.869711358
vt 0.780525688 0.866094402
vt 0.814314881 0.865454453
vt 0.814314881 0.868682739
vt 0.810546875 0.868682739
vt 0.814314881 0.865454453
vt 0.810546875 0.868682739
vt 0.810546875 0.865454453
vt 0.802734375 0.866094400
vt 0.802543411 0.869711356
vt 0.798795760 0.869322686
vt 0.802734375 0.866094400
vt 0.798795760 0.869322686
vt 0.798966545 0.866094400
vt 0.591585693 0.870739928
vt 0.591042093 0.874223449
vt 0.587341279 0.873518926
vt 0.591585693 0.870739928
vt 0.587341279 0.873518926
vt 0.587838082 0.870351305
vt 0.626953125 0.862728771
vt 0.626953125 0.859245250
vt 0.630721131 0.859245250
vt 0.626953125 0.862728771
vt 0.630721131 0.859245250
vt 0.630721131 0.862728771
vt 0.604741851 0.870351307
vt 0.605238654 0.873518928
vt 0.601537840 0.874223451
vt 0.604741851 0.870351307
vt 0.601537840 0.874223451
vt 0.600994240 0.870739930
vt 0.784464303 0.869322688
vt 0.784914315 0.872174457
vt 0.781213461 0.872878979
vt 0.784464303 0.869322688
vt 0.781213461 0.872878979
vt 0.780716652 0.869711358
vt 0.814314881 0.868682739
vt 0.814314881 0.871534507
vt 0.810546875 0.871534507
vt 0.814314881 0.868682739
vt 0.810546875 0.871534507
vt 0.810546875 0.868682739
vt 0.802543411 0.869711356
vt 0.802046601 0.872878978
vt 0.798345748 0.872174455
vt 0.802543411 0.869711356
vt 0.798345748 0.872174455
vt 0.798795760 0.869322686
vt 0.591042093 0.874223449
vt 0.590321352 0.877381792
vt 0.586652857 0.876526596
vt 0.591042093 0.874223449
vt 0.586652857 0.876526596
vt 0.587341279 0.873518926
vt 0.626953125 0.859245250
vt 0.626953125 0.856086907
vt 0.630721131 0.856086907
vt 0.626953125 0.859245250
vt 0.630721131 0.856086907
vt 0.630721131 0.859245250
vt 0.605238654 0.873518928
vt 0.605927076 0.876526597
vt 0.602258581 0.877381793
vt 0.605238654 0.873518928
vt 0.602258581 0.877381793
vt 0.601537840 0.874223451
vt 0.784914315 0.872174457
vt 0.785570384 0.875031405
vt 0.781901891 0.875886649
vt 0.784914315 0.872174457
vt 0.781901891 0.875886649
vt 0.781213461 0.872878979
vt 0.814314881 0.871534507
vt 0.814314881 0.874391456
vt 0.810546875 0.874391456
vt 0.814314881 0.871534507
vt 0.810546875 0.874391456
vt 0.810546875 0.871534507
vt 0.802046601 0.872878978
vt 0.801358171 0.875886647
vt 0.797689678 0.875031404
vt 0.802046601 0.872878978
vt 0.797689678 0.875031404
vt 0.798345748 0.872174455
vt 0.590321352 0.877381792
vt 0.589564971 0.880478151
vt 0.585887042 0.879663603
vt 0.590321352 0.877381792
vt 0.585887042 0.879663603
vt 0.586652857 0.876526596
vt 0.626953125 0.856086907
vt 0.626953125 0.852990548
vt 0.630721131 0.852990548
vt 0.626953125 0.856086907
vt 0.630721131 0.852990548
vt 0.630721131 0.856086907
vt 0.605927076 0.876526597
vt 0.606692891 0.879663603
vt 0.603014963 0.880478152
vt 0.605927076 0.876526597
vt 0.603014963 0.880478152
vt 0.602258581 0.877381793
vt 0.785570384 0.875031405
vt 0.786345601 0.878209153
vt 0.782667716 0.879023655
vt 0.785570384 0.875031405
vt 0.782667716 0.879023655
vt 0.781901891 0.875886649
vt 0.814314881 0.874391456
vt 0.814314881 0.877569204
vt 0.810546875 0.877569204
vt 0.814314881 0.874391456
vt 0.810546875 0.877569204
vt 0.810546875 0.874391456
vt 0.801358171 0.875886647
vt 0.800592347 0.879023654
vt 0.796914461 0.878209152
vt 0.801358171 0.875886647
vt 0.796914461 0.878209152
vt 0.797689678 0.875031404
vt 0.589564971 0.880478151
vt 0.588870725 0.883859325
vt 0.585158058 0.883219376
vt 0.589564971 0.880478151
vt 0.585158058 0.883219376
vt 0.585887042 0.879663603
vt 0.626953125 0.852990548
vt 0.626953125 0.849609375
vt 0.630721131 0.849609375
vt 0.626953125 0.852990548
vt 0.630721131 0.849609375
vt 0.630721131 0.852990548
vt 0.606692891 0.879663603
vt 0.607421875 0.883219376
vt 0.603709208 0.883859325
vt 0.606692891 0.879663603
vt 0.603709208 0.883859325
vt 0.603014963 0.880478152
vt 0.786345601 0.878209153
vt 0.787109375 0.881939479
vt 0.783396709 0.882579427
vt 0.786345601 0.878209153
vt 0.783396709 0.882579427
vt 0.782667716 0.879023655
vt 0.814314881 0.877569204
vt 0.814314881 0.881299530
vt 0.810546875 0.881299530
vt 0.814314881 0.877569204
vt 0.810546875 0.881299530
vt 0.810546875 0.877569204
vt 0.800592347 0.879023654
vt 0.799863353 0.882579427
vt 0.796150688 0.881939479
vt 0.800592347 0.879023654
vt 0.796150688 0.881939479
vt 0.796914461 0.878209152
vt 0.936601414 0.861855394
vt 0.934960777 0.867978404
vt 0.930478404 0.872460777
vt 0.930478404 0.872460777
vt 0.924355394 0.874101414
vt 0.918232385 0.872460777
vt 0.918232385 0.872460777
vt 0.913750012 0.867978404
vt 0.912109375 0.861855394
vt 0.912109375 0.861855394
vt 0.913750012 0.855732385
vt 0.918232385 0.851250012
vt 0.918232385 0.851250012
vt 0.924355394 0.849609375
vt 0.930478404 0.851250012
vt 0.930478404 0.851250012
vt 0.934960777 0.855732385
vt 0.936601414 0.861855394
vt 0.936601414 0.861855394
vt 0.930478404 0.872460777
vt 0.918232385 0.872460777
vt 0.918232385 0.872460777
vt 0.912109375 0.861855394
vt 0.918232385 0.851250012
vt 0.918232385 0.851250012
vt 0.930478404 0.851250012
vt 0.936601414 0.861855394
vt 0.918232385 0.872460777
vt 0.918232385 0.851250012
vt 0.936601414 0.861855394
vt 0.968163902 0.855732385
vt 0.969804539 0.861855394
vt 0.968163902 0.867978404
vt 0.968163902 0.867978404
vt 0.963681529 0.872460777
vt 0.957558519 0.874101414
vt 0.957558519 0.874101414
vt 0.951435510 0.872460777
vt 0.946953137 0.867978404
vt 0.946953137 0.867978404
vt 0.945312500 0.861855394
vt 0.946953137 0.855732385
vt 0.946953137 0.855732385
vt 0.951435510 0.851250012
vt 0.957558519 0.849609375
vt 0.957558519 0.849609375
vt 0.963681529 0.851250012
vt 0.968163902 0.855732385
vt 0.968163902 0.855732385
vt 0.968163902 0.867978404
vt 0.957558519 0.874101414
vt 0.957558519 0.874101414
vt 0.946953137 0.867978404
vt 0.946953137 0.855732385
vt 0.946953137 0.855732385
vt 0.957558519 0.849609375
vt 0.968163902 0.855732385
vt 0.957558519 0.874101414
vt 0.946953137 0.855732385
vt 0.968163902 0.855732385
vt 0.181904260 0.968750000
vt 0.188027269 0.968750000
vt 0.188027269 0.970634003
vt 0.181904260 0.968750000
vt 0.188027269 0.970634003
vt 0.181904260 0.970634003
vt 0.402343750 0.975089032
vt 0.402343750 0.968750000
vt 0.404227753 0.968750000
vt 0.402343750 0.975089032
vt 0.404227753 0.968750000
vt 0.404227753 0.975089032
vt 0.209511644 0.970634003
vt 0.203388635 0.970634003
vt 0.203388635 0.968750000
vt 0.209511644 0.970634003
vt 0.203388635 0.968750000
vt 0.209511644 0.968750000
vt 0.203388635 0.970634003
vt 0.197265625 0.970634003
vt 0.197265625 0.968750000
vt 0.203388635 0.970634003
vt 0.197265625 0.968750000
vt 0.203388635 0.968750000
vt 0.414062500 0.975089032
vt 0.414062500 0.968750000
vt 0.415946503 0.968750000
vt 0.414062500 0.975089032
vt 0.415946503 0.968750000
vt 0.415946503 0.975089032
vt 0.230996019 0.970634003
vt 0.224873010 0.970634003
vt 0.224873010 0.968750000
vt 0.230996019 0.970634003
vt 0.224873010 0.968750000
vt 0.230996019 0.968750000
vt 0.224873010 0.970634003
vt 0.218750000 0.970634003
vt 0.218750000 0.968750000
vt 0.224873010 0.970634003
vt 0.218750000 0.968750000
vt 0.224873010 0.968750000
vt 0.425781250 0.975089032
vt 0.425781250 0.968750000
vt 0.427665253 0.968750000
vt 0.425781250 0.975089032
vt 0.427665253 0.968750000
vt 0.427665253 0.975089032
vt 0.240234375 0.968750000
vt 0.246357385 0.968750000
vt 0.246357385 0.970634003
vt 0.240234375 0.968750000
vt 0.246357385 0.970634003
vt 0.240234375 0.970634003
vt 0.246357385 0.968750000
vt 0.252480394 0.968750000
vt 0.252480394 0.970634003
vt 0.246357385 0.968750000
vt 0.252480394 0.970634003
vt 0.246357385 0.970634003
vt 0.437500000 0.975089032
vt 0.437500000 0.968750000
vt 0.439384003 0.968750000
vt 0.437500000 0.975089032
vt 0.439384003 0.968750000
vt 0.439384003 0.975089032
vt 0.175781250 0.968750000
vt 0.181904260 0.968750000
vt 0.181904260 0.970634003
vt 0.175781250 0.968750000
vt 0.181904260 0.970634003
vt 0.175781250 0.970634003
f 1/1/1 2/2/2 3/3/3
v 0.0649519 0.1840000 0.7225440
vn 0.0000000 0.0000000 -1.0000000
v 0.0530330 0.1732305 0.7225440
vn 0.0000000 0.0000000 -1.0000000
v 0.0375000 0.1649667 0.7225440
vn 0.0000000 0.0000000 -1.0000000
f 4/4/4 5/5/5 6/6/6
v 0.0375000 0.1649667 0.7225440
vn 0.0000000 0.0000000 -1.0000000
v 0.0194114 0.1597719 0.7225440
vn 0.0000000 0.0000000 -1.0000000
v -0.0000000 0.1580000 0.7225440
vn 0.0000000 0.0000000 -1.0000000
f 7/7/7 8/8/8 9/9/9
v -0.0000000 0.1580000 0.7225440
vn 0.0000000 0.0000000 -1.0000000
v -0.0194114 0.1597719 0.7225440
vn 0.0000000 0.0000000 -1.0000000
v -0.0375000 0.1649667 0.7225440
vn 0.0000000 0.0000000 -1.0000000
f 10/10/10 11/11/11 12/12/12
v -0.0375000 0.1649667 0.7225440
vn 0.0000000 0.0000000 -1.0000000
v -0.0530330 0.1732305 0.7225440
vn 0.0000000 0.0000000 -1.0000000
v -0.0649519 0.1840000 0.7225440
vn 0.0000000 0.0000000 -1.0000000
f 13/13/13 14/14/14 15/15/15
v -0.0649519 0.1840000 0.7225440
vn 0.0000000 0.0000000 -0.9999999
v -0.0724444 0.1965414 0.7225440
vn 0.0000000 0.0000000 -0.9999999
v -0.0750000 0.2100000 0.7225440
vn 0.0000000 0.0000000 -0.9999999
f 16/16/16 17/17/17 18/18/18
v -0.0750000 0.2100000 0.7225440
vn 0.0000000 0.0000000 -1.0000000
v -0.0724444 0.2234586 0.7225440
vn 0.0000000 0.0000000 -1.0000000
v -0.0649519 0.2360000 0.7225440
vn 0.0000000 0.0000000 -1.0000000
f 19/19/19 20/20/20 21/21/21
v -0.0649519 0.2360000 0.7225440
vn 0.0000000 0.0000000 -1.0000000
v -0.0530330 0.2467695 0.7225440
vn 0.0000000 0.0000000 -1.0000000
v -0.0375000 0.2550333 0.7225440
vn 0.0000000 0.0000000 -1.0000000
f 22/22/22 23/23/23 24/24/24
v -0.0375000 0.2550333 0.7225440
vn 0.0000000 0.0000000 -1.0000000
v -0.0194114 0.2602282 0.7225440
vn 0.0000000 0.0000000 -1.0000000
v 0.0000000 0.2620000 0.7225440
vn 0.0000000 0.0000000 -1.0000000
f 25/25/25 26/26/26 27/27/27
v 0.0000000 0.2620000 0.7225440
vn 0.0000000 0.0000000 -1.0000000
v 0.0194114 0.2602282 0.7225440
vn 0.0000000 0.0000000 -1.0000000
v 0.0375000 0.2550333 0.7225440
vn 0.0000000 0.0000000 -1.0000000
f 28/28/28 29/29/29 30/30/30
v 0.0375000 0.2550333 0.7225440
vn 0.0000000 0.0000000 -1.0000000
v 0.0530330 0.2467695 0.7225440
vn 0.0000000 0.0000000 -1.0000000
v 0.0649519 0.2360000 0.7225440
vn 0.0000000 0.0000000 -1.0000000
f 31/31/31 32/32/32 33/33/33
v 0.0649519 0.2360000 0.7225440
vn 0.0000000 0.0000000 -1.0000000
v 0.0724444 0.2234586 0.7225440
vn 0.0000000 0.0000000 -1.0000000
v 0.0750000 0.2100000 0.7225440
vn 0.0000000 0.0000000 -1.0000000
f 34/34/34 35/35/35 36/36/36
v 0.0750000 0.2100000 0.7225440
vn 0.0000000 0.0000000 -1.0000000
v 0.0649519 0.1840000 0.7225440
vn 0.0000000 0.0000000 -1.0000000
v 0.0375000 0.1649667 0.7225440
vn 0.0000000 0.0000000 -1.0000000
f 37/37/37 38/38/38 39/39/39
v 0.0375000 0.1649667 0.7225440
vn 0.0000000 0.0000000 -1.0000000
v -0.0000000 0.1580000 0.7225440
vn 0.0000000 0.0000000 -1.0000000
v -0.0375000 0.1649667 0.7225440
vn 0.0000000 0.0000000 -1.0000000
f 40/40/40 41/41/41 42/42/42
v -0.0375000 0.1649667 0.7225440
vn 0.0000000 0.0000000 -1.0000000
v -0.0649519 0.1840000 0.7225440
vn 0.0000000 0.0000000 -1.0000000
v -0.0750000 0.2100000 0.7225440
vn 0.0000000 0.0000000 -1.0000000
f 43/43/43 44/44/44 45/45/45
v -0.0750000 0.2100000 0.7225440
vn 0.0000000 0.0000000 -1.0000000
v -0.0649519 0.2360000 0.7225440
vn 0.0000000 0.0000000 -1.0000000
v -0.0375000 0.2550333 0.7225440
vn 0.0000000 0.0000000 -1.0000000
f 46/46/46 47/47/47 48/48/48
v -0.0375000 0.2550333 0.7225440
vn -0.0000000 0.0000000 -1.0000000
v 0.0000000 0.2620000 0.7225440
vn -0.0000000 0.0000000 -1.0000000
v 0.0375000 0.2550333 0.7225440
vn -0.0000000 0.0000000 -1.0000000
f 49/49/49 50/50/50 51/51/51
v 0.0375000 0.2550333 0.7225440
vn 0.0000000 0.0000000 -1.0000000
v 0.0649519 0.2360000 0.7225440
vn 0.0000000 0.0000000 -1.0000000
v 0.0750000 0.2100000 0.7225440
vn 0.0000000 0.0000000 -1.0000000
f 52/52/52 53/53/53 54/54/54
v 0.0750000 0.2100000 0.7225440
vn 0.0000000 0.0000000 -1.0000000
v 0.0375000 0.1649667 0.7225440
vn 0.0000000 0.0000000 -1.0000000
v -0.0375000 0.1649667 0.7225440
vn 0.0000000 0.0000000 -1.0000000
f 55/55/55 56/56/56 57/57/57
v -0.0375000 0.1649667 0.7225440
vn 0.0000000 -0.0000000 -1.0000000
v -0.0750000 0.2100000 0.7225440
vn 0.0000000 -0.0000000 -1.0000000
v -0.0375000 0.2550333 0.7225440
vn 0.0000000 -0.0000000 -1.0000000
f 58/58/58 59/59/59 60/60/60
v -0.0375000 0.2550333 0.7225440
vn 0.0000000 0.0000000 -1.0000000
v 0.0375000 0.2550333 0.7225440
vn 0.0000000 0.0000000 -1.0000000
v 0.0750000 0.2100000 0.7225440
vn 0.0000000 0.0000000 -1.0000000
f 61/61/61 62/62/62 63/63/63
v -0.0375000 0.1649667 0.7225440
vn -0.0000000 -0.0000000 -1.0000000
v -0.0375000 0.2550333 0.7225440
vn -0.0000000 -0.0000000 -1.0000000
v 0.0750000 0.2100000 0.7225440
vn -0.0000000 -0.0000000 -1.0000000
f 64/64/64 65/65/65 66/66/66
v 0.0695467 0.1973179 0.7455440
vn 0.0000000 0.0000000 1.0000000
v 0.0720000 0.2100000 0.7455440
vn 0.0000000 0.0000000 1.0000000
v 0.0695467 0.2226821 0.7455440
vn 0.0000000 0.0000000 1.0000000
f 67/67/67 68/68/68 69/69/69
v 0.0695467 0.2226821 0.7455440
vn 0.0000000 0.0000000 1.0000000
v 0.0623538 0.2345000 0.7455440
vn 0.0000000 0.0000000 1.0000000
v 0.0509117 0.2446482 0.7455440
vn 0.0000000 0.0000000 1.0000000
f 70/70/70 71/71/71 72/72/72
v 0.0509117 0.2446482 0.7455440
vn 0.0000000 0.0000000 1.0000000
v 0.0360000 0.2524352 0.7455440
vn 0.0000000 0.0000000 1.0000000
v 0.0186350 0.2573304 0.7455440
vn 0.0000000 0.0000000 1.0000000
f 73/73/73 74/74/74 75/75/75
v 0.0186350 0.2573304 0.7455440
vn -0.0000000 0.0000000 1.0000000
v 0.0000000 0.2590000 0.7455440
vn -0.0000000 0.0000000 1.0000000
v -0.0186350 0.2573304 0.7455440
vn -0.0000000 0.0000000 1.0000000
f 76/76/76 77/77/77 78/78/78
v -0.0186350 0.2573304 0.7455440
vn 0.0000000 0.0000000 1.0000000
v -0.0360000 0.2524352 0.7455440
vn 0.0000000 0.0000000 1.0000000
v -0.0509117 0.2446482 0.7455440
vn 0.0000000 0.0000000 1.0000000
f 79/79/79 80/80/80 81/81/81
v -0.0509117 0.2446482 0.7455440
vn 0.0000000 0.0000000 1.0000000
v -0.0623538 0.2345000 0.7455440
vn 0.0000000 0.0000000 1.0000000
v -0.0695467 0.2226821 0.7455440
vn 0.0000000 0.0000000 1.0000000
f 82/82/82 83/83/83 84/84/84
v -0.0695467 0.2226821 0.7455440
vn 0.0000000 -0.0000000 1.0000000
v -0.0720000 0.2100000 0.7455440
vn 0.0000000 -0.0000000 1.0000000
v -0.0695467 0.1973179 0.7455440
vn 0.0000000 -0.0000000 1.0000000
f 85/85/85 86/86/86 87/87/87
v -0.0695467 0.1973179 0.7455440
vn 0.0000000 0.0000000 1.0000000
v -0.0623538 0.1855000 0.7455440
vn 0.0000000 0.0000000 1.0000000
v -0.0509117 0.1753518 0.7455440
vn 0.0000000 0.0000000 1.0000000
f 88/88/88 89/89/89 90/90/90
v -0.0509117 0.1753518 0.7455440
vn 0.0000000 0.0000000 1.0000000
v -0.0360000 0.1675647 0.7455440
vn 0.0000000 0.0000000 1.0000000
v -0.0186350 0.1626696 0.7455440
vn 0.0000000 0.0000000 1.0000000
f 91/91/91 92/92/92 93/93/93
v -0.0186350 0.1626696 0.7455440
vn 0.0000000 0.0000000 1.0000000
v -0.0000000 0.1610000 0.7455440
vn 0.0000000 0.0000000 1.0000000
v 0.0186350 0.1626696 0.7455440
vn 0.0000000 0.0000000 1.0000000
f 94/94/94 95/95/95 96/96/96
v 0.0186350 0.1626696 0.7455440
vn 0.0000000 0.0000000 1.0000000
v 0.0360000 0.1675647 0.7455440
vn 0.0000000 0.0000000 1.0000000
v 0.0509117 0.1753518 0.7455440
vn 0.0000000 0.0000000 1.0000000
f 97/97/97 98/98/98 99/99/99
v 0.0509117 0.1753518 0.7455440
vn 0.0000000 0.0000000 1.0000000
v 0.0623538 0.1855000 0.7455440
vn 0.0000000 0.0000000 1.0000000
v 0.0695467 0.1973179 0.7455440
vn 0.0000000 0.0000000 1.0000000
f 100/100/100 101/101/101 102/102/102
v 0.0695467 0.1973179 0.7455440
vn 0.0000000 0.0000000 1.0000000
v 0.0695467 0.2226821 0.7455440
vn 0.0000000 0.0000000 1.0000000
v 0.0509117 0.2446482 0.7455440
vn 0.0000000 0.0000000 1.0000000
f 103/103/103 104/104/104 105/105/105
v 0.0509117 0.2446482 0.7455440
vn -0.0000000 0.0000000 1.0000000
v 0.0186350 0.2573304 0.7455440
vn -0.0000000 0.0000000 1.0000000
v -0.0186350 0.2573304 0.7455440
vn -0.0000000 0.0000000 1.0000000
f 106/106/106 107/107/107 108/108/108
v -0.0186350 0.2573304 0.7455440
vn 0.0000000 0.0000000 1.0000000
v -0.0509117 0.2446482 0.7455440
vn 0.0000000 0.0000000 1.0000000
v -0.0695467 0.2226821 0.7455440
vn 0.0000000 0.0000000 1.0000000
f 109/109/109 110/110/110 111/111/111
v -0.0695467 0.2226821 0.7455440
vn 0.0000000 -0.0000000 1.0000000
v -0.0695467 0.1973179 0.7455440
vn 0.0000000 -0.0000000 1.0000000
v -0.0509117 0.1753518 0.7455440
vn 0.0000000 -0.0000000 1.0000000
f 112/112/112 113/113/113 114/114/114
v -0.0509117 0.1753518 0.7455440
vn 0.0000000 0.0000000 1.0000000
v -0.0186350 0.1626696 0.7455440
vn 0.0000000 0.0000000 1.0000000
v 0.0186350 0.1626696 0.7455440
vn 0.0000000 0.0000000 1.0000000
f 115/115/115 116/116/116 117/117/117
v 0.0186350 0.1626696 0.7455440
vn 0.0000000 0.0000000 1.0000000
v 0.0509117 0.1753518 0.7455440
vn 0.0000000 0.0000000 1.0000000
v 0.0695467 0.1973179 0.7455440
vn 0.0000000 0.0000000 1.0000000
f 118/118/118 119/119/119 120/120/120
v 0.0695467 0.1973179 0.7455440
vn 0.0000000 0.0000000 1.0000000
v 0.0509117 0.2446482 0.7455440
vn 0.0000000 0.0000000 1.0000000
v -0.0186350 0.2573304 0.7455440
vn 0.0000000 0.0000000 1.0000000
f 121/121/121 122/122/122 123/123/123
v -0.0186350 0.2573304 0.7455440
vn 0.0000000 -0.0000000 1.0000000
v -0.0695467 0.2226821 0.7455440
vn 0.0000000 -0.0000000 1.0000000
v -0.0509117 0.1753518 0.7455440
vn 0.0000000 -0.0000000 1.0000000
f 124/124/124 125/125/125 126/126/126
v -0.0509117 0.1753518 0.7455440
vn 0.0000000 0.0000000 0.9999999
v 0.0186350 0.1626696 0.7455440
vn 0.0000000 0.0000000 0.9999999
v 0.0695467 0.1973179 0.7455440
vn 0.0000000 0.0000000 0.9999999
f 127/127/127 128/128/128 129/129/129
v -0.0186350 0.2573304 0.7455440
vn 0.0000000 -0.0000000 1.0000000
v -0.0509117 0.1753518 0.7455440
vn 0.0000000 -0.0000000 1.0000000
v 0.0695467 0.1973179 0.7455440
vn 0.0000000 -0.0000000 1.0000000
f 130/130/130 131/131/131 132/132/132
v 0.0750000 0.2100000 0.7225440
vn 0.1181176 0.0224286 -0.9927463
v 0.0724444 0.2234586 0.7225440
vn 0.1181176 0.0224286 -0.9927463
v 0.2752889 0.2617638 0.7475440
vn 0.1181176 0.0224286 -0.9927463
f 133/133/133 134/134/134 135/135/135
v 0.0750000 0.2100000 0.7225440
vn 0.1181837 0.0221718 -0.9927442
v 0.2752889 0.2617638 0.7475440
vn 0.1181837 0.0221718 -0.9927442
v 0.2850000 0.2100000 0.7475440
vn 0.1181837 0.0221718 -0.9927442
f 136/136/136 137/137/137 138/138/138
v 0.0724444 0.2234586 0.7225440
vn 0.1096766 0.0655234 -0.9918053
v 0.0649519 0.2360000 0.7225440
vn 0.1096766 0.0655234 -0.9918053
v 0.2468172 0.3100000 0.7475440
vn 0.1096766 0.0655234 -0.9918053
f 139/139/139 140/140/140 141/141/141
v 0.0724444 0.2234586 0.7225440
vn 0.1099792 0.0649157 -0.9918118
v 0.2468172 0.3100000 0.7475440
vn 0.1099792 0.0649157 -0.9918118
v 0.2752889 0.2617638 0.7475440
vn 0.1099792 0.0649157 -0.9918118
f 142/142/142 143/143/143 144/144/144
v 0.0649519 0.2360000 0.7225440
vn 0.0936573 0.1036526 -0.9901940
v 0.0530330 0.2467695 0.7225440
vn 0.0936573 0.1036526 -0.9901940
v 0.2015254 0.3514214 0.7475440
vn 0.0936573 0.1036526 -0.9901940
f 145/145/145 146/146/146 147/147/147
v 0.0649519 0.2360000 0.7225440
vn 0.0942051 0.1030077 -0.9902095
v 0.2015254 0.3514214 0.7475440
vn 0.0942051 0.1030077 -0.9902095
v 0.2468172 0.3100000 0.7475440
vn 0.0942051 0.1030077 -0.9902095
f 148/148/148 149/149/149 150/150/150
v 0.0530330 0.2467695 0.7225440
vn 0.0714306 0.1342648 -0.9883677
v 0.0375000 0.2550333 0.7225440
vn 0.0714306 0.1342648 -0.9883677
v 0.1425000 0.3832051 0.7475440
vn 0.0714306 0.1342648 -0.9883677
f 151/151/151 152/152/152 153/153/153
v 0.0530330 0.2467695 0.7225440
vn 0.0720726 0.1338457 -0.9883779
v 0.1425000 0.3832051 0.7475440
vn 0.0720726 0.1338457 -0.9883779
v 0.2015254 0.3514214 0.7475440
vn 0.0720726 0.1338457 -0.9883779
f 154/154/154 155/155/155 156/156/156
v 0.0375000 0.2550333 0.7225440
vn 0.0446818 0.1555833 -0.9868117
v 0.0194114 0.2602282 0.7225440
vn 0.0446818 0.1555833 -0.9868117
v 0.0737634 0.4031852 0.7475440
vn 0.0446818 0.1555833 -0.9868117
f 157/157/157 158/158/158 159/159/159
v 0.0375000 0.2550333 0.7225440
vn 0.0451881 0.1554588 -0.9868082
v 0.0737634 0.4031852 0.7475440
vn 0.0451881 0.1554588 -0.9868082
v 0.1425000 0.3832051 0.7475440
vn 0.0451881 0.1554588 -0.9868082
f 160/160/160 161/161/161 162/162/162
v 0.0194114 0.2602282 0.7225440
vn 0.0152014 0.1665400 -0.9859176
v 0.0000000 0.2620000 0.7225440
vn 0.0152014 0.1665400 -0.9859176
v 0.0000000 0.4100000 0.7475440
vn 0.0152014 0.1665400 -0.9859176
f 163/163/163 164/164/164 165/165/165
v 0.0194114 0.2602282 0.7225440
vn 0.0153884 0.1665630 -0.9859107
v 0.0000000 0.4100000 0.7475440
vn 0.0153884 0.1665630 -0.9859107
v 0.0737634 0.4031852 0.7475440
vn 0.0153884 0.1665630 -0.9859107
f 166/166/166 167/167/167 168/168/168
v 0.0000000 0.2620000 0.7225440
vn -0.0152096 0.1666296 -0.9859022
v -0.0194114 0.2602282 0.7225440
vn -0.0152096 0.1666296 -0.9859022
v -0.0737634 0.4031852 0.7475440
vn -0.0152096 0.1666296 -0.9859022
f 169/169/169 170/170/170 171/171/171
v 0.0000000 0.2620000 0.7225440
vn -0.0153862 0.1665395 -0.9859147
v -0.0737634 0.4031852 0.7475440
vn -0.0153862 0.1665395 -0.9859147
v 0.0000000 0.4100000 0.7475440
vn -0.0153862 0.1665395 -0.9859147
f 172/172/172 173/173/173 174/174/174
v -0.0194114 0.2602282 0.7225440
vn -0.0447477 0.1558127 -0.9867725
v -0.0375000 0.2550333 0.7225440
vn -0.0447477 0.1558127 -0.9867725
v -0.1425000 0.3832051 0.7475440
vn -0.0447477 0.1558127 -0.9867725
f 175/175/175 176/176/176 177/177/177
v -0.0194114 0.2602282 0.7225440
vn -0.0451707 0.1553987 -0.9868186
v -0.1425000 0.3832051 0.7475440
vn -0.0451707 0.1553987 -0.9868186
v -0.0737634 0.4031852 0.7475440
vn -0.0451707 0.1553987 -0.9868186
f 178/178/178 179/179/179 180/180/180
v -0.0375000 0.2550333 0.7225440
vn -0.0715756 0.1345371 -0.9883202
v -0.0530330 0.2467695 0.7225440
vn -0.0715756 0.1345371 -0.9883202
v -0.2015254 0.3514214 0.7475440
vn -0.0715756 0.1345371 -0.9883202
f 181/181/181 182/182/182 183/183/183
v -0.0375000 0.2550333 0.7225440
vn -0.0720343 0.1337746 -0.9883903
v -0.2015254 0.3514214 0.7475440
vn -0.0720343 0.1337746 -0.9883903
v -0.1425000 0.3832051 0.7475440
vn -0.0720343 0.1337746 -0.9883903
f 184/184/184 185/185/185 186/186/186
v -0.0530330 0.2467695 0.7225440
vn -0.0938488 0.1038646 -0.9901538
v -0.0649519 0.2360000 0.7225440
vn -0.0938488 0.1038646 -0.9901538
v -0.2468172 0.3100000 0.7475440
vn -0.0938488 0.1038646 -0.9901538
f 187/187/187 188/188/188 189/189/189
v -0.0530330 0.2467695 0.7225440
vn -0.0941548 0.1029528 -0.9902200
v -0.2468172 0.3100000 0.7475440
vn -0.0941548 0.1029528 -0.9902200
v -0.2015254 0.3514214 0.7475440
vn -0.0941548 0.1029528 -0.9902200
f 190/190/190 191/191/191 192/192/192
v -0.0649519 0.2360000 0.7225440
vn -0.1098419 0.0656221 -0.9917805
v -0.0724444 0.2234586 0.7225440
vn -0.1098419 0.0656221 -0.9917805
v -0.2752889 0.2617638 0.7475440
vn -0.1098419 0.0656221 -0.9917805
f 193/193/193 194/194/194 195/195/195
v -0.0649519 0.2360000 0.7225440
vn -0.1099361 0.0648902 -0.9918182
v -0.2752889 0.2617638 0.7475440
vn -0.1099361 0.0648902 -0.9918182
v -0.2468172 0.3100000 0.7475440
vn -0.1099361 0.0648902 -0.9918182
f 196/196/196 197/197/197 198/198/198
v -0.0724444 0.2234586 0.7225440
vn -0.1181830 0.0224410 -0.9927382
v -0.0750000 0.2100000 0.7225440
vn -0.1181830 0.0224410 -0.9927382
v -0.2850000 0.2100000 0.7475440
vn -0.1181830 0.0224410 -0.9927382
f 199/199/199 200/200/200 201/201/201
v -0.0724444 0.2234586 0.7225440
vn -0.1181667 0.0221687 -0.9927463
v -0.2850000 0.2100000 0.7475440
vn -0.1181667 0.0221687 -0.9927463
v -0.2752889 0.2617638 0.7475440
vn -0.1181667 0.0221687 -0.9927463
f 202/202/202 203/203/203 204/204/204
v -0.0750000 0.2100000 0.7225440
vn -0.1181176 -0.0224286 -0.9927463
v -0.0724444 0.1965414 0.7225440
vn -0.1181176 -0.0224286 -0.9927463
v -0.2752889 0.1582362 0.7475440
vn -0.1181176 -0.0224286 -0.9927463
f 205/205/205 206/206/206 207/207/207
v -0.0750000 0.2100000 0.7225440
vn -0.1181837 -0.0221719 -0.9927442
v -0.2752889 0.1582362 0.7475440
vn -0.1181837 -0.0221719 -0.9927442
v -0.2850000 0.2100000 0.7475440
vn -0.1181837 -0.0221719 -0.9927442
f 208/208/208 209/209/209 210/210/210
v -0.0724444 0.1965414 0.7225440
vn -0.1096766 -0.0655234 -0.9918053
v -0.0649519 0.1840000 0.7225440
vn -0.1096766 -0.0655234 -0.9918053
v -0.2468172 0.1100000 0.7475440
vn -0.1096766 -0.0655234 -0.9918053
f 211/211/211 212/212/212 213/213/213
v -0.0724444 0.1965414 0.7225440
vn -0.1099792 -0.0649157 -0.9918118
v -0.2468172 0.1100000 0.7475440
vn -0.1099792 -0.0649157 -0.9918118
v -0.2752889 0.1582362 0.7475440
vn -0.1099792 -0.0649157 -0.9918118
f 214/214/214 215/215/215 216/216/216
v -0.0649519 0.1840000 0.7225440
vn -0.0936573 -0.1036526 -0.9901940
v -0.0530330 0.1732305 0.7225440
vn -0.0936573 -0.1036526 -0.9901940
v -0.2015254 0.0685786 0.7475440
vn -0.0936573 -0.1036526 -0.9901940
f 217/217/217 218/218/218 219/219/219
v -0.0649519 0.1840000 0.7225440
vn -0.0942051 -0.1030077 -0.9902095
v -0.2015254 0.0685786 0.7475440
vn -0.0942051 -0.1030077 -0.9902095
v -0.2468172 0.1100000 0.7475440
vn -0.0942051 -0.1030077 -0.9902095
f 220/220/220 221/221/221 222/222/222
v -0.0530330 0.1732305 0.7225440
vn -0.0714307 -0.1342647 -0.9883677
v -0.0375000 0.1649667 0.7225440
vn -0.0714307 -0.1342647 -0.9883677
v -0.1425000 0.0367949 0.7475440
vn -0.0714307 -0.1342647 -0.9883677
f 223/223/223 224/224/224 225/225/225
v -0.0530330 0.1732305 0.7225440
vn -0.0720726 -0.1338457 -0.9883779
v -0.1425000 0.0367949 0.7475440
vn -0.0720726 -0.1338457 -0.9883779
v -0.2015254 0.0685786 0.7475440
vn -0.0720726 -0.1338457 -0.9883779
f 226/226/226 227/227/227 228/228/228
v -0.0375000 0.1649667 0.7225440
vn -0.0446816 -0.1555834 -0.9868117
v -0.0194114 0.1597719 0.7225440
vn -0.0446816 -0.1555834 -0.9868117
v -0.0737634 0.0168148 0.7475440
vn -0.0446816 -0.1555834 -0.9868117
f 229/229/229 230/230/230 231/231/231
v -0.0375000 0.1649667 0.7225440
vn -0.0451882 -0.1554588 -0.9868082
v -0.0737634 0.0168148 0.7475440
vn -0.0451882 -0.1554588 -0.9868082
v -0.1425000 0.0367949 0.7475440
vn -0.0451882 -0.1554588 -0.9868082
f 232/232/232 233/233/233 234/234/234
v -0.0194114 0.1597719 0.7225440
vn -0.0152016 -0.1665400 -0.9859176
v -0.0000000 0.1580000 0.7225440
vn -0.0152016 -0.1665400 -0.9859176
v -0.0000000 0.0100000 0.7475440
vn -0.0152016 -0.1665400 -0.9859176
f 235/235/235 236/236/236 237/237/237
v -0.0194114 0.1597719 0.7225440
vn -0.0153884 -0.1665630 -0.9859108
v -0.0000000 0.0100000 0.7475440
vn -0.0153884 -0.1665630 -0.9859108
v -0.0737634 0.0168148 0.7475440
vn -0.0153884 -0.1665630 -0.9859108
f 238/238/238 239/239/239 240/240/240
v -0.0000000 0.1580000 0.7225440
vn 0.0152097 -0.1666295 -0.9859023
v 0.0194114 0.1597719 0.7225440
vn 0.0152097 -0.1666295 -0.9859023
v 0.0737634 0.0168148 0.7475440
vn 0.0152097 -0.1666295 -0.9859023
f 241/241/241 242/242/242 243/243/243
v -0.0000000 0.1580000 0.7225440
vn 0.0153862 -0.1665395 -0.9859147
v 0.0737634 0.0168148 0.7475440
vn 0.0153862 -0.1665395 -0.9859147
v -0.0000000 0.0100000 0.7475440
vn 0.0153862 -0.1665395 -0.9859147
f 244/244/244 245/245/245 246/246/246
v 0.0194114 0.1597719 0.7225440
vn 0.0447475 -0.1558128 -0.9867725
v 0.0375000 0.1649667 0.7225440
vn 0.0447475 -0.1558128 -0.9867725
v 0.1425000 0.0367949 0.7475440
vn 0.0447475 -0.1558128 -0.9867725
f 247/247/247 248/248/248 249/249/249
v 0.0194114 0.1597719 0.7225440
vn 0.0451707 -0.1553986 -0.9868185
v 0.1425000 0.0367949 0.7475440
vn 0.0451707 -0.1553986 -0.9868185
v 0.0737634 0.0168148 0.7475440
vn 0.0451707 -0.1553986 -0.9868185
f 250/250/250 251/251/251 252/252/252
v 0.0375000 0.1649667 0.7225440
vn 0.0715756 -0.1345370 -0.9883202
v 0.0530330 0.1732305 0.7225440
vn 0.0715756 -0.1345370 -0.9883202
v 0.2015254 0.0685786 0.7475440
vn 0.0715756 -0.1345370 -0.9883202
f 253/253/253 254/254/254 255/255/255
v 0.0375000 0.1649667 0.7225440
vn 0.0720343 -0.1337747 -0.9883903
v 0.2015254 0.0685786 0.7475440
vn 0.0720343 -0.1337747 -0.9883903
v 0.1425000 0.0367949 0.7475440
vn 0.0720343 -0.1337747 -0.9883903
f 256/256/256 257/257/257 258/258/258
v 0.0530330 0.1732305 0.7225440
vn 0.0938488 -0.1038646 -0.9901538
v 0.0649519 0.1840000 0.7225440
vn 0.0938488 -0.1038646 -0.9901538
v 0.2468172 0.1100000 0.7475440
vn 0.0938488 -0.1038646 -0.9901538
f 259/259/259 260/260/260 261/261/261
v 0.0530330 0.1732305 0.7225440
vn 0.0941548 -0.1029528 -0.9902200
v 0.2468172 0.1100000 0.7475440
vn 0.0941548 -0.1029528 -0.9902200
v 0.2015254 0.0685786 0.7475440
vn 0.0941548 -0.1029528 -0.9902200
f 262/262/262 263/263/263 264/264/264
v 0.0649519 0.1840000 0.7225440
vn 0.1098419 -0.0656221 -0.9917805
v 0.0724444 0.1965414 0.7225440
vn 0.1098419 -0.0656221 -0.9917805
v 0.2752889 0.1582362 0.7475440
vn 0.1098419 -0.0656221 -0.9917805
f 265/265/265 266/266/266 267/267/267
v 0.0649519 0.1840000 0.7225440
vn 0.1099361 -0.0648902 -0.9918182
v 0.2752889 0.1582362 0.7475440
vn 0.1099361 -0.0648902 -0.9918182
v 0.2468172 0.1100000 0.7475440
vn 0.1099361 -0.0648902 -0.9918182
f 268/268/268 269/269/269 270/270/270
v 0.0724444 0.1965414 0.7225440
vn 0.1181830 -0.0224410 -0.9927382
v 0.0750000 0.2100000 0.7225440
vn 0.1181830 -0.0224410 -0.9927382
v 0.2850000 0.2100000 0.7475440
vn 0.1181830 -0.0224410 -0.9927382
f 271/271/271 272/272/272 273/273/273
v 0.0724444 0.1965414 0.7225440
vn 0.1181667 -0.0221687 -0.9927462
v 0.2850000 0.2100000 0.7475440
vn 0.1181667 -0.0221687 -0.9927462
v 0.2752889 0.1582362 0.7475440
vn 0.1181667 -0.0221687 -0.9927462
f 274/274/274 275/275/275 276/276/276
v 0.2850000 0.2100000 0.7475440
vn 0.7695444 0.1443703 -0.6220601
v 0.2752889 0.2617638 0.7475440
vn 0.7695444 0.1443703 -0.6220601
v 0.3332444 0.2759989 0.8225440
vn 0.7695444 0.1443703 -0.6220601
f 277/277/277 278/278/278 279/279/279
v 0.2850000 0.2100000 0.7475440
vn 0.7734237 0.1377607 -0.6187391
v 0.3332444 0.2759989 0.8225440
vn 0.7734237 0.1377607 -0.6187391
v 0.3450000 0.2100000 0.8225440
vn 0.7734237 0.1377607 -0.6187391
f 280/280/280 281/281/281 282/282/282
v 0.2752889 0.2617638 0.7475440
vn 0.6780432 0.4002177 -0.6165088
v 0.2468172 0.3100000 0.7475440
vn 0.6780432 0.4002177 -0.6165088
v 0.2987788 0.3375000 0.8225440
vn 0.6780432 0.4002177 -0.6165088
f 283/283/283 284/284/284 285/285/285
v 0.2752889 0.2617638 0.7475440
vn 0.6922308 0.3879306 -0.6085445
v 0.2987788 0.3375000 0.8225440
vn 0.6922308 0.3879306 -0.6085445
v 0.3332444 0.2759989 0.8225440
vn 0.6922308 0.3879306 -0.6085445
f 286/286/286 287/287/287 288/288/288
v 0.2468172 0.3100000 0.7475440
vn 0.5361652 0.5862650 -0.6073056
v 0.2015254 0.3514214 0.7475440
vn 0.5361652 0.5862650 -0.6073056
v 0.2439518 0.3903122 0.8225440
vn 0.5361652 0.5862650 -0.6073056
f 289/289/289 290/290/290 291/291/291
v 0.2468172 0.3100000 0.7475440
vn 0.5564062 0.5776323 -0.5972881
v 0.2439518 0.3903122 0.8225440
vn 0.5564062 0.5776323 -0.5972881
v 0.2987788 0.3375000 0.8225440
vn 0.5564062 0.5776323 -0.5972881
f 292/292/292 293/293/293 294/294/294
v 0.2015254 0.3514214 0.7475440
vn 0.3795031 0.7047737 -0.5993926
v 0.1425000 0.3832051 0.7475440
vn 0.3795031 0.7047737 -0.5993926
v 0.1725000 0.4308365 0.8225440
vn 0.3795031 0.7047737 -0.5993926
f 295/295/295 296/296/296 297/297/297
v 0.2015254 0.3514214 0.7475440
vn 0.3984360 0.7025174 -0.5896763
v 0.1725000 0.4308365 0.8225440
vn 0.3984360 0.7025174 -0.5896763
v 0.2439518 0.3903122 0.8225440
vn 0.3984360 0.7025174 -0.5896763
f 298/298/298 299/299/299 300/300/300
v 0.1425000 0.3832051 0.7475440
vn 0.2245870 0.7726367 -0.5937957
v 0.0737634 0.4031852 0.7475440
vn 0.2245870 0.7726367 -0.5937957
v 0.0892926 0.4563111 0.8225440
vn 0.2245870 0.7726367 -0.5937957
f 301/301/301 302/302/302 303/303/303
v 0.1425000 0.3832051 0.7475440
vn 0.2370816 0.7743770 -0.5866280
v 0.0892926 0.4563111 0.8225440
vn 0.2370816 0.7743770 -0.5866280
v 0.1725000 0.4308365 0.8225440
vn 0.2370816 0.7743770 -0.5866280
f 304/304/304 305/305/305 306/306/306
v 0.0737634 0.4031852 0.7475440
vn 0.0742960 0.8041762 -0.5897294
v 0.0000000 0.4100000 0.7475440
vn 0.0742960 0.8041762 -0.5897294
v 0.0000000 0.4650000 0.8225440
vn 0.0742960 0.8041762 -0.5897294
f 307/307/307 308/308/308 309/309/309
v 0.0737634 0.4031852 0.7475440
vn 0.0784090 0.8057779 -0.5870043
v 0.0000000 0.4650000 0.8225440
vn 0.0784090 0.8057779 -0.5870043
v 0.0892926 0.4563111 0.8225440
vn 0.0784090 0.8057779 -0.5870043
f 310/310/310 311/311/311 312/312/312
v 0.0000000 0.4100000 0.7475440
vn -0.0745025 0.8064108 -0.5866438
v -0.0737634 0.4031852 0.7475440
vn -0.0745025 0.8064108 -0.5866438
v -0.0892926 0.4563111 0.8225440
vn -0.0745025 0.8064108 -0.5866438
f 313/313/313 314/314/314 315/315/315
v 0.0000000 0.4100000 0.7475440
vn -0.0782296 0.8039336 -0.5895514
v -0.0892926 0.4563111 0.8225440
vn -0.0782296 0.8039336 -0.5895514
v 0.0000000 0.4650000 0.8225440
vn -0.0782296 0.8039336 -0.5895514
f 316/316/316 317/317/317 318/318/318
v -0.0737634 0.4031852 0.7475440
vn -0.2263577 0.7787284 -0.5851020
v -0.1425000 0.3832051 0.7475440
vn -0.2263577 0.7787284 -0.5851020
v -0.1725000 0.4308365 0.8225440
vn -0.2263577 0.7787284 -0.5851020
f 319/319/319 320/320/320 321/321/321
v -0.0737634 0.4031852 0.7475440
vn -0.2355541 0.7693877 -0.5937652
v -0.1725000 0.4308365 0.8225440
vn -0.2355541 0.7693877 -0.5937652
v -0.0892926 0.4563111 0.8225440
vn -0.2355541 0.7693877 -0.5937652
f 322/322/322 323/323/323 324/324/324
v -0.1425000 0.3832051 0.7475440
vn -0.3838878 0.7129166 -0.5868391
v -0.2015254 0.3514214 0.7475440
vn -0.3838878 0.7129166 -0.5868391
v -0.2439518 0.3903122 0.8225440
vn -0.3838878 0.7129166 -0.5868391
f 325/325/325 326/326/326 327/327/327
v -0.1425000 0.3832051 0.7475440
vn -0.3947133 0.6959535 -0.5998751
v -0.2439518 0.3903122 0.8225440
vn -0.3947133 0.6959535 -0.5998751
v -0.1725000 0.4308365 0.8225440
vn -0.3947133 0.6959535 -0.5998751
f 328/328/328 329/329/329 330/330/330
v -0.2015254 0.3514214 0.7475440
vn -0.5429732 0.5937092 -0.5938764
v -0.2468172 0.3100000 0.7475440
vn -0.5429732 0.5937092 -0.5938764
v -0.2987788 0.3375000 0.8225440
vn -0.5429732 0.5937092 -0.5938764
f 331/331/331 332/332/332 333/333/333
v -0.2015254 0.3514214 0.7475440
vn -0.5507661 0.5717770 -0.6080525
v -0.2987788 0.3375000 0.8225440
vn -0.5507661 0.5717770 -0.6080525
v -0.2439518 0.3903122 0.8225440
vn -0.5507661 0.5717770 -0.6080525
f 334/334/334 335/335/335 336/336/336
v -0.2468172 0.3100000 0.7475440
vn -0.6849925 0.4043195 -0.6060619
v -0.2752889 0.2617638 0.7475440
vn -0.6849925 0.4043195 -0.6060619
v -0.3332444 0.2759989 0.8225440
vn -0.6849925 0.4043195 -0.6060619
f 337/337/337 338/338/338 339/339/339
v -0.2468172 0.3100000 0.7475440
vn -0.6866403 0.3847977 -0.6168110
v -0.3332444 0.2759989 0.8225440
vn -0.6866403 0.3847977 -0.6168110
v -0.2987788 0.3375000 0.8225440
vn -0.6866403 0.3847977 -0.6168110
f 340/340/340 341/341/341 342/342/342
v -0.2752889 0.2617638 0.7475440
vn -0.7726222 0.1449477 -0.6180979
v -0.2850000 0.2100000 0.7475440
vn -0.7726222 0.1449477 -0.6180979
v -0.3450000 0.2100000 0.8225440
vn -0.7726222 0.1449477 -0.6180979
f 343/343/343 344/344/344 345/345/345
v -0.2752889 0.2617638 0.7475440
vn -0.7710016 0.1373293 -0.6218497
v -0.3450000 0.2100000 0.8225440
vn -0.7710016 0.1373293 -0.6218497
v -0.3332444 0.2759989 0.8225440
vn -0.7710016 0.1373293 -0.6218497
f 346/346/346 347/347/347 348/348/348
v -0.2850000 0.2100000 0.7475440
vn -0.7695443 -0.1443703 -0.6220600
v -0.2752889 0.1582362 0.7475440
vn -0.7695443 -0.1443703 -0.6220600
v -0.3332444 0.1440011 0.8225440
vn -0.7695443 -0.1443703 -0.6220600
f 349/349/349 350/350/350 351/351/351
v -0.2850000 0.2100000 0.7475440
vn -0.7734236 -0.1377607 -0.6187390
v -0.3332444 0.1440011 0.8225440
vn -0.7734236 -0.1377607 -0.6187390
v -0.3450000 0.2100000 0.8225440
vn -0.7734236 -0.1377607 -0.6187390
f 352/352/352 353/353/353 354/354/354
v -0.2752889 0.1582362 0.7475440
vn -0.6780432 -0.4002177 -0.6165087
v -0.2468172 0.1100000 0.7475440
vn -0.6780432 -0.4002177 -0.6165087
v -0.2987788 0.0825000 0.8225440
vn -0.6780432 -0.4002177 -0.6165087
f 355/355/355 356/356/356 357/357/357
v -0.2752889 0.1582362 0.7475440
vn -0.6922306 -0.3879306 -0.6085445
v -0.2987788 0.0825000 0.8225440
vn -0.6922306 -0.3879306 -0.6085445
v -0.3332444 0.1440011 0.8225440
vn -0.6922306 -0.3879306 -0.6085445
f 358/358/358 359/359/359 360/360/360
v -0.2468172 0.1100000 0.7475440
vn -0.5361652 -0.5862650 -0.6073058
v -0.2015254 0.0685786 0.7475440
vn -0.5361652 -0.5862650 -0.6073058
v -0.2439518 0.0296878 0.8225440
vn -0.5361652 -0.5862650 -0.6073058
f 361/361/361 362/362/362 363/363/363
v -0.2468172 0.1100000 0.7475440
vn -0.5564063 -0.5776322 -0.5972881
v -0.2439518 0.0296878 0.8225440
vn -0.5564063 -0.5776322 -0.5972881
v -0.2987788 0.0825000 0.8225440
vn -0.5564063 -0.5776322 -0.5972881
f 364/364/364 365/365/365 366/366/366
v -0.2015254 0.0685786 0.7475440
vn -0.3795030 -0.7047736 -0.5993927
v -0.1425000 0.0367949 0.7475440
vn -0.3795030 -0.7047736 -0.5993927
v -0.1725000 -0.0108365 0.8225440
vn -0.3795030 -0.7047736 -0.5993927
f 367/367/367 368/368/368 369/369/369
v -0.2015254 0.0685786 0.7475440
vn -0.3984360 -0.7025173 -0.5896764
v -0.1725000 -0.0108365 0.8225440
vn -0.3984360 -0.7025173 -0.5896764
v -0.2439518 0.0296878 0.8225440
vn -0.3984360 -0.7025173 -0.5896764
f 370/370/370 371/371/371 372/372/372
v -0.1425000 0.0367949 0.7475440
vn -0.2245871 -0.7726365 -0.5937957
v -0.0737634 0.0168148 0.7475440
vn -0.2245871 -0.7726365 -0.5937957
v -0.0892926 -0.0363111 0.8225440
vn -0.2245871 -0.7726365 -0.5937957
f 373/373/373 374/374/374 375/375/375
v -0.1425000 0.0367949 0.7475440
vn -0.2370816 -0.7743770 -0.5866282
v -0.0892926 -0.0363111 0.8225440
vn -0.2370816 -0.7743770 -0.5866282
v -0.1725000 -0.0108365 0.8225440
vn -0.2370816 -0.7743770 -0.5866282
f 376/376/376 377/377/377 378/378/378
v -0.0737634 0.0168148 0.7475440
vn -0.0742960 -0.8041762 -0.5897293
v -0.0000000 0.0100000 0.7475440
vn -0.0742960 -0.8041762 -0.5897293
v -0.0000000 -0.0450000 0.8225440
vn -0.0742960 -0.8041762 -0.5897293
f 379/379/379 380/380/380 381/381/381
v -0.0737634 0.0168148 0.7475440
vn -0.0784089 -0.8057778 -0.5870042
v -0.0000000 -0.0450000 0.8225440
vn -0.0784089 -0.8057778 -0.5870042
v -0.0892926 -0.0363111 0.8225440
vn -0.0784089 -0.8057778 -0.5870042
f 382/382/382 383/383/383 384/384/384
v -0.0000000 0.0100000 0.7475440
vn 0.0745025 -0.8064108 -0.5866438
v 0.0737634 0.0168148 0.7475440
vn 0.0745025 -0.8064108 -0.5866438
v 0.0892926 -0.0363111 0.8225440
vn 0.0745025 -0.8064108 -0.5866438
f 385/385/385 386/386/386 387/387/387
v -0.0000000 0.0100000 0.7475440
vn 0.0782295 -0.8039336 -0.5895514
v 0.0892926 -0.0363111 0.8225440
vn 0.0782295 -0.8039336 -0.5895514
v -0.0000000 -0.0450000 0.8225440
vn 0.0782295 -0.8039336 -0.5895514
f 388/388/388 389/389/389 390/390/390
v 0.0737634 0.0168148 0.7475440
vn 0.2263578 -0.7787282 -0.5851021
v 0.1425000 0.0367949 0.7475440
vn 0.2263578 -0.7787282 -0.5851021
v 0.1725000 -0.0108365 0.8225440
vn 0.2263578 -0.7787282 -0.5851021
f 391/391/391 392/392/392 393/393/393
v 0.0737634 0.0168148 0.7475440
vn 0.2355541 -0.7693877 -0.5937652
v 0.1725000 -0.0108365 0.8225440
vn 0.2355541 -0.7693877 -0.5937652
v 0.0892926 -0.0363111 0.8225440
vn 0.2355541 -0.7693877 -0.5937652
f 394/394/394 395/395/395 396/396/396
v 0.1425000 0.0367949 0.7475440
vn 0.3838878 -0.7129165 -0.5868391
v 0.2015254 0.0685786 0.7475440
vn 0.3838878 -0.7129165 -0.5868391
v 0.2439518 0.0296878 0.8225440
vn 0.3838878 -0.7129165 -0.5868391
f 397/397/397 398/398/398 399/399/399
v 0.1425000 0.0367949 0.7475440
vn 0.3947133 -0.6959534 -0.5998752
v 0.2439518 0.0296878 0.8225440
vn 0.3947133 -0.6959534 -0.5998752
v 0.1725000 -0.0108365 0.8225440
vn 0.3947133 -0.6959534 -0.5998752
f 400/400/400 401/401/401 402/402/402
v 0.2015254 0.0685786 0.7475440
vn 0.5429733 -0.5937093 -0.5938764
v 0.2468172 0.1100000 0.7475440
vn 0.5429733 -0.5937093 -0.5938764
v 0.2987788 0.0825000 0.8225440
vn 0.5429733 -0.5937093 -0.5938764
f 403/403/403 404/404/404 405/405/405
v 0.2015254 0.0685786 0.7475440
vn 0.5507662 -0.5717770 -0.6080526
v 0.2987788 0.0825000 0.8225440
vn 0.5507662 -0.5717770 -0.6080526
v 0.2439518 0.0296878 0.8225440
vn 0.5507662 -0.5717770 -0.6080526
f 406/406/406 407/407/407 408/408/408
v 0.2468172 0.1100000 0.7475440
vn 0.6849925 -0.4043195 -0.6060619
v 0.2752889 0.1582362 0.7475440
vn 0.6849925 -0.4043195 -0.6060619
v 0.3332444 0.1440011 0.8225440
vn 0.6849925 -0.4043195 -0.6060619
f 409/409/409 410/410/410 411/411/411
v 0.2468172 0.1100000 0.7475440
vn 0.6866403 -0.3847977 -0.6168110
v 0.3332444 0.1440011 0.8225440
vn 0.6866403 -0.3847977 -0.6168110
v 0.2987788 0.0825000 0.8225440
vn 0.6866403 -0.3847977 -0.6168110
f 412/412/412 413/413/413 414/414/414
v 0.2752889 0.1582362 0.7475440
vn 0.7726222 -0.1449478 -0.6180980
v 0.2850000 0.2100000 0.7475440
vn 0.7726222 -0.1449478 -0.6180980
v 0.3450000 0.2100000 0.8225440
vn 0.7726222 -0.1449478 -0.6180980
f 415/415/415 416/416/416 417/417/417
v 0.2752889 0.1582362 0.7475440
vn 0.7710016 -0.1373293 -0.6218498
v 0.3450000 0.2100000 0.8225440
vn 0.7710016 -0.1373293 -0.6218498
v 0.3332444 0.1440011 0.8225440
vn 0.7710016 -0.1373293 -0.6218498
f 418/418/418 419/419/419 420/420/420
v 0.3450000 0.2100000 0.8225440
vn 0.9734749 0.1733934 -0.1492695
v 0.3332444 0.2759989 0.8225440
vn 0.9734749 0.1733934 -0.1492695
v 0.3380740 0.2772929 0.8555440
vn 0.9734749 0.1733934 -0.1492695
f 421/421/421 422/422/422 423/423/423
v 0.3450000 0.2100000 0.8225440
vn 0.9738777 0.1725951 -0.1475571
v 0.3380740 0.2772929 0.8555440
vn 0.9738777 0.1725951 -0.1475571
v 0.3500000 0.2100000 0.8555440
vn 0.9738777 0.1725951 -0.1475571
f 424/424/424 425/425/425 426/426/426
v 0.3332444 0.2759989 0.8225440
vn 0.8625123 0.4833575 -0.1497934
v 0.2987788 0.3375000 0.8225440
vn 0.8625123 0.4833575 -0.1497934
v 0.3031089 0.3400000 0.8555440
vn 0.8625123 0.4833575 -0.1497934
f 427/427/427 428/428/428 429/429/429
v 0.3332444 0.2759989 0.8225440
vn 0.8641235 0.4818307 -0.1453609
v 0.3031089 0.3400000 0.8555440
vn 0.8641235 0.4818307 -0.1453609
v 0.3380740 0.2772929 0.8555440
vn 0.8641235 0.4818307 -0.1453609
f 430/430/430 431/431/431 432/432/432
v 0.2987788 0.3375000 0.8225440
vn 0.6859243 0.7120913 -0.1497797
v 0.2439518 0.3903122 0.8225440
vn 0.6859243 0.7120913 -0.1497797
v 0.2474874 0.3938478 0.8555440
vn 0.6859243 0.7120913 -0.1497797
f 433/433/433 434/434/434 435/435/435
v 0.2987788 0.3375000 0.8225440
vn 0.6882908 0.7109635 -0.1441756
v 0.2474874 0.3938478 0.8555440
vn 0.6882908 0.7109635 -0.1441756
v 0.3031089 0.3400000 0.8555440
vn 0.6882908 0.7109635 -0.1441756
f 436/436/436 437/437/437 438/438/438
v 0.2439518 0.3903122 0.8225440
vn 0.4877671 0.8600249 -0.1498011
v 0.1725000 0.4308365 0.8225440
vn 0.4877671 0.8600249 -0.1498011
v 0.1750000 0.4351666 0.8555440
vn 0.4877671 0.8600249 -0.1498011
f 439/439/439 440/440/440 441/441/441
v 0.2439518 0.3903122 0.8225440
vn 0.4900079 0.8596416 -0.1445979
v 0.1750000 0.4351666 0.8555440
vn 0.4900079 0.8596416 -0.1445979
v 0.2474874 0.3938478 0.8555440
vn 0.4900079 0.8596416 -0.1445979
f 442/442/442 443/443/443 444/444/444
v 0.1725000 0.4308365 0.8225440
vn 0.2894458 0.9454135 -0.1497146
v 0.0892926 0.4563111 0.8225440
vn 0.2894458 0.9454135 -0.1497146
v 0.0905867 0.4611407 0.8555440
vn 0.2894458 0.9454135 -0.1497146
f 445/445/445 446/446/446 447/447/447
v 0.1725000 0.4308365 0.8225440
vn 0.2909380 0.9455197 -0.1461081
v 0.0905867 0.4611407 0.8555440
vn 0.2909380 0.9455197 -0.1461081
v 0.1750000 0.4351666 0.8555440
vn 0.2909380 0.9455197 -0.1461081
f 448/448/448 449/449/449 450/450/450
v 0.0892926 0.4563111 0.8225440
vn 0.0957682 0.9841712 -0.1491167
v 0.0000000 0.4650000 0.8225440
vn 0.0957682 0.9841712 -0.1491167
v 0.0000000 0.4700000 0.8555440
vn 0.0957682 0.9841712 -0.1491167
f 451/451/451 452/452/452 453/453/453
v 0.0892926 0.4563111 0.8225440
vn 0.0962651 0.9843163 -0.1478326
v 0.0000000 0.4700000 0.8555440
vn 0.0962651 0.9843163 -0.1478326
v 0.0905867 0.4611407 0.8555440
vn 0.0962651 0.9843163 -0.1478326
f 454/454/454 455/455/455 456/456/456
v 0.0000000 0.4650000 0.8225440
vn -0.0957871 0.9843646 -0.1478209
v -0.0892926 0.4563111 0.8225440
vn -0.0957871 0.9843646 -0.1478209
v -0.0905867 0.4611407 0.8555440
vn -0.0957871 0.9843646 -0.1478209
f 457/457/457 458/458/458 459/459/459
v 0.0000000 0.4650000 0.8225440
vn -0.0962464 0.9841254 -0.1491098
v -0.0905867 0.4611407 0.8555440
vn -0.0962464 0.9841254 -0.1491098
v 0.0000000 0.4700000 0.8555440
vn -0.0962464 0.9841254 -0.1491098
f 460/460/460 461/461/461 462/462/462
v -0.0892926 0.4563111 0.8225440
vn -0.2896057 0.9459358 -0.1460618
v -0.1725000 0.4308365 0.8225440
vn -0.2896057 0.9459358 -0.1460618
v -0.1750000 0.4351666 0.8555440
vn -0.2896057 0.9459358 -0.1460618
f 463/463/463 464/464/464 465/465/465
v -0.0892926 0.4563111 0.8225440
vn -0.2907797 0.9450053 -0.1497072
v -0.1750000 0.4351666 0.8555440
vn -0.2907797 0.9450053 -0.1497072
v -0.0905867 0.4611407 0.8555440
vn -0.2907797 0.9450053 -0.1497072
f 466/466/466 467/467/467 468/468/468
v -0.1725000 0.4308365 0.8225440
vn -0.4881552 0.8607092 -0.1445138
v -0.2439518 0.3903122 0.8225440
vn -0.4881552 0.8607092 -0.1445138
v -0.2474874 0.3938478 0.8555440
vn -0.4881552 0.8607092 -0.1445138
f 469/469/469 470/470/470 471/471/471
v -0.1725000 0.4308365 0.8225440
vn -0.4896243 0.8589686 -0.1498032
v -0.2474874 0.3938478 0.8555440
vn -0.4896243 0.8589686 -0.1498032
v -0.1750000 0.4351666 0.8555440
vn -0.4896243 0.8589686 -0.1498032
f 472/472/472 473/473/473 474/474/474
v -0.2439518 0.3903122 0.8225440
vn -0.6865122 0.7127017 -0.1440739
v -0.2987788 0.3375000 0.8225440
vn -0.6865122 0.7127017 -0.1440739
v -0.3031089 0.3400000 0.8555440
vn -0.6865122 0.7127017 -0.1440739
f 475/475/475 476/476/476 477/477/477
v -0.2439518 0.3903122 0.8225440
vn -0.6877109 0.7103645 -0.1497861
v -0.3031089 0.3400000 0.8555440
vn -0.6877109 0.7103645 -0.1497861
v -0.2474874 0.3938478 0.8555440
vn -0.6877109 0.7103645 -0.1497861
f 478/478/478 479/479/479 480/480/480
v -0.2987788 0.3375000 0.8225440
vn -0.8630991 0.4836864 -0.1452838
v -0.3332444 0.2759989 0.8225440
vn -0.8630991 0.4836864 -0.1452838
v -0.3380740 0.2772929 0.8555440
vn -0.8630991 0.4836864 -0.1452838
f 481/481/481 482/482/482 483/483/483
v -0.2987788 0.3375000 0.8225440
vn -0.8635464 0.4815089 -0.1497891
v -0.3380740 0.2772929 0.8555440
vn -0.8635464 0.4815089 -0.1497891
v -0.3031089 0.3400000 0.8555440
vn -0.8635464 0.4815089 -0.1497891
f 484/484/484 485/485/485 486/486/486
v -0.3332444 0.2759989 0.8225440
vn -0.9737312 0.1734390 -0.1475349
v -0.3450000 0.2100000 0.8225440
vn -0.9737312 0.1734390 -0.1475349
v -0.3500000 0.2100000 0.8555440
vn -0.9737312 0.1734390 -0.1475349
f 487/487/487 488/488/488 489/489/489
v -0.3332444 0.2759989 0.8225440
vn -0.9736263 0.1725505 -0.1492586
v -0.3500000 0.2100000 0.8555440
vn -0.9736263 0.1725505 -0.1492586
v -0.3380740 0.2772929 0.8555440
vn -0.9736263 0.1725505 -0.1492586
f 490/490/490 491/491/491 492/492/492
v -0.3450000 0.2100000 0.8225440
vn -0.9734749 -0.1733934 -0.1492696
v -0.3332444 0.1440011 0.8225440
vn -0.9734749 -0.1733934 -0.1492696
v -0.3380740 0.1427070 0.8555440
vn -0.9734749 -0.1733934 -0.1492696
f 493/493/493 494/494/494 495/495/495
v -0.3450000 0.2100000 0.8225440
vn -0.9738777 -0.1725951 -0.1475571
v -0.3380740 0.1427070 0.8555440
vn -0.9738777 -0.1725951 -0.1475571
v -0.3500000 0.2100000 0.8555440
vn -0.9738777 -0.1725951 -0.1475571
f 496/496/496 497/497/497 498/498/498
v -0.3332444 0.1440011 0.8225440
vn -0.8625122 -0.4833575 -0.1497935
v -0.2987788 0.0825000 0.8225440
vn -0.8625122 -0.4833575 -0.1497935
v -0.3031089 0.0800000 0.8555440
vn -0.8625122 -0.4833575 -0.1497935
f 499/499/499 500/500/500 501/501/501
v -0.3332444 0.1440011 0.8225440
vn -0.8641234 -0.4818307 -0.1453612
v -0.3031089 0.0800000 0.8555440
vn -0.8641234 -0.4818307 -0.1453612
v -0.3380740 0.1427070 0.8555440
vn -0.8641234 -0.4818307 -0.1453612
f 502/502/502 503/503/503 504/504/504
v -0.2987788 0.0825000 0.8225440
vn -0.6859244 -0.7120912 -0.1497796
v -0.2439518 0.0296878 0.8225440
vn -0.6859244 -0.7120912 -0.1497796
v -0.2474874 0.0261522 0.8555440
vn -0.6859244 -0.7120912 -0.1497796
f 505/505/505 506/506/506 507/507/507
v -0.2987788 0.0825000 0.8225440
vn -0.6882908 -0.7109635 -0.1441757
v -0.2474874 0.0261522 0.8555440
vn -0.6882908 -0.7109635 -0.1441757
v -0.3031089 0.0800000 0.8555440
vn -0.6882908 -0.7109635 -0.1441757
f 508/508/508 509/509/509 510/510/510
v -0.2439518 0.0296878 0.8225440
vn -0.4877672 -0.8600249 -0.1498010
v -0.1725000 -0.0108365 0.8225440
vn -0.4877672 -0.8600249 -0.1498010
v -0.1750000 -0.0151666 0.8555440
vn -0.4877672 -0.8600249 -0.1498010
f 511/511/511 512/512/512 513/513/513
v -0.2439518 0.0296878 0.8225440
vn -0.4900080 -0.8596415 -0.1445978
v -0.1750000 -0.0151666 0.8555440
vn -0.4900080 -0.8596415 -0.1445978
v -0.2474874 0.0261522 0.8555440
vn -0.4900080 -0.8596415 -0.1445978
f 514/514/514 515/515/515 516/516/516
v -0.1725000 -0.0108365 0.8225440
vn -0.2894458 -0.9454135 -0.1497142
v -0.0892926 -0.0363111 0.8225440
vn -0.2894458 -0.9454135 -0.1497142
v -0.0905867 -0.0411407 0.8555440
vn -0.2894458 -0.9454135 -0.1497142
f 517/517/517 518/518/518 519/519/519
v -0.1725000 -0.0108365 0.8225440
vn -0.2909379 -0.9455198 -0.1461080
v -0.0905867 -0.0411407 0.8555440
vn -0.2909379 -0.9455198 -0.1461080
v -0.1750000 -0.0151666 0.8555440
vn -0.2909379 -0.9455198 -0.1461080
f 520/520/520 521/521/521 522/522/522
v -0.0892926 -0.0363111 0.8225440
vn -0.0957681 -0.9841710 -0.1491168
v -0.0000000 -0.0450000 0.8225440
vn -0.0957681 -0.9841710 -0.1491168
v -0.0000000 -0.0500000 0.8555440
vn -0.0957681 -0.9841710 -0.1491168
f 523/523/523 524/524/524 525/525/525
v -0.0892926 -0.0363111 0.8225440
vn -0.0962651 -0.9843163 -0.1478322
v -0.0000000 -0.0500000 0.8555440
vn -0.0962651 -0.9843163 -0.1478322
v -0.0905867 -0.0411407 0.8555440
vn -0.0962651 -0.9843163 -0.1478322
f 526/526/526 527/527/527 528/528/528
v -0.0000000 -0.0450000 0.8225440
vn 0.0957869 -0.9843647 -0.1478205
v 0.0892926 -0.0363111 0.8225440
vn 0.0957869 -0.9843647 -0.1478205
v 0.0905867 -0.0411407 0.8555440
vn 0.0957869 -0.9843647 -0.1478205
f 529/529/529 530/530/530 531/531/531
v -0.0000000 -0.0450000 0.8225440
vn 0.0962465 -0.9841254 -0.1491099
v 0.0905867 -0.0411407 0.8555440
vn 0.0962465 -0.9841254 -0.1491099
v -0.0000000 -0.0500000 0.8555440
vn 0.0962465 -0.9841254 -0.1491099
f 532/532/532 533/533/533 534/534/534
v 0.0892926 -0.0363111 0.8225440
vn 0.2896057 -0.9459358 -0.1460617
v 0.1725000 -0.0108365 0.8225440
vn 0.2896057 -0.9459358 -0.1460617
v 0.1750000 -0.0151666 0.8555440
vn 0.2896057 -0.9459358 -0.1460617
f 535/535/535 536/536/536 537/537/537
v 0.0892926 -0.0363111 0.8225440
vn 0.2907796 -0.9450054 -0.1497068
v 0.1750000 -0.0151666 0.8555440
vn 0.2907796 -0.9450054 -0.1497068
v 0.0905867 -0.0411407 0.8555440
vn 0.2907796 -0.9450054 -0.1497068
f 538/538/538 539/539/539 540/540/540
v 0.1725000 -0.0108365 0.8225440
vn 0.4881553 -0.8607092 -0.1445137
v 0.2439518 0.0296878 0.8225440
vn 0.4881553 -0.8607092 -0.1445137
v 0.2474874 0.0261522 0.8555440
vn 0.4881553 -0.8607092 -0.1445137
f 541/541/541 542/542/542 543/543/543
v 0.1725000 -0.0108365 0.8225440
vn 0.4896244 -0.8589686 -0.1498031
v 0.2474874 0.0261522 0.8555440
vn 0.4896244 -0.8589686 -0.1498031
v 0.1750000 -0.0151666 0.8555440
vn 0.4896244 -0.8589686 -0.1498031
f 544/544/544 545/545/545 546/546/546
v 0.2439518 0.0296878 0.8225440
vn 0.6865123 -0.7127016 -0.1440741
v 0.2987788 0.0825000 0.8225440
vn 0.6865123 -0.7127016 -0.1440741
v 0.3031089 0.0800000 0.8555440
vn 0.6865123 -0.7127016 -0.1440741
f 547/547/547 548/548/548 549/549/549
v 0.2439518 0.0296878 0.8225440
vn 0.6877110 -0.7103646 -0.1497859
v 0.3031089 0.0800000 0.8555440
vn 0.6877110 -0.7103646 -0.1497859
v 0.2474874 0.0261522 0.8555440
vn 0.6877110 -0.7103646 -0.1497859
f 550/550/550 551/551/551 552/552/552
v 0.2987788 0.0825000 0.8225440
vn 0.8630990 -0.4836864 -0.1452840
v 0.3332444 0.1440011 0.8225440
vn 0.8630990 -0.4836864 -0.1452840
v 0.3380740 0.1427070 0.8555440
vn 0.8630990 -0.4836864 -0.1452840
f 553/553/553 554/554/554 555/555/555
v 0.2987788 0.0825000 0.8225440
vn 0.8635464 -0.4815090 -0.1497891
v 0.3380740 0.1427070 0.8555440
vn 0.8635464 -0.4815090 -0.1497891
v 0.3031089 0.0800000 0.8555440
vn 0.8635464 -0.4815090 -0.1497891
f 556/556/556 557/557/557 558/558/558
v 0.3332444 0.1440011 0.8225440
vn 0.9737312 -0.1734391 -0.1475349
v 0.3450000 0.2100000 0.8225440
vn 0.9737312 -0.1734391 -0.1475349
v 0.3500000 0.2100000 0.8555440
vn 0.9737312 -0.1734391 -0.1475349
f 559/559/559 560/560/560 561/561/561
v 0.3332444 0.1440011 0.8225440
vn 0.9736263 -0.1725505 -0.1492587
v 0.3500000 0.2100000 0.8555440
vn 0.9736263 -0.1725505 -0.1492587
v 0.3380740 0.1427070 0.8555440
vn 0.9736263 -0.1725505 -0.1492587
f 562/562/562 563/563/563 564/564/564
v 0.3500000 0.2100000 0.8555440
vn 0.6729994 0.1192721 0.7299629
v 0.3380740 0.2772929 0.8555440
vn 0.6729994 0.1192721 0.7299629
v 0.3255170 0.2747048 0.8675440
vn 0.6729994 0.1192721 0.7299629
f 565/565/565 566/566/566 567/567/567
v 0.3500000 0.2100000 0.8555440
vn 0.6734201 0.1195104 0.7295359
v 0.3255170 0.2747048 0.8675440
vn 0.6734201 0.1195104 0.7295359
v 0.3370000 0.2100000 0.8675440
vn 0.6734201 0.1195104 0.7295359
f 568/568/568 569/569/569 570/570/570
v 0.3380740 0.2772929 0.8555440
vn 0.6107292 0.3405393 0.7148725
v 0.3031089 0.3400000 0.8555440
vn 0.6107292 0.3405393 0.7148725
v 0.2918506 0.3350000 0.8675440
vn 0.6107292 0.3405393 0.7148725
f 571/571/571 572/572/572 573/573/573
v 0.3380740 0.2772929 0.8555440
vn 0.6116131 0.3415000 0.7136577
v 0.2918506 0.3350000 0.8675440
vn 0.6116131 0.3415000 0.7136577
v 0.3255170 0.2747048 0.8675440
vn 0.6116131 0.3415000 0.7136577
f 574/574/574 575/575/575 576/576/576
v 0.3031089 0.3400000 0.8555440
vn 0.5027249 0.5192850 0.6910938
v 0.2474874 0.3938478 0.8555440
vn 0.5027249 0.5192850 0.6910938
v 0.2382950 0.3867767 0.8675440
vn 0.5027249 0.5192850 0.6910938
f 577/577/577 578/578/578 579/579/579
v 0.3031089 0.3400000 0.8555440
vn 0.5035033 0.5208022 0.6893834
v 0.2382950 0.3867767 0.8675440
vn 0.5035033 0.5208022 0.6893834
v 0.2918506 0.3350000 0.8675440
vn 0.5035033 0.5208022 0.6893834
f 580/580/580 581/581/581 582/582/582
v 0.2474874 0.3938478 0.8555440
vn 0.3689641 0.6472893 0.6669949
v 0.1750000 0.4351666 0.8555440
vn 0.3689641 0.6472893 0.6669949
v 0.1685000 0.4265063 0.8675440
vn 0.3689641 0.6472893 0.6669949
f 583/583/583 584/584/584 585/585/585
v 0.2474874 0.3938478 0.8555440
vn 0.3693460 0.6488477 0.6652670
v 0.1685000 0.4265063 0.8675440
vn 0.3693460 0.6488477 0.6652670
v 0.2382950 0.3867767 0.8675440
vn 0.3693460 0.6488477 0.6652670
f 586/586/586 587/587/587 588/588/588
v 0.1750000 0.4351666 0.8555440
vn 0.2238828 0.7275971 0.6484434
v 0.0905867 0.4611407 0.8555440
vn 0.2238828 0.7275971 0.6484434
v 0.0872220 0.4514815 0.8675440
vn 0.2238828 0.7275971 0.6484434
f 589/589/589 590/590/590 591/591/591
v 0.1750000 0.4351666 0.8555440
vn 0.2239169 0.7287060 0.6471852
v 0.0872220 0.4514815 0.8675440
vn 0.2239169 0.7287060 0.6471852
v 0.1685000 0.4265063 0.8675440
vn 0.2239169 0.7287060 0.6471852
f 592/592/592 593/593/593 594/594/594
v 0.0905867 0.4611407 0.8555440
vn 0.0749201 0.7660632 0.6383840
v 0.0000000 0.4700000 0.8555440
vn 0.0749201 0.7660632 0.6383840
v 0.0000000 0.4600000 0.8675440
vn 0.0749201 0.7660632 0.6383840
f 595/595/595 596/596/596 597/597/597
v 0.0905867 0.4611407 0.8555440
vn 0.0748552 0.7664475 0.6379302
v 0.0000000 0.4600000 0.8675440
vn 0.0748552 0.7664475 0.6379302
v 0.0872220 0.4514815 0.8675440
vn 0.0748552 0.7664475 0.6379302
f 598/598/598 599/599/599 600/600/600
v 0.0000000 0.4700000 0.8555440
vn -0.0749558 0.7664276 0.6379423
v -0.0905867 0.4611407 0.8555440
vn -0.0749558 0.7664276 0.6379423
v -0.0872220 0.4514815 0.8675440
vn -0.0749558 0.7664276 0.6379423
f 601/601/601 602/602/602 603/603/603
v 0.0000000 0.4700000 0.8555440
vn -0.0748182 0.7660690 0.6383889
v -0.0872220 0.4514815 0.8675440
vn -0.0748182 0.7660690 0.6383889
v 0.0000000 0.4600000 0.8675440
vn -0.0748182 0.7660690 0.6383889
f 604/604/604 605/605/605 606/606/606
v -0.0905867 0.4611407 0.8555440
vn -0.2241845 0.7285774 0.6472374
v -0.1750000 0.4351666 0.8555440
vn -0.2241845 0.7285774 0.6472374
v -0.1685000 0.4265063 0.8675440
vn -0.2241845 0.7285774 0.6472374
f 607/607/607 608/608/608 609/609/609
v -0.0905867 0.4611407 0.8555440
vn -0.2236040 0.7276877 0.6484381
v -0.1685000 0.4265063 0.8675440
vn -0.2236040 0.7276877 0.6484381
v -0.0872220 0.4514815 0.8675440
vn -0.2236040 0.7276877 0.6484381
f 610/610/610 611/611/611 612/612/612
v -0.1750000 0.4351666 0.8555440
vn -0.3696878 0.6485589 0.6653587
v -0.2474874 0.3938478 0.8555440
vn -0.3696878 0.6485589 0.6653587
v -0.2382950 0.3867767 0.8675440
vn -0.3696878 0.6485589 0.6653587
f 613/613/613 614/614/614 615/615/615
v -0.1750000 0.4351666 0.8555440
vn -0.3685948 0.6475281 0.6669673
v -0.2382950 0.3867767 0.8675440
vn -0.3685948 0.6475281 0.6669673
v -0.1685000 0.4265063 0.8675440
vn -0.3685948 0.6475281 0.6669673
f 616/616/616 617/617/617 618/618/618
v -0.2474874 0.3938478 0.8555440
vn -0.5037936 0.5203888 0.6894835
v -0.3031089 0.3400000 0.8555440
vn -0.5037936 0.5203888 0.6894835
v -0.2918506 0.3350000 0.8675440
vn -0.5037936 0.5203888 0.6894835
f 619/619/619 620/620/620 621/621/621
v -0.2474874 0.3938478 0.8555440
vn -0.5023934 0.5196542 0.6910575
v -0.2918506 0.3350000 0.8675440
vn -0.5023934 0.5196542 0.6910575
v -0.2382950 0.3867767 0.8675440
vn -0.5023934 0.5196542 0.6910575
f 622/622/622 623/623/623 624/624/624
v -0.3031089 0.3400000 0.8555440
vn -0.6117549 0.3411113 0.7137221
v -0.3380740 0.2772929 0.8555440
vn -0.6117549 0.3411113 0.7137221
v -0.3255170 0.2747048 0.8675440
vn -0.6117549 0.3411113 0.7137221
f 625/625/625 626/626/626 627/627/627
v -0.3031089 0.3400000 0.8555440
vn -0.6105471 0.3409048 0.7148539
v -0.3255170 0.2747048 0.8675440
vn -0.6105471 0.3409048 0.7148539
v -0.2918506 0.3350000 0.8675440
vn -0.6105471 0.3409048 0.7148539
f 628/628/628 629/629/629 630/630/630
v -0.3380740 0.2772929 0.8555440
vn -0.6734332 0.1193489 0.7295501
v -0.3500000 0.2100000 0.8555440
vn -0.6734332 0.1193489 0.7295501
v -0.3370000 0.2100000 0.8675440
vn -0.6734332 0.1193489 0.7295501
f 631/631/631 632/632/632 633/633/633
v -0.3380740 0.2772929 0.8555440
vn -0.6729689 0.1194303 0.7299651
v -0.3370000 0.2100000 0.8675440
vn -0.6729689 0.1194303 0.7299651
v -0.3255170 0.2747048 0.8675440
vn -0.6729689 0.1194303 0.7299651
f 634/634/634 635/635/635 636/636/636
v -0.3500000 0.2100000 0.8555440
vn -0.6729994 -0.1192721 0.7299629
v -0.3380740 0.1427070 0.8555440
vn -0.6729994 -0.1192721 0.7299629
v -0.3255170 0.1452952 0.8675440
vn -0.6729994 -0.1192721 0.7299629
f 637/637/637 638/638/638 639/639/639
v -0.3500000 0.2100000 0.8555440
vn -0.6734201 -0.1195104 0.7295359
v -0.3255170 0.1452952 0.8675440
vn -0.6734201 -0.1195104 0.7295359
v -0.3370000 0.2100000 0.8675440
vn -0.6734201 -0.1195104 0.7295359
f 640/640/640 641/641/641 642/642/642
v -0.3380740 0.1427070 0.8555440
vn -0.6107291 -0.3405394 0.7148727
v -0.3031089 0.0800000 0.8555440
vn -0.6107291 -0.3405394 0.7148727
v -0.2918506 0.0850000 0.8675440
vn -0.6107291 -0.3405394 0.7148727
f 643/643/643 644/644/644 645/645/645
v -0.3380740 0.1427070 0.8555440
vn -0.6116131 -0.3415002 0.7136576
v -0.2918506 0.0850000 0.8675440
vn -0.6116131 -0.3415002 0.7136576
v -0.3255170 0.1452952 0.8675440
vn -0.6116131 -0.3415002 0.7136576
f 646/646/646 647/647/647 648/648/648
v -0.3031089 0.0800000 0.8555440
vn -0.5027252 -0.5192852 0.6910937
v -0.2474874 0.0261522 0.8555440
vn -0.5027252 -0.5192852 0.6910937
v -0.2382950 0.0332233 0.8675440
vn -0.5027252 -0.5192852 0.6910937
f 649/649/649 650/650/650 651/651/651
v -0.3031089 0.0800000 0.8555440
vn -0.5035033 -0.5208021 0.6893836
v -0.2382950 0.0332233 0.8675440
vn -0.5035033 -0.5208021 0.6893836
v -0.2918506 0.0850000 0.8675440
vn -0.5035033 -0.5208021 0.6893836
f 652/652/652 653/653/653 654/654/654
v -0.2474874 0.0261522 0.8555440
vn -0.3689642 -0.6472893 0.6669948
v -0.1750000 -0.0151666 0.8555440
vn -0.3689642 -0.6472893 0.6669948
v -0.1685000 -0.0065064 0.8675440
vn -0.3689642 -0.6472893 0.6669948
f 655/655/655 656/656/656 657/657/657
v -0.2474874 0.0261522 0.8555440
vn -0.3693461 -0.6488479 0.6652668
v -0.1685000 -0.0065064 0.8675440
vn -0.3693461 -0.6488479 0.6652668
v -0.2382950 0.0332233 0.8675440
vn -0.3693461 -0.6488479 0.6652668
f 658/658/658 659/659/659 660/660/660
v -0.1750000 -0.0151666 0.8555440
vn -0.2238828 -0.7275972 0.6484434
v -0.0905867 -0.0411407 0.8555440
vn -0.2238828 -0.7275972 0.6484434
v -0.0872220 -0.0314815 0.8675440
vn -0.2238828 -0.7275972 0.6484434
f 661/661/661 662/662/662 663/663/663
v -0.1750000 -0.0151666 0.8555440
vn -0.2239168 -0.7287061 0.6471853
v -0.0872220 -0.0314815 0.8675440
vn -0.2239168 -0.7287061 0.6471853
v -0.1685000 -0.0065064 0.8675440
vn -0.2239168 -0.7287061 0.6471853
f 664/664/664 665/665/665 666/666/666
v -0.0905867 -0.0411407 0.8555440
vn -0.0749202 -0.7660628 0.6383845
v -0.0000000 -0.0500000 0.8555440
vn -0.0749202 -0.7660628 0.6383845
v -0.0000000 -0.0400000 0.8675440
vn -0.0749202 -0.7660628 0.6383845
f 667/667/667 668/668/668 669/669/669
v -0.0905867 -0.0411407 0.8555440
vn -0.0748551 -0.7664475 0.6379302
v -0.0000000 -0.0400000 0.8675440
vn -0.0748551 -0.7664475 0.6379302
v -0.0872220 -0.0314815 0.8675440
vn -0.0748551 -0.7664475 0.6379302
f 670/670/670 671/671/671 672/672/672
v -0.0000000 -0.0500000 0.8555440
vn 0.0749558 -0.7664276 0.6379423
v 0.0905867 -0.0411407 0.8555440
vn 0.0749558 -0.7664276 0.6379423
v 0.0872220 -0.0314815 0.8675440
vn 0.0749558 -0.7664276 0.6379423
f 673/673/673 674/674/674 675/675/675
v -0.0000000 -0.0500000 0.8555440
vn 0.0748181 -0.7660686 0.6383894
v 0.0872220 -0.0314815 0.8675440
vn 0.0748181 -0.7660686 0.6383894
v -0.0000000 -0.0400000 0.8675440
vn 0.0748181 -0.7660686 0.6383894
f 676/676/676 677/677/677 678/678/678
v 0.0905867 -0.0411407 0.8555440
vn 0.2241844 -0.7285776 0.6472373
v 0.1750000 -0.0151666 0.8555440
vn 0.2241844 -0.7285776 0.6472373
v 0.1685000 -0.0065064 0.8675440
vn 0.2241844 -0.7285776 0.6472373
f 679/679/679 680/680/680 681/681/681
v 0.0905867 -0.0411407 0.8555440
vn 0.2236039 -0.7276877 0.6484381
v 0.1685000 -0.0065064 0.8675440
vn 0.2236039 -0.7276877 0.6484381
v 0.0872220 -0.0314815 0.8675440
vn 0.2236039 -0.7276877 0.6484381
f 682/682/682 683/683/683 684/684/684
v 0.1750000 -0.0151666 0.8555440
vn 0.3696880 -0.6485592 0.6653584
v 0.2474874 0.0261522 0.8555440
vn 0.3696880 -0.6485592 0.6653584
v 0.2382950 0.0332233 0.8675440
vn 0.3696880 -0.6485592 0.6653584
f 685/685/685 686/686/686 687/687/687
v 0.1750000 -0.0151666 0.8555440
vn 0.3685948 -0.6475281 0.6669673
v 0.2382950 0.0332233 0.8675440
vn 0.3685948 -0.6475281 0.6669673
v 0.1685000 -0.0065064 0.8675440
vn 0.3685948 -0.6475281 0.6669673
f 688/688/688 689/689/689 690/690/690
v 0.2474874 0.0261522 0.8555440
vn 0.5037935 -0.5203887 0.6894837
v 0.3031089 0.0800000 0.8555440
vn 0.5037935 -0.5203887 0.6894837
v 0.2918506 0.0850000 0.8675440
vn 0.5037935 -0.5203887 0.6894837
f 691/691/691 692/692/692 693/693/693
v 0.2474874 0.0261522 0.8555440
vn 0.5023937 -0.5196544 0.6910571
v 0.2918506 0.0850000 0.8675440
vn 0.5023937 -0.5196544 0.6910571
v 0.2382950 0.0332233 0.8675440
vn 0.5023937 -0.5196544 0.6910571
f 694/694/694 695/695/695 696/696/696
v 0.3031089 0.0800000 0.8555440
vn 0.6117548 -0.3411113 0.7137221
v 0.3380740 0.1427070 0.8555440
vn 0.6117548 -0.3411113 0.7137221
v 0.3255170 0.1452952 0.8675440
vn 0.6117548 -0.3411113 0.7137221
f 697/697/697 698/698/698 699/699/699
v 0.3031089 0.0800000 0.8555440
vn 0.6105469 -0.3409049 0.7148541
v 0.3255170 0.1452952 0.8675440
vn 0.6105469 -0.3409049 0.7148541
v 0.2918506 0.0850000 0.8675440
vn 0.6105469 -0.3409049 0.7148541
f 700/700/700 701/701/701 702/702/702
v 0.3380740 0.1427070 0.8555440
vn 0.6734332 -0.1193489 0.7295501
v 0.3500000 0.2100000 0.8555440
vn 0.6734332 -0.1193489 0.7295501
v 0.3370000 0.2100000 0.8675440
vn 0.6734332 -0.1193489 0.7295501
f 703/703/703 704/704/704 705/705/705
v 0.3380740 0.1427070 0.8555440
vn 0.6729689 -0.1194303 0.7299651
v 0.3370000 0.2100000 0.8675440
vn 0.6729689 -0.1194303 0.7299651
v 0.3255170 0.1452952 0.8675440
vn 0.6729689 -0.1194303 0.7299651
f 706/706/706 707/707/707 708/708/708
v 0.3370000 0.2100000 0.8675440
vn -0.2707760 -0.0480540 0.9614422
v 0.3255170 0.2747048 0.8675440
vn -0.2707760 -0.0480540 0.9614422
v 0.2917096 0.2651285 0.8575440
vn -0.2707760 -0.0480540 0.9614422
f 709/709/709 710/710/710 711/711/711
v 0.3370000 0.2100000 0.8675440
vn -0.2743602 -0.0512126 0.9602624
v 0.2917096 0.2651285 0.8575440
vn -0.2743602 -0.0512126 0.9602624
v 0.3020000 0.2100000 0.8575440
vn -0.2743602 -0.0512126 0.9602624
f 712/712/712 713/713/713 714/714/714
v 0.3255170 0.2747048 0.8675440
vn -0.2368343 -0.1322387 0.9625084
v 0.2918506 0.3350000 0.8675440
vn -0.2368343 -0.1322387 0.9625084
v 0.2615397 0.3165000 0.8575440
vn -0.2368343 -0.1322387 0.9625084
f 715/715/715 716/716/716 717/717/717
v 0.3255170 0.2747048 0.8675440
vn -0.2433002 -0.1428875 0.9593686
v 0.2615397 0.3165000 0.8575440
vn -0.2433002 -0.1428875 0.9593686
v 0.2917096 0.2651285 0.8575440
vn -0.2433002 -0.1428875 0.9593686
f 718/718/718 719/719/719 720/720/720
v 0.2918506 0.3350000 0.8675440
vn -0.1859735 -0.1923631 0.9635406
v 0.2382950 0.3867767 0.8675440
vn -0.1859735 -0.1923631 0.9635406
v 0.2135462 0.3606137 0.8575440
vn -0.1859735 -0.1923631 0.9635406
f 721/721/721 722/722/722 723/723/723
v 0.2918506 0.3350000 0.8675440
vn -0.1902657 -0.2069991 0.9596615
v 0.2135462 0.3606137 0.8575440
vn -0.1902657 -0.2069991 0.9596615
v 0.2615397 0.3165000 0.8575440
vn -0.1902657 -0.2069991 0.9596615
f 724/724/724 725/725/725 726/726/726
v 0.2382950 0.3867767 0.8675440
vn -0.1307018 -0.2296100 0.9644669
v 0.1685000 0.4265063 0.8675440
vn -0.1307018 -0.2296100 0.9644669
v 0.1510000 0.3944634 0.8575440
vn -0.1307018 -0.2296100 0.9644669
f 727/727/727 728/728/728 729/729/729
v 0.2382950 0.3867767 0.8675440
vn -0.1314898 -0.2429622 0.9610826
v 0.1510000 0.3944634 0.8575440
vn -0.1314898 -0.2429622 0.9610826
v 0.2135462 0.3606137 0.8575440
vn -0.1314898 -0.2429622 0.9610826
f 730/730/730 731/731/731 732/732/732
v 0.1685000 0.4265063 0.8675440
vn -0.0769777 -0.2505131 0.9650480
v 0.0872220 0.4514815 0.8675440
vn -0.0769777 -0.2505131 0.9650480
v 0.0781633 0.4157422 0.8575440
vn -0.0769777 -0.2505131 0.9650480
f 733/733/733 734/734/734 735/735/735
v 0.1685000 0.4265063 0.8675440
vn -0.0757077 -0.2591453 0.9628665
v 0.0781633 0.4157422 0.8575440
vn -0.0757077 -0.2591453 0.9628665
v 0.1510000 0.3944634 0.8575440
vn -0.0757077 -0.2591453 0.9628665
f 736/736/736 737/737/737 738/738/738
v 0.0872220 0.4514815 0.8675440
vn -0.0254734 -0.2608241 0.9650502
v 0.0000000 0.4600000 0.8675440
vn -0.0254734 -0.2608241 0.9650502
v 0.0000000 0.4230000 0.8575440
vn -0.0254734 -0.2608241 0.9650502
f 739/739/739 740/740/740 741/741/741
v 0.0872220 0.4514815 0.8675440
vn -0.0244779 -0.2636155 0.9643172
v 0.0000000 0.4230000 0.8575440
vn -0.0244779 -0.2636155 0.9643172
v 0.0781633 0.4157422 0.8575440
vn -0.0244779 -0.2636155 0.9643172
f 742/742/742 743/743/743 744/744/744
v 0.0000000 0.4600000 0.8675440
vn 0.0257167 -0.2633154 0.9643670
v -0.0872220 0.4514815 0.8675440
vn 0.0257167 -0.2633154 0.9643670
v -0.0781633 0.4157422 0.8575440
vn 0.0257167 -0.2633154 0.9643670
f 745/745/745 746/746/746 747/747/747
v 0.0000000 0.4600000 0.8675440
vn 0.0242195 -0.2608323 0.9650803
v -0.0781633 0.4157422 0.8575440
vn 0.0242195 -0.2608323 0.9650803
v 0.0000000 0.4230000 0.8575440
vn 0.0242195 -0.2608323 0.9650803
f 748/748/748 749/749/749 750/750/750
v -0.0872220 0.4514815 0.8675440
vn 0.0790835 -0.2573659 0.9630725
v -0.1685000 0.4265063 0.8675440
vn 0.0790835 -0.2573659 0.9630725
v -0.1510000 0.3944634 0.8575440
vn 0.0790835 -0.2573659 0.9630725
f 751/751/751 752/752/752 753/753/753
v -0.0872220 0.4514815 0.8675440
vn 0.0734503 -0.2514182 0.9650876
v -0.1510000 0.3944634 0.8575440
vn 0.0734503 -0.2514182 0.9650876
v -0.0781633 0.4157422 0.8575440
vn 0.0734503 -0.2514182 0.9650876
f 754/754/754 755/755/755 756/756/756
v -0.1685000 0.4265063 0.8675440
vn 0.1359746 -0.2388731 0.9614835
v -0.2382950 0.3867767 0.8675440
vn 0.1359746 -0.2388731 0.9614835
v -0.2135462 0.3606137 0.8575440
vn 0.1359746 -0.2388731 0.9614835
f 757/757/757 758/758/758 759/759/759
v -0.1685000 0.4265063 0.8675440
vn 0.1257338 -0.2323264 0.9644768
v -0.2135462 0.3606137 0.8575440
vn 0.1257338 -0.2323264 0.9644768
v -0.1510000 0.3944634 0.8575440
vn 0.1257338 -0.2323264 0.9644768
f 760/760/760 761/761/761 762/762/762
v -0.2382950 0.3867767 0.8675440
vn 0.1941857 -0.2008574 0.9601814
v -0.2918506 0.3350000 0.8675440
vn 0.1941857 -0.2008574 0.9601814
v -0.2615397 0.3165000 0.8575440
vn 0.1941857 -0.2008574 0.9601814
f 763/763/763 764/764/764 765/765/765
v -0.2382950 0.3867767 0.8675440
vn 0.1810728 -0.1969977 0.9635375
v -0.2615397 0.3165000 0.8575440
vn 0.1810728 -0.1969977 0.9635375
v -0.2135462 0.3606137 0.8575440
vn 0.1810728 -0.1969977 0.9635375
f 766/766/766 767/767/767 768/768/768
v -0.2918506 0.3350000 0.8675440
vn 0.2451270 -0.1368690 0.9597811
v -0.3255170 0.2747048 0.8675440
vn 0.2451270 -0.1368690 0.9597811
v -0.2917096 0.2651285 0.8575440
vn 0.2451270 -0.1368690 0.9597811
f 769/769/769 770/770/770 771/771/771
v -0.2918506 0.3350000 0.8675440
vn 0.2337664 -0.1372884 0.9625514
v -0.2917096 0.2651285 0.8575440
vn 0.2337664 -0.1372884 0.9625514
v -0.2615397 0.3165000 0.8575440
vn 0.2337664 -0.1372884 0.9625514
f 772/772/772 773/773/773 774/774/774
v -0.3255170 0.2747048 0.8675440
vn 0.2743948 -0.0486962 0.9603834
v -0.3370000 0.2100000 0.8675440
vn 0.2743948 -0.0486962 0.9603834
v -0.3020000 0.2100000 0.8575440
vn 0.2743948 -0.0486962 0.9603834
f 775/775/775 776/776/776 777/777/777
v -0.3255170 0.2747048 0.8675440
vn 0.2701237 -0.0504218 0.9615044
v -0.3020000 0.2100000 0.8575440
vn 0.2701237 -0.0504218 0.9615044
v -0.2917096 0.2651285 0.8575440
vn 0.2701237 -0.0504218 0.9615044
f 778/778/778 779/779/779 780/780/780
v -0.3370000 0.2100000 0.8675440
vn 0.2707760 0.0480540 0.9614422
v -0.3255170 0.1452952 0.8675440
vn 0.2707760 0.0480540 0.9614422
v -0.2917096 0.1548715 0.8575440
vn 0.2707760 0.0480540 0.9614422
f 781/781/781 782/782/782 783/783/783
v -0.3370000 0.2100000 0.8675440
vn 0.2743602 0.0512126 0.9602624
v -0.2917096 0.1548715 0.8575440
vn 0.2743602 0.0512126 0.9602624
v -0.3020000 0.2100000 0.8575440
vn 0.2743602 0.0512126 0.9602624
f 784/784/784 785/785/785 786/786/786
v -0.3255170 0.1452952 0.8675440
vn 0.2368342 0.1322387 0.9625084
v -0.2918506 0.0850000 0.8675440
vn 0.2368342 0.1322387 0.9625084
v -0.2615397 0.1035000 0.8575440
vn 0.2368342 0.1322387 0.9625084
f 787/787/787 788/788/788 789/789/789
v -0.3255170 0.1452952 0.8675440
vn 0.2433001 0.1428875 0.9593686
v -0.2615397 0.1035000 0.8575440
vn 0.2433001 0.1428875 0.9593686
v -0.2917096 0.1548715 0.8575440
vn 0.2433001 0.1428875 0.9593686
f 790/790/790 791/791/791 792/792/792
v -0.2918506 0.0850000 0.8675440
vn 0.1859736 0.1923630 0.9635406
v -0.2382950 0.0332233 0.8675440
vn 0.1859736 0.1923630 0.9635406
v -0.2135462 0.0593863 0.8575440
vn 0.1859736 0.1923630 0.9635406
f 793/793/793 794/794/794 795/795/795
v -0.2918506 0.0850000 0.8675440
vn 0.1902657 0.2069990 0.9596615
v -0.2135462 0.0593863 0.8575440
vn 0.1902657 0.2069990 0.9596615
v -0.2615397 0.1035000 0.8575440
vn 0.1902657 0.2069990 0.9596615
f 796/796/796 797/797/797 798/798/798
v -0.2382950 0.0332233 0.8675440
vn 0.1307017 0.2296100 0.9644669
v -0.1685000 -0.0065064 0.8675440
vn 0.1307017 0.2296100 0.9644669
v -0.1510000 0.0255366 0.8575440
vn 0.1307017 0.2296100 0.9644669
f 799/799/799 800/800/800 801/801/801
v -0.2382950 0.0332233 0.8675440
vn 0.1314898 0.2429623 0.9610826
v -0.1510000 0.0255366 0.8575440
vn 0.1314898 0.2429623 0.9610826
v -0.2135462 0.0593863 0.8575440
vn 0.1314898 0.2429623 0.9610826
f 802/802/802 803/803/803 804/804/804
v -0.1685000 -0.0065064 0.8675440
vn 0.0769777 0.2505132 0.9650480
v -0.0872220 -0.0314815 0.8675440
vn 0.0769777 0.2505132 0.9650480
v -0.0781633 0.0042578 0.8575440
vn 0.0769777 0.2505132 0.9650480
f 805/805/805 806/806/806 807/807/807
v -0.1685000 -0.0065064 0.8675440
vn 0.0757077 0.2591451 0.9628666
v -0.0781633 0.0042578 0.8575440
vn 0.0757077 0.2591451 0.9628666
v -0.1510000 0.0255366 0.8575440
vn 0.0757077 0.2591451 0.9628666
f 808/808/808 809/809/809 810/810/810
v -0.0872220 -0.0314815 0.8675440
vn 0.0254734 0.2608241 0.9650502
v -0.0000000 -0.0400000 0.8675440
vn 0.0254734 0.2608241 0.9650502
v -0.0000000 -0.0030000 0.8575440
vn 0.0254734 0.2608241 0.9650502
f 811/811/811 812/812/812 813/813/813
v -0.0872220 -0.0314815 0.8675440
vn 0.0244778 0.2636156 0.9643172
v -0.0000000 -0.0030000 0.8575440
vn 0.0244778 0.2636156 0.9643172
v -0.0781633 0.0042578 0.8575440
vn 0.0244778 0.2636156 0.9643172
f 814/814/814 815/815/815 816/816/816
v -0.0000000 -0.0400000 0.8675440
vn -0.0257167 0.2633156 0.9643670
v 0.0872220 -0.0314815 0.8675440
vn -0.0257167 0.2633156 0.9643670
v 0.0781633 0.0042578 0.8575440
vn -0.0257167 0.2633156 0.9643670
f 817/817/817 818/818/818 819/819/819
v -0.0000000 -0.0400000 0.8675440
vn -0.0242194 0.2608323 0.9650802
v 0.0781633 0.0042578 0.8575440
vn -0.0242194 0.2608323 0.9650802
v -0.0000000 -0.0030000 0.8575440
vn -0.0242194 0.2608323 0.9650802
f 820/820/820 821/821/821 822/822/822
v 0.0872220 -0.0314815 0.8675440
vn -0.0790834 0.2573658 0.9630725
v 0.1685000 -0.0065064 0.8675440
vn -0.0790834 0.2573658 0.9630725
v 0.1510000 0.0255366 0.8575440
vn -0.0790834 0.2573658 0.9630725
f 823/823/823 824/824/824 825/825/825
v 0.0872220 -0.0314815 0.8675440
vn -0.0734504 0.2514183 0.9650874
v 0.1510000 0.0255366 0.8575440
vn -0.0734504 0.2514183 0.9650874
v 0.0781633 0.0042578 0.8575440
vn -0.0734504 0.2514183 0.9650874
f 826/826/826 827/827/827 828/828/828
v 0.1685000 -0.0065064 0.8675440
vn -0.1359746 0.2388731 0.9614835
v 0.2382950 0.0332233 0.8675440
vn -0.1359746 0.2388731 0.9614835
v 0.2135462 0.0593863 0.8575440
vn -0.1359746 0.2388731 0.9614835
f 829/829/829 830/830/830 831/831/831
v 0.1685000 -0.0065064 0.8675440
vn -0.1257337 0.2323263 0.9644768
v 0.2135462 0.0593863 0.8575440
vn -0.1257337 0.2323263 0.9644768
v 0.1510000 0.0255366 0.8575440
vn -0.1257337 0.2323263 0.9644768
f 832/832/832 833/833/833 834/834/834
v 0.2382950 0.0332233 0.8675440
vn -0.1941857 0.2008573 0.9601813
v 0.2918506 0.0850000 0.8675440
vn -0.1941857 0.2008573 0.9601813
v 0.2615397 0.1035000 0.8575440
vn -0.1941857 0.2008573 0.9601813
f 835/835/835 836/836/836 837/837/837
v 0.2382950 0.0332233 0.8675440
vn -0.1810728 0.1969977 0.9635375
v 0.2615397 0.1035000 0.8575440
vn -0.1810728 0.1969977 0.9635375
v 0.2135462 0.0593863 0.8575440
vn -0.1810728 0.1969977 0.9635375
f 838/838/838 839/839/839 840/840/840
v 0.2918506 0.0850000 0.8675440
vn -0.2451269 0.1368690 0.9597811
v 0.3255170 0.1452952 0.8675440
vn -0.2451269 0.1368690 0.9597811
v 0.2917096 0.1548715 0.8575440
vn -0.2451269 0.1368690 0.9597811
f 841/841/841 842/842/842 843/843/843
v 0.2918506 0.0850000 0.8675440
vn -0.2337664 0.1372884 0.9625514
v 0.2917096 0.1548715 0.8575440
vn -0.2337664 0.1372884 0.9625514
v 0.2615397 0.1035000 0.8575440
vn -0.2337664 0.1372884 0.9625514
f 844/844/844 845/845/845 846/846/846
v 0.3255170 0.1452952 0.8675440
vn -0.2743948 0.0486962 0.9603834
v 0.3370000 0.2100000 0.8675440
vn -0.2743948 0.0486962 0.9603834
v 0.3020000 0.2100000 0.8575440
vn -0.2743948 0.0486962 0.9603834
f 847/847/847 848/848/848 849/849/849
v 0.3255170 0.1452952 0.8675440
vn -0.2701237 0.0504218 0.9615043
v 0.3020000 0.2100000 0.8575440
vn -0.2701237 0.0504218 0.9615043
v 0.2917096 0.1548715 0.8575440
vn -0.2701237 0.0504218 0.9615043
f 850/850/850 851/851/851 852/852/852
v 0.3020000 0.2100000 0.8575440
vn -0.8504266 -0.1587422 0.5015730
v 0.2917096 0.2651285 0.8575440
vn -0.8504266 -0.1587422 0.5015730
v 0.2434133 0.2552933 0.7725440
vn -0.8504266 -0.1587422 0.5015730
f 853/853/853 854/854/854 855/855/855
v 0.3020000 0.2100000 0.8575440
vn -0.8506523 -0.1612662 0.5003837
v 0.2434133 0.2552933 0.7725440
vn -0.8506523 -0.1612662 0.5003837
v 0.2520000 0.2100000 0.7725440
vn -0.8506523 -0.1612662 0.5003837
f 856/856/856 857/857/857 858/858/858
v 0.2917096 0.2651285 0.8575440
vn -0.7547635 -0.4432642 0.4835793
v 0.2615397 0.3165000 0.8575440
vn -0.7547635 -0.4432642 0.4835793
v 0.2182384 0.2975000 0.7725440
vn -0.7547635 -0.4432642 0.4835793
f 859/859/859 860/860/860 861/861/861
v 0.2917096 0.2651285 0.8575440
vn -0.7533917 -0.4493737 0.4800668
v 0.2182384 0.2975000 0.7725440
vn -0.7533917 -0.4493737 0.4800668
v 0.2434133 0.2552933 0.7725440
vn -0.7533917 -0.4493737 0.4800668
f 862/862/862 863/863/863 864/864/864
v 0.2615397 0.3165000 0.8575440
vn -0.6018175 -0.6547459 0.4573003
v 0.2135462 0.3606137 0.8575440
vn -0.6018175 -0.6547459 0.4573003
v 0.1781909 0.3337437 0.7725440
vn -0.6018175 -0.6547459 0.4573003
f 865/865/865 866/866/866 867/867/867
v 0.2615397 0.3165000 0.8575440
vn -0.5983539 -0.6611519 0.4526044
v 0.1781909 0.3337437 0.7725440
vn -0.5983539 -0.6611519 0.4526044
v 0.2182384 0.2975000 0.7725440
vn -0.5983539 -0.6611519 0.4526044
f 868/868/868 869/869/869 870/870/870
v 0.2135462 0.3606137 0.8575440
vn -0.4290092 -0.7927081 0.4330876
v 0.1510000 0.3944634 0.8575440
vn -0.4290092 -0.7927081 0.4330876
v 0.1260000 0.3615544 0.7725440
vn -0.4290092 -0.7927081 0.4330876
f 871/871/871 872/872/872 873/873/873
v 0.2135462 0.3606137 0.8575440
vn -0.4248496 -0.7972916 0.4287527
v 0.1260000 0.3615544 0.7725440
vn -0.4248496 -0.7972916 0.4287527
v 0.1781909 0.3337437 0.7725440
vn -0.4248496 -0.7972916 0.4287527
f 874/874/874 875/875/875 876/876/876
v 0.1510000 0.3944634 0.8575440
vn -0.2550319 -0.8729671 0.4157972
v 0.0781633 0.4157422 0.8575440
vn -0.2550319 -0.8729671 0.4157972
v 0.0652224 0.3790370 0.7725440
vn -0.2550319 -0.8729671 0.4157972
f 877/877/877 878/878/878 879/879/879
v 0.1510000 0.3944634 0.8575440
vn -0.2517710 -0.8752738 0.4129252
v 0.0652224 0.3790370 0.7725440
vn -0.2517710 -0.8752738 0.4129252
v 0.1260000 0.3615544 0.7725440
vn -0.2517710 -0.8752738 0.4129252
f 880/880/880 881/881/881 882/882/882
v 0.0781633 0.4157422 0.8575440
vn -0.0844661 -0.9096610 0.4066723
v 0.0000000 0.4230000 0.8575440
vn -0.0844661 -0.9096610 0.4066723
v 0.0000000 0.3850000 0.7725440
vn -0.0844661 -0.9096610 0.4066723
f 883/883/883 884/884/884 885/885/885
v 0.0781633 0.4157422 0.8575440
vn -0.0832154 -0.9102023 0.4057178
v 0.0000000 0.3850000 0.7725440
vn -0.0832154 -0.9102023 0.4057178
v 0.0652224 0.3790370 0.7725440
vn -0.0832154 -0.9102023 0.4057178
f 886/886/886 887/887/887 888/888/888
v 0.0000000 0.4230000 0.8575440
vn 0.0845004 -0.9100299 0.4058391
v -0.0781633 0.4157422 0.8575440
vn 0.0845004 -0.9100299 0.4058391
v -0.0652224 0.3790370 0.7725440
vn 0.0845004 -0.9100299 0.4058391
f 889/889/889 890/890/890 891/891/891
v 0.0000000 0.4230000 0.8575440
vn 0.0831750 -0.9097602 0.4067166
v -0.0652224 0.3790370 0.7725440
vn 0.0831750 -0.9097602 0.4067166
v 0.0000000 0.3850000 0.7725440
vn 0.0831750 -0.9097602 0.4067166
f 892/892/892 893/893/893 894/894/894
v -0.0781633 0.4157422 0.8575440
vn 0.2553289 -0.8739839 0.4134723
v -0.1510000 0.3944634 0.8575440
vn 0.2553289 -0.8739839 0.4134723
v -0.1260000 0.3615544 0.7725440
vn 0.2553289 -0.8739839 0.4134723
f 895/895/895 896/896/896 897/897/897
v -0.0781633 0.4157422 0.8575440
vn 0.2514198 -0.8740528 0.4157161
v -0.1260000 0.3615544 0.7725440
vn 0.2514198 -0.8740528 0.4157161
v -0.0652224 0.3790370 0.7725440
vn 0.2514198 -0.8740528 0.4157161
f 898/898/898 899/899/899 900/900/900
v -0.1510000 0.3944634 0.8575440
vn 0.4297608 -0.7940969 0.4297855
v -0.2135462 0.3606137 0.8575440
vn 0.4297608 -0.7940969 0.4297855
v -0.1781909 0.3337437 0.7725440
vn 0.4297608 -0.7940969 0.4297855
f 901/901/901 902/902/902 903/903/903
v -0.1510000 0.3944634 0.8575440
vn 0.4239573 -0.7956171 0.4327281
v -0.1781909 0.3337437 0.7725440
vn 0.4239573 -0.7956171 0.4327281
v -0.1260000 0.3615544 0.7725440
vn 0.4239573 -0.7956171 0.4327281
f 904/904/904 905/905/905 906/906/906
v -0.2135462 0.3606137 0.8575440
vn 0.6030162 -0.6560500 0.4538391
v -0.2615397 0.3165000 0.8575440
vn 0.6030162 -0.6560500 0.4538391
v -0.2182384 0.2975000 0.7725440
vn 0.6030162 -0.6560500 0.4538391
f 907/907/907 908/908/908 909/909/909
v -0.2135462 0.3606137 0.8575440
vn 0.5969207 -0.6595683 0.4567879
v -0.2182384 0.2975000 0.7725440
vn 0.5969207 -0.6595683 0.4567879
v -0.1781909 0.3337437 0.7725440
vn 0.5969207 -0.6595683 0.4567879
f 910/910/910 911/911/911 912/912/912
v -0.2615397 0.3165000 0.8575440
vn 0.7560177 -0.4440008 0.4809372
v -0.2917096 0.2651285 0.8575440
vn 0.7560177 -0.4440008 0.4809372
v -0.2434133 0.2552933 0.7725440
vn 0.7560177 -0.4440008 0.4809372
f 913/913/913 914/914/914 915/915/915
v -0.2615397 0.3165000 0.8575440
vn 0.7518781 -0.4484710 0.4832733
v -0.2434133 0.2552933 0.7725440
vn 0.7518781 -0.4484710 0.4832733
v -0.2182384 0.2975000 0.7725440
vn 0.7518781 -0.4484710 0.4832733
f 916/916/916 917/917/917 918/918/918
v -0.2917096 0.2651285 0.8575440
vn 0.8509904 -0.1588475 0.5005826
v -0.3020000 0.2100000 0.8575440
vn 0.8509904 -0.1588475 0.5005826
v -0.2520000 0.2100000 0.7725440
vn 0.8509904 -0.1588475 0.5005826
f 919/919/919 920/920/920 921/921/921
v -0.2917096 0.2651285 0.8575440
vn 0.8499669 -0.1611363 0.5015889
v -0.2520000 0.2100000 0.7725440
vn 0.8499669 -0.1611363 0.5015889
v -0.2434133 0.2552933 0.7725440
vn 0.8499669 -0.1611363 0.5015889
f 922/922/922 923/923/923 924/924/924
v -0.3020000 0.2100000 0.8575440
vn 0.8504266 0.1587423 0.5015730
v -0.2917096 0.1548715 0.8575440
vn 0.8504266 0.1587423 0.5015730
v -0.2434133 0.1647067 0.7725440
vn 0.8504266 0.1587423 0.5015730
f 925/925/925 926/926/926 927/927/927
v -0.3020000 0.2100000 0.8575440
vn 0.8506524 0.1612663 0.5003837
v -0.2434133 0.1647067 0.7725440
vn 0.8506524 0.1612663 0.5003837
v -0.2520000 0.2100000 0.7725440
vn 0.8506524 0.1612663 0.5003837
f 928/928/928 929/929/929 930/930/930
v -0.2917096 0.1548715 0.8575440
vn 0.7547635 0.4432642 0.4835794
v -0.2615397 0.1035000 0.8575440
vn 0.7547635 0.4432642 0.4835794
v -0.2182384 0.1225000 0.7725440
vn 0.7547635 0.4432642 0.4835794
f 931/931/931 932/932/932 933/933/933
v -0.2917096 0.1548715 0.8575440
vn 0.7533916 0.4493739 0.4800668
v -0.2182384 0.1225000 0.7725440
vn 0.7533916 0.4493739 0.4800668
v -0.2434133 0.1647067 0.7725440
vn 0.7533916 0.4493739 0.4800668
f 934/934/934 935/935/935 936/936/936
v -0.2615397 0.1035000 0.8575440
vn 0.6018176 0.6547457 0.4573004
v -0.2135462 0.0593863 0.8575440
vn 0.6018176 0.6547457 0.4573004
v -0.1781909 0.0862563 0.7725440
vn 0.6018176 0.6547457 0.4573004
f 937/937/937 938/938/938 939/939/939
v -0.2615397 0.1035000 0.8575440
vn 0.5983540 0.6611518 0.4526045
v -0.1781909 0.0862563 0.7725440
vn 0.5983540 0.6611518 0.4526045
v -0.2182384 0.1225000 0.7725440
vn 0.5983540 0.6611518 0.4526045
f 940/940/940 941/941/941 942/942/942
v -0.2135462 0.0593863 0.8575440
vn 0.4290091 0.7927083 0.4330876
v -0.1510000 0.0255366 0.8575440
vn 0.4290091 0.7927083 0.4330876
v -0.1260000 0.0584456 0.7725440
vn 0.4290091 0.7927083 0.4330876
f 943/943/943 944/944/944 945/945/945
v -0.2135462 0.0593863 0.8575440
vn 0.4248496 0.7972916 0.4287528
v -0.1260000 0.0584456 0.7725440
vn 0.4248496 0.7972916 0.4287528
v -0.1781909 0.0862563 0.7725440
vn 0.4248496 0.7972916 0.4287528
f 946/946/946 947/947/947 948/948/948
v -0.1510000 0.0255366 0.8575440
vn 0.2550321 0.8729669 0.4157974
v -0.0781633 0.0042578 0.8575440
vn 0.2550321 0.8729669 0.4157974
v -0.0652224 0.0409630 0.7725440
vn 0.2550321 0.8729669 0.4157974
f 949/949/949 950/950/950 951/951/951
v -0.1510000 0.0255366 0.8575440
vn 0.2517710 0.8752738 0.4129251
v -0.0652224 0.0409630 0.7725440
vn 0.2517710 0.8752738 0.4129251
v -0.1260000 0.0584456 0.7725440
vn 0.2517710 0.8752738 0.4129251
f 952/952/952 953/953/953 954/954/954
v -0.0781633 0.0042578 0.8575440
vn 0.0844659 0.9096611 0.4066721
v -0.0000000 -0.0030000 0.8575440
vn 0.0844659 0.9096611 0.4066721
v -0.0000000 0.0350000 0.7725440
vn 0.0844659 0.9096611 0.4066721
f 955/955/955 956/956/956 957/957/957
v -0.0781633 0.0042578 0.8575440
vn 0.0832155 0.9102022 0.4057181
v -0.0000000 0.0350000 0.7725440
vn 0.0832155 0.9102022 0.4057181
v -0.0652224 0.0409630 0.7725440
vn 0.0832155 0.9102022 0.4057181
f 958/958/958 959/959/959 960/960/960
v -0.0000000 -0.0030000 0.8575440
vn -0.0845001 0.9100299 0.4058392
v 0.0781633 0.0042578 0.8575440
vn -0.0845001 0.9100299 0.4058392
v 0.0652224 0.0409630 0.7725440
vn -0.0845001 0.9100299 0.4058392
f 961/961/961 962/962/962 963/963/963
v -0.0000000 -0.0030000 0.8575440
vn -0.0831751 0.9097603 0.4067164
v 0.0652224 0.0409630 0.7725440
vn -0.0831751 0.9097603 0.4067164
v -0.0000000 0.0350000 0.7725440
vn -0.0831751 0.9097603 0.4067164
f 964/964/964 965/965/965 966/966/966
v 0.0781633 0.0042578 0.8575440
vn -0.2553292 0.8739838 0.4134722
v 0.1510000 0.0255366 0.8575440
vn -0.2553292 0.8739838 0.4134722
v 0.1260000 0.0584456 0.7725440
vn -0.2553292 0.8739838 0.4134722
f 967/967/967 968/968/968 969/969/969
v 0.0781633 0.0042578 0.8575440
vn -0.2514198 0.8740527 0.4157163
v 0.1260000 0.0584456 0.7725440
vn -0.2514198 0.8740527 0.4157163
v 0.0652224 0.0409630 0.7725440
vn -0.2514198 0.8740527 0.4157163
f 970/970/970 971/971/971 972/972/972
v 0.1510000 0.0255366 0.8575440
vn -0.4297607 0.7940971 0.4297856
v 0.2135462 0.0593863 0.8575440
vn -0.4297607 0.7940971 0.4297856
v 0.1781909 0.0862563 0.7725440
vn -0.4297607 0.7940971 0.4297856
f 973/973/973 974/974/974 975/975/975
v 0.1510000 0.0255366 0.8575440
vn -0.4239573 0.7956171 0.4327280
v 0.1781909 0.0862563 0.7725440
vn -0.4239573 0.7956171 0.4327280
v 0.1260000 0.0584456 0.7725440
vn -0.4239573 0.7956171 0.4327280
f 976/976/976 977/977/977 978/978/978
v 0.2135462 0.0593863 0.8575440
vn -0.6030163 0.6560498 0.4538391
v 0.2615397 0.1035000 0.8575440
vn -0.6030163 0.6560498 0.4538391
v 0.2182384 0.1225000 0.7725440
vn -0.6030163 0.6560498 0.4538391
f 979/979/979 980/980/980 981/981/981
v 0.2135462 0.0593863 0.8575440
vn -0.5969208 0.6595681 0.4567880
v 0.2182384 0.1225000 0.7725440
vn -0.5969208 0.6595681 0.4567880
v 0.1781909 0.0862563 0.7725440
vn -0.5969208 0.6595681 0.4567880
f 982/982/982 983/983/983 984/984/984
v 0.2615397 0.1035000 0.8575440
vn -0.7560177 0.4440008 0.4809372
v 0.2917096 0.1548715 0.8575440
vn -0.7560177 0.4440008 0.4809372
v 0.2434133 0.1647067 0.7725440
vn -0.7560177 0.4440008 0.4809372
f 985/985/985 986/986/986 987/987/987
v 0.2615397 0.1035000 0.8575440
vn -0.7518780 0.4484711 0.4832734
v 0.2434133 0.1647067 0.7725440
vn -0.7518780 0.4484711 0.4832734
v 0.2182384 0.1225000 0.7725440
vn -0.7518780 0.4484711 0.4832734
f 988/988/988 989/989/989 990/990/990
v 0.2917096 0.1548715 0.8575440
vn -0.8509904 0.1588475 0.5005826
v 0.3020000 0.2100000 0.8575440
vn -0.8509904 0.1588475 0.5005826
v 0.2520000 0.2100000 0.7725440
vn -0.8509904 0.1588475 0.5005826
f 991/991/991 992/992/992 993/993/993
v 0.2917096 0.1548715 0.8575440
vn -0.8499669 0.1611364 0.5015889
v 0.2520000 0.2100000 0.7725440
vn -0.8499669 0.1611364 0.5015889
v 0.2434133 0.1647067 0.7725440
vn -0.8499669 0.1611364 0.5015889
f 994/994/994 995/995/995 996/996/996
v 0.2520000 0.2100000 0.7725440
vn -0.1482424 -0.0281037 0.9885516
v 0.2434133 0.2552933 0.7725440
vn -0.1482424 -0.0281037 0.9885516
v 0.0695467 0.2226821 0.7455440
vn -0.1482424 -0.0281037 0.9885516
f 997/997/997 998/998/998 999/999/999
v 0.2520000 0.2100000 0.7725440
vn -0.1482795 -0.0286844 0.9885294
v 0.0695467 0.2226821 0.7455440
vn -0.1482795 -0.0286844 0.9885294
v 0.0720000 0.2100000 0.7455440
vn -0.1482795 -0.0286844 0.9885294
f 1000/1000/1000 1001/1001/1001 1002/1002/1002
v 0.2434133 0.2552933 0.7725440
vn -0.1377553 -0.0821666 0.9870523
v 0.2182384 0.2975000 0.7725440
vn -0.1377553 -0.0821666 0.9870523
v 0.0623538 0.2345000 0.7455440
vn -0.1377553 -0.0821666 0.9870523
f 1003/1003/1003 1004/1004/1004 1005/1005/1005
v 0.2434133 0.2552933 0.7725440
vn -0.1375608 -0.0837250 0.9869483
v 0.0623538 0.2345000 0.7455440
vn -0.1375608 -0.0837250 0.9869483
v 0.0695467 0.2226821 0.7455440
vn -0.1375608 -0.0837250 0.9869483
f 1006/1006/1006 1007/1007/1007 1008/1008/1008
v 0.2182384 0.2975000 0.7725440
vn -0.1177581 -0.1301170 0.9844809
v 0.1781909 0.3337437 0.7725440
vn -0.1177581 -0.1301170 0.9844809
v 0.0509117 0.2446482 0.7455440
vn -0.1177581 -0.1301170 0.9844809
f 1009/1009/1009 1010/1010/1010 1011/1011/1011
v 0.2182384 0.2975000 0.7725440
vn -0.1171181 -0.1320508 0.9842997
v 0.0509117 0.2446482 0.7455440
vn -0.1171181 -0.1320508 0.9842997
v 0.0623538 0.2345000 0.7455440
vn -0.1171181 -0.1320508 0.9842997
f 1012/1012/1012 1013/1013/1013 1014/1014/1014
v 0.1781909 0.3337437 0.7725440
vn -0.0899050 -0.1687197 0.9815553
v 0.1260000 0.3615544 0.7725440
vn -0.0899050 -0.1687197 0.9815553
v 0.0360000 0.2524352 0.7455440
vn -0.0899050 -0.1687197 0.9815553
f 1015/1015/1015 1016/1016/1016 1017/1017/1017
v 0.1781909 0.3337437 0.7725440
vn -0.0889478 -0.1703302 0.9813643
v 0.0360000 0.2524352 0.7455440
vn -0.0889478 -0.1703302 0.9813643
v 0.0509117 0.2446482 0.7455440
vn -0.0889478 -0.1703302 0.9813643
f 1018/1018/1018 1019/1019/1019 1020/1020/1020
v 0.1260000 0.3615544 0.7725440
vn -0.0562800 -0.1956556 0.9790564
v 0.0652224 0.3790370 0.7725440
vn -0.0562800 -0.1956556 0.9790564
v 0.0186350 0.2573304 0.7455440
vn -0.0562800 -0.1956556 0.9790564
f 1021/1021/1021 1022/1022/1022 1023/1023/1023
v 0.1260000 0.3615544 0.7725440
vn -0.0554007 -0.1965291 0.9789316
v 0.0186350 0.2573304 0.7455440
vn -0.0554007 -0.1965291 0.9789316
v 0.0360000 0.2524352 0.7455440
vn -0.0554007 -0.1965291 0.9789316
f 1024/1024/1024 1025/1025/1025 1026/1026/1026
v 0.0652224 0.3790370 0.7725440
vn -0.0191527 -0.2094908 0.9776231
v 0.0000000 0.3850000 0.7725440
vn -0.0191527 -0.2094908 0.9776231
v 0.0000000 0.2590000 0.7455440
vn -0.0191527 -0.2094908 0.9776231
f 1027/1027/1027 1028/1028/1028 1029/1029/1029
v 0.0652224 0.3790370 0.7725440
vn -0.0187870 -0.2096819 0.9775892
v 0.0000000 0.2590000 0.7455440
vn -0.0187870 -0.2096819 0.9775892
v 0.0186350 0.2573304 0.7455440
vn -0.0187870 -0.2096819 0.9775892
f 1030/1030/1030 1031/1031/1031 1032/1032/1032
v 0.0000000 0.3850000 0.7725440
vn 0.0191577 -0.2095449 0.9776114
v -0.0652224 0.3790370 0.7725440
vn 0.0191577 -0.2095449 0.9776114
v -0.0186350 0.2573304 0.7455440
vn 0.0191577 -0.2095449 0.9776114
f 1033/1033/1033 1034/1034/1034 1035/1035/1035
v 0.0000000 0.3850000 0.7725440
vn 0.0187700 -0.2094923 0.9776301
v -0.0186350 0.2573304 0.7455440
vn 0.0187700 -0.2094923 0.9776301
v 0.0000000 0.2590000 0.7455440
vn 0.0187700 -0.2094923 0.9776301
f 1036/1036/1036 1037/1037/1037 1038/1038/1038
v -0.0652224 0.3790370 0.7725440
vn 0.0563199 -0.1957944 0.9790264
v -0.1260000 0.3615544 0.7725440
vn 0.0563199 -0.1957944 0.9790264
v -0.0360000 0.2524352 0.7455440
vn 0.0563199 -0.1957944 0.9790264
f 1039/1039/1039 1040/1040/1040 1041/1041/1041
v -0.0652224 0.3790370 0.7725440
vn 0.0552630 -0.1960407 0.9790373
v -0.0360000 0.2524352 0.7455440
vn 0.0552630 -0.1960407 0.9790373
v -0.0186350 0.2573304 0.7455440
vn 0.0552630 -0.1960407 0.9790373
f 1042/1042/1042 1043/1043/1043 1044/1044/1044
v -0.1260000 0.3615544 0.7725440
vn 0.0899927 -0.1688843 0.9815189
v -0.1781909 0.3337437 0.7725440
vn 0.0899927 -0.1688843 0.9815189
v -0.0509117 0.2446482 0.7455440
vn 0.0899927 -0.1688843 0.9815189
f 1045/1045/1045 1046/1046/1046 1047/1047/1047
v -0.1260000 0.3615544 0.7725440
vn 0.0886425 -0.1697456 0.9814932
v -0.0509117 0.2446482 0.7455440
vn 0.0886425 -0.1697456 0.9814932
v -0.0360000 0.2524352 0.7455440
vn 0.0886425 -0.1697456 0.9814932
f 1048/1048/1048 1049/1049/1049 1050/1050/1050
v -0.1781909 0.3337437 0.7725440
vn 0.1178739 -0.1302450 0.9844501
v -0.2182384 0.2975000 0.7725440
vn 0.1178739 -0.1302450 0.9844501
v -0.0623538 0.2345000 0.7455440
vn 0.1178739 -0.1302450 0.9844501
f 1051/1051/1051 1052/1052/1052 1053/1053/1053
v -0.1781909 0.3337437 0.7725440
vn 0.1167108 -0.1315916 0.9844096
v -0.0623538 0.2345000 0.7455440
vn 0.1167108 -0.1315916 0.9844096
v -0.0509117 0.2446482 0.7455440
vn 0.1167108 -0.1315916 0.9844096
f 1054/1054/1054 1055/1055/1055 1056/1056/1056
v -0.2182384 0.2975000 0.7725440
vn 0.1378552 -0.0822261 0.9870334
v -0.2434133 0.2552933 0.7725440
vn 0.1378552 -0.0822261 0.9870334
v -0.0695467 0.2226821 0.7455440
vn 0.1378552 -0.0822261 0.9870334
f 1057/1057/1057 1058/1058/1058 1059/1059/1059
v -0.2182384 0.2975000 0.7725440
vn 0.1372064 -0.0835093 0.9870160
v -0.0695467 0.2226821 0.7455440
vn 0.1372064 -0.0835093 0.9870160
v -0.0623538 0.2345000 0.7455440
vn 0.1372064 -0.0835093 0.9870160
f 1060/1060/1060 1061/1061/1061 1062/1062/1062
v -0.2434133 0.2552933 0.7725440
vn 0.1482819 -0.0281112 0.9885456
v -0.2520000 0.2100000 0.7725440
vn 0.1482819 -0.0281112 0.9885456
v -0.0720000 0.2100000 0.7455440
vn 0.1482819 -0.0281112 0.9885456
f 1063/1063/1063 1064/1064/1064 1065/1065/1065
v -0.2434133 0.2552933 0.7725440
vn 0.1481386 -0.0286571 0.9885513
v -0.0720000 0.2100000 0.7455440
vn 0.1481386 -0.0286571 0.9885513
v -0.0695467 0.2226821 0.7455440
vn 0.1481386 -0.0286571 0.9885513
f 1066/1066/1066 1067/1067/1067 1068/1068/1068
v -0.2520000 0.2100000 0.7725440
vn 0.1482424 0.0281037 0.9885517
v -0.2434133 0.1647067 0.7725440
vn 0.1482424 0.0281037 0.9885517
v -0.0695467 0.1973179 0.7455440
vn 0.1482424 0.0281037 0.9885517
f 1069/1069/1069 1070/1070/1070 1071/1071/1071
v -0.2520000 0.2100000 0.7725440
vn 0.1482795 0.0286844 0.9885294
v -0.0695467 0.1973179 0.7455440
vn 0.1482795 0.0286844 0.9885294
v -0.0720000 0.2100000 0.7455440
vn 0.1482795 0.0286844 0.9885294
f 1072/1072/1072 1073/1073/1073 1074/1074/1074
v -0.2434133 0.1647067 0.7725440
vn 0.1377553 0.0821666 0.9870522
v -0.2182384 0.1225000 0.7725440
vn 0.1377553 0.0821666 0.9870522
v -0.0623538 0.1855000 0.7455440
vn 0.1377553 0.0821666 0.9870522
f 1075/1075/1075 1076/1076/1076 1077/1077/1077
v -0.2434133 0.1647067 0.7725440
vn 0.1375608 0.0837250 0.9869483
v -0.0623538 0.1855000 0.7455440
vn 0.1375608 0.0837250 0.9869483
v -0.0695467 0.1973179 0.7455440
vn 0.1375608 0.0837250 0.9869483
f 1078/1078/1078 1079/1079/1079 1080/1080/1080
v -0.2182384 0.1225000 0.7725440
vn 0.1177581 0.1301170 0.9844809
v -0.1781909 0.0862563 0.7725440
vn 0.1177581 0.1301170 0.9844809
v -0.0509117 0.1753518 0.7455440
vn 0.1177581 0.1301170 0.9844809
f 1081/1081/1081 1082/1082/1082 1083/1083/1083
v -0.2182384 0.1225000 0.7725440
vn 0.1171181 0.1320508 0.9842998
v -0.0509117 0.1753518 0.7455440
vn 0.1171181 0.1320508 0.9842998
v -0.0623538 0.1855000 0.7455440
vn 0.1171181 0.1320508 0.9842998
f 1084/1084/1084 1085/1085/1085 1086/1086/1086
v -0.1781909 0.0862563 0.7725440
vn 0.0899050 0.1687197 0.9815553
v -0.1260000 0.0584456 0.7725440
vn 0.0899050 0.1687197 0.9815553
v -0.0360000 0.1675647 0.7455440
vn 0.0899050 0.1687197 0.9815553
f 1087/1087/1087 1088/1088/1088 1089/1089/1089
v -0.1781909 0.0862563 0.7725440
vn 0.0889479 0.1703300 0.9813643
v -0.0360000 0.1675647 0.7455440
vn 0.0889479 0.1703300 0.9813643
v -0.0509117 0.1753518 0.7455440
vn 0.0889479 0.1703300 0.9813643
f 1090/1090/1090 1091/1091/1091 1092/1092/1092
v -0.1260000 0.0584456 0.7725440
vn 0.0562800 0.1956556 0.9790564
v -0.0652224 0.0409630 0.7725440
vn 0.0562800 0.1956556 0.9790564
v -0.0186350 0.1626696 0.7455440
vn 0.0562800 0.1956556 0.9790564
f 1093/1093/1093 1094/1094/1094 1095/1095/1095
v -0.1260000 0.0584456 0.7725440
vn 0.0554007 0.1965292 0.9789315
v -0.0186350 0.1626696 0.7455440
vn 0.0554007 0.1965292 0.9789315
v -0.0360000 0.1675647 0.7455440
vn 0.0554007 0.1965292 0.9789315
f 1096/1096/1096 1097/1097/1097 1098/1098/1098
v -0.0652224 0.0409630 0.7725440
vn 0.0191528 0.2094907 0.9776230
v -0.0000000 0.0350000 0.7725440
vn 0.0191528 0.2094907 0.9776230
v -0.0000000 0.1610000 0.7455440
vn 0.0191528 0.2094907 0.9776230
f 1099/1099/1099 1100/1100/1100 1101/1101/1101
v -0.0652224 0.0409630 0.7725440
vn 0.0187868 0.2096820 0.9775891
v -0.0000000 0.1610000 0.7455440
vn 0.0187868 0.2096820 0.9775891
v -0.0186350 0.1626696 0.7455440
vn 0.0187868 0.2096820 0.9775891
f 1102/1102/1102 1103/1103/1103 1104/1104/1104
v -0.0000000 0.0350000 0.7725440
vn -0.0191577 0.2095449 0.9776113
v 0.0652224 0.0409630 0.7725440
vn -0.0191577 0.2095449 0.9776113
v 0.0186350 0.1626696 0.7455440
vn -0.0191577 0.2095449 0.9776113
f 1105/1105/1105 1106/1106/1106 1107/1107/1107
v -0.0000000 0.0350000 0.7725440
vn -0.0187698 0.2094923 0.9776302
v 0.0186350 0.1626696 0.7455440
vn -0.0187698 0.2094923 0.9776302
v -0.0000000 0.1610000 0.7455440
vn -0.0187698 0.2094923 0.9776302
f 1108/1108/1108 1109/1109/1109 1110/1110/1110
v 0.0652224 0.0409630 0.7725440
vn -0.0563199 0.1957944 0.9790264
v 0.1260000 0.0584456 0.7725440
vn -0.0563199 0.1957944 0.9790264
v 0.0360000 0.1675647 0.7455440
vn -0.0563199 0.1957944 0.9790264
f 1111/1111/1111 1112/1112/1112 1113/1113/1113
v 0.0652224 0.0409630 0.7725440
vn -0.0552630 0.1960407 0.9790373
v 0.0360000 0.1675647 0.7455440
vn -0.0552630 0.1960407 0.9790373
v 0.0186350 0.1626696 0.7455440
vn -0.0552630 0.1960407 0.9790373
f 1114/1114/1114 1115/1115/1115 1116/1116/1116
v 0.1260000 0.0584456 0.7725440
vn -0.0899927 0.1688843 0.9815189
v 0.1781909 0.0862563 0.7725440
vn -0.0899927 0.1688843 0.9815189
v 0.0509117 0.1753518 0.7455440
vn -0.0899927 0.1688843 0.9815189
f 1117/1117/1117 1118/1118/1118 1119/1119/1119
v 0.1260000 0.0584456 0.7725440
vn -0.0886426 0.1697455 0.9814932
v 0.0509117 0.1753518 0.7455440
vn -0.0886426 0.1697455 0.9814932
v 0.0360000 0.1675647 0.7455440
vn -0.0886426 0.1697455 0.9814932
f 1120/1120/1120 1121/1121/1121 1122/1122/1122
v 0.1781909 0.0862563 0.7725440
vn -0.1178740 0.1302449 0.9844500
v 0.2182384 0.1225000 0.7725440
vn -0.1178740 0.1302449 0.9844500
v 0.0623538 0.1855000 0.7455440
vn -0.1178740 0.1302449 0.9844500
f 1123/1123/1123 1124/1124/1124 1125/1125/1125
v 0.1781909 0.0862563 0.7725440
vn -0.1167108 0.1315916 0.9844096
v 0.0623538 0.1855000 0.7455440
vn -0.1167108 0.1315916 0.9844096
v 0.0509117 0.1753518 0.7455440
vn -0.1167108 0.1315916 0.9844096
f 1126/1126/1126 1127/1127/1127 1128/1128/1128
v 0.2182384 0.1225000 0.7725440
vn -0.1378552 0.0822262 0.9870334
v 0.2434133 0.1647067 0.7725440
vn -0.1378552 0.0822262 0.9870334
v 0.0695467 0.1973179 0.7455440
vn -0.1378552 0.0822262 0.9870334
f 1129/1129/1129 1130/1130/1130 1131/1131/1131
v 0.2182384 0.1225000 0.7725440
vn -0.1372064 0.0835093 0.9870160
v 0.0695467 0.1973179 0.7455440
vn -0.1372064 0.0835093 0.9870160
v 0.0623538 0.1855000 0.7455440
vn -0.1372064 0.0835093 0.9870160
f 1132/1132/1132 1133/1133/1133 1134/1134/1134
v 0.2434133 0.1647067 0.7725440
vn -0.1482819 0.0281112 0.9885455
v 0.2520000 0.2100000 0.7725440
vn -0.1482819 0.0281112 0.9885455
v 0.0720000 0.2100000 0.7455440
vn -0.1482819 0.0281112 0.9885455
f 1135/1135/1135 1136/1136/1136 1137/1137/1137
v 0.2434133 0.1647067 0.7725440
vn -0.1481386 0.0286571 0.9885513
v 0.0720000 0.2100000 0.7455440
vn -0.1481386 0.0286571 0.9885513
v 0.0695467 0.1973179 0.7455440
vn -0.1481386 0.0286571 0.9885513
f 1138/1138/1138 1139/1139/1139 1140/1140/1140
o pz_sink_white_standing_|_tapered_rounded_pedestal
usemtl UV_Base
v 0.1050000 0.2400000 0.0000000
vn 0.0000000 0.0000000 -1.0000000
v 0.0998609 0.2115704 0.0000000
vn 0.0000000 0.0000000 -1.0000000
v 0.0849468 0.1859238 0.0000000
vn 0.0000000 0.0000000 -1.0000000
f 1141/1141/1141 1142/1142/1142 1143/1143/1143
v 0.0849468 0.1859238 0.0000000
vn 0.0000000 0.0000000 -1.0000000
v 0.0617175 0.1655704 0.0000000
vn 0.0000000 0.0000000 -1.0000000
v 0.0324468 0.1525028 0.0000000
vn 0.0000000 0.0000000 -1.0000000
f 1144/1144/1144 1145/1145/1145 1146/1146/1146
v 0.0324468 0.1525028 0.0000000
vn 0.0000000 0.0000000 -1.0000000
v -0.0000000 0.1480000 0.0000000
vn 0.0000000 0.0000000 -1.0000000
v -0.0324468 0.1525028 0.0000000
vn 0.0000000 0.0000000 -1.0000000
f 1147/1147/1147 1148/1148/1148 1149/1149/1149
v -0.0324468 0.1525028 0.0000000
vn 0.0000000 0.0000000 -1.0000000
v -0.0617175 0.1655704 0.0000000
vn 0.0000000 0.0000000 -1.0000000
v -0.0849468 0.1859238 0.0000000
vn 0.0000000 0.0000000 -1.0000000
f 1150/1150/1150 1151/1151/1151 1152/1152/1152
v -0.0849468 0.1859238 0.0000000
vn 0.0000000 0.0000000 -1.0000000
v -0.0998609 0.2115704 0.0000000
vn 0.0000000 0.0000000 -1.0000000
v -0.1050000 0.2400000 0.0000000
vn 0.0000000 0.0000000 -1.0000000
f 1153/1153/1153 1154/1154/1154 1155/1155/1155
v -0.1050000 0.2400000 0.0000000
vn 0.0000000 0.0000000 -1.0000000
v -0.0998609 0.2684296 0.0000000
vn 0.0000000 0.0000000 -1.0000000
v -0.0849468 0.2940762 0.0000000
vn 0.0000000 0.0000000 -1.0000000
f 1156/1156/1156 1157/1157/1157 1158/1158/1158
v -0.0849468 0.2940762 0.0000000
vn 0.0000000 0.0000000 -1.0000000
v -0.0617175 0.3144296 0.0000000
vn 0.0000000 0.0000000 -1.0000000
v -0.0324468 0.3274972 0.0000000
vn 0.0000000 0.0000000 -1.0000000
f 1159/1159/1159 1160/1160/1160 1161/1161/1161
v -0.0324468 0.3274972 0.0000000
vn -0.0000000 0.0000000 -1.0000000
v 0.0000000 0.3320000 0.0000000
vn -0.0000000 0.0000000 -1.0000000
v 0.0324468 0.3274972 0.0000000
vn -0.0000000 0.0000000 -1.0000000
f 1162/1162/1162 1163/1163/1163 1164/1164/1164
v 0.0324468 0.3274972 0.0000000
vn 0.0000000 0.0000000 -1.0000000
v 0.0617175 0.3144296 0.0000000
vn 0.0000000 0.0000000 -1.0000000
v 0.0849468 0.2940762 0.0000000
vn 0.0000000 0.0000000 -1.0000000
f 1165/1165/1165 1166/1166/1166 1167/1167/1167
v 0.0849468 0.2940762 0.0000000
vn 0.0000000 0.0000000 -1.0000000
v 0.0998609 0.2684296 0.0000000
vn 0.0000000 0.0000000 -1.0000000
v 0.1050000 0.2400000 0.0000000
vn 0.0000000 0.0000000 -1.0000000
f 1168/1168/1168 1169/1169/1169 1170/1170/1170
v 0.1050000 0.2400000 0.0000000
vn 0.0000000 0.0000000 -1.0000000
v 0.0849468 0.1859238 0.0000000
vn 0.0000000 0.0000000 -1.0000000
v 0.0324468 0.1525028 0.0000000
vn 0.0000000 0.0000000 -1.0000000
f 1171/1171/1171 1172/1172/1172 1173/1173/1173
v 0.0324468 0.1525028 0.0000000
vn 0.0000000 0.0000000 -1.0000000
v -0.0324468 0.1525028 0.0000000
vn 0.0000000 0.0000000 -1.0000000
v -0.0849468 0.1859238 0.0000000
vn 0.0000000 0.0000000 -1.0000000
f 1174/1174/1174 1175/1175/1175 1176/1176/1176
v -0.0849468 0.1859238 0.0000000
vn 0.0000000 -0.0000000 -1.0000000
v -0.1050000 0.2400000 0.0000000
vn 0.0000000 -0.0000000 -1.0000000
v -0.0849468 0.2940762 0.0000000
vn 0.0000000 -0.0000000 -1.0000000
f 1177/1177/1177 1178/1178/1178 1179/1179/1179
v -0.0849468 0.2940762 0.0000000
vn -0.0000000 0.0000000 -1.0000000
v -0.0324468 0.3274972 0.0000000
vn -0.0000000 0.0000000 -1.0000000
v 0.0324468 0.3274972 0.0000000
vn -0.0000000 0.0000000 -1.0000000
f 1180/1180/1180 1181/1181/1181 1182/1182/1182
v 0.0324468 0.3274972 0.0000000
vn 0.0000000 0.0000000 -1.0000000
v 0.0849468 0.2940762 0.0000000
vn 0.0000000 0.0000000 -1.0000000
v 0.1050000 0.2400000 0.0000000
vn 0.0000000 0.0000000 -1.0000000
f 1183/1183/1183 1184/1184/1184 1185/1185/1185
v 0.1050000 0.2400000 0.0000000
vn 0.0000000 0.0000000 -1.0000000
v 0.0324468 0.1525028 0.0000000
vn 0.0000000 0.0000000 -1.0000000
v -0.0849468 0.1859238 0.0000000
vn 0.0000000 0.0000000 -1.0000000
f 1186/1186/1186 1187/1187/1187 1188/1188/1188
v -0.0849468 0.1859238 0.0000000
vn 0.0000000 -0.0000000 -1.0000000
v -0.0849468 0.2940762 0.0000000
vn 0.0000000 -0.0000000 -1.0000000
v 0.0324468 0.3274972 0.0000000
vn 0.0000000 -0.0000000 -1.0000000
f 1189/1189/1189 1190/1190/1190 1191/1191/1191
v -0.0849468 0.1859238 0.0000000
vn -0.0000000 0.0000000 -1.0000000
v 0.0324468 0.3274972 0.0000000
vn -0.0000000 0.0000000 -1.0000000
v 0.1050000 0.2400000 0.0000000
vn -0.0000000 0.0000000 -1.0000000
f 1192/1192/1192 1193/1193/1193 1194/1194/1194
v 0.1236373 0.2084803 0.7375440
vn 0.0000000 0.0000000 0.9999999
v 0.1300000 0.2400000 0.7375440
vn 0.0000000 0.0000000 0.9999999
v 0.1236373 0.2715197 0.7375440
vn 0.0000000 0.0000000 0.9999999
f 1195/1195/1195 1196/1196/1196 1197/1197/1197
v 0.1236373 0.2715197 0.7375440
vn 0.0000000 0.0000000 1.0000000
v 0.1051722 0.2999541 0.7375440
vn 0.0000000 0.0000000 1.0000000
v 0.0764121 0.3225197 0.7375440
vn 0.0000000 0.0000000 1.0000000
f 1198/1198/1198 1199/1199/1199 1200/1200/1200
v 0.0764121 0.3225197 0.7375440
vn 0.0000000 0.0000000 0.9999999
v 0.0401722 0.3370078 0.7375440
vn 0.0000000 0.0000000 0.9999999
v 0.0000000 0.3420000 0.7375440
vn 0.0000000 0.0000000 0.9999999
f 1201/1201/1201 1202/1202/1202 1203/1203/1203
v 0.0000000 0.3420000 0.7375440
vn 0.0000000 0.0000000 0.9999999
v -0.0401722 0.3370078 0.7375440
vn 0.0000000 0.0000000 0.9999999
v -0.0764121 0.3225197 0.7375440
vn 0.0000000 0.0000000 0.9999999
f 1204/1204/1204 1205/1205/1205 1206/1206/1206
v -0.0764121 0.3225197 0.7375440
vn 0.0000000 0.0000000 1.0000000
v -0.1051722 0.2999541 0.7375440
vn 0.0000000 0.0000000 1.0000000
v -0.1236373 0.2715197 0.7375440
vn 0.0000000 0.0000000 1.0000000
f 1207/1207/1207 1208/1208/1208 1209/1209/1209
v -0.1236373 0.2715197 0.7375440
vn 0.0000000 -0.0000000 0.9999999
v -0.1300000 0.2400000 0.7375440
vn 0.0000000 -0.0000000 0.9999999
v -0.1236373 0.2084803 0.7375440
vn 0.0000000 -0.0000000 0.9999999
f 1210/1210/1210 1211/1211/1211 1212/1212/1212
v -0.1236373 0.2084803 0.7375440
vn 0.0000000 0.0000000 1.0000000
v -0.1051722 0.1800459 0.7375440
vn 0.0000000 0.0000000 1.0000000
v -0.0764121 0.1574803 0.7375440
vn 0.0000000 0.0000000 1.0000000
f 1213/1213/1213 1214/1214/1214 1215/1215/1215
v -0.0764121 0.1574803 0.7375440
vn 0.0000000 0.0000000 1.0000000
v -0.0401722 0.1429922 0.7375440
vn 0.0000000 0.0000000 1.0000000
v -0.0000000 0.1380000 0.7375440
vn 0.0000000 0.0000000 1.0000000
f 1216/1216/1216 1217/1217/1217 1218/1218/1218
v -0.0000000 0.1380000 0.7375440
vn 0.0000000 0.0000000 1.0000000
v 0.0401722 0.1429922 0.7375440
vn 0.0000000 0.0000000 1.0000000
v 0.0764121 0.1574803 0.7375440
vn 0.0000000 0.0000000 1.0000000
f 1219/1219/1219 1220/1220/1220 1221/1221/1221
v 0.0764121 0.1574803 0.7375440
vn 0.0000000 0.0000000 1.0000000
v 0.1051722 0.1800459 0.7375440
vn 0.0000000 0.0000000 1.0000000
v 0.1236373 0.2084803 0.7375440
vn 0.0000000 0.0000000 1.0000000
f 1222/1222/1222 1223/1223/1223 1224/1224/1224
v 0.1236373 0.2084803 0.7375440
vn 0.0000000 0.0000000 1.0000000
v 0.1236373 0.2715197 0.7375440
vn 0.0000000 0.0000000 1.0000000
v 0.0764121 0.3225197 0.7375440
vn 0.0000000 0.0000000 1.0000000
f 1225/1225/1225 1226/1226/1226 1227/1227/1227
v 0.0764121 0.3225197 0.7375440
vn -0.0000000 0.0000000 1.0000000
v 0.0000000 0.3420000 0.7375440
vn -0.0000000 0.0000000 1.0000000
v -0.0764121 0.3225197 0.7375440
vn -0.0000000 0.0000000 1.0000000
f 1228/1228/1228 1229/1229/1229 1230/1230/1230
v -0.0764121 0.3225197 0.7375440
vn 0.0000000 0.0000000 1.0000000
v -0.1236373 0.2715197 0.7375440
vn 0.0000000 0.0000000 1.0000000
v -0.1236373 0.2084803 0.7375440
vn 0.0000000 0.0000000 1.0000000
f 1231/1231/1231 1232/1232/1232 1233/1233/1233
v -0.1236373 0.2084803 0.7375440
vn 0.0000000 0.0000000 1.0000000
v -0.0764121 0.1574803 0.7375440
vn 0.0000000 0.0000000 1.0000000
v -0.0000000 0.1380000 0.7375440
vn 0.0000000 0.0000000 1.0000000
f 1234/1234/1234 1235/1235/1235 1236/1236/1236
v -0.0000000 0.1380000 0.7375440
vn 0.0000000 0.0000000 1.0000000
v 0.0764121 0.1574803 0.7375440
vn 0.0000000 0.0000000 1.0000000
v 0.1236373 0.2084803 0.7375440
vn 0.0000000 0.0000000 1.0000000
f 1237/1237/1237 1238/1238/1238 1239/1239/1239
v 0.1236373 0.2084803 0.7375440
vn -0.0000000 0.0000000 1.0000000
v 0.0764121 0.3225197 0.7375440
vn -0.0000000 0.0000000 1.0000000
v -0.0764121 0.3225197 0.7375440
vn -0.0000000 0.0000000 1.0000000
f 1240/1240/1240 1241/1241/1241 1242/1242/1242
v -0.0764121 0.3225197 0.7375440
vn 0.0000000 -0.0000000 1.0000000
v -0.1236373 0.2084803 0.7375440
vn 0.0000000 -0.0000000 1.0000000
v -0.0000000 0.1380000 0.7375440
vn 0.0000000 -0.0000000 1.0000000
f 1243/1243/1243 1244/1244/1244 1245/1245/1245
v -0.0764121 0.3225197 0.7375440
vn 0.0000000 0.0000000 1.0000000
v -0.0000000 0.1380000 0.7375440
vn 0.0000000 0.0000000 1.0000000
v 0.1236373 0.2084803 0.7375440
vn 0.0000000 0.0000000 1.0000000
f 1246/1246/1246 1247/1247/1247 1248/1248/1248
v 0.1050000 0.2400000 0.0000000
vn 0.8424932 0.1522929 -0.5167320
v 0.0998609 0.2684296 0.0000000
vn 0.8424932 0.1522929 -0.5167320
v 0.1160289 0.2739919 0.0280000
vn 0.8424932 0.1522929 -0.5167320
f 1249/1249/1249 1250/1250/1250 1251/1251/1251
v 0.1050000 0.2400000 0.0000000
vn 0.8453113 0.1484896 -0.5132248
v 0.1160289 0.2739919 0.0280000
vn 0.8453113 0.1484896 -0.5132248
v 0.1220000 0.2400000 0.0280000
vn 0.8453113 0.1484896 -0.5132248
f 1252/1252/1252 1253/1253/1253 1254/1254/1254
v 0.0998609 0.2684296 0.0000000
vn 0.7364926 0.4282884 -0.5235913
v 0.0849468 0.2940762 0.0000000
vn 0.7364926 0.4282884 -0.5235913
v 0.0987001 0.3046564 0.0280000
vn 0.7364926 0.4282884 -0.5235913
f 1255/1255/1255 1256/1256/1256 1257/1257/1257
v 0.0998609 0.2684296 0.0000000
vn 0.7463893 0.4217921 -0.5147761
v 0.0987001 0.3046564 0.0280000
vn 0.7463893 0.4217921 -0.5147761
v 0.1160289 0.2739919 0.0280000
vn 0.7463893 0.4217921 -0.5147761
f 1258/1258/1258 1259/1259/1259 1260/1260/1260
v 0.0849468 0.2940762 0.0000000
vn 0.5585009 0.6374197 -0.5308229
v 0.0617175 0.3144296 0.0000000
vn 0.5585009 0.6374197 -0.5308229
v 0.0717098 0.3289919 0.0280000
vn 0.5585009 0.6374197 -0.5308229
f 1261/1261/1261 1262/1262/1262 1263/1263/1263
v 0.0849468 0.2940762 0.0000000
vn 0.5717851 0.6341621 -0.5204807
v 0.0717098 0.3289919 0.0280000
vn 0.5717851 0.6341621 -0.5204807
v 0.0987001 0.3046564 0.0280000
vn 0.5717851 0.6341621 -0.5204807
f 1264/1264/1264 1265/1265/1265 1266/1266/1266
v 0.0617175 0.3144296 0.0000000
vn 0.3441768 0.7709323 -0.5359157
v 0.0324468 0.3274972 0.0000000
vn 0.3441768 0.7709323 -0.5359157
v 0.0377001 0.3446162 0.0280000
vn 0.3441768 0.7709323 -0.5359157
f 1267/1267/1267 1268/1268/1268 1269/1269/1269
v 0.0617175 0.3144296 0.0000000
vn 0.3545513 0.7717569 -0.5279058
v 0.0377001 0.3446162 0.0280000
vn 0.3545513 0.7717569 -0.5279058
v 0.0717098 0.3289919 0.0280000
vn 0.3545513 0.7717569 -0.5279058
f 1270/1270/1270 1271/1271/1271 1272/1272/1272
v 0.0324468 0.3274972 0.0000000
vn 0.1159465 0.8355051 -0.5371106
v 0.0000000 0.3320000 0.0000000
vn 0.1159465 0.8355051 -0.5371106
v 0.0000000 0.3500000 0.0280000
vn 0.1159465 0.8355051 -0.5371106
f 1273/1273/1273 1274/1274/1274 1275/1275/1275
v 0.0324468 0.3274972 0.0000000
vn 0.1195175 0.8369229 -0.5341119
v 0.0000000 0.3500000 0.0280000
vn 0.1195175 0.8369229 -0.5341119
v 0.0377001 0.3446162 0.0280000
vn 0.1195175 0.8369229 -0.5341119
f 1276/1276/1276 1277/1277/1277 1278/1278/1278
v 0.0000000 0.3320000 0.0000000
vn -0.1162288 0.8375392 -0.5338717
v -0.0324468 0.3274972 0.0000000
vn -0.1162288 0.8375392 -0.5338717
v -0.0377001 0.3446162 0.0280000
vn -0.1162288 0.8375392 -0.5338717
f 1279/1279/1279 1280/1280/1280 1281/1281/1281
v 0.0000000 0.3320000 0.0000000
vn -0.1192677 0.8351741 -0.5368978
v -0.0377001 0.3446162 0.0280000
vn -0.1192677 0.8351741 -0.5368978
v 0.0000000 0.3500000 0.0280000
vn -0.1192677 0.8351741 -0.5368978
f 1282/1282/1282 1283/1283/1283 1284/1284/1284
v -0.0324468 0.3274972 0.0000000
vn -0.3464124 0.7759401 -0.5271769
v -0.0617175 0.3144296 0.0000000
vn -0.3464124 0.7759401 -0.5271769
v -0.0717098 0.3289919 0.0280000
vn -0.3464124 0.7759401 -0.5271769
f 1285/1285/1285 1286/1286/1286 1287/1287/1287
v -0.0324468 0.3274972 0.0000000
vn -0.3525904 0.7674885 -0.5353889
v -0.0717098 0.3289919 0.0280000
vn -0.3525904 0.7674885 -0.5353889
v -0.0377001 0.3446162 0.0280000
vn -0.3525904 0.7674885 -0.5353889
f 1288/1288/1288 1289/1289/1289 1290/1290/1290
v -0.0617175 0.3144296 0.0000000
vn -0.5631251 0.6426972 -0.5194521
v -0.0849468 0.2940762 0.0000000
vn -0.5631251 0.6426972 -0.5194521
v -0.0987001 0.3046564 0.0280000
vn -0.5631251 0.6426972 -0.5194521
f 1291/1291/1291 1292/1292/1292 1293/1293/1293
v -0.0617175 0.3144296 0.0000000
vn -0.5677916 0.6297329 -0.5301408
v -0.0987001 0.3046564 0.0280000
vn -0.5677916 0.6297329 -0.5301408
v -0.0717098 0.3289919 0.0280000
vn -0.5677916 0.6297329 -0.5301408
f 1294/1294/1294 1295/1295/1295 1296/1296/1296
v -0.0849468 0.2940762 0.0000000
vn -0.7415857 0.4312502 -0.5138812
v -0.0998609 0.2684296 0.0000000
vn -0.7415857 0.4312502 -0.5138812
v -0.1160289 0.2739919 0.0280000
vn -0.7415857 0.4312502 -0.5138812
f 1297/1297/1297 1298/1298/1298 1299/1299/1299
v -0.0849468 0.2940762 0.0000000
vn -0.7420685 0.4193504 -0.5229528
v -0.1160289 0.2739919 0.0280000
vn -0.7420685 0.4193504 -0.5229528
v -0.0987001 0.3046564 0.0280000
vn -0.7420685 0.4193504 -0.5229528
f 1300/1300/1300 1301/1301/1301 1302/1302/1302
v -0.0998609 0.2684296 0.0000000
vn -0.8447626 0.1527031 -0.5128917
v -0.1050000 0.2400000 0.0000000
vn -0.8447626 0.1527031 -0.5128917
v -0.1220000 0.2400000 0.0280000
vn -0.8447626 0.1527031 -0.5128917
f 1303/1303/1303 1304/1304/1304 1305/1305/1305
v -0.0998609 0.2684296 0.0000000
vn -0.8434098 0.1481556 -0.5164394
v -0.1220000 0.2400000 0.0280000
vn -0.8434098 0.1481556 -0.5164394
v -0.1160289 0.2739919 0.0280000
vn -0.8434098 0.1481556 -0.5164394
f 1306/1306/1306 1307/1307/1307 1308/1308/1308
v -0.1050000 0.2400000 0.0000000
vn -0.8424932 -0.1522931 -0.5167321
v -0.0998609 0.2115704 0.0000000
vn -0.8424932 -0.1522931 -0.5167321
v -0.1160289 0.2060081 0.0280000
vn -0.8424932 -0.1522931 -0.5167321
f 1309/1309/1309 1310/1310/1310 1311/1311/1311
v -0.1050000 0.2400000 0.0000000
vn -0.8453112 -0.1484897 -0.5132248
v -0.1160289 0.2060081 0.0280000
vn -0.8453112 -0.1484897 -0.5132248
v -0.1220000 0.2400000 0.0280000
vn -0.8453112 -0.1484897 -0.5132248
f 1312/1312/1312 1313/1313/1313 1314/1314/1314
v -0.0998609 0.2115704 0.0000000
vn -0.7364929 -0.4282880 -0.5235910
v -0.0849468 0.1859238 0.0000000
vn -0.7364929 -0.4282880 -0.5235910
v -0.0987001 0.1753436 0.0280000
vn -0.7364929 -0.4282880 -0.5235910
f 1315/1315/1315 1316/1316/1316 1317/1317/1317
v -0.0998609 0.2115704 0.0000000
vn -0.7463894 -0.4217920 -0.5147761
v -0.0987001 0.1753436 0.0280000
vn -0.7463894 -0.4217920 -0.5147761
v -0.1160289 0.2060081 0.0280000
vn -0.7463894 -0.4217920 -0.5147761
f 1318/1318/1318 1319/1319/1319 1320/1320/1320
v -0.0849468 0.1859238 0.0000000
vn -0.5585009 -0.6374197 -0.5308229
v -0.0617175 0.1655704 0.0000000
vn -0.5585009 -0.6374197 -0.5308229
v -0.0717098 0.1510081 0.0280000
vn -0.5585009 -0.6374197 -0.5308229
f 1321/1321/1321 1322/1322/1322 1323/1323/1323
v -0.0849468 0.1859238 0.0000000
vn -0.5717854 -0.6341621 -0.5204805
v -0.0717098 0.1510081 0.0280000
vn -0.5717854 -0.6341621 -0.5204805
v -0.0987001 0.1753436 0.0280000
vn -0.5717854 -0.6341621 -0.5204805
f 1324/1324/1324 1325/1325/1325 1326/1326/1326
v -0.0617175 0.1655704 0.0000000
vn -0.3441759 -0.7709323 -0.5359164
v -0.0324468 0.1525028 0.0000000
vn -0.3441759 -0.7709323 -0.5359164
v -0.0377001 0.1353838 0.0280000
vn -0.3441759 -0.7709323 -0.5359164
f 1327/1327/1327 1328/1328/1328 1329/1329/1329
v -0.0617175 0.1655704 0.0000000
vn -0.3545513 -0.7717569 -0.5279058
v -0.0377001 0.1353838 0.0280000
vn -0.3545513 -0.7717569 -0.5279058
v -0.0717098 0.1510081 0.0280000
vn -0.3545513 -0.7717569 -0.5279058
f 1330/1330/1330 1331/1331/1331 1332/1332/1332
v -0.0324468 0.1525028 0.0000000
vn -0.1159472 -0.8355050 -0.5371106
v -0.0000000 0.1480000 0.0000000
vn -0.1159472 -0.8355050 -0.5371106
v -0.0000000 0.1300000 0.0280000
vn -0.1159472 -0.8355050 -0.5371106
f 1333/1333/1333 1334/1334/1334 1335/1335/1335
v -0.0324468 0.1525028 0.0000000
vn -0.1195174 -0.8369226 -0.5341126
v -0.0000000 0.1300000 0.0280000
vn -0.1195174 -0.8369226 -0.5341126
v -0.0377001 0.1353838 0.0280000
vn -0.1195174 -0.8369226 -0.5341126
f 1336/1336/1336 1337/1337/1337 1338/1338/1338
v -0.0000000 0.1480000 0.0000000
vn 0.1162295 -0.8375387 -0.5338724
v 0.0324468 0.1525028 0.0000000
vn 0.1162295 -0.8375387 -0.5338724
v 0.0377001 0.1353838 0.0280000
vn 0.1162295 -0.8375387 -0.5338724
f 1339/1339/1339 1340/1340/1340 1341/1341/1341
v -0.0000000 0.1480000 0.0000000
vn 0.1192677 -0.8351741 -0.5368978
v 0.0377001 0.1353838 0.0280000
vn 0.1192677 -0.8351741 -0.5368978
v -0.0000000 0.1300000 0.0280000
vn 0.1192677 -0.8351741 -0.5368978
f 1342/1342/1342 1343/1343/1343 1344/1344/1344
v 0.0324468 0.1525028 0.0000000
vn 0.3464118 -0.7759404 -0.5271769
v 0.0617175 0.1655704 0.0000000
vn 0.3464118 -0.7759404 -0.5271769
v 0.0717098 0.1510081 0.0280000
vn 0.3464118 -0.7759404 -0.5271769
f 1345/1345/1345 1346/1346/1346 1347/1347/1347
v 0.0324468 0.1525028 0.0000000
vn 0.3525903 -0.7674882 -0.5353895
v 0.0717098 0.1510081 0.0280000
vn 0.3525903 -0.7674882 -0.5353895
v 0.0377001 0.1353838 0.0280000
vn 0.3525903 -0.7674882 -0.5353895
f 1348/1348/1348 1349/1349/1349 1350/1350/1350
v 0.0617175 0.1655704 0.0000000
vn 0.5631252 -0.6426973 -0.5194519
v 0.0849468 0.1859238 0.0000000
vn 0.5631252 -0.6426973 -0.5194519
v 0.0987001 0.1753436 0.0280000
vn 0.5631252 -0.6426973 -0.5194519
f 1351/1351/1351 1352/1352/1352 1353/1353/1353
v 0.0617175 0.1655704 0.0000000
vn 0.5677918 -0.6297327 -0.5301407
v 0.0987001 0.1753436 0.0280000
vn 0.5677918 -0.6297327 -0.5301407
v 0.0717098 0.1510081 0.0280000
vn 0.5677918 -0.6297327 -0.5301407
f 1354/1354/1354 1355/1355/1355 1356/1356/1356
v 0.0849468 0.1859238 0.0000000
vn 0.7415860 -0.4312498 -0.5138813
v 0.0998609 0.2115704 0.0000000
vn 0.7415860 -0.4312498 -0.5138813
v 0.1160289 0.2060081 0.0280000
vn 0.7415860 -0.4312498 -0.5138813
f 1357/1357/1357 1358/1358/1358 1359/1359/1359
v 0.0849468 0.1859238 0.0000000
vn 0.7420686 -0.4193503 -0.5229526
v 0.1160289 0.2060081 0.0280000
vn 0.7420686 -0.4193503 -0.5229526
v 0.0987001 0.1753436 0.0280000
vn 0.7420686 -0.4193503 -0.5229526
f 1360/1360/1360 1361/1361/1361 1362/1362/1362
v 0.0998609 0.2115704 0.0000000
vn 0.8447626 -0.1527033 -0.5128917
v 0.1050000 0.2400000 0.0000000
vn 0.8447626 -0.1527033 -0.5128917
v 0.1220000 0.2400000 0.0280000
vn 0.8447626 -0.1527033 -0.5128917
f 1363/1363/1363 1364/1364/1364 1365/1365/1365
v 0.0998609 0.2115704 0.0000000
vn 0.8434098 -0.1481557 -0.5164394
v 0.1220000 0.2400000 0.0280000
vn 0.8434098 -0.1481557 -0.5164394
v 0.1160289 0.2060081 0.0280000
vn 0.8434098 -0.1481557 -0.5164394
f 1366/1366/1366 1367/1367/1367 1368/1368/1368
v 0.1220000 0.2400000 0.0280000
vn 0.9060185 0.1591536 0.3921742
v 0.1160289 0.2739919 0.0280000
vn 0.9060185 0.1591536 0.3921742
v 0.0865461 0.2644123 0.1000000
vn 0.9060185 0.1591536 0.3921742
f 1369/1369/1369 1370/1370/1370 1371/1371/1371
v 0.1220000 0.2400000 0.0280000
vn 0.9058537 0.1652663 0.3900204
v 0.0865461 0.2644123 0.1000000
vn 0.9058537 0.1652663 0.3900204
v 0.0910000 0.2400000 0.1000000
vn 0.9058537 0.1652663 0.3900204
f 1372/1372/1372 1373/1373/1373 1374/1374/1374
v 0.1160289 0.2739919 0.0280000
vn 0.8004442 0.4523392 0.3932917
v 0.0987001 0.3046564 0.0280000
vn 0.8004442 0.4523392 0.3932917
v 0.0736205 0.2864350 0.1000000
vn 0.8004442 0.4523392 0.3932917
f 1375/1375/1375 1376/1376/1376 1377/1377/1377
v 0.1160289 0.2739919 0.0280000
vn 0.7950030 0.4666047 0.3876213
v 0.0736205 0.2864350 0.1000000
vn 0.7950030 0.4666047 0.3876213
v 0.0865461 0.2644123 0.1000000
vn 0.7950030 0.4666047 0.3876213
f 1378/1378/1378 1379/1379/1379 1380/1380/1380
v 0.0987001 0.3046564 0.0280000
vn 0.6155837 0.6827388 0.3936045
v 0.0717098 0.3289919 0.0280000
vn 0.6155837 0.6827388 0.3936045
v 0.0534885 0.3039123 0.1000000
vn 0.6155837 0.6827388 0.3936045
f 1381/1381/1381 1382/1382/1382 1383/1383/1383
v 0.0987001 0.3046564 0.0280000
vn 0.6045339 0.6963618 0.3868066
v 0.0534885 0.3039123 0.1000000
vn 0.6045339 0.6963618 0.3868066
v 0.0736205 0.2864350 0.1000000
vn 0.6045339 0.6963618 0.3868066
f 1384/1384/1384 1385/1385/1385 1386/1386/1386
v 0.0717098 0.3289919 0.0280000
vn 0.3838374 0.8355044 0.3931938
v 0.0377001 0.3446162 0.0280000
vn 0.3838374 0.8355044 0.3931938
v 0.0281205 0.3151335 0.1000000
vn 0.3838374 0.8355044 0.3931938
f 1387/1387/1387 1388/1388/1388 1389/1389/1389
v 0.0717098 0.3289919 0.0280000
vn 0.3728426 0.8428969 0.3879603
v 0.0281205 0.3151335 0.1000000
vn 0.3728426 0.8428969 0.3879603
v 0.0534885 0.3039123 0.1000000
vn 0.3728426 0.8428969 0.3879603
f 1390/1390/1390 1391/1391/1391 1392/1392/1392
v 0.0377001 0.3446162 0.0280000
vn 0.1300509 0.9106836 0.3920997
v 0.0000000 0.3500000 0.0280000
vn 0.1300509 0.9106836 0.3920997
v 0.0000000 0.3190000 0.1000000
vn 0.1300509 0.9106836 0.3920997
f 1393/1393/1393 1394/1394/1394 1395/1395/1395
v 0.0377001 0.3446162 0.0280000
vn 0.1254198 0.9121494 0.3901964
v 0.0000000 0.3190000 0.1000000
vn 0.1254198 0.9121494 0.3901964
v 0.0281205 0.3151335 0.1000000
vn 0.1254198 0.9121494 0.3901964
f 1396/1396/1396 1397/1397/1397 1398/1398/1398
v 0.0000000 0.3500000 0.0280000
vn -0.1301470 0.9113566 0.3905007
v -0.0377001 0.3446162 0.0280000
vn -0.1301470 0.9113566 0.3905007
v -0.0281205 0.3151335 0.1000000
vn -0.1301470 0.9113566 0.3905007
f 1399/1399/1399 1400/1400/1400 1401/1401/1401
v 0.0000000 0.3500000 0.0280000
vn -0.1252956 0.9112458 0.3923418
v -0.0281205 0.3151335 0.1000000
vn -0.1252956 0.9112458 0.3923418
v 0.0000000 0.3190000 0.1000000
vn -0.1252956 0.9112458 0.3923418
f 1402/1402/1402 1403/1403/1403 1404/1404/1404
v -0.0377001 0.3446162 0.0280000
vn -0.3845933 0.8371497 0.3889323
v -0.0717098 0.3289919 0.0280000
vn -0.3845933 0.8371497 0.3889323
v -0.0534885 0.3039123 0.1000000
vn -0.3845933 0.8371497 0.3889323
f 1405/1405/1405 1406/1406/1406 1407/1407/1407
v -0.0377001 0.3446162 0.0280000
vn -0.3718547 0.8406634 0.3937120
v -0.0534885 0.3039123 0.1000000
vn -0.3718547 0.8406634 0.3937120
v -0.0281205 0.3151335 0.1000000
vn -0.3718547 0.8406634 0.3937120
f 1408/1408/1408 1409/1409/1409 1410/1410/1410
v -0.0717098 0.3289919 0.0280000
vn -0.6171267 0.6844501 0.3881786
v -0.0987001 0.3046564 0.0280000
vn -0.6171267 0.6844501 0.3881786
v -0.0736205 0.2864350 0.1000000
vn -0.6171267 0.6844501 0.3881786
f 1411/1411/1411 1412/1412/1412 1413/1413/1413
v -0.0717098 0.3289919 0.0280000
vn -0.6024759 0.6939912 0.3942068
v -0.0736205 0.2864350 0.1000000
vn -0.6024759 0.6939912 0.3942068
v -0.0534885 0.3039123 0.1000000
vn -0.6024759 0.6939912 0.3942068
f 1414/1414/1414 1415/1415/1415 1416/1416/1416
v -0.0987001 0.3046564 0.0280000
vn -0.8021192 0.4532857 0.3887632
v -0.1160289 0.2739919 0.0280000
vn -0.8021192 0.4532857 0.3887632
v -0.0865461 0.2644123 0.1000000
vn -0.8021192 0.4532857 0.3887632
f 1417/1417/1417 1418/1418/1418 1419/1419/1419
v -0.0987001 0.3046564 0.0280000
vn -0.7927154 0.4652620 0.3938699
v -0.0865461 0.2644123 0.1000000
vn -0.7927154 0.4652620 0.3938699
v -0.0736205 0.2864350 0.1000000
vn -0.7927154 0.4652620 0.3938699
f 1420/1420/1420 1421/1421/1421 1422/1422/1422
v -0.1160289 0.2739919 0.0280000
vn -0.9067575 0.1592834 0.3904095
v -0.1220000 0.2400000 0.0280000
vn -0.9067575 0.1592834 0.3904095
v -0.0910000 0.2400000 0.1000000
vn -0.9067575 0.1592834 0.3904095
f 1423/1423/1423 1424/1424/1424 1425/1425/1425
v -0.1160289 0.2739919 0.0280000
vn -0.9048273 0.1650791 0.3924747
v -0.0910000 0.2400000 0.1000000
vn -0.9048273 0.1650791 0.3924747
v -0.0865461 0.2644123 0.1000000
vn -0.9048273 0.1650791 0.3924747
f 1426/1426/1426 1427/1427/1427 1428/1428/1428
v -0.1220000 0.2400000 0.0280000
vn -0.9060186 -0.1591537 0.3921741
v -0.1160289 0.2060081 0.0280000
vn -0.9060186 -0.1591537 0.3921741
v -0.0865461 0.2155877 0.1000000
vn -0.9060186 -0.1591537 0.3921741
f 1429/1429/1429 1430/1430/1430 1431/1431/1431
v -0.1220000 0.2400000 0.0280000
vn -0.9058537 -0.1652664 0.3900204
v -0.0865461 0.2155877 0.1000000
vn -0.9058537 -0.1652664 0.3900204
v -0.0910000 0.2400000 0.1000000
vn -0.9058537 -0.1652664 0.3900204
f 1432/1432/1432 1433/1433/1433 1434/1434/1434
v -0.1160289 0.2060081 0.0280000
vn -0.8004444 -0.4523390 0.3932917
v -0.0987001 0.1753436 0.0280000
vn -0.8004444 -0.4523390 0.3932917
v -0.0736205 0.1935650 0.1000000
vn -0.8004444 -0.4523390 0.3932917
f 1435/1435/1435 1436/1436/1436 1437/1437/1437
v -0.1160289 0.2060081 0.0280000
vn -0.7950030 -0.4666047 0.3876212
v -0.0736205 0.1935650 0.1000000
vn -0.7950030 -0.4666047 0.3876212
v -0.0865461 0.2155877 0.1000000
vn -0.7950030 -0.4666047 0.3876212
f 1438/1438/1438 1439/1439/1439 1440/1440/1440
v -0.0987001 0.1753436 0.0280000
vn -0.6155839 -0.6827386 0.3936046
v -0.0717098 0.1510081 0.0280000
vn -0.6155839 -0.6827386 0.3936046
v -0.0534885 0.1760877 0.1000000
vn -0.6155839 -0.6827386 0.3936046
f 1441/1441/1441 1442/1442/1442 1443/1443/1443
v -0.0987001 0.1753436 0.0280000
vn -0.6045339 -0.6963618 0.3868066
v -0.0534885 0.1760877 0.1000000
vn -0.6045339 -0.6963618 0.3868066
v -0.0736205 0.1935650 0.1000000
vn -0.6045339 -0.6963618 0.3868066
f 1444/1444/1444 1445/1445/1445 1446/1446/1446
v -0.0717098 0.1510081 0.0280000
vn -0.3838374 -0.8355044 0.3931938
v -0.0377001 0.1353838 0.0280000
vn -0.3838374 -0.8355044 0.3931938
v -0.0281205 0.1648665 0.1000000
vn -0.3838374 -0.8355044 0.3931938
f 1447/1447/1447 1448/1448/1448 1449/1449/1449
v -0.0717098 0.1510081 0.0280000
vn -0.3728430 -0.8428966 0.3879605
v -0.0281205 0.1648665 0.1000000
vn -0.3728430 -0.8428966 0.3879605
v -0.0534885 0.1760877 0.1000000
vn -0.3728430 -0.8428966 0.3879605
f 1450/1450/1450 1451/1451/1451 1452/1452/1452
v -0.0377001 0.1353838 0.0280000
vn -0.1300509 -0.9106835 0.3920999
v -0.0000000 0.1300000 0.0280000
vn -0.1300509 -0.9106835 0.3920999
v -0.0000000 0.1610000 0.1000000
vn -0.1300509 -0.9106835 0.3920999
f 1453/1453/1453 1454/1454/1454 1455/1455/1455
v -0.0377001 0.1353838 0.0280000
vn -0.1254194 -0.9121495 0.3901963
v -0.0000000 0.1610000 0.1000000
vn -0.1254194 -0.9121495 0.3901963
v -0.0281205 0.1648665 0.1000000
vn -0.1254194 -0.9121495 0.3901963
f 1456/1456/1456 1457/1457/1457 1458/1458/1458
v -0.0000000 0.1300000 0.0280000
vn 0.1301470 -0.9113566 0.3905007
v 0.0377001 0.1353838 0.0280000
vn 0.1301470 -0.9113566 0.3905007
v 0.0281205 0.1648665 0.1000000
vn 0.1301470 -0.9113566 0.3905007
f 1459/1459/1459 1460/1460/1460 1461/1461/1461
v -0.0000000 0.1300000 0.0280000
vn 0.1252951 -0.9112458 0.3923420
v 0.0281205 0.1648665 0.1000000
vn 0.1252951 -0.9112458 0.3923420
v -0.0000000 0.1610000 0.1000000
vn 0.1252951 -0.9112458 0.3923420
f 1462/1462/1462 1463/1463/1463 1464/1464/1464
v 0.0377001 0.1353838 0.0280000
vn 0.3845932 -0.8371496 0.3889323
v 0.0717098 0.1510081 0.0280000
vn 0.3845932 -0.8371496 0.3889323
v 0.0534885 0.1760877 0.1000000
vn 0.3845932 -0.8371496 0.3889323
f 1465/1465/1465 1466/1466/1466 1467/1467/1467
v 0.0377001 0.1353838 0.0280000
vn 0.3718551 -0.8406633 0.3937120
v 0.0534885 0.1760877 0.1000000
vn 0.3718551 -0.8406633 0.3937120
v 0.0281205 0.1648665 0.1000000
vn 0.3718551 -0.8406633 0.3937120
f 1468/1468/1468 1469/1469/1469 1470/1470/1470
v 0.0717098 0.1510081 0.0280000
vn 0.6171269 -0.6844499 0.3881785
v 0.0987001 0.1753436 0.0280000
vn 0.6171269 -0.6844499 0.3881785
v 0.0736205 0.1935650 0.1000000
vn 0.6171269 -0.6844499 0.3881785
f 1471/1471/1471 1472/1472/1472 1473/1473/1473
v 0.0717098 0.1510081 0.0280000
vn 0.6024759 -0.6939912 0.3942069
v 0.0736205 0.1935650 0.1000000
vn 0.6024759 -0.6939912 0.3942069
v 0.0534885 0.1760877 0.1000000
vn 0.6024759 -0.6939912 0.3942069
f 1474/1474/1474 1475/1475/1475 1476/1476/1476
v 0.0987001 0.1753436 0.0280000
vn 0.8021194 -0.4532855 0.3887632
v 0.1160289 0.2060081 0.0280000
vn 0.8021194 -0.4532855 0.3887632
v 0.0865461 0.2155877 0.1000000
vn 0.8021194 -0.4532855 0.3887632
f 1477/1477/1477 1478/1478/1478 1479/1479/1479
v 0.0987001 0.1753436 0.0280000
vn 0.7927154 -0.4652620 0.3938699
v 0.0865461 0.2155877 0.1000000
vn 0.7927154 -0.4652620 0.3938699
v 0.0736205 0.1935650 0.1000000
vn 0.7927154 -0.4652620 0.3938699
f 1480/1480/1480 1481/1481/1481 1482/1482/1482
v 0.1160289 0.2060081 0.0280000
vn 0.9067575 -0.1592835 0.3904095
v 0.1220000 0.2400000 0.0280000
vn 0.9067575 -0.1592835 0.3904095
v 0.0910000 0.2400000 0.1000000
vn 0.9067575 -0.1592835 0.3904095
f 1483/1483/1483 1484/1484/1484 1485/1485/1485
v 0.1160289 0.2060081 0.0280000
vn 0.9048273 -0.1650792 0.3924747
v 0.0910000 0.2400000 0.1000000
vn 0.9048273 -0.1650792 0.3924747
v 0.0865461 0.2155877 0.1000000
vn 0.9048273 -0.1650792 0.3924747
f 1486/1486/1486 1487/1487/1487 1488/1488/1488
v 0.0910000 0.2400000 0.1000000
vn 0.9751792 0.1779142 0.1318032
v 0.0865461 0.2644123 0.1000000
vn 0.9751792 0.1779142 0.1318032
v 0.0608676 0.2569959 0.3000000
vn 0.9751792 0.1779142 0.1318032
f 1489/1489/1489 1490/1490/1490 1491/1491/1491
v 0.0910000 0.2400000 0.1000000
vn 0.9748830 0.1796727 0.1316092
v 0.0608676 0.2569959 0.3000000
vn 0.9748830 0.1796727 0.1316092
v 0.0640000 0.2400000 0.3000000
vn 0.9748830 0.1796727 0.1316092
f 1492/1492/1492 1493/1493/1493 1494/1494/1494
v 0.0865461 0.2644123 0.1000000
vn 0.8552438 0.5019614 0.1288128
v 0.0736205 0.2864350 0.1000000
vn 0.8552438 0.5019614 0.1288128
v 0.0517771 0.2723282 0.3000000
vn 0.8552438 0.5019614 0.1288128
f 1495/1495/1495 1496/1496/1496 1497/1497/1497
v 0.0865461 0.2644123 0.1000000
vn 0.8530674 0.5057859 0.1282831
v 0.0517771 0.2723282 0.3000000
vn 0.8530674 0.5057859 0.1282831
v 0.0608676 0.2569959 0.3000000
vn 0.8530674 0.5057859 0.1282831
f 1498/1498/1498 1499/1499/1499 1500/1500/1500
v 0.0736205 0.2864350 0.1000000
vn 0.6504733 0.7492794 0.1243573
v 0.0534885 0.3039123 0.1000000
vn 0.6504733 0.7492794 0.1243573
v 0.0376183 0.2844959 0.3000000
vn 0.6504733 0.7492794 0.1243573
f 1501/1501/1501 1502/1502/1502 1503/1503/1503
v 0.0736205 0.2864350 0.1000000
vn 0.6467586 0.7525932 0.1237208
v 0.0376183 0.2844959 0.3000000
vn 0.6467586 0.7525932 0.1237208
v 0.0517771 0.2723282 0.3000000
vn 0.6467586 0.7525932 0.1237208
f 1504/1504/1504 1505/1505/1505 1506/1506/1506
v 0.0534885 0.3039123 0.1000000
vn 0.4015857 0.9078772 0.1203660
v 0.0281205 0.3151335 0.1000000
vn 0.4015857 0.9078772 0.1203660
v 0.0197771 0.2923081 0.3000000
vn 0.4015857 0.9078772 0.1203660
f 1507/1507/1507 1508/1508/1508 1509/1509/1509
v 0.0534885 0.3039123 0.1000000
vn 0.3982142 0.9094243 0.1198875
v 0.0197771 0.2923081 0.3000000
vn 0.3982142 0.9094243 0.1198875
v 0.0376183 0.2844959 0.3000000
vn 0.3982142 0.9094243 0.1198875
f 1510/1510/1510 1511/1511/1511 1512/1512/1512
v 0.0281205 0.3151335 0.1000000
vn 0.1352651 0.9837517 0.1180503
v 0.0000000 0.3190000 0.1000000
vn 0.1352651 0.9837517 0.1180503
v 0.0000000 0.2950000 0.3000000
vn 0.1352651 0.9837517 0.1180503
f 1513/1513/1513 1514/1514/1514 1515/1515/1515
v 0.0281205 0.3151335 0.1000000
vn 0.1339264 0.9839550 0.1178825
v 0.0000000 0.2950000 0.3000000
vn 0.1339264 0.9839550 0.1178825
v 0.0197771 0.2923081 0.3000000
vn 0.1339264 0.9839550 0.1178825
f 1516/1516/1516 1517/1517/1517 1518/1518/1518
v 0.0000000 0.3190000 0.1000000
vn -0.1352673 0.9837674 0.1179171
v -0.0281205 0.3151335 0.1000000
vn -0.1352673 0.9837674 0.1179171
v -0.0197771 0.2923081 0.3000000
vn -0.1352673 0.9837674 0.1179171
f 1519/1519/1519 1520/1520/1520 1521/1521/1521
v 0.0000000 0.3190000 0.1000000
vn -0.1339234 0.9839327 0.1180720
v -0.0197771 0.2923081 0.3000000
vn -0.1339234 0.9839327 0.1180720
v 0.0000000 0.2950000 0.3000000
vn -0.1339234 0.9839327 0.1180720
f 1522/1522/1522 1523/1523/1523 1524/1524/1524
v -0.0281205 0.3151335 0.1000000
vn -0.4016031 0.9079166 0.1200101
v -0.0534885 0.3039123 0.1000000
vn -0.4016031 0.9079166 0.1200101
v -0.0376183 0.2844959 0.3000000
vn -0.4016031 0.9079166 0.1200101
f 1525/1525/1525 1526/1526/1526 1527/1527/1527
v -0.0281205 0.3151335 0.1000000
vn -0.3981895 0.9093680 0.1203945
v -0.0376183 0.2844959 0.3000000
vn -0.3981895 0.9093680 0.1203945
v -0.0197771 0.2923081 0.3000000
vn -0.3981895 0.9093680 0.1203945
f 1528/1528/1528 1529/1529/1529 1530/1530/1530
v -0.0534885 0.3039123 0.1000000
vn -0.6505108 0.7493227 0.1238999
v -0.0736205 0.2864350 0.1000000
vn -0.6505108 0.7493227 0.1238999
v -0.0517771 0.2723282 0.3000000
vn -0.6505108 0.7493227 0.1238999
f 1531/1531/1531 1532/1532/1532 1533/1533/1533
v -0.0534885 0.3039123 0.1000000
vn -0.6467054 0.7525312 0.1243740
v -0.0517771 0.2723282 0.3000000
vn -0.6467054 0.7525312 0.1243740
v -0.0376183 0.2844959 0.3000000
vn -0.6467054 0.7525312 0.1243740
f 1534/1534/1534 1535/1535/1535 1536/1536/1536
v -0.0736205 0.2864350 0.1000000
vn -0.8552870 0.5019867 0.1284272
v -0.0865461 0.2644123 0.1000000
vn -0.8552870 0.5019867 0.1284272
v -0.0608676 0.2569959 0.3000000
vn -0.8552870 0.5019867 0.1284272
f 1537/1537/1537 1538/1538/1538 1539/1539/1539
v -0.0736205 0.2864350 0.1000000
vn -0.8530058 0.5057493 0.1288356
v -0.0608676 0.2569959 0.3000000
vn -0.8530058 0.5057493 0.1288356
v -0.0517771 0.2723282 0.3000000
vn -0.8530058 0.5057493 0.1288356
f 1540/1540/1540 1541/1541/1541 1542/1542/1542
v -0.0865461 0.2644123 0.1000000
vn -0.9751989 0.1779178 0.1316518
v -0.0910000 0.2400000 0.1000000
vn -0.9751989 0.1779178 0.1316518
v -0.0640000 0.2400000 0.3000000
vn -0.9751989 0.1779178 0.1316518
f 1543/1543/1543 1544/1544/1544 1545/1545/1545
v -0.0865461 0.2644123 0.1000000
vn -0.9748546 0.1796674 0.1318265
v -0.0640000 0.2400000 0.3000000
vn -0.9748546 0.1796674 0.1318265
v -0.0608676 0.2569959 0.3000000
vn -0.9748546 0.1796674 0.1318265
f 1546/1546/1546 1547/1547/1547 1548/1548/1548
v -0.0910000 0.2400000 0.1000000
vn -0.9751791 -0.1779143 0.1318032
v -0.0865461 0.2155877 0.1000000
vn -0.9751791 -0.1779143 0.1318032
v -0.0608676 0.2230041 0.3000000
vn -0.9751791 -0.1779143 0.1318032
f 1549/1549/1549 1550/1550/1550 1551/1551/1551
v -0.0910000 0.2400000 0.1000000
vn -0.9748830 -0.1796728 0.1316092
v -0.0608676 0.2230041 0.3000000
vn -0.9748830 -0.1796728 0.1316092
v -0.0640000 0.2400000 0.3000000
vn -0.9748830 -0.1796728 0.1316092
f 1552/1552/1552 1553/1553/1553 1554/1554/1554
v -0.0865461 0.2155877 0.1000000
vn -0.8552438 -0.5019614 0.1288128
v -0.0736205 0.1935650 0.1000000
vn -0.8552438 -0.5019614 0.1288128
v -0.0517771 0.2076718 0.3000000
vn -0.8552438 -0.5019614 0.1288128
f 1555/1555/1555 1556/1556/1556 1557/1557/1557
v -0.0865461 0.2155877 0.1000000
vn -0.8530674 -0.5057859 0.1282831
v -0.0517771 0.2076718 0.3000000
vn -0.8530674 -0.5057859 0.1282831
v -0.0608676 0.2230041 0.3000000
vn -0.8530674 -0.5057859 0.1282831
f 1558/1558/1558 1559/1559/1559 1560/1560/1560
v -0.0736205 0.1935650 0.1000000
vn -0.6504733 -0.7492794 0.1243573
v -0.0534885 0.1760877 0.1000000
vn -0.6504733 -0.7492794 0.1243573
v -0.0376183 0.1955041 0.3000000
vn -0.6504733 -0.7492794 0.1243573
f 1561/1561/1561 1562/1562/1562 1563/1563/1563
v -0.0736205 0.1935650 0.1000000
vn -0.6467591 -0.7525929 0.1237208
v -0.0376183 0.1955041 0.3000000
vn -0.6467591 -0.7525929 0.1237208
v -0.0517771 0.2076718 0.3000000
vn -0.6467591 -0.7525929 0.1237208
f 1564/1564/1564 1565/1565/1565 1566/1566/1566
v -0.0534885 0.1760877 0.1000000
vn -0.4015861 -0.9078770 0.1203662
v -0.0281205 0.1648665 0.1000000
vn -0.4015861 -0.9078770 0.1203662
v -0.0197771 0.1876919 0.3000000
vn -0.4015861 -0.9078770 0.1203662
f 1567/1567/1567 1568/1568/1568 1569/1569/1569
v -0.0534885 0.1760877 0.1000000
vn -0.3982129 -0.9094248 0.1198874
v -0.0197771 0.1876919 0.3000000
vn -0.3982129 -0.9094248 0.1198874
v -0.0376183 0.1955041 0.3000000
vn -0.3982129 -0.9094248 0.1198874
f 1570/1570/1570 1571/1571/1571 1572/1572/1572
v -0.0281205 0.1648665 0.1000000
vn -0.1352646 -0.9837518 0.1180502
v -0.0000000 0.1610000 0.1000000
vn -0.1352646 -0.9837518 0.1180502
v -0.0000000 0.1850000 0.3000000
vn -0.1352646 -0.9837518 0.1180502
f 1573/1573/1573 1574/1574/1574 1575/1575/1575
v -0.0281205 0.1648665 0.1000000
vn -0.1339279 -0.9839548 0.1178827
v -0.0000000 0.1850000 0.3000000
vn -0.1339279 -0.9839548 0.1178827
v -0.0197771 0.1876919 0.3000000
vn -0.1339279 -0.9839548 0.1178827
f 1576/1576/1576 1577/1577/1577 1578/1578/1578
v -0.0000000 0.1610000 0.1000000
vn 0.1352668 -0.9837675 0.1179172
v 0.0281205 0.1648665 0.1000000
vn 0.1352668 -0.9837675 0.1179172
v 0.0197771 0.1876919 0.3000000
vn 0.1352668 -0.9837675 0.1179172
f 1579/1579/1579 1580/1580/1580 1581/1581/1581
v -0.0000000 0.1610000 0.1000000
vn 0.1339248 -0.9839325 0.1180719
v 0.0197771 0.1876919 0.3000000
vn 0.1339248 -0.9839325 0.1180719
v -0.0000000 0.1850000 0.3000000
vn 0.1339248 -0.9839325 0.1180719
f 1582/1582/1582 1583/1583/1583 1584/1584/1584
v 0.0281205 0.1648665 0.1000000
vn 0.4016035 -0.9079164 0.1200100
v 0.0534885 0.1760877 0.1000000
vn 0.4016035 -0.9079164 0.1200100
v 0.0376183 0.1955041 0.3000000
vn 0.4016035 -0.9079164 0.1200100
f 1585/1585/1585 1586/1586/1586 1587/1587/1587
v 0.0281205 0.1648665 0.1000000
vn 0.3981883 -0.9093686 0.1203946
v 0.0376183 0.1955041 0.3000000
vn 0.3981883 -0.9093686 0.1203946
v 0.0197771 0.1876919 0.3000000
vn 0.3981883 -0.9093686 0.1203946
f 1588/1588/1588 1589/1589/1589 1590/1590/1590
v 0.0534885 0.1760877 0.1000000
vn 0.6505108 -0.7493227 0.1238999
v 0.0736205 0.1935650 0.1000000
vn 0.6505108 -0.7493227 0.1238999
v 0.0517771 0.2076718 0.3000000
vn 0.6505108 -0.7493227 0.1238999
f 1591/1591/1591 1592/1592/1592 1593/1593/1593
v 0.0534885 0.1760877 0.1000000
vn 0.6467058 -0.7525309 0.1243740
v 0.0517771 0.2076718 0.3000000
vn 0.6467058 -0.7525309 0.1243740
v 0.0376183 0.1955041 0.3000000
vn 0.6467058 -0.7525309 0.1243740
f 1594/1594/1594 1595/1595/1595 1596/1596/1596
v 0.0736205 0.1935650 0.1000000
vn 0.8552870 -0.5019867 0.1284272
v 0.0865461 0.2155877 0.1000000
vn 0.8552870 -0.5019867 0.1284272
v 0.0608676 0.2230041 0.3000000
vn 0.8552870 -0.5019867 0.1284272
f 1597/1597/1597 1598/1598/1598 1599/1599/1599
v 0.0736205 0.1935650 0.1000000
vn 0.8530058 -0.5057493 0.1288356
v 0.0608676 0.2230041 0.3000000
vn 0.8530058 -0.5057493 0.1288356
v 0.0517771 0.2076718 0.3000000
vn 0.8530058 -0.5057493 0.1288356
f 1600/1600/1600 1601/1601/1601 1602/1602/1602
v 0.0865461 0.2155877 0.1000000
vn 0.9751989 -0.1779179 0.1316518
v 0.0910000 0.2400000 0.1000000
vn 0.9751989 -0.1779179 0.1316518
v 0.0640000 0.2400000 0.3000000
vn 0.9751989 -0.1779179 0.1316518
f 1603/1603/1603 1604/1604/1604 1605/1605/1605
v 0.0865461 0.2155877 0.1000000
vn 0.9748544 -0.1796676 0.1318265
v 0.0640000 0.2400000 0.3000000
vn 0.9748544 -0.1796676 0.1318265
v 0.0608676 0.2230041 0.3000000
vn 0.9748544 -0.1796676 0.1318265
f 1606/1606/1606 1607/1607/1607 1608/1608/1608
v 0.0640000 0.2400000 0.3000000
vn 0.9828276 0.1811369 -0.0352061
v 0.0608676 0.2569959 0.3000000
vn 0.9828276 0.1811369 -0.0352061
v 0.0713292 0.2585410 0.6000000
vn 0.9828276 0.1811369 -0.0352061
f 1609/1609/1609 1610/1610/1610 1611/1611/1611
v 0.0640000 0.2400000 0.3000000
vn 0.9803257 0.1940857 -0.0359453
v 0.0713292 0.2585410 0.6000000
vn 0.9803257 0.1940857 -0.0359453
v 0.0750000 0.2400000 0.6000000
vn 0.9803257 0.1940857 -0.0359453
f 1612/1612/1612 1613/1613/1613 1614/1614/1614
v 0.0608676 0.2569959 0.3000000
vn 0.8597744 0.5097625 -0.0304982
v 0.0517771 0.2723282 0.3000000
vn 0.8597744 0.5097625 -0.0304982
v 0.0606763 0.2752671 0.6000000
vn 0.8597744 0.5097625 -0.0304982
f 1615/1615/1615 1616/1616/1616 1617/1617/1617
v 0.0608676 0.2569959 0.3000000
vn 0.8430178 0.5369233 -0.0321630
v 0.0606763 0.2752671 0.6000000
vn 0.8430178 0.5369233 -0.0321630
v 0.0713292 0.2585410 0.6000000
vn 0.8430178 0.5369233 -0.0321630
f 1618/1618/1618 1619/1619/1619 1620/1620/1620
v 0.0517771 0.2723282 0.3000000
vn 0.6515741 0.7581968 -0.0242661
v 0.0376183 0.2844959 0.3000000
vn 0.6515741 0.7581968 -0.0242661
v 0.0440839 0.2885410 0.6000000
vn 0.6515741 0.7581968 -0.0242661
f 1621/1621/1621 1622/1622/1622 1623/1623/1623
v 0.0517771 0.2723282 0.3000000
vn 0.6244808 0.7806016 -0.0261717
v 0.0440839 0.2885410 0.6000000
vn 0.6244808 0.7806016 -0.0261717
v 0.0606763 0.2752671 0.6000000
vn 0.6244808 0.7806016 -0.0261717
f 1624/1624/1624 1625/1625/1625 1626/1626/1626
v 0.0376183 0.2844959 0.3000000
vn 0.4010343 0.9158648 -0.0190612
v 0.0197771 0.2923081 0.3000000
vn 0.4010343 0.9158648 -0.0190612
v 0.0231763 0.2970634 0.6000000
vn 0.4010343 0.9158648 -0.0190612
f 1627/1627/1627 1628/1628/1628 1629/1629/1629
v 0.0376183 0.2844959 0.3000000
vn 0.3773854 0.9258267 -0.0206170
v 0.0231763 0.2970634 0.6000000
vn 0.3773854 0.9258267 -0.0206170
v 0.0440839 0.2885410 0.6000000
vn 0.3773854 0.9258267 -0.0206170
f 1630/1630/1630 1631/1631/1631 1632/1632/1632
v 0.0197771 0.2923081 0.3000000
vn 0.1348484 0.9907287 -0.0165122
v 0.0000000 0.2950000 0.3000000
vn 0.1348484 0.9907287 -0.0165122
v 0.0000000 0.3000000 0.6000000
vn 0.1348484 0.9907287 -0.0165122
f 1633/1633/1633 1634/1634/1634 1635/1635/1635
v 0.0197771 0.2923081 0.3000000
vn 0.1256850 0.9919220 -0.0171469
v 0.0000000 0.3000000 0.6000000
vn 0.1256850 0.9919220 -0.0171469
v 0.0231763 0.2970634 0.6000000
vn 0.1256850 0.9919220 -0.0171469
f 1636/1636/1636 1637/1637/1637 1638/1638/1638
v 0.0000000 0.2950000 0.3000000
vn -0.1348467 0.9907167 -0.0172316
v -0.0197771 0.2923081 0.3000000
vn -0.1348467 0.9907167 -0.0172316
v -0.0231763 0.2970634 0.6000000
vn -0.1348467 0.9907167 -0.0172316
f 1639/1639/1639 1640/1640/1640 1641/1641/1641
v 0.0000000 0.2950000 0.3000000
vn -0.1256863 0.9919323 -0.0165323
v -0.0231763 0.2970634 0.6000000
vn -0.1256863 0.9919323 -0.0165323
v 0.0000000 0.3000000 0.6000000
vn -0.1256863 0.9919323 -0.0165323
f 1642/1642/1642 1643/1643/1643 1644/1644/1644
v -0.0197771 0.2923081 0.3000000
vn -0.4010187 0.9158292 -0.0209915
v -0.0376183 0.2844959 0.3000000
vn -0.4010187 0.9158292 -0.0209915
v -0.0440839 0.2885410 0.6000000
vn -0.4010187 0.9158292 -0.0209915
f 1645/1645/1645 1646/1646/1646 1647/1647/1647
v -0.0197771 0.2923081 0.3000000
vn -0.3773979 0.9258572 -0.0189518
v -0.0440839 0.2885410 0.6000000
vn -0.3773979 0.9258572 -0.0189518
v -0.0231763 0.2970634 0.6000000
vn -0.3773979 0.9258572 -0.0189518
f 1648/1648/1648 1649/1649/1649 1650/1650/1650
v -0.0376183 0.2844959 0.3000000
vn -0.6515328 0.7581486 -0.0267542
v -0.0517771 0.2723282 0.3000000
vn -0.6515328 0.7581486 -0.0267542
v -0.0606763 0.2752671 0.6000000
vn -0.6515328 0.7581486 -0.0267542
f 1651/1651/1651 1652/1652/1652 1653/1653/1653
v -0.0376183 0.2844959 0.3000000
vn -0.6245151 0.7806444 -0.0239856
v -0.0606763 0.2752671 0.6000000
vn -0.6245151 0.7806444 -0.0239856
v -0.0440839 0.2885410 0.6000000
vn -0.6245151 0.7806444 -0.0239856
f 1654/1654/1654 1655/1655/1655 1656/1656/1656
v -0.0517771 0.2723282 0.3000000
vn -0.8597171 0.5097286 -0.0326053
v -0.0608676 0.2569959 0.3000000
vn -0.8597171 0.5097286 -0.0326053
v -0.0713292 0.2585410 0.6000000
vn -0.8597171 0.5097286 -0.0326053
f 1657/1657/1657 1658/1658/1658 1659/1659/1659
v -0.0517771 0.2723282 0.3000000
vn -0.8430676 0.5369552 -0.0302690
v -0.0713292 0.2585410 0.6000000
vn -0.8430676 0.5369552 -0.0302690
v -0.0606763 0.2752671 0.6000000
vn -0.8430676 0.5369552 -0.0302690
f 1660/1660/1660 1661/1661/1661 1662/1662/1662
v -0.0608676 0.2569959 0.3000000
vn -0.9827984 0.1811315 -0.0360359
v -0.0640000 0.2400000 0.3000000
vn -0.9827984 0.1811315 -0.0360359
v -0.0750000 0.2400000 0.6000000
vn -0.9827984 0.1811315 -0.0360359
f 1663/1663/1663 1664/1664/1664 1665/1665/1665
v -0.0608676 0.2569959 0.3000000
vn -0.9803522 0.1940909 -0.0351865
v -0.0750000 0.2400000 0.6000000
vn -0.9803522 0.1940909 -0.0351865
v -0.0713292 0.2585410 0.6000000
vn -0.9803522 0.1940909 -0.0351865
f 1666/1666/1666 1667/1667/1667 1668/1668/1668
v -0.0640000 0.2400000 0.3000000
vn -0.9828275 -0.1811370 -0.0352061
v -0.0608676 0.2230041 0.3000000
vn -0.9828275 -0.1811370 -0.0352061
v -0.0713292 0.2214590 0.6000000
vn -0.9828275 -0.1811370 -0.0352061
f 1669/1669/1669 1670/1670/1670 1671/1671/1671
v -0.0640000 0.2400000 0.3000000
vn -0.9803257 -0.1940859 -0.0359453
v -0.0713292 0.2214590 0.6000000
vn -0.9803257 -0.1940859 -0.0359453
v -0.0750000 0.2400000 0.6000000
vn -0.9803257 -0.1940859 -0.0359453
f 1672/1672/1672 1673/1673/1673 1674/1674/1674
v -0.0608676 0.2230041 0.3000000
vn -0.8597744 -0.5097625 -0.0304982
v -0.0517771 0.2076718 0.3000000
vn -0.8597744 -0.5097625 -0.0304982
v -0.0606763 0.2047329 0.6000000
vn -0.8597744 -0.5097625 -0.0304982
f 1675/1675/1675 1676/1676/1676 1677/1677/1677
v -0.0608676 0.2230041 0.3000000
vn -0.8430178 -0.5369233 -0.0321630
v -0.0606763 0.2047329 0.6000000
vn -0.8430178 -0.5369233 -0.0321630
v -0.0713292 0.2214590 0.6000000
vn -0.8430178 -0.5369233 -0.0321630
f 1678/1678/1678 1679/1679/1679 1680/1680/1680
v -0.0517771 0.2076718 0.3000000
vn -0.6515746 -0.7581964 -0.0242660
v -0.0376183 0.1955041 0.3000000
vn -0.6515746 -0.7581964 -0.0242660
v -0.0440839 0.1914590 0.6000000
vn -0.6515746 -0.7581964 -0.0242660
f 1681/1681/1681 1682/1682/1682 1683/1683/1683
v -0.0517771 0.2076718 0.3000000
vn -0.6244808 -0.7806016 -0.0261717
v -0.0440839 0.1914590 0.6000000
vn -0.6244808 -0.7806016 -0.0261717
v -0.0606763 0.2047329 0.6000000
vn -0.6244808 -0.7806016 -0.0261717
f 1684/1684/1684 1685/1685/1685 1686/1686/1686
v -0.0376183 0.1955041 0.3000000
vn -0.4010330 -0.9158652 -0.0190613
v -0.0197771 0.1876919 0.3000000
vn -0.4010330 -0.9158652 -0.0190613
v -0.0231763 0.1829366 0.6000000
vn -0.4010330 -0.9158652 -0.0190613
f 1687/1687/1687 1688/1688/1688 1689/1689/1689
v -0.0376183 0.1955041 0.3000000
vn -0.3773860 -0.9258264 -0.0206170
v -0.0231763 0.1829366 0.6000000
vn -0.3773860 -0.9258264 -0.0206170
v -0.0440839 0.1914590 0.6000000
vn -0.3773860 -0.9258264 -0.0206170
f 1690/1690/1690 1691/1691/1691 1692/1692/1692
v -0.0197771 0.1876919 0.3000000
vn -0.1348498 -0.9907284 -0.0165121
v -0.0000000 0.1850000 0.3000000
vn -0.1348498 -0.9907284 -0.0165121
v -0.0000000 0.1800000 0.6000000
vn -0.1348498 -0.9907284 -0.0165121
f 1693/1693/1693 1694/1694/1694 1695/1695/1695
v -0.0197771 0.1876919 0.3000000
vn -0.1256837 -0.9919221 -0.0171470
v -0.0000000 0.1800000 0.6000000
vn -0.1256837 -0.9919221 -0.0171470
v -0.0231763 0.1829366 0.6000000
vn -0.1256837 -0.9919221 -0.0171470
f 1696/1696/1696 1697/1697/1697 1698/1698/1698
v -0.0000000 0.1850000 0.3000000
vn 0.1348482 -0.9907164 -0.0172317
v 0.0197771 0.1876919 0.3000000
vn 0.1348482 -0.9907164 -0.0172317
v 0.0231763 0.1829366 0.6000000
vn 0.1348482 -0.9907164 -0.0172317
f 1699/1699/1699 1700/1700/1700 1701/1701/1701
v -0.0000000 0.1850000 0.3000000
vn 0.1256850 -0.9919325 -0.0165322
v 0.0231763 0.1829366 0.6000000
vn 0.1256850 -0.9919325 -0.0165322
v -0.0000000 0.1800000 0.6000000
vn 0.1256850 -0.9919325 -0.0165322
f 1702/1702/1702 1703/1703/1703 1704/1704/1704
v 0.0197771 0.1876919 0.3000000
vn 0.4010175 -0.9158298 -0.0209915
v 0.0376183 0.1955041 0.3000000
vn 0.4010175 -0.9158298 -0.0209915
v 0.0440839 0.1914590 0.6000000
vn 0.4010175 -0.9158298 -0.0209915
f 1705/1705/1705 1706/1706/1706 1707/1707/1707
v 0.0197771 0.1876919 0.3000000
vn 0.3773984 -0.9258571 -0.0189519
v 0.0440839 0.1914590 0.6000000
vn 0.3773984 -0.9258571 -0.0189519
v 0.0231763 0.1829366 0.6000000
vn 0.3773984 -0.9258571 -0.0189519
f 1708/1708/1708 1709/1709/1709 1710/1710/1710
v 0.0376183 0.1955041 0.3000000
vn 0.6515332 -0.7581482 -0.0267542
v 0.0517771 0.2076718 0.3000000
vn 0.6515332 -0.7581482 -0.0267542
v 0.0606763 0.2047329 0.6000000
vn 0.6515332 -0.7581482 -0.0267542
f 1711/1711/1711 1712/1712/1712 1713/1713/1713
v 0.0376183 0.1955041 0.3000000
vn 0.6245151 -0.7806444 -0.0239855
v 0.0606763 0.2047329 0.6000000
vn 0.6245151 -0.7806444 -0.0239855
v 0.0440839 0.1914590 0.6000000
vn 0.6245151 -0.7806444 -0.0239855
f 1714/1714/1714 1715/1715/1715 1716/1716/1716
v 0.0517771 0.2076718 0.3000000
vn 0.8597171 -0.5097286 -0.0326053
v 0.0608676 0.2230041 0.3000000
vn 0.8597171 -0.5097286 -0.0326053
v 0.0713292 0.2214590 0.6000000
vn 0.8597171 -0.5097286 -0.0326053
f 1717/1717/1717 1718/1718/1718 1719/1719/1719
v 0.0517771 0.2076718 0.3000000
vn 0.8430676 -0.5369552 -0.0302690
v 0.0713292 0.2214590 0.6000000
vn 0.8430676 -0.5369552 -0.0302690
v 0.0606763 0.2047329 0.6000000
vn 0.8430676 -0.5369552 -0.0302690
f 1720/1720/1720 1721/1721/1721 1722/1722/1722
v 0.0608676 0.2230041 0.3000000
vn 0.9827985 -0.1811317 -0.0360359
v 0.0640000 0.2400000 0.3000000
vn 0.9827985 -0.1811317 -0.0360359
v 0.0750000 0.2400000 0.6000000
vn 0.9827985 -0.1811317 -0.0360359
f 1723/1723/1723 1724/1724/1724 1725/1725/1725
v 0.0608676 0.2230041 0.3000000
vn 0.9803522 -0.1940911 -0.0351865
v 0.0750000 0.2400000 0.6000000
vn 0.9803522 -0.1940911 -0.0351865
v 0.0713292 0.2214590 0.6000000
vn 0.9803522 -0.1940911 -0.0351865
f 1726/1726/1726 1727/1727/1727 1728/1728/1728
v 0.0750000 0.2400000 0.6000000
vn 0.9134864 0.1808528 -0.3644651
v 0.0713292 0.2585410 0.6000000
vn 0.9134864 0.1808528 -0.3644651
v 0.1236373 0.2715197 0.7375440
vn 0.9134864 0.1808528 -0.3644651
f 1729/1729/1729 1730/1730/1730 1731/1731/1731
v 0.0750000 0.2400000 0.6000000
vn 0.9126253 0.1842247 -0.3649333
v 0.1236373 0.2715197 0.7375440
vn 0.9126253 0.1842247 -0.3649333
v 0.1300000 0.2400000 0.7375440
vn 0.9126253 0.1842247 -0.3649333
f 1732/1732/1732 1733/1733/1733 1734/1734/1734
v 0.0713292 0.2585410 0.6000000
vn 0.7912288 0.5039387 -0.3464142
v 0.0606763 0.2752671 0.6000000
vn 0.7912288 0.5039387 -0.3464142
v 0.1051722 0.2999541 0.7375440
vn 0.7912288 0.5039387 -0.3464142
f 1735/1735/1735 1736/1736/1736 1737/1737/1737
v 0.0713292 0.2585410 0.6000000
vn 0.7864744 0.5107327 -0.3472899
v 0.1051722 0.2999541 0.7375440
vn 0.7864744 0.5107327 -0.3472899
v 0.1236373 0.2715197 0.7375440
vn 0.7864744 0.5107327 -0.3472899
f 1738/1738/1738 1739/1739/1739 1740/1740/1740
v 0.0606763 0.2752671 0.6000000
vn 0.5914922 0.7393658 -0.3216757
v 0.0440839 0.2885410 0.6000000
vn 0.5914922 0.7393658 -0.3216757
v 0.0764121 0.3225197 0.7375440
vn 0.5914922 0.7393658 -0.3216757
f 1741/1741/1741 1742/1742/1742 1743/1743/1743
v 0.0606763 0.2752671 0.6000000
vn 0.5842695 0.7446575 -0.3226674
v 0.0764121 0.3225197 0.7375440
vn 0.5842695 0.7446575 -0.3226674
v 0.1051722 0.2999541 0.7375440
vn 0.5842695 0.7446575 -0.3226674
f 1744/1744/1744 1745/1745/1745 1746/1746/1746
v 0.0440839 0.2885410 0.6000000
vn 0.3599674 0.8830956 -0.3009415
v 0.0231763 0.2970634 0.6000000
vn 0.3599674 0.8830956 -0.3009415
v 0.0401722 0.3370078 0.7375440
vn 0.3599674 0.8830956 -0.3009415
f 1747/1747/1747 1748/1748/1748 1749/1749/1749
v 0.0440839 0.2885410 0.6000000
vn 0.3538989 0.8852301 -0.3018662
v 0.0401722 0.3370078 0.7375440
vn 0.3538989 0.8852301 -0.3018662
v 0.0764121 0.3225197 0.7375440
vn 0.3538989 0.8852301 -0.3018662
f 1750/1750/1750 1751/1751/1751 1752/1752/1752
v 0.0231763 0.2970634 0.6000000
vn 0.1203045 0.9494584 -0.2899236
v 0.0000000 0.3000000 0.6000000
vn 0.1203045 0.9494584 -0.2899236
v 0.0000000 0.3420000 0.7375440
vn 0.1203045 0.9494584 -0.2899236
f 1753/1753/1753 1754/1754/1754 1755/1755/1755
v 0.0231763 0.2970634 0.6000000
vn 0.1180095 0.9496128 -0.2903608
v 0.0000000 0.3420000 0.7375440
vn 0.1180095 0.9496128 -0.2903608
v 0.0401722 0.3370078 0.7375440
vn 0.1180095 0.9496128 -0.2903608
f 1756/1756/1756 1757/1757/1757 1758/1758/1758
v 0.0000000 0.3000000 0.6000000
vn -0.1202809 0.9492722 -0.2905425
v -0.0231763 0.2970634 0.6000000
vn -0.1202809 0.9492722 -0.2905425
v -0.0401722 0.3370078 0.7375440
vn -0.1202809 0.9492722 -0.2905425
f 1759/1759/1759 1760/1760/1760 1761/1761/1761
v 0.0000000 0.3000000 0.6000000
vn -0.1180228 0.9497202 -0.2900036
v -0.0401722 0.3370078 0.7375440
vn -0.1180228 0.9497202 -0.2900036
v 0.0000000 0.3420000 0.7375440
vn -0.1180228 0.9497202 -0.2900036
f 1762/1762/1762 1763/1763/1763 1764/1764/1764
v -0.0231763 0.2970634 0.6000000
vn -0.3597693 0.8826098 -0.3025987
v -0.0440839 0.2885410 0.6000000
vn -0.3597693 0.8826098 -0.3025987
v -0.0764121 0.3225197 0.7375440
vn -0.3597693 0.8826098 -0.3025987
f 1765/1765/1765 1766/1766/1766 1767/1767/1767
v -0.0231763 0.2970634 0.6000000
vn -0.3540114 0.8855117 -0.3009072
v -0.0764121 0.3225197 0.7375440
vn -0.3540114 0.8855117 -0.3009072
v -0.0401722 0.3370078 0.7375440
vn -0.3540114 0.8855117 -0.3009072
f 1768/1768/1768 1769/1769/1769 1770/1770/1770
v -0.0440839 0.2885410 0.6000000
vn -0.5910385 0.7387986 -0.3238055
v -0.0606763 0.2752671 0.6000000
vn -0.5910385 0.7387986 -0.3238055
v -0.1051722 0.2999541 0.7375440
vn -0.5910385 0.7387986 -0.3238055
f 1771/1771/1771 1772/1772/1772 1773/1773/1773
v -0.0440839 0.2885410 0.6000000
vn -0.5845297 0.7449890 -0.3214284
v -0.1051722 0.2999541 0.7375440
vn -0.5845297 0.7449890 -0.3214284
v -0.0764121 0.3225197 0.7375440
vn -0.5845297 0.7449890 -0.3214284
f 1774/1774/1774 1775/1775/1775 1776/1776/1776
v -0.0606763 0.2752671 0.6000000
vn -0.7906679 0.5035814 -0.3482099
v -0.0713292 0.2585410 0.6000000
vn -0.7906679 0.5035814 -0.3482099
v -0.1236373 0.2715197 0.7375440
vn -0.7906679 0.5035814 -0.3482099
f 1777/1777/1777 1778/1778/1778 1779/1779/1779
v -0.0606763 0.2752671 0.6000000
vn -0.7868003 0.5109442 -0.3462389
v -0.1236373 0.2715197 0.7375440
vn -0.7868003 0.5109442 -0.3462389
v -0.1051722 0.2999541 0.7375440
vn -0.7868003 0.5109442 -0.3462389
f 1780/1780/1780 1781/1781/1781 1782/1782/1782
v -0.0713292 0.2585410 0.6000000
vn -0.9132158 0.1807992 -0.3651694
v -0.0750000 0.2400000 0.6000000
vn -0.9132158 0.1807992 -0.3651694
v -0.1300000 0.2400000 0.7375440
vn -0.9132158 0.1807992 -0.3651694
f 1783/1783/1783 1784/1784/1784 1785/1785/1785
v -0.0713292 0.2585410 0.6000000
vn -0.9127843 0.1842568 -0.3645193
v -0.1300000 0.2400000 0.7375440
vn -0.9127843 0.1842568 -0.3645193
v -0.1236373 0.2715197 0.7375440
vn -0.9127843 0.1842568 -0.3645193
f 1786/1786/1786 1787/1787/1787 1788/1788/1788
v -0.0750000 0.2400000 0.6000000
vn -0.9134863 -0.1808529 -0.3644651
v -0.0713292 0.2214590 0.6000000
vn -0.9134863 -0.1808529 -0.3644651
v -0.1236373 0.2084803 0.7375440
vn -0.9134863 -0.1808529 -0.3644651
f 1789/1789/1789 1790/1790/1790 1791/1791/1791
v -0.0750000 0.2400000 0.6000000
vn -0.9126253 -0.1842247 -0.3649333
v -0.1236373 0.2084803 0.7375440
vn -0.9126253 -0.1842247 -0.3649333
v -0.1300000 0.2400000 0.7375440
vn -0.9126253 -0.1842247 -0.3649333
f 1792/1792/1792 1793/1793/1793 1794/1794/1794
v -0.0713292 0.2214590 0.6000000
vn -0.7912288 -0.5039386 -0.3464142
v -0.0606763 0.2047329 0.6000000
vn -0.7912288 -0.5039386 -0.3464142
v -0.1051722 0.1800459 0.7375440
vn -0.7912288 -0.5039386 -0.3464142
f 1795/1795/1795 1796/1796/1796 1797/1797/1797
v -0.0713292 0.2214590 0.6000000
vn -0.7864744 -0.5107327 -0.3472900
v -0.1051722 0.1800459 0.7375440
vn -0.7864744 -0.5107327 -0.3472900
v -0.1236373 0.2084803 0.7375440
vn -0.7864744 -0.5107327 -0.3472900
f 1798/1798/1798 1799/1799/1799 1800/1800/1800
v -0.0606763 0.2047329 0.6000000
vn -0.5914922 -0.7393658 -0.3216758
v -0.0440839 0.1914590 0.6000000
vn -0.5914922 -0.7393658 -0.3216758
v -0.0764121 0.1574803 0.7375440
vn -0.5914922 -0.7393658 -0.3216758
f 1801/1801/1801 1802/1802/1802 1803/1803/1803
v -0.0606763 0.2047329 0.6000000
vn -0.5842695 -0.7446575 -0.3226674
v -0.0764121 0.1574803 0.7375440
vn -0.5842695 -0.7446575 -0.3226674
v -0.1051722 0.1800459 0.7375440
vn -0.5842695 -0.7446575 -0.3226674
f 1804/1804/1804 1805/1805/1805 1806/1806/1806
v -0.0440839 0.1914590 0.6000000
vn -0.3599679 -0.8830954 -0.3009415
v -0.0231763 0.1829366 0.6000000
vn -0.3599679 -0.8830954 -0.3009415
v -0.0401722 0.1429922 0.7375440
vn -0.3599679 -0.8830954 -0.3009415
f 1807/1807/1807 1808/1808/1808 1809/1809/1809
v -0.0440839 0.1914590 0.6000000
vn -0.3538989 -0.8852301 -0.3018663
v -0.0401722 0.1429922 0.7375440
vn -0.3538989 -0.8852301 -0.3018663
v -0.0764121 0.1574803 0.7375440
vn -0.3538989 -0.8852301 -0.3018663
f 1810/1810/1810 1811/1811/1811 1812/1812/1812
v -0.0231763 0.1829366 0.6000000
vn -0.1203033 -0.9494585 -0.2899238
v -0.0000000 0.1800000 0.6000000
vn -0.1203033 -0.9494585 -0.2899238
v -0.0000000 0.1380000 0.7375440
vn -0.1203033 -0.9494585 -0.2899238
f 1813/1813/1813 1814/1814/1814 1815/1815/1815
v -0.0231763 0.1829366 0.6000000
vn -0.1180091 -0.9496128 -0.2903607
v -0.0000000 0.1380000 0.7375440
vn -0.1180091 -0.9496128 -0.2903607
v -0.0401722 0.1429922 0.7375440
vn -0.1180091 -0.9496128 -0.2903607
f 1816/1816/1816 1817/1817/1817 1818/1818/1818
v -0.0000000 0.1800000 0.6000000
vn 0.1202797 -0.9492723 -0.2905424
v 0.0231763 0.1829366 0.6000000
vn 0.1202797 -0.9492723 -0.2905424
v 0.0401722 0.1429922 0.7375440
vn 0.1202797 -0.9492723 -0.2905424
f 1819/1819/1819 1820/1820/1820 1821/1821/1821
v -0.0000000 0.1800000 0.6000000
vn 0.1180225 -0.9497203 -0.2900037
v 0.0401722 0.1429922 0.7375440
vn 0.1180225 -0.9497203 -0.2900037
v -0.0000000 0.1380000 0.7375440
vn 0.1180225 -0.9497203 -0.2900037
f 1822/1822/1822 1823/1823/1823 1824/1824/1824
v 0.0231763 0.1829366 0.6000000
vn 0.3597699 -0.8826095 -0.3025988
v 0.0440839 0.1914590 0.6000000
vn 0.3597699 -0.8826095 -0.3025988
v 0.0764121 0.1574803 0.7375440
vn 0.3597699 -0.8826095 -0.3025988
f 1825/1825/1825 1826/1826/1826 1827/1827/1827
v 0.0231763 0.1829366 0.6000000
vn 0.3540114 -0.8855117 -0.3009072
v 0.0764121 0.1574803 0.7375440
vn 0.3540114 -0.8855117 -0.3009072
v 0.0401722 0.1429922 0.7375440
vn 0.3540114 -0.8855117 -0.3009072
f 1828/1828/1828 1829/1829/1829 1830/1830/1830
v 0.0440839 0.1914590 0.6000000
vn 0.5910385 -0.7387986 -0.3238056
v 0.0606763 0.2047329 0.6000000
vn 0.5910385 -0.7387986 -0.3238056
v 0.1051722 0.1800459 0.7375440
vn 0.5910385 -0.7387986 -0.3238056
f 1831/1831/1831 1832/1832/1832 1833/1833/1833
v 0.0440839 0.1914590 0.6000000
vn 0.5845296 -0.7449890 -0.3214285
v 0.1051722 0.1800459 0.7375440
vn 0.5845296 -0.7449890 -0.3214285
v 0.0764121 0.1574803 0.7375440
vn 0.5845296 -0.7449890 -0.3214285
f 1834/1834/1834 1835/1835/1835 1836/1836/1836
v 0.0606763 0.2047329 0.6000000
vn 0.7906679 -0.5035814 -0.3482100
v 0.0713292 0.2214590 0.6000000
vn 0.7906679 -0.5035814 -0.3482100
v 0.1236373 0.2084803 0.7375440
vn 0.7906679 -0.5035814 -0.3482100
f 1837/1837/1837 1838/1838/1838 1839/1839/1839
v 0.0606763 0.2047329 0.6000000
vn 0.7868003 -0.5109442 -0.3462389
v 0.1236373 0.2084803 0.7375440
vn 0.7868003 -0.5109442 -0.3462389
v 0.1051722 0.1800459 0.7375440
vn 0.7868003 -0.5109442 -0.3462389
f 1840/1840/1840 1841/1841/1841 1842/1842/1842
v 0.0713292 0.2214590 0.6000000
vn 0.9132157 -0.1807993 -0.3651694
v 0.0750000 0.2400000 0.6000000
vn 0.9132157 -0.1807993 -0.3651694
v 0.1300000 0.2400000 0.7375440
vn 0.9132157 -0.1807993 -0.3651694
f 1843/1843/1843 1844/1844/1844 1845/1845/1845
v 0.0713292 0.2214590 0.6000000
vn 0.9127843 -0.1842568 -0.3645193
v 0.1300000 0.2400000 0.7375440
vn 0.9127843 -0.1842568 -0.3645193
v 0.1236373 0.2084803 0.7375440
vn 0.9127843 -0.1842568 -0.3645193
f 1846/1846/1846 1847/1847/1847 1848/1848/1848
o pz_sink_white_standing_|_faucet_socket
usemtl UV_Base
v 0.0240000 0.4110000 0.8595440
vn 0.0000000 0.0000000 -1.0000000
v 0.0207846 0.3990000 0.8595440
vn 0.0000000 0.0000000 -1.0000000
v 0.0120000 0.3902154 0.8595440
vn 0.0000000 0.0000000 -1.0000000
f 1849/1849/1849 1850/1850/1850 1851/1851/1851
v 0.0120000 0.3902154 0.8595440
vn 0.0000000 0.0000000 -1.0000000
v -0.0000000 0.3870000 0.8595440
vn 0.0000000 0.0000000 -1.0000000
v -0.0120000 0.3902154 0.8595440
vn 0.0000000 0.0000000 -1.0000000
f 1852/1852/1852 1853/1853/1853 1854/1854/1854
v -0.0120000 0.3902154 0.8595440
vn 0.0000000 0.0000000 -1.0000000
v -0.0207846 0.3990000 0.8595440
vn 0.0000000 0.0000000 -1.0000000
v -0.0240000 0.4110000 0.8595440
vn 0.0000000 0.0000000 -1.0000000
f 1855/1855/1855 1856/1856/1856 1857/1857/1857
v -0.0240000 0.4110000 0.8595440
vn 0.0000000 0.0000000 -1.0000000
v -0.0207846 0.4230000 0.8595440
vn 0.0000000 0.0000000 -1.0000000
v -0.0120000 0.4317846 0.8595440
vn 0.0000000 0.0000000 -1.0000000
f 1858/1858/1858 1859/1859/1859 1860/1860/1860
v -0.0120000 0.4317846 0.8595440
vn -0.0000000 0.0000000 -1.0000000
v 0.0000000 0.4350000 0.8595440
vn -0.0000000 0.0000000 -1.0000000
v 0.0120000 0.4317846 0.8595440
vn -0.0000000 0.0000000 -1.0000000
f 1861/1861/1861 1862/1862/1862 1863/1863/1863
v 0.0120000 0.4317846 0.8595440
vn 0.0000000 0.0000000 -1.0000000
v 0.0207846 0.4230000 0.8595440
vn 0.0000000 0.0000000 -1.0000000
v 0.0240000 0.4110000 0.8595440
vn 0.0000000 0.0000000 -1.0000000
f 1864/1864/1864 1865/1865/1865 1866/1866/1866
v 0.0240000 0.4110000 0.8595440
vn 0.0000000 0.0000000 -1.0000000
v 0.0120000 0.3902154 0.8595440
vn 0.0000000 0.0000000 -1.0000000
v -0.0120000 0.3902154 0.8595440
vn 0.0000000 0.0000000 -1.0000000
f 1867/1867/1867 1868/1868/1868 1869/1869/1869
v -0.0120000 0.3902154 0.8595440
vn 0.0000000 -0.0000000 -1.0000000
v -0.0240000 0.4110000 0.8595440
vn 0.0000000 -0.0000000 -1.0000000
v -0.0120000 0.4317846 0.8595440
vn 0.0000000 -0.0000000 -1.0000000
f 1870/1870/1870 1871/1871/1871 1872/1872/1872
v -0.0120000 0.4317846 0.8595440
vn 0.0000000 0.0000000 -1.0000000
v 0.0120000 0.4317846 0.8595440
vn 0.0000000 0.0000000 -1.0000000
v 0.0240000 0.4110000 0.8595440
vn 0.0000000 0.0000000 -1.0000000
f 1873/1873/1873 1874/1874/1874 1875/1875/1875
v -0.0120000 0.3902154 0.8595440
vn -0.0000000 -0.0000000 -0.9999999
v -0.0120000 0.4317846 0.8595440
vn -0.0000000 -0.0000000 -0.9999999
v 0.0240000 0.4110000 0.8595440
vn -0.0000000 -0.0000000 -0.9999999
f 1876/1876/1876 1877/1877/1877 1878/1878/1878
v 0.0181865 0.4005000 0.9025440
vn 0.0000000 0.0000000 1.0000000
v 0.0210000 0.4110000 0.9025440
vn 0.0000000 0.0000000 1.0000000
v 0.0181865 0.4215000 0.9025440
vn 0.0000000 0.0000000 1.0000000
f 1879/1879/1879 1880/1880/1880 1881/1881/1881
v 0.0181865 0.4215000 0.9025440
vn 0.0000000 0.0000000 1.0000000
v 0.0105000 0.4291865 0.9025440
vn 0.0000000 0.0000000 1.0000000
v 0.0000000 0.4320000 0.9025440
vn 0.0000000 0.0000000 1.0000000
f 1882/1882/1882 1883/1883/1883 1884/1884/1884
v 0.0000000 0.4320000 0.9025440
vn 0.0000000 0.0000000 1.0000000
v -0.0105000 0.4291865 0.9025440
vn 0.0000000 0.0000000 1.0000000
v -0.0181865 0.4215000 0.9025440
vn 0.0000000 0.0000000 1.0000000
f 1885/1885/1885 1886/1886/1886 1887/1887/1887
v -0.0181865 0.4215000 0.9025440
vn 0.0000000 -0.0000000 1.0000000
v -0.0210000 0.4110000 0.9025440
vn 0.0000000 -0.0000000 1.0000000
v -0.0181865 0.4005000 0.9025440
vn 0.0000000 -0.0000000 1.0000000
f 1888/1888/1888 1889/1889/1889 1890/1890/1890
v -0.0181865 0.4005000 0.9025440
vn 0.0000000 0.0000000 1.0000000
v -0.0105000 0.3928135 0.9025440
vn 0.0000000 0.0000000 1.0000000
v -0.0000000 0.3900000 0.9025440
vn 0.0000000 0.0000000 1.0000000
f 1891/1891/1891 1892/1892/1892 1893/1893/1893
v -0.0000000 0.3900000 0.9025440
vn 0.0000000 0.0000000 1.0000000
v 0.0105000 0.3928135 0.9025440
vn 0.0000000 0.0000000 1.0000000
v 0.0181865 0.4005000 0.9025440
vn 0.0000000 0.0000000 1.0000000
f 1894/1894/1894 1895/1895/1895 1896/1896/1896
v 0.0181865 0.4005000 0.9025440
vn 0.0000000 0.0000000 1.0000000
v 0.0181865 0.4215000 0.9025440
vn 0.0000000 0.0000000 1.0000000
v 0.0000000 0.4320000 0.9025440
vn 0.0000000 0.0000000 1.0000000
f 1897/1897/1897 1898/1898/1898 1899/1899/1899
v 0.0000000 0.4320000 0.9025440
vn 0.0000000 0.0000000 1.0000000
v -0.0181865 0.4215000 0.9025440
vn 0.0000000 0.0000000 1.0000000
v -0.0181865 0.4005000 0.9025440
vn 0.0000000 0.0000000 1.0000000
f 1900/1900/1900 1901/1901/1901 1902/1902/1902
v -0.0181865 0.4005000 0.9025440
vn 0.0000000 0.0000000 1.0000000
v -0.0000000 0.3900000 0.9025440
vn 0.0000000 0.0000000 1.0000000
v 0.0181865 0.4005000 0.9025440
vn 0.0000000 0.0000000 1.0000000
f 1903/1903/1903 1904/1904/1904 1905/1905/1905
v 0.0000000 0.4320000 0.9025440
vn 0.0000000 -0.0000000 1.0000000
v -0.0181865 0.4005000 0.9025440
vn 0.0000000 -0.0000000 1.0000000
v 0.0181865 0.4005000 0.9025440
vn 0.0000000 -0.0000000 1.0000000
f 1906/1906/1906 1907/1907/1907 1908/1908/1908
v 0.0240000 0.4110000 0.8595440
vn 0.9637399 0.2582335 0.0672377
v 0.0207846 0.4230000 0.8595440
vn 0.9637399 0.2582335 0.0672377
v 0.0181865 0.4215000 0.9025440
vn 0.9637399 0.2582335 0.0672377
f 1909/1909/1909 1910/1910/1910 1911/1911/1911
v 0.0240000 0.4110000 0.8595440
vn 0.9637398 0.2582336 0.0672376
v 0.0181865 0.4215000 0.9025440
vn 0.9637398 0.2582336 0.0672376
v 0.0210000 0.4110000 0.9025440
vn 0.9637398 0.2582336 0.0672376
f 1912/1912/1912 1913/1913/1913 1914/1914/1914
v 0.0207846 0.4230000 0.8595440
vn 0.7055060 0.7055073 0.0672376
v 0.0120000 0.4317846 0.8595440
vn 0.7055060 0.7055073 0.0672376
v 0.0105000 0.4291865 0.9025440
vn 0.7055060 0.7055073 0.0672376
f 1915/1915/1915 1916/1916/1916 1917/1917/1917
v 0.0207846 0.4230000 0.8595440
vn 0.7055062 0.7055070 0.0672377
v 0.0105000 0.4291865 0.9025440
vn 0.7055062 0.7055070 0.0672377
v 0.0181865 0.4215000 0.9025440
vn 0.7055062 0.7055070 0.0672377
f 1918/1918/1918 1919/1919/1919 1920/1920/1920
v 0.0120000 0.4317846 0.8595440
vn 0.2582342 0.9637397 0.0672374
v 0.0000000 0.4350000 0.8595440
vn 0.2582342 0.9637397 0.0672374
v 0.0000000 0.4320000 0.9025440
vn 0.2582342 0.9637397 0.0672374
f 1921/1921/1921 1922/1922/1922 1923/1923/1923
v 0.0120000 0.4317846 0.8595440
vn 0.2582352 0.9637395 0.0672377
v 0.0000000 0.4320000 0.9025440
vn 0.2582352 0.9637395 0.0672377
v 0.0105000 0.4291865 0.9025440
vn 0.2582352 0.9637395 0.0672377
f 1924/1924/1924 1925/1925/1925 1926/1926/1926
v 0.0000000 0.4350000 0.8595440
vn -0.2582342 0.9637397 0.0672376
v -0.0120000 0.4317846 0.8595440
vn -0.2582342 0.9637397 0.0672376
v -0.0105000 0.4291865 0.9025440
vn -0.2582342 0.9637397 0.0672376
f 1927/1927/1927 1928/1928/1928 1929/1929/1929
v 0.0000000 0.4350000 0.8595440
vn -0.2582352 0.9637395 0.0672374
v -0.0105000 0.4291865 0.9025440
vn -0.2582352 0.9637395 0.0672374
v 0.0000000 0.4320000 0.9025440
vn -0.2582352 0.9637395 0.0672374
f 1930/1930/1930 1931/1931/1931 1932/1932/1932
v -0.0120000 0.4317846 0.8595440
vn -0.7055060 0.7055073 0.0672377
v -0.0207846 0.4230000 0.8595440
vn -0.7055060 0.7055073 0.0672377
v -0.0181865 0.4215000 0.9025440
vn -0.7055060 0.7055073 0.0672377
f 1933/1933/1933 1934/1934/1934 1935/1935/1935
v -0.0120000 0.4317846 0.8595440
vn -0.7055062 0.7055070 0.0672376
v -0.0181865 0.4215000 0.9025440
vn -0.7055062 0.7055070 0.0672376
v -0.0105000 0.4291865 0.9025440
vn -0.7055062 0.7055070 0.0672376
f 1936/1936/1936 1937/1937/1937 1938/1938/1938
v -0.0207846 0.4230000 0.8595440
vn -0.9637399 0.2582335 0.0672376
v -0.0240000 0.4110000 0.8595440
vn -0.9637399 0.2582335 0.0672376
v -0.0210000 0.4110000 0.9025440
vn -0.9637399 0.2582335 0.0672376
f 1939/1939/1939 1940/1940/1940 1941/1941/1941
v -0.0207846 0.4230000 0.8595440
vn -0.9637398 0.2582336 0.0672376
v -0.0210000 0.4110000 0.9025440
vn -0.9637398 0.2582336 0.0672376
v -0.0181865 0.4215000 0.9025440
vn -0.9637398 0.2582336 0.0672376
f 1942/1942/1942 1943/1943/1943 1944/1944/1944
v -0.0240000 0.4110000 0.8595440
vn -0.9637401 -0.2582329 0.0672376
v -0.0207846 0.3990000 0.8595440
vn -0.9637401 -0.2582329 0.0672376
v -0.0181865 0.4005000 0.9025440
vn -0.9637401 -0.2582329 0.0672376
f 1945/1945/1945 1946/1946/1946 1947/1947/1947
v -0.0240000 0.4110000 0.8595440
vn -0.9637400 -0.2582330 0.0672376
v -0.0181865 0.4005000 0.9025440
vn -0.9637400 -0.2582330 0.0672376
v -0.0210000 0.4110000 0.9025440
vn -0.9637400 -0.2582330 0.0672376
f 1948/1948/1948 1949/1949/1949 1950/1950/1950
v -0.0207846 0.3990000 0.8595440
vn -0.7055060 -0.7055073 0.0672376
v -0.0120000 0.3902154 0.8595440
vn -0.7055060 -0.7055073 0.0672376
v -0.0105000 0.3928135 0.9025440
vn -0.7055060 -0.7055073 0.0672376
f 1951/1951/1951 1952/1952/1952 1953/1953/1953
v -0.0207846 0.3990000 0.8595440
vn -0.7055062 -0.7055070 0.0672377
v -0.0105000 0.3928135 0.9025440
vn -0.7055062 -0.7055070 0.0672377
v -0.0181865 0.4005000 0.9025440
vn -0.7055062 -0.7055070 0.0672377
f 1954/1954/1954 1955/1955/1955 1956/1956/1956
v -0.0120000 0.3902154 0.8595440
vn -0.2582342 -0.9637397 0.0672374
v -0.0000000 0.3870000 0.8595440
vn -0.2582342 -0.9637397 0.0672374
v -0.0000000 0.3900000 0.9025440
vn -0.2582342 -0.9637397 0.0672374
f 1957/1957/1957 1958/1958/1958 1959/1959/1959
v -0.0120000 0.3902154 0.8595440
vn -0.2582352 -0.9637395 0.0672377
v -0.0000000 0.3900000 0.9025440
vn -0.2582352 -0.9637395 0.0672377
v -0.0105000 0.3928135 0.9025440
vn -0.2582352 -0.9637395 0.0672377
f 1960/1960/1960 1961/1961/1961 1962/1962/1962
v -0.0000000 0.3870000 0.8595440
vn 0.2582342 -0.9637397 0.0672376
v 0.0120000 0.3902154 0.8595440
vn 0.2582342 -0.9637397 0.0672376
v 0.0105000 0.3928135 0.9025440
vn 0.2582342 -0.9637397 0.0672376
f 1963/1963/1963 1964/1964/1964 1965/1965/1965
v -0.0000000 0.3870000 0.8595440
vn 0.2582352 -0.9637395 0.0672374
v 0.0105000 0.3928135 0.9025440
vn 0.2582352 -0.9637395 0.0672374
v -0.0000000 0.3900000 0.9025440
vn 0.2582352 -0.9637395 0.0672374
f 1966/1966/1966 1967/1967/1967 1968/1968/1968
v 0.0120000 0.3902154 0.8595440
vn 0.7055060 -0.7055073 0.0672377
v 0.0207846 0.3990000 0.8595440
vn 0.7055060 -0.7055073 0.0672377
v 0.0181865 0.4005000 0.9025440
vn 0.7055060 -0.7055073 0.0672377
f 1969/1969/1969 1970/1970/1970 1971/1971/1971
v 0.0120000 0.3902154 0.8595440
vn 0.7055062 -0.7055070 0.0672376
v 0.0181865 0.4005000 0.9025440
vn 0.7055062 -0.7055070 0.0672376
v 0.0105000 0.3928135 0.9025440
vn 0.7055062 -0.7055070 0.0672376
f 1972/1972/1972 1973/1973/1973 1974/1974/1974
v 0.0207846 0.3990000 0.8595440
vn 0.9637401 -0.2582329 0.0672376
v 0.0240000 0.4110000 0.8595440
vn 0.9637401 -0.2582329 0.0672376
v 0.0210000 0.4110000 0.9025440
vn 0.9637401 -0.2582329 0.0672376
f 1975/1975/1975 1976/1976/1976 1977/1977/1977
v 0.0207846 0.3990000 0.8595440
vn 0.9637400 -0.2582330 0.0672376
v 0.0210000 0.4110000 0.9025440
vn 0.9637400 -0.2582330 0.0672376
v 0.0181865 0.4005000 0.9025440
vn 0.9637400 -0.2582330 0.0672376
f 1978/1978/1978 1979/1979/1979 1980/1980/1980
o pz_sink_white_standing_|_EDITABLE_curved_spout_|_export_mesh
usemtl UV_Base
v 0.0140000 0.3150000 0.9525440
vn -0.0000000 -0.6246945 -0.7808694
v -0.0070000 0.3244675 0.9449700
vn -0.0000000 -0.6246945 -0.7808694
v 0.0070000 0.3244675 0.9449700
vn -0.0000000 -0.6246945 -0.7808694
f 1981/1981/1981 1982/1982/1982 1983/1983/1983
v 0.0140000 0.3150000 0.9525440
vn 0.0000000 -0.6246944 -0.7808692
v -0.0140000 0.3150000 0.9525440
vn 0.0000000 -0.6246944 -0.7808692
v -0.0070000 0.3244675 0.9449700
vn 0.0000000 -0.6246944 -0.7808692
f 1984/1984/1984 1985/1985/1985 1986/1986/1986
v 0.0070000 0.3055325 0.9601180
vn -0.0000000 -0.6246944 -0.7808692
v -0.0140000 0.3150000 0.9525440
vn -0.0000000 -0.6246944 -0.7808692
v 0.0140000 0.3150000 0.9525440
vn -0.0000000 -0.6246944 -0.7808692
f 1987/1987/1987 1988/1988/1988 1989/1989/1989
v 0.0070000 0.3055325 0.9601180
vn 0.0000000 -0.6246944 -0.7808692
v -0.0070000 0.3055325 0.9601180
vn 0.0000000 -0.6246944 -0.7808692
v -0.0140000 0.3150000 0.9525440
vn 0.0000000 -0.6246944 -0.7808692
f 1990/1990/1990 1991/1991/1991 1992/1992/1992
v 0.0140000 0.4110000 0.8875440
vn -0.0000000 -0.0000000 -0.9999999
v -0.0070000 0.4231244 0.8875440
vn -0.0000000 -0.0000000 -0.9999999
v 0.0070000 0.4231244 0.8875440
vn -0.0000000 -0.0000000 -0.9999999
f 1993/1993/1993 1994/1994/1994 1995/1995/1995
v 0.0140000 0.4110000 0.8875440
vn 0.0000000 -0.0000000 -0.9999999
v -0.0140000 0.4110000 0.8875440
vn 0.0000000 -0.0000000 -0.9999999
v -0.0070000 0.4231244 0.8875440
vn 0.0000000 -0.0000000 -0.9999999
f 1996/1996/1996 1997/1997/1997 1998/1998/1998
v 0.0070000 0.3988757 0.8875440
vn -0.0000000 -0.0000000 -0.9999999
v -0.0140000 0.4110000 0.8875440
vn -0.0000000 -0.0000000 -0.9999999
v 0.0140000 0.4110000 0.8875440
vn -0.0000000 -0.0000000 -0.9999999
f 1999/1999/1999 2000/2000/2000 2001/2001/2001
v 0.0070000 0.3988757 0.8875440
vn 0.0000000 0.0000000 -1.0000000
v -0.0070000 0.3988757 0.8875440
vn 0.0000000 0.0000000 -1.0000000
v -0.0140000 0.4110000 0.8875440
vn 0.0000000 0.0000000 -1.0000000
f 2002/2002/2002 2003/2003/2003 2004/2004/2004
v -0.0070000 0.3988757 0.8875440
vn -0.8656732 -0.4983633 0.0473695
v -0.0070000 0.4010661 0.9105887
vn -0.8656732 -0.4983633 0.0473695
v -0.0140000 0.4130511 0.9087557
vn -0.8656732 -0.4983633 0.0473695
f 2005/2005/2005 2006/2006/2006 2007/2007/2007
v -0.0070000 0.3988757 0.8875440
vn -0.8650150 -0.4994166 0.0482906
v -0.0140000 0.4130511 0.9087557
vn -0.8650150 -0.4994166 0.0482906
v -0.0140000 0.4110000 0.8875440
vn -0.8650150 -0.4994166 0.0482906
f 2008/2008/2008 2009/2009/2009 2010/2010/2010
v 0.0070000 0.3988757 0.8875440
vn 0.0000000 -0.9955131 0.0946238
v 0.0070000 0.4010661 0.9105887
vn 0.0000000 -0.9955131 0.0946238
v -0.0070000 0.4010661 0.9105887
vn 0.0000000 -0.9955131 0.0946238
f 2011/2011/2011 2012/2012/2012 2013/2013/2013
v 0.0070000 0.3988757 0.8875440
vn 0.0000000 -0.9955131 0.0946238
v -0.0070000 0.4010661 0.9105887
vn 0.0000000 -0.9955131 0.0946238
v -0.0070000 0.3988757 0.8875440
vn 0.0000000 -0.9955131 0.0946238
f 2014/2014/2014 2015/2015/2015 2016/2016/2016
v 0.0140000 0.4110000 0.8875440
vn 0.8656932 -0.4982512 0.0481780
v 0.0140000 0.4130511 0.9087557
vn 0.8656932 -0.4982512 0.0481780
v 0.0070000 0.4010661 0.9105887
vn 0.8656932 -0.4982512 0.0481780
f 2017/2017/2017 2018/2018/2018 2019/2019/2019
v 0.0140000 0.4110000 0.8875440
vn 0.8650490 -0.4994362 0.0474715
v 0.0070000 0.4010661 0.9105887
vn 0.8650490 -0.4994362 0.0474715
v 0.0070000 0.3988757 0.8875440
vn 0.8650490 -0.4994362 0.0474715
f 2020/2020/2020 2021/2021/2021 2022/2022/2022
v 0.0070000 0.4231244 0.8875440
vn 0.8657160 0.4981175 -0.0491391
v 0.0070000 0.4250361 0.9069227
vn 0.8657160 0.4981175 -0.0491391
v 0.0140000 0.4130511 0.9087557
vn 0.8657160 0.4981175 -0.0491391
f 2023/2023/2023 2024/2024/2024 2025/2025/2025
v 0.0070000 0.4231244 0.8875440
vn 0.8650151 0.4994165 -0.0482909
v 0.0140000 0.4130511 0.9087557
vn 0.8650151 0.4994165 -0.0482909
v 0.0140000 0.4110000 0.8875440
vn 0.8650151 0.4994165 -0.0482909
f 2026/2026/2026 2027/2027/2027 2028/2028/2028
v -0.0070000 0.4231244 0.8875440
vn 0.0000000 0.9951694 -0.0981729
v -0.0070000 0.4250361 0.9069227
vn 0.0000000 0.9951694 -0.0981729
v 0.0070000 0.4250361 0.9069227
vn 0.0000000 0.9951694 -0.0981729
f 2029/2029/2029 2030/2030/2030 2031/2031/2031
v -0.0070000 0.4231244 0.8875440
vn 0.0000000 0.9951694 -0.0981729
v 0.0070000 0.4250361 0.9069227
vn 0.0000000 0.9951694 -0.0981729
v 0.0070000 0.4231244 0.8875440
vn 0.0000000 0.9951694 -0.0981729
f 2032/2032/2032 2033/2033/2033 2034/2034/2034
v -0.0140000 0.4110000 0.8875440
vn -0.8656932 0.4982511 -0.0481782
v -0.0140000 0.4130511 0.9087557
vn -0.8656932 0.4982511 -0.0481782
v -0.0070000 0.4250361 0.9069227
vn -0.8656932 0.4982511 -0.0481782
f 2035/2035/2035 2036/2036/2036 2037/2037/2037
v -0.0140000 0.4110000 0.8875440
vn -0.8649738 0.4993927 -0.0492649
v -0.0070000 0.4250361 0.9069227
vn -0.8649738 0.4993927 -0.0492649
v -0.0070000 0.4231244 0.8875440
vn -0.8649738 0.4993927 -0.0492649
f 2038/2038/2038 2039/2039/2039 2040/2040/2040
v -0.0070000 0.4010661 0.9105887
vn -0.8659822 -0.4894651 0.1024633
v -0.0070000 0.4052387 0.9305214
vn -0.8659822 -0.4894651 0.1024633
v -0.0140000 0.4171532 0.9282751
vn -0.8659822 -0.4894651 0.1024633
f 2041/2041/2041 2042/2042/2042 2043/2043/2043
v -0.0070000 0.4010661 0.9105887
vn -0.8656930 -0.4898742 0.1029499
v -0.0140000 0.4171532 0.9282751
vn -0.8656930 -0.4898742 0.1029499
v -0.0140000 0.4130511 0.9087557
vn -0.8656930 -0.4898742 0.1029499
f 2044/2044/2044 2045/2045/2045 2046/2046/2046
v 0.0070000 0.4010661 0.9105887
vn 0.0000000 -0.9787837 0.2048959
v 0.0070000 0.4052387 0.9305214
vn 0.0000000 -0.9787837 0.2048959
v -0.0070000 0.4052387 0.9305214
vn 0.0000000 -0.9787837 0.2048959
f 2047/2047/2047 2048/2048/2048 2049/2049/2049
v 0.0070000 0.4010661 0.9105887
vn 0.0000000 -0.9787837 0.2048958
v -0.0070000 0.4052387 0.9305214
vn 0.0000000 -0.9787837 0.2048958
v -0.0070000 0.4010661 0.9105887
vn 0.0000000 -0.9787837 0.2048958
f 2050/2050/2050 2051/2051/2051 2052/2052/2052
v 0.0140000 0.4130511 0.9087557
vn 0.8659788 -0.4893904 0.1028483
v 0.0140000 0.4171532 0.9282751
vn 0.8659788 -0.4893904 0.1028483
v 0.0070000 0.4052387 0.9305214
vn 0.8659788 -0.4893904 0.1028483
f 2053/2053/2053 2054/2054/2054 2055/2055/2055
v 0.0140000 0.4130511 0.9087557
vn 0.8657025 -0.4899389 0.1025625
v 0.0070000 0.4052387 0.9305214
vn 0.8657025 -0.4899389 0.1025625
v 0.0070000 0.4010661 0.9105887
vn 0.8657025 -0.4899389 0.1025625
f 2056/2056/2056 2057/2057/2057 2058/2058/2058
v 0.0070000 0.4250361 0.9069227
vn 0.8659751 0.4893124 -0.1032496
v 0.0070000 0.4290676 0.9260288
vn 0.8659751 0.4893124 -0.1032496
v 0.0140000 0.4171532 0.9282751
vn 0.8659751 0.4893124 -0.1032496
f 2059/2059/2059 2060/2060/2060 2061/2061/2061
v 0.0070000 0.4250361 0.9069227
vn 0.8656932 0.4898742 -0.1029498
v 0.0140000 0.4171532 0.9282751
vn 0.8656932 0.4898742 -0.1029498
v 0.0140000 0.4130511 0.9087557
vn 0.8656932 0.4898742 -0.1029498
f 2062/2062/2062 2063/2063/2063 2064/2064/2064
v -0.0070000 0.4250361 0.9069227
vn 0.0000000 0.9784543 -0.2064633
v -0.0070000 0.4290676 0.9260288
vn 0.0000000 0.9784543 -0.2064633
v 0.0070000 0.4290676 0.9260288
vn 0.0000000 0.9784543 -0.2064633
f 2065/2065/2065 2066/2066/2066 2067/2067/2067
v -0.0070000 0.4250361 0.9069227
vn 0.0000000 0.9784544 -0.2064633
v 0.0070000 0.4290676 0.9260288
vn 0.0000000 0.9784544 -0.2064633
v 0.0070000 0.4250361 0.9069227
vn 0.0000000 0.9784544 -0.2064633
f 2068/2068/2068 2069/2069/2069 2070/2070/2070
v -0.0140000 0.4130511 0.9087557
vn -0.8659788 0.4893903 -0.1028481
v -0.0140000 0.4171532 0.9282751
vn -0.8659788 0.4893903 -0.1028481
v -0.0070000 0.4290676 0.9260288
vn -0.8659788 0.4893903 -0.1028481
f 2071/2071/2071 2072/2072/2072 2073/2073/2073
v -0.0140000 0.4130511 0.9087557
vn -0.8656832 0.4898065 -0.1033539
v -0.0070000 0.4290676 0.9260288
vn -0.8656832 0.4898065 -0.1033539
v -0.0070000 0.4250361 0.9069227
vn -0.8656832 0.4898065 -0.1033539
f 2074/2074/2074 2075/2075/2075 2076/2076/2076
v -0.0070000 0.4052387 0.9305214
vn -0.8645684 -0.4952881 0.0849193
v -0.0070000 0.4081232 0.9473448
vn -0.8645684 -0.4952881 0.0849193
v -0.0140000 0.4202298 0.9466886
vn -0.8645684 -0.4952881 0.0849193
f 2077/2077/2077 2078/2078/2078 2079/2079/2079
v -0.0070000 0.4052387 0.9305214
vn -0.8659788 -0.4932433 0.0824126
v -0.0140000 0.4202298 0.9466886
vn -0.8659788 -0.4932433 0.0824126
v -0.0140000 0.4171532 0.9282751
vn -0.8659788 -0.4932433 0.0824126
f 2080/2080/2080 2081/2081/2081 2082/2082/2082
v 0.0070000 0.4052387 0.9305214
vn 0.0000000 -0.9856181 0.1689885
v 0.0070000 0.4081232 0.9473448
vn 0.0000000 -0.9856181 0.1689885
v -0.0070000 0.4081232 0.9473448
vn 0.0000000 -0.9856181 0.1689885
f 2083/2083/2083 2084/2084/2084 2085/2085/2085
v 0.0070000 0.4052387 0.9305214
vn 0.0000000 -0.9856181 0.1689886
v -0.0070000 0.4081232 0.9473448
vn 0.0000000 -0.9856181 0.1689886
v -0.0070000 0.4052387 0.9305214
vn 0.0000000 -0.9856181 0.1689886
f 2086/2086/2086 2087/2087/2087 2088/2088/2088
v 0.0140000 0.4171532 0.9282751
vn 0.8646742 -0.4954649 0.0827838
v 0.0140000 0.4202298 0.9466886
vn 0.8646742 -0.4954649 0.0827838
v 0.0070000 0.4081232 0.9473448
vn 0.8646742 -0.4954649 0.0827838
f 2089/2089/2089 2090/2090/2090 2091/2091/2091
v 0.0140000 0.4171532 0.9282751
vn 0.8659959 -0.4928592 0.0845029
v 0.0070000 0.4081232 0.9473448
vn 0.8659959 -0.4928592 0.0845029
v 0.0070000 0.4052387 0.9305214
vn 0.8659959 -0.4928592 0.0845029
f 2092/2092/2092 2093/2093/2093 2094/2094/2094
v 0.0070000 0.4290676 0.9260288
vn 0.8647600 0.4956119 -0.0809864
v 0.0070000 0.4323364 0.9460323
vn 0.8647600 0.4956119 -0.0809864
v 0.0140000 0.4202298 0.9466886
vn 0.8647600 0.4956119 -0.0809864
f 2095/2095/2095 2096/2096/2096 2097/2097/2097
v 0.0070000 0.4290676 0.9260288
vn 0.8659788 0.4932432 -0.0824127
v 0.0140000 0.4202298 0.9466886
vn 0.8659788 0.4932432 -0.0824127
v 0.0140000 0.4171532 0.9282751
vn 0.8659788 0.4932432 -0.0824127
f 2098/2098/2098 2099/2099/2099 2100/2100/2100
v -0.0070000 0.4290676 0.9260288
vn 0.0000000 0.9869106 -0.1612680
v -0.0070000 0.4323364 0.9460323
vn 0.0000000 0.9869106 -0.1612680
v 0.0070000 0.4323364 0.9460323
vn 0.0000000 0.9869106 -0.1612680
f 2101/2101/2101 2102/2102/2102 2103/2103/2103
v -0.0070000 0.4290676 0.9260288
vn 0.0000000 0.9869106 -0.1612680
v 0.0070000 0.4323364 0.9460323
vn 0.0000000 0.9869106 -0.1612680
v 0.0070000 0.4290676 0.9260288
vn 0.0000000 0.9869106 -0.1612680
f 2104/2104/2104 2105/2105/2105 2106/2106/2106
v -0.0140000 0.4171532 0.9282751
vn -0.8646742 0.4954648 -0.0827839
v -0.0140000 0.4202298 0.9466886
vn -0.8646742 0.4954648 -0.0827839
v -0.0070000 0.4323364 0.9460323
vn -0.8646742 0.4954648 -0.0827839
f 2107/2107/2107 2108/2108/2108 2109/2109/2109
v -0.0140000 0.4171532 0.9282751
vn -0.8659613 0.4935648 -0.0806519
v -0.0070000 0.4323364 0.9460323
vn -0.8659613 0.4935648 -0.0806519
v -0.0070000 0.4290676 0.9260288
vn -0.8659613 0.4935648 -0.0806519
f 2110/2110/2110 2111/2111/2111 2112/2112/2112
v -0.0070000 0.4081232 0.9473448
vn -0.8618374 -0.5066013 -0.0243173
v -0.0070000 0.4074357 0.9616671
vn -0.8618374 -0.5066013 -0.0243173
v -0.0140000 0.4192042 0.9645827
vn -0.8618374 -0.5066013 -0.0243173
f 2113/2113/2113 2114/2114/2114 2115/2115/2115
v -0.0070000 0.4081232 0.9473448
vn -0.8646742 -0.5015104 -0.0287419
v -0.0140000 0.4192042 0.9645827
vn -0.8646742 -0.5015104 -0.0287419
v -0.0140000 0.4202298 0.9466886
vn -0.8646742 -0.5015104 -0.0287419
f 2116/2116/2116 2117/2117/2117 2118/2118/2118
v 0.0070000 0.4081232 0.9473448
vn 0.0000000 -0.9988499 -0.0479457
v 0.0070000 0.4074357 0.9616671
vn 0.0000000 -0.9988499 -0.0479457
v -0.0070000 0.4074357 0.9616671
vn 0.0000000 -0.9988499 -0.0479457
f 2119/2119/2119 2120/2120/2120 2121/2121/2121
v 0.0070000 0.4081232 0.9473448
vn 0.0000000 -0.9988499 -0.0479457
v -0.0070000 0.4074357 0.9616671
vn 0.0000000 -0.9988499 -0.0479457
v -0.0070000 0.4081232 0.9473448
vn 0.0000000 -0.9988499 -0.0479457
f 2122/2122/2122 2123/2123/2123 2124/2124/2124
v 0.0140000 0.4202298 0.9466886
vn 0.8622335 -0.5056813 -0.0289809
v 0.0140000 0.4192042 0.9645827
vn 0.8622335 -0.5056813 -0.0289809
v 0.0070000 0.4074357 0.9616671
vn 0.8622335 -0.5056813 -0.0289809
f 2125/2125/2125 2126/2126/2126 2127/2127/2127
v 0.0140000 0.4202298 0.9466886
vn 0.8648911 -0.5013822 -0.0240668
v 0.0070000 0.4074357 0.9616671
vn 0.8648911 -0.5013822 -0.0240668
v 0.0070000 0.4081232 0.9473448
vn 0.8648911 -0.5013822 -0.0240668
f 2128/2128/2128 2129/2129/2129 2130/2130/2130
v 0.0070000 0.4323364 0.9460323
vn 0.8624860 0.5050630 0.0320828
v 0.0070000 0.4309728 0.9674984
vn 0.8624860 0.5050630 0.0320828
v 0.0140000 0.4192042 0.9645827
vn 0.8624860 0.5050630 0.0320828
f 2131/2131/2131 2132/2132/2132 2133/2133/2133
v 0.0070000 0.4323364 0.9460323
vn 0.8646742 0.5015103 0.0287420
v 0.0140000 0.4192042 0.9645827
vn 0.8646742 0.5015103 0.0287420
v 0.0140000 0.4202298 0.9466886
vn 0.8646742 0.5015103 0.0287420
f 2134/2134/2134 2135/2135/2135 2136/2136/2136
v -0.0070000 0.4323364 0.9460323
vn 0.0000000 0.9979885 0.0633946
v -0.0070000 0.4309728 0.9674984
vn 0.0000000 0.9979885 0.0633946
v 0.0070000 0.4309728 0.9674984
vn 0.0000000 0.9979885 0.0633946
f 2137/2137/2137 2138/2138/2138 2139/2139/2139
v -0.0070000 0.4323364 0.9460323
vn 0.0000000 0.9979886 0.0633946
v 0.0070000 0.4309728 0.9674984
vn 0.0000000 0.9979886 0.0633946
v 0.0070000 0.4323364 0.9460323
vn 0.0000000 0.9979886 0.0633946
f 2140/2140/2140 2141/2141/2141 2142/2142/2142
v -0.0140000 0.4202298 0.9466886
vn -0.8622335 0.5056813 0.0289811
v -0.0140000 0.4192042 0.9645827
vn -0.8622335 0.5056813 0.0289811
v -0.0070000 0.4309728 0.9674984
vn -0.8622335 0.5056813 0.0289811
f 2143/2143/2143 2144/2144/2144 2145/2145/2145
v -0.0140000 0.4202298 0.9466886
vn -0.8645189 0.5015895 0.0318622
v -0.0070000 0.4309728 0.9674984
vn -0.8645189 0.5015895 0.0318622
v -0.0070000 0.4323364 0.9460323
vn -0.8645189 0.5015895 0.0318622
f 2146/2146/2146 2147/2147/2147 2148/2148/2148
v -0.0070000 0.4074357 0.9616671
vn -0.8637968 -0.4572719 -0.2115594
v -0.0070000 0.4008326 0.9759392
vn -0.8637968 -0.4572719 -0.2115594
v -0.0140000 0.4110000 0.9825440
vn -0.8637968 -0.4572719 -0.2115594
f 2149/2149/2149 2150/2150/2150 2151/2151/2151
v -0.0070000 0.4074357 0.9616671
vn -0.8622335 -0.4607232 -0.2104459
v -0.0140000 0.4110000 0.9825440
vn -0.8622335 -0.4607232 -0.2104459
v -0.0140000 0.4192042 0.9645827
vn -0.8622335 -0.4607232 -0.2104459
f 2152/2152/2152 2153/2153/2153 2154/2154/2154
v 0.0070000 0.4074357 0.9616671
vn 0.0000000 -0.9075732 -0.4198937
v 0.0070000 0.4008326 0.9759392
vn 0.0000000 -0.9075732 -0.4198937
v -0.0070000 0.4008326 0.9759392
vn 0.0000000 -0.9075732 -0.4198937
f 2155/2155/2155 2156/2156/2156 2157/2157/2157
v 0.0070000 0.4074357 0.9616671
vn 0.0000000 -0.9075732 -0.4198937
v -0.0070000 0.4008326 0.9759392
vn 0.0000000 -0.9075732 -0.4198937
v -0.0070000 0.4074357 0.9616671
vn 0.0000000 -0.9075732 -0.4198937
f 2158/2158/2158 2159/2159/2159 2160/2160/2160
v 0.0140000 0.4192042 0.9645827
vn 0.8636411 -0.4585366 -0.2094472
v 0.0140000 0.4110000 0.9825440
vn 0.8636411 -0.4585366 -0.2094472
v 0.0070000 0.4008326 0.9759392
vn 0.8636411 -0.4585366 -0.2094472
f 2161/2161/2161 2162/2162/2162 2163/2163/2163
v 0.0140000 0.4192042 0.9645827
vn 0.8620291 -0.4600116 -0.2128269
v 0.0070000 0.4008326 0.9759392
vn 0.8620291 -0.4600116 -0.2128269
v 0.0070000 0.4074357 0.9616671
vn 0.8620291 -0.4600116 -0.2128269
f 2164/2164/2164 2165/2165/2165 2166/2166/2166
v 0.0070000 0.4309728 0.9674984
vn 0.8635351 0.4593727 0.2080478
v 0.0070000 0.4211674 0.9891489
vn 0.8635351 0.4593727 0.2080478
v 0.0140000 0.4110000 0.9825440
vn 0.8635351 0.4593727 0.2080478
f 2167/2167/2167 2168/2168/2168 2169/2169/2169
v 0.0070000 0.4309728 0.9674984
vn 0.8622335 0.4607231 0.2104459
v 0.0140000 0.4110000 0.9825440
vn 0.8622335 0.4607231 0.2104459
v 0.0140000 0.4192042 0.9645827
vn 0.8622335 0.4607231 0.2104459
f 2170/2170/2170 2171/2171/2171 2172/2172/2172
v -0.0070000 0.4309728 0.9674984
vn 0.0000000 0.9109319 0.4125568
v -0.0070000 0.4211674 0.9891489
vn 0.0000000 0.9109319 0.4125568
v 0.0070000 0.4211674 0.9891489
vn 0.0000000 0.9109319 0.4125568
f 2173/2173/2173 2174/2174/2174 2175/2175/2175
v -0.0070000 0.4309728 0.9674984
vn 0.0000000 0.9109319 0.4125568
v 0.0070000 0.4211674 0.9891489
vn 0.0000000 0.9109319 0.4125568
v 0.0070000 0.4309728 0.9674984
vn 0.0000000 0.9109319 0.4125568
f 2176/2176/2176 2177/2177/2177 2178/2178/2178
v -0.0140000 0.4192042 0.9645827
vn -0.8636412 0.4585366 0.2094472
v -0.0140000 0.4110000 0.9825440
vn -0.8636412 0.4585366 0.2094472
v -0.0070000 0.4211674 0.9891489
vn -0.8636412 0.4585366 0.2094472
f 2179/2179/2179 2180/2180/2180 2181/2181/2181
v -0.0140000 0.4192042 0.9645827
vn -0.8623658 0.4611917 0.2088716
v -0.0070000 0.4211674 0.9891489
vn -0.8623658 0.4611917 0.2088716
v -0.0070000 0.4309728 0.9674984
vn -0.8623658 0.4611917 0.2088716
f 2182/2182/2182 2183/2183/2183 2184/2184/2184
v -0.0070000 0.4008326 0.9759392
vn -0.8645460 -0.3751417 -0.3344084
v -0.0070000 0.3941336 0.9834542
vn -0.8645460 -0.3751417 -0.3344084
v -0.0140000 0.4021847 0.9925195
vn -0.8645460 -0.3751417 -0.3344084
f 2185/2185/2185 2186/2186/2186 2187/2187/2187
v -0.0070000 0.4008326 0.9759392
vn -0.8636410 -0.3777467 -0.3338138
v -0.0140000 0.4021847 0.9925195
vn -0.8636410 -0.3777467 -0.3338138
v -0.0140000 0.4110000 0.9825440
vn -0.8636410 -0.3777467 -0.3338138
f 2188/2188/2188 2189/2189/2189 2190/2190/2190
v 0.0070000 0.4008326 0.9759392
vn 0.0000000 -0.7464707 -0.6654182
v 0.0070000 0.3941336 0.9834542
vn 0.0000000 -0.7464707 -0.6654182
v -0.0070000 0.3941336 0.9834542
vn 0.0000000 -0.7464707 -0.6654182
f 2191/2191/2191 2192/2192/2192 2193/2193/2193
v 0.0070000 0.4008326 0.9759392
vn 0.0000000 -0.7464707 -0.6654183
v -0.0070000 0.3941336 0.9834542
vn 0.0000000 -0.7464707 -0.6654183
v -0.0070000 0.4008326 0.9759392
vn 0.0000000 -0.7464707 -0.6654183
f 2194/2194/2194 2195/2195/2195 2196/2196/2196
v 0.0140000 0.4110000 0.9825440
vn 0.8644335 -0.3767273 -0.3329130
v 0.0140000 0.4021847 0.9925195
vn 0.8644335 -0.3767273 -0.3329130
v 0.0070000 0.3941336 0.9834542
vn 0.8644335 -0.3767273 -0.3329130
f 2197/2197/2197 2198/2198/2198 2199/2199/2199
v 0.0140000 0.4110000 0.9825440
vn 0.8634980 -0.3764844 -0.3356053
v 0.0070000 0.3941336 0.9834542
vn 0.8634980 -0.3764844 -0.3356053
v 0.0070000 0.4008326 0.9759392
vn 0.8634980 -0.3764844 -0.3356053
f 2200/2200/2200 2201/2201/2201 2202/2202/2202
v 0.0070000 0.4211674 0.9891489
vn 0.8643624 0.3776914 0.3320042
v 0.0070000 0.4102358 1.0015848
vn 0.8643624 0.3776914 0.3320042
v 0.0140000 0.4021847 0.9925195
vn 0.8643624 0.3776914 0.3320042
f 2203/2203/2203 2204/2204/2204 2205/2205/2205
v 0.0070000 0.4211674 0.9891489
vn 0.8636411 0.3777467 0.3338138
v 0.0140000 0.4021847 0.9925195
vn 0.8636411 0.3777467 0.3338138
v 0.0140000 0.4110000 0.9825440
vn 0.8636411 0.3777467 0.3338138
f 2206/2206/2206 2207/2207/2207 2208/2208/2208
v -0.0070000 0.4211674 0.9891489
vn 0.0000000 0.7510726 0.6602196
v -0.0070000 0.4102358 1.0015848
vn 0.0000000 0.7510726 0.6602196
v 0.0070000 0.4102358 1.0015848
vn 0.0000000 0.7510726 0.6602196
f 2209/2209/2209 2210/2210/2210 2211/2211/2211
v -0.0070000 0.4211674 0.9891489
vn 0.0000000 0.7510726 0.6602196
v 0.0070000 0.4102358 1.0015848
vn 0.0000000 0.7510726 0.6602196
v 0.0070000 0.4211674 0.9891489
vn 0.0000000 0.7510726 0.6602196
f 2212/2212/2212 2213/2213/2213 2214/2214/2214
v -0.0140000 0.4110000 0.9825440
vn -0.8644329 0.3767283 0.3329138
v -0.0140000 0.4021847 0.9925195
vn -0.8644329 0.3767283 0.3329138
v -0.0070000 0.4102358 1.0015848
vn -0.8644329 0.3767283 0.3329138
f 2215/2215/2215 2216/2216/2216 2217/2217/2217
v -0.0140000 0.4110000 0.9825440
vn -0.8637259 0.3785120 0.3327255
v -0.0070000 0.4102358 1.0015848
vn -0.8637259 0.3785120 0.3327255
v -0.0070000 0.4211674 0.9891489
vn -0.8637259 0.3785120 0.3327255
f 2218/2218/2218 2219/2219/2219 2220/2220/2220
v -0.0070000 0.3941336 0.9834542
vn -0.8641208 -0.2870456 -0.4134007
v -0.0070000 0.3863997 0.9888242
vn -0.8641208 -0.2870456 -0.4134007
v -0.0140000 0.3919428 0.9996073
vn -0.8641208 -0.2870456 -0.4134007
f 2221/2221/2221 2222/2222/2222 2223/2223/2223
v -0.0070000 0.3941336 0.9834542
vn -0.8644335 -0.2860934 -0.4134071
v -0.0140000 0.3919428 0.9996073
vn -0.8644335 -0.2860934 -0.4134071
v -0.0140000 0.4021847 0.9925195
vn -0.8644335 -0.2860934 -0.4134071
f 2224/2224/2224 2225/2225/2225 2226/2226/2226
v 0.0070000 0.3941336 0.9834542
vn 0.0000000 -0.5703450 -0.8214054
v 0.0070000 0.3863997 0.9888242
vn 0.0000000 -0.5703450 -0.8214054
v -0.0070000 0.3863997 0.9888242
vn 0.0000000 -0.5703450 -0.8214054
f 2227/2227/2227 2228/2228/2228 2229/2229/2229
v 0.0070000 0.3941336 0.9834542
vn 0.0000000 -0.5703450 -0.8214053
v -0.0070000 0.3863997 0.9888242
vn 0.0000000 -0.5703450 -0.8214053
v -0.0070000 0.3941336 0.9834542
vn 0.0000000 -0.5703450 -0.8214053
f 2230/2230/2230 2231/2231/2231 2232/2232/2232
v 0.0140000 0.4021847 0.9925195
vn 0.8641660 -0.2863550 -0.4137850
v 0.0140000 0.3919428 0.9996073
vn 0.8641660 -0.2863550 -0.4137850
v 0.0070000 0.3863997 0.9888242
vn 0.8641660 -0.2863550 -0.4137850
f 2233/2233/2233 2234/2234/2234 2235/2235/2235
v 0.0140000 0.4021847 0.9925195
vn 0.8644748 -0.2866988 -0.4129010
v 0.0070000 0.3863997 0.9888242
vn 0.8644748 -0.2866988 -0.4129010
v 0.0070000 0.3941336 0.9834542
vn 0.8644748 -0.2866988 -0.4129010
f 2236/2236/2236 2237/2237/2237 2238/2238/2238
v 0.0070000 0.4102358 1.0015848
vn 0.8641922 0.2859364 0.4140194
v 0.0070000 0.3974859 1.0103903
vn 0.8641922 0.2859364 0.4140194
v 0.0140000 0.3919428 0.9996073
vn 0.8641922 0.2859364 0.4140194
f 2239/2239/2239 2240/2240/2240 2241/2241/2241
v 0.0070000 0.4102358 1.0015848
vn 0.8644327 0.2860945 0.4134079
v 0.0140000 0.3919428 0.9996073
vn 0.8644327 0.2860945 0.4134079
v 0.0140000 0.4021847 0.9925195
vn 0.8644327 0.2860945 0.4134079
f 2242/2242/2242 2243/2243/2243 2244/2244/2244
v -0.0070000 0.4102358 1.0015848
vn 0.0000000 0.5682791 0.8228357
v -0.0070000 0.3974859 1.0103903
vn 0.0000000 0.5682791 0.8228357
v 0.0070000 0.3974859 1.0103903
vn 0.0000000 0.5682791 0.8228357
f 2245/2245/2245 2246/2246/2246 2247/2247/2247
v -0.0070000 0.4102358 1.0015848
vn 0.0000000 0.5682791 0.8228358
v 0.0070000 0.3974859 1.0103903
vn 0.0000000 0.5682791 0.8228358
v 0.0070000 0.4102358 1.0015848
vn 0.0000000 0.5682791 0.8228358
f 2248/2248/2248 2249/2249/2249 2250/2250/2250
v -0.0140000 0.4021847 0.9925195
vn -0.8641651 0.2863561 0.4137860
v -0.0140000 0.3919428 0.9996073
vn -0.8641651 0.2863561 0.4137860
v -0.0070000 0.3974859 1.0103903
vn -0.8641651 0.2863561 0.4137860
f 2251/2251/2251 2252/2252/2252 2253/2253/2253
v -0.0140000 0.4021847 0.9925195
vn -0.8644073 0.2857263 0.4137153
v -0.0070000 0.3974859 1.0103903
vn -0.8644073 0.2857263 0.4137153
v -0.0070000 0.4102358 1.0015848
vn -0.8644073 0.2857263 0.4137153
f 2254/2254/2254 2255/2255/2255 2256/2256/2256
v -0.0070000 0.3863997 0.9888242
vn -0.8641368 -0.1699372 -0.4736971
v -0.0070000 0.3779469 0.9918566
vn -0.8641368 -0.1699372 -0.4736971
v -0.0140000 0.3805086 1.0037073
vn -0.8641368 -0.1699372 -0.4736971
f 2257/2257/2257 2258/2258/2258 2259/2259/2259
v -0.0070000 0.3863997 0.9888242
vn -0.8641660 -0.1698485 -0.4736757
v -0.0140000 0.3805086 1.0037073
vn -0.8641660 -0.1698485 -0.4736757
v -0.0140000 0.3919428 0.9996073
vn -0.8641660 -0.1698485 -0.4736757
f 2260/2260/2260 2261/2261/2261 2262/2262/2262
v 0.0070000 0.3863997 0.9888242
vn 0.0000000 -0.3376748 -0.9412628
v 0.0070000 0.3779469 0.9918566
vn 0.0000000 -0.3376748 -0.9412628
v -0.0070000 0.3779469 0.9918566
vn 0.0000000 -0.3376748 -0.9412628
f 2263/2263/2263 2264/2264/2264 2265/2265/2265
v 0.0070000 0.3863997 0.9888242
vn 0.0000000 -0.3376748 -0.9412628
v -0.0070000 0.3779469 0.9918566
vn 0.0000000 -0.3376748 -0.9412628
v -0.0070000 0.3863997 0.9888242
vn 0.0000000 -0.3376748 -0.9412628
f 2266/2266/2266 2267/2267/2267 2268/2268/2268
v 0.0140000 0.3919428 0.9996073
vn 0.8641413 -0.1698628 -0.4737156
v 0.0140000 0.3805086 1.0037073
vn 0.8641413 -0.1698628 -0.4737156
v 0.0070000 0.3779469 0.9918566
vn 0.8641413 -0.1698628 -0.4737156
f 2269/2269/2269 2270/2270/2270 2271/2271/2271
v 0.0140000 0.3919428 0.9996073
vn 0.8641704 -0.1699176 -0.4736429
v 0.0070000 0.3779469 0.9918566
vn 0.8641704 -0.1699176 -0.4736429
v 0.0070000 0.3863997 0.9888242
vn 0.8641704 -0.1699176 -0.4736429
f 2272/2272/2272 2273/2273/2273 2274/2274/2274
v 0.0070000 0.3974859 1.0103903
vn 0.8641428 0.1698199 0.4737282
v 0.0070000 0.3830704 1.0155579
vn 0.8641428 0.1698199 0.4737282
v 0.0140000 0.3805086 1.0037073
vn 0.8641428 0.1698199 0.4737282
f 2275/2275/2275 2276/2276/2276 2277/2277/2277
v 0.0070000 0.3974859 1.0103903
vn 0.8641651 0.1698492 0.4736772
v 0.0140000 0.3805086 1.0037073
vn 0.8641651 0.1698492 0.4736772
v 0.0140000 0.3919428 0.9996073
vn 0.8641651 0.1698492 0.4736772
f 2278/2278/2278 2279/2279/2279 2280/2280/2280
v -0.0070000 0.3974859 1.0103903
vn 0.0000000 0.3374487 0.9413440
v -0.0070000 0.3830704 1.0155579
vn 0.0000000 0.3374487 0.9413440
v 0.0070000 0.3830704 1.0155579
vn 0.0000000 0.3374487 0.9413440
f 2281/2281/2281 2282/2282/2282 2283/2283/2283
v -0.0070000 0.3974859 1.0103903
vn 0.0000000 0.3374487 0.9413440
v 0.0070000 0.3830704 1.0155579
vn 0.0000000 0.3374487 0.9413440
v 0.0070000 0.3974859 1.0103903
vn 0.0000000 0.3374487 0.9413440
f 2284/2284/2284 2285/2285/2285 2286/2286/2286
v -0.0140000 0.3919428 0.9996073
vn -0.8641403 0.1698635 0.4737172
v -0.0140000 0.3805086 1.0037073
vn -0.8641403 0.1698635 0.4737172
v -0.0070000 0.3830704 1.0155579
vn -0.8641403 0.1698635 0.4737172
f 2287/2287/2287 2288/2288/2288 2289/2289/2289
v -0.0140000 0.3919428 0.9996073
vn -0.8641625 0.1698085 0.4736963
v -0.0070000 0.3830704 1.0155579
vn -0.8641625 0.1698085 0.4736963
v -0.0070000 0.3974859 1.0103903
vn -0.8641625 0.1698085 0.4736963
f 2290/2290/2290 2291/2291/2291 2292/2292/2292
v -0.0070000 0.3779469 0.9918566
vn -0.8644142 -0.0402366 -0.5011677
v -0.0070000 0.3686185 0.9926056
vn -0.8644142 -0.0402366 -0.5011677
v -0.0140000 0.3681163 1.0047195
vn -0.8644142 -0.0402366 -0.5011677
f 2293/2293/2293 2294/2294/2294 2295/2295/2295
v -0.0070000 0.3779469 0.9918566
vn -0.8641412 -0.0409691 -0.5015789
v -0.0140000 0.3681163 1.0047195
vn -0.8641412 -0.0409691 -0.5015789
v -0.0140000 0.3805086 1.0037073
vn -0.8641412 -0.0409691 -0.5015789
f 2296/2296/2296 2297/2297/2297 2298/2298/2298
v 0.0070000 0.3779469 0.9918566
vn 0.0000000 -0.0800280 -0.9967926
v 0.0070000 0.3686185 0.9926056
vn 0.0000000 -0.0800280 -0.9967926
v -0.0070000 0.3686185 0.9926056
vn 0.0000000 -0.0800280 -0.9967926
f 2299/2299/2299 2300/2300/2300 2301/2301/2301
v 0.0070000 0.3779469 0.9918566
vn 0.0000000 -0.0800280 -0.9967926
v -0.0070000 0.3686185 0.9926056
vn 0.0000000 -0.0800280 -0.9967926
v -0.0070000 0.3779469 0.9918566
vn 0.0000000 -0.0800280 -0.9967926
f 2302/2302/2302 2303/2303/2303 2304/2304/2304
v 0.0140000 0.3805086 1.0037073
vn 0.8643771 -0.0409361 -0.5011751
v 0.0140000 0.3681163 1.0047195
vn 0.8643771 -0.0409361 -0.5011751
v 0.0070000 0.3686185 0.9926056
vn 0.8643771 -0.0409361 -0.5011751
f 2305/2305/2305 2306/2306/2306 2307/2307/2307
v 0.0140000 0.3805086 1.0037073
vn 0.8641010 -0.0402797 -0.5017040
v 0.0070000 0.3686185 0.9926056
vn 0.8641010 -0.0402797 -0.5017040
v 0.0070000 0.3779469 0.9918566
vn 0.8641010 -0.0402797 -0.5017040
f 2308/2308/2308 2309/2309/2309 2310/2310/2310
v 0.0070000 0.3830704 1.0155579
vn 0.8643544 0.0413600 0.5011795
v 0.0070000 0.3676141 1.0168334
vn 0.8643544 0.0413600 0.5011795
v 0.0140000 0.3681163 1.0047195
vn 0.8643544 0.0413600 0.5011795
f 2311/2311/2311 2312/2312/2312 2313/2313/2313
v 0.0070000 0.3830704 1.0155579
vn 0.8641403 0.0409690 0.5015808
v 0.0140000 0.3681163 1.0047195
vn 0.8641403 0.0409690 0.5015808
v 0.0140000 0.3805086 1.0037073
vn 0.8641403 0.0409690 0.5015808
f 2314/2314/2314 2315/2315/2315 2316/2316/2316
v -0.0070000 0.3830704 1.0155579
vn 0.0000000 0.0822458 0.9966120
v -0.0070000 0.3676141 1.0168334
vn 0.0000000 0.0822458 0.9966120
v 0.0070000 0.3676141 1.0168334
vn 0.0000000 0.0822458 0.9966120
f 2317/2317/2317 2318/2318/2318 2319/2319/2319
v -0.0070000 0.3830704 1.0155579
vn 0.0000000 0.0822458 0.9966121
v 0.0070000 0.3676141 1.0168334
vn 0.0000000 0.0822458 0.9966121
v 0.0070000 0.3830704 1.0155579
vn 0.0000000 0.0822458 0.9966121
f 2320/2320/2320 2321/2321/2321 2322/2322/2322
v -0.0140000 0.3805086 1.0037073
vn -0.8643771 0.0409358 0.5011750
v -0.0140000 0.3681163 1.0047195
vn -0.8643771 0.0409358 0.5011750
v -0.0070000 0.3676141 1.0168334
vn -0.8643771 0.0409358 0.5011750
f 2323/2323/2323 2324/2324/2324 2325/2325/2325
v -0.0140000 0.3805086 1.0037073
vn -0.8641645 0.0413869 0.5015046
v -0.0070000 0.3676141 1.0168334
vn -0.8641645 0.0413869 0.5015046
v -0.0070000 0.3830704 1.0155579
vn -0.8641645 0.0413869 0.5015046
f 2326/2326/2326 2327/2327/2327 2328/2328/2328
v -0.0070000 0.3686185 0.9926056
vn -0.8634285 0.0803569 -0.4980301
v -0.0070000 0.3587444 0.9910124
vn -0.8634285 0.0803569 -0.4980301
v -0.0140000 0.3550000 1.0025440
vn -0.8634285 0.0803569 -0.4980301
f 2329/2329/2329 2330/2330/2330 2331/2331/2331
v -0.0070000 0.3686185 0.9926056
vn -0.8643771 0.0822769 -0.4960673
v -0.0140000 0.3550000 1.0025440
vn -0.8643771 0.0822769 -0.4960673
v -0.0140000 0.3681163 1.0047195
vn -0.8643771 0.0822769 -0.4960673
f 2332/2332/2332 2333/2333/2333 2334/2334/2334
v 0.0070000 0.3686185 0.9926056
vn 0.0000000 0.1592894 -0.9872319
v 0.0070000 0.3587444 0.9910124
vn 0.0000000 0.1592894 -0.9872319
v -0.0070000 0.3587444 0.9910124
vn 0.0000000 0.1592894 -0.9872319
f 2335/2335/2335 2336/2336/2336 2337/2337/2337
v 0.0070000 0.3686185 0.9926056
vn 0.0000000 0.1592894 -0.9872319
v -0.0070000 0.3587444 0.9910124
vn 0.0000000 0.1592894 -0.9872319
v -0.0070000 0.3686185 0.9926056
vn 0.0000000 0.1592894 -0.9872319
f 2338/2338/2338 2339/2339/2339 2340/2340/2340
v 0.0140000 0.3681163 1.0047195
vn 0.8635761 0.0825018 -0.4974231
v 0.0140000 0.3550000 1.0025440
vn 0.8635761 0.0825018 -0.4974231
v 0.0070000 0.3587444 0.9910124
vn 0.8635761 0.0825018 -0.4974231
f 2341/2341/2341 2342/2342/2342 2343/2343/2343
v 0.0140000 0.3681163 1.0047195
vn 0.8644935 0.0800658 -0.4962261
v 0.0070000 0.3587444 0.9910124
vn 0.8644935 0.0800658 -0.4962261
v 0.0070000 0.3686185 0.9926056
vn 0.8644935 0.0800658 -0.4962261
f 2344/2344/2344 2345/2345/2345 2346/2346/2346
v 0.0070000 0.3676141 1.0168334
vn 0.8636639 -0.0837919 0.4970549
v 0.0070000 0.3512555 1.0140758
vn 0.8636639 -0.0837919 0.4970549
v 0.0140000 0.3550000 1.0025440
vn 0.8636639 -0.0837919 0.4970549
f 2347/2347/2347 2348/2348/2348 2349/2349/2349
v 0.0070000 0.3676141 1.0168334
vn 0.8643772 -0.0822770 0.4960671
v 0.0140000 0.3550000 1.0025440
vn 0.8643772 -0.0822770 0.4960671
v 0.0140000 0.3681163 1.0047195
vn 0.8643772 -0.0822770 0.4960671
f 2350/2350/2350 2351/2351/2351 2352/2352/2352
v -0.0070000 0.3676141 1.0168334
vn 0.0000000 -0.1662311 0.9860868
v -0.0070000 0.3512555 1.0140758
vn 0.0000000 -0.1662311 0.9860868
v 0.0070000 0.3512555 1.0140758
vn 0.0000000 -0.1662311 0.9860868
f 2353/2353/2353 2354/2354/2354 2355/2355/2355
v -0.0070000 0.3676141 1.0168334
vn 0.0000000 -0.1662311 0.9860868
v 0.0070000 0.3512555 1.0140758
vn 0.0000000 -0.1662311 0.9860868
v 0.0070000 0.3676141 1.0168334
vn 0.0000000 -0.1662311 0.9860868
f 2356/2356/2356 2357/2357/2357 2358/2358/2358
v -0.0140000 0.3681163 1.0047195
vn -0.8635772 -0.0825016 0.4974212
v -0.0140000 0.3550000 1.0025440
vn -0.8635772 -0.0825016 0.4974212
v -0.0070000 0.3512555 1.0140758
vn -0.8635772 -0.0825016 0.4974212
f 2359/2359/2359 2360/2360/2360 2361/2361/2361
v -0.0140000 0.3681163 1.0047195
vn -0.8643050 -0.0836090 0.4959702
v -0.0070000 0.3512555 1.0140758
vn -0.8643050 -0.0836090 0.4959702
v -0.0070000 0.3676141 1.0168334
vn -0.8643050 -0.0836090 0.4959702
f 2362/2362/2362 2363/2363/2363 2364/2364/2364
v -0.0070000 0.3587444 0.9910124
vn -0.8618025 0.2230336 -0.4555792
v -0.0070000 0.3504511 0.9869523
vn -0.8618025 0.2230336 -0.4555792
v -0.0140000 0.3431044 0.9965973
vn -0.8618025 0.2230336 -0.4555792
f 2365/2365/2365 2366/2366/2366 2367/2367/2367
v -0.0070000 0.3587444 0.9910124
vn -0.8635761 0.2254617 -0.4510026
v -0.0140000 0.3431044 0.9965973
vn -0.8635761 0.2254617 -0.4510026
v -0.0140000 0.3550000 1.0025440
vn -0.8635761 0.2254617 -0.4510026
f 2368/2368/2368 2369/2369/2369 2370/2370/2370
v 0.0070000 0.3587444 0.9910124
vn 0.0000000 0.4396971 -0.8981461
v 0.0070000 0.3504511 0.9869523
vn 0.0000000 0.4396971 -0.8981461
v -0.0070000 0.3504511 0.9869523
vn 0.0000000 0.4396971 -0.8981461
f 2371/2371/2371 2372/2372/2372 2373/2373/2373
v 0.0070000 0.3587444 0.9910124
vn 0.0000000 0.4396971 -0.8981461
v -0.0070000 0.3504511 0.9869523
vn 0.0000000 0.4396971 -0.8981461
v -0.0070000 0.3587444 0.9910124
vn 0.0000000 0.4396971 -0.8981461
f 2374/2374/2374 2375/2375/2375 2376/2376/2376
v 0.0140000 0.3550000 1.0025440
vn 0.8621597 0.2265428 -0.4531653
v 0.0140000 0.3431044 0.9965973
vn 0.8621597 0.2265428 -0.4531653
v 0.0070000 0.3504511 0.9869523
vn 0.8621597 0.2265428 -0.4531653
f 2377/2377/2377 2378/2378/2378 2379/2379/2379
v 0.0140000 0.3550000 1.0025440
vn 0.8638434 0.2215020 -0.4524505
v 0.0070000 0.3504511 0.9869523
vn 0.8638434 0.2215020 -0.4524505
v 0.0070000 0.3587444 0.9910124
vn 0.8638434 0.2215020 -0.4524505
f 2380/2380/2380 2381/2381/2381 2382/2382/2382
v 0.0070000 0.3512555 1.0140758
vn 0.8623431 -0.2284051 0.4518798
v 0.0070000 0.3357577 1.0062423
vn 0.8623431 -0.2284051 0.4518798
v 0.0140000 0.3431044 0.9965973
vn 0.8623431 -0.2284051 0.4518798
f 2383/2383/2383 2384/2384/2384 2385/2385/2385
v 0.0070000 0.3512555 1.0140758
vn 0.8635772 -0.2254610 0.4510010
v 0.0140000 0.3431044 0.9965973
vn 0.8635772 -0.2254610 0.4510010
v 0.0140000 0.3550000 1.0025440
vn 0.8635772 -0.2254610 0.4510010
f 2386/2386/2386 2387/2387/2387 2388/2388/2388
v -0.0070000 0.3512555 1.0140758
vn 0.0000000 -0.4511045 0.8924711
v -0.0070000 0.3357577 1.0062423
vn 0.0000000 -0.4511045 0.8924711
v 0.0070000 0.3357577 1.0062423
vn 0.0000000 -0.4511045 0.8924711
f 2389/2389/2389 2390/2390/2390 2391/2391/2391
v -0.0070000 0.3512555 1.0140758
vn 0.0000000 -0.4511045 0.8924711
v 0.0070000 0.3357577 1.0062423
vn 0.0000000 -0.4511045 0.8924711
v 0.0070000 0.3512555 1.0140758
vn 0.0000000 -0.4511045 0.8924711
f 2392/2392/2392 2393/2393/2393 2394/2394/2394
v -0.0140000 0.3550000 1.0025440
vn -0.8621598 -0.2265429 0.4531651
v -0.0140000 0.3431044 0.9965973
vn -0.8621598 -0.2265429 0.4531651
v -0.0070000 0.3357577 1.0062423
vn -0.8621598 -0.2265429 0.4531651
f 2395/2395/2395 2396/2396/2396 2397/2397/2397
v -0.0140000 0.3550000 1.0025440
vn -0.8634284 -0.2275693 0.4502261
v -0.0070000 0.3357577 1.0062423
vn -0.8634284 -0.2275693 0.4502261
v -0.0070000 0.3512555 1.0140758
vn -0.8634284 -0.2275693 0.4502261
f 2398/2398/2398 2399/2399/2399 2400/2400/2400
v -0.0070000 0.3504511 0.9869523
vn -0.8650203 0.3783996 -0.3294747
v -0.0070000 0.3448944 0.9805704
vn -0.8650203 0.3783996 -0.3294747
v -0.0140000 0.3350284 0.9876176
vn -0.8650203 0.3783996 -0.3294747
f 2401/2401/2401 2402/2402/2402 2403/2403/2403
v -0.0070000 0.3504511 0.9869523
vn -0.8621597 0.3766995 -0.3387891
v -0.0140000 0.3350284 0.9876176
vn -0.8621597 0.3766995 -0.3387891
v -0.0140000 0.3431044 0.9965973
vn -0.8621597 0.3766995 -0.3387891
f 2404/2404/2404 2405/2405/2405 2406/2406/2406
v 0.0070000 0.3504511 0.9869523
vn 0.0000000 0.7541794 -0.6566685
v 0.0070000 0.3448944 0.9805704
vn 0.0000000 0.7541794 -0.6566685
v -0.0070000 0.3448944 0.9805704
vn 0.0000000 0.7541794 -0.6566685
f 2407/2407/2407 2408/2408/2408 2409/2409/2409
v 0.0070000 0.3504511 0.9869523
vn 0.0000000 0.7541794 -0.6566685
v -0.0070000 0.3448944 0.9805704
vn 0.0000000 0.7541794 -0.6566685
v -0.0070000 0.3504511 0.9869523
vn 0.0000000 0.7541794 -0.6566685
f 2410/2410/2410 2411/2411/2411 2412/2412/2412
v 0.0140000 0.3431044 0.9965973
vn 0.8646541 0.3735254 -0.3359345
v 0.0140000 0.3350284 0.9876176
vn 0.8646541 0.3735254 -0.3359345
v 0.0070000 0.3448944 0.9805704
vn 0.8646541 0.3735254 -0.3359345
f 2413/2413/2413 2414/2414/2414 2415/2415/2415
v 0.0140000 0.3431044 0.9965973
vn 0.8614545 0.3829985 -0.3334790
v 0.0070000 0.3448944 0.9805704
vn 0.8614545 0.3829985 -0.3334790
v 0.0070000 0.3504511 0.9869523
vn 0.8614545 0.3829985 -0.3334790
f 2416/2416/2416 2417/2417/2417 2418/2418/2418
v 0.0070000 0.3357577 1.0062423
vn 0.8644326 -0.3708818 0.3394156
v 0.0070000 0.3251624 0.9946648
vn 0.8644326 -0.3708818 0.3394156
v 0.0140000 0.3350284 0.9876176
vn 0.8644326 -0.3708818 0.3394156
f 2419/2419/2419 2420/2420/2420 2421/2421/2421
v 0.0070000 0.3357577 1.0062423
vn 0.8621598 -0.3766992 0.3387891
v 0.0140000 0.3350284 0.9876176
vn 0.8621598 -0.3766992 0.3387891
v 0.0140000 0.3431044 0.9965973
vn 0.8621598 -0.3766992 0.3387891
f 2422/2422/2422 2423/2423/2423 2424/2424/2424
v -0.0070000 0.3357577 1.0062423
vn 0.0000000 -0.7377082 0.6751198
v -0.0070000 0.3251624 0.9946648
vn 0.0000000 -0.7377082 0.6751198
v 0.0070000 0.3251624 0.9946648
vn 0.0000000 -0.7377082 0.6751198
f 2425/2425/2425 2426/2426/2426 2427/2427/2427
v -0.0070000 0.3357577 1.0062423
vn 0.0000000 -0.7377082 0.6751197
v 0.0070000 0.3251624 0.9946648
vn 0.0000000 -0.7377082 0.6751197
v 0.0070000 0.3357577 1.0062423
vn 0.0000000 -0.7377082 0.6751197
f 2428/2428/2428 2429/2429/2429 2430/2430/2430
v -0.0140000 0.3431044 0.9965973
vn -0.8646541 -0.3735252 0.3359346
v -0.0140000 0.3350284 0.9876176
vn -0.8646541 -0.3735252 0.3359346
v -0.0070000 0.3251624 0.9946648
vn -0.8646541 -0.3735252 0.3359346
f 2431/2431/2431 2432/2432/2432 2433/2433/2433
v -0.0140000 0.3431044 0.9965973
vn -0.8625145 -0.3733042 0.3416324
v -0.0070000 0.3251624 0.9946648
vn -0.8625145 -0.3733042 0.3416324
v -0.0070000 0.3357577 1.0062423
vn -0.8625145 -0.3733042 0.3416324
f 2434/2434/2434 2435/2435/2435 2436/2436/2436
v -0.0070000 0.3448944 0.9805704
vn -0.8660036 0.4385025 -0.2403192
v -0.0070000 0.3396142 0.9709359
vn -0.8660036 0.4385025 -0.2403192
v -0.0140000 0.3289002 0.9766113
vn -0.8660036 0.4385025 -0.2403192
f 2437/2437/2437 2438/2438/2438 2439/2439/2439
v -0.0070000 0.3448944 0.9805704
vn -0.8646540 0.4389184 -0.2443852
v -0.0140000 0.3289002 0.9766113
vn -0.8646540 0.4389184 -0.2443852
v -0.0140000 0.3350284 0.9876176
vn -0.8646540 0.4389184 -0.2443852
f 2440/2440/2440 2441/2441/2441 2442/2442/2442
v 0.0070000 0.3448944 0.9805704
vn 0.0000000 0.8769388 -0.4806020
v 0.0070000 0.3396142 0.9709359
vn 0.0000000 0.8769388 -0.4806020
v -0.0070000 0.3396142 0.9709359
vn 0.0000000 0.8769388 -0.4806020
f 2443/2443/2443 2444/2444/2444 2445/2445/2445
v 0.0070000 0.3448944 0.9805704
vn 0.0000000 0.8769388 -0.4806020
v -0.0070000 0.3396142 0.9709359
vn 0.0000000 0.8769388 -0.4806020
v -0.0070000 0.3448944 0.9805704
vn 0.0000000 0.8769388 -0.4806020
f 2446/2446/2446 2447/2447/2447 2448/2448/2448
v 0.0140000 0.3350284 0.9876176
vn 0.8659782 0.4369210 -0.2432731
v 0.0140000 0.3289002 0.9766113
vn 0.8659782 0.4369210 -0.2432731
v 0.0070000 0.3396142 0.9709359
vn 0.8659782 0.4369210 -0.2432731
f 2449/2449/2449 2450/2450/2450 2451/2451/2451
v 0.0140000 0.3350284 0.9876176
vn 0.8644843 0.4408019 -0.2415794
v 0.0070000 0.3396142 0.9709359
vn 0.8644843 0.4408019 -0.2415794
v 0.0070000 0.3448944 0.9805704
vn 0.8644843 0.4408019 -0.2415794
f 2452/2452/2452 2453/2453/2453 2454/2454/2454
v 0.0070000 0.3251624 0.9946648
vn 0.8659518 -0.4356946 0.2455558
v 0.0070000 0.3181862 0.9822867
vn 0.8659518 -0.4356946 0.2455558
v 0.0140000 0.3289002 0.9766113
vn 0.8659518 -0.4356946 0.2455558
f 2455/2455/2455 2456/2456/2456 2457/2457/2457
v 0.0070000 0.3251624 0.9946648
vn 0.8646541 -0.4389183 0.2443852
v 0.0140000 0.3289002 0.9766113
vn 0.8646541 -0.4389183 0.2443852
v 0.0140000 0.3350284 0.9876176
vn 0.8646541 -0.4389183 0.2443852
f 2458/2458/2458 2459/2459/2459 2460/2460/2460
v -0.0070000 0.3251624 0.9946648
vn 0.0000000 -0.8711672 0.4909864
v -0.0070000 0.3181862 0.9822867
vn 0.0000000 -0.8711672 0.4909864
v 0.0070000 0.3181862 0.9822867
vn 0.0000000 -0.8711672 0.4909864
f 2461/2461/2461 2462/2462/2462 2463/2463/2463
v -0.0070000 0.3251624 0.9946648
vn 0.0000000 -0.8711672 0.4909864
v 0.0070000 0.3181862 0.9822867
vn 0.0000000 -0.8711672 0.4909864
v 0.0070000 0.3251624 0.9946648
vn 0.0000000 -0.8711672 0.4909864
f 2464/2464/2464 2465/2465/2465 2466/2466/2466
v -0.0140000 0.3350284 0.9876176
vn -0.8659782 -0.4369209 0.2432731
v -0.0140000 0.3289002 0.9766113
vn -0.8659782 -0.4369209 0.2432731
v -0.0070000 0.3181862 0.9822867
vn -0.8659782 -0.4369209 0.2432731
f 2467/2467/2467 2468/2468/2468 2469/2469/2469
v -0.0140000 0.3350284 0.9876176
vn -0.8647785 -0.4374597 0.2465506
v -0.0070000 0.3181862 0.9822867
vn -0.8647785 -0.4374597 0.2465506
v -0.0070000 0.3251624 0.9946648
vn -0.8647785 -0.4374597 0.2465506
f 2470/2470/2470 2471/2471/2471 2472/2472/2472
v -0.0070000 0.3396142 0.9709359
vn -0.8657029 0.4468713 -0.2255317
v -0.0070000 0.3333581 0.9585400
vn -0.8657029 0.4468713 -0.2255317
v -0.0140000 0.3228480 0.9645846
vn -0.8657029 0.4468713 -0.2255317
f 2473/2473/2473 2474/2474/2474 2475/2475/2475
v -0.0070000 0.3396142 0.9709359
vn -0.8659781 0.4467080 -0.2247974
v -0.0140000 0.3228480 0.9645846
vn -0.8659781 0.4467080 -0.2247974
v -0.0140000 0.3289002 0.9766113
vn -0.8659781 0.4467080 -0.2247974
f 2476/2476/2476 2477/2477/2477 2478/2478/2478
v 0.0070000 0.3396142 0.9709359
vn 0.0000000 0.8927459 -0.4505605
v 0.0070000 0.3333581 0.9585400
vn 0.0000000 0.8927459 -0.4505605
v -0.0070000 0.3333581 0.9585400
vn 0.0000000 0.8927459 -0.4505605
f 2479/2479/2479 2480/2480/2480 2481/2481/2481
v 0.0070000 0.3396142 0.9709359
vn 0.0000000 0.8927459 -0.4505605
v -0.0070000 0.3333581 0.9585400
vn 0.0000000 0.8927459 -0.4505605
v -0.0070000 0.3396142 0.9709359
vn 0.0000000 0.8927459 -0.4505605
f 2482/2482/2482 2483/2483/2483 2484/2484/2484
v 0.0140000 0.3289002 0.9766113
vn 0.8656890 0.4471548 -0.2250223
v 0.0140000 0.3228480 0.9645846
vn 0.8656890 0.4471548 -0.2250223
v 0.0070000 0.3333581 0.9585400
vn 0.8656890 0.4471548 -0.2250223
f 2485/2485/2485 2486/2486/2486 2487/2487/2487
v 0.0140000 0.3289002 0.9766113
vn 0.8659833 0.4464380 -0.2253131
v 0.0070000 0.3333581 0.9585400
vn 0.8659833 0.4464380 -0.2253131
v 0.0070000 0.3396142 0.9709359
vn 0.8659833 0.4464380 -0.2253131
f 2488/2488/2488 2489/2489/2489 2490/2490/2490
v 0.0070000 0.3181862 0.9822867
vn 0.8656740 -0.4474567 0.2244799
v 0.0070000 0.3123379 0.9706293
vn 0.8656740 -0.4474567 0.2244799
v 0.0140000 0.3228480 0.9645846
vn 0.8656740 -0.4474567 0.2244799
f 2491/2491/2491 2492/2492/2492 2493/2493/2493
v 0.0070000 0.3181862 0.9822867
vn 0.8659782 -0.4467079 0.2247974
v 0.0140000 0.3228480 0.9645846
vn 0.8659782 -0.4467079 0.2247974
v 0.0140000 0.3289002 0.9766113
vn 0.8659782 -0.4467079 0.2247974
f 2494/2494/2494 2495/2495/2495 2496/2496/2496
v -0.0070000 0.3181862 0.9822867
vn 0.0000000 -0.8938259 0.4484142
v -0.0070000 0.3123379 0.9706293
vn 0.0000000 -0.8938259 0.4484142
v 0.0070000 0.3123379 0.9706293
vn 0.0000000 -0.8938259 0.4484142
f 2497/2497/2497 2498/2498/2498 2499/2499/2499
v -0.0070000 0.3181862 0.9822867
vn 0.0000000 -0.8938259 0.4484142
v 0.0070000 0.3123379 0.9706293
vn 0.0000000 -0.8938259 0.4484142
v 0.0070000 0.3181862 0.9822867
vn 0.0000000 -0.8938259 0.4484142
f 2500/2500/2500 2501/2501/2501 2502/2502/2502
v -0.0140000 0.3289002 0.9766113
vn -0.8656891 -0.4471548 0.2250223
v -0.0140000 0.3228480 0.9645846
vn -0.8656891 -0.4471548 0.2250223
v -0.0070000 0.3123379 0.9706293
vn -0.8656891 -0.4471548 0.2250223
f 2503/2503/2503 2504/2504/2504 2505/2505/2505
v -0.0140000 0.3289002 0.9766113
vn -0.8659725 -0.4469949 0.2242483
v -0.0070000 0.3123379 0.9706293
vn -0.8659725 -0.4469949 0.2242483
v -0.0070000 0.3181862 0.9822867
vn -0.8659725 -0.4469949 0.2242483
f 2506/2506/2506 2507/2507/2507 2508/2508/2508
v -0.0070000 0.3333581 0.9585400
vn -0.8650495 0.4196430 -0.2749346
v -0.0070000 0.3244675 0.9449700
vn -0.8650495 0.4196430 -0.2749346
v -0.0140000 0.3150000 0.9525440
vn -0.8650495 0.4196430 -0.2749346
f 2509/2509/2509 2510/2510/2510 2511/2511/2511
v -0.0070000 0.3333581 0.9585400
vn -0.8656890 0.4193660 -0.2733398
v -0.0140000 0.3150000 0.9525440
vn -0.8656890 0.4193660 -0.2733398
v -0.0140000 0.3228480 0.9645846
vn -0.8656890 0.4193660 -0.2733398
f 2512/2512/2512 2513/2513/2513 2514/2514/2514
v 0.0070000 0.3333581 0.9585400
vn 0.0000000 0.8364648 -0.5480208
v 0.0070000 0.3244675 0.9449700
vn 0.0000000 0.8364648 -0.5480208
v -0.0070000 0.3244675 0.9449700
vn 0.0000000 0.8364648 -0.5480208
f 2515/2515/2515 2516/2516/2516 2517/2517/2517
v 0.0070000 0.3333581 0.9585400
vn 0.0000000 0.8364646 -0.5480208
v -0.0070000 0.3244675 0.9449700
vn 0.0000000 0.8364646 -0.5480208
v -0.0070000 0.3333581 0.9585400
vn 0.0000000 0.8364646 -0.5480208
f 2518/2518/2518 2519/2519/2519 2520/2520/2520
v 0.0140000 0.3228480 0.9645846
vn 0.8650001 0.4203625 -0.2739894
v 0.0140000 0.3150000 0.9525440
vn 0.8650001 0.4203625 -0.2739894
v 0.0070000 0.3244675 0.9449700
vn 0.8650001 0.4203625 -0.2739894
f 2521/2521/2521 2522/2522/2522 2523/2523/2523
v 0.0140000 0.3228480 0.9645846
vn 0.8656599 0.4187614 -0.2743571
v 0.0070000 0.3244675 0.9449700
vn 0.8656599 0.4187614 -0.2743571
v 0.0070000 0.3333581 0.9585400
vn 0.8656599 0.4187614 -0.2743571
f 2524/2524/2524 2525/2525/2525 2526/2526/2526
v 0.0070000 0.3123379 0.9706293
vn 0.8649341 -0.4212944 0.2727635
v 0.0070000 0.3055325 0.9601180
vn 0.8649341 -0.4212944 0.2727635
v 0.0140000 0.3150000 0.9525440
vn 0.8649341 -0.4212944 0.2727635
f 2527/2527/2527 2528/2528/2528 2529/2529/2529
v 0.0070000 0.3123379 0.9706293
vn 0.8656892 -0.4193660 0.2733396
v 0.0140000 0.3150000 0.9525440
vn 0.8656892 -0.4193660 0.2733396
v 0.0140000 0.3228480 0.9645846
vn 0.8656892 -0.4193660 0.2733396
f 2530/2530/2530 2531/2531/2531 2532/2532/2532
v -0.0070000 0.3123379 0.9706293
vn 0.0000000 -0.8394235 0.5434778
v -0.0070000 0.3055325 0.9601180
vn 0.0000000 -0.8394235 0.5434778
v 0.0070000 0.3055325 0.9601180
vn 0.0000000 -0.8394235 0.5434778
f 2533/2533/2533 2534/2534/2534 2535/2535/2535
v -0.0070000 0.3123379 0.9706293
vn 0.0000000 -0.8394235 0.5434778
v 0.0070000 0.3055325 0.9601180
vn 0.0000000 -0.8394235 0.5434778
v 0.0070000 0.3123379 0.9706293
vn 0.0000000 -0.8394235 0.5434778
f 2536/2536/2536 2537/2537/2537 2538/2538/2538
v -0.0140000 0.3228480 0.9645846
vn -0.8650001 -0.4203626 0.2739892
v -0.0140000 0.3150000 0.9525440
vn -0.8650001 -0.4203626 0.2739892
v -0.0070000 0.3055325 0.9601180
vn -0.8650001 -0.4203626 0.2739892
f 2539/2539/2539 2540/2540/2540 2541/2541/2541
v -0.0140000 0.3228480 0.9645846
vn -0.8657251 -0.4201481 0.2720214
v -0.0070000 0.3055325 0.9601180
vn -0.8657251 -0.4201481 0.2720214
v -0.0070000 0.3123379 0.9706293
vn -0.8657251 -0.4201481 0.2720214
f 2542/2542/2542 2543/2543/2543 2544/2544/2544
o pz_sink_white_standing_|_tap_stem_-0.145
usemtl UV_Base
v -0.1230000 0.3900000 0.8585440
vn 0.0000000 0.0000000 -0.9999999
v -0.1272016 0.3770687 0.8585440
vn 0.0000000 0.0000000 -0.9999999
v -0.1382016 0.3690768 0.8585440
vn 0.0000000 0.0000000 -0.9999999
f 2545/2545/2545 2546/2546/2546 2547/2547/2547
v -0.1382016 0.3690768 0.8585440
vn 0.0000000 0.0000000 -1.0000000
v -0.1517984 0.3690768 0.8585440
vn 0.0000000 0.0000000 -1.0000000
v -0.1627984 0.3770687 0.8585440
vn 0.0000000 0.0000000 -1.0000000
f 2548/2548/2548 2549/2549/2549 2550/2550/2550
v -0.1627984 0.3770687 0.8585440
vn 0.0000000 -0.0000000 -0.9999999
v -0.1670000 0.3900000 0.8585440
vn 0.0000000 -0.0000000 -0.9999999
v -0.1627984 0.4029313 0.8585440
vn 0.0000000 -0.0000000 -0.9999999
f 2551/2551/2551 2552/2552/2552 2553/2553/2553
v -0.1627984 0.4029313 0.8585440
vn -0.0000000 0.0000000 -1.0000000
v -0.1517984 0.4109232 0.8585440
vn -0.0000000 0.0000000 -1.0000000
v -0.1382016 0.4109232 0.8585440
vn -0.0000000 0.0000000 -1.0000000
f 2554/2554/2554 2555/2555/2555 2556/2556/2556
v -0.1382016 0.4109232 0.8585440
vn 0.0000000 0.0000000 -1.0000000
v -0.1272016 0.4029313 0.8585440
vn 0.0000000 0.0000000 -1.0000000
v -0.1230000 0.3900000 0.8585440
vn 0.0000000 0.0000000 -1.0000000
f 2557/2557/2557 2558/2558/2558 2559/2559/2559
v -0.1230000 0.3900000 0.8585440
vn 0.0000000 0.0000000 -1.0000000
v -0.1382016 0.3690768 0.8585440
vn 0.0000000 0.0000000 -1.0000000
v -0.1627984 0.3770687 0.8585440
vn 0.0000000 0.0000000 -1.0000000
f 2560/2560/2560 2561/2561/2561 2562/2562/2562
v -0.1627984 0.3770687 0.8585440
vn 0.0000000 -0.0000000 -1.0000000
v -0.1627984 0.4029313 0.8585440
vn 0.0000000 -0.0000000 -1.0000000
v -0.1382016 0.4109232 0.8585440
vn 0.0000000 -0.0000000 -1.0000000
f 2563/2563/2563 2564/2564/2564 2565/2565/2565
v -0.1627984 0.3770687 0.8585440
vn -0.0000000 0.0000000 -1.0000000
v -0.1382016 0.4109232 0.8585440
vn -0.0000000 0.0000000 -1.0000000
v -0.1230000 0.3900000 0.8585440
vn -0.0000000 0.0000000 -1.0000000
f 2566/2566/2566 2567/2567/2567 2568/2568/2568
v -0.1255836 0.3758931 0.9025440
vn 0.0000000 0.0000000 1.0000000
v -0.1210000 0.3900000 0.9025440
vn 0.0000000 0.0000000 1.0000000
v -0.1255836 0.4041069 0.9025440
vn 0.0000000 0.0000000 1.0000000
f 2569/2569/2569 2570/2570/2570 2571/2571/2571
v -0.1255836 0.4041069 0.9025440
vn -0.0000000 0.0000000 1.0000000
v -0.1375836 0.4128253 0.9025440
vn -0.0000000 0.0000000 1.0000000
v -0.1524164 0.4128253 0.9025440
vn -0.0000000 0.0000000 1.0000000
f 2572/2572/2572 2573/2573/2573 2574/2574/2574
v -0.1524164 0.4128253 0.9025440
vn 0.0000000 0.0000000 1.0000000
v -0.1644164 0.4041069 0.9025440
vn 0.0000000 0.0000000 1.0000000
v -0.1690000 0.3900000 0.9025440
vn 0.0000000 0.0000000 1.0000000
f 2575/2575/2575 2576/2576/2576 2577/2577/2577
v -0.1690000 0.3900000 0.9025440
vn 0.0000000 0.0000000 1.0000000
v -0.1644164 0.3758931 0.9025440
vn 0.0000000 0.0000000 1.0000000
v -0.1524164 0.3671747 0.9025440
vn 0.0000000 0.0000000 1.0000000
f 2578/2578/2578 2579/2579/2579 2580/2580/2580
v -0.1524164 0.3671747 0.9025440
vn 0.0000000 0.0000000 1.0000000
v -0.1375836 0.3671747 0.9025440
vn 0.0000000 0.0000000 1.0000000
v -0.1255836 0.3758931 0.9025440
vn 0.0000000 0.0000000 1.0000000
f 2581/2581/2581 2582/2582/2582 2583/2583/2583
v -0.1255836 0.3758931 0.9025440
vn 0.0000000 0.0000000 0.9999999
v -0.1255836 0.4041069 0.9025440
vn 0.0000000 0.0000000 0.9999999
v -0.1524164 0.4128253 0.9025440
vn 0.0000000 0.0000000 0.9999999
f 2584/2584/2584 2585/2585/2585 2586/2586/2586
v -0.1524164 0.4128253 0.9025440
vn 0.0000000 -0.0000000 1.0000000
v -0.1690000 0.3900000 0.9025440
vn 0.0000000 -0.0000000 1.0000000
v -0.1524164 0.3671747 0.9025440
vn 0.0000000 -0.0000000 1.0000000
f 2587/2587/2587 2588/2588/2588 2589/2589/2589
v -0.1524164 0.4128253 0.9025440
vn 0.0000000 -0.0000000 1.0000000
v -0.1524164 0.3671747 0.9025440
vn 0.0000000 -0.0000000 1.0000000
v -0.1255836 0.3758931 0.9025440
vn 0.0000000 -0.0000000 1.0000000
f 2590/2590/2590 2591/2591/2591 2592/2592/2592
v -0.1230000 0.3900000 0.8585440
vn 0.9457906 0.3073059 0.1050874
v -0.1272016 0.4029313 0.8585440
vn 0.9457906 0.3073059 0.1050874
v -0.1304377 0.4005801 0.8945440
vn 0.9457906 0.3073059 0.1050874
f 2593/2593/2593 2594/2594/2594 2595/2595/2595
v -0.1230000 0.3900000 0.8585440
vn 0.9457909 0.3073046 0.1050879
v -0.1304377 0.4005801 0.8945440
vn 0.9457909 0.3073046 0.1050879
v -0.1270000 0.3900000 0.8945440
vn 0.9457909 0.3073046 0.1050879
f 2596/2596/2596 2597/2597/2597 2598/2598/2598
v -0.1272016 0.4029313 0.8585440
vn 0.5845309 0.8045371 0.1050880
v -0.1382016 0.4109232 0.8585440
vn 0.5845309 0.8045371 0.1050880
v -0.1394377 0.4071190 0.8945440
vn 0.5845309 0.8045371 0.1050880
f 2599/2599/2599 2600/2600/2600 2601/2601/2601
v -0.1272016 0.4029313 0.8585440
vn 0.5845297 0.8045382 0.1050874
v -0.1394377 0.4071190 0.8945440
vn 0.5845297 0.8045382 0.1050874
v -0.1304377 0.4005801 0.8945440
vn 0.5845297 0.8045382 0.1050874
f 2602/2602/2602 2603/2603/2603 2604/2604/2604
v -0.1382016 0.4109232 0.8585440
vn -0.0000000 0.9944630 0.1050881
v -0.1517984 0.4109232 0.8585440
vn -0.0000000 0.9944630 0.1050881
v -0.1505623 0.4071190 0.8945440
vn -0.0000000 0.9944630 0.1050881
f 2605/2605/2605 2606/2606/2606 2607/2607/2607
v -0.1382016 0.4109232 0.8585440
vn 0.0000000 0.9944629 0.1050881
v -0.1505623 0.4071190 0.8945440
vn 0.0000000 0.9944629 0.1050881
v -0.1394377 0.4071190 0.8945440
vn 0.0000000 0.9944629 0.1050881
f 2608/2608/2608 2609/2609/2609 2610/2610/2610
v -0.1517984 0.4109232 0.8585440
vn -0.5845305 0.8045375 0.1050877
v -0.1627984 0.4029313 0.8585440
vn -0.5845305 0.8045375 0.1050877
v -0.1595623 0.4005801 0.8945440
vn -0.5845305 0.8045375 0.1050877
f 2611/2611/2611 2612/2612/2612 2613/2613/2613
v -0.1517984 0.4109232 0.8585440
vn -0.5845296 0.8045381 0.1050880
v -0.1595623 0.4005801 0.8945440
vn -0.5845296 0.8045381 0.1050880
v -0.1505623 0.4071190 0.8945440
vn -0.5845296 0.8045381 0.1050880
f 2614/2614/2614 2615/2615/2615 2616/2616/2616
v -0.1627984 0.4029313 0.8585440
vn -0.9457907 0.3073053 0.1050876
v -0.1670000 0.3900000 0.8585440
vn -0.9457907 0.3073053 0.1050876
v -0.1630000 0.3900000 0.8945440
vn -0.9457907 0.3073053 0.1050876
f 2617/2617/2617 2618/2618/2618 2619/2619/2619
v -0.1627984 0.4029313 0.8585440
vn -0.9457905 0.3073058 0.1050878
v -0.1630000 0.3900000 0.8945440
vn -0.9457905 0.3073058 0.1050878
v -0.1595623 0.4005801 0.8945440
vn -0.9457905 0.3073058 0.1050878
f 2620/2620/2620 2621/2621/2621 2622/2622/2622
v -0.1670000 0.3900000 0.8585440
vn -0.9457905 -0.3073060 0.1050878
v -0.1627984 0.3770687 0.8585440
vn -0.9457905 -0.3073060 0.1050878
v -0.1595623 0.3794199 0.8945440
vn -0.9457905 -0.3073060 0.1050878
f 2623/2623/2623 2624/2624/2624 2625/2625/2625
v -0.1670000 0.3900000 0.8585440
vn -0.9457902 -0.3073066 0.1050876
v -0.1595623 0.3794199 0.8945440
vn -0.9457902 -0.3073066 0.1050876
v -0.1630000 0.3900000 0.8945440
vn -0.9457902 -0.3073066 0.1050876
f 2626/2626/2626 2627/2627/2627 2628/2628/2628
v -0.1627984 0.3770687 0.8585440
vn -0.5845305 -0.8045375 0.1050880
v -0.1517984 0.3690768 0.8585440
vn -0.5845305 -0.8045375 0.1050880
v -0.1505623 0.3728810 0.8945440
vn -0.5845305 -0.8045375 0.1050880
f 2629/2629/2629 2630/2630/2630 2631/2631/2631
v -0.1627984 0.3770687 0.8585440
vn -0.5845296 -0.8045381 0.1050877
v -0.1505623 0.3728810 0.8945440
vn -0.5845296 -0.8045381 0.1050877
v -0.1595623 0.3794199 0.8945440
vn -0.5845296 -0.8045381 0.1050877
f 2632/2632/2632 2633/2633/2633 2634/2634/2634
v -0.1517984 0.3690768 0.8585440
vn 0.0000000 -0.9944630 0.1050881
v -0.1382016 0.3690768 0.8585440
vn 0.0000000 -0.9944630 0.1050881
v -0.1394377 0.3728810 0.8945440
vn 0.0000000 -0.9944630 0.1050881
f 2635/2635/2635 2636/2636/2636 2637/2637/2637
v -0.1517984 0.3690768 0.8585440
vn 0.0000000 -0.9944629 0.1050881
v -0.1394377 0.3728810 0.8945440
vn 0.0000000 -0.9944629 0.1050881
v -0.1505623 0.3728810 0.8945440
vn 0.0000000 -0.9944629 0.1050881
f 2638/2638/2638 2639/2639/2639 2640/2640/2640
v -0.1382016 0.3690768 0.8585440
vn 0.5845310 -0.8045372 0.1050875
v -0.1272016 0.3770687 0.8585440
vn 0.5845310 -0.8045372 0.1050875
v -0.1304377 0.3794199 0.8945440
vn 0.5845310 -0.8045372 0.1050875
f 2641/2641/2641 2642/2642/2642 2643/2643/2643
v -0.1382016 0.3690768 0.8585440
vn 0.5845296 -0.8045381 0.1050880
v -0.1304377 0.3794199 0.8945440
vn 0.5845296 -0.8045381 0.1050880
v -0.1394377 0.3728810 0.8945440
vn 0.5845296 -0.8045381 0.1050880
f 2644/2644/2644 2645/2645/2645 2646/2646/2646
v -0.1272016 0.3770687 0.8585440
vn 0.9457903 -0.3073065 0.1050878
v -0.1230000 0.3900000 0.8585440
vn 0.9457903 -0.3073065 0.1050878
v -0.1270000 0.3900000 0.8945440
vn 0.9457903 -0.3073065 0.1050878
f 2647/2647/2647 2648/2648/2648 2649/2649/2649
v -0.1272016 0.3770687 0.8585440
vn 0.9457907 -0.3073054 0.1050874
v -0.1270000 0.3900000 0.8945440
vn 0.9457907 -0.3073054 0.1050874
v -0.1304377 0.3794199 0.8945440
vn 0.9457907 -0.3073054 0.1050874
f 2650/2650/2650 2651/2651/2651 2652/2652/2652
v -0.1270000 0.3900000 0.8945440
vn 0.7742712 0.2515747 -0.5807015
v -0.1304377 0.4005801 0.8945440
vn 0.7742712 0.2515747 -0.5807015
v -0.1255836 0.4041069 0.9025440
vn 0.7742712 0.2515747 -0.5807015
f 2653/2653/2653 2654/2654/2654 2655/2655/2655
v -0.1270000 0.3900000 0.8945440
vn 0.7742706 0.2515752 -0.5807022
v -0.1255836 0.4041069 0.9025440
vn 0.7742706 0.2515752 -0.5807022
v -0.1210000 0.3900000 0.9025440
vn 0.7742706 0.2515752 -0.5807022
f 2656/2656/2656 2657/2657/2657 2658/2658/2658
v -0.1304377 0.4005801 0.8945440
vn 0.4785248 0.6586346 -0.5807016
v -0.1394377 0.4071190 0.8945440
vn 0.4785248 0.6586346 -0.5807016
v -0.1375836 0.4128253 0.9025440
vn 0.4785248 0.6586346 -0.5807016
f 2659/2659/2659 2660/2660/2660 2661/2661/2661
v -0.1304377 0.4005801 0.8945440
vn 0.4785246 0.6586347 -0.5807018
v -0.1375836 0.4128253 0.9025440
vn 0.4785246 0.6586347 -0.5807018
v -0.1255836 0.4041069 0.9025440
vn 0.4785246 0.6586347 -0.5807018
f 2662/2662/2662 2663/2663/2663 2664/2664/2664
v -0.1394377 0.4071190 0.8945440
vn 0.0000000 0.8141162 -0.5807019
v -0.1505623 0.4071190 0.8945440
vn 0.0000000 0.8141162 -0.5807019
v -0.1524164 0.4128253 0.9025440
vn 0.0000000 0.8141162 -0.5807019
f 2665/2665/2665 2666/2666/2666 2667/2667/2667
v -0.1394377 0.4071190 0.8945440
vn 0.0000000 0.8141164 -0.5807019
v -0.1524164 0.4128253 0.9025440
vn 0.0000000 0.8141164 -0.5807019
v -0.1375836 0.4128253 0.9025440
vn 0.0000000 0.8141164 -0.5807019
f 2668/2668/2668 2669/2669/2669 2670/2670/2670
v -0.1505623 0.4071190 0.8945440
vn -0.4785247 0.6586345 -0.5807018
v -0.1595623 0.4005801 0.8945440
vn -0.4785247 0.6586345 -0.5807018
v -0.1644164 0.4041069 0.9025440
vn -0.4785247 0.6586345 -0.5807018
f 2671/2671/2671 2672/2672/2672 2673/2673/2673
v -0.1505623 0.4071190 0.8945440
vn -0.4785248 0.6586341 -0.5807022
v -0.1644164 0.4041069 0.9025440
vn -0.4785248 0.6586341 -0.5807022
v -0.1524164 0.4128253 0.9025440
vn -0.4785248 0.6586341 -0.5807022
f 2674/2674/2674 2675/2675/2675 2676/2676/2676
v -0.1595623 0.4005801 0.8945440
vn -0.7742708 0.2515757 -0.5807016
v -0.1630000 0.3900000 0.8945440
vn -0.7742708 0.2515757 -0.5807016
v -0.1690000 0.3900000 0.9025440
vn -0.7742708 0.2515757 -0.5807016
f 2677/2677/2677 2678/2678/2678 2679/2679/2679
v -0.1595623 0.4005801 0.8945440
vn -0.7742708 0.2515757 -0.5807016
v -0.1690000 0.3900000 0.9025440
vn -0.7742708 0.2515757 -0.5807016
v -0.1644164 0.4041069 0.9025440
vn -0.7742708 0.2515757 -0.5807016
f 2680/2680/2680 2681/2681/2681 2682/2682/2682
v -0.1630000 0.3900000 0.8945440
vn -0.7742705 -0.2515763 -0.5807018
v -0.1595623 0.3794199 0.8945440
vn -0.7742705 -0.2515763 -0.5807018
v -0.1644164 0.3758931 0.9025440
vn -0.7742705 -0.2515763 -0.5807018
f 2683/2683/2683 2684/2684/2684 2685/2685/2685
v -0.1630000 0.3900000 0.8945440
vn -0.7742707 -0.2515762 -0.5807016
v -0.1644164 0.3758931 0.9025440
vn -0.7742707 -0.2515762 -0.5807016
v -0.1690000 0.3900000 0.9025440
vn -0.7742707 -0.2515762 -0.5807016
f 2686/2686/2686 2687/2687/2687 2688/2688/2688
v -0.1595623 0.3794199 0.8945440
vn -0.4785246 -0.6586343 -0.5807022
v -0.1505623 0.3728810 0.8945440
vn -0.4785246 -0.6586343 -0.5807022
v -0.1524164 0.3671747 0.9025440
vn -0.4785246 -0.6586343 -0.5807022
f 2689/2689/2689 2690/2690/2690 2691/2691/2691
v -0.1595623 0.3794199 0.8945440
vn -0.4785250 -0.6586343 -0.5807018
v -0.1524164 0.3671747 0.9025440
vn -0.4785250 -0.6586343 -0.5807018
v -0.1644164 0.3758931 0.9025440
vn -0.4785250 -0.6586343 -0.5807018
f 2692/2692/2692 2693/2693/2693 2694/2694/2694
v -0.1505623 0.3728810 0.8945440
vn -0.0000000 -0.8141162 -0.5807019
v -0.1394377 0.3728810 0.8945440
vn -0.0000000 -0.8141162 -0.5807019
v -0.1375836 0.3671747 0.9025440
vn -0.0000000 -0.8141162 -0.5807019
f 2695/2695/2695 2696/2696/2696 2697/2697/2697
v -0.1505623 0.3728810 0.8945440
vn 0.0000000 -0.8141164 -0.5807019
v -0.1375836 0.3671747 0.9025440
vn 0.0000000 -0.8141164 -0.5807019
v -0.1524164 0.3671747 0.9025440
vn 0.0000000 -0.8141164 -0.5807019
f 2698/2698/2698 2699/2699/2699 2700/2700/2700
v -0.1394377 0.3728810 0.8945440
vn 0.4785247 -0.6586345 -0.5807018
v -0.1304377 0.3794199 0.8945440
vn 0.4785247 -0.6586345 -0.5807018
v -0.1255836 0.3758931 0.9025440
vn 0.4785247 -0.6586345 -0.5807018
f 2701/2701/2701 2702/2702/2702 2703/2703/2703
v -0.1394377 0.3728810 0.8945440
vn 0.4785247 -0.6586348 -0.5807017
v -0.1255836 0.3758931 0.9025440
vn 0.4785247 -0.6586348 -0.5807017
v -0.1375836 0.3671747 0.9025440
vn 0.4785247 -0.6586348 -0.5807017
f 2704/2704/2704 2705/2705/2705 2706/2706/2706
v -0.1304377 0.3794199 0.8945440
vn 0.7742705 -0.2515752 -0.5807022
v -0.1270000 0.3900000 0.8945440
vn 0.7742705 -0.2515752 -0.5807022
v -0.1210000 0.3900000 0.9025440
vn 0.7742705 -0.2515752 -0.5807022
f 2707/2707/2707 2708/2708/2708 2709/2709/2709
v -0.1304377 0.3794199 0.8945440
vn 0.7742708 -0.2515758 -0.5807017
v -0.1210000 0.3900000 0.9025440
vn 0.7742708 -0.2515758 -0.5807017
v -0.1255836 0.3758931 0.9025440
vn 0.7742708 -0.2515758 -0.5807017
f 2710/2710/2710 2711/2711/2711 2712/2712/2712
o pz_sink_white_standing_|_EDITABLE_curved_tap_lever_-0.145_|_export_mesh
usemtl UV_Base
v -0.1100000 0.3980000 0.9025440
vn 0.9805807 0.0000000 -0.1961157
v -0.1113587 0.3860000 0.8957503
vn 0.9805807 0.0000000 -0.1961157
v -0.1113587 0.3940000 0.8957503
vn 0.9805807 0.0000000 -0.1961157
f 2713/2713/2713 2714/2714/2714 2715/2715/2715
v -0.1100000 0.3980000 0.9025440
vn 0.9805807 0.0000000 -0.1961157
v -0.1100000 0.3820000 0.9025440
vn 0.9805807 0.0000000 -0.1961157
v -0.1113587 0.3860000 0.8957503
vn 0.9805807 0.0000000 -0.1961157
f 2716/2716/2716 2717/2717/2717 2718/2718/2718
v -0.1086413 0.3940000 0.9093377
vn 0.9805807 0.0000000 -0.1961157
v -0.1100000 0.3820000 0.9025440
vn 0.9805807 0.0000000 -0.1961157
v -0.1100000 0.3980000 0.9025440
vn 0.9805807 0.0000000 -0.1961157
f 2719/2719/2719 2720/2720/2720 2721/2721/2721
v -0.1086413 0.3940000 0.9093377
vn 0.9805807 0.0000000 -0.1961157
v -0.1086413 0.3860000 0.9093377
vn 0.9805807 0.0000000 -0.1961157
v -0.1100000 0.3820000 0.9025440
vn 0.9805807 0.0000000 -0.1961157
f 2722/2722/2722 2723/2723/2723 2724/2724/2724
v -0.1800000 0.3820000 0.9025440
vn -0.9805807 0.0000000 -0.1961157
v -0.1786413 0.3940000 0.8957503
vn -0.9805807 0.0000000 -0.1961157
v -0.1786413 0.3860000 0.8957503
vn -0.9805807 0.0000000 -0.1961157
f 2725/2725/2725 2726/2726/2726 2727/2727/2727
v -0.1800000 0.3820000 0.9025440
vn -0.9805807 -0.0000000 -0.1961157
v -0.1800000 0.3980000 0.9025440
vn -0.9805807 -0.0000000 -0.1961157
v -0.1786413 0.3940000 0.8957503
vn -0.9805807 -0.0000000 -0.1961157
f 2728/2728/2728 2729/2729/2729 2730/2730/2730
v -0.1813587 0.3860000 0.9093377
vn -0.9805807 0.0000000 -0.1961157
v -0.1800000 0.3980000 0.9025440
vn -0.9805807 0.0000000 -0.1961157
v -0.1800000 0.3820000 0.9025440
vn -0.9805807 0.0000000 -0.1961157
f 2731/2731/2731 2732/2732/2732 2733/2733/2733
v -0.1813587 0.3860000 0.9093377
vn -0.9805807 -0.0000000 -0.1961157
v -0.1813587 0.3940000 0.9093377
vn -0.9805807 -0.0000000 -0.1961157
v -0.1800000 0.3980000 0.9025440
vn -0.9805807 -0.0000000 -0.1961157
f 2734/2734/2734 2735/2735/2735 2736/2736/2736
v -0.1813587 0.3940000 0.9093377
vn -0.1147649 0.8659790 0.4867334
v -0.1741800 0.3940000 0.9110304
vn -0.1147649 0.8659790 0.4867334
v -0.1724506 0.3980000 0.9043214
vn -0.1147649 0.8659790 0.4867334
f 2737/2737/2737 2738/2738/2738 2739/2739/2739
v -0.1813587 0.3940000 0.9093377
vn -0.1146379 0.8659030 0.4868984
v -0.1724506 0.3980000 0.9043214
vn -0.1146379 0.8659030 0.4868984
v -0.1800000 0.3980000 0.9025440
vn -0.1146379 0.8659030 0.4868984
f 2740/2740/2740 2741/2741/2741 2742/2742/2742
v -0.1813587 0.3860000 0.9093377
vn -0.2294929 0.0000000 0.9733103
v -0.1741800 0.3860000 0.9110304
vn -0.2294929 0.0000000 0.9733103
v -0.1741800 0.3940000 0.9110304
vn -0.2294929 0.0000000 0.9733103
f 2743/2743/2743 2744/2744/2744 2745/2745/2745
v -0.1813587 0.3860000 0.9093377
vn -0.2294929 0.0000000 0.9733103
v -0.1741800 0.3940000 0.9110304
vn -0.2294929 0.0000000 0.9733103
v -0.1813587 0.3940000 0.9093377
vn -0.2294929 0.0000000 0.9733103
f 2746/2746/2746 2747/2747/2747 2748/2748/2748
v -0.1800000 0.3820000 0.9025440
vn -0.1146083 -0.8659775 0.4867729
v -0.1724506 0.3820000 0.9043214
vn -0.1146083 -0.8659775 0.4867729
v -0.1741800 0.3860000 0.9110304
vn -0.1146083 -0.8659775 0.4867729
f 2749/2749/2749 2750/2750/2750 2751/2751/2751
v -0.1800000 0.3820000 0.9025440
vn -0.1147960 -0.8659008 0.4868654
v -0.1741800 0.3860000 0.9110304
vn -0.1147960 -0.8659008 0.4868654
v -0.1813587 0.3860000 0.9093377
vn -0.1147960 -0.8659008 0.4868654
f 2752/2752/2752 2753/2753/2753 2754/2754/2754
v -0.1786413 0.3860000 0.8957503
vn 0.1144602 -0.8659762 -0.4868103
v -0.1707213 0.3860000 0.8976125
vn 0.1144602 -0.8659762 -0.4868103
v -0.1724506 0.3820000 0.9043214
vn 0.1144602 -0.8659762 -0.4868103
f 2755/2755/2755 2756/2756/2756 2757/2757/2757
v -0.1786413 0.3860000 0.8957503
vn 0.1146313 -0.8659031 -0.4868998
v -0.1724506 0.3820000 0.9043214
vn 0.1146313 -0.8659031 -0.4868998
v -0.1800000 0.3820000 0.9025440
vn 0.1146313 -0.8659031 -0.4868998
f 2758/2758/2758 2759/2759/2759 2760/2760/2760
v -0.1786413 0.3940000 0.8957503
vn 0.2288813 0.0000000 -0.9734544
v -0.1707213 0.3940000 0.8976125
vn 0.2288813 0.0000000 -0.9734544
v -0.1707213 0.3860000 0.8976125
vn 0.2288813 0.0000000 -0.9734544
f 2761/2761/2761 2762/2762/2762 2763/2763/2763
v -0.1786413 0.3940000 0.8957503
vn 0.2288813 0.0000000 -0.9734544
v -0.1707213 0.3860000 0.8976125
vn 0.2288813 0.0000000 -0.9734544
v -0.1786413 0.3860000 0.8957503
vn 0.2288813 0.0000000 -0.9734544
f 2764/2764/2764 2765/2765/2765 2766/2766/2766
v -0.1800000 0.3980000 0.9025440
vn 0.1146019 0.8659775 -0.4867745
v -0.1724506 0.3980000 0.9043214
vn 0.1146019 0.8659775 -0.4867745
v -0.1707213 0.3940000 0.8976125
vn 0.1146019 0.8659775 -0.4867745
f 2767/2767/2767 2768/2768/2768 2769/2769/2769
v -0.1800000 0.3980000 0.9025440
vn 0.1144883 0.8659052 -0.4869297
v -0.1707213 0.3940000 0.8976125
vn 0.1144883 0.8659052 -0.4869297
v -0.1786413 0.3940000 0.8957503
vn 0.1144883 0.8659052 -0.4869297
f 2770/2770/2770 2771/2771/2771 2772/2772/2772
v -0.1741800 0.3940000 0.9110304
vn -0.1350619 0.8660175 0.4814270
v -0.1676060 0.3940000 0.9128746
vn -0.1350619 0.8660175 0.4814270
v -0.1657903 0.3980000 0.9061886
vn -0.1350619 0.8660175 0.4814270
f 2773/2773/2773 2774/2774/2774 2775/2775/2775
v -0.1741800 0.3940000 0.9110304
vn -0.1349896 0.8659775 0.4815193
v -0.1657903 0.3980000 0.9061886
vn -0.1349896 0.8659775 0.4815193
v -0.1724506 0.3980000 0.9043214
vn -0.1349896 0.8659775 0.4815193
f 2776/2776/2776 2777/2777/2777 2778/2778/2778
v -0.1741800 0.3860000 0.9110304
vn -0.2701164 0.0000000 0.9628276
v -0.1676060 0.3860000 0.9128746
vn -0.2701164 0.0000000 0.9628276
v -0.1676060 0.3940000 0.9128746
vn -0.2701164 0.0000000 0.9628276
f 2779/2779/2779 2780/2780/2780 2781/2781/2781
v -0.1741800 0.3860000 0.9110304
vn -0.2701164 0.0000000 0.9628276
v -0.1676060 0.3940000 0.9128746
vn -0.2701164 0.0000000 0.9628276
v -0.1741800 0.3940000 0.9110304
vn -0.2701164 0.0000000 0.9628276
f 2782/2782/2782 2783/2783/2783 2784/2784/2784
v -0.1724506 0.3820000 0.9043214
vn -0.1349707 -0.8660179 0.4814520
v -0.1657903 0.3820000 0.9061886
vn -0.1349707 -0.8660179 0.4814520
v -0.1676060 0.3860000 0.9128746
vn -0.1349707 -0.8660179 0.4814520
f 2785/2785/2785 2786/2786/2786 2787/2787/2787
v -0.1724506 0.3820000 0.9043214
vn -0.1350810 -0.8659767 0.4814952
v -0.1676060 0.3860000 0.9128746
vn -0.1350810 -0.8659767 0.4814952
v -0.1741800 0.3860000 0.9110304
vn -0.1350810 -0.8659767 0.4814952
f 2788/2788/2788 2789/2789/2789 2790/2790/2790
v -0.1707213 0.3860000 0.8976125
vn 0.1348819 -0.8660182 -0.4814763
v -0.1639745 0.3860000 0.8995026
vn 0.1348819 -0.8660182 -0.4814763
v -0.1657903 0.3820000 0.9061886
vn 0.1348819 -0.8660182 -0.4814763
f 2791/2791/2791 2792/2792/2792 2793/2793/2793
v -0.1707213 0.3860000 0.8976125
vn 0.1349896 -0.8659775 -0.4815193
v -0.1657903 0.3820000 0.9061886
vn 0.1349896 -0.8659775 -0.4815193
v -0.1724506 0.3820000 0.9043214
vn 0.1349896 -0.8659775 -0.4815193
f 2794/2794/2794 2795/2795/2795 2796/2796/2796
v -0.1707213 0.3940000 0.8976125
vn 0.2697569 0.0000000 -0.9629285
v -0.1639745 0.3940000 0.8995026
vn 0.2697569 0.0000000 -0.9629285
v -0.1639745 0.3860000 0.8995026
vn 0.2697569 0.0000000 -0.9629285
f 2797/2797/2797 2798/2798/2798 2799/2799/2799
v -0.1707213 0.3940000 0.8976125
vn 0.2697569 0.0000000 -0.9629285
v -0.1639745 0.3860000 0.8995026
vn 0.2697569 0.0000000 -0.9629285
v -0.1707213 0.3860000 0.8976125
vn 0.2697569 0.0000000 -0.9629285
f 2800/2800/2800 2801/2801/2801 2802/2802/2802
v -0.1724506 0.3980000 0.9043214
vn 0.1349707 0.8660179 -0.4814520
v -0.1657903 0.3980000 0.9061886
vn 0.1349707 0.8660179 -0.4814520
v -0.1639745 0.3940000 0.8995026
vn 0.1349707 0.8660179 -0.4814520
f 2803/2803/2803 2804/2804/2804 2805/2805/2805
v -0.1724506 0.3980000 0.9043214
vn 0.1349005 0.8659784 -0.4815427
v -0.1639745 0.3940000 0.8995026
vn 0.1349005 0.8659784 -0.4815427
v -0.1707213 0.3940000 0.8976125
vn 0.1349005 0.8659784 -0.4815427
f 2806/2806/2806 2807/2807/2807 2808/2808/2808
v -0.1676060 0.3940000 0.9128746
vn -0.1268200 0.8658638 0.4839386
v -0.1609004 0.3940000 0.9146319
vn -0.1268200 0.8658638 0.4839386
v -0.1594046 0.3980000 0.9078671
vn -0.1268200 0.8658638 0.4839386
f 2809/2809/2809 2810/2810/2810 2811/2811/2811
v -0.1676060 0.3940000 0.9128746
vn -0.1271100 0.8660179 0.4835868
v -0.1594046 0.3980000 0.9078671
vn -0.1271100 0.8660179 0.4835868
v -0.1657903 0.3980000 0.9061886
vn -0.1271100 0.8660179 0.4835868
f 2812/2812/2812 2813/2813/2813 2814/2814/2814
v -0.1676060 0.3860000 0.9128746
vn -0.2534977 -0.0000005 0.9673361
v -0.1609004 0.3860000 0.9146319
vn -0.2534977 -0.0000005 0.9673361
v -0.1609004 0.3940000 0.9146319
vn -0.2534977 -0.0000005 0.9673361
f 2815/2815/2815 2816/2816/2816 2817/2817/2817
v -0.1676060 0.3860000 0.9128746
vn -0.2534983 0.0000000 0.9673359
v -0.1609004 0.3940000 0.9146319
vn -0.2534983 0.0000000 0.9673359
v -0.1676060 0.3940000 0.9128746
vn -0.2534983 0.0000000 0.9673359
f 2818/2818/2818 2819/2819/2819 2820/2820/2820
v -0.1657903 0.3820000 0.9061886
vn -0.1271806 -0.8658574 0.4838553
v -0.1594046 0.3820000 0.9078671
vn -0.1271806 -0.8658574 0.4838553
v -0.1609004 0.3860000 0.9146319
vn -0.1271806 -0.8658574 0.4838553
f 2821/2821/2821 2822/2822/2822 2823/2823/2823
v -0.1657903 0.3820000 0.9061886
vn -0.1267528 -0.8660165 0.4836830
v -0.1609004 0.3860000 0.9146319
vn -0.1267528 -0.8660165 0.4836830
v -0.1676060 0.3860000 0.9128746
vn -0.1267528 -0.8660165 0.4836830
f 2824/2824/2824 2825/2825/2825 2826/2826/2826
v -0.1639745 0.3860000 0.8995026
vn 0.1275789 -0.8658505 -0.4837629
v -0.1579088 0.3860000 0.9011022
vn 0.1275789 -0.8658505 -0.4837629
v -0.1594046 0.3820000 0.9078671
vn 0.1275789 -0.8658505 -0.4837629
f 2827/2827/2827 2828/2828/2828 2829/2829/2829
v -0.1639745 0.3860000 0.8995026
vn 0.1271100 -0.8660179 -0.4835868
v -0.1594046 0.3820000 0.9078671
vn 0.1271100 -0.8660179 -0.4835868
v -0.1657903 0.3820000 0.9061886
vn 0.1271100 -0.8660179 -0.4835868
f 2830/2830/2830 2831/2831/2831 2832/2832/2832
v -0.1639745 0.3940000 0.8995026
vn 0.2550040 0.0000005 -0.9669399
v -0.1579088 0.3940000 0.9011022
vn 0.2550040 0.0000005 -0.9669399
v -0.1579088 0.3860000 0.9011022
vn 0.2550040 0.0000005 -0.9669399
f 2833/2833/2833 2834/2834/2834 2835/2835/2835
v -0.1639745 0.3940000 0.8995026
vn 0.2550034 0.0000000 -0.9669402
v -0.1579088 0.3860000 0.9011022
vn 0.2550034 0.0000000 -0.9669402
v -0.1639745 0.3860000 0.8995026
vn 0.2550034 0.0000000 -0.9669402
f 2836/2836/2836 2837/2837/2837 2838/2838/2838
v -0.1657903 0.3980000 0.9061886
vn 0.1271806 0.8658574 -0.4838553
v -0.1594046 0.3980000 0.9078671
vn 0.1271806 0.8658574 -0.4838553
v -0.1579088 0.3940000 0.9011022
vn 0.1271806 0.8658574 -0.4838553
f 2839/2839/2839 2840/2840/2840 2841/2841/2841
v -0.1657903 0.3980000 0.9061886
vn 0.1275047 0.8660192 -0.4834803
v -0.1579088 0.3940000 0.9011022
vn 0.1275047 0.8660192 -0.4834803
v -0.1639745 0.3940000 0.8995026
vn 0.1275047 0.8660192 -0.4834803
f 2842/2842/2842 2843/2843/2843 2844/2844/2844
v -0.1609004 0.3940000 0.9146319
vn -0.0883059 0.8656631 0.4927771
v -0.1535044 0.3940000 0.9159573
vn -0.0883059 0.8656631 0.4927771
v -0.1526793 0.3980000 0.9090784
vn -0.0883059 0.8656631 0.4927771
f 2845/2845/2845 2846/2846/2846 2847/2847/2847
v -0.1609004 0.3940000 0.9146319
vn -0.0886760 0.8658575 0.4923692
v -0.1526793 0.3980000 0.9090784
vn -0.0886760 0.8658575 0.4923692
v -0.1594046 0.3980000 0.9078671
vn -0.0886760 0.8658575 0.4923692
f 2848/2848/2848 2849/2849/2849 2850/2850/2850
v -0.1609004 0.3860000 0.9146319
vn -0.1763910 0.0000000 0.9843202
v -0.1535044 0.3860000 0.9159573
vn -0.1763910 0.0000000 0.9843202
v -0.1535044 0.3940000 0.9159573
vn -0.1763910 0.0000000 0.9843202
f 2851/2851/2851 2852/2852/2852 2853/2853/2853
v -0.1609004 0.3860000 0.9146319
vn -0.1763906 -0.0000003 0.9843202
v -0.1535044 0.3940000 0.9159573
vn -0.1763906 -0.0000003 0.9843202
v -0.1609004 0.3940000 0.9146319
vn -0.1763906 -0.0000003 0.9843202
f 2854/2854/2854 2855/2855/2855 2856/2856/2856
v -0.1594046 0.3820000 0.9078671
vn -0.0887390 -0.8656521 0.4927188
v -0.1526793 0.3820000 0.9090784
vn -0.0887390 -0.8656521 0.4927188
v -0.1535044 0.3860000 0.9159573
vn -0.0887390 -0.8656521 0.4927188
f 2857/2857/2857 2858/2858/2858 2859/2859/2859
v -0.1594046 0.3820000 0.9078671
vn -0.0882491 -0.8658499 0.4924593
v -0.1535044 0.3860000 0.9159573
vn -0.0882491 -0.8658499 0.4924593
v -0.1609004 0.3860000 0.9146319
vn -0.0882491 -0.8658499 0.4924593
f 2860/2860/2860 2861/2861/2861 2862/2862/2862
v -0.1579088 0.3860000 0.9011022
vn 0.0892762 -0.8656382 -0.4926462
v -0.1518541 0.3860000 0.9021994
vn 0.0892762 -0.8656382 -0.4926462
v -0.1526793 0.3820000 0.9090784
vn 0.0892762 -0.8656382 -0.4926462
f 2863/2863/2863 2864/2864/2864 2865/2865/2865
v -0.1579088 0.3860000 0.9011022
vn 0.0886834 -0.8658575 -0.4923676
v -0.1526793 0.3820000 0.9090784
vn 0.0886834 -0.8658575 -0.4923676
v -0.1594046 0.3820000 0.9078671
vn 0.0886834 -0.8658575 -0.4923676
f 2866/2866/2866 2867/2867/2867 2868/2868/2868
v -0.1579088 0.3940000 0.9011022
vn 0.1783130 0.0000000 -0.9839738
v -0.1518541 0.3940000 0.9021994
vn 0.1783130 0.0000000 -0.9839738
v -0.1518541 0.3860000 0.9021994
vn 0.1783130 0.0000000 -0.9839738
f 2869/2869/2869 2870/2870/2870 2871/2871/2871
v -0.1579088 0.3940000 0.9011022
vn 0.1783134 0.0000003 -0.9839737
v -0.1518541 0.3860000 0.9021994
vn 0.1783134 0.0000003 -0.9839737
v -0.1579088 0.3860000 0.9011022
vn 0.1783134 0.0000003 -0.9839737
f 2872/2872/2872 2873/2873/2873 2874/2874/2874
v -0.1594046 0.3980000 0.9078671
vn 0.0887465 0.8656520 -0.4927178
v -0.1526793 0.3980000 0.9090784
vn 0.0887465 0.8656520 -0.4927178
v -0.1518541 0.3940000 0.9021994
vn 0.0887465 0.8656520 -0.4927178
f 2875/2875/2875 2876/2876/2876 2877/2877/2877
v -0.1594046 0.3980000 0.9078671
vn 0.0892056 0.8658665 -0.4922576
v -0.1518541 0.3940000 0.9021994
vn 0.0892056 0.8658665 -0.4922576
v -0.1579088 0.3940000 0.9011022
vn 0.0892056 0.8658665 -0.4922576
f 2878/2878/2878 2879/2879/2879 2880/2880/2880
v -0.1535044 0.3940000 0.9159573
vn -0.0302602 0.8656285 0.4997717
v -0.1450000 0.3940000 0.9164722
vn -0.0302602 0.8656285 0.4997717
v -0.1450000 0.3980000 0.9095440
vn -0.0302602 0.8656285 0.4997717
f 2881/2881/2881 2882/2882/2882 2883/2883/2883
v -0.1535044 0.3940000 0.9159573
vn -0.0303043 0.8656521 0.4997279
v -0.1450000 0.3980000 0.9095440
vn -0.0303043 0.8656521 0.4997279
v -0.1526793 0.3980000 0.9090784
vn -0.0303043 0.8656521 0.4997279
f 2884/2884/2884 2885/2885/2885 2886/2886/2886
v -0.1535044 0.3860000 0.9159573
vn -0.0604374 0.0000000 0.9981720
v -0.1450000 0.3860000 0.9164722
vn -0.0604374 0.0000000 0.9981720
v -0.1450000 0.3940000 0.9164722
vn -0.0604374 0.0000000 0.9981720
f 2887/2887/2887 2888/2888/2888 2889/2889/2889
v -0.1535044 0.3860000 0.9159573
vn -0.0604374 0.0000000 0.9981720
v -0.1450000 0.3940000 0.9164722
vn -0.0604374 0.0000000 0.9981720
v -0.1535044 0.3940000 0.9159573
vn -0.0604374 0.0000000 0.9981720
f 2890/2890/2890 2891/2891/2891 2892/2892/2892
v -0.1526793 0.3820000 0.9090784
vn -0.0303069 -0.8656272 0.4997709
v -0.1450000 0.3820000 0.9095440
vn -0.0303069 -0.8656272 0.4997709
v -0.1450000 0.3860000 0.9164722
vn -0.0303069 -0.8656272 0.4997709
f 2893/2893/2893 2894/2894/2894 2895/2895/2895
v -0.1526793 0.3820000 0.9090784
vn -0.0302579 -0.8656510 0.4997329
v -0.1450000 0.3860000 0.9164722
vn -0.0302579 -0.8656510 0.4997329
v -0.1535044 0.3860000 0.9159573
vn -0.0302579 -0.8656510 0.4997329
f 2896/2896/2896 2897/2897/2897 2898/2898/2898
v -0.1518541 0.3860000 0.9021994
vn 0.0303573 -0.8656259 -0.4997702
v -0.1450000 0.3860000 0.9026158
vn 0.0303573 -0.8656259 -0.4997702
v -0.1450000 0.3820000 0.9095440
vn 0.0303573 -0.8656259 -0.4997702
f 2899/2899/2899 2900/2900/2900 2901/2901/2901
v -0.1518541 0.3860000 0.9021994
vn 0.0302976 -0.8656520 -0.4997287
v -0.1450000 0.3820000 0.9095440
vn 0.0302976 -0.8656520 -0.4997287
v -0.1526793 0.3820000 0.9090784
vn 0.0302976 -0.8656520 -0.4997287
f 2902/2902/2902 2903/2903/2903 2904/2904/2904
v -0.1518541 0.3940000 0.9021994
vn 0.0606308 0.0000000 -0.9981603
v -0.1450000 0.3940000 0.9026158
vn 0.0606308 0.0000000 -0.9981603
v -0.1450000 0.3860000 0.9026158
vn 0.0606308 0.0000000 -0.9981603
f 2905/2905/2905 2906/2906/2906 2907/2907/2907
v -0.1518541 0.3940000 0.9021994
vn 0.0606308 0.0000000 -0.9981603
v -0.1450000 0.3860000 0.9026158
vn 0.0606308 0.0000000 -0.9981603
v -0.1518541 0.3860000 0.9021994
vn 0.0606308 0.0000000 -0.9981603
f 2908/2908/2908 2909/2909/2909 2910/2910/2910
v -0.1526793 0.3980000 0.9090784
vn 0.0303002 0.8656274 -0.4997710
v -0.1450000 0.3980000 0.9095440
vn 0.0303002 0.8656274 -0.4997710
v -0.1450000 0.3940000 0.9026158
vn 0.0303002 0.8656274 -0.4997710
f 2911/2911/2911 2912/2912/2912 2913/2913/2913
v -0.1526793 0.3980000 0.9090784
vn 0.0303544 0.8656534 -0.4997227
v -0.1450000 0.3940000 0.9026158
vn 0.0303544 0.8656534 -0.4997227
v -0.1518541 0.3940000 0.9021994
vn 0.0303544 0.8656534 -0.4997227
f 2914/2914/2914 2915/2915/2915 2916/2916/2916
v -0.1450000 0.3940000 0.9164722
vn 0.0302580 0.8656493 0.4997356
v -0.1364956 0.3940000 0.9159573
vn 0.0302580 0.8656493 0.4997356
v -0.1373207 0.3980000 0.9090784
vn 0.0302580 0.8656493 0.4997356
f 2917/2917/2917 2918/2918/2918 2919/2919/2919
v -0.1450000 0.3940000 0.9164722
vn 0.0303036 0.8656273 0.4997710
v -0.1373207 0.3980000 0.9090784
vn 0.0303036 0.8656273 0.4997710
v -0.1450000 0.3980000 0.9095440
vn 0.0303036 0.8656273 0.4997710
f 2920/2920/2920 2921/2921/2921 2922/2922/2922
v -0.1450000 0.3860000 0.9164722
vn 0.0604374 0.0000000 0.9981720
v -0.1364956 0.3860000 0.9159573
vn 0.0604374 0.0000000 0.9981720
v -0.1364956 0.3940000 0.9159573
vn 0.0604374 0.0000000 0.9981720
f 2923/2923/2923 2924/2924/2924 2925/2925/2925
v -0.1450000 0.3860000 0.9164722
vn 0.0604374 0.0000000 0.9981720
v -0.1364956 0.3940000 0.9159573
vn 0.0604374 0.0000000 0.9981720
v -0.1450000 0.3940000 0.9164722
vn 0.0604374 0.0000000 0.9981720
f 2926/2926/2926 2927/2927/2927 2928/2928/2928
v -0.1450000 0.3820000 0.9095440
vn 0.0303011 -0.8656505 0.4997311
v -0.1373207 0.3820000 0.9090784
vn 0.0303011 -0.8656505 0.4997311
v -0.1364956 0.3860000 0.9159573
vn 0.0303011 -0.8656505 0.4997311
f 2929/2929/2929 2930/2930/2930 2931/2931/2931
v -0.1450000 0.3820000 0.9095440
vn 0.0302602 -0.8656285 0.4997717
v -0.1364956 0.3860000 0.9159573
vn 0.0302602 -0.8656285 0.4997717
v -0.1450000 0.3860000 0.9164722
vn 0.0302602 -0.8656285 0.4997717
f 2932/2932/2932 2933/2933/2933 2934/2934/2934
v -0.1450000 0.3860000 0.9026158
vn -0.0303546 -0.8656518 -0.4997255
v -0.1381458 0.3860000 0.9021994
vn -0.0303546 -0.8656518 -0.4997255
v -0.1373207 0.3820000 0.9090784
vn -0.0303546 -0.8656518 -0.4997255
f 2935/2935/2935 2936/2936/2936 2937/2937/2937
v -0.1450000 0.3860000 0.9026158
vn -0.0303036 -0.8656273 -0.4997710
v -0.1373207 0.3820000 0.9090784
vn -0.0303036 -0.8656273 -0.4997710
v -0.1450000 0.3820000 0.9095440
vn -0.0303036 -0.8656273 -0.4997710
f 2938/2938/2938 2939/2939/2939 2940/2940/2940
v -0.1450000 0.3940000 0.9026158
vn -0.0606308 0.0000000 -0.9981603
v -0.1381458 0.3940000 0.9021994
vn -0.0606308 0.0000000 -0.9981603
v -0.1381458 0.3860000 0.9021994
vn -0.0606308 0.0000000 -0.9981603
f 2941/2941/2941 2942/2942/2942 2943/2943/2943
v -0.1450000 0.3940000 0.9026158
vn -0.0606308 0.0000000 -0.9981603
v -0.1381458 0.3860000 0.9021994
vn -0.0606308 0.0000000 -0.9981603
v -0.1450000 0.3860000 0.9026158
vn -0.0606308 0.0000000 -0.9981603
f 2944/2944/2944 2945/2945/2945 2946/2946/2946
v -0.1450000 0.3980000 0.9095440
vn -0.0303011 0.8656505 -0.4997311
v -0.1373207 0.3980000 0.9090784
vn -0.0303011 0.8656505 -0.4997311
v -0.1381458 0.3940000 0.9021994
vn -0.0303011 0.8656505 -0.4997311
f 2947/2947/2947 2948/2948/2948 2949/2949/2949
v -0.1450000 0.3980000 0.9095440
vn -0.0303573 0.8656259 -0.4997702
v -0.1381458 0.3940000 0.9021994
vn -0.0303573 0.8656259 -0.4997702
v -0.1450000 0.3940000 0.9026158
vn -0.0303573 0.8656259 -0.4997702
f 2950/2950/2950 2951/2951/2951 2952/2952/2952
v -0.1364956 0.3940000 0.9159573
vn 0.0882489 0.8658499 0.4924591
v -0.1290996 0.3940000 0.9146319
vn 0.0882489 0.8658499 0.4924591
v -0.1305954 0.3980000 0.9078671
vn 0.0882489 0.8658499 0.4924591
f 2953/2953/2953 2954/2954/2954 2955/2955/2955
v -0.1364956 0.3940000 0.9159573
vn 0.0887432 0.8656505 0.4927210
v -0.1305954 0.3980000 0.9078671
vn 0.0887432 0.8656505 0.4927210
v -0.1373207 0.3980000 0.9090784
vn 0.0887432 0.8656505 0.4927210
f 2956/2956/2956 2957/2957/2957 2958/2958/2958
v -0.1364956 0.3860000 0.9159573
vn 0.1763906 0.0000000 0.9843202
v -0.1290996 0.3860000 0.9146319
vn 0.1763906 0.0000000 0.9843202
v -0.1290996 0.3940000 0.9146319
vn 0.1763906 0.0000000 0.9843202
f 2959/2959/2959 2960/2960/2960 2961/2961/2961
v -0.1364956 0.3860000 0.9159573
vn 0.1763906 0.0000000 0.9843202
v -0.1290996 0.3940000 0.9146319
vn 0.1763906 0.0000000 0.9843202
v -0.1364956 0.3940000 0.9159573
vn 0.1763906 0.0000000 0.9843202
f 2962/2962/2962 2963/2963/2963 2964/2964/2964
v -0.1373207 0.3820000 0.9090784
vn 0.0886797 -0.8658575 0.4923684
v -0.1305954 0.3820000 0.9078671
vn 0.0886797 -0.8658575 0.4923684
v -0.1290996 0.3860000 0.9146319
vn 0.0886797 -0.8658575 0.4923684
f 2965/2965/2965 2966/2966/2966 2967/2967/2967
v -0.1373207 0.3820000 0.9090784
vn 0.0883064 -0.8656615 0.4927799
v -0.1290996 0.3860000 0.9146319
vn 0.0883064 -0.8656615 0.4927799
v -0.1364956 0.3860000 0.9159573
vn 0.0883064 -0.8656615 0.4927799
f 2968/2968/2968 2969/2969/2969 2970/2970/2970
v -0.1381458 0.3860000 0.9021994
vn -0.0892057 -0.8658666 -0.4922574
v -0.1320912 0.3860000 0.9011022
vn -0.0892057 -0.8658666 -0.4922574
v -0.1305954 0.3820000 0.9078671
vn -0.0892057 -0.8658666 -0.4922574
f 2971/2971/2971 2972/2972/2972 2973/2973/2973
v -0.1381458 0.3860000 0.9021994
vn -0.0887432 -0.8656504 -0.4927210
v -0.1305954 0.3820000 0.9078671
vn -0.0887432 -0.8656504 -0.4927210
v -0.1373207 0.3820000 0.9090784
vn -0.0887432 -0.8656504 -0.4927210
f 2974/2974/2974 2975/2975/2975 2976/2976/2976
v -0.1381458 0.3940000 0.9021994
vn -0.1783134 0.0000000 -0.9839737
v -0.1320912 0.3940000 0.9011022
vn -0.1783134 0.0000000 -0.9839737
v -0.1320912 0.3860000 0.9011022
vn -0.1783134 0.0000000 -0.9839737
f 2977/2977/2977 2978/2978/2978 2979/2979/2979
v -0.1381458 0.3940000 0.9021994
vn -0.1783134 0.0000000 -0.9839737
v -0.1320912 0.3860000 0.9011022
vn -0.1783134 0.0000000 -0.9839737
v -0.1381458 0.3860000 0.9021994
vn -0.1783134 0.0000000 -0.9839737
f 2980/2980/2980 2981/2981/2981 2982/2982/2982
v -0.1373207 0.3980000 0.9090784
vn -0.0886797 0.8658575 -0.4923684
v -0.1305954 0.3980000 0.9078671
vn -0.0886797 0.8658575 -0.4923684
v -0.1320912 0.3940000 0.9011022
vn -0.0886797 0.8658575 -0.4923684
f 2983/2983/2983 2984/2984/2984 2985/2985/2985
v -0.1373207 0.3980000 0.9090784
vn -0.0892767 0.8656365 -0.4926489
v -0.1320912 0.3940000 0.9011022
vn -0.0892767 0.8656365 -0.4926489
v -0.1381458 0.3940000 0.9021994
vn -0.0892767 0.8656365 -0.4926489
f 2986/2986/2986 2987/2987/2987 2988/2988/2988
v -0.1290996 0.3940000 0.9146319
vn 0.1267530 0.8660165 0.4836829
v -0.1223940 0.3940000 0.9128746
vn 0.1267530 0.8660165 0.4836829
v -0.1242097 0.3980000 0.9061886
vn 0.1267530 0.8660165 0.4836829
f 2989/2989/2989 2990/2990/2990 2991/2991/2991
v -0.1290996 0.3940000 0.9146319
vn 0.1271806 0.8658576 0.4838552
v -0.1242097 0.3980000 0.9061886
vn 0.1271806 0.8658576 0.4838552
v -0.1305954 0.3980000 0.9078671
vn 0.1271806 0.8658576 0.4838552
f 2992/2992/2992 2993/2993/2993 2994/2994/2994
v -0.1290996 0.3860000 0.9146319
vn 0.2534983 0.0000000 0.9673359
v -0.1223940 0.3860000 0.9128746
vn 0.2534983 0.0000000 0.9673359
v -0.1223940 0.3940000 0.9128746
vn 0.2534983 0.0000000 0.9673359
f 2995/2995/2995 2996/2996/2996 2997/2997/2997
v -0.1290996 0.3860000 0.9146319
vn 0.2534983 0.0000000 0.9673359
v -0.1223940 0.3940000 0.9128746
vn 0.2534983 0.0000000 0.9673359
v -0.1290996 0.3940000 0.9146319
vn 0.2534983 0.0000000 0.9673359
f 2998/2998/2998 2999/2999/2999 3000/3000/3000
v -0.1305954 0.3820000 0.9078671
vn 0.1271100 -0.8660179 0.4835868
v -0.1242097 0.3820000 0.9061886
vn 0.1271100 -0.8660179 0.4835868
v -0.1223940 0.3860000 0.9128746
vn 0.1271100 -0.8660179 0.4835868
f 3001/3001/3001 3002/3002/3002 3003/3003/3003
v -0.1305954 0.3820000 0.9078671
vn 0.1268200 -0.8658638 0.4839386
v -0.1223940 0.3860000 0.9128746
vn 0.1268200 -0.8658638 0.4839386
v -0.1290996 0.3860000 0.9146319
vn 0.1268200 -0.8658638 0.4839386
f 3004/3004/3004 3005/3005/3005 3006/3006/3006
v -0.1320912 0.3860000 0.9011022
vn -0.1275044 -0.8660192 -0.4834805
v -0.1260255 0.3860000 0.8995026
vn -0.1275044 -0.8660192 -0.4834805
v -0.1242097 0.3820000 0.9061886
vn -0.1275044 -0.8660192 -0.4834805
f 3007/3007/3007 3008/3008/3008 3009/3009/3009
v -0.1320912 0.3860000 0.9011022
vn -0.1271806 -0.8658576 -0.4838552
v -0.1242097 0.3820000 0.9061886
vn -0.1271806 -0.8658576 -0.4838552
v -0.1305954 0.3820000 0.9078671
vn -0.1271806 -0.8658576 -0.4838552
f 3010/3010/3010 3011/3011/3011 3012/3012/3012
v -0.1320912 0.3940000 0.9011022
vn -0.2550034 0.0000000 -0.9669402
v -0.1260255 0.3940000 0.8995026
vn -0.2550034 0.0000000 -0.9669402
v -0.1260255 0.3860000 0.8995026
vn -0.2550034 0.0000000 -0.9669402
f 3013/3013/3013 3014/3014/3014 3015/3015/3015
v -0.1320912 0.3940000 0.9011022
vn -0.2550034 0.0000000 -0.9669402
v -0.1260255 0.3860000 0.8995026
vn -0.2550034 0.0000000 -0.9669402
v -0.1320912 0.3860000 0.9011022
vn -0.2550034 0.0000000 -0.9669402
f 3016/3016/3016 3017/3017/3017 3018/3018/3018
v -0.1305954 0.3980000 0.9078671
vn -0.1271100 0.8660179 -0.4835868
v -0.1242097 0.3980000 0.9061886
vn -0.1271100 0.8660179 -0.4835868
v -0.1260255 0.3940000 0.8995026
vn -0.1271100 0.8660179 -0.4835868
f 3019/3019/3019 3020/3020/3020 3021/3021/3021
v -0.1305954 0.3980000 0.9078671
vn -0.1275789 0.8658505 -0.4837629
v -0.1260255 0.3940000 0.8995026
vn -0.1275789 0.8658505 -0.4837629
v -0.1320912 0.3940000 0.9011022
vn -0.1275789 0.8658505 -0.4837629
f 3022/3022/3022 3023/3023/3023 3024/3024/3024
v -0.1223940 0.3940000 0.9128746
vn 0.1350812 0.8659766 0.4814951
v -0.1158200 0.3940000 0.9110304
vn 0.1350812 0.8659766 0.4814951
v -0.1175494 0.3980000 0.9043214
vn 0.1350812 0.8659766 0.4814951
f 3025/3025/3025 3026/3026/3026 3027/3027/3027
v -0.1223940 0.3940000 0.9128746
vn 0.1349708 0.8660179 0.4814519
v -0.1175494 0.3980000 0.9043214
vn 0.1349708 0.8660179 0.4814519
v -0.1242097 0.3980000 0.9061886
vn 0.1349708 0.8660179 0.4814519
f 3028/3028/3028 3029/3029/3029 3030/3030/3030
v -0.1223940 0.3860000 0.9128746
vn 0.2701167 0.0000000 0.9628276
v -0.1158200 0.3860000 0.9110304
vn 0.2701167 0.0000000 0.9628276
v -0.1158200 0.3940000 0.9110304
vn 0.2701167 0.0000000 0.9628276
f 3031/3031/3031 3032/3032/3032 3033/3033/3033
v -0.1223940 0.3860000 0.9128746
vn 0.2701167 0.0000000 0.9628276
v -0.1158200 0.3940000 0.9110304
vn 0.2701167 0.0000000 0.9628276
v -0.1223940 0.3940000 0.9128746
vn 0.2701167 0.0000000 0.9628276
f 3034/3034/3034 3035/3035/3035 3036/3036/3036
v -0.1242097 0.3820000 0.9061886
vn 0.1349897 -0.8659775 0.4815192
v -0.1175494 0.3820000 0.9043214
vn 0.1349897 -0.8659775 0.4815192
v -0.1158200 0.3860000 0.9110304
vn 0.1349897 -0.8659775 0.4815192
f 3037/3037/3037 3038/3038/3038 3039/3039/3039
v -0.1242097 0.3820000 0.9061886
vn 0.1350620 -0.8660176 0.4814270
v -0.1158200 0.3860000 0.9110304
vn 0.1350620 -0.8660176 0.4814270
v -0.1223940 0.3860000 0.9128746
vn 0.1350620 -0.8660176 0.4814270
f 3040/3040/3040 3041/3041/3041 3042/3042/3042
v -0.1260255 0.3860000 0.8995026
vn -0.1349006 -0.8659783 -0.4815427
v -0.1192787 0.3860000 0.8976125
vn -0.1349006 -0.8659783 -0.4815427
v -0.1175494 0.3820000 0.9043214
vn -0.1349006 -0.8659783 -0.4815427
f 3043/3043/3043 3044/3044/3044 3045/3045/3045
v -0.1260255 0.3860000 0.8995026
vn -0.1349708 -0.8660179 -0.4814519
v -0.1175494 0.3820000 0.9043214
vn -0.1349708 -0.8660179 -0.4814519
v -0.1242097 0.3820000 0.9061886
vn -0.1349708 -0.8660179 -0.4814519
f 3046/3046/3046 3047/3047/3047 3048/3048/3048
v -0.1260255 0.3940000 0.8995026
vn -0.2697572 0.0000000 -0.9629284
v -0.1192787 0.3940000 0.8976125
vn -0.2697572 0.0000000 -0.9629284
v -0.1192787 0.3860000 0.8976125
vn -0.2697572 0.0000000 -0.9629284
f 3049/3049/3049 3050/3050/3050 3051/3051/3051
v -0.1260255 0.3940000 0.8995026
vn -0.2697572 0.0000000 -0.9629284
v -0.1192787 0.3860000 0.8976125
vn -0.2697572 0.0000000 -0.9629284
v -0.1260255 0.3860000 0.8995026
vn -0.2697572 0.0000000 -0.9629284
f 3052/3052/3052 3053/3053/3053 3054/3054/3054
v -0.1242097 0.3980000 0.9061886
vn -0.1349897 0.8659775 -0.4815192
v -0.1175494 0.3980000 0.9043214
vn -0.1349897 0.8659775 -0.4815192
v -0.1192787 0.3940000 0.8976125
vn -0.1349897 0.8659775 -0.4815192
f 3055/3055/3055 3056/3056/3056 3057/3057/3057
v -0.1242097 0.3980000 0.9061886
vn -0.1348820 0.8660182 -0.4814762
v -0.1192787 0.3940000 0.8976125
vn -0.1348820 0.8660182 -0.4814762
v -0.1260255 0.3940000 0.8995026
vn -0.1348820 0.8660182 -0.4814762
f 3058/3058/3058 3059/3059/3059 3060/3060/3060
v -0.1158200 0.3940000 0.9110304
vn 0.1147961 0.8659006 0.4868654
v -0.1086413 0.3940000 0.9093377
vn 0.1147961 0.8659006 0.4868654
v -0.1100000 0.3980000 0.9025440
vn 0.1147961 0.8659006 0.4868654
f 3061/3061/3061 3062/3062/3062 3063/3063/3063
v -0.1158200 0.3940000 0.9110304
vn 0.1146084 0.8659775 0.4867728
v -0.1100000 0.3980000 0.9025440
vn 0.1146084 0.8659775 0.4867728
v -0.1175494 0.3980000 0.9043214
vn 0.1146084 0.8659775 0.4867728
f 3064/3064/3064 3065/3065/3065 3066/3066/3066
v -0.1158200 0.3860000 0.9110304
vn 0.2294931 0.0000000 0.9733103
v -0.1086413 0.3860000 0.9093377
vn 0.2294931 0.0000000 0.9733103
v -0.1086413 0.3940000 0.9093377
vn 0.2294931 0.0000000 0.9733103
f 3067/3067/3067 3068/3068/3068 3069/3069/3069
v -0.1158200 0.3860000 0.9110304
vn 0.2294931 0.0000000 0.9733103
v -0.1086413 0.3940000 0.9093377
vn 0.2294931 0.0000000 0.9733103
v -0.1158200 0.3940000 0.9110304
vn 0.2294931 0.0000000 0.9733103
f 3070/3070/3070 3071/3071/3071 3072/3072/3072
v -0.1175494 0.3820000 0.9043214
vn 0.1146380 -0.8659031 0.4868984
v -0.1100000 0.3820000 0.9025440
vn 0.1146380 -0.8659031 0.4868984
v -0.1086413 0.3860000 0.9093377
vn 0.1146380 -0.8659031 0.4868984
f 3073/3073/3073 3074/3074/3074 3075/3075/3075
v -0.1175494 0.3820000 0.9043214
vn 0.1147650 -0.8659790 0.4867334
v -0.1086413 0.3860000 0.9093377
vn 0.1147650 -0.8659790 0.4867334
v -0.1158200 0.3860000 0.9110304
vn 0.1147650 -0.8659790 0.4867334
f 3076/3076/3076 3077/3077/3077 3078/3078/3078
v -0.1192787 0.3860000 0.8976125
vn -0.1144884 -0.8659053 -0.4869297
v -0.1113587 0.3860000 0.8957503
vn -0.1144884 -0.8659053 -0.4869297
v -0.1100000 0.3820000 0.9025440
vn -0.1144884 -0.8659053 -0.4869297
f 3079/3079/3079 3080/3080/3080 3081/3081/3081
v -0.1192787 0.3860000 0.8976125
vn -0.1146019 -0.8659774 -0.4867744
v -0.1100000 0.3820000 0.9025440
vn -0.1146019 -0.8659774 -0.4867744
v -0.1175494 0.3820000 0.9043214
vn -0.1146019 -0.8659774 -0.4867744
f 3082/3082/3082 3083/3083/3083 3084/3084/3084
v -0.1192787 0.3940000 0.8976125
vn -0.2288815 0.0000000 -0.9734543
v -0.1113587 0.3940000 0.8957503
vn -0.2288815 0.0000000 -0.9734543
v -0.1113587 0.3860000 0.8957503
vn -0.2288815 0.0000000 -0.9734543
f 3085/3085/3085 3086/3086/3086 3087/3087/3087
v -0.1192787 0.3940000 0.8976125
vn -0.2288815 0.0000000 -0.9734543
v -0.1113587 0.3860000 0.8957503
vn -0.2288815 0.0000000 -0.9734543
v -0.1192787 0.3860000 0.8976125
vn -0.2288815 0.0000000 -0.9734543
f 3088/3088/3088 3089/3089/3089 3090/3090/3090
v -0.1175494 0.3980000 0.9043214
vn -0.1146315 0.8659032 -0.4868998
v -0.1100000 0.3980000 0.9025440
vn -0.1146315 0.8659032 -0.4868998
v -0.1113587 0.3940000 0.8957503
vn -0.1146315 0.8659032 -0.4868998
f 3091/3091/3091 3092/3092/3092 3093/3093/3093
v -0.1175494 0.3980000 0.9043214
vn -0.1144603 0.8659761 -0.4868102
v -0.1113587 0.3940000 0.8957503
vn -0.1144603 0.8659761 -0.4868102
v -0.1192787 0.3940000 0.8976125
vn -0.1144603 0.8659761 -0.4868102
f 3094/3094/3094 3095/3095/3095 3096/3096/3096
o pz_sink_white_standing_|_tap_stem_0.145
usemtl UV_Base
v 0.1670000 0.3900000 0.8585440
vn 0.0000000 0.0000000 -1.0000000
v 0.1627984 0.3770687 0.8585440
vn 0.0000000 0.0000000 -1.0000000
v 0.1517984 0.3690768 0.8585440
vn 0.0000000 0.0000000 -1.0000000
f 3097/3097/3097 3098/3098/3098 3099/3099/3099
v 0.1517984 0.3690768 0.8585440
vn 0.0000000 0.0000000 -1.0000000
v 0.1382016 0.3690768 0.8585440
vn 0.0000000 0.0000000 -1.0000000
v 0.1272016 0.3770687 0.8585440
vn 0.0000000 0.0000000 -1.0000000
f 3100/3100/3100 3101/3101/3101 3102/3102/3102
v 0.1272016 0.3770687 0.8585440
vn 0.0000000 -0.0000000 -1.0000000
v 0.1230000 0.3900000 0.8585440
vn 0.0000000 -0.0000000 -1.0000000
v 0.1272016 0.4029313 0.8585440
vn 0.0000000 -0.0000000 -1.0000000
f 3103/3103/3103 3104/3104/3104 3105/3105/3105
v 0.1272016 0.4029313 0.8585440
vn -0.0000000 0.0000000 -1.0000000
v 0.1382016 0.4109232 0.8585440
vn -0.0000000 0.0000000 -1.0000000
v 0.1517984 0.4109232 0.8585440
vn -0.0000000 0.0000000 -1.0000000
f 3106/3106/3106 3107/3107/3107 3108/3108/3108
v 0.1517984 0.4109232 0.8585440
vn 0.0000000 0.0000000 -1.0000000
v 0.1627984 0.4029313 0.8585440
vn 0.0000000 0.0000000 -1.0000000
v 0.1670000 0.3900000 0.8585440
vn 0.0000000 0.0000000 -1.0000000
f 3109/3109/3109 3110/3110/3110 3111/3111/3111
v 0.1670000 0.3900000 0.8585440
vn 0.0000000 0.0000000 -1.0000000
v 0.1517984 0.3690768 0.8585440
vn 0.0000000 0.0000000 -1.0000000
v 0.1272016 0.3770687 0.8585440
vn 0.0000000 0.0000000 -1.0000000
f 3112/3112/3112 3113/3113/3113 3114/3114/3114
v 0.1272016 0.3770687 0.8585440
vn 0.0000000 -0.0000000 -1.0000000
v 0.1272016 0.4029313 0.8585440
vn 0.0000000 -0.0000000 -1.0000000
v 0.1517984 0.4109232 0.8585440
vn 0.0000000 -0.0000000 -1.0000000
f 3115/3115/3115 3116/3116/3116 3117/3117/3117
v 0.1272016 0.3770687 0.8585440
vn -0.0000000 0.0000000 -1.0000000
v 0.1517984 0.4109232 0.8585440
vn -0.0000000 0.0000000 -1.0000000
v 0.1670000 0.3900000 0.8585440
vn -0.0000000 0.0000000 -1.0000000
f 3118/3118/3118 3119/3119/3119 3120/3120/3120
v 0.1644164 0.3758931 0.9025440
vn 0.0000000 0.0000000 1.0000000
v 0.1690000 0.3900000 0.9025440
vn 0.0000000 0.0000000 1.0000000
v 0.1644164 0.4041069 0.9025440
vn 0.0000000 0.0000000 1.0000000
f 3121/3121/3121 3122/3122/3122 3123/3123/3123
v 0.1644164 0.4041069 0.9025440
vn -0.0000000 0.0000000 1.0000000
v 0.1524164 0.4128253 0.9025440
vn -0.0000000 0.0000000 1.0000000
v 0.1375836 0.4128253 0.9025440
vn -0.0000000 0.0000000 1.0000000
f 3124/3124/3124 3125/3125/3125 3126/3126/3126
v 0.1375836 0.4128253 0.9025440
vn 0.0000000 0.0000000 1.0000000
v 0.1255836 0.4041069 0.9025440
vn 0.0000000 0.0000000 1.0000000
v 0.1210000 0.3900000 0.9025440
vn 0.0000000 0.0000000 1.0000000
f 3127/3127/3127 3128/3128/3128 3129/3129/3129
v 0.1210000 0.3900000 0.9025440
vn 0.0000000 0.0000000 1.0000000
v 0.1255836 0.3758931 0.9025440
vn 0.0000000 0.0000000 1.0000000
v 0.1375836 0.3671747 0.9025440
vn 0.0000000 0.0000000 1.0000000
f 3130/3130/3130 3131/3131/3131 3132/3132/3132
v 0.1375836 0.3671747 0.9025440
vn 0.0000000 0.0000000 1.0000000
v 0.1524164 0.3671747 0.9025440
vn 0.0000000 0.0000000 1.0000000
v 0.1644164 0.3758931 0.9025440
vn 0.0000000 0.0000000 1.0000000
f 3133/3133/3133 3134/3134/3134 3135/3135/3135
v 0.1644164 0.3758931 0.9025440
vn 0.0000000 0.0000000 1.0000000
v 0.1644164 0.4041069 0.9025440
vn 0.0000000 0.0000000 1.0000000
v 0.1375836 0.4128253 0.9025440
vn 0.0000000 0.0000000 1.0000000
f 3136/3136/3136 3137/3137/3137 3138/3138/3138
v 0.1375836 0.4128253 0.9025440
vn 0.0000000 -0.0000000 1.0000000
v 0.1210000 0.3900000 0.9025440
vn 0.0000000 -0.0000000 1.0000000
v 0.1375836 0.3671747 0.9025440
vn 0.0000000 -0.0000000 1.0000000
f 3139/3139/3139 3140/3140/3140 3141/3141/3141
v 0.1375836 0.4128253 0.9025440
vn 0.0000000 -0.0000000 1.0000000
v 0.1375836 0.3671747 0.9025440
vn 0.0000000 -0.0000000 1.0000000
v 0.1644164 0.3758931 0.9025440
vn 0.0000000 -0.0000000 1.0000000
f 3142/3142/3142 3143/3143/3143 3144/3144/3144
v 0.1670000 0.3900000 0.8585440
vn 0.9457907 0.3073053 0.1050878
v 0.1627984 0.4029313 0.8585440
vn 0.9457907 0.3073053 0.1050878
v 0.1595623 0.4005801 0.8945440
vn 0.9457907 0.3073053 0.1050878
f 3145/3145/3145 3146/3146/3146 3147/3147/3147
v 0.1670000 0.3900000 0.8585440
vn 0.9457906 0.3073058 0.1050876
v 0.1595623 0.4005801 0.8945440
vn 0.9457906 0.3073058 0.1050876
v 0.1630000 0.3900000 0.8945440
vn 0.9457906 0.3073058 0.1050876
f 3148/3148/3148 3149/3149/3149 3150/3150/3150
v 0.1627984 0.4029313 0.8585440
vn 0.5845305 0.8045375 0.1050880
v 0.1517984 0.4109232 0.8585440
vn 0.5845305 0.8045375 0.1050880
v 0.1505623 0.4071190 0.8945440
vn 0.5845305 0.8045375 0.1050880
f 3151/3151/3151 3152/3152/3152 3153/3153/3153
v 0.1627984 0.4029313 0.8585440
vn 0.5845296 0.8045381 0.1050877
v 0.1505623 0.4071190 0.8945440
vn 0.5845296 0.8045381 0.1050877
v 0.1595623 0.4005801 0.8945440
vn 0.5845296 0.8045381 0.1050877
f 3154/3154/3154 3155/3155/3155 3156/3156/3156
v 0.1517984 0.4109232 0.8585440
vn -0.0000000 0.9944630 0.1050881
v 0.1382016 0.4109232 0.8585440
vn -0.0000000 0.9944630 0.1050881
v 0.1394377 0.4071190 0.8945440
vn -0.0000000 0.9944630 0.1050881
f 3157/3157/3157 3158/3158/3158 3159/3159/3159
v 0.1517984 0.4109232 0.8585440
vn 0.0000000 0.9944629 0.1050881
v 0.1394377 0.4071190 0.8945440
vn 0.0000000 0.9944629 0.1050881
v 0.1505623 0.4071190 0.8945440
vn 0.0000000 0.9944629 0.1050881
f 3160/3160/3160 3161/3161/3161 3162/3162/3162
v 0.1382016 0.4109232 0.8585440
vn -0.5845310 0.8045372 0.1050875
v 0.1272016 0.4029313 0.8585440
vn -0.5845310 0.8045372 0.1050875
v 0.1304377 0.4005801 0.8945440
vn -0.5845310 0.8045372 0.1050875
f 3163/3163/3163 3164/3164/3164 3165/3165/3165
v 0.1382016 0.4109232 0.8585440
vn -0.5845296 0.8045381 0.1050880
v 0.1304377 0.4005801 0.8945440
vn -0.5845296 0.8045381 0.1050880
v 0.1394377 0.4071190 0.8945440
vn -0.5845296 0.8045381 0.1050880
f 3166/3166/3166 3167/3167/3167 3168/3168/3168
v 0.1272016 0.4029313 0.8585440
vn -0.9457905 0.3073058 0.1050878
v 0.1230000 0.3900000 0.8585440
vn -0.9457905 0.3073058 0.1050878
v 0.1270000 0.3900000 0.8945440
vn -0.9457905 0.3073058 0.1050878
f 3169/3169/3169 3170/3170/3170 3171/3171/3171
v 0.1272016 0.4029313 0.8585440
vn -0.9457909 0.3073046 0.1050874
v 0.1270000 0.3900000 0.8945440
vn -0.9457909 0.3073046 0.1050874
v 0.1304377 0.4005801 0.8945440
vn -0.9457909 0.3073046 0.1050874
f 3172/3172/3172 3173/3173/3173 3174/3174/3174
v 0.1230000 0.3900000 0.8585440
vn -0.9457904 -0.3073065 0.1050874
v 0.1272016 0.3770687 0.8585440
vn -0.9457904 -0.3073065 0.1050874
v 0.1304377 0.3794199 0.8945440
vn -0.9457904 -0.3073065 0.1050874
f 3175/3175/3175 3176/3176/3176 3177/3177/3177
v 0.1230000 0.3900000 0.8585440
vn -0.9457906 -0.3073054 0.1050878
v 0.1304377 0.3794199 0.8945440
vn -0.9457906 -0.3073054 0.1050878
v 0.1270000 0.3900000 0.8945440
vn -0.9457906 -0.3073054 0.1050878
f 3178/3178/3178 3179/3179/3179 3180/3180/3180
v 0.1272016 0.3770687 0.8585440
vn -0.5845309 -0.8045371 0.1050880
v 0.1382016 0.3690768 0.8585440
vn -0.5845309 -0.8045371 0.1050880
v 0.1394377 0.3728810 0.8945440
vn -0.5845309 -0.8045371 0.1050880
f 3181/3181/3181 3182/3182/3182 3183/3183/3183
v 0.1272016 0.3770687 0.8585440
vn -0.5845297 -0.8045382 0.1050874
v 0.1394377 0.3728810 0.8945440
vn -0.5845297 -0.8045382 0.1050874
v 0.1304377 0.3794199 0.8945440
vn -0.5845297 -0.8045382 0.1050874
f 3184/3184/3184 3185/3185/3185 3186/3186/3186
v 0.1382016 0.3690768 0.8585440
vn 0.0000000 -0.9944630 0.1050881
v 0.1517984 0.3690768 0.8585440
vn 0.0000000 -0.9944630 0.1050881
v 0.1505623 0.3728810 0.8945440
vn 0.0000000 -0.9944630 0.1050881
f 3187/3187/3187 3188/3188/3188 3189/3189/3189
v 0.1382016 0.3690768 0.8585440
vn 0.0000000 -0.9944629 0.1050881
v 0.1505623 0.3728810 0.8945440
vn 0.0000000 -0.9944629 0.1050881
v 0.1394377 0.3728810 0.8945440
vn 0.0000000 -0.9944629 0.1050881
f 3190/3190/3190 3191/3191/3191 3192/3192/3192
v 0.1517984 0.3690768 0.8585440
vn 0.5845305 -0.8045375 0.1050877
v 0.1627984 0.3770687 0.8585440
vn 0.5845305 -0.8045375 0.1050877
v 0.1595623 0.3794199 0.8945440
vn 0.5845305 -0.8045375 0.1050877
f 3193/3193/3193 3194/3194/3194 3195/3195/3195
v 0.1517984 0.3690768 0.8585440
vn 0.5845296 -0.8045381 0.1050880
v 0.1595623 0.3794199 0.8945440
vn 0.5845296 -0.8045381 0.1050880
v 0.1505623 0.3728810 0.8945440
vn 0.5845296 -0.8045381 0.1050880
f 3196/3196/3196 3197/3197/3197 3198/3198/3198
v 0.1627984 0.3770687 0.8585440
vn 0.9457905 -0.3073060 0.1050876
v 0.1670000 0.3900000 0.8585440
vn 0.9457905 -0.3073060 0.1050876
v 0.1630000 0.3900000 0.8945440
vn 0.9457905 -0.3073060 0.1050876
f 3199/3199/3199 3200/3200/3200 3201/3201/3201
v 0.1627984 0.3770687 0.8585440
vn 0.9457902 -0.3073066 0.1050878
v 0.1630000 0.3900000 0.8945440
vn 0.9457902 -0.3073066 0.1050878
v 0.1595623 0.3794199 0.8945440
vn 0.9457902 -0.3073066 0.1050878
f 3202/3202/3202 3203/3203/3203 3204/3204/3204
v 0.1630000 0.3900000 0.8945440
vn 0.7742708 0.2515757 -0.5807016
v 0.1595623 0.4005801 0.8945440
vn 0.7742708 0.2515757 -0.5807016
v 0.1644164 0.4041069 0.9025440
vn 0.7742708 0.2515757 -0.5807016
f 3205/3205/3205 3206/3206/3206 3207/3207/3207
v 0.1630000 0.3900000 0.8945440
vn 0.7742708 0.2515757 -0.5807016
v 0.1644164 0.4041069 0.9025440
vn 0.7742708 0.2515757 -0.5807016
v 0.1690000 0.3900000 0.9025440
vn 0.7742708 0.2515757 -0.5807016
f 3208/3208/3208 3209/3209/3209 3210/3210/3210
v 0.1595623 0.4005801 0.8945440
vn 0.4785246 0.6586343 -0.5807022
v 0.1505623 0.4071190 0.8945440
vn 0.4785246 0.6586343 -0.5807022
v 0.1524164 0.4128253 0.9025440
vn 0.4785246 0.6586343 -0.5807022
f 3211/3211/3211 3212/3212/3212 3213/3213/3213
v 0.1595623 0.4005801 0.8945440
vn 0.4785250 0.6586343 -0.5807018
v 0.1524164 0.4128253 0.9025440
vn 0.4785250 0.6586343 -0.5807018
v 0.1644164 0.4041069 0.9025440
vn 0.4785250 0.6586343 -0.5807018
f 3214/3214/3214 3215/3215/3215 3216/3216/3216
v 0.1505623 0.4071190 0.8945440
vn 0.0000000 0.8141162 -0.5807019
v 0.1394377 0.4071190 0.8945440
vn 0.0000000 0.8141162 -0.5807019
v 0.1375836 0.4128253 0.9025440
vn 0.0000000 0.8141162 -0.5807019
f 3217/3217/3217 3218/3218/3218 3219/3219/3219
v 0.1505623 0.4071190 0.8945440
vn 0.0000000 0.8141164 -0.5807019
v 0.1375836 0.4128253 0.9025440
vn 0.0000000 0.8141164 -0.5807019
v 0.1524164 0.4128253 0.9025440
vn 0.0000000 0.8141164 -0.5807019
f 3220/3220/3220 3221/3221/3221 3222/3222/3222
v 0.1394377 0.4071190 0.8945440
vn -0.4785247 0.6586345 -0.5807018
v 0.1304377 0.4005801 0.8945440
vn -0.4785247 0.6586345 -0.5807018
v 0.1255836 0.4041069 0.9025440
vn -0.4785247 0.6586345 -0.5807018
f 3223/3223/3223 3224/3224/3224 3225/3225/3225
v 0.1394377 0.4071190 0.8945440
vn -0.4785247 0.6586348 -0.5807017
v 0.1255836 0.4041069 0.9025440
vn -0.4785247 0.6586348 -0.5807017
v 0.1375836 0.4128253 0.9025440
vn -0.4785247 0.6586348 -0.5807017
f 3226/3226/3226 3227/3227/3227 3228/3228/3228
v 0.1304377 0.4005801 0.8945440
vn -0.7742707 0.2515745 -0.5807022
v 0.1270000 0.3900000 0.8945440
vn -0.7742707 0.2515745 -0.5807022
v 0.1210000 0.3900000 0.9025440
vn -0.7742707 0.2515745 -0.5807022
f 3229/3229/3229 3230/3230/3230 3231/3231/3231
v 0.1304377 0.4005801 0.8945440
vn -0.7742710 0.2515753 -0.5807016
v 0.1210000 0.3900000 0.9025440
vn -0.7742710 0.2515753 -0.5807016
v 0.1255836 0.4041069 0.9025440
vn -0.7742710 0.2515753 -0.5807016
f 3232/3232/3232 3233/3233/3233 3234/3234/3234
v 0.1270000 0.3900000 0.8945440
vn -0.7742710 -0.2515754 -0.5807016
v 0.1304377 0.3794199 0.8945440
vn -0.7742710 -0.2515754 -0.5807016
v 0.1255836 0.3758931 0.9025440
vn -0.7742710 -0.2515754 -0.5807016
f 3235/3235/3235 3236/3236/3236 3237/3237/3237
v 0.1270000 0.3900000 0.8945440
vn -0.7742705 -0.2515757 -0.5807021
v 0.1255836 0.3758931 0.9025440
vn -0.7742705 -0.2515757 -0.5807021
v 0.1210000 0.3900000 0.9025440
vn -0.7742705 -0.2515757 -0.5807021
f 3238/3238/3238 3239/3239/3239 3240/3240/3240
v 0.1304377 0.3794199 0.8945440
vn -0.4785248 -0.6586346 -0.5807016
v 0.1394377 0.3728810 0.8945440
vn -0.4785248 -0.6586346 -0.5807016
v 0.1375836 0.3671747 0.9025440
vn -0.4785248 -0.6586346 -0.5807016
f 3241/3241/3241 3242/3242/3242 3243/3243/3243
v 0.1304377 0.3794199 0.8945440
vn -0.4785246 -0.6586347 -0.5807018
v 0.1375836 0.3671747 0.9025440
vn -0.4785246 -0.6586347 -0.5807018
v 0.1255836 0.3758931 0.9025440
vn -0.4785246 -0.6586347 -0.5807018
f 3244/3244/3244 3245/3245/3245 3246/3246/3246
v 0.1394377 0.3728810 0.8945440
vn -0.0000000 -0.8141162 -0.5807019
v 0.1505623 0.3728810 0.8945440
vn -0.0000000 -0.8141162 -0.5807019
v 0.1524164 0.3671747 0.9025440
vn -0.0000000 -0.8141162 -0.5807019
f 3247/3247/3247 3248/3248/3248 3249/3249/3249
v 0.1394377 0.3728810 0.8945440
vn 0.0000000 -0.8141164 -0.5807019
v 0.1524164 0.3671747 0.9025440
vn 0.0000000 -0.8141164 -0.5807019
v 0.1375836 0.3671747 0.9025440
vn 0.0000000 -0.8141164 -0.5807019
f 3250/3250/3250 3251/3251/3251 3252/3252/3252
v 0.1505623 0.3728810 0.8945440
vn 0.4785247 -0.6586345 -0.5807018
v 0.1595623 0.3794199 0.8945440
vn 0.4785247 -0.6586345 -0.5807018
v 0.1644164 0.3758931 0.9025440
vn 0.4785247 -0.6586345 -0.5807018
f 3253/3253/3253 3254/3254/3254 3255/3255/3255
v 0.1505623 0.3728810 0.8945440
vn 0.4785248 -0.6586341 -0.5807022
v 0.1644164 0.3758931 0.9025440
vn 0.4785248 -0.6586341 -0.5807022
v 0.1524164 0.3671747 0.9025440
vn 0.4785248 -0.6586341 -0.5807022
f 3256/3256/3256 3257/3257/3257 3258/3258/3258
v 0.1595623 0.3794199 0.8945440
vn 0.7742706 -0.2515763 -0.5807015
v 0.1630000 0.3900000 0.8945440
vn 0.7742706 -0.2515763 -0.5807015
v 0.1690000 0.3900000 0.9025440
vn 0.7742706 -0.2515763 -0.5807015
f 3259/3259/3259 3260/3260/3260 3261/3261/3261
v 0.1595623 0.3794199 0.8945440
vn 0.7742705 -0.2515761 -0.5807017
v 0.1690000 0.3900000 0.9025440
vn 0.7742705 -0.2515761 -0.5807017
v 0.1644164 0.3758931 0.9025440
vn 0.7742705 -0.2515761 -0.5807017
f 3262/3262/3262 3263/3263/3263 3264/3264/3264
o pz_sink_white_standing_|_EDITABLE_curved_tap_lever_0.145_|_export_mesh
usemtl UV_Base
v 0.1800000 0.3980000 0.9025440
vn 0.9805807 0.0000000 -0.1961157
v 0.1786413 0.3860000 0.8957503
vn 0.9805807 0.0000000 -0.1961157
v 0.1786413 0.3940000 0.8957503
vn 0.9805807 0.0000000 -0.1961157
f 3265/3265/3265 3266/3266/3266 3267/3267/3267
v 0.1800000 0.3980000 0.9025440
vn 0.9805807 0.0000000 -0.1961157
v 0.1800000 0.3820000 0.9025440
vn 0.9805807 0.0000000 -0.1961157
v 0.1786413 0.3860000 0.8957503
vn 0.9805807 0.0000000 -0.1961157
f 3268/3268/3268 3269/3269/3269 3270/3270/3270
v 0.1813587 0.3940000 0.9093377
vn 0.9805807 0.0000000 -0.1961157
v 0.1800000 0.3820000 0.9025440
vn 0.9805807 0.0000000 -0.1961157
v 0.1800000 0.3980000 0.9025440
vn 0.9805807 0.0000000 -0.1961157
f 3271/3271/3271 3272/3272/3272 3273/3273/3273
v 0.1813587 0.3940000 0.9093377
vn 0.9805807 0.0000000 -0.1961157
v 0.1813587 0.3860000 0.9093377
vn 0.9805807 0.0000000 -0.1961157
v 0.1800000 0.3820000 0.9025440
vn 0.9805807 0.0000000 -0.1961157
f 3274/3274/3274 3275/3275/3275 3276/3276/3276
v 0.1100000 0.3820000 0.9025440
vn -0.9805810 0.0000000 -0.1961147
v 0.1113587 0.3940000 0.8957503
vn -0.9805810 0.0000000 -0.1961147
v 0.1113587 0.3860000 0.8957503
vn -0.9805810 0.0000000 -0.1961147
f 3277/3277/3277 3278/3278/3278 3279/3279/3279
v 0.1100000 0.3820000 0.9025440
vn -0.9805810 -0.0000000 -0.1961147
v 0.1100000 0.3980000 0.9025440
vn -0.9805810 -0.0000000 -0.1961147
v 0.1113587 0.3940000 0.8957503
vn -0.9805810 -0.0000000 -0.1961147
f 3280/3280/3280 3281/3281/3281 3282/3282/3282
v 0.1086413 0.3860000 0.9093377
vn -0.9805810 0.0000000 -0.1961147
v 0.1100000 0.3980000 0.9025440
vn -0.9805810 0.0000000 -0.1961147
v 0.1100000 0.3820000 0.9025440
vn -0.9805810 0.0000000 -0.1961147
f 3283/3283/3283 3284/3284/3284 3285/3285/3285
v 0.1086413 0.3860000 0.9093377
vn -0.9805810 -0.0000000 -0.1961147
v 0.1086413 0.3940000 0.9093377
vn -0.9805810 -0.0000000 -0.1961147
v 0.1100000 0.3980000 0.9025440
vn -0.9805810 -0.0000000 -0.1961147
f 3286/3286/3286 3287/3287/3287 3288/3288/3288
v 0.1086413 0.3940000 0.9093377
vn -0.1147651 0.8659790 0.4867333
v 0.1158200 0.3940000 0.9110304
vn -0.1147651 0.8659790 0.4867333
v 0.1175494 0.3980000 0.9043214
vn -0.1147651 0.8659790 0.4867333
f 3289/3289/3289 3290/3290/3290 3291/3291/3291
v 0.1086413 0.3940000 0.9093377
vn -0.1146380 0.8659030 0.4868985
v 0.1175494 0.3980000 0.9043214
vn -0.1146380 0.8659030 0.4868985
v 0.1100000 0.3980000 0.9025440
vn -0.1146380 0.8659030 0.4868985
f 3292/3292/3292 3293/3293/3293 3294/3294/3294
v 0.1086413 0.3860000 0.9093377
vn -0.2294933 0.0000000 0.9733102
v 0.1158200 0.3860000 0.9110304
vn -0.2294933 0.0000000 0.9733102
v 0.1158200 0.3940000 0.9110304
vn -0.2294933 0.0000000 0.9733102
f 3295/3295/3295 3296/3296/3296 3297/3297/3297
v 0.1086413 0.3860000 0.9093377
vn -0.2294933 0.0000000 0.9733102
v 0.1158200 0.3940000 0.9110304
vn -0.2294933 0.0000000 0.9733102
v 0.1086413 0.3940000 0.9093377
vn -0.2294933 0.0000000 0.9733102
f 3298/3298/3298 3299/3299/3299 3300/3300/3300
v 0.1100000 0.3820000 0.9025440
vn -0.1146084 -0.8659775 0.4867729
v 0.1175494 0.3820000 0.9043214
vn -0.1146084 -0.8659775 0.4867729
v 0.1158200 0.3860000 0.9110304
vn -0.1146084 -0.8659775 0.4867729
f 3301/3301/3301 3302/3302/3302 3303/3303/3303
v 0.1100000 0.3820000 0.9025440
vn -0.1147963 -0.8659006 0.4868655
v 0.1158200 0.3860000 0.9110304
vn -0.1147963 -0.8659006 0.4868655
v 0.1086413 0.3860000 0.9093377
vn -0.1147963 -0.8659006 0.4868655
f 3304/3304/3304 3305/3305/3305 3306/3306/3306
v 0.1113587 0.3860000 0.8957503
vn 0.1144602 -0.8659762 -0.4868103
v 0.1192787 0.3860000 0.8976125
vn 0.1144602 -0.8659762 -0.4868103
v 0.1175494 0.3820000 0.9043214
vn 0.1144602 -0.8659762 -0.4868103
f 3307/3307/3307 3308/3308/3308 3309/3309/3309
v 0.1113587 0.3860000 0.8957503
vn 0.1146315 -0.8659031 -0.4868999
v 0.1175494 0.3820000 0.9043214
vn 0.1146315 -0.8659031 -0.4868999
v 0.1100000 0.3820000 0.9025440
vn 0.1146315 -0.8659031 -0.4868999
f 3310/3310/3310 3311/3311/3311 3312/3312/3312
v 0.1113587 0.3940000 0.8957503
vn 0.2288813 0.0000000 -0.9734544
v 0.1192787 0.3940000 0.8976125
vn 0.2288813 0.0000000 -0.9734544
v 0.1192787 0.3860000 0.8976125
vn 0.2288813 0.0000000 -0.9734544
f 3313/3313/3313 3314/3314/3314 3315/3315/3315
v 0.1113587 0.3940000 0.8957503
vn 0.2288813 0.0000000 -0.9734544
v 0.1192787 0.3860000 0.8976125
vn 0.2288813 0.0000000 -0.9734544
v 0.1113587 0.3860000 0.8957503
vn 0.2288813 0.0000000 -0.9734544
f 3316/3316/3316 3317/3317/3317 3318/3318/3318
v 0.1100000 0.3980000 0.9025440
vn 0.1146019 0.8659774 -0.4867744
v 0.1175494 0.3980000 0.9043214
vn 0.1146019 0.8659774 -0.4867744
v 0.1192787 0.3940000 0.8976125
vn 0.1146019 0.8659774 -0.4867744
f 3319/3319/3319 3320/3320/3320 3321/3321/3321
v 0.1100000 0.3980000 0.9025440
vn 0.1144883 0.8659052 -0.4869297
v 0.1192787 0.3940000 0.8976125
vn 0.1144883 0.8659052 -0.4869297
v 0.1113587 0.3940000 0.8957503
vn 0.1144883 0.8659052 -0.4869297
f 3322/3322/3322 3323/3323/3323 3324/3324/3324
v 0.1158200 0.3940000 0.9110304
vn -0.1350611 0.8660190 0.4814243
v 0.1223940 0.3940000 0.9128746
vn -0.1350611 0.8660190 0.4814243
v 0.1242097 0.3980000 0.9061886
vn -0.1350611 0.8660190 0.4814243
f 3325/3325/3325 3326/3326/3326 3327/3327/3327
v 0.1158200 0.3940000 0.9110304
vn -0.1349861 0.8659775 0.4815201
v 0.1242097 0.3980000 0.9061886
vn -0.1349861 0.8659775 0.4815201
v 0.1175494 0.3980000 0.9043214
vn -0.1349861 0.8659775 0.4815201
f 3328/3328/3328 3329/3329/3329 3330/3330/3330
v 0.1158200 0.3860000 0.9110304
vn -0.2701164 0.0000000 0.9628276
v 0.1223940 0.3860000 0.9128746
vn -0.2701164 0.0000000 0.9628276
v 0.1223940 0.3940000 0.9128746
vn -0.2701164 0.0000000 0.9628276
f 3331/3331/3331 3332/3332/3332 3333/3333/3333
v 0.1158200 0.3860000 0.9110304
vn -0.2701164 0.0000000 0.9628276
v 0.1223940 0.3940000 0.9128746
vn -0.2701164 0.0000000 0.9628276
v 0.1158200 0.3940000 0.9110304
vn -0.2701164 0.0000000 0.9628276
f 3334/3334/3334 3335/3335/3335 3336/3336/3336
v 0.1175494 0.3820000 0.9043214
vn -0.1349665 -0.8660194 0.4814503
v 0.1242097 0.3820000 0.9061886
vn -0.1349665 -0.8660194 0.4814503
v 0.1223940 0.3860000 0.9128746
vn -0.1349665 -0.8660194 0.4814503
f 3337/3337/3337 3338/3338/3338 3339/3339/3339
v 0.1175494 0.3820000 0.9043214
vn -0.1350810 -0.8659767 0.4814952
v 0.1223940 0.3860000 0.9128746
vn -0.1350810 -0.8659767 0.4814952
v 0.1158200 0.3860000 0.9110304
vn -0.1350810 -0.8659767 0.4814952
f 3340/3340/3340 3341/3341/3341 3342/3342/3342
v 0.1192787 0.3860000 0.8976125
vn 0.1348812 -0.8660197 -0.4814736
v 0.1260255 0.3860000 0.8995026
vn 0.1348812 -0.8660197 -0.4814736
v 0.1242097 0.3820000 0.9061886
vn 0.1348812 -0.8660197 -0.4814736
f 3343/3343/3343 3344/3344/3344 3345/3345/3345
v 0.1192787 0.3860000 0.8976125
vn 0.1349933 -0.8659775 -0.4815183
v 0.1242097 0.3820000 0.9061886
vn 0.1349933 -0.8659775 -0.4815183
v 0.1175494 0.3820000 0.9043214
vn 0.1349933 -0.8659775 -0.4815183
f 3346/3346/3346 3347/3347/3347 3348/3348/3348
v 0.1192787 0.3940000 0.8976125
vn 0.2697572 0.0000000 -0.9629284
v 0.1260255 0.3940000 0.8995026
vn 0.2697572 0.0000000 -0.9629284
v 0.1260255 0.3860000 0.8995026
vn 0.2697572 0.0000000 -0.9629284
f 3349/3349/3349 3350/3350/3350 3351/3351/3351
v 0.1192787 0.3940000 0.8976125
vn 0.2697572 0.0000000 -0.9629284
v 0.1260255 0.3860000 0.8995026
vn 0.2697572 0.0000000 -0.9629284
v 0.1192787 0.3860000 0.8976125
vn 0.2697572 0.0000000 -0.9629284
f 3352/3352/3352 3353/3353/3353 3354/3354/3354
v 0.1175494 0.3980000 0.9043214
vn 0.1349737 0.8660194 -0.4814482
v 0.1242097 0.3980000 0.9061886
vn 0.1349737 0.8660194 -0.4814482
v 0.1260255 0.3940000 0.8995026
vn 0.1349737 0.8660194 -0.4814482
f 3355/3355/3355 3356/3356/3356 3357/3357/3357
v 0.1175494 0.3980000 0.9043214
vn 0.1349006 0.8659783 -0.4815427
v 0.1260255 0.3940000 0.8995026
vn 0.1349006 0.8659783 -0.4815427
v 0.1192787 0.3940000 0.8976125
vn 0.1349006 0.8659783 -0.4815427
f 3358/3358/3358 3359/3359/3359 3360/3360/3360
v 0.1223940 0.3940000 0.9128746
vn -0.1268195 0.8658654 0.4839359
v 0.1290996 0.3940000 0.9146319
vn -0.1268195 0.8658654 0.4839359
v 0.1305954 0.3980000 0.9078671
vn -0.1268195 0.8658654 0.4839359
f 3361/3361/3361 3362/3362/3362 3363/3363/3363
v 0.1223940 0.3940000 0.9128746
vn -0.1271093 0.8660195 0.4835842
v 0.1305954 0.3980000 0.9078671
vn -0.1271093 0.8660195 0.4835842
v 0.1242097 0.3980000 0.9061886
vn -0.1271093 0.8660195 0.4835842
f 3364/3364/3364 3365/3365/3365 3366/3366/3366
v 0.1223940 0.3860000 0.9128746
vn -0.2534985 0.0000000 0.9673359
v 0.1290996 0.3860000 0.9146319
vn -0.2534985 0.0000000 0.9673359
v 0.1290996 0.3940000 0.9146319
vn -0.2534985 0.0000000 0.9673359
f 3367/3367/3367 3368/3368/3368 3369/3369/3369
v 0.1223940 0.3860000 0.9128746
vn -0.2534985 0.0000000 0.9673359
v 0.1290996 0.3940000 0.9146319
vn -0.2534985 0.0000000 0.9673359
v 0.1223940 0.3940000 0.9128746
vn -0.2534985 0.0000000 0.9673359
f 3370/3370/3370 3371/3371/3371 3372/3372/3372
v 0.1242097 0.3820000 0.9061886
vn -0.1271798 -0.8658591 0.4838524
v 0.1305954 0.3820000 0.9078671
vn -0.1271798 -0.8658591 0.4838524
v 0.1290996 0.3860000 0.9146319
vn -0.1271798 -0.8658591 0.4838524
f 3373/3373/3373 3374/3374/3374 3375/3375/3375
v 0.1242097 0.3820000 0.9061886
vn -0.1267525 -0.8660180 0.4836802
v 0.1290996 0.3860000 0.9146319
vn -0.1267525 -0.8660180 0.4836802
v 0.1223940 0.3860000 0.9128746
vn -0.1267525 -0.8660180 0.4836802
f 3376/3376/3376 3377/3377/3377 3378/3378/3378
v 0.1260255 0.3860000 0.8995026
vn 0.1275782 -0.8658521 -0.4837602
v 0.1320912 0.3860000 0.9011022
vn 0.1275782 -0.8658521 -0.4837602
v 0.1305954 0.3820000 0.9078671
vn 0.1275782 -0.8658521 -0.4837602
f 3379/3379/3379 3380/3380/3380 3381/3381/3381
v 0.1260255 0.3860000 0.8995026
vn 0.1271093 -0.8660194 -0.4835840
v 0.1305954 0.3820000 0.9078671
vn 0.1271093 -0.8660194 -0.4835840
v 0.1242097 0.3820000 0.9061886
vn 0.1271093 -0.8660194 -0.4835840
f 3382/3382/3382 3383/3383/3383 3384/3384/3384
v 0.1260255 0.3940000 0.8995026
vn 0.2550034 0.0000000 -0.9669402
v 0.1320912 0.3940000 0.9011022
vn 0.2550034 0.0000000 -0.9669402
v 0.1320912 0.3860000 0.9011022
vn 0.2550034 0.0000000 -0.9669402
f 3385/3385/3385 3386/3386/3386 3387/3387/3387
v 0.1260255 0.3940000 0.8995026
vn 0.2550034 0.0000000 -0.9669402
v 0.1320912 0.3860000 0.9011022
vn 0.2550034 0.0000000 -0.9669402
v 0.1260255 0.3860000 0.8995026
vn 0.2550034 0.0000000 -0.9669402
f 3388/3388/3388 3389/3389/3389 3390/3390/3390
v 0.1242097 0.3980000 0.9061886
vn 0.1271798 0.8658591 -0.4838524
v 0.1305954 0.3980000 0.9078671
vn 0.1271798 0.8658591 -0.4838524
v 0.1320912 0.3940000 0.9011022
vn 0.1271798 0.8658591 -0.4838524
f 3391/3391/3391 3392/3392/3392 3393/3393/3393
v 0.1242097 0.3980000 0.9061886
vn 0.1275037 0.8660209 -0.4834778
v 0.1320912 0.3940000 0.9011022
vn 0.1275037 0.8660209 -0.4834778
v 0.1260255 0.3940000 0.8995026
vn 0.1275037 0.8660209 -0.4834778
f 3394/3394/3394 3395/3395/3395 3396/3396/3396
v 0.1290996 0.3940000 0.9146319
vn -0.0883059 0.8656631 0.4927771
v 0.1364956 0.3940000 0.9159573
vn -0.0883059 0.8656631 0.4927771
v 0.1373207 0.3980000 0.9090784
vn -0.0883059 0.8656631 0.4927771
f 3397/3397/3397 3398/3398/3398 3399/3399/3399
v 0.1290996 0.3940000 0.9146319
vn -0.0886792 0.8658591 0.4923656
v 0.1373207 0.3980000 0.9090784
vn -0.0886792 0.8658591 0.4923656
v 0.1305954 0.3980000 0.9078671
vn -0.0886792 0.8658591 0.4923656
f 3400/3400/3400 3401/3401/3401 3402/3402/3402
v 0.1290996 0.3860000 0.9146319
vn -0.1763906 0.0000000 0.9843202
v 0.1364956 0.3860000 0.9159573
vn -0.1763906 0.0000000 0.9843202
v 0.1364956 0.3940000 0.9159573
vn -0.1763906 0.0000000 0.9843202
f 3403/3403/3403 3404/3404/3404 3405/3405/3405
v 0.1290996 0.3860000 0.9146319
vn -0.1763906 0.0000000 0.9843202
v 0.1364956 0.3940000 0.9159573
vn -0.1763906 0.0000000 0.9843202
v 0.1290996 0.3940000 0.9146319
vn -0.1763906 0.0000000 0.9843202
f 3406/3406/3406 3407/3407/3407 3408/3408/3408
v 0.1305954 0.3820000 0.9078671
vn -0.0887427 -0.8656520 0.4927182
v 0.1373207 0.3820000 0.9090784
vn -0.0887427 -0.8656520 0.4927182
v 0.1364956 0.3860000 0.9159573
vn -0.0887427 -0.8656520 0.4927182
f 3409/3409/3409 3410/3410/3410 3411/3411/3411
v 0.1305954 0.3820000 0.9078671
vn -0.0882484 -0.8658515 0.4924564
v 0.1364956 0.3860000 0.9159573
vn -0.0882484 -0.8658515 0.4924564
v 0.1290996 0.3860000 0.9146319
vn -0.0882484 -0.8658515 0.4924564
f 3412/3412/3412 3413/3413/3413 3414/3414/3414
v 0.1320912 0.3860000 0.9011022
vn 0.0892762 -0.8656382 -0.4926462
v 0.1381458 0.3860000 0.9021994
vn 0.0892762 -0.8656382 -0.4926462
v 0.1373207 0.3820000 0.9090784
vn 0.0892762 -0.8656382 -0.4926462
f 3415/3415/3415 3416/3416/3416 3417/3417/3417
v 0.1320912 0.3860000 0.9011022
vn 0.0886792 -0.8658591 -0.4923656
v 0.1373207 0.3820000 0.9090784
vn 0.0886792 -0.8658591 -0.4923656
v 0.1305954 0.3820000 0.9078671
vn 0.0886792 -0.8658591 -0.4923656
f 3418/3418/3418 3419/3419/3419 3420/3420/3420
v 0.1320912 0.3940000 0.9011022
vn 0.1783134 0.0000000 -0.9839737
v 0.1381458 0.3940000 0.9021994
vn 0.1783134 0.0000000 -0.9839737
v 0.1381458 0.3860000 0.9021994
vn 0.1783134 0.0000000 -0.9839737
f 3421/3421/3421 3422/3422/3422 3423/3423/3423
v 0.1320912 0.3940000 0.9011022
vn 0.1783134 0.0000000 -0.9839737
v 0.1381458 0.3860000 0.9021994
vn 0.1783134 0.0000000 -0.9839737
v 0.1320912 0.3860000 0.9011022
vn 0.1783134 0.0000000 -0.9839737
f 3424/3424/3424 3425/3425/3425 3426/3426/3426
v 0.1305954 0.3980000 0.9078671
vn 0.0887427 0.8656520 -0.4927182
v 0.1373207 0.3980000 0.9090784
vn 0.0887427 0.8656520 -0.4927182
v 0.1381458 0.3940000 0.9021994
vn 0.0887427 0.8656520 -0.4927182
f 3427/3427/3427 3428/3428/3428 3429/3429/3429
v 0.1305954 0.3980000 0.9078671
vn 0.0892052 0.8658682 -0.4922546
v 0.1381458 0.3940000 0.9021994
vn 0.0892052 0.8658682 -0.4922546
v 0.1320912 0.3940000 0.9011022
vn 0.0892052 0.8658682 -0.4922546
f 3430/3430/3430 3431/3431/3431 3432/3432/3432
v 0.1364956 0.3940000 0.9159573
vn -0.0302600 0.8656300 0.4997689
v 0.1450000 0.3940000 0.9164722
vn -0.0302600 0.8656300 0.4997689
v 0.1450000 0.3980000 0.9095440
vn -0.0302600 0.8656300 0.4997689
f 3433/3433/3433 3434/3434/3434 3435/3435/3435
v 0.1364956 0.3940000 0.9159573
vn -0.0303010 0.8656520 0.4997283
v 0.1450000 0.3980000 0.9095440
vn -0.0303010 0.8656520 0.4997283
v 0.1373207 0.3980000 0.9090784
vn -0.0303010 0.8656520 0.4997283
f 3436/3436/3436 3437/3437/3437 3438/3438/3438
v 0.1364956 0.3860000 0.9159573
vn -0.0604374 0.0000000 0.9981720
v 0.1450000 0.3860000 0.9164722
vn -0.0604374 0.0000000 0.9981720
v 0.1450000 0.3940000 0.9164722
vn -0.0604374 0.0000000 0.9981720
f 3439/3439/3439 3440/3440/3440 3441/3441/3441
v 0.1364956 0.3860000 0.9159573
vn -0.0604374 0.0000000 0.9981720
v 0.1450000 0.3940000 0.9164722
vn -0.0604374 0.0000000 0.9981720
v 0.1364956 0.3940000 0.9159573
vn -0.0604374 0.0000000 0.9981720
f 3442/3442/3442 3443/3443/3443 3444/3444/3444
v 0.1373207 0.3820000 0.9090784
vn -0.0303034 -0.8656288 0.4997681
v 0.1450000 0.3820000 0.9095440
vn -0.0303034 -0.8656288 0.4997681
v 0.1450000 0.3860000 0.9164722
vn -0.0303034 -0.8656288 0.4997681
f 3445/3445/3445 3446/3446/3446 3447/3447/3447
v 0.1373207 0.3820000 0.9090784
vn -0.0302579 -0.8656510 0.4997329
v 0.1450000 0.3860000 0.9164722
vn -0.0302579 -0.8656510 0.4997329
v 0.1364956 0.3860000 0.9159573
vn -0.0302579 -0.8656510 0.4997329
f 3448/3448/3448 3449/3449/3449 3450/3450/3450
v 0.1381458 0.3860000 0.9021994
vn 0.0303572 -0.8656275 -0.4997674
v 0.1450000 0.3860000 0.9026158
vn 0.0303572 -0.8656275 -0.4997674
v 0.1450000 0.3820000 0.9095440
vn 0.0303572 -0.8656275 -0.4997674
f 3451/3451/3451 3452/3452/3452 3453/3453/3453
v 0.1381458 0.3860000 0.9021994
vn 0.0303010 -0.8656520 -0.4997283
v 0.1450000 0.3820000 0.9095440
vn 0.0303010 -0.8656520 -0.4997283
v 0.1373207 0.3820000 0.9090784
vn 0.0303010 -0.8656520 -0.4997283
f 3454/3454/3454 3455/3455/3455 3456/3456/3456
v 0.1381458 0.3940000 0.9021994
vn 0.0606308 0.0000000 -0.9981603
v 0.1450000 0.3940000 0.9026158
vn 0.0606308 0.0000000 -0.9981603
v 0.1450000 0.3860000 0.9026158
vn 0.0606308 0.0000000 -0.9981603
f 3457/3457/3457 3458/3458/3458 3459/3459/3459
v 0.1381458 0.3940000 0.9021994
vn 0.0606308 0.0000000 -0.9981603
v 0.1450000 0.3860000 0.9026158
vn 0.0606308 0.0000000 -0.9981603
v 0.1381458 0.3860000 0.9021994
vn 0.0606308 0.0000000 -0.9981603
f 3460/3460/3460 3461/3461/3461 3462/3462/3462
v 0.1373207 0.3980000 0.9090784
vn 0.0303034 0.8656288 -0.4997681
v 0.1450000 0.3980000 0.9095440
vn 0.0303034 0.8656288 -0.4997681
v 0.1450000 0.3940000 0.9026158
vn 0.0303034 0.8656288 -0.4997681
f 3463/3463/3463 3464/3464/3464 3465/3465/3465
v 0.1373207 0.3980000 0.9090784
vn 0.0303544 0.8656534 -0.4997227
v 0.1450000 0.3940000 0.9026158
vn 0.0303544 0.8656534 -0.4997227
v 0.1381458 0.3940000 0.9021994
vn 0.0303544 0.8656534 -0.4997227
f 3466/3466/3466 3467/3467/3467 3468/3468/3468
v 0.1450000 0.3940000 0.9164722
vn 0.0302580 0.8656493 0.4997356
v 0.1535044 0.3940000 0.9159573
vn 0.0302580 0.8656493 0.4997356
v 0.1526793 0.3980000 0.9090784
vn 0.0302580 0.8656493 0.4997356
f 3469/3469/3469 3470/3470/3470 3471/3471/3471
v 0.1450000 0.3940000 0.9164722
vn 0.0303000 0.8656290 0.4997683
v 0.1526793 0.3980000 0.9090784
vn 0.0303000 0.8656290 0.4997683
v 0.1450000 0.3980000 0.9095440
vn 0.0303000 0.8656290 0.4997683
f 3472/3472/3472 3473/3473/3473 3474/3474/3474
v 0.1450000 0.3860000 0.9164722
vn 0.0604374 0.0000000 0.9981720
v 0.1535044 0.3860000 0.9159573
vn 0.0604374 0.0000000 0.9981720
v 0.1535044 0.3940000 0.9159573
vn 0.0604374 0.0000000 0.9981720
f 3475/3475/3475 3476/3476/3476 3477/3477/3477
v 0.1450000 0.3860000 0.9164722
vn 0.0604374 0.0000000 0.9981720
v 0.1535044 0.3940000 0.9159573
vn 0.0604374 0.0000000 0.9981720
v 0.1450000 0.3940000 0.9164722
vn 0.0604374 0.0000000 0.9981720
f 3478/3478/3478 3479/3479/3479 3480/3480/3480
v 0.1450000 0.3820000 0.9095440
vn 0.0302978 -0.8656504 0.4997315
v 0.1526793 0.3820000 0.9090784
vn 0.0302978 -0.8656504 0.4997315
v 0.1535044 0.3860000 0.9159573
vn 0.0302978 -0.8656504 0.4997315
f 3481/3481/3481 3482/3482/3482 3483/3483/3483
v 0.1450000 0.3820000 0.9095440
vn 0.0302600 -0.8656300 0.4997689
v 0.1535044 0.3860000 0.9159573
vn 0.0302600 -0.8656300 0.4997689
v 0.1450000 0.3860000 0.9164722
vn 0.0302600 -0.8656300 0.4997689
f 3484/3484/3484 3485/3485/3485 3486/3486/3486
v 0.1450000 0.3860000 0.9026158
vn -0.0303546 -0.8656518 -0.4997255
v 0.1518541 0.3860000 0.9021994
vn -0.0303546 -0.8656518 -0.4997255
v 0.1526793 0.3820000 0.9090784
vn -0.0303546 -0.8656518 -0.4997255
f 3487/3487/3487 3488/3488/3488 3489/3489/3489
v 0.1450000 0.3860000 0.9026158
vn -0.0303067 -0.8656288 -0.4997681
v 0.1526793 0.3820000 0.9090784
vn -0.0303067 -0.8656288 -0.4997681
v 0.1450000 0.3820000 0.9095440
vn -0.0303067 -0.8656288 -0.4997681
f 3490/3490/3490 3491/3491/3491 3492/3492/3492
v 0.1450000 0.3940000 0.9026158
vn -0.0606308 0.0000000 -0.9981603
v 0.1518541 0.3940000 0.9021994
vn -0.0606308 0.0000000 -0.9981603
v 0.1518541 0.3860000 0.9021994
vn -0.0606308 0.0000000 -0.9981603
f 3493/3493/3493 3494/3494/3494 3495/3495/3495
v 0.1450000 0.3940000 0.9026158
vn -0.0606308 0.0000000 -0.9981603
v 0.1518541 0.3860000 0.9021994
vn -0.0606308 0.0000000 -0.9981603
v 0.1450000 0.3860000 0.9026158
vn -0.0606308 0.0000000 -0.9981603
f 3496/3496/3496 3497/3497/3497 3498/3498/3498
v 0.1450000 0.3980000 0.9095440
vn -0.0303045 0.8656505 -0.4997307
v 0.1526793 0.3980000 0.9090784
vn -0.0303045 0.8656505 -0.4997307
v 0.1518541 0.3940000 0.9021994
vn -0.0303045 0.8656505 -0.4997307
f 3499/3499/3499 3500/3500/3500 3501/3501/3501
v 0.1450000 0.3980000 0.9095440
vn -0.0303572 0.8656275 -0.4997674
v 0.1518541 0.3940000 0.9021994
vn -0.0303572 0.8656275 -0.4997674
v 0.1450000 0.3940000 0.9026158
vn -0.0303572 0.8656275 -0.4997674
f 3502/3502/3502 3503/3503/3503 3504/3504/3504
v 0.1535044 0.3940000 0.9159573
vn 0.0882489 0.8658499 0.4924591
v 0.1609004 0.3940000 0.9146319
vn 0.0882489 0.8658499 0.4924591
v 0.1594046 0.3980000 0.9078671
vn 0.0882489 0.8658499 0.4924591
f 3505/3505/3505 3506/3506/3506 3507/3507/3507
v 0.1535044 0.3940000 0.9159573
vn 0.0887432 0.8656505 0.4927210
v 0.1594046 0.3980000 0.9078671
vn 0.0887432 0.8656505 0.4927210
v 0.1526793 0.3980000 0.9090784
vn 0.0887432 0.8656505 0.4927210
f 3508/3508/3508 3509/3509/3509 3510/3510/3510
v 0.1535044 0.3860000 0.9159573
vn 0.1763906 0.0000000 0.9843202
v 0.1609004 0.3860000 0.9146319
vn 0.1763906 0.0000000 0.9843202
v 0.1609004 0.3940000 0.9146319
vn 0.1763906 0.0000000 0.9843202
f 3511/3511/3511 3512/3512/3512 3513/3513/3513
v 0.1535044 0.3860000 0.9159573
vn 0.1763906 0.0000000 0.9843202
v 0.1609004 0.3940000 0.9146319
vn 0.1763906 0.0000000 0.9843202
v 0.1535044 0.3940000 0.9159573
vn 0.1763906 0.0000000 0.9843202
f 3514/3514/3514 3515/3515/3515 3516/3516/3516
v 0.1526793 0.3820000 0.9090784
vn 0.0886797 -0.8658575 0.4923684
v 0.1594046 0.3820000 0.9078671
vn 0.0886797 -0.8658575 0.4923684
v 0.1609004 0.3860000 0.9146319
vn 0.0886797 -0.8658575 0.4923684
f 3517/3517/3517 3518/3518/3518 3519/3519/3519
v 0.1526793 0.3820000 0.9090784
vn 0.0883064 -0.8656615 0.4927799
v 0.1609004 0.3860000 0.9146319
vn 0.0883064 -0.8656615 0.4927799
v 0.1535044 0.3860000 0.9159573
vn 0.0883064 -0.8656615 0.4927799
f 3520/3520/3520 3521/3521/3521 3522/3522/3522
v 0.1518541 0.3860000 0.9021994
vn -0.0892057 -0.8658666 -0.4922574
v 0.1579088 0.3860000 0.9011022
vn -0.0892057 -0.8658666 -0.4922574
v 0.1594046 0.3820000 0.9078671
vn -0.0892057 -0.8658666 -0.4922574
f 3523/3523/3523 3524/3524/3524 3525/3525/3525
v 0.1518541 0.3860000 0.9021994
vn -0.0887432 -0.8656504 -0.4927210
v 0.1594046 0.3820000 0.9078671
vn -0.0887432 -0.8656504 -0.4927210
v 0.1526793 0.3820000 0.9090784
vn -0.0887432 -0.8656504 -0.4927210
f 3526/3526/3526 3527/3527/3527 3528/3528/3528
v 0.1518541 0.3940000 0.9021994
vn -0.1783134 0.0000000 -0.9839737
v 0.1579088 0.3940000 0.9011022
vn -0.1783134 0.0000000 -0.9839737
v 0.1579088 0.3860000 0.9011022
vn -0.1783134 0.0000000 -0.9839737
f 3529/3529/3529 3530/3530/3530 3531/3531/3531
v 0.1518541 0.3940000 0.9021994
vn -0.1783134 0.0000000 -0.9839737
v 0.1579088 0.3860000 0.9011022
vn -0.1783134 0.0000000 -0.9839737
v 0.1518541 0.3860000 0.9021994
vn -0.1783134 0.0000000 -0.9839737
f 3532/3532/3532 3533/3533/3533 3534/3534/3534
v 0.1526793 0.3980000 0.9090784
vn -0.0886797 0.8658575 -0.4923684
v 0.1594046 0.3980000 0.9078671
vn -0.0886797 0.8658575 -0.4923684
v 0.1579088 0.3940000 0.9011022
vn -0.0886797 0.8658575 -0.4923684
f 3535/3535/3535 3536/3536/3536 3537/3537/3537
v 0.1526793 0.3980000 0.9090784
vn -0.0892767 0.8656365 -0.4926489
v 0.1579088 0.3940000 0.9011022
vn -0.0892767 0.8656365 -0.4926489
v 0.1518541 0.3940000 0.9021994
vn -0.0892767 0.8656365 -0.4926489
f 3538/3538/3538 3539/3539/3539 3540/3540/3540
v 0.1609004 0.3940000 0.9146319
vn 0.1267530 0.8660165 0.4836829
v 0.1676060 0.3940000 0.9128746
vn 0.1267530 0.8660165 0.4836829
v 0.1657903 0.3980000 0.9061886
vn 0.1267530 0.8660165 0.4836829
f 3541/3541/3541 3542/3542/3542 3543/3543/3543
v 0.1609004 0.3940000 0.9146319
vn 0.1271806 0.8658576 0.4838552
v 0.1657903 0.3980000 0.9061886
vn 0.1271806 0.8658576 0.4838552
v 0.1594046 0.3980000 0.9078671
vn 0.1271806 0.8658576 0.4838552
f 3544/3544/3544 3545/3545/3545 3546/3546/3546
v 0.1609004 0.3860000 0.9146319
vn 0.2534983 0.0000000 0.9673359
v 0.1676060 0.3860000 0.9128746
vn 0.2534983 0.0000000 0.9673359
v 0.1676060 0.3940000 0.9128746
vn 0.2534983 0.0000000 0.9673359
f 3547/3547/3547 3548/3548/3548 3549/3549/3549
v 0.1609004 0.3860000 0.9146319
vn 0.2534983 0.0000000 0.9673359
v 0.1676060 0.3940000 0.9128746
vn 0.2534983 0.0000000 0.9673359
v 0.1609004 0.3940000 0.9146319
vn 0.2534983 0.0000000 0.9673359
f 3550/3550/3550 3551/3551/3551 3552/3552/3552
v 0.1594046 0.3820000 0.9078671
vn 0.1271100 -0.8660179 0.4835868
v 0.1657903 0.3820000 0.9061886
vn 0.1271100 -0.8660179 0.4835868
v 0.1676060 0.3860000 0.9128746
vn 0.1271100 -0.8660179 0.4835868
f 3553/3553/3553 3554/3554/3554 3555/3555/3555
v 0.1594046 0.3820000 0.9078671
vn 0.1268200 -0.8658638 0.4839386
v 0.1676060 0.3860000 0.9128746
vn 0.1268200 -0.8658638 0.4839386
v 0.1609004 0.3860000 0.9146319
vn 0.1268200 -0.8658638 0.4839386
f 3556/3556/3556 3557/3557/3557 3558/3558/3558
v 0.1579088 0.3860000 0.9011022
vn -0.1275044 -0.8660192 -0.4834805
v 0.1639745 0.3860000 0.8995026
vn -0.1275044 -0.8660192 -0.4834805
v 0.1657903 0.3820000 0.9061886
vn -0.1275044 -0.8660192 -0.4834805
f 3559/3559/3559 3560/3560/3560 3561/3561/3561
v 0.1579088 0.3860000 0.9011022
vn -0.1271806 -0.8658576 -0.4838552
v 0.1657903 0.3820000 0.9061886
vn -0.1271806 -0.8658576 -0.4838552
v 0.1594046 0.3820000 0.9078671
vn -0.1271806 -0.8658576 -0.4838552
f 3562/3562/3562 3563/3563/3563 3564/3564/3564
v 0.1579088 0.3940000 0.9011022
vn -0.2550034 0.0000000 -0.9669402
v 0.1639745 0.3940000 0.8995026
vn -0.2550034 0.0000000 -0.9669402
v 0.1639745 0.3860000 0.8995026
vn -0.2550034 0.0000000 -0.9669402
f 3565/3565/3565 3566/3566/3566 3567/3567/3567
v 0.1579088 0.3940000 0.9011022
vn -0.2550034 0.0000000 -0.9669402
v 0.1639745 0.3860000 0.8995026
vn -0.2550034 0.0000000 -0.9669402
v 0.1579088 0.3860000 0.9011022
vn -0.2550034 0.0000000 -0.9669402
f 3568/3568/3568 3569/3569/3569 3570/3570/3570
v 0.1594046 0.3980000 0.9078671
vn -0.1271100 0.8660179 -0.4835868
v 0.1657903 0.3980000 0.9061886
vn -0.1271100 0.8660179 -0.4835868
v 0.1639745 0.3940000 0.8995026
vn -0.1271100 0.8660179 -0.4835868
f 3571/3571/3571 3572/3572/3572 3573/3573/3573
v 0.1594046 0.3980000 0.9078671
vn -0.1275789 0.8658505 -0.4837629
v 0.1639745 0.3940000 0.8995026
vn -0.1275789 0.8658505 -0.4837629
v 0.1579088 0.3940000 0.9011022
vn -0.1275789 0.8658505 -0.4837629
f 3574/3574/3574 3575/3575/3575 3576/3576/3576
v 0.1676060 0.3940000 0.9128746
vn 0.1350810 0.8659767 0.4814952
v 0.1741800 0.3940000 0.9110304
vn 0.1350810 0.8659767 0.4814952
v 0.1724506 0.3980000 0.9043214
vn 0.1350810 0.8659767 0.4814952
f 3577/3577/3577 3578/3578/3578 3579/3579/3579
v 0.1676060 0.3940000 0.9128746
vn 0.1349707 0.8660179 0.4814520
v 0.1724506 0.3980000 0.9043214
vn 0.1349707 0.8660179 0.4814520
v 0.1657903 0.3980000 0.9061886
vn 0.1349707 0.8660179 0.4814520
f 3580/3580/3580 3581/3581/3581 3582/3582/3582
v 0.1676060 0.3860000 0.9128746
vn 0.2701164 0.0000000 0.9628276
v 0.1741800 0.3860000 0.9110304
vn 0.2701164 0.0000000 0.9628276
v 0.1741800 0.3940000 0.9110304
vn 0.2701164 0.0000000 0.9628276
f 3583/3583/3583 3584/3584/3584 3585/3585/3585
v 0.1676060 0.3860000 0.9128746
vn 0.2701164 0.0000000 0.9628276
v 0.1741800 0.3940000 0.9110304
vn 0.2701164 0.0000000 0.9628276
v 0.1676060 0.3940000 0.9128746
vn 0.2701164 0.0000000 0.9628276
f 3586/3586/3586 3587/3587/3587 3588/3588/3588
v 0.1657903 0.3820000 0.9061886
vn 0.1349896 -0.8659775 0.4815193
v 0.1724506 0.3820000 0.9043214
vn 0.1349896 -0.8659775 0.4815193
v 0.1741800 0.3860000 0.9110304
vn 0.1349896 -0.8659775 0.4815193
f 3589/3589/3589 3590/3590/3590 3591/3591/3591
v 0.1657903 0.3820000 0.9061886
vn 0.1350619 -0.8660176 0.4814270
v 0.1741800 0.3860000 0.9110304
vn 0.1350619 -0.8660176 0.4814270
v 0.1676060 0.3860000 0.9128746
vn 0.1350619 -0.8660176 0.4814270
f 3592/3592/3592 3593/3593/3593 3594/3594/3594
v 0.1639745 0.3860000 0.8995026
vn -0.1349005 -0.8659783 -0.4815427
v 0.1707213 0.3860000 0.8976125
vn -0.1349005 -0.8659783 -0.4815427
v 0.1724506 0.3820000 0.9043214
vn -0.1349005 -0.8659783 -0.4815427
f 3595/3595/3595 3596/3596/3596 3597/3597/3597
v 0.1639745 0.3860000 0.8995026
vn -0.1349707 -0.8660179 -0.4814520
v 0.1724506 0.3820000 0.9043214
vn -0.1349707 -0.8660179 -0.4814520
v 0.1657903 0.3820000 0.9061886
vn -0.1349707 -0.8660179 -0.4814520
f 3598/3598/3598 3599/3599/3599 3600/3600/3600
v 0.1639745 0.3940000 0.8995026
vn -0.2697569 0.0000000 -0.9629285
v 0.1707213 0.3940000 0.8976125
vn -0.2697569 0.0000000 -0.9629285
v 0.1707213 0.3860000 0.8976125
vn -0.2697569 0.0000000 -0.9629285
f 3601/3601/3601 3602/3602/3602 3603/3603/3603
v 0.1639745 0.3940000 0.8995026
vn -0.2697569 0.0000000 -0.9629285
v 0.1707213 0.3860000 0.8976125
vn -0.2697569 0.0000000 -0.9629285
v 0.1639745 0.3860000 0.8995026
vn -0.2697569 0.0000000 -0.9629285
f 3604/3604/3604 3605/3605/3605 3606/3606/3606
v 0.1657903 0.3980000 0.9061886
vn -0.1349896 0.8659775 -0.4815193
v 0.1724506 0.3980000 0.9043214
vn -0.1349896 0.8659775 -0.4815193
v 0.1707213 0.3940000 0.8976125
vn -0.1349896 0.8659775 -0.4815193
f 3607/3607/3607 3608/3608/3608 3609/3609/3609
v 0.1657903 0.3980000 0.9061886
vn -0.1348819 0.8660182 -0.4814763
v 0.1707213 0.3940000 0.8976125
vn -0.1348819 0.8660182 -0.4814763
v 0.1639745 0.3940000 0.8995026
vn -0.1348819 0.8660182 -0.4814763
f 3610/3610/3610 3611/3611/3611 3612/3612/3612
v 0.1741800 0.3940000 0.9110304
vn 0.1147960 0.8659007 0.4868654
v 0.1813587 0.3940000 0.9093377
vn 0.1147960 0.8659007 0.4868654
v 0.1800000 0.3980000 0.9025440
vn 0.1147960 0.8659007 0.4868654
f 3613/3613/3613 3614/3614/3614 3615/3615/3615
v 0.1741800 0.3940000 0.9110304
vn 0.1146083 0.8659775 0.4867729
v 0.1800000 0.3980000 0.9025440
vn 0.1146083 0.8659775 0.4867729
v 0.1724506 0.3980000 0.9043214
vn 0.1146083 0.8659775 0.4867729
f 3616/3616/3616 3617/3617/3617 3618/3618/3618
v 0.1741800 0.3860000 0.9110304
vn 0.2294929 0.0000000 0.9733103
v 0.1813587 0.3860000 0.9093377
vn 0.2294929 0.0000000 0.9733103
v 0.1813587 0.3940000 0.9093377
vn 0.2294929 0.0000000 0.9733103
f 3619/3619/3619 3620/3620/3620 3621/3621/3621
v 0.1741800 0.3860000 0.9110304
vn 0.2294929 0.0000000 0.9733103
v 0.1813587 0.3940000 0.9093377
vn 0.2294929 0.0000000 0.9733103
v 0.1741800 0.3940000 0.9110304
vn 0.2294929 0.0000000 0.9733103
f 3622/3622/3622 3623/3623/3623 3624/3624/3624
v 0.1724506 0.3820000 0.9043214
vn 0.1146378 -0.8659030 0.4868984
v 0.1800000 0.3820000 0.9025440
vn 0.1146378 -0.8659030 0.4868984
v 0.1813587 0.3860000 0.9093377
vn 0.1146378 -0.8659030 0.4868984
f 3625/3625/3625 3626/3626/3626 3627/3627/3627
v 0.1724506 0.3820000 0.9043214
vn 0.1147649 -0.8659790 0.4867334
v 0.1813587 0.3860000 0.9093377
vn 0.1147649 -0.8659790 0.4867334
v 0.1741800 0.3860000 0.9110304
vn 0.1147649 -0.8659790 0.4867334
f 3628/3628/3628 3629/3629/3629 3630/3630/3630
v 0.1707213 0.3860000 0.8976125
vn -0.1144883 -0.8659052 -0.4869297
v 0.1786413 0.3860000 0.8957503
vn -0.1144883 -0.8659052 -0.4869297
v 0.1800000 0.3820000 0.9025440
vn -0.1144883 -0.8659052 -0.4869297
f 3631/3631/3631 3632/3632/3632 3633/3633/3633
v 0.1707213 0.3860000 0.8976125
vn -0.1146018 -0.8659775 -0.4867745
v 0.1800000 0.3820000 0.9025440
vn -0.1146018 -0.8659775 -0.4867745
v 0.1724506 0.3820000 0.9043214
vn -0.1146018 -0.8659775 -0.4867745
f 3634/3634/3634 3635/3635/3635 3636/3636/3636
v 0.1707213 0.3940000 0.8976125
vn -0.2288813 0.0000000 -0.9734544
v 0.1786413 0.3940000 0.8957503
vn -0.2288813 0.0000000 -0.9734544
v 0.1786413 0.3860000 0.8957503
vn -0.2288813 0.0000000 -0.9734544
f 3637/3637/3637 3638/3638/3638 3639/3639/3639
v 0.1707213 0.3940000 0.8976125
vn -0.2288813 0.0000000 -0.9734544
v 0.1786413 0.3860000 0.8957503
vn -0.2288813 0.0000000 -0.9734544
v 0.1707213 0.3860000 0.8976125
vn -0.2288813 0.0000000 -0.9734544
f 3640/3640/3640 3641/3641/3641 3642/3642/3642
v 0.1724506 0.3980000 0.9043214
vn -0.1146313 0.8659031 -0.4868998
v 0.1800000 0.3980000 0.9025440
vn -0.1146313 0.8659031 -0.4868998
v 0.1786413 0.3940000 0.8957503
vn -0.1146313 0.8659031 -0.4868998
f 3643/3643/3643 3644/3644/3644 3645/3645/3645
v 0.1724506 0.3980000 0.9043214
vn -0.1144602 0.8659762 -0.4868103
v 0.1786413 0.3940000 0.8957503
vn -0.1144602 0.8659762 -0.4868103
v 0.1707213 0.3940000 0.8976125
vn -0.1144602 0.8659762 -0.4868103
f 3646/3646/3646 3647/3647/3647 3648/3648/3648
o pz_sink_white_standing_|_drain_disc
usemtl UV_Base
v 0.0260000 0.2100000 0.7465440
vn 0.0000000 0.0000000 -1.0000000
v 0.0225167 0.1970000 0.7465440
vn 0.0000000 0.0000000 -1.0000000
v 0.0130000 0.1874833 0.7465440
vn 0.0000000 0.0000000 -1.0000000
f 3649/3649/3649 3650/3650/3650 3651/3651/3651
v 0.0130000 0.1874833 0.7465440
vn 0.0000000 0.0000000 -1.0000000
v -0.0000000 0.1840000 0.7465440
vn 0.0000000 0.0000000 -1.0000000
v -0.0130000 0.1874833 0.7465440
vn 0.0000000 0.0000000 -1.0000000
f 3652/3652/3652 3653/3653/3653 3654/3654/3654
v -0.0130000 0.1874833 0.7465440
vn 0.0000000 0.0000000 -1.0000000
v -0.0225167 0.1970000 0.7465440
vn 0.0000000 0.0000000 -1.0000000
v -0.0260000 0.2100000 0.7465440
vn 0.0000000 0.0000000 -1.0000000
f 3655/3655/3655 3656/3656/3656 3657/3657/3657
v -0.0260000 0.2100000 0.7465440
vn 0.0000000 0.0000000 -0.9999999
v -0.0225167 0.2230000 0.7465440
vn 0.0000000 0.0000000 -0.9999999
v -0.0130000 0.2325167 0.7465440
vn 0.0000000 0.0000000 -0.9999999
f 3658/3658/3658 3659/3659/3659 3660/3660/3660
v -0.0130000 0.2325167 0.7465440
vn -0.0000000 0.0000000 -1.0000000
v 0.0000000 0.2360000 0.7465440
vn -0.0000000 0.0000000 -1.0000000
v 0.0130000 0.2325167 0.7465440
vn -0.0000000 0.0000000 -1.0000000
f 3661/3661/3661 3662/3662/3662 3663/3663/3663
v 0.0130000 0.2325167 0.7465440
vn 0.0000000 0.0000000 -0.9999999
v 0.0225167 0.2230000 0.7465440
vn 0.0000000 0.0000000 -0.9999999
v 0.0260000 0.2100000 0.7465440
vn 0.0000000 0.0000000 -0.9999999
f 3664/3664/3664 3665/3665/3665 3666/3666/3666
v 0.0260000 0.2100000 0.7465440
vn 0.0000000 0.0000000 -1.0000000
v 0.0130000 0.1874833 0.7465440
vn 0.0000000 0.0000000 -1.0000000
v -0.0130000 0.1874833 0.7465440
vn 0.0000000 0.0000000 -1.0000000
f 3667/3667/3667 3668/3668/3668 3669/3669/3669
v -0.0130000 0.1874833 0.7465440
vn 0.0000000 -0.0000000 -0.9999999
v -0.0260000 0.2100000 0.7465440
vn 0.0000000 -0.0000000 -0.9999999
v -0.0130000 0.2325167 0.7465440
vn 0.0000000 -0.0000000 -0.9999999
f 3670/3670/3670 3671/3671/3671 3672/3672/3672
v -0.0130000 0.2325167 0.7465440
vn 0.0000000 0.0000000 -1.0000000
v 0.0130000 0.2325167 0.7465440
vn 0.0000000 0.0000000 -1.0000000
v 0.0260000 0.2100000 0.7465440
vn 0.0000000 0.0000000 -1.0000000
f 3673/3673/3673 3674/3674/3674 3675/3675/3675
v -0.0130000 0.1874833 0.7465440
vn -0.0000000 -0.0000000 -1.0000000
v -0.0130000 0.2325167 0.7465440
vn -0.0000000 -0.0000000 -1.0000000
v 0.0260000 0.2100000 0.7465440
vn -0.0000000 -0.0000000 -1.0000000
f 3676/3676/3676 3677/3677/3677 3678/3678/3678
v 0.0225167 0.1970000 0.7505440
vn 0.0000000 0.0000000 1.0000000
v 0.0260000 0.2100000 0.7505440
vn 0.0000000 0.0000000 1.0000000
v 0.0225167 0.2230000 0.7505440
vn 0.0000000 0.0000000 1.0000000
f 3679/3679/3679 3680/3680/3680 3681/3681/3681
v 0.0225167 0.2230000 0.7505440
vn 0.0000000 0.0000000 0.9999999
v 0.0130000 0.2325167 0.7505440
vn 0.0000000 0.0000000 0.9999999
v 0.0000000 0.2360000 0.7505440
vn 0.0000000 0.0000000 0.9999999
f 3682/3682/3682 3683/3683/3683 3684/3684/3684
v 0.0000000 0.2360000 0.7505440
vn 0.0000000 0.0000000 0.9999999
v -0.0130000 0.2325167 0.7505440
vn 0.0000000 0.0000000 0.9999999
v -0.0225167 0.2230000 0.7505440
vn 0.0000000 0.0000000 0.9999999
f 3685/3685/3685 3686/3686/3686 3687/3687/3687
v -0.0225167 0.2230000 0.7505440
vn 0.0000000 -0.0000000 1.0000000
v -0.0260000 0.2100000 0.7505440
vn 0.0000000 -0.0000000 1.0000000
v -0.0225167 0.1970000 0.7505440
vn 0.0000000 -0.0000000 1.0000000
f 3688/3688/3688 3689/3689/3689 3690/3690/3690
v -0.0225167 0.1970000 0.7505440
vn 0.0000000 0.0000000 0.9999999
v -0.0130000 0.1874833 0.7505440
vn 0.0000000 0.0000000 0.9999999
v -0.0000000 0.1840000 0.7505440
vn 0.0000000 0.0000000 0.9999999
f 3691/3691/3691 3692/3692/3692 3693/3693/3693
v -0.0000000 0.1840000 0.7505440
vn 0.0000000 0.0000000 0.9999999
v 0.0130000 0.1874833 0.7505440
vn 0.0000000 0.0000000 0.9999999
v 0.0225167 0.1970000 0.7505440
vn 0.0000000 0.0000000 0.9999999
f 3694/3694/3694 3695/3695/3695 3696/3696/3696
v 0.0225167 0.1970000 0.7505440
vn 0.0000000 0.0000000 1.0000000
v 0.0225167 0.2230000 0.7505440
vn 0.0000000 0.0000000 1.0000000
v 0.0000000 0.2360000 0.7505440
vn 0.0000000 0.0000000 1.0000000
f 3697/3697/3697 3698/3698/3698 3699/3699/3699
v 0.0000000 0.2360000 0.7505440
vn 0.0000000 0.0000000 1.0000000
v -0.0225167 0.2230000 0.7505440
vn 0.0000000 0.0000000 1.0000000
v -0.0225167 0.1970000 0.7505440
vn 0.0000000 0.0000000 1.0000000
f 3700/3700/3700 3701/3701/3701 3702/3702/3702
v -0.0225167 0.1970000 0.7505440
vn 0.0000000 0.0000000 1.0000000
v -0.0000000 0.1840000 0.7505440
vn 0.0000000 0.0000000 1.0000000
v 0.0225167 0.1970000 0.7505440
vn 0.0000000 0.0000000 1.0000000
f 3703/3703/3703 3704/3704/3704 3705/3705/3705
v 0.0000000 0.2360000 0.7505440
vn 0.0000000 -0.0000000 1.0000000
v -0.0225167 0.1970000 0.7505440
vn 0.0000000 -0.0000000 1.0000000
v 0.0225167 0.1970000 0.7505440
vn 0.0000000 -0.0000000 1.0000000
f 3706/3706/3706 3707/3707/3707 3708/3708/3708
v 0.0260000 0.2100000 0.7465440
vn 0.9659259 0.2588189 0.0000000
v 0.0225167 0.2230000 0.7465440
vn 0.9659259 0.2588189 0.0000000
v 0.0225167 0.2230000 0.7505440
vn 0.9659259 0.2588189 0.0000000
f 3709/3709/3709 3710/3710/3710 3711/3711/3711
v 0.0260000 0.2100000 0.7465440
vn 0.9659259 0.2588189 0.0000000
v 0.0225167 0.2230000 0.7505440
vn 0.9659259 0.2588189 0.0000000
v 0.0260000 0.2100000 0.7505440
vn 0.9659259 0.2588189 0.0000000
f 3712/3712/3712 3713/3713/3713 3714/3714/3714
v 0.0225167 0.2230000 0.7465440
vn 0.7071066 0.7071069 0.0000000
v 0.0130000 0.2325167 0.7465440
vn 0.7071066 0.7071069 0.0000000
v 0.0130000 0.2325167 0.7505440
vn 0.7071066 0.7071069 0.0000000
f 3715/3715/3715 3716/3716/3716 3717/3717/3717
v 0.0225167 0.2230000 0.7465440
vn 0.7071066 0.7071069 0.0000000
v 0.0130000 0.2325167 0.7505440
vn 0.7071066 0.7071069 0.0000000
v 0.0225167 0.2230000 0.7505440
vn 0.7071066 0.7071069 0.0000000
f 3718/3718/3718 3719/3719/3719 3720/3720/3720
v 0.0130000 0.2325167 0.7465440
vn 0.2588191 0.9659258 0.0000000
v 0.0000000 0.2360000 0.7465440
vn 0.2588191 0.9659258 0.0000000
v 0.0000000 0.2360000 0.7505440
vn 0.2588191 0.9659258 0.0000000
f 3721/3721/3721 3722/3722/3722 3723/3723/3723
v 0.0130000 0.2325167 0.7465440
vn 0.2588191 0.9659258 0.0000000
v 0.0000000 0.2360000 0.7505440
vn 0.2588191 0.9659258 0.0000000
v 0.0130000 0.2325167 0.7505440
vn 0.2588191 0.9659258 0.0000000
f 3724/3724/3724 3725/3725/3725 3726/3726/3726
v 0.0000000 0.2360000 0.7465440
vn -0.2588191 0.9659258 0.0000000
v -0.0130000 0.2325167 0.7465440
vn -0.2588191 0.9659258 0.0000000
v -0.0130000 0.2325167 0.7505440
vn -0.2588191 0.9659258 0.0000000
f 3727/3727/3727 3728/3728/3728 3729/3729/3729
v 0.0000000 0.2360000 0.7465440
vn -0.2588191 0.9659258 0.0000000
v -0.0130000 0.2325167 0.7505440
vn -0.2588191 0.9659258 0.0000000
v 0.0000000 0.2360000 0.7505440
vn -0.2588191 0.9659258 0.0000000
f 3730/3730/3730 3731/3731/3731 3732/3732/3732
v -0.0130000 0.2325167 0.7465440
vn -0.7071066 0.7071069 0.0000000
v -0.0225167 0.2230000 0.7465440
vn -0.7071066 0.7071069 0.0000000
v -0.0225167 0.2230000 0.7505440
vn -0.7071066 0.7071069 0.0000000
f 3733/3733/3733 3734/3734/3734 3735/3735/3735
v -0.0130000 0.2325167 0.7465440
vn -0.7071066 0.7071069 0.0000000
v -0.0225167 0.2230000 0.7505440
vn -0.7071066 0.7071069 0.0000000
v -0.0130000 0.2325167 0.7505440
vn -0.7071066 0.7071069 0.0000000
f 3736/3736/3736 3737/3737/3737 3738/3738/3738
v -0.0225167 0.2230000 0.7465440
vn -0.9659259 0.2588189 0.0000000
v -0.0260000 0.2100000 0.7465440
vn -0.9659259 0.2588189 0.0000000
v -0.0260000 0.2100000 0.7505440
vn -0.9659259 0.2588189 0.0000000
f 3739/3739/3739 3740/3740/3740 3741/3741/3741
v -0.0225167 0.2230000 0.7465440
vn -0.9659259 0.2588189 0.0000000
v -0.0260000 0.2100000 0.7505440
vn -0.9659259 0.2588189 0.0000000
v -0.0225167 0.2230000 0.7505440
vn -0.9659259 0.2588189 0.0000000
f 3742/3742/3742 3743/3743/3743 3744/3744/3744
v -0.0260000 0.2100000 0.7465440
vn -0.9659258 -0.2588191 -0.0000000
v -0.0225167 0.1970000 0.7465440
vn -0.9659258 -0.2588191 -0.0000000
v -0.0225167 0.1970000 0.7505440
vn -0.9659258 -0.2588191 -0.0000000
f 3745/3745/3745 3746/3746/3746 3747/3747/3747
v -0.0260000 0.2100000 0.7465440
vn -0.9659258 -0.2588191 0.0000000
v -0.0225167 0.1970000 0.7505440
vn -0.9659258 -0.2588191 0.0000000
v -0.0260000 0.2100000 0.7505440
vn -0.9659258 -0.2588191 0.0000000
f 3748/3748/3748 3749/3749/3749 3750/3750/3750
v -0.0225167 0.1970000 0.7465440
vn -0.7071066 -0.7071069 -0.0000000
v -0.0130000 0.1874833 0.7465440
vn -0.7071066 -0.7071069 -0.0000000
v -0.0130000 0.1874833 0.7505440
vn -0.7071066 -0.7071069 -0.0000000
f 3751/3751/3751 3752/3752/3752 3753/3753/3753
v -0.0225167 0.1970000 0.7465440
vn -0.7071066 -0.7071069 0.0000000
v -0.0130000 0.1874833 0.7505440
vn -0.7071066 -0.7071069 0.0000000
v -0.0225167 0.1970000 0.7505440
vn -0.7071066 -0.7071069 0.0000000
f 3754/3754/3754 3755/3755/3755 3756/3756/3756
v -0.0130000 0.1874833 0.7465440
vn -0.2588191 -0.9659258 -0.0000000
v -0.0000000 0.1840000 0.7465440
vn -0.2588191 -0.9659258 -0.0000000
v -0.0000000 0.1840000 0.7505440
vn -0.2588191 -0.9659258 -0.0000000
f 3757/3757/3757 3758/3758/3758 3759/3759/3759
v -0.0130000 0.1874833 0.7465440
vn -0.2588191 -0.9659258 0.0000000
v -0.0000000 0.1840000 0.7505440
vn -0.2588191 -0.9659258 0.0000000
v -0.0130000 0.1874833 0.7505440
vn -0.2588191 -0.9659258 0.0000000
f 3760/3760/3760 3761/3761/3761 3762/3762/3762
v -0.0000000 0.1840000 0.7465440
vn 0.2588191 -0.9659258 0.0000000
v 0.0130000 0.1874833 0.7465440
vn 0.2588191 -0.9659258 0.0000000
v 0.0130000 0.1874833 0.7505440
vn 0.2588191 -0.9659258 0.0000000
f 3763/3763/3763 3764/3764/3764 3765/3765/3765
v -0.0000000 0.1840000 0.7465440
vn 0.2588191 -0.9659258 0.0000000
v 0.0130000 0.1874833 0.7505440
vn 0.2588191 -0.9659258 0.0000000
v -0.0000000 0.1840000 0.7505440
vn 0.2588191 -0.9659258 0.0000000
f 3766/3766/3766 3767/3767/3767 3768/3768/3768
v 0.0130000 0.1874833 0.7465440
vn 0.7071066 -0.7071069 0.0000000
v 0.0225167 0.1970000 0.7465440
vn 0.7071066 -0.7071069 0.0000000
v 0.0225167 0.1970000 0.7505440
vn 0.7071066 -0.7071069 0.0000000
f 3769/3769/3769 3770/3770/3770 3771/3771/3771
v 0.0130000 0.1874833 0.7465440
vn 0.7071066 -0.7071069 0.0000000
v 0.0225167 0.1970000 0.7505440
vn 0.7071066 -0.7071069 0.0000000
v 0.0130000 0.1874833 0.7505440
vn 0.7071066 -0.7071069 0.0000000
f 3772/3772/3772 3773/3773/3773 3774/3774/3774
v 0.0225167 0.1970000 0.7465440
vn 0.9659258 -0.2588191 0.0000000
v 0.0260000 0.2100000 0.7465440
vn 0.9659258 -0.2588191 0.0000000
v 0.0260000 0.2100000 0.7505440
vn 0.9659258 -0.2588191 0.0000000
f 3775/3775/3775 3776/3776/3776 3777/3777/3777
v 0.0225167 0.1970000 0.7465440
vn 0.9659258 -0.2588191 0.0000000
v 0.0260000 0.2100000 0.7505440
vn 0.9659258 -0.2588191 0.0000000
v 0.0225167 0.1970000 0.7505440
vn 0.9659258 -0.2588191 0.0000000
f 3778/3778/3778 3779/3779/3779 3780/3780/3780
